pair_id,shortlist_rank,ebv_candidate_id,target_human_candidate_id,background_candidate_id,background_predicted_core,ebv_job_key,ebv_sample_index,background_job_key,background_sample_index,hla_groove_ca_rmsd_A,core_p1_p9_ca_rmsd_A,anchor_ca_rmsd_A,candidate_exposed_ca_rmsd_A,interpretation
EBV_TCELL_2268933::HUMAN_MYELIN_5516,9,EBV_TCELL_2268933,HUMAN_MYELIN_5516,HUMAN_BACKGROUND_119732,FTPAVHASL,EBV_TCELL_2268933|5|VTNILIYNGWYADS,0,HUMAN_BACKGROUND_119732|1742505091|AAHLPAEFTPAVHASLDKF,0,0.177696,15.574446,17.701294,13.636181,Frozen score-blind human-background pMHC comparison; technical samples are not biological replicates.
EBV_TCELL_2268933::HUMAN_MYELIN_5516,9,EBV_TCELL_2268933,HUMAN_MYELIN_5516,HUMAN_BACKGROUND_119732,FTPAVHASL,EBV_TCELL_2268933|5|VTNILIYNGWYADS,0,HUMAN_BACKGROUND_119732|1742505091|AAHLPAEFTPAVHASLDKF,1,0.235906,16.139529,18.293398,14.182849,Frozen score-blind human-background pMHC comparison; technical samples are not biological replicates.
EBV_TCELL_2268933::HUMAN_MYELIN_5516,9,EBV_TCELL_2268933,HUMAN_MYELIN_5516,HUMAN_BACKGROUND_119732,FTPAVHASL,EBV_TCELL_2268933|5|VTNILIYNGWYADS,0,HUMAN_BACKGROUND_119732|1742505091|AAHLPAEFTPAVHASLDKF,2,0.156949,14.28674,16.372816,12.367071,Frozen score-blind human-background pMHC comparison; technical samples are not biological replicates.
EBV_TCELL_2268933::HUMAN_MYELIN_5516,9,EBV_TCELL_2268933,HUMAN_MYELIN_5516,HUMAN_BACKGROUND_119732,FTPAVHASL,EBV_TCELL_2268933|5|VTNILIYNGWYADS,0,HUMAN_BACKGROUND_119732|1742505091|AAHLPAEFTPAVHASLDKF,3,0.223389,20.314076,21.802481,19.03976,Frozen score-blind human-background pMHC comparison; technical samples are not biological replicates.
EBV_TCELL_2268933::HUMAN_MYELIN_5516,9,EBV_TCELL_2268933,HUMAN_MYELIN_5516,HUMAN_BACKGROUND_119732,FTPAVHASL,EBV_TCELL_2268933|5|VTNILIYNGWYADS,0,HUMAN_BACKGROUND_119732|1742505091|AAHLPAEFTPAVHASLDKF,4,0.221304,0.879239,0.705052,0.996911,Frozen score-blind human-background pMHC comparison; technical samples are not biological replicates.
EBV_TCELL_2268933::HUMAN_MYELIN_5516,9,EBV_TCELL_2268933,HUMAN_MYELIN_5516,HUMAN_BACKGROUND_119732,FTPAVHASL,EBV_TCELL_2268933|5|VTNILIYNGWYADS,1,HUMAN_BACKGROUND_119732|1742505091|AAHLPAEFTPAVHASLDKF,0,0.176342,15.601378,17.71445,13.677866,Frozen score-blind human-background pMHC comparison; technical samples are not biological replicates.
EBV_TCELL_2268933::HUMAN_MYELIN_5516,9,EBV_TCELL_2268933,HUMAN_MYELIN_5516,HUMAN_BACKGROUND_119732,FTPAVHASL,EBV_TCELL_2268933|5|VTNILIYNGWYADS,1,HUMAN_BACKGROUND_119732|1742505091|AAHLPAEFTPAVHASLDKF,1,0.213206,16.166857,18.30894,14.222773,Frozen score-blind human-background pMHC comparison; technical samples are not biological replicates.
EBV_TCELL_2268933::HUMAN_MYELIN_5516,9,EBV_TCELL_2268933,HUMAN_MYELIN_5516,HUMAN_BACKGROUND_119732,FTPAVHASL,EBV_TCELL_2268933|5|VTNILIYNGWYADS,1,HUMAN_BACKGROUND_119732|1742505091|AAHLPAEFTPAVHASLDKF,2,0.190433,14.318907,16.393995,12.411507,Frozen score-blind human-background pMHC comparison; technical samples are not biological replicates.
EBV_TCELL_2268933::HUMAN_MYELIN_5516,9,EBV_TCELL_2268933,HUMAN_MYELIN_5516,HUMAN_BACKGROUND_119732,FTPAVHASL,EBV_TCELL_2268933|5|VTNILIYNGWYADS,1,HUMAN_BACKGROUND_119732|1742505091|AAHLPAEFTPAVHASLDKF,3,0.193958,20.351484,21.830565,19.085869,Frozen score-blind human-background pMHC comparison; technical samples are not biological replicates.
EBV_TCELL_2268933::HUMAN_MYELIN_5516,9,EBV_TCELL_2268933,HUMAN_MYELIN_5516,HUMAN_BACKGROUND_119732,FTPAVHASL,EBV_TCELL_2268933|5|VTNILIYNGWYADS,1,HUMAN_BACKGROUND_119732|1742505091|AAHLPAEFTPAVHASLDKF,4,0.204822,0.880063,0.705942,0.997716,Frozen score-blind human-background pMHC comparison; technical samples are not biological replicates.
EBV_TCELL_2268933::HUMAN_MYELIN_5516,9,EBV_TCELL_2268933,HUMAN_MYELIN_5516,HUMAN_BACKGROUND_119732,FTPAVHASL,EBV_TCELL_2268933|5|VTNILIYNGWYADS,2,HUMAN_BACKGROUND_119732|1742505091|AAHLPAEFTPAVHASLDKF,0,0.154542,15.601314,17.719918,13.672066,Frozen score-blind human-background pMHC comparison; technical samples are not biological replicates.
EBV_TCELL_2268933::HUMAN_MYELIN_5516,9,EBV_TCELL_2268933,HUMAN_MYELIN_5516,HUMAN_BACKGROUND_119732,FTPAVHASL,EBV_TCELL_2268933|5|VTNILIYNGWYADS,2,HUMAN_BACKGROUND_119732|1742505091|AAHLPAEFTPAVHASLDKF,1,0.240184,16.164099,18.311272,14.214727,Frozen score-blind human-background pMHC comparison; technical samples are not biological replicates.
EBV_TCELL_2268933::HUMAN_MYELIN_5516,9,EBV_TCELL_2268933,HUMAN_MYELIN_5516,HUMAN_BACKGROUND_119732,FTPAVHASL,EBV_TCELL_2268933|5|VTNILIYNGWYADS,2,HUMAN_BACKGROUND_119732|1742505091|AAHLPAEFTPAVHASLDKF,2,0.187392,14.316972,16.397674,12.403599,Frozen score-blind human-background pMHC comparison; technical samples are not biological replicates.
EBV_TCELL_2268933::HUMAN_MYELIN_5516,9,EBV_TCELL_2268933,HUMAN_MYELIN_5516,HUMAN_BACKGROUND_119732,FTPAVHASL,EBV_TCELL_2268933|5|VTNILIYNGWYADS,2,HUMAN_BACKGROUND_119732|1742505091|AAHLPAEFTPAVHASLDKF,3,0.22747,20.348898,21.831789,19.079785,Frozen score-blind human-background pMHC comparison; technical samples are not biological replicates.
EBV_TCELL_2268933::HUMAN_MYELIN_5516,9,EBV_TCELL_2268933,HUMAN_MYELIN_5516,HUMAN_BACKGROUND_119732,FTPAVHASL,EBV_TCELL_2268933|5|VTNILIYNGWYADS,2,HUMAN_BACKGROUND_119732|1742505091|AAHLPAEFTPAVHASLDKF,4,0.226809,0.889569,0.70047,1.015812,Frozen score-blind human-background pMHC comparison; technical samples are not biological replicates.
EBV_TCELL_2268933::HUMAN_MYELIN_5516,9,EBV_TCELL_2268933,HUMAN_MYELIN_5516,HUMAN_BACKGROUND_119732,FTPAVHASL,EBV_TCELL_2268933|5|VTNILIYNGWYADS,3,HUMAN_BACKGROUND_119732|1742505091|AAHLPAEFTPAVHASLDKF,0,0.15405,15.641382,17.743939,13.729428,Frozen score-blind human-background pMHC comparison; technical samples are not biological replicates.
EBV_TCELL_2268933::HUMAN_MYELIN_5516,9,EBV_TCELL_2268933,HUMAN_MYELIN_5516,HUMAN_BACKGROUND_119732,FTPAVHASL,EBV_TCELL_2268933|5|VTNILIYNGWYADS,3,HUMAN_BACKGROUND_119732|1742505091|AAHLPAEFTPAVHASLDKF,1,0.224771,16.202233,18.341163,14.261964,Frozen score-blind human-background pMHC comparison; technical samples are not biological replicates.
EBV_TCELL_2268933::HUMAN_MYELIN_5516,9,EBV_TCELL_2268933,HUMAN_MYELIN_5516,HUMAN_BACKGROUND_119732,FTPAVHASL,EBV_TCELL_2268933|5|VTNILIYNGWYADS,3,HUMAN_BACKGROUND_119732|1742505091|AAHLPAEFTPAVHASLDKF,2,0.172965,14.354213,16.423448,12.453693,Frozen score-blind human-background pMHC comparison; technical samples are not biological replicates.
EBV_TCELL_2268933::HUMAN_MYELIN_5516,9,EBV_TCELL_2268933,HUMAN_MYELIN_5516,HUMAN_BACKGROUND_119732,FTPAVHASL,EBV_TCELL_2268933|5|VTNILIYNGWYADS,3,HUMAN_BACKGROUND_119732|1742505091|AAHLPAEFTPAVHASLDKF,3,0.223888,20.396175,21.869753,19.135785,Frozen score-blind human-background pMHC comparison; technical samples are not biological replicates.
EBV_TCELL_2268933::HUMAN_MYELIN_5516,9,EBV_TCELL_2268933,HUMAN_MYELIN_5516,HUMAN_BACKGROUND_119732,FTPAVHASL,EBV_TCELL_2268933|5|VTNILIYNGWYADS,3,HUMAN_BACKGROUND_119732|1742505091|AAHLPAEFTPAVHASLDKF,4,0.212717,0.874155,0.695351,0.994311,Frozen score-blind human-background pMHC comparison; technical samples are not biological replicates.
EBV_TCELL_2268933::HUMAN_MYELIN_5516,9,EBV_TCELL_2268933,HUMAN_MYELIN_5516,HUMAN_BACKGROUND_119732,FTPAVHASL,EBV_TCELL_2268933|5|VTNILIYNGWYADS,4,HUMAN_BACKGROUND_119732|1742505091|AAHLPAEFTPAVHASLDKF,0,0.191097,15.601958,17.72732,13.665712,Frozen score-blind human-background pMHC comparison; technical samples are not biological replicates.
EBV_TCELL_2268933::HUMAN_MYELIN_5516,9,EBV_TCELL_2268933,HUMAN_MYELIN_5516,HUMAN_BACKGROUND_119732,FTPAVHASL,EBV_TCELL_2268933|5|VTNILIYNGWYADS,4,HUMAN_BACKGROUND_119732|1742505091|AAHLPAEFTPAVHASLDKF,1,0.259492,16.17143,18.324064,14.216548,Frozen score-blind human-background pMHC comparison; technical samples are not biological replicates.
EBV_TCELL_2268933::HUMAN_MYELIN_5516,9,EBV_TCELL_2268933,HUMAN_MYELIN_5516,HUMAN_BACKGROUND_119732,FTPAVHASL,EBV_TCELL_2268933|5|VTNILIYNGWYADS,4,HUMAN_BACKGROUND_119732|1742505091|AAHLPAEFTPAVHASLDKF,2,0.199217,14.306061,16.39116,12.387815,Frozen score-blind human-background pMHC comparison; technical samples are not biological replicates.
EBV_TCELL_2268933::HUMAN_MYELIN_5516,9,EBV_TCELL_2268933,HUMAN_MYELIN_5516,HUMAN_BACKGROUND_119732,FTPAVHASL,EBV_TCELL_2268933|5|VTNILIYNGWYADS,4,HUMAN_BACKGROUND_119732|1742505091|AAHLPAEFTPAVHASLDKF,3,0.253019,20.333847,21.810193,19.070657,Frozen score-blind human-background pMHC comparison; technical samples are not biological replicates.
EBV_TCELL_2268933::HUMAN_MYELIN_5516,9,EBV_TCELL_2268933,HUMAN_MYELIN_5516,HUMAN_BACKGROUND_119732,FTPAVHASL,EBV_TCELL_2268933|5|VTNILIYNGWYADS,4,HUMAN_BACKGROUND_119732|1742505091|AAHLPAEFTPAVHASLDKF,4,0.256323,0.849984,0.728366,0.93597,Frozen score-blind human-background pMHC comparison; technical samples are not biological replicates.
EBV_TCELL_2268933::HUMAN_MYELIN_5516,9,EBV_TCELL_2268933,HUMAN_MYELIN_5516,HUMAN_BACKGROUND_119732,FTPAVHASL,EBV_TCELL_2268933|14|VTNILIYNGWYADS,0,HUMAN_BACKGROUND_119732|1742505091|AAHLPAEFTPAVHASLDKF,0,0.172728,15.560226,17.669108,13.640354,Frozen score-blind human-background pMHC comparison; technical samples are not biological replicates.
EBV_TCELL_2268933::HUMAN_MYELIN_5516,9,EBV_TCELL_2268933,HUMAN_MYELIN_5516,HUMAN_BACKGROUND_119732,FTPAVHASL,EBV_TCELL_2268933|14|VTNILIYNGWYADS,0,HUMAN_BACKGROUND_119732|1742505091|AAHLPAEFTPAVHASLDKF,1,0.223693,16.123943,18.261948,14.183362,Frozen score-blind human-background pMHC comparison; technical samples are not biological replicates.
EBV_TCELL_2268933::HUMAN_MYELIN_5516,9,EBV_TCELL_2268933,HUMAN_MYELIN_5516,HUMAN_BACKGROUND_119732,FTPAVHASL,EBV_TCELL_2268933|14|VTNILIYNGWYADS,0,HUMAN_BACKGROUND_119732|1742505091|AAHLPAEFTPAVHASLDKF,2,0.142962,14.278385,16.350559,12.373258,Frozen score-blind human-background pMHC comparison; technical samples are not biological replicates.
EBV_TCELL_2268933::HUMAN_MYELIN_5516,9,EBV_TCELL_2268933,HUMAN_MYELIN_5516,HUMAN_BACKGROUND_119732,FTPAVHASL,EBV_TCELL_2268933|14|VTNILIYNGWYADS,0,HUMAN_BACKGROUND_119732|1742505091|AAHLPAEFTPAVHASLDKF,3,0.197592,20.315031,21.795347,19.048127,Frozen score-blind human-background pMHC comparison; technical samples are not biological replicates.
EBV_TCELL_2268933::HUMAN_MYELIN_5516,9,EBV_TCELL_2268933,HUMAN_MYELIN_5516,HUMAN_BACKGROUND_119732,FTPAVHASL,EBV_TCELL_2268933|14|VTNILIYNGWYADS,0,HUMAN_BACKGROUND_119732|1742505091|AAHLPAEFTPAVHASLDKF,4,0.193222,0.886539,0.669354,1.027757,Frozen score-blind human-background pMHC comparison; technical samples are not biological replicates.
EBV_TCELL_2268933::HUMAN_MYELIN_5516,9,EBV_TCELL_2268933,HUMAN_MYELIN_5516,HUMAN_BACKGROUND_119732,FTPAVHASL,EBV_TCELL_2268933|14|VTNILIYNGWYADS,1,HUMAN_BACKGROUND_119732|1742505091|AAHLPAEFTPAVHASLDKF,0,0.190608,15.551255,17.677841,13.612859,Frozen score-blind human-background pMHC comparison; technical samples are not biological replicates.
EBV_TCELL_2268933::HUMAN_MYELIN_5516,9,EBV_TCELL_2268933,HUMAN_MYELIN_5516,HUMAN_BACKGROUND_119732,FTPAVHASL,EBV_TCELL_2268933|14|VTNILIYNGWYADS,1,HUMAN_BACKGROUND_119732|1742505091|AAHLPAEFTPAVHASLDKF,1,0.274744,16.119007,18.271334,14.16358,Frozen score-blind human-background pMHC comparison; technical samples are not biological replicates.
EBV_TCELL_2268933::HUMAN_MYELIN_5516,9,EBV_TCELL_2268933,HUMAN_MYELIN_5516,HUMAN_BACKGROUND_119732,FTPAVHASL,EBV_TCELL_2268933|14|VTNILIYNGWYADS,1,HUMAN_BACKGROUND_119732|1742505091|AAHLPAEFTPAVHASLDKF,2,0.192075,14.260485,16.346071,12.340801,Frozen score-blind human-background pMHC comparison; technical samples are not biological replicates.
EBV_TCELL_2268933::HUMAN_MYELIN_5516,9,EBV_TCELL_2268933,HUMAN_MYELIN_5516,HUMAN_BACKGROUND_119732,FTPAVHASL,EBV_TCELL_2268933|14|VTNILIYNGWYADS,1,HUMAN_BACKGROUND_119732|1742505091|AAHLPAEFTPAVHASLDKF,3,0.265795,20.291955,21.7731,19.024192,Frozen score-blind human-background pMHC comparison; technical samples are not biological replicates.
EBV_TCELL_2268933::HUMAN_MYELIN_5516,9,EBV_TCELL_2268933,HUMAN_MYELIN_5516,HUMAN_BACKGROUND_119732,FTPAVHASL,EBV_TCELL_2268933|14|VTNILIYNGWYADS,1,HUMAN_BACKGROUND_119732|1742505091|AAHLPAEFTPAVHASLDKF,4,0.263171,0.865657,0.711916,0.971284,Frozen score-blind human-background pMHC comparison; technical samples are not biological replicates.
EBV_TCELL_2268933::HUMAN_MYELIN_5516,9,EBV_TCELL_2268933,HUMAN_MYELIN_5516,HUMAN_BACKGROUND_119732,FTPAVHASL,EBV_TCELL_2268933|14|VTNILIYNGWYADS,2,HUMAN_BACKGROUND_119732|1742505091|AAHLPAEFTPAVHASLDKF,0,0.152582,15.601081,17.714913,13.676775,Frozen score-blind human-background pMHC comparison; technical samples are not biological replicates.
EBV_TCELL_2268933::HUMAN_MYELIN_5516,9,EBV_TCELL_2268933,HUMAN_MYELIN_5516,HUMAN_BACKGROUND_119732,FTPAVHASL,EBV_TCELL_2268933|14|VTNILIYNGWYADS,2,HUMAN_BACKGROUND_119732|1742505091|AAHLPAEFTPAVHASLDKF,1,0.236299,16.163003,18.305312,14.218623,Frozen score-blind human-background pMHC comparison; technical samples are not biological replicates.
EBV_TCELL_2268933::HUMAN_MYELIN_5516,9,EBV_TCELL_2268933,HUMAN_MYELIN_5516,HUMAN_BACKGROUND_119732,FTPAVHASL,EBV_TCELL_2268933|14|VTNILIYNGWYADS,2,HUMAN_BACKGROUND_119732|1742505091|AAHLPAEFTPAVHASLDKF,2,0.165849,14.315297,16.390917,12.407263,Frozen score-blind human-background pMHC comparison; technical samples are not biological replicates.
EBV_TCELL_2268933::HUMAN_MYELIN_5516,9,EBV_TCELL_2268933,HUMAN_MYELIN_5516,HUMAN_BACKGROUND_119732,FTPAVHASL,EBV_TCELL_2268933|14|VTNILIYNGWYADS,2,HUMAN_BACKGROUND_119732|1742505091|AAHLPAEFTPAVHASLDKF,3,0.224199,20.358462,21.838905,19.091631,Frozen score-blind human-background pMHC comparison; technical samples are not biological replicates.
EBV_TCELL_2268933::HUMAN_MYELIN_5516,9,EBV_TCELL_2268933,HUMAN_MYELIN_5516,HUMAN_BACKGROUND_119732,FTPAVHASL,EBV_TCELL_2268933|14|VTNILIYNGWYADS,2,HUMAN_BACKGROUND_119732|1742505091|AAHLPAEFTPAVHASLDKF,4,0.222725,0.878682,0.692842,1.002858,Frozen score-blind human-background pMHC comparison; technical samples are not biological replicates.
EBV_TCELL_2268933::HUMAN_MYELIN_5516,9,EBV_TCELL_2268933,HUMAN_MYELIN_5516,HUMAN_BACKGROUND_119732,FTPAVHASL,EBV_TCELL_2268933|14|VTNILIYNGWYADS,3,HUMAN_BACKGROUND_119732|1742505091|AAHLPAEFTPAVHASLDKF,0,0.1687,15.589897,17.712628,13.656173,Frozen score-blind human-background pMHC comparison; technical samples are not biological replicates.
EBV_TCELL_2268933::HUMAN_MYELIN_5516,9,EBV_TCELL_2268933,HUMAN_MYELIN_5516,HUMAN_BACKGROUND_119732,FTPAVHASL,EBV_TCELL_2268933|14|VTNILIYNGWYADS,3,HUMAN_BACKGROUND_119732|1742505091|AAHLPAEFTPAVHASLDKF,1,0.229995,16.156524,18.306395,14.204246,Frozen score-blind human-background pMHC comparison; technical samples are not biological replicates.
EBV_TCELL_2268933::HUMAN_MYELIN_5516,9,EBV_TCELL_2268933,HUMAN_MYELIN_5516,HUMAN_BACKGROUND_119732,FTPAVHASL,EBV_TCELL_2268933|14|VTNILIYNGWYADS,3,HUMAN_BACKGROUND_119732|1742505091|AAHLPAEFTPAVHASLDKF,2,0.147756,14.305813,16.389715,12.388831,Frozen score-blind human-background pMHC comparison; technical samples are not biological replicates.
EBV_TCELL_2268933::HUMAN_MYELIN_5516,9,EBV_TCELL_2268933,HUMAN_MYELIN_5516,HUMAN_BACKGROUND_119732,FTPAVHASL,EBV_TCELL_2268933|14|VTNILIYNGWYADS,3,HUMAN_BACKGROUND_119732|1742505091|AAHLPAEFTPAVHASLDKF,3,0.210975,20.33869,21.824115,19.067211,Frozen score-blind human-background pMHC comparison; technical samples are not biological replicates.
EBV_TCELL_2268933::HUMAN_MYELIN_5516,9,EBV_TCELL_2268933,HUMAN_MYELIN_5516,HUMAN_BACKGROUND_119732,FTPAVHASL,EBV_TCELL_2268933|14|VTNILIYNGWYADS,3,HUMAN_BACKGROUND_119732|1742505091|AAHLPAEFTPAVHASLDKF,4,0.213588,0.874816,0.690761,0.99791,Frozen score-blind human-background pMHC comparison; technical samples are not biological replicates.
EBV_TCELL_2268933::HUMAN_MYELIN_5516,9,EBV_TCELL_2268933,HUMAN_MYELIN_5516,HUMAN_BACKGROUND_119732,FTPAVHASL,EBV_TCELL_2268933|14|VTNILIYNGWYADS,4,HUMAN_BACKGROUND_119732|1742505091|AAHLPAEFTPAVHASLDKF,0,0.152644,15.608831,17.724284,13.682979,Frozen score-blind human-background pMHC comparison; technical samples are not biological replicates.
EBV_TCELL_2268933::HUMAN_MYELIN_5516,9,EBV_TCELL_2268933,HUMAN_MYELIN_5516,HUMAN_BACKGROUND_119732,FTPAVHASL,EBV_TCELL_2268933|14|VTNILIYNGWYADS,4,HUMAN_BACKGROUND_119732|1742505091|AAHLPAEFTPAVHASLDKF,1,0.200368,16.173054,18.316997,14.227155,Frozen score-blind human-background pMHC comparison; technical samples are not biological replicates.
EBV_TCELL_2268933::HUMAN_MYELIN_5516,9,EBV_TCELL_2268933,HUMAN_MYELIN_5516,HUMAN_BACKGROUND_119732,FTPAVHASL,EBV_TCELL_2268933|14|VTNILIYNGWYADS,4,HUMAN_BACKGROUND_119732|1742505091|AAHLPAEFTPAVHASLDKF,2,0.157286,14.328045,16.405357,12.418478,Frozen score-blind human-background pMHC comparison; technical samples are not biological replicates.
EBV_TCELL_2268933::HUMAN_MYELIN_5516,9,EBV_TCELL_2268933,HUMAN_MYELIN_5516,HUMAN_BACKGROUND_119732,FTPAVHASL,EBV_TCELL_2268933|14|VTNILIYNGWYADS,4,HUMAN_BACKGROUND_119732|1742505091|AAHLPAEFTPAVHASLDKF,3,0.183764,20.363703,21.846833,19.094434,Frozen score-blind human-background pMHC comparison; technical samples are not biological replicates.
EBV_TCELL_2268933::HUMAN_MYELIN_5516,9,EBV_TCELL_2268933,HUMAN_MYELIN_5516,HUMAN_BACKGROUND_119732,FTPAVHASL,EBV_TCELL_2268933|14|VTNILIYNGWYADS,4,HUMAN_BACKGROUND_119732|1742505091|AAHLPAEFTPAVHASLDKF,4,0.186028,0.88971,0.688617,1.022496,Frozen score-blind human-background pMHC comparison; technical samples are not biological replicates.
EBV_TCELL_1862913::HUMAN_MYELIN_112319,12,EBV_TCELL_1862913,HUMAN_MYELIN_112319,HUMAN_BACKGROUND_119732,FTPAVHASL,EBV_TCELL_1862913|15|NILRIYYSPSIMHRYAVVQP,0,HUMAN_BACKGROUND_119732|1742505091|AAHLPAEFTPAVHASLDKF,0,0.284989,16.931199,18.67961,15.390115,Frozen score-blind human-background pMHC comparison; technical samples are not biological replicates.
EBV_TCELL_1862913::HUMAN_MYELIN_112319,12,EBV_TCELL_1862913,HUMAN_MYELIN_112319,HUMAN_BACKGROUND_119732,FTPAVHASL,EBV_TCELL_1862913|15|NILRIYYSPSIMHRYAVVQP,0,HUMAN_BACKGROUND_119732|1742505091|AAHLPAEFTPAVHASLDKF,1,0.200317,18.314205,19.964976,16.877735,Frozen score-blind human-background pMHC comparison; technical samples are not biological replicates.
EBV_TCELL_1862913::HUMAN_MYELIN_112319,12,EBV_TCELL_1862913,HUMAN_MYELIN_112319,HUMAN_BACKGROUND_119732,FTPAVHASL,EBV_TCELL_1862913|15|NILRIYYSPSIMHRYAVVQP,0,HUMAN_BACKGROUND_119732|1742505091|AAHLPAEFTPAVHASLDKF,2,0.240144,15.277326,17.112956,13.632,Frozen score-blind human-background pMHC comparison; technical samples are not biological replicates.
EBV_TCELL_1862913::HUMAN_MYELIN_112319,12,EBV_TCELL_1862913,HUMAN_MYELIN_112319,HUMAN_BACKGROUND_119732,FTPAVHASL,EBV_TCELL_1862913|15|NILRIYYSPSIMHRYAVVQP,0,HUMAN_BACKGROUND_119732|1742505091|AAHLPAEFTPAVHASLDKF,3,0.15616,16.016567,17.60177,14.625216,Frozen score-blind human-background pMHC comparison; technical samples are not biological replicates.
EBV_TCELL_1862913::HUMAN_MYELIN_112319,12,EBV_TCELL_1862913,HUMAN_MYELIN_112319,HUMAN_BACKGROUND_119732,FTPAVHASL,EBV_TCELL_1862913|15|NILRIYYSPSIMHRYAVVQP,0,HUMAN_BACKGROUND_119732|1742505091|AAHLPAEFTPAVHASLDKF,4,0.190024,9.986776,9.903804,10.05266,Frozen score-blind human-background pMHC comparison; technical samples are not biological replicates.
EBV_TCELL_1862913::HUMAN_MYELIN_112319,12,EBV_TCELL_1862913,HUMAN_MYELIN_112319,HUMAN_BACKGROUND_119732,FTPAVHASL,EBV_TCELL_1862913|15|NILRIYYSPSIMHRYAVVQP,1,HUMAN_BACKGROUND_119732|1742505091|AAHLPAEFTPAVHASLDKF,0,0.165075,16.857857,18.752293,15.172951,Frozen score-blind human-background pMHC comparison; technical samples are not biological replicates.
EBV_TCELL_1862913::HUMAN_MYELIN_112319,12,EBV_TCELL_1862913,HUMAN_MYELIN_112319,HUMAN_BACKGROUND_119732,FTPAVHASL,EBV_TCELL_1862913|15|NILRIYYSPSIMHRYAVVQP,1,HUMAN_BACKGROUND_119732|1742505091|AAHLPAEFTPAVHASLDKF,1,0.271844,18.226064,20.017839,16.654425,Frozen score-blind human-background pMHC comparison; technical samples are not biological replicates.
EBV_TCELL_1862913::HUMAN_MYELIN_112319,12,EBV_TCELL_1862913,HUMAN_MYELIN_112319,HUMAN_BACKGROUND_119732,FTPAVHASL,EBV_TCELL_1862913|15|NILRIYYSPSIMHRYAVVQP,1,HUMAN_BACKGROUND_119732|1742505091|AAHLPAEFTPAVHASLDKF,2,0.229639,15.143138,17.159322,13.312118,Frozen score-blind human-background pMHC comparison; technical samples are not biological replicates.
EBV_TCELL_1862913::HUMAN_MYELIN_112319,12,EBV_TCELL_1862913,HUMAN_MYELIN_112319,HUMAN_BACKGROUND_119732,FTPAVHASL,EBV_TCELL_1862913|15|NILRIYYSPSIMHRYAVVQP,1,HUMAN_BACKGROUND_119732|1742505091|AAHLPAEFTPAVHASLDKF,3,0.284812,16.081676,17.894808,14.46849,Frozen score-blind human-background pMHC comparison; technical samples are not biological replicates.
EBV_TCELL_1862913::HUMAN_MYELIN_112319,12,EBV_TCELL_1862913,HUMAN_MYELIN_112319,HUMAN_BACKGROUND_119732,FTPAVHASL,EBV_TCELL_1862913|15|NILRIYYSPSIMHRYAVVQP,1,HUMAN_BACKGROUND_119732|1742505091|AAHLPAEFTPAVHASLDKF,4,0.262872,9.524772,9.432483,9.597964,Frozen score-blind human-background pMHC comparison; technical samples are not biological replicates.
EBV_TCELL_1862913::HUMAN_MYELIN_112319,12,EBV_TCELL_1862913,HUMAN_MYELIN_112319,HUMAN_BACKGROUND_119732,FTPAVHASL,EBV_TCELL_1862913|15|NILRIYYSPSIMHRYAVVQP,2,HUMAN_BACKGROUND_119732|1742505091|AAHLPAEFTPAVHASLDKF,0,0.2618,3.397628,3.556711,3.264785,Frozen score-blind human-background pMHC comparison; technical samples are not biological replicates.
EBV_TCELL_1862913::HUMAN_MYELIN_112319,12,EBV_TCELL_1862913,HUMAN_MYELIN_112319,HUMAN_BACKGROUND_119732,FTPAVHASL,EBV_TCELL_1862913|15|NILRIYYSPSIMHRYAVVQP,2,HUMAN_BACKGROUND_119732|1742505091|AAHLPAEFTPAVHASLDKF,1,0.198182,1.83031,2.021295,1.661793,Frozen score-blind human-background pMHC comparison; technical samples are not biological replicates.
EBV_TCELL_1862913::HUMAN_MYELIN_112319,12,EBV_TCELL_1862913,HUMAN_MYELIN_112319,HUMAN_BACKGROUND_119732,FTPAVHASL,EBV_TCELL_1862913|15|NILRIYYSPSIMHRYAVVQP,2,HUMAN_BACKGROUND_119732|1742505091|AAHLPAEFTPAVHASLDKF,2,0.203024,4.304163,4.394848,4.230215,Frozen score-blind human-background pMHC comparison; technical samples are not biological replicates.
EBV_TCELL_1862913::HUMAN_MYELIN_112319,12,EBV_TCELL_1862913,HUMAN_MYELIN_112319,HUMAN_BACKGROUND_119732,FTPAVHASL,EBV_TCELL_1862913|15|NILRIYYSPSIMHRYAVVQP,2,HUMAN_BACKGROUND_119732|1742505091|AAHLPAEFTPAVHASLDKF,3,0.156595,12.558322,12.586279,12.535912,Frozen score-blind human-background pMHC comparison; technical samples are not biological replicates.
EBV_TCELL_1862913::HUMAN_MYELIN_112319,12,EBV_TCELL_1862913,HUMAN_MYELIN_112319,HUMAN_BACKGROUND_119732,FTPAVHASL,EBV_TCELL_1862913|15|NILRIYYSPSIMHRYAVVQP,2,HUMAN_BACKGROUND_119732|1742505091|AAHLPAEFTPAVHASLDKF,4,0.167051,15.904698,17.908701,14.097861,Frozen score-blind human-background pMHC comparison; technical samples are not biological replicates.
EBV_TCELL_1862913::HUMAN_MYELIN_112319,12,EBV_TCELL_1862913,HUMAN_MYELIN_112319,HUMAN_BACKGROUND_119732,FTPAVHASL,EBV_TCELL_1862913|15|NILRIYYSPSIMHRYAVVQP,3,HUMAN_BACKGROUND_119732|1742505091|AAHLPAEFTPAVHASLDKF,0,0.224802,16.73132,18.349096,15.314544,Frozen score-blind human-background pMHC comparison; technical samples are not biological replicates.
EBV_TCELL_1862913::HUMAN_MYELIN_112319,12,EBV_TCELL_1862913,HUMAN_MYELIN_112319,HUMAN_BACKGROUND_119732,FTPAVHASL,EBV_TCELL_1862913|15|NILRIYYSPSIMHRYAVVQP,3,HUMAN_BACKGROUND_119732|1742505091|AAHLPAEFTPAVHASLDKF,1,0.161046,18.130102,19.731111,16.739406,Frozen score-blind human-background pMHC comparison; technical samples are not biological replicates.
EBV_TCELL_1862913::HUMAN_MYELIN_112319,12,EBV_TCELL_1862913,HUMAN_MYELIN_112319,HUMAN_BACKGROUND_119732,FTPAVHASL,EBV_TCELL_1862913|15|NILRIYYSPSIMHRYAVVQP,3,HUMAN_BACKGROUND_119732|1742505091|AAHLPAEFTPAVHASLDKF,2,0.187934,14.897213,16.654937,13.325125,Frozen score-blind human-background pMHC comparison; technical samples are not biological replicates.
EBV_TCELL_1862913::HUMAN_MYELIN_112319,12,EBV_TCELL_1862913,HUMAN_MYELIN_112319,HUMAN_BACKGROUND_119732,FTPAVHASL,EBV_TCELL_1862913|15|NILRIYYSPSIMHRYAVVQP,3,HUMAN_BACKGROUND_119732|1742505091|AAHLPAEFTPAVHASLDKF,3,0.118829,14.990929,16.237403,13.91358,Frozen score-blind human-background pMHC comparison; technical samples are not biological replicates.
EBV_TCELL_1862913::HUMAN_MYELIN_112319,12,EBV_TCELL_1862913,HUMAN_MYELIN_112319,HUMAN_BACKGROUND_119732,FTPAVHASL,EBV_TCELL_1862913|15|NILRIYYSPSIMHRYAVVQP,3,HUMAN_BACKGROUND_119732|1742505091|AAHLPAEFTPAVHASLDKF,4,0.139972,10.744834,11.392582,10.197053,Frozen score-blind human-background pMHC comparison; technical samples are not biological replicates.
EBV_TCELL_1862913::HUMAN_MYELIN_112319,12,EBV_TCELL_1862913,HUMAN_MYELIN_112319,HUMAN_BACKGROUND_119732,FTPAVHASL,EBV_TCELL_1862913|15|NILRIYYSPSIMHRYAVVQP,4,HUMAN_BACKGROUND_119732|1742505091|AAHLPAEFTPAVHASLDKF,0,0.182996,16.988084,18.861189,15.325646,Frozen score-blind human-background pMHC comparison; technical samples are not biological replicates.
EBV_TCELL_1862913::HUMAN_MYELIN_112319,12,EBV_TCELL_1862913,HUMAN_MYELIN_112319,HUMAN_BACKGROUND_119732,FTPAVHASL,EBV_TCELL_1862913|15|NILRIYYSPSIMHRYAVVQP,4,HUMAN_BACKGROUND_119732|1742505091|AAHLPAEFTPAVHASLDKF,1,0.169277,18.425577,20.174801,16.896311,Frozen score-blind human-background pMHC comparison; technical samples are not biological replicates.
EBV_TCELL_1862913::HUMAN_MYELIN_112319,12,EBV_TCELL_1862913,HUMAN_MYELIN_112319,HUMAN_BACKGROUND_119732,FTPAVHASL,EBV_TCELL_1862913|15|NILRIYYSPSIMHRYAVVQP,4,HUMAN_BACKGROUND_119732|1742505091|AAHLPAEFTPAVHASLDKF,2,0.138427,15.321602,17.310777,13.521179,Frozen score-blind human-background pMHC comparison; technical samples are not biological replicates.
EBV_TCELL_1862913::HUMAN_MYELIN_112319,12,EBV_TCELL_1862913,HUMAN_MYELIN_112319,HUMAN_BACKGROUND_119732,FTPAVHASL,EBV_TCELL_1862913|15|NILRIYYSPSIMHRYAVVQP,4,HUMAN_BACKGROUND_119732|1742505091|AAHLPAEFTPAVHASLDKF,3,0.145784,15.915758,17.673625,14.355306,Frozen score-blind human-background pMHC comparison; technical samples are not biological replicates.
EBV_TCELL_1862913::HUMAN_MYELIN_112319,12,EBV_TCELL_1862913,HUMAN_MYELIN_112319,HUMAN_BACKGROUND_119732,FTPAVHASL,EBV_TCELL_1862913|15|NILRIYYSPSIMHRYAVVQP,4,HUMAN_BACKGROUND_119732|1742505091|AAHLPAEFTPAVHASLDKF,4,0.160817,10.127803,10.26069,10.020225,Frozen score-blind human-background pMHC comparison; technical samples are not biological replicates.
EBV_TCELL_1862913::HUMAN_MYELIN_112319,12,EBV_TCELL_1862913,HUMAN_MYELIN_112319,HUMAN_BACKGROUND_119732,FTPAVHASL,EBV_TCELL_1862913|2|NILRIYYSPSIMHRYAVVQP,0,HUMAN_BACKGROUND_119732|1742505091|AAHLPAEFTPAVHASLDKF,0,0.198926,16.805164,18.622423,15.195679,Frozen score-blind human-background pMHC comparison; technical samples are not biological replicates.
EBV_TCELL_1862913::HUMAN_MYELIN_112319,12,EBV_TCELL_1862913,HUMAN_MYELIN_112319,HUMAN_BACKGROUND_119732,FTPAVHASL,EBV_TCELL_1862913|2|NILRIYYSPSIMHRYAVVQP,0,HUMAN_BACKGROUND_119732|1742505091|AAHLPAEFTPAVHASLDKF,1,0.120364,18.187546,19.889125,16.701931,Frozen score-blind human-background pMHC comparison; technical samples are not biological replicates.
EBV_TCELL_1862913::HUMAN_MYELIN_112319,12,EBV_TCELL_1862913,HUMAN_MYELIN_112319,HUMAN_BACKGROUND_119732,FTPAVHASL,EBV_TCELL_1862913|2|NILRIYYSPSIMHRYAVVQP,0,HUMAN_BACKGROUND_119732|1742505091|AAHLPAEFTPAVHASLDKF,2,0.180821,15.076738,16.994201,13.345867,Frozen score-blind human-background pMHC comparison; technical samples are not biological replicates.
EBV_TCELL_1862913::HUMAN_MYELIN_112319,12,EBV_TCELL_1862913,HUMAN_MYELIN_112319,HUMAN_BACKGROUND_119732,FTPAVHASL,EBV_TCELL_1862913|2|NILRIYYSPSIMHRYAVVQP,0,HUMAN_BACKGROUND_119732|1742505091|AAHLPAEFTPAVHASLDKF,3,0.108493,15.546314,17.349787,13.936502,Frozen score-blind human-background pMHC comparison; technical samples are not biological replicates.
EBV_TCELL_1862913::HUMAN_MYELIN_112319,12,EBV_TCELL_1862913,HUMAN_MYELIN_112319,HUMAN_BACKGROUND_119732,FTPAVHASL,EBV_TCELL_1862913|2|NILRIYYSPSIMHRYAVVQP,0,HUMAN_BACKGROUND_119732|1742505091|AAHLPAEFTPAVHASLDKF,4,0.115578,10.043065,10.027799,10.055261,Frozen score-blind human-background pMHC comparison; technical samples are not biological replicates.
EBV_TCELL_1862913::HUMAN_MYELIN_112319,12,EBV_TCELL_1862913,HUMAN_MYELIN_112319,HUMAN_BACKGROUND_119732,FTPAVHASL,EBV_TCELL_1862913|2|NILRIYYSPSIMHRYAVVQP,1,HUMAN_BACKGROUND_119732|1742505091|AAHLPAEFTPAVHASLDKF,0,0.22154,22.100818,23.480869,20.931367,Frozen score-blind human-background pMHC comparison; technical samples are not biological replicates.
EBV_TCELL_1862913::HUMAN_MYELIN_112319,12,EBV_TCELL_1862913,HUMAN_MYELIN_112319,HUMAN_BACKGROUND_119732,FTPAVHASL,EBV_TCELL_1862913|2|NILRIYYSPSIMHRYAVVQP,1,HUMAN_BACKGROUND_119732|1742505091|AAHLPAEFTPAVHASLDKF,1,0.14412,23.703756,25.185411,22.44813,Frozen score-blind human-background pMHC comparison; technical samples are not biological replicates.
EBV_TCELL_1862913::HUMAN_MYELIN_112319,12,EBV_TCELL_1862913,HUMAN_MYELIN_112319,HUMAN_BACKGROUND_119732,FTPAVHASL,EBV_TCELL_1862913|2|NILRIYYSPSIMHRYAVVQP,1,HUMAN_BACKGROUND_119732|1742505091|AAHLPAEFTPAVHASLDKF,2,0.192126,20.30849,21.958818,18.884673,Frozen score-blind human-background pMHC comparison; technical samples are not biological replicates.
EBV_TCELL_1862913::HUMAN_MYELIN_112319,12,EBV_TCELL_1862913,HUMAN_MYELIN_112319,HUMAN_BACKGROUND_119732,FTPAVHASL,EBV_TCELL_1862913|2|NILRIYYSPSIMHRYAVVQP,1,HUMAN_BACKGROUND_119732|1742505091|AAHLPAEFTPAVHASLDKF,3,0.131969,16.640758,18.48797,15.000088,Frozen score-blind human-background pMHC comparison; technical samples are not biological replicates.
EBV_TCELL_1862913::HUMAN_MYELIN_112319,12,EBV_TCELL_1862913,HUMAN_MYELIN_112319,HUMAN_BACKGROUND_119732,FTPAVHASL,EBV_TCELL_1862913|2|NILRIYYSPSIMHRYAVVQP,1,HUMAN_BACKGROUND_119732|1742505091|AAHLPAEFTPAVHASLDKF,4,0.134078,18.428707,18.369961,18.475569,Frozen score-blind human-background pMHC comparison; technical samples are not biological replicates.
EBV_TCELL_1862913::HUMAN_MYELIN_112319,12,EBV_TCELL_1862913,HUMAN_MYELIN_112319,HUMAN_BACKGROUND_119732,FTPAVHASL,EBV_TCELL_1862913|2|NILRIYYSPSIMHRYAVVQP,2,HUMAN_BACKGROUND_119732|1742505091|AAHLPAEFTPAVHASLDKF,0,0.267992,16.842223,18.653925,15.23856,Frozen score-blind human-background pMHC comparison; technical samples are not biological replicates.
EBV_TCELL_1862913::HUMAN_MYELIN_112319,12,EBV_TCELL_1862913,HUMAN_MYELIN_112319,HUMAN_BACKGROUND_119732,FTPAVHASL,EBV_TCELL_1862913|2|NILRIYYSPSIMHRYAVVQP,2,HUMAN_BACKGROUND_119732|1742505091|AAHLPAEFTPAVHASLDKF,1,0.179637,18.240285,19.93259,16.763887,Frozen score-blind human-background pMHC comparison; technical samples are not biological replicates.
EBV_TCELL_1862913::HUMAN_MYELIN_112319,12,EBV_TCELL_1862913,HUMAN_MYELIN_112319,HUMAN_BACKGROUND_119732,FTPAVHASL,EBV_TCELL_1862913|2|NILRIYYSPSIMHRYAVVQP,2,HUMAN_BACKGROUND_119732|1742505091|AAHLPAEFTPAVHASLDKF,2,0.238302,15.140841,17.034789,13.434802,Frozen score-blind human-background pMHC comparison; technical samples are not biological replicates.
EBV_TCELL_1862913::HUMAN_MYELIN_112319,12,EBV_TCELL_1862913,HUMAN_MYELIN_112319,HUMAN_BACKGROUND_119732,FTPAVHASL,EBV_TCELL_1862913|2|NILRIYYSPSIMHRYAVVQP,2,HUMAN_BACKGROUND_119732|1742505091|AAHLPAEFTPAVHASLDKF,3,0.170648,15.59204,17.372035,14.006106,Frozen score-blind human-background pMHC comparison; technical samples are not biological replicates.
EBV_TCELL_1862913::HUMAN_MYELIN_112319,12,EBV_TCELL_1862913,HUMAN_MYELIN_112319,HUMAN_BACKGROUND_119732,FTPAVHASL,EBV_TCELL_1862913|2|NILRIYYSPSIMHRYAVVQP,2,HUMAN_BACKGROUND_119732|1742505091|AAHLPAEFTPAVHASLDKF,4,0.188334,10.38459,10.419913,10.356245,Frozen score-blind human-background pMHC comparison; technical samples are not biological replicates.
EBV_TCELL_1862913::HUMAN_MYELIN_112319,12,EBV_TCELL_1862913,HUMAN_MYELIN_112319,HUMAN_BACKGROUND_119732,FTPAVHASL,EBV_TCELL_1862913|2|NILRIYYSPSIMHRYAVVQP,3,HUMAN_BACKGROUND_119732|1742505091|AAHLPAEFTPAVHASLDKF,0,0.281729,16.702698,18.408812,15.200551,Frozen score-blind human-background pMHC comparison; technical samples are not biological replicates.
EBV_TCELL_1862913::HUMAN_MYELIN_112319,12,EBV_TCELL_1862913,HUMAN_MYELIN_112319,HUMAN_BACKGROUND_119732,FTPAVHASL,EBV_TCELL_1862913|2|NILRIYYSPSIMHRYAVVQP,3,HUMAN_BACKGROUND_119732|1742505091|AAHLPAEFTPAVHASLDKF,1,0.211838,18.12323,19.722711,16.733929,Frozen score-blind human-background pMHC comparison; technical samples are not biological replicates.
EBV_TCELL_1862913::HUMAN_MYELIN_112319,12,EBV_TCELL_1862913,HUMAN_MYELIN_112319,HUMAN_BACKGROUND_119732,FTPAVHASL,EBV_TCELL_1862913|2|NILRIYYSPSIMHRYAVVQP,3,HUMAN_BACKGROUND_119732|1742505091|AAHLPAEFTPAVHASLDKF,2,0.245704,15.007347,16.779116,13.422587,Frozen score-blind human-background pMHC comparison; technical samples are not biological replicates.
EBV_TCELL_1862913::HUMAN_MYELIN_112319,12,EBV_TCELL_1862913,HUMAN_MYELIN_112319,HUMAN_BACKGROUND_119732,FTPAVHASL,EBV_TCELL_1862913|2|NILRIYYSPSIMHRYAVVQP,3,HUMAN_BACKGROUND_119732|1742505091|AAHLPAEFTPAVHASLDKF,3,0.182193,15.893225,17.535981,14.44513,Frozen score-blind human-background pMHC comparison; technical samples are not biological replicates.
EBV_TCELL_1862913::HUMAN_MYELIN_112319,12,EBV_TCELL_1862913,HUMAN_MYELIN_112319,HUMAN_BACKGROUND_119732,FTPAVHASL,EBV_TCELL_1862913|2|NILRIYYSPSIMHRYAVVQP,3,HUMAN_BACKGROUND_119732|1742505091|AAHLPAEFTPAVHASLDKF,4,0.198025,9.954397,10.015957,9.904874,Frozen score-blind human-background pMHC comparison; technical samples are not biological replicates.
EBV_TCELL_1862913::HUMAN_MYELIN_112319,12,EBV_TCELL_1862913,HUMAN_MYELIN_112319,HUMAN_BACKGROUND_119732,FTPAVHASL,EBV_TCELL_1862913|2|NILRIYYSPSIMHRYAVVQP,4,HUMAN_BACKGROUND_119732|1742505091|AAHLPAEFTPAVHASLDKF,0,0.286446,16.961881,18.898813,15.236064,Frozen score-blind human-background pMHC comparison; technical samples are not biological replicates.
EBV_TCELL_1862913::HUMAN_MYELIN_112319,12,EBV_TCELL_1862913,HUMAN_MYELIN_112319,HUMAN_BACKGROUND_119732,FTPAVHASL,EBV_TCELL_1862913|2|NILRIYYSPSIMHRYAVVQP,4,HUMAN_BACKGROUND_119732|1742505091|AAHLPAEFTPAVHASLDKF,1,0.186157,18.291207,20.124216,16.680395,Frozen score-blind human-background pMHC comparison; technical samples are not biological replicates.
EBV_TCELL_1862913::HUMAN_MYELIN_112319,12,EBV_TCELL_1862913,HUMAN_MYELIN_112319,HUMAN_BACKGROUND_119732,FTPAVHASL,EBV_TCELL_1862913|2|NILRIYYSPSIMHRYAVVQP,4,HUMAN_BACKGROUND_119732|1742505091|AAHLPAEFTPAVHASLDKF,2,0.261466,15.243719,17.293533,13.379637,Frozen score-blind human-background pMHC comparison; technical samples are not biological replicates.
EBV_TCELL_1862913::HUMAN_MYELIN_112319,12,EBV_TCELL_1862913,HUMAN_MYELIN_112319,HUMAN_BACKGROUND_119732,FTPAVHASL,EBV_TCELL_1862913|2|NILRIYYSPSIMHRYAVVQP,4,HUMAN_BACKGROUND_119732|1742505091|AAHLPAEFTPAVHASLDKF,3,0.165922,16.200452,18.050146,14.552394,Frozen score-blind human-background pMHC comparison; technical samples are not biological replicates.
EBV_TCELL_1862913::HUMAN_MYELIN_112319,12,EBV_TCELL_1862913,HUMAN_MYELIN_112319,HUMAN_BACKGROUND_119732,FTPAVHASL,EBV_TCELL_1862913|2|NILRIYYSPSIMHRYAVVQP,4,HUMAN_BACKGROUND_119732|1742505091|AAHLPAEFTPAVHASLDKF,4,0.180308,9.732516,9.778513,9.695562,Frozen score-blind human-background pMHC comparison; technical samples are not biological replicates.
EBV_TCELL_119155::HUMAN_MYELIN_116976,16,EBV_TCELL_119155,HUMAN_MYELIN_116976,HUMAN_BACKGROUND_115891,VSWYQQALG,EBV_TCELL_119155|1773241610|FIEFVGWLCKKDHTHIREWF,0,HUMAN_BACKGROUND_115891|1224417544|PKSGHDTVSWYQQALGQG,0,0.290228,13.04842,12.954546,13.123036,Frozen score-blind human-background pMHC comparison; technical samples are not biological replicates.
EBV_TCELL_119155::HUMAN_MYELIN_116976,16,EBV_TCELL_119155,HUMAN_MYELIN_116976,HUMAN_BACKGROUND_115891,VSWYQQALG,EBV_TCELL_119155|1773241610|FIEFVGWLCKKDHTHIREWF,0,HUMAN_BACKGROUND_115891|1224417544|PKSGHDTVSWYQQALGQG,1,0.2974,9.578952,9.668359,9.506821,Frozen score-blind human-background pMHC comparison; technical samples are not biological replicates.
EBV_TCELL_119155::HUMAN_MYELIN_116976,16,EBV_TCELL_119155,HUMAN_MYELIN_116976,HUMAN_BACKGROUND_115891,VSWYQQALG,EBV_TCELL_119155|1773241610|FIEFVGWLCKKDHTHIREWF,0,HUMAN_BACKGROUND_115891|1224417544|PKSGHDTVSWYQQALGQG,2,0.270851,9.421669,9.476959,9.377202,Frozen score-blind human-background pMHC comparison; technical samples are not biological replicates.
EBV_TCELL_119155::HUMAN_MYELIN_116976,16,EBV_TCELL_119155,HUMAN_MYELIN_116976,HUMAN_BACKGROUND_115891,VSWYQQALG,EBV_TCELL_119155|1773241610|FIEFVGWLCKKDHTHIREWF,0,HUMAN_BACKGROUND_115891|1224417544|PKSGHDTVSWYQQALGQG,3,0.187699,12.691167,12.573344,12.784643,Frozen score-blind human-background pMHC comparison; technical samples are not biological replicates.
EBV_TCELL_119155::HUMAN_MYELIN_116976,16,EBV_TCELL_119155,HUMAN_MYELIN_116976,HUMAN_BACKGROUND_115891,VSWYQQALG,EBV_TCELL_119155|1773241610|FIEFVGWLCKKDHTHIREWF,0,HUMAN_BACKGROUND_115891|1224417544|PKSGHDTVSWYQQALGQG,4,0.239401,12.950242,12.756714,13.103007,Frozen score-blind human-background pMHC comparison; technical samples are not biological replicates.
EBV_TCELL_119155::HUMAN_MYELIN_116976,16,EBV_TCELL_119155,HUMAN_MYELIN_116976,HUMAN_BACKGROUND_115891,VSWYQQALG,EBV_TCELL_119155|1773241610|FIEFVGWLCKKDHTHIREWF,1,HUMAN_BACKGROUND_115891|1224417544|PKSGHDTVSWYQQALGQG,0,0.314639,13.718267,13.561808,13.84216,Frozen score-blind human-background pMHC comparison; technical samples are not biological replicates.
EBV_TCELL_119155::HUMAN_MYELIN_116976,16,EBV_TCELL_119155,HUMAN_MYELIN_116976,HUMAN_BACKGROUND_115891,VSWYQQALG,EBV_TCELL_119155|1773241610|FIEFVGWLCKKDHTHIREWF,1,HUMAN_BACKGROUND_115891|1224417544|PKSGHDTVSWYQQALGQG,1,0.339209,10.279044,10.342289,10.228167,Frozen score-blind human-background pMHC comparison; technical samples are not biological replicates.
EBV_TCELL_119155::HUMAN_MYELIN_116976,16,EBV_TCELL_119155,HUMAN_MYELIN_116976,HUMAN_BACKGROUND_115891,VSWYQQALG,EBV_TCELL_119155|1773241610|FIEFVGWLCKKDHTHIREWF,1,HUMAN_BACKGROUND_115891|1224417544|PKSGHDTVSWYQQALGQG,2,0.313142,10.128135,10.160758,10.10196,Frozen score-blind human-background pMHC comparison; technical samples are not biological replicates.
EBV_TCELL_119155::HUMAN_MYELIN_116976,16,EBV_TCELL_119155,HUMAN_MYELIN_116976,HUMAN_BACKGROUND_115891,VSWYQQALG,EBV_TCELL_119155|1773241610|FIEFVGWLCKKDHTHIREWF,1,HUMAN_BACKGROUND_115891|1224417544|PKSGHDTVSWYQQALGQG,3,0.237473,13.349457,13.146417,13.509693,Frozen score-blind human-background pMHC comparison; technical samples are not biological replicates.
EBV_TCELL_119155::HUMAN_MYELIN_116976,16,EBV_TCELL_119155,HUMAN_MYELIN_116976,HUMAN_BACKGROUND_115891,VSWYQQALG,EBV_TCELL_119155|1773241610|FIEFVGWLCKKDHTHIREWF,1,HUMAN_BACKGROUND_115891|1224417544|PKSGHDTVSWYQQALGQG,4,0.297767,13.613966,13.336476,13.83195,Frozen score-blind human-background pMHC comparison; technical samples are not biological replicates.
EBV_TCELL_119155::HUMAN_MYELIN_116976,16,EBV_TCELL_119155,HUMAN_MYELIN_116976,HUMAN_BACKGROUND_115891,VSWYQQALG,EBV_TCELL_119155|1773241610|FIEFVGWLCKKDHTHIREWF,2,HUMAN_BACKGROUND_115891|1224417544|PKSGHDTVSWYQQALGQG,0,0.26503,13.583518,13.39517,13.732337,Frozen score-blind human-background pMHC comparison; technical samples are not biological replicates.
EBV_TCELL_119155::HUMAN_MYELIN_116976,16,EBV_TCELL_119155,HUMAN_MYELIN_116976,HUMAN_BACKGROUND_115891,VSWYQQALG,EBV_TCELL_119155|1773241610|FIEFVGWLCKKDHTHIREWF,2,HUMAN_BACKGROUND_115891|1224417544|PKSGHDTVSWYQQALGQG,1,0.275763,10.117445,10.136236,10.102387,Frozen score-blind human-background pMHC comparison; technical samples are not biological replicates.
EBV_TCELL_119155::HUMAN_MYELIN_116976,16,EBV_TCELL_119155,HUMAN_MYELIN_116976,HUMAN_BACKGROUND_115891,VSWYQQALG,EBV_TCELL_119155|1773241610|FIEFVGWLCKKDHTHIREWF,2,HUMAN_BACKGROUND_115891|1224417544|PKSGHDTVSWYQQALGQG,2,0.279287,9.963983,9.949449,9.975596,Frozen score-blind human-background pMHC comparison; technical samples are not biological replicates.
EBV_TCELL_119155::HUMAN_MYELIN_116976,16,EBV_TCELL_119155,HUMAN_MYELIN_116976,HUMAN_BACKGROUND_115891,VSWYQQALG,EBV_TCELL_119155|1773241610|FIEFVGWLCKKDHTHIREWF,2,HUMAN_BACKGROUND_115891|1224417544|PKSGHDTVSWYQQALGQG,3,0.199433,13.213659,12.979481,13.398055,Frozen score-blind human-background pMHC comparison; technical samples are not biological replicates.
EBV_TCELL_119155::HUMAN_MYELIN_116976,16,EBV_TCELL_119155,HUMAN_MYELIN_116976,HUMAN_BACKGROUND_115891,VSWYQQALG,EBV_TCELL_119155|1773241610|FIEFVGWLCKKDHTHIREWF,2,HUMAN_BACKGROUND_115891|1224417544|PKSGHDTVSWYQQALGQG,4,0.24792,13.481527,13.173784,13.722752,Frozen score-blind human-background pMHC comparison; technical samples are not biological replicates.
EBV_TCELL_119155::HUMAN_MYELIN_116976,16,EBV_TCELL_119155,HUMAN_MYELIN_116976,HUMAN_BACKGROUND_115891,VSWYQQALG,EBV_TCELL_119155|1773241610|FIEFVGWLCKKDHTHIREWF,3,HUMAN_BACKGROUND_115891|1224417544|PKSGHDTVSWYQQALGQG,0,0.376334,4.853692,4.808883,4.889243,Frozen score-blind human-background pMHC comparison; technical samples are not biological replicates.
EBV_TCELL_119155::HUMAN_MYELIN_116976,16,EBV_TCELL_119155,HUMAN_MYELIN_116976,HUMAN_BACKGROUND_115891,VSWYQQALG,EBV_TCELL_119155|1773241610|FIEFVGWLCKKDHTHIREWF,3,HUMAN_BACKGROUND_115891|1224417544|PKSGHDTVSWYQQALGQG,1,0.41558,2.530573,2.306694,2.696325,Frozen score-blind human-background pMHC comparison; technical samples are not biological replicates.
EBV_TCELL_119155::HUMAN_MYELIN_116976,16,EBV_TCELL_119155,HUMAN_MYELIN_116976,HUMAN_BACKGROUND_115891,VSWYQQALG,EBV_TCELL_119155|1773241610|FIEFVGWLCKKDHTHIREWF,3,HUMAN_BACKGROUND_115891|1224417544|PKSGHDTVSWYQQALGQG,2,0.405286,2.405174,2.189605,2.564616,Frozen score-blind human-background pMHC comparison; technical samples are not biological replicates.
EBV_TCELL_119155::HUMAN_MYELIN_116976,16,EBV_TCELL_119155,HUMAN_MYELIN_116976,HUMAN_BACKGROUND_115891,VSWYQQALG,EBV_TCELL_119155|1773241610|FIEFVGWLCKKDHTHIREWF,3,HUMAN_BACKGROUND_115891|1224417544|PKSGHDTVSWYQQALGQG,3,0.316724,4.575253,4.462644,4.663384,Frozen score-blind human-background pMHC comparison; technical samples are not biological replicates.
EBV_TCELL_119155::HUMAN_MYELIN_116976,16,EBV_TCELL_119155,HUMAN_MYELIN_116976,HUMAN_BACKGROUND_115891,VSWYQQALG,EBV_TCELL_119155|1773241610|FIEFVGWLCKKDHTHIREWF,3,HUMAN_BACKGROUND_115891|1224417544|PKSGHDTVSWYQQALGQG,4,0.351739,4.679212,4.575006,4.760935,Frozen score-blind human-background pMHC comparison; technical samples are not biological replicates.
EBV_TCELL_119155::HUMAN_MYELIN_116976,16,EBV_TCELL_119155,HUMAN_MYELIN_116976,HUMAN_BACKGROUND_115891,VSWYQQALG,EBV_TCELL_119155|1773241610|FIEFVGWLCKKDHTHIREWF,4,HUMAN_BACKGROUND_115891|1224417544|PKSGHDTVSWYQQALGQG,0,0.304078,3.911548,3.924008,3.901551,Frozen score-blind human-background pMHC comparison; technical samples are not biological replicates.
EBV_TCELL_119155::HUMAN_MYELIN_116976,16,EBV_TCELL_119155,HUMAN_MYELIN_116976,HUMAN_BACKGROUND_115891,VSWYQQALG,EBV_TCELL_119155|1773241610|FIEFVGWLCKKDHTHIREWF,4,HUMAN_BACKGROUND_115891|1224417544|PKSGHDTVSWYQQALGQG,1,0.322756,0.481261,0.449184,0.505459,Frozen score-blind human-background pMHC comparison; technical samples are not biological replicates.
EBV_TCELL_119155::HUMAN_MYELIN_116976,16,EBV_TCELL_119155,HUMAN_MYELIN_116976,HUMAN_BACKGROUND_115891,VSWYQQALG,EBV_TCELL_119155|1773241610|FIEFVGWLCKKDHTHIREWF,4,HUMAN_BACKGROUND_115891|1224417544|PKSGHDTVSWYQQALGQG,2,0.298197,0.550494,0.522113,0.572185,Frozen score-blind human-background pMHC comparison; technical samples are not biological replicates.
EBV_TCELL_119155::HUMAN_MYELIN_116976,16,EBV_TCELL_119155,HUMAN_MYELIN_116976,HUMAN_BACKGROUND_115891,VSWYQQALG,EBV_TCELL_119155|1773241610|FIEFVGWLCKKDHTHIREWF,4,HUMAN_BACKGROUND_115891|1224417544|PKSGHDTVSWYQQALGQG,3,0.221946,3.624956,3.61468,3.633156,Frozen score-blind human-background pMHC comparison; technical samples are not biological replicates.
EBV_TCELL_119155::HUMAN_MYELIN_116976,16,EBV_TCELL_119155,HUMAN_MYELIN_116976,HUMAN_BACKGROUND_115891,VSWYQQALG,EBV_TCELL_119155|1773241610|FIEFVGWLCKKDHTHIREWF,4,HUMAN_BACKGROUND_115891|1224417544|PKSGHDTVSWYQQALGQG,4,0.272415,3.869521,3.819691,3.908927,Frozen score-blind human-background pMHC comparison; technical samples are not biological replicates.
EBV_TCELL_119155::HUMAN_MYELIN_116976,16,EBV_TCELL_119155,HUMAN_MYELIN_116976,HUMAN_BACKGROUND_118550,AKSAPAPKK,EBV_TCELL_119155|1773241610|FIEFVGWLCKKDHTHIREWF,0,HUMAN_BACKGROUND_118550|125659505|PEPAKSAPAPKKGSKKAV,0,0.298569,1.248653,0.965534,1.435492,Frozen score-blind human-background pMHC comparison; technical samples are not biological replicates.
EBV_TCELL_119155::HUMAN_MYELIN_116976,16,EBV_TCELL_119155,HUMAN_MYELIN_116976,HUMAN_BACKGROUND_118550,AKSAPAPKK,EBV_TCELL_119155|1773241610|FIEFVGWLCKKDHTHIREWF,0,HUMAN_BACKGROUND_118550|125659505|PEPAKSAPAPKKGSKKAV,1,0.237618,19.172304,20.672203,17.882031,Frozen score-blind human-background pMHC comparison; technical samples are not biological replicates.
EBV_TCELL_119155::HUMAN_MYELIN_116976,16,EBV_TCELL_119155,HUMAN_MYELIN_116976,HUMAN_BACKGROUND_118550,AKSAPAPKK,EBV_TCELL_119155|1773241610|FIEFVGWLCKKDHTHIREWF,0,HUMAN_BACKGROUND_118550|125659505|PEPAKSAPAPKKGSKKAV,2,0.237785,3.915421,4.207329,3.665195,Frozen score-blind human-background pMHC comparison; technical samples are not biological replicates.
EBV_TCELL_119155::HUMAN_MYELIN_116976,16,EBV_TCELL_119155,HUMAN_MYELIN_116976,HUMAN_BACKGROUND_118550,AKSAPAPKK,EBV_TCELL_119155|1773241610|FIEFVGWLCKKDHTHIREWF,0,HUMAN_BACKGROUND_118550|125659505|PEPAKSAPAPKKGSKKAV,3,0.257317,3.034441,3.326799,2.778493,Frozen score-blind human-background pMHC comparison; technical samples are not biological replicates.
EBV_TCELL_119155::HUMAN_MYELIN_116976,16,EBV_TCELL_119155,HUMAN_MYELIN_116976,HUMAN_BACKGROUND_118550,AKSAPAPKK,EBV_TCELL_119155|1773241610|FIEFVGWLCKKDHTHIREWF,0,HUMAN_BACKGROUND_118550|125659505|PEPAKSAPAPKKGSKKAV,4,0.215255,6.754739,6.931224,6.61016,Frozen score-blind human-background pMHC comparison; technical samples are not biological replicates.
EBV_TCELL_119155::HUMAN_MYELIN_116976,16,EBV_TCELL_119155,HUMAN_MYELIN_116976,HUMAN_BACKGROUND_118550,AKSAPAPKK,EBV_TCELL_119155|1773241610|FIEFVGWLCKKDHTHIREWF,0,HUMAN_BACKGROUND_118550|2101104724|PEPAKSAPAPKKGSKKAV,0,0.209903,3.873063,4.2054,3.585081,Frozen score-blind human-background pMHC comparison; technical samples are not biological replicates.
EBV_TCELL_119155::HUMAN_MYELIN_116976,16,EBV_TCELL_119155,HUMAN_MYELIN_116976,HUMAN_BACKGROUND_118550,AKSAPAPKK,EBV_TCELL_119155|1773241610|FIEFVGWLCKKDHTHIREWF,0,HUMAN_BACKGROUND_118550|2101104724|PEPAKSAPAPKKGSKKAV,1,0.240882,9.422543,9.476382,9.379249,Frozen score-blind human-background pMHC comparison; technical samples are not biological replicates.
EBV_TCELL_119155::HUMAN_MYELIN_116976,16,EBV_TCELL_119155,HUMAN_MYELIN_116976,HUMAN_BACKGROUND_118550,AKSAPAPKK,EBV_TCELL_119155|1773241610|FIEFVGWLCKKDHTHIREWF,0,HUMAN_BACKGROUND_118550|2101104724|PEPAKSAPAPKKGSKKAV,2,0.214579,6.924052,6.969836,6.887207,Frozen score-blind human-background pMHC comparison; technical samples are not biological replicates.
EBV_TCELL_119155::HUMAN_MYELIN_116976,16,EBV_TCELL_119155,HUMAN_MYELIN_116976,HUMAN_BACKGROUND_118550,AKSAPAPKK,EBV_TCELL_119155|1773241610|FIEFVGWLCKKDHTHIREWF,0,HUMAN_BACKGROUND_118550|2101104724|PEPAKSAPAPKKGSKKAV,3,0.221512,18.694612,20.420072,17.189993,Frozen score-blind human-background pMHC comparison; technical samples are not biological replicates.
EBV_TCELL_119155::HUMAN_MYELIN_116976,16,EBV_TCELL_119155,HUMAN_MYELIN_116976,HUMAN_BACKGROUND_118550,AKSAPAPKK,EBV_TCELL_119155|1773241610|FIEFVGWLCKKDHTHIREWF,0,HUMAN_BACKGROUND_118550|2101104724|PEPAKSAPAPKKGSKKAV,4,0.194301,3.476502,3.33064,3.588926,Frozen score-blind human-background pMHC comparison; technical samples are not biological replicates.
EBV_TCELL_119155::HUMAN_MYELIN_116976,16,EBV_TCELL_119155,HUMAN_MYELIN_116976,HUMAN_BACKGROUND_118550,AKSAPAPKK,EBV_TCELL_119155|1773241610|FIEFVGWLCKKDHTHIREWF,1,HUMAN_BACKGROUND_118550|125659505|PEPAKSAPAPKKGSKKAV,0,0.33483,1.580726,1.36768,1.732401,Frozen score-blind human-background pMHC comparison; technical samples are not biological replicates.
EBV_TCELL_119155::HUMAN_MYELIN_116976,16,EBV_TCELL_119155,HUMAN_MYELIN_116976,HUMAN_BACKGROUND_118550,AKSAPAPKK,EBV_TCELL_119155|1773241610|FIEFVGWLCKKDHTHIREWF,1,HUMAN_BACKGROUND_118550|125659505|PEPAKSAPAPKKGSKKAV,1,0.285785,19.471154,20.989476,18.165352,Frozen score-blind human-background pMHC comparison; technical samples are not biological replicates.
EBV_TCELL_119155::HUMAN_MYELIN_116976,16,EBV_TCELL_119155,HUMAN_MYELIN_116976,HUMAN_BACKGROUND_118550,AKSAPAPKK,EBV_TCELL_119155|1773241610|FIEFVGWLCKKDHTHIREWF,1,HUMAN_BACKGROUND_118550|125659505|PEPAKSAPAPKKGSKKAV,2,0.280352,4.389101,4.394119,4.385082,Frozen score-blind human-background pMHC comparison; technical samples are not biological replicates.
EBV_TCELL_119155::HUMAN_MYELIN_116976,16,EBV_TCELL_119155,HUMAN_MYELIN_116976,HUMAN_BACKGROUND_118550,AKSAPAPKK,EBV_TCELL_119155|1773241610|FIEFVGWLCKKDHTHIREWF,1,HUMAN_BACKGROUND_118550|125659505|PEPAKSAPAPKKGSKKAV,3,0.301512,3.543217,3.650888,3.454664,Frozen score-blind human-background pMHC comparison; technical samples are not biological replicates.
EBV_TCELL_119155::HUMAN_MYELIN_116976,16,EBV_TCELL_119155,HUMAN_MYELIN_116976,HUMAN_BACKGROUND_118550,AKSAPAPKK,EBV_TCELL_119155|1773241610|FIEFVGWLCKKDHTHIREWF,1,HUMAN_BACKGROUND_118550|125659505|PEPAKSAPAPKKGSKKAV,4,0.260998,6.165612,6.249995,6.097265,Frozen score-blind human-background pMHC comparison; technical samples are not biological replicates.
EBV_TCELL_119155::HUMAN_MYELIN_116976,16,EBV_TCELL_119155,HUMAN_MYELIN_116976,HUMAN_BACKGROUND_118550,AKSAPAPKK,EBV_TCELL_119155|1773241610|FIEFVGWLCKKDHTHIREWF,1,HUMAN_BACKGROUND_118550|2101104724|PEPAKSAPAPKKGSKKAV,0,0.246377,4.335372,4.372543,4.305404,Frozen score-blind human-background pMHC comparison; technical samples are not biological replicates.
EBV_TCELL_119155::HUMAN_MYELIN_116976,16,EBV_TCELL_119155,HUMAN_MYELIN_116976,HUMAN_BACKGROUND_118550,AKSAPAPKK,EBV_TCELL_119155|1773241610|FIEFVGWLCKKDHTHIREWF,1,HUMAN_BACKGROUND_118550|2101104724|PEPAKSAPAPKKGSKKAV,1,0.278559,10.108956,10.13489,10.08816,Frozen score-blind human-background pMHC comparison; technical samples are not biological replicates.
EBV_TCELL_119155::HUMAN_MYELIN_116976,16,EBV_TCELL_119155,HUMAN_MYELIN_116976,HUMAN_BACKGROUND_118550,AKSAPAPKK,EBV_TCELL_119155|1773241610|FIEFVGWLCKKDHTHIREWF,1,HUMAN_BACKGROUND_118550|2101104724|PEPAKSAPAPKKGSKKAV,2,0.256668,7.632209,7.649573,7.618289,Frozen score-blind human-background pMHC comparison; technical samples are not biological replicates.
EBV_TCELL_119155::HUMAN_MYELIN_116976,16,EBV_TCELL_119155,HUMAN_MYELIN_116976,HUMAN_BACKGROUND_118550,AKSAPAPKK,EBV_TCELL_119155|1773241610|FIEFVGWLCKKDHTHIREWF,1,HUMAN_BACKGROUND_118550|2101104724|PEPAKSAPAPKKGSKKAV,3,0.250489,18.956887,20.698804,17.438521,Frozen score-blind human-background pMHC comparison; technical samples are not biological replicates.
EBV_TCELL_119155::HUMAN_MYELIN_116976,16,EBV_TCELL_119155,HUMAN_MYELIN_116976,HUMAN_BACKGROUND_118550,AKSAPAPKK,EBV_TCELL_119155|1773241610|FIEFVGWLCKKDHTHIREWF,1,HUMAN_BACKGROUND_118550|2101104724|PEPAKSAPAPKKGSKKAV,4,0.250387,2.99845,2.622776,3.268043,Frozen score-blind human-background pMHC comparison; technical samples are not biological replicates.
EBV_TCELL_119155::HUMAN_MYELIN_116976,16,EBV_TCELL_119155,HUMAN_MYELIN_116976,HUMAN_BACKGROUND_118550,AKSAPAPKK,EBV_TCELL_119155|1773241610|FIEFVGWLCKKDHTHIREWF,2,HUMAN_BACKGROUND_118550|125659505|PEPAKSAPAPKKGSKKAV,0,0.264328,1.529544,1.300915,1.690328,Frozen score-blind human-background pMHC comparison; technical samples are not biological replicates.
EBV_TCELL_119155::HUMAN_MYELIN_116976,16,EBV_TCELL_119155,HUMAN_MYELIN_116976,HUMAN_BACKGROUND_118550,AKSAPAPKK,EBV_TCELL_119155|1773241610|FIEFVGWLCKKDHTHIREWF,2,HUMAN_BACKGROUND_118550|125659505|PEPAKSAPAPKKGSKKAV,1,0.232885,19.149749,20.529548,17.96979,Frozen score-blind human-background pMHC comparison; technical samples are not biological replicates.
EBV_TCELL_119155::HUMAN_MYELIN_116976,16,EBV_TCELL_119155,HUMAN_MYELIN_116976,HUMAN_BACKGROUND_118550,AKSAPAPKK,EBV_TCELL_119155|1773241610|FIEFVGWLCKKDHTHIREWF,2,HUMAN_BACKGROUND_118550|125659505|PEPAKSAPAPKKGSKKAV,2,0.214391,4.284482,4.371739,4.213376,Frozen score-blind human-background pMHC comparison; technical samples are not biological replicates.
EBV_TCELL_119155::HUMAN_MYELIN_116976,16,EBV_TCELL_119155,HUMAN_MYELIN_116976,HUMAN_BACKGROUND_118550,AKSAPAPKK,EBV_TCELL_119155|1773241610|FIEFVGWLCKKDHTHIREWF,2,HUMAN_BACKGROUND_118550|125659505|PEPAKSAPAPKKGSKKAV,3,0.243989,3.455397,3.633424,3.30608,Frozen score-blind human-background pMHC comparison; technical samples are not biological replicates.
EBV_TCELL_119155::HUMAN_MYELIN_116976,16,EBV_TCELL_119155,HUMAN_MYELIN_116976,HUMAN_BACKGROUND_118550,AKSAPAPKK,EBV_TCELL_119155|1773241610|FIEFVGWLCKKDHTHIREWF,2,HUMAN_BACKGROUND_118550|125659505|PEPAKSAPAPKKGSKKAV,4,0.185113,6.439106,6.588594,6.316968,Frozen score-blind human-background pMHC comparison; technical samples are not biological replicates.
EBV_TCELL_119155::HUMAN_MYELIN_116976,16,EBV_TCELL_119155,HUMAN_MYELIN_116976,HUMAN_BACKGROUND_118550,AKSAPAPKK,EBV_TCELL_119155|1773241610|FIEFVGWLCKKDHTHIREWF,2,HUMAN_BACKGROUND_118550|2101104724|PEPAKSAPAPKKGSKKAV,0,0.2144,4.243723,4.370717,4.139325,Frozen score-blind human-background pMHC comparison; technical samples are not biological replicates.
EBV_TCELL_119155::HUMAN_MYELIN_116976,16,EBV_TCELL_119155,HUMAN_MYELIN_116976,HUMAN_BACKGROUND_118550,AKSAPAPKK,EBV_TCELL_119155|1773241610|FIEFVGWLCKKDHTHIREWF,2,HUMAN_BACKGROUND_118550|2101104724|PEPAKSAPAPKKGSKKAV,1,0.222906,9.937032,9.926429,9.945506,Frozen score-blind human-background pMHC comparison; technical samples are not biological replicates.
EBV_TCELL_119155::HUMAN_MYELIN_116976,16,EBV_TCELL_119155,HUMAN_MYELIN_116976,HUMAN_BACKGROUND_118550,AKSAPAPKK,EBV_TCELL_119155|1773241610|FIEFVGWLCKKDHTHIREWF,2,HUMAN_BACKGROUND_118550|2101104724|PEPAKSAPAPKKGSKKAV,2,0.212488,7.463196,7.434561,7.486025,Frozen score-blind human-background pMHC comparison; technical samples are not biological replicates.
EBV_TCELL_119155::HUMAN_MYELIN_116976,16,EBV_TCELL_119155,HUMAN_MYELIN_116976,HUMAN_BACKGROUND_118550,AKSAPAPKK,EBV_TCELL_119155|1773241610|FIEFVGWLCKKDHTHIREWF,2,HUMAN_BACKGROUND_118550|2101104724|PEPAKSAPAPKKGSKKAV,3,0.220391,18.613562,20.230776,17.210723,Frozen score-blind human-background pMHC comparison; technical samples are not biological replicates.
EBV_TCELL_119155::HUMAN_MYELIN_116976,16,EBV_TCELL_119155,HUMAN_MYELIN_116976,HUMAN_BACKGROUND_118550,AKSAPAPKK,EBV_TCELL_119155|1773241610|FIEFVGWLCKKDHTHIREWF,2,HUMAN_BACKGROUND_118550|2101104724|PEPAKSAPAPKKGSKKAV,4,0.196812,3.243272,2.837119,3.534752,Frozen score-blind human-background pMHC comparison; technical samples are not biological replicates.
EBV_TCELL_119155::HUMAN_MYELIN_116976,16,EBV_TCELL_119155,HUMAN_MYELIN_116976,HUMAN_BACKGROUND_118550,AKSAPAPKK,EBV_TCELL_119155|1773241610|FIEFVGWLCKKDHTHIREWF,3,HUMAN_BACKGROUND_118550|125659505|PEPAKSAPAPKKGSKKAV,0,0.414581,9.008554,8.616862,9.31005,Frozen score-blind human-background pMHC comparison; technical samples are not biological replicates.
EBV_TCELL_119155::HUMAN_MYELIN_116976,16,EBV_TCELL_119155,HUMAN_MYELIN_116976,HUMAN_BACKGROUND_118550,AKSAPAPKK,EBV_TCELL_119155|1773241610|FIEFVGWLCKKDHTHIREWF,3,HUMAN_BACKGROUND_118550|125659505|PEPAKSAPAPKKGSKKAV,1,0.330049,15.374474,16.798833,14.132,Frozen score-blind human-background pMHC comparison; technical samples are not biological replicates.
EBV_TCELL_119155::HUMAN_MYELIN_116976,16,EBV_TCELL_119155,HUMAN_MYELIN_116976,HUMAN_BACKGROUND_118550,AKSAPAPKK,EBV_TCELL_119155|1773241610|FIEFVGWLCKKDHTHIREWF,3,HUMAN_BACKGROUND_118550|125659505|PEPAKSAPAPKKGSKKAV,2,0.359035,6.523486,6.278245,6.713232,Frozen score-blind human-background pMHC comparison; technical samples are not biological replicates.
EBV_TCELL_119155::HUMAN_MYELIN_116976,16,EBV_TCELL_119155,HUMAN_MYELIN_116976,HUMAN_BACKGROUND_118550,AKSAPAPKK,EBV_TCELL_119155|1773241610|FIEFVGWLCKKDHTHIREWF,3,HUMAN_BACKGROUND_118550|125659505|PEPAKSAPAPKKGSKKAV,3,0.351298,7.1066,6.791163,7.349208,Frozen score-blind human-background pMHC comparison; technical samples are not biological replicates.
EBV_TCELL_119155::HUMAN_MYELIN_116976,16,EBV_TCELL_119155,HUMAN_MYELIN_116976,HUMAN_BACKGROUND_118550,AKSAPAPKK,EBV_TCELL_119155|1773241610|FIEFVGWLCKKDHTHIREWF,3,HUMAN_BACKGROUND_118550|125659505|PEPAKSAPAPKKGSKKAV,4,0.305627,15.341322,15.172538,15.475023,Frozen score-blind human-background pMHC comparison; technical samples are not biological replicates.
EBV_TCELL_119155::HUMAN_MYELIN_116976,16,EBV_TCELL_119155,HUMAN_MYELIN_116976,HUMAN_BACKGROUND_118550,AKSAPAPKK,EBV_TCELL_119155|1773241610|FIEFVGWLCKKDHTHIREWF,3,HUMAN_BACKGROUND_118550|2101104724|PEPAKSAPAPKKGSKKAV,0,0.341692,6.547162,6.336669,6.710804,Frozen score-blind human-background pMHC comparison; technical samples are not biological replicates.
EBV_TCELL_119155::HUMAN_MYELIN_116976,16,EBV_TCELL_119155,HUMAN_MYELIN_116976,HUMAN_BACKGROUND_118550,AKSAPAPKK,EBV_TCELL_119155|1773241610|FIEFVGWLCKKDHTHIREWF,3,HUMAN_BACKGROUND_118550|2101104724|PEPAKSAPAPKKGSKKAV,1,0.357095,2.728929,2.339676,3.004235,Frozen score-blind human-background pMHC comparison; technical samples are not biological replicates.
EBV_TCELL_119155::HUMAN_MYELIN_116976,16,EBV_TCELL_119155,HUMAN_MYELIN_116976,HUMAN_BACKGROUND_118550,AKSAPAPKK,EBV_TCELL_119155|1773241610|FIEFVGWLCKKDHTHIREWF,3,HUMAN_BACKGROUND_118550|2101104724|PEPAKSAPAPKKGSKKAV,2,0.320445,3.705175,3.179926,4.076939,Frozen score-blind human-background pMHC comparison; technical samples are not biological replicates.
EBV_TCELL_119155::HUMAN_MYELIN_116976,16,EBV_TCELL_119155,HUMAN_MYELIN_116976,HUMAN_BACKGROUND_118550,AKSAPAPKK,EBV_TCELL_119155|1773241610|FIEFVGWLCKKDHTHIREWF,3,HUMAN_BACKGROUND_118550|2101104724|PEPAKSAPAPKKGSKKAV,3,0.334124,15.846664,17.472524,14.414538,Frozen score-blind human-background pMHC comparison; technical samples are not biological replicates.
EBV_TCELL_119155::HUMAN_MYELIN_116976,16,EBV_TCELL_119155,HUMAN_MYELIN_116976,HUMAN_BACKGROUND_118550,AKSAPAPKK,EBV_TCELL_119155|1773241610|FIEFVGWLCKKDHTHIREWF,3,HUMAN_BACKGROUND_118550|2101104724|PEPAKSAPAPKKGSKKAV,4,0.330673,12.150578,11.886556,12.357734,Frozen score-blind human-background pMHC comparison; technical samples are not biological replicates.
EBV_TCELL_119155::HUMAN_MYELIN_116976,16,EBV_TCELL_119155,HUMAN_MYELIN_116976,HUMAN_BACKGROUND_118550,AKSAPAPKK,EBV_TCELL_119155|1773241610|FIEFVGWLCKKDHTHIREWF,4,HUMAN_BACKGROUND_118550|125659505|PEPAKSAPAPKKGSKKAV,0,0.306187,9.547324,9.507187,9.579313,Frozen score-blind human-background pMHC comparison; technical samples are not biological replicates.
EBV_TCELL_119155::HUMAN_MYELIN_116976,16,EBV_TCELL_119155,HUMAN_MYELIN_116976,HUMAN_BACKGROUND_118550,AKSAPAPKK,EBV_TCELL_119155|1773241610|FIEFVGWLCKKDHTHIREWF,4,HUMAN_BACKGROUND_118550|125659505|PEPAKSAPAPKKGSKKAV,1,0.243822,15.655449,17.690143,13.813568,Frozen score-blind human-background pMHC comparison; technical samples are not biological replicates.
EBV_TCELL_119155::HUMAN_MYELIN_116976,16,EBV_TCELL_119155,HUMAN_MYELIN_116976,HUMAN_BACKGROUND_118550,AKSAPAPKK,EBV_TCELL_119155|1773241610|FIEFVGWLCKKDHTHIREWF,4,HUMAN_BACKGROUND_118550|125659505|PEPAKSAPAPKKGSKKAV,2,0.255695,6.831143,6.929731,6.751236,Frozen score-blind human-background pMHC comparison; technical samples are not biological replicates.
EBV_TCELL_119155::HUMAN_MYELIN_116976,16,EBV_TCELL_119155,HUMAN_MYELIN_116976,HUMAN_BACKGROUND_118550,AKSAPAPKK,EBV_TCELL_119155|1773241610|FIEFVGWLCKKDHTHIREWF,4,HUMAN_BACKGROUND_118550|125659505|PEPAKSAPAPKKGSKKAV,3,0.267613,7.632764,7.708081,7.571971,Frozen score-blind human-background pMHC comparison; technical samples are not biological replicates.
EBV_TCELL_119155::HUMAN_MYELIN_116976,16,EBV_TCELL_119155,HUMAN_MYELIN_116976,HUMAN_BACKGROUND_118550,AKSAPAPKK,EBV_TCELL_119155|1773241610|FIEFVGWLCKKDHTHIREWF,4,HUMAN_BACKGROUND_118550|125659505|PEPAKSAPAPKKGSKKAV,4,0.241625,15.976938,16.058946,15.911027,Frozen score-blind human-background pMHC comparison; technical samples are not biological replicates.
EBV_TCELL_119155::HUMAN_MYELIN_116976,16,EBV_TCELL_119155,HUMAN_MYELIN_116976,HUMAN_BACKGROUND_118550,AKSAPAPKK,EBV_TCELL_119155|1773241610|FIEFVGWLCKKDHTHIREWF,4,HUMAN_BACKGROUND_118550|2101104724|PEPAKSAPAPKKGSKKAV,0,0.232845,6.861027,6.992112,6.754328,Frozen score-blind human-background pMHC comparison; technical samples are not biological replicates.
EBV_TCELL_119155::HUMAN_MYELIN_116976,16,EBV_TCELL_119155,HUMAN_MYELIN_116976,HUMAN_BACKGROUND_118550,AKSAPAPKK,EBV_TCELL_119155|1773241610|FIEFVGWLCKKDHTHIREWF,4,HUMAN_BACKGROUND_118550|2101104724|PEPAKSAPAPKKGSKKAV,1,0.26286,0.80097,0.797989,0.803346,Frozen score-blind human-background pMHC comparison; technical samples are not biological replicates.
EBV_TCELL_119155::HUMAN_MYELIN_116976,16,EBV_TCELL_119155,HUMAN_MYELIN_116976,HUMAN_BACKGROUND_118550,AKSAPAPKK,EBV_TCELL_119155|1773241610|FIEFVGWLCKKDHTHIREWF,4,HUMAN_BACKGROUND_118550|2101104724|PEPAKSAPAPKKGSKKAV,2,0.230542,3.72116,3.838026,3.624955,Frozen score-blind human-background pMHC comparison; technical samples are not biological replicates.
EBV_TCELL_119155::HUMAN_MYELIN_116976,16,EBV_TCELL_119155,HUMAN_MYELIN_116976,HUMAN_BACKGROUND_118550,AKSAPAPKK,EBV_TCELL_119155|1773241610|FIEFVGWLCKKDHTHIREWF,4,HUMAN_BACKGROUND_118550|2101104724|PEPAKSAPAPKKGSKKAV,3,0.235943,16.242226,18.348153,14.336459,Frozen score-blind human-background pMHC comparison; technical samples are not biological replicates.
EBV_TCELL_119155::HUMAN_MYELIN_116976,16,EBV_TCELL_119155,HUMAN_MYELIN_116976,HUMAN_BACKGROUND_118550,AKSAPAPKK,EBV_TCELL_119155|1773241610|FIEFVGWLCKKDHTHIREWF,4,HUMAN_BACKGROUND_118550|2101104724|PEPAKSAPAPKKGSKKAV,4,0.239273,12.73971,12.801875,12.689758,Frozen score-blind human-background pMHC comparison; technical samples are not biological replicates.
EBV_TCELL_119155::HUMAN_MYELIN_116976,16,EBV_TCELL_119155,HUMAN_MYELIN_116976,HUMAN_BACKGROUND_119732,FTPAVHASL,EBV_TCELL_119155|1773241610|FIEFVGWLCKKDHTHIREWF,0,HUMAN_BACKGROUND_119732|1742505091|AAHLPAEFTPAVHASLDKF,0,0.228947,16.888024,18.805539,15.180611,Frozen score-blind human-background pMHC comparison; technical samples are not biological replicates.
EBV_TCELL_119155::HUMAN_MYELIN_116976,16,EBV_TCELL_119155,HUMAN_MYELIN_116976,HUMAN_BACKGROUND_119732,FTPAVHASL,EBV_TCELL_119155|1773241610|FIEFVGWLCKKDHTHIREWF,0,HUMAN_BACKGROUND_119732|1742505091|AAHLPAEFTPAVHASLDKF,1,0.135467,18.226252,20.034148,16.639099,Frozen score-blind human-background pMHC comparison; technical samples are not biological replicates.
EBV_TCELL_119155::HUMAN_MYELIN_116976,16,EBV_TCELL_119155,HUMAN_MYELIN_116976,HUMAN_BACKGROUND_119732,FTPAVHASL,EBV_TCELL_119155|1773241610|FIEFVGWLCKKDHTHIREWF,0,HUMAN_BACKGROUND_119732|1742505091|AAHLPAEFTPAVHASLDKF,2,0.216588,15.144306,17.167813,13.30575,Frozen score-blind human-background pMHC comparison; technical samples are not biological replicates.
EBV_TCELL_119155::HUMAN_MYELIN_116976,16,EBV_TCELL_119155,HUMAN_MYELIN_116976,HUMAN_BACKGROUND_119732,FTPAVHASL,EBV_TCELL_119155|1773241610|FIEFVGWLCKKDHTHIREWF,0,HUMAN_BACKGROUND_119732|1742505091|AAHLPAEFTPAVHASLDKF,3,0.107512,16.014263,17.88959,14.338478,Frozen score-blind human-background pMHC comparison; technical samples are not biological replicates.
EBV_TCELL_119155::HUMAN_MYELIN_116976,16,EBV_TCELL_119155,HUMAN_MYELIN_116976,HUMAN_BACKGROUND_119732,FTPAVHASL,EBV_TCELL_119155|1773241610|FIEFVGWLCKKDHTHIREWF,0,HUMAN_BACKGROUND_119732|1742505091|AAHLPAEFTPAVHASLDKF,4,0.129621,9.626595,9.595737,9.651211,Frozen score-blind human-background pMHC comparison; technical samples are not biological replicates.
EBV_TCELL_119155::HUMAN_MYELIN_116976,16,EBV_TCELL_119155,HUMAN_MYELIN_116976,HUMAN_BACKGROUND_119732,FTPAVHASL,EBV_TCELL_119155|1773241610|FIEFVGWLCKKDHTHIREWF,1,HUMAN_BACKGROUND_119732|1742505091|AAHLPAEFTPAVHASLDKF,0,0.260009,17.082027,19.017593,15.358941,Frozen score-blind human-background pMHC comparison; technical samples are not biological replicates.
EBV_TCELL_119155::HUMAN_MYELIN_116976,16,EBV_TCELL_119155,HUMAN_MYELIN_116976,HUMAN_BACKGROUND_119732,FTPAVHASL,EBV_TCELL_119155|1773241610|FIEFVGWLCKKDHTHIREWF,1,HUMAN_BACKGROUND_119732|1742505091|AAHLPAEFTPAVHASLDKF,1,0.176975,18.481708,20.313792,16.873418,Frozen score-blind human-background pMHC comparison; technical samples are not biological replicates.
EBV_TCELL_119155::HUMAN_MYELIN_116976,16,EBV_TCELL_119155,HUMAN_MYELIN_116976,HUMAN_BACKGROUND_119732,FTPAVHASL,EBV_TCELL_119155|1773241610|FIEFVGWLCKKDHTHIREWF,1,HUMAN_BACKGROUND_119732|1742505091|AAHLPAEFTPAVHASLDKF,2,0.249163,15.384329,17.466386,13.489252,Frozen score-blind human-background pMHC comparison; technical samples are not biological replicates.
EBV_TCELL_119155::HUMAN_MYELIN_116976,16,EBV_TCELL_119155,HUMAN_MYELIN_116976,HUMAN_BACKGROUND_119732,FTPAVHASL,EBV_TCELL_119155|1773241610|FIEFVGWLCKKDHTHIREWF,1,HUMAN_BACKGROUND_119732|1742505091|AAHLPAEFTPAVHASLDKF,3,0.162138,15.813555,17.762284,14.061448,Frozen score-blind human-background pMHC comparison; technical samples are not biological replicates.
EBV_TCELL_119155::HUMAN_MYELIN_116976,16,EBV_TCELL_119155,HUMAN_MYELIN_116976,HUMAN_BACKGROUND_119732,FTPAVHASL,EBV_TCELL_119155|1773241610|FIEFVGWLCKKDHTHIREWF,1,HUMAN_BACKGROUND_119732|1742505091|AAHLPAEFTPAVHASLDKF,4,0.182128,10.324766,10.279801,10.360597,Frozen score-blind human-background pMHC comparison; technical samples are not biological replicates.
EBV_TCELL_119155::HUMAN_MYELIN_116976,16,EBV_TCELL_119155,HUMAN_MYELIN_116976,HUMAN_BACKGROUND_119732,FTPAVHASL,EBV_TCELL_119155|1773241610|FIEFVGWLCKKDHTHIREWF,2,HUMAN_BACKGROUND_119732|1742505091|AAHLPAEFTPAVHASLDKF,0,0.203608,16.751305,18.569557,15.140292,Frozen score-blind human-background pMHC comparison; technical samples are not biological replicates.
EBV_TCELL_119155::HUMAN_MYELIN_116976,16,EBV_TCELL_119155,HUMAN_MYELIN_116976,HUMAN_BACKGROUND_119732,FTPAVHASL,EBV_TCELL_119155|1773241610|FIEFVGWLCKKDHTHIREWF,2,HUMAN_BACKGROUND_119732|1742505091|AAHLPAEFTPAVHASLDKF,1,0.153818,18.149988,19.850631,16.664984,Frozen score-blind human-background pMHC comparison; technical samples are not biological replicates.
EBV_TCELL_119155::HUMAN_MYELIN_116976,16,EBV_TCELL_119155,HUMAN_MYELIN_116976,HUMAN_BACKGROUND_119732,FTPAVHASL,EBV_TCELL_119155|1773241610|FIEFVGWLCKKDHTHIREWF,2,HUMAN_BACKGROUND_119732|1742505091|AAHLPAEFTPAVHASLDKF,2,0.194727,15.051838,17.009627,13.279388,Frozen score-blind human-background pMHC comparison; technical samples are not biological replicates.
EBV_TCELL_119155::HUMAN_MYELIN_116976,16,EBV_TCELL_119155,HUMAN_MYELIN_116976,HUMAN_BACKGROUND_119732,FTPAVHASL,EBV_TCELL_119155|1773241610|FIEFVGWLCKKDHTHIREWF,2,HUMAN_BACKGROUND_119732|1742505091|AAHLPAEFTPAVHASLDKF,3,0.150447,15.587407,17.404383,13.964635,Frozen score-blind human-background pMHC comparison; technical samples are not biological replicates.
EBV_TCELL_119155::HUMAN_MYELIN_116976,16,EBV_TCELL_119155,HUMAN_MYELIN_116976,HUMAN_BACKGROUND_119732,FTPAVHASL,EBV_TCELL_119155|1773241610|FIEFVGWLCKKDHTHIREWF,2,HUMAN_BACKGROUND_119732|1742505091|AAHLPAEFTPAVHASLDKF,4,0.157197,10.145102,10.054064,10.217348,Frozen score-blind human-background pMHC comparison; technical samples are not biological replicates.
EBV_TCELL_119155::HUMAN_MYELIN_116976,16,EBV_TCELL_119155,HUMAN_MYELIN_116976,HUMAN_BACKGROUND_119732,FTPAVHASL,EBV_TCELL_119155|1773241610|FIEFVGWLCKKDHTHIREWF,3,HUMAN_BACKGROUND_119732|1742505091|AAHLPAEFTPAVHASLDKF,0,0.335816,15.155145,16.745433,13.751128,Frozen score-blind human-background pMHC comparison; technical samples are not biological replicates.
EBV_TCELL_119155::HUMAN_MYELIN_116976,16,EBV_TCELL_119155,HUMAN_MYELIN_116976,HUMAN_BACKGROUND_119732,FTPAVHASL,EBV_TCELL_119155|1773241610|FIEFVGWLCKKDHTHIREWF,3,HUMAN_BACKGROUND_119732|1742505091|AAHLPAEFTPAVHASLDKF,1,0.271844,15.656809,17.366641,14.140864,Frozen score-blind human-background pMHC comparison; technical samples are not biological replicates.
EBV_TCELL_119155::HUMAN_MYELIN_116976,16,EBV_TCELL_119155,HUMAN_MYELIN_116976,HUMAN_BACKGROUND_119732,FTPAVHASL,EBV_TCELL_119155|1773241610|FIEFVGWLCKKDHTHIREWF,3,HUMAN_BACKGROUND_119732|1742505091|AAHLPAEFTPAVHASLDKF,2,0.286458,13.735981,15.294712,12.348132,Frozen score-blind human-background pMHC comparison; technical samples are not biological replicates.
EBV_TCELL_119155::HUMAN_MYELIN_116976,16,EBV_TCELL_119155,HUMAN_MYELIN_116976,HUMAN_BACKGROUND_119732,FTPAVHASL,EBV_TCELL_119155|1773241610|FIEFVGWLCKKDHTHIREWF,3,HUMAN_BACKGROUND_119732|1742505091|AAHLPAEFTPAVHASLDKF,3,0.230895,19.50579,20.536944,18.63984,Frozen score-blind human-background pMHC comparison; technical samples are not biological replicates.
EBV_TCELL_119155::HUMAN_MYELIN_116976,16,EBV_TCELL_119155,HUMAN_MYELIN_116976,HUMAN_BACKGROUND_119732,FTPAVHASL,EBV_TCELL_119155|1773241610|FIEFVGWLCKKDHTHIREWF,3,HUMAN_BACKGROUND_119732|1742505091|AAHLPAEFTPAVHASLDKF,4,0.256967,2.51272,2.24612,2.707163,Frozen score-blind human-background pMHC comparison; technical samples are not biological replicates.
EBV_TCELL_119155::HUMAN_MYELIN_116976,16,EBV_TCELL_119155,HUMAN_MYELIN_116976,HUMAN_BACKGROUND_119732,FTPAVHASL,EBV_TCELL_119155|1773241610|FIEFVGWLCKKDHTHIREWF,4,HUMAN_BACKGROUND_119732|1742505091|AAHLPAEFTPAVHASLDKF,0,0.251536,15.581286,17.766805,13.581978,Frozen score-blind human-background pMHC comparison; technical samples are not biological replicates.
EBV_TCELL_119155::HUMAN_MYELIN_116976,16,EBV_TCELL_119155,HUMAN_MYELIN_116976,HUMAN_BACKGROUND_119732,FTPAVHASL,EBV_TCELL_119155|1773241610|FIEFVGWLCKKDHTHIREWF,4,HUMAN_BACKGROUND_119732|1742505091|AAHLPAEFTPAVHASLDKF,1,0.19006,16.0893,18.287404,14.085977,Frozen score-blind human-background pMHC comparison; technical samples are not biological replicates.
EBV_TCELL_119155::HUMAN_MYELIN_116976,16,EBV_TCELL_119155,HUMAN_MYELIN_116976,HUMAN_BACKGROUND_119732,FTPAVHASL,EBV_TCELL_119155|1773241610|FIEFVGWLCKKDHTHIREWF,4,HUMAN_BACKGROUND_119732|1742505091|AAHLPAEFTPAVHASLDKF,2,0.238574,14.339101,16.463262,12.380085,Frozen score-blind human-background pMHC comparison; technical samples are not biological replicates.
EBV_TCELL_119155::HUMAN_MYELIN_116976,16,EBV_TCELL_119155,HUMAN_MYELIN_116976,HUMAN_BACKGROUND_119732,FTPAVHASL,EBV_TCELL_119155|1773241610|FIEFVGWLCKKDHTHIREWF,4,HUMAN_BACKGROUND_119732|1742505091|AAHLPAEFTPAVHASLDKF,3,0.172056,20.491011,22.020702,19.179618,Frozen score-blind human-background pMHC comparison; technical samples are not biological replicates.
EBV_TCELL_119155::HUMAN_MYELIN_116976,16,EBV_TCELL_119155,HUMAN_MYELIN_116976,HUMAN_BACKGROUND_119732,FTPAVHASL,EBV_TCELL_119155|1773241610|FIEFVGWLCKKDHTHIREWF,4,HUMAN_BACKGROUND_119732|1742505091|AAHLPAEFTPAVHASLDKF,4,0.165134,0.94981,0.906205,0.983303,Frozen score-blind human-background pMHC comparison; technical samples are not biological replicates.
EBV_TCELL_119155::HUMAN_MYELIN_116995,17,EBV_TCELL_119155,HUMAN_MYELIN_116995,HUMAN_BACKGROUND_115891,VSWYQQALG,EBV_TCELL_119155|1773241610|FIEFVGWLCKKDHTHIREWF,0,HUMAN_BACKGROUND_115891|1224417544|PKSGHDTVSWYQQALGQG,0,0.290228,13.04842,12.954546,13.123036,Frozen score-blind human-background pMHC comparison; technical samples are not biological replicates.
EBV_TCELL_119155::HUMAN_MYELIN_116995,17,EBV_TCELL_119155,HUMAN_MYELIN_116995,HUMAN_BACKGROUND_115891,VSWYQQALG,EBV_TCELL_119155|1773241610|FIEFVGWLCKKDHTHIREWF,0,HUMAN_BACKGROUND_115891|1224417544|PKSGHDTVSWYQQALGQG,1,0.2974,9.578952,9.668359,9.506821,Frozen score-blind human-background pMHC comparison; technical samples are not biological replicates.
EBV_TCELL_119155::HUMAN_MYELIN_116995,17,EBV_TCELL_119155,HUMAN_MYELIN_116995,HUMAN_BACKGROUND_115891,VSWYQQALG,EBV_TCELL_119155|1773241610|FIEFVGWLCKKDHTHIREWF,0,HUMAN_BACKGROUND_115891|1224417544|PKSGHDTVSWYQQALGQG,2,0.270851,9.421669,9.476959,9.377202,Frozen score-blind human-background pMHC comparison; technical samples are not biological replicates.
EBV_TCELL_119155::HUMAN_MYELIN_116995,17,EBV_TCELL_119155,HUMAN_MYELIN_116995,HUMAN_BACKGROUND_115891,VSWYQQALG,EBV_TCELL_119155|1773241610|FIEFVGWLCKKDHTHIREWF,0,HUMAN_BACKGROUND_115891|1224417544|PKSGHDTVSWYQQALGQG,3,0.187699,12.691167,12.573344,12.784643,Frozen score-blind human-background pMHC comparison; technical samples are not biological replicates.
EBV_TCELL_119155::HUMAN_MYELIN_116995,17,EBV_TCELL_119155,HUMAN_MYELIN_116995,HUMAN_BACKGROUND_115891,VSWYQQALG,EBV_TCELL_119155|1773241610|FIEFVGWLCKKDHTHIREWF,0,HUMAN_BACKGROUND_115891|1224417544|PKSGHDTVSWYQQALGQG,4,0.239401,12.950242,12.756714,13.103007,Frozen score-blind human-background pMHC comparison; technical samples are not biological replicates.
EBV_TCELL_119155::HUMAN_MYELIN_116995,17,EBV_TCELL_119155,HUMAN_MYELIN_116995,HUMAN_BACKGROUND_115891,VSWYQQALG,EBV_TCELL_119155|1773241610|FIEFVGWLCKKDHTHIREWF,1,HUMAN_BACKGROUND_115891|1224417544|PKSGHDTVSWYQQALGQG,0,0.314639,13.718267,13.561808,13.84216,Frozen score-blind human-background pMHC comparison; technical samples are not biological replicates.
EBV_TCELL_119155::HUMAN_MYELIN_116995,17,EBV_TCELL_119155,HUMAN_MYELIN_116995,HUMAN_BACKGROUND_115891,VSWYQQALG,EBV_TCELL_119155|1773241610|FIEFVGWLCKKDHTHIREWF,1,HUMAN_BACKGROUND_115891|1224417544|PKSGHDTVSWYQQALGQG,1,0.339209,10.279044,10.342289,10.228167,Frozen score-blind human-background pMHC comparison; technical samples are not biological replicates.
EBV_TCELL_119155::HUMAN_MYELIN_116995,17,EBV_TCELL_119155,HUMAN_MYELIN_116995,HUMAN_BACKGROUND_115891,VSWYQQALG,EBV_TCELL_119155|1773241610|FIEFVGWLCKKDHTHIREWF,1,HUMAN_BACKGROUND_115891|1224417544|PKSGHDTVSWYQQALGQG,2,0.313142,10.128135,10.160758,10.10196,Frozen score-blind human-background pMHC comparison; technical samples are not biological replicates.
EBV_TCELL_119155::HUMAN_MYELIN_116995,17,EBV_TCELL_119155,HUMAN_MYELIN_116995,HUMAN_BACKGROUND_115891,VSWYQQALG,EBV_TCELL_119155|1773241610|FIEFVGWLCKKDHTHIREWF,1,HUMAN_BACKGROUND_115891|1224417544|PKSGHDTVSWYQQALGQG,3,0.237473,13.349457,13.146417,13.509693,Frozen score-blind human-background pMHC comparison; technical samples are not biological replicates.
EBV_TCELL_119155::HUMAN_MYELIN_116995,17,EBV_TCELL_119155,HUMAN_MYELIN_116995,HUMAN_BACKGROUND_115891,VSWYQQALG,EBV_TCELL_119155|1773241610|FIEFVGWLCKKDHTHIREWF,1,HUMAN_BACKGROUND_115891|1224417544|PKSGHDTVSWYQQALGQG,4,0.297767,13.613966,13.336476,13.83195,Frozen score-blind human-background pMHC comparison; technical samples are not biological replicates.
EBV_TCELL_119155::HUMAN_MYELIN_116995,17,EBV_TCELL_119155,HUMAN_MYELIN_116995,HUMAN_BACKGROUND_115891,VSWYQQALG,EBV_TCELL_119155|1773241610|FIEFVGWLCKKDHTHIREWF,2,HUMAN_BACKGROUND_115891|1224417544|PKSGHDTVSWYQQALGQG,0,0.26503,13.583518,13.39517,13.732337,Frozen score-blind human-background pMHC comparison; technical samples are not biological replicates.
EBV_TCELL_119155::HUMAN_MYELIN_116995,17,EBV_TCELL_119155,HUMAN_MYELIN_116995,HUMAN_BACKGROUND_115891,VSWYQQALG,EBV_TCELL_119155|1773241610|FIEFVGWLCKKDHTHIREWF,2,HUMAN_BACKGROUND_115891|1224417544|PKSGHDTVSWYQQALGQG,1,0.275763,10.117445,10.136236,10.102387,Frozen score-blind human-background pMHC comparison; technical samples are not biological replicates.
EBV_TCELL_119155::HUMAN_MYELIN_116995,17,EBV_TCELL_119155,HUMAN_MYELIN_116995,HUMAN_BACKGROUND_115891,VSWYQQALG,EBV_TCELL_119155|1773241610|FIEFVGWLCKKDHTHIREWF,2,HUMAN_BACKGROUND_115891|1224417544|PKSGHDTVSWYQQALGQG,2,0.279287,9.963983,9.949449,9.975596,Frozen score-blind human-background pMHC comparison; technical samples are not biological replicates.
EBV_TCELL_119155::HUMAN_MYELIN_116995,17,EBV_TCELL_119155,HUMAN_MYELIN_116995,HUMAN_BACKGROUND_115891,VSWYQQALG,EBV_TCELL_119155|1773241610|FIEFVGWLCKKDHTHIREWF,2,HUMAN_BACKGROUND_115891|1224417544|PKSGHDTVSWYQQALGQG,3,0.199433,13.213659,12.979481,13.398055,Frozen score-blind human-background pMHC comparison; technical samples are not biological replicates.
EBV_TCELL_119155::HUMAN_MYELIN_116995,17,EBV_TCELL_119155,HUMAN_MYELIN_116995,HUMAN_BACKGROUND_115891,VSWYQQALG,EBV_TCELL_119155|1773241610|FIEFVGWLCKKDHTHIREWF,2,HUMAN_BACKGROUND_115891|1224417544|PKSGHDTVSWYQQALGQG,4,0.24792,13.481527,13.173784,13.722752,Frozen score-blind human-background pMHC comparison; technical samples are not biological replicates.
EBV_TCELL_119155::HUMAN_MYELIN_116995,17,EBV_TCELL_119155,HUMAN_MYELIN_116995,HUMAN_BACKGROUND_115891,VSWYQQALG,EBV_TCELL_119155|1773241610|FIEFVGWLCKKDHTHIREWF,3,HUMAN_BACKGROUND_115891|1224417544|PKSGHDTVSWYQQALGQG,0,0.376334,4.853692,4.808883,4.889243,Frozen score-blind human-background pMHC comparison; technical samples are not biological replicates.
EBV_TCELL_119155::HUMAN_MYELIN_116995,17,EBV_TCELL_119155,HUMAN_MYELIN_116995,HUMAN_BACKGROUND_115891,VSWYQQALG,EBV_TCELL_119155|1773241610|FIEFVGWLCKKDHTHIREWF,3,HUMAN_BACKGROUND_115891|1224417544|PKSGHDTVSWYQQALGQG,1,0.41558,2.530573,2.306694,2.696325,Frozen score-blind human-background pMHC comparison; technical samples are not biological replicates.
EBV_TCELL_119155::HUMAN_MYELIN_116995,17,EBV_TCELL_119155,HUMAN_MYELIN_116995,HUMAN_BACKGROUND_115891,VSWYQQALG,EBV_TCELL_119155|1773241610|FIEFVGWLCKKDHTHIREWF,3,HUMAN_BACKGROUND_115891|1224417544|PKSGHDTVSWYQQALGQG,2,0.405286,2.405174,2.189605,2.564616,Frozen score-blind human-background pMHC comparison; technical samples are not biological replicates.
EBV_TCELL_119155::HUMAN_MYELIN_116995,17,EBV_TCELL_119155,HUMAN_MYELIN_116995,HUMAN_BACKGROUND_115891,VSWYQQALG,EBV_TCELL_119155|1773241610|FIEFVGWLCKKDHTHIREWF,3,HUMAN_BACKGROUND_115891|1224417544|PKSGHDTVSWYQQALGQG,3,0.316724,4.575253,4.462644,4.663384,Frozen score-blind human-background pMHC comparison; technical samples are not biological replicates.
EBV_TCELL_119155::HUMAN_MYELIN_116995,17,EBV_TCELL_119155,HUMAN_MYELIN_116995,HUMAN_BACKGROUND_115891,VSWYQQALG,EBV_TCELL_119155|1773241610|FIEFVGWLCKKDHTHIREWF,3,HUMAN_BACKGROUND_115891|1224417544|PKSGHDTVSWYQQALGQG,4,0.351739,4.679212,4.575006,4.760935,Frozen score-blind human-background pMHC comparison; technical samples are not biological replicates.
EBV_TCELL_119155::HUMAN_MYELIN_116995,17,EBV_TCELL_119155,HUMAN_MYELIN_116995,HUMAN_BACKGROUND_115891,VSWYQQALG,EBV_TCELL_119155|1773241610|FIEFVGWLCKKDHTHIREWF,4,HUMAN_BACKGROUND_115891|1224417544|PKSGHDTVSWYQQALGQG,0,0.304078,3.911548,3.924008,3.901551,Frozen score-blind human-background pMHC comparison; technical samples are not biological replicates.
EBV_TCELL_119155::HUMAN_MYELIN_116995,17,EBV_TCELL_119155,HUMAN_MYELIN_116995,HUMAN_BACKGROUND_115891,VSWYQQALG,EBV_TCELL_119155|1773241610|FIEFVGWLCKKDHTHIREWF,4,HUMAN_BACKGROUND_115891|1224417544|PKSGHDTVSWYQQALGQG,1,0.322756,0.481261,0.449184,0.505459,Frozen score-blind human-background pMHC comparison; technical samples are not biological replicates.
EBV_TCELL_119155::HUMAN_MYELIN_116995,17,EBV_TCELL_119155,HUMAN_MYELIN_116995,HUMAN_BACKGROUND_115891,VSWYQQALG,EBV_TCELL_119155|1773241610|FIEFVGWLCKKDHTHIREWF,4,HUMAN_BACKGROUND_115891|1224417544|PKSGHDTVSWYQQALGQG,2,0.298197,0.550494,0.522113,0.572185,Frozen score-blind human-background pMHC comparison; technical samples are not biological replicates.
EBV_TCELL_119155::HUMAN_MYELIN_116995,17,EBV_TCELL_119155,HUMAN_MYELIN_116995,HUMAN_BACKGROUND_115891,VSWYQQALG,EBV_TCELL_119155|1773241610|FIEFVGWLCKKDHTHIREWF,4,HUMAN_BACKGROUND_115891|1224417544|PKSGHDTVSWYQQALGQG,3,0.221946,3.624956,3.61468,3.633156,Frozen score-blind human-background pMHC comparison; technical samples are not biological replicates.
EBV_TCELL_119155::HUMAN_MYELIN_116995,17,EBV_TCELL_119155,HUMAN_MYELIN_116995,HUMAN_BACKGROUND_115891,VSWYQQALG,EBV_TCELL_119155|1773241610|FIEFVGWLCKKDHTHIREWF,4,HUMAN_BACKGROUND_115891|1224417544|PKSGHDTVSWYQQALGQG,4,0.272415,3.869521,3.819691,3.908927,Frozen score-blind human-background pMHC comparison; technical samples are not biological replicates.
EBV_TCELL_119155::HUMAN_MYELIN_116995,17,EBV_TCELL_119155,HUMAN_MYELIN_116995,HUMAN_BACKGROUND_118550,AKSAPAPKK,EBV_TCELL_119155|1773241610|FIEFVGWLCKKDHTHIREWF,0,HUMAN_BACKGROUND_118550|125659505|PEPAKSAPAPKKGSKKAV,0,0.298569,1.248653,0.965534,1.435492,Frozen score-blind human-background pMHC comparison; technical samples are not biological replicates.
EBV_TCELL_119155::HUMAN_MYELIN_116995,17,EBV_TCELL_119155,HUMAN_MYELIN_116995,HUMAN_BACKGROUND_118550,AKSAPAPKK,EBV_TCELL_119155|1773241610|FIEFVGWLCKKDHTHIREWF,0,HUMAN_BACKGROUND_118550|125659505|PEPAKSAPAPKKGSKKAV,1,0.237618,19.172304,20.672203,17.882031,Frozen score-blind human-background pMHC comparison; technical samples are not biological replicates.
EBV_TCELL_119155::HUMAN_MYELIN_116995,17,EBV_TCELL_119155,HUMAN_MYELIN_116995,HUMAN_BACKGROUND_118550,AKSAPAPKK,EBV_TCELL_119155|1773241610|FIEFVGWLCKKDHTHIREWF,0,HUMAN_BACKGROUND_118550|125659505|PEPAKSAPAPKKGSKKAV,2,0.237785,3.915421,4.207329,3.665195,Frozen score-blind human-background pMHC comparison; technical samples are not biological replicates.
EBV_TCELL_119155::HUMAN_MYELIN_116995,17,EBV_TCELL_119155,HUMAN_MYELIN_116995,HUMAN_BACKGROUND_118550,AKSAPAPKK,EBV_TCELL_119155|1773241610|FIEFVGWLCKKDHTHIREWF,0,HUMAN_BACKGROUND_118550|125659505|PEPAKSAPAPKKGSKKAV,3,0.257317,3.034441,3.326799,2.778493,Frozen score-blind human-background pMHC comparison; technical samples are not biological replicates.
EBV_TCELL_119155::HUMAN_MYELIN_116995,17,EBV_TCELL_119155,HUMAN_MYELIN_116995,HUMAN_BACKGROUND_118550,AKSAPAPKK,EBV_TCELL_119155|1773241610|FIEFVGWLCKKDHTHIREWF,0,HUMAN_BACKGROUND_118550|125659505|PEPAKSAPAPKKGSKKAV,4,0.215255,6.754739,6.931224,6.61016,Frozen score-blind human-background pMHC comparison; technical samples are not biological replicates.
EBV_TCELL_119155::HUMAN_MYELIN_116995,17,EBV_TCELL_119155,HUMAN_MYELIN_116995,HUMAN_BACKGROUND_118550,AKSAPAPKK,EBV_TCELL_119155|1773241610|FIEFVGWLCKKDHTHIREWF,0,HUMAN_BACKGROUND_118550|2101104724|PEPAKSAPAPKKGSKKAV,0,0.209903,3.873063,4.2054,3.585081,Frozen score-blind human-background pMHC comparison; technical samples are not biological replicates.
EBV_TCELL_119155::HUMAN_MYELIN_116995,17,EBV_TCELL_119155,HUMAN_MYELIN_116995,HUMAN_BACKGROUND_118550,AKSAPAPKK,EBV_TCELL_119155|1773241610|FIEFVGWLCKKDHTHIREWF,0,HUMAN_BACKGROUND_118550|2101104724|PEPAKSAPAPKKGSKKAV,1,0.240882,9.422543,9.476382,9.379249,Frozen score-blind human-background pMHC comparison; technical samples are not biological replicates.
EBV_TCELL_119155::HUMAN_MYELIN_116995,17,EBV_TCELL_119155,HUMAN_MYELIN_116995,HUMAN_BACKGROUND_118550,AKSAPAPKK,EBV_TCELL_119155|1773241610|FIEFVGWLCKKDHTHIREWF,0,HUMAN_BACKGROUND_118550|2101104724|PEPAKSAPAPKKGSKKAV,2,0.214579,6.924052,6.969836,6.887207,Frozen score-blind human-background pMHC comparison; technical samples are not biological replicates.
EBV_TCELL_119155::HUMAN_MYELIN_116995,17,EBV_TCELL_119155,HUMAN_MYELIN_116995,HUMAN_BACKGROUND_118550,AKSAPAPKK,EBV_TCELL_119155|1773241610|FIEFVGWLCKKDHTHIREWF,0,HUMAN_BACKGROUND_118550|2101104724|PEPAKSAPAPKKGSKKAV,3,0.221512,18.694612,20.420072,17.189993,Frozen score-blind human-background pMHC comparison; technical samples are not biological replicates.
EBV_TCELL_119155::HUMAN_MYELIN_116995,17,EBV_TCELL_119155,HUMAN_MYELIN_116995,HUMAN_BACKGROUND_118550,AKSAPAPKK,EBV_TCELL_119155|1773241610|FIEFVGWLCKKDHTHIREWF,0,HUMAN_BACKGROUND_118550|2101104724|PEPAKSAPAPKKGSKKAV,4,0.194301,3.476502,3.33064,3.588926,Frozen score-blind human-background pMHC comparison; technical samples are not biological replicates.
EBV_TCELL_119155::HUMAN_MYELIN_116995,17,EBV_TCELL_119155,HUMAN_MYELIN_116995,HUMAN_BACKGROUND_118550,AKSAPAPKK,EBV_TCELL_119155|1773241610|FIEFVGWLCKKDHTHIREWF,1,HUMAN_BACKGROUND_118550|125659505|PEPAKSAPAPKKGSKKAV,0,0.33483,1.580726,1.36768,1.732401,Frozen score-blind human-background pMHC comparison; technical samples are not biological replicates.
EBV_TCELL_119155::HUMAN_MYELIN_116995,17,EBV_TCELL_119155,HUMAN_MYELIN_116995,HUMAN_BACKGROUND_118550,AKSAPAPKK,EBV_TCELL_119155|1773241610|FIEFVGWLCKKDHTHIREWF,1,HUMAN_BACKGROUND_118550|125659505|PEPAKSAPAPKKGSKKAV,1,0.285785,19.471154,20.989476,18.165352,Frozen score-blind human-background pMHC comparison; technical samples are not biological replicates.
EBV_TCELL_119155::HUMAN_MYELIN_116995,17,EBV_TCELL_119155,HUMAN_MYELIN_116995,HUMAN_BACKGROUND_118550,AKSAPAPKK,EBV_TCELL_119155|1773241610|FIEFVGWLCKKDHTHIREWF,1,HUMAN_BACKGROUND_118550|125659505|PEPAKSAPAPKKGSKKAV,2,0.280352,4.389101,4.394119,4.385082,Frozen score-blind human-background pMHC comparison; technical samples are not biological replicates.
EBV_TCELL_119155::HUMAN_MYELIN_116995,17,EBV_TCELL_119155,HUMAN_MYELIN_116995,HUMAN_BACKGROUND_118550,AKSAPAPKK,EBV_TCELL_119155|1773241610|FIEFVGWLCKKDHTHIREWF,1,HUMAN_BACKGROUND_118550|125659505|PEPAKSAPAPKKGSKKAV,3,0.301512,3.543217,3.650888,3.454664,Frozen score-blind human-background pMHC comparison; technical samples are not biological replicates.
EBV_TCELL_119155::HUMAN_MYELIN_116995,17,EBV_TCELL_119155,HUMAN_MYELIN_116995,HUMAN_BACKGROUND_118550,AKSAPAPKK,EBV_TCELL_119155|1773241610|FIEFVGWLCKKDHTHIREWF,1,HUMAN_BACKGROUND_118550|125659505|PEPAKSAPAPKKGSKKAV,4,0.260998,6.165612,6.249995,6.097265,Frozen score-blind human-background pMHC comparison; technical samples are not biological replicates.
EBV_TCELL_119155::HUMAN_MYELIN_116995,17,EBV_TCELL_119155,HUMAN_MYELIN_116995,HUMAN_BACKGROUND_118550,AKSAPAPKK,EBV_TCELL_119155|1773241610|FIEFVGWLCKKDHTHIREWF,1,HUMAN_BACKGROUND_118550|2101104724|PEPAKSAPAPKKGSKKAV,0,0.246377,4.335372,4.372543,4.305404,Frozen score-blind human-background pMHC comparison; technical samples are not biological replicates.
EBV_TCELL_119155::HUMAN_MYELIN_116995,17,EBV_TCELL_119155,HUMAN_MYELIN_116995,HUMAN_BACKGROUND_118550,AKSAPAPKK,EBV_TCELL_119155|1773241610|FIEFVGWLCKKDHTHIREWF,1,HUMAN_BACKGROUND_118550|2101104724|PEPAKSAPAPKKGSKKAV,1,0.278559,10.108956,10.13489,10.08816,Frozen score-blind human-background pMHC comparison; technical samples are not biological replicates.
EBV_TCELL_119155::HUMAN_MYELIN_116995,17,EBV_TCELL_119155,HUMAN_MYELIN_116995,HUMAN_BACKGROUND_118550,AKSAPAPKK,EBV_TCELL_119155|1773241610|FIEFVGWLCKKDHTHIREWF,1,HUMAN_BACKGROUND_118550|2101104724|PEPAKSAPAPKKGSKKAV,2,0.256668,7.632209,7.649573,7.618289,Frozen score-blind human-background pMHC comparison; technical samples are not biological replicates.
EBV_TCELL_119155::HUMAN_MYELIN_116995,17,EBV_TCELL_119155,HUMAN_MYELIN_116995,HUMAN_BACKGROUND_118550,AKSAPAPKK,EBV_TCELL_119155|1773241610|FIEFVGWLCKKDHTHIREWF,1,HUMAN_BACKGROUND_118550|2101104724|PEPAKSAPAPKKGSKKAV,3,0.250489,18.956887,20.698804,17.438521,Frozen score-blind human-background pMHC comparison; technical samples are not biological replicates.
EBV_TCELL_119155::HUMAN_MYELIN_116995,17,EBV_TCELL_119155,HUMAN_MYELIN_116995,HUMAN_BACKGROUND_118550,AKSAPAPKK,EBV_TCELL_119155|1773241610|FIEFVGWLCKKDHTHIREWF,1,HUMAN_BACKGROUND_118550|2101104724|PEPAKSAPAPKKGSKKAV,4,0.250387,2.99845,2.622776,3.268043,Frozen score-blind human-background pMHC comparison; technical samples are not biological replicates.
EBV_TCELL_119155::HUMAN_MYELIN_116995,17,EBV_TCELL_119155,HUMAN_MYELIN_116995,HUMAN_BACKGROUND_118550,AKSAPAPKK,EBV_TCELL_119155|1773241610|FIEFVGWLCKKDHTHIREWF,2,HUMAN_BACKGROUND_118550|125659505|PEPAKSAPAPKKGSKKAV,0,0.264328,1.529544,1.300915,1.690328,Frozen score-blind human-background pMHC comparison; technical samples are not biological replicates.
EBV_TCELL_119155::HUMAN_MYELIN_116995,17,EBV_TCELL_119155,HUMAN_MYELIN_116995,HUMAN_BACKGROUND_118550,AKSAPAPKK,EBV_TCELL_119155|1773241610|FIEFVGWLCKKDHTHIREWF,2,HUMAN_BACKGROUND_118550|125659505|PEPAKSAPAPKKGSKKAV,1,0.232885,19.149749,20.529548,17.96979,Frozen score-blind human-background pMHC comparison; technical samples are not biological replicates.
EBV_TCELL_119155::HUMAN_MYELIN_116995,17,EBV_TCELL_119155,HUMAN_MYELIN_116995,HUMAN_BACKGROUND_118550,AKSAPAPKK,EBV_TCELL_119155|1773241610|FIEFVGWLCKKDHTHIREWF,2,HUMAN_BACKGROUND_118550|125659505|PEPAKSAPAPKKGSKKAV,2,0.214391,4.284482,4.371739,4.213376,Frozen score-blind human-background pMHC comparison; technical samples are not biological replicates.
EBV_TCELL_119155::HUMAN_MYELIN_116995,17,EBV_TCELL_119155,HUMAN_MYELIN_116995,HUMAN_BACKGROUND_118550,AKSAPAPKK,EBV_TCELL_119155|1773241610|FIEFVGWLCKKDHTHIREWF,2,HUMAN_BACKGROUND_118550|125659505|PEPAKSAPAPKKGSKKAV,3,0.243989,3.455397,3.633424,3.30608,Frozen score-blind human-background pMHC comparison; technical samples are not biological replicates.
EBV_TCELL_119155::HUMAN_MYELIN_116995,17,EBV_TCELL_119155,HUMAN_MYELIN_116995,HUMAN_BACKGROUND_118550,AKSAPAPKK,EBV_TCELL_119155|1773241610|FIEFVGWLCKKDHTHIREWF,2,HUMAN_BACKGROUND_118550|125659505|PEPAKSAPAPKKGSKKAV,4,0.185113,6.439106,6.588594,6.316968,Frozen score-blind human-background pMHC comparison; technical samples are not biological replicates.
EBV_TCELL_119155::HUMAN_MYELIN_116995,17,EBV_TCELL_119155,HUMAN_MYELIN_116995,HUMAN_BACKGROUND_118550,AKSAPAPKK,EBV_TCELL_119155|1773241610|FIEFVGWLCKKDHTHIREWF,2,HUMAN_BACKGROUND_118550|2101104724|PEPAKSAPAPKKGSKKAV,0,0.2144,4.243723,4.370717,4.139325,Frozen score-blind human-background pMHC comparison; technical samples are not biological replicates.
EBV_TCELL_119155::HUMAN_MYELIN_116995,17,EBV_TCELL_119155,HUMAN_MYELIN_116995,HUMAN_BACKGROUND_118550,AKSAPAPKK,EBV_TCELL_119155|1773241610|FIEFVGWLCKKDHTHIREWF,2,HUMAN_BACKGROUND_118550|2101104724|PEPAKSAPAPKKGSKKAV,1,0.222906,9.937032,9.926429,9.945506,Frozen score-blind human-background pMHC comparison; technical samples are not biological replicates.
EBV_TCELL_119155::HUMAN_MYELIN_116995,17,EBV_TCELL_119155,HUMAN_MYELIN_116995,HUMAN_BACKGROUND_118550,AKSAPAPKK,EBV_TCELL_119155|1773241610|FIEFVGWLCKKDHTHIREWF,2,HUMAN_BACKGROUND_118550|2101104724|PEPAKSAPAPKKGSKKAV,2,0.212488,7.463196,7.434561,7.486025,Frozen score-blind human-background pMHC comparison; technical samples are not biological replicates.
EBV_TCELL_119155::HUMAN_MYELIN_116995,17,EBV_TCELL_119155,HUMAN_MYELIN_116995,HUMAN_BACKGROUND_118550,AKSAPAPKK,EBV_TCELL_119155|1773241610|FIEFVGWLCKKDHTHIREWF,2,HUMAN_BACKGROUND_118550|2101104724|PEPAKSAPAPKKGSKKAV,3,0.220391,18.613562,20.230776,17.210723,Frozen score-blind human-background pMHC comparison; technical samples are not biological replicates.
EBV_TCELL_119155::HUMAN_MYELIN_116995,17,EBV_TCELL_119155,HUMAN_MYELIN_116995,HUMAN_BACKGROUND_118550,AKSAPAPKK,EBV_TCELL_119155|1773241610|FIEFVGWLCKKDHTHIREWF,2,HUMAN_BACKGROUND_118550|2101104724|PEPAKSAPAPKKGSKKAV,4,0.196812,3.243272,2.837119,3.534752,Frozen score-blind human-background pMHC comparison; technical samples are not biological replicates.
EBV_TCELL_119155::HUMAN_MYELIN_116995,17,EBV_TCELL_119155,HUMAN_MYELIN_116995,HUMAN_BACKGROUND_118550,AKSAPAPKK,EBV_TCELL_119155|1773241610|FIEFVGWLCKKDHTHIREWF,3,HUMAN_BACKGROUND_118550|125659505|PEPAKSAPAPKKGSKKAV,0,0.414581,9.008554,8.616862,9.31005,Frozen score-blind human-background pMHC comparison; technical samples are not biological replicates.
EBV_TCELL_119155::HUMAN_MYELIN_116995,17,EBV_TCELL_119155,HUMAN_MYELIN_116995,HUMAN_BACKGROUND_118550,AKSAPAPKK,EBV_TCELL_119155|1773241610|FIEFVGWLCKKDHTHIREWF,3,HUMAN_BACKGROUND_118550|125659505|PEPAKSAPAPKKGSKKAV,1,0.330049,15.374474,16.798833,14.132,Frozen score-blind human-background pMHC comparison; technical samples are not biological replicates.
EBV_TCELL_119155::HUMAN_MYELIN_116995,17,EBV_TCELL_119155,HUMAN_MYELIN_116995,HUMAN_BACKGROUND_118550,AKSAPAPKK,EBV_TCELL_119155|1773241610|FIEFVGWLCKKDHTHIREWF,3,HUMAN_BACKGROUND_118550|125659505|PEPAKSAPAPKKGSKKAV,2,0.359035,6.523486,6.278245,6.713232,Frozen score-blind human-background pMHC comparison; technical samples are not biological replicates.
EBV_TCELL_119155::HUMAN_MYELIN_116995,17,EBV_TCELL_119155,HUMAN_MYELIN_116995,HUMAN_BACKGROUND_118550,AKSAPAPKK,EBV_TCELL_119155|1773241610|FIEFVGWLCKKDHTHIREWF,3,HUMAN_BACKGROUND_118550|125659505|PEPAKSAPAPKKGSKKAV,3,0.351298,7.1066,6.791163,7.349208,Frozen score-blind human-background pMHC comparison; technical samples are not biological replicates.
EBV_TCELL_119155::HUMAN_MYELIN_116995,17,EBV_TCELL_119155,HUMAN_MYELIN_116995,HUMAN_BACKGROUND_118550,AKSAPAPKK,EBV_TCELL_119155|1773241610|FIEFVGWLCKKDHTHIREWF,3,HUMAN_BACKGROUND_118550|125659505|PEPAKSAPAPKKGSKKAV,4,0.305627,15.341322,15.172538,15.475023,Frozen score-blind human-background pMHC comparison; technical samples are not biological replicates.
EBV_TCELL_119155::HUMAN_MYELIN_116995,17,EBV_TCELL_119155,HUMAN_MYELIN_116995,HUMAN_BACKGROUND_118550,AKSAPAPKK,EBV_TCELL_119155|1773241610|FIEFVGWLCKKDHTHIREWF,3,HUMAN_BACKGROUND_118550|2101104724|PEPAKSAPAPKKGSKKAV,0,0.341692,6.547162,6.336669,6.710804,Frozen score-blind human-background pMHC comparison; technical samples are not biological replicates.
EBV_TCELL_119155::HUMAN_MYELIN_116995,17,EBV_TCELL_119155,HUMAN_MYELIN_116995,HUMAN_BACKGROUND_118550,AKSAPAPKK,EBV_TCELL_119155|1773241610|FIEFVGWLCKKDHTHIREWF,3,HUMAN_BACKGROUND_118550|2101104724|PEPAKSAPAPKKGSKKAV,1,0.357095,2.728929,2.339676,3.004235,Frozen score-blind human-background pMHC comparison; technical samples are not biological replicates.
EBV_TCELL_119155::HUMAN_MYELIN_116995,17,EBV_TCELL_119155,HUMAN_MYELIN_116995,HUMAN_BACKGROUND_118550,AKSAPAPKK,EBV_TCELL_119155|1773241610|FIEFVGWLCKKDHTHIREWF,3,HUMAN_BACKGROUND_118550|2101104724|PEPAKSAPAPKKGSKKAV,2,0.320445,3.705175,3.179926,4.076939,Frozen score-blind human-background pMHC comparison; technical samples are not biological replicates.
EBV_TCELL_119155::HUMAN_MYELIN_116995,17,EBV_TCELL_119155,HUMAN_MYELIN_116995,HUMAN_BACKGROUND_118550,AKSAPAPKK,EBV_TCELL_119155|1773241610|FIEFVGWLCKKDHTHIREWF,3,HUMAN_BACKGROUND_118550|2101104724|PEPAKSAPAPKKGSKKAV,3,0.334124,15.846664,17.472524,14.414538,Frozen score-blind human-background pMHC comparison; technical samples are not biological replicates.
EBV_TCELL_119155::HUMAN_MYELIN_116995,17,EBV_TCELL_119155,HUMAN_MYELIN_116995,HUMAN_BACKGROUND_118550,AKSAPAPKK,EBV_TCELL_119155|1773241610|FIEFVGWLCKKDHTHIREWF,3,HUMAN_BACKGROUND_118550|2101104724|PEPAKSAPAPKKGSKKAV,4,0.330673,12.150578,11.886556,12.357734,Frozen score-blind human-background pMHC comparison; technical samples are not biological replicates.
EBV_TCELL_119155::HUMAN_MYELIN_116995,17,EBV_TCELL_119155,HUMAN_MYELIN_116995,HUMAN_BACKGROUND_118550,AKSAPAPKK,EBV_TCELL_119155|1773241610|FIEFVGWLCKKDHTHIREWF,4,HUMAN_BACKGROUND_118550|125659505|PEPAKSAPAPKKGSKKAV,0,0.306187,9.547324,9.507187,9.579313,Frozen score-blind human-background pMHC comparison; technical samples are not biological replicates.
EBV_TCELL_119155::HUMAN_MYELIN_116995,17,EBV_TCELL_119155,HUMAN_MYELIN_116995,HUMAN_BACKGROUND_118550,AKSAPAPKK,EBV_TCELL_119155|1773241610|FIEFVGWLCKKDHTHIREWF,4,HUMAN_BACKGROUND_118550|125659505|PEPAKSAPAPKKGSKKAV,1,0.243822,15.655449,17.690143,13.813568,Frozen score-blind human-background pMHC comparison; technical samples are not biological replicates.
EBV_TCELL_119155::HUMAN_MYELIN_116995,17,EBV_TCELL_119155,HUMAN_MYELIN_116995,HUMAN_BACKGROUND_118550,AKSAPAPKK,EBV_TCELL_119155|1773241610|FIEFVGWLCKKDHTHIREWF,4,HUMAN_BACKGROUND_118550|125659505|PEPAKSAPAPKKGSKKAV,2,0.255695,6.831143,6.929731,6.751236,Frozen score-blind human-background pMHC comparison; technical samples are not biological replicates.
EBV_TCELL_119155::HUMAN_MYELIN_116995,17,EBV_TCELL_119155,HUMAN_MYELIN_116995,HUMAN_BACKGROUND_118550,AKSAPAPKK,EBV_TCELL_119155|1773241610|FIEFVGWLCKKDHTHIREWF,4,HUMAN_BACKGROUND_118550|125659505|PEPAKSAPAPKKGSKKAV,3,0.267613,7.632764,7.708081,7.571971,Frozen score-blind human-background pMHC comparison; technical samples are not biological replicates.
EBV_TCELL_119155::HUMAN_MYELIN_116995,17,EBV_TCELL_119155,HUMAN_MYELIN_116995,HUMAN_BACKGROUND_118550,AKSAPAPKK,EBV_TCELL_119155|1773241610|FIEFVGWLCKKDHTHIREWF,4,HUMAN_BACKGROUND_118550|125659505|PEPAKSAPAPKKGSKKAV,4,0.241625,15.976938,16.058946,15.911027,Frozen score-blind human-background pMHC comparison; technical samples are not biological replicates.
EBV_TCELL_119155::HUMAN_MYELIN_116995,17,EBV_TCELL_119155,HUMAN_MYELIN_116995,HUMAN_BACKGROUND_118550,AKSAPAPKK,EBV_TCELL_119155|1773241610|FIEFVGWLCKKDHTHIREWF,4,HUMAN_BACKGROUND_118550|2101104724|PEPAKSAPAPKKGSKKAV,0,0.232845,6.861027,6.992112,6.754328,Frozen score-blind human-background pMHC comparison; technical samples are not biological replicates.
EBV_TCELL_119155::HUMAN_MYELIN_116995,17,EBV_TCELL_119155,HUMAN_MYELIN_116995,HUMAN_BACKGROUND_118550,AKSAPAPKK,EBV_TCELL_119155|1773241610|FIEFVGWLCKKDHTHIREWF,4,HUMAN_BACKGROUND_118550|2101104724|PEPAKSAPAPKKGSKKAV,1,0.26286,0.80097,0.797989,0.803346,Frozen score-blind human-background pMHC comparison; technical samples are not biological replicates.
EBV_TCELL_119155::HUMAN_MYELIN_116995,17,EBV_TCELL_119155,HUMAN_MYELIN_116995,HUMAN_BACKGROUND_118550,AKSAPAPKK,EBV_TCELL_119155|1773241610|FIEFVGWLCKKDHTHIREWF,4,HUMAN_BACKGROUND_118550|2101104724|PEPAKSAPAPKKGSKKAV,2,0.230542,3.72116,3.838026,3.624955,Frozen score-blind human-background pMHC comparison; technical samples are not biological replicates.
EBV_TCELL_119155::HUMAN_MYELIN_116995,17,EBV_TCELL_119155,HUMAN_MYELIN_116995,HUMAN_BACKGROUND_118550,AKSAPAPKK,EBV_TCELL_119155|1773241610|FIEFVGWLCKKDHTHIREWF,4,HUMAN_BACKGROUND_118550|2101104724|PEPAKSAPAPKKGSKKAV,3,0.235943,16.242226,18.348153,14.336459,Frozen score-blind human-background pMHC comparison; technical samples are not biological replicates.
EBV_TCELL_119155::HUMAN_MYELIN_116995,17,EBV_TCELL_119155,HUMAN_MYELIN_116995,HUMAN_BACKGROUND_118550,AKSAPAPKK,EBV_TCELL_119155|1773241610|FIEFVGWLCKKDHTHIREWF,4,HUMAN_BACKGROUND_118550|2101104724|PEPAKSAPAPKKGSKKAV,4,0.239273,12.73971,12.801875,12.689758,Frozen score-blind human-background pMHC comparison; technical samples are not biological replicates.
EBV_TCELL_119155::HUMAN_MYELIN_116995,17,EBV_TCELL_119155,HUMAN_MYELIN_116995,HUMAN_BACKGROUND_119732,FTPAVHASL,EBV_TCELL_119155|1773241610|FIEFVGWLCKKDHTHIREWF,0,HUMAN_BACKGROUND_119732|1742505091|AAHLPAEFTPAVHASLDKF,0,0.228947,16.888024,18.805539,15.180611,Frozen score-blind human-background pMHC comparison; technical samples are not biological replicates.
EBV_TCELL_119155::HUMAN_MYELIN_116995,17,EBV_TCELL_119155,HUMAN_MYELIN_116995,HUMAN_BACKGROUND_119732,FTPAVHASL,EBV_TCELL_119155|1773241610|FIEFVGWLCKKDHTHIREWF,0,HUMAN_BACKGROUND_119732|1742505091|AAHLPAEFTPAVHASLDKF,1,0.135467,18.226252,20.034148,16.639099,Frozen score-blind human-background pMHC comparison; technical samples are not biological replicates.
EBV_TCELL_119155::HUMAN_MYELIN_116995,17,EBV_TCELL_119155,HUMAN_MYELIN_116995,HUMAN_BACKGROUND_119732,FTPAVHASL,EBV_TCELL_119155|1773241610|FIEFVGWLCKKDHTHIREWF,0,HUMAN_BACKGROUND_119732|1742505091|AAHLPAEFTPAVHASLDKF,2,0.216588,15.144306,17.167813,13.30575,Frozen score-blind human-background pMHC comparison; technical samples are not biological replicates.
EBV_TCELL_119155::HUMAN_MYELIN_116995,17,EBV_TCELL_119155,HUMAN_MYELIN_116995,HUMAN_BACKGROUND_119732,FTPAVHASL,EBV_TCELL_119155|1773241610|FIEFVGWLCKKDHTHIREWF,0,HUMAN_BACKGROUND_119732|1742505091|AAHLPAEFTPAVHASLDKF,3,0.107512,16.014263,17.88959,14.338478,Frozen score-blind human-background pMHC comparison; technical samples are not biological replicates.
EBV_TCELL_119155::HUMAN_MYELIN_116995,17,EBV_TCELL_119155,HUMAN_MYELIN_116995,HUMAN_BACKGROUND_119732,FTPAVHASL,EBV_TCELL_119155|1773241610|FIEFVGWLCKKDHTHIREWF,0,HUMAN_BACKGROUND_119732|1742505091|AAHLPAEFTPAVHASLDKF,4,0.129621,9.626595,9.595737,9.651211,Frozen score-blind human-background pMHC comparison; technical samples are not biological replicates.
EBV_TCELL_119155::HUMAN_MYELIN_116995,17,EBV_TCELL_119155,HUMAN_MYELIN_116995,HUMAN_BACKGROUND_119732,FTPAVHASL,EBV_TCELL_119155|1773241610|FIEFVGWLCKKDHTHIREWF,1,HUMAN_BACKGROUND_119732|1742505091|AAHLPAEFTPAVHASLDKF,0,0.260009,17.082027,19.017593,15.358941,Frozen score-blind human-background pMHC comparison; technical samples are not biological replicates.
EBV_TCELL_119155::HUMAN_MYELIN_116995,17,EBV_TCELL_119155,HUMAN_MYELIN_116995,HUMAN_BACKGROUND_119732,FTPAVHASL,EBV_TCELL_119155|1773241610|FIEFVGWLCKKDHTHIREWF,1,HUMAN_BACKGROUND_119732|1742505091|AAHLPAEFTPAVHASLDKF,1,0.176975,18.481708,20.313792,16.873418,Frozen score-blind human-background pMHC comparison; technical samples are not biological replicates.
EBV_TCELL_119155::HUMAN_MYELIN_116995,17,EBV_TCELL_119155,HUMAN_MYELIN_116995,HUMAN_BACKGROUND_119732,FTPAVHASL,EBV_TCELL_119155|1773241610|FIEFVGWLCKKDHTHIREWF,1,HUMAN_BACKGROUND_119732|1742505091|AAHLPAEFTPAVHASLDKF,2,0.249163,15.384329,17.466386,13.489252,Frozen score-blind human-background pMHC comparison; technical samples are not biological replicates.
EBV_TCELL_119155::HUMAN_MYELIN_116995,17,EBV_TCELL_119155,HUMAN_MYELIN_116995,HUMAN_BACKGROUND_119732,FTPAVHASL,EBV_TCELL_119155|1773241610|FIEFVGWLCKKDHTHIREWF,1,HUMAN_BACKGROUND_119732|1742505091|AAHLPAEFTPAVHASLDKF,3,0.162138,15.813555,17.762284,14.061448,Frozen score-blind human-background pMHC comparison; technical samples are not biological replicates.
EBV_TCELL_119155::HUMAN_MYELIN_116995,17,EBV_TCELL_119155,HUMAN_MYELIN_116995,HUMAN_BACKGROUND_119732,FTPAVHASL,EBV_TCELL_119155|1773241610|FIEFVGWLCKKDHTHIREWF,1,HUMAN_BACKGROUND_119732|1742505091|AAHLPAEFTPAVHASLDKF,4,0.182128,10.324766,10.279801,10.360597,Frozen score-blind human-background pMHC comparison; technical samples are not biological replicates.
EBV_TCELL_119155::HUMAN_MYELIN_116995,17,EBV_TCELL_119155,HUMAN_MYELIN_116995,HUMAN_BACKGROUND_119732,FTPAVHASL,EBV_TCELL_119155|1773241610|FIEFVGWLCKKDHTHIREWF,2,HUMAN_BACKGROUND_119732|1742505091|AAHLPAEFTPAVHASLDKF,0,0.203608,16.751305,18.569557,15.140292,Frozen score-blind human-background pMHC comparison; technical samples are not biological replicates.
EBV_TCELL_119155::HUMAN_MYELIN_116995,17,EBV_TCELL_119155,HUMAN_MYELIN_116995,HUMAN_BACKGROUND_119732,FTPAVHASL,EBV_TCELL_119155|1773241610|FIEFVGWLCKKDHTHIREWF,2,HUMAN_BACKGROUND_119732|1742505091|AAHLPAEFTPAVHASLDKF,1,0.153818,18.149988,19.850631,16.664984,Frozen score-blind human-background pMHC comparison; technical samples are not biological replicates.
EBV_TCELL_119155::HUMAN_MYELIN_116995,17,EBV_TCELL_119155,HUMAN_MYELIN_116995,HUMAN_BACKGROUND_119732,FTPAVHASL,EBV_TCELL_119155|1773241610|FIEFVGWLCKKDHTHIREWF,2,HUMAN_BACKGROUND_119732|1742505091|AAHLPAEFTPAVHASLDKF,2,0.194727,15.051838,17.009627,13.279388,Frozen score-blind human-background pMHC comparison; technical samples are not biological replicates.
EBV_TCELL_119155::HUMAN_MYELIN_116995,17,EBV_TCELL_119155,HUMAN_MYELIN_116995,HUMAN_BACKGROUND_119732,FTPAVHASL,EBV_TCELL_119155|1773241610|FIEFVGWLCKKDHTHIREWF,2,HUMAN_BACKGROUND_119732|1742505091|AAHLPAEFTPAVHASLDKF,3,0.150447,15.587407,17.404383,13.964635,Frozen score-blind human-background pMHC comparison; technical samples are not biological replicates.
EBV_TCELL_119155::HUMAN_MYELIN_116995,17,EBV_TCELL_119155,HUMAN_MYELIN_116995,HUMAN_BACKGROUND_119732,FTPAVHASL,EBV_TCELL_119155|1773241610|FIEFVGWLCKKDHTHIREWF,2,HUMAN_BACKGROUND_119732|1742505091|AAHLPAEFTPAVHASLDKF,4,0.157197,10.145102,10.054064,10.217348,Frozen score-blind human-background pMHC comparison; technical samples are not biological replicates.
EBV_TCELL_119155::HUMAN_MYELIN_116995,17,EBV_TCELL_119155,HUMAN_MYELIN_116995,HUMAN_BACKGROUND_119732,FTPAVHASL,EBV_TCELL_119155|1773241610|FIEFVGWLCKKDHTHIREWF,3,HUMAN_BACKGROUND_119732|1742505091|AAHLPAEFTPAVHASLDKF,0,0.335816,15.155145,16.745433,13.751128,Frozen score-blind human-background pMHC comparison; technical samples are not biological replicates.
EBV_TCELL_119155::HUMAN_MYELIN_116995,17,EBV_TCELL_119155,HUMAN_MYELIN_116995,HUMAN_BACKGROUND_119732,FTPAVHASL,EBV_TCELL_119155|1773241610|FIEFVGWLCKKDHTHIREWF,3,HUMAN_BACKGROUND_119732|1742505091|AAHLPAEFTPAVHASLDKF,1,0.271844,15.656809,17.366641,14.140864,Frozen score-blind human-background pMHC comparison; technical samples are not biological replicates.
EBV_TCELL_119155::HUMAN_MYELIN_116995,17,EBV_TCELL_119155,HUMAN_MYELIN_116995,HUMAN_BACKGROUND_119732,FTPAVHASL,EBV_TCELL_119155|1773241610|FIEFVGWLCKKDHTHIREWF,3,HUMAN_BACKGROUND_119732|1742505091|AAHLPAEFTPAVHASLDKF,2,0.286458,13.735981,15.294712,12.348132,Frozen score-blind human-background pMHC comparison; technical samples are not biological replicates.
EBV_TCELL_119155::HUMAN_MYELIN_116995,17,EBV_TCELL_119155,HUMAN_MYELIN_116995,HUMAN_BACKGROUND_119732,FTPAVHASL,EBV_TCELL_119155|1773241610|FIEFVGWLCKKDHTHIREWF,3,HUMAN_BACKGROUND_119732|1742505091|AAHLPAEFTPAVHASLDKF,3,0.230895,19.50579,20.536944,18.63984,Frozen score-blind human-background pMHC comparison; technical samples are not biological replicates.
EBV_TCELL_119155::HUMAN_MYELIN_116995,17,EBV_TCELL_119155,HUMAN_MYELIN_116995,HUMAN_BACKGROUND_119732,FTPAVHASL,EBV_TCELL_119155|1773241610|FIEFVGWLCKKDHTHIREWF,3,HUMAN_BACKGROUND_119732|1742505091|AAHLPAEFTPAVHASLDKF,4,0.256967,2.51272,2.24612,2.707163,Frozen score-blind human-background pMHC comparison; technical samples are not biological replicates.
EBV_TCELL_119155::HUMAN_MYELIN_116995,17,EBV_TCELL_119155,HUMAN_MYELIN_116995,HUMAN_BACKGROUND_119732,FTPAVHASL,EBV_TCELL_119155|1773241610|FIEFVGWLCKKDHTHIREWF,4,HUMAN_BACKGROUND_119732|1742505091|AAHLPAEFTPAVHASLDKF,0,0.251536,15.581286,17.766805,13.581978,Frozen score-blind human-background pMHC comparison; technical samples are not biological replicates.
EBV_TCELL_119155::HUMAN_MYELIN_116995,17,EBV_TCELL_119155,HUMAN_MYELIN_116995,HUMAN_BACKGROUND_119732,FTPAVHASL,EBV_TCELL_119155|1773241610|FIEFVGWLCKKDHTHIREWF,4,HUMAN_BACKGROUND_119732|1742505091|AAHLPAEFTPAVHASLDKF,1,0.19006,16.0893,18.287404,14.085977,Frozen score-blind human-background pMHC comparison; technical samples are not biological replicates.
EBV_TCELL_119155::HUMAN_MYELIN_116995,17,EBV_TCELL_119155,HUMAN_MYELIN_116995,HUMAN_BACKGROUND_119732,FTPAVHASL,EBV_TCELL_119155|1773241610|FIEFVGWLCKKDHTHIREWF,4,HUMAN_BACKGROUND_119732|1742505091|AAHLPAEFTPAVHASLDKF,2,0.238574,14.339101,16.463262,12.380085,Frozen score-blind human-background pMHC comparison; technical samples are not biological replicates.
EBV_TCELL_119155::HUMAN_MYELIN_116995,17,EBV_TCELL_119155,HUMAN_MYELIN_116995,HUMAN_BACKGROUND_119732,FTPAVHASL,EBV_TCELL_119155|1773241610|FIEFVGWLCKKDHTHIREWF,4,HUMAN_BACKGROUND_119732|1742505091|AAHLPAEFTPAVHASLDKF,3,0.172056,20.491011,22.020702,19.179618,Frozen score-blind human-background pMHC comparison; technical samples are not biological replicates.
EBV_TCELL_119155::HUMAN_MYELIN_116995,17,EBV_TCELL_119155,HUMAN_MYELIN_116995,HUMAN_BACKGROUND_119732,FTPAVHASL,EBV_TCELL_119155|1773241610|FIEFVGWLCKKDHTHIREWF,4,HUMAN_BACKGROUND_119732|1742505091|AAHLPAEFTPAVHASLDKF,4,0.165134,0.94981,0.906205,0.983303,Frozen score-blind human-background pMHC comparison; technical samples are not biological replicates.
EBV_TCELL_119155::HUMAN_MYELIN_67907,20,EBV_TCELL_119155,HUMAN_MYELIN_67907,HUMAN_BACKGROUND_119732,FTPAVHASL,EBV_TCELL_119155|1773241610|FIEFVGWLCKKDHTHIREWF,0,HUMAN_BACKGROUND_119732|1742505091|AAHLPAEFTPAVHASLDKF,0,0.228947,16.888024,18.805539,15.180611,Frozen score-blind human-background pMHC comparison; technical samples are not biological replicates.
EBV_TCELL_119155::HUMAN_MYELIN_67907,20,EBV_TCELL_119155,HUMAN_MYELIN_67907,HUMAN_BACKGROUND_119732,FTPAVHASL,EBV_TCELL_119155|1773241610|FIEFVGWLCKKDHTHIREWF,0,HUMAN_BACKGROUND_119732|1742505091|AAHLPAEFTPAVHASLDKF,1,0.135467,18.226252,20.034148,16.639099,Frozen score-blind human-background pMHC comparison; technical samples are not biological replicates.
EBV_TCELL_119155::HUMAN_MYELIN_67907,20,EBV_TCELL_119155,HUMAN_MYELIN_67907,HUMAN_BACKGROUND_119732,FTPAVHASL,EBV_TCELL_119155|1773241610|FIEFVGWLCKKDHTHIREWF,0,HUMAN_BACKGROUND_119732|1742505091|AAHLPAEFTPAVHASLDKF,2,0.216588,15.144306,17.167813,13.30575,Frozen score-blind human-background pMHC comparison; technical samples are not biological replicates.
EBV_TCELL_119155::HUMAN_MYELIN_67907,20,EBV_TCELL_119155,HUMAN_MYELIN_67907,HUMAN_BACKGROUND_119732,FTPAVHASL,EBV_TCELL_119155|1773241610|FIEFVGWLCKKDHTHIREWF,0,HUMAN_BACKGROUND_119732|1742505091|AAHLPAEFTPAVHASLDKF,3,0.107512,16.014263,17.88959,14.338478,Frozen score-blind human-background pMHC comparison; technical samples are not biological replicates.
EBV_TCELL_119155::HUMAN_MYELIN_67907,20,EBV_TCELL_119155,HUMAN_MYELIN_67907,HUMAN_BACKGROUND_119732,FTPAVHASL,EBV_TCELL_119155|1773241610|FIEFVGWLCKKDHTHIREWF,0,HUMAN_BACKGROUND_119732|1742505091|AAHLPAEFTPAVHASLDKF,4,0.129621,9.626595,9.595737,9.651211,Frozen score-blind human-background pMHC comparison; technical samples are not biological replicates.
EBV_TCELL_119155::HUMAN_MYELIN_67907,20,EBV_TCELL_119155,HUMAN_MYELIN_67907,HUMAN_BACKGROUND_119732,FTPAVHASL,EBV_TCELL_119155|1773241610|FIEFVGWLCKKDHTHIREWF,1,HUMAN_BACKGROUND_119732|1742505091|AAHLPAEFTPAVHASLDKF,0,0.260009,17.082027,19.017593,15.358941,Frozen score-blind human-background pMHC comparison; technical samples are not biological replicates.
EBV_TCELL_119155::HUMAN_MYELIN_67907,20,EBV_TCELL_119155,HUMAN_MYELIN_67907,HUMAN_BACKGROUND_119732,FTPAVHASL,EBV_TCELL_119155|1773241610|FIEFVGWLCKKDHTHIREWF,1,HUMAN_BACKGROUND_119732|1742505091|AAHLPAEFTPAVHASLDKF,1,0.176975,18.481708,20.313792,16.873418,Frozen score-blind human-background pMHC comparison; technical samples are not biological replicates.
EBV_TCELL_119155::HUMAN_MYELIN_67907,20,EBV_TCELL_119155,HUMAN_MYELIN_67907,HUMAN_BACKGROUND_119732,FTPAVHASL,EBV_TCELL_119155|1773241610|FIEFVGWLCKKDHTHIREWF,1,HUMAN_BACKGROUND_119732|1742505091|AAHLPAEFTPAVHASLDKF,2,0.249163,15.384329,17.466386,13.489252,Frozen score-blind human-background pMHC comparison; technical samples are not biological replicates.
EBV_TCELL_119155::HUMAN_MYELIN_67907,20,EBV_TCELL_119155,HUMAN_MYELIN_67907,HUMAN_BACKGROUND_119732,FTPAVHASL,EBV_TCELL_119155|1773241610|FIEFVGWLCKKDHTHIREWF,1,HUMAN_BACKGROUND_119732|1742505091|AAHLPAEFTPAVHASLDKF,3,0.162138,15.813555,17.762284,14.061448,Frozen score-blind human-background pMHC comparison; technical samples are not biological replicates.
EBV_TCELL_119155::HUMAN_MYELIN_67907,20,EBV_TCELL_119155,HUMAN_MYELIN_67907,HUMAN_BACKGROUND_119732,FTPAVHASL,EBV_TCELL_119155|1773241610|FIEFVGWLCKKDHTHIREWF,1,HUMAN_BACKGROUND_119732|1742505091|AAHLPAEFTPAVHASLDKF,4,0.182128,10.324766,10.279801,10.360597,Frozen score-blind human-background pMHC comparison; technical samples are not biological replicates.
EBV_TCELL_119155::HUMAN_MYELIN_67907,20,EBV_TCELL_119155,HUMAN_MYELIN_67907,HUMAN_BACKGROUND_119732,FTPAVHASL,EBV_TCELL_119155|1773241610|FIEFVGWLCKKDHTHIREWF,2,HUMAN_BACKGROUND_119732|1742505091|AAHLPAEFTPAVHASLDKF,0,0.203608,16.751305,18.569557,15.140292,Frozen score-blind human-background pMHC comparison; technical samples are not biological replicates.
EBV_TCELL_119155::HUMAN_MYELIN_67907,20,EBV_TCELL_119155,HUMAN_MYELIN_67907,HUMAN_BACKGROUND_119732,FTPAVHASL,EBV_TCELL_119155|1773241610|FIEFVGWLCKKDHTHIREWF,2,HUMAN_BACKGROUND_119732|1742505091|AAHLPAEFTPAVHASLDKF,1,0.153818,18.149988,19.850631,16.664984,Frozen score-blind human-background pMHC comparison; technical samples are not biological replicates.
EBV_TCELL_119155::HUMAN_MYELIN_67907,20,EBV_TCELL_119155,HUMAN_MYELIN_67907,HUMAN_BACKGROUND_119732,FTPAVHASL,EBV_TCELL_119155|1773241610|FIEFVGWLCKKDHTHIREWF,2,HUMAN_BACKGROUND_119732|1742505091|AAHLPAEFTPAVHASLDKF,2,0.194727,15.051838,17.009627,13.279388,Frozen score-blind human-background pMHC comparison; technical samples are not biological replicates.
EBV_TCELL_119155::HUMAN_MYELIN_67907,20,EBV_TCELL_119155,HUMAN_MYELIN_67907,HUMAN_BACKGROUND_119732,FTPAVHASL,EBV_TCELL_119155|1773241610|FIEFVGWLCKKDHTHIREWF,2,HUMAN_BACKGROUND_119732|1742505091|AAHLPAEFTPAVHASLDKF,3,0.150447,15.587407,17.404383,13.964635,Frozen score-blind human-background pMHC comparison; technical samples are not biological replicates.
EBV_TCELL_119155::HUMAN_MYELIN_67907,20,EBV_TCELL_119155,HUMAN_MYELIN_67907,HUMAN_BACKGROUND_119732,FTPAVHASL,EBV_TCELL_119155|1773241610|FIEFVGWLCKKDHTHIREWF,2,HUMAN_BACKGROUND_119732|1742505091|AAHLPAEFTPAVHASLDKF,4,0.157197,10.145102,10.054064,10.217348,Frozen score-blind human-background pMHC comparison; technical samples are not biological replicates.
EBV_TCELL_119155::HUMAN_MYELIN_67907,20,EBV_TCELL_119155,HUMAN_MYELIN_67907,HUMAN_BACKGROUND_119732,FTPAVHASL,EBV_TCELL_119155|1773241610|FIEFVGWLCKKDHTHIREWF,3,HUMAN_BACKGROUND_119732|1742505091|AAHLPAEFTPAVHASLDKF,0,0.335816,15.155145,16.745433,13.751128,Frozen score-blind human-background pMHC comparison; technical samples are not biological replicates.
EBV_TCELL_119155::HUMAN_MYELIN_67907,20,EBV_TCELL_119155,HUMAN_MYELIN_67907,HUMAN_BACKGROUND_119732,FTPAVHASL,EBV_TCELL_119155|1773241610|FIEFVGWLCKKDHTHIREWF,3,HUMAN_BACKGROUND_119732|1742505091|AAHLPAEFTPAVHASLDKF,1,0.271844,15.656809,17.366641,14.140864,Frozen score-blind human-background pMHC comparison; technical samples are not biological replicates.
EBV_TCELL_119155::HUMAN_MYELIN_67907,20,EBV_TCELL_119155,HUMAN_MYELIN_67907,HUMAN_BACKGROUND_119732,FTPAVHASL,EBV_TCELL_119155|1773241610|FIEFVGWLCKKDHTHIREWF,3,HUMAN_BACKGROUND_119732|1742505091|AAHLPAEFTPAVHASLDKF,2,0.286458,13.735981,15.294712,12.348132,Frozen score-blind human-background pMHC comparison; technical samples are not biological replicates.
EBV_TCELL_119155::HUMAN_MYELIN_67907,20,EBV_TCELL_119155,HUMAN_MYELIN_67907,HUMAN_BACKGROUND_119732,FTPAVHASL,EBV_TCELL_119155|1773241610|FIEFVGWLCKKDHTHIREWF,3,HUMAN_BACKGROUND_119732|1742505091|AAHLPAEFTPAVHASLDKF,3,0.230895,19.50579,20.536944,18.63984,Frozen score-blind human-background pMHC comparison; technical samples are not biological replicates.
EBV_TCELL_119155::HUMAN_MYELIN_67907,20,EBV_TCELL_119155,HUMAN_MYELIN_67907,HUMAN_BACKGROUND_119732,FTPAVHASL,EBV_TCELL_119155|1773241610|FIEFVGWLCKKDHTHIREWF,3,HUMAN_BACKGROUND_119732|1742505091|AAHLPAEFTPAVHASLDKF,4,0.256967,2.51272,2.24612,2.707163,Frozen score-blind human-background pMHC comparison; technical samples are not biological replicates.
EBV_TCELL_119155::HUMAN_MYELIN_67907,20,EBV_TCELL_119155,HUMAN_MYELIN_67907,HUMAN_BACKGROUND_119732,FTPAVHASL,EBV_TCELL_119155|1773241610|FIEFVGWLCKKDHTHIREWF,4,HUMAN_BACKGROUND_119732|1742505091|AAHLPAEFTPAVHASLDKF,0,0.251536,15.581286,17.766805,13.581978,Frozen score-blind human-background pMHC comparison; technical samples are not biological replicates.
EBV_TCELL_119155::HUMAN_MYELIN_67907,20,EBV_TCELL_119155,HUMAN_MYELIN_67907,HUMAN_BACKGROUND_119732,FTPAVHASL,EBV_TCELL_119155|1773241610|FIEFVGWLCKKDHTHIREWF,4,HUMAN_BACKGROUND_119732|1742505091|AAHLPAEFTPAVHASLDKF,1,0.19006,16.0893,18.287404,14.085977,Frozen score-blind human-background pMHC comparison; technical samples are not biological replicates.
EBV_TCELL_119155::HUMAN_MYELIN_67907,20,EBV_TCELL_119155,HUMAN_MYELIN_67907,HUMAN_BACKGROUND_119732,FTPAVHASL,EBV_TCELL_119155|1773241610|FIEFVGWLCKKDHTHIREWF,4,HUMAN_BACKGROUND_119732|1742505091|AAHLPAEFTPAVHASLDKF,2,0.238574,14.339101,16.463262,12.380085,Frozen score-blind human-background pMHC comparison; technical samples are not biological replicates.
EBV_TCELL_119155::HUMAN_MYELIN_67907,20,EBV_TCELL_119155,HUMAN_MYELIN_67907,HUMAN_BACKGROUND_119732,FTPAVHASL,EBV_TCELL_119155|1773241610|FIEFVGWLCKKDHTHIREWF,4,HUMAN_BACKGROUND_119732|1742505091|AAHLPAEFTPAVHASLDKF,3,0.172056,20.491011,22.020702,19.179618,Frozen score-blind human-background pMHC comparison; technical samples are not biological replicates.
EBV_TCELL_119155::HUMAN_MYELIN_67907,20,EBV_TCELL_119155,HUMAN_MYELIN_67907,HUMAN_BACKGROUND_119732,FTPAVHASL,EBV_TCELL_119155|1773241610|FIEFVGWLCKKDHTHIREWF,4,HUMAN_BACKGROUND_119732|1742505091|AAHLPAEFTPAVHASLDKF,4,0.165134,0.94981,0.906205,0.983303,Frozen score-blind human-background pMHC comparison; technical samples are not biological replicates.
EBV_TCELL_950::HUMAN_MYELIN_112214,24,EBV_TCELL_950,HUMAN_MYELIN_112214,HUMAN_BACKGROUND_115891,VSWYQQALG,EBV_TCELL_950|2|AEGLRALLARSHVER,0,HUMAN_BACKGROUND_115891|1224417544|PKSGHDTVSWYQQALGQG,0,0.347387,4.091165,4.140605,4.051178,Frozen score-blind human-background pMHC comparison; technical samples are not biological replicates.
EBV_TCELL_950::HUMAN_MYELIN_112214,24,EBV_TCELL_950,HUMAN_MYELIN_112214,HUMAN_BACKGROUND_115891,VSWYQQALG,EBV_TCELL_950|2|AEGLRALLARSHVER,0,HUMAN_BACKGROUND_115891|1224417544|PKSGHDTVSWYQQALGQG,1,0.377632,0.481676,0.500171,0.466352,Frozen score-blind human-background pMHC comparison; technical samples are not biological replicates.
EBV_TCELL_950::HUMAN_MYELIN_112214,24,EBV_TCELL_950,HUMAN_MYELIN_112214,HUMAN_BACKGROUND_115891,VSWYQQALG,EBV_TCELL_950|2|AEGLRALLARSHVER,0,HUMAN_BACKGROUND_115891|1224417544|PKSGHDTVSWYQQALGQG,2,0.360732,0.4154,0.389089,0.435305,Frozen score-blind human-background pMHC comparison; technical samples are not biological replicates.
EBV_TCELL_950::HUMAN_MYELIN_112214,24,EBV_TCELL_950,HUMAN_MYELIN_112214,HUMAN_BACKGROUND_115891,VSWYQQALG,EBV_TCELL_950|2|AEGLRALLARSHVER,0,HUMAN_BACKGROUND_115891|1224417544|PKSGHDTVSWYQQALGQG,3,0.286558,3.795403,3.838443,3.760617,Frozen score-blind human-background pMHC comparison; technical samples are not biological replicates.
EBV_TCELL_950::HUMAN_MYELIN_112214,24,EBV_TCELL_950,HUMAN_MYELIN_112214,HUMAN_BACKGROUND_115891,VSWYQQALG,EBV_TCELL_950|2|AEGLRALLARSHVER,0,HUMAN_BACKGROUND_115891|1224417544|PKSGHDTVSWYQQALGQG,4,0.337639,4.033112,4.032587,4.033532,Frozen score-blind human-background pMHC comparison; technical samples are not biological replicates.
EBV_TCELL_950::HUMAN_MYELIN_112214,24,EBV_TCELL_950,HUMAN_MYELIN_112214,HUMAN_BACKGROUND_115891,VSWYQQALG,EBV_TCELL_950|2|AEGLRALLARSHVER,1,HUMAN_BACKGROUND_115891|1224417544|PKSGHDTVSWYQQALGQG,0,0.270243,4.09656,4.13603,4.064707,Frozen score-blind human-background pMHC comparison; technical samples are not biological replicates.
EBV_TCELL_950::HUMAN_MYELIN_112214,24,EBV_TCELL_950,HUMAN_MYELIN_112214,HUMAN_BACKGROUND_115891,VSWYQQALG,EBV_TCELL_950|2|AEGLRALLARSHVER,1,HUMAN_BACKGROUND_115891|1224417544|PKSGHDTVSWYQQALGQG,1,0.312481,0.449912,0.445994,0.453023,Frozen score-blind human-background pMHC comparison; technical samples are not biological replicates.
EBV_TCELL_950::HUMAN_MYELIN_112214,24,EBV_TCELL_950,HUMAN_MYELIN_112214,HUMAN_BACKGROUND_115891,VSWYQQALG,EBV_TCELL_950|2|AEGLRALLARSHVER,1,HUMAN_BACKGROUND_115891|1224417544|PKSGHDTVSWYQQALGQG,2,0.280229,0.389869,0.352214,0.417555,Frozen score-blind human-background pMHC comparison; technical samples are not biological replicates.
EBV_TCELL_950::HUMAN_MYELIN_112214,24,EBV_TCELL_950,HUMAN_MYELIN_112214,HUMAN_BACKGROUND_115891,VSWYQQALG,EBV_TCELL_950|2|AEGLRALLARSHVER,1,HUMAN_BACKGROUND_115891|1224417544|PKSGHDTVSWYQQALGQG,3,0.2093,3.789986,3.824176,3.76241,Frozen score-blind human-background pMHC comparison; technical samples are not biological replicates.
EBV_TCELL_950::HUMAN_MYELIN_112214,24,EBV_TCELL_950,HUMAN_MYELIN_112214,HUMAN_BACKGROUND_115891,VSWYQQALG,EBV_TCELL_950|2|AEGLRALLARSHVER,1,HUMAN_BACKGROUND_115891|1224417544|PKSGHDTVSWYQQALGQG,4,0.257263,4.027508,4.017465,4.035525,Frozen score-blind human-background pMHC comparison; technical samples are not biological replicates.
EBV_TCELL_950::HUMAN_MYELIN_112214,24,EBV_TCELL_950,HUMAN_MYELIN_112214,HUMAN_BACKGROUND_115891,VSWYQQALG,EBV_TCELL_950|2|AEGLRALLARSHVER,2,HUMAN_BACKGROUND_115891|1224417544|PKSGHDTVSWYQQALGQG,0,0.277282,4.098393,4.153896,4.053443,Frozen score-blind human-background pMHC comparison; technical samples are not biological replicates.
EBV_TCELL_950::HUMAN_MYELIN_112214,24,EBV_TCELL_950,HUMAN_MYELIN_112214,HUMAN_BACKGROUND_115891,VSWYQQALG,EBV_TCELL_950|2|AEGLRALLARSHVER,2,HUMAN_BACKGROUND_115891|1224417544|PKSGHDTVSWYQQALGQG,1,0.317098,0.456814,0.455059,0.458212,Frozen score-blind human-background pMHC comparison; technical samples are not biological replicates.
EBV_TCELL_950::HUMAN_MYELIN_112214,24,EBV_TCELL_950,HUMAN_MYELIN_112214,HUMAN_BACKGROUND_115891,VSWYQQALG,EBV_TCELL_950|2|AEGLRALLARSHVER,2,HUMAN_BACKGROUND_115891|1224417544|PKSGHDTVSWYQQALGQG,2,0.319704,0.385175,0.342544,0.416147,Frozen score-blind human-background pMHC comparison; technical samples are not biological replicates.
EBV_TCELL_950::HUMAN_MYELIN_112214,24,EBV_TCELL_950,HUMAN_MYELIN_112214,HUMAN_BACKGROUND_115891,VSWYQQALG,EBV_TCELL_950|2|AEGLRALLARSHVER,2,HUMAN_BACKGROUND_115891|1224417544|PKSGHDTVSWYQQALGQG,3,0.246011,3.790864,3.84197,3.749477,Frozen score-blind human-background pMHC comparison; technical samples are not biological replicates.
EBV_TCELL_950::HUMAN_MYELIN_112214,24,EBV_TCELL_950,HUMAN_MYELIN_112214,HUMAN_BACKGROUND_115891,VSWYQQALG,EBV_TCELL_950|2|AEGLRALLARSHVER,2,HUMAN_BACKGROUND_115891|1224417544|PKSGHDTVSWYQQALGQG,4,0.278435,4.027782,4.035978,4.021214,Frozen score-blind human-background pMHC comparison; technical samples are not biological replicates.
EBV_TCELL_950::HUMAN_MYELIN_112214,24,EBV_TCELL_950,HUMAN_MYELIN_112214,HUMAN_BACKGROUND_115891,VSWYQQALG,EBV_TCELL_950|2|AEGLRALLARSHVER,3,HUMAN_BACKGROUND_115891|1224417544|PKSGHDTVSWYQQALGQG,0,0.24547,4.164778,4.20652,4.13108,Frozen score-blind human-background pMHC comparison; technical samples are not biological replicates.
EBV_TCELL_950::HUMAN_MYELIN_112214,24,EBV_TCELL_950,HUMAN_MYELIN_112214,HUMAN_BACKGROUND_115891,VSWYQQALG,EBV_TCELL_950|2|AEGLRALLARSHVER,3,HUMAN_BACKGROUND_115891|1224417544|PKSGHDTVSWYQQALGQG,1,0.273398,0.507574,0.522383,0.495408,Frozen score-blind human-background pMHC comparison; technical samples are not biological replicates.
EBV_TCELL_950::HUMAN_MYELIN_112214,24,EBV_TCELL_950,HUMAN_MYELIN_112214,HUMAN_BACKGROUND_115891,VSWYQQALG,EBV_TCELL_950|2|AEGLRALLARSHVER,3,HUMAN_BACKGROUND_115891|1224417544|PKSGHDTVSWYQQALGQG,2,0.259732,0.415479,0.397654,0.429206,Frozen score-blind human-background pMHC comparison; technical samples are not biological replicates.
EBV_TCELL_950::HUMAN_MYELIN_112214,24,EBV_TCELL_950,HUMAN_MYELIN_112214,HUMAN_BACKGROUND_115891,VSWYQQALG,EBV_TCELL_950|2|AEGLRALLARSHVER,3,HUMAN_BACKGROUND_115891|1224417544|PKSGHDTVSWYQQALGQG,3,0.184948,3.859765,3.898294,3.828662,Frozen score-blind human-background pMHC comparison; technical samples are not biological replicates.
EBV_TCELL_950::HUMAN_MYELIN_112214,24,EBV_TCELL_950,HUMAN_MYELIN_112214,HUMAN_BACKGROUND_115891,VSWYQQALG,EBV_TCELL_950|2|AEGLRALLARSHVER,3,HUMAN_BACKGROUND_115891|1224417544|PKSGHDTVSWYQQALGQG,4,0.229139,4.097828,4.092802,4.101844,Frozen score-blind human-background pMHC comparison; technical samples are not biological replicates.
EBV_TCELL_950::HUMAN_MYELIN_112214,24,EBV_TCELL_950,HUMAN_MYELIN_112214,HUMAN_BACKGROUND_115891,VSWYQQALG,EBV_TCELL_950|2|AEGLRALLARSHVER,4,HUMAN_BACKGROUND_115891|1224417544|PKSGHDTVSWYQQALGQG,0,0.239598,4.106231,4.147038,4.073291,Frozen score-blind human-background pMHC comparison; technical samples are not biological replicates.
EBV_TCELL_950::HUMAN_MYELIN_112214,24,EBV_TCELL_950,HUMAN_MYELIN_112214,HUMAN_BACKGROUND_115891,VSWYQQALG,EBV_TCELL_950|2|AEGLRALLARSHVER,4,HUMAN_BACKGROUND_115891|1224417544|PKSGHDTVSWYQQALGQG,1,0.277559,0.479911,0.50146,0.461947,Frozen score-blind human-background pMHC comparison; technical samples are not biological replicates.
EBV_TCELL_950::HUMAN_MYELIN_112214,24,EBV_TCELL_950,HUMAN_MYELIN_112214,HUMAN_BACKGROUND_115891,VSWYQQALG,EBV_TCELL_950|2|AEGLRALLARSHVER,4,HUMAN_BACKGROUND_115891|1224417544|PKSGHDTVSWYQQALGQG,2,0.256296,0.407369,0.405928,0.408519,Frozen score-blind human-background pMHC comparison; technical samples are not biological replicates.
EBV_TCELL_950::HUMAN_MYELIN_112214,24,EBV_TCELL_950,HUMAN_MYELIN_112214,HUMAN_BACKGROUND_115891,VSWYQQALG,EBV_TCELL_950|2|AEGLRALLARSHVER,4,HUMAN_BACKGROUND_115891|1224417544|PKSGHDTVSWYQQALGQG,3,0.178221,3.800929,3.840308,3.769129,Frozen score-blind human-background pMHC comparison; technical samples are not biological replicates.
EBV_TCELL_950::HUMAN_MYELIN_112214,24,EBV_TCELL_950,HUMAN_MYELIN_112214,HUMAN_BACKGROUND_115891,VSWYQQALG,EBV_TCELL_950|2|AEGLRALLARSHVER,4,HUMAN_BACKGROUND_115891|1224417544|PKSGHDTVSWYQQALGQG,4,0.209601,4.034643,4.030973,4.037576,Frozen score-blind human-background pMHC comparison; technical samples are not biological replicates.
EBV_TCELL_950::HUMAN_MYELIN_112214,24,EBV_TCELL_950,HUMAN_MYELIN_112214,HUMAN_BACKGROUND_115891,VSWYQQALG,EBV_TCELL_950|849625969|AEGLRALLARSHVER,0,HUMAN_BACKGROUND_115891|1224417544|PKSGHDTVSWYQQALGQG,0,0.249783,4.172358,4.249056,4.109969,Frozen score-blind human-background pMHC comparison; technical samples are not biological replicates.
EBV_TCELL_950::HUMAN_MYELIN_112214,24,EBV_TCELL_950,HUMAN_MYELIN_112214,HUMAN_BACKGROUND_115891,VSWYQQALG,EBV_TCELL_950|849625969|AEGLRALLARSHVER,0,HUMAN_BACKGROUND_115891|1224417544|PKSGHDTVSWYQQALGQG,1,0.279051,0.582489,0.591473,0.575201,Frozen score-blind human-background pMHC comparison; technical samples are not biological replicates.
EBV_TCELL_950::HUMAN_MYELIN_112214,24,EBV_TCELL_950,HUMAN_MYELIN_112214,HUMAN_BACKGROUND_115891,VSWYQQALG,EBV_TCELL_950|849625969|AEGLRALLARSHVER,0,HUMAN_BACKGROUND_115891|1224417544|PKSGHDTVSWYQQALGQG,2,0.281224,0.493196,0.458741,0.519117,Frozen score-blind human-background pMHC comparison; technical samples are not biological replicates.
EBV_TCELL_950::HUMAN_MYELIN_112214,24,EBV_TCELL_950,HUMAN_MYELIN_112214,HUMAN_BACKGROUND_115891,VSWYQQALG,EBV_TCELL_950|849625969|AEGLRALLARSHVER,0,HUMAN_BACKGROUND_115891|1224417544|PKSGHDTVSWYQQALGQG,3,0.20579,3.868984,3.951978,3.801285,Frozen score-blind human-background pMHC comparison; technical samples are not biological replicates.
EBV_TCELL_950::HUMAN_MYELIN_112214,24,EBV_TCELL_950,HUMAN_MYELIN_112214,HUMAN_BACKGROUND_115891,VSWYQQALG,EBV_TCELL_950|849625969|AEGLRALLARSHVER,0,HUMAN_BACKGROUND_115891|1224417544|PKSGHDTVSWYQQALGQG,4,0.255187,4.110547,4.145899,4.082045,Frozen score-blind human-background pMHC comparison; technical samples are not biological replicates.
EBV_TCELL_950::HUMAN_MYELIN_112214,24,EBV_TCELL_950,HUMAN_MYELIN_112214,HUMAN_BACKGROUND_115891,VSWYQQALG,EBV_TCELL_950|849625969|AEGLRALLARSHVER,1,HUMAN_BACKGROUND_115891|1224417544|PKSGHDTVSWYQQALGQG,0,0.269017,16.5495,18.643921,14.660086,Frozen score-blind human-background pMHC comparison; technical samples are not biological replicates.
EBV_TCELL_950::HUMAN_MYELIN_112214,24,EBV_TCELL_950,HUMAN_MYELIN_112214,HUMAN_BACKGROUND_115891,VSWYQQALG,EBV_TCELL_950|849625969|AEGLRALLARSHVER,1,HUMAN_BACKGROUND_115891|1224417544|PKSGHDTVSWYQQALGQG,1,0.325104,16.116314,18.17504,14.256872,Frozen score-blind human-background pMHC comparison; technical samples are not biological replicates.
EBV_TCELL_950::HUMAN_MYELIN_112214,24,EBV_TCELL_950,HUMAN_MYELIN_112214,HUMAN_BACKGROUND_115891,VSWYQQALG,EBV_TCELL_950|849625969|AEGLRALLARSHVER,1,HUMAN_BACKGROUND_115891|1224417544|PKSGHDTVSWYQQALGQG,2,0.308116,15.987323,18.004112,14.168685,Frozen score-blind human-background pMHC comparison; technical samples are not biological replicates.
EBV_TCELL_950::HUMAN_MYELIN_112214,24,EBV_TCELL_950,HUMAN_MYELIN_112214,HUMAN_BACKGROUND_115891,VSWYQQALG,EBV_TCELL_950|849625969|AEGLRALLARSHVER,1,HUMAN_BACKGROUND_115891|1224417544|PKSGHDTVSWYQQALGQG,3,0.246952,16.358511,18.434667,14.484891,Frozen score-blind human-background pMHC comparison; technical samples are not biological replicates.
EBV_TCELL_950::HUMAN_MYELIN_112214,24,EBV_TCELL_950,HUMAN_MYELIN_112214,HUMAN_BACKGROUND_115891,VSWYQQALG,EBV_TCELL_950|849625969|AEGLRALLARSHVER,1,HUMAN_BACKGROUND_115891|1224417544|PKSGHDTVSWYQQALGQG,4,0.264333,16.466439,18.556114,14.580637,Frozen score-blind human-background pMHC comparison; technical samples are not biological replicates.
EBV_TCELL_950::HUMAN_MYELIN_112214,24,EBV_TCELL_950,HUMAN_MYELIN_112214,HUMAN_BACKGROUND_115891,VSWYQQALG,EBV_TCELL_950|849625969|AEGLRALLARSHVER,2,HUMAN_BACKGROUND_115891|1224417544|PKSGHDTVSWYQQALGQG,0,0.22462,4.029031,4.11665,3.95754,Frozen score-blind human-background pMHC comparison; technical samples are not biological replicates.
EBV_TCELL_950::HUMAN_MYELIN_112214,24,EBV_TCELL_950,HUMAN_MYELIN_112214,HUMAN_BACKGROUND_115891,VSWYQQALG,EBV_TCELL_950|849625969|AEGLRALLARSHVER,2,HUMAN_BACKGROUND_115891|1224417544|PKSGHDTVSWYQQALGQG,1,0.267682,0.504631,0.519557,0.492365,Frozen score-blind human-background pMHC comparison; technical samples are not biological replicates.
EBV_TCELL_950::HUMAN_MYELIN_112214,24,EBV_TCELL_950,HUMAN_MYELIN_112214,HUMAN_BACKGROUND_115891,VSWYQQALG,EBV_TCELL_950|849625969|AEGLRALLARSHVER,2,HUMAN_BACKGROUND_115891|1224417544|PKSGHDTVSWYQQALGQG,2,0.249366,0.465847,0.447872,0.479743,Frozen score-blind human-background pMHC comparison; technical samples are not biological replicates.
EBV_TCELL_950::HUMAN_MYELIN_112214,24,EBV_TCELL_950,HUMAN_MYELIN_112214,HUMAN_BACKGROUND_115891,VSWYQQALG,EBV_TCELL_950|849625969|AEGLRALLARSHVER,2,HUMAN_BACKGROUND_115891|1224417544|PKSGHDTVSWYQQALGQG,3,0.172654,3.72876,3.818932,3.65502,Frozen score-blind human-background pMHC comparison; technical samples are not biological replicates.
EBV_TCELL_950::HUMAN_MYELIN_112214,24,EBV_TCELL_950,HUMAN_MYELIN_112214,HUMAN_BACKGROUND_115891,VSWYQQALG,EBV_TCELL_950|849625969|AEGLRALLARSHVER,2,HUMAN_BACKGROUND_115891|1224417544|PKSGHDTVSWYQQALGQG,4,0.2075,3.96397,4.010843,3.926068,Frozen score-blind human-background pMHC comparison; technical samples are not biological replicates.
EBV_TCELL_950::HUMAN_MYELIN_112214,24,EBV_TCELL_950,HUMAN_MYELIN_112214,HUMAN_BACKGROUND_115891,VSWYQQALG,EBV_TCELL_950|849625969|AEGLRALLARSHVER,3,HUMAN_BACKGROUND_115891|1224417544|PKSGHDTVSWYQQALGQG,0,0.235718,4.117956,4.169451,4.076292,Frozen score-blind human-background pMHC comparison; technical samples are not biological replicates.
EBV_TCELL_950::HUMAN_MYELIN_112214,24,EBV_TCELL_950,HUMAN_MYELIN_112214,HUMAN_BACKGROUND_115891,VSWYQQALG,EBV_TCELL_950|849625969|AEGLRALLARSHVER,3,HUMAN_BACKGROUND_115891|1224417544|PKSGHDTVSWYQQALGQG,1,0.279011,0.485587,0.501961,0.472078,Frozen score-blind human-background pMHC comparison; technical samples are not biological replicates.
EBV_TCELL_950::HUMAN_MYELIN_112214,24,EBV_TCELL_950,HUMAN_MYELIN_112214,HUMAN_BACKGROUND_115891,VSWYQQALG,EBV_TCELL_950|849625969|AEGLRALLARSHVER,3,HUMAN_BACKGROUND_115891|1224417544|PKSGHDTVSWYQQALGQG,2,0.277669,0.406022,0.373504,0.43027,Frozen score-blind human-background pMHC comparison; technical samples are not biological replicates.
EBV_TCELL_950::HUMAN_MYELIN_112214,24,EBV_TCELL_950,HUMAN_MYELIN_112214,HUMAN_BACKGROUND_115891,VSWYQQALG,EBV_TCELL_950|849625969|AEGLRALLARSHVER,3,HUMAN_BACKGROUND_115891|1224417544|PKSGHDTVSWYQQALGQG,3,0.208349,3.8123,3.862166,3.771934,Frozen score-blind human-background pMHC comparison; technical samples are not biological replicates.
EBV_TCELL_950::HUMAN_MYELIN_112214,24,EBV_TCELL_950,HUMAN_MYELIN_112214,HUMAN_BACKGROUND_115891,VSWYQQALG,EBV_TCELL_950|849625969|AEGLRALLARSHVER,3,HUMAN_BACKGROUND_115891|1224417544|PKSGHDTVSWYQQALGQG,4,0.242182,4.052485,4.058662,4.047536,Frozen score-blind human-background pMHC comparison; technical samples are not biological replicates.
EBV_TCELL_950::HUMAN_MYELIN_112214,24,EBV_TCELL_950,HUMAN_MYELIN_112214,HUMAN_BACKGROUND_115891,VSWYQQALG,EBV_TCELL_950|849625969|AEGLRALLARSHVER,4,HUMAN_BACKGROUND_115891|1224417544|PKSGHDTVSWYQQALGQG,0,0.276416,4.161585,4.215406,4.118021,Frozen score-blind human-background pMHC comparison; technical samples are not biological replicates.
EBV_TCELL_950::HUMAN_MYELIN_112214,24,EBV_TCELL_950,HUMAN_MYELIN_112214,HUMAN_BACKGROUND_115891,VSWYQQALG,EBV_TCELL_950|849625969|AEGLRALLARSHVER,4,HUMAN_BACKGROUND_115891|1224417544|PKSGHDTVSWYQQALGQG,1,0.308816,0.475479,0.488241,0.465018,Frozen score-blind human-background pMHC comparison; technical samples are not biological replicates.
EBV_TCELL_950::HUMAN_MYELIN_112214,24,EBV_TCELL_950,HUMAN_MYELIN_112214,HUMAN_BACKGROUND_115891,VSWYQQALG,EBV_TCELL_950|849625969|AEGLRALLARSHVER,4,HUMAN_BACKGROUND_115891|1224417544|PKSGHDTVSWYQQALGQG,2,0.306922,0.364552,0.32131,0.395759,Frozen score-blind human-background pMHC comparison; technical samples are not biological replicates.
EBV_TCELL_950::HUMAN_MYELIN_112214,24,EBV_TCELL_950,HUMAN_MYELIN_112214,HUMAN_BACKGROUND_115891,VSWYQQALG,EBV_TCELL_950|849625969|AEGLRALLARSHVER,4,HUMAN_BACKGROUND_115891|1224417544|PKSGHDTVSWYQQALGQG,3,0.239334,3.854504,3.900984,3.816913,Frozen score-blind human-background pMHC comparison; technical samples are not biological replicates.
EBV_TCELL_950::HUMAN_MYELIN_112214,24,EBV_TCELL_950,HUMAN_MYELIN_112214,HUMAN_BACKGROUND_115891,VSWYQQALG,EBV_TCELL_950|849625969|AEGLRALLARSHVER,4,HUMAN_BACKGROUND_115891|1224417544|PKSGHDTVSWYQQALGQG,4,0.278079,4.093141,4.09702,4.090035,Frozen score-blind human-background pMHC comparison; technical samples are not biological replicates.
EBV_TCELL_950::HUMAN_MYELIN_112214,24,EBV_TCELL_950,HUMAN_MYELIN_112214,HUMAN_BACKGROUND_118550,AKSAPAPKK,EBV_TCELL_950|2|AEGLRALLARSHVER,0,HUMAN_BACKGROUND_118550|125659505|PEPAKSAPAPKKGSKKAV,0,0.37652,9.294239,9.231845,9.343853,Frozen score-blind human-background pMHC comparison; technical samples are not biological replicates.
EBV_TCELL_950::HUMAN_MYELIN_112214,24,EBV_TCELL_950,HUMAN_MYELIN_112214,HUMAN_BACKGROUND_118550,AKSAPAPKK,EBV_TCELL_950|2|AEGLRALLARSHVER,0,HUMAN_BACKGROUND_118550|125659505|PEPAKSAPAPKKGSKKAV,1,0.319154,15.627468,17.674444,13.772551,Frozen score-blind human-background pMHC comparison; technical samples are not biological replicates.
EBV_TCELL_950::HUMAN_MYELIN_112214,24,EBV_TCELL_950,HUMAN_MYELIN_112214,HUMAN_BACKGROUND_118550,AKSAPAPKK,EBV_TCELL_950|2|AEGLRALLARSHVER,0,HUMAN_BACKGROUND_118550|125659505|PEPAKSAPAPKKGSKKAV,2,0.32019,6.588633,6.6641,6.52763,Frozen score-blind human-background pMHC comparison; technical samples are not biological replicates.
EBV_TCELL_950::HUMAN_MYELIN_112214,24,EBV_TCELL_950,HUMAN_MYELIN_112214,HUMAN_BACKGROUND_118550,AKSAPAPKK,EBV_TCELL_950|2|AEGLRALLARSHVER,0,HUMAN_BACKGROUND_118550|125659505|PEPAKSAPAPKKGSKKAV,3,0.339536,7.347516,7.387149,7.315655,Frozen score-blind human-background pMHC comparison; technical samples are not biological replicates.
EBV_TCELL_950::HUMAN_MYELIN_112214,24,EBV_TCELL_950,HUMAN_MYELIN_112214,HUMAN_BACKGROUND_118550,AKSAPAPKK,EBV_TCELL_950|2|AEGLRALLARSHVER,0,HUMAN_BACKGROUND_118550|125659505|PEPAKSAPAPKKGSKKAV,4,0.287341,15.701663,15.748564,15.664041,Frozen score-blind human-background pMHC comparison; technical samples are not biological replicates.
EBV_TCELL_950::HUMAN_MYELIN_112214,24,EBV_TCELL_950,HUMAN_MYELIN_112214,HUMAN_BACKGROUND_118550,AKSAPAPKK,EBV_TCELL_950|2|AEGLRALLARSHVER,0,HUMAN_BACKGROUND_118550|2101104724|PEPAKSAPAPKKGSKKAV,0,0.300281,6.617344,6.724933,6.529997,Frozen score-blind human-background pMHC comparison; technical samples are not biological replicates.
EBV_TCELL_950::HUMAN_MYELIN_112214,24,EBV_TCELL_950,HUMAN_MYELIN_112214,HUMAN_BACKGROUND_118550,AKSAPAPKK,EBV_TCELL_950|2|AEGLRALLARSHVER,0,HUMAN_BACKGROUND_118550|2101104724|PEPAKSAPAPKKGSKKAV,1,0.32585,0.712149,0.706456,0.716672,Frozen score-blind human-background pMHC comparison; technical samples are not biological replicates.
EBV_TCELL_950::HUMAN_MYELIN_112214,24,EBV_TCELL_950,HUMAN_MYELIN_112214,HUMAN_BACKGROUND_118550,AKSAPAPKK,EBV_TCELL_950|2|AEGLRALLARSHVER,0,HUMAN_BACKGROUND_118550|2101104724|PEPAKSAPAPKKGSKKAV,2,0.301695,3.533716,3.677725,3.414137,Frozen score-blind human-background pMHC comparison; technical samples are not biological replicates.
EBV_TCELL_950::HUMAN_MYELIN_112214,24,EBV_TCELL_950,HUMAN_MYELIN_112214,HUMAN_BACKGROUND_118550,AKSAPAPKK,EBV_TCELL_950|2|AEGLRALLARSHVER,0,HUMAN_BACKGROUND_118550|2101104724|PEPAKSAPAPKKGSKKAV,3,0.287053,16.183295,18.309192,14.256124,Frozen score-blind human-background pMHC comparison; technical samples are not biological replicates.
EBV_TCELL_950::HUMAN_MYELIN_112214,24,EBV_TCELL_950,HUMAN_MYELIN_112214,HUMAN_BACKGROUND_118550,AKSAPAPKK,EBV_TCELL_950|2|AEGLRALLARSHVER,0,HUMAN_BACKGROUND_118550|2101104724|PEPAKSAPAPKKGSKKAV,4,0.287775,12.494278,12.539999,12.45758,Frozen score-blind human-background pMHC comparison; technical samples are not biological replicates.
EBV_TCELL_950::HUMAN_MYELIN_112214,24,EBV_TCELL_950,HUMAN_MYELIN_112214,HUMAN_BACKGROUND_118550,AKSAPAPKK,EBV_TCELL_950|2|AEGLRALLARSHVER,1,HUMAN_BACKGROUND_118550|125659505|PEPAKSAPAPKKGSKKAV,0,0.304849,9.279304,9.231362,9.31748,Frozen score-blind human-background pMHC comparison; technical samples are not biological replicates.
EBV_TCELL_950::HUMAN_MYELIN_112214,24,EBV_TCELL_950,HUMAN_MYELIN_112214,HUMAN_BACKGROUND_118550,AKSAPAPKK,EBV_TCELL_950|2|AEGLRALLARSHVER,1,HUMAN_BACKGROUND_118550|125659505|PEPAKSAPAPKKGSKKAV,1,0.252544,15.66681,17.722149,13.803928,Frozen score-blind human-background pMHC comparison; technical samples are not biological replicates.
EBV_TCELL_950::HUMAN_MYELIN_112214,24,EBV_TCELL_950,HUMAN_MYELIN_112214,HUMAN_BACKGROUND_118550,AKSAPAPKK,EBV_TCELL_950|2|AEGLRALLARSHVER,1,HUMAN_BACKGROUND_118550|125659505|PEPAKSAPAPKKGSKKAV,2,0.248352,6.567584,6.651914,6.499332,Frozen score-blind human-background pMHC comparison; technical samples are not biological replicates.
EBV_TCELL_950::HUMAN_MYELIN_112214,24,EBV_TCELL_950,HUMAN_MYELIN_112214,HUMAN_BACKGROUND_118550,AKSAPAPKK,EBV_TCELL_950|2|AEGLRALLARSHVER,1,HUMAN_BACKGROUND_118550|125659505|PEPAKSAPAPKKGSKKAV,3,0.268394,7.334776,7.381722,7.297002,Frozen score-blind human-background pMHC comparison; technical samples are not biological replicates.
EBV_TCELL_950::HUMAN_MYELIN_112214,24,EBV_TCELL_950,HUMAN_MYELIN_112214,HUMAN_BACKGROUND_118550,AKSAPAPKK,EBV_TCELL_950|2|AEGLRALLARSHVER,1,HUMAN_BACKGROUND_118550|125659505|PEPAKSAPAPKKGSKKAV,4,0.22423,15.694235,15.753146,15.646947,Frozen score-blind human-background pMHC comparison; technical samples are not biological replicates.
EBV_TCELL_950::HUMAN_MYELIN_112214,24,EBV_TCELL_950,HUMAN_MYELIN_112214,HUMAN_BACKGROUND_118550,AKSAPAPKK,EBV_TCELL_950|2|AEGLRALLARSHVER,1,HUMAN_BACKGROUND_118550|2101104724|PEPAKSAPAPKKGSKKAV,0,0.233011,6.597646,6.714004,6.50306,Frozen score-blind human-background pMHC comparison; technical samples are not biological replicates.
EBV_TCELL_950::HUMAN_MYELIN_112214,24,EBV_TCELL_950,HUMAN_MYELIN_112214,HUMAN_BACKGROUND_118550,AKSAPAPKK,EBV_TCELL_950|2|AEGLRALLARSHVER,1,HUMAN_BACKGROUND_118550|2101104724|PEPAKSAPAPKKGSKKAV,1,0.262125,0.65723,0.659123,0.655712,Frozen score-blind human-background pMHC comparison; technical samples are not biological replicates.
EBV_TCELL_950::HUMAN_MYELIN_112214,24,EBV_TCELL_950,HUMAN_MYELIN_112214,HUMAN_BACKGROUND_118550,AKSAPAPKK,EBV_TCELL_950|2|AEGLRALLARSHVER,1,HUMAN_BACKGROUND_118550|2101104724|PEPAKSAPAPKKGSKKAV,2,0.226724,3.533064,3.690342,3.402011,Frozen score-blind human-background pMHC comparison; technical samples are not biological replicates.
EBV_TCELL_950::HUMAN_MYELIN_112214,24,EBV_TCELL_950,HUMAN_MYELIN_112214,HUMAN_BACKGROUND_118550,AKSAPAPKK,EBV_TCELL_950|2|AEGLRALLARSHVER,1,HUMAN_BACKGROUND_118550|2101104724|PEPAKSAPAPKKGSKKAV,3,0.221137,16.220721,18.354181,14.286373,Frozen score-blind human-background pMHC comparison; technical samples are not biological replicates.
EBV_TCELL_950::HUMAN_MYELIN_112214,24,EBV_TCELL_950,HUMAN_MYELIN_112214,HUMAN_BACKGROUND_118550,AKSAPAPKK,EBV_TCELL_950|2|AEGLRALLARSHVER,1,HUMAN_BACKGROUND_118550|2101104724|PEPAKSAPAPKKGSKKAV,4,0.21665,12.478905,12.539997,12.429815,Frozen score-blind human-background pMHC comparison; technical samples are not biological replicates.
EBV_TCELL_950::HUMAN_MYELIN_112214,24,EBV_TCELL_950,HUMAN_MYELIN_112214,HUMAN_BACKGROUND_118550,AKSAPAPKK,EBV_TCELL_950|2|AEGLRALLARSHVER,2,HUMAN_BACKGROUND_118550|125659505|PEPAKSAPAPKKGSKKAV,0,0.329772,9.297422,9.245167,9.339016,Frozen score-blind human-background pMHC comparison; technical samples are not biological replicates.
EBV_TCELL_950::HUMAN_MYELIN_112214,24,EBV_TCELL_950,HUMAN_MYELIN_112214,HUMAN_BACKGROUND_118550,AKSAPAPKK,EBV_TCELL_950|2|AEGLRALLARSHVER,2,HUMAN_BACKGROUND_118550|125659505|PEPAKSAPAPKKGSKKAV,1,0.271372,15.646246,17.691563,13.793329,Frozen score-blind human-background pMHC comparison; technical samples are not biological replicates.
EBV_TCELL_950::HUMAN_MYELIN_112214,24,EBV_TCELL_950,HUMAN_MYELIN_112214,HUMAN_BACKGROUND_118550,AKSAPAPKK,EBV_TCELL_950|2|AEGLRALLARSHVER,2,HUMAN_BACKGROUND_118550|125659505|PEPAKSAPAPKKGSKKAV,2,0.269411,6.583803,6.66782,6.515809,Frozen score-blind human-background pMHC comparison; technical samples are not biological replicates.
EBV_TCELL_950::HUMAN_MYELIN_112214,24,EBV_TCELL_950,HUMAN_MYELIN_112214,HUMAN_BACKGROUND_118550,AKSAPAPKK,EBV_TCELL_950|2|AEGLRALLARSHVER,2,HUMAN_BACKGROUND_118550|125659505|PEPAKSAPAPKKGSKKAV,3,0.289909,7.352014,7.394769,7.31763,Frozen score-blind human-background pMHC comparison; technical samples are not biological replicates.
EBV_TCELL_950::HUMAN_MYELIN_112214,24,EBV_TCELL_950,HUMAN_MYELIN_112214,HUMAN_BACKGROUND_118550,AKSAPAPKK,EBV_TCELL_950|2|AEGLRALLARSHVER,2,HUMAN_BACKGROUND_118550|125659505|PEPAKSAPAPKKGSKKAV,4,0.231186,15.708839,15.759299,15.668354,Frozen score-blind human-background pMHC comparison; technical samples are not biological replicates.
EBV_TCELL_950::HUMAN_MYELIN_112214,24,EBV_TCELL_950,HUMAN_MYELIN_112214,HUMAN_BACKGROUND_118550,AKSAPAPKK,EBV_TCELL_950|2|AEGLRALLARSHVER,2,HUMAN_BACKGROUND_118550|2101104724|PEPAKSAPAPKKGSKKAV,0,0.262194,6.61501,6.73093,6.52079,Frozen score-blind human-background pMHC comparison; technical samples are not biological replicates.
EBV_TCELL_950::HUMAN_MYELIN_112214,24,EBV_TCELL_950,HUMAN_MYELIN_112214,HUMAN_BACKGROUND_118550,AKSAPAPKK,EBV_TCELL_950|2|AEGLRALLARSHVER,2,HUMAN_BACKGROUND_118550|2101104724|PEPAKSAPAPKKGSKKAV,1,0.27769,0.656949,0.660884,0.653785,Frozen score-blind human-background pMHC comparison; technical samples are not biological replicates.
EBV_TCELL_950::HUMAN_MYELIN_112214,24,EBV_TCELL_950,HUMAN_MYELIN_112214,HUMAN_BACKGROUND_118550,AKSAPAPKK,EBV_TCELL_950|2|AEGLRALLARSHVER,2,HUMAN_BACKGROUND_118550|2101104724|PEPAKSAPAPKKGSKKAV,2,0.257518,3.561657,3.72641,3.424151,Frozen score-blind human-background pMHC comparison; technical samples are not biological replicates.
EBV_TCELL_950::HUMAN_MYELIN_112214,24,EBV_TCELL_950,HUMAN_MYELIN_112214,HUMAN_BACKGROUND_118550,AKSAPAPKK,EBV_TCELL_950|2|AEGLRALLARSHVER,2,HUMAN_BACKGROUND_118550|2101104724|PEPAKSAPAPKKGSKKAV,3,0.262002,16.198998,18.321669,14.27539,Frozen score-blind human-background pMHC comparison; technical samples are not biological replicates.
EBV_TCELL_950::HUMAN_MYELIN_112214,24,EBV_TCELL_950,HUMAN_MYELIN_112214,HUMAN_BACKGROUND_118550,AKSAPAPKK,EBV_TCELL_950|2|AEGLRALLARSHVER,2,HUMAN_BACKGROUND_118550|2101104724|PEPAKSAPAPKKGSKKAV,4,0.246581,12.500958,12.559029,12.454307,Frozen score-blind human-background pMHC comparison; technical samples are not biological replicates.
EBV_TCELL_950::HUMAN_MYELIN_112214,24,EBV_TCELL_950,HUMAN_MYELIN_112214,HUMAN_BACKGROUND_118550,AKSAPAPKK,EBV_TCELL_950|2|AEGLRALLARSHVER,3,HUMAN_BACKGROUND_118550|125659505|PEPAKSAPAPKKGSKKAV,0,0.271667,9.21096,9.167437,9.245631,Frozen score-blind human-background pMHC comparison; technical samples are not biological replicates.
EBV_TCELL_950::HUMAN_MYELIN_112214,24,EBV_TCELL_950,HUMAN_MYELIN_112214,HUMAN_BACKGROUND_118550,AKSAPAPKK,EBV_TCELL_950|2|AEGLRALLARSHVER,3,HUMAN_BACKGROUND_118550|125659505|PEPAKSAPAPKKGSKKAV,1,0.221475,15.653118,17.704187,13.794404,Frozen score-blind human-background pMHC comparison; technical samples are not biological replicates.
EBV_TCELL_950::HUMAN_MYELIN_112214,24,EBV_TCELL_950,HUMAN_MYELIN_112214,HUMAN_BACKGROUND_118550,AKSAPAPKK,EBV_TCELL_950|2|AEGLRALLARSHVER,3,HUMAN_BACKGROUND_118550|125659505|PEPAKSAPAPKKGSKKAV,2,0.20851,6.508742,6.601931,6.433218,Frozen score-blind human-background pMHC comparison; technical samples are not biological replicates.
EBV_TCELL_950::HUMAN_MYELIN_112214,24,EBV_TCELL_950,HUMAN_MYELIN_112214,HUMAN_BACKGROUND_118550,AKSAPAPKK,EBV_TCELL_950|2|AEGLRALLARSHVER,3,HUMAN_BACKGROUND_118550|125659505|PEPAKSAPAPKKGSKKAV,3,0.236127,7.264903,7.316333,7.223495,Frozen score-blind human-background pMHC comparison; technical samples are not biological replicates.
EBV_TCELL_950::HUMAN_MYELIN_112214,24,EBV_TCELL_950,HUMAN_MYELIN_112214,HUMAN_BACKGROUND_118550,AKSAPAPKK,EBV_TCELL_950|2|AEGLRALLARSHVER,3,HUMAN_BACKGROUND_118550|125659505|PEPAKSAPAPKKGSKKAV,4,0.194865,15.618121,15.679643,15.568728,Frozen score-blind human-background pMHC comparison; technical samples are not biological replicates.
EBV_TCELL_950::HUMAN_MYELIN_112214,24,EBV_TCELL_950,HUMAN_MYELIN_112214,HUMAN_BACKGROUND_118550,AKSAPAPKK,EBV_TCELL_950|2|AEGLRALLARSHVER,3,HUMAN_BACKGROUND_118550|2101104724|PEPAKSAPAPKKGSKKAV,0,0.205744,6.538275,6.662504,6.437166,Frozen score-blind human-background pMHC comparison; technical samples are not biological replicates.
EBV_TCELL_950::HUMAN_MYELIN_112214,24,EBV_TCELL_950,HUMAN_MYELIN_112214,HUMAN_BACKGROUND_118550,AKSAPAPKK,EBV_TCELL_950|2|AEGLRALLARSHVER,3,HUMAN_BACKGROUND_118550|2101104724|PEPAKSAPAPKKGSKKAV,1,0.219306,0.682548,0.687566,0.678507,Frozen score-blind human-background pMHC comparison; technical samples are not biological replicates.
EBV_TCELL_950::HUMAN_MYELIN_112214,24,EBV_TCELL_950,HUMAN_MYELIN_112214,HUMAN_BACKGROUND_118550,AKSAPAPKK,EBV_TCELL_950|2|AEGLRALLARSHVER,3,HUMAN_BACKGROUND_118550|2101104724|PEPAKSAPAPKKGSKKAV,2,0.202009,3.491024,3.657726,3.351699,Frozen score-blind human-background pMHC comparison; technical samples are not biological replicates.
EBV_TCELL_950::HUMAN_MYELIN_112214,24,EBV_TCELL_950,HUMAN_MYELIN_112214,HUMAN_BACKGROUND_118550,AKSAPAPKK,EBV_TCELL_950|2|AEGLRALLARSHVER,3,HUMAN_BACKGROUND_118550|2101104724|PEPAKSAPAPKKGSKKAV,3,0.194993,16.197858,18.326379,14.268221,Frozen score-blind human-background pMHC comparison; technical samples are not biological replicates.
EBV_TCELL_950::HUMAN_MYELIN_112214,24,EBV_TCELL_950,HUMAN_MYELIN_112214,HUMAN_BACKGROUND_118550,AKSAPAPKK,EBV_TCELL_950|2|AEGLRALLARSHVER,3,HUMAN_BACKGROUND_118550|2101104724|PEPAKSAPAPKKGSKKAV,4,0.195798,12.412134,12.479087,12.358311,Frozen score-blind human-background pMHC comparison; technical samples are not biological replicates.
EBV_TCELL_950::HUMAN_MYELIN_112214,24,EBV_TCELL_950,HUMAN_MYELIN_112214,HUMAN_BACKGROUND_118550,AKSAPAPKK,EBV_TCELL_950|2|AEGLRALLARSHVER,4,HUMAN_BACKGROUND_118550|125659505|PEPAKSAPAPKKGSKKAV,0,0.266592,9.277684,9.244648,9.304028,Frozen score-blind human-background pMHC comparison; technical samples are not biological replicates.
EBV_TCELL_950::HUMAN_MYELIN_112214,24,EBV_TCELL_950,HUMAN_MYELIN_112214,HUMAN_BACKGROUND_118550,AKSAPAPKK,EBV_TCELL_950|2|AEGLRALLARSHVER,4,HUMAN_BACKGROUND_118550|125659505|PEPAKSAPAPKKGSKKAV,1,0.212585,15.661204,17.711693,13.803214,Frozen score-blind human-background pMHC comparison; technical samples are not biological replicates.
EBV_TCELL_950::HUMAN_MYELIN_112214,24,EBV_TCELL_950,HUMAN_MYELIN_112214,HUMAN_BACKGROUND_118550,AKSAPAPKK,EBV_TCELL_950|2|AEGLRALLARSHVER,4,HUMAN_BACKGROUND_118550|125659505|PEPAKSAPAPKKGSKKAV,2,0.209944,6.572482,6.676426,6.488128,Frozen score-blind human-background pMHC comparison; technical samples are not biological replicates.
EBV_TCELL_950::HUMAN_MYELIN_112214,24,EBV_TCELL_950,HUMAN_MYELIN_112214,HUMAN_BACKGROUND_118550,AKSAPAPKK,EBV_TCELL_950|2|AEGLRALLARSHVER,4,HUMAN_BACKGROUND_118550|125659505|PEPAKSAPAPKKGSKKAV,3,0.227151,7.32955,7.3898,7.280991,Frozen score-blind human-background pMHC comparison; technical samples are not biological replicates.
EBV_TCELL_950::HUMAN_MYELIN_112214,24,EBV_TCELL_950,HUMAN_MYELIN_112214,HUMAN_BACKGROUND_118550,AKSAPAPKK,EBV_TCELL_950|2|AEGLRALLARSHVER,4,HUMAN_BACKGROUND_118550|125659505|PEPAKSAPAPKKGSKKAV,4,0.187208,15.684832,15.757621,15.626357,Frozen score-blind human-background pMHC comparison; technical samples are not biological replicates.
EBV_TCELL_950::HUMAN_MYELIN_112214,24,EBV_TCELL_950,HUMAN_MYELIN_112214,HUMAN_BACKGROUND_118550,AKSAPAPKK,EBV_TCELL_950|2|AEGLRALLARSHVER,4,HUMAN_BACKGROUND_118550|2101104724|PEPAKSAPAPKKGSKKAV,0,0.211702,6.602681,6.738333,6.492119,Frozen score-blind human-background pMHC comparison; technical samples are not biological replicates.
EBV_TCELL_950::HUMAN_MYELIN_112214,24,EBV_TCELL_950,HUMAN_MYELIN_112214,HUMAN_BACKGROUND_118550,AKSAPAPKK,EBV_TCELL_950|2|AEGLRALLARSHVER,4,HUMAN_BACKGROUND_118550|2101104724|PEPAKSAPAPKKGSKKAV,1,0.22831,0.700838,0.714121,0.690026,Frozen score-blind human-background pMHC comparison; technical samples are not biological replicates.
EBV_TCELL_950::HUMAN_MYELIN_112214,24,EBV_TCELL_950,HUMAN_MYELIN_112214,HUMAN_BACKGROUND_118550,AKSAPAPKK,EBV_TCELL_950|2|AEGLRALLARSHVER,4,HUMAN_BACKGROUND_118550|2101104724|PEPAKSAPAPKKGSKKAV,2,0.195334,3.53713,3.715744,3.387465,Frozen score-blind human-background pMHC comparison; technical samples are not biological replicates.
EBV_TCELL_950::HUMAN_MYELIN_112214,24,EBV_TCELL_950,HUMAN_MYELIN_112214,HUMAN_BACKGROUND_118550,AKSAPAPKK,EBV_TCELL_950|2|AEGLRALLARSHVER,4,HUMAN_BACKGROUND_118550|2101104724|PEPAKSAPAPKKGSKKAV,3,0.192684,16.212232,18.342615,14.280912,Frozen score-blind human-background pMHC comparison; technical samples are not biological replicates.
EBV_TCELL_950::HUMAN_MYELIN_112214,24,EBV_TCELL_950,HUMAN_MYELIN_112214,HUMAN_BACKGROUND_118550,AKSAPAPKK,EBV_TCELL_950|2|AEGLRALLARSHVER,4,HUMAN_BACKGROUND_118550|2101104724|PEPAKSAPAPKKGSKKAV,4,0.190541,12.475688,12.556327,12.4108,Frozen score-blind human-background pMHC comparison; technical samples are not biological replicates.
EBV_TCELL_950::HUMAN_MYELIN_112214,24,EBV_TCELL_950,HUMAN_MYELIN_112214,HUMAN_BACKGROUND_118550,AKSAPAPKK,EBV_TCELL_950|849625969|AEGLRALLARSHVER,0,HUMAN_BACKGROUND_118550|125659505|PEPAKSAPAPKKGSKKAV,0,0.284642,9.220258,9.180168,9.252204,Frozen score-blind human-background pMHC comparison; technical samples are not biological replicates.
EBV_TCELL_950::HUMAN_MYELIN_112214,24,EBV_TCELL_950,HUMAN_MYELIN_112214,HUMAN_BACKGROUND_118550,AKSAPAPKK,EBV_TCELL_950|849625969|AEGLRALLARSHVER,0,HUMAN_BACKGROUND_118550|125659505|PEPAKSAPAPKKGSKKAV,1,0.239128,15.668332,17.720664,13.808563,Frozen score-blind human-background pMHC comparison; technical samples are not biological replicates.
EBV_TCELL_950::HUMAN_MYELIN_112214,24,EBV_TCELL_950,HUMAN_MYELIN_112214,HUMAN_BACKGROUND_118550,AKSAPAPKK,EBV_TCELL_950|849625969|AEGLRALLARSHVER,0,HUMAN_BACKGROUND_118550|125659505|PEPAKSAPAPKKGSKKAV,2,0.232482,6.517069,6.626899,6.427854,Frozen score-blind human-background pMHC comparison; technical samples are not biological replicates.
EBV_TCELL_950::HUMAN_MYELIN_112214,24,EBV_TCELL_950,HUMAN_MYELIN_112214,HUMAN_BACKGROUND_118550,AKSAPAPKK,EBV_TCELL_950|849625969|AEGLRALLARSHVER,0,HUMAN_BACKGROUND_118550|125659505|PEPAKSAPAPKKGSKKAV,3,0.247439,7.272046,7.333108,7.222824,Frozen score-blind human-background pMHC comparison; technical samples are not biological replicates.
EBV_TCELL_950::HUMAN_MYELIN_112214,24,EBV_TCELL_950,HUMAN_MYELIN_112214,HUMAN_BACKGROUND_118550,AKSAPAPKK,EBV_TCELL_950|849625969|AEGLRALLARSHVER,0,HUMAN_BACKGROUND_118550|125659505|PEPAKSAPAPKKGSKKAV,4,0.199379,15.606501,15.674518,15.551873,Frozen score-blind human-background pMHC comparison; technical samples are not biological replicates.
EBV_TCELL_950::HUMAN_MYELIN_112214,24,EBV_TCELL_950,HUMAN_MYELIN_112214,HUMAN_BACKGROUND_118550,AKSAPAPKK,EBV_TCELL_950|849625969|AEGLRALLARSHVER,0,HUMAN_BACKGROUND_118550|2101104724|PEPAKSAPAPKKGSKKAV,0,0.225601,6.547811,6.687499,6.433878,Frozen score-blind human-background pMHC comparison; technical samples are not biological replicates.
EBV_TCELL_950::HUMAN_MYELIN_112214,24,EBV_TCELL_950,HUMAN_MYELIN_112214,HUMAN_BACKGROUND_118550,AKSAPAPKK,EBV_TCELL_950|849625969|AEGLRALLARSHVER,0,HUMAN_BACKGROUND_118550|2101104724|PEPAKSAPAPKKGSKKAV,1,0.235996,0.749442,0.755163,0.744833,Frozen score-blind human-background pMHC comparison; technical samples are not biological replicates.
EBV_TCELL_950::HUMAN_MYELIN_112214,24,EBV_TCELL_950,HUMAN_MYELIN_112214,HUMAN_BACKGROUND_118550,AKSAPAPKK,EBV_TCELL_950|849625969|AEGLRALLARSHVER,0,HUMAN_BACKGROUND_118550|2101104724|PEPAKSAPAPKKGSKKAV,2,0.216134,3.506863,3.711885,3.33378,Frozen score-blind human-background pMHC comparison; technical samples are not biological replicates.
EBV_TCELL_950::HUMAN_MYELIN_112214,24,EBV_TCELL_950,HUMAN_MYELIN_112214,HUMAN_BACKGROUND_118550,AKSAPAPKK,EBV_TCELL_950|849625969|AEGLRALLARSHVER,0,HUMAN_BACKGROUND_118550|2101104724|PEPAKSAPAPKKGSKKAV,3,0.224304,16.210592,18.340229,14.280012,Frozen score-blind human-background pMHC comparison; technical samples are not biological replicates.
EBV_TCELL_950::HUMAN_MYELIN_112214,24,EBV_TCELL_950,HUMAN_MYELIN_112214,HUMAN_BACKGROUND_118550,AKSAPAPKK,EBV_TCELL_950|849625969|AEGLRALLARSHVER,0,HUMAN_BACKGROUND_118550|2101104724|PEPAKSAPAPKKGSKKAV,4,0.211825,12.409603,12.498346,12.338149,Frozen score-blind human-background pMHC comparison; technical samples are not biological replicates.
EBV_TCELL_950::HUMAN_MYELIN_112214,24,EBV_TCELL_950,HUMAN_MYELIN_112214,HUMAN_BACKGROUND_118550,AKSAPAPKK,EBV_TCELL_950|849625969|AEGLRALLARSHVER,1,HUMAN_BACKGROUND_118550|125659505|PEPAKSAPAPKKGSKKAV,0,0.304431,18.011752,19.692471,16.544698,Frozen score-blind human-background pMHC comparison; technical samples are not biological replicates.
EBV_TCELL_950::HUMAN_MYELIN_112214,24,EBV_TCELL_950,HUMAN_MYELIN_112214,HUMAN_BACKGROUND_118550,AKSAPAPKK,EBV_TCELL_950|849625969|AEGLRALLARSHVER,1,HUMAN_BACKGROUND_118550|125659505|PEPAKSAPAPKKGSKKAV,1,0.271284,4.121455,3.718269,4.417588,Frozen score-blind human-background pMHC comparison; technical samples are not biological replicates.
EBV_TCELL_950::HUMAN_MYELIN_112214,24,EBV_TCELL_950,HUMAN_MYELIN_112214,HUMAN_BACKGROUND_118550,AKSAPAPKK,EBV_TCELL_950|849625969|AEGLRALLARSHVER,1,HUMAN_BACKGROUND_118550|125659505|PEPAKSAPAPKKGSKKAV,2,0.263378,16.697657,18.734426,14.868698,Frozen score-blind human-background pMHC comparison; technical samples are not biological replicates.
EBV_TCELL_950::HUMAN_MYELIN_112214,24,EBV_TCELL_950,HUMAN_MYELIN_112214,HUMAN_BACKGROUND_118550,AKSAPAPKK,EBV_TCELL_950|849625969|AEGLRALLARSHVER,1,HUMAN_BACKGROUND_118550|125659505|PEPAKSAPAPKKGSKKAV,3,0.278073,16.835978,18.780316,15.101326,Frozen score-blind human-background pMHC comparison; technical samples are not biological replicates.
EBV_TCELL_950::HUMAN_MYELIN_112214,24,EBV_TCELL_950,HUMAN_MYELIN_112214,HUMAN_BACKGROUND_118550,AKSAPAPKK,EBV_TCELL_950|849625969|AEGLRALLARSHVER,1,HUMAN_BACKGROUND_118550|125659505|PEPAKSAPAPKKGSKKAV,4,0.250631,21.871364,23.26926,20.685141,Frozen score-blind human-background pMHC comparison; technical samples are not biological replicates.
EBV_TCELL_950::HUMAN_MYELIN_112214,24,EBV_TCELL_950,HUMAN_MYELIN_112214,HUMAN_BACKGROUND_118550,AKSAPAPKK,EBV_TCELL_950|849625969|AEGLRALLARSHVER,1,HUMAN_BACKGROUND_118550|2101104724|PEPAKSAPAPKKGSKKAV,0,0.259584,16.899821,18.969095,15.040806,Frozen score-blind human-background pMHC comparison; technical samples are not biological replicates.
EBV_TCELL_950::HUMAN_MYELIN_112214,24,EBV_TCELL_950,HUMAN_MYELIN_112214,HUMAN_BACKGROUND_118550,AKSAPAPKK,EBV_TCELL_950|849625969|AEGLRALLARSHVER,1,HUMAN_BACKGROUND_118550|2101104724|PEPAKSAPAPKKGSKKAV,1,0.275263,15.897129,17.965396,14.024596,Frozen score-blind human-background pMHC comparison; technical samples are not biological replicates.
EBV_TCELL_950::HUMAN_MYELIN_112214,24,EBV_TCELL_950,HUMAN_MYELIN_112214,HUMAN_BACKGROUND_118550,AKSAPAPKK,EBV_TCELL_950|849625969|AEGLRALLARSHVER,1,HUMAN_BACKGROUND_118550|2101104724|PEPAKSAPAPKKGSKKAV,2,0.248941,16.016481,18.112932,14.116911,Frozen score-blind human-background pMHC comparison; technical samples are not biological replicates.
EBV_TCELL_950::HUMAN_MYELIN_112214,24,EBV_TCELL_950,HUMAN_MYELIN_112214,HUMAN_BACKGROUND_118550,AKSAPAPKK,EBV_TCELL_950|849625969|AEGLRALLARSHVER,1,HUMAN_BACKGROUND_118550|2101104724|PEPAKSAPAPKKGSKKAV,3,0.267802,1.877229,1.676413,2.023583,Frozen score-blind human-background pMHC comparison; technical samples are not biological replicates.
EBV_TCELL_950::HUMAN_MYELIN_112214,24,EBV_TCELL_950,HUMAN_MYELIN_112214,HUMAN_BACKGROUND_118550,AKSAPAPKK,EBV_TCELL_950|849625969|AEGLRALLARSHVER,1,HUMAN_BACKGROUND_118550|2101104724|PEPAKSAPAPKKGSKKAV,4,0.256587,19.510106,21.000125,18.230618,Frozen score-blind human-background pMHC comparison; technical samples are not biological replicates.
EBV_TCELL_950::HUMAN_MYELIN_112214,24,EBV_TCELL_950,HUMAN_MYELIN_112214,HUMAN_BACKGROUND_118550,AKSAPAPKK,EBV_TCELL_950|849625969|AEGLRALLARSHVER,2,HUMAN_BACKGROUND_118550|125659505|PEPAKSAPAPKKGSKKAV,0,0.242283,9.38765,9.339435,9.426045,Frozen score-blind human-background pMHC comparison; technical samples are not biological replicates.
EBV_TCELL_950::HUMAN_MYELIN_112214,24,EBV_TCELL_950,HUMAN_MYELIN_112214,HUMAN_BACKGROUND_118550,AKSAPAPKK,EBV_TCELL_950|849625969|AEGLRALLARSHVER,2,HUMAN_BACKGROUND_118550|125659505|PEPAKSAPAPKKGSKKAV,1,0.201432,15.661591,17.712761,13.802908,Frozen score-blind human-background pMHC comparison; technical samples are not biological replicates.
EBV_TCELL_950::HUMAN_MYELIN_112214,24,EBV_TCELL_950,HUMAN_MYELIN_112214,HUMAN_BACKGROUND_118550,AKSAPAPKK,EBV_TCELL_950|849625969|AEGLRALLARSHVER,2,HUMAN_BACKGROUND_118550|125659505|PEPAKSAPAPKKGSKKAV,2,0.197992,6.681758,6.778811,6.603089,Frozen score-blind human-background pMHC comparison; technical samples are not biological replicates.
EBV_TCELL_950::HUMAN_MYELIN_112214,24,EBV_TCELL_950,HUMAN_MYELIN_112214,HUMAN_BACKGROUND_118550,AKSAPAPKK,EBV_TCELL_950|849625969|AEGLRALLARSHVER,2,HUMAN_BACKGROUND_118550|125659505|PEPAKSAPAPKKGSKKAV,3,0.210235,7.445142,7.496668,7.403662,Frozen score-blind human-background pMHC comparison; technical samples are not biological replicates.
EBV_TCELL_950::HUMAN_MYELIN_112214,24,EBV_TCELL_950,HUMAN_MYELIN_112214,HUMAN_BACKGROUND_118550,AKSAPAPKK,EBV_TCELL_950|849625969|AEGLRALLARSHVER,2,HUMAN_BACKGROUND_118550|125659505|PEPAKSAPAPKKGSKKAV,4,0.19178,15.791172,15.85265,15.741816,Frozen score-blind human-background pMHC comparison; technical samples are not biological replicates.
EBV_TCELL_950::HUMAN_MYELIN_112214,24,EBV_TCELL_950,HUMAN_MYELIN_112214,HUMAN_BACKGROUND_118550,AKSAPAPKK,EBV_TCELL_950|849625969|AEGLRALLARSHVER,2,HUMAN_BACKGROUND_118550|2101104724|PEPAKSAPAPKKGSKKAV,0,0.200256,6.713938,6.842855,6.608994,Frozen score-blind human-background pMHC comparison; technical samples are not biological replicates.
EBV_TCELL_950::HUMAN_MYELIN_112214,24,EBV_TCELL_950,HUMAN_MYELIN_112214,HUMAN_BACKGROUND_118550,AKSAPAPKK,EBV_TCELL_950|849625969|AEGLRALLARSHVER,2,HUMAN_BACKGROUND_118550|2101104724|PEPAKSAPAPKKGSKKAV,1,0.212086,0.740404,0.738059,0.742274,Frozen score-blind human-background pMHC comparison; technical samples are not biological replicates.
EBV_TCELL_950::HUMAN_MYELIN_112214,24,EBV_TCELL_950,HUMAN_MYELIN_112214,HUMAN_BACKGROUND_118550,AKSAPAPKK,EBV_TCELL_950|849625969|AEGLRALLARSHVER,2,HUMAN_BACKGROUND_118550|2101104724|PEPAKSAPAPKKGSKKAV,2,0.182301,3.629435,3.820876,3.468683,Frozen score-blind human-background pMHC comparison; technical samples are not biological replicates.
EBV_TCELL_950::HUMAN_MYELIN_112214,24,EBV_TCELL_950,HUMAN_MYELIN_112214,HUMAN_BACKGROUND_118550,AKSAPAPKK,EBV_TCELL_950|849625969|AEGLRALLARSHVER,2,HUMAN_BACKGROUND_118550|2101104724|PEPAKSAPAPKKGSKKAV,3,0.184004,16.222088,18.345943,14.297628,Frozen score-blind human-background pMHC comparison; technical samples are not biological replicates.
EBV_TCELL_950::HUMAN_MYELIN_112214,24,EBV_TCELL_950,HUMAN_MYELIN_112214,HUMAN_BACKGROUND_118550,AKSAPAPKK,EBV_TCELL_950|849625969|AEGLRALLARSHVER,2,HUMAN_BACKGROUND_118550|2101104724|PEPAKSAPAPKKGSKKAV,4,0.180855,12.57908,12.654494,12.518421,Frozen score-blind human-background pMHC comparison; technical samples are not biological replicates.
EBV_TCELL_950::HUMAN_MYELIN_112214,24,EBV_TCELL_950,HUMAN_MYELIN_112214,HUMAN_BACKGROUND_118550,AKSAPAPKK,EBV_TCELL_950|849625969|AEGLRALLARSHVER,3,HUMAN_BACKGROUND_118550|125659505|PEPAKSAPAPKKGSKKAV,0,0.284814,9.264062,9.221845,9.297698,Frozen score-blind human-background pMHC comparison; technical samples are not biological replicates.
EBV_TCELL_950::HUMAN_MYELIN_112214,24,EBV_TCELL_950,HUMAN_MYELIN_112214,HUMAN_BACKGROUND_118550,AKSAPAPKK,EBV_TCELL_950|849625969|AEGLRALLARSHVER,3,HUMAN_BACKGROUND_118550|125659505|PEPAKSAPAPKKGSKKAV,1,0.242105,15.639249,17.678926,13.792007,Frozen score-blind human-background pMHC comparison; technical samples are not biological replicates.
EBV_TCELL_950::HUMAN_MYELIN_112214,24,EBV_TCELL_950,HUMAN_MYELIN_112214,HUMAN_BACKGROUND_118550,AKSAPAPKK,EBV_TCELL_950|849625969|AEGLRALLARSHVER,3,HUMAN_BACKGROUND_118550|125659505|PEPAKSAPAPKKGSKKAV,2,0.234648,6.548516,6.638844,6.475346,Frozen score-blind human-background pMHC comparison; technical samples are not biological replicates.
EBV_TCELL_950::HUMAN_MYELIN_112214,24,EBV_TCELL_950,HUMAN_MYELIN_112214,HUMAN_BACKGROUND_118550,AKSAPAPKK,EBV_TCELL_950|849625969|AEGLRALLARSHVER,3,HUMAN_BACKGROUND_118550|125659505|PEPAKSAPAPKKGSKKAV,3,0.258716,7.316213,7.366949,7.275369,Frozen score-blind human-background pMHC comparison; technical samples are not biological replicates.
EBV_TCELL_950::HUMAN_MYELIN_112214,24,EBV_TCELL_950,HUMAN_MYELIN_112214,HUMAN_BACKGROUND_118550,AKSAPAPKK,EBV_TCELL_950|849625969|AEGLRALLARSHVER,3,HUMAN_BACKGROUND_118550|125659505|PEPAKSAPAPKKGSKKAV,4,0.202831,15.667503,15.726182,15.6204,Frozen score-blind human-background pMHC comparison; technical samples are not biological replicates.
EBV_TCELL_950::HUMAN_MYELIN_112214,24,EBV_TCELL_950,HUMAN_MYELIN_112214,HUMAN_BACKGROUND_118550,AKSAPAPKK,EBV_TCELL_950|849625969|AEGLRALLARSHVER,3,HUMAN_BACKGROUND_118550|2101104724|PEPAKSAPAPKKGSKKAV,0,0.224363,6.579209,6.701439,6.479766,Frozen score-blind human-background pMHC comparison; technical samples are not biological replicates.
EBV_TCELL_950::HUMAN_MYELIN_112214,24,EBV_TCELL_950,HUMAN_MYELIN_112214,HUMAN_BACKGROUND_118550,AKSAPAPKK,EBV_TCELL_950|849625969|AEGLRALLARSHVER,3,HUMAN_BACKGROUND_118550|2101104724|PEPAKSAPAPKKGSKKAV,1,0.245721,0.661864,0.664807,0.6595,Frozen score-blind human-background pMHC comparison; technical samples are not biological replicates.
EBV_TCELL_950::HUMAN_MYELIN_112214,24,EBV_TCELL_950,HUMAN_MYELIN_112214,HUMAN_BACKGROUND_118550,AKSAPAPKK,EBV_TCELL_950|849625969|AEGLRALLARSHVER,3,HUMAN_BACKGROUND_118550|2101104724|PEPAKSAPAPKKGSKKAV,2,0.223608,3.533759,3.715814,3.381064,Frozen score-blind human-background pMHC comparison; technical samples are not biological replicates.
EBV_TCELL_950::HUMAN_MYELIN_112214,24,EBV_TCELL_950,HUMAN_MYELIN_112214,HUMAN_BACKGROUND_118550,AKSAPAPKK,EBV_TCELL_950|849625969|AEGLRALLARSHVER,3,HUMAN_BACKGROUND_118550|2101104724|PEPAKSAPAPKKGSKKAV,3,0.228194,16.189559,18.306413,14.271772,Frozen score-blind human-background pMHC comparison; technical samples are not biological replicates.
EBV_TCELL_950::HUMAN_MYELIN_112214,24,EBV_TCELL_950,HUMAN_MYELIN_112214,HUMAN_BACKGROUND_118550,AKSAPAPKK,EBV_TCELL_950|849625969|AEGLRALLARSHVER,3,HUMAN_BACKGROUND_118550|2101104724|PEPAKSAPAPKKGSKKAV,4,0.208418,12.461689,12.533812,12.403688,Frozen score-blind human-background pMHC comparison; technical samples are not biological replicates.
EBV_TCELL_950::HUMAN_MYELIN_112214,24,EBV_TCELL_950,HUMAN_MYELIN_112214,HUMAN_BACKGROUND_118550,AKSAPAPKK,EBV_TCELL_950|849625969|AEGLRALLARSHVER,4,HUMAN_BACKGROUND_118550|125659505|PEPAKSAPAPKKGSKKAV,0,0.317902,9.218123,9.160801,9.263725,Frozen score-blind human-background pMHC comparison; technical samples are not biological replicates.
EBV_TCELL_950::HUMAN_MYELIN_112214,24,EBV_TCELL_950,HUMAN_MYELIN_112214,HUMAN_BACKGROUND_118550,AKSAPAPKK,EBV_TCELL_950|849625969|AEGLRALLARSHVER,4,HUMAN_BACKGROUND_118550|125659505|PEPAKSAPAPKKGSKKAV,1,0.282839,15.630764,17.666415,13.787517,Frozen score-blind human-background pMHC comparison; technical samples are not biological replicates.
EBV_TCELL_950::HUMAN_MYELIN_112214,24,EBV_TCELL_950,HUMAN_MYELIN_112214,HUMAN_BACKGROUND_118550,AKSAPAPKK,EBV_TCELL_950|849625969|AEGLRALLARSHVER,4,HUMAN_BACKGROUND_118550|125659505|PEPAKSAPAPKKGSKKAV,2,0.263464,6.501416,6.579852,6.437979,Frozen score-blind human-background pMHC comparison; technical samples are not biological replicates.
EBV_TCELL_950::HUMAN_MYELIN_112214,24,EBV_TCELL_950,HUMAN_MYELIN_112214,HUMAN_BACKGROUND_118550,AKSAPAPKK,EBV_TCELL_950|849625969|AEGLRALLARSHVER,4,HUMAN_BACKGROUND_118550|125659505|PEPAKSAPAPKKGSKKAV,3,0.298376,7.268489,7.311187,7.234149,Frozen score-blind human-background pMHC comparison; technical samples are not biological replicates.
EBV_TCELL_950::HUMAN_MYELIN_112214,24,EBV_TCELL_950,HUMAN_MYELIN_112214,HUMAN_BACKGROUND_118550,AKSAPAPKK,EBV_TCELL_950|849625969|AEGLRALLARSHVER,4,HUMAN_BACKGROUND_118550|125659505|PEPAKSAPAPKKGSKKAV,4,0.229777,15.626801,15.677449,15.586164,Frozen score-blind human-background pMHC comparison; technical samples are not biological replicates.
EBV_TCELL_950::HUMAN_MYELIN_112214,24,EBV_TCELL_950,HUMAN_MYELIN_112214,HUMAN_BACKGROUND_118550,AKSAPAPKK,EBV_TCELL_950|849625969|AEGLRALLARSHVER,4,HUMAN_BACKGROUND_118550|2101104724|PEPAKSAPAPKKGSKKAV,0,0.253066,6.533065,6.644616,6.442434,Frozen score-blind human-background pMHC comparison; technical samples are not biological replicates.
EBV_TCELL_950::HUMAN_MYELIN_112214,24,EBV_TCELL_950,HUMAN_MYELIN_112214,HUMAN_BACKGROUND_118550,AKSAPAPKK,EBV_TCELL_950|849625969|AEGLRALLARSHVER,4,HUMAN_BACKGROUND_118550|2101104724|PEPAKSAPAPKKGSKKAV,1,0.275052,0.664718,0.641557,0.682682,Frozen score-blind human-background pMHC comparison; technical samples are not biological replicates.
EBV_TCELL_950::HUMAN_MYELIN_112214,24,EBV_TCELL_950,HUMAN_MYELIN_112214,HUMAN_BACKGROUND_118550,AKSAPAPKK,EBV_TCELL_950|849625969|AEGLRALLARSHVER,4,HUMAN_BACKGROUND_118550|2101104724|PEPAKSAPAPKKGSKKAV,2,0.261862,3.48774,3.643573,3.35787,Frozen score-blind human-background pMHC comparison; technical samples are not biological replicates.
EBV_TCELL_950::HUMAN_MYELIN_112214,24,EBV_TCELL_950,HUMAN_MYELIN_112214,HUMAN_BACKGROUND_118550,AKSAPAPKK,EBV_TCELL_950|849625969|AEGLRALLARSHVER,4,HUMAN_BACKGROUND_118550|2101104724|PEPAKSAPAPKKGSKKAV,3,0.257197,16.174463,18.289441,14.258364,Frozen score-blind human-background pMHC comparison; technical samples are not biological replicates.
EBV_TCELL_950::HUMAN_MYELIN_112214,24,EBV_TCELL_950,HUMAN_MYELIN_112214,HUMAN_BACKGROUND_118550,AKSAPAPKK,EBV_TCELL_950|849625969|AEGLRALLARSHVER,4,HUMAN_BACKGROUND_118550|2101104724|PEPAKSAPAPKKGSKKAV,4,0.231743,12.415794,12.469505,12.372658,Frozen score-blind human-background pMHC comparison; technical samples are not biological replicates.
EBV_TCELL_950::HUMAN_MYELIN_112214,24,EBV_TCELL_950,HUMAN_MYELIN_112214,HUMAN_BACKGROUND_119732,FTPAVHASL,EBV_TCELL_950|2|AEGLRALLARSHVER,0,HUMAN_BACKGROUND_119732|1742505091|AAHLPAEFTPAVHASLDKF,0,0.311188,15.488555,17.671767,13.489942,Frozen score-blind human-background pMHC comparison; technical samples are not biological replicates.
EBV_TCELL_950::HUMAN_MYELIN_112214,24,EBV_TCELL_950,HUMAN_MYELIN_112214,HUMAN_BACKGROUND_119732,FTPAVHASL,EBV_TCELL_950|2|AEGLRALLARSHVER,0,HUMAN_BACKGROUND_119732|1742505091|AAHLPAEFTPAVHASLDKF,1,0.23036,16.020425,18.237737,13.995899,Frozen score-blind human-background pMHC comparison; technical samples are not biological replicates.
EBV_TCELL_950::HUMAN_MYELIN_112214,24,EBV_TCELL_950,HUMAN_MYELIN_112214,HUMAN_BACKGROUND_119732,FTPAVHASL,EBV_TCELL_950|2|AEGLRALLARSHVER,0,HUMAN_BACKGROUND_119732|1742505091|AAHLPAEFTPAVHASLDKF,2,0.265876,14.214834,16.346107,12.245592,Frozen score-blind human-background pMHC comparison; technical samples are not biological replicates.
EBV_TCELL_950::HUMAN_MYELIN_112214,24,EBV_TCELL_950,HUMAN_MYELIN_112214,HUMAN_BACKGROUND_119732,FTPAVHASL,EBV_TCELL_950|2|AEGLRALLARSHVER,0,HUMAN_BACKGROUND_119732|1742505091|AAHLPAEFTPAVHASLDKF,3,0.192666,20.279772,21.814667,18.962614,Frozen score-blind human-background pMHC comparison; technical samples are not biological replicates.
EBV_TCELL_950::HUMAN_MYELIN_112214,24,EBV_TCELL_950,HUMAN_MYELIN_112214,HUMAN_BACKGROUND_119732,FTPAVHASL,EBV_TCELL_950|2|AEGLRALLARSHVER,0,HUMAN_BACKGROUND_119732|1742505091|AAHLPAEFTPAVHASLDKF,4,0.213147,0.914813,0.781305,1.00898,Frozen score-blind human-background pMHC comparison; technical samples are not biological replicates.
EBV_TCELL_950::HUMAN_MYELIN_112214,24,EBV_TCELL_950,HUMAN_MYELIN_112214,HUMAN_BACKGROUND_119732,FTPAVHASL,EBV_TCELL_950|2|AEGLRALLARSHVER,1,HUMAN_BACKGROUND_119732|1742505091|AAHLPAEFTPAVHASLDKF,0,0.247059,15.526801,17.719179,13.519295,Frozen score-blind human-background pMHC comparison; technical samples are not biological replicates.
EBV_TCELL_950::HUMAN_MYELIN_112214,24,EBV_TCELL_950,HUMAN_MYELIN_112214,HUMAN_BACKGROUND_119732,FTPAVHASL,EBV_TCELL_950|2|AEGLRALLARSHVER,1,HUMAN_BACKGROUND_119732|1742505091|AAHLPAEFTPAVHASLDKF,1,0.166265,16.056178,18.282661,14.022731,Frozen score-blind human-background pMHC comparison; technical samples are not biological replicates.
EBV_TCELL_950::HUMAN_MYELIN_112214,24,EBV_TCELL_950,HUMAN_MYELIN_112214,HUMAN_BACKGROUND_119732,FTPAVHASL,EBV_TCELL_950|2|AEGLRALLARSHVER,1,HUMAN_BACKGROUND_119732|1742505091|AAHLPAEFTPAVHASLDKF,2,0.205365,14.252278,16.393809,12.272887,Frozen score-blind human-background pMHC comparison; technical samples are not biological replicates.
EBV_TCELL_950::HUMAN_MYELIN_112214,24,EBV_TCELL_950,HUMAN_MYELIN_112214,HUMAN_BACKGROUND_119732,FTPAVHASL,EBV_TCELL_950|2|AEGLRALLARSHVER,1,HUMAN_BACKGROUND_119732|1742505091|AAHLPAEFTPAVHASLDKF,3,0.140434,20.300614,21.850441,18.969804,Frozen score-blind human-background pMHC comparison; technical samples are not biological replicates.
EBV_TCELL_950::HUMAN_MYELIN_112214,24,EBV_TCELL_950,HUMAN_MYELIN_112214,HUMAN_BACKGROUND_119732,FTPAVHASL,EBV_TCELL_950|2|AEGLRALLARSHVER,1,HUMAN_BACKGROUND_119732|1742505091|AAHLPAEFTPAVHASLDKF,4,0.162259,0.99716,0.835691,1.109544,Frozen score-blind human-background pMHC comparison; technical samples are not biological replicates.
EBV_TCELL_950::HUMAN_MYELIN_112214,24,EBV_TCELL_950,HUMAN_MYELIN_112214,HUMAN_BACKGROUND_119732,FTPAVHASL,EBV_TCELL_950|2|AEGLRALLARSHVER,2,HUMAN_BACKGROUND_119732|1742505091|AAHLPAEFTPAVHASLDKF,0,0.265171,15.511497,17.697791,13.510082,Frozen score-blind human-background pMHC comparison; technical samples are not biological replicates.
EBV_TCELL_950::HUMAN_MYELIN_112214,24,EBV_TCELL_950,HUMAN_MYELIN_112214,HUMAN_BACKGROUND_119732,FTPAVHASL,EBV_TCELL_950|2|AEGLRALLARSHVER,2,HUMAN_BACKGROUND_119732|1742505091|AAHLPAEFTPAVHASLDKF,1,0.218138,16.036721,18.252101,14.014499,Frozen score-blind human-background pMHC comparison; technical samples are not biological replicates.
EBV_TCELL_950::HUMAN_MYELIN_112214,24,EBV_TCELL_950,HUMAN_MYELIN_112214,HUMAN_BACKGROUND_119732,FTPAVHASL,EBV_TCELL_950|2|AEGLRALLARSHVER,2,HUMAN_BACKGROUND_119732|1742505091|AAHLPAEFTPAVHASLDKF,2,0.202876,14.237376,16.36625,12.271179,Frozen score-blind human-background pMHC comparison; technical samples are not biological replicates.
EBV_TCELL_950::HUMAN_MYELIN_112214,24,EBV_TCELL_950,HUMAN_MYELIN_112214,HUMAN_BACKGROUND_119732,FTPAVHASL,EBV_TCELL_950|2|AEGLRALLARSHVER,2,HUMAN_BACKGROUND_119732|1742505091|AAHLPAEFTPAVHASLDKF,3,0.178878,20.290089,21.827955,18.970245,Frozen score-blind human-background pMHC comparison; technical samples are not biological replicates.
EBV_TCELL_950::HUMAN_MYELIN_112214,24,EBV_TCELL_950,HUMAN_MYELIN_112214,HUMAN_BACKGROUND_119732,FTPAVHASL,EBV_TCELL_950|2|AEGLRALLARSHVER,2,HUMAN_BACKGROUND_119732|1742505091|AAHLPAEFTPAVHASLDKF,4,0.199221,0.997727,0.838873,1.108539,Frozen score-blind human-background pMHC comparison; technical samples are not biological replicates.
EBV_TCELL_950::HUMAN_MYELIN_112214,24,EBV_TCELL_950,HUMAN_MYELIN_112214,HUMAN_BACKGROUND_119732,FTPAVHASL,EBV_TCELL_950|2|AEGLRALLARSHVER,3,HUMAN_BACKGROUND_119732|1742505091|AAHLPAEFTPAVHASLDKF,0,0.211553,15.495853,17.686472,13.48961,Frozen score-blind human-background pMHC comparison; technical samples are not biological replicates.
EBV_TCELL_950::HUMAN_MYELIN_112214,24,EBV_TCELL_950,HUMAN_MYELIN_112214,HUMAN_BACKGROUND_119732,FTPAVHASL,EBV_TCELL_950|2|AEGLRALLARSHVER,3,HUMAN_BACKGROUND_119732|1742505091|AAHLPAEFTPAVHASLDKF,1,0.159391,16.031172,18.254908,14.000141,Frozen score-blind human-background pMHC comparison; technical samples are not biological replicates.
EBV_TCELL_950::HUMAN_MYELIN_112214,24,EBV_TCELL_950,HUMAN_MYELIN_112214,HUMAN_BACKGROUND_119732,FTPAVHASL,EBV_TCELL_950|2|AEGLRALLARSHVER,3,HUMAN_BACKGROUND_119732|1742505091|AAHLPAEFTPAVHASLDKF,2,0.170605,14.215685,16.355777,12.237039,Frozen score-blind human-background pMHC comparison; technical samples are not biological replicates.
EBV_TCELL_950::HUMAN_MYELIN_112214,24,EBV_TCELL_950,HUMAN_MYELIN_112214,HUMAN_BACKGROUND_119732,FTPAVHASL,EBV_TCELL_950|2|AEGLRALLARSHVER,3,HUMAN_BACKGROUND_119732|1742505091|AAHLPAEFTPAVHASLDKF,3,0.122444,20.231002,21.782994,18.897861,Frozen score-blind human-background pMHC comparison; technical samples are not biological replicates.
EBV_TCELL_950::HUMAN_MYELIN_112214,24,EBV_TCELL_950,HUMAN_MYELIN_112214,HUMAN_BACKGROUND_119732,FTPAVHASL,EBV_TCELL_950|2|AEGLRALLARSHVER,3,HUMAN_BACKGROUND_119732|1742505091|AAHLPAEFTPAVHASLDKF,4,0.144598,1.018879,0.851823,1.134956,Frozen score-blind human-background pMHC comparison; technical samples are not biological replicates.
EBV_TCELL_950::HUMAN_MYELIN_112214,24,EBV_TCELL_950,HUMAN_MYELIN_112214,HUMAN_BACKGROUND_119732,FTPAVHASL,EBV_TCELL_950|2|AEGLRALLARSHVER,4,HUMAN_BACKGROUND_119732|1742505091|AAHLPAEFTPAVHASLDKF,0,0.211007,15.519656,17.711787,13.512274,Frozen score-blind human-background pMHC comparison; technical samples are not biological replicates.
EBV_TCELL_950::HUMAN_MYELIN_112214,24,EBV_TCELL_950,HUMAN_MYELIN_112214,HUMAN_BACKGROUND_119732,FTPAVHASL,EBV_TCELL_950|2|AEGLRALLARSHVER,4,HUMAN_BACKGROUND_119732|1742505091|AAHLPAEFTPAVHASLDKF,1,0.161575,16.046613,18.271846,14.014298,Frozen score-blind human-background pMHC comparison; technical samples are not biological replicates.
EBV_TCELL_950::HUMAN_MYELIN_112214,24,EBV_TCELL_950,HUMAN_MYELIN_112214,HUMAN_BACKGROUND_119732,FTPAVHASL,EBV_TCELL_950|2|AEGLRALLARSHVER,4,HUMAN_BACKGROUND_119732|1742505091|AAHLPAEFTPAVHASLDKF,2,0.168857,14.239547,16.380126,12.260898,Frozen score-blind human-background pMHC comparison; technical samples are not biological replicates.
EBV_TCELL_950::HUMAN_MYELIN_112214,24,EBV_TCELL_950,HUMAN_MYELIN_112214,HUMAN_BACKGROUND_119732,FTPAVHASL,EBV_TCELL_950|2|AEGLRALLARSHVER,4,HUMAN_BACKGROUND_119732|1742505091|AAHLPAEFTPAVHASLDKF,3,0.125722,20.284486,21.838547,18.949695,Frozen score-blind human-background pMHC comparison; technical samples are not biological replicates.
EBV_TCELL_950::HUMAN_MYELIN_112214,24,EBV_TCELL_950,HUMAN_MYELIN_112214,HUMAN_BACKGROUND_119732,FTPAVHASL,EBV_TCELL_950|2|AEGLRALLARSHVER,4,HUMAN_BACKGROUND_119732|1742505091|AAHLPAEFTPAVHASLDKF,4,0.143557,1.016277,0.86309,1.123893,Frozen score-blind human-background pMHC comparison; technical samples are not biological replicates.
EBV_TCELL_950::HUMAN_MYELIN_112214,24,EBV_TCELL_950,HUMAN_MYELIN_112214,HUMAN_BACKGROUND_119732,FTPAVHASL,EBV_TCELL_950|849625969|AEGLRALLARSHVER,0,HUMAN_BACKGROUND_119732|1742505091|AAHLPAEFTPAVHASLDKF,0,0.223657,15.511877,17.706018,13.502241,Frozen score-blind human-background pMHC comparison; technical samples are not biological replicates.
EBV_TCELL_950::HUMAN_MYELIN_112214,24,EBV_TCELL_950,HUMAN_MYELIN_112214,HUMAN_BACKGROUND_119732,FTPAVHASL,EBV_TCELL_950|849625969|AEGLRALLARSHVER,0,HUMAN_BACKGROUND_119732|1742505091|AAHLPAEFTPAVHASLDKF,1,0.192717,16.04308,18.269038,14.009946,Frozen score-blind human-background pMHC comparison; technical samples are not biological replicates.
EBV_TCELL_950::HUMAN_MYELIN_112214,24,EBV_TCELL_950,HUMAN_MYELIN_112214,HUMAN_BACKGROUND_119732,FTPAVHASL,EBV_TCELL_950|849625969|AEGLRALLARSHVER,0,HUMAN_BACKGROUND_119732|1742505091|AAHLPAEFTPAVHASLDKF,2,0.16928,14.22488,16.367775,12.243436,Frozen score-blind human-background pMHC comparison; technical samples are not biological replicates.
EBV_TCELL_950::HUMAN_MYELIN_112214,24,EBV_TCELL_950,HUMAN_MYELIN_112214,HUMAN_BACKGROUND_119732,FTPAVHASL,EBV_TCELL_950|849625969|AEGLRALLARSHVER,0,HUMAN_BACKGROUND_119732|1742505091|AAHLPAEFTPAVHASLDKF,3,0.156507,20.24021,21.801183,18.898829,Frozen score-blind human-background pMHC comparison; technical samples are not biological replicates.
EBV_TCELL_950::HUMAN_MYELIN_112214,24,EBV_TCELL_950,HUMAN_MYELIN_112214,HUMAN_BACKGROUND_119732,FTPAVHASL,EBV_TCELL_950|849625969|AEGLRALLARSHVER,0,HUMAN_BACKGROUND_119732|1742505091|AAHLPAEFTPAVHASLDKF,4,0.170244,1.060582,0.863443,1.195105,Frozen score-blind human-background pMHC comparison; technical samples are not biological replicates.
EBV_TCELL_950::HUMAN_MYELIN_112214,24,EBV_TCELL_950,HUMAN_MYELIN_112214,HUMAN_BACKGROUND_119732,FTPAVHASL,EBV_TCELL_950|849625969|AEGLRALLARSHVER,1,HUMAN_BACKGROUND_119732|1742505091|AAHLPAEFTPAVHASLDKF,0,0.261874,3.246163,3.409987,3.108894,Frozen score-blind human-background pMHC comparison; technical samples are not biological replicates.
EBV_TCELL_950::HUMAN_MYELIN_112214,24,EBV_TCELL_950,HUMAN_MYELIN_112214,HUMAN_BACKGROUND_119732,FTPAVHASL,EBV_TCELL_950|849625969|AEGLRALLARSHVER,1,HUMAN_BACKGROUND_119732|1742505091|AAHLPAEFTPAVHASLDKF,1,0.228918,1.902038,1.578409,2.125758,Frozen score-blind human-background pMHC comparison; technical samples are not biological replicates.
EBV_TCELL_950::HUMAN_MYELIN_112214,24,EBV_TCELL_950,HUMAN_MYELIN_112214,HUMAN_BACKGROUND_119732,FTPAVHASL,EBV_TCELL_950|849625969|AEGLRALLARSHVER,1,HUMAN_BACKGROUND_119732|1742505091|AAHLPAEFTPAVHASLDKF,2,0.215964,3.9474,4.072809,3.844128,Frozen score-blind human-background pMHC comparison; technical samples are not biological replicates.
EBV_TCELL_950::HUMAN_MYELIN_112214,24,EBV_TCELL_950,HUMAN_MYELIN_112214,HUMAN_BACKGROUND_119732,FTPAVHASL,EBV_TCELL_950|849625969|AEGLRALLARSHVER,1,HUMAN_BACKGROUND_119732|1742505091|AAHLPAEFTPAVHASLDKF,3,0.196109,12.448846,12.275039,12.586164,Frozen score-blind human-background pMHC comparison; technical samples are not biological replicates.
EBV_TCELL_950::HUMAN_MYELIN_112214,24,EBV_TCELL_950,HUMAN_MYELIN_112214,HUMAN_BACKGROUND_119732,FTPAVHASL,EBV_TCELL_950|849625969|AEGLRALLARSHVER,1,HUMAN_BACKGROUND_119732|1742505091|AAHLPAEFTPAVHASLDKF,4,0.215057,15.780454,17.775472,13.980951,Frozen score-blind human-background pMHC comparison; technical samples are not biological replicates.
EBV_TCELL_950::HUMAN_MYELIN_112214,24,EBV_TCELL_950,HUMAN_MYELIN_112214,HUMAN_BACKGROUND_119732,FTPAVHASL,EBV_TCELL_950|849625969|AEGLRALLARSHVER,2,HUMAN_BACKGROUND_119732|1742505091|AAHLPAEFTPAVHASLDKF,0,0.185406,15.550687,17.737448,13.549512,Frozen score-blind human-background pMHC comparison; technical samples are not biological replicates.
EBV_TCELL_950::HUMAN_MYELIN_112214,24,EBV_TCELL_950,HUMAN_MYELIN_112214,HUMAN_BACKGROUND_119732,FTPAVHASL,EBV_TCELL_950|849625969|AEGLRALLARSHVER,2,HUMAN_BACKGROUND_119732|1742505091|AAHLPAEFTPAVHASLDKF,1,0.168956,16.060262,18.278626,14.03535,Frozen score-blind human-background pMHC comparison; technical samples are not biological replicates.
EBV_TCELL_950::HUMAN_MYELIN_112214,24,EBV_TCELL_950,HUMAN_MYELIN_112214,HUMAN_BACKGROUND_119732,FTPAVHASL,EBV_TCELL_950|849625969|AEGLRALLARSHVER,2,HUMAN_BACKGROUND_119732|1742505091|AAHLPAEFTPAVHASLDKF,2,0.157064,14.276338,16.409173,12.30675,Frozen score-blind human-background pMHC comparison; technical samples are not biological replicates.
EBV_TCELL_950::HUMAN_MYELIN_112214,24,EBV_TCELL_950,HUMAN_MYELIN_112214,HUMAN_BACKGROUND_119732,FTPAVHASL,EBV_TCELL_950|849625969|AEGLRALLARSHVER,2,HUMAN_BACKGROUND_119732|1742505091|AAHLPAEFTPAVHASLDKF,3,0.126916,20.361963,21.904786,19.037894,Frozen score-blind human-background pMHC comparison; technical samples are not biological replicates.
EBV_TCELL_950::HUMAN_MYELIN_112214,24,EBV_TCELL_950,HUMAN_MYELIN_112214,HUMAN_BACKGROUND_119732,FTPAVHASL,EBV_TCELL_950|849625969|AEGLRALLARSHVER,2,HUMAN_BACKGROUND_119732|1742505091|AAHLPAEFTPAVHASLDKF,4,0.135735,1.045133,0.905499,1.144641,Frozen score-blind human-background pMHC comparison; technical samples are not biological replicates.
EBV_TCELL_950::HUMAN_MYELIN_112214,24,EBV_TCELL_950,HUMAN_MYELIN_112214,HUMAN_BACKGROUND_119732,FTPAVHASL,EBV_TCELL_950|849625969|AEGLRALLARSHVER,3,HUMAN_BACKGROUND_119732|1742505091|AAHLPAEFTPAVHASLDKF,0,0.230204,15.493622,17.673293,13.498814,Frozen score-blind human-background pMHC comparison; technical samples are not biological replicates.
EBV_TCELL_950::HUMAN_MYELIN_112214,24,EBV_TCELL_950,HUMAN_MYELIN_112214,HUMAN_BACKGROUND_119732,FTPAVHASL,EBV_TCELL_950|849625969|AEGLRALLARSHVER,3,HUMAN_BACKGROUND_119732|1742505091|AAHLPAEFTPAVHASLDKF,1,0.186117,16.024754,18.236109,14.006512,Frozen score-blind human-background pMHC comparison; technical samples are not biological replicates.
EBV_TCELL_950::HUMAN_MYELIN_112214,24,EBV_TCELL_950,HUMAN_MYELIN_112214,HUMAN_BACKGROUND_119732,FTPAVHASL,EBV_TCELL_950|849625969|AEGLRALLARSHVER,3,HUMAN_BACKGROUND_119732|1742505091|AAHLPAEFTPAVHASLDKF,2,0.169881,14.217921,16.34589,12.252274,Frozen score-blind human-background pMHC comparison; technical samples are not biological replicates.
EBV_TCELL_950::HUMAN_MYELIN_112214,24,EBV_TCELL_950,HUMAN_MYELIN_112214,HUMAN_BACKGROUND_119732,FTPAVHASL,EBV_TCELL_950|849625969|AEGLRALLARSHVER,3,HUMAN_BACKGROUND_119732|1742505091|AAHLPAEFTPAVHASLDKF,3,0.14213,20.264653,21.806549,18.940977,Frozen score-blind human-background pMHC comparison; technical samples are not biological replicates.
EBV_TCELL_950::HUMAN_MYELIN_112214,24,EBV_TCELL_950,HUMAN_MYELIN_112214,HUMAN_BACKGROUND_119732,FTPAVHASL,EBV_TCELL_950|849625969|AEGLRALLARSHVER,3,HUMAN_BACKGROUND_119732|1742505091|AAHLPAEFTPAVHASLDKF,4,0.153766,0.996054,0.81014,1.122836,Frozen score-blind human-background pMHC comparison; technical samples are not biological replicates.
EBV_TCELL_950::HUMAN_MYELIN_112214,24,EBV_TCELL_950,HUMAN_MYELIN_112214,HUMAN_BACKGROUND_119732,FTPAVHASL,EBV_TCELL_950|849625969|AEGLRALLARSHVER,4,HUMAN_BACKGROUND_119732|1742505091|AAHLPAEFTPAVHASLDKF,0,0.269671,15.470812,17.647134,13.479086,Frozen score-blind human-background pMHC comparison; technical samples are not biological replicates.
EBV_TCELL_950::HUMAN_MYELIN_112214,24,EBV_TCELL_950,HUMAN_MYELIN_112214,HUMAN_BACKGROUND_119732,FTPAVHASL,EBV_TCELL_950|849625969|AEGLRALLARSHVER,4,HUMAN_BACKGROUND_119732|1742505091|AAHLPAEFTPAVHASLDKF,1,0.197694,16.007261,18.21484,13.992642,Frozen score-blind human-background pMHC comparison; technical samples are not biological replicates.
EBV_TCELL_950::HUMAN_MYELIN_112214,24,EBV_TCELL_950,HUMAN_MYELIN_112214,HUMAN_BACKGROUND_119732,FTPAVHASL,EBV_TCELL_950|849625969|AEGLRALLARSHVER,4,HUMAN_BACKGROUND_119732|1742505091|AAHLPAEFTPAVHASLDKF,2,0.207971,14.188886,16.313343,12.226362,Frozen score-blind human-background pMHC comparison; technical samples are not biological replicates.
EBV_TCELL_950::HUMAN_MYELIN_112214,24,EBV_TCELL_950,HUMAN_MYELIN_112214,HUMAN_BACKGROUND_119732,FTPAVHASL,EBV_TCELL_950|849625969|AEGLRALLARSHVER,4,HUMAN_BACKGROUND_119732|1742505091|AAHLPAEFTPAVHASLDKF,3,0.163761,20.220234,21.755418,18.902529,Frozen score-blind human-background pMHC comparison; technical samples are not biological replicates.
EBV_TCELL_950::HUMAN_MYELIN_112214,24,EBV_TCELL_950,HUMAN_MYELIN_112214,HUMAN_BACKGROUND_119732,FTPAVHASL,EBV_TCELL_950|849625969|AEGLRALLARSHVER,4,HUMAN_BACKGROUND_119732|1742505091|AAHLPAEFTPAVHASLDKF,4,0.175537,0.952938,0.783959,1.069061,Frozen score-blind human-background pMHC comparison; technical samples are not biological replicates.
EBV_TCELL_149795::HUMAN_MYELIN_40762,26,EBV_TCELL_149795,HUMAN_MYELIN_40762,HUMAN_BACKGROUND_119732,FTPAVHASL,EBV_TCELL_149795|3|LDLDFGQLTPHTKAVYQPRG,0,HUMAN_BACKGROUND_119732|1742505091|AAHLPAEFTPAVHASLDKF,0,0.218111,19.362383,21.147491,17.805904,Frozen score-blind human-background pMHC comparison; technical samples are not biological replicates.
EBV_TCELL_149795::HUMAN_MYELIN_40762,26,EBV_TCELL_149795,HUMAN_MYELIN_40762,HUMAN_BACKGROUND_119732,FTPAVHASL,EBV_TCELL_149795|3|LDLDFGQLTPHTKAVYQPRG,0,HUMAN_BACKGROUND_119732|1742505091|AAHLPAEFTPAVHASLDKF,1,0.167191,18.954322,20.914942,17.225896,Frozen score-blind human-background pMHC comparison; technical samples are not biological replicates.
EBV_TCELL_149795::HUMAN_MYELIN_40762,26,EBV_TCELL_149795,HUMAN_MYELIN_40762,HUMAN_BACKGROUND_119732,FTPAVHASL,EBV_TCELL_149795|3|LDLDFGQLTPHTKAVYQPRG,0,HUMAN_BACKGROUND_119732|1742505091|AAHLPAEFTPAVHASLDKF,2,0.190525,18.966842,20.619595,17.532821,Frozen score-blind human-background pMHC comparison; technical samples are not biological replicates.
EBV_TCELL_149795::HUMAN_MYELIN_40762,26,EBV_TCELL_149795,HUMAN_MYELIN_40762,HUMAN_BACKGROUND_119732,FTPAVHASL,EBV_TCELL_149795|3|LDLDFGQLTPHTKAVYQPRG,0,HUMAN_BACKGROUND_119732|1742505091|AAHLPAEFTPAVHASLDKF,3,0.157359,27.504319,28.679572,26.526652,Frozen score-blind human-background pMHC comparison; technical samples are not biological replicates.
EBV_TCELL_149795::HUMAN_MYELIN_40762,26,EBV_TCELL_149795,HUMAN_MYELIN_40762,HUMAN_BACKGROUND_119732,FTPAVHASL,EBV_TCELL_149795|3|LDLDFGQLTPHTKAVYQPRG,0,HUMAN_BACKGROUND_119732|1742505091|AAHLPAEFTPAVHASLDKF,4,0.142861,9.944774,10.233834,9.70733,Frozen score-blind human-background pMHC comparison; technical samples are not biological replicates.
EBV_TCELL_149795::HUMAN_MYELIN_40762,26,EBV_TCELL_149795,HUMAN_MYELIN_40762,HUMAN_BACKGROUND_119732,FTPAVHASL,EBV_TCELL_149795|3|LDLDFGQLTPHTKAVYQPRG,1,HUMAN_BACKGROUND_119732|1742505091|AAHLPAEFTPAVHASLDKF,0,0.223829,19.422317,21.127632,17.941741,Frozen score-blind human-background pMHC comparison; technical samples are not biological replicates.
EBV_TCELL_149795::HUMAN_MYELIN_40762,26,EBV_TCELL_149795,HUMAN_MYELIN_40762,HUMAN_BACKGROUND_119732,FTPAVHASL,EBV_TCELL_149795|3|LDLDFGQLTPHTKAVYQPRG,1,HUMAN_BACKGROUND_119732|1742505091|AAHLPAEFTPAVHASLDKF,1,0.183239,19.035814,20.916034,17.385844,Frozen score-blind human-background pMHC comparison; technical samples are not biological replicates.
EBV_TCELL_149795::HUMAN_MYELIN_40762,26,EBV_TCELL_149795,HUMAN_MYELIN_40762,HUMAN_BACKGROUND_119732,FTPAVHASL,EBV_TCELL_149795|3|LDLDFGQLTPHTKAVYQPRG,1,HUMAN_BACKGROUND_119732|1742505091|AAHLPAEFTPAVHASLDKF,2,0.195409,19.029649,20.599731,17.673439,Frozen score-blind human-background pMHC comparison; technical samples are not biological replicates.
EBV_TCELL_149795::HUMAN_MYELIN_40762,26,EBV_TCELL_149795,HUMAN_MYELIN_40762,HUMAN_BACKGROUND_119732,FTPAVHASL,EBV_TCELL_149795|3|LDLDFGQLTPHTKAVYQPRG,1,HUMAN_BACKGROUND_119732|1742505091|AAHLPAEFTPAVHASLDKF,3,0.142766,27.588082,28.69097,26.672958,Frozen score-blind human-background pMHC comparison; technical samples are not biological replicates.
EBV_TCELL_149795::HUMAN_MYELIN_40762,26,EBV_TCELL_149795,HUMAN_MYELIN_40762,HUMAN_BACKGROUND_119732,FTPAVHASL,EBV_TCELL_149795|3|LDLDFGQLTPHTKAVYQPRG,1,HUMAN_BACKGROUND_119732|1742505091|AAHLPAEFTPAVHASLDKF,4,0.1742,9.981646,10.218016,9.788442,Frozen score-blind human-background pMHC comparison; technical samples are not biological replicates.
EBV_TCELL_149795::HUMAN_MYELIN_40762,26,EBV_TCELL_149795,HUMAN_MYELIN_40762,HUMAN_BACKGROUND_119732,FTPAVHASL,EBV_TCELL_149795|3|LDLDFGQLTPHTKAVYQPRG,2,HUMAN_BACKGROUND_119732|1742505091|AAHLPAEFTPAVHASLDKF,0,0.181962,2.704401,3.068143,2.373607,Frozen score-blind human-background pMHC comparison; technical samples are not biological replicates.
EBV_TCELL_149795::HUMAN_MYELIN_40762,26,EBV_TCELL_149795,HUMAN_MYELIN_40762,HUMAN_BACKGROUND_119732,FTPAVHASL,EBV_TCELL_149795|3|LDLDFGQLTPHTKAVYQPRG,2,HUMAN_BACKGROUND_119732|1742505091|AAHLPAEFTPAVHASLDKF,1,0.145065,3.408661,3.352791,3.452706,Frozen score-blind human-background pMHC comparison; technical samples are not biological replicates.
EBV_TCELL_149795::HUMAN_MYELIN_40762,26,EBV_TCELL_149795,HUMAN_MYELIN_40762,HUMAN_BACKGROUND_119732,FTPAVHASL,EBV_TCELL_149795|3|LDLDFGQLTPHTKAVYQPRG,2,HUMAN_BACKGROUND_119732|1742505091|AAHLPAEFTPAVHASLDKF,2,0.14002,3.813413,3.746293,3.866271,Frozen score-blind human-background pMHC comparison; technical samples are not biological replicates.
EBV_TCELL_149795::HUMAN_MYELIN_40762,26,EBV_TCELL_149795,HUMAN_MYELIN_40762,HUMAN_BACKGROUND_119732,FTPAVHASL,EBV_TCELL_149795|3|LDLDFGQLTPHTKAVYQPRG,2,HUMAN_BACKGROUND_119732|1742505091|AAHLPAEFTPAVHASLDKF,3,0.144775,10.20317,10.22587,10.184973,Frozen score-blind human-background pMHC comparison; technical samples are not biological replicates.
EBV_TCELL_149795::HUMAN_MYELIN_40762,26,EBV_TCELL_149795,HUMAN_MYELIN_40762,HUMAN_BACKGROUND_119732,FTPAVHASL,EBV_TCELL_149795|3|LDLDFGQLTPHTKAVYQPRG,2,HUMAN_BACKGROUND_119732|1742505091|AAHLPAEFTPAVHASLDKF,4,0.154399,16.208063,18.153406,14.464627,Frozen score-blind human-background pMHC comparison; technical samples are not biological replicates.
EBV_TCELL_149795::HUMAN_MYELIN_40762,26,EBV_TCELL_149795,HUMAN_MYELIN_40762,HUMAN_BACKGROUND_119732,FTPAVHASL,EBV_TCELL_149795|3|LDLDFGQLTPHTKAVYQPRG,3,HUMAN_BACKGROUND_119732|1742505091|AAHLPAEFTPAVHASLDKF,0,0.161978,5.278647,5.3154,5.24906,Frozen score-blind human-background pMHC comparison; technical samples are not biological replicates.
EBV_TCELL_149795::HUMAN_MYELIN_40762,26,EBV_TCELL_149795,HUMAN_MYELIN_40762,HUMAN_BACKGROUND_119732,FTPAVHASL,EBV_TCELL_149795|3|LDLDFGQLTPHTKAVYQPRG,3,HUMAN_BACKGROUND_119732|1742505091|AAHLPAEFTPAVHASLDKF,1,0.138329,6.111389,6.24962,5.998511,Frozen score-blind human-background pMHC comparison; technical samples are not biological replicates.
EBV_TCELL_149795::HUMAN_MYELIN_40762,26,EBV_TCELL_149795,HUMAN_MYELIN_40762,HUMAN_BACKGROUND_119732,FTPAVHASL,EBV_TCELL_149795|3|LDLDFGQLTPHTKAVYQPRG,3,HUMAN_BACKGROUND_119732|1742505091|AAHLPAEFTPAVHASLDKF,2,0.131056,4.76272,4.69223,4.81837,Frozen score-blind human-background pMHC comparison; technical samples are not biological replicates.
EBV_TCELL_149795::HUMAN_MYELIN_40762,26,EBV_TCELL_149795,HUMAN_MYELIN_40762,HUMAN_BACKGROUND_119732,FTPAVHASL,EBV_TCELL_149795|3|LDLDFGQLTPHTKAVYQPRG,3,HUMAN_BACKGROUND_119732|1742505091|AAHLPAEFTPAVHASLDKF,3,0.124683,6.943116,6.833575,7.02952,Frozen score-blind human-background pMHC comparison; technical samples are not biological replicates.
EBV_TCELL_149795::HUMAN_MYELIN_40762,26,EBV_TCELL_149795,HUMAN_MYELIN_40762,HUMAN_BACKGROUND_119732,FTPAVHASL,EBV_TCELL_149795|3|LDLDFGQLTPHTKAVYQPRG,3,HUMAN_BACKGROUND_119732|1742505091|AAHLPAEFTPAVHASLDKF,4,0.119935,17.155883,19.093664,15.431441,Frozen score-blind human-background pMHC comparison; technical samples are not biological replicates.
EBV_TCELL_149795::HUMAN_MYELIN_40762,26,EBV_TCELL_149795,HUMAN_MYELIN_40762,HUMAN_BACKGROUND_119732,FTPAVHASL,EBV_TCELL_149795|3|LDLDFGQLTPHTKAVYQPRG,4,HUMAN_BACKGROUND_119732|1742505091|AAHLPAEFTPAVHASLDKF,0,0.195551,5.251091,5.245552,5.255519,Frozen score-blind human-background pMHC comparison; technical samples are not biological replicates.
EBV_TCELL_149795::HUMAN_MYELIN_40762,26,EBV_TCELL_149795,HUMAN_MYELIN_40762,HUMAN_BACKGROUND_119732,FTPAVHASL,EBV_TCELL_149795|3|LDLDFGQLTPHTKAVYQPRG,4,HUMAN_BACKGROUND_119732|1742505091|AAHLPAEFTPAVHASLDKF,1,0.123882,6.137,6.271688,6.027083,Frozen score-blind human-background pMHC comparison; technical samples are not biological replicates.
EBV_TCELL_149795::HUMAN_MYELIN_40762,26,EBV_TCELL_149795,HUMAN_MYELIN_40762,HUMAN_BACKGROUND_119732,FTPAVHASL,EBV_TCELL_149795|3|LDLDFGQLTPHTKAVYQPRG,4,HUMAN_BACKGROUND_119732|1742505091|AAHLPAEFTPAVHASLDKF,2,0.189778,4.714426,4.587533,4.813533,Frozen score-blind human-background pMHC comparison; technical samples are not biological replicates.
EBV_TCELL_149795::HUMAN_MYELIN_40762,26,EBV_TCELL_149795,HUMAN_MYELIN_40762,HUMAN_BACKGROUND_119732,FTPAVHASL,EBV_TCELL_149795|3|LDLDFGQLTPHTKAVYQPRG,4,HUMAN_BACKGROUND_119732|1742505091|AAHLPAEFTPAVHASLDKF,3,0.124929,6.961523,6.928154,6.988104,Frozen score-blind human-background pMHC comparison; technical samples are not biological replicates.
EBV_TCELL_149795::HUMAN_MYELIN_40762,26,EBV_TCELL_149795,HUMAN_MYELIN_40762,HUMAN_BACKGROUND_119732,FTPAVHASL,EBV_TCELL_149795|3|LDLDFGQLTPHTKAVYQPRG,4,HUMAN_BACKGROUND_119732|1742505091|AAHLPAEFTPAVHASLDKF,4,0.122397,17.106818,19.004873,15.421077,Frozen score-blind human-background pMHC comparison; technical samples are not biological replicates.
EBV_TCELL_149795::HUMAN_MYELIN_40762,26,EBV_TCELL_149795,HUMAN_MYELIN_40762,HUMAN_BACKGROUND_119732,FTPAVHASL,EBV_TCELL_149795|355905527|LDLDFGQLTPHTKAVYQPRG,0,HUMAN_BACKGROUND_119732|1742505091|AAHLPAEFTPAVHASLDKF,0,0.179063,19.044801,20.550629,17.748388,Frozen score-blind human-background pMHC comparison; technical samples are not biological replicates.
EBV_TCELL_149795::HUMAN_MYELIN_40762,26,EBV_TCELL_149795,HUMAN_MYELIN_40762,HUMAN_BACKGROUND_119732,FTPAVHASL,EBV_TCELL_149795|355905527|LDLDFGQLTPHTKAVYQPRG,0,HUMAN_BACKGROUND_119732|1742505091|AAHLPAEFTPAVHASLDKF,1,0.151352,18.652505,20.344152,17.179671,Frozen score-blind human-background pMHC comparison; technical samples are not biological replicates.
EBV_TCELL_149795::HUMAN_MYELIN_40762,26,EBV_TCELL_149795,HUMAN_MYELIN_40762,HUMAN_BACKGROUND_119732,FTPAVHASL,EBV_TCELL_149795|355905527|LDLDFGQLTPHTKAVYQPRG,0,HUMAN_BACKGROUND_119732|1742505091|AAHLPAEFTPAVHASLDKF,2,0.191561,18.660396,20.032689,17.485188,Frozen score-blind human-background pMHC comparison; technical samples are not biological replicates.
EBV_TCELL_149795::HUMAN_MYELIN_40762,26,EBV_TCELL_149795,HUMAN_MYELIN_40762,HUMAN_BACKGROUND_119732,FTPAVHASL,EBV_TCELL_149795|355905527|LDLDFGQLTPHTKAVYQPRG,0,HUMAN_BACKGROUND_119732|1742505091|AAHLPAEFTPAVHASLDKF,3,0.151785,27.299693,28.289759,26.481001,Frozen score-blind human-background pMHC comparison; technical samples are not biological replicates.
EBV_TCELL_149795::HUMAN_MYELIN_40762,26,EBV_TCELL_149795,HUMAN_MYELIN_40762,HUMAN_BACKGROUND_119732,FTPAVHASL,EBV_TCELL_149795|355905527|LDLDFGQLTPHTKAVYQPRG,0,HUMAN_BACKGROUND_119732|1742505091|AAHLPAEFTPAVHASLDKF,4,0.131495,9.70468,9.735649,9.679834,Frozen score-blind human-background pMHC comparison; technical samples are not biological replicates.
EBV_TCELL_149795::HUMAN_MYELIN_40762,26,EBV_TCELL_149795,HUMAN_MYELIN_40762,HUMAN_BACKGROUND_119732,FTPAVHASL,EBV_TCELL_149795|355905527|LDLDFGQLTPHTKAVYQPRG,1,HUMAN_BACKGROUND_119732|1742505091|AAHLPAEFTPAVHASLDKF,0,0.256935,19.13757,20.833562,17.663918,Frozen score-blind human-background pMHC comparison; technical samples are not biological replicates.
EBV_TCELL_149795::HUMAN_MYELIN_40762,26,EBV_TCELL_149795,HUMAN_MYELIN_40762,HUMAN_BACKGROUND_119732,FTPAVHASL,EBV_TCELL_149795|355905527|LDLDFGQLTPHTKAVYQPRG,1,HUMAN_BACKGROUND_119732|1742505091|AAHLPAEFTPAVHASLDKF,1,0.173495,18.756631,20.654935,17.086811,Frozen score-blind human-background pMHC comparison; technical samples are not biological replicates.
EBV_TCELL_149795::HUMAN_MYELIN_40762,26,EBV_TCELL_149795,HUMAN_MYELIN_40762,HUMAN_BACKGROUND_119732,FTPAVHASL,EBV_TCELL_149795|355905527|LDLDFGQLTPHTKAVYQPRG,1,HUMAN_BACKGROUND_119732|1742505091|AAHLPAEFTPAVHASLDKF,2,0.222344,18.731046,20.30032,17.37387,Frozen score-blind human-background pMHC comparison; technical samples are not biological replicates.
EBV_TCELL_149795::HUMAN_MYELIN_40762,26,EBV_TCELL_149795,HUMAN_MYELIN_40762,HUMAN_BACKGROUND_119732,FTPAVHASL,EBV_TCELL_149795|355905527|LDLDFGQLTPHTKAVYQPRG,1,HUMAN_BACKGROUND_119732|1742505091|AAHLPAEFTPAVHASLDKF,3,0.148884,27.257924,28.380506,26.325414,Frozen score-blind human-background pMHC comparison; technical samples are not biological replicates.
EBV_TCELL_149795::HUMAN_MYELIN_40762,26,EBV_TCELL_149795,HUMAN_MYELIN_40762,HUMAN_BACKGROUND_119732,FTPAVHASL,EBV_TCELL_149795|355905527|LDLDFGQLTPHTKAVYQPRG,1,HUMAN_BACKGROUND_119732|1742505091|AAHLPAEFTPAVHASLDKF,4,0.161518,9.680052,9.903007,9.49792,Frozen score-blind human-background pMHC comparison; technical samples are not biological replicates.
EBV_TCELL_149795::HUMAN_MYELIN_40762,26,EBV_TCELL_149795,HUMAN_MYELIN_40762,HUMAN_BACKGROUND_119732,FTPAVHASL,EBV_TCELL_149795|355905527|LDLDFGQLTPHTKAVYQPRG,2,HUMAN_BACKGROUND_119732|1742505091|AAHLPAEFTPAVHASLDKF,0,0.189696,3.408434,3.216986,3.554176,Frozen score-blind human-background pMHC comparison; technical samples are not biological replicates.
EBV_TCELL_149795::HUMAN_MYELIN_40762,26,EBV_TCELL_149795,HUMAN_MYELIN_40762,HUMAN_BACKGROUND_119732,FTPAVHASL,EBV_TCELL_149795|355905527|LDLDFGQLTPHTKAVYQPRG,2,HUMAN_BACKGROUND_119732|1742505091|AAHLPAEFTPAVHASLDKF,1,0.108171,0.544826,0.670856,0.417452,Frozen score-blind human-background pMHC comparison; technical samples are not biological replicates.
EBV_TCELL_149795::HUMAN_MYELIN_40762,26,EBV_TCELL_149795,HUMAN_MYELIN_40762,HUMAN_BACKGROUND_119732,FTPAVHASL,EBV_TCELL_149795|355905527|LDLDFGQLTPHTKAVYQPRG,2,HUMAN_BACKGROUND_119732|1742505091|AAHLPAEFTPAVHASLDKF,2,0.176775,4.30828,4.427781,4.210237,Frozen score-blind human-background pMHC comparison; technical samples are not biological replicates.
EBV_TCELL_149795::HUMAN_MYELIN_40762,26,EBV_TCELL_149795,HUMAN_MYELIN_40762,HUMAN_BACKGROUND_119732,FTPAVHASL,EBV_TCELL_149795|355905527|LDLDFGQLTPHTKAVYQPRG,2,HUMAN_BACKGROUND_119732|1742505091|AAHLPAEFTPAVHASLDKF,3,0.105422,12.844534,12.760525,12.911347,Frozen score-blind human-background pMHC comparison; technical samples are not biological replicates.
EBV_TCELL_149795::HUMAN_MYELIN_40762,26,EBV_TCELL_149795,HUMAN_MYELIN_40762,HUMAN_BACKGROUND_119732,FTPAVHASL,EBV_TCELL_149795|355905527|LDLDFGQLTPHTKAVYQPRG,2,HUMAN_BACKGROUND_119732|1742505091|AAHLPAEFTPAVHASLDKF,4,0.11818,15.74796,17.84757,13.840819,Frozen score-blind human-background pMHC comparison; technical samples are not biological replicates.
EBV_TCELL_149795::HUMAN_MYELIN_40762,26,EBV_TCELL_149795,HUMAN_MYELIN_40762,HUMAN_BACKGROUND_119732,FTPAVHASL,EBV_TCELL_149795|355905527|LDLDFGQLTPHTKAVYQPRG,3,HUMAN_BACKGROUND_119732|1742505091|AAHLPAEFTPAVHASLDKF,0,0.150568,15.288152,17.456692,13.301157,Frozen score-blind human-background pMHC comparison; technical samples are not biological replicates.
EBV_TCELL_149795::HUMAN_MYELIN_40762,26,EBV_TCELL_149795,HUMAN_MYELIN_40762,HUMAN_BACKGROUND_119732,FTPAVHASL,EBV_TCELL_149795|355905527|LDLDFGQLTPHTKAVYQPRG,3,HUMAN_BACKGROUND_119732|1742505091|AAHLPAEFTPAVHASLDKF,1,0.161721,15.876212,18.061073,13.882922,Frozen score-blind human-background pMHC comparison; technical samples are not biological replicates.
EBV_TCELL_149795::HUMAN_MYELIN_40762,26,EBV_TCELL_149795,HUMAN_MYELIN_40762,HUMAN_BACKGROUND_119732,FTPAVHASL,EBV_TCELL_149795|355905527|LDLDFGQLTPHTKAVYQPRG,3,HUMAN_BACKGROUND_119732|1742505091|AAHLPAEFTPAVHASLDKF,2,0.113997,14.057057,16.174029,12.099675,Frozen score-blind human-background pMHC comparison; technical samples are not biological replicates.
EBV_TCELL_149795::HUMAN_MYELIN_40762,26,EBV_TCELL_149795,HUMAN_MYELIN_40762,HUMAN_BACKGROUND_119732,FTPAVHASL,EBV_TCELL_149795|355905527|LDLDFGQLTPHTKAVYQPRG,3,HUMAN_BACKGROUND_119732|1742505091|AAHLPAEFTPAVHASLDKF,3,0.153868,20.197129,21.70581,18.90369,Frozen score-blind human-background pMHC comparison; technical samples are not biological replicates.
EBV_TCELL_149795::HUMAN_MYELIN_40762,26,EBV_TCELL_149795,HUMAN_MYELIN_40762,HUMAN_BACKGROUND_119732,FTPAVHASL,EBV_TCELL_149795|355905527|LDLDFGQLTPHTKAVYQPRG,3,HUMAN_BACKGROUND_119732|1742505091|AAHLPAEFTPAVHASLDKF,4,0.143233,0.580782,0.365392,0.70735,Frozen score-blind human-background pMHC comparison; technical samples are not biological replicates.
EBV_TCELL_149795::HUMAN_MYELIN_40762,26,EBV_TCELL_149795,HUMAN_MYELIN_40762,HUMAN_BACKGROUND_119732,FTPAVHASL,EBV_TCELL_149795|355905527|LDLDFGQLTPHTKAVYQPRG,4,HUMAN_BACKGROUND_119732|1742505091|AAHLPAEFTPAVHASLDKF,0,0.161651,2.174987,1.791096,2.438977,Frozen score-blind human-background pMHC comparison; technical samples are not biological replicates.
EBV_TCELL_149795::HUMAN_MYELIN_40762,26,EBV_TCELL_149795,HUMAN_MYELIN_40762,HUMAN_BACKGROUND_119732,FTPAVHASL,EBV_TCELL_149795|355905527|LDLDFGQLTPHTKAVYQPRG,4,HUMAN_BACKGROUND_119732|1742505091|AAHLPAEFTPAVHASLDKF,1,0.125902,2.36477,2.022506,2.606421,Frozen score-blind human-background pMHC comparison; technical samples are not biological replicates.
EBV_TCELL_149795::HUMAN_MYELIN_40762,26,EBV_TCELL_149795,HUMAN_MYELIN_40762,HUMAN_BACKGROUND_119732,FTPAVHASL,EBV_TCELL_149795|355905527|LDLDFGQLTPHTKAVYQPRG,4,HUMAN_BACKGROUND_119732|1742505091|AAHLPAEFTPAVHASLDKF,2,0.175264,3.558632,3.506736,3.599611,Frozen score-blind human-background pMHC comparison; technical samples are not biological replicates.
EBV_TCELL_149795::HUMAN_MYELIN_40762,26,EBV_TCELL_149795,HUMAN_MYELIN_40762,HUMAN_BACKGROUND_119732,FTPAVHASL,EBV_TCELL_149795|355905527|LDLDFGQLTPHTKAVYQPRG,4,HUMAN_BACKGROUND_119732|1742505091|AAHLPAEFTPAVHASLDKF,3,0.140287,11.817962,11.544003,12.032639,Frozen score-blind human-background pMHC comparison; technical samples are not biological replicates.
EBV_TCELL_149795::HUMAN_MYELIN_40762,26,EBV_TCELL_149795,HUMAN_MYELIN_40762,HUMAN_BACKGROUND_119732,FTPAVHASL,EBV_TCELL_149795|355905527|LDLDFGQLTPHTKAVYQPRG,4,HUMAN_BACKGROUND_119732|1742505091|AAHLPAEFTPAVHASLDKF,4,0.13867,15.095806,17.261244,13.10838,Frozen score-blind human-background pMHC comparison; technical samples are not biological replicates.
EBV_TCELL_950::HUMAN_MYELIN_114366,32,EBV_TCELL_950,HUMAN_MYELIN_114366,HUMAN_BACKGROUND_119732,FTPAVHASL,EBV_TCELL_950|2|AEGLRALLARSHVER,0,HUMAN_BACKGROUND_119732|1742505091|AAHLPAEFTPAVHASLDKF,0,0.311188,15.488555,17.671767,13.489942,Frozen score-blind human-background pMHC comparison; technical samples are not biological replicates.
EBV_TCELL_950::HUMAN_MYELIN_114366,32,EBV_TCELL_950,HUMAN_MYELIN_114366,HUMAN_BACKGROUND_119732,FTPAVHASL,EBV_TCELL_950|2|AEGLRALLARSHVER,0,HUMAN_BACKGROUND_119732|1742505091|AAHLPAEFTPAVHASLDKF,1,0.23036,16.020425,18.237737,13.995899,Frozen score-blind human-background pMHC comparison; technical samples are not biological replicates.
EBV_TCELL_950::HUMAN_MYELIN_114366,32,EBV_TCELL_950,HUMAN_MYELIN_114366,HUMAN_BACKGROUND_119732,FTPAVHASL,EBV_TCELL_950|2|AEGLRALLARSHVER,0,HUMAN_BACKGROUND_119732|1742505091|AAHLPAEFTPAVHASLDKF,2,0.265876,14.214834,16.346107,12.245592,Frozen score-blind human-background pMHC comparison; technical samples are not biological replicates.
EBV_TCELL_950::HUMAN_MYELIN_114366,32,EBV_TCELL_950,HUMAN_MYELIN_114366,HUMAN_BACKGROUND_119732,FTPAVHASL,EBV_TCELL_950|2|AEGLRALLARSHVER,0,HUMAN_BACKGROUND_119732|1742505091|AAHLPAEFTPAVHASLDKF,3,0.192666,20.279772,21.814667,18.962614,Frozen score-blind human-background pMHC comparison; technical samples are not biological replicates.
EBV_TCELL_950::HUMAN_MYELIN_114366,32,EBV_TCELL_950,HUMAN_MYELIN_114366,HUMAN_BACKGROUND_119732,FTPAVHASL,EBV_TCELL_950|2|AEGLRALLARSHVER,0,HUMAN_BACKGROUND_119732|1742505091|AAHLPAEFTPAVHASLDKF,4,0.213147,0.914813,0.781305,1.00898,Frozen score-blind human-background pMHC comparison; technical samples are not biological replicates.
EBV_TCELL_950::HUMAN_MYELIN_114366,32,EBV_TCELL_950,HUMAN_MYELIN_114366,HUMAN_BACKGROUND_119732,FTPAVHASL,EBV_TCELL_950|2|AEGLRALLARSHVER,1,HUMAN_BACKGROUND_119732|1742505091|AAHLPAEFTPAVHASLDKF,0,0.247059,15.526801,17.719179,13.519295,Frozen score-blind human-background pMHC comparison; technical samples are not biological replicates.
EBV_TCELL_950::HUMAN_MYELIN_114366,32,EBV_TCELL_950,HUMAN_MYELIN_114366,HUMAN_BACKGROUND_119732,FTPAVHASL,EBV_TCELL_950|2|AEGLRALLARSHVER,1,HUMAN_BACKGROUND_119732|1742505091|AAHLPAEFTPAVHASLDKF,1,0.166265,16.056178,18.282661,14.022731,Frozen score-blind human-background pMHC comparison; technical samples are not biological replicates.
EBV_TCELL_950::HUMAN_MYELIN_114366,32,EBV_TCELL_950,HUMAN_MYELIN_114366,HUMAN_BACKGROUND_119732,FTPAVHASL,EBV_TCELL_950|2|AEGLRALLARSHVER,1,HUMAN_BACKGROUND_119732|1742505091|AAHLPAEFTPAVHASLDKF,2,0.205365,14.252278,16.393809,12.272887,Frozen score-blind human-background pMHC comparison; technical samples are not biological replicates.
EBV_TCELL_950::HUMAN_MYELIN_114366,32,EBV_TCELL_950,HUMAN_MYELIN_114366,HUMAN_BACKGROUND_119732,FTPAVHASL,EBV_TCELL_950|2|AEGLRALLARSHVER,1,HUMAN_BACKGROUND_119732|1742505091|AAHLPAEFTPAVHASLDKF,3,0.140434,20.300614,21.850441,18.969804,Frozen score-blind human-background pMHC comparison; technical samples are not biological replicates.
EBV_TCELL_950::HUMAN_MYELIN_114366,32,EBV_TCELL_950,HUMAN_MYELIN_114366,HUMAN_BACKGROUND_119732,FTPAVHASL,EBV_TCELL_950|2|AEGLRALLARSHVER,1,HUMAN_BACKGROUND_119732|1742505091|AAHLPAEFTPAVHASLDKF,4,0.162259,0.99716,0.835691,1.109544,Frozen score-blind human-background pMHC comparison; technical samples are not biological replicates.
EBV_TCELL_950::HUMAN_MYELIN_114366,32,EBV_TCELL_950,HUMAN_MYELIN_114366,HUMAN_BACKGROUND_119732,FTPAVHASL,EBV_TCELL_950|2|AEGLRALLARSHVER,2,HUMAN_BACKGROUND_119732|1742505091|AAHLPAEFTPAVHASLDKF,0,0.265171,15.511497,17.697791,13.510082,Frozen score-blind human-background pMHC comparison; technical samples are not biological replicates.
EBV_TCELL_950::HUMAN_MYELIN_114366,32,EBV_TCELL_950,HUMAN_MYELIN_114366,HUMAN_BACKGROUND_119732,FTPAVHASL,EBV_TCELL_950|2|AEGLRALLARSHVER,2,HUMAN_BACKGROUND_119732|1742505091|AAHLPAEFTPAVHASLDKF,1,0.218138,16.036721,18.252101,14.014499,Frozen score-blind human-background pMHC comparison; technical samples are not biological replicates.
EBV_TCELL_950::HUMAN_MYELIN_114366,32,EBV_TCELL_950,HUMAN_MYELIN_114366,HUMAN_BACKGROUND_119732,FTPAVHASL,EBV_TCELL_950|2|AEGLRALLARSHVER,2,HUMAN_BACKGROUND_119732|1742505091|AAHLPAEFTPAVHASLDKF,2,0.202876,14.237376,16.36625,12.271179,Frozen score-blind human-background pMHC comparison; technical samples are not biological replicates.
EBV_TCELL_950::HUMAN_MYELIN_114366,32,EBV_TCELL_950,HUMAN_MYELIN_114366,HUMAN_BACKGROUND_119732,FTPAVHASL,EBV_TCELL_950|2|AEGLRALLARSHVER,2,HUMAN_BACKGROUND_119732|1742505091|AAHLPAEFTPAVHASLDKF,3,0.178878,20.290089,21.827955,18.970245,Frozen score-blind human-background pMHC comparison; technical samples are not biological replicates.
EBV_TCELL_950::HUMAN_MYELIN_114366,32,EBV_TCELL_950,HUMAN_MYELIN_114366,HUMAN_BACKGROUND_119732,FTPAVHASL,EBV_TCELL_950|2|AEGLRALLARSHVER,2,HUMAN_BACKGROUND_119732|1742505091|AAHLPAEFTPAVHASLDKF,4,0.199221,0.997727,0.838873,1.108539,Frozen score-blind human-background pMHC comparison; technical samples are not biological replicates.
EBV_TCELL_950::HUMAN_MYELIN_114366,32,EBV_TCELL_950,HUMAN_MYELIN_114366,HUMAN_BACKGROUND_119732,FTPAVHASL,EBV_TCELL_950|2|AEGLRALLARSHVER,3,HUMAN_BACKGROUND_119732|1742505091|AAHLPAEFTPAVHASLDKF,0,0.211553,15.495853,17.686472,13.48961,Frozen score-blind human-background pMHC comparison; technical samples are not biological replicates.
EBV_TCELL_950::HUMAN_MYELIN_114366,32,EBV_TCELL_950,HUMAN_MYELIN_114366,HUMAN_BACKGROUND_119732,FTPAVHASL,EBV_TCELL_950|2|AEGLRALLARSHVER,3,HUMAN_BACKGROUND_119732|1742505091|AAHLPAEFTPAVHASLDKF,1,0.159391,16.031172,18.254908,14.000141,Frozen score-blind human-background pMHC comparison; technical samples are not biological replicates.
EBV_TCELL_950::HUMAN_MYELIN_114366,32,EBV_TCELL_950,HUMAN_MYELIN_114366,HUMAN_BACKGROUND_119732,FTPAVHASL,EBV_TCELL_950|2|AEGLRALLARSHVER,3,HUMAN_BACKGROUND_119732|1742505091|AAHLPAEFTPAVHASLDKF,2,0.170605,14.215685,16.355777,12.237039,Frozen score-blind human-background pMHC comparison; technical samples are not biological replicates.
EBV_TCELL_950::HUMAN_MYELIN_114366,32,EBV_TCELL_950,HUMAN_MYELIN_114366,HUMAN_BACKGROUND_119732,FTPAVHASL,EBV_TCELL_950|2|AEGLRALLARSHVER,3,HUMAN_BACKGROUND_119732|1742505091|AAHLPAEFTPAVHASLDKF,3,0.122444,20.231002,21.782994,18.897861,Frozen score-blind human-background pMHC comparison; technical samples are not biological replicates.
EBV_TCELL_950::HUMAN_MYELIN_114366,32,EBV_TCELL_950,HUMAN_MYELIN_114366,HUMAN_BACKGROUND_119732,FTPAVHASL,EBV_TCELL_950|2|AEGLRALLARSHVER,3,HUMAN_BACKGROUND_119732|1742505091|AAHLPAEFTPAVHASLDKF,4,0.144598,1.018879,0.851823,1.134956,Frozen score-blind human-background pMHC comparison; technical samples are not biological replicates.
EBV_TCELL_950::HUMAN_MYELIN_114366,32,EBV_TCELL_950,HUMAN_MYELIN_114366,HUMAN_BACKGROUND_119732,FTPAVHASL,EBV_TCELL_950|2|AEGLRALLARSHVER,4,HUMAN_BACKGROUND_119732|1742505091|AAHLPAEFTPAVHASLDKF,0,0.211007,15.519656,17.711787,13.512274,Frozen score-blind human-background pMHC comparison; technical samples are not biological replicates.
EBV_TCELL_950::HUMAN_MYELIN_114366,32,EBV_TCELL_950,HUMAN_MYELIN_114366,HUMAN_BACKGROUND_119732,FTPAVHASL,EBV_TCELL_950|2|AEGLRALLARSHVER,4,HUMAN_BACKGROUND_119732|1742505091|AAHLPAEFTPAVHASLDKF,1,0.161575,16.046613,18.271846,14.014298,Frozen score-blind human-background pMHC comparison; technical samples are not biological replicates.
EBV_TCELL_950::HUMAN_MYELIN_114366,32,EBV_TCELL_950,HUMAN_MYELIN_114366,HUMAN_BACKGROUND_119732,FTPAVHASL,EBV_TCELL_950|2|AEGLRALLARSHVER,4,HUMAN_BACKGROUND_119732|1742505091|AAHLPAEFTPAVHASLDKF,2,0.168857,14.239547,16.380126,12.260898,Frozen score-blind human-background pMHC comparison; technical samples are not biological replicates.
EBV_TCELL_950::HUMAN_MYELIN_114366,32,EBV_TCELL_950,HUMAN_MYELIN_114366,HUMAN_BACKGROUND_119732,FTPAVHASL,EBV_TCELL_950|2|AEGLRALLARSHVER,4,HUMAN_BACKGROUND_119732|1742505091|AAHLPAEFTPAVHASLDKF,3,0.125722,20.284486,21.838547,18.949695,Frozen score-blind human-background pMHC comparison; technical samples are not biological replicates.
EBV_TCELL_950::HUMAN_MYELIN_114366,32,EBV_TCELL_950,HUMAN_MYELIN_114366,HUMAN_BACKGROUND_119732,FTPAVHASL,EBV_TCELL_950|2|AEGLRALLARSHVER,4,HUMAN_BACKGROUND_119732|1742505091|AAHLPAEFTPAVHASLDKF,4,0.143557,1.016277,0.86309,1.123893,Frozen score-blind human-background pMHC comparison; technical samples are not biological replicates.
EBV_TCELL_950::HUMAN_MYELIN_114366,32,EBV_TCELL_950,HUMAN_MYELIN_114366,HUMAN_BACKGROUND_119732,FTPAVHASL,EBV_TCELL_950|849625969|AEGLRALLARSHVER,0,HUMAN_BACKGROUND_119732|1742505091|AAHLPAEFTPAVHASLDKF,0,0.223657,15.511877,17.706018,13.502241,Frozen score-blind human-background pMHC comparison; technical samples are not biological replicates.
EBV_TCELL_950::HUMAN_MYELIN_114366,32,EBV_TCELL_950,HUMAN_MYELIN_114366,HUMAN_BACKGROUND_119732,FTPAVHASL,EBV_TCELL_950|849625969|AEGLRALLARSHVER,0,HUMAN_BACKGROUND_119732|1742505091|AAHLPAEFTPAVHASLDKF,1,0.192717,16.04308,18.269038,14.009946,Frozen score-blind human-background pMHC comparison; technical samples are not biological replicates.
EBV_TCELL_950::HUMAN_MYELIN_114366,32,EBV_TCELL_950,HUMAN_MYELIN_114366,HUMAN_BACKGROUND_119732,FTPAVHASL,EBV_TCELL_950|849625969|AEGLRALLARSHVER,0,HUMAN_BACKGROUND_119732|1742505091|AAHLPAEFTPAVHASLDKF,2,0.16928,14.22488,16.367775,12.243436,Frozen score-blind human-background pMHC comparison; technical samples are not biological replicates.
EBV_TCELL_950::HUMAN_MYELIN_114366,32,EBV_TCELL_950,HUMAN_MYELIN_114366,HUMAN_BACKGROUND_119732,FTPAVHASL,EBV_TCELL_950|849625969|AEGLRALLARSHVER,0,HUMAN_BACKGROUND_119732|1742505091|AAHLPAEFTPAVHASLDKF,3,0.156507,20.24021,21.801183,18.898829,Frozen score-blind human-background pMHC comparison; technical samples are not biological replicates.
EBV_TCELL_950::HUMAN_MYELIN_114366,32,EBV_TCELL_950,HUMAN_MYELIN_114366,HUMAN_BACKGROUND_119732,FTPAVHASL,EBV_TCELL_950|849625969|AEGLRALLARSHVER,0,HUMAN_BACKGROUND_119732|1742505091|AAHLPAEFTPAVHASLDKF,4,0.170244,1.060582,0.863443,1.195105,Frozen score-blind human-background pMHC comparison; technical samples are not biological replicates.
EBV_TCELL_950::HUMAN_MYELIN_114366,32,EBV_TCELL_950,HUMAN_MYELIN_114366,HUMAN_BACKGROUND_119732,FTPAVHASL,EBV_TCELL_950|849625969|AEGLRALLARSHVER,1,HUMAN_BACKGROUND_119732|1742505091|AAHLPAEFTPAVHASLDKF,0,0.261874,3.246163,3.409987,3.108894,Frozen score-blind human-background pMHC comparison; technical samples are not biological replicates.
EBV_TCELL_950::HUMAN_MYELIN_114366,32,EBV_TCELL_950,HUMAN_MYELIN_114366,HUMAN_BACKGROUND_119732,FTPAVHASL,EBV_TCELL_950|849625969|AEGLRALLARSHVER,1,HUMAN_BACKGROUND_119732|1742505091|AAHLPAEFTPAVHASLDKF,1,0.228918,1.902038,1.578409,2.125758,Frozen score-blind human-background pMHC comparison; technical samples are not biological replicates.
EBV_TCELL_950::HUMAN_MYELIN_114366,32,EBV_TCELL_950,HUMAN_MYELIN_114366,HUMAN_BACKGROUND_119732,FTPAVHASL,EBV_TCELL_950|849625969|AEGLRALLARSHVER,1,HUMAN_BACKGROUND_119732|1742505091|AAHLPAEFTPAVHASLDKF,2,0.215964,3.9474,4.072809,3.844128,Frozen score-blind human-background pMHC comparison; technical samples are not biological replicates.
EBV_TCELL_950::HUMAN_MYELIN_114366,32,EBV_TCELL_950,HUMAN_MYELIN_114366,HUMAN_BACKGROUND_119732,FTPAVHASL,EBV_TCELL_950|849625969|AEGLRALLARSHVER,1,HUMAN_BACKGROUND_119732|1742505091|AAHLPAEFTPAVHASLDKF,3,0.196109,12.448846,12.275039,12.586164,Frozen score-blind human-background pMHC comparison; technical samples are not biological replicates.
EBV_TCELL_950::HUMAN_MYELIN_114366,32,EBV_TCELL_950,HUMAN_MYELIN_114366,HUMAN_BACKGROUND_119732,FTPAVHASL,EBV_TCELL_950|849625969|AEGLRALLARSHVER,1,HUMAN_BACKGROUND_119732|1742505091|AAHLPAEFTPAVHASLDKF,4,0.215057,15.780454,17.775472,13.980951,Frozen score-blind human-background pMHC comparison; technical samples are not biological replicates.
EBV_TCELL_950::HUMAN_MYELIN_114366,32,EBV_TCELL_950,HUMAN_MYELIN_114366,HUMAN_BACKGROUND_119732,FTPAVHASL,EBV_TCELL_950|849625969|AEGLRALLARSHVER,2,HUMAN_BACKGROUND_119732|1742505091|AAHLPAEFTPAVHASLDKF,0,0.185406,15.550687,17.737448,13.549512,Frozen score-blind human-background pMHC comparison; technical samples are not biological replicates.
EBV_TCELL_950::HUMAN_MYELIN_114366,32,EBV_TCELL_950,HUMAN_MYELIN_114366,HUMAN_BACKGROUND_119732,FTPAVHASL,EBV_TCELL_950|849625969|AEGLRALLARSHVER,2,HUMAN_BACKGROUND_119732|1742505091|AAHLPAEFTPAVHASLDKF,1,0.168956,16.060262,18.278626,14.03535,Frozen score-blind human-background pMHC comparison; technical samples are not biological replicates.
EBV_TCELL_950::HUMAN_MYELIN_114366,32,EBV_TCELL_950,HUMAN_MYELIN_114366,HUMAN_BACKGROUND_119732,FTPAVHASL,EBV_TCELL_950|849625969|AEGLRALLARSHVER,2,HUMAN_BACKGROUND_119732|1742505091|AAHLPAEFTPAVHASLDKF,2,0.157064,14.276338,16.409173,12.30675,Frozen score-blind human-background pMHC comparison; technical samples are not biological replicates.
EBV_TCELL_950::HUMAN_MYELIN_114366,32,EBV_TCELL_950,HUMAN_MYELIN_114366,HUMAN_BACKGROUND_119732,FTPAVHASL,EBV_TCELL_950|849625969|AEGLRALLARSHVER,2,HUMAN_BACKGROUND_119732|1742505091|AAHLPAEFTPAVHASLDKF,3,0.126916,20.361963,21.904786,19.037894,Frozen score-blind human-background pMHC comparison; technical samples are not biological replicates.
EBV_TCELL_950::HUMAN_MYELIN_114366,32,EBV_TCELL_950,HUMAN_MYELIN_114366,HUMAN_BACKGROUND_119732,FTPAVHASL,EBV_TCELL_950|849625969|AEGLRALLARSHVER,2,HUMAN_BACKGROUND_119732|1742505091|AAHLPAEFTPAVHASLDKF,4,0.135735,1.045133,0.905499,1.144641,Frozen score-blind human-background pMHC comparison; technical samples are not biological replicates.
EBV_TCELL_950::HUMAN_MYELIN_114366,32,EBV_TCELL_950,HUMAN_MYELIN_114366,HUMAN_BACKGROUND_119732,FTPAVHASL,EBV_TCELL_950|849625969|AEGLRALLARSHVER,3,HUMAN_BACKGROUND_119732|1742505091|AAHLPAEFTPAVHASLDKF,0,0.230204,15.493622,17.673293,13.498814,Frozen score-blind human-background pMHC comparison; technical samples are not biological replicates.
EBV_TCELL_950::HUMAN_MYELIN_114366,32,EBV_TCELL_950,HUMAN_MYELIN_114366,HUMAN_BACKGROUND_119732,FTPAVHASL,EBV_TCELL_950|849625969|AEGLRALLARSHVER,3,HUMAN_BACKGROUND_119732|1742505091|AAHLPAEFTPAVHASLDKF,1,0.186117,16.024754,18.236109,14.006512,Frozen score-blind human-background pMHC comparison; technical samples are not biological replicates.
EBV_TCELL_950::HUMAN_MYELIN_114366,32,EBV_TCELL_950,HUMAN_MYELIN_114366,HUMAN_BACKGROUND_119732,FTPAVHASL,EBV_TCELL_950|849625969|AEGLRALLARSHVER,3,HUMAN_BACKGROUND_119732|1742505091|AAHLPAEFTPAVHASLDKF,2,0.169881,14.217921,16.34589,12.252274,Frozen score-blind human-background pMHC comparison; technical samples are not biological replicates.
EBV_TCELL_950::HUMAN_MYELIN_114366,32,EBV_TCELL_950,HUMAN_MYELIN_114366,HUMAN_BACKGROUND_119732,FTPAVHASL,EBV_TCELL_950|849625969|AEGLRALLARSHVER,3,HUMAN_BACKGROUND_119732|1742505091|AAHLPAEFTPAVHASLDKF,3,0.14213,20.264653,21.806549,18.940977,Frozen score-blind human-background pMHC comparison; technical samples are not biological replicates.
EBV_TCELL_950::HUMAN_MYELIN_114366,32,EBV_TCELL_950,HUMAN_MYELIN_114366,HUMAN_BACKGROUND_119732,FTPAVHASL,EBV_TCELL_950|849625969|AEGLRALLARSHVER,3,HUMAN_BACKGROUND_119732|1742505091|AAHLPAEFTPAVHASLDKF,4,0.153766,0.996054,0.81014,1.122836,Frozen score-blind human-background pMHC comparison; technical samples are not biological replicates.
EBV_TCELL_950::HUMAN_MYELIN_114366,32,EBV_TCELL_950,HUMAN_MYELIN_114366,HUMAN_BACKGROUND_119732,FTPAVHASL,EBV_TCELL_950|849625969|AEGLRALLARSHVER,4,HUMAN_BACKGROUND_119732|1742505091|AAHLPAEFTPAVHASLDKF,0,0.269671,15.470812,17.647134,13.479086,Frozen score-blind human-background pMHC comparison; technical samples are not biological replicates.
EBV_TCELL_950::HUMAN_MYELIN_114366,32,EBV_TCELL_950,HUMAN_MYELIN_114366,HUMAN_BACKGROUND_119732,FTPAVHASL,EBV_TCELL_950|849625969|AEGLRALLARSHVER,4,HUMAN_BACKGROUND_119732|1742505091|AAHLPAEFTPAVHASLDKF,1,0.197694,16.007261,18.21484,13.992642,Frozen score-blind human-background pMHC comparison; technical samples are not biological replicates.
EBV_TCELL_950::HUMAN_MYELIN_114366,32,EBV_TCELL_950,HUMAN_MYELIN_114366,HUMAN_BACKGROUND_119732,FTPAVHASL,EBV_TCELL_950|849625969|AEGLRALLARSHVER,4,HUMAN_BACKGROUND_119732|1742505091|AAHLPAEFTPAVHASLDKF,2,0.207971,14.188886,16.313343,12.226362,Frozen score-blind human-background pMHC comparison; technical samples are not biological replicates.
EBV_TCELL_950::HUMAN_MYELIN_114366,32,EBV_TCELL_950,HUMAN_MYELIN_114366,HUMAN_BACKGROUND_119732,FTPAVHASL,EBV_TCELL_950|849625969|AEGLRALLARSHVER,4,HUMAN_BACKGROUND_119732|1742505091|AAHLPAEFTPAVHASLDKF,3,0.163761,20.220234,21.755418,18.902529,Frozen score-blind human-background pMHC comparison; technical samples are not biological replicates.
EBV_TCELL_950::HUMAN_MYELIN_114366,32,EBV_TCELL_950,HUMAN_MYELIN_114366,HUMAN_BACKGROUND_119732,FTPAVHASL,EBV_TCELL_950|849625969|AEGLRALLARSHVER,4,HUMAN_BACKGROUND_119732|1742505091|AAHLPAEFTPAVHASLDKF,4,0.175537,0.952938,0.783959,1.069061,Frozen score-blind human-background pMHC comparison; technical samples are not biological replicates.
