pair_id,ebv_candidate_id,human_candidate_id,ebv_register_status,human_register_status,ebv_core_p1_p9,self_core_p1_p9,legacy_score_coverage_status,combined_eligibility_status
EBV_TCELL_119155::HUMAN_MYELIN_111192,EBV_TCELL_119155,HUMAN_MYELIN_111192,iedb_top_core_hypothesis,iedb_top_core_hypothesis,FVGWLCKKD,VHFFKNIVT,excluded_nonprimary_register_status,eligible_primary_drb1501_resolved_registers
EBV_TCELL_119155::HUMAN_MYELIN_112037,EBV_TCELL_119155,HUMAN_MYELIN_112037,iedb_top_core_hypothesis,iedb_top_core_hypothesis,FVGWLCKKD,IFKLGGRDS,excluded_nonprimary_register_status,eligible_primary_drb1501_resolved_registers
EBV_TCELL_119155::HUMAN_MYELIN_112191,EBV_TCELL_119155,HUMAN_MYELIN_112191,iedb_top_core_hypothesis,iedb_top_core_hypothesis,FVGWLCKKD,MDHARHGFL,excluded_nonprimary_register_status,eligible_primary_drb1501_resolved_registers
EBV_TCELL_119155::HUMAN_MYELIN_112214,EBV_TCELL_119155,HUMAN_MYELIN_112214,iedb_top_core_hypothesis,iedb_top_core_hypothesis,FVGWLCKKD,WGAEGQRPG,excluded_nonprimary_register_status,eligible_primary_drb1501_resolved_registers
EBV_TCELL_119155::HUMAN_MYELIN_112226,EBV_TCELL_119155,HUMAN_MYELIN_112226,iedb_top_core_hypothesis,iedb_top_core_hypothesis,FVGWLCKKD,FSRVVHLYR,excluded_nonprimary_register_status,eligible_primary_drb1501_resolved_registers
EBV_TCELL_119155::HUMAN_MYELIN_112319,EBV_TCELL_119155,HUMAN_MYELIN_112319,iedb_top_core_hypothesis,iedb_top_core_hypothesis,FVGWLCKKD,IFKLGGRDS,excluded_nonprimary_register_status,eligible_primary_drb1501_resolved_registers
EBV_TCELL_119155::HUMAN_MYELIN_112354,EBV_TCELL_119155,HUMAN_MYELIN_112354,iedb_top_core_hypothesis,iedb_top_core_hypothesis,FVGWLCKKD,IETYFSKNY,excluded_nonprimary_register_status,eligible_primary_drb1501_resolved_registers
EBV_TCELL_119155::HUMAN_MYELIN_112393,EBV_TCELL_119155,HUMAN_MYELIN_112393,iedb_top_core_hypothesis,iedb_top_core_hypothesis,FVGWLCKKD,VHFFKNIVT,excluded_nonprimary_register_status,eligible_primary_drb1501_resolved_registers
EBV_TCELL_119155::HUMAN_MYELIN_112603,EBV_TCELL_119155,HUMAN_MYELIN_112603,iedb_top_core_hypothesis,iedb_top_core_hypothesis,FVGWLCKKD,VLKLMGRGT,excluded_nonprimary_register_status,eligible_primary_drb1501_resolved_registers
EBV_TCELL_119155::HUMAN_MYELIN_112756,EBV_TCELL_119155,HUMAN_MYELIN_112756,iedb_top_core_hypothesis,iedb_top_core_hypothesis,FVGWLCKKD,FGDYKTTIC,excluded_nonprimary_register_status,eligible_primary_drb1501_resolved_registers
EBV_TCELL_119155::HUMAN_MYELIN_112782,EBV_TCELL_119155,HUMAN_MYELIN_112782,iedb_top_core_hypothesis,iedb_top_core_hypothesis,FVGWLCKKD,HHPARTAHY,excluded_nonprimary_register_status,eligible_primary_drb1501_resolved_registers
EBV_TCELL_119155::HUMAN_MYELIN_114366,EBV_TCELL_119155,HUMAN_MYELIN_114366,iedb_top_core_hypothesis,iedb_top_core_hypothesis,FVGWLCKKD,LSRFSWGAE,excluded_nonprimary_register_status,eligible_primary_drb1501_resolved_registers
EBV_TCELL_119155::HUMAN_MYELIN_114566,EBV_TCELL_119155,HUMAN_MYELIN_114566,iedb_top_core_hypothesis,iedb_top_core_hypothesis,FVGWLCKKD,IGRFFGGDR,excluded_nonprimary_register_status,eligible_primary_drb1501_resolved_registers
EBV_TCELL_119155::HUMAN_MYELIN_114765,EBV_TCELL_119155,HUMAN_MYELIN_114765,iedb_top_core_hypothesis,iedb_top_core_hypothesis,FVGWLCKKD,ENPVVHFFK,excluded_nonprimary_register_status,eligible_primary_drb1501_resolved_registers
EBV_TCELL_119155::HUMAN_MYELIN_114806,EBV_TCELL_119155,HUMAN_MYELIN_114806,iedb_top_core_hypothesis,iedb_top_core_hypothesis,FVGWLCKKD,VHFFKNIVT,excluded_nonprimary_register_status,eligible_primary_drb1501_resolved_registers
EBV_TCELL_119155::HUMAN_MYELIN_114925,EBV_TCELL_119155,HUMAN_MYELIN_114925,iedb_top_core_hypothesis,iedb_top_core_hypothesis,FVGWLCKKD,VHFFKNIVT,excluded_nonprimary_register_status,eligible_primary_drb1501_resolved_registers
EBV_TCELL_119155::HUMAN_MYELIN_115061,EBV_TCELL_119155,HUMAN_MYELIN_115061,iedb_top_core_hypothesis,iedb_top_core_hypothesis,FVGWLCKKD,FKGVDAQGT,robust_primary_ranking_eligible,eligible_primary_drb1501_resolved_registers
EBV_TCELL_119155::HUMAN_MYELIN_115622,EBV_TCELL_119155,HUMAN_MYELIN_115622,iedb_top_core_hypothesis,iedb_top_core_hypothesis,FVGWLCKKD,VTPRTPPPS,excluded_nonprimary_register_status,eligible_primary_drb1501_resolved_registers
EBV_TCELL_119155::HUMAN_MYELIN_115636,EBV_TCELL_119155,HUMAN_MYELIN_115636,iedb_top_core_hypothesis,iedb_top_core_hypothesis,FVGWLCKKD,LSLSRFSWG,excluded_nonprimary_register_status,eligible_primary_drb1501_resolved_registers
EBV_TCELL_119155::HUMAN_MYELIN_115641,EBV_TCELL_119155,HUMAN_MYELIN_115641,iedb_top_core_hypothesis,sensitivity_only_unresolved,FVGWLCKKD,,excluded_nonprimary_register_status,excluded_unresolved_self_register
EBV_TCELL_119155::HUMAN_MYELIN_115648,EBV_TCELL_119155,HUMAN_MYELIN_115648,iedb_top_core_hypothesis,iedb_top_core_hypothesis,FVGWLCKKD,GRTQDENPV,excluded_nonprimary_register_status,eligible_primary_drb1501_resolved_registers
EBV_TCELL_119155::HUMAN_MYELIN_116079,EBV_TCELL_119155,HUMAN_MYELIN_116079,iedb_top_core_hypothesis,iedb_top_core_hypothesis,FVGWLCKKD,MDHARHGFL,excluded_nonprimary_register_status,eligible_primary_drb1501_resolved_registers
EBV_TCELL_119155::HUMAN_MYELIN_116170,EBV_TCELL_119155,HUMAN_MYELIN_116170,iedb_top_core_hypothesis,iedb_top_core_hypothesis,FVGWLCKKD,VHFFKNIVT,excluded_nonprimary_register_status,eligible_primary_drb1501_resolved_registers
EBV_TCELL_119155::HUMAN_MYELIN_116911,EBV_TCELL_119155,HUMAN_MYELIN_116911,iedb_top_core_hypothesis,iedb_top_core_hypothesis,FVGWLCKKD,IAATYNFAV,excluded_nonprimary_register_status,eligible_primary_drb1501_resolved_registers
EBV_TCELL_119155::HUMAN_MYELIN_116924,EBV_TCELL_119155,HUMAN_MYELIN_116924,iedb_top_core_hypothesis,iedb_top_core_hypothesis,FVGWLCKKD,HKGFKGVDA,excluded_nonprimary_register_status,eligible_primary_drb1501_resolved_registers
EBV_TCELL_119155::HUMAN_MYELIN_116976,EBV_TCELL_119155,HUMAN_MYELIN_116976,iedb_top_core_hypothesis,iedb_top_core_hypothesis,FVGWLCKKD,LSKIFKLGG,excluded_nonprimary_register_status,eligible_primary_drb1501_resolved_registers
EBV_TCELL_119155::HUMAN_MYELIN_116993,EBV_TCELL_119155,HUMAN_MYELIN_116993,iedb_top_core_hypothesis,iedb_top_core_hypothesis,FVGWLCKKD,ILDSIGRFF,excluded_nonprimary_register_status,eligible_primary_drb1501_resolved_registers
EBV_TCELL_119155::HUMAN_MYELIN_116995,EBV_TCELL_119155,HUMAN_MYELIN_116995,iedb_top_core_hypothesis,iedb_top_core_hypothesis,FVGWLCKKD,TAHYGSLPQ,excluded_nonprimary_register_status,eligible_primary_drb1501_resolved_registers
EBV_TCELL_119155::HUMAN_MYELIN_117009,EBV_TCELL_119155,HUMAN_MYELIN_117009,iedb_top_core_hypothesis,iedb_top_core_hypothesis,FVGWLCKKD,DSHHPARTA,excluded_nonprimary_register_status,eligible_primary_drb1501_resolved_registers
EBV_TCELL_119155::HUMAN_MYELIN_117032,EBV_TCELL_119155,HUMAN_MYELIN_117032,iedb_top_core_hypothesis,iedb_top_core_hypothesis,FVGWLCKKD,FHLFIAAFV,excluded_nonprimary_register_status,eligible_primary_drb1501_resolved_registers
EBV_TCELL_119155::HUMAN_MYELIN_117035,EBV_TCELL_119155,HUMAN_MYELIN_117035,iedb_top_core_hypothesis,iedb_top_core_hypothesis,FVGWLCKKD,LLVFACSAV,excluded_nonprimary_register_status,eligible_primary_drb1501_resolved_registers
EBV_TCELL_119155::HUMAN_MYELIN_117039,EBV_TCELL_119155,HUMAN_MYELIN_117039,iedb_top_core_hypothesis,iedb_top_core_hypothesis,FVGWLCKKD,LVGAPFASL,limited_coverage_report_only,eligible_primary_drb1501_resolved_registers
EBV_TCELL_119155::HUMAN_MYELIN_117117,EBV_TCELL_119155,HUMAN_MYELIN_117117,iedb_top_core_hypothesis,iedb_top_core_hypothesis,FVGWLCKKD,IHAFQYVIY,excluded_nonprimary_register_status,eligible_primary_drb1501_resolved_registers
EBV_TCELL_119155::HUMAN_MYELIN_118650,EBV_TCELL_119155,HUMAN_MYELIN_118650,iedb_top_core_hypothesis,iedb_top_core_hypothesis,FVGWLCKKD,LQYRLRGKL,excluded_nonprimary_register_status,eligible_primary_drb1501_resolved_registers
EBV_TCELL_119155::HUMAN_MYELIN_119809,EBV_TCELL_119155,HUMAN_MYELIN_119809,iedb_top_core_hypothesis,iedb_top_core_hypothesis,FVGWLCKKD,TGILDSIGR,excluded_nonprimary_register_status,eligible_primary_drb1501_resolved_registers
EBV_TCELL_119155::HUMAN_MYELIN_119927,EBV_TCELL_119155,HUMAN_MYELIN_119927,iedb_top_core_hypothesis,iedb_top_core_hypothesis,FVGWLCKKD,YLATASTMD,limited_coverage_report_only,eligible_primary_drb1501_resolved_registers
EBV_TCELL_119155::HUMAN_MYELIN_119972,EBV_TCELL_119155,HUMAN_MYELIN_119972,iedb_top_core_hypothesis,iedb_top_core_hypothesis,FVGWLCKKD,VTPRTPPPS,excluded_nonprimary_register_status,eligible_primary_drb1501_resolved_registers
EBV_TCELL_119155::HUMAN_MYELIN_119973,EBV_TCELL_119155,HUMAN_MYELIN_119973,iedb_top_core_hypothesis,iedb_top_core_hypothesis,FVGWLCKKD,VTPRTPPPS,excluded_nonprimary_register_status,eligible_primary_drb1501_resolved_registers
EBV_TCELL_119155::HUMAN_MYELIN_120169,EBV_TCELL_119155,HUMAN_MYELIN_120169,iedb_top_core_hypothesis,unresolved_or_flank_dependent_core,FVGWLCKKD,GSKYLATAS,excluded_nonprimary_register_status,excluded_unresolved_self_register
EBV_TCELL_119155::HUMAN_MYELIN_120170,EBV_TCELL_119155,HUMAN_MYELIN_120170,iedb_top_core_hypothesis,iedb_top_core_hypothesis,FVGWLCKKD,YLATASTMD,limited_coverage_report_only,eligible_primary_drb1501_resolved_registers
EBV_TCELL_119155::HUMAN_MYELIN_120201,EBV_TCELL_119155,HUMAN_MYELIN_120201,iedb_top_core_hypothesis,iedb_top_core_hypothesis,FVGWLCKKD,RTQDENPVV,excluded_nonprimary_register_status,eligible_primary_drb1501_resolved_registers
EBV_TCELL_119155::HUMAN_MYELIN_13572,EBV_TCELL_119155,HUMAN_MYELIN_13572,iedb_top_core_hypothesis,experimental_primary_allele_reference,FVGWLCKKD,VHFFKNIVT,excluded_nonprimary_register_status,eligible_primary_drb1501_resolved_registers
EBV_TCELL_119155::HUMAN_MYELIN_13573,EBV_TCELL_119155,HUMAN_MYELIN_13573,iedb_top_core_hypothesis,iedb_top_core_hypothesis,FVGWLCKKD,VHFFKNIVT,excluded_nonprimary_register_status,eligible_primary_drb1501_resolved_registers
EBV_TCELL_119155::HUMAN_MYELIN_35803,EBV_TCELL_119155,HUMAN_MYELIN_35803,iedb_top_core_hypothesis,iedb_top_core_hypothesis,FVGWLCKKD,LTGTEKLIE,excluded_nonprimary_register_status,eligible_primary_drb1501_resolved_registers
EBV_TCELL_119155::HUMAN_MYELIN_40353,EBV_TCELL_119155,HUMAN_MYELIN_40353,iedb_top_core_hypothesis,iedb_top_core_hypothesis,FVGWLCKKD,FASLVATGL,excluded_nonprimary_register_status,eligible_primary_drb1501_resolved_registers
EBV_TCELL_119155::HUMAN_MYELIN_40762,EBV_TCELL_119155,HUMAN_MYELIN_40762,iedb_top_core_hypothesis,iedb_top_core_hypothesis,FVGWLCKKD,LLLAEGFYT,excluded_nonprimary_register_status,eligible_primary_drb1501_resolved_registers
EBV_TCELL_119155::HUMAN_MYELIN_45514,EBV_TCELL_119155,HUMAN_MYELIN_45514,iedb_top_core_hypothesis,iedb_top_core_hypothesis,FVGWLCKKD,VHFFKNIVT,excluded_nonprimary_register_status,eligible_primary_drb1501_resolved_registers
EBV_TCELL_119155::HUMAN_MYELIN_51191,EBV_TCELL_119155,HUMAN_MYELIN_51191,iedb_top_core_hypothesis,iedb_top_core_hypothesis,FVGWLCKKD,RGQHQAHSL,excluded_nonprimary_register_status,eligible_primary_drb1501_resolved_registers
EBV_TCELL_119155::HUMAN_MYELIN_5516,EBV_TCELL_119155,HUMAN_MYELIN_5516,iedb_top_core_hypothesis,iedb_top_core_hypothesis,FVGWLCKKD,VYIYFNTWT,excluded_nonprimary_register_status,eligible_primary_drb1501_resolved_registers
EBV_TCELL_119155::HUMAN_MYELIN_63975,EBV_TCELL_119155,HUMAN_MYELIN_63975,iedb_top_core_hypothesis,iedb_top_core_hypothesis,FVGWLCKKD,IETYFSKNY,excluded_nonprimary_register_status,eligible_primary_drb1501_resolved_registers
EBV_TCELL_119155::HUMAN_MYELIN_67907,EBV_TCELL_119155,HUMAN_MYELIN_67907,iedb_top_core_hypothesis,iedb_top_core_hypothesis,FVGWLCKKD,IFKLGGRDS,excluded_nonprimary_register_status,eligible_primary_drb1501_resolved_registers
EBV_TCELL_119155::HUMAN_MYELIN_73159,EBV_TCELL_119155,HUMAN_MYELIN_73159,iedb_top_core_hypothesis,iedb_top_core_hypothesis,FVGWLCKKD,SIAFPSKTS,excluded_nonprimary_register_status,eligible_primary_drb1501_resolved_registers
EBV_TCELL_119155::HUMAN_MYELIN_80095,EBV_TCELL_119155,HUMAN_MYELIN_80095,iedb_top_core_hypothesis,iedb_top_core_hypothesis,FVGWLCKKD,VHFFKNIVT,excluded_nonprimary_register_status,eligible_primary_drb1501_resolved_registers
EBV_TCELL_1392779::HUMAN_MYELIN_111192,EBV_TCELL_1392779,HUMAN_MYELIN_111192,unresolved_or_flank_dependent_core,iedb_top_core_hypothesis,IFARQAVWL,VHFFKNIVT,excluded_nonprimary_register_status,excluded_unresolved_ebv_register
EBV_TCELL_1392779::HUMAN_MYELIN_112037,EBV_TCELL_1392779,HUMAN_MYELIN_112037,unresolved_or_flank_dependent_core,iedb_top_core_hypothesis,IFARQAVWL,IFKLGGRDS,excluded_nonprimary_register_status,excluded_unresolved_ebv_register
EBV_TCELL_1392779::HUMAN_MYELIN_112191,EBV_TCELL_1392779,HUMAN_MYELIN_112191,unresolved_or_flank_dependent_core,iedb_top_core_hypothesis,IFARQAVWL,MDHARHGFL,excluded_nonprimary_register_status,excluded_unresolved_ebv_register
EBV_TCELL_1392779::HUMAN_MYELIN_112214,EBV_TCELL_1392779,HUMAN_MYELIN_112214,unresolved_or_flank_dependent_core,iedb_top_core_hypothesis,IFARQAVWL,WGAEGQRPG,excluded_nonprimary_register_status,excluded_unresolved_ebv_register
EBV_TCELL_1392779::HUMAN_MYELIN_112226,EBV_TCELL_1392779,HUMAN_MYELIN_112226,unresolved_or_flank_dependent_core,iedb_top_core_hypothesis,IFARQAVWL,FSRVVHLYR,excluded_nonprimary_register_status,excluded_unresolved_ebv_register
EBV_TCELL_1392779::HUMAN_MYELIN_112319,EBV_TCELL_1392779,HUMAN_MYELIN_112319,unresolved_or_flank_dependent_core,iedb_top_core_hypothesis,IFARQAVWL,IFKLGGRDS,excluded_nonprimary_register_status,excluded_unresolved_ebv_register
EBV_TCELL_1392779::HUMAN_MYELIN_112354,EBV_TCELL_1392779,HUMAN_MYELIN_112354,unresolved_or_flank_dependent_core,iedb_top_core_hypothesis,IFARQAVWL,IETYFSKNY,excluded_nonprimary_register_status,excluded_unresolved_ebv_register
EBV_TCELL_1392779::HUMAN_MYELIN_112393,EBV_TCELL_1392779,HUMAN_MYELIN_112393,unresolved_or_flank_dependent_core,iedb_top_core_hypothesis,IFARQAVWL,VHFFKNIVT,excluded_nonprimary_register_status,excluded_unresolved_ebv_register
EBV_TCELL_1392779::HUMAN_MYELIN_112603,EBV_TCELL_1392779,HUMAN_MYELIN_112603,unresolved_or_flank_dependent_core,iedb_top_core_hypothesis,IFARQAVWL,VLKLMGRGT,excluded_nonprimary_register_status,excluded_unresolved_ebv_register
EBV_TCELL_1392779::HUMAN_MYELIN_112756,EBV_TCELL_1392779,HUMAN_MYELIN_112756,unresolved_or_flank_dependent_core,iedb_top_core_hypothesis,IFARQAVWL,FGDYKTTIC,excluded_nonprimary_register_status,excluded_unresolved_ebv_register
EBV_TCELL_1392779::HUMAN_MYELIN_112782,EBV_TCELL_1392779,HUMAN_MYELIN_112782,unresolved_or_flank_dependent_core,iedb_top_core_hypothesis,IFARQAVWL,HHPARTAHY,excluded_nonprimary_register_status,excluded_unresolved_ebv_register
EBV_TCELL_1392779::HUMAN_MYELIN_114366,EBV_TCELL_1392779,HUMAN_MYELIN_114366,unresolved_or_flank_dependent_core,iedb_top_core_hypothesis,IFARQAVWL,LSRFSWGAE,excluded_nonprimary_register_status,excluded_unresolved_ebv_register
EBV_TCELL_1392779::HUMAN_MYELIN_114566,EBV_TCELL_1392779,HUMAN_MYELIN_114566,unresolved_or_flank_dependent_core,iedb_top_core_hypothesis,IFARQAVWL,IGRFFGGDR,excluded_nonprimary_register_status,excluded_unresolved_ebv_register
EBV_TCELL_1392779::HUMAN_MYELIN_114765,EBV_TCELL_1392779,HUMAN_MYELIN_114765,unresolved_or_flank_dependent_core,iedb_top_core_hypothesis,IFARQAVWL,ENPVVHFFK,excluded_nonprimary_register_status,excluded_unresolved_ebv_register
EBV_TCELL_1392779::HUMAN_MYELIN_114806,EBV_TCELL_1392779,HUMAN_MYELIN_114806,unresolved_or_flank_dependent_core,iedb_top_core_hypothesis,IFARQAVWL,VHFFKNIVT,excluded_nonprimary_register_status,excluded_unresolved_ebv_register
EBV_TCELL_1392779::HUMAN_MYELIN_114925,EBV_TCELL_1392779,HUMAN_MYELIN_114925,unresolved_or_flank_dependent_core,iedb_top_core_hypothesis,IFARQAVWL,VHFFKNIVT,excluded_nonprimary_register_status,excluded_unresolved_ebv_register
EBV_TCELL_1392779::HUMAN_MYELIN_115061,EBV_TCELL_1392779,HUMAN_MYELIN_115061,unresolved_or_flank_dependent_core,iedb_top_core_hypothesis,IFARQAVWL,FKGVDAQGT,excluded_nonprimary_register_status,excluded_unresolved_ebv_register
EBV_TCELL_1392779::HUMAN_MYELIN_115622,EBV_TCELL_1392779,HUMAN_MYELIN_115622,unresolved_or_flank_dependent_core,iedb_top_core_hypothesis,IFARQAVWL,VTPRTPPPS,excluded_nonprimary_register_status,excluded_unresolved_ebv_register
EBV_TCELL_1392779::HUMAN_MYELIN_115636,EBV_TCELL_1392779,HUMAN_MYELIN_115636,unresolved_or_flank_dependent_core,iedb_top_core_hypothesis,IFARQAVWL,LSLSRFSWG,excluded_nonprimary_register_status,excluded_unresolved_ebv_register
EBV_TCELL_1392779::HUMAN_MYELIN_115641,EBV_TCELL_1392779,HUMAN_MYELIN_115641,unresolved_or_flank_dependent_core,sensitivity_only_unresolved,IFARQAVWL,,excluded_nonprimary_register_status,excluded_unresolved_ebv_register
EBV_TCELL_1392779::HUMAN_MYELIN_115648,EBV_TCELL_1392779,HUMAN_MYELIN_115648,unresolved_or_flank_dependent_core,iedb_top_core_hypothesis,IFARQAVWL,GRTQDENPV,excluded_nonprimary_register_status,excluded_unresolved_ebv_register
EBV_TCELL_1392779::HUMAN_MYELIN_116079,EBV_TCELL_1392779,HUMAN_MYELIN_116079,unresolved_or_flank_dependent_core,iedb_top_core_hypothesis,IFARQAVWL,MDHARHGFL,excluded_nonprimary_register_status,excluded_unresolved_ebv_register
EBV_TCELL_1392779::HUMAN_MYELIN_116170,EBV_TCELL_1392779,HUMAN_MYELIN_116170,unresolved_or_flank_dependent_core,iedb_top_core_hypothesis,IFARQAVWL,VHFFKNIVT,excluded_nonprimary_register_status,excluded_unresolved_ebv_register
EBV_TCELL_1392779::HUMAN_MYELIN_116911,EBV_TCELL_1392779,HUMAN_MYELIN_116911,unresolved_or_flank_dependent_core,iedb_top_core_hypothesis,IFARQAVWL,IAATYNFAV,excluded_nonprimary_register_status,excluded_unresolved_ebv_register
EBV_TCELL_1392779::HUMAN_MYELIN_116924,EBV_TCELL_1392779,HUMAN_MYELIN_116924,unresolved_or_flank_dependent_core,iedb_top_core_hypothesis,IFARQAVWL,HKGFKGVDA,excluded_nonprimary_register_status,excluded_unresolved_ebv_register
EBV_TCELL_1392779::HUMAN_MYELIN_116976,EBV_TCELL_1392779,HUMAN_MYELIN_116976,unresolved_or_flank_dependent_core,iedb_top_core_hypothesis,IFARQAVWL,LSKIFKLGG,excluded_nonprimary_register_status,excluded_unresolved_ebv_register
EBV_TCELL_1392779::HUMAN_MYELIN_116993,EBV_TCELL_1392779,HUMAN_MYELIN_116993,unresolved_or_flank_dependent_core,iedb_top_core_hypothesis,IFARQAVWL,ILDSIGRFF,excluded_nonprimary_register_status,excluded_unresolved_ebv_register
EBV_TCELL_1392779::HUMAN_MYELIN_116995,EBV_TCELL_1392779,HUMAN_MYELIN_116995,unresolved_or_flank_dependent_core,iedb_top_core_hypothesis,IFARQAVWL,TAHYGSLPQ,excluded_nonprimary_register_status,excluded_unresolved_ebv_register
EBV_TCELL_1392779::HUMAN_MYELIN_117009,EBV_TCELL_1392779,HUMAN_MYELIN_117009,unresolved_or_flank_dependent_core,iedb_top_core_hypothesis,IFARQAVWL,DSHHPARTA,excluded_nonprimary_register_status,excluded_unresolved_ebv_register
EBV_TCELL_1392779::HUMAN_MYELIN_117032,EBV_TCELL_1392779,HUMAN_MYELIN_117032,unresolved_or_flank_dependent_core,iedb_top_core_hypothesis,IFARQAVWL,FHLFIAAFV,excluded_nonprimary_register_status,excluded_unresolved_ebv_register
EBV_TCELL_1392779::HUMAN_MYELIN_117035,EBV_TCELL_1392779,HUMAN_MYELIN_117035,unresolved_or_flank_dependent_core,iedb_top_core_hypothesis,IFARQAVWL,LLVFACSAV,excluded_nonprimary_register_status,excluded_unresolved_ebv_register
EBV_TCELL_1392779::HUMAN_MYELIN_117039,EBV_TCELL_1392779,HUMAN_MYELIN_117039,unresolved_or_flank_dependent_core,iedb_top_core_hypothesis,IFARQAVWL,LVGAPFASL,excluded_nonprimary_register_status,excluded_unresolved_ebv_register
EBV_TCELL_1392779::HUMAN_MYELIN_117117,EBV_TCELL_1392779,HUMAN_MYELIN_117117,unresolved_or_flank_dependent_core,iedb_top_core_hypothesis,IFARQAVWL,IHAFQYVIY,excluded_nonprimary_register_status,excluded_unresolved_ebv_register
EBV_TCELL_1392779::HUMAN_MYELIN_118650,EBV_TCELL_1392779,HUMAN_MYELIN_118650,unresolved_or_flank_dependent_core,iedb_top_core_hypothesis,IFARQAVWL,LQYRLRGKL,excluded_nonprimary_register_status,excluded_unresolved_ebv_register
EBV_TCELL_1392779::HUMAN_MYELIN_119809,EBV_TCELL_1392779,HUMAN_MYELIN_119809,unresolved_or_flank_dependent_core,iedb_top_core_hypothesis,IFARQAVWL,TGILDSIGR,excluded_nonprimary_register_status,excluded_unresolved_ebv_register
EBV_TCELL_1392779::HUMAN_MYELIN_119927,EBV_TCELL_1392779,HUMAN_MYELIN_119927,unresolved_or_flank_dependent_core,iedb_top_core_hypothesis,IFARQAVWL,YLATASTMD,excluded_nonprimary_register_status,excluded_unresolved_ebv_register
EBV_TCELL_1392779::HUMAN_MYELIN_119972,EBV_TCELL_1392779,HUMAN_MYELIN_119972,unresolved_or_flank_dependent_core,iedb_top_core_hypothesis,IFARQAVWL,VTPRTPPPS,excluded_nonprimary_register_status,excluded_unresolved_ebv_register
EBV_TCELL_1392779::HUMAN_MYELIN_119973,EBV_TCELL_1392779,HUMAN_MYELIN_119973,unresolved_or_flank_dependent_core,iedb_top_core_hypothesis,IFARQAVWL,VTPRTPPPS,excluded_nonprimary_register_status,excluded_unresolved_ebv_register
EBV_TCELL_1392779::HUMAN_MYELIN_120169,EBV_TCELL_1392779,HUMAN_MYELIN_120169,unresolved_or_flank_dependent_core,unresolved_or_flank_dependent_core,IFARQAVWL,GSKYLATAS,excluded_nonprimary_register_status,excluded_unresolved_ebv_register
EBV_TCELL_1392779::HUMAN_MYELIN_120170,EBV_TCELL_1392779,HUMAN_MYELIN_120170,unresolved_or_flank_dependent_core,iedb_top_core_hypothesis,IFARQAVWL,YLATASTMD,excluded_nonprimary_register_status,excluded_unresolved_ebv_register
EBV_TCELL_1392779::HUMAN_MYELIN_120201,EBV_TCELL_1392779,HUMAN_MYELIN_120201,unresolved_or_flank_dependent_core,iedb_top_core_hypothesis,IFARQAVWL,RTQDENPVV,excluded_nonprimary_register_status,excluded_unresolved_ebv_register
EBV_TCELL_1392779::HUMAN_MYELIN_13572,EBV_TCELL_1392779,HUMAN_MYELIN_13572,unresolved_or_flank_dependent_core,experimental_primary_allele_reference,IFARQAVWL,VHFFKNIVT,excluded_nonprimary_register_status,excluded_unresolved_ebv_register
EBV_TCELL_1392779::HUMAN_MYELIN_13573,EBV_TCELL_1392779,HUMAN_MYELIN_13573,unresolved_or_flank_dependent_core,iedb_top_core_hypothesis,IFARQAVWL,VHFFKNIVT,excluded_nonprimary_register_status,excluded_unresolved_ebv_register
EBV_TCELL_1392779::HUMAN_MYELIN_35803,EBV_TCELL_1392779,HUMAN_MYELIN_35803,unresolved_or_flank_dependent_core,iedb_top_core_hypothesis,IFARQAVWL,LTGTEKLIE,excluded_nonprimary_register_status,excluded_unresolved_ebv_register
EBV_TCELL_1392779::HUMAN_MYELIN_40353,EBV_TCELL_1392779,HUMAN_MYELIN_40353,unresolved_or_flank_dependent_core,iedb_top_core_hypothesis,IFARQAVWL,FASLVATGL,excluded_nonprimary_register_status,excluded_unresolved_ebv_register
EBV_TCELL_1392779::HUMAN_MYELIN_40762,EBV_TCELL_1392779,HUMAN_MYELIN_40762,unresolved_or_flank_dependent_core,iedb_top_core_hypothesis,IFARQAVWL,LLLAEGFYT,excluded_nonprimary_register_status,excluded_unresolved_ebv_register
EBV_TCELL_1392779::HUMAN_MYELIN_45514,EBV_TCELL_1392779,HUMAN_MYELIN_45514,unresolved_or_flank_dependent_core,iedb_top_core_hypothesis,IFARQAVWL,VHFFKNIVT,excluded_nonprimary_register_status,excluded_unresolved_ebv_register
EBV_TCELL_1392779::HUMAN_MYELIN_51191,EBV_TCELL_1392779,HUMAN_MYELIN_51191,unresolved_or_flank_dependent_core,iedb_top_core_hypothesis,IFARQAVWL,RGQHQAHSL,excluded_nonprimary_register_status,excluded_unresolved_ebv_register
EBV_TCELL_1392779::HUMAN_MYELIN_5516,EBV_TCELL_1392779,HUMAN_MYELIN_5516,unresolved_or_flank_dependent_core,iedb_top_core_hypothesis,IFARQAVWL,VYIYFNTWT,excluded_nonprimary_register_status,excluded_unresolved_ebv_register
EBV_TCELL_1392779::HUMAN_MYELIN_63975,EBV_TCELL_1392779,HUMAN_MYELIN_63975,unresolved_or_flank_dependent_core,iedb_top_core_hypothesis,IFARQAVWL,IETYFSKNY,excluded_nonprimary_register_status,excluded_unresolved_ebv_register
EBV_TCELL_1392779::HUMAN_MYELIN_67907,EBV_TCELL_1392779,HUMAN_MYELIN_67907,unresolved_or_flank_dependent_core,iedb_top_core_hypothesis,IFARQAVWL,IFKLGGRDS,excluded_nonprimary_register_status,excluded_unresolved_ebv_register
EBV_TCELL_1392779::HUMAN_MYELIN_73159,EBV_TCELL_1392779,HUMAN_MYELIN_73159,unresolved_or_flank_dependent_core,iedb_top_core_hypothesis,IFARQAVWL,SIAFPSKTS,excluded_nonprimary_register_status,excluded_unresolved_ebv_register
EBV_TCELL_1392779::HUMAN_MYELIN_80095,EBV_TCELL_1392779,HUMAN_MYELIN_80095,unresolved_or_flank_dependent_core,iedb_top_core_hypothesis,IFARQAVWL,VHFFKNIVT,excluded_nonprimary_register_status,excluded_unresolved_ebv_register
EBV_TCELL_1393562::HUMAN_MYELIN_111192,EBV_TCELL_1393562,HUMAN_MYELIN_111192,iedb_top_core_hypothesis,iedb_top_core_hypothesis,VLRYHVLLE,VHFFKNIVT,excluded_nonprimary_register_status,eligible_primary_drb1501_resolved_registers
EBV_TCELL_1393562::HUMAN_MYELIN_112037,EBV_TCELL_1393562,HUMAN_MYELIN_112037,iedb_top_core_hypothesis,iedb_top_core_hypothesis,VLRYHVLLE,IFKLGGRDS,excluded_nonprimary_register_status,eligible_primary_drb1501_resolved_registers
EBV_TCELL_1393562::HUMAN_MYELIN_112191,EBV_TCELL_1393562,HUMAN_MYELIN_112191,iedb_top_core_hypothesis,iedb_top_core_hypothesis,VLRYHVLLE,MDHARHGFL,excluded_nonprimary_register_status,eligible_primary_drb1501_resolved_registers
EBV_TCELL_1393562::HUMAN_MYELIN_112214,EBV_TCELL_1393562,HUMAN_MYELIN_112214,iedb_top_core_hypothesis,iedb_top_core_hypothesis,VLRYHVLLE,WGAEGQRPG,excluded_nonprimary_register_status,eligible_primary_drb1501_resolved_registers
EBV_TCELL_1393562::HUMAN_MYELIN_112226,EBV_TCELL_1393562,HUMAN_MYELIN_112226,iedb_top_core_hypothesis,iedb_top_core_hypothesis,VLRYHVLLE,FSRVVHLYR,excluded_nonprimary_register_status,eligible_primary_drb1501_resolved_registers
EBV_TCELL_1393562::HUMAN_MYELIN_112319,EBV_TCELL_1393562,HUMAN_MYELIN_112319,iedb_top_core_hypothesis,iedb_top_core_hypothesis,VLRYHVLLE,IFKLGGRDS,excluded_nonprimary_register_status,eligible_primary_drb1501_resolved_registers
EBV_TCELL_1393562::HUMAN_MYELIN_112354,EBV_TCELL_1393562,HUMAN_MYELIN_112354,iedb_top_core_hypothesis,iedb_top_core_hypothesis,VLRYHVLLE,IETYFSKNY,excluded_nonprimary_register_status,eligible_primary_drb1501_resolved_registers
EBV_TCELL_1393562::HUMAN_MYELIN_112393,EBV_TCELL_1393562,HUMAN_MYELIN_112393,iedb_top_core_hypothesis,iedb_top_core_hypothesis,VLRYHVLLE,VHFFKNIVT,excluded_nonprimary_register_status,eligible_primary_drb1501_resolved_registers
EBV_TCELL_1393562::HUMAN_MYELIN_112603,EBV_TCELL_1393562,HUMAN_MYELIN_112603,iedb_top_core_hypothesis,iedb_top_core_hypothesis,VLRYHVLLE,VLKLMGRGT,limited_coverage_report_only,eligible_primary_drb1501_resolved_registers
EBV_TCELL_1393562::HUMAN_MYELIN_112756,EBV_TCELL_1393562,HUMAN_MYELIN_112756,iedb_top_core_hypothesis,iedb_top_core_hypothesis,VLRYHVLLE,FGDYKTTIC,excluded_nonprimary_register_status,eligible_primary_drb1501_resolved_registers
EBV_TCELL_1393562::HUMAN_MYELIN_112782,EBV_TCELL_1393562,HUMAN_MYELIN_112782,iedb_top_core_hypothesis,iedb_top_core_hypothesis,VLRYHVLLE,HHPARTAHY,excluded_nonprimary_register_status,eligible_primary_drb1501_resolved_registers
EBV_TCELL_1393562::HUMAN_MYELIN_114366,EBV_TCELL_1393562,HUMAN_MYELIN_114366,iedb_top_core_hypothesis,iedb_top_core_hypothesis,VLRYHVLLE,LSRFSWGAE,excluded_nonprimary_register_status,eligible_primary_drb1501_resolved_registers
EBV_TCELL_1393562::HUMAN_MYELIN_114566,EBV_TCELL_1393562,HUMAN_MYELIN_114566,iedb_top_core_hypothesis,iedb_top_core_hypothesis,VLRYHVLLE,IGRFFGGDR,excluded_nonprimary_register_status,eligible_primary_drb1501_resolved_registers
EBV_TCELL_1393562::HUMAN_MYELIN_114765,EBV_TCELL_1393562,HUMAN_MYELIN_114765,iedb_top_core_hypothesis,iedb_top_core_hypothesis,VLRYHVLLE,ENPVVHFFK,excluded_nonprimary_register_status,eligible_primary_drb1501_resolved_registers
EBV_TCELL_1393562::HUMAN_MYELIN_114806,EBV_TCELL_1393562,HUMAN_MYELIN_114806,iedb_top_core_hypothesis,iedb_top_core_hypothesis,VLRYHVLLE,VHFFKNIVT,excluded_nonprimary_register_status,eligible_primary_drb1501_resolved_registers
EBV_TCELL_1393562::HUMAN_MYELIN_114925,EBV_TCELL_1393562,HUMAN_MYELIN_114925,iedb_top_core_hypothesis,iedb_top_core_hypothesis,VLRYHVLLE,VHFFKNIVT,excluded_nonprimary_register_status,eligible_primary_drb1501_resolved_registers
EBV_TCELL_1393562::HUMAN_MYELIN_115061,EBV_TCELL_1393562,HUMAN_MYELIN_115061,iedb_top_core_hypothesis,iedb_top_core_hypothesis,VLRYHVLLE,FKGVDAQGT,excluded_nonprimary_register_status,eligible_primary_drb1501_resolved_registers
EBV_TCELL_1393562::HUMAN_MYELIN_115622,EBV_TCELL_1393562,HUMAN_MYELIN_115622,iedb_top_core_hypothesis,iedb_top_core_hypothesis,VLRYHVLLE,VTPRTPPPS,limited_coverage_report_only,eligible_primary_drb1501_resolved_registers
EBV_TCELL_1393562::HUMAN_MYELIN_115636,EBV_TCELL_1393562,HUMAN_MYELIN_115636,iedb_top_core_hypothesis,iedb_top_core_hypothesis,VLRYHVLLE,LSLSRFSWG,excluded_nonprimary_register_status,eligible_primary_drb1501_resolved_registers
EBV_TCELL_1393562::HUMAN_MYELIN_115641,EBV_TCELL_1393562,HUMAN_MYELIN_115641,iedb_top_core_hypothesis,sensitivity_only_unresolved,VLRYHVLLE,,excluded_nonprimary_register_status,excluded_unresolved_self_register
EBV_TCELL_1393562::HUMAN_MYELIN_115648,EBV_TCELL_1393562,HUMAN_MYELIN_115648,iedb_top_core_hypothesis,iedb_top_core_hypothesis,VLRYHVLLE,GRTQDENPV,excluded_nonprimary_register_status,eligible_primary_drb1501_resolved_registers
EBV_TCELL_1393562::HUMAN_MYELIN_116079,EBV_TCELL_1393562,HUMAN_MYELIN_116079,iedb_top_core_hypothesis,iedb_top_core_hypothesis,VLRYHVLLE,MDHARHGFL,excluded_nonprimary_register_status,eligible_primary_drb1501_resolved_registers
EBV_TCELL_1393562::HUMAN_MYELIN_116170,EBV_TCELL_1393562,HUMAN_MYELIN_116170,iedb_top_core_hypothesis,iedb_top_core_hypothesis,VLRYHVLLE,VHFFKNIVT,excluded_nonprimary_register_status,eligible_primary_drb1501_resolved_registers
EBV_TCELL_1393562::HUMAN_MYELIN_116911,EBV_TCELL_1393562,HUMAN_MYELIN_116911,iedb_top_core_hypothesis,iedb_top_core_hypothesis,VLRYHVLLE,IAATYNFAV,excluded_nonprimary_register_status,eligible_primary_drb1501_resolved_registers
EBV_TCELL_1393562::HUMAN_MYELIN_116924,EBV_TCELL_1393562,HUMAN_MYELIN_116924,iedb_top_core_hypothesis,iedb_top_core_hypothesis,VLRYHVLLE,HKGFKGVDA,excluded_nonprimary_register_status,eligible_primary_drb1501_resolved_registers
EBV_TCELL_1393562::HUMAN_MYELIN_116976,EBV_TCELL_1393562,HUMAN_MYELIN_116976,iedb_top_core_hypothesis,iedb_top_core_hypothesis,VLRYHVLLE,LSKIFKLGG,excluded_nonprimary_register_status,eligible_primary_drb1501_resolved_registers
EBV_TCELL_1393562::HUMAN_MYELIN_116993,EBV_TCELL_1393562,HUMAN_MYELIN_116993,iedb_top_core_hypothesis,iedb_top_core_hypothesis,VLRYHVLLE,ILDSIGRFF,excluded_nonprimary_register_status,eligible_primary_drb1501_resolved_registers
EBV_TCELL_1393562::HUMAN_MYELIN_116995,EBV_TCELL_1393562,HUMAN_MYELIN_116995,iedb_top_core_hypothesis,iedb_top_core_hypothesis,VLRYHVLLE,TAHYGSLPQ,excluded_nonprimary_register_status,eligible_primary_drb1501_resolved_registers
EBV_TCELL_1393562::HUMAN_MYELIN_117009,EBV_TCELL_1393562,HUMAN_MYELIN_117009,iedb_top_core_hypothesis,iedb_top_core_hypothesis,VLRYHVLLE,DSHHPARTA,excluded_nonprimary_register_status,eligible_primary_drb1501_resolved_registers
EBV_TCELL_1393562::HUMAN_MYELIN_117032,EBV_TCELL_1393562,HUMAN_MYELIN_117032,iedb_top_core_hypothesis,iedb_top_core_hypothesis,VLRYHVLLE,FHLFIAAFV,excluded_nonprimary_register_status,eligible_primary_drb1501_resolved_registers
EBV_TCELL_1393562::HUMAN_MYELIN_117035,EBV_TCELL_1393562,HUMAN_MYELIN_117035,iedb_top_core_hypothesis,iedb_top_core_hypothesis,VLRYHVLLE,LLVFACSAV,excluded_nonprimary_register_status,eligible_primary_drb1501_resolved_registers
EBV_TCELL_1393562::HUMAN_MYELIN_117039,EBV_TCELL_1393562,HUMAN_MYELIN_117039,iedb_top_core_hypothesis,iedb_top_core_hypothesis,VLRYHVLLE,LVGAPFASL,excluded_nonprimary_register_status,eligible_primary_drb1501_resolved_registers
EBV_TCELL_1393562::HUMAN_MYELIN_117117,EBV_TCELL_1393562,HUMAN_MYELIN_117117,iedb_top_core_hypothesis,iedb_top_core_hypothesis,VLRYHVLLE,IHAFQYVIY,excluded_nonprimary_register_status,eligible_primary_drb1501_resolved_registers
EBV_TCELL_1393562::HUMAN_MYELIN_118650,EBV_TCELL_1393562,HUMAN_MYELIN_118650,iedb_top_core_hypothesis,iedb_top_core_hypothesis,VLRYHVLLE,LQYRLRGKL,excluded_nonprimary_register_status,eligible_primary_drb1501_resolved_registers
EBV_TCELL_1393562::HUMAN_MYELIN_119809,EBV_TCELL_1393562,HUMAN_MYELIN_119809,iedb_top_core_hypothesis,iedb_top_core_hypothesis,VLRYHVLLE,TGILDSIGR,excluded_nonprimary_register_status,eligible_primary_drb1501_resolved_registers
EBV_TCELL_1393562::HUMAN_MYELIN_119927,EBV_TCELL_1393562,HUMAN_MYELIN_119927,iedb_top_core_hypothesis,iedb_top_core_hypothesis,VLRYHVLLE,YLATASTMD,limited_coverage_report_only,eligible_primary_drb1501_resolved_registers
EBV_TCELL_1393562::HUMAN_MYELIN_119972,EBV_TCELL_1393562,HUMAN_MYELIN_119972,iedb_top_core_hypothesis,iedb_top_core_hypothesis,VLRYHVLLE,VTPRTPPPS,limited_coverage_report_only,eligible_primary_drb1501_resolved_registers
EBV_TCELL_1393562::HUMAN_MYELIN_119973,EBV_TCELL_1393562,HUMAN_MYELIN_119973,iedb_top_core_hypothesis,iedb_top_core_hypothesis,VLRYHVLLE,VTPRTPPPS,limited_coverage_report_only,eligible_primary_drb1501_resolved_registers
EBV_TCELL_1393562::HUMAN_MYELIN_120169,EBV_TCELL_1393562,HUMAN_MYELIN_120169,iedb_top_core_hypothesis,unresolved_or_flank_dependent_core,VLRYHVLLE,GSKYLATAS,excluded_nonprimary_register_status,excluded_unresolved_self_register
EBV_TCELL_1393562::HUMAN_MYELIN_120170,EBV_TCELL_1393562,HUMAN_MYELIN_120170,iedb_top_core_hypothesis,iedb_top_core_hypothesis,VLRYHVLLE,YLATASTMD,limited_coverage_report_only,eligible_primary_drb1501_resolved_registers
EBV_TCELL_1393562::HUMAN_MYELIN_120201,EBV_TCELL_1393562,HUMAN_MYELIN_120201,iedb_top_core_hypothesis,iedb_top_core_hypothesis,VLRYHVLLE,RTQDENPVV,excluded_nonprimary_register_status,eligible_primary_drb1501_resolved_registers
EBV_TCELL_1393562::HUMAN_MYELIN_13572,EBV_TCELL_1393562,HUMAN_MYELIN_13572,iedb_top_core_hypothesis,experimental_primary_allele_reference,VLRYHVLLE,VHFFKNIVT,excluded_nonprimary_register_status,eligible_primary_drb1501_resolved_registers
EBV_TCELL_1393562::HUMAN_MYELIN_13573,EBV_TCELL_1393562,HUMAN_MYELIN_13573,iedb_top_core_hypothesis,iedb_top_core_hypothesis,VLRYHVLLE,VHFFKNIVT,excluded_nonprimary_register_status,eligible_primary_drb1501_resolved_registers
EBV_TCELL_1393562::HUMAN_MYELIN_35803,EBV_TCELL_1393562,HUMAN_MYELIN_35803,iedb_top_core_hypothesis,iedb_top_core_hypothesis,VLRYHVLLE,LTGTEKLIE,robust_primary_ranking_eligible,eligible_primary_drb1501_resolved_registers
EBV_TCELL_1393562::HUMAN_MYELIN_40353,EBV_TCELL_1393562,HUMAN_MYELIN_40353,iedb_top_core_hypothesis,iedb_top_core_hypothesis,VLRYHVLLE,FASLVATGL,excluded_nonprimary_register_status,eligible_primary_drb1501_resolved_registers
EBV_TCELL_1393562::HUMAN_MYELIN_40762,EBV_TCELL_1393562,HUMAN_MYELIN_40762,iedb_top_core_hypothesis,iedb_top_core_hypothesis,VLRYHVLLE,LLLAEGFYT,excluded_nonprimary_register_status,eligible_primary_drb1501_resolved_registers
EBV_TCELL_1393562::HUMAN_MYELIN_45514,EBV_TCELL_1393562,HUMAN_MYELIN_45514,iedb_top_core_hypothesis,iedb_top_core_hypothesis,VLRYHVLLE,VHFFKNIVT,excluded_nonprimary_register_status,eligible_primary_drb1501_resolved_registers
EBV_TCELL_1393562::HUMAN_MYELIN_51191,EBV_TCELL_1393562,HUMAN_MYELIN_51191,iedb_top_core_hypothesis,iedb_top_core_hypothesis,VLRYHVLLE,RGQHQAHSL,excluded_nonprimary_register_status,eligible_primary_drb1501_resolved_registers
EBV_TCELL_1393562::HUMAN_MYELIN_5516,EBV_TCELL_1393562,HUMAN_MYELIN_5516,iedb_top_core_hypothesis,iedb_top_core_hypothesis,VLRYHVLLE,VYIYFNTWT,excluded_nonprimary_register_status,eligible_primary_drb1501_resolved_registers
EBV_TCELL_1393562::HUMAN_MYELIN_63975,EBV_TCELL_1393562,HUMAN_MYELIN_63975,iedb_top_core_hypothesis,iedb_top_core_hypothesis,VLRYHVLLE,IETYFSKNY,excluded_nonprimary_register_status,eligible_primary_drb1501_resolved_registers
EBV_TCELL_1393562::HUMAN_MYELIN_67907,EBV_TCELL_1393562,HUMAN_MYELIN_67907,iedb_top_core_hypothesis,iedb_top_core_hypothesis,VLRYHVLLE,IFKLGGRDS,excluded_nonprimary_register_status,eligible_primary_drb1501_resolved_registers
EBV_TCELL_1393562::HUMAN_MYELIN_73159,EBV_TCELL_1393562,HUMAN_MYELIN_73159,iedb_top_core_hypothesis,iedb_top_core_hypothesis,VLRYHVLLE,SIAFPSKTS,excluded_nonprimary_register_status,eligible_primary_drb1501_resolved_registers
EBV_TCELL_1393562::HUMAN_MYELIN_80095,EBV_TCELL_1393562,HUMAN_MYELIN_80095,iedb_top_core_hypothesis,iedb_top_core_hypothesis,VLRYHVLLE,VHFFKNIVT,excluded_nonprimary_register_status,eligible_primary_drb1501_resolved_registers
EBV_TCELL_149795::HUMAN_MYELIN_111192,EBV_TCELL_149795,HUMAN_MYELIN_111192,iedb_top_core_hypothesis,iedb_top_core_hypothesis,LTPHTKAVY,VHFFKNIVT,excluded_nonprimary_register_status,eligible_primary_drb1501_resolved_registers
EBV_TCELL_149795::HUMAN_MYELIN_112037,EBV_TCELL_149795,HUMAN_MYELIN_112037,iedb_top_core_hypothesis,iedb_top_core_hypothesis,LTPHTKAVY,IFKLGGRDS,excluded_nonprimary_register_status,eligible_primary_drb1501_resolved_registers
EBV_TCELL_149795::HUMAN_MYELIN_112191,EBV_TCELL_149795,HUMAN_MYELIN_112191,iedb_top_core_hypothesis,iedb_top_core_hypothesis,LTPHTKAVY,MDHARHGFL,excluded_nonprimary_register_status,eligible_primary_drb1501_resolved_registers
EBV_TCELL_149795::HUMAN_MYELIN_112214,EBV_TCELL_149795,HUMAN_MYELIN_112214,iedb_top_core_hypothesis,iedb_top_core_hypothesis,LTPHTKAVY,WGAEGQRPG,excluded_nonprimary_register_status,eligible_primary_drb1501_resolved_registers
EBV_TCELL_149795::HUMAN_MYELIN_112226,EBV_TCELL_149795,HUMAN_MYELIN_112226,iedb_top_core_hypothesis,iedb_top_core_hypothesis,LTPHTKAVY,FSRVVHLYR,excluded_nonprimary_register_status,eligible_primary_drb1501_resolved_registers
EBV_TCELL_149795::HUMAN_MYELIN_112319,EBV_TCELL_149795,HUMAN_MYELIN_112319,iedb_top_core_hypothesis,iedb_top_core_hypothesis,LTPHTKAVY,IFKLGGRDS,excluded_nonprimary_register_status,eligible_primary_drb1501_resolved_registers
EBV_TCELL_149795::HUMAN_MYELIN_112354,EBV_TCELL_149795,HUMAN_MYELIN_112354,iedb_top_core_hypothesis,iedb_top_core_hypothesis,LTPHTKAVY,IETYFSKNY,limited_coverage_report_only,eligible_primary_drb1501_resolved_registers
EBV_TCELL_149795::HUMAN_MYELIN_112393,EBV_TCELL_149795,HUMAN_MYELIN_112393,iedb_top_core_hypothesis,iedb_top_core_hypothesis,LTPHTKAVY,VHFFKNIVT,excluded_nonprimary_register_status,eligible_primary_drb1501_resolved_registers
EBV_TCELL_149795::HUMAN_MYELIN_112603,EBV_TCELL_149795,HUMAN_MYELIN_112603,iedb_top_core_hypothesis,iedb_top_core_hypothesis,LTPHTKAVY,VLKLMGRGT,excluded_nonprimary_register_status,eligible_primary_drb1501_resolved_registers
EBV_TCELL_149795::HUMAN_MYELIN_112756,EBV_TCELL_149795,HUMAN_MYELIN_112756,iedb_top_core_hypothesis,iedb_top_core_hypothesis,LTPHTKAVY,FGDYKTTIC,excluded_nonprimary_register_status,eligible_primary_drb1501_resolved_registers
EBV_TCELL_149795::HUMAN_MYELIN_112782,EBV_TCELL_149795,HUMAN_MYELIN_112782,iedb_top_core_hypothesis,iedb_top_core_hypothesis,LTPHTKAVY,HHPARTAHY,excluded_nonprimary_register_status,eligible_primary_drb1501_resolved_registers
EBV_TCELL_149795::HUMAN_MYELIN_114366,EBV_TCELL_149795,HUMAN_MYELIN_114366,iedb_top_core_hypothesis,iedb_top_core_hypothesis,LTPHTKAVY,LSRFSWGAE,excluded_nonprimary_register_status,eligible_primary_drb1501_resolved_registers
EBV_TCELL_149795::HUMAN_MYELIN_114566,EBV_TCELL_149795,HUMAN_MYELIN_114566,iedb_top_core_hypothesis,iedb_top_core_hypothesis,LTPHTKAVY,IGRFFGGDR,excluded_nonprimary_register_status,eligible_primary_drb1501_resolved_registers
EBV_TCELL_149795::HUMAN_MYELIN_114765,EBV_TCELL_149795,HUMAN_MYELIN_114765,iedb_top_core_hypothesis,iedb_top_core_hypothesis,LTPHTKAVY,ENPVVHFFK,excluded_nonprimary_register_status,eligible_primary_drb1501_resolved_registers
EBV_TCELL_149795::HUMAN_MYELIN_114806,EBV_TCELL_149795,HUMAN_MYELIN_114806,iedb_top_core_hypothesis,iedb_top_core_hypothesis,LTPHTKAVY,VHFFKNIVT,excluded_nonprimary_register_status,eligible_primary_drb1501_resolved_registers
EBV_TCELL_149795::HUMAN_MYELIN_114925,EBV_TCELL_149795,HUMAN_MYELIN_114925,iedb_top_core_hypothesis,iedb_top_core_hypothesis,LTPHTKAVY,VHFFKNIVT,excluded_nonprimary_register_status,eligible_primary_drb1501_resolved_registers
EBV_TCELL_149795::HUMAN_MYELIN_115061,EBV_TCELL_149795,HUMAN_MYELIN_115061,iedb_top_core_hypothesis,iedb_top_core_hypothesis,LTPHTKAVY,FKGVDAQGT,excluded_nonprimary_register_status,eligible_primary_drb1501_resolved_registers
EBV_TCELL_149795::HUMAN_MYELIN_115622,EBV_TCELL_149795,HUMAN_MYELIN_115622,iedb_top_core_hypothesis,iedb_top_core_hypothesis,LTPHTKAVY,VTPRTPPPS,robust_primary_ranking_eligible,eligible_primary_drb1501_resolved_registers
EBV_TCELL_149795::HUMAN_MYELIN_115636,EBV_TCELL_149795,HUMAN_MYELIN_115636,iedb_top_core_hypothesis,iedb_top_core_hypothesis,LTPHTKAVY,LSLSRFSWG,excluded_nonprimary_register_status,eligible_primary_drb1501_resolved_registers
EBV_TCELL_149795::HUMAN_MYELIN_115641,EBV_TCELL_149795,HUMAN_MYELIN_115641,iedb_top_core_hypothesis,sensitivity_only_unresolved,LTPHTKAVY,,excluded_nonprimary_register_status,excluded_unresolved_self_register
EBV_TCELL_149795::HUMAN_MYELIN_115648,EBV_TCELL_149795,HUMAN_MYELIN_115648,iedb_top_core_hypothesis,iedb_top_core_hypothesis,LTPHTKAVY,GRTQDENPV,excluded_nonprimary_register_status,eligible_primary_drb1501_resolved_registers
EBV_TCELL_149795::HUMAN_MYELIN_116079,EBV_TCELL_149795,HUMAN_MYELIN_116079,iedb_top_core_hypothesis,iedb_top_core_hypothesis,LTPHTKAVY,MDHARHGFL,excluded_nonprimary_register_status,eligible_primary_drb1501_resolved_registers
EBV_TCELL_149795::HUMAN_MYELIN_116170,EBV_TCELL_149795,HUMAN_MYELIN_116170,iedb_top_core_hypothesis,iedb_top_core_hypothesis,LTPHTKAVY,VHFFKNIVT,excluded_nonprimary_register_status,eligible_primary_drb1501_resolved_registers
EBV_TCELL_149795::HUMAN_MYELIN_116911,EBV_TCELL_149795,HUMAN_MYELIN_116911,iedb_top_core_hypothesis,iedb_top_core_hypothesis,LTPHTKAVY,IAATYNFAV,excluded_nonprimary_register_status,eligible_primary_drb1501_resolved_registers
EBV_TCELL_149795::HUMAN_MYELIN_116924,EBV_TCELL_149795,HUMAN_MYELIN_116924,iedb_top_core_hypothesis,iedb_top_core_hypothesis,LTPHTKAVY,HKGFKGVDA,excluded_nonprimary_register_status,eligible_primary_drb1501_resolved_registers
EBV_TCELL_149795::HUMAN_MYELIN_116976,EBV_TCELL_149795,HUMAN_MYELIN_116976,iedb_top_core_hypothesis,iedb_top_core_hypothesis,LTPHTKAVY,LSKIFKLGG,limited_coverage_report_only,eligible_primary_drb1501_resolved_registers
EBV_TCELL_149795::HUMAN_MYELIN_116993,EBV_TCELL_149795,HUMAN_MYELIN_116993,iedb_top_core_hypothesis,iedb_top_core_hypothesis,LTPHTKAVY,ILDSIGRFF,excluded_nonprimary_register_status,eligible_primary_drb1501_resolved_registers
EBV_TCELL_149795::HUMAN_MYELIN_116995,EBV_TCELL_149795,HUMAN_MYELIN_116995,iedb_top_core_hypothesis,iedb_top_core_hypothesis,LTPHTKAVY,TAHYGSLPQ,excluded_nonprimary_register_status,eligible_primary_drb1501_resolved_registers
EBV_TCELL_149795::HUMAN_MYELIN_117009,EBV_TCELL_149795,HUMAN_MYELIN_117009,iedb_top_core_hypothesis,iedb_top_core_hypothesis,LTPHTKAVY,DSHHPARTA,excluded_nonprimary_register_status,eligible_primary_drb1501_resolved_registers
EBV_TCELL_149795::HUMAN_MYELIN_117032,EBV_TCELL_149795,HUMAN_MYELIN_117032,iedb_top_core_hypothesis,iedb_top_core_hypothesis,LTPHTKAVY,FHLFIAAFV,excluded_nonprimary_register_status,eligible_primary_drb1501_resolved_registers
EBV_TCELL_149795::HUMAN_MYELIN_117035,EBV_TCELL_149795,HUMAN_MYELIN_117035,iedb_top_core_hypothesis,iedb_top_core_hypothesis,LTPHTKAVY,LLVFACSAV,excluded_nonprimary_register_status,eligible_primary_drb1501_resolved_registers
EBV_TCELL_149795::HUMAN_MYELIN_117039,EBV_TCELL_149795,HUMAN_MYELIN_117039,iedb_top_core_hypothesis,iedb_top_core_hypothesis,LTPHTKAVY,LVGAPFASL,excluded_nonprimary_register_status,eligible_primary_drb1501_resolved_registers
EBV_TCELL_149795::HUMAN_MYELIN_117117,EBV_TCELL_149795,HUMAN_MYELIN_117117,iedb_top_core_hypothesis,iedb_top_core_hypothesis,LTPHTKAVY,IHAFQYVIY,excluded_nonprimary_register_status,eligible_primary_drb1501_resolved_registers
EBV_TCELL_149795::HUMAN_MYELIN_118650,EBV_TCELL_149795,HUMAN_MYELIN_118650,iedb_top_core_hypothesis,iedb_top_core_hypothesis,LTPHTKAVY,LQYRLRGKL,excluded_nonprimary_register_status,eligible_primary_drb1501_resolved_registers
EBV_TCELL_149795::HUMAN_MYELIN_119809,EBV_TCELL_149795,HUMAN_MYELIN_119809,iedb_top_core_hypothesis,iedb_top_core_hypothesis,LTPHTKAVY,TGILDSIGR,excluded_nonprimary_register_status,eligible_primary_drb1501_resolved_registers
EBV_TCELL_149795::HUMAN_MYELIN_119927,EBV_TCELL_149795,HUMAN_MYELIN_119927,iedb_top_core_hypothesis,iedb_top_core_hypothesis,LTPHTKAVY,YLATASTMD,excluded_nonprimary_register_status,eligible_primary_drb1501_resolved_registers
EBV_TCELL_149795::HUMAN_MYELIN_119972,EBV_TCELL_149795,HUMAN_MYELIN_119972,iedb_top_core_hypothesis,iedb_top_core_hypothesis,LTPHTKAVY,VTPRTPPPS,robust_primary_ranking_eligible,eligible_primary_drb1501_resolved_registers
EBV_TCELL_149795::HUMAN_MYELIN_119973,EBV_TCELL_149795,HUMAN_MYELIN_119973,iedb_top_core_hypothesis,iedb_top_core_hypothesis,LTPHTKAVY,VTPRTPPPS,robust_primary_ranking_eligible,eligible_primary_drb1501_resolved_registers
EBV_TCELL_149795::HUMAN_MYELIN_120169,EBV_TCELL_149795,HUMAN_MYELIN_120169,iedb_top_core_hypothesis,unresolved_or_flank_dependent_core,LTPHTKAVY,GSKYLATAS,excluded_nonprimary_register_status,excluded_unresolved_self_register
EBV_TCELL_149795::HUMAN_MYELIN_120170,EBV_TCELL_149795,HUMAN_MYELIN_120170,iedb_top_core_hypothesis,iedb_top_core_hypothesis,LTPHTKAVY,YLATASTMD,excluded_nonprimary_register_status,eligible_primary_drb1501_resolved_registers
EBV_TCELL_149795::HUMAN_MYELIN_120201,EBV_TCELL_149795,HUMAN_MYELIN_120201,iedb_top_core_hypothesis,iedb_top_core_hypothesis,LTPHTKAVY,RTQDENPVV,excluded_nonprimary_register_status,eligible_primary_drb1501_resolved_registers
EBV_TCELL_149795::HUMAN_MYELIN_13572,EBV_TCELL_149795,HUMAN_MYELIN_13572,iedb_top_core_hypothesis,experimental_primary_allele_reference,LTPHTKAVY,VHFFKNIVT,excluded_nonprimary_register_status,eligible_primary_drb1501_resolved_registers
EBV_TCELL_149795::HUMAN_MYELIN_13573,EBV_TCELL_149795,HUMAN_MYELIN_13573,iedb_top_core_hypothesis,iedb_top_core_hypothesis,LTPHTKAVY,VHFFKNIVT,excluded_nonprimary_register_status,eligible_primary_drb1501_resolved_registers
EBV_TCELL_149795::HUMAN_MYELIN_35803,EBV_TCELL_149795,HUMAN_MYELIN_35803,iedb_top_core_hypothesis,iedb_top_core_hypothesis,LTPHTKAVY,LTGTEKLIE,limited_coverage_report_only,eligible_primary_drb1501_resolved_registers
EBV_TCELL_149795::HUMAN_MYELIN_40353,EBV_TCELL_149795,HUMAN_MYELIN_40353,iedb_top_core_hypothesis,iedb_top_core_hypothesis,LTPHTKAVY,FASLVATGL,excluded_nonprimary_register_status,eligible_primary_drb1501_resolved_registers
EBV_TCELL_149795::HUMAN_MYELIN_40762,EBV_TCELL_149795,HUMAN_MYELIN_40762,iedb_top_core_hypothesis,iedb_top_core_hypothesis,LTPHTKAVY,LLLAEGFYT,excluded_nonprimary_register_status,eligible_primary_drb1501_resolved_registers
EBV_TCELL_149795::HUMAN_MYELIN_45514,EBV_TCELL_149795,HUMAN_MYELIN_45514,iedb_top_core_hypothesis,iedb_top_core_hypothesis,LTPHTKAVY,VHFFKNIVT,excluded_nonprimary_register_status,eligible_primary_drb1501_resolved_registers
EBV_TCELL_149795::HUMAN_MYELIN_51191,EBV_TCELL_149795,HUMAN_MYELIN_51191,iedb_top_core_hypothesis,iedb_top_core_hypothesis,LTPHTKAVY,RGQHQAHSL,excluded_nonprimary_register_status,eligible_primary_drb1501_resolved_registers
EBV_TCELL_149795::HUMAN_MYELIN_5516,EBV_TCELL_149795,HUMAN_MYELIN_5516,iedb_top_core_hypothesis,iedb_top_core_hypothesis,LTPHTKAVY,VYIYFNTWT,excluded_nonprimary_register_status,eligible_primary_drb1501_resolved_registers
EBV_TCELL_149795::HUMAN_MYELIN_63975,EBV_TCELL_149795,HUMAN_MYELIN_63975,iedb_top_core_hypothesis,iedb_top_core_hypothesis,LTPHTKAVY,IETYFSKNY,limited_coverage_report_only,eligible_primary_drb1501_resolved_registers
EBV_TCELL_149795::HUMAN_MYELIN_67907,EBV_TCELL_149795,HUMAN_MYELIN_67907,iedb_top_core_hypothesis,iedb_top_core_hypothesis,LTPHTKAVY,IFKLGGRDS,excluded_nonprimary_register_status,eligible_primary_drb1501_resolved_registers
EBV_TCELL_149795::HUMAN_MYELIN_73159,EBV_TCELL_149795,HUMAN_MYELIN_73159,iedb_top_core_hypothesis,iedb_top_core_hypothesis,LTPHTKAVY,SIAFPSKTS,excluded_nonprimary_register_status,eligible_primary_drb1501_resolved_registers
EBV_TCELL_149795::HUMAN_MYELIN_80095,EBV_TCELL_149795,HUMAN_MYELIN_80095,iedb_top_core_hypothesis,iedb_top_core_hypothesis,LTPHTKAVY,VHFFKNIVT,excluded_nonprimary_register_status,eligible_primary_drb1501_resolved_registers
EBV_TCELL_1862913::HUMAN_MYELIN_111192,EBV_TCELL_1862913,HUMAN_MYELIN_111192,iedb_top_core_hypothesis,iedb_top_core_hypothesis,LRIYYSPSI,VHFFKNIVT,excluded_nonprimary_register_status,eligible_primary_drb1501_resolved_registers
EBV_TCELL_1862913::HUMAN_MYELIN_112037,EBV_TCELL_1862913,HUMAN_MYELIN_112037,iedb_top_core_hypothesis,iedb_top_core_hypothesis,LRIYYSPSI,IFKLGGRDS,excluded_nonprimary_register_status,eligible_primary_drb1501_resolved_registers
EBV_TCELL_1862913::HUMAN_MYELIN_112191,EBV_TCELL_1862913,HUMAN_MYELIN_112191,iedb_top_core_hypothesis,iedb_top_core_hypothesis,LRIYYSPSI,MDHARHGFL,excluded_nonprimary_register_status,eligible_primary_drb1501_resolved_registers
EBV_TCELL_1862913::HUMAN_MYELIN_112214,EBV_TCELL_1862913,HUMAN_MYELIN_112214,iedb_top_core_hypothesis,iedb_top_core_hypothesis,LRIYYSPSI,WGAEGQRPG,excluded_nonprimary_register_status,eligible_primary_drb1501_resolved_registers
EBV_TCELL_1862913::HUMAN_MYELIN_112226,EBV_TCELL_1862913,HUMAN_MYELIN_112226,iedb_top_core_hypothesis,iedb_top_core_hypothesis,LRIYYSPSI,FSRVVHLYR,excluded_nonprimary_register_status,eligible_primary_drb1501_resolved_registers
EBV_TCELL_1862913::HUMAN_MYELIN_112319,EBV_TCELL_1862913,HUMAN_MYELIN_112319,iedb_top_core_hypothesis,iedb_top_core_hypothesis,LRIYYSPSI,IFKLGGRDS,excluded_nonprimary_register_status,eligible_primary_drb1501_resolved_registers
EBV_TCELL_1862913::HUMAN_MYELIN_112354,EBV_TCELL_1862913,HUMAN_MYELIN_112354,iedb_top_core_hypothesis,iedb_top_core_hypothesis,LRIYYSPSI,IETYFSKNY,robust_primary_ranking_eligible,eligible_primary_drb1501_resolved_registers
EBV_TCELL_1862913::HUMAN_MYELIN_112393,EBV_TCELL_1862913,HUMAN_MYELIN_112393,iedb_top_core_hypothesis,iedb_top_core_hypothesis,LRIYYSPSI,VHFFKNIVT,excluded_nonprimary_register_status,eligible_primary_drb1501_resolved_registers
EBV_TCELL_1862913::HUMAN_MYELIN_112603,EBV_TCELL_1862913,HUMAN_MYELIN_112603,iedb_top_core_hypothesis,iedb_top_core_hypothesis,LRIYYSPSI,VLKLMGRGT,excluded_nonprimary_register_status,eligible_primary_drb1501_resolved_registers
EBV_TCELL_1862913::HUMAN_MYELIN_112756,EBV_TCELL_1862913,HUMAN_MYELIN_112756,iedb_top_core_hypothesis,iedb_top_core_hypothesis,LRIYYSPSI,FGDYKTTIC,excluded_nonprimary_register_status,eligible_primary_drb1501_resolved_registers
EBV_TCELL_1862913::HUMAN_MYELIN_112782,EBV_TCELL_1862913,HUMAN_MYELIN_112782,iedb_top_core_hypothesis,iedb_top_core_hypothesis,LRIYYSPSI,HHPARTAHY,excluded_nonprimary_register_status,eligible_primary_drb1501_resolved_registers
EBV_TCELL_1862913::HUMAN_MYELIN_114366,EBV_TCELL_1862913,HUMAN_MYELIN_114366,iedb_top_core_hypothesis,iedb_top_core_hypothesis,LRIYYSPSI,LSRFSWGAE,excluded_nonprimary_register_status,eligible_primary_drb1501_resolved_registers
EBV_TCELL_1862913::HUMAN_MYELIN_114566,EBV_TCELL_1862913,HUMAN_MYELIN_114566,iedb_top_core_hypothesis,iedb_top_core_hypothesis,LRIYYSPSI,IGRFFGGDR,excluded_nonprimary_register_status,eligible_primary_drb1501_resolved_registers
EBV_TCELL_1862913::HUMAN_MYELIN_114765,EBV_TCELL_1862913,HUMAN_MYELIN_114765,iedb_top_core_hypothesis,iedb_top_core_hypothesis,LRIYYSPSI,ENPVVHFFK,excluded_nonprimary_register_status,eligible_primary_drb1501_resolved_registers
EBV_TCELL_1862913::HUMAN_MYELIN_114806,EBV_TCELL_1862913,HUMAN_MYELIN_114806,iedb_top_core_hypothesis,iedb_top_core_hypothesis,LRIYYSPSI,VHFFKNIVT,excluded_nonprimary_register_status,eligible_primary_drb1501_resolved_registers
EBV_TCELL_1862913::HUMAN_MYELIN_114925,EBV_TCELL_1862913,HUMAN_MYELIN_114925,iedb_top_core_hypothesis,iedb_top_core_hypothesis,LRIYYSPSI,VHFFKNIVT,excluded_nonprimary_register_status,eligible_primary_drb1501_resolved_registers
EBV_TCELL_1862913::HUMAN_MYELIN_115061,EBV_TCELL_1862913,HUMAN_MYELIN_115061,iedb_top_core_hypothesis,iedb_top_core_hypothesis,LRIYYSPSI,FKGVDAQGT,excluded_nonprimary_register_status,eligible_primary_drb1501_resolved_registers
EBV_TCELL_1862913::HUMAN_MYELIN_115622,EBV_TCELL_1862913,HUMAN_MYELIN_115622,iedb_top_core_hypothesis,iedb_top_core_hypothesis,LRIYYSPSI,VTPRTPPPS,excluded_nonprimary_register_status,eligible_primary_drb1501_resolved_registers
EBV_TCELL_1862913::HUMAN_MYELIN_115636,EBV_TCELL_1862913,HUMAN_MYELIN_115636,iedb_top_core_hypothesis,iedb_top_core_hypothesis,LRIYYSPSI,LSLSRFSWG,excluded_nonprimary_register_status,eligible_primary_drb1501_resolved_registers
EBV_TCELL_1862913::HUMAN_MYELIN_115641,EBV_TCELL_1862913,HUMAN_MYELIN_115641,iedb_top_core_hypothesis,sensitivity_only_unresolved,LRIYYSPSI,,excluded_nonprimary_register_status,excluded_unresolved_self_register
EBV_TCELL_1862913::HUMAN_MYELIN_115648,EBV_TCELL_1862913,HUMAN_MYELIN_115648,iedb_top_core_hypothesis,iedb_top_core_hypothesis,LRIYYSPSI,GRTQDENPV,excluded_nonprimary_register_status,eligible_primary_drb1501_resolved_registers
EBV_TCELL_1862913::HUMAN_MYELIN_116079,EBV_TCELL_1862913,HUMAN_MYELIN_116079,iedb_top_core_hypothesis,iedb_top_core_hypothesis,LRIYYSPSI,MDHARHGFL,excluded_nonprimary_register_status,eligible_primary_drb1501_resolved_registers
EBV_TCELL_1862913::HUMAN_MYELIN_116170,EBV_TCELL_1862913,HUMAN_MYELIN_116170,iedb_top_core_hypothesis,iedb_top_core_hypothesis,LRIYYSPSI,VHFFKNIVT,excluded_nonprimary_register_status,eligible_primary_drb1501_resolved_registers
EBV_TCELL_1862913::HUMAN_MYELIN_116911,EBV_TCELL_1862913,HUMAN_MYELIN_116911,iedb_top_core_hypothesis,iedb_top_core_hypothesis,LRIYYSPSI,IAATYNFAV,excluded_nonprimary_register_status,eligible_primary_drb1501_resolved_registers
EBV_TCELL_1862913::HUMAN_MYELIN_116924,EBV_TCELL_1862913,HUMAN_MYELIN_116924,iedb_top_core_hypothesis,iedb_top_core_hypothesis,LRIYYSPSI,HKGFKGVDA,excluded_nonprimary_register_status,eligible_primary_drb1501_resolved_registers
EBV_TCELL_1862913::HUMAN_MYELIN_116976,EBV_TCELL_1862913,HUMAN_MYELIN_116976,iedb_top_core_hypothesis,iedb_top_core_hypothesis,LRIYYSPSI,LSKIFKLGG,excluded_nonprimary_register_status,eligible_primary_drb1501_resolved_registers
EBV_TCELL_1862913::HUMAN_MYELIN_116993,EBV_TCELL_1862913,HUMAN_MYELIN_116993,iedb_top_core_hypothesis,iedb_top_core_hypothesis,LRIYYSPSI,ILDSIGRFF,excluded_nonprimary_register_status,eligible_primary_drb1501_resolved_registers
EBV_TCELL_1862913::HUMAN_MYELIN_116995,EBV_TCELL_1862913,HUMAN_MYELIN_116995,iedb_top_core_hypothesis,iedb_top_core_hypothesis,LRIYYSPSI,TAHYGSLPQ,robust_primary_ranking_eligible,eligible_primary_drb1501_resolved_registers
EBV_TCELL_1862913::HUMAN_MYELIN_117009,EBV_TCELL_1862913,HUMAN_MYELIN_117009,iedb_top_core_hypothesis,iedb_top_core_hypothesis,LRIYYSPSI,DSHHPARTA,excluded_nonprimary_register_status,eligible_primary_drb1501_resolved_registers
EBV_TCELL_1862913::HUMAN_MYELIN_117032,EBV_TCELL_1862913,HUMAN_MYELIN_117032,iedb_top_core_hypothesis,iedb_top_core_hypothesis,LRIYYSPSI,FHLFIAAFV,excluded_nonprimary_register_status,eligible_primary_drb1501_resolved_registers
EBV_TCELL_1862913::HUMAN_MYELIN_117035,EBV_TCELL_1862913,HUMAN_MYELIN_117035,iedb_top_core_hypothesis,iedb_top_core_hypothesis,LRIYYSPSI,LLVFACSAV,excluded_nonprimary_register_status,eligible_primary_drb1501_resolved_registers
EBV_TCELL_1862913::HUMAN_MYELIN_117039,EBV_TCELL_1862913,HUMAN_MYELIN_117039,iedb_top_core_hypothesis,iedb_top_core_hypothesis,LRIYYSPSI,LVGAPFASL,excluded_nonprimary_register_status,eligible_primary_drb1501_resolved_registers
EBV_TCELL_1862913::HUMAN_MYELIN_117117,EBV_TCELL_1862913,HUMAN_MYELIN_117117,iedb_top_core_hypothesis,iedb_top_core_hypothesis,LRIYYSPSI,IHAFQYVIY,excluded_nonprimary_register_status,eligible_primary_drb1501_resolved_registers
EBV_TCELL_1862913::HUMAN_MYELIN_118650,EBV_TCELL_1862913,HUMAN_MYELIN_118650,iedb_top_core_hypothesis,iedb_top_core_hypothesis,LRIYYSPSI,LQYRLRGKL,excluded_nonprimary_register_status,eligible_primary_drb1501_resolved_registers
EBV_TCELL_1862913::HUMAN_MYELIN_119809,EBV_TCELL_1862913,HUMAN_MYELIN_119809,iedb_top_core_hypothesis,iedb_top_core_hypothesis,LRIYYSPSI,TGILDSIGR,excluded_nonprimary_register_status,eligible_primary_drb1501_resolved_registers
EBV_TCELL_1862913::HUMAN_MYELIN_119927,EBV_TCELL_1862913,HUMAN_MYELIN_119927,iedb_top_core_hypothesis,iedb_top_core_hypothesis,LRIYYSPSI,YLATASTMD,excluded_nonprimary_register_status,eligible_primary_drb1501_resolved_registers
EBV_TCELL_1862913::HUMAN_MYELIN_119972,EBV_TCELL_1862913,HUMAN_MYELIN_119972,iedb_top_core_hypothesis,iedb_top_core_hypothesis,LRIYYSPSI,VTPRTPPPS,excluded_nonprimary_register_status,eligible_primary_drb1501_resolved_registers
EBV_TCELL_1862913::HUMAN_MYELIN_119973,EBV_TCELL_1862913,HUMAN_MYELIN_119973,iedb_top_core_hypothesis,iedb_top_core_hypothesis,LRIYYSPSI,VTPRTPPPS,excluded_nonprimary_register_status,eligible_primary_drb1501_resolved_registers
EBV_TCELL_1862913::HUMAN_MYELIN_120169,EBV_TCELL_1862913,HUMAN_MYELIN_120169,iedb_top_core_hypothesis,unresolved_or_flank_dependent_core,LRIYYSPSI,GSKYLATAS,excluded_nonprimary_register_status,excluded_unresolved_self_register
EBV_TCELL_1862913::HUMAN_MYELIN_120170,EBV_TCELL_1862913,HUMAN_MYELIN_120170,iedb_top_core_hypothesis,iedb_top_core_hypothesis,LRIYYSPSI,YLATASTMD,excluded_nonprimary_register_status,eligible_primary_drb1501_resolved_registers
EBV_TCELL_1862913::HUMAN_MYELIN_120201,EBV_TCELL_1862913,HUMAN_MYELIN_120201,iedb_top_core_hypothesis,iedb_top_core_hypothesis,LRIYYSPSI,RTQDENPVV,excluded_nonprimary_register_status,eligible_primary_drb1501_resolved_registers
EBV_TCELL_1862913::HUMAN_MYELIN_13572,EBV_TCELL_1862913,HUMAN_MYELIN_13572,iedb_top_core_hypothesis,experimental_primary_allele_reference,LRIYYSPSI,VHFFKNIVT,excluded_nonprimary_register_status,eligible_primary_drb1501_resolved_registers
EBV_TCELL_1862913::HUMAN_MYELIN_13573,EBV_TCELL_1862913,HUMAN_MYELIN_13573,iedb_top_core_hypothesis,iedb_top_core_hypothesis,LRIYYSPSI,VHFFKNIVT,excluded_nonprimary_register_status,eligible_primary_drb1501_resolved_registers
EBV_TCELL_1862913::HUMAN_MYELIN_35803,EBV_TCELL_1862913,HUMAN_MYELIN_35803,iedb_top_core_hypothesis,iedb_top_core_hypothesis,LRIYYSPSI,LTGTEKLIE,excluded_nonprimary_register_status,eligible_primary_drb1501_resolved_registers
EBV_TCELL_1862913::HUMAN_MYELIN_40353,EBV_TCELL_1862913,HUMAN_MYELIN_40353,iedb_top_core_hypothesis,iedb_top_core_hypothesis,LRIYYSPSI,FASLVATGL,excluded_nonprimary_register_status,eligible_primary_drb1501_resolved_registers
EBV_TCELL_1862913::HUMAN_MYELIN_40762,EBV_TCELL_1862913,HUMAN_MYELIN_40762,iedb_top_core_hypothesis,iedb_top_core_hypothesis,LRIYYSPSI,LLLAEGFYT,excluded_nonprimary_register_status,eligible_primary_drb1501_resolved_registers
EBV_TCELL_1862913::HUMAN_MYELIN_45514,EBV_TCELL_1862913,HUMAN_MYELIN_45514,iedb_top_core_hypothesis,iedb_top_core_hypothesis,LRIYYSPSI,VHFFKNIVT,excluded_nonprimary_register_status,eligible_primary_drb1501_resolved_registers
EBV_TCELL_1862913::HUMAN_MYELIN_51191,EBV_TCELL_1862913,HUMAN_MYELIN_51191,iedb_top_core_hypothesis,iedb_top_core_hypothesis,LRIYYSPSI,RGQHQAHSL,excluded_nonprimary_register_status,eligible_primary_drb1501_resolved_registers
EBV_TCELL_1862913::HUMAN_MYELIN_5516,EBV_TCELL_1862913,HUMAN_MYELIN_5516,iedb_top_core_hypothesis,iedb_top_core_hypothesis,LRIYYSPSI,VYIYFNTWT,limited_coverage_report_only,eligible_primary_drb1501_resolved_registers
EBV_TCELL_1862913::HUMAN_MYELIN_63975,EBV_TCELL_1862913,HUMAN_MYELIN_63975,iedb_top_core_hypothesis,iedb_top_core_hypothesis,LRIYYSPSI,IETYFSKNY,robust_primary_ranking_eligible,eligible_primary_drb1501_resolved_registers
EBV_TCELL_1862913::HUMAN_MYELIN_67907,EBV_TCELL_1862913,HUMAN_MYELIN_67907,iedb_top_core_hypothesis,iedb_top_core_hypothesis,LRIYYSPSI,IFKLGGRDS,excluded_nonprimary_register_status,eligible_primary_drb1501_resolved_registers
EBV_TCELL_1862913::HUMAN_MYELIN_73159,EBV_TCELL_1862913,HUMAN_MYELIN_73159,iedb_top_core_hypothesis,iedb_top_core_hypothesis,LRIYYSPSI,SIAFPSKTS,excluded_nonprimary_register_status,eligible_primary_drb1501_resolved_registers
EBV_TCELL_1862913::HUMAN_MYELIN_80095,EBV_TCELL_1862913,HUMAN_MYELIN_80095,iedb_top_core_hypothesis,iedb_top_core_hypothesis,LRIYYSPSI,VHFFKNIVT,excluded_nonprimary_register_status,eligible_primary_drb1501_resolved_registers
EBV_TCELL_2268683::HUMAN_MYELIN_111192,EBV_TCELL_2268683,HUMAN_MYELIN_111192,sensitivity_only_unresolved,iedb_top_core_hypothesis,,VHFFKNIVT,excluded_nonprimary_register_status,excluded_unresolved_ebv_register
EBV_TCELL_2268683::HUMAN_MYELIN_112037,EBV_TCELL_2268683,HUMAN_MYELIN_112037,sensitivity_only_unresolved,iedb_top_core_hypothesis,,IFKLGGRDS,excluded_nonprimary_register_status,excluded_unresolved_ebv_register
EBV_TCELL_2268683::HUMAN_MYELIN_112191,EBV_TCELL_2268683,HUMAN_MYELIN_112191,sensitivity_only_unresolved,iedb_top_core_hypothesis,,MDHARHGFL,excluded_nonprimary_register_status,excluded_unresolved_ebv_register
EBV_TCELL_2268683::HUMAN_MYELIN_112214,EBV_TCELL_2268683,HUMAN_MYELIN_112214,sensitivity_only_unresolved,iedb_top_core_hypothesis,,WGAEGQRPG,excluded_nonprimary_register_status,excluded_unresolved_ebv_register
EBV_TCELL_2268683::HUMAN_MYELIN_112226,EBV_TCELL_2268683,HUMAN_MYELIN_112226,sensitivity_only_unresolved,iedb_top_core_hypothesis,,FSRVVHLYR,excluded_nonprimary_register_status,excluded_unresolved_ebv_register
EBV_TCELL_2268683::HUMAN_MYELIN_112319,EBV_TCELL_2268683,HUMAN_MYELIN_112319,sensitivity_only_unresolved,iedb_top_core_hypothesis,,IFKLGGRDS,excluded_nonprimary_register_status,excluded_unresolved_ebv_register
EBV_TCELL_2268683::HUMAN_MYELIN_112354,EBV_TCELL_2268683,HUMAN_MYELIN_112354,sensitivity_only_unresolved,iedb_top_core_hypothesis,,IETYFSKNY,excluded_nonprimary_register_status,excluded_unresolved_ebv_register
EBV_TCELL_2268683::HUMAN_MYELIN_112393,EBV_TCELL_2268683,HUMAN_MYELIN_112393,sensitivity_only_unresolved,iedb_top_core_hypothesis,,VHFFKNIVT,excluded_nonprimary_register_status,excluded_unresolved_ebv_register
EBV_TCELL_2268683::HUMAN_MYELIN_112603,EBV_TCELL_2268683,HUMAN_MYELIN_112603,sensitivity_only_unresolved,iedb_top_core_hypothesis,,VLKLMGRGT,excluded_nonprimary_register_status,excluded_unresolved_ebv_register
EBV_TCELL_2268683::HUMAN_MYELIN_112756,EBV_TCELL_2268683,HUMAN_MYELIN_112756,sensitivity_only_unresolved,iedb_top_core_hypothesis,,FGDYKTTIC,excluded_nonprimary_register_status,excluded_unresolved_ebv_register
EBV_TCELL_2268683::HUMAN_MYELIN_112782,EBV_TCELL_2268683,HUMAN_MYELIN_112782,sensitivity_only_unresolved,iedb_top_core_hypothesis,,HHPARTAHY,excluded_nonprimary_register_status,excluded_unresolved_ebv_register
EBV_TCELL_2268683::HUMAN_MYELIN_114366,EBV_TCELL_2268683,HUMAN_MYELIN_114366,sensitivity_only_unresolved,iedb_top_core_hypothesis,,LSRFSWGAE,excluded_nonprimary_register_status,excluded_unresolved_ebv_register
EBV_TCELL_2268683::HUMAN_MYELIN_114566,EBV_TCELL_2268683,HUMAN_MYELIN_114566,sensitivity_only_unresolved,iedb_top_core_hypothesis,,IGRFFGGDR,excluded_nonprimary_register_status,excluded_unresolved_ebv_register
EBV_TCELL_2268683::HUMAN_MYELIN_114765,EBV_TCELL_2268683,HUMAN_MYELIN_114765,sensitivity_only_unresolved,iedb_top_core_hypothesis,,ENPVVHFFK,excluded_nonprimary_register_status,excluded_unresolved_ebv_register
EBV_TCELL_2268683::HUMAN_MYELIN_114806,EBV_TCELL_2268683,HUMAN_MYELIN_114806,sensitivity_only_unresolved,iedb_top_core_hypothesis,,VHFFKNIVT,excluded_nonprimary_register_status,excluded_unresolved_ebv_register
EBV_TCELL_2268683::HUMAN_MYELIN_114925,EBV_TCELL_2268683,HUMAN_MYELIN_114925,sensitivity_only_unresolved,iedb_top_core_hypothesis,,VHFFKNIVT,excluded_nonprimary_register_status,excluded_unresolved_ebv_register
EBV_TCELL_2268683::HUMAN_MYELIN_115061,EBV_TCELL_2268683,HUMAN_MYELIN_115061,sensitivity_only_unresolved,iedb_top_core_hypothesis,,FKGVDAQGT,excluded_nonprimary_register_status,excluded_unresolved_ebv_register
EBV_TCELL_2268683::HUMAN_MYELIN_115622,EBV_TCELL_2268683,HUMAN_MYELIN_115622,sensitivity_only_unresolved,iedb_top_core_hypothesis,,VTPRTPPPS,excluded_nonprimary_register_status,excluded_unresolved_ebv_register
EBV_TCELL_2268683::HUMAN_MYELIN_115636,EBV_TCELL_2268683,HUMAN_MYELIN_115636,sensitivity_only_unresolved,iedb_top_core_hypothesis,,LSLSRFSWG,excluded_nonprimary_register_status,excluded_unresolved_ebv_register
EBV_TCELL_2268683::HUMAN_MYELIN_115641,EBV_TCELL_2268683,HUMAN_MYELIN_115641,sensitivity_only_unresolved,sensitivity_only_unresolved,,,excluded_nonprimary_register_status,excluded_unresolved_ebv_register
EBV_TCELL_2268683::HUMAN_MYELIN_115648,EBV_TCELL_2268683,HUMAN_MYELIN_115648,sensitivity_only_unresolved,iedb_top_core_hypothesis,,GRTQDENPV,excluded_nonprimary_register_status,excluded_unresolved_ebv_register
EBV_TCELL_2268683::HUMAN_MYELIN_116079,EBV_TCELL_2268683,HUMAN_MYELIN_116079,sensitivity_only_unresolved,iedb_top_core_hypothesis,,MDHARHGFL,excluded_nonprimary_register_status,excluded_unresolved_ebv_register
EBV_TCELL_2268683::HUMAN_MYELIN_116170,EBV_TCELL_2268683,HUMAN_MYELIN_116170,sensitivity_only_unresolved,iedb_top_core_hypothesis,,VHFFKNIVT,excluded_nonprimary_register_status,excluded_unresolved_ebv_register
EBV_TCELL_2268683::HUMAN_MYELIN_116911,EBV_TCELL_2268683,HUMAN_MYELIN_116911,sensitivity_only_unresolved,iedb_top_core_hypothesis,,IAATYNFAV,excluded_nonprimary_register_status,excluded_unresolved_ebv_register
EBV_TCELL_2268683::HUMAN_MYELIN_116924,EBV_TCELL_2268683,HUMAN_MYELIN_116924,sensitivity_only_unresolved,iedb_top_core_hypothesis,,HKGFKGVDA,excluded_nonprimary_register_status,excluded_unresolved_ebv_register
EBV_TCELL_2268683::HUMAN_MYELIN_116976,EBV_TCELL_2268683,HUMAN_MYELIN_116976,sensitivity_only_unresolved,iedb_top_core_hypothesis,,LSKIFKLGG,excluded_nonprimary_register_status,excluded_unresolved_ebv_register
EBV_TCELL_2268683::HUMAN_MYELIN_116993,EBV_TCELL_2268683,HUMAN_MYELIN_116993,sensitivity_only_unresolved,iedb_top_core_hypothesis,,ILDSIGRFF,excluded_nonprimary_register_status,excluded_unresolved_ebv_register
EBV_TCELL_2268683::HUMAN_MYELIN_116995,EBV_TCELL_2268683,HUMAN_MYELIN_116995,sensitivity_only_unresolved,iedb_top_core_hypothesis,,TAHYGSLPQ,excluded_nonprimary_register_status,excluded_unresolved_ebv_register
EBV_TCELL_2268683::HUMAN_MYELIN_117009,EBV_TCELL_2268683,HUMAN_MYELIN_117009,sensitivity_only_unresolved,iedb_top_core_hypothesis,,DSHHPARTA,excluded_nonprimary_register_status,excluded_unresolved_ebv_register
EBV_TCELL_2268683::HUMAN_MYELIN_117032,EBV_TCELL_2268683,HUMAN_MYELIN_117032,sensitivity_only_unresolved,iedb_top_core_hypothesis,,FHLFIAAFV,excluded_nonprimary_register_status,excluded_unresolved_ebv_register
EBV_TCELL_2268683::HUMAN_MYELIN_117035,EBV_TCELL_2268683,HUMAN_MYELIN_117035,sensitivity_only_unresolved,iedb_top_core_hypothesis,,LLVFACSAV,excluded_nonprimary_register_status,excluded_unresolved_ebv_register
EBV_TCELL_2268683::HUMAN_MYELIN_117039,EBV_TCELL_2268683,HUMAN_MYELIN_117039,sensitivity_only_unresolved,iedb_top_core_hypothesis,,LVGAPFASL,excluded_nonprimary_register_status,excluded_unresolved_ebv_register
EBV_TCELL_2268683::HUMAN_MYELIN_117117,EBV_TCELL_2268683,HUMAN_MYELIN_117117,sensitivity_only_unresolved,iedb_top_core_hypothesis,,IHAFQYVIY,excluded_nonprimary_register_status,excluded_unresolved_ebv_register
EBV_TCELL_2268683::HUMAN_MYELIN_118650,EBV_TCELL_2268683,HUMAN_MYELIN_118650,sensitivity_only_unresolved,iedb_top_core_hypothesis,,LQYRLRGKL,excluded_nonprimary_register_status,excluded_unresolved_ebv_register
EBV_TCELL_2268683::HUMAN_MYELIN_119809,EBV_TCELL_2268683,HUMAN_MYELIN_119809,sensitivity_only_unresolved,iedb_top_core_hypothesis,,TGILDSIGR,excluded_nonprimary_register_status,excluded_unresolved_ebv_register
EBV_TCELL_2268683::HUMAN_MYELIN_119927,EBV_TCELL_2268683,HUMAN_MYELIN_119927,sensitivity_only_unresolved,iedb_top_core_hypothesis,,YLATASTMD,excluded_nonprimary_register_status,excluded_unresolved_ebv_register
EBV_TCELL_2268683::HUMAN_MYELIN_119972,EBV_TCELL_2268683,HUMAN_MYELIN_119972,sensitivity_only_unresolved,iedb_top_core_hypothesis,,VTPRTPPPS,excluded_nonprimary_register_status,excluded_unresolved_ebv_register
EBV_TCELL_2268683::HUMAN_MYELIN_119973,EBV_TCELL_2268683,HUMAN_MYELIN_119973,sensitivity_only_unresolved,iedb_top_core_hypothesis,,VTPRTPPPS,excluded_nonprimary_register_status,excluded_unresolved_ebv_register
EBV_TCELL_2268683::HUMAN_MYELIN_120169,EBV_TCELL_2268683,HUMAN_MYELIN_120169,sensitivity_only_unresolved,unresolved_or_flank_dependent_core,,GSKYLATAS,excluded_nonprimary_register_status,excluded_unresolved_ebv_register
EBV_TCELL_2268683::HUMAN_MYELIN_120170,EBV_TCELL_2268683,HUMAN_MYELIN_120170,sensitivity_only_unresolved,iedb_top_core_hypothesis,,YLATASTMD,excluded_nonprimary_register_status,excluded_unresolved_ebv_register
EBV_TCELL_2268683::HUMAN_MYELIN_120201,EBV_TCELL_2268683,HUMAN_MYELIN_120201,sensitivity_only_unresolved,iedb_top_core_hypothesis,,RTQDENPVV,excluded_nonprimary_register_status,excluded_unresolved_ebv_register
EBV_TCELL_2268683::HUMAN_MYELIN_13572,EBV_TCELL_2268683,HUMAN_MYELIN_13572,sensitivity_only_unresolved,experimental_primary_allele_reference,,VHFFKNIVT,excluded_nonprimary_register_status,excluded_unresolved_ebv_register
EBV_TCELL_2268683::HUMAN_MYELIN_13573,EBV_TCELL_2268683,HUMAN_MYELIN_13573,sensitivity_only_unresolved,iedb_top_core_hypothesis,,VHFFKNIVT,excluded_nonprimary_register_status,excluded_unresolved_ebv_register
EBV_TCELL_2268683::HUMAN_MYELIN_35803,EBV_TCELL_2268683,HUMAN_MYELIN_35803,sensitivity_only_unresolved,iedb_top_core_hypothesis,,LTGTEKLIE,excluded_nonprimary_register_status,excluded_unresolved_ebv_register
EBV_TCELL_2268683::HUMAN_MYELIN_40353,EBV_TCELL_2268683,HUMAN_MYELIN_40353,sensitivity_only_unresolved,iedb_top_core_hypothesis,,FASLVATGL,excluded_nonprimary_register_status,excluded_unresolved_ebv_register
EBV_TCELL_2268683::HUMAN_MYELIN_40762,EBV_TCELL_2268683,HUMAN_MYELIN_40762,sensitivity_only_unresolved,iedb_top_core_hypothesis,,LLLAEGFYT,excluded_nonprimary_register_status,excluded_unresolved_ebv_register
EBV_TCELL_2268683::HUMAN_MYELIN_45514,EBV_TCELL_2268683,HUMAN_MYELIN_45514,sensitivity_only_unresolved,iedb_top_core_hypothesis,,VHFFKNIVT,excluded_nonprimary_register_status,excluded_unresolved_ebv_register
EBV_TCELL_2268683::HUMAN_MYELIN_51191,EBV_TCELL_2268683,HUMAN_MYELIN_51191,sensitivity_only_unresolved,iedb_top_core_hypothesis,,RGQHQAHSL,excluded_nonprimary_register_status,excluded_unresolved_ebv_register
EBV_TCELL_2268683::HUMAN_MYELIN_5516,EBV_TCELL_2268683,HUMAN_MYELIN_5516,sensitivity_only_unresolved,iedb_top_core_hypothesis,,VYIYFNTWT,excluded_nonprimary_register_status,excluded_unresolved_ebv_register
EBV_TCELL_2268683::HUMAN_MYELIN_63975,EBV_TCELL_2268683,HUMAN_MYELIN_63975,sensitivity_only_unresolved,iedb_top_core_hypothesis,,IETYFSKNY,excluded_nonprimary_register_status,excluded_unresolved_ebv_register
EBV_TCELL_2268683::HUMAN_MYELIN_67907,EBV_TCELL_2268683,HUMAN_MYELIN_67907,sensitivity_only_unresolved,iedb_top_core_hypothesis,,IFKLGGRDS,excluded_nonprimary_register_status,excluded_unresolved_ebv_register
EBV_TCELL_2268683::HUMAN_MYELIN_73159,EBV_TCELL_2268683,HUMAN_MYELIN_73159,sensitivity_only_unresolved,iedb_top_core_hypothesis,,SIAFPSKTS,excluded_nonprimary_register_status,excluded_unresolved_ebv_register
EBV_TCELL_2268683::HUMAN_MYELIN_80095,EBV_TCELL_2268683,HUMAN_MYELIN_80095,sensitivity_only_unresolved,iedb_top_core_hypothesis,,VHFFKNIVT,excluded_nonprimary_register_status,excluded_unresolved_ebv_register
EBV_TCELL_2268720::HUMAN_MYELIN_111192,EBV_TCELL_2268720,HUMAN_MYELIN_111192,iedb_top_core_hypothesis,iedb_top_core_hypothesis,IHVYNDYHH,VHFFKNIVT,excluded_nonprimary_register_status,eligible_primary_drb1501_resolved_registers
EBV_TCELL_2268720::HUMAN_MYELIN_112037,EBV_TCELL_2268720,HUMAN_MYELIN_112037,iedb_top_core_hypothesis,iedb_top_core_hypothesis,IHVYNDYHH,IFKLGGRDS,excluded_nonprimary_register_status,eligible_primary_drb1501_resolved_registers
EBV_TCELL_2268720::HUMAN_MYELIN_112191,EBV_TCELL_2268720,HUMAN_MYELIN_112191,iedb_top_core_hypothesis,iedb_top_core_hypothesis,IHVYNDYHH,MDHARHGFL,excluded_nonprimary_register_status,eligible_primary_drb1501_resolved_registers
EBV_TCELL_2268720::HUMAN_MYELIN_112214,EBV_TCELL_2268720,HUMAN_MYELIN_112214,iedb_top_core_hypothesis,iedb_top_core_hypothesis,IHVYNDYHH,WGAEGQRPG,excluded_nonprimary_register_status,eligible_primary_drb1501_resolved_registers
EBV_TCELL_2268720::HUMAN_MYELIN_112226,EBV_TCELL_2268720,HUMAN_MYELIN_112226,iedb_top_core_hypothesis,iedb_top_core_hypothesis,IHVYNDYHH,FSRVVHLYR,excluded_nonprimary_register_status,eligible_primary_drb1501_resolved_registers
EBV_TCELL_2268720::HUMAN_MYELIN_112319,EBV_TCELL_2268720,HUMAN_MYELIN_112319,iedb_top_core_hypothesis,iedb_top_core_hypothesis,IHVYNDYHH,IFKLGGRDS,excluded_nonprimary_register_status,eligible_primary_drb1501_resolved_registers
EBV_TCELL_2268720::HUMAN_MYELIN_112354,EBV_TCELL_2268720,HUMAN_MYELIN_112354,iedb_top_core_hypothesis,iedb_top_core_hypothesis,IHVYNDYHH,IETYFSKNY,excluded_nonprimary_register_status,eligible_primary_drb1501_resolved_registers
EBV_TCELL_2268720::HUMAN_MYELIN_112393,EBV_TCELL_2268720,HUMAN_MYELIN_112393,iedb_top_core_hypothesis,iedb_top_core_hypothesis,IHVYNDYHH,VHFFKNIVT,excluded_nonprimary_register_status,eligible_primary_drb1501_resolved_registers
EBV_TCELL_2268720::HUMAN_MYELIN_112603,EBV_TCELL_2268720,HUMAN_MYELIN_112603,iedb_top_core_hypothesis,iedb_top_core_hypothesis,IHVYNDYHH,VLKLMGRGT,excluded_nonprimary_register_status,eligible_primary_drb1501_resolved_registers
EBV_TCELL_2268720::HUMAN_MYELIN_112756,EBV_TCELL_2268720,HUMAN_MYELIN_112756,iedb_top_core_hypothesis,iedb_top_core_hypothesis,IHVYNDYHH,FGDYKTTIC,excluded_nonprimary_register_status,eligible_primary_drb1501_resolved_registers
EBV_TCELL_2268720::HUMAN_MYELIN_112782,EBV_TCELL_2268720,HUMAN_MYELIN_112782,iedb_top_core_hypothesis,iedb_top_core_hypothesis,IHVYNDYHH,HHPARTAHY,excluded_nonprimary_register_status,eligible_primary_drb1501_resolved_registers
EBV_TCELL_2268720::HUMAN_MYELIN_114366,EBV_TCELL_2268720,HUMAN_MYELIN_114366,iedb_top_core_hypothesis,iedb_top_core_hypothesis,IHVYNDYHH,LSRFSWGAE,excluded_nonprimary_register_status,eligible_primary_drb1501_resolved_registers
EBV_TCELL_2268720::HUMAN_MYELIN_114566,EBV_TCELL_2268720,HUMAN_MYELIN_114566,iedb_top_core_hypothesis,iedb_top_core_hypothesis,IHVYNDYHH,IGRFFGGDR,excluded_nonprimary_register_status,eligible_primary_drb1501_resolved_registers
EBV_TCELL_2268720::HUMAN_MYELIN_114765,EBV_TCELL_2268720,HUMAN_MYELIN_114765,iedb_top_core_hypothesis,iedb_top_core_hypothesis,IHVYNDYHH,ENPVVHFFK,excluded_nonprimary_register_status,eligible_primary_drb1501_resolved_registers
EBV_TCELL_2268720::HUMAN_MYELIN_114806,EBV_TCELL_2268720,HUMAN_MYELIN_114806,iedb_top_core_hypothesis,iedb_top_core_hypothesis,IHVYNDYHH,VHFFKNIVT,excluded_nonprimary_register_status,eligible_primary_drb1501_resolved_registers
EBV_TCELL_2268720::HUMAN_MYELIN_114925,EBV_TCELL_2268720,HUMAN_MYELIN_114925,iedb_top_core_hypothesis,iedb_top_core_hypothesis,IHVYNDYHH,VHFFKNIVT,excluded_nonprimary_register_status,eligible_primary_drb1501_resolved_registers
EBV_TCELL_2268720::HUMAN_MYELIN_115061,EBV_TCELL_2268720,HUMAN_MYELIN_115061,iedb_top_core_hypothesis,iedb_top_core_hypothesis,IHVYNDYHH,FKGVDAQGT,excluded_nonprimary_register_status,eligible_primary_drb1501_resolved_registers
EBV_TCELL_2268720::HUMAN_MYELIN_115622,EBV_TCELL_2268720,HUMAN_MYELIN_115622,iedb_top_core_hypothesis,iedb_top_core_hypothesis,IHVYNDYHH,VTPRTPPPS,excluded_nonprimary_register_status,eligible_primary_drb1501_resolved_registers
EBV_TCELL_2268720::HUMAN_MYELIN_115636,EBV_TCELL_2268720,HUMAN_MYELIN_115636,iedb_top_core_hypothesis,iedb_top_core_hypothesis,IHVYNDYHH,LSLSRFSWG,excluded_nonprimary_register_status,eligible_primary_drb1501_resolved_registers
EBV_TCELL_2268720::HUMAN_MYELIN_115641,EBV_TCELL_2268720,HUMAN_MYELIN_115641,iedb_top_core_hypothesis,sensitivity_only_unresolved,IHVYNDYHH,,excluded_nonprimary_register_status,excluded_unresolved_self_register
EBV_TCELL_2268720::HUMAN_MYELIN_115648,EBV_TCELL_2268720,HUMAN_MYELIN_115648,iedb_top_core_hypothesis,iedb_top_core_hypothesis,IHVYNDYHH,GRTQDENPV,excluded_nonprimary_register_status,eligible_primary_drb1501_resolved_registers
EBV_TCELL_2268720::HUMAN_MYELIN_116079,EBV_TCELL_2268720,HUMAN_MYELIN_116079,iedb_top_core_hypothesis,iedb_top_core_hypothesis,IHVYNDYHH,MDHARHGFL,excluded_nonprimary_register_status,eligible_primary_drb1501_resolved_registers
EBV_TCELL_2268720::HUMAN_MYELIN_116170,EBV_TCELL_2268720,HUMAN_MYELIN_116170,iedb_top_core_hypothesis,iedb_top_core_hypothesis,IHVYNDYHH,VHFFKNIVT,excluded_nonprimary_register_status,eligible_primary_drb1501_resolved_registers
EBV_TCELL_2268720::HUMAN_MYELIN_116911,EBV_TCELL_2268720,HUMAN_MYELIN_116911,iedb_top_core_hypothesis,iedb_top_core_hypothesis,IHVYNDYHH,IAATYNFAV,excluded_nonprimary_register_status,eligible_primary_drb1501_resolved_registers
EBV_TCELL_2268720::HUMAN_MYELIN_116924,EBV_TCELL_2268720,HUMAN_MYELIN_116924,iedb_top_core_hypothesis,iedb_top_core_hypothesis,IHVYNDYHH,HKGFKGVDA,excluded_nonprimary_register_status,eligible_primary_drb1501_resolved_registers
EBV_TCELL_2268720::HUMAN_MYELIN_116976,EBV_TCELL_2268720,HUMAN_MYELIN_116976,iedb_top_core_hypothesis,iedb_top_core_hypothesis,IHVYNDYHH,LSKIFKLGG,excluded_nonprimary_register_status,eligible_primary_drb1501_resolved_registers
EBV_TCELL_2268720::HUMAN_MYELIN_116993,EBV_TCELL_2268720,HUMAN_MYELIN_116993,iedb_top_core_hypothesis,iedb_top_core_hypothesis,IHVYNDYHH,ILDSIGRFF,excluded_nonprimary_register_status,eligible_primary_drb1501_resolved_registers
EBV_TCELL_2268720::HUMAN_MYELIN_116995,EBV_TCELL_2268720,HUMAN_MYELIN_116995,iedb_top_core_hypothesis,iedb_top_core_hypothesis,IHVYNDYHH,TAHYGSLPQ,excluded_nonprimary_register_status,eligible_primary_drb1501_resolved_registers
EBV_TCELL_2268720::HUMAN_MYELIN_117009,EBV_TCELL_2268720,HUMAN_MYELIN_117009,iedb_top_core_hypothesis,iedb_top_core_hypothesis,IHVYNDYHH,DSHHPARTA,excluded_nonprimary_register_status,eligible_primary_drb1501_resolved_registers
EBV_TCELL_2268720::HUMAN_MYELIN_117032,EBV_TCELL_2268720,HUMAN_MYELIN_117032,iedb_top_core_hypothesis,iedb_top_core_hypothesis,IHVYNDYHH,FHLFIAAFV,excluded_nonprimary_register_status,eligible_primary_drb1501_resolved_registers
EBV_TCELL_2268720::HUMAN_MYELIN_117035,EBV_TCELL_2268720,HUMAN_MYELIN_117035,iedb_top_core_hypothesis,iedb_top_core_hypothesis,IHVYNDYHH,LLVFACSAV,excluded_nonprimary_register_status,eligible_primary_drb1501_resolved_registers
EBV_TCELL_2268720::HUMAN_MYELIN_117039,EBV_TCELL_2268720,HUMAN_MYELIN_117039,iedb_top_core_hypothesis,iedb_top_core_hypothesis,IHVYNDYHH,LVGAPFASL,excluded_nonprimary_register_status,eligible_primary_drb1501_resolved_registers
EBV_TCELL_2268720::HUMAN_MYELIN_117117,EBV_TCELL_2268720,HUMAN_MYELIN_117117,iedb_top_core_hypothesis,iedb_top_core_hypothesis,IHVYNDYHH,IHAFQYVIY,limited_coverage_report_only,eligible_primary_drb1501_resolved_registers
EBV_TCELL_2268720::HUMAN_MYELIN_118650,EBV_TCELL_2268720,HUMAN_MYELIN_118650,iedb_top_core_hypothesis,iedb_top_core_hypothesis,IHVYNDYHH,LQYRLRGKL,excluded_nonprimary_register_status,eligible_primary_drb1501_resolved_registers
EBV_TCELL_2268720::HUMAN_MYELIN_119809,EBV_TCELL_2268720,HUMAN_MYELIN_119809,iedb_top_core_hypothesis,iedb_top_core_hypothesis,IHVYNDYHH,TGILDSIGR,excluded_nonprimary_register_status,eligible_primary_drb1501_resolved_registers
EBV_TCELL_2268720::HUMAN_MYELIN_119927,EBV_TCELL_2268720,HUMAN_MYELIN_119927,iedb_top_core_hypothesis,iedb_top_core_hypothesis,IHVYNDYHH,YLATASTMD,excluded_nonprimary_register_status,eligible_primary_drb1501_resolved_registers
EBV_TCELL_2268720::HUMAN_MYELIN_119972,EBV_TCELL_2268720,HUMAN_MYELIN_119972,iedb_top_core_hypothesis,iedb_top_core_hypothesis,IHVYNDYHH,VTPRTPPPS,excluded_nonprimary_register_status,eligible_primary_drb1501_resolved_registers
EBV_TCELL_2268720::HUMAN_MYELIN_119973,EBV_TCELL_2268720,HUMAN_MYELIN_119973,iedb_top_core_hypothesis,iedb_top_core_hypothesis,IHVYNDYHH,VTPRTPPPS,excluded_nonprimary_register_status,eligible_primary_drb1501_resolved_registers
EBV_TCELL_2268720::HUMAN_MYELIN_120169,EBV_TCELL_2268720,HUMAN_MYELIN_120169,iedb_top_core_hypothesis,unresolved_or_flank_dependent_core,IHVYNDYHH,GSKYLATAS,excluded_nonprimary_register_status,excluded_unresolved_self_register
EBV_TCELL_2268720::HUMAN_MYELIN_120170,EBV_TCELL_2268720,HUMAN_MYELIN_120170,iedb_top_core_hypothesis,iedb_top_core_hypothesis,IHVYNDYHH,YLATASTMD,excluded_nonprimary_register_status,eligible_primary_drb1501_resolved_registers
EBV_TCELL_2268720::HUMAN_MYELIN_120201,EBV_TCELL_2268720,HUMAN_MYELIN_120201,iedb_top_core_hypothesis,iedb_top_core_hypothesis,IHVYNDYHH,RTQDENPVV,excluded_nonprimary_register_status,eligible_primary_drb1501_resolved_registers
EBV_TCELL_2268720::HUMAN_MYELIN_13572,EBV_TCELL_2268720,HUMAN_MYELIN_13572,iedb_top_core_hypothesis,experimental_primary_allele_reference,IHVYNDYHH,VHFFKNIVT,excluded_nonprimary_register_status,eligible_primary_drb1501_resolved_registers
EBV_TCELL_2268720::HUMAN_MYELIN_13573,EBV_TCELL_2268720,HUMAN_MYELIN_13573,iedb_top_core_hypothesis,iedb_top_core_hypothesis,IHVYNDYHH,VHFFKNIVT,excluded_nonprimary_register_status,eligible_primary_drb1501_resolved_registers
EBV_TCELL_2268720::HUMAN_MYELIN_35803,EBV_TCELL_2268720,HUMAN_MYELIN_35803,iedb_top_core_hypothesis,iedb_top_core_hypothesis,IHVYNDYHH,LTGTEKLIE,excluded_nonprimary_register_status,eligible_primary_drb1501_resolved_registers
EBV_TCELL_2268720::HUMAN_MYELIN_40353,EBV_TCELL_2268720,HUMAN_MYELIN_40353,iedb_top_core_hypothesis,iedb_top_core_hypothesis,IHVYNDYHH,FASLVATGL,excluded_nonprimary_register_status,eligible_primary_drb1501_resolved_registers
EBV_TCELL_2268720::HUMAN_MYELIN_40762,EBV_TCELL_2268720,HUMAN_MYELIN_40762,iedb_top_core_hypothesis,iedb_top_core_hypothesis,IHVYNDYHH,LLLAEGFYT,excluded_nonprimary_register_status,eligible_primary_drb1501_resolved_registers
EBV_TCELL_2268720::HUMAN_MYELIN_45514,EBV_TCELL_2268720,HUMAN_MYELIN_45514,iedb_top_core_hypothesis,iedb_top_core_hypothesis,IHVYNDYHH,VHFFKNIVT,excluded_nonprimary_register_status,eligible_primary_drb1501_resolved_registers
EBV_TCELL_2268720::HUMAN_MYELIN_51191,EBV_TCELL_2268720,HUMAN_MYELIN_51191,iedb_top_core_hypothesis,iedb_top_core_hypothesis,IHVYNDYHH,RGQHQAHSL,excluded_nonprimary_register_status,eligible_primary_drb1501_resolved_registers
EBV_TCELL_2268720::HUMAN_MYELIN_5516,EBV_TCELL_2268720,HUMAN_MYELIN_5516,iedb_top_core_hypothesis,iedb_top_core_hypothesis,IHVYNDYHH,VYIYFNTWT,excluded_nonprimary_register_status,eligible_primary_drb1501_resolved_registers
EBV_TCELL_2268720::HUMAN_MYELIN_63975,EBV_TCELL_2268720,HUMAN_MYELIN_63975,iedb_top_core_hypothesis,iedb_top_core_hypothesis,IHVYNDYHH,IETYFSKNY,excluded_nonprimary_register_status,eligible_primary_drb1501_resolved_registers
EBV_TCELL_2268720::HUMAN_MYELIN_67907,EBV_TCELL_2268720,HUMAN_MYELIN_67907,iedb_top_core_hypothesis,iedb_top_core_hypothesis,IHVYNDYHH,IFKLGGRDS,excluded_nonprimary_register_status,eligible_primary_drb1501_resolved_registers
EBV_TCELL_2268720::HUMAN_MYELIN_73159,EBV_TCELL_2268720,HUMAN_MYELIN_73159,iedb_top_core_hypothesis,iedb_top_core_hypothesis,IHVYNDYHH,SIAFPSKTS,excluded_nonprimary_register_status,eligible_primary_drb1501_resolved_registers
EBV_TCELL_2268720::HUMAN_MYELIN_80095,EBV_TCELL_2268720,HUMAN_MYELIN_80095,iedb_top_core_hypothesis,iedb_top_core_hypothesis,IHVYNDYHH,VHFFKNIVT,excluded_nonprimary_register_status,eligible_primary_drb1501_resolved_registers
EBV_TCELL_2268741::HUMAN_MYELIN_111192,EBV_TCELL_2268741,HUMAN_MYELIN_111192,iedb_top_core_hypothesis,iedb_top_core_hypothesis,LRIYYSPSI,VHFFKNIVT,excluded_nonprimary_register_status,eligible_primary_drb1501_resolved_registers
EBV_TCELL_2268741::HUMAN_MYELIN_112037,EBV_TCELL_2268741,HUMAN_MYELIN_112037,iedb_top_core_hypothesis,iedb_top_core_hypothesis,LRIYYSPSI,IFKLGGRDS,excluded_nonprimary_register_status,eligible_primary_drb1501_resolved_registers
EBV_TCELL_2268741::HUMAN_MYELIN_112191,EBV_TCELL_2268741,HUMAN_MYELIN_112191,iedb_top_core_hypothesis,iedb_top_core_hypothesis,LRIYYSPSI,MDHARHGFL,excluded_nonprimary_register_status,eligible_primary_drb1501_resolved_registers
EBV_TCELL_2268741::HUMAN_MYELIN_112214,EBV_TCELL_2268741,HUMAN_MYELIN_112214,iedb_top_core_hypothesis,iedb_top_core_hypothesis,LRIYYSPSI,WGAEGQRPG,excluded_nonprimary_register_status,eligible_primary_drb1501_resolved_registers
EBV_TCELL_2268741::HUMAN_MYELIN_112226,EBV_TCELL_2268741,HUMAN_MYELIN_112226,iedb_top_core_hypothesis,iedb_top_core_hypothesis,LRIYYSPSI,FSRVVHLYR,excluded_nonprimary_register_status,eligible_primary_drb1501_resolved_registers
EBV_TCELL_2268741::HUMAN_MYELIN_112319,EBV_TCELL_2268741,HUMAN_MYELIN_112319,iedb_top_core_hypothesis,iedb_top_core_hypothesis,LRIYYSPSI,IFKLGGRDS,excluded_nonprimary_register_status,eligible_primary_drb1501_resolved_registers
EBV_TCELL_2268741::HUMAN_MYELIN_112354,EBV_TCELL_2268741,HUMAN_MYELIN_112354,iedb_top_core_hypothesis,iedb_top_core_hypothesis,LRIYYSPSI,IETYFSKNY,robust_primary_ranking_eligible,eligible_primary_drb1501_resolved_registers
EBV_TCELL_2268741::HUMAN_MYELIN_112393,EBV_TCELL_2268741,HUMAN_MYELIN_112393,iedb_top_core_hypothesis,iedb_top_core_hypothesis,LRIYYSPSI,VHFFKNIVT,excluded_nonprimary_register_status,eligible_primary_drb1501_resolved_registers
EBV_TCELL_2268741::HUMAN_MYELIN_112603,EBV_TCELL_2268741,HUMAN_MYELIN_112603,iedb_top_core_hypothesis,iedb_top_core_hypothesis,LRIYYSPSI,VLKLMGRGT,excluded_nonprimary_register_status,eligible_primary_drb1501_resolved_registers
EBV_TCELL_2268741::HUMAN_MYELIN_112756,EBV_TCELL_2268741,HUMAN_MYELIN_112756,iedb_top_core_hypothesis,iedb_top_core_hypothesis,LRIYYSPSI,FGDYKTTIC,excluded_nonprimary_register_status,eligible_primary_drb1501_resolved_registers
EBV_TCELL_2268741::HUMAN_MYELIN_112782,EBV_TCELL_2268741,HUMAN_MYELIN_112782,iedb_top_core_hypothesis,iedb_top_core_hypothesis,LRIYYSPSI,HHPARTAHY,excluded_nonprimary_register_status,eligible_primary_drb1501_resolved_registers
EBV_TCELL_2268741::HUMAN_MYELIN_114366,EBV_TCELL_2268741,HUMAN_MYELIN_114366,iedb_top_core_hypothesis,iedb_top_core_hypothesis,LRIYYSPSI,LSRFSWGAE,excluded_nonprimary_register_status,eligible_primary_drb1501_resolved_registers
EBV_TCELL_2268741::HUMAN_MYELIN_114566,EBV_TCELL_2268741,HUMAN_MYELIN_114566,iedb_top_core_hypothesis,iedb_top_core_hypothesis,LRIYYSPSI,IGRFFGGDR,excluded_nonprimary_register_status,eligible_primary_drb1501_resolved_registers
EBV_TCELL_2268741::HUMAN_MYELIN_114765,EBV_TCELL_2268741,HUMAN_MYELIN_114765,iedb_top_core_hypothesis,iedb_top_core_hypothesis,LRIYYSPSI,ENPVVHFFK,excluded_nonprimary_register_status,eligible_primary_drb1501_resolved_registers
EBV_TCELL_2268741::HUMAN_MYELIN_114806,EBV_TCELL_2268741,HUMAN_MYELIN_114806,iedb_top_core_hypothesis,iedb_top_core_hypothesis,LRIYYSPSI,VHFFKNIVT,excluded_nonprimary_register_status,eligible_primary_drb1501_resolved_registers
EBV_TCELL_2268741::HUMAN_MYELIN_114925,EBV_TCELL_2268741,HUMAN_MYELIN_114925,iedb_top_core_hypothesis,iedb_top_core_hypothesis,LRIYYSPSI,VHFFKNIVT,excluded_nonprimary_register_status,eligible_primary_drb1501_resolved_registers
EBV_TCELL_2268741::HUMAN_MYELIN_115061,EBV_TCELL_2268741,HUMAN_MYELIN_115061,iedb_top_core_hypothesis,iedb_top_core_hypothesis,LRIYYSPSI,FKGVDAQGT,excluded_nonprimary_register_status,eligible_primary_drb1501_resolved_registers
EBV_TCELL_2268741::HUMAN_MYELIN_115622,EBV_TCELL_2268741,HUMAN_MYELIN_115622,iedb_top_core_hypothesis,iedb_top_core_hypothesis,LRIYYSPSI,VTPRTPPPS,excluded_nonprimary_register_status,eligible_primary_drb1501_resolved_registers
EBV_TCELL_2268741::HUMAN_MYELIN_115636,EBV_TCELL_2268741,HUMAN_MYELIN_115636,iedb_top_core_hypothesis,iedb_top_core_hypothesis,LRIYYSPSI,LSLSRFSWG,excluded_nonprimary_register_status,eligible_primary_drb1501_resolved_registers
EBV_TCELL_2268741::HUMAN_MYELIN_115641,EBV_TCELL_2268741,HUMAN_MYELIN_115641,iedb_top_core_hypothesis,sensitivity_only_unresolved,LRIYYSPSI,,excluded_nonprimary_register_status,excluded_unresolved_self_register
EBV_TCELL_2268741::HUMAN_MYELIN_115648,EBV_TCELL_2268741,HUMAN_MYELIN_115648,iedb_top_core_hypothesis,iedb_top_core_hypothesis,LRIYYSPSI,GRTQDENPV,excluded_nonprimary_register_status,eligible_primary_drb1501_resolved_registers
EBV_TCELL_2268741::HUMAN_MYELIN_116079,EBV_TCELL_2268741,HUMAN_MYELIN_116079,iedb_top_core_hypothesis,iedb_top_core_hypothesis,LRIYYSPSI,MDHARHGFL,excluded_nonprimary_register_status,eligible_primary_drb1501_resolved_registers
EBV_TCELL_2268741::HUMAN_MYELIN_116170,EBV_TCELL_2268741,HUMAN_MYELIN_116170,iedb_top_core_hypothesis,iedb_top_core_hypothesis,LRIYYSPSI,VHFFKNIVT,excluded_nonprimary_register_status,eligible_primary_drb1501_resolved_registers
EBV_TCELL_2268741::HUMAN_MYELIN_116911,EBV_TCELL_2268741,HUMAN_MYELIN_116911,iedb_top_core_hypothesis,iedb_top_core_hypothesis,LRIYYSPSI,IAATYNFAV,excluded_nonprimary_register_status,eligible_primary_drb1501_resolved_registers
EBV_TCELL_2268741::HUMAN_MYELIN_116924,EBV_TCELL_2268741,HUMAN_MYELIN_116924,iedb_top_core_hypothesis,iedb_top_core_hypothesis,LRIYYSPSI,HKGFKGVDA,excluded_nonprimary_register_status,eligible_primary_drb1501_resolved_registers
EBV_TCELL_2268741::HUMAN_MYELIN_116976,EBV_TCELL_2268741,HUMAN_MYELIN_116976,iedb_top_core_hypothesis,iedb_top_core_hypothesis,LRIYYSPSI,LSKIFKLGG,excluded_nonprimary_register_status,eligible_primary_drb1501_resolved_registers
EBV_TCELL_2268741::HUMAN_MYELIN_116993,EBV_TCELL_2268741,HUMAN_MYELIN_116993,iedb_top_core_hypothesis,iedb_top_core_hypothesis,LRIYYSPSI,ILDSIGRFF,excluded_nonprimary_register_status,eligible_primary_drb1501_resolved_registers
EBV_TCELL_2268741::HUMAN_MYELIN_116995,EBV_TCELL_2268741,HUMAN_MYELIN_116995,iedb_top_core_hypothesis,iedb_top_core_hypothesis,LRIYYSPSI,TAHYGSLPQ,robust_primary_ranking_eligible,eligible_primary_drb1501_resolved_registers
EBV_TCELL_2268741::HUMAN_MYELIN_117009,EBV_TCELL_2268741,HUMAN_MYELIN_117009,iedb_top_core_hypothesis,iedb_top_core_hypothesis,LRIYYSPSI,DSHHPARTA,excluded_nonprimary_register_status,eligible_primary_drb1501_resolved_registers
EBV_TCELL_2268741::HUMAN_MYELIN_117032,EBV_TCELL_2268741,HUMAN_MYELIN_117032,iedb_top_core_hypothesis,iedb_top_core_hypothesis,LRIYYSPSI,FHLFIAAFV,excluded_nonprimary_register_status,eligible_primary_drb1501_resolved_registers
EBV_TCELL_2268741::HUMAN_MYELIN_117035,EBV_TCELL_2268741,HUMAN_MYELIN_117035,iedb_top_core_hypothesis,iedb_top_core_hypothesis,LRIYYSPSI,LLVFACSAV,excluded_nonprimary_register_status,eligible_primary_drb1501_resolved_registers
EBV_TCELL_2268741::HUMAN_MYELIN_117039,EBV_TCELL_2268741,HUMAN_MYELIN_117039,iedb_top_core_hypothesis,iedb_top_core_hypothesis,LRIYYSPSI,LVGAPFASL,excluded_nonprimary_register_status,eligible_primary_drb1501_resolved_registers
EBV_TCELL_2268741::HUMAN_MYELIN_117117,EBV_TCELL_2268741,HUMAN_MYELIN_117117,iedb_top_core_hypothesis,iedb_top_core_hypothesis,LRIYYSPSI,IHAFQYVIY,excluded_nonprimary_register_status,eligible_primary_drb1501_resolved_registers
EBV_TCELL_2268741::HUMAN_MYELIN_118650,EBV_TCELL_2268741,HUMAN_MYELIN_118650,iedb_top_core_hypothesis,iedb_top_core_hypothesis,LRIYYSPSI,LQYRLRGKL,excluded_nonprimary_register_status,eligible_primary_drb1501_resolved_registers
EBV_TCELL_2268741::HUMAN_MYELIN_119809,EBV_TCELL_2268741,HUMAN_MYELIN_119809,iedb_top_core_hypothesis,iedb_top_core_hypothesis,LRIYYSPSI,TGILDSIGR,excluded_nonprimary_register_status,eligible_primary_drb1501_resolved_registers
EBV_TCELL_2268741::HUMAN_MYELIN_119927,EBV_TCELL_2268741,HUMAN_MYELIN_119927,iedb_top_core_hypothesis,iedb_top_core_hypothesis,LRIYYSPSI,YLATASTMD,excluded_nonprimary_register_status,eligible_primary_drb1501_resolved_registers
EBV_TCELL_2268741::HUMAN_MYELIN_119972,EBV_TCELL_2268741,HUMAN_MYELIN_119972,iedb_top_core_hypothesis,iedb_top_core_hypothesis,LRIYYSPSI,VTPRTPPPS,excluded_nonprimary_register_status,eligible_primary_drb1501_resolved_registers
EBV_TCELL_2268741::HUMAN_MYELIN_119973,EBV_TCELL_2268741,HUMAN_MYELIN_119973,iedb_top_core_hypothesis,iedb_top_core_hypothesis,LRIYYSPSI,VTPRTPPPS,excluded_nonprimary_register_status,eligible_primary_drb1501_resolved_registers
EBV_TCELL_2268741::HUMAN_MYELIN_120169,EBV_TCELL_2268741,HUMAN_MYELIN_120169,iedb_top_core_hypothesis,unresolved_or_flank_dependent_core,LRIYYSPSI,GSKYLATAS,excluded_nonprimary_register_status,excluded_unresolved_self_register
EBV_TCELL_2268741::HUMAN_MYELIN_120170,EBV_TCELL_2268741,HUMAN_MYELIN_120170,iedb_top_core_hypothesis,iedb_top_core_hypothesis,LRIYYSPSI,YLATASTMD,excluded_nonprimary_register_status,eligible_primary_drb1501_resolved_registers
EBV_TCELL_2268741::HUMAN_MYELIN_120201,EBV_TCELL_2268741,HUMAN_MYELIN_120201,iedb_top_core_hypothesis,iedb_top_core_hypothesis,LRIYYSPSI,RTQDENPVV,excluded_nonprimary_register_status,eligible_primary_drb1501_resolved_registers
EBV_TCELL_2268741::HUMAN_MYELIN_13572,EBV_TCELL_2268741,HUMAN_MYELIN_13572,iedb_top_core_hypothesis,experimental_primary_allele_reference,LRIYYSPSI,VHFFKNIVT,excluded_nonprimary_register_status,eligible_primary_drb1501_resolved_registers
EBV_TCELL_2268741::HUMAN_MYELIN_13573,EBV_TCELL_2268741,HUMAN_MYELIN_13573,iedb_top_core_hypothesis,iedb_top_core_hypothesis,LRIYYSPSI,VHFFKNIVT,excluded_nonprimary_register_status,eligible_primary_drb1501_resolved_registers
EBV_TCELL_2268741::HUMAN_MYELIN_35803,EBV_TCELL_2268741,HUMAN_MYELIN_35803,iedb_top_core_hypothesis,iedb_top_core_hypothesis,LRIYYSPSI,LTGTEKLIE,excluded_nonprimary_register_status,eligible_primary_drb1501_resolved_registers
EBV_TCELL_2268741::HUMAN_MYELIN_40353,EBV_TCELL_2268741,HUMAN_MYELIN_40353,iedb_top_core_hypothesis,iedb_top_core_hypothesis,LRIYYSPSI,FASLVATGL,excluded_nonprimary_register_status,eligible_primary_drb1501_resolved_registers
EBV_TCELL_2268741::HUMAN_MYELIN_40762,EBV_TCELL_2268741,HUMAN_MYELIN_40762,iedb_top_core_hypothesis,iedb_top_core_hypothesis,LRIYYSPSI,LLLAEGFYT,excluded_nonprimary_register_status,eligible_primary_drb1501_resolved_registers
EBV_TCELL_2268741::HUMAN_MYELIN_45514,EBV_TCELL_2268741,HUMAN_MYELIN_45514,iedb_top_core_hypothesis,iedb_top_core_hypothesis,LRIYYSPSI,VHFFKNIVT,excluded_nonprimary_register_status,eligible_primary_drb1501_resolved_registers
EBV_TCELL_2268741::HUMAN_MYELIN_51191,EBV_TCELL_2268741,HUMAN_MYELIN_51191,iedb_top_core_hypothesis,iedb_top_core_hypothesis,LRIYYSPSI,RGQHQAHSL,excluded_nonprimary_register_status,eligible_primary_drb1501_resolved_registers
EBV_TCELL_2268741::HUMAN_MYELIN_5516,EBV_TCELL_2268741,HUMAN_MYELIN_5516,iedb_top_core_hypothesis,iedb_top_core_hypothesis,LRIYYSPSI,VYIYFNTWT,limited_coverage_report_only,eligible_primary_drb1501_resolved_registers
EBV_TCELL_2268741::HUMAN_MYELIN_63975,EBV_TCELL_2268741,HUMAN_MYELIN_63975,iedb_top_core_hypothesis,iedb_top_core_hypothesis,LRIYYSPSI,IETYFSKNY,robust_primary_ranking_eligible,eligible_primary_drb1501_resolved_registers
EBV_TCELL_2268741::HUMAN_MYELIN_67907,EBV_TCELL_2268741,HUMAN_MYELIN_67907,iedb_top_core_hypothesis,iedb_top_core_hypothesis,LRIYYSPSI,IFKLGGRDS,excluded_nonprimary_register_status,eligible_primary_drb1501_resolved_registers
EBV_TCELL_2268741::HUMAN_MYELIN_73159,EBV_TCELL_2268741,HUMAN_MYELIN_73159,iedb_top_core_hypothesis,iedb_top_core_hypothesis,LRIYYSPSI,SIAFPSKTS,excluded_nonprimary_register_status,eligible_primary_drb1501_resolved_registers
EBV_TCELL_2268741::HUMAN_MYELIN_80095,EBV_TCELL_2268741,HUMAN_MYELIN_80095,iedb_top_core_hypothesis,iedb_top_core_hypothesis,LRIYYSPSI,VHFFKNIVT,excluded_nonprimary_register_status,eligible_primary_drb1501_resolved_registers
EBV_TCELL_2268933::HUMAN_MYELIN_111192,EBV_TCELL_2268933,HUMAN_MYELIN_111192,iedb_top_core_hypothesis,iedb_top_core_hypothesis,ILIYNGWYA,VHFFKNIVT,excluded_nonprimary_register_status,eligible_primary_drb1501_resolved_registers
EBV_TCELL_2268933::HUMAN_MYELIN_112037,EBV_TCELL_2268933,HUMAN_MYELIN_112037,iedb_top_core_hypothesis,iedb_top_core_hypothesis,ILIYNGWYA,IFKLGGRDS,excluded_nonprimary_register_status,eligible_primary_drb1501_resolved_registers
EBV_TCELL_2268933::HUMAN_MYELIN_112191,EBV_TCELL_2268933,HUMAN_MYELIN_112191,iedb_top_core_hypothesis,iedb_top_core_hypothesis,ILIYNGWYA,MDHARHGFL,excluded_nonprimary_register_status,eligible_primary_drb1501_resolved_registers
EBV_TCELL_2268933::HUMAN_MYELIN_112214,EBV_TCELL_2268933,HUMAN_MYELIN_112214,iedb_top_core_hypothesis,iedb_top_core_hypothesis,ILIYNGWYA,WGAEGQRPG,excluded_nonprimary_register_status,eligible_primary_drb1501_resolved_registers
EBV_TCELL_2268933::HUMAN_MYELIN_112226,EBV_TCELL_2268933,HUMAN_MYELIN_112226,iedb_top_core_hypothesis,iedb_top_core_hypothesis,ILIYNGWYA,FSRVVHLYR,excluded_nonprimary_register_status,eligible_primary_drb1501_resolved_registers
EBV_TCELL_2268933::HUMAN_MYELIN_112319,EBV_TCELL_2268933,HUMAN_MYELIN_112319,iedb_top_core_hypothesis,iedb_top_core_hypothesis,ILIYNGWYA,IFKLGGRDS,excluded_nonprimary_register_status,eligible_primary_drb1501_resolved_registers
EBV_TCELL_2268933::HUMAN_MYELIN_112354,EBV_TCELL_2268933,HUMAN_MYELIN_112354,iedb_top_core_hypothesis,iedb_top_core_hypothesis,ILIYNGWYA,IETYFSKNY,excluded_nonprimary_register_status,eligible_primary_drb1501_resolved_registers
EBV_TCELL_2268933::HUMAN_MYELIN_112393,EBV_TCELL_2268933,HUMAN_MYELIN_112393,iedb_top_core_hypothesis,iedb_top_core_hypothesis,ILIYNGWYA,VHFFKNIVT,excluded_nonprimary_register_status,eligible_primary_drb1501_resolved_registers
EBV_TCELL_2268933::HUMAN_MYELIN_112603,EBV_TCELL_2268933,HUMAN_MYELIN_112603,iedb_top_core_hypothesis,iedb_top_core_hypothesis,ILIYNGWYA,VLKLMGRGT,excluded_nonprimary_register_status,eligible_primary_drb1501_resolved_registers
EBV_TCELL_2268933::HUMAN_MYELIN_112756,EBV_TCELL_2268933,HUMAN_MYELIN_112756,iedb_top_core_hypothesis,iedb_top_core_hypothesis,ILIYNGWYA,FGDYKTTIC,excluded_nonprimary_register_status,eligible_primary_drb1501_resolved_registers
EBV_TCELL_2268933::HUMAN_MYELIN_112782,EBV_TCELL_2268933,HUMAN_MYELIN_112782,iedb_top_core_hypothesis,iedb_top_core_hypothesis,ILIYNGWYA,HHPARTAHY,excluded_nonprimary_register_status,eligible_primary_drb1501_resolved_registers
EBV_TCELL_2268933::HUMAN_MYELIN_114366,EBV_TCELL_2268933,HUMAN_MYELIN_114366,iedb_top_core_hypothesis,iedb_top_core_hypothesis,ILIYNGWYA,LSRFSWGAE,excluded_nonprimary_register_status,eligible_primary_drb1501_resolved_registers
EBV_TCELL_2268933::HUMAN_MYELIN_114566,EBV_TCELL_2268933,HUMAN_MYELIN_114566,iedb_top_core_hypothesis,iedb_top_core_hypothesis,ILIYNGWYA,IGRFFGGDR,excluded_nonprimary_register_status,eligible_primary_drb1501_resolved_registers
EBV_TCELL_2268933::HUMAN_MYELIN_114765,EBV_TCELL_2268933,HUMAN_MYELIN_114765,iedb_top_core_hypothesis,iedb_top_core_hypothesis,ILIYNGWYA,ENPVVHFFK,excluded_nonprimary_register_status,eligible_primary_drb1501_resolved_registers
EBV_TCELL_2268933::HUMAN_MYELIN_114806,EBV_TCELL_2268933,HUMAN_MYELIN_114806,iedb_top_core_hypothesis,iedb_top_core_hypothesis,ILIYNGWYA,VHFFKNIVT,excluded_nonprimary_register_status,eligible_primary_drb1501_resolved_registers
EBV_TCELL_2268933::HUMAN_MYELIN_114925,EBV_TCELL_2268933,HUMAN_MYELIN_114925,iedb_top_core_hypothesis,iedb_top_core_hypothesis,ILIYNGWYA,VHFFKNIVT,excluded_nonprimary_register_status,eligible_primary_drb1501_resolved_registers
EBV_TCELL_2268933::HUMAN_MYELIN_115061,EBV_TCELL_2268933,HUMAN_MYELIN_115061,iedb_top_core_hypothesis,iedb_top_core_hypothesis,ILIYNGWYA,FKGVDAQGT,excluded_nonprimary_register_status,eligible_primary_drb1501_resolved_registers
EBV_TCELL_2268933::HUMAN_MYELIN_115622,EBV_TCELL_2268933,HUMAN_MYELIN_115622,iedb_top_core_hypothesis,iedb_top_core_hypothesis,ILIYNGWYA,VTPRTPPPS,excluded_nonprimary_register_status,eligible_primary_drb1501_resolved_registers
EBV_TCELL_2268933::HUMAN_MYELIN_115636,EBV_TCELL_2268933,HUMAN_MYELIN_115636,iedb_top_core_hypothesis,iedb_top_core_hypothesis,ILIYNGWYA,LSLSRFSWG,excluded_nonprimary_register_status,eligible_primary_drb1501_resolved_registers
EBV_TCELL_2268933::HUMAN_MYELIN_115641,EBV_TCELL_2268933,HUMAN_MYELIN_115641,iedb_top_core_hypothesis,sensitivity_only_unresolved,ILIYNGWYA,,excluded_nonprimary_register_status,excluded_unresolved_self_register
EBV_TCELL_2268933::HUMAN_MYELIN_115648,EBV_TCELL_2268933,HUMAN_MYELIN_115648,iedb_top_core_hypothesis,iedb_top_core_hypothesis,ILIYNGWYA,GRTQDENPV,excluded_nonprimary_register_status,eligible_primary_drb1501_resolved_registers
EBV_TCELL_2268933::HUMAN_MYELIN_116079,EBV_TCELL_2268933,HUMAN_MYELIN_116079,iedb_top_core_hypothesis,iedb_top_core_hypothesis,ILIYNGWYA,MDHARHGFL,excluded_nonprimary_register_status,eligible_primary_drb1501_resolved_registers
EBV_TCELL_2268933::HUMAN_MYELIN_116170,EBV_TCELL_2268933,HUMAN_MYELIN_116170,iedb_top_core_hypothesis,iedb_top_core_hypothesis,ILIYNGWYA,VHFFKNIVT,excluded_nonprimary_register_status,eligible_primary_drb1501_resolved_registers
EBV_TCELL_2268933::HUMAN_MYELIN_116911,EBV_TCELL_2268933,HUMAN_MYELIN_116911,iedb_top_core_hypothesis,iedb_top_core_hypothesis,ILIYNGWYA,IAATYNFAV,excluded_nonprimary_register_status,eligible_primary_drb1501_resolved_registers
EBV_TCELL_2268933::HUMAN_MYELIN_116924,EBV_TCELL_2268933,HUMAN_MYELIN_116924,iedb_top_core_hypothesis,iedb_top_core_hypothesis,ILIYNGWYA,HKGFKGVDA,excluded_nonprimary_register_status,eligible_primary_drb1501_resolved_registers
EBV_TCELL_2268933::HUMAN_MYELIN_116976,EBV_TCELL_2268933,HUMAN_MYELIN_116976,iedb_top_core_hypothesis,iedb_top_core_hypothesis,ILIYNGWYA,LSKIFKLGG,excluded_nonprimary_register_status,eligible_primary_drb1501_resolved_registers
EBV_TCELL_2268933::HUMAN_MYELIN_116993,EBV_TCELL_2268933,HUMAN_MYELIN_116993,iedb_top_core_hypothesis,iedb_top_core_hypothesis,ILIYNGWYA,ILDSIGRFF,limited_coverage_report_only,eligible_primary_drb1501_resolved_registers
EBV_TCELL_2268933::HUMAN_MYELIN_116995,EBV_TCELL_2268933,HUMAN_MYELIN_116995,iedb_top_core_hypothesis,iedb_top_core_hypothesis,ILIYNGWYA,TAHYGSLPQ,excluded_nonprimary_register_status,eligible_primary_drb1501_resolved_registers
EBV_TCELL_2268933::HUMAN_MYELIN_117009,EBV_TCELL_2268933,HUMAN_MYELIN_117009,iedb_top_core_hypothesis,iedb_top_core_hypothesis,ILIYNGWYA,DSHHPARTA,excluded_nonprimary_register_status,eligible_primary_drb1501_resolved_registers
EBV_TCELL_2268933::HUMAN_MYELIN_117032,EBV_TCELL_2268933,HUMAN_MYELIN_117032,iedb_top_core_hypothesis,iedb_top_core_hypothesis,ILIYNGWYA,FHLFIAAFV,excluded_nonprimary_register_status,eligible_primary_drb1501_resolved_registers
EBV_TCELL_2268933::HUMAN_MYELIN_117035,EBV_TCELL_2268933,HUMAN_MYELIN_117035,iedb_top_core_hypothesis,iedb_top_core_hypothesis,ILIYNGWYA,LLVFACSAV,excluded_nonprimary_register_status,eligible_primary_drb1501_resolved_registers
EBV_TCELL_2268933::HUMAN_MYELIN_117039,EBV_TCELL_2268933,HUMAN_MYELIN_117039,iedb_top_core_hypothesis,iedb_top_core_hypothesis,ILIYNGWYA,LVGAPFASL,excluded_nonprimary_register_status,eligible_primary_drb1501_resolved_registers
EBV_TCELL_2268933::HUMAN_MYELIN_117117,EBV_TCELL_2268933,HUMAN_MYELIN_117117,iedb_top_core_hypothesis,iedb_top_core_hypothesis,ILIYNGWYA,IHAFQYVIY,excluded_nonprimary_register_status,eligible_primary_drb1501_resolved_registers
EBV_TCELL_2268933::HUMAN_MYELIN_118650,EBV_TCELL_2268933,HUMAN_MYELIN_118650,iedb_top_core_hypothesis,iedb_top_core_hypothesis,ILIYNGWYA,LQYRLRGKL,excluded_nonprimary_register_status,eligible_primary_drb1501_resolved_registers
EBV_TCELL_2268933::HUMAN_MYELIN_119809,EBV_TCELL_2268933,HUMAN_MYELIN_119809,iedb_top_core_hypothesis,iedb_top_core_hypothesis,ILIYNGWYA,TGILDSIGR,excluded_nonprimary_register_status,eligible_primary_drb1501_resolved_registers
EBV_TCELL_2268933::HUMAN_MYELIN_119927,EBV_TCELL_2268933,HUMAN_MYELIN_119927,iedb_top_core_hypothesis,iedb_top_core_hypothesis,ILIYNGWYA,YLATASTMD,excluded_nonprimary_register_status,eligible_primary_drb1501_resolved_registers
EBV_TCELL_2268933::HUMAN_MYELIN_119972,EBV_TCELL_2268933,HUMAN_MYELIN_119972,iedb_top_core_hypothesis,iedb_top_core_hypothesis,ILIYNGWYA,VTPRTPPPS,excluded_nonprimary_register_status,eligible_primary_drb1501_resolved_registers
EBV_TCELL_2268933::HUMAN_MYELIN_119973,EBV_TCELL_2268933,HUMAN_MYELIN_119973,iedb_top_core_hypothesis,iedb_top_core_hypothesis,ILIYNGWYA,VTPRTPPPS,excluded_nonprimary_register_status,eligible_primary_drb1501_resolved_registers
EBV_TCELL_2268933::HUMAN_MYELIN_120169,EBV_TCELL_2268933,HUMAN_MYELIN_120169,iedb_top_core_hypothesis,unresolved_or_flank_dependent_core,ILIYNGWYA,GSKYLATAS,excluded_nonprimary_register_status,excluded_unresolved_self_register
EBV_TCELL_2268933::HUMAN_MYELIN_120170,EBV_TCELL_2268933,HUMAN_MYELIN_120170,iedb_top_core_hypothesis,iedb_top_core_hypothesis,ILIYNGWYA,YLATASTMD,excluded_nonprimary_register_status,eligible_primary_drb1501_resolved_registers
EBV_TCELL_2268933::HUMAN_MYELIN_120201,EBV_TCELL_2268933,HUMAN_MYELIN_120201,iedb_top_core_hypothesis,iedb_top_core_hypothesis,ILIYNGWYA,RTQDENPVV,excluded_nonprimary_register_status,eligible_primary_drb1501_resolved_registers
EBV_TCELL_2268933::HUMAN_MYELIN_13572,EBV_TCELL_2268933,HUMAN_MYELIN_13572,iedb_top_core_hypothesis,experimental_primary_allele_reference,ILIYNGWYA,VHFFKNIVT,excluded_nonprimary_register_status,eligible_primary_drb1501_resolved_registers
EBV_TCELL_2268933::HUMAN_MYELIN_13573,EBV_TCELL_2268933,HUMAN_MYELIN_13573,iedb_top_core_hypothesis,iedb_top_core_hypothesis,ILIYNGWYA,VHFFKNIVT,excluded_nonprimary_register_status,eligible_primary_drb1501_resolved_registers
EBV_TCELL_2268933::HUMAN_MYELIN_35803,EBV_TCELL_2268933,HUMAN_MYELIN_35803,iedb_top_core_hypothesis,iedb_top_core_hypothesis,ILIYNGWYA,LTGTEKLIE,excluded_nonprimary_register_status,eligible_primary_drb1501_resolved_registers
EBV_TCELL_2268933::HUMAN_MYELIN_40353,EBV_TCELL_2268933,HUMAN_MYELIN_40353,iedb_top_core_hypothesis,iedb_top_core_hypothesis,ILIYNGWYA,FASLVATGL,excluded_nonprimary_register_status,eligible_primary_drb1501_resolved_registers
EBV_TCELL_2268933::HUMAN_MYELIN_40762,EBV_TCELL_2268933,HUMAN_MYELIN_40762,iedb_top_core_hypothesis,iedb_top_core_hypothesis,ILIYNGWYA,LLLAEGFYT,robust_primary_ranking_eligible,eligible_primary_drb1501_resolved_registers
EBV_TCELL_2268933::HUMAN_MYELIN_45514,EBV_TCELL_2268933,HUMAN_MYELIN_45514,iedb_top_core_hypothesis,iedb_top_core_hypothesis,ILIYNGWYA,VHFFKNIVT,excluded_nonprimary_register_status,eligible_primary_drb1501_resolved_registers
EBV_TCELL_2268933::HUMAN_MYELIN_51191,EBV_TCELL_2268933,HUMAN_MYELIN_51191,iedb_top_core_hypothesis,iedb_top_core_hypothesis,ILIYNGWYA,RGQHQAHSL,excluded_nonprimary_register_status,eligible_primary_drb1501_resolved_registers
EBV_TCELL_2268933::HUMAN_MYELIN_5516,EBV_TCELL_2268933,HUMAN_MYELIN_5516,iedb_top_core_hypothesis,iedb_top_core_hypothesis,ILIYNGWYA,VYIYFNTWT,limited_coverage_report_only,eligible_primary_drb1501_resolved_registers
EBV_TCELL_2268933::HUMAN_MYELIN_63975,EBV_TCELL_2268933,HUMAN_MYELIN_63975,iedb_top_core_hypothesis,iedb_top_core_hypothesis,ILIYNGWYA,IETYFSKNY,excluded_nonprimary_register_status,eligible_primary_drb1501_resolved_registers
EBV_TCELL_2268933::HUMAN_MYELIN_67907,EBV_TCELL_2268933,HUMAN_MYELIN_67907,iedb_top_core_hypothesis,iedb_top_core_hypothesis,ILIYNGWYA,IFKLGGRDS,excluded_nonprimary_register_status,eligible_primary_drb1501_resolved_registers
EBV_TCELL_2268933::HUMAN_MYELIN_73159,EBV_TCELL_2268933,HUMAN_MYELIN_73159,iedb_top_core_hypothesis,iedb_top_core_hypothesis,ILIYNGWYA,SIAFPSKTS,excluded_nonprimary_register_status,eligible_primary_drb1501_resolved_registers
EBV_TCELL_2268933::HUMAN_MYELIN_80095,EBV_TCELL_2268933,HUMAN_MYELIN_80095,iedb_top_core_hypothesis,iedb_top_core_hypothesis,ILIYNGWYA,VHFFKNIVT,excluded_nonprimary_register_status,eligible_primary_drb1501_resolved_registers
EBV_TCELL_2268934::HUMAN_MYELIN_111192,EBV_TCELL_2268934,HUMAN_MYELIN_111192,iedb_top_core_hypothesis,iedb_top_core_hypothesis,FVHYANFHN,VHFFKNIVT,excluded_nonprimary_register_status,eligible_primary_drb1501_resolved_registers
EBV_TCELL_2268934::HUMAN_MYELIN_112037,EBV_TCELL_2268934,HUMAN_MYELIN_112037,iedb_top_core_hypothesis,iedb_top_core_hypothesis,FVHYANFHN,IFKLGGRDS,excluded_nonprimary_register_status,eligible_primary_drb1501_resolved_registers
EBV_TCELL_2268934::HUMAN_MYELIN_112191,EBV_TCELL_2268934,HUMAN_MYELIN_112191,iedb_top_core_hypothesis,iedb_top_core_hypothesis,FVHYANFHN,MDHARHGFL,excluded_nonprimary_register_status,eligible_primary_drb1501_resolved_registers
EBV_TCELL_2268934::HUMAN_MYELIN_112214,EBV_TCELL_2268934,HUMAN_MYELIN_112214,iedb_top_core_hypothesis,iedb_top_core_hypothesis,FVHYANFHN,WGAEGQRPG,excluded_nonprimary_register_status,eligible_primary_drb1501_resolved_registers
EBV_TCELL_2268934::HUMAN_MYELIN_112226,EBV_TCELL_2268934,HUMAN_MYELIN_112226,iedb_top_core_hypothesis,iedb_top_core_hypothesis,FVHYANFHN,FSRVVHLYR,excluded_nonprimary_register_status,eligible_primary_drb1501_resolved_registers
EBV_TCELL_2268934::HUMAN_MYELIN_112319,EBV_TCELL_2268934,HUMAN_MYELIN_112319,iedb_top_core_hypothesis,iedb_top_core_hypothesis,FVHYANFHN,IFKLGGRDS,excluded_nonprimary_register_status,eligible_primary_drb1501_resolved_registers
EBV_TCELL_2268934::HUMAN_MYELIN_112354,EBV_TCELL_2268934,HUMAN_MYELIN_112354,iedb_top_core_hypothesis,iedb_top_core_hypothesis,FVHYANFHN,IETYFSKNY,excluded_nonprimary_register_status,eligible_primary_drb1501_resolved_registers
EBV_TCELL_2268934::HUMAN_MYELIN_112393,EBV_TCELL_2268934,HUMAN_MYELIN_112393,iedb_top_core_hypothesis,iedb_top_core_hypothesis,FVHYANFHN,VHFFKNIVT,excluded_nonprimary_register_status,eligible_primary_drb1501_resolved_registers
EBV_TCELL_2268934::HUMAN_MYELIN_112603,EBV_TCELL_2268934,HUMAN_MYELIN_112603,iedb_top_core_hypothesis,iedb_top_core_hypothesis,FVHYANFHN,VLKLMGRGT,excluded_nonprimary_register_status,eligible_primary_drb1501_resolved_registers
EBV_TCELL_2268934::HUMAN_MYELIN_112756,EBV_TCELL_2268934,HUMAN_MYELIN_112756,iedb_top_core_hypothesis,iedb_top_core_hypothesis,FVHYANFHN,FGDYKTTIC,excluded_nonprimary_register_status,eligible_primary_drb1501_resolved_registers
EBV_TCELL_2268934::HUMAN_MYELIN_112782,EBV_TCELL_2268934,HUMAN_MYELIN_112782,iedb_top_core_hypothesis,iedb_top_core_hypothesis,FVHYANFHN,HHPARTAHY,excluded_nonprimary_register_status,eligible_primary_drb1501_resolved_registers
EBV_TCELL_2268934::HUMAN_MYELIN_114366,EBV_TCELL_2268934,HUMAN_MYELIN_114366,iedb_top_core_hypothesis,iedb_top_core_hypothesis,FVHYANFHN,LSRFSWGAE,excluded_nonprimary_register_status,eligible_primary_drb1501_resolved_registers
EBV_TCELL_2268934::HUMAN_MYELIN_114566,EBV_TCELL_2268934,HUMAN_MYELIN_114566,iedb_top_core_hypothesis,iedb_top_core_hypothesis,FVHYANFHN,IGRFFGGDR,excluded_nonprimary_register_status,eligible_primary_drb1501_resolved_registers
EBV_TCELL_2268934::HUMAN_MYELIN_114765,EBV_TCELL_2268934,HUMAN_MYELIN_114765,iedb_top_core_hypothesis,iedb_top_core_hypothesis,FVHYANFHN,ENPVVHFFK,excluded_nonprimary_register_status,eligible_primary_drb1501_resolved_registers
EBV_TCELL_2268934::HUMAN_MYELIN_114806,EBV_TCELL_2268934,HUMAN_MYELIN_114806,iedb_top_core_hypothesis,iedb_top_core_hypothesis,FVHYANFHN,VHFFKNIVT,excluded_nonprimary_register_status,eligible_primary_drb1501_resolved_registers
EBV_TCELL_2268934::HUMAN_MYELIN_114925,EBV_TCELL_2268934,HUMAN_MYELIN_114925,iedb_top_core_hypothesis,iedb_top_core_hypothesis,FVHYANFHN,VHFFKNIVT,excluded_nonprimary_register_status,eligible_primary_drb1501_resolved_registers
EBV_TCELL_2268934::HUMAN_MYELIN_115061,EBV_TCELL_2268934,HUMAN_MYELIN_115061,iedb_top_core_hypothesis,iedb_top_core_hypothesis,FVHYANFHN,FKGVDAQGT,excluded_nonprimary_register_status,eligible_primary_drb1501_resolved_registers
EBV_TCELL_2268934::HUMAN_MYELIN_115622,EBV_TCELL_2268934,HUMAN_MYELIN_115622,iedb_top_core_hypothesis,iedb_top_core_hypothesis,FVHYANFHN,VTPRTPPPS,excluded_nonprimary_register_status,eligible_primary_drb1501_resolved_registers
EBV_TCELL_2268934::HUMAN_MYELIN_115636,EBV_TCELL_2268934,HUMAN_MYELIN_115636,iedb_top_core_hypothesis,iedb_top_core_hypothesis,FVHYANFHN,LSLSRFSWG,excluded_nonprimary_register_status,eligible_primary_drb1501_resolved_registers
EBV_TCELL_2268934::HUMAN_MYELIN_115641,EBV_TCELL_2268934,HUMAN_MYELIN_115641,iedb_top_core_hypothesis,sensitivity_only_unresolved,FVHYANFHN,,excluded_nonprimary_register_status,excluded_unresolved_self_register
EBV_TCELL_2268934::HUMAN_MYELIN_115648,EBV_TCELL_2268934,HUMAN_MYELIN_115648,iedb_top_core_hypothesis,iedb_top_core_hypothesis,FVHYANFHN,GRTQDENPV,excluded_nonprimary_register_status,eligible_primary_drb1501_resolved_registers
EBV_TCELL_2268934::HUMAN_MYELIN_116079,EBV_TCELL_2268934,HUMAN_MYELIN_116079,iedb_top_core_hypothesis,iedb_top_core_hypothesis,FVHYANFHN,MDHARHGFL,excluded_nonprimary_register_status,eligible_primary_drb1501_resolved_registers
EBV_TCELL_2268934::HUMAN_MYELIN_116170,EBV_TCELL_2268934,HUMAN_MYELIN_116170,iedb_top_core_hypothesis,iedb_top_core_hypothesis,FVHYANFHN,VHFFKNIVT,excluded_nonprimary_register_status,eligible_primary_drb1501_resolved_registers
EBV_TCELL_2268934::HUMAN_MYELIN_116911,EBV_TCELL_2268934,HUMAN_MYELIN_116911,iedb_top_core_hypothesis,iedb_top_core_hypothesis,FVHYANFHN,IAATYNFAV,excluded_nonprimary_register_status,eligible_primary_drb1501_resolved_registers
EBV_TCELL_2268934::HUMAN_MYELIN_116924,EBV_TCELL_2268934,HUMAN_MYELIN_116924,iedb_top_core_hypothesis,iedb_top_core_hypothesis,FVHYANFHN,HKGFKGVDA,excluded_nonprimary_register_status,eligible_primary_drb1501_resolved_registers
EBV_TCELL_2268934::HUMAN_MYELIN_116976,EBV_TCELL_2268934,HUMAN_MYELIN_116976,iedb_top_core_hypothesis,iedb_top_core_hypothesis,FVHYANFHN,LSKIFKLGG,excluded_nonprimary_register_status,eligible_primary_drb1501_resolved_registers
EBV_TCELL_2268934::HUMAN_MYELIN_116993,EBV_TCELL_2268934,HUMAN_MYELIN_116993,iedb_top_core_hypothesis,iedb_top_core_hypothesis,FVHYANFHN,ILDSIGRFF,excluded_nonprimary_register_status,eligible_primary_drb1501_resolved_registers
EBV_TCELL_2268934::HUMAN_MYELIN_116995,EBV_TCELL_2268934,HUMAN_MYELIN_116995,iedb_top_core_hypothesis,iedb_top_core_hypothesis,FVHYANFHN,TAHYGSLPQ,limited_coverage_report_only,eligible_primary_drb1501_resolved_registers
EBV_TCELL_2268934::HUMAN_MYELIN_117009,EBV_TCELL_2268934,HUMAN_MYELIN_117009,iedb_top_core_hypothesis,iedb_top_core_hypothesis,FVHYANFHN,DSHHPARTA,excluded_nonprimary_register_status,eligible_primary_drb1501_resolved_registers
EBV_TCELL_2268934::HUMAN_MYELIN_117032,EBV_TCELL_2268934,HUMAN_MYELIN_117032,iedb_top_core_hypothesis,iedb_top_core_hypothesis,FVHYANFHN,FHLFIAAFV,limited_coverage_report_only,eligible_primary_drb1501_resolved_registers
EBV_TCELL_2268934::HUMAN_MYELIN_117035,EBV_TCELL_2268934,HUMAN_MYELIN_117035,iedb_top_core_hypothesis,iedb_top_core_hypothesis,FVHYANFHN,LLVFACSAV,excluded_nonprimary_register_status,eligible_primary_drb1501_resolved_registers
EBV_TCELL_2268934::HUMAN_MYELIN_117039,EBV_TCELL_2268934,HUMAN_MYELIN_117039,iedb_top_core_hypothesis,iedb_top_core_hypothesis,FVHYANFHN,LVGAPFASL,excluded_nonprimary_register_status,eligible_primary_drb1501_resolved_registers
EBV_TCELL_2268934::HUMAN_MYELIN_117117,EBV_TCELL_2268934,HUMAN_MYELIN_117117,iedb_top_core_hypothesis,iedb_top_core_hypothesis,FVHYANFHN,IHAFQYVIY,excluded_nonprimary_register_status,eligible_primary_drb1501_resolved_registers
EBV_TCELL_2268934::HUMAN_MYELIN_118650,EBV_TCELL_2268934,HUMAN_MYELIN_118650,iedb_top_core_hypothesis,iedb_top_core_hypothesis,FVHYANFHN,LQYRLRGKL,excluded_nonprimary_register_status,eligible_primary_drb1501_resolved_registers
EBV_TCELL_2268934::HUMAN_MYELIN_119809,EBV_TCELL_2268934,HUMAN_MYELIN_119809,iedb_top_core_hypothesis,iedb_top_core_hypothesis,FVHYANFHN,TGILDSIGR,excluded_nonprimary_register_status,eligible_primary_drb1501_resolved_registers
EBV_TCELL_2268934::HUMAN_MYELIN_119927,EBV_TCELL_2268934,HUMAN_MYELIN_119927,iedb_top_core_hypothesis,iedb_top_core_hypothesis,FVHYANFHN,YLATASTMD,excluded_nonprimary_register_status,eligible_primary_drb1501_resolved_registers
EBV_TCELL_2268934::HUMAN_MYELIN_119972,EBV_TCELL_2268934,HUMAN_MYELIN_119972,iedb_top_core_hypothesis,iedb_top_core_hypothesis,FVHYANFHN,VTPRTPPPS,excluded_nonprimary_register_status,eligible_primary_drb1501_resolved_registers
EBV_TCELL_2268934::HUMAN_MYELIN_119973,EBV_TCELL_2268934,HUMAN_MYELIN_119973,iedb_top_core_hypothesis,iedb_top_core_hypothesis,FVHYANFHN,VTPRTPPPS,excluded_nonprimary_register_status,eligible_primary_drb1501_resolved_registers
EBV_TCELL_2268934::HUMAN_MYELIN_120169,EBV_TCELL_2268934,HUMAN_MYELIN_120169,iedb_top_core_hypothesis,unresolved_or_flank_dependent_core,FVHYANFHN,GSKYLATAS,excluded_nonprimary_register_status,excluded_unresolved_self_register
EBV_TCELL_2268934::HUMAN_MYELIN_120170,EBV_TCELL_2268934,HUMAN_MYELIN_120170,iedb_top_core_hypothesis,iedb_top_core_hypothesis,FVHYANFHN,YLATASTMD,excluded_nonprimary_register_status,eligible_primary_drb1501_resolved_registers
EBV_TCELL_2268934::HUMAN_MYELIN_120201,EBV_TCELL_2268934,HUMAN_MYELIN_120201,iedb_top_core_hypothesis,iedb_top_core_hypothesis,FVHYANFHN,RTQDENPVV,excluded_nonprimary_register_status,eligible_primary_drb1501_resolved_registers
EBV_TCELL_2268934::HUMAN_MYELIN_13572,EBV_TCELL_2268934,HUMAN_MYELIN_13572,iedb_top_core_hypothesis,experimental_primary_allele_reference,FVHYANFHN,VHFFKNIVT,excluded_nonprimary_register_status,eligible_primary_drb1501_resolved_registers
EBV_TCELL_2268934::HUMAN_MYELIN_13573,EBV_TCELL_2268934,HUMAN_MYELIN_13573,iedb_top_core_hypothesis,iedb_top_core_hypothesis,FVHYANFHN,VHFFKNIVT,excluded_nonprimary_register_status,eligible_primary_drb1501_resolved_registers
EBV_TCELL_2268934::HUMAN_MYELIN_35803,EBV_TCELL_2268934,HUMAN_MYELIN_35803,iedb_top_core_hypothesis,iedb_top_core_hypothesis,FVHYANFHN,LTGTEKLIE,excluded_nonprimary_register_status,eligible_primary_drb1501_resolved_registers
EBV_TCELL_2268934::HUMAN_MYELIN_40353,EBV_TCELL_2268934,HUMAN_MYELIN_40353,iedb_top_core_hypothesis,iedb_top_core_hypothesis,FVHYANFHN,FASLVATGL,excluded_nonprimary_register_status,eligible_primary_drb1501_resolved_registers
EBV_TCELL_2268934::HUMAN_MYELIN_40762,EBV_TCELL_2268934,HUMAN_MYELIN_40762,iedb_top_core_hypothesis,iedb_top_core_hypothesis,FVHYANFHN,LLLAEGFYT,excluded_nonprimary_register_status,eligible_primary_drb1501_resolved_registers
EBV_TCELL_2268934::HUMAN_MYELIN_45514,EBV_TCELL_2268934,HUMAN_MYELIN_45514,iedb_top_core_hypothesis,iedb_top_core_hypothesis,FVHYANFHN,VHFFKNIVT,excluded_nonprimary_register_status,eligible_primary_drb1501_resolved_registers
EBV_TCELL_2268934::HUMAN_MYELIN_51191,EBV_TCELL_2268934,HUMAN_MYELIN_51191,iedb_top_core_hypothesis,iedb_top_core_hypothesis,FVHYANFHN,RGQHQAHSL,excluded_nonprimary_register_status,eligible_primary_drb1501_resolved_registers
EBV_TCELL_2268934::HUMAN_MYELIN_5516,EBV_TCELL_2268934,HUMAN_MYELIN_5516,iedb_top_core_hypothesis,iedb_top_core_hypothesis,FVHYANFHN,VYIYFNTWT,excluded_nonprimary_register_status,eligible_primary_drb1501_resolved_registers
EBV_TCELL_2268934::HUMAN_MYELIN_63975,EBV_TCELL_2268934,HUMAN_MYELIN_63975,iedb_top_core_hypothesis,iedb_top_core_hypothesis,FVHYANFHN,IETYFSKNY,excluded_nonprimary_register_status,eligible_primary_drb1501_resolved_registers
EBV_TCELL_2268934::HUMAN_MYELIN_67907,EBV_TCELL_2268934,HUMAN_MYELIN_67907,iedb_top_core_hypothesis,iedb_top_core_hypothesis,FVHYANFHN,IFKLGGRDS,excluded_nonprimary_register_status,eligible_primary_drb1501_resolved_registers
EBV_TCELL_2268934::HUMAN_MYELIN_73159,EBV_TCELL_2268934,HUMAN_MYELIN_73159,iedb_top_core_hypothesis,iedb_top_core_hypothesis,FVHYANFHN,SIAFPSKTS,excluded_nonprimary_register_status,eligible_primary_drb1501_resolved_registers
EBV_TCELL_2268934::HUMAN_MYELIN_80095,EBV_TCELL_2268934,HUMAN_MYELIN_80095,iedb_top_core_hypothesis,iedb_top_core_hypothesis,FVHYANFHN,VHFFKNIVT,excluded_nonprimary_register_status,eligible_primary_drb1501_resolved_registers
EBV_TCELL_63843::HUMAN_MYELIN_111192,EBV_TCELL_63843,HUMAN_MYELIN_111192,calibration_only_nonprimary_allele,iedb_top_core_hypothesis,YHFVKKHVH,VHFFKNIVT,excluded_nonprimary_register_status,excluded_nonprimary_hla
EBV_TCELL_63843::HUMAN_MYELIN_112037,EBV_TCELL_63843,HUMAN_MYELIN_112037,calibration_only_nonprimary_allele,iedb_top_core_hypothesis,YHFVKKHVH,IFKLGGRDS,excluded_nonprimary_register_status,excluded_nonprimary_hla
EBV_TCELL_63843::HUMAN_MYELIN_112191,EBV_TCELL_63843,HUMAN_MYELIN_112191,calibration_only_nonprimary_allele,iedb_top_core_hypothesis,YHFVKKHVH,MDHARHGFL,excluded_nonprimary_register_status,excluded_nonprimary_hla
EBV_TCELL_63843::HUMAN_MYELIN_112214,EBV_TCELL_63843,HUMAN_MYELIN_112214,calibration_only_nonprimary_allele,iedb_top_core_hypothesis,YHFVKKHVH,WGAEGQRPG,excluded_nonprimary_register_status,excluded_nonprimary_hla
EBV_TCELL_63843::HUMAN_MYELIN_112226,EBV_TCELL_63843,HUMAN_MYELIN_112226,calibration_only_nonprimary_allele,iedb_top_core_hypothesis,YHFVKKHVH,FSRVVHLYR,excluded_nonprimary_register_status,excluded_nonprimary_hla
EBV_TCELL_63843::HUMAN_MYELIN_112319,EBV_TCELL_63843,HUMAN_MYELIN_112319,calibration_only_nonprimary_allele,iedb_top_core_hypothesis,YHFVKKHVH,IFKLGGRDS,excluded_nonprimary_register_status,excluded_nonprimary_hla
EBV_TCELL_63843::HUMAN_MYELIN_112354,EBV_TCELL_63843,HUMAN_MYELIN_112354,calibration_only_nonprimary_allele,iedb_top_core_hypothesis,YHFVKKHVH,IETYFSKNY,excluded_nonprimary_register_status,excluded_nonprimary_hla
EBV_TCELL_63843::HUMAN_MYELIN_112393,EBV_TCELL_63843,HUMAN_MYELIN_112393,calibration_only_nonprimary_allele,iedb_top_core_hypothesis,YHFVKKHVH,VHFFKNIVT,excluded_nonprimary_register_status,excluded_nonprimary_hla
EBV_TCELL_63843::HUMAN_MYELIN_112603,EBV_TCELL_63843,HUMAN_MYELIN_112603,calibration_only_nonprimary_allele,iedb_top_core_hypothesis,YHFVKKHVH,VLKLMGRGT,excluded_nonprimary_register_status,excluded_nonprimary_hla
EBV_TCELL_63843::HUMAN_MYELIN_112756,EBV_TCELL_63843,HUMAN_MYELIN_112756,calibration_only_nonprimary_allele,iedb_top_core_hypothesis,YHFVKKHVH,FGDYKTTIC,excluded_nonprimary_register_status,excluded_nonprimary_hla
EBV_TCELL_63843::HUMAN_MYELIN_112782,EBV_TCELL_63843,HUMAN_MYELIN_112782,calibration_only_nonprimary_allele,iedb_top_core_hypothesis,YHFVKKHVH,HHPARTAHY,excluded_nonprimary_register_status,excluded_nonprimary_hla
EBV_TCELL_63843::HUMAN_MYELIN_114366,EBV_TCELL_63843,HUMAN_MYELIN_114366,calibration_only_nonprimary_allele,iedb_top_core_hypothesis,YHFVKKHVH,LSRFSWGAE,excluded_nonprimary_register_status,excluded_nonprimary_hla
EBV_TCELL_63843::HUMAN_MYELIN_114566,EBV_TCELL_63843,HUMAN_MYELIN_114566,calibration_only_nonprimary_allele,iedb_top_core_hypothesis,YHFVKKHVH,IGRFFGGDR,excluded_nonprimary_register_status,excluded_nonprimary_hla
EBV_TCELL_63843::HUMAN_MYELIN_114765,EBV_TCELL_63843,HUMAN_MYELIN_114765,calibration_only_nonprimary_allele,iedb_top_core_hypothesis,YHFVKKHVH,ENPVVHFFK,excluded_nonprimary_register_status,excluded_nonprimary_hla
EBV_TCELL_63843::HUMAN_MYELIN_114806,EBV_TCELL_63843,HUMAN_MYELIN_114806,calibration_only_nonprimary_allele,iedb_top_core_hypothesis,YHFVKKHVH,VHFFKNIVT,excluded_nonprimary_register_status,excluded_nonprimary_hla
EBV_TCELL_63843::HUMAN_MYELIN_114925,EBV_TCELL_63843,HUMAN_MYELIN_114925,calibration_only_nonprimary_allele,iedb_top_core_hypothesis,YHFVKKHVH,VHFFKNIVT,excluded_nonprimary_register_status,excluded_nonprimary_hla
EBV_TCELL_63843::HUMAN_MYELIN_115061,EBV_TCELL_63843,HUMAN_MYELIN_115061,calibration_only_nonprimary_allele,iedb_top_core_hypothesis,YHFVKKHVH,FKGVDAQGT,excluded_nonprimary_register_status,excluded_nonprimary_hla
EBV_TCELL_63843::HUMAN_MYELIN_115622,EBV_TCELL_63843,HUMAN_MYELIN_115622,calibration_only_nonprimary_allele,iedb_top_core_hypothesis,YHFVKKHVH,VTPRTPPPS,excluded_nonprimary_register_status,excluded_nonprimary_hla
EBV_TCELL_63843::HUMAN_MYELIN_115636,EBV_TCELL_63843,HUMAN_MYELIN_115636,calibration_only_nonprimary_allele,iedb_top_core_hypothesis,YHFVKKHVH,LSLSRFSWG,excluded_nonprimary_register_status,excluded_nonprimary_hla
EBV_TCELL_63843::HUMAN_MYELIN_115641,EBV_TCELL_63843,HUMAN_MYELIN_115641,calibration_only_nonprimary_allele,sensitivity_only_unresolved,YHFVKKHVH,,excluded_nonprimary_register_status,excluded_nonprimary_hla
EBV_TCELL_63843::HUMAN_MYELIN_115648,EBV_TCELL_63843,HUMAN_MYELIN_115648,calibration_only_nonprimary_allele,iedb_top_core_hypothesis,YHFVKKHVH,GRTQDENPV,excluded_nonprimary_register_status,excluded_nonprimary_hla
EBV_TCELL_63843::HUMAN_MYELIN_116079,EBV_TCELL_63843,HUMAN_MYELIN_116079,calibration_only_nonprimary_allele,iedb_top_core_hypothesis,YHFVKKHVH,MDHARHGFL,excluded_nonprimary_register_status,excluded_nonprimary_hla
EBV_TCELL_63843::HUMAN_MYELIN_116170,EBV_TCELL_63843,HUMAN_MYELIN_116170,calibration_only_nonprimary_allele,iedb_top_core_hypothesis,YHFVKKHVH,VHFFKNIVT,excluded_nonprimary_register_status,excluded_nonprimary_hla
EBV_TCELL_63843::HUMAN_MYELIN_116911,EBV_TCELL_63843,HUMAN_MYELIN_116911,calibration_only_nonprimary_allele,iedb_top_core_hypothesis,YHFVKKHVH,IAATYNFAV,excluded_nonprimary_register_status,excluded_nonprimary_hla
EBV_TCELL_63843::HUMAN_MYELIN_116924,EBV_TCELL_63843,HUMAN_MYELIN_116924,calibration_only_nonprimary_allele,iedb_top_core_hypothesis,YHFVKKHVH,HKGFKGVDA,excluded_nonprimary_register_status,excluded_nonprimary_hla
EBV_TCELL_63843::HUMAN_MYELIN_116976,EBV_TCELL_63843,HUMAN_MYELIN_116976,calibration_only_nonprimary_allele,iedb_top_core_hypothesis,YHFVKKHVH,LSKIFKLGG,excluded_nonprimary_register_status,excluded_nonprimary_hla
EBV_TCELL_63843::HUMAN_MYELIN_116993,EBV_TCELL_63843,HUMAN_MYELIN_116993,calibration_only_nonprimary_allele,iedb_top_core_hypothesis,YHFVKKHVH,ILDSIGRFF,excluded_nonprimary_register_status,excluded_nonprimary_hla
EBV_TCELL_63843::HUMAN_MYELIN_116995,EBV_TCELL_63843,HUMAN_MYELIN_116995,calibration_only_nonprimary_allele,iedb_top_core_hypothesis,YHFVKKHVH,TAHYGSLPQ,excluded_nonprimary_register_status,excluded_nonprimary_hla
EBV_TCELL_63843::HUMAN_MYELIN_117009,EBV_TCELL_63843,HUMAN_MYELIN_117009,calibration_only_nonprimary_allele,iedb_top_core_hypothesis,YHFVKKHVH,DSHHPARTA,excluded_nonprimary_register_status,excluded_nonprimary_hla
EBV_TCELL_63843::HUMAN_MYELIN_117032,EBV_TCELL_63843,HUMAN_MYELIN_117032,calibration_only_nonprimary_allele,iedb_top_core_hypothesis,YHFVKKHVH,FHLFIAAFV,excluded_nonprimary_register_status,excluded_nonprimary_hla
EBV_TCELL_63843::HUMAN_MYELIN_117035,EBV_TCELL_63843,HUMAN_MYELIN_117035,calibration_only_nonprimary_allele,iedb_top_core_hypothesis,YHFVKKHVH,LLVFACSAV,excluded_nonprimary_register_status,excluded_nonprimary_hla
EBV_TCELL_63843::HUMAN_MYELIN_117039,EBV_TCELL_63843,HUMAN_MYELIN_117039,calibration_only_nonprimary_allele,iedb_top_core_hypothesis,YHFVKKHVH,LVGAPFASL,excluded_nonprimary_register_status,excluded_nonprimary_hla
EBV_TCELL_63843::HUMAN_MYELIN_117117,EBV_TCELL_63843,HUMAN_MYELIN_117117,calibration_only_nonprimary_allele,iedb_top_core_hypothesis,YHFVKKHVH,IHAFQYVIY,excluded_nonprimary_register_status,excluded_nonprimary_hla
EBV_TCELL_63843::HUMAN_MYELIN_118650,EBV_TCELL_63843,HUMAN_MYELIN_118650,calibration_only_nonprimary_allele,iedb_top_core_hypothesis,YHFVKKHVH,LQYRLRGKL,excluded_nonprimary_register_status,excluded_nonprimary_hla
EBV_TCELL_63843::HUMAN_MYELIN_119809,EBV_TCELL_63843,HUMAN_MYELIN_119809,calibration_only_nonprimary_allele,iedb_top_core_hypothesis,YHFVKKHVH,TGILDSIGR,excluded_nonprimary_register_status,excluded_nonprimary_hla
EBV_TCELL_63843::HUMAN_MYELIN_119927,EBV_TCELL_63843,HUMAN_MYELIN_119927,calibration_only_nonprimary_allele,iedb_top_core_hypothesis,YHFVKKHVH,YLATASTMD,excluded_nonprimary_register_status,excluded_nonprimary_hla
EBV_TCELL_63843::HUMAN_MYELIN_119972,EBV_TCELL_63843,HUMAN_MYELIN_119972,calibration_only_nonprimary_allele,iedb_top_core_hypothesis,YHFVKKHVH,VTPRTPPPS,excluded_nonprimary_register_status,excluded_nonprimary_hla
EBV_TCELL_63843::HUMAN_MYELIN_119973,EBV_TCELL_63843,HUMAN_MYELIN_119973,calibration_only_nonprimary_allele,iedb_top_core_hypothesis,YHFVKKHVH,VTPRTPPPS,excluded_nonprimary_register_status,excluded_nonprimary_hla
EBV_TCELL_63843::HUMAN_MYELIN_120169,EBV_TCELL_63843,HUMAN_MYELIN_120169,calibration_only_nonprimary_allele,unresolved_or_flank_dependent_core,YHFVKKHVH,GSKYLATAS,excluded_nonprimary_register_status,excluded_nonprimary_hla
EBV_TCELL_63843::HUMAN_MYELIN_120170,EBV_TCELL_63843,HUMAN_MYELIN_120170,calibration_only_nonprimary_allele,iedb_top_core_hypothesis,YHFVKKHVH,YLATASTMD,excluded_nonprimary_register_status,excluded_nonprimary_hla
EBV_TCELL_63843::HUMAN_MYELIN_120201,EBV_TCELL_63843,HUMAN_MYELIN_120201,calibration_only_nonprimary_allele,iedb_top_core_hypothesis,YHFVKKHVH,RTQDENPVV,excluded_nonprimary_register_status,excluded_nonprimary_hla
EBV_TCELL_63843::HUMAN_MYELIN_13572,EBV_TCELL_63843,HUMAN_MYELIN_13572,calibration_only_nonprimary_allele,experimental_primary_allele_reference,YHFVKKHVH,VHFFKNIVT,excluded_nonprimary_register_status,excluded_nonprimary_hla
EBV_TCELL_63843::HUMAN_MYELIN_13573,EBV_TCELL_63843,HUMAN_MYELIN_13573,calibration_only_nonprimary_allele,iedb_top_core_hypothesis,YHFVKKHVH,VHFFKNIVT,excluded_nonprimary_register_status,excluded_nonprimary_hla
EBV_TCELL_63843::HUMAN_MYELIN_35803,EBV_TCELL_63843,HUMAN_MYELIN_35803,calibration_only_nonprimary_allele,iedb_top_core_hypothesis,YHFVKKHVH,LTGTEKLIE,excluded_nonprimary_register_status,excluded_nonprimary_hla
EBV_TCELL_63843::HUMAN_MYELIN_40353,EBV_TCELL_63843,HUMAN_MYELIN_40353,calibration_only_nonprimary_allele,iedb_top_core_hypothesis,YHFVKKHVH,FASLVATGL,excluded_nonprimary_register_status,excluded_nonprimary_hla
EBV_TCELL_63843::HUMAN_MYELIN_40762,EBV_TCELL_63843,HUMAN_MYELIN_40762,calibration_only_nonprimary_allele,iedb_top_core_hypothesis,YHFVKKHVH,LLLAEGFYT,excluded_nonprimary_register_status,excluded_nonprimary_hla
EBV_TCELL_63843::HUMAN_MYELIN_45514,EBV_TCELL_63843,HUMAN_MYELIN_45514,calibration_only_nonprimary_allele,iedb_top_core_hypothesis,YHFVKKHVH,VHFFKNIVT,excluded_nonprimary_register_status,excluded_nonprimary_hla
EBV_TCELL_63843::HUMAN_MYELIN_51191,EBV_TCELL_63843,HUMAN_MYELIN_51191,calibration_only_nonprimary_allele,iedb_top_core_hypothesis,YHFVKKHVH,RGQHQAHSL,excluded_nonprimary_register_status,excluded_nonprimary_hla
EBV_TCELL_63843::HUMAN_MYELIN_5516,EBV_TCELL_63843,HUMAN_MYELIN_5516,calibration_only_nonprimary_allele,iedb_top_core_hypothesis,YHFVKKHVH,VYIYFNTWT,excluded_nonprimary_register_status,excluded_nonprimary_hla
EBV_TCELL_63843::HUMAN_MYELIN_63975,EBV_TCELL_63843,HUMAN_MYELIN_63975,calibration_only_nonprimary_allele,iedb_top_core_hypothesis,YHFVKKHVH,IETYFSKNY,excluded_nonprimary_register_status,excluded_nonprimary_hla
EBV_TCELL_63843::HUMAN_MYELIN_67907,EBV_TCELL_63843,HUMAN_MYELIN_67907,calibration_only_nonprimary_allele,iedb_top_core_hypothesis,YHFVKKHVH,IFKLGGRDS,excluded_nonprimary_register_status,excluded_nonprimary_hla
EBV_TCELL_63843::HUMAN_MYELIN_73159,EBV_TCELL_63843,HUMAN_MYELIN_73159,calibration_only_nonprimary_allele,iedb_top_core_hypothesis,YHFVKKHVH,SIAFPSKTS,excluded_nonprimary_register_status,excluded_nonprimary_hla
EBV_TCELL_63843::HUMAN_MYELIN_80095,EBV_TCELL_63843,HUMAN_MYELIN_80095,calibration_only_nonprimary_allele,iedb_top_core_hypothesis,YHFVKKHVH,VHFFKNIVT,excluded_nonprimary_register_status,excluded_nonprimary_hla
EBV_TCELL_950::HUMAN_MYELIN_111192,EBV_TCELL_950,HUMAN_MYELIN_111192,iedb_top_core_hypothesis,iedb_top_core_hypothesis,LRALLARSH,VHFFKNIVT,excluded_nonprimary_register_status,eligible_primary_drb1501_resolved_registers
EBV_TCELL_950::HUMAN_MYELIN_112037,EBV_TCELL_950,HUMAN_MYELIN_112037,iedb_top_core_hypothesis,iedb_top_core_hypothesis,LRALLARSH,IFKLGGRDS,excluded_nonprimary_register_status,eligible_primary_drb1501_resolved_registers
EBV_TCELL_950::HUMAN_MYELIN_112191,EBV_TCELL_950,HUMAN_MYELIN_112191,iedb_top_core_hypothesis,iedb_top_core_hypothesis,LRALLARSH,MDHARHGFL,excluded_nonprimary_register_status,eligible_primary_drb1501_resolved_registers
EBV_TCELL_950::HUMAN_MYELIN_112214,EBV_TCELL_950,HUMAN_MYELIN_112214,iedb_top_core_hypothesis,iedb_top_core_hypothesis,LRALLARSH,WGAEGQRPG,excluded_nonprimary_register_status,eligible_primary_drb1501_resolved_registers
EBV_TCELL_950::HUMAN_MYELIN_112226,EBV_TCELL_950,HUMAN_MYELIN_112226,iedb_top_core_hypothesis,iedb_top_core_hypothesis,LRALLARSH,FSRVVHLYR,excluded_nonprimary_register_status,eligible_primary_drb1501_resolved_registers
EBV_TCELL_950::HUMAN_MYELIN_112319,EBV_TCELL_950,HUMAN_MYELIN_112319,iedb_top_core_hypothesis,iedb_top_core_hypothesis,LRALLARSH,IFKLGGRDS,excluded_nonprimary_register_status,eligible_primary_drb1501_resolved_registers
EBV_TCELL_950::HUMAN_MYELIN_112354,EBV_TCELL_950,HUMAN_MYELIN_112354,iedb_top_core_hypothesis,iedb_top_core_hypothesis,LRALLARSH,IETYFSKNY,excluded_nonprimary_register_status,eligible_primary_drb1501_resolved_registers
EBV_TCELL_950::HUMAN_MYELIN_112393,EBV_TCELL_950,HUMAN_MYELIN_112393,iedb_top_core_hypothesis,iedb_top_core_hypothesis,LRALLARSH,VHFFKNIVT,excluded_nonprimary_register_status,eligible_primary_drb1501_resolved_registers
EBV_TCELL_950::HUMAN_MYELIN_112603,EBV_TCELL_950,HUMAN_MYELIN_112603,iedb_top_core_hypothesis,iedb_top_core_hypothesis,LRALLARSH,VLKLMGRGT,excluded_nonprimary_register_status,eligible_primary_drb1501_resolved_registers
EBV_TCELL_950::HUMAN_MYELIN_112756,EBV_TCELL_950,HUMAN_MYELIN_112756,iedb_top_core_hypothesis,iedb_top_core_hypothesis,LRALLARSH,FGDYKTTIC,excluded_nonprimary_register_status,eligible_primary_drb1501_resolved_registers
EBV_TCELL_950::HUMAN_MYELIN_112782,EBV_TCELL_950,HUMAN_MYELIN_112782,iedb_top_core_hypothesis,iedb_top_core_hypothesis,LRALLARSH,HHPARTAHY,excluded_nonprimary_register_status,eligible_primary_drb1501_resolved_registers
EBV_TCELL_950::HUMAN_MYELIN_114366,EBV_TCELL_950,HUMAN_MYELIN_114366,iedb_top_core_hypothesis,iedb_top_core_hypothesis,LRALLARSH,LSRFSWGAE,excluded_nonprimary_register_status,eligible_primary_drb1501_resolved_registers
EBV_TCELL_950::HUMAN_MYELIN_114566,EBV_TCELL_950,HUMAN_MYELIN_114566,iedb_top_core_hypothesis,iedb_top_core_hypothesis,LRALLARSH,IGRFFGGDR,excluded_nonprimary_register_status,eligible_primary_drb1501_resolved_registers
EBV_TCELL_950::HUMAN_MYELIN_114765,EBV_TCELL_950,HUMAN_MYELIN_114765,iedb_top_core_hypothesis,iedb_top_core_hypothesis,LRALLARSH,ENPVVHFFK,excluded_nonprimary_register_status,eligible_primary_drb1501_resolved_registers
EBV_TCELL_950::HUMAN_MYELIN_114806,EBV_TCELL_950,HUMAN_MYELIN_114806,iedb_top_core_hypothesis,iedb_top_core_hypothesis,LRALLARSH,VHFFKNIVT,excluded_nonprimary_register_status,eligible_primary_drb1501_resolved_registers
EBV_TCELL_950::HUMAN_MYELIN_114925,EBV_TCELL_950,HUMAN_MYELIN_114925,iedb_top_core_hypothesis,iedb_top_core_hypothesis,LRALLARSH,VHFFKNIVT,excluded_nonprimary_register_status,eligible_primary_drb1501_resolved_registers
EBV_TCELL_950::HUMAN_MYELIN_115061,EBV_TCELL_950,HUMAN_MYELIN_115061,iedb_top_core_hypothesis,iedb_top_core_hypothesis,LRALLARSH,FKGVDAQGT,excluded_nonprimary_register_status,eligible_primary_drb1501_resolved_registers
EBV_TCELL_950::HUMAN_MYELIN_115622,EBV_TCELL_950,HUMAN_MYELIN_115622,iedb_top_core_hypothesis,iedb_top_core_hypothesis,LRALLARSH,VTPRTPPPS,excluded_nonprimary_register_status,eligible_primary_drb1501_resolved_registers
EBV_TCELL_950::HUMAN_MYELIN_115636,EBV_TCELL_950,HUMAN_MYELIN_115636,iedb_top_core_hypothesis,iedb_top_core_hypothesis,LRALLARSH,LSLSRFSWG,excluded_nonprimary_register_status,eligible_primary_drb1501_resolved_registers
EBV_TCELL_950::HUMAN_MYELIN_115641,EBV_TCELL_950,HUMAN_MYELIN_115641,iedb_top_core_hypothesis,sensitivity_only_unresolved,LRALLARSH,,excluded_nonprimary_register_status,excluded_unresolved_self_register
EBV_TCELL_950::HUMAN_MYELIN_115648,EBV_TCELL_950,HUMAN_MYELIN_115648,iedb_top_core_hypothesis,iedb_top_core_hypothesis,LRALLARSH,GRTQDENPV,excluded_nonprimary_register_status,eligible_primary_drb1501_resolved_registers
EBV_TCELL_950::HUMAN_MYELIN_116079,EBV_TCELL_950,HUMAN_MYELIN_116079,iedb_top_core_hypothesis,iedb_top_core_hypothesis,LRALLARSH,MDHARHGFL,excluded_nonprimary_register_status,eligible_primary_drb1501_resolved_registers
EBV_TCELL_950::HUMAN_MYELIN_116170,EBV_TCELL_950,HUMAN_MYELIN_116170,iedb_top_core_hypothesis,iedb_top_core_hypothesis,LRALLARSH,VHFFKNIVT,excluded_nonprimary_register_status,eligible_primary_drb1501_resolved_registers
EBV_TCELL_950::HUMAN_MYELIN_116911,EBV_TCELL_950,HUMAN_MYELIN_116911,iedb_top_core_hypothesis,iedb_top_core_hypothesis,LRALLARSH,IAATYNFAV,excluded_nonprimary_register_status,eligible_primary_drb1501_resolved_registers
EBV_TCELL_950::HUMAN_MYELIN_116924,EBV_TCELL_950,HUMAN_MYELIN_116924,iedb_top_core_hypothesis,iedb_top_core_hypothesis,LRALLARSH,HKGFKGVDA,excluded_nonprimary_register_status,eligible_primary_drb1501_resolved_registers
EBV_TCELL_950::HUMAN_MYELIN_116976,EBV_TCELL_950,HUMAN_MYELIN_116976,iedb_top_core_hypothesis,iedb_top_core_hypothesis,LRALLARSH,LSKIFKLGG,excluded_nonprimary_register_status,eligible_primary_drb1501_resolved_registers
EBV_TCELL_950::HUMAN_MYELIN_116993,EBV_TCELL_950,HUMAN_MYELIN_116993,iedb_top_core_hypothesis,iedb_top_core_hypothesis,LRALLARSH,ILDSIGRFF,excluded_nonprimary_register_status,eligible_primary_drb1501_resolved_registers
EBV_TCELL_950::HUMAN_MYELIN_116995,EBV_TCELL_950,HUMAN_MYELIN_116995,iedb_top_core_hypothesis,iedb_top_core_hypothesis,LRALLARSH,TAHYGSLPQ,excluded_nonprimary_register_status,eligible_primary_drb1501_resolved_registers
EBV_TCELL_950::HUMAN_MYELIN_117009,EBV_TCELL_950,HUMAN_MYELIN_117009,iedb_top_core_hypothesis,iedb_top_core_hypothesis,LRALLARSH,DSHHPARTA,limited_coverage_report_only,eligible_primary_drb1501_resolved_registers
EBV_TCELL_950::HUMAN_MYELIN_117032,EBV_TCELL_950,HUMAN_MYELIN_117032,iedb_top_core_hypothesis,iedb_top_core_hypothesis,LRALLARSH,FHLFIAAFV,excluded_nonprimary_register_status,eligible_primary_drb1501_resolved_registers
EBV_TCELL_950::HUMAN_MYELIN_117035,EBV_TCELL_950,HUMAN_MYELIN_117035,iedb_top_core_hypothesis,iedb_top_core_hypothesis,LRALLARSH,LLVFACSAV,excluded_nonprimary_register_status,eligible_primary_drb1501_resolved_registers
EBV_TCELL_950::HUMAN_MYELIN_117039,EBV_TCELL_950,HUMAN_MYELIN_117039,iedb_top_core_hypothesis,iedb_top_core_hypothesis,LRALLARSH,LVGAPFASL,excluded_nonprimary_register_status,eligible_primary_drb1501_resolved_registers
EBV_TCELL_950::HUMAN_MYELIN_117117,EBV_TCELL_950,HUMAN_MYELIN_117117,iedb_top_core_hypothesis,iedb_top_core_hypothesis,LRALLARSH,IHAFQYVIY,excluded_nonprimary_register_status,eligible_primary_drb1501_resolved_registers
EBV_TCELL_950::HUMAN_MYELIN_118650,EBV_TCELL_950,HUMAN_MYELIN_118650,iedb_top_core_hypothesis,iedb_top_core_hypothesis,LRALLARSH,LQYRLRGKL,excluded_nonprimary_register_status,eligible_primary_drb1501_resolved_registers
EBV_TCELL_950::HUMAN_MYELIN_119809,EBV_TCELL_950,HUMAN_MYELIN_119809,iedb_top_core_hypothesis,iedb_top_core_hypothesis,LRALLARSH,TGILDSIGR,excluded_nonprimary_register_status,eligible_primary_drb1501_resolved_registers
EBV_TCELL_950::HUMAN_MYELIN_119927,EBV_TCELL_950,HUMAN_MYELIN_119927,iedb_top_core_hypothesis,iedb_top_core_hypothesis,LRALLARSH,YLATASTMD,excluded_nonprimary_register_status,eligible_primary_drb1501_resolved_registers
EBV_TCELL_950::HUMAN_MYELIN_119972,EBV_TCELL_950,HUMAN_MYELIN_119972,iedb_top_core_hypothesis,iedb_top_core_hypothesis,LRALLARSH,VTPRTPPPS,excluded_nonprimary_register_status,eligible_primary_drb1501_resolved_registers
EBV_TCELL_950::HUMAN_MYELIN_119973,EBV_TCELL_950,HUMAN_MYELIN_119973,iedb_top_core_hypothesis,iedb_top_core_hypothesis,LRALLARSH,VTPRTPPPS,excluded_nonprimary_register_status,eligible_primary_drb1501_resolved_registers
EBV_TCELL_950::HUMAN_MYELIN_120169,EBV_TCELL_950,HUMAN_MYELIN_120169,iedb_top_core_hypothesis,unresolved_or_flank_dependent_core,LRALLARSH,GSKYLATAS,excluded_nonprimary_register_status,excluded_unresolved_self_register
EBV_TCELL_950::HUMAN_MYELIN_120170,EBV_TCELL_950,HUMAN_MYELIN_120170,iedb_top_core_hypothesis,iedb_top_core_hypothesis,LRALLARSH,YLATASTMD,excluded_nonprimary_register_status,eligible_primary_drb1501_resolved_registers
EBV_TCELL_950::HUMAN_MYELIN_120201,EBV_TCELL_950,HUMAN_MYELIN_120201,iedb_top_core_hypothesis,iedb_top_core_hypothesis,LRALLARSH,RTQDENPVV,excluded_nonprimary_register_status,eligible_primary_drb1501_resolved_registers
EBV_TCELL_950::HUMAN_MYELIN_13572,EBV_TCELL_950,HUMAN_MYELIN_13572,iedb_top_core_hypothesis,experimental_primary_allele_reference,LRALLARSH,VHFFKNIVT,excluded_nonprimary_register_status,eligible_primary_drb1501_resolved_registers
EBV_TCELL_950::HUMAN_MYELIN_13573,EBV_TCELL_950,HUMAN_MYELIN_13573,iedb_top_core_hypothesis,iedb_top_core_hypothesis,LRALLARSH,VHFFKNIVT,excluded_nonprimary_register_status,eligible_primary_drb1501_resolved_registers
EBV_TCELL_950::HUMAN_MYELIN_35803,EBV_TCELL_950,HUMAN_MYELIN_35803,iedb_top_core_hypothesis,iedb_top_core_hypothesis,LRALLARSH,LTGTEKLIE,excluded_nonprimary_register_status,eligible_primary_drb1501_resolved_registers
EBV_TCELL_950::HUMAN_MYELIN_40353,EBV_TCELL_950,HUMAN_MYELIN_40353,iedb_top_core_hypothesis,iedb_top_core_hypothesis,LRALLARSH,FASLVATGL,excluded_nonprimary_register_status,eligible_primary_drb1501_resolved_registers
EBV_TCELL_950::HUMAN_MYELIN_40762,EBV_TCELL_950,HUMAN_MYELIN_40762,iedb_top_core_hypothesis,iedb_top_core_hypothesis,LRALLARSH,LLLAEGFYT,excluded_nonprimary_register_status,eligible_primary_drb1501_resolved_registers
EBV_TCELL_950::HUMAN_MYELIN_45514,EBV_TCELL_950,HUMAN_MYELIN_45514,iedb_top_core_hypothesis,iedb_top_core_hypothesis,LRALLARSH,VHFFKNIVT,excluded_nonprimary_register_status,eligible_primary_drb1501_resolved_registers
EBV_TCELL_950::HUMAN_MYELIN_51191,EBV_TCELL_950,HUMAN_MYELIN_51191,iedb_top_core_hypothesis,iedb_top_core_hypothesis,LRALLARSH,RGQHQAHSL,excluded_nonprimary_register_status,eligible_primary_drb1501_resolved_registers
EBV_TCELL_950::HUMAN_MYELIN_5516,EBV_TCELL_950,HUMAN_MYELIN_5516,iedb_top_core_hypothesis,iedb_top_core_hypothesis,LRALLARSH,VYIYFNTWT,excluded_nonprimary_register_status,eligible_primary_drb1501_resolved_registers
EBV_TCELL_950::HUMAN_MYELIN_63975,EBV_TCELL_950,HUMAN_MYELIN_63975,iedb_top_core_hypothesis,iedb_top_core_hypothesis,LRALLARSH,IETYFSKNY,excluded_nonprimary_register_status,eligible_primary_drb1501_resolved_registers
EBV_TCELL_950::HUMAN_MYELIN_67907,EBV_TCELL_950,HUMAN_MYELIN_67907,iedb_top_core_hypothesis,iedb_top_core_hypothesis,LRALLARSH,IFKLGGRDS,excluded_nonprimary_register_status,eligible_primary_drb1501_resolved_registers
EBV_TCELL_950::HUMAN_MYELIN_73159,EBV_TCELL_950,HUMAN_MYELIN_73159,iedb_top_core_hypothesis,iedb_top_core_hypothesis,LRALLARSH,SIAFPSKTS,excluded_nonprimary_register_status,eligible_primary_drb1501_resolved_registers
EBV_TCELL_950::HUMAN_MYELIN_80095,EBV_TCELL_950,HUMAN_MYELIN_80095,iedb_top_core_hypothesis,iedb_top_core_hypothesis,LRALLARSH,VHFFKNIVT,excluded_nonprimary_register_status,eligible_primary_drb1501_resolved_registers
