cif_path,claim_boundary,core_sequence,core_start_1_based,entity_id,full_data_path,has_clash,iptm,job_name,model_sequence_identity_pass,observed_mhc_alpha_length,observed_mhc_beta_length,observed_peptide,panel_seed,ptm,ranking_score,request_identity_pass,sample_index,sample_status,source_cohort,summary_path,system_id
/Users/anishsharma/Library/Mobile Documents/com~apple~CloudDocs/Downloads/folds_2026_08_27_04_49/ebvms_hla2_control_v2pmhc_059a1481886fcb83_s271828/fold_ebvms_hla2_control_v2pmhc_059a1481886fcb83_s271828_model_0.cif,"Computational pMHC geometry prioritization only; not evidence of presentation, TCR binding, activation, cross-reactivity, molecular mimicry, or MS mechanism.",VTLTSYWRR,5,V2PMHC_059a1481886fcb83,/Users/anishsharma/Library/Mobile Documents/com~apple~CloudDocs/Downloads/folds_2026_08_27_04_49/ebvms_hla2_control_v2pmhc_059a1481886fcb83_s271828/fold_ebvms_hla2_control_v2pmhc_059a1481886fcb83_s271828_full_data_0.json,False,0.93,ebvms_hla2_control_v2pmhc_059a1481886fcb83_s271828,True,178,189,LGERVTLTSYWRRVS,271828,0.93,0.95,True,0,pass_exact_clash_free,v2_fresh_attribution_pilot,/Users/anishsharma/Library/Mobile Documents/com~apple~CloudDocs/Downloads/folds_2026_08_27_04_49/ebvms_hla2_control_v2pmhc_059a1481886fcb83_s271828/fold_ebvms_hla2_control_v2pmhc_059a1481886fcb83_s271828_summary_confidences_0.json,SYS_ENGA_MBP_OB1A12
/Users/anishsharma/Library/Mobile Documents/com~apple~CloudDocs/Downloads/folds_2026_08_27_04_49/ebvms_hla2_control_v2pmhc_059a1481886fcb83_s271828/fold_ebvms_hla2_control_v2pmhc_059a1481886fcb83_s271828_model_1.cif,"Computational pMHC geometry prioritization only; not evidence of presentation, TCR binding, activation, cross-reactivity, molecular mimicry, or MS mechanism.",VTLTSYWRR,5,V2PMHC_059a1481886fcb83,/Users/anishsharma/Library/Mobile Documents/com~apple~CloudDocs/Downloads/folds_2026_08_27_04_49/ebvms_hla2_control_v2pmhc_059a1481886fcb83_s271828/fold_ebvms_hla2_control_v2pmhc_059a1481886fcb83_s271828_full_data_1.json,False,0.93,ebvms_hla2_control_v2pmhc_059a1481886fcb83_s271828,True,178,189,LGERVTLTSYWRRVS,271828,0.93,0.95,True,1,pass_exact_clash_free,v2_fresh_attribution_pilot,/Users/anishsharma/Library/Mobile Documents/com~apple~CloudDocs/Downloads/folds_2026_08_27_04_49/ebvms_hla2_control_v2pmhc_059a1481886fcb83_s271828/fold_ebvms_hla2_control_v2pmhc_059a1481886fcb83_s271828_summary_confidences_1.json,SYS_ENGA_MBP_OB1A12
/Users/anishsharma/Library/Mobile Documents/com~apple~CloudDocs/Downloads/folds_2026_08_27_04_49/ebvms_hla2_control_v2pmhc_059a1481886fcb83_s271828/fold_ebvms_hla2_control_v2pmhc_059a1481886fcb83_s271828_model_2.cif,"Computational pMHC geometry prioritization only; not evidence of presentation, TCR binding, activation, cross-reactivity, molecular mimicry, or MS mechanism.",VTLTSYWRR,5,V2PMHC_059a1481886fcb83,/Users/anishsharma/Library/Mobile Documents/com~apple~CloudDocs/Downloads/folds_2026_08_27_04_49/ebvms_hla2_control_v2pmhc_059a1481886fcb83_s271828/fold_ebvms_hla2_control_v2pmhc_059a1481886fcb83_s271828_full_data_2.json,False,0.91,ebvms_hla2_control_v2pmhc_059a1481886fcb83_s271828,True,178,189,LGERVTLTSYWRRVS,271828,0.92,0.95,True,2,pass_exact_clash_free,v2_fresh_attribution_pilot,/Users/anishsharma/Library/Mobile Documents/com~apple~CloudDocs/Downloads/folds_2026_08_27_04_49/ebvms_hla2_control_v2pmhc_059a1481886fcb83_s271828/fold_ebvms_hla2_control_v2pmhc_059a1481886fcb83_s271828_summary_confidences_2.json,SYS_ENGA_MBP_OB1A12
/Users/anishsharma/Library/Mobile Documents/com~apple~CloudDocs/Downloads/folds_2026_08_27_04_49/ebvms_hla2_control_v2pmhc_059a1481886fcb83_s271828/fold_ebvms_hla2_control_v2pmhc_059a1481886fcb83_s271828_model_3.cif,"Computational pMHC geometry prioritization only; not evidence of presentation, TCR binding, activation, cross-reactivity, molecular mimicry, or MS mechanism.",VTLTSYWRR,5,V2PMHC_059a1481886fcb83,/Users/anishsharma/Library/Mobile Documents/com~apple~CloudDocs/Downloads/folds_2026_08_27_04_49/ebvms_hla2_control_v2pmhc_059a1481886fcb83_s271828/fold_ebvms_hla2_control_v2pmhc_059a1481886fcb83_s271828_full_data_3.json,False,0.92,ebvms_hla2_control_v2pmhc_059a1481886fcb83_s271828,True,178,189,LGERVTLTSYWRRVS,271828,0.93,0.94,True,3,pass_exact_clash_free,v2_fresh_attribution_pilot,/Users/anishsharma/Library/Mobile Documents/com~apple~CloudDocs/Downloads/folds_2026_08_27_04_49/ebvms_hla2_control_v2pmhc_059a1481886fcb83_s271828/fold_ebvms_hla2_control_v2pmhc_059a1481886fcb83_s271828_summary_confidences_3.json,SYS_ENGA_MBP_OB1A12
/Users/anishsharma/Library/Mobile Documents/com~apple~CloudDocs/Downloads/folds_2026_08_27_04_49/ebvms_hla2_control_v2pmhc_059a1481886fcb83_s271828/fold_ebvms_hla2_control_v2pmhc_059a1481886fcb83_s271828_model_4.cif,"Computational pMHC geometry prioritization only; not evidence of presentation, TCR binding, activation, cross-reactivity, molecular mimicry, or MS mechanism.",VTLTSYWRR,5,V2PMHC_059a1481886fcb83,/Users/anishsharma/Library/Mobile Documents/com~apple~CloudDocs/Downloads/folds_2026_08_27_04_49/ebvms_hla2_control_v2pmhc_059a1481886fcb83_s271828/fold_ebvms_hla2_control_v2pmhc_059a1481886fcb83_s271828_full_data_4.json,False,0.92,ebvms_hla2_control_v2pmhc_059a1481886fcb83_s271828,True,178,189,LGERVTLTSYWRRVS,271828,0.92,0.94,True,4,pass_exact_clash_free,v2_fresh_attribution_pilot,/Users/anishsharma/Library/Mobile Documents/com~apple~CloudDocs/Downloads/folds_2026_08_27_04_49/ebvms_hla2_control_v2pmhc_059a1481886fcb83_s271828/fold_ebvms_hla2_control_v2pmhc_059a1481886fcb83_s271828_summary_confidences_4.json,SYS_ENGA_MBP_OB1A12
/Users/anishsharma/Library/Mobile Documents/com~apple~CloudDocs/Downloads/folds_2026_08_27_04_49/ebvms_hla2_control_v2pmhc_059a1481886fcb83_s314159/fold_ebvms_hla2_control_v2pmhc_059a1481886fcb83_s314159_model_0.cif,"Computational pMHC geometry prioritization only; not evidence of presentation, TCR binding, activation, cross-reactivity, molecular mimicry, or MS mechanism.",VTLTSYWRR,5,V2PMHC_059a1481886fcb83,/Users/anishsharma/Library/Mobile Documents/com~apple~CloudDocs/Downloads/folds_2026_08_27_04_49/ebvms_hla2_control_v2pmhc_059a1481886fcb83_s314159/fold_ebvms_hla2_control_v2pmhc_059a1481886fcb83_s314159_full_data_0.json,False,0.93,ebvms_hla2_control_v2pmhc_059a1481886fcb83_s314159,True,178,189,LGERVTLTSYWRRVS,314159,0.93,0.95,True,0,pass_exact_clash_free,v2_fresh_attribution_pilot,/Users/anishsharma/Library/Mobile Documents/com~apple~CloudDocs/Downloads/folds_2026_08_27_04_49/ebvms_hla2_control_v2pmhc_059a1481886fcb83_s314159/fold_ebvms_hla2_control_v2pmhc_059a1481886fcb83_s314159_summary_confidences_0.json,SYS_ENGA_MBP_OB1A12
/Users/anishsharma/Library/Mobile Documents/com~apple~CloudDocs/Downloads/folds_2026_08_27_04_49/ebvms_hla2_control_v2pmhc_059a1481886fcb83_s314159/fold_ebvms_hla2_control_v2pmhc_059a1481886fcb83_s314159_model_1.cif,"Computational pMHC geometry prioritization only; not evidence of presentation, TCR binding, activation, cross-reactivity, molecular mimicry, or MS mechanism.",VTLTSYWRR,5,V2PMHC_059a1481886fcb83,/Users/anishsharma/Library/Mobile Documents/com~apple~CloudDocs/Downloads/folds_2026_08_27_04_49/ebvms_hla2_control_v2pmhc_059a1481886fcb83_s314159/fold_ebvms_hla2_control_v2pmhc_059a1481886fcb83_s314159_full_data_1.json,False,0.92,ebvms_hla2_control_v2pmhc_059a1481886fcb83_s314159,True,178,189,LGERVTLTSYWRRVS,314159,0.92,0.94,True,1,pass_exact_clash_free,v2_fresh_attribution_pilot,/Users/anishsharma/Library/Mobile Documents/com~apple~CloudDocs/Downloads/folds_2026_08_27_04_49/ebvms_hla2_control_v2pmhc_059a1481886fcb83_s314159/fold_ebvms_hla2_control_v2pmhc_059a1481886fcb83_s314159_summary_confidences_1.json,SYS_ENGA_MBP_OB1A12
/Users/anishsharma/Library/Mobile Documents/com~apple~CloudDocs/Downloads/folds_2026_08_27_04_49/ebvms_hla2_control_v2pmhc_059a1481886fcb83_s314159/fold_ebvms_hla2_control_v2pmhc_059a1481886fcb83_s314159_model_2.cif,"Computational pMHC geometry prioritization only; not evidence of presentation, TCR binding, activation, cross-reactivity, molecular mimicry, or MS mechanism.",VTLTSYWRR,5,V2PMHC_059a1481886fcb83,/Users/anishsharma/Library/Mobile Documents/com~apple~CloudDocs/Downloads/folds_2026_08_27_04_49/ebvms_hla2_control_v2pmhc_059a1481886fcb83_s314159/fold_ebvms_hla2_control_v2pmhc_059a1481886fcb83_s314159_full_data_2.json,False,0.92,ebvms_hla2_control_v2pmhc_059a1481886fcb83_s314159,True,178,189,LGERVTLTSYWRRVS,314159,0.93,0.94,True,2,pass_exact_clash_free,v2_fresh_attribution_pilot,/Users/anishsharma/Library/Mobile Documents/com~apple~CloudDocs/Downloads/folds_2026_08_27_04_49/ebvms_hla2_control_v2pmhc_059a1481886fcb83_s314159/fold_ebvms_hla2_control_v2pmhc_059a1481886fcb83_s314159_summary_confidences_2.json,SYS_ENGA_MBP_OB1A12
/Users/anishsharma/Library/Mobile Documents/com~apple~CloudDocs/Downloads/folds_2026_08_27_04_49/ebvms_hla2_control_v2pmhc_059a1481886fcb83_s314159/fold_ebvms_hla2_control_v2pmhc_059a1481886fcb83_s314159_model_3.cif,"Computational pMHC geometry prioritization only; not evidence of presentation, TCR binding, activation, cross-reactivity, molecular mimicry, or MS mechanism.",VTLTSYWRR,5,V2PMHC_059a1481886fcb83,/Users/anishsharma/Library/Mobile Documents/com~apple~CloudDocs/Downloads/folds_2026_08_27_04_49/ebvms_hla2_control_v2pmhc_059a1481886fcb83_s314159/fold_ebvms_hla2_control_v2pmhc_059a1481886fcb83_s314159_full_data_3.json,False,0.92,ebvms_hla2_control_v2pmhc_059a1481886fcb83_s314159,True,178,189,LGERVTLTSYWRRVS,314159,0.92,0.94,True,3,pass_exact_clash_free,v2_fresh_attribution_pilot,/Users/anishsharma/Library/Mobile Documents/com~apple~CloudDocs/Downloads/folds_2026_08_27_04_49/ebvms_hla2_control_v2pmhc_059a1481886fcb83_s314159/fold_ebvms_hla2_control_v2pmhc_059a1481886fcb83_s314159_summary_confidences_3.json,SYS_ENGA_MBP_OB1A12
/Users/anishsharma/Library/Mobile Documents/com~apple~CloudDocs/Downloads/folds_2026_08_27_04_49/ebvms_hla2_control_v2pmhc_059a1481886fcb83_s314159/fold_ebvms_hla2_control_v2pmhc_059a1481886fcb83_s314159_model_4.cif,"Computational pMHC geometry prioritization only; not evidence of presentation, TCR binding, activation, cross-reactivity, molecular mimicry, or MS mechanism.",VTLTSYWRR,5,V2PMHC_059a1481886fcb83,/Users/anishsharma/Library/Mobile Documents/com~apple~CloudDocs/Downloads/folds_2026_08_27_04_49/ebvms_hla2_control_v2pmhc_059a1481886fcb83_s314159/fold_ebvms_hla2_control_v2pmhc_059a1481886fcb83_s314159_full_data_4.json,False,0.91,ebvms_hla2_control_v2pmhc_059a1481886fcb83_s314159,True,178,189,LGERVTLTSYWRRVS,314159,0.92,0.93,True,4,pass_exact_clash_free,v2_fresh_attribution_pilot,/Users/anishsharma/Library/Mobile Documents/com~apple~CloudDocs/Downloads/folds_2026_08_27_04_49/ebvms_hla2_control_v2pmhc_059a1481886fcb83_s314159/fold_ebvms_hla2_control_v2pmhc_059a1481886fcb83_s314159_summary_confidences_4.json,SYS_ENGA_MBP_OB1A12
/Users/anishsharma/Library/Mobile Documents/com~apple~CloudDocs/Downloads/folds_2026_08_27_04_49/ebvms_hla2_control_v2pmhc_09f27211b3e8bfb0_s271828/fold_ebvms_hla2_control_v2pmhc_09f27211b3e8bfb0_s271828_model_0.cif,"Computational pMHC geometry prioritization only; not evidence of presentation, TCR binding, activation, cross-reactivity, molecular mimicry, or MS mechanism.",FIKFKSPLV,7,V2PMHC_09f27211b3e8bfb0,/Users/anishsharma/Library/Mobile Documents/com~apple~CloudDocs/Downloads/folds_2026_08_27_04_49/ebvms_hla2_control_v2pmhc_09f27211b3e8bfb0_s271828/fold_ebvms_hla2_control_v2pmhc_09f27211b3e8bfb0_s271828_full_data_0.json,False,0.91,ebvms_hla2_control_v2pmhc_09f27211b3e8bfb0_s271828,True,178,189,MLGQDDFIKFKSPLV,271828,0.92,0.94,True,0,pass_exact_clash_free,v2_fresh_attribution_pilot,/Users/anishsharma/Library/Mobile Documents/com~apple~CloudDocs/Downloads/folds_2026_08_27_04_49/ebvms_hla2_control_v2pmhc_09f27211b3e8bfb0_s271828/fold_ebvms_hla2_control_v2pmhc_09f27211b3e8bfb0_s271828_summary_confidences_0.json,SYS_ENGA_MBP_OB1A12
/Users/anishsharma/Library/Mobile Documents/com~apple~CloudDocs/Downloads/folds_2026_08_27_04_49/ebvms_hla2_control_v2pmhc_09f27211b3e8bfb0_s271828/fold_ebvms_hla2_control_v2pmhc_09f27211b3e8bfb0_s271828_model_1.cif,"Computational pMHC geometry prioritization only; not evidence of presentation, TCR binding, activation, cross-reactivity, molecular mimicry, or MS mechanism.",FIKFKSPLV,7,V2PMHC_09f27211b3e8bfb0,/Users/anishsharma/Library/Mobile Documents/com~apple~CloudDocs/Downloads/folds_2026_08_27_04_49/ebvms_hla2_control_v2pmhc_09f27211b3e8bfb0_s271828/fold_ebvms_hla2_control_v2pmhc_09f27211b3e8bfb0_s271828_full_data_1.json,False,0.91,ebvms_hla2_control_v2pmhc_09f27211b3e8bfb0_s271828,True,178,189,MLGQDDFIKFKSPLV,271828,0.92,0.94,True,1,pass_exact_clash_free,v2_fresh_attribution_pilot,/Users/anishsharma/Library/Mobile Documents/com~apple~CloudDocs/Downloads/folds_2026_08_27_04_49/ebvms_hla2_control_v2pmhc_09f27211b3e8bfb0_s271828/fold_ebvms_hla2_control_v2pmhc_09f27211b3e8bfb0_s271828_summary_confidences_1.json,SYS_ENGA_MBP_OB1A12
/Users/anishsharma/Library/Mobile Documents/com~apple~CloudDocs/Downloads/folds_2026_08_27_04_49/ebvms_hla2_control_v2pmhc_09f27211b3e8bfb0_s271828/fold_ebvms_hla2_control_v2pmhc_09f27211b3e8bfb0_s271828_model_2.cif,"Computational pMHC geometry prioritization only; not evidence of presentation, TCR binding, activation, cross-reactivity, molecular mimicry, or MS mechanism.",FIKFKSPLV,7,V2PMHC_09f27211b3e8bfb0,/Users/anishsharma/Library/Mobile Documents/com~apple~CloudDocs/Downloads/folds_2026_08_27_04_49/ebvms_hla2_control_v2pmhc_09f27211b3e8bfb0_s271828/fold_ebvms_hla2_control_v2pmhc_09f27211b3e8bfb0_s271828_full_data_2.json,False,0.91,ebvms_hla2_control_v2pmhc_09f27211b3e8bfb0_s271828,True,178,189,MLGQDDFIKFKSPLV,271828,0.92,0.93,True,2,pass_exact_clash_free,v2_fresh_attribution_pilot,/Users/anishsharma/Library/Mobile Documents/com~apple~CloudDocs/Downloads/folds_2026_08_27_04_49/ebvms_hla2_control_v2pmhc_09f27211b3e8bfb0_s271828/fold_ebvms_hla2_control_v2pmhc_09f27211b3e8bfb0_s271828_summary_confidences_2.json,SYS_ENGA_MBP_OB1A12
/Users/anishsharma/Library/Mobile Documents/com~apple~CloudDocs/Downloads/folds_2026_08_27_04_49/ebvms_hla2_control_v2pmhc_09f27211b3e8bfb0_s271828/fold_ebvms_hla2_control_v2pmhc_09f27211b3e8bfb0_s271828_model_3.cif,"Computational pMHC geometry prioritization only; not evidence of presentation, TCR binding, activation, cross-reactivity, molecular mimicry, or MS mechanism.",FIKFKSPLV,7,V2PMHC_09f27211b3e8bfb0,/Users/anishsharma/Library/Mobile Documents/com~apple~CloudDocs/Downloads/folds_2026_08_27_04_49/ebvms_hla2_control_v2pmhc_09f27211b3e8bfb0_s271828/fold_ebvms_hla2_control_v2pmhc_09f27211b3e8bfb0_s271828_full_data_3.json,False,0.91,ebvms_hla2_control_v2pmhc_09f27211b3e8bfb0_s271828,True,178,189,MLGQDDFIKFKSPLV,271828,0.92,0.93,True,3,pass_exact_clash_free,v2_fresh_attribution_pilot,/Users/anishsharma/Library/Mobile Documents/com~apple~CloudDocs/Downloads/folds_2026_08_27_04_49/ebvms_hla2_control_v2pmhc_09f27211b3e8bfb0_s271828/fold_ebvms_hla2_control_v2pmhc_09f27211b3e8bfb0_s271828_summary_confidences_3.json,SYS_ENGA_MBP_OB1A12
/Users/anishsharma/Library/Mobile Documents/com~apple~CloudDocs/Downloads/folds_2026_08_27_04_49/ebvms_hla2_control_v2pmhc_09f27211b3e8bfb0_s271828/fold_ebvms_hla2_control_v2pmhc_09f27211b3e8bfb0_s271828_model_4.cif,"Computational pMHC geometry prioritization only; not evidence of presentation, TCR binding, activation, cross-reactivity, molecular mimicry, or MS mechanism.",FIKFKSPLV,7,V2PMHC_09f27211b3e8bfb0,/Users/anishsharma/Library/Mobile Documents/com~apple~CloudDocs/Downloads/folds_2026_08_27_04_49/ebvms_hla2_control_v2pmhc_09f27211b3e8bfb0_s271828/fold_ebvms_hla2_control_v2pmhc_09f27211b3e8bfb0_s271828_full_data_4.json,False,0.91,ebvms_hla2_control_v2pmhc_09f27211b3e8bfb0_s271828,True,178,189,MLGQDDFIKFKSPLV,271828,0.92,0.93,True,4,pass_exact_clash_free,v2_fresh_attribution_pilot,/Users/anishsharma/Library/Mobile Documents/com~apple~CloudDocs/Downloads/folds_2026_08_27_04_49/ebvms_hla2_control_v2pmhc_09f27211b3e8bfb0_s271828/fold_ebvms_hla2_control_v2pmhc_09f27211b3e8bfb0_s271828_summary_confidences_4.json,SYS_ENGA_MBP_OB1A12
/Users/anishsharma/Library/Mobile Documents/com~apple~CloudDocs/Downloads/folds_2026_08_27_04_49/ebvms_hla2_control_v2pmhc_09f27211b3e8bfb0_s314159/fold_ebvms_hla2_control_v2pmhc_09f27211b3e8bfb0_s314159_model_0.cif,"Computational pMHC geometry prioritization only; not evidence of presentation, TCR binding, activation, cross-reactivity, molecular mimicry, or MS mechanism.",FIKFKSPLV,7,V2PMHC_09f27211b3e8bfb0,/Users/anishsharma/Library/Mobile Documents/com~apple~CloudDocs/Downloads/folds_2026_08_27_04_49/ebvms_hla2_control_v2pmhc_09f27211b3e8bfb0_s314159/fold_ebvms_hla2_control_v2pmhc_09f27211b3e8bfb0_s314159_full_data_0.json,False,0.92,ebvms_hla2_control_v2pmhc_09f27211b3e8bfb0_s314159,True,178,189,MLGQDDFIKFKSPLV,314159,0.93,0.94,True,0,pass_exact_clash_free,v2_fresh_attribution_pilot,/Users/anishsharma/Library/Mobile Documents/com~apple~CloudDocs/Downloads/folds_2026_08_27_04_49/ebvms_hla2_control_v2pmhc_09f27211b3e8bfb0_s314159/fold_ebvms_hla2_control_v2pmhc_09f27211b3e8bfb0_s314159_summary_confidences_0.json,SYS_ENGA_MBP_OB1A12
/Users/anishsharma/Library/Mobile Documents/com~apple~CloudDocs/Downloads/folds_2026_08_27_04_49/ebvms_hla2_control_v2pmhc_09f27211b3e8bfb0_s314159/fold_ebvms_hla2_control_v2pmhc_09f27211b3e8bfb0_s314159_model_1.cif,"Computational pMHC geometry prioritization only; not evidence of presentation, TCR binding, activation, cross-reactivity, molecular mimicry, or MS mechanism.",FIKFKSPLV,7,V2PMHC_09f27211b3e8bfb0,/Users/anishsharma/Library/Mobile Documents/com~apple~CloudDocs/Downloads/folds_2026_08_27_04_49/ebvms_hla2_control_v2pmhc_09f27211b3e8bfb0_s314159/fold_ebvms_hla2_control_v2pmhc_09f27211b3e8bfb0_s314159_full_data_1.json,False,0.92,ebvms_hla2_control_v2pmhc_09f27211b3e8bfb0_s314159,True,178,189,MLGQDDFIKFKSPLV,314159,0.92,0.94,True,1,pass_exact_clash_free,v2_fresh_attribution_pilot,/Users/anishsharma/Library/Mobile Documents/com~apple~CloudDocs/Downloads/folds_2026_08_27_04_49/ebvms_hla2_control_v2pmhc_09f27211b3e8bfb0_s314159/fold_ebvms_hla2_control_v2pmhc_09f27211b3e8bfb0_s314159_summary_confidences_1.json,SYS_ENGA_MBP_OB1A12
/Users/anishsharma/Library/Mobile Documents/com~apple~CloudDocs/Downloads/folds_2026_08_27_04_49/ebvms_hla2_control_v2pmhc_09f27211b3e8bfb0_s314159/fold_ebvms_hla2_control_v2pmhc_09f27211b3e8bfb0_s314159_model_2.cif,"Computational pMHC geometry prioritization only; not evidence of presentation, TCR binding, activation, cross-reactivity, molecular mimicry, or MS mechanism.",FIKFKSPLV,7,V2PMHC_09f27211b3e8bfb0,/Users/anishsharma/Library/Mobile Documents/com~apple~CloudDocs/Downloads/folds_2026_08_27_04_49/ebvms_hla2_control_v2pmhc_09f27211b3e8bfb0_s314159/fold_ebvms_hla2_control_v2pmhc_09f27211b3e8bfb0_s314159_full_data_2.json,False,0.92,ebvms_hla2_control_v2pmhc_09f27211b3e8bfb0_s314159,True,178,189,MLGQDDFIKFKSPLV,314159,0.92,0.94,True,2,pass_exact_clash_free,v2_fresh_attribution_pilot,/Users/anishsharma/Library/Mobile Documents/com~apple~CloudDocs/Downloads/folds_2026_08_27_04_49/ebvms_hla2_control_v2pmhc_09f27211b3e8bfb0_s314159/fold_ebvms_hla2_control_v2pmhc_09f27211b3e8bfb0_s314159_summary_confidences_2.json,SYS_ENGA_MBP_OB1A12
/Users/anishsharma/Library/Mobile Documents/com~apple~CloudDocs/Downloads/folds_2026_08_27_04_49/ebvms_hla2_control_v2pmhc_09f27211b3e8bfb0_s314159/fold_ebvms_hla2_control_v2pmhc_09f27211b3e8bfb0_s314159_model_3.cif,"Computational pMHC geometry prioritization only; not evidence of presentation, TCR binding, activation, cross-reactivity, molecular mimicry, or MS mechanism.",FIKFKSPLV,7,V2PMHC_09f27211b3e8bfb0,/Users/anishsharma/Library/Mobile Documents/com~apple~CloudDocs/Downloads/folds_2026_08_27_04_49/ebvms_hla2_control_v2pmhc_09f27211b3e8bfb0_s314159/fold_ebvms_hla2_control_v2pmhc_09f27211b3e8bfb0_s314159_full_data_3.json,False,0.91,ebvms_hla2_control_v2pmhc_09f27211b3e8bfb0_s314159,True,178,189,MLGQDDFIKFKSPLV,314159,0.92,0.94,True,3,pass_exact_clash_free,v2_fresh_attribution_pilot,/Users/anishsharma/Library/Mobile Documents/com~apple~CloudDocs/Downloads/folds_2026_08_27_04_49/ebvms_hla2_control_v2pmhc_09f27211b3e8bfb0_s314159/fold_ebvms_hla2_control_v2pmhc_09f27211b3e8bfb0_s314159_summary_confidences_3.json,SYS_ENGA_MBP_OB1A12
/Users/anishsharma/Library/Mobile Documents/com~apple~CloudDocs/Downloads/folds_2026_08_27_04_49/ebvms_hla2_control_v2pmhc_09f27211b3e8bfb0_s314159/fold_ebvms_hla2_control_v2pmhc_09f27211b3e8bfb0_s314159_model_4.cif,"Computational pMHC geometry prioritization only; not evidence of presentation, TCR binding, activation, cross-reactivity, molecular mimicry, or MS mechanism.",FIKFKSPLV,7,V2PMHC_09f27211b3e8bfb0,/Users/anishsharma/Library/Mobile Documents/com~apple~CloudDocs/Downloads/folds_2026_08_27_04_49/ebvms_hla2_control_v2pmhc_09f27211b3e8bfb0_s314159/fold_ebvms_hla2_control_v2pmhc_09f27211b3e8bfb0_s314159_full_data_4.json,False,0.91,ebvms_hla2_control_v2pmhc_09f27211b3e8bfb0_s314159,True,178,189,MLGQDDFIKFKSPLV,314159,0.91,0.93,True,4,pass_exact_clash_free,v2_fresh_attribution_pilot,/Users/anishsharma/Library/Mobile Documents/com~apple~CloudDocs/Downloads/folds_2026_08_27_04_49/ebvms_hla2_control_v2pmhc_09f27211b3e8bfb0_s314159/fold_ebvms_hla2_control_v2pmhc_09f27211b3e8bfb0_s314159_summary_confidences_4.json,SYS_ENGA_MBP_OB1A12
/Users/anishsharma/Library/Mobile Documents/com~apple~CloudDocs/Downloads/folds_2026_08_27_04_49/ebvms_hla2_control_v2pmhc_0c99052ea98ebd84_s271828/fold_ebvms_hla2_control_v2pmhc_0c99052ea98ebd84_s271828_model_0.cif,"Computational pMHC geometry prioritization only; not evidence of presentation, TCR binding, activation, cross-reactivity, molecular mimicry, or MS mechanism.",LEFYLAMPF,4,V2PMHC_0c99052ea98ebd84,/Users/anishsharma/Library/Mobile Documents/com~apple~CloudDocs/Downloads/folds_2026_08_27_04_49/ebvms_hla2_control_v2pmhc_0c99052ea98ebd84_s271828/fold_ebvms_hla2_control_v2pmhc_0c99052ea98ebd84_s271828_full_data_0.json,False,0.92,ebvms_hla2_control_v2pmhc_0c99052ea98ebd84_s271828,True,178,189,SRLLEFYLAMPFATP,271828,0.93,0.95,True,0,pass_exact_clash_free,v2_fresh_attribution_pilot,/Users/anishsharma/Library/Mobile Documents/com~apple~CloudDocs/Downloads/folds_2026_08_27_04_49/ebvms_hla2_control_v2pmhc_0c99052ea98ebd84_s271828/fold_ebvms_hla2_control_v2pmhc_0c99052ea98ebd84_s271828_summary_confidences_0.json,SYS_BALF5_MBP_HY2E11;SYS_ENGA_MBP_OB1A12
/Users/anishsharma/Library/Mobile Documents/com~apple~CloudDocs/Downloads/folds_2026_08_27_04_49/ebvms_hla2_control_v2pmhc_0c99052ea98ebd84_s271828/fold_ebvms_hla2_control_v2pmhc_0c99052ea98ebd84_s271828_model_1.cif,"Computational pMHC geometry prioritization only; not evidence of presentation, TCR binding, activation, cross-reactivity, molecular mimicry, or MS mechanism.",LEFYLAMPF,4,V2PMHC_0c99052ea98ebd84,/Users/anishsharma/Library/Mobile Documents/com~apple~CloudDocs/Downloads/folds_2026_08_27_04_49/ebvms_hla2_control_v2pmhc_0c99052ea98ebd84_s271828/fold_ebvms_hla2_control_v2pmhc_0c99052ea98ebd84_s271828_full_data_1.json,False,0.92,ebvms_hla2_control_v2pmhc_0c99052ea98ebd84_s271828,True,178,189,SRLLEFYLAMPFATP,271828,0.93,0.94,True,1,pass_exact_clash_free,v2_fresh_attribution_pilot,/Users/anishsharma/Library/Mobile Documents/com~apple~CloudDocs/Downloads/folds_2026_08_27_04_49/ebvms_hla2_control_v2pmhc_0c99052ea98ebd84_s271828/fold_ebvms_hla2_control_v2pmhc_0c99052ea98ebd84_s271828_summary_confidences_1.json,SYS_BALF5_MBP_HY2E11;SYS_ENGA_MBP_OB1A12
/Users/anishsharma/Library/Mobile Documents/com~apple~CloudDocs/Downloads/folds_2026_08_27_04_49/ebvms_hla2_control_v2pmhc_0c99052ea98ebd84_s271828/fold_ebvms_hla2_control_v2pmhc_0c99052ea98ebd84_s271828_model_2.cif,"Computational pMHC geometry prioritization only; not evidence of presentation, TCR binding, activation, cross-reactivity, molecular mimicry, or MS mechanism.",LEFYLAMPF,4,V2PMHC_0c99052ea98ebd84,/Users/anishsharma/Library/Mobile Documents/com~apple~CloudDocs/Downloads/folds_2026_08_27_04_49/ebvms_hla2_control_v2pmhc_0c99052ea98ebd84_s271828/fold_ebvms_hla2_control_v2pmhc_0c99052ea98ebd84_s271828_full_data_2.json,False,0.92,ebvms_hla2_control_v2pmhc_0c99052ea98ebd84_s271828,True,178,189,SRLLEFYLAMPFATP,271828,0.92,0.94,True,2,pass_exact_clash_free,v2_fresh_attribution_pilot,/Users/anishsharma/Library/Mobile Documents/com~apple~CloudDocs/Downloads/folds_2026_08_27_04_49/ebvms_hla2_control_v2pmhc_0c99052ea98ebd84_s271828/fold_ebvms_hla2_control_v2pmhc_0c99052ea98ebd84_s271828_summary_confidences_2.json,SYS_BALF5_MBP_HY2E11;SYS_ENGA_MBP_OB1A12
/Users/anishsharma/Library/Mobile Documents/com~apple~CloudDocs/Downloads/folds_2026_08_27_04_49/ebvms_hla2_control_v2pmhc_0c99052ea98ebd84_s271828/fold_ebvms_hla2_control_v2pmhc_0c99052ea98ebd84_s271828_model_3.cif,"Computational pMHC geometry prioritization only; not evidence of presentation, TCR binding, activation, cross-reactivity, molecular mimicry, or MS mechanism.",LEFYLAMPF,4,V2PMHC_0c99052ea98ebd84,/Users/anishsharma/Library/Mobile Documents/com~apple~CloudDocs/Downloads/folds_2026_08_27_04_49/ebvms_hla2_control_v2pmhc_0c99052ea98ebd84_s271828/fold_ebvms_hla2_control_v2pmhc_0c99052ea98ebd84_s271828_full_data_3.json,False,0.92,ebvms_hla2_control_v2pmhc_0c99052ea98ebd84_s271828,True,178,189,SRLLEFYLAMPFATP,271828,0.92,0.94,True,3,pass_exact_clash_free,v2_fresh_attribution_pilot,/Users/anishsharma/Library/Mobile Documents/com~apple~CloudDocs/Downloads/folds_2026_08_27_04_49/ebvms_hla2_control_v2pmhc_0c99052ea98ebd84_s271828/fold_ebvms_hla2_control_v2pmhc_0c99052ea98ebd84_s271828_summary_confidences_3.json,SYS_BALF5_MBP_HY2E11;SYS_ENGA_MBP_OB1A12
/Users/anishsharma/Library/Mobile Documents/com~apple~CloudDocs/Downloads/folds_2026_08_27_04_49/ebvms_hla2_control_v2pmhc_0c99052ea98ebd84_s271828/fold_ebvms_hla2_control_v2pmhc_0c99052ea98ebd84_s271828_model_4.cif,"Computational pMHC geometry prioritization only; not evidence of presentation, TCR binding, activation, cross-reactivity, molecular mimicry, or MS mechanism.",LEFYLAMPF,4,V2PMHC_0c99052ea98ebd84,/Users/anishsharma/Library/Mobile Documents/com~apple~CloudDocs/Downloads/folds_2026_08_27_04_49/ebvms_hla2_control_v2pmhc_0c99052ea98ebd84_s271828/fold_ebvms_hla2_control_v2pmhc_0c99052ea98ebd84_s271828_full_data_4.json,False,0.92,ebvms_hla2_control_v2pmhc_0c99052ea98ebd84_s271828,True,178,189,SRLLEFYLAMPFATP,271828,0.92,0.94,True,4,pass_exact_clash_free,v2_fresh_attribution_pilot,/Users/anishsharma/Library/Mobile Documents/com~apple~CloudDocs/Downloads/folds_2026_08_27_04_49/ebvms_hla2_control_v2pmhc_0c99052ea98ebd84_s271828/fold_ebvms_hla2_control_v2pmhc_0c99052ea98ebd84_s271828_summary_confidences_4.json,SYS_BALF5_MBP_HY2E11;SYS_ENGA_MBP_OB1A12
/Users/anishsharma/Library/Mobile Documents/com~apple~CloudDocs/Downloads/folds_2026_08_27_04_49/ebvms_hla2_control_v2pmhc_0c99052ea98ebd84_s314159/fold_ebvms_hla2_control_v2pmhc_0c99052ea98ebd84_s314159_model_0.cif,"Computational pMHC geometry prioritization only; not evidence of presentation, TCR binding, activation, cross-reactivity, molecular mimicry, or MS mechanism.",LEFYLAMPF,4,V2PMHC_0c99052ea98ebd84,/Users/anishsharma/Library/Mobile Documents/com~apple~CloudDocs/Downloads/folds_2026_08_27_04_49/ebvms_hla2_control_v2pmhc_0c99052ea98ebd84_s314159/fold_ebvms_hla2_control_v2pmhc_0c99052ea98ebd84_s314159_full_data_0.json,False,0.93,ebvms_hla2_control_v2pmhc_0c99052ea98ebd84_s314159,True,178,189,SRLLEFYLAMPFATP,314159,0.93,0.95,True,0,pass_exact_clash_free,v2_fresh_attribution_pilot,/Users/anishsharma/Library/Mobile Documents/com~apple~CloudDocs/Downloads/folds_2026_08_27_04_49/ebvms_hla2_control_v2pmhc_0c99052ea98ebd84_s314159/fold_ebvms_hla2_control_v2pmhc_0c99052ea98ebd84_s314159_summary_confidences_0.json,SYS_BALF5_MBP_HY2E11;SYS_ENGA_MBP_OB1A12
/Users/anishsharma/Library/Mobile Documents/com~apple~CloudDocs/Downloads/folds_2026_08_27_04_49/ebvms_hla2_control_v2pmhc_0c99052ea98ebd84_s314159/fold_ebvms_hla2_control_v2pmhc_0c99052ea98ebd84_s314159_model_1.cif,"Computational pMHC geometry prioritization only; not evidence of presentation, TCR binding, activation, cross-reactivity, molecular mimicry, or MS mechanism.",LEFYLAMPF,4,V2PMHC_0c99052ea98ebd84,/Users/anishsharma/Library/Mobile Documents/com~apple~CloudDocs/Downloads/folds_2026_08_27_04_49/ebvms_hla2_control_v2pmhc_0c99052ea98ebd84_s314159/fold_ebvms_hla2_control_v2pmhc_0c99052ea98ebd84_s314159_full_data_1.json,False,0.92,ebvms_hla2_control_v2pmhc_0c99052ea98ebd84_s314159,True,178,189,SRLLEFYLAMPFATP,314159,0.93,0.94,True,1,pass_exact_clash_free,v2_fresh_attribution_pilot,/Users/anishsharma/Library/Mobile Documents/com~apple~CloudDocs/Downloads/folds_2026_08_27_04_49/ebvms_hla2_control_v2pmhc_0c99052ea98ebd84_s314159/fold_ebvms_hla2_control_v2pmhc_0c99052ea98ebd84_s314159_summary_confidences_1.json,SYS_BALF5_MBP_HY2E11;SYS_ENGA_MBP_OB1A12
/Users/anishsharma/Library/Mobile Documents/com~apple~CloudDocs/Downloads/folds_2026_08_27_04_49/ebvms_hla2_control_v2pmhc_0c99052ea98ebd84_s314159/fold_ebvms_hla2_control_v2pmhc_0c99052ea98ebd84_s314159_model_2.cif,"Computational pMHC geometry prioritization only; not evidence of presentation, TCR binding, activation, cross-reactivity, molecular mimicry, or MS mechanism.",LEFYLAMPF,4,V2PMHC_0c99052ea98ebd84,/Users/anishsharma/Library/Mobile Documents/com~apple~CloudDocs/Downloads/folds_2026_08_27_04_49/ebvms_hla2_control_v2pmhc_0c99052ea98ebd84_s314159/fold_ebvms_hla2_control_v2pmhc_0c99052ea98ebd84_s314159_full_data_2.json,False,0.92,ebvms_hla2_control_v2pmhc_0c99052ea98ebd84_s314159,True,178,189,SRLLEFYLAMPFATP,314159,0.92,0.94,True,2,pass_exact_clash_free,v2_fresh_attribution_pilot,/Users/anishsharma/Library/Mobile Documents/com~apple~CloudDocs/Downloads/folds_2026_08_27_04_49/ebvms_hla2_control_v2pmhc_0c99052ea98ebd84_s314159/fold_ebvms_hla2_control_v2pmhc_0c99052ea98ebd84_s314159_summary_confidences_2.json,SYS_BALF5_MBP_HY2E11;SYS_ENGA_MBP_OB1A12
/Users/anishsharma/Library/Mobile Documents/com~apple~CloudDocs/Downloads/folds_2026_08_27_04_49/ebvms_hla2_control_v2pmhc_0c99052ea98ebd84_s314159/fold_ebvms_hla2_control_v2pmhc_0c99052ea98ebd84_s314159_model_3.cif,"Computational pMHC geometry prioritization only; not evidence of presentation, TCR binding, activation, cross-reactivity, molecular mimicry, or MS mechanism.",LEFYLAMPF,4,V2PMHC_0c99052ea98ebd84,/Users/anishsharma/Library/Mobile Documents/com~apple~CloudDocs/Downloads/folds_2026_08_27_04_49/ebvms_hla2_control_v2pmhc_0c99052ea98ebd84_s314159/fold_ebvms_hla2_control_v2pmhc_0c99052ea98ebd84_s314159_full_data_3.json,False,0.92,ebvms_hla2_control_v2pmhc_0c99052ea98ebd84_s314159,True,178,189,SRLLEFYLAMPFATP,314159,0.92,0.94,True,3,pass_exact_clash_free,v2_fresh_attribution_pilot,/Users/anishsharma/Library/Mobile Documents/com~apple~CloudDocs/Downloads/folds_2026_08_27_04_49/ebvms_hla2_control_v2pmhc_0c99052ea98ebd84_s314159/fold_ebvms_hla2_control_v2pmhc_0c99052ea98ebd84_s314159_summary_confidences_3.json,SYS_BALF5_MBP_HY2E11;SYS_ENGA_MBP_OB1A12
/Users/anishsharma/Library/Mobile Documents/com~apple~CloudDocs/Downloads/folds_2026_08_27_04_49/ebvms_hla2_control_v2pmhc_0c99052ea98ebd84_s314159/fold_ebvms_hla2_control_v2pmhc_0c99052ea98ebd84_s314159_model_4.cif,"Computational pMHC geometry prioritization only; not evidence of presentation, TCR binding, activation, cross-reactivity, molecular mimicry, or MS mechanism.",LEFYLAMPF,4,V2PMHC_0c99052ea98ebd84,/Users/anishsharma/Library/Mobile Documents/com~apple~CloudDocs/Downloads/folds_2026_08_27_04_49/ebvms_hla2_control_v2pmhc_0c99052ea98ebd84_s314159/fold_ebvms_hla2_control_v2pmhc_0c99052ea98ebd84_s314159_full_data_4.json,False,0.91,ebvms_hla2_control_v2pmhc_0c99052ea98ebd84_s314159,True,178,189,SRLLEFYLAMPFATP,314159,0.92,0.94,True,4,pass_exact_clash_free,v2_fresh_attribution_pilot,/Users/anishsharma/Library/Mobile Documents/com~apple~CloudDocs/Downloads/folds_2026_08_27_04_49/ebvms_hla2_control_v2pmhc_0c99052ea98ebd84_s314159/fold_ebvms_hla2_control_v2pmhc_0c99052ea98ebd84_s314159_summary_confidences_4.json,SYS_BALF5_MBP_HY2E11;SYS_ENGA_MBP_OB1A12
/Users/anishsharma/Library/Mobile Documents/com~apple~CloudDocs/Downloads/folds_2026_08_27_04_49/ebvms_hla2_control_v2pmhc_124e901945f0164d_s271828/fold_ebvms_hla2_control_v2pmhc_124e901945f0164d_s271828_model_0.cif,"Computational pMHC geometry prioritization only; not evidence of presentation, TCR binding, activation, cross-reactivity, molecular mimicry, or MS mechanism.",LVLLRGENL,5,V2PMHC_124e901945f0164d,/Users/anishsharma/Library/Mobile Documents/com~apple~CloudDocs/Downloads/folds_2026_08_27_04_49/ebvms_hla2_control_v2pmhc_124e901945f0164d_s271828/fold_ebvms_hla2_control_v2pmhc_124e901945f0164d_s271828_full_data_0.json,False,0.94,ebvms_hla2_control_v2pmhc_124e901945f0164d_s271828,True,178,189,RVLGLVLLRGENLVS,271828,0.93,0.96,True,0,pass_exact_clash_free,v2_fresh_attribution_pilot,/Users/anishsharma/Library/Mobile Documents/com~apple~CloudDocs/Downloads/folds_2026_08_27_04_49/ebvms_hla2_control_v2pmhc_124e901945f0164d_s271828/fold_ebvms_hla2_control_v2pmhc_124e901945f0164d_s271828_summary_confidences_0.json,SYS_BALF5_MBP_HY2E11;SYS_ENGA_MBP_OB1A12
/Users/anishsharma/Library/Mobile Documents/com~apple~CloudDocs/Downloads/folds_2026_08_27_04_49/ebvms_hla2_control_v2pmhc_124e901945f0164d_s271828/fold_ebvms_hla2_control_v2pmhc_124e901945f0164d_s271828_model_1.cif,"Computational pMHC geometry prioritization only; not evidence of presentation, TCR binding, activation, cross-reactivity, molecular mimicry, or MS mechanism.",LVLLRGENL,5,V2PMHC_124e901945f0164d,/Users/anishsharma/Library/Mobile Documents/com~apple~CloudDocs/Downloads/folds_2026_08_27_04_49/ebvms_hla2_control_v2pmhc_124e901945f0164d_s271828/fold_ebvms_hla2_control_v2pmhc_124e901945f0164d_s271828_full_data_1.json,False,0.94,ebvms_hla2_control_v2pmhc_124e901945f0164d_s271828,True,178,189,RVLGLVLLRGENLVS,271828,0.93,0.96,True,1,pass_exact_clash_free,v2_fresh_attribution_pilot,/Users/anishsharma/Library/Mobile Documents/com~apple~CloudDocs/Downloads/folds_2026_08_27_04_49/ebvms_hla2_control_v2pmhc_124e901945f0164d_s271828/fold_ebvms_hla2_control_v2pmhc_124e901945f0164d_s271828_summary_confidences_1.json,SYS_BALF5_MBP_HY2E11;SYS_ENGA_MBP_OB1A12
/Users/anishsharma/Library/Mobile Documents/com~apple~CloudDocs/Downloads/folds_2026_08_27_04_49/ebvms_hla2_control_v2pmhc_124e901945f0164d_s271828/fold_ebvms_hla2_control_v2pmhc_124e901945f0164d_s271828_model_2.cif,"Computational pMHC geometry prioritization only; not evidence of presentation, TCR binding, activation, cross-reactivity, molecular mimicry, or MS mechanism.",LVLLRGENL,5,V2PMHC_124e901945f0164d,/Users/anishsharma/Library/Mobile Documents/com~apple~CloudDocs/Downloads/folds_2026_08_27_04_49/ebvms_hla2_control_v2pmhc_124e901945f0164d_s271828/fold_ebvms_hla2_control_v2pmhc_124e901945f0164d_s271828_full_data_2.json,False,0.94,ebvms_hla2_control_v2pmhc_124e901945f0164d_s271828,True,178,189,RVLGLVLLRGENLVS,271828,0.93,0.96,True,2,pass_exact_clash_free,v2_fresh_attribution_pilot,/Users/anishsharma/Library/Mobile Documents/com~apple~CloudDocs/Downloads/folds_2026_08_27_04_49/ebvms_hla2_control_v2pmhc_124e901945f0164d_s271828/fold_ebvms_hla2_control_v2pmhc_124e901945f0164d_s271828_summary_confidences_2.json,SYS_BALF5_MBP_HY2E11;SYS_ENGA_MBP_OB1A12
/Users/anishsharma/Library/Mobile Documents/com~apple~CloudDocs/Downloads/folds_2026_08_27_04_49/ebvms_hla2_control_v2pmhc_124e901945f0164d_s271828/fold_ebvms_hla2_control_v2pmhc_124e901945f0164d_s271828_model_3.cif,"Computational pMHC geometry prioritization only; not evidence of presentation, TCR binding, activation, cross-reactivity, molecular mimicry, or MS mechanism.",LVLLRGENL,5,V2PMHC_124e901945f0164d,/Users/anishsharma/Library/Mobile Documents/com~apple~CloudDocs/Downloads/folds_2026_08_27_04_49/ebvms_hla2_control_v2pmhc_124e901945f0164d_s271828/fold_ebvms_hla2_control_v2pmhc_124e901945f0164d_s271828_full_data_3.json,False,0.93,ebvms_hla2_control_v2pmhc_124e901945f0164d_s271828,True,178,189,RVLGLVLLRGENLVS,271828,0.93,0.95,True,3,pass_exact_clash_free,v2_fresh_attribution_pilot,/Users/anishsharma/Library/Mobile Documents/com~apple~CloudDocs/Downloads/folds_2026_08_27_04_49/ebvms_hla2_control_v2pmhc_124e901945f0164d_s271828/fold_ebvms_hla2_control_v2pmhc_124e901945f0164d_s271828_summary_confidences_3.json,SYS_BALF5_MBP_HY2E11;SYS_ENGA_MBP_OB1A12
/Users/anishsharma/Library/Mobile Documents/com~apple~CloudDocs/Downloads/folds_2026_08_27_04_49/ebvms_hla2_control_v2pmhc_124e901945f0164d_s271828/fold_ebvms_hla2_control_v2pmhc_124e901945f0164d_s271828_model_4.cif,"Computational pMHC geometry prioritization only; not evidence of presentation, TCR binding, activation, cross-reactivity, molecular mimicry, or MS mechanism.",LVLLRGENL,5,V2PMHC_124e901945f0164d,/Users/anishsharma/Library/Mobile Documents/com~apple~CloudDocs/Downloads/folds_2026_08_27_04_49/ebvms_hla2_control_v2pmhc_124e901945f0164d_s271828/fold_ebvms_hla2_control_v2pmhc_124e901945f0164d_s271828_full_data_4.json,False,0.93,ebvms_hla2_control_v2pmhc_124e901945f0164d_s271828,True,178,189,RVLGLVLLRGENLVS,271828,0.93,0.95,True,4,pass_exact_clash_free,v2_fresh_attribution_pilot,/Users/anishsharma/Library/Mobile Documents/com~apple~CloudDocs/Downloads/folds_2026_08_27_04_49/ebvms_hla2_control_v2pmhc_124e901945f0164d_s271828/fold_ebvms_hla2_control_v2pmhc_124e901945f0164d_s271828_summary_confidences_4.json,SYS_BALF5_MBP_HY2E11;SYS_ENGA_MBP_OB1A12
/Users/anishsharma/Library/Mobile Documents/com~apple~CloudDocs/Downloads/folds_2026_08_27_04_49/ebvms_hla2_control_v2pmhc_124e901945f0164d_s314159/fold_ebvms_hla2_control_v2pmhc_124e901945f0164d_s314159_model_0.cif,"Computational pMHC geometry prioritization only; not evidence of presentation, TCR binding, activation, cross-reactivity, molecular mimicry, or MS mechanism.",LVLLRGENL,5,V2PMHC_124e901945f0164d,/Users/anishsharma/Library/Mobile Documents/com~apple~CloudDocs/Downloads/folds_2026_08_27_04_49/ebvms_hla2_control_v2pmhc_124e901945f0164d_s314159/fold_ebvms_hla2_control_v2pmhc_124e901945f0164d_s314159_full_data_0.json,False,0.93,ebvms_hla2_control_v2pmhc_124e901945f0164d_s314159,True,178,189,RVLGLVLLRGENLVS,314159,0.93,0.96,True,0,pass_exact_clash_free,v2_fresh_attribution_pilot,/Users/anishsharma/Library/Mobile Documents/com~apple~CloudDocs/Downloads/folds_2026_08_27_04_49/ebvms_hla2_control_v2pmhc_124e901945f0164d_s314159/fold_ebvms_hla2_control_v2pmhc_124e901945f0164d_s314159_summary_confidences_0.json,SYS_BALF5_MBP_HY2E11;SYS_ENGA_MBP_OB1A12
/Users/anishsharma/Library/Mobile Documents/com~apple~CloudDocs/Downloads/folds_2026_08_27_04_49/ebvms_hla2_control_v2pmhc_124e901945f0164d_s314159/fold_ebvms_hla2_control_v2pmhc_124e901945f0164d_s314159_model_1.cif,"Computational pMHC geometry prioritization only; not evidence of presentation, TCR binding, activation, cross-reactivity, molecular mimicry, or MS mechanism.",LVLLRGENL,5,V2PMHC_124e901945f0164d,/Users/anishsharma/Library/Mobile Documents/com~apple~CloudDocs/Downloads/folds_2026_08_27_04_49/ebvms_hla2_control_v2pmhc_124e901945f0164d_s314159/fold_ebvms_hla2_control_v2pmhc_124e901945f0164d_s314159_full_data_1.json,False,0.93,ebvms_hla2_control_v2pmhc_124e901945f0164d_s314159,True,178,189,RVLGLVLLRGENLVS,314159,0.93,0.95,True,1,pass_exact_clash_free,v2_fresh_attribution_pilot,/Users/anishsharma/Library/Mobile Documents/com~apple~CloudDocs/Downloads/folds_2026_08_27_04_49/ebvms_hla2_control_v2pmhc_124e901945f0164d_s314159/fold_ebvms_hla2_control_v2pmhc_124e901945f0164d_s314159_summary_confidences_1.json,SYS_BALF5_MBP_HY2E11;SYS_ENGA_MBP_OB1A12
/Users/anishsharma/Library/Mobile Documents/com~apple~CloudDocs/Downloads/folds_2026_08_27_04_49/ebvms_hla2_control_v2pmhc_124e901945f0164d_s314159/fold_ebvms_hla2_control_v2pmhc_124e901945f0164d_s314159_model_2.cif,"Computational pMHC geometry prioritization only; not evidence of presentation, TCR binding, activation, cross-reactivity, molecular mimicry, or MS mechanism.",LVLLRGENL,5,V2PMHC_124e901945f0164d,/Users/anishsharma/Library/Mobile Documents/com~apple~CloudDocs/Downloads/folds_2026_08_27_04_49/ebvms_hla2_control_v2pmhc_124e901945f0164d_s314159/fold_ebvms_hla2_control_v2pmhc_124e901945f0164d_s314159_full_data_2.json,False,0.93,ebvms_hla2_control_v2pmhc_124e901945f0164d_s314159,True,178,189,RVLGLVLLRGENLVS,314159,0.93,0.95,True,2,pass_exact_clash_free,v2_fresh_attribution_pilot,/Users/anishsharma/Library/Mobile Documents/com~apple~CloudDocs/Downloads/folds_2026_08_27_04_49/ebvms_hla2_control_v2pmhc_124e901945f0164d_s314159/fold_ebvms_hla2_control_v2pmhc_124e901945f0164d_s314159_summary_confidences_2.json,SYS_BALF5_MBP_HY2E11;SYS_ENGA_MBP_OB1A12
/Users/anishsharma/Library/Mobile Documents/com~apple~CloudDocs/Downloads/folds_2026_08_27_04_49/ebvms_hla2_control_v2pmhc_124e901945f0164d_s314159/fold_ebvms_hla2_control_v2pmhc_124e901945f0164d_s314159_model_3.cif,"Computational pMHC geometry prioritization only; not evidence of presentation, TCR binding, activation, cross-reactivity, molecular mimicry, or MS mechanism.",LVLLRGENL,5,V2PMHC_124e901945f0164d,/Users/anishsharma/Library/Mobile Documents/com~apple~CloudDocs/Downloads/folds_2026_08_27_04_49/ebvms_hla2_control_v2pmhc_124e901945f0164d_s314159/fold_ebvms_hla2_control_v2pmhc_124e901945f0164d_s314159_full_data_3.json,False,0.93,ebvms_hla2_control_v2pmhc_124e901945f0164d_s314159,True,178,189,RVLGLVLLRGENLVS,314159,0.93,0.95,True,3,pass_exact_clash_free,v2_fresh_attribution_pilot,/Users/anishsharma/Library/Mobile Documents/com~apple~CloudDocs/Downloads/folds_2026_08_27_04_49/ebvms_hla2_control_v2pmhc_124e901945f0164d_s314159/fold_ebvms_hla2_control_v2pmhc_124e901945f0164d_s314159_summary_confidences_3.json,SYS_BALF5_MBP_HY2E11;SYS_ENGA_MBP_OB1A12
/Users/anishsharma/Library/Mobile Documents/com~apple~CloudDocs/Downloads/folds_2026_08_27_04_49/ebvms_hla2_control_v2pmhc_124e901945f0164d_s314159/fold_ebvms_hla2_control_v2pmhc_124e901945f0164d_s314159_model_4.cif,"Computational pMHC geometry prioritization only; not evidence of presentation, TCR binding, activation, cross-reactivity, molecular mimicry, or MS mechanism.",LVLLRGENL,5,V2PMHC_124e901945f0164d,/Users/anishsharma/Library/Mobile Documents/com~apple~CloudDocs/Downloads/folds_2026_08_27_04_49/ebvms_hla2_control_v2pmhc_124e901945f0164d_s314159/fold_ebvms_hla2_control_v2pmhc_124e901945f0164d_s314159_full_data_4.json,False,0.92,ebvms_hla2_control_v2pmhc_124e901945f0164d_s314159,True,178,189,RVLGLVLLRGENLVS,314159,0.93,0.95,True,4,pass_exact_clash_free,v2_fresh_attribution_pilot,/Users/anishsharma/Library/Mobile Documents/com~apple~CloudDocs/Downloads/folds_2026_08_27_04_49/ebvms_hla2_control_v2pmhc_124e901945f0164d_s314159/fold_ebvms_hla2_control_v2pmhc_124e901945f0164d_s314159_summary_confidences_4.json,SYS_BALF5_MBP_HY2E11;SYS_ENGA_MBP_OB1A12
/Users/anishsharma/Library/Mobile Documents/com~apple~CloudDocs/Downloads/folds_2026_08_27_04_49/ebvms_hla2_control_v2pmhc_22a556e2d6178849_s271828/fold_ebvms_hla2_control_v2pmhc_22a556e2d6178849_s271828_model_0.cif,"Computational pMHC geometry prioritization only; not evidence of presentation, TCR binding, activation, cross-reactivity, molecular mimicry, or MS mechanism.",LLHTRAASL,5,V2PMHC_22a556e2d6178849,/Users/anishsharma/Library/Mobile Documents/com~apple~CloudDocs/Downloads/folds_2026_08_27_04_49/ebvms_hla2_control_v2pmhc_22a556e2d6178849_s271828/fold_ebvms_hla2_control_v2pmhc_22a556e2d6178849_s271828_full_data_0.json,False,0.92,ebvms_hla2_control_v2pmhc_22a556e2d6178849_s271828,True,178,189,SRDELLHTRAASLLY,271828,0.93,0.94,True,0,pass_exact_clash_free,v2_fresh_attribution_pilot,/Users/anishsharma/Library/Mobile Documents/com~apple~CloudDocs/Downloads/folds_2026_08_27_04_49/ebvms_hla2_control_v2pmhc_22a556e2d6178849_s271828/fold_ebvms_hla2_control_v2pmhc_22a556e2d6178849_s271828_summary_confidences_0.json,SYS_ENGA_MBP_OB1A12
/Users/anishsharma/Library/Mobile Documents/com~apple~CloudDocs/Downloads/folds_2026_08_27_04_49/ebvms_hla2_control_v2pmhc_22a556e2d6178849_s271828/fold_ebvms_hla2_control_v2pmhc_22a556e2d6178849_s271828_model_1.cif,"Computational pMHC geometry prioritization only; not evidence of presentation, TCR binding, activation, cross-reactivity, molecular mimicry, or MS mechanism.",LLHTRAASL,5,V2PMHC_22a556e2d6178849,/Users/anishsharma/Library/Mobile Documents/com~apple~CloudDocs/Downloads/folds_2026_08_27_04_49/ebvms_hla2_control_v2pmhc_22a556e2d6178849_s271828/fold_ebvms_hla2_control_v2pmhc_22a556e2d6178849_s271828_full_data_1.json,False,0.92,ebvms_hla2_control_v2pmhc_22a556e2d6178849_s271828,True,178,189,SRDELLHTRAASLLY,271828,0.93,0.94,True,1,pass_exact_clash_free,v2_fresh_attribution_pilot,/Users/anishsharma/Library/Mobile Documents/com~apple~CloudDocs/Downloads/folds_2026_08_27_04_49/ebvms_hla2_control_v2pmhc_22a556e2d6178849_s271828/fold_ebvms_hla2_control_v2pmhc_22a556e2d6178849_s271828_summary_confidences_1.json,SYS_ENGA_MBP_OB1A12
/Users/anishsharma/Library/Mobile Documents/com~apple~CloudDocs/Downloads/folds_2026_08_27_04_49/ebvms_hla2_control_v2pmhc_22a556e2d6178849_s271828/fold_ebvms_hla2_control_v2pmhc_22a556e2d6178849_s271828_model_2.cif,"Computational pMHC geometry prioritization only; not evidence of presentation, TCR binding, activation, cross-reactivity, molecular mimicry, or MS mechanism.",LLHTRAASL,5,V2PMHC_22a556e2d6178849,/Users/anishsharma/Library/Mobile Documents/com~apple~CloudDocs/Downloads/folds_2026_08_27_04_49/ebvms_hla2_control_v2pmhc_22a556e2d6178849_s271828/fold_ebvms_hla2_control_v2pmhc_22a556e2d6178849_s271828_full_data_2.json,False,0.92,ebvms_hla2_control_v2pmhc_22a556e2d6178849_s271828,True,178,189,SRDELLHTRAASLLY,271828,0.93,0.94,True,2,pass_exact_clash_free,v2_fresh_attribution_pilot,/Users/anishsharma/Library/Mobile Documents/com~apple~CloudDocs/Downloads/folds_2026_08_27_04_49/ebvms_hla2_control_v2pmhc_22a556e2d6178849_s271828/fold_ebvms_hla2_control_v2pmhc_22a556e2d6178849_s271828_summary_confidences_2.json,SYS_ENGA_MBP_OB1A12
/Users/anishsharma/Library/Mobile Documents/com~apple~CloudDocs/Downloads/folds_2026_08_27_04_49/ebvms_hla2_control_v2pmhc_22a556e2d6178849_s271828/fold_ebvms_hla2_control_v2pmhc_22a556e2d6178849_s271828_model_3.cif,"Computational pMHC geometry prioritization only; not evidence of presentation, TCR binding, activation, cross-reactivity, molecular mimicry, or MS mechanism.",LLHTRAASL,5,V2PMHC_22a556e2d6178849,/Users/anishsharma/Library/Mobile Documents/com~apple~CloudDocs/Downloads/folds_2026_08_27_04_49/ebvms_hla2_control_v2pmhc_22a556e2d6178849_s271828/fold_ebvms_hla2_control_v2pmhc_22a556e2d6178849_s271828_full_data_3.json,False,0.92,ebvms_hla2_control_v2pmhc_22a556e2d6178849_s271828,True,178,189,SRDELLHTRAASLLY,271828,0.92,0.94,True,3,pass_exact_clash_free,v2_fresh_attribution_pilot,/Users/anishsharma/Library/Mobile Documents/com~apple~CloudDocs/Downloads/folds_2026_08_27_04_49/ebvms_hla2_control_v2pmhc_22a556e2d6178849_s271828/fold_ebvms_hla2_control_v2pmhc_22a556e2d6178849_s271828_summary_confidences_3.json,SYS_ENGA_MBP_OB1A12
/Users/anishsharma/Library/Mobile Documents/com~apple~CloudDocs/Downloads/folds_2026_08_27_04_49/ebvms_hla2_control_v2pmhc_22a556e2d6178849_s271828/fold_ebvms_hla2_control_v2pmhc_22a556e2d6178849_s271828_model_4.cif,"Computational pMHC geometry prioritization only; not evidence of presentation, TCR binding, activation, cross-reactivity, molecular mimicry, or MS mechanism.",LLHTRAASL,5,V2PMHC_22a556e2d6178849,/Users/anishsharma/Library/Mobile Documents/com~apple~CloudDocs/Downloads/folds_2026_08_27_04_49/ebvms_hla2_control_v2pmhc_22a556e2d6178849_s271828/fold_ebvms_hla2_control_v2pmhc_22a556e2d6178849_s271828_full_data_4.json,False,0.92,ebvms_hla2_control_v2pmhc_22a556e2d6178849_s271828,True,178,189,SRDELLHTRAASLLY,271828,0.92,0.94,True,4,pass_exact_clash_free,v2_fresh_attribution_pilot,/Users/anishsharma/Library/Mobile Documents/com~apple~CloudDocs/Downloads/folds_2026_08_27_04_49/ebvms_hla2_control_v2pmhc_22a556e2d6178849_s271828/fold_ebvms_hla2_control_v2pmhc_22a556e2d6178849_s271828_summary_confidences_4.json,SYS_ENGA_MBP_OB1A12
/Users/anishsharma/Library/Mobile Documents/com~apple~CloudDocs/Downloads/folds_2026_08_27_04_49/ebvms_hla2_control_v2pmhc_22a556e2d6178849_s314159/fold_ebvms_hla2_control_v2pmhc_22a556e2d6178849_s314159_model_0.cif,"Computational pMHC geometry prioritization only; not evidence of presentation, TCR binding, activation, cross-reactivity, molecular mimicry, or MS mechanism.",LLHTRAASL,5,V2PMHC_22a556e2d6178849,/Users/anishsharma/Library/Mobile Documents/com~apple~CloudDocs/Downloads/folds_2026_08_27_04_49/ebvms_hla2_control_v2pmhc_22a556e2d6178849_s314159/fold_ebvms_hla2_control_v2pmhc_22a556e2d6178849_s314159_full_data_0.json,False,0.92,ebvms_hla2_control_v2pmhc_22a556e2d6178849_s314159,True,178,189,SRDELLHTRAASLLY,314159,0.93,0.95,True,0,pass_exact_clash_free,v2_fresh_attribution_pilot,/Users/anishsharma/Library/Mobile Documents/com~apple~CloudDocs/Downloads/folds_2026_08_27_04_49/ebvms_hla2_control_v2pmhc_22a556e2d6178849_s314159/fold_ebvms_hla2_control_v2pmhc_22a556e2d6178849_s314159_summary_confidences_0.json,SYS_ENGA_MBP_OB1A12
/Users/anishsharma/Library/Mobile Documents/com~apple~CloudDocs/Downloads/folds_2026_08_27_04_49/ebvms_hla2_control_v2pmhc_22a556e2d6178849_s314159/fold_ebvms_hla2_control_v2pmhc_22a556e2d6178849_s314159_model_1.cif,"Computational pMHC geometry prioritization only; not evidence of presentation, TCR binding, activation, cross-reactivity, molecular mimicry, or MS mechanism.",LLHTRAASL,5,V2PMHC_22a556e2d6178849,/Users/anishsharma/Library/Mobile Documents/com~apple~CloudDocs/Downloads/folds_2026_08_27_04_49/ebvms_hla2_control_v2pmhc_22a556e2d6178849_s314159/fold_ebvms_hla2_control_v2pmhc_22a556e2d6178849_s314159_full_data_1.json,False,0.92,ebvms_hla2_control_v2pmhc_22a556e2d6178849_s314159,True,178,189,SRDELLHTRAASLLY,314159,0.92,0.94,True,1,pass_exact_clash_free,v2_fresh_attribution_pilot,/Users/anishsharma/Library/Mobile Documents/com~apple~CloudDocs/Downloads/folds_2026_08_27_04_49/ebvms_hla2_control_v2pmhc_22a556e2d6178849_s314159/fold_ebvms_hla2_control_v2pmhc_22a556e2d6178849_s314159_summary_confidences_1.json,SYS_ENGA_MBP_OB1A12
/Users/anishsharma/Library/Mobile Documents/com~apple~CloudDocs/Downloads/folds_2026_08_27_04_49/ebvms_hla2_control_v2pmhc_22a556e2d6178849_s314159/fold_ebvms_hla2_control_v2pmhc_22a556e2d6178849_s314159_model_2.cif,"Computational pMHC geometry prioritization only; not evidence of presentation, TCR binding, activation, cross-reactivity, molecular mimicry, or MS mechanism.",LLHTRAASL,5,V2PMHC_22a556e2d6178849,/Users/anishsharma/Library/Mobile Documents/com~apple~CloudDocs/Downloads/folds_2026_08_27_04_49/ebvms_hla2_control_v2pmhc_22a556e2d6178849_s314159/fold_ebvms_hla2_control_v2pmhc_22a556e2d6178849_s314159_full_data_2.json,False,0.91,ebvms_hla2_control_v2pmhc_22a556e2d6178849_s314159,True,178,189,SRDELLHTRAASLLY,314159,0.92,0.94,True,2,pass_exact_clash_free,v2_fresh_attribution_pilot,/Users/anishsharma/Library/Mobile Documents/com~apple~CloudDocs/Downloads/folds_2026_08_27_04_49/ebvms_hla2_control_v2pmhc_22a556e2d6178849_s314159/fold_ebvms_hla2_control_v2pmhc_22a556e2d6178849_s314159_summary_confidences_2.json,SYS_ENGA_MBP_OB1A12
/Users/anishsharma/Library/Mobile Documents/com~apple~CloudDocs/Downloads/folds_2026_08_27_04_49/ebvms_hla2_control_v2pmhc_22a556e2d6178849_s314159/fold_ebvms_hla2_control_v2pmhc_22a556e2d6178849_s314159_model_3.cif,"Computational pMHC geometry prioritization only; not evidence of presentation, TCR binding, activation, cross-reactivity, molecular mimicry, or MS mechanism.",LLHTRAASL,5,V2PMHC_22a556e2d6178849,/Users/anishsharma/Library/Mobile Documents/com~apple~CloudDocs/Downloads/folds_2026_08_27_04_49/ebvms_hla2_control_v2pmhc_22a556e2d6178849_s314159/fold_ebvms_hla2_control_v2pmhc_22a556e2d6178849_s314159_full_data_3.json,False,0.92,ebvms_hla2_control_v2pmhc_22a556e2d6178849_s314159,True,178,189,SRDELLHTRAASLLY,314159,0.92,0.94,True,3,pass_exact_clash_free,v2_fresh_attribution_pilot,/Users/anishsharma/Library/Mobile Documents/com~apple~CloudDocs/Downloads/folds_2026_08_27_04_49/ebvms_hla2_control_v2pmhc_22a556e2d6178849_s314159/fold_ebvms_hla2_control_v2pmhc_22a556e2d6178849_s314159_summary_confidences_3.json,SYS_ENGA_MBP_OB1A12
/Users/anishsharma/Library/Mobile Documents/com~apple~CloudDocs/Downloads/folds_2026_08_27_04_49/ebvms_hla2_control_v2pmhc_22a556e2d6178849_s314159/fold_ebvms_hla2_control_v2pmhc_22a556e2d6178849_s314159_model_4.cif,"Computational pMHC geometry prioritization only; not evidence of presentation, TCR binding, activation, cross-reactivity, molecular mimicry, or MS mechanism.",LLHTRAASL,5,V2PMHC_22a556e2d6178849,/Users/anishsharma/Library/Mobile Documents/com~apple~CloudDocs/Downloads/folds_2026_08_27_04_49/ebvms_hla2_control_v2pmhc_22a556e2d6178849_s314159/fold_ebvms_hla2_control_v2pmhc_22a556e2d6178849_s314159_full_data_4.json,False,0.91,ebvms_hla2_control_v2pmhc_22a556e2d6178849_s314159,True,178,189,SRDELLHTRAASLLY,314159,0.93,0.94,True,4,pass_exact_clash_free,v2_fresh_attribution_pilot,/Users/anishsharma/Library/Mobile Documents/com~apple~CloudDocs/Downloads/folds_2026_08_27_04_49/ebvms_hla2_control_v2pmhc_22a556e2d6178849_s314159/fold_ebvms_hla2_control_v2pmhc_22a556e2d6178849_s314159_summary_confidences_4.json,SYS_ENGA_MBP_OB1A12
/Users/anishsharma/Library/Mobile Documents/com~apple~CloudDocs/Downloads/folds_2026_08_27_04_49/ebvms_hla2_control_v2pmhc_2a45cfb5882821d2_s271828/fold_ebvms_hla2_control_v2pmhc_2a45cfb5882821d2_s271828_model_0.cif,"Computational pMHC geometry prioritization only; not evidence of presentation, TCR binding, activation, cross-reactivity, molecular mimicry, or MS mechanism.",LSVVKPLTL,7,V2PMHC_2a45cfb5882821d2,/Users/anishsharma/Library/Mobile Documents/com~apple~CloudDocs/Downloads/folds_2026_08_27_04_49/ebvms_hla2_control_v2pmhc_2a45cfb5882821d2_s271828/fold_ebvms_hla2_control_v2pmhc_2a45cfb5882821d2_s271828_full_data_0.json,False,0.93,ebvms_hla2_control_v2pmhc_2a45cfb5882821d2_s271828,True,178,189,VTKQEHLSVVKPLTL,271828,0.93,0.95,True,0,pass_exact_clash_free,v2_fresh_attribution_pilot,/Users/anishsharma/Library/Mobile Documents/com~apple~CloudDocs/Downloads/folds_2026_08_27_04_49/ebvms_hla2_control_v2pmhc_2a45cfb5882821d2_s271828/fold_ebvms_hla2_control_v2pmhc_2a45cfb5882821d2_s271828_summary_confidences_0.json,SYS_BALF5_MBP_HY2E11
/Users/anishsharma/Library/Mobile Documents/com~apple~CloudDocs/Downloads/folds_2026_08_27_04_49/ebvms_hla2_control_v2pmhc_2a45cfb5882821d2_s271828/fold_ebvms_hla2_control_v2pmhc_2a45cfb5882821d2_s271828_model_1.cif,"Computational pMHC geometry prioritization only; not evidence of presentation, TCR binding, activation, cross-reactivity, molecular mimicry, or MS mechanism.",LSVVKPLTL,7,V2PMHC_2a45cfb5882821d2,/Users/anishsharma/Library/Mobile Documents/com~apple~CloudDocs/Downloads/folds_2026_08_27_04_49/ebvms_hla2_control_v2pmhc_2a45cfb5882821d2_s271828/fold_ebvms_hla2_control_v2pmhc_2a45cfb5882821d2_s271828_full_data_1.json,False,0.92,ebvms_hla2_control_v2pmhc_2a45cfb5882821d2_s271828,True,178,189,VTKQEHLSVVKPLTL,271828,0.93,0.94,True,1,pass_exact_clash_free,v2_fresh_attribution_pilot,/Users/anishsharma/Library/Mobile Documents/com~apple~CloudDocs/Downloads/folds_2026_08_27_04_49/ebvms_hla2_control_v2pmhc_2a45cfb5882821d2_s271828/fold_ebvms_hla2_control_v2pmhc_2a45cfb5882821d2_s271828_summary_confidences_1.json,SYS_BALF5_MBP_HY2E11
/Users/anishsharma/Library/Mobile Documents/com~apple~CloudDocs/Downloads/folds_2026_08_27_04_49/ebvms_hla2_control_v2pmhc_2a45cfb5882821d2_s271828/fold_ebvms_hla2_control_v2pmhc_2a45cfb5882821d2_s271828_model_2.cif,"Computational pMHC geometry prioritization only; not evidence of presentation, TCR binding, activation, cross-reactivity, molecular mimicry, or MS mechanism.",LSVVKPLTL,7,V2PMHC_2a45cfb5882821d2,/Users/anishsharma/Library/Mobile Documents/com~apple~CloudDocs/Downloads/folds_2026_08_27_04_49/ebvms_hla2_control_v2pmhc_2a45cfb5882821d2_s271828/fold_ebvms_hla2_control_v2pmhc_2a45cfb5882821d2_s271828_full_data_2.json,False,0.92,ebvms_hla2_control_v2pmhc_2a45cfb5882821d2_s271828,True,178,189,VTKQEHLSVVKPLTL,271828,0.93,0.94,True,2,pass_exact_clash_free,v2_fresh_attribution_pilot,/Users/anishsharma/Library/Mobile Documents/com~apple~CloudDocs/Downloads/folds_2026_08_27_04_49/ebvms_hla2_control_v2pmhc_2a45cfb5882821d2_s271828/fold_ebvms_hla2_control_v2pmhc_2a45cfb5882821d2_s271828_summary_confidences_2.json,SYS_BALF5_MBP_HY2E11
/Users/anishsharma/Library/Mobile Documents/com~apple~CloudDocs/Downloads/folds_2026_08_27_04_49/ebvms_hla2_control_v2pmhc_2a45cfb5882821d2_s271828/fold_ebvms_hla2_control_v2pmhc_2a45cfb5882821d2_s271828_model_3.cif,"Computational pMHC geometry prioritization only; not evidence of presentation, TCR binding, activation, cross-reactivity, molecular mimicry, or MS mechanism.",LSVVKPLTL,7,V2PMHC_2a45cfb5882821d2,/Users/anishsharma/Library/Mobile Documents/com~apple~CloudDocs/Downloads/folds_2026_08_27_04_49/ebvms_hla2_control_v2pmhc_2a45cfb5882821d2_s271828/fold_ebvms_hla2_control_v2pmhc_2a45cfb5882821d2_s271828_full_data_3.json,False,0.92,ebvms_hla2_control_v2pmhc_2a45cfb5882821d2_s271828,True,178,189,VTKQEHLSVVKPLTL,271828,0.92,0.94,True,3,pass_exact_clash_free,v2_fresh_attribution_pilot,/Users/anishsharma/Library/Mobile Documents/com~apple~CloudDocs/Downloads/folds_2026_08_27_04_49/ebvms_hla2_control_v2pmhc_2a45cfb5882821d2_s271828/fold_ebvms_hla2_control_v2pmhc_2a45cfb5882821d2_s271828_summary_confidences_3.json,SYS_BALF5_MBP_HY2E11
/Users/anishsharma/Library/Mobile Documents/com~apple~CloudDocs/Downloads/folds_2026_08_27_04_49/ebvms_hla2_control_v2pmhc_2a45cfb5882821d2_s271828/fold_ebvms_hla2_control_v2pmhc_2a45cfb5882821d2_s271828_model_4.cif,"Computational pMHC geometry prioritization only; not evidence of presentation, TCR binding, activation, cross-reactivity, molecular mimicry, or MS mechanism.",LSVVKPLTL,7,V2PMHC_2a45cfb5882821d2,/Users/anishsharma/Library/Mobile Documents/com~apple~CloudDocs/Downloads/folds_2026_08_27_04_49/ebvms_hla2_control_v2pmhc_2a45cfb5882821d2_s271828/fold_ebvms_hla2_control_v2pmhc_2a45cfb5882821d2_s271828_full_data_4.json,False,0.9,ebvms_hla2_control_v2pmhc_2a45cfb5882821d2_s271828,True,178,189,VTKQEHLSVVKPLTL,271828,0.92,0.92,True,4,pass_exact_clash_free,v2_fresh_attribution_pilot,/Users/anishsharma/Library/Mobile Documents/com~apple~CloudDocs/Downloads/folds_2026_08_27_04_49/ebvms_hla2_control_v2pmhc_2a45cfb5882821d2_s271828/fold_ebvms_hla2_control_v2pmhc_2a45cfb5882821d2_s271828_summary_confidences_4.json,SYS_BALF5_MBP_HY2E11
/Users/anishsharma/Library/Mobile Documents/com~apple~CloudDocs/Downloads/folds_2026_08_27_04_49/ebvms_hla2_control_v2pmhc_2a45cfb5882821d2_s314159/fold_ebvms_hla2_control_v2pmhc_2a45cfb5882821d2_s314159_model_0.cif,"Computational pMHC geometry prioritization only; not evidence of presentation, TCR binding, activation, cross-reactivity, molecular mimicry, or MS mechanism.",LSVVKPLTL,7,V2PMHC_2a45cfb5882821d2,/Users/anishsharma/Library/Mobile Documents/com~apple~CloudDocs/Downloads/folds_2026_08_27_04_49/ebvms_hla2_control_v2pmhc_2a45cfb5882821d2_s314159/fold_ebvms_hla2_control_v2pmhc_2a45cfb5882821d2_s314159_full_data_0.json,False,0.93,ebvms_hla2_control_v2pmhc_2a45cfb5882821d2_s314159,True,178,189,VTKQEHLSVVKPLTL,314159,0.93,0.95,True,0,pass_exact_clash_free,v2_fresh_attribution_pilot,/Users/anishsharma/Library/Mobile Documents/com~apple~CloudDocs/Downloads/folds_2026_08_27_04_49/ebvms_hla2_control_v2pmhc_2a45cfb5882821d2_s314159/fold_ebvms_hla2_control_v2pmhc_2a45cfb5882821d2_s314159_summary_confidences_0.json,SYS_BALF5_MBP_HY2E11
/Users/anishsharma/Library/Mobile Documents/com~apple~CloudDocs/Downloads/folds_2026_08_27_04_49/ebvms_hla2_control_v2pmhc_2a45cfb5882821d2_s314159/fold_ebvms_hla2_control_v2pmhc_2a45cfb5882821d2_s314159_model_1.cif,"Computational pMHC geometry prioritization only; not evidence of presentation, TCR binding, activation, cross-reactivity, molecular mimicry, or MS mechanism.",LSVVKPLTL,7,V2PMHC_2a45cfb5882821d2,/Users/anishsharma/Library/Mobile Documents/com~apple~CloudDocs/Downloads/folds_2026_08_27_04_49/ebvms_hla2_control_v2pmhc_2a45cfb5882821d2_s314159/fold_ebvms_hla2_control_v2pmhc_2a45cfb5882821d2_s314159_full_data_1.json,False,0.92,ebvms_hla2_control_v2pmhc_2a45cfb5882821d2_s314159,True,178,189,VTKQEHLSVVKPLTL,314159,0.93,0.94,True,1,pass_exact_clash_free,v2_fresh_attribution_pilot,/Users/anishsharma/Library/Mobile Documents/com~apple~CloudDocs/Downloads/folds_2026_08_27_04_49/ebvms_hla2_control_v2pmhc_2a45cfb5882821d2_s314159/fold_ebvms_hla2_control_v2pmhc_2a45cfb5882821d2_s314159_summary_confidences_1.json,SYS_BALF5_MBP_HY2E11
/Users/anishsharma/Library/Mobile Documents/com~apple~CloudDocs/Downloads/folds_2026_08_27_04_49/ebvms_hla2_control_v2pmhc_2a45cfb5882821d2_s314159/fold_ebvms_hla2_control_v2pmhc_2a45cfb5882821d2_s314159_model_2.cif,"Computational pMHC geometry prioritization only; not evidence of presentation, TCR binding, activation, cross-reactivity, molecular mimicry, or MS mechanism.",LSVVKPLTL,7,V2PMHC_2a45cfb5882821d2,/Users/anishsharma/Library/Mobile Documents/com~apple~CloudDocs/Downloads/folds_2026_08_27_04_49/ebvms_hla2_control_v2pmhc_2a45cfb5882821d2_s314159/fold_ebvms_hla2_control_v2pmhc_2a45cfb5882821d2_s314159_full_data_2.json,False,0.91,ebvms_hla2_control_v2pmhc_2a45cfb5882821d2_s314159,True,178,189,VTKQEHLSVVKPLTL,314159,0.92,0.93,True,2,pass_exact_clash_free,v2_fresh_attribution_pilot,/Users/anishsharma/Library/Mobile Documents/com~apple~CloudDocs/Downloads/folds_2026_08_27_04_49/ebvms_hla2_control_v2pmhc_2a45cfb5882821d2_s314159/fold_ebvms_hla2_control_v2pmhc_2a45cfb5882821d2_s314159_summary_confidences_2.json,SYS_BALF5_MBP_HY2E11
/Users/anishsharma/Library/Mobile Documents/com~apple~CloudDocs/Downloads/folds_2026_08_27_04_49/ebvms_hla2_control_v2pmhc_2a45cfb5882821d2_s314159/fold_ebvms_hla2_control_v2pmhc_2a45cfb5882821d2_s314159_model_3.cif,"Computational pMHC geometry prioritization only; not evidence of presentation, TCR binding, activation, cross-reactivity, molecular mimicry, or MS mechanism.",LSVVKPLTL,7,V2PMHC_2a45cfb5882821d2,/Users/anishsharma/Library/Mobile Documents/com~apple~CloudDocs/Downloads/folds_2026_08_27_04_49/ebvms_hla2_control_v2pmhc_2a45cfb5882821d2_s314159/fold_ebvms_hla2_control_v2pmhc_2a45cfb5882821d2_s314159_full_data_3.json,False,0.91,ebvms_hla2_control_v2pmhc_2a45cfb5882821d2_s314159,True,178,189,VTKQEHLSVVKPLTL,314159,0.92,0.93,True,3,pass_exact_clash_free,v2_fresh_attribution_pilot,/Users/anishsharma/Library/Mobile Documents/com~apple~CloudDocs/Downloads/folds_2026_08_27_04_49/ebvms_hla2_control_v2pmhc_2a45cfb5882821d2_s314159/fold_ebvms_hla2_control_v2pmhc_2a45cfb5882821d2_s314159_summary_confidences_3.json,SYS_BALF5_MBP_HY2E11
/Users/anishsharma/Library/Mobile Documents/com~apple~CloudDocs/Downloads/folds_2026_08_27_04_49/ebvms_hla2_control_v2pmhc_2a45cfb5882821d2_s314159/fold_ebvms_hla2_control_v2pmhc_2a45cfb5882821d2_s314159_model_4.cif,"Computational pMHC geometry prioritization only; not evidence of presentation, TCR binding, activation, cross-reactivity, molecular mimicry, or MS mechanism.",LSVVKPLTL,7,V2PMHC_2a45cfb5882821d2,/Users/anishsharma/Library/Mobile Documents/com~apple~CloudDocs/Downloads/folds_2026_08_27_04_49/ebvms_hla2_control_v2pmhc_2a45cfb5882821d2_s314159/fold_ebvms_hla2_control_v2pmhc_2a45cfb5882821d2_s314159_full_data_4.json,False,0.9,ebvms_hla2_control_v2pmhc_2a45cfb5882821d2_s314159,True,178,189,VTKQEHLSVVKPLTL,314159,0.92,0.92,True,4,pass_exact_clash_free,v2_fresh_attribution_pilot,/Users/anishsharma/Library/Mobile Documents/com~apple~CloudDocs/Downloads/folds_2026_08_27_04_49/ebvms_hla2_control_v2pmhc_2a45cfb5882821d2_s314159/fold_ebvms_hla2_control_v2pmhc_2a45cfb5882821d2_s314159_summary_confidences_4.json,SYS_BALF5_MBP_HY2E11
/Users/anishsharma/Library/Mobile Documents/com~apple~CloudDocs/Downloads/folds_2026_08_27_04_49/ebvms_hla2_control_v2pmhc_32819024c05f813a_s271828/fold_ebvms_hla2_control_v2pmhc_32819024c05f813a_s271828_model_0.cif,"Computational pMHC geometry prioritization only; not evidence of presentation, TCR binding, activation, cross-reactivity, molecular mimicry, or MS mechanism.",LRIYYSPSI,5,V2PMHC_32819024c05f813a,/Users/anishsharma/Library/Mobile Documents/com~apple~CloudDocs/Downloads/folds_2026_08_27_04_49/ebvms_hla2_control_v2pmhc_32819024c05f813a_s271828/fold_ebvms_hla2_control_v2pmhc_32819024c05f813a_s271828_full_data_0.json,False,0.91,ebvms_hla2_control_v2pmhc_32819024c05f813a_s271828,True,194,202,IMNILRIYYSPSIM,271828,0.9,0.99,True,0,pass_exact_clash_free,v2_fresh_attribution_pilot,/Users/anishsharma/Library/Mobile Documents/com~apple~CloudDocs/Downloads/folds_2026_08_27_04_49/ebvms_hla2_control_v2pmhc_32819024c05f813a_s271828/fold_ebvms_hla2_control_v2pmhc_32819024c05f813a_s271828_summary_confidences_0.json,SYS_MICROBIAL_MBP_HY1B11
/Users/anishsharma/Library/Mobile Documents/com~apple~CloudDocs/Downloads/folds_2026_08_27_04_49/ebvms_hla2_control_v2pmhc_32819024c05f813a_s271828/fold_ebvms_hla2_control_v2pmhc_32819024c05f813a_s271828_model_1.cif,"Computational pMHC geometry prioritization only; not evidence of presentation, TCR binding, activation, cross-reactivity, molecular mimicry, or MS mechanism.",LRIYYSPSI,5,V2PMHC_32819024c05f813a,/Users/anishsharma/Library/Mobile Documents/com~apple~CloudDocs/Downloads/folds_2026_08_27_04_49/ebvms_hla2_control_v2pmhc_32819024c05f813a_s271828/fold_ebvms_hla2_control_v2pmhc_32819024c05f813a_s271828_full_data_1.json,False,0.91,ebvms_hla2_control_v2pmhc_32819024c05f813a_s271828,True,194,202,IMNILRIYYSPSIM,271828,0.9,0.98,True,1,pass_exact_clash_free,v2_fresh_attribution_pilot,/Users/anishsharma/Library/Mobile Documents/com~apple~CloudDocs/Downloads/folds_2026_08_27_04_49/ebvms_hla2_control_v2pmhc_32819024c05f813a_s271828/fold_ebvms_hla2_control_v2pmhc_32819024c05f813a_s271828_summary_confidences_1.json,SYS_MICROBIAL_MBP_HY1B11
/Users/anishsharma/Library/Mobile Documents/com~apple~CloudDocs/Downloads/folds_2026_08_27_04_49/ebvms_hla2_control_v2pmhc_32819024c05f813a_s271828/fold_ebvms_hla2_control_v2pmhc_32819024c05f813a_s271828_model_2.cif,"Computational pMHC geometry prioritization only; not evidence of presentation, TCR binding, activation, cross-reactivity, molecular mimicry, or MS mechanism.",LRIYYSPSI,5,V2PMHC_32819024c05f813a,/Users/anishsharma/Library/Mobile Documents/com~apple~CloudDocs/Downloads/folds_2026_08_27_04_49/ebvms_hla2_control_v2pmhc_32819024c05f813a_s271828/fold_ebvms_hla2_control_v2pmhc_32819024c05f813a_s271828_full_data_2.json,False,0.91,ebvms_hla2_control_v2pmhc_32819024c05f813a_s271828,True,194,202,IMNILRIYYSPSIM,271828,0.9,0.98,True,2,pass_exact_clash_free,v2_fresh_attribution_pilot,/Users/anishsharma/Library/Mobile Documents/com~apple~CloudDocs/Downloads/folds_2026_08_27_04_49/ebvms_hla2_control_v2pmhc_32819024c05f813a_s271828/fold_ebvms_hla2_control_v2pmhc_32819024c05f813a_s271828_summary_confidences_2.json,SYS_MICROBIAL_MBP_HY1B11
/Users/anishsharma/Library/Mobile Documents/com~apple~CloudDocs/Downloads/folds_2026_08_27_04_49/ebvms_hla2_control_v2pmhc_32819024c05f813a_s271828/fold_ebvms_hla2_control_v2pmhc_32819024c05f813a_s271828_model_3.cif,"Computational pMHC geometry prioritization only; not evidence of presentation, TCR binding, activation, cross-reactivity, molecular mimicry, or MS mechanism.",LRIYYSPSI,5,V2PMHC_32819024c05f813a,/Users/anishsharma/Library/Mobile Documents/com~apple~CloudDocs/Downloads/folds_2026_08_27_04_49/ebvms_hla2_control_v2pmhc_32819024c05f813a_s271828/fold_ebvms_hla2_control_v2pmhc_32819024c05f813a_s271828_full_data_3.json,False,0.91,ebvms_hla2_control_v2pmhc_32819024c05f813a_s271828,True,194,202,IMNILRIYYSPSIM,271828,0.9,0.98,True,3,pass_exact_clash_free,v2_fresh_attribution_pilot,/Users/anishsharma/Library/Mobile Documents/com~apple~CloudDocs/Downloads/folds_2026_08_27_04_49/ebvms_hla2_control_v2pmhc_32819024c05f813a_s271828/fold_ebvms_hla2_control_v2pmhc_32819024c05f813a_s271828_summary_confidences_3.json,SYS_MICROBIAL_MBP_HY1B11
/Users/anishsharma/Library/Mobile Documents/com~apple~CloudDocs/Downloads/folds_2026_08_27_04_49/ebvms_hla2_control_v2pmhc_32819024c05f813a_s271828/fold_ebvms_hla2_control_v2pmhc_32819024c05f813a_s271828_model_4.cif,"Computational pMHC geometry prioritization only; not evidence of presentation, TCR binding, activation, cross-reactivity, molecular mimicry, or MS mechanism.",LRIYYSPSI,5,V2PMHC_32819024c05f813a,/Users/anishsharma/Library/Mobile Documents/com~apple~CloudDocs/Downloads/folds_2026_08_27_04_49/ebvms_hla2_control_v2pmhc_32819024c05f813a_s271828/fold_ebvms_hla2_control_v2pmhc_32819024c05f813a_s271828_full_data_4.json,False,0.91,ebvms_hla2_control_v2pmhc_32819024c05f813a_s271828,True,194,202,IMNILRIYYSPSIM,271828,0.9,0.97,True,4,pass_exact_clash_free,v2_fresh_attribution_pilot,/Users/anishsharma/Library/Mobile Documents/com~apple~CloudDocs/Downloads/folds_2026_08_27_04_49/ebvms_hla2_control_v2pmhc_32819024c05f813a_s271828/fold_ebvms_hla2_control_v2pmhc_32819024c05f813a_s271828_summary_confidences_4.json,SYS_MICROBIAL_MBP_HY1B11
/Users/anishsharma/Library/Mobile Documents/com~apple~CloudDocs/Downloads/folds_2026_08_27_04_49/ebvms_hla2_control_v2pmhc_32819024c05f813a_s314159/fold_ebvms_hla2_control_v2pmhc_32819024c05f813a_s314159_model_0.cif,"Computational pMHC geometry prioritization only; not evidence of presentation, TCR binding, activation, cross-reactivity, molecular mimicry, or MS mechanism.",LRIYYSPSI,5,V2PMHC_32819024c05f813a,/Users/anishsharma/Library/Mobile Documents/com~apple~CloudDocs/Downloads/folds_2026_08_27_04_49/ebvms_hla2_control_v2pmhc_32819024c05f813a_s314159/fold_ebvms_hla2_control_v2pmhc_32819024c05f813a_s314159_full_data_0.json,False,0.91,ebvms_hla2_control_v2pmhc_32819024c05f813a_s314159,True,194,202,IMNILRIYYSPSIM,314159,0.9,0.99,True,0,pass_exact_clash_free,v2_fresh_attribution_pilot,/Users/anishsharma/Library/Mobile Documents/com~apple~CloudDocs/Downloads/folds_2026_08_27_04_49/ebvms_hla2_control_v2pmhc_32819024c05f813a_s314159/fold_ebvms_hla2_control_v2pmhc_32819024c05f813a_s314159_summary_confidences_0.json,SYS_MICROBIAL_MBP_HY1B11
/Users/anishsharma/Library/Mobile Documents/com~apple~CloudDocs/Downloads/folds_2026_08_27_04_49/ebvms_hla2_control_v2pmhc_32819024c05f813a_s314159/fold_ebvms_hla2_control_v2pmhc_32819024c05f813a_s314159_model_1.cif,"Computational pMHC geometry prioritization only; not evidence of presentation, TCR binding, activation, cross-reactivity, molecular mimicry, or MS mechanism.",LRIYYSPSI,5,V2PMHC_32819024c05f813a,/Users/anishsharma/Library/Mobile Documents/com~apple~CloudDocs/Downloads/folds_2026_08_27_04_49/ebvms_hla2_control_v2pmhc_32819024c05f813a_s314159/fold_ebvms_hla2_control_v2pmhc_32819024c05f813a_s314159_full_data_1.json,False,0.91,ebvms_hla2_control_v2pmhc_32819024c05f813a_s314159,True,194,202,IMNILRIYYSPSIM,314159,0.9,0.99,True,1,pass_exact_clash_free,v2_fresh_attribution_pilot,/Users/anishsharma/Library/Mobile Documents/com~apple~CloudDocs/Downloads/folds_2026_08_27_04_49/ebvms_hla2_control_v2pmhc_32819024c05f813a_s314159/fold_ebvms_hla2_control_v2pmhc_32819024c05f813a_s314159_summary_confidences_1.json,SYS_MICROBIAL_MBP_HY1B11
/Users/anishsharma/Library/Mobile Documents/com~apple~CloudDocs/Downloads/folds_2026_08_27_04_49/ebvms_hla2_control_v2pmhc_32819024c05f813a_s314159/fold_ebvms_hla2_control_v2pmhc_32819024c05f813a_s314159_model_2.cif,"Computational pMHC geometry prioritization only; not evidence of presentation, TCR binding, activation, cross-reactivity, molecular mimicry, or MS mechanism.",LRIYYSPSI,5,V2PMHC_32819024c05f813a,/Users/anishsharma/Library/Mobile Documents/com~apple~CloudDocs/Downloads/folds_2026_08_27_04_49/ebvms_hla2_control_v2pmhc_32819024c05f813a_s314159/fold_ebvms_hla2_control_v2pmhc_32819024c05f813a_s314159_full_data_2.json,False,0.91,ebvms_hla2_control_v2pmhc_32819024c05f813a_s314159,True,194,202,IMNILRIYYSPSIM,314159,0.9,0.99,True,2,pass_exact_clash_free,v2_fresh_attribution_pilot,/Users/anishsharma/Library/Mobile Documents/com~apple~CloudDocs/Downloads/folds_2026_08_27_04_49/ebvms_hla2_control_v2pmhc_32819024c05f813a_s314159/fold_ebvms_hla2_control_v2pmhc_32819024c05f813a_s314159_summary_confidences_2.json,SYS_MICROBIAL_MBP_HY1B11
/Users/anishsharma/Library/Mobile Documents/com~apple~CloudDocs/Downloads/folds_2026_08_27_04_49/ebvms_hla2_control_v2pmhc_32819024c05f813a_s314159/fold_ebvms_hla2_control_v2pmhc_32819024c05f813a_s314159_model_3.cif,"Computational pMHC geometry prioritization only; not evidence of presentation, TCR binding, activation, cross-reactivity, molecular mimicry, or MS mechanism.",LRIYYSPSI,5,V2PMHC_32819024c05f813a,/Users/anishsharma/Library/Mobile Documents/com~apple~CloudDocs/Downloads/folds_2026_08_27_04_49/ebvms_hla2_control_v2pmhc_32819024c05f813a_s314159/fold_ebvms_hla2_control_v2pmhc_32819024c05f813a_s314159_full_data_3.json,False,0.91,ebvms_hla2_control_v2pmhc_32819024c05f813a_s314159,True,194,202,IMNILRIYYSPSIM,314159,0.9,0.98,True,3,pass_exact_clash_free,v2_fresh_attribution_pilot,/Users/anishsharma/Library/Mobile Documents/com~apple~CloudDocs/Downloads/folds_2026_08_27_04_49/ebvms_hla2_control_v2pmhc_32819024c05f813a_s314159/fold_ebvms_hla2_control_v2pmhc_32819024c05f813a_s314159_summary_confidences_3.json,SYS_MICROBIAL_MBP_HY1B11
/Users/anishsharma/Library/Mobile Documents/com~apple~CloudDocs/Downloads/folds_2026_08_27_04_49/ebvms_hla2_control_v2pmhc_32819024c05f813a_s314159/fold_ebvms_hla2_control_v2pmhc_32819024c05f813a_s314159_model_4.cif,"Computational pMHC geometry prioritization only; not evidence of presentation, TCR binding, activation, cross-reactivity, molecular mimicry, or MS mechanism.",LRIYYSPSI,5,V2PMHC_32819024c05f813a,/Users/anishsharma/Library/Mobile Documents/com~apple~CloudDocs/Downloads/folds_2026_08_27_04_49/ebvms_hla2_control_v2pmhc_32819024c05f813a_s314159/fold_ebvms_hla2_control_v2pmhc_32819024c05f813a_s314159_full_data_4.json,False,0.91,ebvms_hla2_control_v2pmhc_32819024c05f813a_s314159,True,194,202,IMNILRIYYSPSIM,314159,0.9,0.98,True,4,pass_exact_clash_free,v2_fresh_attribution_pilot,/Users/anishsharma/Library/Mobile Documents/com~apple~CloudDocs/Downloads/folds_2026_08_27_04_49/ebvms_hla2_control_v2pmhc_32819024c05f813a_s314159/fold_ebvms_hla2_control_v2pmhc_32819024c05f813a_s314159_summary_confidences_4.json,SYS_MICROBIAL_MBP_HY1B11
/Users/anishsharma/Library/Mobile Documents/com~apple~CloudDocs/Downloads/folds_2026_08_27_04_49/ebvms_hla2_control_v2pmhc_359f1f74d76d2644_s271828/fold_ebvms_hla2_control_v2pmhc_359f1f74d76d2644_s271828_model_0.cif,"Computational pMHC geometry prioritization only; not evidence of presentation, TCR binding, activation, cross-reactivity, molecular mimicry, or MS mechanism.",IDPADLDES,4,V2PMHC_359f1f74d76d2644,/Users/anishsharma/Library/Mobile Documents/com~apple~CloudDocs/Downloads/folds_2026_08_27_04_49/ebvms_hla2_control_v2pmhc_359f1f74d76d2644_s271828/fold_ebvms_hla2_control_v2pmhc_359f1f74d76d2644_s271828_full_data_0.json,False,0.89,ebvms_hla2_control_v2pmhc_359f1f74d76d2644_s271828,True,194,202,PPSIDPADLDESWD,271828,0.89,0.96,True,0,pass_exact_clash_free,v2_fresh_attribution_pilot,/Users/anishsharma/Library/Mobile Documents/com~apple~CloudDocs/Downloads/folds_2026_08_27_04_49/ebvms_hla2_control_v2pmhc_359f1f74d76d2644_s271828/fold_ebvms_hla2_control_v2pmhc_359f1f74d76d2644_s271828_summary_confidences_0.json,SYS_MICROBIAL_MBP_HY1B11
/Users/anishsharma/Library/Mobile Documents/com~apple~CloudDocs/Downloads/folds_2026_08_27_04_49/ebvms_hla2_control_v2pmhc_359f1f74d76d2644_s271828/fold_ebvms_hla2_control_v2pmhc_359f1f74d76d2644_s271828_model_1.cif,"Computational pMHC geometry prioritization only; not evidence of presentation, TCR binding, activation, cross-reactivity, molecular mimicry, or MS mechanism.",IDPADLDES,4,V2PMHC_359f1f74d76d2644,/Users/anishsharma/Library/Mobile Documents/com~apple~CloudDocs/Downloads/folds_2026_08_27_04_49/ebvms_hla2_control_v2pmhc_359f1f74d76d2644_s271828/fold_ebvms_hla2_control_v2pmhc_359f1f74d76d2644_s271828_full_data_1.json,False,0.88,ebvms_hla2_control_v2pmhc_359f1f74d76d2644_s271828,True,194,202,PPSIDPADLDESWD,271828,0.89,0.96,True,1,pass_exact_clash_free,v2_fresh_attribution_pilot,/Users/anishsharma/Library/Mobile Documents/com~apple~CloudDocs/Downloads/folds_2026_08_27_04_49/ebvms_hla2_control_v2pmhc_359f1f74d76d2644_s271828/fold_ebvms_hla2_control_v2pmhc_359f1f74d76d2644_s271828_summary_confidences_1.json,SYS_MICROBIAL_MBP_HY1B11
/Users/anishsharma/Library/Mobile Documents/com~apple~CloudDocs/Downloads/folds_2026_08_27_04_49/ebvms_hla2_control_v2pmhc_359f1f74d76d2644_s271828/fold_ebvms_hla2_control_v2pmhc_359f1f74d76d2644_s271828_model_2.cif,"Computational pMHC geometry prioritization only; not evidence of presentation, TCR binding, activation, cross-reactivity, molecular mimicry, or MS mechanism.",IDPADLDES,4,V2PMHC_359f1f74d76d2644,/Users/anishsharma/Library/Mobile Documents/com~apple~CloudDocs/Downloads/folds_2026_08_27_04_49/ebvms_hla2_control_v2pmhc_359f1f74d76d2644_s271828/fold_ebvms_hla2_control_v2pmhc_359f1f74d76d2644_s271828_full_data_2.json,False,0.88,ebvms_hla2_control_v2pmhc_359f1f74d76d2644_s271828,True,194,202,PPSIDPADLDESWD,271828,0.89,0.96,True,2,pass_exact_clash_free,v2_fresh_attribution_pilot,/Users/anishsharma/Library/Mobile Documents/com~apple~CloudDocs/Downloads/folds_2026_08_27_04_49/ebvms_hla2_control_v2pmhc_359f1f74d76d2644_s271828/fold_ebvms_hla2_control_v2pmhc_359f1f74d76d2644_s271828_summary_confidences_2.json,SYS_MICROBIAL_MBP_HY1B11
/Users/anishsharma/Library/Mobile Documents/com~apple~CloudDocs/Downloads/folds_2026_08_27_04_49/ebvms_hla2_control_v2pmhc_359f1f74d76d2644_s271828/fold_ebvms_hla2_control_v2pmhc_359f1f74d76d2644_s271828_model_3.cif,"Computational pMHC geometry prioritization only; not evidence of presentation, TCR binding, activation, cross-reactivity, molecular mimicry, or MS mechanism.",IDPADLDES,4,V2PMHC_359f1f74d76d2644,/Users/anishsharma/Library/Mobile Documents/com~apple~CloudDocs/Downloads/folds_2026_08_27_04_49/ebvms_hla2_control_v2pmhc_359f1f74d76d2644_s271828/fold_ebvms_hla2_control_v2pmhc_359f1f74d76d2644_s271828_full_data_3.json,False,0.88,ebvms_hla2_control_v2pmhc_359f1f74d76d2644_s271828,True,194,202,PPSIDPADLDESWD,271828,0.89,0.96,True,3,pass_exact_clash_free,v2_fresh_attribution_pilot,/Users/anishsharma/Library/Mobile Documents/com~apple~CloudDocs/Downloads/folds_2026_08_27_04_49/ebvms_hla2_control_v2pmhc_359f1f74d76d2644_s271828/fold_ebvms_hla2_control_v2pmhc_359f1f74d76d2644_s271828_summary_confidences_3.json,SYS_MICROBIAL_MBP_HY1B11
/Users/anishsharma/Library/Mobile Documents/com~apple~CloudDocs/Downloads/folds_2026_08_27_04_49/ebvms_hla2_control_v2pmhc_359f1f74d76d2644_s271828/fold_ebvms_hla2_control_v2pmhc_359f1f74d76d2644_s271828_model_4.cif,"Computational pMHC geometry prioritization only; not evidence of presentation, TCR binding, activation, cross-reactivity, molecular mimicry, or MS mechanism.",IDPADLDES,4,V2PMHC_359f1f74d76d2644,/Users/anishsharma/Library/Mobile Documents/com~apple~CloudDocs/Downloads/folds_2026_08_27_04_49/ebvms_hla2_control_v2pmhc_359f1f74d76d2644_s271828/fold_ebvms_hla2_control_v2pmhc_359f1f74d76d2644_s271828_full_data_4.json,False,0.88,ebvms_hla2_control_v2pmhc_359f1f74d76d2644_s271828,True,194,202,PPSIDPADLDESWD,271828,0.88,0.95,True,4,pass_exact_clash_free,v2_fresh_attribution_pilot,/Users/anishsharma/Library/Mobile Documents/com~apple~CloudDocs/Downloads/folds_2026_08_27_04_49/ebvms_hla2_control_v2pmhc_359f1f74d76d2644_s271828/fold_ebvms_hla2_control_v2pmhc_359f1f74d76d2644_s271828_summary_confidences_4.json,SYS_MICROBIAL_MBP_HY1B11
/Users/anishsharma/Library/Mobile Documents/com~apple~CloudDocs/Downloads/folds_2026_08_27_04_49/ebvms_hla2_control_v2pmhc_359f1f74d76d2644_s314159/fold_ebvms_hla2_control_v2pmhc_359f1f74d76d2644_s314159_model_0.cif,"Computational pMHC geometry prioritization only; not evidence of presentation, TCR binding, activation, cross-reactivity, molecular mimicry, or MS mechanism.",IDPADLDES,4,V2PMHC_359f1f74d76d2644,/Users/anishsharma/Library/Mobile Documents/com~apple~CloudDocs/Downloads/folds_2026_08_27_04_49/ebvms_hla2_control_v2pmhc_359f1f74d76d2644_s314159/fold_ebvms_hla2_control_v2pmhc_359f1f74d76d2644_s314159_full_data_0.json,False,0.89,ebvms_hla2_control_v2pmhc_359f1f74d76d2644_s314159,True,194,202,PPSIDPADLDESWD,314159,0.89,0.97,True,0,pass_exact_clash_free,v2_fresh_attribution_pilot,/Users/anishsharma/Library/Mobile Documents/com~apple~CloudDocs/Downloads/folds_2026_08_27_04_49/ebvms_hla2_control_v2pmhc_359f1f74d76d2644_s314159/fold_ebvms_hla2_control_v2pmhc_359f1f74d76d2644_s314159_summary_confidences_0.json,SYS_MICROBIAL_MBP_HY1B11
/Users/anishsharma/Library/Mobile Documents/com~apple~CloudDocs/Downloads/folds_2026_08_27_04_49/ebvms_hla2_control_v2pmhc_359f1f74d76d2644_s314159/fold_ebvms_hla2_control_v2pmhc_359f1f74d76d2644_s314159_model_1.cif,"Computational pMHC geometry prioritization only; not evidence of presentation, TCR binding, activation, cross-reactivity, molecular mimicry, or MS mechanism.",IDPADLDES,4,V2PMHC_359f1f74d76d2644,/Users/anishsharma/Library/Mobile Documents/com~apple~CloudDocs/Downloads/folds_2026_08_27_04_49/ebvms_hla2_control_v2pmhc_359f1f74d76d2644_s314159/fold_ebvms_hla2_control_v2pmhc_359f1f74d76d2644_s314159_full_data_1.json,False,0.89,ebvms_hla2_control_v2pmhc_359f1f74d76d2644_s314159,True,194,202,PPSIDPADLDESWD,314159,0.89,0.97,True,1,pass_exact_clash_free,v2_fresh_attribution_pilot,/Users/anishsharma/Library/Mobile Documents/com~apple~CloudDocs/Downloads/folds_2026_08_27_04_49/ebvms_hla2_control_v2pmhc_359f1f74d76d2644_s314159/fold_ebvms_hla2_control_v2pmhc_359f1f74d76d2644_s314159_summary_confidences_1.json,SYS_MICROBIAL_MBP_HY1B11
/Users/anishsharma/Library/Mobile Documents/com~apple~CloudDocs/Downloads/folds_2026_08_27_04_49/ebvms_hla2_control_v2pmhc_359f1f74d76d2644_s314159/fold_ebvms_hla2_control_v2pmhc_359f1f74d76d2644_s314159_model_2.cif,"Computational pMHC geometry prioritization only; not evidence of presentation, TCR binding, activation, cross-reactivity, molecular mimicry, or MS mechanism.",IDPADLDES,4,V2PMHC_359f1f74d76d2644,/Users/anishsharma/Library/Mobile Documents/com~apple~CloudDocs/Downloads/folds_2026_08_27_04_49/ebvms_hla2_control_v2pmhc_359f1f74d76d2644_s314159/fold_ebvms_hla2_control_v2pmhc_359f1f74d76d2644_s314159_full_data_2.json,False,0.89,ebvms_hla2_control_v2pmhc_359f1f74d76d2644_s314159,True,194,202,PPSIDPADLDESWD,314159,0.89,0.97,True,2,pass_exact_clash_free,v2_fresh_attribution_pilot,/Users/anishsharma/Library/Mobile Documents/com~apple~CloudDocs/Downloads/folds_2026_08_27_04_49/ebvms_hla2_control_v2pmhc_359f1f74d76d2644_s314159/fold_ebvms_hla2_control_v2pmhc_359f1f74d76d2644_s314159_summary_confidences_2.json,SYS_MICROBIAL_MBP_HY1B11
/Users/anishsharma/Library/Mobile Documents/com~apple~CloudDocs/Downloads/folds_2026_08_27_04_49/ebvms_hla2_control_v2pmhc_359f1f74d76d2644_s314159/fold_ebvms_hla2_control_v2pmhc_359f1f74d76d2644_s314159_model_3.cif,"Computational pMHC geometry prioritization only; not evidence of presentation, TCR binding, activation, cross-reactivity, molecular mimicry, or MS mechanism.",IDPADLDES,4,V2PMHC_359f1f74d76d2644,/Users/anishsharma/Library/Mobile Documents/com~apple~CloudDocs/Downloads/folds_2026_08_27_04_49/ebvms_hla2_control_v2pmhc_359f1f74d76d2644_s314159/fold_ebvms_hla2_control_v2pmhc_359f1f74d76d2644_s314159_full_data_3.json,False,0.89,ebvms_hla2_control_v2pmhc_359f1f74d76d2644_s314159,True,194,202,PPSIDPADLDESWD,314159,0.89,0.96,True,3,pass_exact_clash_free,v2_fresh_attribution_pilot,/Users/anishsharma/Library/Mobile Documents/com~apple~CloudDocs/Downloads/folds_2026_08_27_04_49/ebvms_hla2_control_v2pmhc_359f1f74d76d2644_s314159/fold_ebvms_hla2_control_v2pmhc_359f1f74d76d2644_s314159_summary_confidences_3.json,SYS_MICROBIAL_MBP_HY1B11
/Users/anishsharma/Library/Mobile Documents/com~apple~CloudDocs/Downloads/folds_2026_08_27_04_49/ebvms_hla2_control_v2pmhc_359f1f74d76d2644_s314159/fold_ebvms_hla2_control_v2pmhc_359f1f74d76d2644_s314159_model_4.cif,"Computational pMHC geometry prioritization only; not evidence of presentation, TCR binding, activation, cross-reactivity, molecular mimicry, or MS mechanism.",IDPADLDES,4,V2PMHC_359f1f74d76d2644,/Users/anishsharma/Library/Mobile Documents/com~apple~CloudDocs/Downloads/folds_2026_08_27_04_49/ebvms_hla2_control_v2pmhc_359f1f74d76d2644_s314159/fold_ebvms_hla2_control_v2pmhc_359f1f74d76d2644_s314159_full_data_4.json,False,0.88,ebvms_hla2_control_v2pmhc_359f1f74d76d2644_s314159,True,194,202,PPSIDPADLDESWD,314159,0.89,0.96,True,4,pass_exact_clash_free,v2_fresh_attribution_pilot,/Users/anishsharma/Library/Mobile Documents/com~apple~CloudDocs/Downloads/folds_2026_08_27_04_49/ebvms_hla2_control_v2pmhc_359f1f74d76d2644_s314159/fold_ebvms_hla2_control_v2pmhc_359f1f74d76d2644_s314159_summary_confidences_4.json,SYS_MICROBIAL_MBP_HY1B11
/Users/anishsharma/Library/Mobile Documents/com~apple~CloudDocs/Downloads/folds_2026_08_27_04_49/ebvms_hla2_control_v2pmhc_368ebdaaab5ce03f_s271828/fold_ebvms_hla2_control_v2pmhc_368ebdaaab5ce03f_s271828_model_0.cif,"Computational pMHC geometry prioritization only; not evidence of presentation, TCR binding, activation, cross-reactivity, molecular mimicry, or MS mechanism.",VHFVRDFAQ,3,V2PMHC_368ebdaaab5ce03f,/Users/anishsharma/Library/Mobile Documents/com~apple~CloudDocs/Downloads/folds_2026_08_27_04_49/ebvms_hla2_control_v2pmhc_368ebdaaab5ce03f_s271828/fold_ebvms_hla2_control_v2pmhc_368ebdaaab5ce03f_s271828_full_data_0.json,False,0.89,ebvms_hla2_control_v2pmhc_368ebdaaab5ce03f_s271828,True,194,202,QLVHFVRDFAQL,271828,0.89,0.97,True,0,pass_exact_clash_free,v2_fresh_attribution_pilot,/Users/anishsharma/Library/Mobile Documents/com~apple~CloudDocs/Downloads/folds_2026_08_27_04_49/ebvms_hla2_control_v2pmhc_368ebdaaab5ce03f_s271828/fold_ebvms_hla2_control_v2pmhc_368ebdaaab5ce03f_s271828_summary_confidences_0.json,SYS_MICROBIAL_MBP_HY1B11
/Users/anishsharma/Library/Mobile Documents/com~apple~CloudDocs/Downloads/folds_2026_08_27_04_49/ebvms_hla2_control_v2pmhc_368ebdaaab5ce03f_s271828/fold_ebvms_hla2_control_v2pmhc_368ebdaaab5ce03f_s271828_model_1.cif,"Computational pMHC geometry prioritization only; not evidence of presentation, TCR binding, activation, cross-reactivity, molecular mimicry, or MS mechanism.",VHFVRDFAQ,3,V2PMHC_368ebdaaab5ce03f,/Users/anishsharma/Library/Mobile Documents/com~apple~CloudDocs/Downloads/folds_2026_08_27_04_49/ebvms_hla2_control_v2pmhc_368ebdaaab5ce03f_s271828/fold_ebvms_hla2_control_v2pmhc_368ebdaaab5ce03f_s271828_full_data_1.json,False,0.89,ebvms_hla2_control_v2pmhc_368ebdaaab5ce03f_s271828,True,194,202,QLVHFVRDFAQL,271828,0.89,0.97,True,1,pass_exact_clash_free,v2_fresh_attribution_pilot,/Users/anishsharma/Library/Mobile Documents/com~apple~CloudDocs/Downloads/folds_2026_08_27_04_49/ebvms_hla2_control_v2pmhc_368ebdaaab5ce03f_s271828/fold_ebvms_hla2_control_v2pmhc_368ebdaaab5ce03f_s271828_summary_confidences_1.json,SYS_MICROBIAL_MBP_HY1B11
/Users/anishsharma/Library/Mobile Documents/com~apple~CloudDocs/Downloads/folds_2026_08_27_04_49/ebvms_hla2_control_v2pmhc_368ebdaaab5ce03f_s271828/fold_ebvms_hla2_control_v2pmhc_368ebdaaab5ce03f_s271828_model_2.cif,"Computational pMHC geometry prioritization only; not evidence of presentation, TCR binding, activation, cross-reactivity, molecular mimicry, or MS mechanism.",VHFVRDFAQ,3,V2PMHC_368ebdaaab5ce03f,/Users/anishsharma/Library/Mobile Documents/com~apple~CloudDocs/Downloads/folds_2026_08_27_04_49/ebvms_hla2_control_v2pmhc_368ebdaaab5ce03f_s271828/fold_ebvms_hla2_control_v2pmhc_368ebdaaab5ce03f_s271828_full_data_2.json,False,0.89,ebvms_hla2_control_v2pmhc_368ebdaaab5ce03f_s271828,True,194,202,QLVHFVRDFAQL,271828,0.89,0.97,True,2,pass_exact_clash_free,v2_fresh_attribution_pilot,/Users/anishsharma/Library/Mobile Documents/com~apple~CloudDocs/Downloads/folds_2026_08_27_04_49/ebvms_hla2_control_v2pmhc_368ebdaaab5ce03f_s271828/fold_ebvms_hla2_control_v2pmhc_368ebdaaab5ce03f_s271828_summary_confidences_2.json,SYS_MICROBIAL_MBP_HY1B11
/Users/anishsharma/Library/Mobile Documents/com~apple~CloudDocs/Downloads/folds_2026_08_27_04_49/ebvms_hla2_control_v2pmhc_368ebdaaab5ce03f_s271828/fold_ebvms_hla2_control_v2pmhc_368ebdaaab5ce03f_s271828_model_3.cif,"Computational pMHC geometry prioritization only; not evidence of presentation, TCR binding, activation, cross-reactivity, molecular mimicry, or MS mechanism.",VHFVRDFAQ,3,V2PMHC_368ebdaaab5ce03f,/Users/anishsharma/Library/Mobile Documents/com~apple~CloudDocs/Downloads/folds_2026_08_27_04_49/ebvms_hla2_control_v2pmhc_368ebdaaab5ce03f_s271828/fold_ebvms_hla2_control_v2pmhc_368ebdaaab5ce03f_s271828_full_data_3.json,False,0.89,ebvms_hla2_control_v2pmhc_368ebdaaab5ce03f_s271828,True,194,202,QLVHFVRDFAQL,271828,0.89,0.97,True,3,pass_exact_clash_free,v2_fresh_attribution_pilot,/Users/anishsharma/Library/Mobile Documents/com~apple~CloudDocs/Downloads/folds_2026_08_27_04_49/ebvms_hla2_control_v2pmhc_368ebdaaab5ce03f_s271828/fold_ebvms_hla2_control_v2pmhc_368ebdaaab5ce03f_s271828_summary_confidences_3.json,SYS_MICROBIAL_MBP_HY1B11
/Users/anishsharma/Library/Mobile Documents/com~apple~CloudDocs/Downloads/folds_2026_08_27_04_49/ebvms_hla2_control_v2pmhc_368ebdaaab5ce03f_s271828/fold_ebvms_hla2_control_v2pmhc_368ebdaaab5ce03f_s271828_model_4.cif,"Computational pMHC geometry prioritization only; not evidence of presentation, TCR binding, activation, cross-reactivity, molecular mimicry, or MS mechanism.",VHFVRDFAQ,3,V2PMHC_368ebdaaab5ce03f,/Users/anishsharma/Library/Mobile Documents/com~apple~CloudDocs/Downloads/folds_2026_08_27_04_49/ebvms_hla2_control_v2pmhc_368ebdaaab5ce03f_s271828/fold_ebvms_hla2_control_v2pmhc_368ebdaaab5ce03f_s271828_full_data_4.json,False,0.89,ebvms_hla2_control_v2pmhc_368ebdaaab5ce03f_s271828,True,194,202,QLVHFVRDFAQL,271828,0.89,0.96,True,4,pass_exact_clash_free,v2_fresh_attribution_pilot,/Users/anishsharma/Library/Mobile Documents/com~apple~CloudDocs/Downloads/folds_2026_08_27_04_49/ebvms_hla2_control_v2pmhc_368ebdaaab5ce03f_s271828/fold_ebvms_hla2_control_v2pmhc_368ebdaaab5ce03f_s271828_summary_confidences_4.json,SYS_MICROBIAL_MBP_HY1B11
/Users/anishsharma/Library/Mobile Documents/com~apple~CloudDocs/Downloads/folds_2026_08_27_04_49/ebvms_hla2_control_v2pmhc_368ebdaaab5ce03f_s314159/fold_ebvms_hla2_control_v2pmhc_368ebdaaab5ce03f_s314159_model_0.cif,"Computational pMHC geometry prioritization only; not evidence of presentation, TCR binding, activation, cross-reactivity, molecular mimicry, or MS mechanism.",VHFVRDFAQ,3,V2PMHC_368ebdaaab5ce03f,/Users/anishsharma/Library/Mobile Documents/com~apple~CloudDocs/Downloads/folds_2026_08_27_04_49/ebvms_hla2_control_v2pmhc_368ebdaaab5ce03f_s314159/fold_ebvms_hla2_control_v2pmhc_368ebdaaab5ce03f_s314159_full_data_0.json,False,0.89,ebvms_hla2_control_v2pmhc_368ebdaaab5ce03f_s314159,True,194,202,QLVHFVRDFAQL,314159,0.89,0.97,True,0,pass_exact_clash_free,v2_fresh_attribution_pilot,/Users/anishsharma/Library/Mobile Documents/com~apple~CloudDocs/Downloads/folds_2026_08_27_04_49/ebvms_hla2_control_v2pmhc_368ebdaaab5ce03f_s314159/fold_ebvms_hla2_control_v2pmhc_368ebdaaab5ce03f_s314159_summary_confidences_0.json,SYS_MICROBIAL_MBP_HY1B11
/Users/anishsharma/Library/Mobile Documents/com~apple~CloudDocs/Downloads/folds_2026_08_27_04_49/ebvms_hla2_control_v2pmhc_368ebdaaab5ce03f_s314159/fold_ebvms_hla2_control_v2pmhc_368ebdaaab5ce03f_s314159_model_1.cif,"Computational pMHC geometry prioritization only; not evidence of presentation, TCR binding, activation, cross-reactivity, molecular mimicry, or MS mechanism.",VHFVRDFAQ,3,V2PMHC_368ebdaaab5ce03f,/Users/anishsharma/Library/Mobile Documents/com~apple~CloudDocs/Downloads/folds_2026_08_27_04_49/ebvms_hla2_control_v2pmhc_368ebdaaab5ce03f_s314159/fold_ebvms_hla2_control_v2pmhc_368ebdaaab5ce03f_s314159_full_data_1.json,False,0.89,ebvms_hla2_control_v2pmhc_368ebdaaab5ce03f_s314159,True,194,202,QLVHFVRDFAQL,314159,0.89,0.97,True,1,pass_exact_clash_free,v2_fresh_attribution_pilot,/Users/anishsharma/Library/Mobile Documents/com~apple~CloudDocs/Downloads/folds_2026_08_27_04_49/ebvms_hla2_control_v2pmhc_368ebdaaab5ce03f_s314159/fold_ebvms_hla2_control_v2pmhc_368ebdaaab5ce03f_s314159_summary_confidences_1.json,SYS_MICROBIAL_MBP_HY1B11
/Users/anishsharma/Library/Mobile Documents/com~apple~CloudDocs/Downloads/folds_2026_08_27_04_49/ebvms_hla2_control_v2pmhc_368ebdaaab5ce03f_s314159/fold_ebvms_hla2_control_v2pmhc_368ebdaaab5ce03f_s314159_model_2.cif,"Computational pMHC geometry prioritization only; not evidence of presentation, TCR binding, activation, cross-reactivity, molecular mimicry, or MS mechanism.",VHFVRDFAQ,3,V2PMHC_368ebdaaab5ce03f,/Users/anishsharma/Library/Mobile Documents/com~apple~CloudDocs/Downloads/folds_2026_08_27_04_49/ebvms_hla2_control_v2pmhc_368ebdaaab5ce03f_s314159/fold_ebvms_hla2_control_v2pmhc_368ebdaaab5ce03f_s314159_full_data_2.json,False,0.89,ebvms_hla2_control_v2pmhc_368ebdaaab5ce03f_s314159,True,194,202,QLVHFVRDFAQL,314159,0.89,0.97,True,2,pass_exact_clash_free,v2_fresh_attribution_pilot,/Users/anishsharma/Library/Mobile Documents/com~apple~CloudDocs/Downloads/folds_2026_08_27_04_49/ebvms_hla2_control_v2pmhc_368ebdaaab5ce03f_s314159/fold_ebvms_hla2_control_v2pmhc_368ebdaaab5ce03f_s314159_summary_confidences_2.json,SYS_MICROBIAL_MBP_HY1B11
/Users/anishsharma/Library/Mobile Documents/com~apple~CloudDocs/Downloads/folds_2026_08_27_04_49/ebvms_hla2_control_v2pmhc_368ebdaaab5ce03f_s314159/fold_ebvms_hla2_control_v2pmhc_368ebdaaab5ce03f_s314159_model_3.cif,"Computational pMHC geometry prioritization only; not evidence of presentation, TCR binding, activation, cross-reactivity, molecular mimicry, or MS mechanism.",VHFVRDFAQ,3,V2PMHC_368ebdaaab5ce03f,/Users/anishsharma/Library/Mobile Documents/com~apple~CloudDocs/Downloads/folds_2026_08_27_04_49/ebvms_hla2_control_v2pmhc_368ebdaaab5ce03f_s314159/fold_ebvms_hla2_control_v2pmhc_368ebdaaab5ce03f_s314159_full_data_3.json,False,0.89,ebvms_hla2_control_v2pmhc_368ebdaaab5ce03f_s314159,True,194,202,QLVHFVRDFAQL,314159,0.89,0.97,True,3,pass_exact_clash_free,v2_fresh_attribution_pilot,/Users/anishsharma/Library/Mobile Documents/com~apple~CloudDocs/Downloads/folds_2026_08_27_04_49/ebvms_hla2_control_v2pmhc_368ebdaaab5ce03f_s314159/fold_ebvms_hla2_control_v2pmhc_368ebdaaab5ce03f_s314159_summary_confidences_3.json,SYS_MICROBIAL_MBP_HY1B11
/Users/anishsharma/Library/Mobile Documents/com~apple~CloudDocs/Downloads/folds_2026_08_27_04_49/ebvms_hla2_control_v2pmhc_368ebdaaab5ce03f_s314159/fold_ebvms_hla2_control_v2pmhc_368ebdaaab5ce03f_s314159_model_4.cif,"Computational pMHC geometry prioritization only; not evidence of presentation, TCR binding, activation, cross-reactivity, molecular mimicry, or MS mechanism.",VHFVRDFAQ,3,V2PMHC_368ebdaaab5ce03f,/Users/anishsharma/Library/Mobile Documents/com~apple~CloudDocs/Downloads/folds_2026_08_27_04_49/ebvms_hla2_control_v2pmhc_368ebdaaab5ce03f_s314159/fold_ebvms_hla2_control_v2pmhc_368ebdaaab5ce03f_s314159_full_data_4.json,False,0.89,ebvms_hla2_control_v2pmhc_368ebdaaab5ce03f_s314159,True,194,202,QLVHFVRDFAQL,314159,0.89,0.96,True,4,pass_exact_clash_free,v2_fresh_attribution_pilot,/Users/anishsharma/Library/Mobile Documents/com~apple~CloudDocs/Downloads/folds_2026_08_27_04_49/ebvms_hla2_control_v2pmhc_368ebdaaab5ce03f_s314159/fold_ebvms_hla2_control_v2pmhc_368ebdaaab5ce03f_s314159_summary_confidences_4.json,SYS_MICROBIAL_MBP_HY1B11
/Users/anishsharma/Library/Mobile Documents/com~apple~CloudDocs/Downloads/folds_2026_08_27_04_49/ebvms_hla2_control_v2pmhc_3f942ba88c8f100c_s271828/fold_ebvms_hla2_control_v2pmhc_3f942ba88c8f100c_s271828_model_0.cif,"Computational pMHC geometry prioritization only; not evidence of presentation, TCR binding, activation, cross-reactivity, molecular mimicry, or MS mechanism.",ELPYIDPNM,4,V2PMHC_3f942ba88c8f100c,/Users/anishsharma/Library/Mobile Documents/com~apple~CloudDocs/Downloads/folds_2026_08_27_04_49/ebvms_hla2_control_v2pmhc_3f942ba88c8f100c_s271828/fold_ebvms_hla2_control_v2pmhc_3f942ba88c8f100c_s271828_full_data_0.json,False,0.88,ebvms_hla2_control_v2pmhc_3f942ba88c8f100c_s271828,True,194,202,SDDELPYIDPNMEPV,271828,0.88,0.96,True,0,pass_exact_clash_free,v2_fresh_attribution_pilot,/Users/anishsharma/Library/Mobile Documents/com~apple~CloudDocs/Downloads/folds_2026_08_27_04_49/ebvms_hla2_control_v2pmhc_3f942ba88c8f100c_s271828/fold_ebvms_hla2_control_v2pmhc_3f942ba88c8f100c_s271828_summary_confidences_0.json,SYS_MICROBIAL_MBP_HY1B11
/Users/anishsharma/Library/Mobile Documents/com~apple~CloudDocs/Downloads/folds_2026_08_27_04_49/ebvms_hla2_control_v2pmhc_3f942ba88c8f100c_s271828/fold_ebvms_hla2_control_v2pmhc_3f942ba88c8f100c_s271828_model_1.cif,"Computational pMHC geometry prioritization only; not evidence of presentation, TCR binding, activation, cross-reactivity, molecular mimicry, or MS mechanism.",ELPYIDPNM,4,V2PMHC_3f942ba88c8f100c,/Users/anishsharma/Library/Mobile Documents/com~apple~CloudDocs/Downloads/folds_2026_08_27_04_49/ebvms_hla2_control_v2pmhc_3f942ba88c8f100c_s271828/fold_ebvms_hla2_control_v2pmhc_3f942ba88c8f100c_s271828_full_data_1.json,False,0.88,ebvms_hla2_control_v2pmhc_3f942ba88c8f100c_s271828,True,194,202,SDDELPYIDPNMEPV,271828,0.88,0.96,True,1,pass_exact_clash_free,v2_fresh_attribution_pilot,/Users/anishsharma/Library/Mobile Documents/com~apple~CloudDocs/Downloads/folds_2026_08_27_04_49/ebvms_hla2_control_v2pmhc_3f942ba88c8f100c_s271828/fold_ebvms_hla2_control_v2pmhc_3f942ba88c8f100c_s271828_summary_confidences_1.json,SYS_MICROBIAL_MBP_HY1B11
/Users/anishsharma/Library/Mobile Documents/com~apple~CloudDocs/Downloads/folds_2026_08_27_04_49/ebvms_hla2_control_v2pmhc_3f942ba88c8f100c_s271828/fold_ebvms_hla2_control_v2pmhc_3f942ba88c8f100c_s271828_model_2.cif,"Computational pMHC geometry prioritization only; not evidence of presentation, TCR binding, activation, cross-reactivity, molecular mimicry, or MS mechanism.",ELPYIDPNM,4,V2PMHC_3f942ba88c8f100c,/Users/anishsharma/Library/Mobile Documents/com~apple~CloudDocs/Downloads/folds_2026_08_27_04_49/ebvms_hla2_control_v2pmhc_3f942ba88c8f100c_s271828/fold_ebvms_hla2_control_v2pmhc_3f942ba88c8f100c_s271828_full_data_2.json,False,0.88,ebvms_hla2_control_v2pmhc_3f942ba88c8f100c_s271828,True,194,202,SDDELPYIDPNMEPV,271828,0.88,0.96,True,2,pass_exact_clash_free,v2_fresh_attribution_pilot,/Users/anishsharma/Library/Mobile Documents/com~apple~CloudDocs/Downloads/folds_2026_08_27_04_49/ebvms_hla2_control_v2pmhc_3f942ba88c8f100c_s271828/fold_ebvms_hla2_control_v2pmhc_3f942ba88c8f100c_s271828_summary_confidences_2.json,SYS_MICROBIAL_MBP_HY1B11
/Users/anishsharma/Library/Mobile Documents/com~apple~CloudDocs/Downloads/folds_2026_08_27_04_49/ebvms_hla2_control_v2pmhc_3f942ba88c8f100c_s271828/fold_ebvms_hla2_control_v2pmhc_3f942ba88c8f100c_s271828_model_3.cif,"Computational pMHC geometry prioritization only; not evidence of presentation, TCR binding, activation, cross-reactivity, molecular mimicry, or MS mechanism.",ELPYIDPNM,4,V2PMHC_3f942ba88c8f100c,/Users/anishsharma/Library/Mobile Documents/com~apple~CloudDocs/Downloads/folds_2026_08_27_04_49/ebvms_hla2_control_v2pmhc_3f942ba88c8f100c_s271828/fold_ebvms_hla2_control_v2pmhc_3f942ba88c8f100c_s271828_full_data_3.json,False,0.88,ebvms_hla2_control_v2pmhc_3f942ba88c8f100c_s271828,True,194,202,SDDELPYIDPNMEPV,271828,0.88,0.95,True,3,pass_exact_clash_free,v2_fresh_attribution_pilot,/Users/anishsharma/Library/Mobile Documents/com~apple~CloudDocs/Downloads/folds_2026_08_27_04_49/ebvms_hla2_control_v2pmhc_3f942ba88c8f100c_s271828/fold_ebvms_hla2_control_v2pmhc_3f942ba88c8f100c_s271828_summary_confidences_3.json,SYS_MICROBIAL_MBP_HY1B11
/Users/anishsharma/Library/Mobile Documents/com~apple~CloudDocs/Downloads/folds_2026_08_27_04_49/ebvms_hla2_control_v2pmhc_3f942ba88c8f100c_s271828/fold_ebvms_hla2_control_v2pmhc_3f942ba88c8f100c_s271828_model_4.cif,"Computational pMHC geometry prioritization only; not evidence of presentation, TCR binding, activation, cross-reactivity, molecular mimicry, or MS mechanism.",ELPYIDPNM,4,V2PMHC_3f942ba88c8f100c,/Users/anishsharma/Library/Mobile Documents/com~apple~CloudDocs/Downloads/folds_2026_08_27_04_49/ebvms_hla2_control_v2pmhc_3f942ba88c8f100c_s271828/fold_ebvms_hla2_control_v2pmhc_3f942ba88c8f100c_s271828_full_data_4.json,False,0.88,ebvms_hla2_control_v2pmhc_3f942ba88c8f100c_s271828,True,194,202,SDDELPYIDPNMEPV,271828,0.88,0.95,True,4,pass_exact_clash_free,v2_fresh_attribution_pilot,/Users/anishsharma/Library/Mobile Documents/com~apple~CloudDocs/Downloads/folds_2026_08_27_04_49/ebvms_hla2_control_v2pmhc_3f942ba88c8f100c_s271828/fold_ebvms_hla2_control_v2pmhc_3f942ba88c8f100c_s271828_summary_confidences_4.json,SYS_MICROBIAL_MBP_HY1B11
/Users/anishsharma/Library/Mobile Documents/com~apple~CloudDocs/Downloads/folds_2026_08_27_04_49/ebvms_hla2_control_v2pmhc_3f942ba88c8f100c_s314159/fold_ebvms_hla2_control_v2pmhc_3f942ba88c8f100c_s314159_model_0.cif,"Computational pMHC geometry prioritization only; not evidence of presentation, TCR binding, activation, cross-reactivity, molecular mimicry, or MS mechanism.",ELPYIDPNM,4,V2PMHC_3f942ba88c8f100c,/Users/anishsharma/Library/Mobile Documents/com~apple~CloudDocs/Downloads/folds_2026_08_27_04_49/ebvms_hla2_control_v2pmhc_3f942ba88c8f100c_s314159/fold_ebvms_hla2_control_v2pmhc_3f942ba88c8f100c_s314159_full_data_0.json,False,0.89,ebvms_hla2_control_v2pmhc_3f942ba88c8f100c_s314159,True,194,202,SDDELPYIDPNMEPV,314159,0.89,0.96,True,0,pass_exact_clash_free,v2_fresh_attribution_pilot,/Users/anishsharma/Library/Mobile Documents/com~apple~CloudDocs/Downloads/folds_2026_08_27_04_49/ebvms_hla2_control_v2pmhc_3f942ba88c8f100c_s314159/fold_ebvms_hla2_control_v2pmhc_3f942ba88c8f100c_s314159_summary_confidences_0.json,SYS_MICROBIAL_MBP_HY1B11
/Users/anishsharma/Library/Mobile Documents/com~apple~CloudDocs/Downloads/folds_2026_08_27_04_49/ebvms_hla2_control_v2pmhc_3f942ba88c8f100c_s314159/fold_ebvms_hla2_control_v2pmhc_3f942ba88c8f100c_s314159_model_1.cif,"Computational pMHC geometry prioritization only; not evidence of presentation, TCR binding, activation, cross-reactivity, molecular mimicry, or MS mechanism.",ELPYIDPNM,4,V2PMHC_3f942ba88c8f100c,/Users/anishsharma/Library/Mobile Documents/com~apple~CloudDocs/Downloads/folds_2026_08_27_04_49/ebvms_hla2_control_v2pmhc_3f942ba88c8f100c_s314159/fold_ebvms_hla2_control_v2pmhc_3f942ba88c8f100c_s314159_full_data_1.json,False,0.88,ebvms_hla2_control_v2pmhc_3f942ba88c8f100c_s314159,True,194,202,SDDELPYIDPNMEPV,314159,0.89,0.96,True,1,pass_exact_clash_free,v2_fresh_attribution_pilot,/Users/anishsharma/Library/Mobile Documents/com~apple~CloudDocs/Downloads/folds_2026_08_27_04_49/ebvms_hla2_control_v2pmhc_3f942ba88c8f100c_s314159/fold_ebvms_hla2_control_v2pmhc_3f942ba88c8f100c_s314159_summary_confidences_1.json,SYS_MICROBIAL_MBP_HY1B11
/Users/anishsharma/Library/Mobile Documents/com~apple~CloudDocs/Downloads/folds_2026_08_27_04_49/ebvms_hla2_control_v2pmhc_3f942ba88c8f100c_s314159/fold_ebvms_hla2_control_v2pmhc_3f942ba88c8f100c_s314159_model_2.cif,"Computational pMHC geometry prioritization only; not evidence of presentation, TCR binding, activation, cross-reactivity, molecular mimicry, or MS mechanism.",ELPYIDPNM,4,V2PMHC_3f942ba88c8f100c,/Users/anishsharma/Library/Mobile Documents/com~apple~CloudDocs/Downloads/folds_2026_08_27_04_49/ebvms_hla2_control_v2pmhc_3f942ba88c8f100c_s314159/fold_ebvms_hla2_control_v2pmhc_3f942ba88c8f100c_s314159_full_data_2.json,False,0.88,ebvms_hla2_control_v2pmhc_3f942ba88c8f100c_s314159,True,194,202,SDDELPYIDPNMEPV,314159,0.88,0.96,True,2,pass_exact_clash_free,v2_fresh_attribution_pilot,/Users/anishsharma/Library/Mobile Documents/com~apple~CloudDocs/Downloads/folds_2026_08_27_04_49/ebvms_hla2_control_v2pmhc_3f942ba88c8f100c_s314159/fold_ebvms_hla2_control_v2pmhc_3f942ba88c8f100c_s314159_summary_confidences_2.json,SYS_MICROBIAL_MBP_HY1B11
/Users/anishsharma/Library/Mobile Documents/com~apple~CloudDocs/Downloads/folds_2026_08_27_04_49/ebvms_hla2_control_v2pmhc_3f942ba88c8f100c_s314159/fold_ebvms_hla2_control_v2pmhc_3f942ba88c8f100c_s314159_model_3.cif,"Computational pMHC geometry prioritization only; not evidence of presentation, TCR binding, activation, cross-reactivity, molecular mimicry, or MS mechanism.",ELPYIDPNM,4,V2PMHC_3f942ba88c8f100c,/Users/anishsharma/Library/Mobile Documents/com~apple~CloudDocs/Downloads/folds_2026_08_27_04_49/ebvms_hla2_control_v2pmhc_3f942ba88c8f100c_s314159/fold_ebvms_hla2_control_v2pmhc_3f942ba88c8f100c_s314159_full_data_3.json,False,0.87,ebvms_hla2_control_v2pmhc_3f942ba88c8f100c_s314159,True,194,202,SDDELPYIDPNMEPV,314159,0.88,0.95,True,3,pass_exact_clash_free,v2_fresh_attribution_pilot,/Users/anishsharma/Library/Mobile Documents/com~apple~CloudDocs/Downloads/folds_2026_08_27_04_49/ebvms_hla2_control_v2pmhc_3f942ba88c8f100c_s314159/fold_ebvms_hla2_control_v2pmhc_3f942ba88c8f100c_s314159_summary_confidences_3.json,SYS_MICROBIAL_MBP_HY1B11
/Users/anishsharma/Library/Mobile Documents/com~apple~CloudDocs/Downloads/folds_2026_08_27_04_49/ebvms_hla2_control_v2pmhc_3f942ba88c8f100c_s314159/fold_ebvms_hla2_control_v2pmhc_3f942ba88c8f100c_s314159_model_4.cif,"Computational pMHC geometry prioritization only; not evidence of presentation, TCR binding, activation, cross-reactivity, molecular mimicry, or MS mechanism.",ELPYIDPNM,4,V2PMHC_3f942ba88c8f100c,/Users/anishsharma/Library/Mobile Documents/com~apple~CloudDocs/Downloads/folds_2026_08_27_04_49/ebvms_hla2_control_v2pmhc_3f942ba88c8f100c_s314159/fold_ebvms_hla2_control_v2pmhc_3f942ba88c8f100c_s314159_full_data_4.json,False,0.87,ebvms_hla2_control_v2pmhc_3f942ba88c8f100c_s314159,True,194,202,SDDELPYIDPNMEPV,314159,0.88,0.95,True,4,pass_exact_clash_free,v2_fresh_attribution_pilot,/Users/anishsharma/Library/Mobile Documents/com~apple~CloudDocs/Downloads/folds_2026_08_27_04_49/ebvms_hla2_control_v2pmhc_3f942ba88c8f100c_s314159/fold_ebvms_hla2_control_v2pmhc_3f942ba88c8f100c_s314159_summary_confidences_4.json,SYS_MICROBIAL_MBP_HY1B11
/Users/anishsharma/Library/Mobile Documents/com~apple~CloudDocs/Downloads/folds_2026_08_27_04_49/ebvms_hla2_control_v2pmhc_4ac3a4f6915c6008_s271828/fold_ebvms_hla2_control_v2pmhc_4ac3a4f6915c6008_s271828_model_0.cif,"Computational pMHC geometry prioritization only; not evidence of presentation, TCR binding, activation, cross-reactivity, molecular mimicry, or MS mechanism.",MVTFRNQAS,4,V2PMHC_4ac3a4f6915c6008,/Users/anishsharma/Library/Mobile Documents/com~apple~CloudDocs/Downloads/folds_2026_08_27_04_49/ebvms_hla2_control_v2pmhc_4ac3a4f6915c6008_s271828/fold_ebvms_hla2_control_v2pmhc_4ac3a4f6915c6008_s271828_full_data_0.json,False,0.91,ebvms_hla2_control_v2pmhc_4ac3a4f6915c6008_s271828,True,194,202,DNIMVTFRNQASRPY,271828,0.9,0.99,True,0,pass_exact_clash_free,v2_fresh_attribution_pilot,/Users/anishsharma/Library/Mobile Documents/com~apple~CloudDocs/Downloads/folds_2026_08_27_04_49/ebvms_hla2_control_v2pmhc_4ac3a4f6915c6008_s271828/fold_ebvms_hla2_control_v2pmhc_4ac3a4f6915c6008_s271828_summary_confidences_0.json,SYS_MICROBIAL_MBP_HY1B11
/Users/anishsharma/Library/Mobile Documents/com~apple~CloudDocs/Downloads/folds_2026_08_27_04_49/ebvms_hla2_control_v2pmhc_4ac3a4f6915c6008_s271828/fold_ebvms_hla2_control_v2pmhc_4ac3a4f6915c6008_s271828_model_1.cif,"Computational pMHC geometry prioritization only; not evidence of presentation, TCR binding, activation, cross-reactivity, molecular mimicry, or MS mechanism.",MVTFRNQAS,4,V2PMHC_4ac3a4f6915c6008,/Users/anishsharma/Library/Mobile Documents/com~apple~CloudDocs/Downloads/folds_2026_08_27_04_49/ebvms_hla2_control_v2pmhc_4ac3a4f6915c6008_s271828/fold_ebvms_hla2_control_v2pmhc_4ac3a4f6915c6008_s271828_full_data_1.json,False,0.91,ebvms_hla2_control_v2pmhc_4ac3a4f6915c6008_s271828,True,194,202,DNIMVTFRNQASRPY,271828,0.9,0.99,True,1,pass_exact_clash_free,v2_fresh_attribution_pilot,/Users/anishsharma/Library/Mobile Documents/com~apple~CloudDocs/Downloads/folds_2026_08_27_04_49/ebvms_hla2_control_v2pmhc_4ac3a4f6915c6008_s271828/fold_ebvms_hla2_control_v2pmhc_4ac3a4f6915c6008_s271828_summary_confidences_1.json,SYS_MICROBIAL_MBP_HY1B11
/Users/anishsharma/Library/Mobile Documents/com~apple~CloudDocs/Downloads/folds_2026_08_27_04_49/ebvms_hla2_control_v2pmhc_4ac3a4f6915c6008_s271828/fold_ebvms_hla2_control_v2pmhc_4ac3a4f6915c6008_s271828_model_2.cif,"Computational pMHC geometry prioritization only; not evidence of presentation, TCR binding, activation, cross-reactivity, molecular mimicry, or MS mechanism.",MVTFRNQAS,4,V2PMHC_4ac3a4f6915c6008,/Users/anishsharma/Library/Mobile Documents/com~apple~CloudDocs/Downloads/folds_2026_08_27_04_49/ebvms_hla2_control_v2pmhc_4ac3a4f6915c6008_s271828/fold_ebvms_hla2_control_v2pmhc_4ac3a4f6915c6008_s271828_full_data_2.json,False,0.91,ebvms_hla2_control_v2pmhc_4ac3a4f6915c6008_s271828,True,194,202,DNIMVTFRNQASRPY,271828,0.9,0.99,True,2,pass_exact_clash_free,v2_fresh_attribution_pilot,/Users/anishsharma/Library/Mobile Documents/com~apple~CloudDocs/Downloads/folds_2026_08_27_04_49/ebvms_hla2_control_v2pmhc_4ac3a4f6915c6008_s271828/fold_ebvms_hla2_control_v2pmhc_4ac3a4f6915c6008_s271828_summary_confidences_2.json,SYS_MICROBIAL_MBP_HY1B11
/Users/anishsharma/Library/Mobile Documents/com~apple~CloudDocs/Downloads/folds_2026_08_27_04_49/ebvms_hla2_control_v2pmhc_4ac3a4f6915c6008_s271828/fold_ebvms_hla2_control_v2pmhc_4ac3a4f6915c6008_s271828_model_3.cif,"Computational pMHC geometry prioritization only; not evidence of presentation, TCR binding, activation, cross-reactivity, molecular mimicry, or MS mechanism.",MVTFRNQAS,4,V2PMHC_4ac3a4f6915c6008,/Users/anishsharma/Library/Mobile Documents/com~apple~CloudDocs/Downloads/folds_2026_08_27_04_49/ebvms_hla2_control_v2pmhc_4ac3a4f6915c6008_s271828/fold_ebvms_hla2_control_v2pmhc_4ac3a4f6915c6008_s271828_full_data_3.json,False,0.91,ebvms_hla2_control_v2pmhc_4ac3a4f6915c6008_s271828,True,194,202,DNIMVTFRNQASRPY,271828,0.9,0.99,True,3,pass_exact_clash_free,v2_fresh_attribution_pilot,/Users/anishsharma/Library/Mobile Documents/com~apple~CloudDocs/Downloads/folds_2026_08_27_04_49/ebvms_hla2_control_v2pmhc_4ac3a4f6915c6008_s271828/fold_ebvms_hla2_control_v2pmhc_4ac3a4f6915c6008_s271828_summary_confidences_3.json,SYS_MICROBIAL_MBP_HY1B11
/Users/anishsharma/Library/Mobile Documents/com~apple~CloudDocs/Downloads/folds_2026_08_27_04_49/ebvms_hla2_control_v2pmhc_4ac3a4f6915c6008_s271828/fold_ebvms_hla2_control_v2pmhc_4ac3a4f6915c6008_s271828_model_4.cif,"Computational pMHC geometry prioritization only; not evidence of presentation, TCR binding, activation, cross-reactivity, molecular mimicry, or MS mechanism.",MVTFRNQAS,4,V2PMHC_4ac3a4f6915c6008,/Users/anishsharma/Library/Mobile Documents/com~apple~CloudDocs/Downloads/folds_2026_08_27_04_49/ebvms_hla2_control_v2pmhc_4ac3a4f6915c6008_s271828/fold_ebvms_hla2_control_v2pmhc_4ac3a4f6915c6008_s271828_full_data_4.json,False,0.91,ebvms_hla2_control_v2pmhc_4ac3a4f6915c6008_s271828,True,194,202,DNIMVTFRNQASRPY,271828,0.9,0.98,True,4,pass_exact_clash_free,v2_fresh_attribution_pilot,/Users/anishsharma/Library/Mobile Documents/com~apple~CloudDocs/Downloads/folds_2026_08_27_04_49/ebvms_hla2_control_v2pmhc_4ac3a4f6915c6008_s271828/fold_ebvms_hla2_control_v2pmhc_4ac3a4f6915c6008_s271828_summary_confidences_4.json,SYS_MICROBIAL_MBP_HY1B11
/Users/anishsharma/Library/Mobile Documents/com~apple~CloudDocs/Downloads/folds_2026_08_27_04_49/ebvms_hla2_control_v2pmhc_4ac3a4f6915c6008_s314159/fold_ebvms_hla2_control_v2pmhc_4ac3a4f6915c6008_s314159_model_0.cif,"Computational pMHC geometry prioritization only; not evidence of presentation, TCR binding, activation, cross-reactivity, molecular mimicry, or MS mechanism.",MVTFRNQAS,4,V2PMHC_4ac3a4f6915c6008,/Users/anishsharma/Library/Mobile Documents/com~apple~CloudDocs/Downloads/folds_2026_08_27_04_49/ebvms_hla2_control_v2pmhc_4ac3a4f6915c6008_s314159/fold_ebvms_hla2_control_v2pmhc_4ac3a4f6915c6008_s314159_full_data_0.json,False,0.89,ebvms_hla2_control_v2pmhc_4ac3a4f6915c6008_s314159,True,194,202,DNIMVTFRNQASRPY,314159,0.89,0.97,True,0,pass_exact_clash_free,v2_fresh_attribution_pilot,/Users/anishsharma/Library/Mobile Documents/com~apple~CloudDocs/Downloads/folds_2026_08_27_04_49/ebvms_hla2_control_v2pmhc_4ac3a4f6915c6008_s314159/fold_ebvms_hla2_control_v2pmhc_4ac3a4f6915c6008_s314159_summary_confidences_0.json,SYS_MICROBIAL_MBP_HY1B11
/Users/anishsharma/Library/Mobile Documents/com~apple~CloudDocs/Downloads/folds_2026_08_27_04_49/ebvms_hla2_control_v2pmhc_4ac3a4f6915c6008_s314159/fold_ebvms_hla2_control_v2pmhc_4ac3a4f6915c6008_s314159_model_1.cif,"Computational pMHC geometry prioritization only; not evidence of presentation, TCR binding, activation, cross-reactivity, molecular mimicry, or MS mechanism.",MVTFRNQAS,4,V2PMHC_4ac3a4f6915c6008,/Users/anishsharma/Library/Mobile Documents/com~apple~CloudDocs/Downloads/folds_2026_08_27_04_49/ebvms_hla2_control_v2pmhc_4ac3a4f6915c6008_s314159/fold_ebvms_hla2_control_v2pmhc_4ac3a4f6915c6008_s314159_full_data_1.json,False,0.88,ebvms_hla2_control_v2pmhc_4ac3a4f6915c6008_s314159,True,194,202,DNIMVTFRNQASRPY,314159,0.89,0.96,True,1,pass_exact_clash_free,v2_fresh_attribution_pilot,/Users/anishsharma/Library/Mobile Documents/com~apple~CloudDocs/Downloads/folds_2026_08_27_04_49/ebvms_hla2_control_v2pmhc_4ac3a4f6915c6008_s314159/fold_ebvms_hla2_control_v2pmhc_4ac3a4f6915c6008_s314159_summary_confidences_1.json,SYS_MICROBIAL_MBP_HY1B11
/Users/anishsharma/Library/Mobile Documents/com~apple~CloudDocs/Downloads/folds_2026_08_27_04_49/ebvms_hla2_control_v2pmhc_4ac3a4f6915c6008_s314159/fold_ebvms_hla2_control_v2pmhc_4ac3a4f6915c6008_s314159_model_2.cif,"Computational pMHC geometry prioritization only; not evidence of presentation, TCR binding, activation, cross-reactivity, molecular mimicry, or MS mechanism.",MVTFRNQAS,4,V2PMHC_4ac3a4f6915c6008,/Users/anishsharma/Library/Mobile Documents/com~apple~CloudDocs/Downloads/folds_2026_08_27_04_49/ebvms_hla2_control_v2pmhc_4ac3a4f6915c6008_s314159/fold_ebvms_hla2_control_v2pmhc_4ac3a4f6915c6008_s314159_full_data_2.json,False,0.88,ebvms_hla2_control_v2pmhc_4ac3a4f6915c6008_s314159,True,194,202,DNIMVTFRNQASRPY,314159,0.89,0.96,True,2,pass_exact_clash_free,v2_fresh_attribution_pilot,/Users/anishsharma/Library/Mobile Documents/com~apple~CloudDocs/Downloads/folds_2026_08_27_04_49/ebvms_hla2_control_v2pmhc_4ac3a4f6915c6008_s314159/fold_ebvms_hla2_control_v2pmhc_4ac3a4f6915c6008_s314159_summary_confidences_2.json,SYS_MICROBIAL_MBP_HY1B11
/Users/anishsharma/Library/Mobile Documents/com~apple~CloudDocs/Downloads/folds_2026_08_27_04_49/ebvms_hla2_control_v2pmhc_4ac3a4f6915c6008_s314159/fold_ebvms_hla2_control_v2pmhc_4ac3a4f6915c6008_s314159_model_3.cif,"Computational pMHC geometry prioritization only; not evidence of presentation, TCR binding, activation, cross-reactivity, molecular mimicry, or MS mechanism.",MVTFRNQAS,4,V2PMHC_4ac3a4f6915c6008,/Users/anishsharma/Library/Mobile Documents/com~apple~CloudDocs/Downloads/folds_2026_08_27_04_49/ebvms_hla2_control_v2pmhc_4ac3a4f6915c6008_s314159/fold_ebvms_hla2_control_v2pmhc_4ac3a4f6915c6008_s314159_full_data_3.json,False,0.88,ebvms_hla2_control_v2pmhc_4ac3a4f6915c6008_s314159,True,194,202,DNIMVTFRNQASRPY,314159,0.89,0.96,True,3,pass_exact_clash_free,v2_fresh_attribution_pilot,/Users/anishsharma/Library/Mobile Documents/com~apple~CloudDocs/Downloads/folds_2026_08_27_04_49/ebvms_hla2_control_v2pmhc_4ac3a4f6915c6008_s314159/fold_ebvms_hla2_control_v2pmhc_4ac3a4f6915c6008_s314159_summary_confidences_3.json,SYS_MICROBIAL_MBP_HY1B11
/Users/anishsharma/Library/Mobile Documents/com~apple~CloudDocs/Downloads/folds_2026_08_27_04_49/ebvms_hla2_control_v2pmhc_4ac3a4f6915c6008_s314159/fold_ebvms_hla2_control_v2pmhc_4ac3a4f6915c6008_s314159_model_4.cif,"Computational pMHC geometry prioritization only; not evidence of presentation, TCR binding, activation, cross-reactivity, molecular mimicry, or MS mechanism.",MVTFRNQAS,4,V2PMHC_4ac3a4f6915c6008,/Users/anishsharma/Library/Mobile Documents/com~apple~CloudDocs/Downloads/folds_2026_08_27_04_49/ebvms_hla2_control_v2pmhc_4ac3a4f6915c6008_s314159/fold_ebvms_hla2_control_v2pmhc_4ac3a4f6915c6008_s314159_full_data_4.json,False,0.88,ebvms_hla2_control_v2pmhc_4ac3a4f6915c6008_s314159,True,194,202,DNIMVTFRNQASRPY,314159,0.89,0.96,True,4,pass_exact_clash_free,v2_fresh_attribution_pilot,/Users/anishsharma/Library/Mobile Documents/com~apple~CloudDocs/Downloads/folds_2026_08_27_04_49/ebvms_hla2_control_v2pmhc_4ac3a4f6915c6008_s314159/fold_ebvms_hla2_control_v2pmhc_4ac3a4f6915c6008_s314159_summary_confidences_4.json,SYS_MICROBIAL_MBP_HY1B11
/Users/anishsharma/Library/Mobile Documents/com~apple~CloudDocs/Downloads/folds_2026_08_27_04_49/ebvms_hla2_control_v2pmhc_51e2e413b5fb64d1_s271828/fold_ebvms_hla2_control_v2pmhc_51e2e413b5fb64d1_s271828_model_0.cif,"Computational pMHC geometry prioritization only; not evidence of presentation, TCR binding, activation, cross-reactivity, molecular mimicry, or MS mechanism.",YHFVKKHVH,5,V2PMHC_51e2e413b5fb64d1,/Users/anishsharma/Library/Mobile Documents/com~apple~CloudDocs/Downloads/folds_2026_08_27_04_49/ebvms_hla2_control_v2pmhc_51e2e413b5fb64d1_s271828/fold_ebvms_hla2_control_v2pmhc_51e2e413b5fb64d1_s271828_full_data_0.json,False,0.93,ebvms_hla2_control_v2pmhc_51e2e413b5fb64d1_s271828,True,178,189,TGGVYHFVKKHVHES,271828,0.93,0.95,True,0,pass_exact_clash_free,v2_fresh_attribution_pilot,/Users/anishsharma/Library/Mobile Documents/com~apple~CloudDocs/Downloads/folds_2026_08_27_04_49/ebvms_hla2_control_v2pmhc_51e2e413b5fb64d1_s271828/fold_ebvms_hla2_control_v2pmhc_51e2e413b5fb64d1_s271828_summary_confidences_0.json,SYS_BALF5_MBP_HY2E11
/Users/anishsharma/Library/Mobile Documents/com~apple~CloudDocs/Downloads/folds_2026_08_27_04_49/ebvms_hla2_control_v2pmhc_51e2e413b5fb64d1_s271828/fold_ebvms_hla2_control_v2pmhc_51e2e413b5fb64d1_s271828_model_1.cif,"Computational pMHC geometry prioritization only; not evidence of presentation, TCR binding, activation, cross-reactivity, molecular mimicry, or MS mechanism.",YHFVKKHVH,5,V2PMHC_51e2e413b5fb64d1,/Users/anishsharma/Library/Mobile Documents/com~apple~CloudDocs/Downloads/folds_2026_08_27_04_49/ebvms_hla2_control_v2pmhc_51e2e413b5fb64d1_s271828/fold_ebvms_hla2_control_v2pmhc_51e2e413b5fb64d1_s271828_full_data_1.json,False,0.93,ebvms_hla2_control_v2pmhc_51e2e413b5fb64d1_s271828,True,178,189,TGGVYHFVKKHVHES,271828,0.93,0.95,True,1,pass_exact_clash_free,v2_fresh_attribution_pilot,/Users/anishsharma/Library/Mobile Documents/com~apple~CloudDocs/Downloads/folds_2026_08_27_04_49/ebvms_hla2_control_v2pmhc_51e2e413b5fb64d1_s271828/fold_ebvms_hla2_control_v2pmhc_51e2e413b5fb64d1_s271828_summary_confidences_1.json,SYS_BALF5_MBP_HY2E11
/Users/anishsharma/Library/Mobile Documents/com~apple~CloudDocs/Downloads/folds_2026_08_27_04_49/ebvms_hla2_control_v2pmhc_51e2e413b5fb64d1_s271828/fold_ebvms_hla2_control_v2pmhc_51e2e413b5fb64d1_s271828_model_2.cif,"Computational pMHC geometry prioritization only; not evidence of presentation, TCR binding, activation, cross-reactivity, molecular mimicry, or MS mechanism.",YHFVKKHVH,5,V2PMHC_51e2e413b5fb64d1,/Users/anishsharma/Library/Mobile Documents/com~apple~CloudDocs/Downloads/folds_2026_08_27_04_49/ebvms_hla2_control_v2pmhc_51e2e413b5fb64d1_s271828/fold_ebvms_hla2_control_v2pmhc_51e2e413b5fb64d1_s271828_full_data_2.json,False,0.93,ebvms_hla2_control_v2pmhc_51e2e413b5fb64d1_s271828,True,178,189,TGGVYHFVKKHVHES,271828,0.93,0.95,True,2,pass_exact_clash_free,v2_fresh_attribution_pilot,/Users/anishsharma/Library/Mobile Documents/com~apple~CloudDocs/Downloads/folds_2026_08_27_04_49/ebvms_hla2_control_v2pmhc_51e2e413b5fb64d1_s271828/fold_ebvms_hla2_control_v2pmhc_51e2e413b5fb64d1_s271828_summary_confidences_2.json,SYS_BALF5_MBP_HY2E11
/Users/anishsharma/Library/Mobile Documents/com~apple~CloudDocs/Downloads/folds_2026_08_27_04_49/ebvms_hla2_control_v2pmhc_51e2e413b5fb64d1_s271828/fold_ebvms_hla2_control_v2pmhc_51e2e413b5fb64d1_s271828_model_3.cif,"Computational pMHC geometry prioritization only; not evidence of presentation, TCR binding, activation, cross-reactivity, molecular mimicry, or MS mechanism.",YHFVKKHVH,5,V2PMHC_51e2e413b5fb64d1,/Users/anishsharma/Library/Mobile Documents/com~apple~CloudDocs/Downloads/folds_2026_08_27_04_49/ebvms_hla2_control_v2pmhc_51e2e413b5fb64d1_s271828/fold_ebvms_hla2_control_v2pmhc_51e2e413b5fb64d1_s271828_full_data_3.json,False,0.93,ebvms_hla2_control_v2pmhc_51e2e413b5fb64d1_s271828,True,178,189,TGGVYHFVKKHVHES,271828,0.93,0.95,True,3,pass_exact_clash_free,v2_fresh_attribution_pilot,/Users/anishsharma/Library/Mobile Documents/com~apple~CloudDocs/Downloads/folds_2026_08_27_04_49/ebvms_hla2_control_v2pmhc_51e2e413b5fb64d1_s271828/fold_ebvms_hla2_control_v2pmhc_51e2e413b5fb64d1_s271828_summary_confidences_3.json,SYS_BALF5_MBP_HY2E11
/Users/anishsharma/Library/Mobile Documents/com~apple~CloudDocs/Downloads/folds_2026_08_27_04_49/ebvms_hla2_control_v2pmhc_51e2e413b5fb64d1_s271828/fold_ebvms_hla2_control_v2pmhc_51e2e413b5fb64d1_s271828_model_4.cif,"Computational pMHC geometry prioritization only; not evidence of presentation, TCR binding, activation, cross-reactivity, molecular mimicry, or MS mechanism.",YHFVKKHVH,5,V2PMHC_51e2e413b5fb64d1,/Users/anishsharma/Library/Mobile Documents/com~apple~CloudDocs/Downloads/folds_2026_08_27_04_49/ebvms_hla2_control_v2pmhc_51e2e413b5fb64d1_s271828/fold_ebvms_hla2_control_v2pmhc_51e2e413b5fb64d1_s271828_full_data_4.json,False,0.93,ebvms_hla2_control_v2pmhc_51e2e413b5fb64d1_s271828,True,178,189,TGGVYHFVKKHVHES,271828,0.93,0.95,True,4,pass_exact_clash_free,v2_fresh_attribution_pilot,/Users/anishsharma/Library/Mobile Documents/com~apple~CloudDocs/Downloads/folds_2026_08_27_04_49/ebvms_hla2_control_v2pmhc_51e2e413b5fb64d1_s271828/fold_ebvms_hla2_control_v2pmhc_51e2e413b5fb64d1_s271828_summary_confidences_4.json,SYS_BALF5_MBP_HY2E11
/Users/anishsharma/Library/Mobile Documents/com~apple~CloudDocs/Downloads/folds_2026_08_27_04_49/ebvms_hla2_control_v2pmhc_51e2e413b5fb64d1_s314159/fold_ebvms_hla2_control_v2pmhc_51e2e413b5fb64d1_s314159_model_0.cif,"Computational pMHC geometry prioritization only; not evidence of presentation, TCR binding, activation, cross-reactivity, molecular mimicry, or MS mechanism.",YHFVKKHVH,5,V2PMHC_51e2e413b5fb64d1,/Users/anishsharma/Library/Mobile Documents/com~apple~CloudDocs/Downloads/folds_2026_08_27_04_49/ebvms_hla2_control_v2pmhc_51e2e413b5fb64d1_s314159/fold_ebvms_hla2_control_v2pmhc_51e2e413b5fb64d1_s314159_full_data_0.json,False,0.93,ebvms_hla2_control_v2pmhc_51e2e413b5fb64d1_s314159,True,178,189,TGGVYHFVKKHVHES,314159,0.94,0.95,True,0,pass_exact_clash_free,v2_fresh_attribution_pilot,/Users/anishsharma/Library/Mobile Documents/com~apple~CloudDocs/Downloads/folds_2026_08_27_04_49/ebvms_hla2_control_v2pmhc_51e2e413b5fb64d1_s314159/fold_ebvms_hla2_control_v2pmhc_51e2e413b5fb64d1_s314159_summary_confidences_0.json,SYS_BALF5_MBP_HY2E11
/Users/anishsharma/Library/Mobile Documents/com~apple~CloudDocs/Downloads/folds_2026_08_27_04_49/ebvms_hla2_control_v2pmhc_51e2e413b5fb64d1_s314159/fold_ebvms_hla2_control_v2pmhc_51e2e413b5fb64d1_s314159_model_1.cif,"Computational pMHC geometry prioritization only; not evidence of presentation, TCR binding, activation, cross-reactivity, molecular mimicry, or MS mechanism.",YHFVKKHVH,5,V2PMHC_51e2e413b5fb64d1,/Users/anishsharma/Library/Mobile Documents/com~apple~CloudDocs/Downloads/folds_2026_08_27_04_49/ebvms_hla2_control_v2pmhc_51e2e413b5fb64d1_s314159/fold_ebvms_hla2_control_v2pmhc_51e2e413b5fb64d1_s314159_full_data_1.json,False,0.93,ebvms_hla2_control_v2pmhc_51e2e413b5fb64d1_s314159,True,178,189,TGGVYHFVKKHVHES,314159,0.93,0.95,True,1,pass_exact_clash_free,v2_fresh_attribution_pilot,/Users/anishsharma/Library/Mobile Documents/com~apple~CloudDocs/Downloads/folds_2026_08_27_04_49/ebvms_hla2_control_v2pmhc_51e2e413b5fb64d1_s314159/fold_ebvms_hla2_control_v2pmhc_51e2e413b5fb64d1_s314159_summary_confidences_1.json,SYS_BALF5_MBP_HY2E11
/Users/anishsharma/Library/Mobile Documents/com~apple~CloudDocs/Downloads/folds_2026_08_27_04_49/ebvms_hla2_control_v2pmhc_51e2e413b5fb64d1_s314159/fold_ebvms_hla2_control_v2pmhc_51e2e413b5fb64d1_s314159_model_2.cif,"Computational pMHC geometry prioritization only; not evidence of presentation, TCR binding, activation, cross-reactivity, molecular mimicry, or MS mechanism.",YHFVKKHVH,5,V2PMHC_51e2e413b5fb64d1,/Users/anishsharma/Library/Mobile Documents/com~apple~CloudDocs/Downloads/folds_2026_08_27_04_49/ebvms_hla2_control_v2pmhc_51e2e413b5fb64d1_s314159/fold_ebvms_hla2_control_v2pmhc_51e2e413b5fb64d1_s314159_full_data_2.json,False,0.93,ebvms_hla2_control_v2pmhc_51e2e413b5fb64d1_s314159,True,178,189,TGGVYHFVKKHVHES,314159,0.93,0.95,True,2,pass_exact_clash_free,v2_fresh_attribution_pilot,/Users/anishsharma/Library/Mobile Documents/com~apple~CloudDocs/Downloads/folds_2026_08_27_04_49/ebvms_hla2_control_v2pmhc_51e2e413b5fb64d1_s314159/fold_ebvms_hla2_control_v2pmhc_51e2e413b5fb64d1_s314159_summary_confidences_2.json,SYS_BALF5_MBP_HY2E11
/Users/anishsharma/Library/Mobile Documents/com~apple~CloudDocs/Downloads/folds_2026_08_27_04_49/ebvms_hla2_control_v2pmhc_51e2e413b5fb64d1_s314159/fold_ebvms_hla2_control_v2pmhc_51e2e413b5fb64d1_s314159_model_3.cif,"Computational pMHC geometry prioritization only; not evidence of presentation, TCR binding, activation, cross-reactivity, molecular mimicry, or MS mechanism.",YHFVKKHVH,5,V2PMHC_51e2e413b5fb64d1,/Users/anishsharma/Library/Mobile Documents/com~apple~CloudDocs/Downloads/folds_2026_08_27_04_49/ebvms_hla2_control_v2pmhc_51e2e413b5fb64d1_s314159/fold_ebvms_hla2_control_v2pmhc_51e2e413b5fb64d1_s314159_full_data_3.json,False,0.93,ebvms_hla2_control_v2pmhc_51e2e413b5fb64d1_s314159,True,178,189,TGGVYHFVKKHVHES,314159,0.93,0.95,True,3,pass_exact_clash_free,v2_fresh_attribution_pilot,/Users/anishsharma/Library/Mobile Documents/com~apple~CloudDocs/Downloads/folds_2026_08_27_04_49/ebvms_hla2_control_v2pmhc_51e2e413b5fb64d1_s314159/fold_ebvms_hla2_control_v2pmhc_51e2e413b5fb64d1_s314159_summary_confidences_3.json,SYS_BALF5_MBP_HY2E11
/Users/anishsharma/Library/Mobile Documents/com~apple~CloudDocs/Downloads/folds_2026_08_27_04_49/ebvms_hla2_control_v2pmhc_51e2e413b5fb64d1_s314159/fold_ebvms_hla2_control_v2pmhc_51e2e413b5fb64d1_s314159_model_4.cif,"Computational pMHC geometry prioritization only; not evidence of presentation, TCR binding, activation, cross-reactivity, molecular mimicry, or MS mechanism.",YHFVKKHVH,5,V2PMHC_51e2e413b5fb64d1,/Users/anishsharma/Library/Mobile Documents/com~apple~CloudDocs/Downloads/folds_2026_08_27_04_49/ebvms_hla2_control_v2pmhc_51e2e413b5fb64d1_s314159/fold_ebvms_hla2_control_v2pmhc_51e2e413b5fb64d1_s314159_full_data_4.json,False,0.93,ebvms_hla2_control_v2pmhc_51e2e413b5fb64d1_s314159,True,178,189,TGGVYHFVKKHVHES,314159,0.93,0.95,True,4,pass_exact_clash_free,v2_fresh_attribution_pilot,/Users/anishsharma/Library/Mobile Documents/com~apple~CloudDocs/Downloads/folds_2026_08_27_04_49/ebvms_hla2_control_v2pmhc_51e2e413b5fb64d1_s314159/fold_ebvms_hla2_control_v2pmhc_51e2e413b5fb64d1_s314159_summary_confidences_4.json,SYS_BALF5_MBP_HY2E11
/Users/anishsharma/Library/Mobile Documents/com~apple~CloudDocs/Downloads/folds_2026_08_27_04_49/ebvms_hla2_control_v2pmhc_645c4f4577622a82_s271828/fold_ebvms_hla2_control_v2pmhc_645c4f4577622a82_s271828_model_0.cif,"Computational pMHC geometry prioritization only; not evidence of presentation, TCR binding, activation, cross-reactivity, molecular mimicry, or MS mechanism.",LRLLGATYV,4,V2PMHC_645c4f4577622a82,/Users/anishsharma/Library/Mobile Documents/com~apple~CloudDocs/Downloads/folds_2026_08_27_04_49/ebvms_hla2_control_v2pmhc_645c4f4577622a82_s271828/fold_ebvms_hla2_control_v2pmhc_645c4f4577622a82_s271828_full_data_0.json,False,0.94,ebvms_hla2_control_v2pmhc_645c4f4577622a82_s271828,True,178,189,QQFLRLLGATYVLRV,271828,0.93,0.96,True,0,pass_exact_clash_free,v2_fresh_attribution_pilot,/Users/anishsharma/Library/Mobile Documents/com~apple~CloudDocs/Downloads/folds_2026_08_27_04_49/ebvms_hla2_control_v2pmhc_645c4f4577622a82_s271828/fold_ebvms_hla2_control_v2pmhc_645c4f4577622a82_s271828_summary_confidences_0.json,SYS_ENGA_MBP_OB1A12
/Users/anishsharma/Library/Mobile Documents/com~apple~CloudDocs/Downloads/folds_2026_08_27_04_49/ebvms_hla2_control_v2pmhc_645c4f4577622a82_s271828/fold_ebvms_hla2_control_v2pmhc_645c4f4577622a82_s271828_model_1.cif,"Computational pMHC geometry prioritization only; not evidence of presentation, TCR binding, activation, cross-reactivity, molecular mimicry, or MS mechanism.",LRLLGATYV,4,V2PMHC_645c4f4577622a82,/Users/anishsharma/Library/Mobile Documents/com~apple~CloudDocs/Downloads/folds_2026_08_27_04_49/ebvms_hla2_control_v2pmhc_645c4f4577622a82_s271828/fold_ebvms_hla2_control_v2pmhc_645c4f4577622a82_s271828_full_data_1.json,False,0.94,ebvms_hla2_control_v2pmhc_645c4f4577622a82_s271828,True,178,189,QQFLRLLGATYVLRV,271828,0.93,0.96,True,1,pass_exact_clash_free,v2_fresh_attribution_pilot,/Users/anishsharma/Library/Mobile Documents/com~apple~CloudDocs/Downloads/folds_2026_08_27_04_49/ebvms_hla2_control_v2pmhc_645c4f4577622a82_s271828/fold_ebvms_hla2_control_v2pmhc_645c4f4577622a82_s271828_summary_confidences_1.json,SYS_ENGA_MBP_OB1A12
/Users/anishsharma/Library/Mobile Documents/com~apple~CloudDocs/Downloads/folds_2026_08_27_04_49/ebvms_hla2_control_v2pmhc_645c4f4577622a82_s271828/fold_ebvms_hla2_control_v2pmhc_645c4f4577622a82_s271828_model_2.cif,"Computational pMHC geometry prioritization only; not evidence of presentation, TCR binding, activation, cross-reactivity, molecular mimicry, or MS mechanism.",LRLLGATYV,4,V2PMHC_645c4f4577622a82,/Users/anishsharma/Library/Mobile Documents/com~apple~CloudDocs/Downloads/folds_2026_08_27_04_49/ebvms_hla2_control_v2pmhc_645c4f4577622a82_s271828/fold_ebvms_hla2_control_v2pmhc_645c4f4577622a82_s271828_full_data_2.json,False,0.94,ebvms_hla2_control_v2pmhc_645c4f4577622a82_s271828,True,178,189,QQFLRLLGATYVLRV,271828,0.93,0.96,True,2,pass_exact_clash_free,v2_fresh_attribution_pilot,/Users/anishsharma/Library/Mobile Documents/com~apple~CloudDocs/Downloads/folds_2026_08_27_04_49/ebvms_hla2_control_v2pmhc_645c4f4577622a82_s271828/fold_ebvms_hla2_control_v2pmhc_645c4f4577622a82_s271828_summary_confidences_2.json,SYS_ENGA_MBP_OB1A12
/Users/anishsharma/Library/Mobile Documents/com~apple~CloudDocs/Downloads/folds_2026_08_27_04_49/ebvms_hla2_control_v2pmhc_645c4f4577622a82_s271828/fold_ebvms_hla2_control_v2pmhc_645c4f4577622a82_s271828_model_3.cif,"Computational pMHC geometry prioritization only; not evidence of presentation, TCR binding, activation, cross-reactivity, molecular mimicry, or MS mechanism.",LRLLGATYV,4,V2PMHC_645c4f4577622a82,/Users/anishsharma/Library/Mobile Documents/com~apple~CloudDocs/Downloads/folds_2026_08_27_04_49/ebvms_hla2_control_v2pmhc_645c4f4577622a82_s271828/fold_ebvms_hla2_control_v2pmhc_645c4f4577622a82_s271828_full_data_3.json,False,0.94,ebvms_hla2_control_v2pmhc_645c4f4577622a82_s271828,True,178,189,QQFLRLLGATYVLRV,271828,0.93,0.96,True,3,pass_exact_clash_free,v2_fresh_attribution_pilot,/Users/anishsharma/Library/Mobile Documents/com~apple~CloudDocs/Downloads/folds_2026_08_27_04_49/ebvms_hla2_control_v2pmhc_645c4f4577622a82_s271828/fold_ebvms_hla2_control_v2pmhc_645c4f4577622a82_s271828_summary_confidences_3.json,SYS_ENGA_MBP_OB1A12
/Users/anishsharma/Library/Mobile Documents/com~apple~CloudDocs/Downloads/folds_2026_08_27_04_49/ebvms_hla2_control_v2pmhc_645c4f4577622a82_s271828/fold_ebvms_hla2_control_v2pmhc_645c4f4577622a82_s271828_model_4.cif,"Computational pMHC geometry prioritization only; not evidence of presentation, TCR binding, activation, cross-reactivity, molecular mimicry, or MS mechanism.",LRLLGATYV,4,V2PMHC_645c4f4577622a82,/Users/anishsharma/Library/Mobile Documents/com~apple~CloudDocs/Downloads/folds_2026_08_27_04_49/ebvms_hla2_control_v2pmhc_645c4f4577622a82_s271828/fold_ebvms_hla2_control_v2pmhc_645c4f4577622a82_s271828_full_data_4.json,False,0.93,ebvms_hla2_control_v2pmhc_645c4f4577622a82_s271828,True,178,189,QQFLRLLGATYVLRV,271828,0.93,0.95,True,4,pass_exact_clash_free,v2_fresh_attribution_pilot,/Users/anishsharma/Library/Mobile Documents/com~apple~CloudDocs/Downloads/folds_2026_08_27_04_49/ebvms_hla2_control_v2pmhc_645c4f4577622a82_s271828/fold_ebvms_hla2_control_v2pmhc_645c4f4577622a82_s271828_summary_confidences_4.json,SYS_ENGA_MBP_OB1A12
/Users/anishsharma/Library/Mobile Documents/com~apple~CloudDocs/Downloads/folds_2026_08_27_04_49/ebvms_hla2_control_v2pmhc_645c4f4577622a82_s314159/fold_ebvms_hla2_control_v2pmhc_645c4f4577622a82_s314159_model_0.cif,"Computational pMHC geometry prioritization only; not evidence of presentation, TCR binding, activation, cross-reactivity, molecular mimicry, or MS mechanism.",LRLLGATYV,4,V2PMHC_645c4f4577622a82,/Users/anishsharma/Library/Mobile Documents/com~apple~CloudDocs/Downloads/folds_2026_08_27_04_49/ebvms_hla2_control_v2pmhc_645c4f4577622a82_s314159/fold_ebvms_hla2_control_v2pmhc_645c4f4577622a82_s314159_full_data_0.json,False,0.94,ebvms_hla2_control_v2pmhc_645c4f4577622a82_s314159,True,178,189,QQFLRLLGATYVLRV,314159,0.94,0.96,True,0,pass_exact_clash_free,v2_fresh_attribution_pilot,/Users/anishsharma/Library/Mobile Documents/com~apple~CloudDocs/Downloads/folds_2026_08_27_04_49/ebvms_hla2_control_v2pmhc_645c4f4577622a82_s314159/fold_ebvms_hla2_control_v2pmhc_645c4f4577622a82_s314159_summary_confidences_0.json,SYS_ENGA_MBP_OB1A12
/Users/anishsharma/Library/Mobile Documents/com~apple~CloudDocs/Downloads/folds_2026_08_27_04_49/ebvms_hla2_control_v2pmhc_645c4f4577622a82_s314159/fold_ebvms_hla2_control_v2pmhc_645c4f4577622a82_s314159_model_1.cif,"Computational pMHC geometry prioritization only; not evidence of presentation, TCR binding, activation, cross-reactivity, molecular mimicry, or MS mechanism.",LRLLGATYV,4,V2PMHC_645c4f4577622a82,/Users/anishsharma/Library/Mobile Documents/com~apple~CloudDocs/Downloads/folds_2026_08_27_04_49/ebvms_hla2_control_v2pmhc_645c4f4577622a82_s314159/fold_ebvms_hla2_control_v2pmhc_645c4f4577622a82_s314159_full_data_1.json,False,0.94,ebvms_hla2_control_v2pmhc_645c4f4577622a82_s314159,True,178,189,QQFLRLLGATYVLRV,314159,0.93,0.96,True,1,pass_exact_clash_free,v2_fresh_attribution_pilot,/Users/anishsharma/Library/Mobile Documents/com~apple~CloudDocs/Downloads/folds_2026_08_27_04_49/ebvms_hla2_control_v2pmhc_645c4f4577622a82_s314159/fold_ebvms_hla2_control_v2pmhc_645c4f4577622a82_s314159_summary_confidences_1.json,SYS_ENGA_MBP_OB1A12
/Users/anishsharma/Library/Mobile Documents/com~apple~CloudDocs/Downloads/folds_2026_08_27_04_49/ebvms_hla2_control_v2pmhc_645c4f4577622a82_s314159/fold_ebvms_hla2_control_v2pmhc_645c4f4577622a82_s314159_model_2.cif,"Computational pMHC geometry prioritization only; not evidence of presentation, TCR binding, activation, cross-reactivity, molecular mimicry, or MS mechanism.",LRLLGATYV,4,V2PMHC_645c4f4577622a82,/Users/anishsharma/Library/Mobile Documents/com~apple~CloudDocs/Downloads/folds_2026_08_27_04_49/ebvms_hla2_control_v2pmhc_645c4f4577622a82_s314159/fold_ebvms_hla2_control_v2pmhc_645c4f4577622a82_s314159_full_data_2.json,False,0.94,ebvms_hla2_control_v2pmhc_645c4f4577622a82_s314159,True,178,189,QQFLRLLGATYVLRV,314159,0.93,0.95,True,2,pass_exact_clash_free,v2_fresh_attribution_pilot,/Users/anishsharma/Library/Mobile Documents/com~apple~CloudDocs/Downloads/folds_2026_08_27_04_49/ebvms_hla2_control_v2pmhc_645c4f4577622a82_s314159/fold_ebvms_hla2_control_v2pmhc_645c4f4577622a82_s314159_summary_confidences_2.json,SYS_ENGA_MBP_OB1A12
/Users/anishsharma/Library/Mobile Documents/com~apple~CloudDocs/Downloads/folds_2026_08_27_04_49/ebvms_hla2_control_v2pmhc_645c4f4577622a82_s314159/fold_ebvms_hla2_control_v2pmhc_645c4f4577622a82_s314159_model_3.cif,"Computational pMHC geometry prioritization only; not evidence of presentation, TCR binding, activation, cross-reactivity, molecular mimicry, or MS mechanism.",LRLLGATYV,4,V2PMHC_645c4f4577622a82,/Users/anishsharma/Library/Mobile Documents/com~apple~CloudDocs/Downloads/folds_2026_08_27_04_49/ebvms_hla2_control_v2pmhc_645c4f4577622a82_s314159/fold_ebvms_hla2_control_v2pmhc_645c4f4577622a82_s314159_full_data_3.json,False,0.93,ebvms_hla2_control_v2pmhc_645c4f4577622a82_s314159,True,178,189,QQFLRLLGATYVLRV,314159,0.93,0.95,True,3,pass_exact_clash_free,v2_fresh_attribution_pilot,/Users/anishsharma/Library/Mobile Documents/com~apple~CloudDocs/Downloads/folds_2026_08_27_04_49/ebvms_hla2_control_v2pmhc_645c4f4577622a82_s314159/fold_ebvms_hla2_control_v2pmhc_645c4f4577622a82_s314159_summary_confidences_3.json,SYS_ENGA_MBP_OB1A12
/Users/anishsharma/Library/Mobile Documents/com~apple~CloudDocs/Downloads/folds_2026_08_27_04_49/ebvms_hla2_control_v2pmhc_645c4f4577622a82_s314159/fold_ebvms_hla2_control_v2pmhc_645c4f4577622a82_s314159_model_4.cif,"Computational pMHC geometry prioritization only; not evidence of presentation, TCR binding, activation, cross-reactivity, molecular mimicry, or MS mechanism.",LRLLGATYV,4,V2PMHC_645c4f4577622a82,/Users/anishsharma/Library/Mobile Documents/com~apple~CloudDocs/Downloads/folds_2026_08_27_04_49/ebvms_hla2_control_v2pmhc_645c4f4577622a82_s314159/fold_ebvms_hla2_control_v2pmhc_645c4f4577622a82_s314159_full_data_4.json,False,0.93,ebvms_hla2_control_v2pmhc_645c4f4577622a82_s314159,True,178,189,QQFLRLLGATYVLRV,314159,0.93,0.95,True,4,pass_exact_clash_free,v2_fresh_attribution_pilot,/Users/anishsharma/Library/Mobile Documents/com~apple~CloudDocs/Downloads/folds_2026_08_27_04_49/ebvms_hla2_control_v2pmhc_645c4f4577622a82_s314159/fold_ebvms_hla2_control_v2pmhc_645c4f4577622a82_s314159_summary_confidences_4.json,SYS_ENGA_MBP_OB1A12
/Users/anishsharma/Library/Mobile Documents/com~apple~CloudDocs/Downloads/folds_2026_08_27_04_49/ebvms_hla2_control_v2pmhc_676127377944674e_s271828/fold_ebvms_hla2_control_v2pmhc_676127377944674e_s271828_model_0.cif,"Computational pMHC geometry prioritization only; not evidence of presentation, TCR binding, activation, cross-reactivity, molecular mimicry, or MS mechanism.",LTRYYSSFV,4,V2PMHC_676127377944674e,/Users/anishsharma/Library/Mobile Documents/com~apple~CloudDocs/Downloads/folds_2026_08_27_04_49/ebvms_hla2_control_v2pmhc_676127377944674e_s271828/fold_ebvms_hla2_control_v2pmhc_676127377944674e_s271828_full_data_0.json,False,0.9,ebvms_hla2_control_v2pmhc_676127377944674e_s271828,True,194,202,PRCLTRYYSSFVNME,271828,0.89,0.98,True,0,pass_exact_clash_free,v2_fresh_attribution_pilot,/Users/anishsharma/Library/Mobile Documents/com~apple~CloudDocs/Downloads/folds_2026_08_27_04_49/ebvms_hla2_control_v2pmhc_676127377944674e_s271828/fold_ebvms_hla2_control_v2pmhc_676127377944674e_s271828_summary_confidences_0.json,SYS_MICROBIAL_MBP_HY1B11
/Users/anishsharma/Library/Mobile Documents/com~apple~CloudDocs/Downloads/folds_2026_08_27_04_49/ebvms_hla2_control_v2pmhc_676127377944674e_s271828/fold_ebvms_hla2_control_v2pmhc_676127377944674e_s271828_model_1.cif,"Computational pMHC geometry prioritization only; not evidence of presentation, TCR binding, activation, cross-reactivity, molecular mimicry, or MS mechanism.",LTRYYSSFV,4,V2PMHC_676127377944674e,/Users/anishsharma/Library/Mobile Documents/com~apple~CloudDocs/Downloads/folds_2026_08_27_04_49/ebvms_hla2_control_v2pmhc_676127377944674e_s271828/fold_ebvms_hla2_control_v2pmhc_676127377944674e_s271828_full_data_1.json,False,0.9,ebvms_hla2_control_v2pmhc_676127377944674e_s271828,True,194,202,PRCLTRYYSSFVNME,271828,0.89,0.98,True,1,pass_exact_clash_free,v2_fresh_attribution_pilot,/Users/anishsharma/Library/Mobile Documents/com~apple~CloudDocs/Downloads/folds_2026_08_27_04_49/ebvms_hla2_control_v2pmhc_676127377944674e_s271828/fold_ebvms_hla2_control_v2pmhc_676127377944674e_s271828_summary_confidences_1.json,SYS_MICROBIAL_MBP_HY1B11
/Users/anishsharma/Library/Mobile Documents/com~apple~CloudDocs/Downloads/folds_2026_08_27_04_49/ebvms_hla2_control_v2pmhc_676127377944674e_s271828/fold_ebvms_hla2_control_v2pmhc_676127377944674e_s271828_model_2.cif,"Computational pMHC geometry prioritization only; not evidence of presentation, TCR binding, activation, cross-reactivity, molecular mimicry, or MS mechanism.",LTRYYSSFV,4,V2PMHC_676127377944674e,/Users/anishsharma/Library/Mobile Documents/com~apple~CloudDocs/Downloads/folds_2026_08_27_04_49/ebvms_hla2_control_v2pmhc_676127377944674e_s271828/fold_ebvms_hla2_control_v2pmhc_676127377944674e_s271828_full_data_2.json,False,0.9,ebvms_hla2_control_v2pmhc_676127377944674e_s271828,True,194,202,PRCLTRYYSSFVNME,271828,0.89,0.97,True,2,pass_exact_clash_free,v2_fresh_attribution_pilot,/Users/anishsharma/Library/Mobile Documents/com~apple~CloudDocs/Downloads/folds_2026_08_27_04_49/ebvms_hla2_control_v2pmhc_676127377944674e_s271828/fold_ebvms_hla2_control_v2pmhc_676127377944674e_s271828_summary_confidences_2.json,SYS_MICROBIAL_MBP_HY1B11
/Users/anishsharma/Library/Mobile Documents/com~apple~CloudDocs/Downloads/folds_2026_08_27_04_49/ebvms_hla2_control_v2pmhc_676127377944674e_s271828/fold_ebvms_hla2_control_v2pmhc_676127377944674e_s271828_model_3.cif,"Computational pMHC geometry prioritization only; not evidence of presentation, TCR binding, activation, cross-reactivity, molecular mimicry, or MS mechanism.",LTRYYSSFV,4,V2PMHC_676127377944674e,/Users/anishsharma/Library/Mobile Documents/com~apple~CloudDocs/Downloads/folds_2026_08_27_04_49/ebvms_hla2_control_v2pmhc_676127377944674e_s271828/fold_ebvms_hla2_control_v2pmhc_676127377944674e_s271828_full_data_3.json,False,0.9,ebvms_hla2_control_v2pmhc_676127377944674e_s271828,True,194,202,PRCLTRYYSSFVNME,271828,0.89,0.96,True,3,pass_exact_clash_free,v2_fresh_attribution_pilot,/Users/anishsharma/Library/Mobile Documents/com~apple~CloudDocs/Downloads/folds_2026_08_27_04_49/ebvms_hla2_control_v2pmhc_676127377944674e_s271828/fold_ebvms_hla2_control_v2pmhc_676127377944674e_s271828_summary_confidences_3.json,SYS_MICROBIAL_MBP_HY1B11
/Users/anishsharma/Library/Mobile Documents/com~apple~CloudDocs/Downloads/folds_2026_08_27_04_49/ebvms_hla2_control_v2pmhc_676127377944674e_s271828/fold_ebvms_hla2_control_v2pmhc_676127377944674e_s271828_model_4.cif,"Computational pMHC geometry prioritization only; not evidence of presentation, TCR binding, activation, cross-reactivity, molecular mimicry, or MS mechanism.",LTRYYSSFV,4,V2PMHC_676127377944674e,/Users/anishsharma/Library/Mobile Documents/com~apple~CloudDocs/Downloads/folds_2026_08_27_04_49/ebvms_hla2_control_v2pmhc_676127377944674e_s271828/fold_ebvms_hla2_control_v2pmhc_676127377944674e_s271828_full_data_4.json,False,0.89,ebvms_hla2_control_v2pmhc_676127377944674e_s271828,True,194,202,PRCLTRYYSSFVNME,271828,0.89,0.96,True,4,pass_exact_clash_free,v2_fresh_attribution_pilot,/Users/anishsharma/Library/Mobile Documents/com~apple~CloudDocs/Downloads/folds_2026_08_27_04_49/ebvms_hla2_control_v2pmhc_676127377944674e_s271828/fold_ebvms_hla2_control_v2pmhc_676127377944674e_s271828_summary_confidences_4.json,SYS_MICROBIAL_MBP_HY1B11
/Users/anishsharma/Library/Mobile Documents/com~apple~CloudDocs/Downloads/folds_2026_08_27_04_49/ebvms_hla2_control_v2pmhc_676127377944674e_s314159/fold_ebvms_hla2_control_v2pmhc_676127377944674e_s314159_model_0.cif,"Computational pMHC geometry prioritization only; not evidence of presentation, TCR binding, activation, cross-reactivity, molecular mimicry, or MS mechanism.",LTRYYSSFV,4,V2PMHC_676127377944674e,/Users/anishsharma/Library/Mobile Documents/com~apple~CloudDocs/Downloads/folds_2026_08_27_04_49/ebvms_hla2_control_v2pmhc_676127377944674e_s314159/fold_ebvms_hla2_control_v2pmhc_676127377944674e_s314159_full_data_0.json,False,0.9,ebvms_hla2_control_v2pmhc_676127377944674e_s314159,True,194,202,PRCLTRYYSSFVNME,314159,0.9,0.98,True,0,pass_exact_clash_free,v2_fresh_attribution_pilot,/Users/anishsharma/Library/Mobile Documents/com~apple~CloudDocs/Downloads/folds_2026_08_27_04_49/ebvms_hla2_control_v2pmhc_676127377944674e_s314159/fold_ebvms_hla2_control_v2pmhc_676127377944674e_s314159_summary_confidences_0.json,SYS_MICROBIAL_MBP_HY1B11
/Users/anishsharma/Library/Mobile Documents/com~apple~CloudDocs/Downloads/folds_2026_08_27_04_49/ebvms_hla2_control_v2pmhc_676127377944674e_s314159/fold_ebvms_hla2_control_v2pmhc_676127377944674e_s314159_model_1.cif,"Computational pMHC geometry prioritization only; not evidence of presentation, TCR binding, activation, cross-reactivity, molecular mimicry, or MS mechanism.",LTRYYSSFV,4,V2PMHC_676127377944674e,/Users/anishsharma/Library/Mobile Documents/com~apple~CloudDocs/Downloads/folds_2026_08_27_04_49/ebvms_hla2_control_v2pmhc_676127377944674e_s314159/fold_ebvms_hla2_control_v2pmhc_676127377944674e_s314159_full_data_1.json,False,0.9,ebvms_hla2_control_v2pmhc_676127377944674e_s314159,True,194,202,PRCLTRYYSSFVNME,314159,0.89,0.98,True,1,pass_exact_clash_free,v2_fresh_attribution_pilot,/Users/anishsharma/Library/Mobile Documents/com~apple~CloudDocs/Downloads/folds_2026_08_27_04_49/ebvms_hla2_control_v2pmhc_676127377944674e_s314159/fold_ebvms_hla2_control_v2pmhc_676127377944674e_s314159_summary_confidences_1.json,SYS_MICROBIAL_MBP_HY1B11
/Users/anishsharma/Library/Mobile Documents/com~apple~CloudDocs/Downloads/folds_2026_08_27_04_49/ebvms_hla2_control_v2pmhc_676127377944674e_s314159/fold_ebvms_hla2_control_v2pmhc_676127377944674e_s314159_model_2.cif,"Computational pMHC geometry prioritization only; not evidence of presentation, TCR binding, activation, cross-reactivity, molecular mimicry, or MS mechanism.",LTRYYSSFV,4,V2PMHC_676127377944674e,/Users/anishsharma/Library/Mobile Documents/com~apple~CloudDocs/Downloads/folds_2026_08_27_04_49/ebvms_hla2_control_v2pmhc_676127377944674e_s314159/fold_ebvms_hla2_control_v2pmhc_676127377944674e_s314159_full_data_2.json,False,0.9,ebvms_hla2_control_v2pmhc_676127377944674e_s314159,True,194,202,PRCLTRYYSSFVNME,314159,0.89,0.98,True,2,pass_exact_clash_free,v2_fresh_attribution_pilot,/Users/anishsharma/Library/Mobile Documents/com~apple~CloudDocs/Downloads/folds_2026_08_27_04_49/ebvms_hla2_control_v2pmhc_676127377944674e_s314159/fold_ebvms_hla2_control_v2pmhc_676127377944674e_s314159_summary_confidences_2.json,SYS_MICROBIAL_MBP_HY1B11
/Users/anishsharma/Library/Mobile Documents/com~apple~CloudDocs/Downloads/folds_2026_08_27_04_49/ebvms_hla2_control_v2pmhc_676127377944674e_s314159/fold_ebvms_hla2_control_v2pmhc_676127377944674e_s314159_model_3.cif,"Computational pMHC geometry prioritization only; not evidence of presentation, TCR binding, activation, cross-reactivity, molecular mimicry, or MS mechanism.",LTRYYSSFV,4,V2PMHC_676127377944674e,/Users/anishsharma/Library/Mobile Documents/com~apple~CloudDocs/Downloads/folds_2026_08_27_04_49/ebvms_hla2_control_v2pmhc_676127377944674e_s314159/fold_ebvms_hla2_control_v2pmhc_676127377944674e_s314159_full_data_3.json,False,0.9,ebvms_hla2_control_v2pmhc_676127377944674e_s314159,True,194,202,PRCLTRYYSSFVNME,314159,0.89,0.98,True,3,pass_exact_clash_free,v2_fresh_attribution_pilot,/Users/anishsharma/Library/Mobile Documents/com~apple~CloudDocs/Downloads/folds_2026_08_27_04_49/ebvms_hla2_control_v2pmhc_676127377944674e_s314159/fold_ebvms_hla2_control_v2pmhc_676127377944674e_s314159_summary_confidences_3.json,SYS_MICROBIAL_MBP_HY1B11
/Users/anishsharma/Library/Mobile Documents/com~apple~CloudDocs/Downloads/folds_2026_08_27_04_49/ebvms_hla2_control_v2pmhc_676127377944674e_s314159/fold_ebvms_hla2_control_v2pmhc_676127377944674e_s314159_model_4.cif,"Computational pMHC geometry prioritization only; not evidence of presentation, TCR binding, activation, cross-reactivity, molecular mimicry, or MS mechanism.",LTRYYSSFV,4,V2PMHC_676127377944674e,/Users/anishsharma/Library/Mobile Documents/com~apple~CloudDocs/Downloads/folds_2026_08_27_04_49/ebvms_hla2_control_v2pmhc_676127377944674e_s314159/fold_ebvms_hla2_control_v2pmhc_676127377944674e_s314159_full_data_4.json,False,0.9,ebvms_hla2_control_v2pmhc_676127377944674e_s314159,True,194,202,PRCLTRYYSSFVNME,314159,0.89,0.98,True,4,pass_exact_clash_free,v2_fresh_attribution_pilot,/Users/anishsharma/Library/Mobile Documents/com~apple~CloudDocs/Downloads/folds_2026_08_27_04_49/ebvms_hla2_control_v2pmhc_676127377944674e_s314159/fold_ebvms_hla2_control_v2pmhc_676127377944674e_s314159_summary_confidences_4.json,SYS_MICROBIAL_MBP_HY1B11
/Users/anishsharma/Library/Mobile Documents/com~apple~CloudDocs/Downloads/folds_2026_08_27_04_49/ebvms_hla2_control_v2pmhc_6994aa7cfa54a87a_s271828/fold_ebvms_hla2_control_v2pmhc_6994aa7cfa54a87a_s271828_model_0.cif,"Computational pMHC geometry prioritization only; not evidence of presentation, TCR binding, activation, cross-reactivity, molecular mimicry, or MS mechanism.",IHVYNDYHH,4,V2PMHC_6994aa7cfa54a87a,/Users/anishsharma/Library/Mobile Documents/com~apple~CloudDocs/Downloads/folds_2026_08_27_04_49/ebvms_hla2_control_v2pmhc_6994aa7cfa54a87a_s271828/fold_ebvms_hla2_control_v2pmhc_6994aa7cfa54a87a_s271828_full_data_0.json,False,0.94,ebvms_hla2_control_v2pmhc_6994aa7cfa54a87a_s271828,True,178,189,GNEIHVYNDYHHFKT,271828,0.94,0.96,True,0,pass_exact_clash_free,v2_fresh_attribution_pilot,/Users/anishsharma/Library/Mobile Documents/com~apple~CloudDocs/Downloads/folds_2026_08_27_04_49/ebvms_hla2_control_v2pmhc_6994aa7cfa54a87a_s271828/fold_ebvms_hla2_control_v2pmhc_6994aa7cfa54a87a_s271828_summary_confidences_0.json,SYS_BALF5_MBP_HY2E11
/Users/anishsharma/Library/Mobile Documents/com~apple~CloudDocs/Downloads/folds_2026_08_27_04_49/ebvms_hla2_control_v2pmhc_6994aa7cfa54a87a_s271828/fold_ebvms_hla2_control_v2pmhc_6994aa7cfa54a87a_s271828_model_1.cif,"Computational pMHC geometry prioritization only; not evidence of presentation, TCR binding, activation, cross-reactivity, molecular mimicry, or MS mechanism.",IHVYNDYHH,4,V2PMHC_6994aa7cfa54a87a,/Users/anishsharma/Library/Mobile Documents/com~apple~CloudDocs/Downloads/folds_2026_08_27_04_49/ebvms_hla2_control_v2pmhc_6994aa7cfa54a87a_s271828/fold_ebvms_hla2_control_v2pmhc_6994aa7cfa54a87a_s271828_full_data_1.json,False,0.94,ebvms_hla2_control_v2pmhc_6994aa7cfa54a87a_s271828,True,178,189,GNEIHVYNDYHHFKT,271828,0.94,0.96,True,1,pass_exact_clash_free,v2_fresh_attribution_pilot,/Users/anishsharma/Library/Mobile Documents/com~apple~CloudDocs/Downloads/folds_2026_08_27_04_49/ebvms_hla2_control_v2pmhc_6994aa7cfa54a87a_s271828/fold_ebvms_hla2_control_v2pmhc_6994aa7cfa54a87a_s271828_summary_confidences_1.json,SYS_BALF5_MBP_HY2E11
/Users/anishsharma/Library/Mobile Documents/com~apple~CloudDocs/Downloads/folds_2026_08_27_04_49/ebvms_hla2_control_v2pmhc_6994aa7cfa54a87a_s271828/fold_ebvms_hla2_control_v2pmhc_6994aa7cfa54a87a_s271828_model_2.cif,"Computational pMHC geometry prioritization only; not evidence of presentation, TCR binding, activation, cross-reactivity, molecular mimicry, or MS mechanism.",IHVYNDYHH,4,V2PMHC_6994aa7cfa54a87a,/Users/anishsharma/Library/Mobile Documents/com~apple~CloudDocs/Downloads/folds_2026_08_27_04_49/ebvms_hla2_control_v2pmhc_6994aa7cfa54a87a_s271828/fold_ebvms_hla2_control_v2pmhc_6994aa7cfa54a87a_s271828_full_data_2.json,False,0.94,ebvms_hla2_control_v2pmhc_6994aa7cfa54a87a_s271828,True,178,189,GNEIHVYNDYHHFKT,271828,0.94,0.96,True,2,pass_exact_clash_free,v2_fresh_attribution_pilot,/Users/anishsharma/Library/Mobile Documents/com~apple~CloudDocs/Downloads/folds_2026_08_27_04_49/ebvms_hla2_control_v2pmhc_6994aa7cfa54a87a_s271828/fold_ebvms_hla2_control_v2pmhc_6994aa7cfa54a87a_s271828_summary_confidences_2.json,SYS_BALF5_MBP_HY2E11
/Users/anishsharma/Library/Mobile Documents/com~apple~CloudDocs/Downloads/folds_2026_08_27_04_49/ebvms_hla2_control_v2pmhc_6994aa7cfa54a87a_s271828/fold_ebvms_hla2_control_v2pmhc_6994aa7cfa54a87a_s271828_model_3.cif,"Computational pMHC geometry prioritization only; not evidence of presentation, TCR binding, activation, cross-reactivity, molecular mimicry, or MS mechanism.",IHVYNDYHH,4,V2PMHC_6994aa7cfa54a87a,/Users/anishsharma/Library/Mobile Documents/com~apple~CloudDocs/Downloads/folds_2026_08_27_04_49/ebvms_hla2_control_v2pmhc_6994aa7cfa54a87a_s271828/fold_ebvms_hla2_control_v2pmhc_6994aa7cfa54a87a_s271828_full_data_3.json,False,0.94,ebvms_hla2_control_v2pmhc_6994aa7cfa54a87a_s271828,True,178,189,GNEIHVYNDYHHFKT,271828,0.94,0.96,True,3,pass_exact_clash_free,v2_fresh_attribution_pilot,/Users/anishsharma/Library/Mobile Documents/com~apple~CloudDocs/Downloads/folds_2026_08_27_04_49/ebvms_hla2_control_v2pmhc_6994aa7cfa54a87a_s271828/fold_ebvms_hla2_control_v2pmhc_6994aa7cfa54a87a_s271828_summary_confidences_3.json,SYS_BALF5_MBP_HY2E11
/Users/anishsharma/Library/Mobile Documents/com~apple~CloudDocs/Downloads/folds_2026_08_27_04_49/ebvms_hla2_control_v2pmhc_6994aa7cfa54a87a_s271828/fold_ebvms_hla2_control_v2pmhc_6994aa7cfa54a87a_s271828_model_4.cif,"Computational pMHC geometry prioritization only; not evidence of presentation, TCR binding, activation, cross-reactivity, molecular mimicry, or MS mechanism.",IHVYNDYHH,4,V2PMHC_6994aa7cfa54a87a,/Users/anishsharma/Library/Mobile Documents/com~apple~CloudDocs/Downloads/folds_2026_08_27_04_49/ebvms_hla2_control_v2pmhc_6994aa7cfa54a87a_s271828/fold_ebvms_hla2_control_v2pmhc_6994aa7cfa54a87a_s271828_full_data_4.json,False,0.94,ebvms_hla2_control_v2pmhc_6994aa7cfa54a87a_s271828,True,178,189,GNEIHVYNDYHHFKT,271828,0.93,0.96,True,4,pass_exact_clash_free,v2_fresh_attribution_pilot,/Users/anishsharma/Library/Mobile Documents/com~apple~CloudDocs/Downloads/folds_2026_08_27_04_49/ebvms_hla2_control_v2pmhc_6994aa7cfa54a87a_s271828/fold_ebvms_hla2_control_v2pmhc_6994aa7cfa54a87a_s271828_summary_confidences_4.json,SYS_BALF5_MBP_HY2E11
/Users/anishsharma/Library/Mobile Documents/com~apple~CloudDocs/Downloads/folds_2026_08_27_04_49/ebvms_hla2_control_v2pmhc_6994aa7cfa54a87a_s314159/fold_ebvms_hla2_control_v2pmhc_6994aa7cfa54a87a_s314159_model_0.cif,"Computational pMHC geometry prioritization only; not evidence of presentation, TCR binding, activation, cross-reactivity, molecular mimicry, or MS mechanism.",IHVYNDYHH,4,V2PMHC_6994aa7cfa54a87a,/Users/anishsharma/Library/Mobile Documents/com~apple~CloudDocs/Downloads/folds_2026_08_27_04_49/ebvms_hla2_control_v2pmhc_6994aa7cfa54a87a_s314159/fold_ebvms_hla2_control_v2pmhc_6994aa7cfa54a87a_s314159_full_data_0.json,False,0.94,ebvms_hla2_control_v2pmhc_6994aa7cfa54a87a_s314159,True,178,189,GNEIHVYNDYHHFKT,314159,0.94,0.97,True,0,pass_exact_clash_free,v2_fresh_attribution_pilot,/Users/anishsharma/Library/Mobile Documents/com~apple~CloudDocs/Downloads/folds_2026_08_27_04_49/ebvms_hla2_control_v2pmhc_6994aa7cfa54a87a_s314159/fold_ebvms_hla2_control_v2pmhc_6994aa7cfa54a87a_s314159_summary_confidences_0.json,SYS_BALF5_MBP_HY2E11
/Users/anishsharma/Library/Mobile Documents/com~apple~CloudDocs/Downloads/folds_2026_08_27_04_49/ebvms_hla2_control_v2pmhc_6994aa7cfa54a87a_s314159/fold_ebvms_hla2_control_v2pmhc_6994aa7cfa54a87a_s314159_model_1.cif,"Computational pMHC geometry prioritization only; not evidence of presentation, TCR binding, activation, cross-reactivity, molecular mimicry, or MS mechanism.",IHVYNDYHH,4,V2PMHC_6994aa7cfa54a87a,/Users/anishsharma/Library/Mobile Documents/com~apple~CloudDocs/Downloads/folds_2026_08_27_04_49/ebvms_hla2_control_v2pmhc_6994aa7cfa54a87a_s314159/fold_ebvms_hla2_control_v2pmhc_6994aa7cfa54a87a_s314159_full_data_1.json,False,0.94,ebvms_hla2_control_v2pmhc_6994aa7cfa54a87a_s314159,True,178,189,GNEIHVYNDYHHFKT,314159,0.94,0.96,True,1,pass_exact_clash_free,v2_fresh_attribution_pilot,/Users/anishsharma/Library/Mobile Documents/com~apple~CloudDocs/Downloads/folds_2026_08_27_04_49/ebvms_hla2_control_v2pmhc_6994aa7cfa54a87a_s314159/fold_ebvms_hla2_control_v2pmhc_6994aa7cfa54a87a_s314159_summary_confidences_1.json,SYS_BALF5_MBP_HY2E11
/Users/anishsharma/Library/Mobile Documents/com~apple~CloudDocs/Downloads/folds_2026_08_27_04_49/ebvms_hla2_control_v2pmhc_6994aa7cfa54a87a_s314159/fold_ebvms_hla2_control_v2pmhc_6994aa7cfa54a87a_s314159_model_2.cif,"Computational pMHC geometry prioritization only; not evidence of presentation, TCR binding, activation, cross-reactivity, molecular mimicry, or MS mechanism.",IHVYNDYHH,4,V2PMHC_6994aa7cfa54a87a,/Users/anishsharma/Library/Mobile Documents/com~apple~CloudDocs/Downloads/folds_2026_08_27_04_49/ebvms_hla2_control_v2pmhc_6994aa7cfa54a87a_s314159/fold_ebvms_hla2_control_v2pmhc_6994aa7cfa54a87a_s314159_full_data_2.json,False,0.94,ebvms_hla2_control_v2pmhc_6994aa7cfa54a87a_s314159,True,178,189,GNEIHVYNDYHHFKT,314159,0.94,0.96,True,2,pass_exact_clash_free,v2_fresh_attribution_pilot,/Users/anishsharma/Library/Mobile Documents/com~apple~CloudDocs/Downloads/folds_2026_08_27_04_49/ebvms_hla2_control_v2pmhc_6994aa7cfa54a87a_s314159/fold_ebvms_hla2_control_v2pmhc_6994aa7cfa54a87a_s314159_summary_confidences_2.json,SYS_BALF5_MBP_HY2E11
/Users/anishsharma/Library/Mobile Documents/com~apple~CloudDocs/Downloads/folds_2026_08_27_04_49/ebvms_hla2_control_v2pmhc_6994aa7cfa54a87a_s314159/fold_ebvms_hla2_control_v2pmhc_6994aa7cfa54a87a_s314159_model_3.cif,"Computational pMHC geometry prioritization only; not evidence of presentation, TCR binding, activation, cross-reactivity, molecular mimicry, or MS mechanism.",IHVYNDYHH,4,V2PMHC_6994aa7cfa54a87a,/Users/anishsharma/Library/Mobile Documents/com~apple~CloudDocs/Downloads/folds_2026_08_27_04_49/ebvms_hla2_control_v2pmhc_6994aa7cfa54a87a_s314159/fold_ebvms_hla2_control_v2pmhc_6994aa7cfa54a87a_s314159_full_data_3.json,False,0.94,ebvms_hla2_control_v2pmhc_6994aa7cfa54a87a_s314159,True,178,189,GNEIHVYNDYHHFKT,314159,0.94,0.96,True,3,pass_exact_clash_free,v2_fresh_attribution_pilot,/Users/anishsharma/Library/Mobile Documents/com~apple~CloudDocs/Downloads/folds_2026_08_27_04_49/ebvms_hla2_control_v2pmhc_6994aa7cfa54a87a_s314159/fold_ebvms_hla2_control_v2pmhc_6994aa7cfa54a87a_s314159_summary_confidences_3.json,SYS_BALF5_MBP_HY2E11
/Users/anishsharma/Library/Mobile Documents/com~apple~CloudDocs/Downloads/folds_2026_08_27_04_49/ebvms_hla2_control_v2pmhc_6994aa7cfa54a87a_s314159/fold_ebvms_hla2_control_v2pmhc_6994aa7cfa54a87a_s314159_model_4.cif,"Computational pMHC geometry prioritization only; not evidence of presentation, TCR binding, activation, cross-reactivity, molecular mimicry, or MS mechanism.",IHVYNDYHH,4,V2PMHC_6994aa7cfa54a87a,/Users/anishsharma/Library/Mobile Documents/com~apple~CloudDocs/Downloads/folds_2026_08_27_04_49/ebvms_hla2_control_v2pmhc_6994aa7cfa54a87a_s314159/fold_ebvms_hla2_control_v2pmhc_6994aa7cfa54a87a_s314159_full_data_4.json,False,0.94,ebvms_hla2_control_v2pmhc_6994aa7cfa54a87a_s314159,True,178,189,GNEIHVYNDYHHFKT,314159,0.94,0.96,True,4,pass_exact_clash_free,v2_fresh_attribution_pilot,/Users/anishsharma/Library/Mobile Documents/com~apple~CloudDocs/Downloads/folds_2026_08_27_04_49/ebvms_hla2_control_v2pmhc_6994aa7cfa54a87a_s314159/fold_ebvms_hla2_control_v2pmhc_6994aa7cfa54a87a_s314159_summary_confidences_4.json,SYS_BALF5_MBP_HY2E11
/Users/anishsharma/Library/Mobile Documents/com~apple~CloudDocs/Downloads/folds_2026_08_27_04_51/ebvms_hla2_control_v2pmhc_72450eddcda12fef_s271828/fold_ebvms_hla2_control_v2pmhc_72450eddcda12fef_s271828_model_0.cif,"Computational pMHC geometry prioritization only; not evidence of presentation, TCR binding, activation, cross-reactivity, molecular mimicry, or MS mechanism.",YVVDLSVRG,3,V2PMHC_72450eddcda12fef,/Users/anishsharma/Library/Mobile Documents/com~apple~CloudDocs/Downloads/folds_2026_08_27_04_51/ebvms_hla2_control_v2pmhc_72450eddcda12fef_s271828/fold_ebvms_hla2_control_v2pmhc_72450eddcda12fef_s271828_full_data_0.json,False,0.91,ebvms_hla2_control_v2pmhc_72450eddcda12fef_s271828,True,194,202,PYYVVDLSVRGM,271828,0.9,0.98,True,0,pass_exact_clash_free,v2_fresh_attribution_pilot,/Users/anishsharma/Library/Mobile Documents/com~apple~CloudDocs/Downloads/folds_2026_08_27_04_51/ebvms_hla2_control_v2pmhc_72450eddcda12fef_s271828/fold_ebvms_hla2_control_v2pmhc_72450eddcda12fef_s271828_summary_confidences_0.json,SYS_MICROBIAL_MBP_HY1B11
/Users/anishsharma/Library/Mobile Documents/com~apple~CloudDocs/Downloads/folds_2026_08_27_04_51/ebvms_hla2_control_v2pmhc_72450eddcda12fef_s271828/fold_ebvms_hla2_control_v2pmhc_72450eddcda12fef_s271828_model_1.cif,"Computational pMHC geometry prioritization only; not evidence of presentation, TCR binding, activation, cross-reactivity, molecular mimicry, or MS mechanism.",YVVDLSVRG,3,V2PMHC_72450eddcda12fef,/Users/anishsharma/Library/Mobile Documents/com~apple~CloudDocs/Downloads/folds_2026_08_27_04_51/ebvms_hla2_control_v2pmhc_72450eddcda12fef_s271828/fold_ebvms_hla2_control_v2pmhc_72450eddcda12fef_s271828_full_data_1.json,False,0.89,ebvms_hla2_control_v2pmhc_72450eddcda12fef_s271828,True,194,202,PYYVVDLSVRGM,271828,0.89,0.97,True,1,pass_exact_clash_free,v2_fresh_attribution_pilot,/Users/anishsharma/Library/Mobile Documents/com~apple~CloudDocs/Downloads/folds_2026_08_27_04_51/ebvms_hla2_control_v2pmhc_72450eddcda12fef_s271828/fold_ebvms_hla2_control_v2pmhc_72450eddcda12fef_s271828_summary_confidences_1.json,SYS_MICROBIAL_MBP_HY1B11
/Users/anishsharma/Library/Mobile Documents/com~apple~CloudDocs/Downloads/folds_2026_08_27_04_51/ebvms_hla2_control_v2pmhc_72450eddcda12fef_s271828/fold_ebvms_hla2_control_v2pmhc_72450eddcda12fef_s271828_model_2.cif,"Computational pMHC geometry prioritization only; not evidence of presentation, TCR binding, activation, cross-reactivity, molecular mimicry, or MS mechanism.",YVVDLSVRG,3,V2PMHC_72450eddcda12fef,/Users/anishsharma/Library/Mobile Documents/com~apple~CloudDocs/Downloads/folds_2026_08_27_04_51/ebvms_hla2_control_v2pmhc_72450eddcda12fef_s271828/fold_ebvms_hla2_control_v2pmhc_72450eddcda12fef_s271828_full_data_2.json,False,0.89,ebvms_hla2_control_v2pmhc_72450eddcda12fef_s271828,True,194,202,PYYVVDLSVRGM,271828,0.89,0.97,True,2,pass_exact_clash_free,v2_fresh_attribution_pilot,/Users/anishsharma/Library/Mobile Documents/com~apple~CloudDocs/Downloads/folds_2026_08_27_04_51/ebvms_hla2_control_v2pmhc_72450eddcda12fef_s271828/fold_ebvms_hla2_control_v2pmhc_72450eddcda12fef_s271828_summary_confidences_2.json,SYS_MICROBIAL_MBP_HY1B11
/Users/anishsharma/Library/Mobile Documents/com~apple~CloudDocs/Downloads/folds_2026_08_27_04_51/ebvms_hla2_control_v2pmhc_72450eddcda12fef_s271828/fold_ebvms_hla2_control_v2pmhc_72450eddcda12fef_s271828_model_3.cif,"Computational pMHC geometry prioritization only; not evidence of presentation, TCR binding, activation, cross-reactivity, molecular mimicry, or MS mechanism.",YVVDLSVRG,3,V2PMHC_72450eddcda12fef,/Users/anishsharma/Library/Mobile Documents/com~apple~CloudDocs/Downloads/folds_2026_08_27_04_51/ebvms_hla2_control_v2pmhc_72450eddcda12fef_s271828/fold_ebvms_hla2_control_v2pmhc_72450eddcda12fef_s271828_full_data_3.json,False,0.89,ebvms_hla2_control_v2pmhc_72450eddcda12fef_s271828,True,194,202,PYYVVDLSVRGM,271828,0.89,0.96,True,3,pass_exact_clash_free,v2_fresh_attribution_pilot,/Users/anishsharma/Library/Mobile Documents/com~apple~CloudDocs/Downloads/folds_2026_08_27_04_51/ebvms_hla2_control_v2pmhc_72450eddcda12fef_s271828/fold_ebvms_hla2_control_v2pmhc_72450eddcda12fef_s271828_summary_confidences_3.json,SYS_MICROBIAL_MBP_HY1B11
/Users/anishsharma/Library/Mobile Documents/com~apple~CloudDocs/Downloads/folds_2026_08_27_04_51/ebvms_hla2_control_v2pmhc_72450eddcda12fef_s271828/fold_ebvms_hla2_control_v2pmhc_72450eddcda12fef_s271828_model_4.cif,"Computational pMHC geometry prioritization only; not evidence of presentation, TCR binding, activation, cross-reactivity, molecular mimicry, or MS mechanism.",YVVDLSVRG,3,V2PMHC_72450eddcda12fef,/Users/anishsharma/Library/Mobile Documents/com~apple~CloudDocs/Downloads/folds_2026_08_27_04_51/ebvms_hla2_control_v2pmhc_72450eddcda12fef_s271828/fold_ebvms_hla2_control_v2pmhc_72450eddcda12fef_s271828_full_data_4.json,False,0.89,ebvms_hla2_control_v2pmhc_72450eddcda12fef_s271828,True,194,202,PYYVVDLSVRGM,271828,0.89,0.96,True,4,pass_exact_clash_free,v2_fresh_attribution_pilot,/Users/anishsharma/Library/Mobile Documents/com~apple~CloudDocs/Downloads/folds_2026_08_27_04_51/ebvms_hla2_control_v2pmhc_72450eddcda12fef_s271828/fold_ebvms_hla2_control_v2pmhc_72450eddcda12fef_s271828_summary_confidences_4.json,SYS_MICROBIAL_MBP_HY1B11
/Users/anishsharma/Library/Mobile Documents/com~apple~CloudDocs/Downloads/folds_2026_08_27_04_51/ebvms_hla2_control_v2pmhc_72450eddcda12fef_s314159/fold_ebvms_hla2_control_v2pmhc_72450eddcda12fef_s314159_model_0.cif,"Computational pMHC geometry prioritization only; not evidence of presentation, TCR binding, activation, cross-reactivity, molecular mimicry, or MS mechanism.",YVVDLSVRG,3,V2PMHC_72450eddcda12fef,/Users/anishsharma/Library/Mobile Documents/com~apple~CloudDocs/Downloads/folds_2026_08_27_04_51/ebvms_hla2_control_v2pmhc_72450eddcda12fef_s314159/fold_ebvms_hla2_control_v2pmhc_72450eddcda12fef_s314159_full_data_0.json,False,0.9,ebvms_hla2_control_v2pmhc_72450eddcda12fef_s314159,True,194,202,PYYVVDLSVRGM,314159,0.9,0.98,True,0,pass_exact_clash_free,v2_fresh_attribution_pilot,/Users/anishsharma/Library/Mobile Documents/com~apple~CloudDocs/Downloads/folds_2026_08_27_04_51/ebvms_hla2_control_v2pmhc_72450eddcda12fef_s314159/fold_ebvms_hla2_control_v2pmhc_72450eddcda12fef_s314159_summary_confidences_0.json,SYS_MICROBIAL_MBP_HY1B11
/Users/anishsharma/Library/Mobile Documents/com~apple~CloudDocs/Downloads/folds_2026_08_27_04_51/ebvms_hla2_control_v2pmhc_72450eddcda12fef_s314159/fold_ebvms_hla2_control_v2pmhc_72450eddcda12fef_s314159_model_1.cif,"Computational pMHC geometry prioritization only; not evidence of presentation, TCR binding, activation, cross-reactivity, molecular mimicry, or MS mechanism.",YVVDLSVRG,3,V2PMHC_72450eddcda12fef,/Users/anishsharma/Library/Mobile Documents/com~apple~CloudDocs/Downloads/folds_2026_08_27_04_51/ebvms_hla2_control_v2pmhc_72450eddcda12fef_s314159/fold_ebvms_hla2_control_v2pmhc_72450eddcda12fef_s314159_full_data_1.json,False,0.9,ebvms_hla2_control_v2pmhc_72450eddcda12fef_s314159,True,194,202,PYYVVDLSVRGM,314159,0.89,0.98,True,1,pass_exact_clash_free,v2_fresh_attribution_pilot,/Users/anishsharma/Library/Mobile Documents/com~apple~CloudDocs/Downloads/folds_2026_08_27_04_51/ebvms_hla2_control_v2pmhc_72450eddcda12fef_s314159/fold_ebvms_hla2_control_v2pmhc_72450eddcda12fef_s314159_summary_confidences_1.json,SYS_MICROBIAL_MBP_HY1B11
/Users/anishsharma/Library/Mobile Documents/com~apple~CloudDocs/Downloads/folds_2026_08_27_04_51/ebvms_hla2_control_v2pmhc_72450eddcda12fef_s314159/fold_ebvms_hla2_control_v2pmhc_72450eddcda12fef_s314159_model_2.cif,"Computational pMHC geometry prioritization only; not evidence of presentation, TCR binding, activation, cross-reactivity, molecular mimicry, or MS mechanism.",YVVDLSVRG,3,V2PMHC_72450eddcda12fef,/Users/anishsharma/Library/Mobile Documents/com~apple~CloudDocs/Downloads/folds_2026_08_27_04_51/ebvms_hla2_control_v2pmhc_72450eddcda12fef_s314159/fold_ebvms_hla2_control_v2pmhc_72450eddcda12fef_s314159_full_data_2.json,False,0.9,ebvms_hla2_control_v2pmhc_72450eddcda12fef_s314159,True,194,202,PYYVVDLSVRGM,314159,0.89,0.97,True,2,pass_exact_clash_free,v2_fresh_attribution_pilot,/Users/anishsharma/Library/Mobile Documents/com~apple~CloudDocs/Downloads/folds_2026_08_27_04_51/ebvms_hla2_control_v2pmhc_72450eddcda12fef_s314159/fold_ebvms_hla2_control_v2pmhc_72450eddcda12fef_s314159_summary_confidences_2.json,SYS_MICROBIAL_MBP_HY1B11
/Users/anishsharma/Library/Mobile Documents/com~apple~CloudDocs/Downloads/folds_2026_08_27_04_51/ebvms_hla2_control_v2pmhc_72450eddcda12fef_s314159/fold_ebvms_hla2_control_v2pmhc_72450eddcda12fef_s314159_model_3.cif,"Computational pMHC geometry prioritization only; not evidence of presentation, TCR binding, activation, cross-reactivity, molecular mimicry, or MS mechanism.",YVVDLSVRG,3,V2PMHC_72450eddcda12fef,/Users/anishsharma/Library/Mobile Documents/com~apple~CloudDocs/Downloads/folds_2026_08_27_04_51/ebvms_hla2_control_v2pmhc_72450eddcda12fef_s314159/fold_ebvms_hla2_control_v2pmhc_72450eddcda12fef_s314159_full_data_3.json,False,0.9,ebvms_hla2_control_v2pmhc_72450eddcda12fef_s314159,True,194,202,PYYVVDLSVRGM,314159,0.89,0.97,True,3,pass_exact_clash_free,v2_fresh_attribution_pilot,/Users/anishsharma/Library/Mobile Documents/com~apple~CloudDocs/Downloads/folds_2026_08_27_04_51/ebvms_hla2_control_v2pmhc_72450eddcda12fef_s314159/fold_ebvms_hla2_control_v2pmhc_72450eddcda12fef_s314159_summary_confidences_3.json,SYS_MICROBIAL_MBP_HY1B11
/Users/anishsharma/Library/Mobile Documents/com~apple~CloudDocs/Downloads/folds_2026_08_27_04_51/ebvms_hla2_control_v2pmhc_72450eddcda12fef_s314159/fold_ebvms_hla2_control_v2pmhc_72450eddcda12fef_s314159_model_4.cif,"Computational pMHC geometry prioritization only; not evidence of presentation, TCR binding, activation, cross-reactivity, molecular mimicry, or MS mechanism.",YVVDLSVRG,3,V2PMHC_72450eddcda12fef,/Users/anishsharma/Library/Mobile Documents/com~apple~CloudDocs/Downloads/folds_2026_08_27_04_51/ebvms_hla2_control_v2pmhc_72450eddcda12fef_s314159/fold_ebvms_hla2_control_v2pmhc_72450eddcda12fef_s314159_full_data_4.json,False,0.9,ebvms_hla2_control_v2pmhc_72450eddcda12fef_s314159,True,194,202,PYYVVDLSVRGM,314159,0.89,0.97,True,4,pass_exact_clash_free,v2_fresh_attribution_pilot,/Users/anishsharma/Library/Mobile Documents/com~apple~CloudDocs/Downloads/folds_2026_08_27_04_51/ebvms_hla2_control_v2pmhc_72450eddcda12fef_s314159/fold_ebvms_hla2_control_v2pmhc_72450eddcda12fef_s314159_summary_confidences_4.json,SYS_MICROBIAL_MBP_HY1B11
/Users/anishsharma/Library/Mobile Documents/com~apple~CloudDocs/Downloads/folds_2026_08_27_04_51/ebvms_hla2_control_v2pmhc_78fe769be3f606f3_s271828/fold_ebvms_hla2_control_v2pmhc_78fe769be3f606f3_s271828_model_0.cif,"Computational pMHC geometry prioritization only; not evidence of presentation, TCR binding, activation, cross-reactivity, molecular mimicry, or MS mechanism.",LEFYLAMPF,4,V2PMHC_78fe769be3f606f3,/Users/anishsharma/Library/Mobile Documents/com~apple~CloudDocs/Downloads/folds_2026_08_27_04_51/ebvms_hla2_control_v2pmhc_78fe769be3f606f3_s271828/fold_ebvms_hla2_control_v2pmhc_78fe769be3f606f3_s271828_full_data_0.json,False,0.9,ebvms_hla2_control_v2pmhc_78fe769be3f606f3_s271828,True,194,202,SRLLEFYLAMPFATP,271828,0.89,0.98,True,0,pass_exact_clash_free,v2_fresh_attribution_pilot,/Users/anishsharma/Library/Mobile Documents/com~apple~CloudDocs/Downloads/folds_2026_08_27_04_51/ebvms_hla2_control_v2pmhc_78fe769be3f606f3_s271828/fold_ebvms_hla2_control_v2pmhc_78fe769be3f606f3_s271828_summary_confidences_0.json,SYS_MICROBIAL_MBP_HY1B11
/Users/anishsharma/Library/Mobile Documents/com~apple~CloudDocs/Downloads/folds_2026_08_27_04_51/ebvms_hla2_control_v2pmhc_78fe769be3f606f3_s271828/fold_ebvms_hla2_control_v2pmhc_78fe769be3f606f3_s271828_model_1.cif,"Computational pMHC geometry prioritization only; not evidence of presentation, TCR binding, activation, cross-reactivity, molecular mimicry, or MS mechanism.",LEFYLAMPF,4,V2PMHC_78fe769be3f606f3,/Users/anishsharma/Library/Mobile Documents/com~apple~CloudDocs/Downloads/folds_2026_08_27_04_51/ebvms_hla2_control_v2pmhc_78fe769be3f606f3_s271828/fold_ebvms_hla2_control_v2pmhc_78fe769be3f606f3_s271828_full_data_1.json,False,0.9,ebvms_hla2_control_v2pmhc_78fe769be3f606f3_s271828,True,194,202,SRLLEFYLAMPFATP,271828,0.89,0.98,True,1,pass_exact_clash_free,v2_fresh_attribution_pilot,/Users/anishsharma/Library/Mobile Documents/com~apple~CloudDocs/Downloads/folds_2026_08_27_04_51/ebvms_hla2_control_v2pmhc_78fe769be3f606f3_s271828/fold_ebvms_hla2_control_v2pmhc_78fe769be3f606f3_s271828_summary_confidences_1.json,SYS_MICROBIAL_MBP_HY1B11
/Users/anishsharma/Library/Mobile Documents/com~apple~CloudDocs/Downloads/folds_2026_08_27_04_51/ebvms_hla2_control_v2pmhc_78fe769be3f606f3_s271828/fold_ebvms_hla2_control_v2pmhc_78fe769be3f606f3_s271828_model_2.cif,"Computational pMHC geometry prioritization only; not evidence of presentation, TCR binding, activation, cross-reactivity, molecular mimicry, or MS mechanism.",LEFYLAMPF,4,V2PMHC_78fe769be3f606f3,/Users/anishsharma/Library/Mobile Documents/com~apple~CloudDocs/Downloads/folds_2026_08_27_04_51/ebvms_hla2_control_v2pmhc_78fe769be3f606f3_s271828/fold_ebvms_hla2_control_v2pmhc_78fe769be3f606f3_s271828_full_data_2.json,False,0.9,ebvms_hla2_control_v2pmhc_78fe769be3f606f3_s271828,True,194,202,SRLLEFYLAMPFATP,271828,0.89,0.98,True,2,pass_exact_clash_free,v2_fresh_attribution_pilot,/Users/anishsharma/Library/Mobile Documents/com~apple~CloudDocs/Downloads/folds_2026_08_27_04_51/ebvms_hla2_control_v2pmhc_78fe769be3f606f3_s271828/fold_ebvms_hla2_control_v2pmhc_78fe769be3f606f3_s271828_summary_confidences_2.json,SYS_MICROBIAL_MBP_HY1B11
/Users/anishsharma/Library/Mobile Documents/com~apple~CloudDocs/Downloads/folds_2026_08_27_04_51/ebvms_hla2_control_v2pmhc_78fe769be3f606f3_s271828/fold_ebvms_hla2_control_v2pmhc_78fe769be3f606f3_s271828_model_3.cif,"Computational pMHC geometry prioritization only; not evidence of presentation, TCR binding, activation, cross-reactivity, molecular mimicry, or MS mechanism.",LEFYLAMPF,4,V2PMHC_78fe769be3f606f3,/Users/anishsharma/Library/Mobile Documents/com~apple~CloudDocs/Downloads/folds_2026_08_27_04_51/ebvms_hla2_control_v2pmhc_78fe769be3f606f3_s271828/fold_ebvms_hla2_control_v2pmhc_78fe769be3f606f3_s271828_full_data_3.json,False,0.89,ebvms_hla2_control_v2pmhc_78fe769be3f606f3_s271828,True,194,202,SRLLEFYLAMPFATP,271828,0.89,0.97,True,3,pass_exact_clash_free,v2_fresh_attribution_pilot,/Users/anishsharma/Library/Mobile Documents/com~apple~CloudDocs/Downloads/folds_2026_08_27_04_51/ebvms_hla2_control_v2pmhc_78fe769be3f606f3_s271828/fold_ebvms_hla2_control_v2pmhc_78fe769be3f606f3_s271828_summary_confidences_3.json,SYS_MICROBIAL_MBP_HY1B11
/Users/anishsharma/Library/Mobile Documents/com~apple~CloudDocs/Downloads/folds_2026_08_27_04_51/ebvms_hla2_control_v2pmhc_78fe769be3f606f3_s271828/fold_ebvms_hla2_control_v2pmhc_78fe769be3f606f3_s271828_model_4.cif,"Computational pMHC geometry prioritization only; not evidence of presentation, TCR binding, activation, cross-reactivity, molecular mimicry, or MS mechanism.",LEFYLAMPF,4,V2PMHC_78fe769be3f606f3,/Users/anishsharma/Library/Mobile Documents/com~apple~CloudDocs/Downloads/folds_2026_08_27_04_51/ebvms_hla2_control_v2pmhc_78fe769be3f606f3_s271828/fold_ebvms_hla2_control_v2pmhc_78fe769be3f606f3_s271828_full_data_4.json,False,0.9,ebvms_hla2_control_v2pmhc_78fe769be3f606f3_s271828,True,194,202,SRLLEFYLAMPFATP,271828,0.89,0.96,True,4,pass_exact_clash_free,v2_fresh_attribution_pilot,/Users/anishsharma/Library/Mobile Documents/com~apple~CloudDocs/Downloads/folds_2026_08_27_04_51/ebvms_hla2_control_v2pmhc_78fe769be3f606f3_s271828/fold_ebvms_hla2_control_v2pmhc_78fe769be3f606f3_s271828_summary_confidences_4.json,SYS_MICROBIAL_MBP_HY1B11
/Users/anishsharma/Library/Mobile Documents/com~apple~CloudDocs/Downloads/folds_2026_08_27_04_51/ebvms_hla2_control_v2pmhc_78fe769be3f606f3_s314159/fold_ebvms_hla2_control_v2pmhc_78fe769be3f606f3_s314159_model_0.cif,"Computational pMHC geometry prioritization only; not evidence of presentation, TCR binding, activation, cross-reactivity, molecular mimicry, or MS mechanism.",LEFYLAMPF,4,V2PMHC_78fe769be3f606f3,/Users/anishsharma/Library/Mobile Documents/com~apple~CloudDocs/Downloads/folds_2026_08_27_04_51/ebvms_hla2_control_v2pmhc_78fe769be3f606f3_s314159/fold_ebvms_hla2_control_v2pmhc_78fe769be3f606f3_s314159_full_data_0.json,False,0.9,ebvms_hla2_control_v2pmhc_78fe769be3f606f3_s314159,True,194,202,SRLLEFYLAMPFATP,314159,0.9,0.98,True,0,pass_exact_clash_free,v2_fresh_attribution_pilot,/Users/anishsharma/Library/Mobile Documents/com~apple~CloudDocs/Downloads/folds_2026_08_27_04_51/ebvms_hla2_control_v2pmhc_78fe769be3f606f3_s314159/fold_ebvms_hla2_control_v2pmhc_78fe769be3f606f3_s314159_summary_confidences_0.json,SYS_MICROBIAL_MBP_HY1B11
/Users/anishsharma/Library/Mobile Documents/com~apple~CloudDocs/Downloads/folds_2026_08_27_04_51/ebvms_hla2_control_v2pmhc_78fe769be3f606f3_s314159/fold_ebvms_hla2_control_v2pmhc_78fe769be3f606f3_s314159_model_1.cif,"Computational pMHC geometry prioritization only; not evidence of presentation, TCR binding, activation, cross-reactivity, molecular mimicry, or MS mechanism.",LEFYLAMPF,4,V2PMHC_78fe769be3f606f3,/Users/anishsharma/Library/Mobile Documents/com~apple~CloudDocs/Downloads/folds_2026_08_27_04_51/ebvms_hla2_control_v2pmhc_78fe769be3f606f3_s314159/fold_ebvms_hla2_control_v2pmhc_78fe769be3f606f3_s314159_full_data_1.json,False,0.9,ebvms_hla2_control_v2pmhc_78fe769be3f606f3_s314159,True,194,202,SRLLEFYLAMPFATP,314159,0.9,0.98,True,1,pass_exact_clash_free,v2_fresh_attribution_pilot,/Users/anishsharma/Library/Mobile Documents/com~apple~CloudDocs/Downloads/folds_2026_08_27_04_51/ebvms_hla2_control_v2pmhc_78fe769be3f606f3_s314159/fold_ebvms_hla2_control_v2pmhc_78fe769be3f606f3_s314159_summary_confidences_1.json,SYS_MICROBIAL_MBP_HY1B11
/Users/anishsharma/Library/Mobile Documents/com~apple~CloudDocs/Downloads/folds_2026_08_27_04_51/ebvms_hla2_control_v2pmhc_78fe769be3f606f3_s314159/fold_ebvms_hla2_control_v2pmhc_78fe769be3f606f3_s314159_model_2.cif,"Computational pMHC geometry prioritization only; not evidence of presentation, TCR binding, activation, cross-reactivity, molecular mimicry, or MS mechanism.",LEFYLAMPF,4,V2PMHC_78fe769be3f606f3,/Users/anishsharma/Library/Mobile Documents/com~apple~CloudDocs/Downloads/folds_2026_08_27_04_51/ebvms_hla2_control_v2pmhc_78fe769be3f606f3_s314159/fold_ebvms_hla2_control_v2pmhc_78fe769be3f606f3_s314159_full_data_2.json,False,0.9,ebvms_hla2_control_v2pmhc_78fe769be3f606f3_s314159,True,194,202,SRLLEFYLAMPFATP,314159,0.9,0.98,True,2,pass_exact_clash_free,v2_fresh_attribution_pilot,/Users/anishsharma/Library/Mobile Documents/com~apple~CloudDocs/Downloads/folds_2026_08_27_04_51/ebvms_hla2_control_v2pmhc_78fe769be3f606f3_s314159/fold_ebvms_hla2_control_v2pmhc_78fe769be3f606f3_s314159_summary_confidences_2.json,SYS_MICROBIAL_MBP_HY1B11
/Users/anishsharma/Library/Mobile Documents/com~apple~CloudDocs/Downloads/folds_2026_08_27_04_51/ebvms_hla2_control_v2pmhc_78fe769be3f606f3_s314159/fold_ebvms_hla2_control_v2pmhc_78fe769be3f606f3_s314159_model_3.cif,"Computational pMHC geometry prioritization only; not evidence of presentation, TCR binding, activation, cross-reactivity, molecular mimicry, or MS mechanism.",LEFYLAMPF,4,V2PMHC_78fe769be3f606f3,/Users/anishsharma/Library/Mobile Documents/com~apple~CloudDocs/Downloads/folds_2026_08_27_04_51/ebvms_hla2_control_v2pmhc_78fe769be3f606f3_s314159/fold_ebvms_hla2_control_v2pmhc_78fe769be3f606f3_s314159_full_data_3.json,False,0.9,ebvms_hla2_control_v2pmhc_78fe769be3f606f3_s314159,True,194,202,SRLLEFYLAMPFATP,314159,0.89,0.98,True,3,pass_exact_clash_free,v2_fresh_attribution_pilot,/Users/anishsharma/Library/Mobile Documents/com~apple~CloudDocs/Downloads/folds_2026_08_27_04_51/ebvms_hla2_control_v2pmhc_78fe769be3f606f3_s314159/fold_ebvms_hla2_control_v2pmhc_78fe769be3f606f3_s314159_summary_confidences_3.json,SYS_MICROBIAL_MBP_HY1B11
/Users/anishsharma/Library/Mobile Documents/com~apple~CloudDocs/Downloads/folds_2026_08_27_04_51/ebvms_hla2_control_v2pmhc_78fe769be3f606f3_s314159/fold_ebvms_hla2_control_v2pmhc_78fe769be3f606f3_s314159_model_4.cif,"Computational pMHC geometry prioritization only; not evidence of presentation, TCR binding, activation, cross-reactivity, molecular mimicry, or MS mechanism.",LEFYLAMPF,4,V2PMHC_78fe769be3f606f3,/Users/anishsharma/Library/Mobile Documents/com~apple~CloudDocs/Downloads/folds_2026_08_27_04_51/ebvms_hla2_control_v2pmhc_78fe769be3f606f3_s314159/fold_ebvms_hla2_control_v2pmhc_78fe769be3f606f3_s314159_full_data_4.json,False,0.9,ebvms_hla2_control_v2pmhc_78fe769be3f606f3_s314159,True,194,202,SRLLEFYLAMPFATP,314159,0.9,0.98,True,4,pass_exact_clash_free,v2_fresh_attribution_pilot,/Users/anishsharma/Library/Mobile Documents/com~apple~CloudDocs/Downloads/folds_2026_08_27_04_51/ebvms_hla2_control_v2pmhc_78fe769be3f606f3_s314159/fold_ebvms_hla2_control_v2pmhc_78fe769be3f606f3_s314159_summary_confidences_4.json,SYS_MICROBIAL_MBP_HY1B11
/Users/anishsharma/Library/Mobile Documents/com~apple~CloudDocs/Downloads/folds_2026_08_27_04_51/ebvms_hla2_control_v2pmhc_7db17c44e740d443_s271828/fold_ebvms_hla2_control_v2pmhc_7db17c44e740d443_s271828_model_0.cif,"Computational pMHC geometry prioritization only; not evidence of presentation, TCR binding, activation, cross-reactivity, molecular mimicry, or MS mechanism.",IRVLRAFTS,5,V2PMHC_7db17c44e740d443,/Users/anishsharma/Library/Mobile Documents/com~apple~CloudDocs/Downloads/folds_2026_08_27_04_51/ebvms_hla2_control_v2pmhc_7db17c44e740d443_s271828/fold_ebvms_hla2_control_v2pmhc_7db17c44e740d443_s271828_full_data_0.json,False,0.89,ebvms_hla2_control_v2pmhc_7db17c44e740d443_s271828,True,194,202,HPNIIRVLRAFTSSV,271828,0.89,0.96,True,0,pass_exact_clash_free,v2_fresh_attribution_pilot,/Users/anishsharma/Library/Mobile Documents/com~apple~CloudDocs/Downloads/folds_2026_08_27_04_51/ebvms_hla2_control_v2pmhc_7db17c44e740d443_s271828/fold_ebvms_hla2_control_v2pmhc_7db17c44e740d443_s271828_summary_confidences_0.json,SYS_MICROBIAL_MBP_HY1B11
/Users/anishsharma/Library/Mobile Documents/com~apple~CloudDocs/Downloads/folds_2026_08_27_04_51/ebvms_hla2_control_v2pmhc_7db17c44e740d443_s271828/fold_ebvms_hla2_control_v2pmhc_7db17c44e740d443_s271828_model_1.cif,"Computational pMHC geometry prioritization only; not evidence of presentation, TCR binding, activation, cross-reactivity, molecular mimicry, or MS mechanism.",IRVLRAFTS,5,V2PMHC_7db17c44e740d443,/Users/anishsharma/Library/Mobile Documents/com~apple~CloudDocs/Downloads/folds_2026_08_27_04_51/ebvms_hla2_control_v2pmhc_7db17c44e740d443_s271828/fold_ebvms_hla2_control_v2pmhc_7db17c44e740d443_s271828_full_data_1.json,False,0.89,ebvms_hla2_control_v2pmhc_7db17c44e740d443_s271828,True,194,202,HPNIIRVLRAFTSSV,271828,0.89,0.96,True,1,pass_exact_clash_free,v2_fresh_attribution_pilot,/Users/anishsharma/Library/Mobile Documents/com~apple~CloudDocs/Downloads/folds_2026_08_27_04_51/ebvms_hla2_control_v2pmhc_7db17c44e740d443_s271828/fold_ebvms_hla2_control_v2pmhc_7db17c44e740d443_s271828_summary_confidences_1.json,SYS_MICROBIAL_MBP_HY1B11
/Users/anishsharma/Library/Mobile Documents/com~apple~CloudDocs/Downloads/folds_2026_08_27_04_51/ebvms_hla2_control_v2pmhc_7db17c44e740d443_s271828/fold_ebvms_hla2_control_v2pmhc_7db17c44e740d443_s271828_model_2.cif,"Computational pMHC geometry prioritization only; not evidence of presentation, TCR binding, activation, cross-reactivity, molecular mimicry, or MS mechanism.",IRVLRAFTS,5,V2PMHC_7db17c44e740d443,/Users/anishsharma/Library/Mobile Documents/com~apple~CloudDocs/Downloads/folds_2026_08_27_04_51/ebvms_hla2_control_v2pmhc_7db17c44e740d443_s271828/fold_ebvms_hla2_control_v2pmhc_7db17c44e740d443_s271828_full_data_2.json,False,0.88,ebvms_hla2_control_v2pmhc_7db17c44e740d443_s271828,True,194,202,HPNIIRVLRAFTSSV,271828,0.89,0.96,True,2,pass_exact_clash_free,v2_fresh_attribution_pilot,/Users/anishsharma/Library/Mobile Documents/com~apple~CloudDocs/Downloads/folds_2026_08_27_04_51/ebvms_hla2_control_v2pmhc_7db17c44e740d443_s271828/fold_ebvms_hla2_control_v2pmhc_7db17c44e740d443_s271828_summary_confidences_2.json,SYS_MICROBIAL_MBP_HY1B11
/Users/anishsharma/Library/Mobile Documents/com~apple~CloudDocs/Downloads/folds_2026_08_27_04_51/ebvms_hla2_control_v2pmhc_7db17c44e740d443_s271828/fold_ebvms_hla2_control_v2pmhc_7db17c44e740d443_s271828_model_3.cif,"Computational pMHC geometry prioritization only; not evidence of presentation, TCR binding, activation, cross-reactivity, molecular mimicry, or MS mechanism.",IRVLRAFTS,5,V2PMHC_7db17c44e740d443,/Users/anishsharma/Library/Mobile Documents/com~apple~CloudDocs/Downloads/folds_2026_08_27_04_51/ebvms_hla2_control_v2pmhc_7db17c44e740d443_s271828/fold_ebvms_hla2_control_v2pmhc_7db17c44e740d443_s271828_full_data_3.json,False,0.88,ebvms_hla2_control_v2pmhc_7db17c44e740d443_s271828,True,194,202,HPNIIRVLRAFTSSV,271828,0.89,0.96,True,3,pass_exact_clash_free,v2_fresh_attribution_pilot,/Users/anishsharma/Library/Mobile Documents/com~apple~CloudDocs/Downloads/folds_2026_08_27_04_51/ebvms_hla2_control_v2pmhc_7db17c44e740d443_s271828/fold_ebvms_hla2_control_v2pmhc_7db17c44e740d443_s271828_summary_confidences_3.json,SYS_MICROBIAL_MBP_HY1B11
/Users/anishsharma/Library/Mobile Documents/com~apple~CloudDocs/Downloads/folds_2026_08_27_04_51/ebvms_hla2_control_v2pmhc_7db17c44e740d443_s271828/fold_ebvms_hla2_control_v2pmhc_7db17c44e740d443_s271828_model_4.cif,"Computational pMHC geometry prioritization only; not evidence of presentation, TCR binding, activation, cross-reactivity, molecular mimicry, or MS mechanism.",IRVLRAFTS,5,V2PMHC_7db17c44e740d443,/Users/anishsharma/Library/Mobile Documents/com~apple~CloudDocs/Downloads/folds_2026_08_27_04_51/ebvms_hla2_control_v2pmhc_7db17c44e740d443_s271828/fold_ebvms_hla2_control_v2pmhc_7db17c44e740d443_s271828_full_data_4.json,False,0.88,ebvms_hla2_control_v2pmhc_7db17c44e740d443_s271828,True,194,202,HPNIIRVLRAFTSSV,271828,0.88,0.95,True,4,pass_exact_clash_free,v2_fresh_attribution_pilot,/Users/anishsharma/Library/Mobile Documents/com~apple~CloudDocs/Downloads/folds_2026_08_27_04_51/ebvms_hla2_control_v2pmhc_7db17c44e740d443_s271828/fold_ebvms_hla2_control_v2pmhc_7db17c44e740d443_s271828_summary_confidences_4.json,SYS_MICROBIAL_MBP_HY1B11
/Users/anishsharma/Library/Mobile Documents/com~apple~CloudDocs/Downloads/folds_2026_08_27_04_51/ebvms_hla2_control_v2pmhc_7db17c44e740d443_s314159/fold_ebvms_hla2_control_v2pmhc_7db17c44e740d443_s314159_model_0.cif,"Computational pMHC geometry prioritization only; not evidence of presentation, TCR binding, activation, cross-reactivity, molecular mimicry, or MS mechanism.",IRVLRAFTS,5,V2PMHC_7db17c44e740d443,/Users/anishsharma/Library/Mobile Documents/com~apple~CloudDocs/Downloads/folds_2026_08_27_04_51/ebvms_hla2_control_v2pmhc_7db17c44e740d443_s314159/fold_ebvms_hla2_control_v2pmhc_7db17c44e740d443_s314159_full_data_0.json,False,0.88,ebvms_hla2_control_v2pmhc_7db17c44e740d443_s314159,True,194,202,HPNIIRVLRAFTSSV,314159,0.89,0.97,True,0,pass_exact_clash_free,v2_fresh_attribution_pilot,/Users/anishsharma/Library/Mobile Documents/com~apple~CloudDocs/Downloads/folds_2026_08_27_04_51/ebvms_hla2_control_v2pmhc_7db17c44e740d443_s314159/fold_ebvms_hla2_control_v2pmhc_7db17c44e740d443_s314159_summary_confidences_0.json,SYS_MICROBIAL_MBP_HY1B11
/Users/anishsharma/Library/Mobile Documents/com~apple~CloudDocs/Downloads/folds_2026_08_27_04_51/ebvms_hla2_control_v2pmhc_7db17c44e740d443_s314159/fold_ebvms_hla2_control_v2pmhc_7db17c44e740d443_s314159_model_1.cif,"Computational pMHC geometry prioritization only; not evidence of presentation, TCR binding, activation, cross-reactivity, molecular mimicry, or MS mechanism.",IRVLRAFTS,5,V2PMHC_7db17c44e740d443,/Users/anishsharma/Library/Mobile Documents/com~apple~CloudDocs/Downloads/folds_2026_08_27_04_51/ebvms_hla2_control_v2pmhc_7db17c44e740d443_s314159/fold_ebvms_hla2_control_v2pmhc_7db17c44e740d443_s314159_full_data_1.json,False,0.89,ebvms_hla2_control_v2pmhc_7db17c44e740d443_s314159,True,194,202,HPNIIRVLRAFTSSV,314159,0.89,0.96,True,1,pass_exact_clash_free,v2_fresh_attribution_pilot,/Users/anishsharma/Library/Mobile Documents/com~apple~CloudDocs/Downloads/folds_2026_08_27_04_51/ebvms_hla2_control_v2pmhc_7db17c44e740d443_s314159/fold_ebvms_hla2_control_v2pmhc_7db17c44e740d443_s314159_summary_confidences_1.json,SYS_MICROBIAL_MBP_HY1B11
/Users/anishsharma/Library/Mobile Documents/com~apple~CloudDocs/Downloads/folds_2026_08_27_04_51/ebvms_hla2_control_v2pmhc_7db17c44e740d443_s314159/fold_ebvms_hla2_control_v2pmhc_7db17c44e740d443_s314159_model_2.cif,"Computational pMHC geometry prioritization only; not evidence of presentation, TCR binding, activation, cross-reactivity, molecular mimicry, or MS mechanism.",IRVLRAFTS,5,V2PMHC_7db17c44e740d443,/Users/anishsharma/Library/Mobile Documents/com~apple~CloudDocs/Downloads/folds_2026_08_27_04_51/ebvms_hla2_control_v2pmhc_7db17c44e740d443_s314159/fold_ebvms_hla2_control_v2pmhc_7db17c44e740d443_s314159_full_data_2.json,False,0.88,ebvms_hla2_control_v2pmhc_7db17c44e740d443_s314159,True,194,202,HPNIIRVLRAFTSSV,314159,0.89,0.96,True,2,pass_exact_clash_free,v2_fresh_attribution_pilot,/Users/anishsharma/Library/Mobile Documents/com~apple~CloudDocs/Downloads/folds_2026_08_27_04_51/ebvms_hla2_control_v2pmhc_7db17c44e740d443_s314159/fold_ebvms_hla2_control_v2pmhc_7db17c44e740d443_s314159_summary_confidences_2.json,SYS_MICROBIAL_MBP_HY1B11
/Users/anishsharma/Library/Mobile Documents/com~apple~CloudDocs/Downloads/folds_2026_08_27_04_51/ebvms_hla2_control_v2pmhc_7db17c44e740d443_s314159/fold_ebvms_hla2_control_v2pmhc_7db17c44e740d443_s314159_model_3.cif,"Computational pMHC geometry prioritization only; not evidence of presentation, TCR binding, activation, cross-reactivity, molecular mimicry, or MS mechanism.",IRVLRAFTS,5,V2PMHC_7db17c44e740d443,/Users/anishsharma/Library/Mobile Documents/com~apple~CloudDocs/Downloads/folds_2026_08_27_04_51/ebvms_hla2_control_v2pmhc_7db17c44e740d443_s314159/fold_ebvms_hla2_control_v2pmhc_7db17c44e740d443_s314159_full_data_3.json,False,0.88,ebvms_hla2_control_v2pmhc_7db17c44e740d443_s314159,True,194,202,HPNIIRVLRAFTSSV,314159,0.89,0.96,True,3,pass_exact_clash_free,v2_fresh_attribution_pilot,/Users/anishsharma/Library/Mobile Documents/com~apple~CloudDocs/Downloads/folds_2026_08_27_04_51/ebvms_hla2_control_v2pmhc_7db17c44e740d443_s314159/fold_ebvms_hla2_control_v2pmhc_7db17c44e740d443_s314159_summary_confidences_3.json,SYS_MICROBIAL_MBP_HY1B11
/Users/anishsharma/Library/Mobile Documents/com~apple~CloudDocs/Downloads/folds_2026_08_27_04_51/ebvms_hla2_control_v2pmhc_7db17c44e740d443_s314159/fold_ebvms_hla2_control_v2pmhc_7db17c44e740d443_s314159_model_4.cif,"Computational pMHC geometry prioritization only; not evidence of presentation, TCR binding, activation, cross-reactivity, molecular mimicry, or MS mechanism.",IRVLRAFTS,5,V2PMHC_7db17c44e740d443,/Users/anishsharma/Library/Mobile Documents/com~apple~CloudDocs/Downloads/folds_2026_08_27_04_51/ebvms_hla2_control_v2pmhc_7db17c44e740d443_s314159/fold_ebvms_hla2_control_v2pmhc_7db17c44e740d443_s314159_full_data_4.json,False,0.88,ebvms_hla2_control_v2pmhc_7db17c44e740d443_s314159,True,194,202,HPNIIRVLRAFTSSV,314159,0.89,0.96,True,4,pass_exact_clash_free,v2_fresh_attribution_pilot,/Users/anishsharma/Library/Mobile Documents/com~apple~CloudDocs/Downloads/folds_2026_08_27_04_51/ebvms_hla2_control_v2pmhc_7db17c44e740d443_s314159/fold_ebvms_hla2_control_v2pmhc_7db17c44e740d443_s314159_summary_confidences_4.json,SYS_MICROBIAL_MBP_HY1B11
/Users/anishsharma/Library/Mobile Documents/com~apple~CloudDocs/Downloads/folds_2026_08_27_04_51/ebvms_hla2_control_v2pmhc_805576114a6e7df7_s271828/fold_ebvms_hla2_control_v2pmhc_805576114a6e7df7_s271828_model_0.cif,"Computational pMHC geometry prioritization only; not evidence of presentation, TCR binding, activation, cross-reactivity, molecular mimicry, or MS mechanism.",LSVVKPLTL,3,V2PMHC_805576114a6e7df7,/Users/anishsharma/Library/Mobile Documents/com~apple~CloudDocs/Downloads/folds_2026_08_27_04_51/ebvms_hla2_control_v2pmhc_805576114a6e7df7_s271828/fold_ebvms_hla2_control_v2pmhc_805576114a6e7df7_s271828_full_data_0.json,False,0.93,ebvms_hla2_control_v2pmhc_805576114a6e7df7_s271828,True,178,189,EHLSVVKPLTLSVHS,271828,0.94,0.96,True,0,pass_exact_clash_free,v2_fresh_attribution_pilot,/Users/anishsharma/Library/Mobile Documents/com~apple~CloudDocs/Downloads/folds_2026_08_27_04_51/ebvms_hla2_control_v2pmhc_805576114a6e7df7_s271828/fold_ebvms_hla2_control_v2pmhc_805576114a6e7df7_s271828_summary_confidences_0.json,SYS_BALF5_MBP_HY2E11
/Users/anishsharma/Library/Mobile Documents/com~apple~CloudDocs/Downloads/folds_2026_08_27_04_51/ebvms_hla2_control_v2pmhc_805576114a6e7df7_s271828/fold_ebvms_hla2_control_v2pmhc_805576114a6e7df7_s271828_model_1.cif,"Computational pMHC geometry prioritization only; not evidence of presentation, TCR binding, activation, cross-reactivity, molecular mimicry, or MS mechanism.",LSVVKPLTL,3,V2PMHC_805576114a6e7df7,/Users/anishsharma/Library/Mobile Documents/com~apple~CloudDocs/Downloads/folds_2026_08_27_04_51/ebvms_hla2_control_v2pmhc_805576114a6e7df7_s271828/fold_ebvms_hla2_control_v2pmhc_805576114a6e7df7_s271828_full_data_1.json,False,0.93,ebvms_hla2_control_v2pmhc_805576114a6e7df7_s271828,True,178,189,EHLSVVKPLTLSVHS,271828,0.94,0.95,True,1,pass_exact_clash_free,v2_fresh_attribution_pilot,/Users/anishsharma/Library/Mobile Documents/com~apple~CloudDocs/Downloads/folds_2026_08_27_04_51/ebvms_hla2_control_v2pmhc_805576114a6e7df7_s271828/fold_ebvms_hla2_control_v2pmhc_805576114a6e7df7_s271828_summary_confidences_1.json,SYS_BALF5_MBP_HY2E11
/Users/anishsharma/Library/Mobile Documents/com~apple~CloudDocs/Downloads/folds_2026_08_27_04_51/ebvms_hla2_control_v2pmhc_805576114a6e7df7_s271828/fold_ebvms_hla2_control_v2pmhc_805576114a6e7df7_s271828_model_2.cif,"Computational pMHC geometry prioritization only; not evidence of presentation, TCR binding, activation, cross-reactivity, molecular mimicry, or MS mechanism.",LSVVKPLTL,3,V2PMHC_805576114a6e7df7,/Users/anishsharma/Library/Mobile Documents/com~apple~CloudDocs/Downloads/folds_2026_08_27_04_51/ebvms_hla2_control_v2pmhc_805576114a6e7df7_s271828/fold_ebvms_hla2_control_v2pmhc_805576114a6e7df7_s271828_full_data_2.json,False,0.93,ebvms_hla2_control_v2pmhc_805576114a6e7df7_s271828,True,178,189,EHLSVVKPLTLSVHS,271828,0.93,0.95,True,2,pass_exact_clash_free,v2_fresh_attribution_pilot,/Users/anishsharma/Library/Mobile Documents/com~apple~CloudDocs/Downloads/folds_2026_08_27_04_51/ebvms_hla2_control_v2pmhc_805576114a6e7df7_s271828/fold_ebvms_hla2_control_v2pmhc_805576114a6e7df7_s271828_summary_confidences_2.json,SYS_BALF5_MBP_HY2E11
/Users/anishsharma/Library/Mobile Documents/com~apple~CloudDocs/Downloads/folds_2026_08_27_04_51/ebvms_hla2_control_v2pmhc_805576114a6e7df7_s271828/fold_ebvms_hla2_control_v2pmhc_805576114a6e7df7_s271828_model_3.cif,"Computational pMHC geometry prioritization only; not evidence of presentation, TCR binding, activation, cross-reactivity, molecular mimicry, or MS mechanism.",LSVVKPLTL,3,V2PMHC_805576114a6e7df7,/Users/anishsharma/Library/Mobile Documents/com~apple~CloudDocs/Downloads/folds_2026_08_27_04_51/ebvms_hla2_control_v2pmhc_805576114a6e7df7_s271828/fold_ebvms_hla2_control_v2pmhc_805576114a6e7df7_s271828_full_data_3.json,False,0.93,ebvms_hla2_control_v2pmhc_805576114a6e7df7_s271828,True,178,189,EHLSVVKPLTLSVHS,271828,0.93,0.95,True,3,pass_exact_clash_free,v2_fresh_attribution_pilot,/Users/anishsharma/Library/Mobile Documents/com~apple~CloudDocs/Downloads/folds_2026_08_27_04_51/ebvms_hla2_control_v2pmhc_805576114a6e7df7_s271828/fold_ebvms_hla2_control_v2pmhc_805576114a6e7df7_s271828_summary_confidences_3.json,SYS_BALF5_MBP_HY2E11
/Users/anishsharma/Library/Mobile Documents/com~apple~CloudDocs/Downloads/folds_2026_08_27_04_51/ebvms_hla2_control_v2pmhc_805576114a6e7df7_s271828/fold_ebvms_hla2_control_v2pmhc_805576114a6e7df7_s271828_model_4.cif,"Computational pMHC geometry prioritization only; not evidence of presentation, TCR binding, activation, cross-reactivity, molecular mimicry, or MS mechanism.",LSVVKPLTL,3,V2PMHC_805576114a6e7df7,/Users/anishsharma/Library/Mobile Documents/com~apple~CloudDocs/Downloads/folds_2026_08_27_04_51/ebvms_hla2_control_v2pmhc_805576114a6e7df7_s271828/fold_ebvms_hla2_control_v2pmhc_805576114a6e7df7_s271828_full_data_4.json,False,0.92,ebvms_hla2_control_v2pmhc_805576114a6e7df7_s271828,True,178,189,EHLSVVKPLTLSVHS,271828,0.93,0.94,True,4,pass_exact_clash_free,v2_fresh_attribution_pilot,/Users/anishsharma/Library/Mobile Documents/com~apple~CloudDocs/Downloads/folds_2026_08_27_04_51/ebvms_hla2_control_v2pmhc_805576114a6e7df7_s271828/fold_ebvms_hla2_control_v2pmhc_805576114a6e7df7_s271828_summary_confidences_4.json,SYS_BALF5_MBP_HY2E11
/Users/anishsharma/Library/Mobile Documents/com~apple~CloudDocs/Downloads/folds_2026_08_27_04_51/ebvms_hla2_control_v2pmhc_805576114a6e7df7_s314159/fold_ebvms_hla2_control_v2pmhc_805576114a6e7df7_s314159_model_0.cif,"Computational pMHC geometry prioritization only; not evidence of presentation, TCR binding, activation, cross-reactivity, molecular mimicry, or MS mechanism.",LSVVKPLTL,3,V2PMHC_805576114a6e7df7,/Users/anishsharma/Library/Mobile Documents/com~apple~CloudDocs/Downloads/folds_2026_08_27_04_51/ebvms_hla2_control_v2pmhc_805576114a6e7df7_s314159/fold_ebvms_hla2_control_v2pmhc_805576114a6e7df7_s314159_full_data_0.json,False,0.93,ebvms_hla2_control_v2pmhc_805576114a6e7df7_s314159,True,178,189,EHLSVVKPLTLSVHS,314159,0.94,0.95,True,0,pass_exact_clash_free,v2_fresh_attribution_pilot,/Users/anishsharma/Library/Mobile Documents/com~apple~CloudDocs/Downloads/folds_2026_08_27_04_51/ebvms_hla2_control_v2pmhc_805576114a6e7df7_s314159/fold_ebvms_hla2_control_v2pmhc_805576114a6e7df7_s314159_summary_confidences_0.json,SYS_BALF5_MBP_HY2E11
/Users/anishsharma/Library/Mobile Documents/com~apple~CloudDocs/Downloads/folds_2026_08_27_04_51/ebvms_hla2_control_v2pmhc_805576114a6e7df7_s314159/fold_ebvms_hla2_control_v2pmhc_805576114a6e7df7_s314159_model_1.cif,"Computational pMHC geometry prioritization only; not evidence of presentation, TCR binding, activation, cross-reactivity, molecular mimicry, or MS mechanism.",LSVVKPLTL,3,V2PMHC_805576114a6e7df7,/Users/anishsharma/Library/Mobile Documents/com~apple~CloudDocs/Downloads/folds_2026_08_27_04_51/ebvms_hla2_control_v2pmhc_805576114a6e7df7_s314159/fold_ebvms_hla2_control_v2pmhc_805576114a6e7df7_s314159_full_data_1.json,False,0.93,ebvms_hla2_control_v2pmhc_805576114a6e7df7_s314159,True,178,189,EHLSVVKPLTLSVHS,314159,0.94,0.95,True,1,pass_exact_clash_free,v2_fresh_attribution_pilot,/Users/anishsharma/Library/Mobile Documents/com~apple~CloudDocs/Downloads/folds_2026_08_27_04_51/ebvms_hla2_control_v2pmhc_805576114a6e7df7_s314159/fold_ebvms_hla2_control_v2pmhc_805576114a6e7df7_s314159_summary_confidences_1.json,SYS_BALF5_MBP_HY2E11
/Users/anishsharma/Library/Mobile Documents/com~apple~CloudDocs/Downloads/folds_2026_08_27_04_51/ebvms_hla2_control_v2pmhc_805576114a6e7df7_s314159/fold_ebvms_hla2_control_v2pmhc_805576114a6e7df7_s314159_model_2.cif,"Computational pMHC geometry prioritization only; not evidence of presentation, TCR binding, activation, cross-reactivity, molecular mimicry, or MS mechanism.",LSVVKPLTL,3,V2PMHC_805576114a6e7df7,/Users/anishsharma/Library/Mobile Documents/com~apple~CloudDocs/Downloads/folds_2026_08_27_04_51/ebvms_hla2_control_v2pmhc_805576114a6e7df7_s314159/fold_ebvms_hla2_control_v2pmhc_805576114a6e7df7_s314159_full_data_2.json,False,0.93,ebvms_hla2_control_v2pmhc_805576114a6e7df7_s314159,True,178,189,EHLSVVKPLTLSVHS,314159,0.94,0.95,True,2,pass_exact_clash_free,v2_fresh_attribution_pilot,/Users/anishsharma/Library/Mobile Documents/com~apple~CloudDocs/Downloads/folds_2026_08_27_04_51/ebvms_hla2_control_v2pmhc_805576114a6e7df7_s314159/fold_ebvms_hla2_control_v2pmhc_805576114a6e7df7_s314159_summary_confidences_2.json,SYS_BALF5_MBP_HY2E11
/Users/anishsharma/Library/Mobile Documents/com~apple~CloudDocs/Downloads/folds_2026_08_27_04_51/ebvms_hla2_control_v2pmhc_805576114a6e7df7_s314159/fold_ebvms_hla2_control_v2pmhc_805576114a6e7df7_s314159_model_3.cif,"Computational pMHC geometry prioritization only; not evidence of presentation, TCR binding, activation, cross-reactivity, molecular mimicry, or MS mechanism.",LSVVKPLTL,3,V2PMHC_805576114a6e7df7,/Users/anishsharma/Library/Mobile Documents/com~apple~CloudDocs/Downloads/folds_2026_08_27_04_51/ebvms_hla2_control_v2pmhc_805576114a6e7df7_s314159/fold_ebvms_hla2_control_v2pmhc_805576114a6e7df7_s314159_full_data_3.json,False,0.93,ebvms_hla2_control_v2pmhc_805576114a6e7df7_s314159,True,178,189,EHLSVVKPLTLSVHS,314159,0.93,0.95,True,3,pass_exact_clash_free,v2_fresh_attribution_pilot,/Users/anishsharma/Library/Mobile Documents/com~apple~CloudDocs/Downloads/folds_2026_08_27_04_51/ebvms_hla2_control_v2pmhc_805576114a6e7df7_s314159/fold_ebvms_hla2_control_v2pmhc_805576114a6e7df7_s314159_summary_confidences_3.json,SYS_BALF5_MBP_HY2E11
/Users/anishsharma/Library/Mobile Documents/com~apple~CloudDocs/Downloads/folds_2026_08_27_04_51/ebvms_hla2_control_v2pmhc_805576114a6e7df7_s314159/fold_ebvms_hla2_control_v2pmhc_805576114a6e7df7_s314159_model_4.cif,"Computational pMHC geometry prioritization only; not evidence of presentation, TCR binding, activation, cross-reactivity, molecular mimicry, or MS mechanism.",LSVVKPLTL,3,V2PMHC_805576114a6e7df7,/Users/anishsharma/Library/Mobile Documents/com~apple~CloudDocs/Downloads/folds_2026_08_27_04_51/ebvms_hla2_control_v2pmhc_805576114a6e7df7_s314159/fold_ebvms_hla2_control_v2pmhc_805576114a6e7df7_s314159_full_data_4.json,False,0.91,ebvms_hla2_control_v2pmhc_805576114a6e7df7_s314159,True,178,189,EHLSVVKPLTLSVHS,314159,0.93,0.94,True,4,pass_exact_clash_free,v2_fresh_attribution_pilot,/Users/anishsharma/Library/Mobile Documents/com~apple~CloudDocs/Downloads/folds_2026_08_27_04_51/ebvms_hla2_control_v2pmhc_805576114a6e7df7_s314159/fold_ebvms_hla2_control_v2pmhc_805576114a6e7df7_s314159_summary_confidences_4.json,SYS_BALF5_MBP_HY2E11
/Users/anishsharma/Library/Mobile Documents/com~apple~CloudDocs/Downloads/folds_2026_08_27_04_51/ebvms_hla2_control_v2pmhc_8237840b8e248746_s271828/fold_ebvms_hla2_control_v2pmhc_8237840b8e248746_s271828_model_0.cif,"Computational pMHC geometry prioritization only; not evidence of presentation, TCR binding, activation, cross-reactivity, molecular mimicry, or MS mechanism.",IRVLRAFTS,5,V2PMHC_8237840b8e248746,/Users/anishsharma/Library/Mobile Documents/com~apple~CloudDocs/Downloads/folds_2026_08_27_04_51/ebvms_hla2_control_v2pmhc_8237840b8e248746_s271828/fold_ebvms_hla2_control_v2pmhc_8237840b8e248746_s271828_full_data_0.json,False,0.93,ebvms_hla2_control_v2pmhc_8237840b8e248746_s271828,True,178,189,HPNIIRVLRAFTSSV,271828,0.93,0.96,True,0,pass_exact_clash_free,v2_fresh_attribution_pilot,/Users/anishsharma/Library/Mobile Documents/com~apple~CloudDocs/Downloads/folds_2026_08_27_04_51/ebvms_hla2_control_v2pmhc_8237840b8e248746_s271828/fold_ebvms_hla2_control_v2pmhc_8237840b8e248746_s271828_summary_confidences_0.json,SYS_BALF5_MBP_HY2E11;SYS_ENGA_MBP_OB1A12
/Users/anishsharma/Library/Mobile Documents/com~apple~CloudDocs/Downloads/folds_2026_08_27_04_51/ebvms_hla2_control_v2pmhc_8237840b8e248746_s271828/fold_ebvms_hla2_control_v2pmhc_8237840b8e248746_s271828_model_1.cif,"Computational pMHC geometry prioritization only; not evidence of presentation, TCR binding, activation, cross-reactivity, molecular mimicry, or MS mechanism.",IRVLRAFTS,5,V2PMHC_8237840b8e248746,/Users/anishsharma/Library/Mobile Documents/com~apple~CloudDocs/Downloads/folds_2026_08_27_04_51/ebvms_hla2_control_v2pmhc_8237840b8e248746_s271828/fold_ebvms_hla2_control_v2pmhc_8237840b8e248746_s271828_full_data_1.json,False,0.93,ebvms_hla2_control_v2pmhc_8237840b8e248746_s271828,True,178,189,HPNIIRVLRAFTSSV,271828,0.93,0.96,True,1,pass_exact_clash_free,v2_fresh_attribution_pilot,/Users/anishsharma/Library/Mobile Documents/com~apple~CloudDocs/Downloads/folds_2026_08_27_04_51/ebvms_hla2_control_v2pmhc_8237840b8e248746_s271828/fold_ebvms_hla2_control_v2pmhc_8237840b8e248746_s271828_summary_confidences_1.json,SYS_BALF5_MBP_HY2E11;SYS_ENGA_MBP_OB1A12
/Users/anishsharma/Library/Mobile Documents/com~apple~CloudDocs/Downloads/folds_2026_08_27_04_51/ebvms_hla2_control_v2pmhc_8237840b8e248746_s271828/fold_ebvms_hla2_control_v2pmhc_8237840b8e248746_s271828_model_2.cif,"Computational pMHC geometry prioritization only; not evidence of presentation, TCR binding, activation, cross-reactivity, molecular mimicry, or MS mechanism.",IRVLRAFTS,5,V2PMHC_8237840b8e248746,/Users/anishsharma/Library/Mobile Documents/com~apple~CloudDocs/Downloads/folds_2026_08_27_04_51/ebvms_hla2_control_v2pmhc_8237840b8e248746_s271828/fold_ebvms_hla2_control_v2pmhc_8237840b8e248746_s271828_full_data_2.json,False,0.93,ebvms_hla2_control_v2pmhc_8237840b8e248746_s271828,True,178,189,HPNIIRVLRAFTSSV,271828,0.93,0.96,True,2,pass_exact_clash_free,v2_fresh_attribution_pilot,/Users/anishsharma/Library/Mobile Documents/com~apple~CloudDocs/Downloads/folds_2026_08_27_04_51/ebvms_hla2_control_v2pmhc_8237840b8e248746_s271828/fold_ebvms_hla2_control_v2pmhc_8237840b8e248746_s271828_summary_confidences_2.json,SYS_BALF5_MBP_HY2E11;SYS_ENGA_MBP_OB1A12
/Users/anishsharma/Library/Mobile Documents/com~apple~CloudDocs/Downloads/folds_2026_08_27_04_51/ebvms_hla2_control_v2pmhc_8237840b8e248746_s271828/fold_ebvms_hla2_control_v2pmhc_8237840b8e248746_s271828_model_3.cif,"Computational pMHC geometry prioritization only; not evidence of presentation, TCR binding, activation, cross-reactivity, molecular mimicry, or MS mechanism.",IRVLRAFTS,5,V2PMHC_8237840b8e248746,/Users/anishsharma/Library/Mobile Documents/com~apple~CloudDocs/Downloads/folds_2026_08_27_04_51/ebvms_hla2_control_v2pmhc_8237840b8e248746_s271828/fold_ebvms_hla2_control_v2pmhc_8237840b8e248746_s271828_full_data_3.json,False,0.93,ebvms_hla2_control_v2pmhc_8237840b8e248746_s271828,True,178,189,HPNIIRVLRAFTSSV,271828,0.93,0.95,True,3,pass_exact_clash_free,v2_fresh_attribution_pilot,/Users/anishsharma/Library/Mobile Documents/com~apple~CloudDocs/Downloads/folds_2026_08_27_04_51/ebvms_hla2_control_v2pmhc_8237840b8e248746_s271828/fold_ebvms_hla2_control_v2pmhc_8237840b8e248746_s271828_summary_confidences_3.json,SYS_BALF5_MBP_HY2E11;SYS_ENGA_MBP_OB1A12
/Users/anishsharma/Library/Mobile Documents/com~apple~CloudDocs/Downloads/folds_2026_08_27_04_51/ebvms_hla2_control_v2pmhc_8237840b8e248746_s271828/fold_ebvms_hla2_control_v2pmhc_8237840b8e248746_s271828_model_4.cif,"Computational pMHC geometry prioritization only; not evidence of presentation, TCR binding, activation, cross-reactivity, molecular mimicry, or MS mechanism.",IRVLRAFTS,5,V2PMHC_8237840b8e248746,/Users/anishsharma/Library/Mobile Documents/com~apple~CloudDocs/Downloads/folds_2026_08_27_04_51/ebvms_hla2_control_v2pmhc_8237840b8e248746_s271828/fold_ebvms_hla2_control_v2pmhc_8237840b8e248746_s271828_full_data_4.json,False,0.93,ebvms_hla2_control_v2pmhc_8237840b8e248746_s271828,True,178,189,HPNIIRVLRAFTSSV,271828,0.93,0.95,True,4,pass_exact_clash_free,v2_fresh_attribution_pilot,/Users/anishsharma/Library/Mobile Documents/com~apple~CloudDocs/Downloads/folds_2026_08_27_04_51/ebvms_hla2_control_v2pmhc_8237840b8e248746_s271828/fold_ebvms_hla2_control_v2pmhc_8237840b8e248746_s271828_summary_confidences_4.json,SYS_BALF5_MBP_HY2E11;SYS_ENGA_MBP_OB1A12
/Users/anishsharma/Library/Mobile Documents/com~apple~CloudDocs/Downloads/folds_2026_08_27_04_51/ebvms_hla2_control_v2pmhc_8237840b8e248746_s314159/fold_ebvms_hla2_control_v2pmhc_8237840b8e248746_s314159_model_0.cif,"Computational pMHC geometry prioritization only; not evidence of presentation, TCR binding, activation, cross-reactivity, molecular mimicry, or MS mechanism.",IRVLRAFTS,5,V2PMHC_8237840b8e248746,/Users/anishsharma/Library/Mobile Documents/com~apple~CloudDocs/Downloads/folds_2026_08_27_04_51/ebvms_hla2_control_v2pmhc_8237840b8e248746_s314159/fold_ebvms_hla2_control_v2pmhc_8237840b8e248746_s314159_full_data_0.json,False,0.94,ebvms_hla2_control_v2pmhc_8237840b8e248746_s314159,True,178,189,HPNIIRVLRAFTSSV,314159,0.94,0.96,True,0,pass_exact_clash_free,v2_fresh_attribution_pilot,/Users/anishsharma/Library/Mobile Documents/com~apple~CloudDocs/Downloads/folds_2026_08_27_04_51/ebvms_hla2_control_v2pmhc_8237840b8e248746_s314159/fold_ebvms_hla2_control_v2pmhc_8237840b8e248746_s314159_summary_confidences_0.json,SYS_BALF5_MBP_HY2E11;SYS_ENGA_MBP_OB1A12
/Users/anishsharma/Library/Mobile Documents/com~apple~CloudDocs/Downloads/folds_2026_08_27_04_51/ebvms_hla2_control_v2pmhc_8237840b8e248746_s314159/fold_ebvms_hla2_control_v2pmhc_8237840b8e248746_s314159_model_1.cif,"Computational pMHC geometry prioritization only; not evidence of presentation, TCR binding, activation, cross-reactivity, molecular mimicry, or MS mechanism.",IRVLRAFTS,5,V2PMHC_8237840b8e248746,/Users/anishsharma/Library/Mobile Documents/com~apple~CloudDocs/Downloads/folds_2026_08_27_04_51/ebvms_hla2_control_v2pmhc_8237840b8e248746_s314159/fold_ebvms_hla2_control_v2pmhc_8237840b8e248746_s314159_full_data_1.json,False,0.93,ebvms_hla2_control_v2pmhc_8237840b8e248746_s314159,True,178,189,HPNIIRVLRAFTSSV,314159,0.93,0.95,True,1,pass_exact_clash_free,v2_fresh_attribution_pilot,/Users/anishsharma/Library/Mobile Documents/com~apple~CloudDocs/Downloads/folds_2026_08_27_04_51/ebvms_hla2_control_v2pmhc_8237840b8e248746_s314159/fold_ebvms_hla2_control_v2pmhc_8237840b8e248746_s314159_summary_confidences_1.json,SYS_BALF5_MBP_HY2E11;SYS_ENGA_MBP_OB1A12
/Users/anishsharma/Library/Mobile Documents/com~apple~CloudDocs/Downloads/folds_2026_08_27_04_51/ebvms_hla2_control_v2pmhc_8237840b8e248746_s314159/fold_ebvms_hla2_control_v2pmhc_8237840b8e248746_s314159_model_2.cif,"Computational pMHC geometry prioritization only; not evidence of presentation, TCR binding, activation, cross-reactivity, molecular mimicry, or MS mechanism.",IRVLRAFTS,5,V2PMHC_8237840b8e248746,/Users/anishsharma/Library/Mobile Documents/com~apple~CloudDocs/Downloads/folds_2026_08_27_04_51/ebvms_hla2_control_v2pmhc_8237840b8e248746_s314159/fold_ebvms_hla2_control_v2pmhc_8237840b8e248746_s314159_full_data_2.json,False,0.93,ebvms_hla2_control_v2pmhc_8237840b8e248746_s314159,True,178,189,HPNIIRVLRAFTSSV,314159,0.93,0.95,True,2,pass_exact_clash_free,v2_fresh_attribution_pilot,/Users/anishsharma/Library/Mobile Documents/com~apple~CloudDocs/Downloads/folds_2026_08_27_04_51/ebvms_hla2_control_v2pmhc_8237840b8e248746_s314159/fold_ebvms_hla2_control_v2pmhc_8237840b8e248746_s314159_summary_confidences_2.json,SYS_BALF5_MBP_HY2E11;SYS_ENGA_MBP_OB1A12
/Users/anishsharma/Library/Mobile Documents/com~apple~CloudDocs/Downloads/folds_2026_08_27_04_51/ebvms_hla2_control_v2pmhc_8237840b8e248746_s314159/fold_ebvms_hla2_control_v2pmhc_8237840b8e248746_s314159_model_3.cif,"Computational pMHC geometry prioritization only; not evidence of presentation, TCR binding, activation, cross-reactivity, molecular mimicry, or MS mechanism.",IRVLRAFTS,5,V2PMHC_8237840b8e248746,/Users/anishsharma/Library/Mobile Documents/com~apple~CloudDocs/Downloads/folds_2026_08_27_04_51/ebvms_hla2_control_v2pmhc_8237840b8e248746_s314159/fold_ebvms_hla2_control_v2pmhc_8237840b8e248746_s314159_full_data_3.json,False,0.93,ebvms_hla2_control_v2pmhc_8237840b8e248746_s314159,True,178,189,HPNIIRVLRAFTSSV,314159,0.93,0.95,True,3,pass_exact_clash_free,v2_fresh_attribution_pilot,/Users/anishsharma/Library/Mobile Documents/com~apple~CloudDocs/Downloads/folds_2026_08_27_04_51/ebvms_hla2_control_v2pmhc_8237840b8e248746_s314159/fold_ebvms_hla2_control_v2pmhc_8237840b8e248746_s314159_summary_confidences_3.json,SYS_BALF5_MBP_HY2E11;SYS_ENGA_MBP_OB1A12
/Users/anishsharma/Library/Mobile Documents/com~apple~CloudDocs/Downloads/folds_2026_08_27_04_51/ebvms_hla2_control_v2pmhc_8237840b8e248746_s314159/fold_ebvms_hla2_control_v2pmhc_8237840b8e248746_s314159_model_4.cif,"Computational pMHC geometry prioritization only; not evidence of presentation, TCR binding, activation, cross-reactivity, molecular mimicry, or MS mechanism.",IRVLRAFTS,5,V2PMHC_8237840b8e248746,/Users/anishsharma/Library/Mobile Documents/com~apple~CloudDocs/Downloads/folds_2026_08_27_04_51/ebvms_hla2_control_v2pmhc_8237840b8e248746_s314159/fold_ebvms_hla2_control_v2pmhc_8237840b8e248746_s314159_full_data_4.json,False,0.92,ebvms_hla2_control_v2pmhc_8237840b8e248746_s314159,True,178,189,HPNIIRVLRAFTSSV,314159,0.93,0.95,True,4,pass_exact_clash_free,v2_fresh_attribution_pilot,/Users/anishsharma/Library/Mobile Documents/com~apple~CloudDocs/Downloads/folds_2026_08_27_04_51/ebvms_hla2_control_v2pmhc_8237840b8e248746_s314159/fold_ebvms_hla2_control_v2pmhc_8237840b8e248746_s314159_summary_confidences_4.json,SYS_BALF5_MBP_HY2E11;SYS_ENGA_MBP_OB1A12
/Users/anishsharma/Library/Mobile Documents/com~apple~CloudDocs/Downloads/folds_2026_08_27_04_51/ebvms_hla2_control_v2pmhc_8fc08fae0f1ffde1_s271828/fold_ebvms_hla2_control_v2pmhc_8fc08fae0f1ffde1_s271828_model_0.cif,"Computational pMHC geometry prioritization only; not evidence of presentation, TCR binding, activation, cross-reactivity, molecular mimicry, or MS mechanism.",VHFFKNIVT,5,V2PMHC_8fc08fae0f1ffde1,/Users/anishsharma/Library/Mobile Documents/com~apple~CloudDocs/Downloads/folds_2026_08_27_04_51/ebvms_hla2_control_v2pmhc_8fc08fae0f1ffde1_s271828/fold_ebvms_hla2_control_v2pmhc_8fc08fae0f1ffde1_s271828_full_data_0.json,False,0.91,ebvms_hla2_control_v2pmhc_8fc08fae0f1ffde1_s271828,True,194,202,ENPVVHFFKNIVTPR,271828,0.9,0.99,True,0,pass_exact_clash_free,v2_fresh_attribution_pilot,/Users/anishsharma/Library/Mobile Documents/com~apple~CloudDocs/Downloads/folds_2026_08_27_04_51/ebvms_hla2_control_v2pmhc_8fc08fae0f1ffde1_s271828/fold_ebvms_hla2_control_v2pmhc_8fc08fae0f1ffde1_s271828_summary_confidences_0.json,SYS_MICROBIAL_MBP_HY1B11
/Users/anishsharma/Library/Mobile Documents/com~apple~CloudDocs/Downloads/folds_2026_08_27_04_51/ebvms_hla2_control_v2pmhc_8fc08fae0f1ffde1_s271828/fold_ebvms_hla2_control_v2pmhc_8fc08fae0f1ffde1_s271828_model_1.cif,"Computational pMHC geometry prioritization only; not evidence of presentation, TCR binding, activation, cross-reactivity, molecular mimicry, or MS mechanism.",VHFFKNIVT,5,V2PMHC_8fc08fae0f1ffde1,/Users/anishsharma/Library/Mobile Documents/com~apple~CloudDocs/Downloads/folds_2026_08_27_04_51/ebvms_hla2_control_v2pmhc_8fc08fae0f1ffde1_s271828/fold_ebvms_hla2_control_v2pmhc_8fc08fae0f1ffde1_s271828_full_data_1.json,False,0.91,ebvms_hla2_control_v2pmhc_8fc08fae0f1ffde1_s271828,True,194,202,ENPVVHFFKNIVTPR,271828,0.9,0.99,True,1,pass_exact_clash_free,v2_fresh_attribution_pilot,/Users/anishsharma/Library/Mobile Documents/com~apple~CloudDocs/Downloads/folds_2026_08_27_04_51/ebvms_hla2_control_v2pmhc_8fc08fae0f1ffde1_s271828/fold_ebvms_hla2_control_v2pmhc_8fc08fae0f1ffde1_s271828_summary_confidences_1.json,SYS_MICROBIAL_MBP_HY1B11
/Users/anishsharma/Library/Mobile Documents/com~apple~CloudDocs/Downloads/folds_2026_08_27_04_51/ebvms_hla2_control_v2pmhc_8fc08fae0f1ffde1_s271828/fold_ebvms_hla2_control_v2pmhc_8fc08fae0f1ffde1_s271828_model_2.cif,"Computational pMHC geometry prioritization only; not evidence of presentation, TCR binding, activation, cross-reactivity, molecular mimicry, or MS mechanism.",VHFFKNIVT,5,V2PMHC_8fc08fae0f1ffde1,/Users/anishsharma/Library/Mobile Documents/com~apple~CloudDocs/Downloads/folds_2026_08_27_04_51/ebvms_hla2_control_v2pmhc_8fc08fae0f1ffde1_s271828/fold_ebvms_hla2_control_v2pmhc_8fc08fae0f1ffde1_s271828_full_data_2.json,False,0.91,ebvms_hla2_control_v2pmhc_8fc08fae0f1ffde1_s271828,True,194,202,ENPVVHFFKNIVTPR,271828,0.9,0.99,True,2,pass_exact_clash_free,v2_fresh_attribution_pilot,/Users/anishsharma/Library/Mobile Documents/com~apple~CloudDocs/Downloads/folds_2026_08_27_04_51/ebvms_hla2_control_v2pmhc_8fc08fae0f1ffde1_s271828/fold_ebvms_hla2_control_v2pmhc_8fc08fae0f1ffde1_s271828_summary_confidences_2.json,SYS_MICROBIAL_MBP_HY1B11
/Users/anishsharma/Library/Mobile Documents/com~apple~CloudDocs/Downloads/folds_2026_08_27_04_51/ebvms_hla2_control_v2pmhc_8fc08fae0f1ffde1_s271828/fold_ebvms_hla2_control_v2pmhc_8fc08fae0f1ffde1_s271828_model_3.cif,"Computational pMHC geometry prioritization only; not evidence of presentation, TCR binding, activation, cross-reactivity, molecular mimicry, or MS mechanism.",VHFFKNIVT,5,V2PMHC_8fc08fae0f1ffde1,/Users/anishsharma/Library/Mobile Documents/com~apple~CloudDocs/Downloads/folds_2026_08_27_04_51/ebvms_hla2_control_v2pmhc_8fc08fae0f1ffde1_s271828/fold_ebvms_hla2_control_v2pmhc_8fc08fae0f1ffde1_s271828_full_data_3.json,False,0.91,ebvms_hla2_control_v2pmhc_8fc08fae0f1ffde1_s271828,True,194,202,ENPVVHFFKNIVTPR,271828,0.9,0.99,True,3,pass_exact_clash_free,v2_fresh_attribution_pilot,/Users/anishsharma/Library/Mobile Documents/com~apple~CloudDocs/Downloads/folds_2026_08_27_04_51/ebvms_hla2_control_v2pmhc_8fc08fae0f1ffde1_s271828/fold_ebvms_hla2_control_v2pmhc_8fc08fae0f1ffde1_s271828_summary_confidences_3.json,SYS_MICROBIAL_MBP_HY1B11
/Users/anishsharma/Library/Mobile Documents/com~apple~CloudDocs/Downloads/folds_2026_08_27_04_51/ebvms_hla2_control_v2pmhc_8fc08fae0f1ffde1_s271828/fold_ebvms_hla2_control_v2pmhc_8fc08fae0f1ffde1_s271828_model_4.cif,"Computational pMHC geometry prioritization only; not evidence of presentation, TCR binding, activation, cross-reactivity, molecular mimicry, or MS mechanism.",VHFFKNIVT,5,V2PMHC_8fc08fae0f1ffde1,/Users/anishsharma/Library/Mobile Documents/com~apple~CloudDocs/Downloads/folds_2026_08_27_04_51/ebvms_hla2_control_v2pmhc_8fc08fae0f1ffde1_s271828/fold_ebvms_hla2_control_v2pmhc_8fc08fae0f1ffde1_s271828_full_data_4.json,False,0.91,ebvms_hla2_control_v2pmhc_8fc08fae0f1ffde1_s271828,True,194,202,ENPVVHFFKNIVTPR,271828,0.9,0.98,True,4,pass_exact_clash_free,v2_fresh_attribution_pilot,/Users/anishsharma/Library/Mobile Documents/com~apple~CloudDocs/Downloads/folds_2026_08_27_04_51/ebvms_hla2_control_v2pmhc_8fc08fae0f1ffde1_s271828/fold_ebvms_hla2_control_v2pmhc_8fc08fae0f1ffde1_s271828_summary_confidences_4.json,SYS_MICROBIAL_MBP_HY1B11
/Users/anishsharma/Library/Mobile Documents/com~apple~CloudDocs/Downloads/folds_2026_08_27_04_51/ebvms_hla2_control_v2pmhc_8fc08fae0f1ffde1_s314159/fold_ebvms_hla2_control_v2pmhc_8fc08fae0f1ffde1_s314159_model_0.cif,"Computational pMHC geometry prioritization only; not evidence of presentation, TCR binding, activation, cross-reactivity, molecular mimicry, or MS mechanism.",VHFFKNIVT,5,V2PMHC_8fc08fae0f1ffde1,/Users/anishsharma/Library/Mobile Documents/com~apple~CloudDocs/Downloads/folds_2026_08_27_04_51/ebvms_hla2_control_v2pmhc_8fc08fae0f1ffde1_s314159/fold_ebvms_hla2_control_v2pmhc_8fc08fae0f1ffde1_s314159_full_data_0.json,False,0.91,ebvms_hla2_control_v2pmhc_8fc08fae0f1ffde1_s314159,True,194,202,ENPVVHFFKNIVTPR,314159,0.9,0.99,True,0,pass_exact_clash_free,v2_fresh_attribution_pilot,/Users/anishsharma/Library/Mobile Documents/com~apple~CloudDocs/Downloads/folds_2026_08_27_04_51/ebvms_hla2_control_v2pmhc_8fc08fae0f1ffde1_s314159/fold_ebvms_hla2_control_v2pmhc_8fc08fae0f1ffde1_s314159_summary_confidences_0.json,SYS_MICROBIAL_MBP_HY1B11
/Users/anishsharma/Library/Mobile Documents/com~apple~CloudDocs/Downloads/folds_2026_08_27_04_51/ebvms_hla2_control_v2pmhc_8fc08fae0f1ffde1_s314159/fold_ebvms_hla2_control_v2pmhc_8fc08fae0f1ffde1_s314159_model_1.cif,"Computational pMHC geometry prioritization only; not evidence of presentation, TCR binding, activation, cross-reactivity, molecular mimicry, or MS mechanism.",VHFFKNIVT,5,V2PMHC_8fc08fae0f1ffde1,/Users/anishsharma/Library/Mobile Documents/com~apple~CloudDocs/Downloads/folds_2026_08_27_04_51/ebvms_hla2_control_v2pmhc_8fc08fae0f1ffde1_s314159/fold_ebvms_hla2_control_v2pmhc_8fc08fae0f1ffde1_s314159_full_data_1.json,False,0.91,ebvms_hla2_control_v2pmhc_8fc08fae0f1ffde1_s314159,True,194,202,ENPVVHFFKNIVTPR,314159,0.9,0.99,True,1,pass_exact_clash_free,v2_fresh_attribution_pilot,/Users/anishsharma/Library/Mobile Documents/com~apple~CloudDocs/Downloads/folds_2026_08_27_04_51/ebvms_hla2_control_v2pmhc_8fc08fae0f1ffde1_s314159/fold_ebvms_hla2_control_v2pmhc_8fc08fae0f1ffde1_s314159_summary_confidences_1.json,SYS_MICROBIAL_MBP_HY1B11
/Users/anishsharma/Library/Mobile Documents/com~apple~CloudDocs/Downloads/folds_2026_08_27_04_51/ebvms_hla2_control_v2pmhc_8fc08fae0f1ffde1_s314159/fold_ebvms_hla2_control_v2pmhc_8fc08fae0f1ffde1_s314159_model_2.cif,"Computational pMHC geometry prioritization only; not evidence of presentation, TCR binding, activation, cross-reactivity, molecular mimicry, or MS mechanism.",VHFFKNIVT,5,V2PMHC_8fc08fae0f1ffde1,/Users/anishsharma/Library/Mobile Documents/com~apple~CloudDocs/Downloads/folds_2026_08_27_04_51/ebvms_hla2_control_v2pmhc_8fc08fae0f1ffde1_s314159/fold_ebvms_hla2_control_v2pmhc_8fc08fae0f1ffde1_s314159_full_data_2.json,False,0.91,ebvms_hla2_control_v2pmhc_8fc08fae0f1ffde1_s314159,True,194,202,ENPVVHFFKNIVTPR,314159,0.9,0.99,True,2,pass_exact_clash_free,v2_fresh_attribution_pilot,/Users/anishsharma/Library/Mobile Documents/com~apple~CloudDocs/Downloads/folds_2026_08_27_04_51/ebvms_hla2_control_v2pmhc_8fc08fae0f1ffde1_s314159/fold_ebvms_hla2_control_v2pmhc_8fc08fae0f1ffde1_s314159_summary_confidences_2.json,SYS_MICROBIAL_MBP_HY1B11
/Users/anishsharma/Library/Mobile Documents/com~apple~CloudDocs/Downloads/folds_2026_08_27_04_51/ebvms_hla2_control_v2pmhc_8fc08fae0f1ffde1_s314159/fold_ebvms_hla2_control_v2pmhc_8fc08fae0f1ffde1_s314159_model_3.cif,"Computational pMHC geometry prioritization only; not evidence of presentation, TCR binding, activation, cross-reactivity, molecular mimicry, or MS mechanism.",VHFFKNIVT,5,V2PMHC_8fc08fae0f1ffde1,/Users/anishsharma/Library/Mobile Documents/com~apple~CloudDocs/Downloads/folds_2026_08_27_04_51/ebvms_hla2_control_v2pmhc_8fc08fae0f1ffde1_s314159/fold_ebvms_hla2_control_v2pmhc_8fc08fae0f1ffde1_s314159_full_data_3.json,False,0.91,ebvms_hla2_control_v2pmhc_8fc08fae0f1ffde1_s314159,True,194,202,ENPVVHFFKNIVTPR,314159,0.9,0.99,True,3,pass_exact_clash_free,v2_fresh_attribution_pilot,/Users/anishsharma/Library/Mobile Documents/com~apple~CloudDocs/Downloads/folds_2026_08_27_04_51/ebvms_hla2_control_v2pmhc_8fc08fae0f1ffde1_s314159/fold_ebvms_hla2_control_v2pmhc_8fc08fae0f1ffde1_s314159_summary_confidences_3.json,SYS_MICROBIAL_MBP_HY1B11
/Users/anishsharma/Library/Mobile Documents/com~apple~CloudDocs/Downloads/folds_2026_08_27_04_51/ebvms_hla2_control_v2pmhc_8fc08fae0f1ffde1_s314159/fold_ebvms_hla2_control_v2pmhc_8fc08fae0f1ffde1_s314159_model_4.cif,"Computational pMHC geometry prioritization only; not evidence of presentation, TCR binding, activation, cross-reactivity, molecular mimicry, or MS mechanism.",VHFFKNIVT,5,V2PMHC_8fc08fae0f1ffde1,/Users/anishsharma/Library/Mobile Documents/com~apple~CloudDocs/Downloads/folds_2026_08_27_04_51/ebvms_hla2_control_v2pmhc_8fc08fae0f1ffde1_s314159/fold_ebvms_hla2_control_v2pmhc_8fc08fae0f1ffde1_s314159_full_data_4.json,False,0.91,ebvms_hla2_control_v2pmhc_8fc08fae0f1ffde1_s314159,True,194,202,ENPVVHFFKNIVTPR,314159,0.9,0.99,True,4,pass_exact_clash_free,v2_fresh_attribution_pilot,/Users/anishsharma/Library/Mobile Documents/com~apple~CloudDocs/Downloads/folds_2026_08_27_04_51/ebvms_hla2_control_v2pmhc_8fc08fae0f1ffde1_s314159/fold_ebvms_hla2_control_v2pmhc_8fc08fae0f1ffde1_s314159_summary_confidences_4.json,SYS_MICROBIAL_MBP_HY1B11
/Users/anishsharma/Library/Mobile Documents/com~apple~CloudDocs/Downloads/folds_2026_08_27_04_51/ebvms_hla2_control_v2pmhc_9752d8e24d9b0da8_s271828/fold_ebvms_hla2_control_v2pmhc_9752d8e24d9b0da8_s271828_model_0.cif,"Computational pMHC geometry prioritization only; not evidence of presentation, TCR binding, activation, cross-reactivity, molecular mimicry, or MS mechanism.",ILIYNGWYA,4,V2PMHC_9752d8e24d9b0da8,/Users/anishsharma/Library/Mobile Documents/com~apple~CloudDocs/Downloads/folds_2026_08_27_04_51/ebvms_hla2_control_v2pmhc_9752d8e24d9b0da8_s271828/fold_ebvms_hla2_control_v2pmhc_9752d8e24d9b0da8_s271828_full_data_0.json,False,0.9,ebvms_hla2_control_v2pmhc_9752d8e24d9b0da8_s271828,True,194,202,VTNILIYNGWYADS,271828,0.89,0.98,True,0,pass_exact_clash_free,v2_fresh_attribution_pilot,/Users/anishsharma/Library/Mobile Documents/com~apple~CloudDocs/Downloads/folds_2026_08_27_04_51/ebvms_hla2_control_v2pmhc_9752d8e24d9b0da8_s271828/fold_ebvms_hla2_control_v2pmhc_9752d8e24d9b0da8_s271828_summary_confidences_0.json,SYS_MICROBIAL_MBP_HY1B11
/Users/anishsharma/Library/Mobile Documents/com~apple~CloudDocs/Downloads/folds_2026_08_27_04_51/ebvms_hla2_control_v2pmhc_9752d8e24d9b0da8_s271828/fold_ebvms_hla2_control_v2pmhc_9752d8e24d9b0da8_s271828_model_1.cif,"Computational pMHC geometry prioritization only; not evidence of presentation, TCR binding, activation, cross-reactivity, molecular mimicry, or MS mechanism.",ILIYNGWYA,4,V2PMHC_9752d8e24d9b0da8,/Users/anishsharma/Library/Mobile Documents/com~apple~CloudDocs/Downloads/folds_2026_08_27_04_51/ebvms_hla2_control_v2pmhc_9752d8e24d9b0da8_s271828/fold_ebvms_hla2_control_v2pmhc_9752d8e24d9b0da8_s271828_full_data_1.json,False,0.89,ebvms_hla2_control_v2pmhc_9752d8e24d9b0da8_s271828,True,194,202,VTNILIYNGWYADS,271828,0.89,0.97,True,1,pass_exact_clash_free,v2_fresh_attribution_pilot,/Users/anishsharma/Library/Mobile Documents/com~apple~CloudDocs/Downloads/folds_2026_08_27_04_51/ebvms_hla2_control_v2pmhc_9752d8e24d9b0da8_s271828/fold_ebvms_hla2_control_v2pmhc_9752d8e24d9b0da8_s271828_summary_confidences_1.json,SYS_MICROBIAL_MBP_HY1B11
/Users/anishsharma/Library/Mobile Documents/com~apple~CloudDocs/Downloads/folds_2026_08_27_04_51/ebvms_hla2_control_v2pmhc_9752d8e24d9b0da8_s271828/fold_ebvms_hla2_control_v2pmhc_9752d8e24d9b0da8_s271828_model_2.cif,"Computational pMHC geometry prioritization only; not evidence of presentation, TCR binding, activation, cross-reactivity, molecular mimicry, or MS mechanism.",ILIYNGWYA,4,V2PMHC_9752d8e24d9b0da8,/Users/anishsharma/Library/Mobile Documents/com~apple~CloudDocs/Downloads/folds_2026_08_27_04_51/ebvms_hla2_control_v2pmhc_9752d8e24d9b0da8_s271828/fold_ebvms_hla2_control_v2pmhc_9752d8e24d9b0da8_s271828_full_data_2.json,False,0.9,ebvms_hla2_control_v2pmhc_9752d8e24d9b0da8_s271828,True,194,202,VTNILIYNGWYADS,271828,0.89,0.97,True,2,pass_exact_clash_free,v2_fresh_attribution_pilot,/Users/anishsharma/Library/Mobile Documents/com~apple~CloudDocs/Downloads/folds_2026_08_27_04_51/ebvms_hla2_control_v2pmhc_9752d8e24d9b0da8_s271828/fold_ebvms_hla2_control_v2pmhc_9752d8e24d9b0da8_s271828_summary_confidences_2.json,SYS_MICROBIAL_MBP_HY1B11
/Users/anishsharma/Library/Mobile Documents/com~apple~CloudDocs/Downloads/folds_2026_08_27_04_51/ebvms_hla2_control_v2pmhc_9752d8e24d9b0da8_s271828/fold_ebvms_hla2_control_v2pmhc_9752d8e24d9b0da8_s271828_model_3.cif,"Computational pMHC geometry prioritization only; not evidence of presentation, TCR binding, activation, cross-reactivity, molecular mimicry, or MS mechanism.",ILIYNGWYA,4,V2PMHC_9752d8e24d9b0da8,/Users/anishsharma/Library/Mobile Documents/com~apple~CloudDocs/Downloads/folds_2026_08_27_04_51/ebvms_hla2_control_v2pmhc_9752d8e24d9b0da8_s271828/fold_ebvms_hla2_control_v2pmhc_9752d8e24d9b0da8_s271828_full_data_3.json,False,0.9,ebvms_hla2_control_v2pmhc_9752d8e24d9b0da8_s271828,True,194,202,VTNILIYNGWYADS,271828,0.89,0.97,True,3,pass_exact_clash_free,v2_fresh_attribution_pilot,/Users/anishsharma/Library/Mobile Documents/com~apple~CloudDocs/Downloads/folds_2026_08_27_04_51/ebvms_hla2_control_v2pmhc_9752d8e24d9b0da8_s271828/fold_ebvms_hla2_control_v2pmhc_9752d8e24d9b0da8_s271828_summary_confidences_3.json,SYS_MICROBIAL_MBP_HY1B11
/Users/anishsharma/Library/Mobile Documents/com~apple~CloudDocs/Downloads/folds_2026_08_27_04_51/ebvms_hla2_control_v2pmhc_9752d8e24d9b0da8_s271828/fold_ebvms_hla2_control_v2pmhc_9752d8e24d9b0da8_s271828_model_4.cif,"Computational pMHC geometry prioritization only; not evidence of presentation, TCR binding, activation, cross-reactivity, molecular mimicry, or MS mechanism.",ILIYNGWYA,4,V2PMHC_9752d8e24d9b0da8,/Users/anishsharma/Library/Mobile Documents/com~apple~CloudDocs/Downloads/folds_2026_08_27_04_51/ebvms_hla2_control_v2pmhc_9752d8e24d9b0da8_s271828/fold_ebvms_hla2_control_v2pmhc_9752d8e24d9b0da8_s271828_full_data_4.json,False,0.9,ebvms_hla2_control_v2pmhc_9752d8e24d9b0da8_s271828,True,194,202,VTNILIYNGWYADS,271828,0.89,0.96,True,4,pass_exact_clash_free,v2_fresh_attribution_pilot,/Users/anishsharma/Library/Mobile Documents/com~apple~CloudDocs/Downloads/folds_2026_08_27_04_51/ebvms_hla2_control_v2pmhc_9752d8e24d9b0da8_s271828/fold_ebvms_hla2_control_v2pmhc_9752d8e24d9b0da8_s271828_summary_confidences_4.json,SYS_MICROBIAL_MBP_HY1B11
/Users/anishsharma/Library/Mobile Documents/com~apple~CloudDocs/Downloads/folds_2026_08_27_04_51/ebvms_hla2_control_v2pmhc_9752d8e24d9b0da8_s314159/fold_ebvms_hla2_control_v2pmhc_9752d8e24d9b0da8_s314159_model_0.cif,"Computational pMHC geometry prioritization only; not evidence of presentation, TCR binding, activation, cross-reactivity, molecular mimicry, or MS mechanism.",ILIYNGWYA,4,V2PMHC_9752d8e24d9b0da8,/Users/anishsharma/Library/Mobile Documents/com~apple~CloudDocs/Downloads/folds_2026_08_27_04_51/ebvms_hla2_control_v2pmhc_9752d8e24d9b0da8_s314159/fold_ebvms_hla2_control_v2pmhc_9752d8e24d9b0da8_s314159_full_data_0.json,False,0.9,ebvms_hla2_control_v2pmhc_9752d8e24d9b0da8_s314159,True,194,202,VTNILIYNGWYADS,314159,0.89,0.97,True,0,pass_exact_clash_free,v2_fresh_attribution_pilot,/Users/anishsharma/Library/Mobile Documents/com~apple~CloudDocs/Downloads/folds_2026_08_27_04_51/ebvms_hla2_control_v2pmhc_9752d8e24d9b0da8_s314159/fold_ebvms_hla2_control_v2pmhc_9752d8e24d9b0da8_s314159_summary_confidences_0.json,SYS_MICROBIAL_MBP_HY1B11
/Users/anishsharma/Library/Mobile Documents/com~apple~CloudDocs/Downloads/folds_2026_08_27_04_51/ebvms_hla2_control_v2pmhc_9752d8e24d9b0da8_s314159/fold_ebvms_hla2_control_v2pmhc_9752d8e24d9b0da8_s314159_model_1.cif,"Computational pMHC geometry prioritization only; not evidence of presentation, TCR binding, activation, cross-reactivity, molecular mimicry, or MS mechanism.",ILIYNGWYA,4,V2PMHC_9752d8e24d9b0da8,/Users/anishsharma/Library/Mobile Documents/com~apple~CloudDocs/Downloads/folds_2026_08_27_04_51/ebvms_hla2_control_v2pmhc_9752d8e24d9b0da8_s314159/fold_ebvms_hla2_control_v2pmhc_9752d8e24d9b0da8_s314159_full_data_1.json,False,0.9,ebvms_hla2_control_v2pmhc_9752d8e24d9b0da8_s314159,True,194,202,VTNILIYNGWYADS,314159,0.89,0.97,True,1,pass_exact_clash_free,v2_fresh_attribution_pilot,/Users/anishsharma/Library/Mobile Documents/com~apple~CloudDocs/Downloads/folds_2026_08_27_04_51/ebvms_hla2_control_v2pmhc_9752d8e24d9b0da8_s314159/fold_ebvms_hla2_control_v2pmhc_9752d8e24d9b0da8_s314159_summary_confidences_1.json,SYS_MICROBIAL_MBP_HY1B11
/Users/anishsharma/Library/Mobile Documents/com~apple~CloudDocs/Downloads/folds_2026_08_27_04_51/ebvms_hla2_control_v2pmhc_9752d8e24d9b0da8_s314159/fold_ebvms_hla2_control_v2pmhc_9752d8e24d9b0da8_s314159_model_2.cif,"Computational pMHC geometry prioritization only; not evidence of presentation, TCR binding, activation, cross-reactivity, molecular mimicry, or MS mechanism.",ILIYNGWYA,4,V2PMHC_9752d8e24d9b0da8,/Users/anishsharma/Library/Mobile Documents/com~apple~CloudDocs/Downloads/folds_2026_08_27_04_51/ebvms_hla2_control_v2pmhc_9752d8e24d9b0da8_s314159/fold_ebvms_hla2_control_v2pmhc_9752d8e24d9b0da8_s314159_full_data_2.json,False,0.89,ebvms_hla2_control_v2pmhc_9752d8e24d9b0da8_s314159,True,194,202,VTNILIYNGWYADS,314159,0.89,0.97,True,2,pass_exact_clash_free,v2_fresh_attribution_pilot,/Users/anishsharma/Library/Mobile Documents/com~apple~CloudDocs/Downloads/folds_2026_08_27_04_51/ebvms_hla2_control_v2pmhc_9752d8e24d9b0da8_s314159/fold_ebvms_hla2_control_v2pmhc_9752d8e24d9b0da8_s314159_summary_confidences_2.json,SYS_MICROBIAL_MBP_HY1B11
/Users/anishsharma/Library/Mobile Documents/com~apple~CloudDocs/Downloads/folds_2026_08_27_04_51/ebvms_hla2_control_v2pmhc_9752d8e24d9b0da8_s314159/fold_ebvms_hla2_control_v2pmhc_9752d8e24d9b0da8_s314159_model_3.cif,"Computational pMHC geometry prioritization only; not evidence of presentation, TCR binding, activation, cross-reactivity, molecular mimicry, or MS mechanism.",ILIYNGWYA,4,V2PMHC_9752d8e24d9b0da8,/Users/anishsharma/Library/Mobile Documents/com~apple~CloudDocs/Downloads/folds_2026_08_27_04_51/ebvms_hla2_control_v2pmhc_9752d8e24d9b0da8_s314159/fold_ebvms_hla2_control_v2pmhc_9752d8e24d9b0da8_s314159_full_data_3.json,False,0.89,ebvms_hla2_control_v2pmhc_9752d8e24d9b0da8_s314159,True,194,202,VTNILIYNGWYADS,314159,0.89,0.97,True,3,pass_exact_clash_free,v2_fresh_attribution_pilot,/Users/anishsharma/Library/Mobile Documents/com~apple~CloudDocs/Downloads/folds_2026_08_27_04_51/ebvms_hla2_control_v2pmhc_9752d8e24d9b0da8_s314159/fold_ebvms_hla2_control_v2pmhc_9752d8e24d9b0da8_s314159_summary_confidences_3.json,SYS_MICROBIAL_MBP_HY1B11
/Users/anishsharma/Library/Mobile Documents/com~apple~CloudDocs/Downloads/folds_2026_08_27_04_51/ebvms_hla2_control_v2pmhc_9752d8e24d9b0da8_s314159/fold_ebvms_hla2_control_v2pmhc_9752d8e24d9b0da8_s314159_model_4.cif,"Computational pMHC geometry prioritization only; not evidence of presentation, TCR binding, activation, cross-reactivity, molecular mimicry, or MS mechanism.",ILIYNGWYA,4,V2PMHC_9752d8e24d9b0da8,/Users/anishsharma/Library/Mobile Documents/com~apple~CloudDocs/Downloads/folds_2026_08_27_04_51/ebvms_hla2_control_v2pmhc_9752d8e24d9b0da8_s314159/fold_ebvms_hla2_control_v2pmhc_9752d8e24d9b0da8_s314159_full_data_4.json,False,0.89,ebvms_hla2_control_v2pmhc_9752d8e24d9b0da8_s314159,True,194,202,VTNILIYNGWYADS,314159,0.89,0.97,True,4,pass_exact_clash_free,v2_fresh_attribution_pilot,/Users/anishsharma/Library/Mobile Documents/com~apple~CloudDocs/Downloads/folds_2026_08_27_04_51/ebvms_hla2_control_v2pmhc_9752d8e24d9b0da8_s314159/fold_ebvms_hla2_control_v2pmhc_9752d8e24d9b0da8_s314159_summary_confidences_4.json,SYS_MICROBIAL_MBP_HY1B11
/Users/anishsharma/Library/Mobile Documents/com~apple~CloudDocs/Downloads/folds_2026_08_27_04_51/ebvms_hla2_control_v2pmhc_9894a39c837e8dff_s271828/fold_ebvms_hla2_control_v2pmhc_9894a39c837e8dff_s271828_model_0.cif,"Computational pMHC geometry prioritization only; not evidence of presentation, TCR binding, activation, cross-reactivity, molecular mimicry, or MS mechanism.",LFYYIGTML,4,V2PMHC_9894a39c837e8dff,/Users/anishsharma/Library/Mobile Documents/com~apple~CloudDocs/Downloads/folds_2026_08_27_04_51/ebvms_hla2_control_v2pmhc_9894a39c837e8dff_s271828/fold_ebvms_hla2_control_v2pmhc_9894a39c837e8dff_s271828_full_data_0.json,False,0.91,ebvms_hla2_control_v2pmhc_9894a39c837e8dff_s271828,True,194,202,EKQLFYYIGTMLPN,271828,0.9,0.99,True,0,pass_exact_clash_free,v2_fresh_attribution_pilot,/Users/anishsharma/Library/Mobile Documents/com~apple~CloudDocs/Downloads/folds_2026_08_27_04_51/ebvms_hla2_control_v2pmhc_9894a39c837e8dff_s271828/fold_ebvms_hla2_control_v2pmhc_9894a39c837e8dff_s271828_summary_confidences_0.json,SYS_MICROBIAL_MBP_HY1B11
/Users/anishsharma/Library/Mobile Documents/com~apple~CloudDocs/Downloads/folds_2026_08_27_04_51/ebvms_hla2_control_v2pmhc_9894a39c837e8dff_s271828/fold_ebvms_hla2_control_v2pmhc_9894a39c837e8dff_s271828_model_1.cif,"Computational pMHC geometry prioritization only; not evidence of presentation, TCR binding, activation, cross-reactivity, molecular mimicry, or MS mechanism.",LFYYIGTML,4,V2PMHC_9894a39c837e8dff,/Users/anishsharma/Library/Mobile Documents/com~apple~CloudDocs/Downloads/folds_2026_08_27_04_51/ebvms_hla2_control_v2pmhc_9894a39c837e8dff_s271828/fold_ebvms_hla2_control_v2pmhc_9894a39c837e8dff_s271828_full_data_1.json,False,0.91,ebvms_hla2_control_v2pmhc_9894a39c837e8dff_s271828,True,194,202,EKQLFYYIGTMLPN,271828,0.9,0.99,True,1,pass_exact_clash_free,v2_fresh_attribution_pilot,/Users/anishsharma/Library/Mobile Documents/com~apple~CloudDocs/Downloads/folds_2026_08_27_04_51/ebvms_hla2_control_v2pmhc_9894a39c837e8dff_s271828/fold_ebvms_hla2_control_v2pmhc_9894a39c837e8dff_s271828_summary_confidences_1.json,SYS_MICROBIAL_MBP_HY1B11
/Users/anishsharma/Library/Mobile Documents/com~apple~CloudDocs/Downloads/folds_2026_08_27_04_51/ebvms_hla2_control_v2pmhc_9894a39c837e8dff_s271828/fold_ebvms_hla2_control_v2pmhc_9894a39c837e8dff_s271828_model_2.cif,"Computational pMHC geometry prioritization only; not evidence of presentation, TCR binding, activation, cross-reactivity, molecular mimicry, or MS mechanism.",LFYYIGTML,4,V2PMHC_9894a39c837e8dff,/Users/anishsharma/Library/Mobile Documents/com~apple~CloudDocs/Downloads/folds_2026_08_27_04_51/ebvms_hla2_control_v2pmhc_9894a39c837e8dff_s271828/fold_ebvms_hla2_control_v2pmhc_9894a39c837e8dff_s271828_full_data_2.json,False,0.91,ebvms_hla2_control_v2pmhc_9894a39c837e8dff_s271828,True,194,202,EKQLFYYIGTMLPN,271828,0.9,0.98,True,2,pass_exact_clash_free,v2_fresh_attribution_pilot,/Users/anishsharma/Library/Mobile Documents/com~apple~CloudDocs/Downloads/folds_2026_08_27_04_51/ebvms_hla2_control_v2pmhc_9894a39c837e8dff_s271828/fold_ebvms_hla2_control_v2pmhc_9894a39c837e8dff_s271828_summary_confidences_2.json,SYS_MICROBIAL_MBP_HY1B11
/Users/anishsharma/Library/Mobile Documents/com~apple~CloudDocs/Downloads/folds_2026_08_27_04_51/ebvms_hla2_control_v2pmhc_9894a39c837e8dff_s271828/fold_ebvms_hla2_control_v2pmhc_9894a39c837e8dff_s271828_model_3.cif,"Computational pMHC geometry prioritization only; not evidence of presentation, TCR binding, activation, cross-reactivity, molecular mimicry, or MS mechanism.",LFYYIGTML,4,V2PMHC_9894a39c837e8dff,/Users/anishsharma/Library/Mobile Documents/com~apple~CloudDocs/Downloads/folds_2026_08_27_04_51/ebvms_hla2_control_v2pmhc_9894a39c837e8dff_s271828/fold_ebvms_hla2_control_v2pmhc_9894a39c837e8dff_s271828_full_data_3.json,False,0.91,ebvms_hla2_control_v2pmhc_9894a39c837e8dff_s271828,True,194,202,EKQLFYYIGTMLPN,271828,0.9,0.98,True,3,pass_exact_clash_free,v2_fresh_attribution_pilot,/Users/anishsharma/Library/Mobile Documents/com~apple~CloudDocs/Downloads/folds_2026_08_27_04_51/ebvms_hla2_control_v2pmhc_9894a39c837e8dff_s271828/fold_ebvms_hla2_control_v2pmhc_9894a39c837e8dff_s271828_summary_confidences_3.json,SYS_MICROBIAL_MBP_HY1B11
/Users/anishsharma/Library/Mobile Documents/com~apple~CloudDocs/Downloads/folds_2026_08_27_04_51/ebvms_hla2_control_v2pmhc_9894a39c837e8dff_s271828/fold_ebvms_hla2_control_v2pmhc_9894a39c837e8dff_s271828_model_4.cif,"Computational pMHC geometry prioritization only; not evidence of presentation, TCR binding, activation, cross-reactivity, molecular mimicry, or MS mechanism.",LFYYIGTML,4,V2PMHC_9894a39c837e8dff,/Users/anishsharma/Library/Mobile Documents/com~apple~CloudDocs/Downloads/folds_2026_08_27_04_51/ebvms_hla2_control_v2pmhc_9894a39c837e8dff_s271828/fold_ebvms_hla2_control_v2pmhc_9894a39c837e8dff_s271828_full_data_4.json,False,0.91,ebvms_hla2_control_v2pmhc_9894a39c837e8dff_s271828,True,194,202,EKQLFYYIGTMLPN,271828,0.9,0.98,True,4,pass_exact_clash_free,v2_fresh_attribution_pilot,/Users/anishsharma/Library/Mobile Documents/com~apple~CloudDocs/Downloads/folds_2026_08_27_04_51/ebvms_hla2_control_v2pmhc_9894a39c837e8dff_s271828/fold_ebvms_hla2_control_v2pmhc_9894a39c837e8dff_s271828_summary_confidences_4.json,SYS_MICROBIAL_MBP_HY1B11
/Users/anishsharma/Library/Mobile Documents/com~apple~CloudDocs/Downloads/folds_2026_08_27_04_51/ebvms_hla2_control_v2pmhc_9894a39c837e8dff_s314159/fold_ebvms_hla2_control_v2pmhc_9894a39c837e8dff_s314159_model_0.cif,"Computational pMHC geometry prioritization only; not evidence of presentation, TCR binding, activation, cross-reactivity, molecular mimicry, or MS mechanism.",LFYYIGTML,4,V2PMHC_9894a39c837e8dff,/Users/anishsharma/Library/Mobile Documents/com~apple~CloudDocs/Downloads/folds_2026_08_27_04_51/ebvms_hla2_control_v2pmhc_9894a39c837e8dff_s314159/fold_ebvms_hla2_control_v2pmhc_9894a39c837e8dff_s314159_full_data_0.json,False,0.91,ebvms_hla2_control_v2pmhc_9894a39c837e8dff_s314159,True,194,202,EKQLFYYIGTMLPN,314159,0.9,0.99,True,0,pass_exact_clash_free,v2_fresh_attribution_pilot,/Users/anishsharma/Library/Mobile Documents/com~apple~CloudDocs/Downloads/folds_2026_08_27_04_51/ebvms_hla2_control_v2pmhc_9894a39c837e8dff_s314159/fold_ebvms_hla2_control_v2pmhc_9894a39c837e8dff_s314159_summary_confidences_0.json,SYS_MICROBIAL_MBP_HY1B11
/Users/anishsharma/Library/Mobile Documents/com~apple~CloudDocs/Downloads/folds_2026_08_27_04_51/ebvms_hla2_control_v2pmhc_9894a39c837e8dff_s314159/fold_ebvms_hla2_control_v2pmhc_9894a39c837e8dff_s314159_model_1.cif,"Computational pMHC geometry prioritization only; not evidence of presentation, TCR binding, activation, cross-reactivity, molecular mimicry, or MS mechanism.",LFYYIGTML,4,V2PMHC_9894a39c837e8dff,/Users/anishsharma/Library/Mobile Documents/com~apple~CloudDocs/Downloads/folds_2026_08_27_04_51/ebvms_hla2_control_v2pmhc_9894a39c837e8dff_s314159/fold_ebvms_hla2_control_v2pmhc_9894a39c837e8dff_s314159_full_data_1.json,False,0.91,ebvms_hla2_control_v2pmhc_9894a39c837e8dff_s314159,True,194,202,EKQLFYYIGTMLPN,314159,0.9,0.99,True,1,pass_exact_clash_free,v2_fresh_attribution_pilot,/Users/anishsharma/Library/Mobile Documents/com~apple~CloudDocs/Downloads/folds_2026_08_27_04_51/ebvms_hla2_control_v2pmhc_9894a39c837e8dff_s314159/fold_ebvms_hla2_control_v2pmhc_9894a39c837e8dff_s314159_summary_confidences_1.json,SYS_MICROBIAL_MBP_HY1B11
/Users/anishsharma/Library/Mobile Documents/com~apple~CloudDocs/Downloads/folds_2026_08_27_04_51/ebvms_hla2_control_v2pmhc_9894a39c837e8dff_s314159/fold_ebvms_hla2_control_v2pmhc_9894a39c837e8dff_s314159_model_2.cif,"Computational pMHC geometry prioritization only; not evidence of presentation, TCR binding, activation, cross-reactivity, molecular mimicry, or MS mechanism.",LFYYIGTML,4,V2PMHC_9894a39c837e8dff,/Users/anishsharma/Library/Mobile Documents/com~apple~CloudDocs/Downloads/folds_2026_08_27_04_51/ebvms_hla2_control_v2pmhc_9894a39c837e8dff_s314159/fold_ebvms_hla2_control_v2pmhc_9894a39c837e8dff_s314159_full_data_2.json,False,0.91,ebvms_hla2_control_v2pmhc_9894a39c837e8dff_s314159,True,194,202,EKQLFYYIGTMLPN,314159,0.9,0.99,True,2,pass_exact_clash_free,v2_fresh_attribution_pilot,/Users/anishsharma/Library/Mobile Documents/com~apple~CloudDocs/Downloads/folds_2026_08_27_04_51/ebvms_hla2_control_v2pmhc_9894a39c837e8dff_s314159/fold_ebvms_hla2_control_v2pmhc_9894a39c837e8dff_s314159_summary_confidences_2.json,SYS_MICROBIAL_MBP_HY1B11
/Users/anishsharma/Library/Mobile Documents/com~apple~CloudDocs/Downloads/folds_2026_08_27_04_51/ebvms_hla2_control_v2pmhc_9894a39c837e8dff_s314159/fold_ebvms_hla2_control_v2pmhc_9894a39c837e8dff_s314159_model_3.cif,"Computational pMHC geometry prioritization only; not evidence of presentation, TCR binding, activation, cross-reactivity, molecular mimicry, or MS mechanism.",LFYYIGTML,4,V2PMHC_9894a39c837e8dff,/Users/anishsharma/Library/Mobile Documents/com~apple~CloudDocs/Downloads/folds_2026_08_27_04_51/ebvms_hla2_control_v2pmhc_9894a39c837e8dff_s314159/fold_ebvms_hla2_control_v2pmhc_9894a39c837e8dff_s314159_full_data_3.json,False,0.91,ebvms_hla2_control_v2pmhc_9894a39c837e8dff_s314159,True,194,202,EKQLFYYIGTMLPN,314159,0.9,0.99,True,3,pass_exact_clash_free,v2_fresh_attribution_pilot,/Users/anishsharma/Library/Mobile Documents/com~apple~CloudDocs/Downloads/folds_2026_08_27_04_51/ebvms_hla2_control_v2pmhc_9894a39c837e8dff_s314159/fold_ebvms_hla2_control_v2pmhc_9894a39c837e8dff_s314159_summary_confidences_3.json,SYS_MICROBIAL_MBP_HY1B11
/Users/anishsharma/Library/Mobile Documents/com~apple~CloudDocs/Downloads/folds_2026_08_27_04_51/ebvms_hla2_control_v2pmhc_9894a39c837e8dff_s314159/fold_ebvms_hla2_control_v2pmhc_9894a39c837e8dff_s314159_model_4.cif,"Computational pMHC geometry prioritization only; not evidence of presentation, TCR binding, activation, cross-reactivity, molecular mimicry, or MS mechanism.",LFYYIGTML,4,V2PMHC_9894a39c837e8dff,/Users/anishsharma/Library/Mobile Documents/com~apple~CloudDocs/Downloads/folds_2026_08_27_04_51/ebvms_hla2_control_v2pmhc_9894a39c837e8dff_s314159/fold_ebvms_hla2_control_v2pmhc_9894a39c837e8dff_s314159_full_data_4.json,False,0.91,ebvms_hla2_control_v2pmhc_9894a39c837e8dff_s314159,True,194,202,EKQLFYYIGTMLPN,314159,0.9,0.98,True,4,pass_exact_clash_free,v2_fresh_attribution_pilot,/Users/anishsharma/Library/Mobile Documents/com~apple~CloudDocs/Downloads/folds_2026_08_27_04_51/ebvms_hla2_control_v2pmhc_9894a39c837e8dff_s314159/fold_ebvms_hla2_control_v2pmhc_9894a39c837e8dff_s314159_summary_confidences_4.json,SYS_MICROBIAL_MBP_HY1B11
/Users/anishsharma/Library/Mobile Documents/com~apple~CloudDocs/Downloads/folds_2026_08_27_04_51/ebvms_hla2_control_v2pmhc_a9689c9b7442faad_s271828/fold_ebvms_hla2_control_v2pmhc_a9689c9b7442faad_s271828_model_0.cif,"Computational pMHC geometry prioritization only; not evidence of presentation, TCR binding, activation, cross-reactivity, molecular mimicry, or MS mechanism.",MLFAKDVVS,4,V2PMHC_a9689c9b7442faad,/Users/anishsharma/Library/Mobile Documents/com~apple~CloudDocs/Downloads/folds_2026_08_27_04_51/ebvms_hla2_control_v2pmhc_a9689c9b7442faad_s271828/fold_ebvms_hla2_control_v2pmhc_a9689c9b7442faad_s271828_full_data_0.json,False,0.91,ebvms_hla2_control_v2pmhc_a9689c9b7442faad_s271828,True,194,202,RLLMLFAKDVVSRN,271828,0.9,0.98,True,0,pass_exact_clash_free,v2_fresh_attribution_pilot,/Users/anishsharma/Library/Mobile Documents/com~apple~CloudDocs/Downloads/folds_2026_08_27_04_51/ebvms_hla2_control_v2pmhc_a9689c9b7442faad_s271828/fold_ebvms_hla2_control_v2pmhc_a9689c9b7442faad_s271828_summary_confidences_0.json,SYS_MICROBIAL_MBP_HY1B11
/Users/anishsharma/Library/Mobile Documents/com~apple~CloudDocs/Downloads/folds_2026_08_27_04_51/ebvms_hla2_control_v2pmhc_a9689c9b7442faad_s271828/fold_ebvms_hla2_control_v2pmhc_a9689c9b7442faad_s271828_model_1.cif,"Computational pMHC geometry prioritization only; not evidence of presentation, TCR binding, activation, cross-reactivity, molecular mimicry, or MS mechanism.",MLFAKDVVS,4,V2PMHC_a9689c9b7442faad,/Users/anishsharma/Library/Mobile Documents/com~apple~CloudDocs/Downloads/folds_2026_08_27_04_51/ebvms_hla2_control_v2pmhc_a9689c9b7442faad_s271828/fold_ebvms_hla2_control_v2pmhc_a9689c9b7442faad_s271828_full_data_1.json,False,0.9,ebvms_hla2_control_v2pmhc_a9689c9b7442faad_s271828,True,194,202,RLLMLFAKDVVSRN,271828,0.9,0.98,True,1,pass_exact_clash_free,v2_fresh_attribution_pilot,/Users/anishsharma/Library/Mobile Documents/com~apple~CloudDocs/Downloads/folds_2026_08_27_04_51/ebvms_hla2_control_v2pmhc_a9689c9b7442faad_s271828/fold_ebvms_hla2_control_v2pmhc_a9689c9b7442faad_s271828_summary_confidences_1.json,SYS_MICROBIAL_MBP_HY1B11
/Users/anishsharma/Library/Mobile Documents/com~apple~CloudDocs/Downloads/folds_2026_08_27_04_51/ebvms_hla2_control_v2pmhc_a9689c9b7442faad_s271828/fold_ebvms_hla2_control_v2pmhc_a9689c9b7442faad_s271828_model_2.cif,"Computational pMHC geometry prioritization only; not evidence of presentation, TCR binding, activation, cross-reactivity, molecular mimicry, or MS mechanism.",MLFAKDVVS,4,V2PMHC_a9689c9b7442faad,/Users/anishsharma/Library/Mobile Documents/com~apple~CloudDocs/Downloads/folds_2026_08_27_04_51/ebvms_hla2_control_v2pmhc_a9689c9b7442faad_s271828/fold_ebvms_hla2_control_v2pmhc_a9689c9b7442faad_s271828_full_data_2.json,False,0.9,ebvms_hla2_control_v2pmhc_a9689c9b7442faad_s271828,True,194,202,RLLMLFAKDVVSRN,271828,0.9,0.98,True,2,pass_exact_clash_free,v2_fresh_attribution_pilot,/Users/anishsharma/Library/Mobile Documents/com~apple~CloudDocs/Downloads/folds_2026_08_27_04_51/ebvms_hla2_control_v2pmhc_a9689c9b7442faad_s271828/fold_ebvms_hla2_control_v2pmhc_a9689c9b7442faad_s271828_summary_confidences_2.json,SYS_MICROBIAL_MBP_HY1B11
/Users/anishsharma/Library/Mobile Documents/com~apple~CloudDocs/Downloads/folds_2026_08_27_04_51/ebvms_hla2_control_v2pmhc_a9689c9b7442faad_s271828/fold_ebvms_hla2_control_v2pmhc_a9689c9b7442faad_s271828_model_3.cif,"Computational pMHC geometry prioritization only; not evidence of presentation, TCR binding, activation, cross-reactivity, molecular mimicry, or MS mechanism.",MLFAKDVVS,4,V2PMHC_a9689c9b7442faad,/Users/anishsharma/Library/Mobile Documents/com~apple~CloudDocs/Downloads/folds_2026_08_27_04_51/ebvms_hla2_control_v2pmhc_a9689c9b7442faad_s271828/fold_ebvms_hla2_control_v2pmhc_a9689c9b7442faad_s271828_full_data_3.json,False,0.9,ebvms_hla2_control_v2pmhc_a9689c9b7442faad_s271828,True,194,202,RLLMLFAKDVVSRN,271828,0.9,0.98,True,3,pass_exact_clash_free,v2_fresh_attribution_pilot,/Users/anishsharma/Library/Mobile Documents/com~apple~CloudDocs/Downloads/folds_2026_08_27_04_51/ebvms_hla2_control_v2pmhc_a9689c9b7442faad_s271828/fold_ebvms_hla2_control_v2pmhc_a9689c9b7442faad_s271828_summary_confidences_3.json,SYS_MICROBIAL_MBP_HY1B11
/Users/anishsharma/Library/Mobile Documents/com~apple~CloudDocs/Downloads/folds_2026_08_27_04_51/ebvms_hla2_control_v2pmhc_a9689c9b7442faad_s271828/fold_ebvms_hla2_control_v2pmhc_a9689c9b7442faad_s271828_model_4.cif,"Computational pMHC geometry prioritization only; not evidence of presentation, TCR binding, activation, cross-reactivity, molecular mimicry, or MS mechanism.",MLFAKDVVS,4,V2PMHC_a9689c9b7442faad,/Users/anishsharma/Library/Mobile Documents/com~apple~CloudDocs/Downloads/folds_2026_08_27_04_51/ebvms_hla2_control_v2pmhc_a9689c9b7442faad_s271828/fold_ebvms_hla2_control_v2pmhc_a9689c9b7442faad_s271828_full_data_4.json,False,0.9,ebvms_hla2_control_v2pmhc_a9689c9b7442faad_s271828,True,194,202,RLLMLFAKDVVSRN,271828,0.9,0.97,True,4,pass_exact_clash_free,v2_fresh_attribution_pilot,/Users/anishsharma/Library/Mobile Documents/com~apple~CloudDocs/Downloads/folds_2026_08_27_04_51/ebvms_hla2_control_v2pmhc_a9689c9b7442faad_s271828/fold_ebvms_hla2_control_v2pmhc_a9689c9b7442faad_s271828_summary_confidences_4.json,SYS_MICROBIAL_MBP_HY1B11
/Users/anishsharma/Library/Mobile Documents/com~apple~CloudDocs/Downloads/folds_2026_08_27_04_51/ebvms_hla2_control_v2pmhc_a9689c9b7442faad_s314159/fold_ebvms_hla2_control_v2pmhc_a9689c9b7442faad_s314159_model_0.cif,"Computational pMHC geometry prioritization only; not evidence of presentation, TCR binding, activation, cross-reactivity, molecular mimicry, or MS mechanism.",MLFAKDVVS,4,V2PMHC_a9689c9b7442faad,/Users/anishsharma/Library/Mobile Documents/com~apple~CloudDocs/Downloads/folds_2026_08_27_04_51/ebvms_hla2_control_v2pmhc_a9689c9b7442faad_s314159/fold_ebvms_hla2_control_v2pmhc_a9689c9b7442faad_s314159_full_data_0.json,False,0.91,ebvms_hla2_control_v2pmhc_a9689c9b7442faad_s314159,True,194,202,RLLMLFAKDVVSRN,314159,0.9,0.98,True,0,pass_exact_clash_free,v2_fresh_attribution_pilot,/Users/anishsharma/Library/Mobile Documents/com~apple~CloudDocs/Downloads/folds_2026_08_27_04_51/ebvms_hla2_control_v2pmhc_a9689c9b7442faad_s314159/fold_ebvms_hla2_control_v2pmhc_a9689c9b7442faad_s314159_summary_confidences_0.json,SYS_MICROBIAL_MBP_HY1B11
/Users/anishsharma/Library/Mobile Documents/com~apple~CloudDocs/Downloads/folds_2026_08_27_04_51/ebvms_hla2_control_v2pmhc_a9689c9b7442faad_s314159/fold_ebvms_hla2_control_v2pmhc_a9689c9b7442faad_s314159_model_1.cif,"Computational pMHC geometry prioritization only; not evidence of presentation, TCR binding, activation, cross-reactivity, molecular mimicry, or MS mechanism.",MLFAKDVVS,4,V2PMHC_a9689c9b7442faad,/Users/anishsharma/Library/Mobile Documents/com~apple~CloudDocs/Downloads/folds_2026_08_27_04_51/ebvms_hla2_control_v2pmhc_a9689c9b7442faad_s314159/fold_ebvms_hla2_control_v2pmhc_a9689c9b7442faad_s314159_full_data_1.json,False,0.9,ebvms_hla2_control_v2pmhc_a9689c9b7442faad_s314159,True,194,202,RLLMLFAKDVVSRN,314159,0.9,0.98,True,1,pass_exact_clash_free,v2_fresh_attribution_pilot,/Users/anishsharma/Library/Mobile Documents/com~apple~CloudDocs/Downloads/folds_2026_08_27_04_51/ebvms_hla2_control_v2pmhc_a9689c9b7442faad_s314159/fold_ebvms_hla2_control_v2pmhc_a9689c9b7442faad_s314159_summary_confidences_1.json,SYS_MICROBIAL_MBP_HY1B11
/Users/anishsharma/Library/Mobile Documents/com~apple~CloudDocs/Downloads/folds_2026_08_27_04_51/ebvms_hla2_control_v2pmhc_a9689c9b7442faad_s314159/fold_ebvms_hla2_control_v2pmhc_a9689c9b7442faad_s314159_model_2.cif,"Computational pMHC geometry prioritization only; not evidence of presentation, TCR binding, activation, cross-reactivity, molecular mimicry, or MS mechanism.",MLFAKDVVS,4,V2PMHC_a9689c9b7442faad,/Users/anishsharma/Library/Mobile Documents/com~apple~CloudDocs/Downloads/folds_2026_08_27_04_51/ebvms_hla2_control_v2pmhc_a9689c9b7442faad_s314159/fold_ebvms_hla2_control_v2pmhc_a9689c9b7442faad_s314159_full_data_2.json,False,0.91,ebvms_hla2_control_v2pmhc_a9689c9b7442faad_s314159,True,194,202,RLLMLFAKDVVSRN,314159,0.9,0.98,True,2,pass_exact_clash_free,v2_fresh_attribution_pilot,/Users/anishsharma/Library/Mobile Documents/com~apple~CloudDocs/Downloads/folds_2026_08_27_04_51/ebvms_hla2_control_v2pmhc_a9689c9b7442faad_s314159/fold_ebvms_hla2_control_v2pmhc_a9689c9b7442faad_s314159_summary_confidences_2.json,SYS_MICROBIAL_MBP_HY1B11
/Users/anishsharma/Library/Mobile Documents/com~apple~CloudDocs/Downloads/folds_2026_08_27_04_51/ebvms_hla2_control_v2pmhc_a9689c9b7442faad_s314159/fold_ebvms_hla2_control_v2pmhc_a9689c9b7442faad_s314159_model_3.cif,"Computational pMHC geometry prioritization only; not evidence of presentation, TCR binding, activation, cross-reactivity, molecular mimicry, or MS mechanism.",MLFAKDVVS,4,V2PMHC_a9689c9b7442faad,/Users/anishsharma/Library/Mobile Documents/com~apple~CloudDocs/Downloads/folds_2026_08_27_04_51/ebvms_hla2_control_v2pmhc_a9689c9b7442faad_s314159/fold_ebvms_hla2_control_v2pmhc_a9689c9b7442faad_s314159_full_data_3.json,False,0.9,ebvms_hla2_control_v2pmhc_a9689c9b7442faad_s314159,True,194,202,RLLMLFAKDVVSRN,314159,0.9,0.98,True,3,pass_exact_clash_free,v2_fresh_attribution_pilot,/Users/anishsharma/Library/Mobile Documents/com~apple~CloudDocs/Downloads/folds_2026_08_27_04_51/ebvms_hla2_control_v2pmhc_a9689c9b7442faad_s314159/fold_ebvms_hla2_control_v2pmhc_a9689c9b7442faad_s314159_summary_confidences_3.json,SYS_MICROBIAL_MBP_HY1B11
/Users/anishsharma/Library/Mobile Documents/com~apple~CloudDocs/Downloads/folds_2026_08_27_04_51/ebvms_hla2_control_v2pmhc_a9689c9b7442faad_s314159/fold_ebvms_hla2_control_v2pmhc_a9689c9b7442faad_s314159_model_4.cif,"Computational pMHC geometry prioritization only; not evidence of presentation, TCR binding, activation, cross-reactivity, molecular mimicry, or MS mechanism.",MLFAKDVVS,4,V2PMHC_a9689c9b7442faad,/Users/anishsharma/Library/Mobile Documents/com~apple~CloudDocs/Downloads/folds_2026_08_27_04_51/ebvms_hla2_control_v2pmhc_a9689c9b7442faad_s314159/fold_ebvms_hla2_control_v2pmhc_a9689c9b7442faad_s314159_full_data_4.json,False,0.89,ebvms_hla2_control_v2pmhc_a9689c9b7442faad_s314159,True,194,202,RLLMLFAKDVVSRN,314159,0.89,0.97,True,4,pass_exact_clash_free,v2_fresh_attribution_pilot,/Users/anishsharma/Library/Mobile Documents/com~apple~CloudDocs/Downloads/folds_2026_08_27_04_51/ebvms_hla2_control_v2pmhc_a9689c9b7442faad_s314159/fold_ebvms_hla2_control_v2pmhc_a9689c9b7442faad_s314159_summary_confidences_4.json,SYS_MICROBIAL_MBP_HY1B11
/Users/anishsharma/Library/Mobile Documents/com~apple~CloudDocs/Downloads/folds_2026_08_27_04_51/ebvms_hla2_control_v2pmhc_aca4d95566b71e51_s271828/fold_ebvms_hla2_control_v2pmhc_aca4d95566b71e51_s271828_model_0.cif,"Computational pMHC geometry prioritization only; not evidence of presentation, TCR binding, activation, cross-reactivity, molecular mimicry, or MS mechanism.",FVMAARQRL,4,V2PMHC_aca4d95566b71e51,/Users/anishsharma/Library/Mobile Documents/com~apple~CloudDocs/Downloads/folds_2026_08_27_04_51/ebvms_hla2_control_v2pmhc_aca4d95566b71e51_s271828/fold_ebvms_hla2_control_v2pmhc_aca4d95566b71e51_s271828_full_data_0.json,False,0.92,ebvms_hla2_control_v2pmhc_aca4d95566b71e51_s271828,True,178,189,ILCFVMAARQRLQDI,271828,0.93,0.94,True,0,pass_exact_clash_free,v2_fresh_attribution_pilot,/Users/anishsharma/Library/Mobile Documents/com~apple~CloudDocs/Downloads/folds_2026_08_27_04_51/ebvms_hla2_control_v2pmhc_aca4d95566b71e51_s271828/fold_ebvms_hla2_control_v2pmhc_aca4d95566b71e51_s271828_summary_confidences_0.json,SYS_ENGA_MBP_OB1A12
/Users/anishsharma/Library/Mobile Documents/com~apple~CloudDocs/Downloads/folds_2026_08_27_04_51/ebvms_hla2_control_v2pmhc_aca4d95566b71e51_s271828/fold_ebvms_hla2_control_v2pmhc_aca4d95566b71e51_s271828_model_1.cif,"Computational pMHC geometry prioritization only; not evidence of presentation, TCR binding, activation, cross-reactivity, molecular mimicry, or MS mechanism.",FVMAARQRL,4,V2PMHC_aca4d95566b71e51,/Users/anishsharma/Library/Mobile Documents/com~apple~CloudDocs/Downloads/folds_2026_08_27_04_51/ebvms_hla2_control_v2pmhc_aca4d95566b71e51_s271828/fold_ebvms_hla2_control_v2pmhc_aca4d95566b71e51_s271828_full_data_1.json,False,0.92,ebvms_hla2_control_v2pmhc_aca4d95566b71e51_s271828,True,178,189,ILCFVMAARQRLQDI,271828,0.93,0.94,True,1,pass_exact_clash_free,v2_fresh_attribution_pilot,/Users/anishsharma/Library/Mobile Documents/com~apple~CloudDocs/Downloads/folds_2026_08_27_04_51/ebvms_hla2_control_v2pmhc_aca4d95566b71e51_s271828/fold_ebvms_hla2_control_v2pmhc_aca4d95566b71e51_s271828_summary_confidences_1.json,SYS_ENGA_MBP_OB1A12
/Users/anishsharma/Library/Mobile Documents/com~apple~CloudDocs/Downloads/folds_2026_08_27_04_51/ebvms_hla2_control_v2pmhc_aca4d95566b71e51_s271828/fold_ebvms_hla2_control_v2pmhc_aca4d95566b71e51_s271828_model_2.cif,"Computational pMHC geometry prioritization only; not evidence of presentation, TCR binding, activation, cross-reactivity, molecular mimicry, or MS mechanism.",FVMAARQRL,4,V2PMHC_aca4d95566b71e51,/Users/anishsharma/Library/Mobile Documents/com~apple~CloudDocs/Downloads/folds_2026_08_27_04_51/ebvms_hla2_control_v2pmhc_aca4d95566b71e51_s271828/fold_ebvms_hla2_control_v2pmhc_aca4d95566b71e51_s271828_full_data_2.json,False,0.92,ebvms_hla2_control_v2pmhc_aca4d95566b71e51_s271828,True,178,189,ILCFVMAARQRLQDI,271828,0.92,0.94,True,2,pass_exact_clash_free,v2_fresh_attribution_pilot,/Users/anishsharma/Library/Mobile Documents/com~apple~CloudDocs/Downloads/folds_2026_08_27_04_51/ebvms_hla2_control_v2pmhc_aca4d95566b71e51_s271828/fold_ebvms_hla2_control_v2pmhc_aca4d95566b71e51_s271828_summary_confidences_2.json,SYS_ENGA_MBP_OB1A12
/Users/anishsharma/Library/Mobile Documents/com~apple~CloudDocs/Downloads/folds_2026_08_27_04_51/ebvms_hla2_control_v2pmhc_aca4d95566b71e51_s271828/fold_ebvms_hla2_control_v2pmhc_aca4d95566b71e51_s271828_model_3.cif,"Computational pMHC geometry prioritization only; not evidence of presentation, TCR binding, activation, cross-reactivity, molecular mimicry, or MS mechanism.",FVMAARQRL,4,V2PMHC_aca4d95566b71e51,/Users/anishsharma/Library/Mobile Documents/com~apple~CloudDocs/Downloads/folds_2026_08_27_04_51/ebvms_hla2_control_v2pmhc_aca4d95566b71e51_s271828/fold_ebvms_hla2_control_v2pmhc_aca4d95566b71e51_s271828_full_data_3.json,False,0.92,ebvms_hla2_control_v2pmhc_aca4d95566b71e51_s271828,True,178,189,ILCFVMAARQRLQDI,271828,0.92,0.94,True,3,pass_exact_clash_free,v2_fresh_attribution_pilot,/Users/anishsharma/Library/Mobile Documents/com~apple~CloudDocs/Downloads/folds_2026_08_27_04_51/ebvms_hla2_control_v2pmhc_aca4d95566b71e51_s271828/fold_ebvms_hla2_control_v2pmhc_aca4d95566b71e51_s271828_summary_confidences_3.json,SYS_ENGA_MBP_OB1A12
/Users/anishsharma/Library/Mobile Documents/com~apple~CloudDocs/Downloads/folds_2026_08_27_04_51/ebvms_hla2_control_v2pmhc_aca4d95566b71e51_s271828/fold_ebvms_hla2_control_v2pmhc_aca4d95566b71e51_s271828_model_4.cif,"Computational pMHC geometry prioritization only; not evidence of presentation, TCR binding, activation, cross-reactivity, molecular mimicry, or MS mechanism.",FVMAARQRL,4,V2PMHC_aca4d95566b71e51,/Users/anishsharma/Library/Mobile Documents/com~apple~CloudDocs/Downloads/folds_2026_08_27_04_51/ebvms_hla2_control_v2pmhc_aca4d95566b71e51_s271828/fold_ebvms_hla2_control_v2pmhc_aca4d95566b71e51_s271828_full_data_4.json,False,0.92,ebvms_hla2_control_v2pmhc_aca4d95566b71e51_s271828,True,178,189,ILCFVMAARQRLQDI,271828,0.92,0.94,True,4,pass_exact_clash_free,v2_fresh_attribution_pilot,/Users/anishsharma/Library/Mobile Documents/com~apple~CloudDocs/Downloads/folds_2026_08_27_04_51/ebvms_hla2_control_v2pmhc_aca4d95566b71e51_s271828/fold_ebvms_hla2_control_v2pmhc_aca4d95566b71e51_s271828_summary_confidences_4.json,SYS_ENGA_MBP_OB1A12
/Users/anishsharma/Library/Mobile Documents/com~apple~CloudDocs/Downloads/folds_2026_08_27_04_51/ebvms_hla2_control_v2pmhc_aca4d95566b71e51_s314159/fold_ebvms_hla2_control_v2pmhc_aca4d95566b71e51_s314159_model_0.cif,"Computational pMHC geometry prioritization only; not evidence of presentation, TCR binding, activation, cross-reactivity, molecular mimicry, or MS mechanism.",FVMAARQRL,4,V2PMHC_aca4d95566b71e51,/Users/anishsharma/Library/Mobile Documents/com~apple~CloudDocs/Downloads/folds_2026_08_27_04_51/ebvms_hla2_control_v2pmhc_aca4d95566b71e51_s314159/fold_ebvms_hla2_control_v2pmhc_aca4d95566b71e51_s314159_full_data_0.json,False,0.92,ebvms_hla2_control_v2pmhc_aca4d95566b71e51_s314159,True,178,189,ILCFVMAARQRLQDI,314159,0.93,0.94,True,0,pass_exact_clash_free,v2_fresh_attribution_pilot,/Users/anishsharma/Library/Mobile Documents/com~apple~CloudDocs/Downloads/folds_2026_08_27_04_51/ebvms_hla2_control_v2pmhc_aca4d95566b71e51_s314159/fold_ebvms_hla2_control_v2pmhc_aca4d95566b71e51_s314159_summary_confidences_0.json,SYS_ENGA_MBP_OB1A12
/Users/anishsharma/Library/Mobile Documents/com~apple~CloudDocs/Downloads/folds_2026_08_27_04_51/ebvms_hla2_control_v2pmhc_aca4d95566b71e51_s314159/fold_ebvms_hla2_control_v2pmhc_aca4d95566b71e51_s314159_model_1.cif,"Computational pMHC geometry prioritization only; not evidence of presentation, TCR binding, activation, cross-reactivity, molecular mimicry, or MS mechanism.",FVMAARQRL,4,V2PMHC_aca4d95566b71e51,/Users/anishsharma/Library/Mobile Documents/com~apple~CloudDocs/Downloads/folds_2026_08_27_04_51/ebvms_hla2_control_v2pmhc_aca4d95566b71e51_s314159/fold_ebvms_hla2_control_v2pmhc_aca4d95566b71e51_s314159_full_data_1.json,False,0.92,ebvms_hla2_control_v2pmhc_aca4d95566b71e51_s314159,True,178,189,ILCFVMAARQRLQDI,314159,0.93,0.94,True,1,pass_exact_clash_free,v2_fresh_attribution_pilot,/Users/anishsharma/Library/Mobile Documents/com~apple~CloudDocs/Downloads/folds_2026_08_27_04_51/ebvms_hla2_control_v2pmhc_aca4d95566b71e51_s314159/fold_ebvms_hla2_control_v2pmhc_aca4d95566b71e51_s314159_summary_confidences_1.json,SYS_ENGA_MBP_OB1A12
/Users/anishsharma/Library/Mobile Documents/com~apple~CloudDocs/Downloads/folds_2026_08_27_04_51/ebvms_hla2_control_v2pmhc_aca4d95566b71e51_s314159/fold_ebvms_hla2_control_v2pmhc_aca4d95566b71e51_s314159_model_2.cif,"Computational pMHC geometry prioritization only; not evidence of presentation, TCR binding, activation, cross-reactivity, molecular mimicry, or MS mechanism.",FVMAARQRL,4,V2PMHC_aca4d95566b71e51,/Users/anishsharma/Library/Mobile Documents/com~apple~CloudDocs/Downloads/folds_2026_08_27_04_51/ebvms_hla2_control_v2pmhc_aca4d95566b71e51_s314159/fold_ebvms_hla2_control_v2pmhc_aca4d95566b71e51_s314159_full_data_2.json,False,0.92,ebvms_hla2_control_v2pmhc_aca4d95566b71e51_s314159,True,178,189,ILCFVMAARQRLQDI,314159,0.93,0.94,True,2,pass_exact_clash_free,v2_fresh_attribution_pilot,/Users/anishsharma/Library/Mobile Documents/com~apple~CloudDocs/Downloads/folds_2026_08_27_04_51/ebvms_hla2_control_v2pmhc_aca4d95566b71e51_s314159/fold_ebvms_hla2_control_v2pmhc_aca4d95566b71e51_s314159_summary_confidences_2.json,SYS_ENGA_MBP_OB1A12
/Users/anishsharma/Library/Mobile Documents/com~apple~CloudDocs/Downloads/folds_2026_08_27_04_51/ebvms_hla2_control_v2pmhc_aca4d95566b71e51_s314159/fold_ebvms_hla2_control_v2pmhc_aca4d95566b71e51_s314159_model_3.cif,"Computational pMHC geometry prioritization only; not evidence of presentation, TCR binding, activation, cross-reactivity, molecular mimicry, or MS mechanism.",FVMAARQRL,4,V2PMHC_aca4d95566b71e51,/Users/anishsharma/Library/Mobile Documents/com~apple~CloudDocs/Downloads/folds_2026_08_27_04_51/ebvms_hla2_control_v2pmhc_aca4d95566b71e51_s314159/fold_ebvms_hla2_control_v2pmhc_aca4d95566b71e51_s314159_full_data_3.json,False,0.92,ebvms_hla2_control_v2pmhc_aca4d95566b71e51_s314159,True,178,189,ILCFVMAARQRLQDI,314159,0.92,0.94,True,3,pass_exact_clash_free,v2_fresh_attribution_pilot,/Users/anishsharma/Library/Mobile Documents/com~apple~CloudDocs/Downloads/folds_2026_08_27_04_51/ebvms_hla2_control_v2pmhc_aca4d95566b71e51_s314159/fold_ebvms_hla2_control_v2pmhc_aca4d95566b71e51_s314159_summary_confidences_3.json,SYS_ENGA_MBP_OB1A12
/Users/anishsharma/Library/Mobile Documents/com~apple~CloudDocs/Downloads/folds_2026_08_27_04_51/ebvms_hla2_control_v2pmhc_aca4d95566b71e51_s314159/fold_ebvms_hla2_control_v2pmhc_aca4d95566b71e51_s314159_model_4.cif,"Computational pMHC geometry prioritization only; not evidence of presentation, TCR binding, activation, cross-reactivity, molecular mimicry, or MS mechanism.",FVMAARQRL,4,V2PMHC_aca4d95566b71e51,/Users/anishsharma/Library/Mobile Documents/com~apple~CloudDocs/Downloads/folds_2026_08_27_04_51/ebvms_hla2_control_v2pmhc_aca4d95566b71e51_s314159/fold_ebvms_hla2_control_v2pmhc_aca4d95566b71e51_s314159_full_data_4.json,False,0.92,ebvms_hla2_control_v2pmhc_aca4d95566b71e51_s314159,True,178,189,ILCFVMAARQRLQDI,314159,0.92,0.94,True,4,pass_exact_clash_free,v2_fresh_attribution_pilot,/Users/anishsharma/Library/Mobile Documents/com~apple~CloudDocs/Downloads/folds_2026_08_27_04_51/ebvms_hla2_control_v2pmhc_aca4d95566b71e51_s314159/fold_ebvms_hla2_control_v2pmhc_aca4d95566b71e51_s314159_summary_confidences_4.json,SYS_ENGA_MBP_OB1A12
/Users/anishsharma/Library/Mobile Documents/com~apple~CloudDocs/Downloads/folds_2026_08_27_04_51/ebvms_hla2_control_v2pmhc_b9515727297f20be_s271828/fold_ebvms_hla2_control_v2pmhc_b9515727297f20be_s271828_model_0.cif,"Computational pMHC geometry prioritization only; not evidence of presentation, TCR binding, activation, cross-reactivity, molecular mimicry, or MS mechanism.",FYNIPPMPL,3,V2PMHC_b9515727297f20be,/Users/anishsharma/Library/Mobile Documents/com~apple~CloudDocs/Downloads/folds_2026_08_27_04_51/ebvms_hla2_control_v2pmhc_b9515727297f20be_s271828/fold_ebvms_hla2_control_v2pmhc_b9515727297f20be_s271828_full_data_0.json,False,0.9,ebvms_hla2_control_v2pmhc_b9515727297f20be_s271828,True,194,202,TVFYNIPPMPL,271828,0.89,0.97,True,0,pass_exact_clash_free,v2_fresh_attribution_pilot,/Users/anishsharma/Library/Mobile Documents/com~apple~CloudDocs/Downloads/folds_2026_08_27_04_51/ebvms_hla2_control_v2pmhc_b9515727297f20be_s271828/fold_ebvms_hla2_control_v2pmhc_b9515727297f20be_s271828_summary_confidences_0.json,SYS_MICROBIAL_MBP_HY1B11
/Users/anishsharma/Library/Mobile Documents/com~apple~CloudDocs/Downloads/folds_2026_08_27_04_51/ebvms_hla2_control_v2pmhc_b9515727297f20be_s271828/fold_ebvms_hla2_control_v2pmhc_b9515727297f20be_s271828_model_1.cif,"Computational pMHC geometry prioritization only; not evidence of presentation, TCR binding, activation, cross-reactivity, molecular mimicry, or MS mechanism.",FYNIPPMPL,3,V2PMHC_b9515727297f20be,/Users/anishsharma/Library/Mobile Documents/com~apple~CloudDocs/Downloads/folds_2026_08_27_04_51/ebvms_hla2_control_v2pmhc_b9515727297f20be_s271828/fold_ebvms_hla2_control_v2pmhc_b9515727297f20be_s271828_full_data_1.json,False,0.9,ebvms_hla2_control_v2pmhc_b9515727297f20be_s271828,True,194,202,TVFYNIPPMPL,271828,0.89,0.97,True,1,pass_exact_clash_free,v2_fresh_attribution_pilot,/Users/anishsharma/Library/Mobile Documents/com~apple~CloudDocs/Downloads/folds_2026_08_27_04_51/ebvms_hla2_control_v2pmhc_b9515727297f20be_s271828/fold_ebvms_hla2_control_v2pmhc_b9515727297f20be_s271828_summary_confidences_1.json,SYS_MICROBIAL_MBP_HY1B11
/Users/anishsharma/Library/Mobile Documents/com~apple~CloudDocs/Downloads/folds_2026_08_27_04_51/ebvms_hla2_control_v2pmhc_b9515727297f20be_s271828/fold_ebvms_hla2_control_v2pmhc_b9515727297f20be_s271828_model_2.cif,"Computational pMHC geometry prioritization only; not evidence of presentation, TCR binding, activation, cross-reactivity, molecular mimicry, or MS mechanism.",FYNIPPMPL,3,V2PMHC_b9515727297f20be,/Users/anishsharma/Library/Mobile Documents/com~apple~CloudDocs/Downloads/folds_2026_08_27_04_51/ebvms_hla2_control_v2pmhc_b9515727297f20be_s271828/fold_ebvms_hla2_control_v2pmhc_b9515727297f20be_s271828_full_data_2.json,False,0.9,ebvms_hla2_control_v2pmhc_b9515727297f20be_s271828,True,194,202,TVFYNIPPMPL,271828,0.89,0.97,True,2,pass_exact_clash_free,v2_fresh_attribution_pilot,/Users/anishsharma/Library/Mobile Documents/com~apple~CloudDocs/Downloads/folds_2026_08_27_04_51/ebvms_hla2_control_v2pmhc_b9515727297f20be_s271828/fold_ebvms_hla2_control_v2pmhc_b9515727297f20be_s271828_summary_confidences_2.json,SYS_MICROBIAL_MBP_HY1B11
/Users/anishsharma/Library/Mobile Documents/com~apple~CloudDocs/Downloads/folds_2026_08_27_04_51/ebvms_hla2_control_v2pmhc_b9515727297f20be_s271828/fold_ebvms_hla2_control_v2pmhc_b9515727297f20be_s271828_model_3.cif,"Computational pMHC geometry prioritization only; not evidence of presentation, TCR binding, activation, cross-reactivity, molecular mimicry, or MS mechanism.",FYNIPPMPL,3,V2PMHC_b9515727297f20be,/Users/anishsharma/Library/Mobile Documents/com~apple~CloudDocs/Downloads/folds_2026_08_27_04_51/ebvms_hla2_control_v2pmhc_b9515727297f20be_s271828/fold_ebvms_hla2_control_v2pmhc_b9515727297f20be_s271828_full_data_3.json,False,0.9,ebvms_hla2_control_v2pmhc_b9515727297f20be_s271828,True,194,202,TVFYNIPPMPL,271828,0.89,0.97,True,3,pass_exact_clash_free,v2_fresh_attribution_pilot,/Users/anishsharma/Library/Mobile Documents/com~apple~CloudDocs/Downloads/folds_2026_08_27_04_51/ebvms_hla2_control_v2pmhc_b9515727297f20be_s271828/fold_ebvms_hla2_control_v2pmhc_b9515727297f20be_s271828_summary_confidences_3.json,SYS_MICROBIAL_MBP_HY1B11
/Users/anishsharma/Library/Mobile Documents/com~apple~CloudDocs/Downloads/folds_2026_08_27_04_51/ebvms_hla2_control_v2pmhc_b9515727297f20be_s271828/fold_ebvms_hla2_control_v2pmhc_b9515727297f20be_s271828_model_4.cif,"Computational pMHC geometry prioritization only; not evidence of presentation, TCR binding, activation, cross-reactivity, molecular mimicry, or MS mechanism.",FYNIPPMPL,3,V2PMHC_b9515727297f20be,/Users/anishsharma/Library/Mobile Documents/com~apple~CloudDocs/Downloads/folds_2026_08_27_04_51/ebvms_hla2_control_v2pmhc_b9515727297f20be_s271828/fold_ebvms_hla2_control_v2pmhc_b9515727297f20be_s271828_full_data_4.json,False,0.9,ebvms_hla2_control_v2pmhc_b9515727297f20be_s271828,True,194,202,TVFYNIPPMPL,271828,0.89,0.96,True,4,pass_exact_clash_free,v2_fresh_attribution_pilot,/Users/anishsharma/Library/Mobile Documents/com~apple~CloudDocs/Downloads/folds_2026_08_27_04_51/ebvms_hla2_control_v2pmhc_b9515727297f20be_s271828/fold_ebvms_hla2_control_v2pmhc_b9515727297f20be_s271828_summary_confidences_4.json,SYS_MICROBIAL_MBP_HY1B11
/Users/anishsharma/Library/Mobile Documents/com~apple~CloudDocs/Downloads/folds_2026_08_27_04_51/ebvms_hla2_control_v2pmhc_b9515727297f20be_s314159/fold_ebvms_hla2_control_v2pmhc_b9515727297f20be_s314159_model_0.cif,"Computational pMHC geometry prioritization only; not evidence of presentation, TCR binding, activation, cross-reactivity, molecular mimicry, or MS mechanism.",FYNIPPMPL,3,V2PMHC_b9515727297f20be,/Users/anishsharma/Library/Mobile Documents/com~apple~CloudDocs/Downloads/folds_2026_08_27_04_51/ebvms_hla2_control_v2pmhc_b9515727297f20be_s314159/fold_ebvms_hla2_control_v2pmhc_b9515727297f20be_s314159_full_data_0.json,False,0.9,ebvms_hla2_control_v2pmhc_b9515727297f20be_s314159,True,194,202,TVFYNIPPMPL,314159,0.89,0.97,True,0,pass_exact_clash_free,v2_fresh_attribution_pilot,/Users/anishsharma/Library/Mobile Documents/com~apple~CloudDocs/Downloads/folds_2026_08_27_04_51/ebvms_hla2_control_v2pmhc_b9515727297f20be_s314159/fold_ebvms_hla2_control_v2pmhc_b9515727297f20be_s314159_summary_confidences_0.json,SYS_MICROBIAL_MBP_HY1B11
/Users/anishsharma/Library/Mobile Documents/com~apple~CloudDocs/Downloads/folds_2026_08_27_04_51/ebvms_hla2_control_v2pmhc_b9515727297f20be_s314159/fold_ebvms_hla2_control_v2pmhc_b9515727297f20be_s314159_model_1.cif,"Computational pMHC geometry prioritization only; not evidence of presentation, TCR binding, activation, cross-reactivity, molecular mimicry, or MS mechanism.",FYNIPPMPL,3,V2PMHC_b9515727297f20be,/Users/anishsharma/Library/Mobile Documents/com~apple~CloudDocs/Downloads/folds_2026_08_27_04_51/ebvms_hla2_control_v2pmhc_b9515727297f20be_s314159/fold_ebvms_hla2_control_v2pmhc_b9515727297f20be_s314159_full_data_1.json,False,0.9,ebvms_hla2_control_v2pmhc_b9515727297f20be_s314159,True,194,202,TVFYNIPPMPL,314159,0.89,0.97,True,1,pass_exact_clash_free,v2_fresh_attribution_pilot,/Users/anishsharma/Library/Mobile Documents/com~apple~CloudDocs/Downloads/folds_2026_08_27_04_51/ebvms_hla2_control_v2pmhc_b9515727297f20be_s314159/fold_ebvms_hla2_control_v2pmhc_b9515727297f20be_s314159_summary_confidences_1.json,SYS_MICROBIAL_MBP_HY1B11
/Users/anishsharma/Library/Mobile Documents/com~apple~CloudDocs/Downloads/folds_2026_08_27_04_51/ebvms_hla2_control_v2pmhc_b9515727297f20be_s314159/fold_ebvms_hla2_control_v2pmhc_b9515727297f20be_s314159_model_2.cif,"Computational pMHC geometry prioritization only; not evidence of presentation, TCR binding, activation, cross-reactivity, molecular mimicry, or MS mechanism.",FYNIPPMPL,3,V2PMHC_b9515727297f20be,/Users/anishsharma/Library/Mobile Documents/com~apple~CloudDocs/Downloads/folds_2026_08_27_04_51/ebvms_hla2_control_v2pmhc_b9515727297f20be_s314159/fold_ebvms_hla2_control_v2pmhc_b9515727297f20be_s314159_full_data_2.json,False,0.9,ebvms_hla2_control_v2pmhc_b9515727297f20be_s314159,True,194,202,TVFYNIPPMPL,314159,0.89,0.97,True,2,pass_exact_clash_free,v2_fresh_attribution_pilot,/Users/anishsharma/Library/Mobile Documents/com~apple~CloudDocs/Downloads/folds_2026_08_27_04_51/ebvms_hla2_control_v2pmhc_b9515727297f20be_s314159/fold_ebvms_hla2_control_v2pmhc_b9515727297f20be_s314159_summary_confidences_2.json,SYS_MICROBIAL_MBP_HY1B11
/Users/anishsharma/Library/Mobile Documents/com~apple~CloudDocs/Downloads/folds_2026_08_27_04_51/ebvms_hla2_control_v2pmhc_b9515727297f20be_s314159/fold_ebvms_hla2_control_v2pmhc_b9515727297f20be_s314159_model_3.cif,"Computational pMHC geometry prioritization only; not evidence of presentation, TCR binding, activation, cross-reactivity, molecular mimicry, or MS mechanism.",FYNIPPMPL,3,V2PMHC_b9515727297f20be,/Users/anishsharma/Library/Mobile Documents/com~apple~CloudDocs/Downloads/folds_2026_08_27_04_51/ebvms_hla2_control_v2pmhc_b9515727297f20be_s314159/fold_ebvms_hla2_control_v2pmhc_b9515727297f20be_s314159_full_data_3.json,False,0.9,ebvms_hla2_control_v2pmhc_b9515727297f20be_s314159,True,194,202,TVFYNIPPMPL,314159,0.89,0.97,True,3,pass_exact_clash_free,v2_fresh_attribution_pilot,/Users/anishsharma/Library/Mobile Documents/com~apple~CloudDocs/Downloads/folds_2026_08_27_04_51/ebvms_hla2_control_v2pmhc_b9515727297f20be_s314159/fold_ebvms_hla2_control_v2pmhc_b9515727297f20be_s314159_summary_confidences_3.json,SYS_MICROBIAL_MBP_HY1B11
/Users/anishsharma/Library/Mobile Documents/com~apple~CloudDocs/Downloads/folds_2026_08_27_04_51/ebvms_hla2_control_v2pmhc_b9515727297f20be_s314159/fold_ebvms_hla2_control_v2pmhc_b9515727297f20be_s314159_model_4.cif,"Computational pMHC geometry prioritization only; not evidence of presentation, TCR binding, activation, cross-reactivity, molecular mimicry, or MS mechanism.",FYNIPPMPL,3,V2PMHC_b9515727297f20be,/Users/anishsharma/Library/Mobile Documents/com~apple~CloudDocs/Downloads/folds_2026_08_27_04_51/ebvms_hla2_control_v2pmhc_b9515727297f20be_s314159/fold_ebvms_hla2_control_v2pmhc_b9515727297f20be_s314159_full_data_4.json,False,0.89,ebvms_hla2_control_v2pmhc_b9515727297f20be_s314159,True,194,202,TVFYNIPPMPL,314159,0.89,0.97,True,4,pass_exact_clash_free,v2_fresh_attribution_pilot,/Users/anishsharma/Library/Mobile Documents/com~apple~CloudDocs/Downloads/folds_2026_08_27_04_51/ebvms_hla2_control_v2pmhc_b9515727297f20be_s314159/fold_ebvms_hla2_control_v2pmhc_b9515727297f20be_s314159_summary_confidences_4.json,SYS_MICROBIAL_MBP_HY1B11
/Users/anishsharma/Library/Mobile Documents/com~apple~CloudDocs/Downloads/folds_2026_08_27_04_51/ebvms_hla2_control_v2pmhc_ba30260fa79864f0_s271828/fold_ebvms_hla2_control_v2pmhc_ba30260fa79864f0_s271828_model_0.cif,"Computational pMHC geometry prioritization only; not evidence of presentation, TCR binding, activation, cross-reactivity, molecular mimicry, or MS mechanism.",VHFFKNIVT,5,V2PMHC_ba30260fa79864f0,/Users/anishsharma/Library/Mobile Documents/com~apple~CloudDocs/Downloads/folds_2026_08_27_04_51/ebvms_hla2_control_v2pmhc_ba30260fa79864f0_s271828/fold_ebvms_hla2_control_v2pmhc_ba30260fa79864f0_s271828_full_data_0.json,False,0.94,ebvms_hla2_control_v2pmhc_ba30260fa79864f0_s271828,True,178,189,ENPVVHFFKNIVTPR,271828,0.93,0.96,True,0,pass_exact_clash_free,v2_fresh_attribution_pilot,/Users/anishsharma/Library/Mobile Documents/com~apple~CloudDocs/Downloads/folds_2026_08_27_04_51/ebvms_hla2_control_v2pmhc_ba30260fa79864f0_s271828/fold_ebvms_hla2_control_v2pmhc_ba30260fa79864f0_s271828_summary_confidences_0.json,SYS_BALF5_MBP_HY2E11;SYS_ENGA_MBP_OB1A12
/Users/anishsharma/Library/Mobile Documents/com~apple~CloudDocs/Downloads/folds_2026_08_27_04_51/ebvms_hla2_control_v2pmhc_ba30260fa79864f0_s271828/fold_ebvms_hla2_control_v2pmhc_ba30260fa79864f0_s271828_model_1.cif,"Computational pMHC geometry prioritization only; not evidence of presentation, TCR binding, activation, cross-reactivity, molecular mimicry, or MS mechanism.",VHFFKNIVT,5,V2PMHC_ba30260fa79864f0,/Users/anishsharma/Library/Mobile Documents/com~apple~CloudDocs/Downloads/folds_2026_08_27_04_51/ebvms_hla2_control_v2pmhc_ba30260fa79864f0_s271828/fold_ebvms_hla2_control_v2pmhc_ba30260fa79864f0_s271828_full_data_1.json,False,0.94,ebvms_hla2_control_v2pmhc_ba30260fa79864f0_s271828,True,178,189,ENPVVHFFKNIVTPR,271828,0.93,0.96,True,1,pass_exact_clash_free,v2_fresh_attribution_pilot,/Users/anishsharma/Library/Mobile Documents/com~apple~CloudDocs/Downloads/folds_2026_08_27_04_51/ebvms_hla2_control_v2pmhc_ba30260fa79864f0_s271828/fold_ebvms_hla2_control_v2pmhc_ba30260fa79864f0_s271828_summary_confidences_1.json,SYS_BALF5_MBP_HY2E11;SYS_ENGA_MBP_OB1A12
/Users/anishsharma/Library/Mobile Documents/com~apple~CloudDocs/Downloads/folds_2026_08_27_04_51/ebvms_hla2_control_v2pmhc_ba30260fa79864f0_s271828/fold_ebvms_hla2_control_v2pmhc_ba30260fa79864f0_s271828_model_2.cif,"Computational pMHC geometry prioritization only; not evidence of presentation, TCR binding, activation, cross-reactivity, molecular mimicry, or MS mechanism.",VHFFKNIVT,5,V2PMHC_ba30260fa79864f0,/Users/anishsharma/Library/Mobile Documents/com~apple~CloudDocs/Downloads/folds_2026_08_27_04_51/ebvms_hla2_control_v2pmhc_ba30260fa79864f0_s271828/fold_ebvms_hla2_control_v2pmhc_ba30260fa79864f0_s271828_full_data_2.json,False,0.94,ebvms_hla2_control_v2pmhc_ba30260fa79864f0_s271828,True,178,189,ENPVVHFFKNIVTPR,271828,0.93,0.96,True,2,pass_exact_clash_free,v2_fresh_attribution_pilot,/Users/anishsharma/Library/Mobile Documents/com~apple~CloudDocs/Downloads/folds_2026_08_27_04_51/ebvms_hla2_control_v2pmhc_ba30260fa79864f0_s271828/fold_ebvms_hla2_control_v2pmhc_ba30260fa79864f0_s271828_summary_confidences_2.json,SYS_BALF5_MBP_HY2E11;SYS_ENGA_MBP_OB1A12
/Users/anishsharma/Library/Mobile Documents/com~apple~CloudDocs/Downloads/folds_2026_08_27_04_51/ebvms_hla2_control_v2pmhc_ba30260fa79864f0_s271828/fold_ebvms_hla2_control_v2pmhc_ba30260fa79864f0_s271828_model_3.cif,"Computational pMHC geometry prioritization only; not evidence of presentation, TCR binding, activation, cross-reactivity, molecular mimicry, or MS mechanism.",VHFFKNIVT,5,V2PMHC_ba30260fa79864f0,/Users/anishsharma/Library/Mobile Documents/com~apple~CloudDocs/Downloads/folds_2026_08_27_04_51/ebvms_hla2_control_v2pmhc_ba30260fa79864f0_s271828/fold_ebvms_hla2_control_v2pmhc_ba30260fa79864f0_s271828_full_data_3.json,False,0.94,ebvms_hla2_control_v2pmhc_ba30260fa79864f0_s271828,True,178,189,ENPVVHFFKNIVTPR,271828,0.93,0.96,True,3,pass_exact_clash_free,v2_fresh_attribution_pilot,/Users/anishsharma/Library/Mobile Documents/com~apple~CloudDocs/Downloads/folds_2026_08_27_04_51/ebvms_hla2_control_v2pmhc_ba30260fa79864f0_s271828/fold_ebvms_hla2_control_v2pmhc_ba30260fa79864f0_s271828_summary_confidences_3.json,SYS_BALF5_MBP_HY2E11;SYS_ENGA_MBP_OB1A12
/Users/anishsharma/Library/Mobile Documents/com~apple~CloudDocs/Downloads/folds_2026_08_27_04_51/ebvms_hla2_control_v2pmhc_ba30260fa79864f0_s271828/fold_ebvms_hla2_control_v2pmhc_ba30260fa79864f0_s271828_model_4.cif,"Computational pMHC geometry prioritization only; not evidence of presentation, TCR binding, activation, cross-reactivity, molecular mimicry, or MS mechanism.",VHFFKNIVT,5,V2PMHC_ba30260fa79864f0,/Users/anishsharma/Library/Mobile Documents/com~apple~CloudDocs/Downloads/folds_2026_08_27_04_51/ebvms_hla2_control_v2pmhc_ba30260fa79864f0_s271828/fold_ebvms_hla2_control_v2pmhc_ba30260fa79864f0_s271828_full_data_4.json,False,0.94,ebvms_hla2_control_v2pmhc_ba30260fa79864f0_s271828,True,178,189,ENPVVHFFKNIVTPR,271828,0.93,0.96,True,4,pass_exact_clash_free,v2_fresh_attribution_pilot,/Users/anishsharma/Library/Mobile Documents/com~apple~CloudDocs/Downloads/folds_2026_08_27_04_51/ebvms_hla2_control_v2pmhc_ba30260fa79864f0_s271828/fold_ebvms_hla2_control_v2pmhc_ba30260fa79864f0_s271828_summary_confidences_4.json,SYS_BALF5_MBP_HY2E11;SYS_ENGA_MBP_OB1A12
/Users/anishsharma/Library/Mobile Documents/com~apple~CloudDocs/Downloads/folds_2026_08_27_04_51/ebvms_hla2_control_v2pmhc_ba30260fa79864f0_s314159/fold_ebvms_hla2_control_v2pmhc_ba30260fa79864f0_s314159_model_0.cif,"Computational pMHC geometry prioritization only; not evidence of presentation, TCR binding, activation, cross-reactivity, molecular mimicry, or MS mechanism.",VHFFKNIVT,5,V2PMHC_ba30260fa79864f0,/Users/anishsharma/Library/Mobile Documents/com~apple~CloudDocs/Downloads/folds_2026_08_27_04_51/ebvms_hla2_control_v2pmhc_ba30260fa79864f0_s314159/fold_ebvms_hla2_control_v2pmhc_ba30260fa79864f0_s314159_full_data_0.json,False,0.94,ebvms_hla2_control_v2pmhc_ba30260fa79864f0_s314159,True,178,189,ENPVVHFFKNIVTPR,314159,0.94,0.96,True,0,pass_exact_clash_free,v2_fresh_attribution_pilot,/Users/anishsharma/Library/Mobile Documents/com~apple~CloudDocs/Downloads/folds_2026_08_27_04_51/ebvms_hla2_control_v2pmhc_ba30260fa79864f0_s314159/fold_ebvms_hla2_control_v2pmhc_ba30260fa79864f0_s314159_summary_confidences_0.json,SYS_BALF5_MBP_HY2E11;SYS_ENGA_MBP_OB1A12
/Users/anishsharma/Library/Mobile Documents/com~apple~CloudDocs/Downloads/folds_2026_08_27_04_51/ebvms_hla2_control_v2pmhc_ba30260fa79864f0_s314159/fold_ebvms_hla2_control_v2pmhc_ba30260fa79864f0_s314159_model_1.cif,"Computational pMHC geometry prioritization only; not evidence of presentation, TCR binding, activation, cross-reactivity, molecular mimicry, or MS mechanism.",VHFFKNIVT,5,V2PMHC_ba30260fa79864f0,/Users/anishsharma/Library/Mobile Documents/com~apple~CloudDocs/Downloads/folds_2026_08_27_04_51/ebvms_hla2_control_v2pmhc_ba30260fa79864f0_s314159/fold_ebvms_hla2_control_v2pmhc_ba30260fa79864f0_s314159_full_data_1.json,False,0.94,ebvms_hla2_control_v2pmhc_ba30260fa79864f0_s314159,True,178,189,ENPVVHFFKNIVTPR,314159,0.93,0.96,True,1,pass_exact_clash_free,v2_fresh_attribution_pilot,/Users/anishsharma/Library/Mobile Documents/com~apple~CloudDocs/Downloads/folds_2026_08_27_04_51/ebvms_hla2_control_v2pmhc_ba30260fa79864f0_s314159/fold_ebvms_hla2_control_v2pmhc_ba30260fa79864f0_s314159_summary_confidences_1.json,SYS_BALF5_MBP_HY2E11;SYS_ENGA_MBP_OB1A12
/Users/anishsharma/Library/Mobile Documents/com~apple~CloudDocs/Downloads/folds_2026_08_27_04_51/ebvms_hla2_control_v2pmhc_ba30260fa79864f0_s314159/fold_ebvms_hla2_control_v2pmhc_ba30260fa79864f0_s314159_model_2.cif,"Computational pMHC geometry prioritization only; not evidence of presentation, TCR binding, activation, cross-reactivity, molecular mimicry, or MS mechanism.",VHFFKNIVT,5,V2PMHC_ba30260fa79864f0,/Users/anishsharma/Library/Mobile Documents/com~apple~CloudDocs/Downloads/folds_2026_08_27_04_51/ebvms_hla2_control_v2pmhc_ba30260fa79864f0_s314159/fold_ebvms_hla2_control_v2pmhc_ba30260fa79864f0_s314159_full_data_2.json,False,0.94,ebvms_hla2_control_v2pmhc_ba30260fa79864f0_s314159,True,178,189,ENPVVHFFKNIVTPR,314159,0.93,0.96,True,2,pass_exact_clash_free,v2_fresh_attribution_pilot,/Users/anishsharma/Library/Mobile Documents/com~apple~CloudDocs/Downloads/folds_2026_08_27_04_51/ebvms_hla2_control_v2pmhc_ba30260fa79864f0_s314159/fold_ebvms_hla2_control_v2pmhc_ba30260fa79864f0_s314159_summary_confidences_2.json,SYS_BALF5_MBP_HY2E11;SYS_ENGA_MBP_OB1A12
/Users/anishsharma/Library/Mobile Documents/com~apple~CloudDocs/Downloads/folds_2026_08_27_04_51/ebvms_hla2_control_v2pmhc_ba30260fa79864f0_s314159/fold_ebvms_hla2_control_v2pmhc_ba30260fa79864f0_s314159_model_3.cif,"Computational pMHC geometry prioritization only; not evidence of presentation, TCR binding, activation, cross-reactivity, molecular mimicry, or MS mechanism.",VHFFKNIVT,5,V2PMHC_ba30260fa79864f0,/Users/anishsharma/Library/Mobile Documents/com~apple~CloudDocs/Downloads/folds_2026_08_27_04_51/ebvms_hla2_control_v2pmhc_ba30260fa79864f0_s314159/fold_ebvms_hla2_control_v2pmhc_ba30260fa79864f0_s314159_full_data_3.json,False,0.94,ebvms_hla2_control_v2pmhc_ba30260fa79864f0_s314159,True,178,189,ENPVVHFFKNIVTPR,314159,0.93,0.96,True,3,pass_exact_clash_free,v2_fresh_attribution_pilot,/Users/anishsharma/Library/Mobile Documents/com~apple~CloudDocs/Downloads/folds_2026_08_27_04_51/ebvms_hla2_control_v2pmhc_ba30260fa79864f0_s314159/fold_ebvms_hla2_control_v2pmhc_ba30260fa79864f0_s314159_summary_confidences_3.json,SYS_BALF5_MBP_HY2E11;SYS_ENGA_MBP_OB1A12
/Users/anishsharma/Library/Mobile Documents/com~apple~CloudDocs/Downloads/folds_2026_08_27_04_51/ebvms_hla2_control_v2pmhc_ba30260fa79864f0_s314159/fold_ebvms_hla2_control_v2pmhc_ba30260fa79864f0_s314159_model_4.cif,"Computational pMHC geometry prioritization only; not evidence of presentation, TCR binding, activation, cross-reactivity, molecular mimicry, or MS mechanism.",VHFFKNIVT,5,V2PMHC_ba30260fa79864f0,/Users/anishsharma/Library/Mobile Documents/com~apple~CloudDocs/Downloads/folds_2026_08_27_04_51/ebvms_hla2_control_v2pmhc_ba30260fa79864f0_s314159/fold_ebvms_hla2_control_v2pmhc_ba30260fa79864f0_s314159_full_data_4.json,False,0.94,ebvms_hla2_control_v2pmhc_ba30260fa79864f0_s314159,True,178,189,ENPVVHFFKNIVTPR,314159,0.93,0.96,True,4,pass_exact_clash_free,v2_fresh_attribution_pilot,/Users/anishsharma/Library/Mobile Documents/com~apple~CloudDocs/Downloads/folds_2026_08_27_04_51/ebvms_hla2_control_v2pmhc_ba30260fa79864f0_s314159/fold_ebvms_hla2_control_v2pmhc_ba30260fa79864f0_s314159_summary_confidences_4.json,SYS_BALF5_MBP_HY2E11;SYS_ENGA_MBP_OB1A12
/Users/anishsharma/Library/Mobile Documents/com~apple~CloudDocs/Downloads/folds_2026_08_27_04_51/ebvms_hla2_control_v2pmhc_bd512a4ef37be178_s271828/fold_ebvms_hla2_control_v2pmhc_bd512a4ef37be178_s271828_model_0.cif,"Computational pMHC geometry prioritization only; not evidence of presentation, TCR binding, activation, cross-reactivity, molecular mimicry, or MS mechanism.",FYDGKNKET,5,V2PMHC_bd512a4ef37be178,/Users/anishsharma/Library/Mobile Documents/com~apple~CloudDocs/Downloads/folds_2026_08_27_04_51/ebvms_hla2_control_v2pmhc_bd512a4ef37be178_s271828/fold_ebvms_hla2_control_v2pmhc_bd512a4ef37be178_s271828_full_data_0.json,False,0.93,ebvms_hla2_control_v2pmhc_bd512a4ef37be178_s271828,True,178,189,EMSPFYDGKNKETFH,271828,0.93,0.95,True,0,pass_exact_clash_free,v2_fresh_attribution_pilot,/Users/anishsharma/Library/Mobile Documents/com~apple~CloudDocs/Downloads/folds_2026_08_27_04_51/ebvms_hla2_control_v2pmhc_bd512a4ef37be178_s271828/fold_ebvms_hla2_control_v2pmhc_bd512a4ef37be178_s271828_summary_confidences_0.json,SYS_BALF5_MBP_HY2E11
/Users/anishsharma/Library/Mobile Documents/com~apple~CloudDocs/Downloads/folds_2026_08_27_04_51/ebvms_hla2_control_v2pmhc_bd512a4ef37be178_s271828/fold_ebvms_hla2_control_v2pmhc_bd512a4ef37be178_s271828_model_1.cif,"Computational pMHC geometry prioritization only; not evidence of presentation, TCR binding, activation, cross-reactivity, molecular mimicry, or MS mechanism.",FYDGKNKET,5,V2PMHC_bd512a4ef37be178,/Users/anishsharma/Library/Mobile Documents/com~apple~CloudDocs/Downloads/folds_2026_08_27_04_51/ebvms_hla2_control_v2pmhc_bd512a4ef37be178_s271828/fold_ebvms_hla2_control_v2pmhc_bd512a4ef37be178_s271828_full_data_1.json,False,0.93,ebvms_hla2_control_v2pmhc_bd512a4ef37be178_s271828,True,178,189,EMSPFYDGKNKETFH,271828,0.93,0.95,True,1,pass_exact_clash_free,v2_fresh_attribution_pilot,/Users/anishsharma/Library/Mobile Documents/com~apple~CloudDocs/Downloads/folds_2026_08_27_04_51/ebvms_hla2_control_v2pmhc_bd512a4ef37be178_s271828/fold_ebvms_hla2_control_v2pmhc_bd512a4ef37be178_s271828_summary_confidences_1.json,SYS_BALF5_MBP_HY2E11
/Users/anishsharma/Library/Mobile Documents/com~apple~CloudDocs/Downloads/folds_2026_08_27_04_51/ebvms_hla2_control_v2pmhc_bd512a4ef37be178_s271828/fold_ebvms_hla2_control_v2pmhc_bd512a4ef37be178_s271828_model_2.cif,"Computational pMHC geometry prioritization only; not evidence of presentation, TCR binding, activation, cross-reactivity, molecular mimicry, or MS mechanism.",FYDGKNKET,5,V2PMHC_bd512a4ef37be178,/Users/anishsharma/Library/Mobile Documents/com~apple~CloudDocs/Downloads/folds_2026_08_27_04_51/ebvms_hla2_control_v2pmhc_bd512a4ef37be178_s271828/fold_ebvms_hla2_control_v2pmhc_bd512a4ef37be178_s271828_full_data_2.json,False,0.93,ebvms_hla2_control_v2pmhc_bd512a4ef37be178_s271828,True,178,189,EMSPFYDGKNKETFH,271828,0.93,0.95,True,2,pass_exact_clash_free,v2_fresh_attribution_pilot,/Users/anishsharma/Library/Mobile Documents/com~apple~CloudDocs/Downloads/folds_2026_08_27_04_51/ebvms_hla2_control_v2pmhc_bd512a4ef37be178_s271828/fold_ebvms_hla2_control_v2pmhc_bd512a4ef37be178_s271828_summary_confidences_2.json,SYS_BALF5_MBP_HY2E11
/Users/anishsharma/Library/Mobile Documents/com~apple~CloudDocs/Downloads/folds_2026_08_27_04_51/ebvms_hla2_control_v2pmhc_bd512a4ef37be178_s271828/fold_ebvms_hla2_control_v2pmhc_bd512a4ef37be178_s271828_model_3.cif,"Computational pMHC geometry prioritization only; not evidence of presentation, TCR binding, activation, cross-reactivity, molecular mimicry, or MS mechanism.",FYDGKNKET,5,V2PMHC_bd512a4ef37be178,/Users/anishsharma/Library/Mobile Documents/com~apple~CloudDocs/Downloads/folds_2026_08_27_04_51/ebvms_hla2_control_v2pmhc_bd512a4ef37be178_s271828/fold_ebvms_hla2_control_v2pmhc_bd512a4ef37be178_s271828_full_data_3.json,False,0.93,ebvms_hla2_control_v2pmhc_bd512a4ef37be178_s271828,True,178,189,EMSPFYDGKNKETFH,271828,0.93,0.95,True,3,pass_exact_clash_free,v2_fresh_attribution_pilot,/Users/anishsharma/Library/Mobile Documents/com~apple~CloudDocs/Downloads/folds_2026_08_27_04_51/ebvms_hla2_control_v2pmhc_bd512a4ef37be178_s271828/fold_ebvms_hla2_control_v2pmhc_bd512a4ef37be178_s271828_summary_confidences_3.json,SYS_BALF5_MBP_HY2E11
/Users/anishsharma/Library/Mobile Documents/com~apple~CloudDocs/Downloads/folds_2026_08_27_04_51/ebvms_hla2_control_v2pmhc_bd512a4ef37be178_s271828/fold_ebvms_hla2_control_v2pmhc_bd512a4ef37be178_s271828_model_4.cif,"Computational pMHC geometry prioritization only; not evidence of presentation, TCR binding, activation, cross-reactivity, molecular mimicry, or MS mechanism.",FYDGKNKET,5,V2PMHC_bd512a4ef37be178,/Users/anishsharma/Library/Mobile Documents/com~apple~CloudDocs/Downloads/folds_2026_08_27_04_51/ebvms_hla2_control_v2pmhc_bd512a4ef37be178_s271828/fold_ebvms_hla2_control_v2pmhc_bd512a4ef37be178_s271828_full_data_4.json,False,0.93,ebvms_hla2_control_v2pmhc_bd512a4ef37be178_s271828,True,178,189,EMSPFYDGKNKETFH,271828,0.93,0.95,True,4,pass_exact_clash_free,v2_fresh_attribution_pilot,/Users/anishsharma/Library/Mobile Documents/com~apple~CloudDocs/Downloads/folds_2026_08_27_04_51/ebvms_hla2_control_v2pmhc_bd512a4ef37be178_s271828/fold_ebvms_hla2_control_v2pmhc_bd512a4ef37be178_s271828_summary_confidences_4.json,SYS_BALF5_MBP_HY2E11
/Users/anishsharma/Library/Mobile Documents/com~apple~CloudDocs/Downloads/folds_2026_08_27_04_51/ebvms_hla2_control_v2pmhc_bd512a4ef37be178_s314159/fold_ebvms_hla2_control_v2pmhc_bd512a4ef37be178_s314159_model_0.cif,"Computational pMHC geometry prioritization only; not evidence of presentation, TCR binding, activation, cross-reactivity, molecular mimicry, or MS mechanism.",FYDGKNKET,5,V2PMHC_bd512a4ef37be178,/Users/anishsharma/Library/Mobile Documents/com~apple~CloudDocs/Downloads/folds_2026_08_27_04_51/ebvms_hla2_control_v2pmhc_bd512a4ef37be178_s314159/fold_ebvms_hla2_control_v2pmhc_bd512a4ef37be178_s314159_full_data_0.json,False,0.93,ebvms_hla2_control_v2pmhc_bd512a4ef37be178_s314159,True,178,189,EMSPFYDGKNKETFH,314159,0.94,0.96,True,0,pass_exact_clash_free,v2_fresh_attribution_pilot,/Users/anishsharma/Library/Mobile Documents/com~apple~CloudDocs/Downloads/folds_2026_08_27_04_51/ebvms_hla2_control_v2pmhc_bd512a4ef37be178_s314159/fold_ebvms_hla2_control_v2pmhc_bd512a4ef37be178_s314159_summary_confidences_0.json,SYS_BALF5_MBP_HY2E11
/Users/anishsharma/Library/Mobile Documents/com~apple~CloudDocs/Downloads/folds_2026_08_27_04_51/ebvms_hla2_control_v2pmhc_bd512a4ef37be178_s314159/fold_ebvms_hla2_control_v2pmhc_bd512a4ef37be178_s314159_model_1.cif,"Computational pMHC geometry prioritization only; not evidence of presentation, TCR binding, activation, cross-reactivity, molecular mimicry, or MS mechanism.",FYDGKNKET,5,V2PMHC_bd512a4ef37be178,/Users/anishsharma/Library/Mobile Documents/com~apple~CloudDocs/Downloads/folds_2026_08_27_04_51/ebvms_hla2_control_v2pmhc_bd512a4ef37be178_s314159/fold_ebvms_hla2_control_v2pmhc_bd512a4ef37be178_s314159_full_data_1.json,False,0.93,ebvms_hla2_control_v2pmhc_bd512a4ef37be178_s314159,True,178,189,EMSPFYDGKNKETFH,314159,0.93,0.95,True,1,pass_exact_clash_free,v2_fresh_attribution_pilot,/Users/anishsharma/Library/Mobile Documents/com~apple~CloudDocs/Downloads/folds_2026_08_27_04_51/ebvms_hla2_control_v2pmhc_bd512a4ef37be178_s314159/fold_ebvms_hla2_control_v2pmhc_bd512a4ef37be178_s314159_summary_confidences_1.json,SYS_BALF5_MBP_HY2E11
/Users/anishsharma/Library/Mobile Documents/com~apple~CloudDocs/Downloads/folds_2026_08_27_04_51/ebvms_hla2_control_v2pmhc_bd512a4ef37be178_s314159/fold_ebvms_hla2_control_v2pmhc_bd512a4ef37be178_s314159_model_2.cif,"Computational pMHC geometry prioritization only; not evidence of presentation, TCR binding, activation, cross-reactivity, molecular mimicry, or MS mechanism.",FYDGKNKET,5,V2PMHC_bd512a4ef37be178,/Users/anishsharma/Library/Mobile Documents/com~apple~CloudDocs/Downloads/folds_2026_08_27_04_51/ebvms_hla2_control_v2pmhc_bd512a4ef37be178_s314159/fold_ebvms_hla2_control_v2pmhc_bd512a4ef37be178_s314159_full_data_2.json,False,0.93,ebvms_hla2_control_v2pmhc_bd512a4ef37be178_s314159,True,178,189,EMSPFYDGKNKETFH,314159,0.93,0.95,True,2,pass_exact_clash_free,v2_fresh_attribution_pilot,/Users/anishsharma/Library/Mobile Documents/com~apple~CloudDocs/Downloads/folds_2026_08_27_04_51/ebvms_hla2_control_v2pmhc_bd512a4ef37be178_s314159/fold_ebvms_hla2_control_v2pmhc_bd512a4ef37be178_s314159_summary_confidences_2.json,SYS_BALF5_MBP_HY2E11
/Users/anishsharma/Library/Mobile Documents/com~apple~CloudDocs/Downloads/folds_2026_08_27_04_51/ebvms_hla2_control_v2pmhc_bd512a4ef37be178_s314159/fold_ebvms_hla2_control_v2pmhc_bd512a4ef37be178_s314159_model_3.cif,"Computational pMHC geometry prioritization only; not evidence of presentation, TCR binding, activation, cross-reactivity, molecular mimicry, or MS mechanism.",FYDGKNKET,5,V2PMHC_bd512a4ef37be178,/Users/anishsharma/Library/Mobile Documents/com~apple~CloudDocs/Downloads/folds_2026_08_27_04_51/ebvms_hla2_control_v2pmhc_bd512a4ef37be178_s314159/fold_ebvms_hla2_control_v2pmhc_bd512a4ef37be178_s314159_full_data_3.json,False,0.93,ebvms_hla2_control_v2pmhc_bd512a4ef37be178_s314159,True,178,189,EMSPFYDGKNKETFH,314159,0.93,0.95,True,3,pass_exact_clash_free,v2_fresh_attribution_pilot,/Users/anishsharma/Library/Mobile Documents/com~apple~CloudDocs/Downloads/folds_2026_08_27_04_51/ebvms_hla2_control_v2pmhc_bd512a4ef37be178_s314159/fold_ebvms_hla2_control_v2pmhc_bd512a4ef37be178_s314159_summary_confidences_3.json,SYS_BALF5_MBP_HY2E11
/Users/anishsharma/Library/Mobile Documents/com~apple~CloudDocs/Downloads/folds_2026_08_27_04_51/ebvms_hla2_control_v2pmhc_bd512a4ef37be178_s314159/fold_ebvms_hla2_control_v2pmhc_bd512a4ef37be178_s314159_model_4.cif,"Computational pMHC geometry prioritization only; not evidence of presentation, TCR binding, activation, cross-reactivity, molecular mimicry, or MS mechanism.",FYDGKNKET,5,V2PMHC_bd512a4ef37be178,/Users/anishsharma/Library/Mobile Documents/com~apple~CloudDocs/Downloads/folds_2026_08_27_04_51/ebvms_hla2_control_v2pmhc_bd512a4ef37be178_s314159/fold_ebvms_hla2_control_v2pmhc_bd512a4ef37be178_s314159_full_data_4.json,False,0.92,ebvms_hla2_control_v2pmhc_bd512a4ef37be178_s314159,True,178,189,EMSPFYDGKNKETFH,314159,0.93,0.95,True,4,pass_exact_clash_free,v2_fresh_attribution_pilot,/Users/anishsharma/Library/Mobile Documents/com~apple~CloudDocs/Downloads/folds_2026_08_27_04_51/ebvms_hla2_control_v2pmhc_bd512a4ef37be178_s314159/fold_ebvms_hla2_control_v2pmhc_bd512a4ef37be178_s314159_summary_confidences_4.json,SYS_BALF5_MBP_HY2E11
/Users/anishsharma/Library/Mobile Documents/com~apple~CloudDocs/Downloads/folds_2026_08_27_04_51/ebvms_hla2_control_v2pmhc_bd85682692a22c86_s271828/fold_ebvms_hla2_control_v2pmhc_bd85682692a22c86_s271828_model_0.cif,"Computational pMHC geometry prioritization only; not evidence of presentation, TCR binding, activation, cross-reactivity, molecular mimicry, or MS mechanism.",LTRYYSSFV,4,V2PMHC_bd85682692a22c86,/Users/anishsharma/Library/Mobile Documents/com~apple~CloudDocs/Downloads/folds_2026_08_27_04_51/ebvms_hla2_control_v2pmhc_bd85682692a22c86_s271828/fold_ebvms_hla2_control_v2pmhc_bd85682692a22c86_s271828_full_data_0.json,False,0.93,ebvms_hla2_control_v2pmhc_bd85682692a22c86_s271828,True,178,189,PRCLTRYYSSFVNME,271828,0.93,0.95,True,0,pass_exact_clash_free,v2_fresh_attribution_pilot,/Users/anishsharma/Library/Mobile Documents/com~apple~CloudDocs/Downloads/folds_2026_08_27_04_51/ebvms_hla2_control_v2pmhc_bd85682692a22c86_s271828/fold_ebvms_hla2_control_v2pmhc_bd85682692a22c86_s271828_summary_confidences_0.json,SYS_BALF5_MBP_HY2E11;SYS_ENGA_MBP_OB1A12
/Users/anishsharma/Library/Mobile Documents/com~apple~CloudDocs/Downloads/folds_2026_08_27_04_51/ebvms_hla2_control_v2pmhc_bd85682692a22c86_s271828/fold_ebvms_hla2_control_v2pmhc_bd85682692a22c86_s271828_model_1.cif,"Computational pMHC geometry prioritization only; not evidence of presentation, TCR binding, activation, cross-reactivity, molecular mimicry, or MS mechanism.",LTRYYSSFV,4,V2PMHC_bd85682692a22c86,/Users/anishsharma/Library/Mobile Documents/com~apple~CloudDocs/Downloads/folds_2026_08_27_04_51/ebvms_hla2_control_v2pmhc_bd85682692a22c86_s271828/fold_ebvms_hla2_control_v2pmhc_bd85682692a22c86_s271828_full_data_1.json,False,0.93,ebvms_hla2_control_v2pmhc_bd85682692a22c86_s271828,True,178,189,PRCLTRYYSSFVNME,271828,0.93,0.95,True,1,pass_exact_clash_free,v2_fresh_attribution_pilot,/Users/anishsharma/Library/Mobile Documents/com~apple~CloudDocs/Downloads/folds_2026_08_27_04_51/ebvms_hla2_control_v2pmhc_bd85682692a22c86_s271828/fold_ebvms_hla2_control_v2pmhc_bd85682692a22c86_s271828_summary_confidences_1.json,SYS_BALF5_MBP_HY2E11;SYS_ENGA_MBP_OB1A12
/Users/anishsharma/Library/Mobile Documents/com~apple~CloudDocs/Downloads/folds_2026_08_27_04_51/ebvms_hla2_control_v2pmhc_bd85682692a22c86_s271828/fold_ebvms_hla2_control_v2pmhc_bd85682692a22c86_s271828_model_2.cif,"Computational pMHC geometry prioritization only; not evidence of presentation, TCR binding, activation, cross-reactivity, molecular mimicry, or MS mechanism.",LTRYYSSFV,4,V2PMHC_bd85682692a22c86,/Users/anishsharma/Library/Mobile Documents/com~apple~CloudDocs/Downloads/folds_2026_08_27_04_51/ebvms_hla2_control_v2pmhc_bd85682692a22c86_s271828/fold_ebvms_hla2_control_v2pmhc_bd85682692a22c86_s271828_full_data_2.json,False,0.93,ebvms_hla2_control_v2pmhc_bd85682692a22c86_s271828,True,178,189,PRCLTRYYSSFVNME,271828,0.93,0.95,True,2,pass_exact_clash_free,v2_fresh_attribution_pilot,/Users/anishsharma/Library/Mobile Documents/com~apple~CloudDocs/Downloads/folds_2026_08_27_04_51/ebvms_hla2_control_v2pmhc_bd85682692a22c86_s271828/fold_ebvms_hla2_control_v2pmhc_bd85682692a22c86_s271828_summary_confidences_2.json,SYS_BALF5_MBP_HY2E11;SYS_ENGA_MBP_OB1A12
/Users/anishsharma/Library/Mobile Documents/com~apple~CloudDocs/Downloads/folds_2026_08_27_04_51/ebvms_hla2_control_v2pmhc_bd85682692a22c86_s271828/fold_ebvms_hla2_control_v2pmhc_bd85682692a22c86_s271828_model_3.cif,"Computational pMHC geometry prioritization only; not evidence of presentation, TCR binding, activation, cross-reactivity, molecular mimicry, or MS mechanism.",LTRYYSSFV,4,V2PMHC_bd85682692a22c86,/Users/anishsharma/Library/Mobile Documents/com~apple~CloudDocs/Downloads/folds_2026_08_27_04_51/ebvms_hla2_control_v2pmhc_bd85682692a22c86_s271828/fold_ebvms_hla2_control_v2pmhc_bd85682692a22c86_s271828_full_data_3.json,False,0.92,ebvms_hla2_control_v2pmhc_bd85682692a22c86_s271828,True,178,189,PRCLTRYYSSFVNME,271828,0.92,0.95,True,3,pass_exact_clash_free,v2_fresh_attribution_pilot,/Users/anishsharma/Library/Mobile Documents/com~apple~CloudDocs/Downloads/folds_2026_08_27_04_51/ebvms_hla2_control_v2pmhc_bd85682692a22c86_s271828/fold_ebvms_hla2_control_v2pmhc_bd85682692a22c86_s271828_summary_confidences_3.json,SYS_BALF5_MBP_HY2E11;SYS_ENGA_MBP_OB1A12
/Users/anishsharma/Library/Mobile Documents/com~apple~CloudDocs/Downloads/folds_2026_08_27_04_51/ebvms_hla2_control_v2pmhc_bd85682692a22c86_s271828/fold_ebvms_hla2_control_v2pmhc_bd85682692a22c86_s271828_model_4.cif,"Computational pMHC geometry prioritization only; not evidence of presentation, TCR binding, activation, cross-reactivity, molecular mimicry, or MS mechanism.",LTRYYSSFV,4,V2PMHC_bd85682692a22c86,/Users/anishsharma/Library/Mobile Documents/com~apple~CloudDocs/Downloads/folds_2026_08_27_04_51/ebvms_hla2_control_v2pmhc_bd85682692a22c86_s271828/fold_ebvms_hla2_control_v2pmhc_bd85682692a22c86_s271828_full_data_4.json,False,0.93,ebvms_hla2_control_v2pmhc_bd85682692a22c86_s271828,True,178,189,PRCLTRYYSSFVNME,271828,0.92,0.94,True,4,pass_exact_clash_free,v2_fresh_attribution_pilot,/Users/anishsharma/Library/Mobile Documents/com~apple~CloudDocs/Downloads/folds_2026_08_27_04_51/ebvms_hla2_control_v2pmhc_bd85682692a22c86_s271828/fold_ebvms_hla2_control_v2pmhc_bd85682692a22c86_s271828_summary_confidences_4.json,SYS_BALF5_MBP_HY2E11;SYS_ENGA_MBP_OB1A12
/Users/anishsharma/Library/Mobile Documents/com~apple~CloudDocs/Downloads/folds_2026_08_27_04_51/ebvms_hla2_control_v2pmhc_bd85682692a22c86_s314159/fold_ebvms_hla2_control_v2pmhc_bd85682692a22c86_s314159_model_0.cif,"Computational pMHC geometry prioritization only; not evidence of presentation, TCR binding, activation, cross-reactivity, molecular mimicry, or MS mechanism.",LTRYYSSFV,4,V2PMHC_bd85682692a22c86,/Users/anishsharma/Library/Mobile Documents/com~apple~CloudDocs/Downloads/folds_2026_08_27_04_51/ebvms_hla2_control_v2pmhc_bd85682692a22c86_s314159/fold_ebvms_hla2_control_v2pmhc_bd85682692a22c86_s314159_full_data_0.json,False,0.93,ebvms_hla2_control_v2pmhc_bd85682692a22c86_s314159,True,178,189,PRCLTRYYSSFVNME,314159,0.93,0.95,True,0,pass_exact_clash_free,v2_fresh_attribution_pilot,/Users/anishsharma/Library/Mobile Documents/com~apple~CloudDocs/Downloads/folds_2026_08_27_04_51/ebvms_hla2_control_v2pmhc_bd85682692a22c86_s314159/fold_ebvms_hla2_control_v2pmhc_bd85682692a22c86_s314159_summary_confidences_0.json,SYS_BALF5_MBP_HY2E11;SYS_ENGA_MBP_OB1A12
/Users/anishsharma/Library/Mobile Documents/com~apple~CloudDocs/Downloads/folds_2026_08_27_04_51/ebvms_hla2_control_v2pmhc_bd85682692a22c86_s314159/fold_ebvms_hla2_control_v2pmhc_bd85682692a22c86_s314159_model_1.cif,"Computational pMHC geometry prioritization only; not evidence of presentation, TCR binding, activation, cross-reactivity, molecular mimicry, or MS mechanism.",LTRYYSSFV,4,V2PMHC_bd85682692a22c86,/Users/anishsharma/Library/Mobile Documents/com~apple~CloudDocs/Downloads/folds_2026_08_27_04_51/ebvms_hla2_control_v2pmhc_bd85682692a22c86_s314159/fold_ebvms_hla2_control_v2pmhc_bd85682692a22c86_s314159_full_data_1.json,False,0.93,ebvms_hla2_control_v2pmhc_bd85682692a22c86_s314159,True,178,189,PRCLTRYYSSFVNME,314159,0.93,0.95,True,1,pass_exact_clash_free,v2_fresh_attribution_pilot,/Users/anishsharma/Library/Mobile Documents/com~apple~CloudDocs/Downloads/folds_2026_08_27_04_51/ebvms_hla2_control_v2pmhc_bd85682692a22c86_s314159/fold_ebvms_hla2_control_v2pmhc_bd85682692a22c86_s314159_summary_confidences_1.json,SYS_BALF5_MBP_HY2E11;SYS_ENGA_MBP_OB1A12
/Users/anishsharma/Library/Mobile Documents/com~apple~CloudDocs/Downloads/folds_2026_08_27_04_51/ebvms_hla2_control_v2pmhc_bd85682692a22c86_s314159/fold_ebvms_hla2_control_v2pmhc_bd85682692a22c86_s314159_model_2.cif,"Computational pMHC geometry prioritization only; not evidence of presentation, TCR binding, activation, cross-reactivity, molecular mimicry, or MS mechanism.",LTRYYSSFV,4,V2PMHC_bd85682692a22c86,/Users/anishsharma/Library/Mobile Documents/com~apple~CloudDocs/Downloads/folds_2026_08_27_04_51/ebvms_hla2_control_v2pmhc_bd85682692a22c86_s314159/fold_ebvms_hla2_control_v2pmhc_bd85682692a22c86_s314159_full_data_2.json,False,0.92,ebvms_hla2_control_v2pmhc_bd85682692a22c86_s314159,True,178,189,PRCLTRYYSSFVNME,314159,0.93,0.95,True,2,pass_exact_clash_free,v2_fresh_attribution_pilot,/Users/anishsharma/Library/Mobile Documents/com~apple~CloudDocs/Downloads/folds_2026_08_27_04_51/ebvms_hla2_control_v2pmhc_bd85682692a22c86_s314159/fold_ebvms_hla2_control_v2pmhc_bd85682692a22c86_s314159_summary_confidences_2.json,SYS_BALF5_MBP_HY2E11;SYS_ENGA_MBP_OB1A12
/Users/anishsharma/Library/Mobile Documents/com~apple~CloudDocs/Downloads/folds_2026_08_27_04_51/ebvms_hla2_control_v2pmhc_bd85682692a22c86_s314159/fold_ebvms_hla2_control_v2pmhc_bd85682692a22c86_s314159_model_3.cif,"Computational pMHC geometry prioritization only; not evidence of presentation, TCR binding, activation, cross-reactivity, molecular mimicry, or MS mechanism.",LTRYYSSFV,4,V2PMHC_bd85682692a22c86,/Users/anishsharma/Library/Mobile Documents/com~apple~CloudDocs/Downloads/folds_2026_08_27_04_51/ebvms_hla2_control_v2pmhc_bd85682692a22c86_s314159/fold_ebvms_hla2_control_v2pmhc_bd85682692a22c86_s314159_full_data_3.json,False,0.92,ebvms_hla2_control_v2pmhc_bd85682692a22c86_s314159,True,178,189,PRCLTRYYSSFVNME,314159,0.92,0.95,True,3,pass_exact_clash_free,v2_fresh_attribution_pilot,/Users/anishsharma/Library/Mobile Documents/com~apple~CloudDocs/Downloads/folds_2026_08_27_04_51/ebvms_hla2_control_v2pmhc_bd85682692a22c86_s314159/fold_ebvms_hla2_control_v2pmhc_bd85682692a22c86_s314159_summary_confidences_3.json,SYS_BALF5_MBP_HY2E11;SYS_ENGA_MBP_OB1A12
/Users/anishsharma/Library/Mobile Documents/com~apple~CloudDocs/Downloads/folds_2026_08_27_04_51/ebvms_hla2_control_v2pmhc_bd85682692a22c86_s314159/fold_ebvms_hla2_control_v2pmhc_bd85682692a22c86_s314159_model_4.cif,"Computational pMHC geometry prioritization only; not evidence of presentation, TCR binding, activation, cross-reactivity, molecular mimicry, or MS mechanism.",LTRYYSSFV,4,V2PMHC_bd85682692a22c86,/Users/anishsharma/Library/Mobile Documents/com~apple~CloudDocs/Downloads/folds_2026_08_27_04_51/ebvms_hla2_control_v2pmhc_bd85682692a22c86_s314159/fold_ebvms_hla2_control_v2pmhc_bd85682692a22c86_s314159_full_data_4.json,False,0.92,ebvms_hla2_control_v2pmhc_bd85682692a22c86_s314159,True,178,189,PRCLTRYYSSFVNME,314159,0.92,0.94,True,4,pass_exact_clash_free,v2_fresh_attribution_pilot,/Users/anishsharma/Library/Mobile Documents/com~apple~CloudDocs/Downloads/folds_2026_08_27_04_51/ebvms_hla2_control_v2pmhc_bd85682692a22c86_s314159/fold_ebvms_hla2_control_v2pmhc_bd85682692a22c86_s314159_summary_confidences_4.json,SYS_BALF5_MBP_HY2E11;SYS_ENGA_MBP_OB1A12
/Users/anishsharma/Library/Mobile Documents/com~apple~CloudDocs/Downloads/folds_2026_08_27_04_51/ebvms_hla2_control_v2pmhc_beb0ad27d412552e_s271828/fold_ebvms_hla2_control_v2pmhc_beb0ad27d412552e_s271828_model_0.cif,"Computational pMHC geometry prioritization only; not evidence of presentation, TCR binding, activation, cross-reactivity, molecular mimicry, or MS mechanism.",RTQSVPARD,4,V2PMHC_beb0ad27d412552e,/Users/anishsharma/Library/Mobile Documents/com~apple~CloudDocs/Downloads/folds_2026_08_27_04_51/ebvms_hla2_control_v2pmhc_beb0ad27d412552e_s271828/fold_ebvms_hla2_control_v2pmhc_beb0ad27d412552e_s271828_full_data_0.json,False,0.9,ebvms_hla2_control_v2pmhc_beb0ad27d412552e_s271828,True,194,202,LVPRTQSVPARDY,271828,0.89,0.97,True,0,pass_exact_clash_free,v2_fresh_attribution_pilot,/Users/anishsharma/Library/Mobile Documents/com~apple~CloudDocs/Downloads/folds_2026_08_27_04_51/ebvms_hla2_control_v2pmhc_beb0ad27d412552e_s271828/fold_ebvms_hla2_control_v2pmhc_beb0ad27d412552e_s271828_summary_confidences_0.json,SYS_MICROBIAL_MBP_HY1B11
/Users/anishsharma/Library/Mobile Documents/com~apple~CloudDocs/Downloads/folds_2026_08_27_04_51/ebvms_hla2_control_v2pmhc_beb0ad27d412552e_s271828/fold_ebvms_hla2_control_v2pmhc_beb0ad27d412552e_s271828_model_1.cif,"Computational pMHC geometry prioritization only; not evidence of presentation, TCR binding, activation, cross-reactivity, molecular mimicry, or MS mechanism.",RTQSVPARD,4,V2PMHC_beb0ad27d412552e,/Users/anishsharma/Library/Mobile Documents/com~apple~CloudDocs/Downloads/folds_2026_08_27_04_51/ebvms_hla2_control_v2pmhc_beb0ad27d412552e_s271828/fold_ebvms_hla2_control_v2pmhc_beb0ad27d412552e_s271828_full_data_1.json,False,0.9,ebvms_hla2_control_v2pmhc_beb0ad27d412552e_s271828,True,194,202,LVPRTQSVPARDY,271828,0.89,0.97,True,1,pass_exact_clash_free,v2_fresh_attribution_pilot,/Users/anishsharma/Library/Mobile Documents/com~apple~CloudDocs/Downloads/folds_2026_08_27_04_51/ebvms_hla2_control_v2pmhc_beb0ad27d412552e_s271828/fold_ebvms_hla2_control_v2pmhc_beb0ad27d412552e_s271828_summary_confidences_1.json,SYS_MICROBIAL_MBP_HY1B11
/Users/anishsharma/Library/Mobile Documents/com~apple~CloudDocs/Downloads/folds_2026_08_27_04_51/ebvms_hla2_control_v2pmhc_beb0ad27d412552e_s271828/fold_ebvms_hla2_control_v2pmhc_beb0ad27d412552e_s271828_model_2.cif,"Computational pMHC geometry prioritization only; not evidence of presentation, TCR binding, activation, cross-reactivity, molecular mimicry, or MS mechanism.",RTQSVPARD,4,V2PMHC_beb0ad27d412552e,/Users/anishsharma/Library/Mobile Documents/com~apple~CloudDocs/Downloads/folds_2026_08_27_04_51/ebvms_hla2_control_v2pmhc_beb0ad27d412552e_s271828/fold_ebvms_hla2_control_v2pmhc_beb0ad27d412552e_s271828_full_data_2.json,False,0.9,ebvms_hla2_control_v2pmhc_beb0ad27d412552e_s271828,True,194,202,LVPRTQSVPARDY,271828,0.89,0.97,True,2,pass_exact_clash_free,v2_fresh_attribution_pilot,/Users/anishsharma/Library/Mobile Documents/com~apple~CloudDocs/Downloads/folds_2026_08_27_04_51/ebvms_hla2_control_v2pmhc_beb0ad27d412552e_s271828/fold_ebvms_hla2_control_v2pmhc_beb0ad27d412552e_s271828_summary_confidences_2.json,SYS_MICROBIAL_MBP_HY1B11
/Users/anishsharma/Library/Mobile Documents/com~apple~CloudDocs/Downloads/folds_2026_08_27_04_51/ebvms_hla2_control_v2pmhc_beb0ad27d412552e_s271828/fold_ebvms_hla2_control_v2pmhc_beb0ad27d412552e_s271828_model_3.cif,"Computational pMHC geometry prioritization only; not evidence of presentation, TCR binding, activation, cross-reactivity, molecular mimicry, or MS mechanism.",RTQSVPARD,4,V2PMHC_beb0ad27d412552e,/Users/anishsharma/Library/Mobile Documents/com~apple~CloudDocs/Downloads/folds_2026_08_27_04_51/ebvms_hla2_control_v2pmhc_beb0ad27d412552e_s271828/fold_ebvms_hla2_control_v2pmhc_beb0ad27d412552e_s271828_full_data_3.json,False,0.9,ebvms_hla2_control_v2pmhc_beb0ad27d412552e_s271828,True,194,202,LVPRTQSVPARDY,271828,0.89,0.97,True,3,pass_exact_clash_free,v2_fresh_attribution_pilot,/Users/anishsharma/Library/Mobile Documents/com~apple~CloudDocs/Downloads/folds_2026_08_27_04_51/ebvms_hla2_control_v2pmhc_beb0ad27d412552e_s271828/fold_ebvms_hla2_control_v2pmhc_beb0ad27d412552e_s271828_summary_confidences_3.json,SYS_MICROBIAL_MBP_HY1B11
/Users/anishsharma/Library/Mobile Documents/com~apple~CloudDocs/Downloads/folds_2026_08_27_04_51/ebvms_hla2_control_v2pmhc_beb0ad27d412552e_s271828/fold_ebvms_hla2_control_v2pmhc_beb0ad27d412552e_s271828_model_4.cif,"Computational pMHC geometry prioritization only; not evidence of presentation, TCR binding, activation, cross-reactivity, molecular mimicry, or MS mechanism.",RTQSVPARD,4,V2PMHC_beb0ad27d412552e,/Users/anishsharma/Library/Mobile Documents/com~apple~CloudDocs/Downloads/folds_2026_08_27_04_51/ebvms_hla2_control_v2pmhc_beb0ad27d412552e_s271828/fold_ebvms_hla2_control_v2pmhc_beb0ad27d412552e_s271828_full_data_4.json,False,0.89,ebvms_hla2_control_v2pmhc_beb0ad27d412552e_s271828,True,194,202,LVPRTQSVPARDY,271828,0.89,0.96,True,4,pass_exact_clash_free,v2_fresh_attribution_pilot,/Users/anishsharma/Library/Mobile Documents/com~apple~CloudDocs/Downloads/folds_2026_08_27_04_51/ebvms_hla2_control_v2pmhc_beb0ad27d412552e_s271828/fold_ebvms_hla2_control_v2pmhc_beb0ad27d412552e_s271828_summary_confidences_4.json,SYS_MICROBIAL_MBP_HY1B11
/Users/anishsharma/Library/Mobile Documents/com~apple~CloudDocs/Downloads/folds_2026_08_27_04_51/ebvms_hla2_control_v2pmhc_beb0ad27d412552e_s314159/fold_ebvms_hla2_control_v2pmhc_beb0ad27d412552e_s314159_model_0.cif,"Computational pMHC geometry prioritization only; not evidence of presentation, TCR binding, activation, cross-reactivity, molecular mimicry, or MS mechanism.",RTQSVPARD,4,V2PMHC_beb0ad27d412552e,/Users/anishsharma/Library/Mobile Documents/com~apple~CloudDocs/Downloads/folds_2026_08_27_04_51/ebvms_hla2_control_v2pmhc_beb0ad27d412552e_s314159/fold_ebvms_hla2_control_v2pmhc_beb0ad27d412552e_s314159_full_data_0.json,False,0.9,ebvms_hla2_control_v2pmhc_beb0ad27d412552e_s314159,True,194,202,LVPRTQSVPARDY,314159,0.89,0.97,True,0,pass_exact_clash_free,v2_fresh_attribution_pilot,/Users/anishsharma/Library/Mobile Documents/com~apple~CloudDocs/Downloads/folds_2026_08_27_04_51/ebvms_hla2_control_v2pmhc_beb0ad27d412552e_s314159/fold_ebvms_hla2_control_v2pmhc_beb0ad27d412552e_s314159_summary_confidences_0.json,SYS_MICROBIAL_MBP_HY1B11
/Users/anishsharma/Library/Mobile Documents/com~apple~CloudDocs/Downloads/folds_2026_08_27_04_51/ebvms_hla2_control_v2pmhc_beb0ad27d412552e_s314159/fold_ebvms_hla2_control_v2pmhc_beb0ad27d412552e_s314159_model_1.cif,"Computational pMHC geometry prioritization only; not evidence of presentation, TCR binding, activation, cross-reactivity, molecular mimicry, or MS mechanism.",RTQSVPARD,4,V2PMHC_beb0ad27d412552e,/Users/anishsharma/Library/Mobile Documents/com~apple~CloudDocs/Downloads/folds_2026_08_27_04_51/ebvms_hla2_control_v2pmhc_beb0ad27d412552e_s314159/fold_ebvms_hla2_control_v2pmhc_beb0ad27d412552e_s314159_full_data_1.json,False,0.89,ebvms_hla2_control_v2pmhc_beb0ad27d412552e_s314159,True,194,202,LVPRTQSVPARDY,314159,0.89,0.97,True,1,pass_exact_clash_free,v2_fresh_attribution_pilot,/Users/anishsharma/Library/Mobile Documents/com~apple~CloudDocs/Downloads/folds_2026_08_27_04_51/ebvms_hla2_control_v2pmhc_beb0ad27d412552e_s314159/fold_ebvms_hla2_control_v2pmhc_beb0ad27d412552e_s314159_summary_confidences_1.json,SYS_MICROBIAL_MBP_HY1B11
/Users/anishsharma/Library/Mobile Documents/com~apple~CloudDocs/Downloads/folds_2026_08_27_04_51/ebvms_hla2_control_v2pmhc_beb0ad27d412552e_s314159/fold_ebvms_hla2_control_v2pmhc_beb0ad27d412552e_s314159_model_2.cif,"Computational pMHC geometry prioritization only; not evidence of presentation, TCR binding, activation, cross-reactivity, molecular mimicry, or MS mechanism.",RTQSVPARD,4,V2PMHC_beb0ad27d412552e,/Users/anishsharma/Library/Mobile Documents/com~apple~CloudDocs/Downloads/folds_2026_08_27_04_51/ebvms_hla2_control_v2pmhc_beb0ad27d412552e_s314159/fold_ebvms_hla2_control_v2pmhc_beb0ad27d412552e_s314159_full_data_2.json,False,0.89,ebvms_hla2_control_v2pmhc_beb0ad27d412552e_s314159,True,194,202,LVPRTQSVPARDY,314159,0.89,0.97,True,2,pass_exact_clash_free,v2_fresh_attribution_pilot,/Users/anishsharma/Library/Mobile Documents/com~apple~CloudDocs/Downloads/folds_2026_08_27_04_51/ebvms_hla2_control_v2pmhc_beb0ad27d412552e_s314159/fold_ebvms_hla2_control_v2pmhc_beb0ad27d412552e_s314159_summary_confidences_2.json,SYS_MICROBIAL_MBP_HY1B11
/Users/anishsharma/Library/Mobile Documents/com~apple~CloudDocs/Downloads/folds_2026_08_27_04_51/ebvms_hla2_control_v2pmhc_beb0ad27d412552e_s314159/fold_ebvms_hla2_control_v2pmhc_beb0ad27d412552e_s314159_model_3.cif,"Computational pMHC geometry prioritization only; not evidence of presentation, TCR binding, activation, cross-reactivity, molecular mimicry, or MS mechanism.",RTQSVPARD,4,V2PMHC_beb0ad27d412552e,/Users/anishsharma/Library/Mobile Documents/com~apple~CloudDocs/Downloads/folds_2026_08_27_04_51/ebvms_hla2_control_v2pmhc_beb0ad27d412552e_s314159/fold_ebvms_hla2_control_v2pmhc_beb0ad27d412552e_s314159_full_data_3.json,False,0.89,ebvms_hla2_control_v2pmhc_beb0ad27d412552e_s314159,True,194,202,LVPRTQSVPARDY,314159,0.89,0.97,True,3,pass_exact_clash_free,v2_fresh_attribution_pilot,/Users/anishsharma/Library/Mobile Documents/com~apple~CloudDocs/Downloads/folds_2026_08_27_04_51/ebvms_hla2_control_v2pmhc_beb0ad27d412552e_s314159/fold_ebvms_hla2_control_v2pmhc_beb0ad27d412552e_s314159_summary_confidences_3.json,SYS_MICROBIAL_MBP_HY1B11
/Users/anishsharma/Library/Mobile Documents/com~apple~CloudDocs/Downloads/folds_2026_08_27_04_51/ebvms_hla2_control_v2pmhc_beb0ad27d412552e_s314159/fold_ebvms_hla2_control_v2pmhc_beb0ad27d412552e_s314159_model_4.cif,"Computational pMHC geometry prioritization only; not evidence of presentation, TCR binding, activation, cross-reactivity, molecular mimicry, or MS mechanism.",RTQSVPARD,4,V2PMHC_beb0ad27d412552e,/Users/anishsharma/Library/Mobile Documents/com~apple~CloudDocs/Downloads/folds_2026_08_27_04_51/ebvms_hla2_control_v2pmhc_beb0ad27d412552e_s314159/fold_ebvms_hla2_control_v2pmhc_beb0ad27d412552e_s314159_full_data_4.json,False,0.89,ebvms_hla2_control_v2pmhc_beb0ad27d412552e_s314159,True,194,202,LVPRTQSVPARDY,314159,0.89,0.97,True,4,pass_exact_clash_free,v2_fresh_attribution_pilot,/Users/anishsharma/Library/Mobile Documents/com~apple~CloudDocs/Downloads/folds_2026_08_27_04_51/ebvms_hla2_control_v2pmhc_beb0ad27d412552e_s314159/fold_ebvms_hla2_control_v2pmhc_beb0ad27d412552e_s314159_summary_confidences_4.json,SYS_MICROBIAL_MBP_HY1B11
/Users/anishsharma/Library/Mobile Documents/com~apple~CloudDocs/Downloads/folds_2026_08_27_04_51 (1)/ebvms_hla2_control_v2pmhc_c7cc3907edbdd374_s271828/fold_ebvms_hla2_control_v2pmhc_c7cc3907edbdd374_s271828_model_0.cif,"Computational pMHC geometry prioritization only; not evidence of presentation, TCR binding, activation, cross-reactivity, molecular mimicry, or MS mechanism.",MVTFRNQAS,4,V2PMHC_c7cc3907edbdd374,/Users/anishsharma/Library/Mobile Documents/com~apple~CloudDocs/Downloads/folds_2026_08_27_04_51 (1)/ebvms_hla2_control_v2pmhc_c7cc3907edbdd374_s271828/fold_ebvms_hla2_control_v2pmhc_c7cc3907edbdd374_s271828_full_data_0.json,False,0.93,ebvms_hla2_control_v2pmhc_c7cc3907edbdd374_s271828,True,178,189,DNIMVTFRNQASRPY,271828,0.93,0.95,True,0,pass_exact_clash_free,v2_fresh_attribution_pilot,/Users/anishsharma/Library/Mobile Documents/com~apple~CloudDocs/Downloads/folds_2026_08_27_04_51 (1)/ebvms_hla2_control_v2pmhc_c7cc3907edbdd374_s271828/fold_ebvms_hla2_control_v2pmhc_c7cc3907edbdd374_s271828_summary_confidences_0.json,SYS_BALF5_MBP_HY2E11;SYS_ENGA_MBP_OB1A12
/Users/anishsharma/Library/Mobile Documents/com~apple~CloudDocs/Downloads/folds_2026_08_27_04_51 (1)/ebvms_hla2_control_v2pmhc_c7cc3907edbdd374_s271828/fold_ebvms_hla2_control_v2pmhc_c7cc3907edbdd374_s271828_model_1.cif,"Computational pMHC geometry prioritization only; not evidence of presentation, TCR binding, activation, cross-reactivity, molecular mimicry, or MS mechanism.",MVTFRNQAS,4,V2PMHC_c7cc3907edbdd374,/Users/anishsharma/Library/Mobile Documents/com~apple~CloudDocs/Downloads/folds_2026_08_27_04_51 (1)/ebvms_hla2_control_v2pmhc_c7cc3907edbdd374_s271828/fold_ebvms_hla2_control_v2pmhc_c7cc3907edbdd374_s271828_full_data_1.json,False,0.93,ebvms_hla2_control_v2pmhc_c7cc3907edbdd374_s271828,True,178,189,DNIMVTFRNQASRPY,271828,0.93,0.95,True,1,pass_exact_clash_free,v2_fresh_attribution_pilot,/Users/anishsharma/Library/Mobile Documents/com~apple~CloudDocs/Downloads/folds_2026_08_27_04_51 (1)/ebvms_hla2_control_v2pmhc_c7cc3907edbdd374_s271828/fold_ebvms_hla2_control_v2pmhc_c7cc3907edbdd374_s271828_summary_confidences_1.json,SYS_BALF5_MBP_HY2E11;SYS_ENGA_MBP_OB1A12
/Users/anishsharma/Library/Mobile Documents/com~apple~CloudDocs/Downloads/folds_2026_08_27_04_51 (1)/ebvms_hla2_control_v2pmhc_c7cc3907edbdd374_s271828/fold_ebvms_hla2_control_v2pmhc_c7cc3907edbdd374_s271828_model_2.cif,"Computational pMHC geometry prioritization only; not evidence of presentation, TCR binding, activation, cross-reactivity, molecular mimicry, or MS mechanism.",MVTFRNQAS,4,V2PMHC_c7cc3907edbdd374,/Users/anishsharma/Library/Mobile Documents/com~apple~CloudDocs/Downloads/folds_2026_08_27_04_51 (1)/ebvms_hla2_control_v2pmhc_c7cc3907edbdd374_s271828/fold_ebvms_hla2_control_v2pmhc_c7cc3907edbdd374_s271828_full_data_2.json,False,0.93,ebvms_hla2_control_v2pmhc_c7cc3907edbdd374_s271828,True,178,189,DNIMVTFRNQASRPY,271828,0.93,0.95,True,2,pass_exact_clash_free,v2_fresh_attribution_pilot,/Users/anishsharma/Library/Mobile Documents/com~apple~CloudDocs/Downloads/folds_2026_08_27_04_51 (1)/ebvms_hla2_control_v2pmhc_c7cc3907edbdd374_s271828/fold_ebvms_hla2_control_v2pmhc_c7cc3907edbdd374_s271828_summary_confidences_2.json,SYS_BALF5_MBP_HY2E11;SYS_ENGA_MBP_OB1A12
/Users/anishsharma/Library/Mobile Documents/com~apple~CloudDocs/Downloads/folds_2026_08_27_04_51 (1)/ebvms_hla2_control_v2pmhc_c7cc3907edbdd374_s271828/fold_ebvms_hla2_control_v2pmhc_c7cc3907edbdd374_s271828_model_3.cif,"Computational pMHC geometry prioritization only; not evidence of presentation, TCR binding, activation, cross-reactivity, molecular mimicry, or MS mechanism.",MVTFRNQAS,4,V2PMHC_c7cc3907edbdd374,/Users/anishsharma/Library/Mobile Documents/com~apple~CloudDocs/Downloads/folds_2026_08_27_04_51 (1)/ebvms_hla2_control_v2pmhc_c7cc3907edbdd374_s271828/fold_ebvms_hla2_control_v2pmhc_c7cc3907edbdd374_s271828_full_data_3.json,False,0.93,ebvms_hla2_control_v2pmhc_c7cc3907edbdd374_s271828,True,178,189,DNIMVTFRNQASRPY,271828,0.93,0.95,True,3,pass_exact_clash_free,v2_fresh_attribution_pilot,/Users/anishsharma/Library/Mobile Documents/com~apple~CloudDocs/Downloads/folds_2026_08_27_04_51 (1)/ebvms_hla2_control_v2pmhc_c7cc3907edbdd374_s271828/fold_ebvms_hla2_control_v2pmhc_c7cc3907edbdd374_s271828_summary_confidences_3.json,SYS_BALF5_MBP_HY2E11;SYS_ENGA_MBP_OB1A12
/Users/anishsharma/Library/Mobile Documents/com~apple~CloudDocs/Downloads/folds_2026_08_27_04_51 (1)/ebvms_hla2_control_v2pmhc_c7cc3907edbdd374_s271828/fold_ebvms_hla2_control_v2pmhc_c7cc3907edbdd374_s271828_model_4.cif,"Computational pMHC geometry prioritization only; not evidence of presentation, TCR binding, activation, cross-reactivity, molecular mimicry, or MS mechanism.",MVTFRNQAS,4,V2PMHC_c7cc3907edbdd374,/Users/anishsharma/Library/Mobile Documents/com~apple~CloudDocs/Downloads/folds_2026_08_27_04_51 (1)/ebvms_hla2_control_v2pmhc_c7cc3907edbdd374_s271828/fold_ebvms_hla2_control_v2pmhc_c7cc3907edbdd374_s271828_full_data_4.json,False,0.93,ebvms_hla2_control_v2pmhc_c7cc3907edbdd374_s271828,True,178,189,DNIMVTFRNQASRPY,271828,0.93,0.95,True,4,pass_exact_clash_free,v2_fresh_attribution_pilot,/Users/anishsharma/Library/Mobile Documents/com~apple~CloudDocs/Downloads/folds_2026_08_27_04_51 (1)/ebvms_hla2_control_v2pmhc_c7cc3907edbdd374_s271828/fold_ebvms_hla2_control_v2pmhc_c7cc3907edbdd374_s271828_summary_confidences_4.json,SYS_BALF5_MBP_HY2E11;SYS_ENGA_MBP_OB1A12
/Users/anishsharma/Library/Mobile Documents/com~apple~CloudDocs/Downloads/folds_2026_08_27_04_51 (1)/ebvms_hla2_control_v2pmhc_c7cc3907edbdd374_s314159/fold_ebvms_hla2_control_v2pmhc_c7cc3907edbdd374_s314159_model_0.cif,"Computational pMHC geometry prioritization only; not evidence of presentation, TCR binding, activation, cross-reactivity, molecular mimicry, or MS mechanism.",MVTFRNQAS,4,V2PMHC_c7cc3907edbdd374,/Users/anishsharma/Library/Mobile Documents/com~apple~CloudDocs/Downloads/folds_2026_08_27_04_51 (1)/ebvms_hla2_control_v2pmhc_c7cc3907edbdd374_s314159/fold_ebvms_hla2_control_v2pmhc_c7cc3907edbdd374_s314159_full_data_0.json,False,0.93,ebvms_hla2_control_v2pmhc_c7cc3907edbdd374_s314159,True,178,189,DNIMVTFRNQASRPY,314159,0.93,0.95,True,0,pass_exact_clash_free,v2_fresh_attribution_pilot,/Users/anishsharma/Library/Mobile Documents/com~apple~CloudDocs/Downloads/folds_2026_08_27_04_51 (1)/ebvms_hla2_control_v2pmhc_c7cc3907edbdd374_s314159/fold_ebvms_hla2_control_v2pmhc_c7cc3907edbdd374_s314159_summary_confidences_0.json,SYS_BALF5_MBP_HY2E11;SYS_ENGA_MBP_OB1A12
/Users/anishsharma/Library/Mobile Documents/com~apple~CloudDocs/Downloads/folds_2026_08_27_04_51 (1)/ebvms_hla2_control_v2pmhc_c7cc3907edbdd374_s314159/fold_ebvms_hla2_control_v2pmhc_c7cc3907edbdd374_s314159_model_1.cif,"Computational pMHC geometry prioritization only; not evidence of presentation, TCR binding, activation, cross-reactivity, molecular mimicry, or MS mechanism.",MVTFRNQAS,4,V2PMHC_c7cc3907edbdd374,/Users/anishsharma/Library/Mobile Documents/com~apple~CloudDocs/Downloads/folds_2026_08_27_04_51 (1)/ebvms_hla2_control_v2pmhc_c7cc3907edbdd374_s314159/fold_ebvms_hla2_control_v2pmhc_c7cc3907edbdd374_s314159_full_data_1.json,False,0.93,ebvms_hla2_control_v2pmhc_c7cc3907edbdd374_s314159,True,178,189,DNIMVTFRNQASRPY,314159,0.93,0.95,True,1,pass_exact_clash_free,v2_fresh_attribution_pilot,/Users/anishsharma/Library/Mobile Documents/com~apple~CloudDocs/Downloads/folds_2026_08_27_04_51 (1)/ebvms_hla2_control_v2pmhc_c7cc3907edbdd374_s314159/fold_ebvms_hla2_control_v2pmhc_c7cc3907edbdd374_s314159_summary_confidences_1.json,SYS_BALF5_MBP_HY2E11;SYS_ENGA_MBP_OB1A12
/Users/anishsharma/Library/Mobile Documents/com~apple~CloudDocs/Downloads/folds_2026_08_27_04_51 (1)/ebvms_hla2_control_v2pmhc_c7cc3907edbdd374_s314159/fold_ebvms_hla2_control_v2pmhc_c7cc3907edbdd374_s314159_model_2.cif,"Computational pMHC geometry prioritization only; not evidence of presentation, TCR binding, activation, cross-reactivity, molecular mimicry, or MS mechanism.",MVTFRNQAS,4,V2PMHC_c7cc3907edbdd374,/Users/anishsharma/Library/Mobile Documents/com~apple~CloudDocs/Downloads/folds_2026_08_27_04_51 (1)/ebvms_hla2_control_v2pmhc_c7cc3907edbdd374_s314159/fold_ebvms_hla2_control_v2pmhc_c7cc3907edbdd374_s314159_full_data_2.json,False,0.93,ebvms_hla2_control_v2pmhc_c7cc3907edbdd374_s314159,True,178,189,DNIMVTFRNQASRPY,314159,0.93,0.95,True,2,pass_exact_clash_free,v2_fresh_attribution_pilot,/Users/anishsharma/Library/Mobile Documents/com~apple~CloudDocs/Downloads/folds_2026_08_27_04_51 (1)/ebvms_hla2_control_v2pmhc_c7cc3907edbdd374_s314159/fold_ebvms_hla2_control_v2pmhc_c7cc3907edbdd374_s314159_summary_confidences_2.json,SYS_BALF5_MBP_HY2E11;SYS_ENGA_MBP_OB1A12
/Users/anishsharma/Library/Mobile Documents/com~apple~CloudDocs/Downloads/folds_2026_08_27_04_51 (1)/ebvms_hla2_control_v2pmhc_c7cc3907edbdd374_s314159/fold_ebvms_hla2_control_v2pmhc_c7cc3907edbdd374_s314159_model_3.cif,"Computational pMHC geometry prioritization only; not evidence of presentation, TCR binding, activation, cross-reactivity, molecular mimicry, or MS mechanism.",MVTFRNQAS,4,V2PMHC_c7cc3907edbdd374,/Users/anishsharma/Library/Mobile Documents/com~apple~CloudDocs/Downloads/folds_2026_08_27_04_51 (1)/ebvms_hla2_control_v2pmhc_c7cc3907edbdd374_s314159/fold_ebvms_hla2_control_v2pmhc_c7cc3907edbdd374_s314159_full_data_3.json,False,0.93,ebvms_hla2_control_v2pmhc_c7cc3907edbdd374_s314159,True,178,189,DNIMVTFRNQASRPY,314159,0.93,0.95,True,3,pass_exact_clash_free,v2_fresh_attribution_pilot,/Users/anishsharma/Library/Mobile Documents/com~apple~CloudDocs/Downloads/folds_2026_08_27_04_51 (1)/ebvms_hla2_control_v2pmhc_c7cc3907edbdd374_s314159/fold_ebvms_hla2_control_v2pmhc_c7cc3907edbdd374_s314159_summary_confidences_3.json,SYS_BALF5_MBP_HY2E11;SYS_ENGA_MBP_OB1A12
/Users/anishsharma/Library/Mobile Documents/com~apple~CloudDocs/Downloads/folds_2026_08_27_04_51 (1)/ebvms_hla2_control_v2pmhc_c7cc3907edbdd374_s314159/fold_ebvms_hla2_control_v2pmhc_c7cc3907edbdd374_s314159_model_4.cif,"Computational pMHC geometry prioritization only; not evidence of presentation, TCR binding, activation, cross-reactivity, molecular mimicry, or MS mechanism.",MVTFRNQAS,4,V2PMHC_c7cc3907edbdd374,/Users/anishsharma/Library/Mobile Documents/com~apple~CloudDocs/Downloads/folds_2026_08_27_04_51 (1)/ebvms_hla2_control_v2pmhc_c7cc3907edbdd374_s314159/fold_ebvms_hla2_control_v2pmhc_c7cc3907edbdd374_s314159_full_data_4.json,False,0.92,ebvms_hla2_control_v2pmhc_c7cc3907edbdd374_s314159,True,178,189,DNIMVTFRNQASRPY,314159,0.92,0.95,True,4,pass_exact_clash_free,v2_fresh_attribution_pilot,/Users/anishsharma/Library/Mobile Documents/com~apple~CloudDocs/Downloads/folds_2026_08_27_04_51 (1)/ebvms_hla2_control_v2pmhc_c7cc3907edbdd374_s314159/fold_ebvms_hla2_control_v2pmhc_c7cc3907edbdd374_s314159_summary_confidences_4.json,SYS_BALF5_MBP_HY2E11;SYS_ENGA_MBP_OB1A12
/Users/anishsharma/Library/Mobile Documents/com~apple~CloudDocs/Downloads/folds_2026_08_27_04_51 (1)/ebvms_hla2_control_v2pmhc_ccd4411cb2b8cf05_s271828/fold_ebvms_hla2_control_v2pmhc_ccd4411cb2b8cf05_s271828_model_0.cif,"Computational pMHC geometry prioritization only; not evidence of presentation, TCR binding, activation, cross-reactivity, molecular mimicry, or MS mechanism.",LTMEYDDKV,3,V2PMHC_ccd4411cb2b8cf05,/Users/anishsharma/Library/Mobile Documents/com~apple~CloudDocs/Downloads/folds_2026_08_27_04_51 (1)/ebvms_hla2_control_v2pmhc_ccd4411cb2b8cf05_s271828/fold_ebvms_hla2_control_v2pmhc_ccd4411cb2b8cf05_s271828_full_data_0.json,False,0.92,ebvms_hla2_control_v2pmhc_ccd4411cb2b8cf05_s271828,True,178,189,VKLTMEYDDKVSKSH,271828,0.93,0.95,True,0,pass_exact_clash_free,v2_fresh_attribution_pilot,/Users/anishsharma/Library/Mobile Documents/com~apple~CloudDocs/Downloads/folds_2026_08_27_04_51 (1)/ebvms_hla2_control_v2pmhc_ccd4411cb2b8cf05_s271828/fold_ebvms_hla2_control_v2pmhc_ccd4411cb2b8cf05_s271828_summary_confidences_0.json,SYS_BALF5_MBP_HY2E11
/Users/anishsharma/Library/Mobile Documents/com~apple~CloudDocs/Downloads/folds_2026_08_27_04_51 (1)/ebvms_hla2_control_v2pmhc_ccd4411cb2b8cf05_s271828/fold_ebvms_hla2_control_v2pmhc_ccd4411cb2b8cf05_s271828_model_1.cif,"Computational pMHC geometry prioritization only; not evidence of presentation, TCR binding, activation, cross-reactivity, molecular mimicry, or MS mechanism.",LTMEYDDKV,3,V2PMHC_ccd4411cb2b8cf05,/Users/anishsharma/Library/Mobile Documents/com~apple~CloudDocs/Downloads/folds_2026_08_27_04_51 (1)/ebvms_hla2_control_v2pmhc_ccd4411cb2b8cf05_s271828/fold_ebvms_hla2_control_v2pmhc_ccd4411cb2b8cf05_s271828_full_data_1.json,False,0.92,ebvms_hla2_control_v2pmhc_ccd4411cb2b8cf05_s271828,True,178,189,VKLTMEYDDKVSKSH,271828,0.93,0.95,True,1,pass_exact_clash_free,v2_fresh_attribution_pilot,/Users/anishsharma/Library/Mobile Documents/com~apple~CloudDocs/Downloads/folds_2026_08_27_04_51 (1)/ebvms_hla2_control_v2pmhc_ccd4411cb2b8cf05_s271828/fold_ebvms_hla2_control_v2pmhc_ccd4411cb2b8cf05_s271828_summary_confidences_1.json,SYS_BALF5_MBP_HY2E11
/Users/anishsharma/Library/Mobile Documents/com~apple~CloudDocs/Downloads/folds_2026_08_27_04_51 (1)/ebvms_hla2_control_v2pmhc_ccd4411cb2b8cf05_s271828/fold_ebvms_hla2_control_v2pmhc_ccd4411cb2b8cf05_s271828_model_2.cif,"Computational pMHC geometry prioritization only; not evidence of presentation, TCR binding, activation, cross-reactivity, molecular mimicry, or MS mechanism.",LTMEYDDKV,3,V2PMHC_ccd4411cb2b8cf05,/Users/anishsharma/Library/Mobile Documents/com~apple~CloudDocs/Downloads/folds_2026_08_27_04_51 (1)/ebvms_hla2_control_v2pmhc_ccd4411cb2b8cf05_s271828/fold_ebvms_hla2_control_v2pmhc_ccd4411cb2b8cf05_s271828_full_data_2.json,False,0.92,ebvms_hla2_control_v2pmhc_ccd4411cb2b8cf05_s271828,True,178,189,VKLTMEYDDKVSKSH,271828,0.93,0.94,True,2,pass_exact_clash_free,v2_fresh_attribution_pilot,/Users/anishsharma/Library/Mobile Documents/com~apple~CloudDocs/Downloads/folds_2026_08_27_04_51 (1)/ebvms_hla2_control_v2pmhc_ccd4411cb2b8cf05_s271828/fold_ebvms_hla2_control_v2pmhc_ccd4411cb2b8cf05_s271828_summary_confidences_2.json,SYS_BALF5_MBP_HY2E11
/Users/anishsharma/Library/Mobile Documents/com~apple~CloudDocs/Downloads/folds_2026_08_27_04_51 (1)/ebvms_hla2_control_v2pmhc_ccd4411cb2b8cf05_s271828/fold_ebvms_hla2_control_v2pmhc_ccd4411cb2b8cf05_s271828_model_3.cif,"Computational pMHC geometry prioritization only; not evidence of presentation, TCR binding, activation, cross-reactivity, molecular mimicry, or MS mechanism.",LTMEYDDKV,3,V2PMHC_ccd4411cb2b8cf05,/Users/anishsharma/Library/Mobile Documents/com~apple~CloudDocs/Downloads/folds_2026_08_27_04_51 (1)/ebvms_hla2_control_v2pmhc_ccd4411cb2b8cf05_s271828/fold_ebvms_hla2_control_v2pmhc_ccd4411cb2b8cf05_s271828_full_data_3.json,False,0.92,ebvms_hla2_control_v2pmhc_ccd4411cb2b8cf05_s271828,True,178,189,VKLTMEYDDKVSKSH,271828,0.92,0.94,True,3,pass_exact_clash_free,v2_fresh_attribution_pilot,/Users/anishsharma/Library/Mobile Documents/com~apple~CloudDocs/Downloads/folds_2026_08_27_04_51 (1)/ebvms_hla2_control_v2pmhc_ccd4411cb2b8cf05_s271828/fold_ebvms_hla2_control_v2pmhc_ccd4411cb2b8cf05_s271828_summary_confidences_3.json,SYS_BALF5_MBP_HY2E11
/Users/anishsharma/Library/Mobile Documents/com~apple~CloudDocs/Downloads/folds_2026_08_27_04_51 (1)/ebvms_hla2_control_v2pmhc_ccd4411cb2b8cf05_s271828/fold_ebvms_hla2_control_v2pmhc_ccd4411cb2b8cf05_s271828_model_4.cif,"Computational pMHC geometry prioritization only; not evidence of presentation, TCR binding, activation, cross-reactivity, molecular mimicry, or MS mechanism.",LTMEYDDKV,3,V2PMHC_ccd4411cb2b8cf05,/Users/anishsharma/Library/Mobile Documents/com~apple~CloudDocs/Downloads/folds_2026_08_27_04_51 (1)/ebvms_hla2_control_v2pmhc_ccd4411cb2b8cf05_s271828/fold_ebvms_hla2_control_v2pmhc_ccd4411cb2b8cf05_s271828_full_data_4.json,False,0.91,ebvms_hla2_control_v2pmhc_ccd4411cb2b8cf05_s271828,True,178,189,VKLTMEYDDKVSKSH,271828,0.92,0.94,True,4,pass_exact_clash_free,v2_fresh_attribution_pilot,/Users/anishsharma/Library/Mobile Documents/com~apple~CloudDocs/Downloads/folds_2026_08_27_04_51 (1)/ebvms_hla2_control_v2pmhc_ccd4411cb2b8cf05_s271828/fold_ebvms_hla2_control_v2pmhc_ccd4411cb2b8cf05_s271828_summary_confidences_4.json,SYS_BALF5_MBP_HY2E11
/Users/anishsharma/Library/Mobile Documents/com~apple~CloudDocs/Downloads/folds_2026_08_27_04_51 (1)/ebvms_hla2_control_v2pmhc_ccd4411cb2b8cf05_s314159/fold_ebvms_hla2_control_v2pmhc_ccd4411cb2b8cf05_s314159_model_0.cif,"Computational pMHC geometry prioritization only; not evidence of presentation, TCR binding, activation, cross-reactivity, molecular mimicry, or MS mechanism.",LTMEYDDKV,3,V2PMHC_ccd4411cb2b8cf05,/Users/anishsharma/Library/Mobile Documents/com~apple~CloudDocs/Downloads/folds_2026_08_27_04_51 (1)/ebvms_hla2_control_v2pmhc_ccd4411cb2b8cf05_s314159/fold_ebvms_hla2_control_v2pmhc_ccd4411cb2b8cf05_s314159_full_data_0.json,False,0.92,ebvms_hla2_control_v2pmhc_ccd4411cb2b8cf05_s314159,True,178,189,VKLTMEYDDKVSKSH,314159,0.93,0.94,True,0,pass_exact_clash_free,v2_fresh_attribution_pilot,/Users/anishsharma/Library/Mobile Documents/com~apple~CloudDocs/Downloads/folds_2026_08_27_04_51 (1)/ebvms_hla2_control_v2pmhc_ccd4411cb2b8cf05_s314159/fold_ebvms_hla2_control_v2pmhc_ccd4411cb2b8cf05_s314159_summary_confidences_0.json,SYS_BALF5_MBP_HY2E11
/Users/anishsharma/Library/Mobile Documents/com~apple~CloudDocs/Downloads/folds_2026_08_27_04_51 (1)/ebvms_hla2_control_v2pmhc_ccd4411cb2b8cf05_s314159/fold_ebvms_hla2_control_v2pmhc_ccd4411cb2b8cf05_s314159_model_1.cif,"Computational pMHC geometry prioritization only; not evidence of presentation, TCR binding, activation, cross-reactivity, molecular mimicry, or MS mechanism.",LTMEYDDKV,3,V2PMHC_ccd4411cb2b8cf05,/Users/anishsharma/Library/Mobile Documents/com~apple~CloudDocs/Downloads/folds_2026_08_27_04_51 (1)/ebvms_hla2_control_v2pmhc_ccd4411cb2b8cf05_s314159/fold_ebvms_hla2_control_v2pmhc_ccd4411cb2b8cf05_s314159_full_data_1.json,False,0.92,ebvms_hla2_control_v2pmhc_ccd4411cb2b8cf05_s314159,True,178,189,VKLTMEYDDKVSKSH,314159,0.93,0.94,True,1,pass_exact_clash_free,v2_fresh_attribution_pilot,/Users/anishsharma/Library/Mobile Documents/com~apple~CloudDocs/Downloads/folds_2026_08_27_04_51 (1)/ebvms_hla2_control_v2pmhc_ccd4411cb2b8cf05_s314159/fold_ebvms_hla2_control_v2pmhc_ccd4411cb2b8cf05_s314159_summary_confidences_1.json,SYS_BALF5_MBP_HY2E11
/Users/anishsharma/Library/Mobile Documents/com~apple~CloudDocs/Downloads/folds_2026_08_27_04_51 (1)/ebvms_hla2_control_v2pmhc_ccd4411cb2b8cf05_s314159/fold_ebvms_hla2_control_v2pmhc_ccd4411cb2b8cf05_s314159_model_2.cif,"Computational pMHC geometry prioritization only; not evidence of presentation, TCR binding, activation, cross-reactivity, molecular mimicry, or MS mechanism.",LTMEYDDKV,3,V2PMHC_ccd4411cb2b8cf05,/Users/anishsharma/Library/Mobile Documents/com~apple~CloudDocs/Downloads/folds_2026_08_27_04_51 (1)/ebvms_hla2_control_v2pmhc_ccd4411cb2b8cf05_s314159/fold_ebvms_hla2_control_v2pmhc_ccd4411cb2b8cf05_s314159_full_data_2.json,False,0.92,ebvms_hla2_control_v2pmhc_ccd4411cb2b8cf05_s314159,True,178,189,VKLTMEYDDKVSKSH,314159,0.93,0.94,True,2,pass_exact_clash_free,v2_fresh_attribution_pilot,/Users/anishsharma/Library/Mobile Documents/com~apple~CloudDocs/Downloads/folds_2026_08_27_04_51 (1)/ebvms_hla2_control_v2pmhc_ccd4411cb2b8cf05_s314159/fold_ebvms_hla2_control_v2pmhc_ccd4411cb2b8cf05_s314159_summary_confidences_2.json,SYS_BALF5_MBP_HY2E11
/Users/anishsharma/Library/Mobile Documents/com~apple~CloudDocs/Downloads/folds_2026_08_27_04_51 (1)/ebvms_hla2_control_v2pmhc_ccd4411cb2b8cf05_s314159/fold_ebvms_hla2_control_v2pmhc_ccd4411cb2b8cf05_s314159_model_3.cif,"Computational pMHC geometry prioritization only; not evidence of presentation, TCR binding, activation, cross-reactivity, molecular mimicry, or MS mechanism.",LTMEYDDKV,3,V2PMHC_ccd4411cb2b8cf05,/Users/anishsharma/Library/Mobile Documents/com~apple~CloudDocs/Downloads/folds_2026_08_27_04_51 (1)/ebvms_hla2_control_v2pmhc_ccd4411cb2b8cf05_s314159/fold_ebvms_hla2_control_v2pmhc_ccd4411cb2b8cf05_s314159_full_data_3.json,False,0.92,ebvms_hla2_control_v2pmhc_ccd4411cb2b8cf05_s314159,True,178,189,VKLTMEYDDKVSKSH,314159,0.93,0.94,True,3,pass_exact_clash_free,v2_fresh_attribution_pilot,/Users/anishsharma/Library/Mobile Documents/com~apple~CloudDocs/Downloads/folds_2026_08_27_04_51 (1)/ebvms_hla2_control_v2pmhc_ccd4411cb2b8cf05_s314159/fold_ebvms_hla2_control_v2pmhc_ccd4411cb2b8cf05_s314159_summary_confidences_3.json,SYS_BALF5_MBP_HY2E11
/Users/anishsharma/Library/Mobile Documents/com~apple~CloudDocs/Downloads/folds_2026_08_27_04_51 (1)/ebvms_hla2_control_v2pmhc_ccd4411cb2b8cf05_s314159/fold_ebvms_hla2_control_v2pmhc_ccd4411cb2b8cf05_s314159_model_4.cif,"Computational pMHC geometry prioritization only; not evidence of presentation, TCR binding, activation, cross-reactivity, molecular mimicry, or MS mechanism.",LTMEYDDKV,3,V2PMHC_ccd4411cb2b8cf05,/Users/anishsharma/Library/Mobile Documents/com~apple~CloudDocs/Downloads/folds_2026_08_27_04_51 (1)/ebvms_hla2_control_v2pmhc_ccd4411cb2b8cf05_s314159/fold_ebvms_hla2_control_v2pmhc_ccd4411cb2b8cf05_s314159_full_data_4.json,False,0.91,ebvms_hla2_control_v2pmhc_ccd4411cb2b8cf05_s314159,True,178,189,VKLTMEYDDKVSKSH,314159,0.92,0.93,True,4,pass_exact_clash_free,v2_fresh_attribution_pilot,/Users/anishsharma/Library/Mobile Documents/com~apple~CloudDocs/Downloads/folds_2026_08_27_04_51 (1)/ebvms_hla2_control_v2pmhc_ccd4411cb2b8cf05_s314159/fold_ebvms_hla2_control_v2pmhc_ccd4411cb2b8cf05_s314159_summary_confidences_4.json,SYS_BALF5_MBP_HY2E11
/Users/anishsharma/Library/Mobile Documents/com~apple~CloudDocs/Downloads/folds_2026_08_27_04_51 (1)/ebvms_hla2_control_v2pmhc_d7feb964ace8d6d1_s271828/fold_ebvms_hla2_control_v2pmhc_d7feb964ace8d6d1_s271828_model_0.cif,"Computational pMHC geometry prioritization only; not evidence of presentation, TCR binding, activation, cross-reactivity, molecular mimicry, or MS mechanism.",PVGEADYFE,2,V2PMHC_d7feb964ace8d6d1,/Users/anishsharma/Library/Mobile Documents/com~apple~CloudDocs/Downloads/folds_2026_08_27_04_51 (1)/ebvms_hla2_control_v2pmhc_d7feb964ace8d6d1_s271828/fold_ebvms_hla2_control_v2pmhc_d7feb964ace8d6d1_s271828_full_data_0.json,False,0.9,ebvms_hla2_control_v2pmhc_d7feb964ace8d6d1_s271828,True,194,202,HPVGEADYFEY,271828,0.89,0.97,True,0,pass_exact_clash_free,v2_fresh_attribution_pilot,/Users/anishsharma/Library/Mobile Documents/com~apple~CloudDocs/Downloads/folds_2026_08_27_04_51 (1)/ebvms_hla2_control_v2pmhc_d7feb964ace8d6d1_s271828/fold_ebvms_hla2_control_v2pmhc_d7feb964ace8d6d1_s271828_summary_confidences_0.json,SYS_MICROBIAL_MBP_HY1B11
/Users/anishsharma/Library/Mobile Documents/com~apple~CloudDocs/Downloads/folds_2026_08_27_04_51 (1)/ebvms_hla2_control_v2pmhc_d7feb964ace8d6d1_s271828/fold_ebvms_hla2_control_v2pmhc_d7feb964ace8d6d1_s271828_model_1.cif,"Computational pMHC geometry prioritization only; not evidence of presentation, TCR binding, activation, cross-reactivity, molecular mimicry, or MS mechanism.",PVGEADYFE,2,V2PMHC_d7feb964ace8d6d1,/Users/anishsharma/Library/Mobile Documents/com~apple~CloudDocs/Downloads/folds_2026_08_27_04_51 (1)/ebvms_hla2_control_v2pmhc_d7feb964ace8d6d1_s271828/fold_ebvms_hla2_control_v2pmhc_d7feb964ace8d6d1_s271828_full_data_1.json,False,0.9,ebvms_hla2_control_v2pmhc_d7feb964ace8d6d1_s271828,True,194,202,HPVGEADYFEY,271828,0.89,0.97,True,1,pass_exact_clash_free,v2_fresh_attribution_pilot,/Users/anishsharma/Library/Mobile Documents/com~apple~CloudDocs/Downloads/folds_2026_08_27_04_51 (1)/ebvms_hla2_control_v2pmhc_d7feb964ace8d6d1_s271828/fold_ebvms_hla2_control_v2pmhc_d7feb964ace8d6d1_s271828_summary_confidences_1.json,SYS_MICROBIAL_MBP_HY1B11
/Users/anishsharma/Library/Mobile Documents/com~apple~CloudDocs/Downloads/folds_2026_08_27_04_51 (1)/ebvms_hla2_control_v2pmhc_d7feb964ace8d6d1_s271828/fold_ebvms_hla2_control_v2pmhc_d7feb964ace8d6d1_s271828_model_2.cif,"Computational pMHC geometry prioritization only; not evidence of presentation, TCR binding, activation, cross-reactivity, molecular mimicry, or MS mechanism.",PVGEADYFE,2,V2PMHC_d7feb964ace8d6d1,/Users/anishsharma/Library/Mobile Documents/com~apple~CloudDocs/Downloads/folds_2026_08_27_04_51 (1)/ebvms_hla2_control_v2pmhc_d7feb964ace8d6d1_s271828/fold_ebvms_hla2_control_v2pmhc_d7feb964ace8d6d1_s271828_full_data_2.json,False,0.89,ebvms_hla2_control_v2pmhc_d7feb964ace8d6d1_s271828,True,194,202,HPVGEADYFEY,271828,0.89,0.97,True,2,pass_exact_clash_free,v2_fresh_attribution_pilot,/Users/anishsharma/Library/Mobile Documents/com~apple~CloudDocs/Downloads/folds_2026_08_27_04_51 (1)/ebvms_hla2_control_v2pmhc_d7feb964ace8d6d1_s271828/fold_ebvms_hla2_control_v2pmhc_d7feb964ace8d6d1_s271828_summary_confidences_2.json,SYS_MICROBIAL_MBP_HY1B11
/Users/anishsharma/Library/Mobile Documents/com~apple~CloudDocs/Downloads/folds_2026_08_27_04_51 (1)/ebvms_hla2_control_v2pmhc_d7feb964ace8d6d1_s271828/fold_ebvms_hla2_control_v2pmhc_d7feb964ace8d6d1_s271828_model_3.cif,"Computational pMHC geometry prioritization only; not evidence of presentation, TCR binding, activation, cross-reactivity, molecular mimicry, or MS mechanism.",PVGEADYFE,2,V2PMHC_d7feb964ace8d6d1,/Users/anishsharma/Library/Mobile Documents/com~apple~CloudDocs/Downloads/folds_2026_08_27_04_51 (1)/ebvms_hla2_control_v2pmhc_d7feb964ace8d6d1_s271828/fold_ebvms_hla2_control_v2pmhc_d7feb964ace8d6d1_s271828_full_data_3.json,False,0.89,ebvms_hla2_control_v2pmhc_d7feb964ace8d6d1_s271828,True,194,202,HPVGEADYFEY,271828,0.89,0.97,True,3,pass_exact_clash_free,v2_fresh_attribution_pilot,/Users/anishsharma/Library/Mobile Documents/com~apple~CloudDocs/Downloads/folds_2026_08_27_04_51 (1)/ebvms_hla2_control_v2pmhc_d7feb964ace8d6d1_s271828/fold_ebvms_hla2_control_v2pmhc_d7feb964ace8d6d1_s271828_summary_confidences_3.json,SYS_MICROBIAL_MBP_HY1B11
/Users/anishsharma/Library/Mobile Documents/com~apple~CloudDocs/Downloads/folds_2026_08_27_04_51 (1)/ebvms_hla2_control_v2pmhc_d7feb964ace8d6d1_s271828/fold_ebvms_hla2_control_v2pmhc_d7feb964ace8d6d1_s271828_model_4.cif,"Computational pMHC geometry prioritization only; not evidence of presentation, TCR binding, activation, cross-reactivity, molecular mimicry, or MS mechanism.",PVGEADYFE,2,V2PMHC_d7feb964ace8d6d1,/Users/anishsharma/Library/Mobile Documents/com~apple~CloudDocs/Downloads/folds_2026_08_27_04_51 (1)/ebvms_hla2_control_v2pmhc_d7feb964ace8d6d1_s271828/fold_ebvms_hla2_control_v2pmhc_d7feb964ace8d6d1_s271828_full_data_4.json,False,0.89,ebvms_hla2_control_v2pmhc_d7feb964ace8d6d1_s271828,True,194,202,HPVGEADYFEY,271828,0.89,0.96,True,4,pass_exact_clash_free,v2_fresh_attribution_pilot,/Users/anishsharma/Library/Mobile Documents/com~apple~CloudDocs/Downloads/folds_2026_08_27_04_51 (1)/ebvms_hla2_control_v2pmhc_d7feb964ace8d6d1_s271828/fold_ebvms_hla2_control_v2pmhc_d7feb964ace8d6d1_s271828_summary_confidences_4.json,SYS_MICROBIAL_MBP_HY1B11
/Users/anishsharma/Library/Mobile Documents/com~apple~CloudDocs/Downloads/folds_2026_08_27_04_51 (1)/ebvms_hla2_control_v2pmhc_d7feb964ace8d6d1_s314159/fold_ebvms_hla2_control_v2pmhc_d7feb964ace8d6d1_s314159_model_0.cif,"Computational pMHC geometry prioritization only; not evidence of presentation, TCR binding, activation, cross-reactivity, molecular mimicry, or MS mechanism.",PVGEADYFE,2,V2PMHC_d7feb964ace8d6d1,/Users/anishsharma/Library/Mobile Documents/com~apple~CloudDocs/Downloads/folds_2026_08_27_04_51 (1)/ebvms_hla2_control_v2pmhc_d7feb964ace8d6d1_s314159/fold_ebvms_hla2_control_v2pmhc_d7feb964ace8d6d1_s314159_full_data_0.json,False,0.89,ebvms_hla2_control_v2pmhc_d7feb964ace8d6d1_s314159,True,194,202,HPVGEADYFEY,314159,0.89,0.97,True,0,pass_exact_clash_free,v2_fresh_attribution_pilot,/Users/anishsharma/Library/Mobile Documents/com~apple~CloudDocs/Downloads/folds_2026_08_27_04_51 (1)/ebvms_hla2_control_v2pmhc_d7feb964ace8d6d1_s314159/fold_ebvms_hla2_control_v2pmhc_d7feb964ace8d6d1_s314159_summary_confidences_0.json,SYS_MICROBIAL_MBP_HY1B11
/Users/anishsharma/Library/Mobile Documents/com~apple~CloudDocs/Downloads/folds_2026_08_27_04_51 (1)/ebvms_hla2_control_v2pmhc_d7feb964ace8d6d1_s314159/fold_ebvms_hla2_control_v2pmhc_d7feb964ace8d6d1_s314159_model_1.cif,"Computational pMHC geometry prioritization only; not evidence of presentation, TCR binding, activation, cross-reactivity, molecular mimicry, or MS mechanism.",PVGEADYFE,2,V2PMHC_d7feb964ace8d6d1,/Users/anishsharma/Library/Mobile Documents/com~apple~CloudDocs/Downloads/folds_2026_08_27_04_51 (1)/ebvms_hla2_control_v2pmhc_d7feb964ace8d6d1_s314159/fold_ebvms_hla2_control_v2pmhc_d7feb964ace8d6d1_s314159_full_data_1.json,False,0.89,ebvms_hla2_control_v2pmhc_d7feb964ace8d6d1_s314159,True,194,202,HPVGEADYFEY,314159,0.89,0.97,True,1,pass_exact_clash_free,v2_fresh_attribution_pilot,/Users/anishsharma/Library/Mobile Documents/com~apple~CloudDocs/Downloads/folds_2026_08_27_04_51 (1)/ebvms_hla2_control_v2pmhc_d7feb964ace8d6d1_s314159/fold_ebvms_hla2_control_v2pmhc_d7feb964ace8d6d1_s314159_summary_confidences_1.json,SYS_MICROBIAL_MBP_HY1B11
/Users/anishsharma/Library/Mobile Documents/com~apple~CloudDocs/Downloads/folds_2026_08_27_04_51 (1)/ebvms_hla2_control_v2pmhc_d7feb964ace8d6d1_s314159/fold_ebvms_hla2_control_v2pmhc_d7feb964ace8d6d1_s314159_model_2.cif,"Computational pMHC geometry prioritization only; not evidence of presentation, TCR binding, activation, cross-reactivity, molecular mimicry, or MS mechanism.",PVGEADYFE,2,V2PMHC_d7feb964ace8d6d1,/Users/anishsharma/Library/Mobile Documents/com~apple~CloudDocs/Downloads/folds_2026_08_27_04_51 (1)/ebvms_hla2_control_v2pmhc_d7feb964ace8d6d1_s314159/fold_ebvms_hla2_control_v2pmhc_d7feb964ace8d6d1_s314159_full_data_2.json,False,0.89,ebvms_hla2_control_v2pmhc_d7feb964ace8d6d1_s314159,True,194,202,HPVGEADYFEY,314159,0.89,0.97,True,2,pass_exact_clash_free,v2_fresh_attribution_pilot,/Users/anishsharma/Library/Mobile Documents/com~apple~CloudDocs/Downloads/folds_2026_08_27_04_51 (1)/ebvms_hla2_control_v2pmhc_d7feb964ace8d6d1_s314159/fold_ebvms_hla2_control_v2pmhc_d7feb964ace8d6d1_s314159_summary_confidences_2.json,SYS_MICROBIAL_MBP_HY1B11
/Users/anishsharma/Library/Mobile Documents/com~apple~CloudDocs/Downloads/folds_2026_08_27_04_51 (1)/ebvms_hla2_control_v2pmhc_d7feb964ace8d6d1_s314159/fold_ebvms_hla2_control_v2pmhc_d7feb964ace8d6d1_s314159_model_3.cif,"Computational pMHC geometry prioritization only; not evidence of presentation, TCR binding, activation, cross-reactivity, molecular mimicry, or MS mechanism.",PVGEADYFE,2,V2PMHC_d7feb964ace8d6d1,/Users/anishsharma/Library/Mobile Documents/com~apple~CloudDocs/Downloads/folds_2026_08_27_04_51 (1)/ebvms_hla2_control_v2pmhc_d7feb964ace8d6d1_s314159/fold_ebvms_hla2_control_v2pmhc_d7feb964ace8d6d1_s314159_full_data_3.json,False,0.89,ebvms_hla2_control_v2pmhc_d7feb964ace8d6d1_s314159,True,194,202,HPVGEADYFEY,314159,0.89,0.97,True,3,pass_exact_clash_free,v2_fresh_attribution_pilot,/Users/anishsharma/Library/Mobile Documents/com~apple~CloudDocs/Downloads/folds_2026_08_27_04_51 (1)/ebvms_hla2_control_v2pmhc_d7feb964ace8d6d1_s314159/fold_ebvms_hla2_control_v2pmhc_d7feb964ace8d6d1_s314159_summary_confidences_3.json,SYS_MICROBIAL_MBP_HY1B11
/Users/anishsharma/Library/Mobile Documents/com~apple~CloudDocs/Downloads/folds_2026_08_27_04_51 (1)/ebvms_hla2_control_v2pmhc_d7feb964ace8d6d1_s314159/fold_ebvms_hla2_control_v2pmhc_d7feb964ace8d6d1_s314159_model_4.cif,"Computational pMHC geometry prioritization only; not evidence of presentation, TCR binding, activation, cross-reactivity, molecular mimicry, or MS mechanism.",PVGEADYFE,2,V2PMHC_d7feb964ace8d6d1,/Users/anishsharma/Library/Mobile Documents/com~apple~CloudDocs/Downloads/folds_2026_08_27_04_51 (1)/ebvms_hla2_control_v2pmhc_d7feb964ace8d6d1_s314159/fold_ebvms_hla2_control_v2pmhc_d7feb964ace8d6d1_s314159_full_data_4.json,False,0.89,ebvms_hla2_control_v2pmhc_d7feb964ace8d6d1_s314159,True,194,202,HPVGEADYFEY,314159,0.89,0.96,True,4,pass_exact_clash_free,v2_fresh_attribution_pilot,/Users/anishsharma/Library/Mobile Documents/com~apple~CloudDocs/Downloads/folds_2026_08_27_04_51 (1)/ebvms_hla2_control_v2pmhc_d7feb964ace8d6d1_s314159/fold_ebvms_hla2_control_v2pmhc_d7feb964ace8d6d1_s314159_summary_confidences_4.json,SYS_MICROBIAL_MBP_HY1B11
/Users/anishsharma/Library/Mobile Documents/com~apple~CloudDocs/Downloads/folds_2026_08_27_04_51 (1)/ebvms_hla2_control_v2pmhc_eb0af1b357b463a4_s271828/fold_ebvms_hla2_control_v2pmhc_eb0af1b357b463a4_s271828_model_0.cif,"Computational pMHC geometry prioritization only; not evidence of presentation, TCR binding, activation, cross-reactivity, molecular mimicry, or MS mechanism.",LVLLRGENL,5,V2PMHC_eb0af1b357b463a4,/Users/anishsharma/Library/Mobile Documents/com~apple~CloudDocs/Downloads/folds_2026_08_27_04_51 (1)/ebvms_hla2_control_v2pmhc_eb0af1b357b463a4_s271828/fold_ebvms_hla2_control_v2pmhc_eb0af1b357b463a4_s271828_full_data_0.json,False,0.91,ebvms_hla2_control_v2pmhc_eb0af1b357b463a4_s271828,True,194,202,RVLGLVLLRGENLVS,271828,0.9,0.99,True,0,pass_exact_clash_free,v2_fresh_attribution_pilot,/Users/anishsharma/Library/Mobile Documents/com~apple~CloudDocs/Downloads/folds_2026_08_27_04_51 (1)/ebvms_hla2_control_v2pmhc_eb0af1b357b463a4_s271828/fold_ebvms_hla2_control_v2pmhc_eb0af1b357b463a4_s271828_summary_confidences_0.json,SYS_MICROBIAL_MBP_HY1B11
/Users/anishsharma/Library/Mobile Documents/com~apple~CloudDocs/Downloads/folds_2026_08_27_04_51 (1)/ebvms_hla2_control_v2pmhc_eb0af1b357b463a4_s271828/fold_ebvms_hla2_control_v2pmhc_eb0af1b357b463a4_s271828_model_1.cif,"Computational pMHC geometry prioritization only; not evidence of presentation, TCR binding, activation, cross-reactivity, molecular mimicry, or MS mechanism.",LVLLRGENL,5,V2PMHC_eb0af1b357b463a4,/Users/anishsharma/Library/Mobile Documents/com~apple~CloudDocs/Downloads/folds_2026_08_27_04_51 (1)/ebvms_hla2_control_v2pmhc_eb0af1b357b463a4_s271828/fold_ebvms_hla2_control_v2pmhc_eb0af1b357b463a4_s271828_full_data_1.json,False,0.91,ebvms_hla2_control_v2pmhc_eb0af1b357b463a4_s271828,True,194,202,RVLGLVLLRGENLVS,271828,0.9,0.99,True,1,pass_exact_clash_free,v2_fresh_attribution_pilot,/Users/anishsharma/Library/Mobile Documents/com~apple~CloudDocs/Downloads/folds_2026_08_27_04_51 (1)/ebvms_hla2_control_v2pmhc_eb0af1b357b463a4_s271828/fold_ebvms_hla2_control_v2pmhc_eb0af1b357b463a4_s271828_summary_confidences_1.json,SYS_MICROBIAL_MBP_HY1B11
/Users/anishsharma/Library/Mobile Documents/com~apple~CloudDocs/Downloads/folds_2026_08_27_04_51 (1)/ebvms_hla2_control_v2pmhc_eb0af1b357b463a4_s271828/fold_ebvms_hla2_control_v2pmhc_eb0af1b357b463a4_s271828_model_2.cif,"Computational pMHC geometry prioritization only; not evidence of presentation, TCR binding, activation, cross-reactivity, molecular mimicry, or MS mechanism.",LVLLRGENL,5,V2PMHC_eb0af1b357b463a4,/Users/anishsharma/Library/Mobile Documents/com~apple~CloudDocs/Downloads/folds_2026_08_27_04_51 (1)/ebvms_hla2_control_v2pmhc_eb0af1b357b463a4_s271828/fold_ebvms_hla2_control_v2pmhc_eb0af1b357b463a4_s271828_full_data_2.json,False,0.91,ebvms_hla2_control_v2pmhc_eb0af1b357b463a4_s271828,True,194,202,RVLGLVLLRGENLVS,271828,0.9,0.99,True,2,pass_exact_clash_free,v2_fresh_attribution_pilot,/Users/anishsharma/Library/Mobile Documents/com~apple~CloudDocs/Downloads/folds_2026_08_27_04_51 (1)/ebvms_hla2_control_v2pmhc_eb0af1b357b463a4_s271828/fold_ebvms_hla2_control_v2pmhc_eb0af1b357b463a4_s271828_summary_confidences_2.json,SYS_MICROBIAL_MBP_HY1B11
/Users/anishsharma/Library/Mobile Documents/com~apple~CloudDocs/Downloads/folds_2026_08_27_04_51 (1)/ebvms_hla2_control_v2pmhc_eb0af1b357b463a4_s271828/fold_ebvms_hla2_control_v2pmhc_eb0af1b357b463a4_s271828_model_3.cif,"Computational pMHC geometry prioritization only; not evidence of presentation, TCR binding, activation, cross-reactivity, molecular mimicry, or MS mechanism.",LVLLRGENL,5,V2PMHC_eb0af1b357b463a4,/Users/anishsharma/Library/Mobile Documents/com~apple~CloudDocs/Downloads/folds_2026_08_27_04_51 (1)/ebvms_hla2_control_v2pmhc_eb0af1b357b463a4_s271828/fold_ebvms_hla2_control_v2pmhc_eb0af1b357b463a4_s271828_full_data_3.json,False,0.91,ebvms_hla2_control_v2pmhc_eb0af1b357b463a4_s271828,True,194,202,RVLGLVLLRGENLVS,271828,0.9,0.98,True,3,pass_exact_clash_free,v2_fresh_attribution_pilot,/Users/anishsharma/Library/Mobile Documents/com~apple~CloudDocs/Downloads/folds_2026_08_27_04_51 (1)/ebvms_hla2_control_v2pmhc_eb0af1b357b463a4_s271828/fold_ebvms_hla2_control_v2pmhc_eb0af1b357b463a4_s271828_summary_confidences_3.json,SYS_MICROBIAL_MBP_HY1B11
/Users/anishsharma/Library/Mobile Documents/com~apple~CloudDocs/Downloads/folds_2026_08_27_04_51 (1)/ebvms_hla2_control_v2pmhc_eb0af1b357b463a4_s271828/fold_ebvms_hla2_control_v2pmhc_eb0af1b357b463a4_s271828_model_4.cif,"Computational pMHC geometry prioritization only; not evidence of presentation, TCR binding, activation, cross-reactivity, molecular mimicry, or MS mechanism.",LVLLRGENL,5,V2PMHC_eb0af1b357b463a4,/Users/anishsharma/Library/Mobile Documents/com~apple~CloudDocs/Downloads/folds_2026_08_27_04_51 (1)/ebvms_hla2_control_v2pmhc_eb0af1b357b463a4_s271828/fold_ebvms_hla2_control_v2pmhc_eb0af1b357b463a4_s271828_full_data_4.json,False,0.89,ebvms_hla2_control_v2pmhc_eb0af1b357b463a4_s271828,True,194,202,RVLGLVLLRGENLVS,271828,0.89,0.97,True,4,pass_exact_clash_free,v2_fresh_attribution_pilot,/Users/anishsharma/Library/Mobile Documents/com~apple~CloudDocs/Downloads/folds_2026_08_27_04_51 (1)/ebvms_hla2_control_v2pmhc_eb0af1b357b463a4_s271828/fold_ebvms_hla2_control_v2pmhc_eb0af1b357b463a4_s271828_summary_confidences_4.json,SYS_MICROBIAL_MBP_HY1B11
/Users/anishsharma/Library/Mobile Documents/com~apple~CloudDocs/Downloads/folds_2026_08_27_04_51 (1)/ebvms_hla2_control_v2pmhc_eb0af1b357b463a4_s314159/fold_ebvms_hla2_control_v2pmhc_eb0af1b357b463a4_s314159_model_0.cif,"Computational pMHC geometry prioritization only; not evidence of presentation, TCR binding, activation, cross-reactivity, molecular mimicry, or MS mechanism.",LVLLRGENL,5,V2PMHC_eb0af1b357b463a4,/Users/anishsharma/Library/Mobile Documents/com~apple~CloudDocs/Downloads/folds_2026_08_27_04_51 (1)/ebvms_hla2_control_v2pmhc_eb0af1b357b463a4_s314159/fold_ebvms_hla2_control_v2pmhc_eb0af1b357b463a4_s314159_full_data_0.json,False,0.91,ebvms_hla2_control_v2pmhc_eb0af1b357b463a4_s314159,True,194,202,RVLGLVLLRGENLVS,314159,0.9,0.98,True,0,pass_exact_clash_free,v2_fresh_attribution_pilot,/Users/anishsharma/Library/Mobile Documents/com~apple~CloudDocs/Downloads/folds_2026_08_27_04_51 (1)/ebvms_hla2_control_v2pmhc_eb0af1b357b463a4_s314159/fold_ebvms_hla2_control_v2pmhc_eb0af1b357b463a4_s314159_summary_confidences_0.json,SYS_MICROBIAL_MBP_HY1B11
/Users/anishsharma/Library/Mobile Documents/com~apple~CloudDocs/Downloads/folds_2026_08_27_04_51 (1)/ebvms_hla2_control_v2pmhc_eb0af1b357b463a4_s314159/fold_ebvms_hla2_control_v2pmhc_eb0af1b357b463a4_s314159_model_1.cif,"Computational pMHC geometry prioritization only; not evidence of presentation, TCR binding, activation, cross-reactivity, molecular mimicry, or MS mechanism.",LVLLRGENL,5,V2PMHC_eb0af1b357b463a4,/Users/anishsharma/Library/Mobile Documents/com~apple~CloudDocs/Downloads/folds_2026_08_27_04_51 (1)/ebvms_hla2_control_v2pmhc_eb0af1b357b463a4_s314159/fold_ebvms_hla2_control_v2pmhc_eb0af1b357b463a4_s314159_full_data_1.json,False,0.91,ebvms_hla2_control_v2pmhc_eb0af1b357b463a4_s314159,True,194,202,RVLGLVLLRGENLVS,314159,0.9,0.98,True,1,pass_exact_clash_free,v2_fresh_attribution_pilot,/Users/anishsharma/Library/Mobile Documents/com~apple~CloudDocs/Downloads/folds_2026_08_27_04_51 (1)/ebvms_hla2_control_v2pmhc_eb0af1b357b463a4_s314159/fold_ebvms_hla2_control_v2pmhc_eb0af1b357b463a4_s314159_summary_confidences_1.json,SYS_MICROBIAL_MBP_HY1B11
/Users/anishsharma/Library/Mobile Documents/com~apple~CloudDocs/Downloads/folds_2026_08_27_04_51 (1)/ebvms_hla2_control_v2pmhc_eb0af1b357b463a4_s314159/fold_ebvms_hla2_control_v2pmhc_eb0af1b357b463a4_s314159_model_2.cif,"Computational pMHC geometry prioritization only; not evidence of presentation, TCR binding, activation, cross-reactivity, molecular mimicry, or MS mechanism.",LVLLRGENL,5,V2PMHC_eb0af1b357b463a4,/Users/anishsharma/Library/Mobile Documents/com~apple~CloudDocs/Downloads/folds_2026_08_27_04_51 (1)/ebvms_hla2_control_v2pmhc_eb0af1b357b463a4_s314159/fold_ebvms_hla2_control_v2pmhc_eb0af1b357b463a4_s314159_full_data_2.json,False,0.91,ebvms_hla2_control_v2pmhc_eb0af1b357b463a4_s314159,True,194,202,RVLGLVLLRGENLVS,314159,0.9,0.98,True,2,pass_exact_clash_free,v2_fresh_attribution_pilot,/Users/anishsharma/Library/Mobile Documents/com~apple~CloudDocs/Downloads/folds_2026_08_27_04_51 (1)/ebvms_hla2_control_v2pmhc_eb0af1b357b463a4_s314159/fold_ebvms_hla2_control_v2pmhc_eb0af1b357b463a4_s314159_summary_confidences_2.json,SYS_MICROBIAL_MBP_HY1B11
/Users/anishsharma/Library/Mobile Documents/com~apple~CloudDocs/Downloads/folds_2026_08_27_04_51 (1)/ebvms_hla2_control_v2pmhc_eb0af1b357b463a4_s314159/fold_ebvms_hla2_control_v2pmhc_eb0af1b357b463a4_s314159_model_3.cif,"Computational pMHC geometry prioritization only; not evidence of presentation, TCR binding, activation, cross-reactivity, molecular mimicry, or MS mechanism.",LVLLRGENL,5,V2PMHC_eb0af1b357b463a4,/Users/anishsharma/Library/Mobile Documents/com~apple~CloudDocs/Downloads/folds_2026_08_27_04_51 (1)/ebvms_hla2_control_v2pmhc_eb0af1b357b463a4_s314159/fold_ebvms_hla2_control_v2pmhc_eb0af1b357b463a4_s314159_full_data_3.json,False,0.91,ebvms_hla2_control_v2pmhc_eb0af1b357b463a4_s314159,True,194,202,RVLGLVLLRGENLVS,314159,0.9,0.98,True,3,pass_exact_clash_free,v2_fresh_attribution_pilot,/Users/anishsharma/Library/Mobile Documents/com~apple~CloudDocs/Downloads/folds_2026_08_27_04_51 (1)/ebvms_hla2_control_v2pmhc_eb0af1b357b463a4_s314159/fold_ebvms_hla2_control_v2pmhc_eb0af1b357b463a4_s314159_summary_confidences_3.json,SYS_MICROBIAL_MBP_HY1B11
/Users/anishsharma/Library/Mobile Documents/com~apple~CloudDocs/Downloads/folds_2026_08_27_04_51 (1)/ebvms_hla2_control_v2pmhc_eb0af1b357b463a4_s314159/fold_ebvms_hla2_control_v2pmhc_eb0af1b357b463a4_s314159_model_4.cif,"Computational pMHC geometry prioritization only; not evidence of presentation, TCR binding, activation, cross-reactivity, molecular mimicry, or MS mechanism.",LVLLRGENL,5,V2PMHC_eb0af1b357b463a4,/Users/anishsharma/Library/Mobile Documents/com~apple~CloudDocs/Downloads/folds_2026_08_27_04_51 (1)/ebvms_hla2_control_v2pmhc_eb0af1b357b463a4_s314159/fold_ebvms_hla2_control_v2pmhc_eb0af1b357b463a4_s314159_full_data_4.json,False,0.89,ebvms_hla2_control_v2pmhc_eb0af1b357b463a4_s314159,True,194,202,RVLGLVLLRGENLVS,314159,0.89,0.97,True,4,pass_exact_clash_free,v2_fresh_attribution_pilot,/Users/anishsharma/Library/Mobile Documents/com~apple~CloudDocs/Downloads/folds_2026_08_27_04_51 (1)/ebvms_hla2_control_v2pmhc_eb0af1b357b463a4_s314159/fold_ebvms_hla2_control_v2pmhc_eb0af1b357b463a4_s314159_summary_confidences_4.json,SYS_MICROBIAL_MBP_HY1B11
/Users/anishsharma/Library/Mobile Documents/com~apple~CloudDocs/Downloads/folds_2026_08_27_04_51 (1)/ebvms_hla2_control_v2pmhc_ed2fd8b0dedfa702_s271828/fold_ebvms_hla2_control_v2pmhc_ed2fd8b0dedfa702_s271828_model_0.cif,"Computational pMHC geometry prioritization only; not evidence of presentation, TCR binding, activation, cross-reactivity, molecular mimicry, or MS mechanism.",MSDWTGGAL,2,V2PMHC_ed2fd8b0dedfa702,/Users/anishsharma/Library/Mobile Documents/com~apple~CloudDocs/Downloads/folds_2026_08_27_04_51 (1)/ebvms_hla2_control_v2pmhc_ed2fd8b0dedfa702_s271828/fold_ebvms_hla2_control_v2pmhc_ed2fd8b0dedfa702_s271828_full_data_0.json,False,0.9,ebvms_hla2_control_v2pmhc_ed2fd8b0dedfa702_s271828,True,194,202,VMSDWTGGALL,271828,0.89,0.98,True,0,pass_exact_clash_free,v2_fresh_attribution_pilot,/Users/anishsharma/Library/Mobile Documents/com~apple~CloudDocs/Downloads/folds_2026_08_27_04_51 (1)/ebvms_hla2_control_v2pmhc_ed2fd8b0dedfa702_s271828/fold_ebvms_hla2_control_v2pmhc_ed2fd8b0dedfa702_s271828_summary_confidences_0.json,SYS_MICROBIAL_MBP_HY1B11
/Users/anishsharma/Library/Mobile Documents/com~apple~CloudDocs/Downloads/folds_2026_08_27_04_51 (1)/ebvms_hla2_control_v2pmhc_ed2fd8b0dedfa702_s271828/fold_ebvms_hla2_control_v2pmhc_ed2fd8b0dedfa702_s271828_model_1.cif,"Computational pMHC geometry prioritization only; not evidence of presentation, TCR binding, activation, cross-reactivity, molecular mimicry, or MS mechanism.",MSDWTGGAL,2,V2PMHC_ed2fd8b0dedfa702,/Users/anishsharma/Library/Mobile Documents/com~apple~CloudDocs/Downloads/folds_2026_08_27_04_51 (1)/ebvms_hla2_control_v2pmhc_ed2fd8b0dedfa702_s271828/fold_ebvms_hla2_control_v2pmhc_ed2fd8b0dedfa702_s271828_full_data_1.json,False,0.9,ebvms_hla2_control_v2pmhc_ed2fd8b0dedfa702_s271828,True,194,202,VMSDWTGGALL,271828,0.89,0.97,True,1,pass_exact_clash_free,v2_fresh_attribution_pilot,/Users/anishsharma/Library/Mobile Documents/com~apple~CloudDocs/Downloads/folds_2026_08_27_04_51 (1)/ebvms_hla2_control_v2pmhc_ed2fd8b0dedfa702_s271828/fold_ebvms_hla2_control_v2pmhc_ed2fd8b0dedfa702_s271828_summary_confidences_1.json,SYS_MICROBIAL_MBP_HY1B11
/Users/anishsharma/Library/Mobile Documents/com~apple~CloudDocs/Downloads/folds_2026_08_27_04_51 (1)/ebvms_hla2_control_v2pmhc_ed2fd8b0dedfa702_s271828/fold_ebvms_hla2_control_v2pmhc_ed2fd8b0dedfa702_s271828_model_2.cif,"Computational pMHC geometry prioritization only; not evidence of presentation, TCR binding, activation, cross-reactivity, molecular mimicry, or MS mechanism.",MSDWTGGAL,2,V2PMHC_ed2fd8b0dedfa702,/Users/anishsharma/Library/Mobile Documents/com~apple~CloudDocs/Downloads/folds_2026_08_27_04_51 (1)/ebvms_hla2_control_v2pmhc_ed2fd8b0dedfa702_s271828/fold_ebvms_hla2_control_v2pmhc_ed2fd8b0dedfa702_s271828_full_data_2.json,False,0.9,ebvms_hla2_control_v2pmhc_ed2fd8b0dedfa702_s271828,True,194,202,VMSDWTGGALL,271828,0.89,0.97,True,2,pass_exact_clash_free,v2_fresh_attribution_pilot,/Users/anishsharma/Library/Mobile Documents/com~apple~CloudDocs/Downloads/folds_2026_08_27_04_51 (1)/ebvms_hla2_control_v2pmhc_ed2fd8b0dedfa702_s271828/fold_ebvms_hla2_control_v2pmhc_ed2fd8b0dedfa702_s271828_summary_confidences_2.json,SYS_MICROBIAL_MBP_HY1B11
/Users/anishsharma/Library/Mobile Documents/com~apple~CloudDocs/Downloads/folds_2026_08_27_04_51 (1)/ebvms_hla2_control_v2pmhc_ed2fd8b0dedfa702_s271828/fold_ebvms_hla2_control_v2pmhc_ed2fd8b0dedfa702_s271828_model_3.cif,"Computational pMHC geometry prioritization only; not evidence of presentation, TCR binding, activation, cross-reactivity, molecular mimicry, or MS mechanism.",MSDWTGGAL,2,V2PMHC_ed2fd8b0dedfa702,/Users/anishsharma/Library/Mobile Documents/com~apple~CloudDocs/Downloads/folds_2026_08_27_04_51 (1)/ebvms_hla2_control_v2pmhc_ed2fd8b0dedfa702_s271828/fold_ebvms_hla2_control_v2pmhc_ed2fd8b0dedfa702_s271828_full_data_3.json,False,0.9,ebvms_hla2_control_v2pmhc_ed2fd8b0dedfa702_s271828,True,194,202,VMSDWTGGALL,271828,0.89,0.97,True,3,pass_exact_clash_free,v2_fresh_attribution_pilot,/Users/anishsharma/Library/Mobile Documents/com~apple~CloudDocs/Downloads/folds_2026_08_27_04_51 (1)/ebvms_hla2_control_v2pmhc_ed2fd8b0dedfa702_s271828/fold_ebvms_hla2_control_v2pmhc_ed2fd8b0dedfa702_s271828_summary_confidences_3.json,SYS_MICROBIAL_MBP_HY1B11
/Users/anishsharma/Library/Mobile Documents/com~apple~CloudDocs/Downloads/folds_2026_08_27_04_51 (1)/ebvms_hla2_control_v2pmhc_ed2fd8b0dedfa702_s271828/fold_ebvms_hla2_control_v2pmhc_ed2fd8b0dedfa702_s271828_model_4.cif,"Computational pMHC geometry prioritization only; not evidence of presentation, TCR binding, activation, cross-reactivity, molecular mimicry, or MS mechanism.",MSDWTGGAL,2,V2PMHC_ed2fd8b0dedfa702,/Users/anishsharma/Library/Mobile Documents/com~apple~CloudDocs/Downloads/folds_2026_08_27_04_51 (1)/ebvms_hla2_control_v2pmhc_ed2fd8b0dedfa702_s271828/fold_ebvms_hla2_control_v2pmhc_ed2fd8b0dedfa702_s271828_full_data_4.json,False,0.9,ebvms_hla2_control_v2pmhc_ed2fd8b0dedfa702_s271828,True,194,202,VMSDWTGGALL,271828,0.89,0.97,True,4,pass_exact_clash_free,v2_fresh_attribution_pilot,/Users/anishsharma/Library/Mobile Documents/com~apple~CloudDocs/Downloads/folds_2026_08_27_04_51 (1)/ebvms_hla2_control_v2pmhc_ed2fd8b0dedfa702_s271828/fold_ebvms_hla2_control_v2pmhc_ed2fd8b0dedfa702_s271828_summary_confidences_4.json,SYS_MICROBIAL_MBP_HY1B11
/Users/anishsharma/Library/Mobile Documents/com~apple~CloudDocs/Downloads/folds_2026_08_27_04_51 (1)/ebvms_hla2_control_v2pmhc_ed2fd8b0dedfa702_s314159/fold_ebvms_hla2_control_v2pmhc_ed2fd8b0dedfa702_s314159_model_0.cif,"Computational pMHC geometry prioritization only; not evidence of presentation, TCR binding, activation, cross-reactivity, molecular mimicry, or MS mechanism.",MSDWTGGAL,2,V2PMHC_ed2fd8b0dedfa702,/Users/anishsharma/Library/Mobile Documents/com~apple~CloudDocs/Downloads/folds_2026_08_27_04_51 (1)/ebvms_hla2_control_v2pmhc_ed2fd8b0dedfa702_s314159/fold_ebvms_hla2_control_v2pmhc_ed2fd8b0dedfa702_s314159_full_data_0.json,False,0.91,ebvms_hla2_control_v2pmhc_ed2fd8b0dedfa702_s314159,True,194,202,VMSDWTGGALL,314159,0.9,0.98,True,0,pass_exact_clash_free,v2_fresh_attribution_pilot,/Users/anishsharma/Library/Mobile Documents/com~apple~CloudDocs/Downloads/folds_2026_08_27_04_51 (1)/ebvms_hla2_control_v2pmhc_ed2fd8b0dedfa702_s314159/fold_ebvms_hla2_control_v2pmhc_ed2fd8b0dedfa702_s314159_summary_confidences_0.json,SYS_MICROBIAL_MBP_HY1B11
/Users/anishsharma/Library/Mobile Documents/com~apple~CloudDocs/Downloads/folds_2026_08_27_04_51 (1)/ebvms_hla2_control_v2pmhc_ed2fd8b0dedfa702_s314159/fold_ebvms_hla2_control_v2pmhc_ed2fd8b0dedfa702_s314159_model_1.cif,"Computational pMHC geometry prioritization only; not evidence of presentation, TCR binding, activation, cross-reactivity, molecular mimicry, or MS mechanism.",MSDWTGGAL,2,V2PMHC_ed2fd8b0dedfa702,/Users/anishsharma/Library/Mobile Documents/com~apple~CloudDocs/Downloads/folds_2026_08_27_04_51 (1)/ebvms_hla2_control_v2pmhc_ed2fd8b0dedfa702_s314159/fold_ebvms_hla2_control_v2pmhc_ed2fd8b0dedfa702_s314159_full_data_1.json,False,0.9,ebvms_hla2_control_v2pmhc_ed2fd8b0dedfa702_s314159,True,194,202,VMSDWTGGALL,314159,0.89,0.98,True,1,pass_exact_clash_free,v2_fresh_attribution_pilot,/Users/anishsharma/Library/Mobile Documents/com~apple~CloudDocs/Downloads/folds_2026_08_27_04_51 (1)/ebvms_hla2_control_v2pmhc_ed2fd8b0dedfa702_s314159/fold_ebvms_hla2_control_v2pmhc_ed2fd8b0dedfa702_s314159_summary_confidences_1.json,SYS_MICROBIAL_MBP_HY1B11
/Users/anishsharma/Library/Mobile Documents/com~apple~CloudDocs/Downloads/folds_2026_08_27_04_51 (1)/ebvms_hla2_control_v2pmhc_ed2fd8b0dedfa702_s314159/fold_ebvms_hla2_control_v2pmhc_ed2fd8b0dedfa702_s314159_model_2.cif,"Computational pMHC geometry prioritization only; not evidence of presentation, TCR binding, activation, cross-reactivity, molecular mimicry, or MS mechanism.",MSDWTGGAL,2,V2PMHC_ed2fd8b0dedfa702,/Users/anishsharma/Library/Mobile Documents/com~apple~CloudDocs/Downloads/folds_2026_08_27_04_51 (1)/ebvms_hla2_control_v2pmhc_ed2fd8b0dedfa702_s314159/fold_ebvms_hla2_control_v2pmhc_ed2fd8b0dedfa702_s314159_full_data_2.json,False,0.9,ebvms_hla2_control_v2pmhc_ed2fd8b0dedfa702_s314159,True,194,202,VMSDWTGGALL,314159,0.9,0.98,True,2,pass_exact_clash_free,v2_fresh_attribution_pilot,/Users/anishsharma/Library/Mobile Documents/com~apple~CloudDocs/Downloads/folds_2026_08_27_04_51 (1)/ebvms_hla2_control_v2pmhc_ed2fd8b0dedfa702_s314159/fold_ebvms_hla2_control_v2pmhc_ed2fd8b0dedfa702_s314159_summary_confidences_2.json,SYS_MICROBIAL_MBP_HY1B11
/Users/anishsharma/Library/Mobile Documents/com~apple~CloudDocs/Downloads/folds_2026_08_27_04_51 (1)/ebvms_hla2_control_v2pmhc_ed2fd8b0dedfa702_s314159/fold_ebvms_hla2_control_v2pmhc_ed2fd8b0dedfa702_s314159_model_3.cif,"Computational pMHC geometry prioritization only; not evidence of presentation, TCR binding, activation, cross-reactivity, molecular mimicry, or MS mechanism.",MSDWTGGAL,2,V2PMHC_ed2fd8b0dedfa702,/Users/anishsharma/Library/Mobile Documents/com~apple~CloudDocs/Downloads/folds_2026_08_27_04_51 (1)/ebvms_hla2_control_v2pmhc_ed2fd8b0dedfa702_s314159/fold_ebvms_hla2_control_v2pmhc_ed2fd8b0dedfa702_s314159_full_data_3.json,False,0.9,ebvms_hla2_control_v2pmhc_ed2fd8b0dedfa702_s314159,True,194,202,VMSDWTGGALL,314159,0.89,0.98,True,3,pass_exact_clash_free,v2_fresh_attribution_pilot,/Users/anishsharma/Library/Mobile Documents/com~apple~CloudDocs/Downloads/folds_2026_08_27_04_51 (1)/ebvms_hla2_control_v2pmhc_ed2fd8b0dedfa702_s314159/fold_ebvms_hla2_control_v2pmhc_ed2fd8b0dedfa702_s314159_summary_confidences_3.json,SYS_MICROBIAL_MBP_HY1B11
/Users/anishsharma/Library/Mobile Documents/com~apple~CloudDocs/Downloads/folds_2026_08_27_04_51 (1)/ebvms_hla2_control_v2pmhc_ed2fd8b0dedfa702_s314159/fold_ebvms_hla2_control_v2pmhc_ed2fd8b0dedfa702_s314159_model_4.cif,"Computational pMHC geometry prioritization only; not evidence of presentation, TCR binding, activation, cross-reactivity, molecular mimicry, or MS mechanism.",MSDWTGGAL,2,V2PMHC_ed2fd8b0dedfa702,/Users/anishsharma/Library/Mobile Documents/com~apple~CloudDocs/Downloads/folds_2026_08_27_04_51 (1)/ebvms_hla2_control_v2pmhc_ed2fd8b0dedfa702_s314159/fold_ebvms_hla2_control_v2pmhc_ed2fd8b0dedfa702_s314159_full_data_4.json,False,0.89,ebvms_hla2_control_v2pmhc_ed2fd8b0dedfa702_s314159,True,194,202,VMSDWTGGALL,314159,0.89,0.96,True,4,pass_exact_clash_free,v2_fresh_attribution_pilot,/Users/anishsharma/Library/Mobile Documents/com~apple~CloudDocs/Downloads/folds_2026_08_27_04_51 (1)/ebvms_hla2_control_v2pmhc_ed2fd8b0dedfa702_s314159/fold_ebvms_hla2_control_v2pmhc_ed2fd8b0dedfa702_s314159_summary_confidences_4.json,SYS_MICROBIAL_MBP_HY1B11
/Users/anishsharma/Library/Mobile Documents/com~apple~CloudDocs/Downloads/folds_2026_08_27_04_51 (1)/ebvms_hla2_control_v2pmhc_edc57af6a9a8f080_s271828/fold_ebvms_hla2_control_v2pmhc_edc57af6a9a8f080_s271828_model_0.cif,"Computational pMHC geometry prioritization only; not evidence of presentation, TCR binding, activation, cross-reactivity, molecular mimicry, or MS mechanism.",VHFISALHG,5,V2PMHC_edc57af6a9a8f080,/Users/anishsharma/Library/Mobile Documents/com~apple~CloudDocs/Downloads/folds_2026_08_27_04_51 (1)/ebvms_hla2_control_v2pmhc_edc57af6a9a8f080_s271828/fold_ebvms_hla2_control_v2pmhc_edc57af6a9a8f080_s271828_full_data_0.json,False,0.92,ebvms_hla2_control_v2pmhc_edc57af6a9a8f080_s271828,True,178,189,DFARVHFISALHGSG,271828,0.93,0.94,True,0,pass_exact_clash_free,v2_fresh_attribution_pilot,/Users/anishsharma/Library/Mobile Documents/com~apple~CloudDocs/Downloads/folds_2026_08_27_04_51 (1)/ebvms_hla2_control_v2pmhc_edc57af6a9a8f080_s271828/fold_ebvms_hla2_control_v2pmhc_edc57af6a9a8f080_s271828_summary_confidences_0.json,SYS_ENGA_MBP_OB1A12
/Users/anishsharma/Library/Mobile Documents/com~apple~CloudDocs/Downloads/folds_2026_08_27_04_51 (1)/ebvms_hla2_control_v2pmhc_edc57af6a9a8f080_s271828/fold_ebvms_hla2_control_v2pmhc_edc57af6a9a8f080_s271828_model_1.cif,"Computational pMHC geometry prioritization only; not evidence of presentation, TCR binding, activation, cross-reactivity, molecular mimicry, or MS mechanism.",VHFISALHG,5,V2PMHC_edc57af6a9a8f080,/Users/anishsharma/Library/Mobile Documents/com~apple~CloudDocs/Downloads/folds_2026_08_27_04_51 (1)/ebvms_hla2_control_v2pmhc_edc57af6a9a8f080_s271828/fold_ebvms_hla2_control_v2pmhc_edc57af6a9a8f080_s271828_full_data_1.json,False,0.92,ebvms_hla2_control_v2pmhc_edc57af6a9a8f080_s271828,True,178,189,DFARVHFISALHGSG,271828,0.93,0.94,True,1,pass_exact_clash_free,v2_fresh_attribution_pilot,/Users/anishsharma/Library/Mobile Documents/com~apple~CloudDocs/Downloads/folds_2026_08_27_04_51 (1)/ebvms_hla2_control_v2pmhc_edc57af6a9a8f080_s271828/fold_ebvms_hla2_control_v2pmhc_edc57af6a9a8f080_s271828_summary_confidences_1.json,SYS_ENGA_MBP_OB1A12
/Users/anishsharma/Library/Mobile Documents/com~apple~CloudDocs/Downloads/folds_2026_08_27_04_51 (1)/ebvms_hla2_control_v2pmhc_edc57af6a9a8f080_s271828/fold_ebvms_hla2_control_v2pmhc_edc57af6a9a8f080_s271828_model_2.cif,"Computational pMHC geometry prioritization only; not evidence of presentation, TCR binding, activation, cross-reactivity, molecular mimicry, or MS mechanism.",VHFISALHG,5,V2PMHC_edc57af6a9a8f080,/Users/anishsharma/Library/Mobile Documents/com~apple~CloudDocs/Downloads/folds_2026_08_27_04_51 (1)/ebvms_hla2_control_v2pmhc_edc57af6a9a8f080_s271828/fold_ebvms_hla2_control_v2pmhc_edc57af6a9a8f080_s271828_full_data_2.json,False,0.92,ebvms_hla2_control_v2pmhc_edc57af6a9a8f080_s271828,True,178,189,DFARVHFISALHGSG,271828,0.92,0.94,True,2,pass_exact_clash_free,v2_fresh_attribution_pilot,/Users/anishsharma/Library/Mobile Documents/com~apple~CloudDocs/Downloads/folds_2026_08_27_04_51 (1)/ebvms_hla2_control_v2pmhc_edc57af6a9a8f080_s271828/fold_ebvms_hla2_control_v2pmhc_edc57af6a9a8f080_s271828_summary_confidences_2.json,SYS_ENGA_MBP_OB1A12
/Users/anishsharma/Library/Mobile Documents/com~apple~CloudDocs/Downloads/folds_2026_08_27_04_51 (1)/ebvms_hla2_control_v2pmhc_edc57af6a9a8f080_s271828/fold_ebvms_hla2_control_v2pmhc_edc57af6a9a8f080_s271828_model_3.cif,"Computational pMHC geometry prioritization only; not evidence of presentation, TCR binding, activation, cross-reactivity, molecular mimicry, or MS mechanism.",VHFISALHG,5,V2PMHC_edc57af6a9a8f080,/Users/anishsharma/Library/Mobile Documents/com~apple~CloudDocs/Downloads/folds_2026_08_27_04_51 (1)/ebvms_hla2_control_v2pmhc_edc57af6a9a8f080_s271828/fold_ebvms_hla2_control_v2pmhc_edc57af6a9a8f080_s271828_full_data_3.json,False,0.92,ebvms_hla2_control_v2pmhc_edc57af6a9a8f080_s271828,True,178,189,DFARVHFISALHGSG,271828,0.92,0.94,True,3,pass_exact_clash_free,v2_fresh_attribution_pilot,/Users/anishsharma/Library/Mobile Documents/com~apple~CloudDocs/Downloads/folds_2026_08_27_04_51 (1)/ebvms_hla2_control_v2pmhc_edc57af6a9a8f080_s271828/fold_ebvms_hla2_control_v2pmhc_edc57af6a9a8f080_s271828_summary_confidences_3.json,SYS_ENGA_MBP_OB1A12
/Users/anishsharma/Library/Mobile Documents/com~apple~CloudDocs/Downloads/folds_2026_08_27_04_51 (1)/ebvms_hla2_control_v2pmhc_edc57af6a9a8f080_s271828/fold_ebvms_hla2_control_v2pmhc_edc57af6a9a8f080_s271828_model_4.cif,"Computational pMHC geometry prioritization only; not evidence of presentation, TCR binding, activation, cross-reactivity, molecular mimicry, or MS mechanism.",VHFISALHG,5,V2PMHC_edc57af6a9a8f080,/Users/anishsharma/Library/Mobile Documents/com~apple~CloudDocs/Downloads/folds_2026_08_27_04_51 (1)/ebvms_hla2_control_v2pmhc_edc57af6a9a8f080_s271828/fold_ebvms_hla2_control_v2pmhc_edc57af6a9a8f080_s271828_full_data_4.json,False,0.92,ebvms_hla2_control_v2pmhc_edc57af6a9a8f080_s271828,True,178,189,DFARVHFISALHGSG,271828,0.92,0.94,True,4,pass_exact_clash_free,v2_fresh_attribution_pilot,/Users/anishsharma/Library/Mobile Documents/com~apple~CloudDocs/Downloads/folds_2026_08_27_04_51 (1)/ebvms_hla2_control_v2pmhc_edc57af6a9a8f080_s271828/fold_ebvms_hla2_control_v2pmhc_edc57af6a9a8f080_s271828_summary_confidences_4.json,SYS_ENGA_MBP_OB1A12
/Users/anishsharma/Library/Mobile Documents/com~apple~CloudDocs/Downloads/folds_2026_08_27_04_51 (1)/ebvms_hla2_control_v2pmhc_edc57af6a9a8f080_s314159/fold_ebvms_hla2_control_v2pmhc_edc57af6a9a8f080_s314159_model_0.cif,"Computational pMHC geometry prioritization only; not evidence of presentation, TCR binding, activation, cross-reactivity, molecular mimicry, or MS mechanism.",VHFISALHG,5,V2PMHC_edc57af6a9a8f080,/Users/anishsharma/Library/Mobile Documents/com~apple~CloudDocs/Downloads/folds_2026_08_27_04_51 (1)/ebvms_hla2_control_v2pmhc_edc57af6a9a8f080_s314159/fold_ebvms_hla2_control_v2pmhc_edc57af6a9a8f080_s314159_full_data_0.json,False,0.92,ebvms_hla2_control_v2pmhc_edc57af6a9a8f080_s314159,True,178,189,DFARVHFISALHGSG,314159,0.93,0.95,True,0,pass_exact_clash_free,v2_fresh_attribution_pilot,/Users/anishsharma/Library/Mobile Documents/com~apple~CloudDocs/Downloads/folds_2026_08_27_04_51 (1)/ebvms_hla2_control_v2pmhc_edc57af6a9a8f080_s314159/fold_ebvms_hla2_control_v2pmhc_edc57af6a9a8f080_s314159_summary_confidences_0.json,SYS_ENGA_MBP_OB1A12
/Users/anishsharma/Library/Mobile Documents/com~apple~CloudDocs/Downloads/folds_2026_08_27_04_51 (1)/ebvms_hla2_control_v2pmhc_edc57af6a9a8f080_s314159/fold_ebvms_hla2_control_v2pmhc_edc57af6a9a8f080_s314159_model_1.cif,"Computational pMHC geometry prioritization only; not evidence of presentation, TCR binding, activation, cross-reactivity, molecular mimicry, or MS mechanism.",VHFISALHG,5,V2PMHC_edc57af6a9a8f080,/Users/anishsharma/Library/Mobile Documents/com~apple~CloudDocs/Downloads/folds_2026_08_27_04_51 (1)/ebvms_hla2_control_v2pmhc_edc57af6a9a8f080_s314159/fold_ebvms_hla2_control_v2pmhc_edc57af6a9a8f080_s314159_full_data_1.json,False,0.92,ebvms_hla2_control_v2pmhc_edc57af6a9a8f080_s314159,True,178,189,DFARVHFISALHGSG,314159,0.93,0.94,True,1,pass_exact_clash_free,v2_fresh_attribution_pilot,/Users/anishsharma/Library/Mobile Documents/com~apple~CloudDocs/Downloads/folds_2026_08_27_04_51 (1)/ebvms_hla2_control_v2pmhc_edc57af6a9a8f080_s314159/fold_ebvms_hla2_control_v2pmhc_edc57af6a9a8f080_s314159_summary_confidences_1.json,SYS_ENGA_MBP_OB1A12
/Users/anishsharma/Library/Mobile Documents/com~apple~CloudDocs/Downloads/folds_2026_08_27_04_51 (1)/ebvms_hla2_control_v2pmhc_edc57af6a9a8f080_s314159/fold_ebvms_hla2_control_v2pmhc_edc57af6a9a8f080_s314159_model_2.cif,"Computational pMHC geometry prioritization only; not evidence of presentation, TCR binding, activation, cross-reactivity, molecular mimicry, or MS mechanism.",VHFISALHG,5,V2PMHC_edc57af6a9a8f080,/Users/anishsharma/Library/Mobile Documents/com~apple~CloudDocs/Downloads/folds_2026_08_27_04_51 (1)/ebvms_hla2_control_v2pmhc_edc57af6a9a8f080_s314159/fold_ebvms_hla2_control_v2pmhc_edc57af6a9a8f080_s314159_full_data_2.json,False,0.92,ebvms_hla2_control_v2pmhc_edc57af6a9a8f080_s314159,True,178,189,DFARVHFISALHGSG,314159,0.93,0.94,True,2,pass_exact_clash_free,v2_fresh_attribution_pilot,/Users/anishsharma/Library/Mobile Documents/com~apple~CloudDocs/Downloads/folds_2026_08_27_04_51 (1)/ebvms_hla2_control_v2pmhc_edc57af6a9a8f080_s314159/fold_ebvms_hla2_control_v2pmhc_edc57af6a9a8f080_s314159_summary_confidences_2.json,SYS_ENGA_MBP_OB1A12
/Users/anishsharma/Library/Mobile Documents/com~apple~CloudDocs/Downloads/folds_2026_08_27_04_51 (1)/ebvms_hla2_control_v2pmhc_edc57af6a9a8f080_s314159/fold_ebvms_hla2_control_v2pmhc_edc57af6a9a8f080_s314159_model_3.cif,"Computational pMHC geometry prioritization only; not evidence of presentation, TCR binding, activation, cross-reactivity, molecular mimicry, or MS mechanism.",VHFISALHG,5,V2PMHC_edc57af6a9a8f080,/Users/anishsharma/Library/Mobile Documents/com~apple~CloudDocs/Downloads/folds_2026_08_27_04_51 (1)/ebvms_hla2_control_v2pmhc_edc57af6a9a8f080_s314159/fold_ebvms_hla2_control_v2pmhc_edc57af6a9a8f080_s314159_full_data_3.json,False,0.92,ebvms_hla2_control_v2pmhc_edc57af6a9a8f080_s314159,True,178,189,DFARVHFISALHGSG,314159,0.93,0.94,True,3,pass_exact_clash_free,v2_fresh_attribution_pilot,/Users/anishsharma/Library/Mobile Documents/com~apple~CloudDocs/Downloads/folds_2026_08_27_04_51 (1)/ebvms_hla2_control_v2pmhc_edc57af6a9a8f080_s314159/fold_ebvms_hla2_control_v2pmhc_edc57af6a9a8f080_s314159_summary_confidences_3.json,SYS_ENGA_MBP_OB1A12
/Users/anishsharma/Library/Mobile Documents/com~apple~CloudDocs/Downloads/folds_2026_08_27_04_51 (1)/ebvms_hla2_control_v2pmhc_edc57af6a9a8f080_s314159/fold_ebvms_hla2_control_v2pmhc_edc57af6a9a8f080_s314159_model_4.cif,"Computational pMHC geometry prioritization only; not evidence of presentation, TCR binding, activation, cross-reactivity, molecular mimicry, or MS mechanism.",VHFISALHG,5,V2PMHC_edc57af6a9a8f080,/Users/anishsharma/Library/Mobile Documents/com~apple~CloudDocs/Downloads/folds_2026_08_27_04_51 (1)/ebvms_hla2_control_v2pmhc_edc57af6a9a8f080_s314159/fold_ebvms_hla2_control_v2pmhc_edc57af6a9a8f080_s314159_full_data_4.json,False,0.92,ebvms_hla2_control_v2pmhc_edc57af6a9a8f080_s314159,True,178,189,DFARVHFISALHGSG,314159,0.92,0.94,True,4,pass_exact_clash_free,v2_fresh_attribution_pilot,/Users/anishsharma/Library/Mobile Documents/com~apple~CloudDocs/Downloads/folds_2026_08_27_04_51 (1)/ebvms_hla2_control_v2pmhc_edc57af6a9a8f080_s314159/fold_ebvms_hla2_control_v2pmhc_edc57af6a9a8f080_s314159_summary_confidences_4.json,SYS_ENGA_MBP_OB1A12
