pair_id,original_shortlist_rank,ebv_candidate_id,human_candidate_id,ebv_core_start_1_based,ebv_core_peptide,human_core_start_1_based,human_core_peptide,same_register_local_alignment_count,interpretation
EBV_TCELL_63843::HUMAN_MYELIN_80095,1,EBV_TCELL_63843,HUMAN_MYELIN_80095,1,TGGVYHFVK,1,VVHFFKNIV,0,All manifest-contained 9-mer window combinations retained for sensitivity; not a predictor-selected register or a re-ranking score.
EBV_TCELL_63843::HUMAN_MYELIN_80095,1,EBV_TCELL_63843,HUMAN_MYELIN_80095,1,TGGVYHFVK,2,VHFFKNIVT,0,All manifest-contained 9-mer window combinations retained for sensitivity; not a predictor-selected register or a re-ranking score.
EBV_TCELL_63843::HUMAN_MYELIN_80095,1,EBV_TCELL_63843,HUMAN_MYELIN_80095,1,TGGVYHFVK,3,HFFKNIVTP,0,All manifest-contained 9-mer window combinations retained for sensitivity; not a predictor-selected register or a re-ranking score.
EBV_TCELL_63843::HUMAN_MYELIN_80095,1,EBV_TCELL_63843,HUMAN_MYELIN_80095,1,TGGVYHFVK,4,FFKNIVTPR,0,All manifest-contained 9-mer window combinations retained for sensitivity; not a predictor-selected register or a re-ranking score.
EBV_TCELL_63843::HUMAN_MYELIN_80095,1,EBV_TCELL_63843,HUMAN_MYELIN_80095,1,TGGVYHFVK,5,FKNIVTPRT,0,All manifest-contained 9-mer window combinations retained for sensitivity; not a predictor-selected register or a re-ranking score.
EBV_TCELL_63843::HUMAN_MYELIN_80095,1,EBV_TCELL_63843,HUMAN_MYELIN_80095,2,GGVYHFVKK,1,VVHFFKNIV,0,All manifest-contained 9-mer window combinations retained for sensitivity; not a predictor-selected register or a re-ranking score.
EBV_TCELL_63843::HUMAN_MYELIN_80095,1,EBV_TCELL_63843,HUMAN_MYELIN_80095,2,GGVYHFVKK,2,VHFFKNIVT,0,All manifest-contained 9-mer window combinations retained for sensitivity; not a predictor-selected register or a re-ranking score.
EBV_TCELL_63843::HUMAN_MYELIN_80095,1,EBV_TCELL_63843,HUMAN_MYELIN_80095,2,GGVYHFVKK,3,HFFKNIVTP,0,All manifest-contained 9-mer window combinations retained for sensitivity; not a predictor-selected register or a re-ranking score.
EBV_TCELL_63843::HUMAN_MYELIN_80095,1,EBV_TCELL_63843,HUMAN_MYELIN_80095,2,GGVYHFVKK,4,FFKNIVTPR,0,All manifest-contained 9-mer window combinations retained for sensitivity; not a predictor-selected register or a re-ranking score.
EBV_TCELL_63843::HUMAN_MYELIN_80095,1,EBV_TCELL_63843,HUMAN_MYELIN_80095,2,GGVYHFVKK,5,FKNIVTPRT,0,All manifest-contained 9-mer window combinations retained for sensitivity; not a predictor-selected register or a re-ranking score.
EBV_TCELL_63843::HUMAN_MYELIN_80095,1,EBV_TCELL_63843,HUMAN_MYELIN_80095,3,GVYHFVKKH,1,VVHFFKNIV,0,All manifest-contained 9-mer window combinations retained for sensitivity; not a predictor-selected register or a re-ranking score.
EBV_TCELL_63843::HUMAN_MYELIN_80095,1,EBV_TCELL_63843,HUMAN_MYELIN_80095,3,GVYHFVKKH,2,VHFFKNIVT,0,All manifest-contained 9-mer window combinations retained for sensitivity; not a predictor-selected register or a re-ranking score.
EBV_TCELL_63843::HUMAN_MYELIN_80095,1,EBV_TCELL_63843,HUMAN_MYELIN_80095,3,GVYHFVKKH,3,HFFKNIVTP,0,All manifest-contained 9-mer window combinations retained for sensitivity; not a predictor-selected register or a re-ranking score.
EBV_TCELL_63843::HUMAN_MYELIN_80095,1,EBV_TCELL_63843,HUMAN_MYELIN_80095,3,GVYHFVKKH,4,FFKNIVTPR,0,All manifest-contained 9-mer window combinations retained for sensitivity; not a predictor-selected register or a re-ranking score.
EBV_TCELL_63843::HUMAN_MYELIN_80095,1,EBV_TCELL_63843,HUMAN_MYELIN_80095,3,GVYHFVKKH,5,FKNIVTPRT,0,All manifest-contained 9-mer window combinations retained for sensitivity; not a predictor-selected register or a re-ranking score.
EBV_TCELL_63843::HUMAN_MYELIN_80095,1,EBV_TCELL_63843,HUMAN_MYELIN_80095,4,VYHFVKKHV,1,VVHFFKNIV,6,All manifest-contained 9-mer window combinations retained for sensitivity; not a predictor-selected register or a re-ranking score.
EBV_TCELL_63843::HUMAN_MYELIN_80095,1,EBV_TCELL_63843,HUMAN_MYELIN_80095,4,VYHFVKKHV,2,VHFFKNIVT,0,All manifest-contained 9-mer window combinations retained for sensitivity; not a predictor-selected register or a re-ranking score.
EBV_TCELL_63843::HUMAN_MYELIN_80095,1,EBV_TCELL_63843,HUMAN_MYELIN_80095,4,VYHFVKKHV,3,HFFKNIVTP,0,All manifest-contained 9-mer window combinations retained for sensitivity; not a predictor-selected register or a re-ranking score.
EBV_TCELL_63843::HUMAN_MYELIN_80095,1,EBV_TCELL_63843,HUMAN_MYELIN_80095,4,VYHFVKKHV,4,FFKNIVTPR,0,All manifest-contained 9-mer window combinations retained for sensitivity; not a predictor-selected register or a re-ranking score.
EBV_TCELL_63843::HUMAN_MYELIN_80095,1,EBV_TCELL_63843,HUMAN_MYELIN_80095,4,VYHFVKKHV,5,FKNIVTPRT,0,All manifest-contained 9-mer window combinations retained for sensitivity; not a predictor-selected register or a re-ranking score.
EBV_TCELL_63843::HUMAN_MYELIN_80095,1,EBV_TCELL_63843,HUMAN_MYELIN_80095,5,YHFVKKHVH,1,VVHFFKNIV,0,All manifest-contained 9-mer window combinations retained for sensitivity; not a predictor-selected register or a re-ranking score.
EBV_TCELL_63843::HUMAN_MYELIN_80095,1,EBV_TCELL_63843,HUMAN_MYELIN_80095,5,YHFVKKHVH,2,VHFFKNIVT,5,All manifest-contained 9-mer window combinations retained for sensitivity; not a predictor-selected register or a re-ranking score.
EBV_TCELL_63843::HUMAN_MYELIN_80095,1,EBV_TCELL_63843,HUMAN_MYELIN_80095,5,YHFVKKHVH,3,HFFKNIVTP,0,All manifest-contained 9-mer window combinations retained for sensitivity; not a predictor-selected register or a re-ranking score.
EBV_TCELL_63843::HUMAN_MYELIN_80095,1,EBV_TCELL_63843,HUMAN_MYELIN_80095,5,YHFVKKHVH,4,FFKNIVTPR,0,All manifest-contained 9-mer window combinations retained for sensitivity; not a predictor-selected register or a re-ranking score.
EBV_TCELL_63843::HUMAN_MYELIN_80095,1,EBV_TCELL_63843,HUMAN_MYELIN_80095,5,YHFVKKHVH,5,FKNIVTPRT,0,All manifest-contained 9-mer window combinations retained for sensitivity; not a predictor-selected register or a re-ranking score.
EBV_TCELL_63843::HUMAN_MYELIN_80095,1,EBV_TCELL_63843,HUMAN_MYELIN_80095,6,HFVKKHVHE,1,VVHFFKNIV,0,All manifest-contained 9-mer window combinations retained for sensitivity; not a predictor-selected register or a re-ranking score.
EBV_TCELL_63843::HUMAN_MYELIN_80095,1,EBV_TCELL_63843,HUMAN_MYELIN_80095,6,HFVKKHVHE,2,VHFFKNIVT,0,All manifest-contained 9-mer window combinations retained for sensitivity; not a predictor-selected register or a re-ranking score.
EBV_TCELL_63843::HUMAN_MYELIN_80095,1,EBV_TCELL_63843,HUMAN_MYELIN_80095,6,HFVKKHVHE,3,HFFKNIVTP,4,All manifest-contained 9-mer window combinations retained for sensitivity; not a predictor-selected register or a re-ranking score.
EBV_TCELL_63843::HUMAN_MYELIN_80095,1,EBV_TCELL_63843,HUMAN_MYELIN_80095,6,HFVKKHVHE,4,FFKNIVTPR,0,All manifest-contained 9-mer window combinations retained for sensitivity; not a predictor-selected register or a re-ranking score.
EBV_TCELL_63843::HUMAN_MYELIN_80095,1,EBV_TCELL_63843,HUMAN_MYELIN_80095,6,HFVKKHVHE,5,FKNIVTPRT,0,All manifest-contained 9-mer window combinations retained for sensitivity; not a predictor-selected register or a re-ranking score.
EBV_TCELL_63843::HUMAN_MYELIN_80095,1,EBV_TCELL_63843,HUMAN_MYELIN_80095,7,FVKKHVHES,1,VVHFFKNIV,0,All manifest-contained 9-mer window combinations retained for sensitivity; not a predictor-selected register or a re-ranking score.
EBV_TCELL_63843::HUMAN_MYELIN_80095,1,EBV_TCELL_63843,HUMAN_MYELIN_80095,7,FVKKHVHES,2,VHFFKNIVT,0,All manifest-contained 9-mer window combinations retained for sensitivity; not a predictor-selected register or a re-ranking score.
EBV_TCELL_63843::HUMAN_MYELIN_80095,1,EBV_TCELL_63843,HUMAN_MYELIN_80095,7,FVKKHVHES,3,HFFKNIVTP,0,All manifest-contained 9-mer window combinations retained for sensitivity; not a predictor-selected register or a re-ranking score.
EBV_TCELL_63843::HUMAN_MYELIN_80095,1,EBV_TCELL_63843,HUMAN_MYELIN_80095,7,FVKKHVHES,4,FFKNIVTPR,3,All manifest-contained 9-mer window combinations retained for sensitivity; not a predictor-selected register or a re-ranking score.
EBV_TCELL_63843::HUMAN_MYELIN_80095,1,EBV_TCELL_63843,HUMAN_MYELIN_80095,7,FVKKHVHES,5,FKNIVTPRT,0,All manifest-contained 9-mer window combinations retained for sensitivity; not a predictor-selected register or a re-ranking score.
EBV_TCELL_63843::HUMAN_MYELIN_13572,2,EBV_TCELL_63843,HUMAN_MYELIN_13572,1,TGGVYHFVK,1,ENPVVHFFK,6,All manifest-contained 9-mer window combinations retained for sensitivity; not a predictor-selected register or a re-ranking score.
EBV_TCELL_63843::HUMAN_MYELIN_13572,2,EBV_TCELL_63843,HUMAN_MYELIN_13572,1,TGGVYHFVK,2,NPVVHFFKN,0,All manifest-contained 9-mer window combinations retained for sensitivity; not a predictor-selected register or a re-ranking score.
EBV_TCELL_63843::HUMAN_MYELIN_13572,2,EBV_TCELL_63843,HUMAN_MYELIN_13572,1,TGGVYHFVK,3,PVVHFFKNI,0,All manifest-contained 9-mer window combinations retained for sensitivity; not a predictor-selected register or a re-ranking score.
EBV_TCELL_63843::HUMAN_MYELIN_13572,2,EBV_TCELL_63843,HUMAN_MYELIN_13572,1,TGGVYHFVK,4,VVHFFKNIV,0,All manifest-contained 9-mer window combinations retained for sensitivity; not a predictor-selected register or a re-ranking score.
EBV_TCELL_63843::HUMAN_MYELIN_13572,2,EBV_TCELL_63843,HUMAN_MYELIN_13572,1,TGGVYHFVK,5,VHFFKNIVT,0,All manifest-contained 9-mer window combinations retained for sensitivity; not a predictor-selected register or a re-ranking score.
EBV_TCELL_63843::HUMAN_MYELIN_13572,2,EBV_TCELL_63843,HUMAN_MYELIN_13572,1,TGGVYHFVK,6,HFFKNIVTP,0,All manifest-contained 9-mer window combinations retained for sensitivity; not a predictor-selected register or a re-ranking score.
EBV_TCELL_63843::HUMAN_MYELIN_13572,2,EBV_TCELL_63843,HUMAN_MYELIN_13572,1,TGGVYHFVK,7,FFKNIVTPR,0,All manifest-contained 9-mer window combinations retained for sensitivity; not a predictor-selected register or a re-ranking score.
EBV_TCELL_63843::HUMAN_MYELIN_13572,2,EBV_TCELL_63843,HUMAN_MYELIN_13572,2,GGVYHFVKK,1,ENPVVHFFK,0,All manifest-contained 9-mer window combinations retained for sensitivity; not a predictor-selected register or a re-ranking score.
EBV_TCELL_63843::HUMAN_MYELIN_13572,2,EBV_TCELL_63843,HUMAN_MYELIN_13572,2,GGVYHFVKK,2,NPVVHFFKN,6,All manifest-contained 9-mer window combinations retained for sensitivity; not a predictor-selected register or a re-ranking score.
EBV_TCELL_63843::HUMAN_MYELIN_13572,2,EBV_TCELL_63843,HUMAN_MYELIN_13572,2,GGVYHFVKK,3,PVVHFFKNI,0,All manifest-contained 9-mer window combinations retained for sensitivity; not a predictor-selected register or a re-ranking score.
EBV_TCELL_63843::HUMAN_MYELIN_13572,2,EBV_TCELL_63843,HUMAN_MYELIN_13572,2,GGVYHFVKK,4,VVHFFKNIV,0,All manifest-contained 9-mer window combinations retained for sensitivity; not a predictor-selected register or a re-ranking score.
EBV_TCELL_63843::HUMAN_MYELIN_13572,2,EBV_TCELL_63843,HUMAN_MYELIN_13572,2,GGVYHFVKK,5,VHFFKNIVT,0,All manifest-contained 9-mer window combinations retained for sensitivity; not a predictor-selected register or a re-ranking score.
EBV_TCELL_63843::HUMAN_MYELIN_13572,2,EBV_TCELL_63843,HUMAN_MYELIN_13572,2,GGVYHFVKK,6,HFFKNIVTP,0,All manifest-contained 9-mer window combinations retained for sensitivity; not a predictor-selected register or a re-ranking score.
EBV_TCELL_63843::HUMAN_MYELIN_13572,2,EBV_TCELL_63843,HUMAN_MYELIN_13572,2,GGVYHFVKK,7,FFKNIVTPR,0,All manifest-contained 9-mer window combinations retained for sensitivity; not a predictor-selected register or a re-ranking score.
EBV_TCELL_63843::HUMAN_MYELIN_13572,2,EBV_TCELL_63843,HUMAN_MYELIN_13572,3,GVYHFVKKH,1,ENPVVHFFK,0,All manifest-contained 9-mer window combinations retained for sensitivity; not a predictor-selected register or a re-ranking score.
EBV_TCELL_63843::HUMAN_MYELIN_13572,2,EBV_TCELL_63843,HUMAN_MYELIN_13572,3,GVYHFVKKH,2,NPVVHFFKN,0,All manifest-contained 9-mer window combinations retained for sensitivity; not a predictor-selected register or a re-ranking score.
EBV_TCELL_63843::HUMAN_MYELIN_13572,2,EBV_TCELL_63843,HUMAN_MYELIN_13572,3,GVYHFVKKH,3,PVVHFFKNI,6,All manifest-contained 9-mer window combinations retained for sensitivity; not a predictor-selected register or a re-ranking score.
EBV_TCELL_63843::HUMAN_MYELIN_13572,2,EBV_TCELL_63843,HUMAN_MYELIN_13572,3,GVYHFVKKH,4,VVHFFKNIV,0,All manifest-contained 9-mer window combinations retained for sensitivity; not a predictor-selected register or a re-ranking score.
EBV_TCELL_63843::HUMAN_MYELIN_13572,2,EBV_TCELL_63843,HUMAN_MYELIN_13572,3,GVYHFVKKH,5,VHFFKNIVT,0,All manifest-contained 9-mer window combinations retained for sensitivity; not a predictor-selected register or a re-ranking score.
EBV_TCELL_63843::HUMAN_MYELIN_13572,2,EBV_TCELL_63843,HUMAN_MYELIN_13572,3,GVYHFVKKH,6,HFFKNIVTP,0,All manifest-contained 9-mer window combinations retained for sensitivity; not a predictor-selected register or a re-ranking score.
EBV_TCELL_63843::HUMAN_MYELIN_13572,2,EBV_TCELL_63843,HUMAN_MYELIN_13572,3,GVYHFVKKH,7,FFKNIVTPR,0,All manifest-contained 9-mer window combinations retained for sensitivity; not a predictor-selected register or a re-ranking score.
EBV_TCELL_63843::HUMAN_MYELIN_13572,2,EBV_TCELL_63843,HUMAN_MYELIN_13572,4,VYHFVKKHV,1,ENPVVHFFK,0,All manifest-contained 9-mer window combinations retained for sensitivity; not a predictor-selected register or a re-ranking score.
EBV_TCELL_63843::HUMAN_MYELIN_13572,2,EBV_TCELL_63843,HUMAN_MYELIN_13572,4,VYHFVKKHV,2,NPVVHFFKN,0,All manifest-contained 9-mer window combinations retained for sensitivity; not a predictor-selected register or a re-ranking score.
EBV_TCELL_63843::HUMAN_MYELIN_13572,2,EBV_TCELL_63843,HUMAN_MYELIN_13572,4,VYHFVKKHV,3,PVVHFFKNI,0,All manifest-contained 9-mer window combinations retained for sensitivity; not a predictor-selected register or a re-ranking score.
EBV_TCELL_63843::HUMAN_MYELIN_13572,2,EBV_TCELL_63843,HUMAN_MYELIN_13572,4,VYHFVKKHV,4,VVHFFKNIV,6,All manifest-contained 9-mer window combinations retained for sensitivity; not a predictor-selected register or a re-ranking score.
EBV_TCELL_63843::HUMAN_MYELIN_13572,2,EBV_TCELL_63843,HUMAN_MYELIN_13572,4,VYHFVKKHV,5,VHFFKNIVT,0,All manifest-contained 9-mer window combinations retained for sensitivity; not a predictor-selected register or a re-ranking score.
EBV_TCELL_63843::HUMAN_MYELIN_13572,2,EBV_TCELL_63843,HUMAN_MYELIN_13572,4,VYHFVKKHV,6,HFFKNIVTP,0,All manifest-contained 9-mer window combinations retained for sensitivity; not a predictor-selected register or a re-ranking score.
EBV_TCELL_63843::HUMAN_MYELIN_13572,2,EBV_TCELL_63843,HUMAN_MYELIN_13572,4,VYHFVKKHV,7,FFKNIVTPR,0,All manifest-contained 9-mer window combinations retained for sensitivity; not a predictor-selected register or a re-ranking score.
EBV_TCELL_63843::HUMAN_MYELIN_13572,2,EBV_TCELL_63843,HUMAN_MYELIN_13572,5,YHFVKKHVH,1,ENPVVHFFK,0,All manifest-contained 9-mer window combinations retained for sensitivity; not a predictor-selected register or a re-ranking score.
EBV_TCELL_63843::HUMAN_MYELIN_13572,2,EBV_TCELL_63843,HUMAN_MYELIN_13572,5,YHFVKKHVH,2,NPVVHFFKN,0,All manifest-contained 9-mer window combinations retained for sensitivity; not a predictor-selected register or a re-ranking score.
EBV_TCELL_63843::HUMAN_MYELIN_13572,2,EBV_TCELL_63843,HUMAN_MYELIN_13572,5,YHFVKKHVH,3,PVVHFFKNI,0,All manifest-contained 9-mer window combinations retained for sensitivity; not a predictor-selected register or a re-ranking score.
EBV_TCELL_63843::HUMAN_MYELIN_13572,2,EBV_TCELL_63843,HUMAN_MYELIN_13572,5,YHFVKKHVH,4,VVHFFKNIV,0,All manifest-contained 9-mer window combinations retained for sensitivity; not a predictor-selected register or a re-ranking score.
EBV_TCELL_63843::HUMAN_MYELIN_13572,2,EBV_TCELL_63843,HUMAN_MYELIN_13572,5,YHFVKKHVH,5,VHFFKNIVT,5,All manifest-contained 9-mer window combinations retained for sensitivity; not a predictor-selected register or a re-ranking score.
EBV_TCELL_63843::HUMAN_MYELIN_13572,2,EBV_TCELL_63843,HUMAN_MYELIN_13572,5,YHFVKKHVH,6,HFFKNIVTP,0,All manifest-contained 9-mer window combinations retained for sensitivity; not a predictor-selected register or a re-ranking score.
EBV_TCELL_63843::HUMAN_MYELIN_13572,2,EBV_TCELL_63843,HUMAN_MYELIN_13572,5,YHFVKKHVH,7,FFKNIVTPR,0,All manifest-contained 9-mer window combinations retained for sensitivity; not a predictor-selected register or a re-ranking score.
EBV_TCELL_63843::HUMAN_MYELIN_13572,2,EBV_TCELL_63843,HUMAN_MYELIN_13572,6,HFVKKHVHE,1,ENPVVHFFK,0,All manifest-contained 9-mer window combinations retained for sensitivity; not a predictor-selected register or a re-ranking score.
EBV_TCELL_63843::HUMAN_MYELIN_13572,2,EBV_TCELL_63843,HUMAN_MYELIN_13572,6,HFVKKHVHE,2,NPVVHFFKN,0,All manifest-contained 9-mer window combinations retained for sensitivity; not a predictor-selected register or a re-ranking score.
EBV_TCELL_63843::HUMAN_MYELIN_13572,2,EBV_TCELL_63843,HUMAN_MYELIN_13572,6,HFVKKHVHE,3,PVVHFFKNI,0,All manifest-contained 9-mer window combinations retained for sensitivity; not a predictor-selected register or a re-ranking score.
EBV_TCELL_63843::HUMAN_MYELIN_13572,2,EBV_TCELL_63843,HUMAN_MYELIN_13572,6,HFVKKHVHE,4,VVHFFKNIV,0,All manifest-contained 9-mer window combinations retained for sensitivity; not a predictor-selected register or a re-ranking score.
EBV_TCELL_63843::HUMAN_MYELIN_13572,2,EBV_TCELL_63843,HUMAN_MYELIN_13572,6,HFVKKHVHE,5,VHFFKNIVT,0,All manifest-contained 9-mer window combinations retained for sensitivity; not a predictor-selected register or a re-ranking score.
EBV_TCELL_63843::HUMAN_MYELIN_13572,2,EBV_TCELL_63843,HUMAN_MYELIN_13572,6,HFVKKHVHE,6,HFFKNIVTP,4,All manifest-contained 9-mer window combinations retained for sensitivity; not a predictor-selected register or a re-ranking score.
EBV_TCELL_63843::HUMAN_MYELIN_13572,2,EBV_TCELL_63843,HUMAN_MYELIN_13572,6,HFVKKHVHE,7,FFKNIVTPR,0,All manifest-contained 9-mer window combinations retained for sensitivity; not a predictor-selected register or a re-ranking score.
EBV_TCELL_63843::HUMAN_MYELIN_13572,2,EBV_TCELL_63843,HUMAN_MYELIN_13572,7,FVKKHVHES,1,ENPVVHFFK,0,All manifest-contained 9-mer window combinations retained for sensitivity; not a predictor-selected register or a re-ranking score.
EBV_TCELL_63843::HUMAN_MYELIN_13572,2,EBV_TCELL_63843,HUMAN_MYELIN_13572,7,FVKKHVHES,2,NPVVHFFKN,0,All manifest-contained 9-mer window combinations retained for sensitivity; not a predictor-selected register or a re-ranking score.
EBV_TCELL_63843::HUMAN_MYELIN_13572,2,EBV_TCELL_63843,HUMAN_MYELIN_13572,7,FVKKHVHES,3,PVVHFFKNI,0,All manifest-contained 9-mer window combinations retained for sensitivity; not a predictor-selected register or a re-ranking score.
EBV_TCELL_63843::HUMAN_MYELIN_13572,2,EBV_TCELL_63843,HUMAN_MYELIN_13572,7,FVKKHVHES,4,VVHFFKNIV,0,All manifest-contained 9-mer window combinations retained for sensitivity; not a predictor-selected register or a re-ranking score.
EBV_TCELL_63843::HUMAN_MYELIN_13572,2,EBV_TCELL_63843,HUMAN_MYELIN_13572,7,FVKKHVHES,5,VHFFKNIVT,0,All manifest-contained 9-mer window combinations retained for sensitivity; not a predictor-selected register or a re-ranking score.
EBV_TCELL_63843::HUMAN_MYELIN_13572,2,EBV_TCELL_63843,HUMAN_MYELIN_13572,7,FVKKHVHES,6,HFFKNIVTP,0,All manifest-contained 9-mer window combinations retained for sensitivity; not a predictor-selected register or a re-ranking score.
EBV_TCELL_63843::HUMAN_MYELIN_13572,2,EBV_TCELL_63843,HUMAN_MYELIN_13572,7,FVKKHVHES,7,FFKNIVTPR,3,All manifest-contained 9-mer window combinations retained for sensitivity; not a predictor-selected register or a re-ranking score.
EBV_TCELL_63843::HUMAN_MYELIN_114806,3,EBV_TCELL_63843,HUMAN_MYELIN_114806,1,TGGVYHFVK,1,ENPVVHFFK,6,All manifest-contained 9-mer window combinations retained for sensitivity; not a predictor-selected register or a re-ranking score.
EBV_TCELL_63843::HUMAN_MYELIN_114806,3,EBV_TCELL_63843,HUMAN_MYELIN_114806,1,TGGVYHFVK,2,NPVVHFFKN,0,All manifest-contained 9-mer window combinations retained for sensitivity; not a predictor-selected register or a re-ranking score.
EBV_TCELL_63843::HUMAN_MYELIN_114806,3,EBV_TCELL_63843,HUMAN_MYELIN_114806,1,TGGVYHFVK,3,PVVHFFKNI,0,All manifest-contained 9-mer window combinations retained for sensitivity; not a predictor-selected register or a re-ranking score.
EBV_TCELL_63843::HUMAN_MYELIN_114806,3,EBV_TCELL_63843,HUMAN_MYELIN_114806,1,TGGVYHFVK,4,VVHFFKNIV,0,All manifest-contained 9-mer window combinations retained for sensitivity; not a predictor-selected register or a re-ranking score.
EBV_TCELL_63843::HUMAN_MYELIN_114806,3,EBV_TCELL_63843,HUMAN_MYELIN_114806,1,TGGVYHFVK,5,VHFFKNIVT,0,All manifest-contained 9-mer window combinations retained for sensitivity; not a predictor-selected register or a re-ranking score.
EBV_TCELL_63843::HUMAN_MYELIN_114806,3,EBV_TCELL_63843,HUMAN_MYELIN_114806,1,TGGVYHFVK,6,HFFKNIVTP,0,All manifest-contained 9-mer window combinations retained for sensitivity; not a predictor-selected register or a re-ranking score.
EBV_TCELL_63843::HUMAN_MYELIN_114806,3,EBV_TCELL_63843,HUMAN_MYELIN_114806,2,GGVYHFVKK,1,ENPVVHFFK,0,All manifest-contained 9-mer window combinations retained for sensitivity; not a predictor-selected register or a re-ranking score.
EBV_TCELL_63843::HUMAN_MYELIN_114806,3,EBV_TCELL_63843,HUMAN_MYELIN_114806,2,GGVYHFVKK,2,NPVVHFFKN,6,All manifest-contained 9-mer window combinations retained for sensitivity; not a predictor-selected register or a re-ranking score.
EBV_TCELL_63843::HUMAN_MYELIN_114806,3,EBV_TCELL_63843,HUMAN_MYELIN_114806,2,GGVYHFVKK,3,PVVHFFKNI,0,All manifest-contained 9-mer window combinations retained for sensitivity; not a predictor-selected register or a re-ranking score.
EBV_TCELL_63843::HUMAN_MYELIN_114806,3,EBV_TCELL_63843,HUMAN_MYELIN_114806,2,GGVYHFVKK,4,VVHFFKNIV,0,All manifest-contained 9-mer window combinations retained for sensitivity; not a predictor-selected register or a re-ranking score.
EBV_TCELL_63843::HUMAN_MYELIN_114806,3,EBV_TCELL_63843,HUMAN_MYELIN_114806,2,GGVYHFVKK,5,VHFFKNIVT,0,All manifest-contained 9-mer window combinations retained for sensitivity; not a predictor-selected register or a re-ranking score.
EBV_TCELL_63843::HUMAN_MYELIN_114806,3,EBV_TCELL_63843,HUMAN_MYELIN_114806,2,GGVYHFVKK,6,HFFKNIVTP,0,All manifest-contained 9-mer window combinations retained for sensitivity; not a predictor-selected register or a re-ranking score.
EBV_TCELL_63843::HUMAN_MYELIN_114806,3,EBV_TCELL_63843,HUMAN_MYELIN_114806,3,GVYHFVKKH,1,ENPVVHFFK,0,All manifest-contained 9-mer window combinations retained for sensitivity; not a predictor-selected register or a re-ranking score.
EBV_TCELL_63843::HUMAN_MYELIN_114806,3,EBV_TCELL_63843,HUMAN_MYELIN_114806,3,GVYHFVKKH,2,NPVVHFFKN,0,All manifest-contained 9-mer window combinations retained for sensitivity; not a predictor-selected register or a re-ranking score.
EBV_TCELL_63843::HUMAN_MYELIN_114806,3,EBV_TCELL_63843,HUMAN_MYELIN_114806,3,GVYHFVKKH,3,PVVHFFKNI,6,All manifest-contained 9-mer window combinations retained for sensitivity; not a predictor-selected register or a re-ranking score.
EBV_TCELL_63843::HUMAN_MYELIN_114806,3,EBV_TCELL_63843,HUMAN_MYELIN_114806,3,GVYHFVKKH,4,VVHFFKNIV,0,All manifest-contained 9-mer window combinations retained for sensitivity; not a predictor-selected register or a re-ranking score.
EBV_TCELL_63843::HUMAN_MYELIN_114806,3,EBV_TCELL_63843,HUMAN_MYELIN_114806,3,GVYHFVKKH,5,VHFFKNIVT,0,All manifest-contained 9-mer window combinations retained for sensitivity; not a predictor-selected register or a re-ranking score.
EBV_TCELL_63843::HUMAN_MYELIN_114806,3,EBV_TCELL_63843,HUMAN_MYELIN_114806,3,GVYHFVKKH,6,HFFKNIVTP,0,All manifest-contained 9-mer window combinations retained for sensitivity; not a predictor-selected register or a re-ranking score.
EBV_TCELL_63843::HUMAN_MYELIN_114806,3,EBV_TCELL_63843,HUMAN_MYELIN_114806,4,VYHFVKKHV,1,ENPVVHFFK,0,All manifest-contained 9-mer window combinations retained for sensitivity; not a predictor-selected register or a re-ranking score.
EBV_TCELL_63843::HUMAN_MYELIN_114806,3,EBV_TCELL_63843,HUMAN_MYELIN_114806,4,VYHFVKKHV,2,NPVVHFFKN,0,All manifest-contained 9-mer window combinations retained for sensitivity; not a predictor-selected register or a re-ranking score.
EBV_TCELL_63843::HUMAN_MYELIN_114806,3,EBV_TCELL_63843,HUMAN_MYELIN_114806,4,VYHFVKKHV,3,PVVHFFKNI,0,All manifest-contained 9-mer window combinations retained for sensitivity; not a predictor-selected register or a re-ranking score.
EBV_TCELL_63843::HUMAN_MYELIN_114806,3,EBV_TCELL_63843,HUMAN_MYELIN_114806,4,VYHFVKKHV,4,VVHFFKNIV,6,All manifest-contained 9-mer window combinations retained for sensitivity; not a predictor-selected register or a re-ranking score.
EBV_TCELL_63843::HUMAN_MYELIN_114806,3,EBV_TCELL_63843,HUMAN_MYELIN_114806,4,VYHFVKKHV,5,VHFFKNIVT,0,All manifest-contained 9-mer window combinations retained for sensitivity; not a predictor-selected register or a re-ranking score.
EBV_TCELL_63843::HUMAN_MYELIN_114806,3,EBV_TCELL_63843,HUMAN_MYELIN_114806,4,VYHFVKKHV,6,HFFKNIVTP,0,All manifest-contained 9-mer window combinations retained for sensitivity; not a predictor-selected register or a re-ranking score.
EBV_TCELL_63843::HUMAN_MYELIN_114806,3,EBV_TCELL_63843,HUMAN_MYELIN_114806,5,YHFVKKHVH,1,ENPVVHFFK,0,All manifest-contained 9-mer window combinations retained for sensitivity; not a predictor-selected register or a re-ranking score.
EBV_TCELL_63843::HUMAN_MYELIN_114806,3,EBV_TCELL_63843,HUMAN_MYELIN_114806,5,YHFVKKHVH,2,NPVVHFFKN,0,All manifest-contained 9-mer window combinations retained for sensitivity; not a predictor-selected register or a re-ranking score.
EBV_TCELL_63843::HUMAN_MYELIN_114806,3,EBV_TCELL_63843,HUMAN_MYELIN_114806,5,YHFVKKHVH,3,PVVHFFKNI,0,All manifest-contained 9-mer window combinations retained for sensitivity; not a predictor-selected register or a re-ranking score.
EBV_TCELL_63843::HUMAN_MYELIN_114806,3,EBV_TCELL_63843,HUMAN_MYELIN_114806,5,YHFVKKHVH,4,VVHFFKNIV,0,All manifest-contained 9-mer window combinations retained for sensitivity; not a predictor-selected register or a re-ranking score.
EBV_TCELL_63843::HUMAN_MYELIN_114806,3,EBV_TCELL_63843,HUMAN_MYELIN_114806,5,YHFVKKHVH,5,VHFFKNIVT,5,All manifest-contained 9-mer window combinations retained for sensitivity; not a predictor-selected register or a re-ranking score.
EBV_TCELL_63843::HUMAN_MYELIN_114806,3,EBV_TCELL_63843,HUMAN_MYELIN_114806,5,YHFVKKHVH,6,HFFKNIVTP,0,All manifest-contained 9-mer window combinations retained for sensitivity; not a predictor-selected register or a re-ranking score.
EBV_TCELL_63843::HUMAN_MYELIN_114806,3,EBV_TCELL_63843,HUMAN_MYELIN_114806,6,HFVKKHVHE,1,ENPVVHFFK,0,All manifest-contained 9-mer window combinations retained for sensitivity; not a predictor-selected register or a re-ranking score.
EBV_TCELL_63843::HUMAN_MYELIN_114806,3,EBV_TCELL_63843,HUMAN_MYELIN_114806,6,HFVKKHVHE,2,NPVVHFFKN,0,All manifest-contained 9-mer window combinations retained for sensitivity; not a predictor-selected register or a re-ranking score.
EBV_TCELL_63843::HUMAN_MYELIN_114806,3,EBV_TCELL_63843,HUMAN_MYELIN_114806,6,HFVKKHVHE,3,PVVHFFKNI,0,All manifest-contained 9-mer window combinations retained for sensitivity; not a predictor-selected register or a re-ranking score.
EBV_TCELL_63843::HUMAN_MYELIN_114806,3,EBV_TCELL_63843,HUMAN_MYELIN_114806,6,HFVKKHVHE,4,VVHFFKNIV,0,All manifest-contained 9-mer window combinations retained for sensitivity; not a predictor-selected register or a re-ranking score.
EBV_TCELL_63843::HUMAN_MYELIN_114806,3,EBV_TCELL_63843,HUMAN_MYELIN_114806,6,HFVKKHVHE,5,VHFFKNIVT,0,All manifest-contained 9-mer window combinations retained for sensitivity; not a predictor-selected register or a re-ranking score.
EBV_TCELL_63843::HUMAN_MYELIN_114806,3,EBV_TCELL_63843,HUMAN_MYELIN_114806,6,HFVKKHVHE,6,HFFKNIVTP,4,All manifest-contained 9-mer window combinations retained for sensitivity; not a predictor-selected register or a re-ranking score.
EBV_TCELL_63843::HUMAN_MYELIN_114806,3,EBV_TCELL_63843,HUMAN_MYELIN_114806,7,FVKKHVHES,1,ENPVVHFFK,0,All manifest-contained 9-mer window combinations retained for sensitivity; not a predictor-selected register or a re-ranking score.
EBV_TCELL_63843::HUMAN_MYELIN_114806,3,EBV_TCELL_63843,HUMAN_MYELIN_114806,7,FVKKHVHES,2,NPVVHFFKN,0,All manifest-contained 9-mer window combinations retained for sensitivity; not a predictor-selected register or a re-ranking score.
EBV_TCELL_63843::HUMAN_MYELIN_114806,3,EBV_TCELL_63843,HUMAN_MYELIN_114806,7,FVKKHVHES,3,PVVHFFKNI,0,All manifest-contained 9-mer window combinations retained for sensitivity; not a predictor-selected register or a re-ranking score.
EBV_TCELL_63843::HUMAN_MYELIN_114806,3,EBV_TCELL_63843,HUMAN_MYELIN_114806,7,FVKKHVHES,4,VVHFFKNIV,0,All manifest-contained 9-mer window combinations retained for sensitivity; not a predictor-selected register or a re-ranking score.
EBV_TCELL_63843::HUMAN_MYELIN_114806,3,EBV_TCELL_63843,HUMAN_MYELIN_114806,7,FVKKHVHES,5,VHFFKNIVT,0,All manifest-contained 9-mer window combinations retained for sensitivity; not a predictor-selected register or a re-ranking score.
EBV_TCELL_63843::HUMAN_MYELIN_114806,3,EBV_TCELL_63843,HUMAN_MYELIN_114806,7,FVKKHVHES,6,HFFKNIVTP,0,All manifest-contained 9-mer window combinations retained for sensitivity; not a predictor-selected register or a re-ranking score.
EBV_TCELL_2268683::HUMAN_MYELIN_115641,4,EBV_TCELL_2268683,HUMAN_MYELIN_115641,1,EKQLFYYIG,1,QRPGFGYGG,5,All manifest-contained 9-mer window combinations retained for sensitivity; not a predictor-selected register or a re-ranking score.
EBV_TCELL_2268683::HUMAN_MYELIN_115641,4,EBV_TCELL_2268683,HUMAN_MYELIN_115641,1,EKQLFYYIG,2,RPGFGYGGR,0,All manifest-contained 9-mer window combinations retained for sensitivity; not a predictor-selected register or a re-ranking score.
EBV_TCELL_2268683::HUMAN_MYELIN_115641,4,EBV_TCELL_2268683,HUMAN_MYELIN_115641,1,EKQLFYYIG,3,PGFGYGGRA,0,All manifest-contained 9-mer window combinations retained for sensitivity; not a predictor-selected register or a re-ranking score.
EBV_TCELL_2268683::HUMAN_MYELIN_115641,4,EBV_TCELL_2268683,HUMAN_MYELIN_115641,1,EKQLFYYIG,4,GFGYGGRAS,0,All manifest-contained 9-mer window combinations retained for sensitivity; not a predictor-selected register or a re-ranking score.
EBV_TCELL_2268683::HUMAN_MYELIN_115641,4,EBV_TCELL_2268683,HUMAN_MYELIN_115641,1,EKQLFYYIG,5,FGYGGRASD,0,All manifest-contained 9-mer window combinations retained for sensitivity; not a predictor-selected register or a re-ranking score.
EBV_TCELL_2268683::HUMAN_MYELIN_115641,4,EBV_TCELL_2268683,HUMAN_MYELIN_115641,1,EKQLFYYIG,6,GYGGRASDY,0,All manifest-contained 9-mer window combinations retained for sensitivity; not a predictor-selected register or a re-ranking score.
EBV_TCELL_2268683::HUMAN_MYELIN_115641,4,EBV_TCELL_2268683,HUMAN_MYELIN_115641,1,EKQLFYYIG,7,YGGRASDYK,0,All manifest-contained 9-mer window combinations retained for sensitivity; not a predictor-selected register or a re-ranking score.
EBV_TCELL_2268683::HUMAN_MYELIN_115641,4,EBV_TCELL_2268683,HUMAN_MYELIN_115641,1,EKQLFYYIG,8,GGRASDYKS,0,All manifest-contained 9-mer window combinations retained for sensitivity; not a predictor-selected register or a re-ranking score.
EBV_TCELL_2268683::HUMAN_MYELIN_115641,4,EBV_TCELL_2268683,HUMAN_MYELIN_115641,1,EKQLFYYIG,9,GRASDYKSA,0,All manifest-contained 9-mer window combinations retained for sensitivity; not a predictor-selected register or a re-ranking score.
EBV_TCELL_2268683::HUMAN_MYELIN_115641,4,EBV_TCELL_2268683,HUMAN_MYELIN_115641,1,EKQLFYYIG,10,RASDYKSAH,0,All manifest-contained 9-mer window combinations retained for sensitivity; not a predictor-selected register or a re-ranking score.
EBV_TCELL_2268683::HUMAN_MYELIN_115641,4,EBV_TCELL_2268683,HUMAN_MYELIN_115641,1,EKQLFYYIG,11,ASDYKSAHK,0,All manifest-contained 9-mer window combinations retained for sensitivity; not a predictor-selected register or a re-ranking score.
EBV_TCELL_2268683::HUMAN_MYELIN_115641,4,EBV_TCELL_2268683,HUMAN_MYELIN_115641,2,KQLFYYIGT,1,QRPGFGYGG,0,All manifest-contained 9-mer window combinations retained for sensitivity; not a predictor-selected register or a re-ranking score.
EBV_TCELL_2268683::HUMAN_MYELIN_115641,4,EBV_TCELL_2268683,HUMAN_MYELIN_115641,2,KQLFYYIGT,2,RPGFGYGGR,5,All manifest-contained 9-mer window combinations retained for sensitivity; not a predictor-selected register or a re-ranking score.
EBV_TCELL_2268683::HUMAN_MYELIN_115641,4,EBV_TCELL_2268683,HUMAN_MYELIN_115641,2,KQLFYYIGT,3,PGFGYGGRA,0,All manifest-contained 9-mer window combinations retained for sensitivity; not a predictor-selected register or a re-ranking score.
EBV_TCELL_2268683::HUMAN_MYELIN_115641,4,EBV_TCELL_2268683,HUMAN_MYELIN_115641,2,KQLFYYIGT,4,GFGYGGRAS,0,All manifest-contained 9-mer window combinations retained for sensitivity; not a predictor-selected register or a re-ranking score.
EBV_TCELL_2268683::HUMAN_MYELIN_115641,4,EBV_TCELL_2268683,HUMAN_MYELIN_115641,2,KQLFYYIGT,5,FGYGGRASD,0,All manifest-contained 9-mer window combinations retained for sensitivity; not a predictor-selected register or a re-ranking score.
EBV_TCELL_2268683::HUMAN_MYELIN_115641,4,EBV_TCELL_2268683,HUMAN_MYELIN_115641,2,KQLFYYIGT,6,GYGGRASDY,0,All manifest-contained 9-mer window combinations retained for sensitivity; not a predictor-selected register or a re-ranking score.
EBV_TCELL_2268683::HUMAN_MYELIN_115641,4,EBV_TCELL_2268683,HUMAN_MYELIN_115641,2,KQLFYYIGT,7,YGGRASDYK,0,All manifest-contained 9-mer window combinations retained for sensitivity; not a predictor-selected register or a re-ranking score.
EBV_TCELL_2268683::HUMAN_MYELIN_115641,4,EBV_TCELL_2268683,HUMAN_MYELIN_115641,2,KQLFYYIGT,8,GGRASDYKS,0,All manifest-contained 9-mer window combinations retained for sensitivity; not a predictor-selected register or a re-ranking score.
EBV_TCELL_2268683::HUMAN_MYELIN_115641,4,EBV_TCELL_2268683,HUMAN_MYELIN_115641,2,KQLFYYIGT,9,GRASDYKSA,0,All manifest-contained 9-mer window combinations retained for sensitivity; not a predictor-selected register or a re-ranking score.
EBV_TCELL_2268683::HUMAN_MYELIN_115641,4,EBV_TCELL_2268683,HUMAN_MYELIN_115641,2,KQLFYYIGT,10,RASDYKSAH,0,All manifest-contained 9-mer window combinations retained for sensitivity; not a predictor-selected register or a re-ranking score.
EBV_TCELL_2268683::HUMAN_MYELIN_115641,4,EBV_TCELL_2268683,HUMAN_MYELIN_115641,2,KQLFYYIGT,11,ASDYKSAHK,0,All manifest-contained 9-mer window combinations retained for sensitivity; not a predictor-selected register or a re-ranking score.
EBV_TCELL_2268683::HUMAN_MYELIN_115641,4,EBV_TCELL_2268683,HUMAN_MYELIN_115641,3,QLFYYIGTM,1,QRPGFGYGG,0,All manifest-contained 9-mer window combinations retained for sensitivity; not a predictor-selected register or a re-ranking score.
EBV_TCELL_2268683::HUMAN_MYELIN_115641,4,EBV_TCELL_2268683,HUMAN_MYELIN_115641,3,QLFYYIGTM,2,RPGFGYGGR,0,All manifest-contained 9-mer window combinations retained for sensitivity; not a predictor-selected register or a re-ranking score.
EBV_TCELL_2268683::HUMAN_MYELIN_115641,4,EBV_TCELL_2268683,HUMAN_MYELIN_115641,3,QLFYYIGTM,3,PGFGYGGRA,5,All manifest-contained 9-mer window combinations retained for sensitivity; not a predictor-selected register or a re-ranking score.
EBV_TCELL_2268683::HUMAN_MYELIN_115641,4,EBV_TCELL_2268683,HUMAN_MYELIN_115641,3,QLFYYIGTM,4,GFGYGGRAS,0,All manifest-contained 9-mer window combinations retained for sensitivity; not a predictor-selected register or a re-ranking score.
EBV_TCELL_2268683::HUMAN_MYELIN_115641,4,EBV_TCELL_2268683,HUMAN_MYELIN_115641,3,QLFYYIGTM,5,FGYGGRASD,0,All manifest-contained 9-mer window combinations retained for sensitivity; not a predictor-selected register or a re-ranking score.
EBV_TCELL_2268683::HUMAN_MYELIN_115641,4,EBV_TCELL_2268683,HUMAN_MYELIN_115641,3,QLFYYIGTM,6,GYGGRASDY,0,All manifest-contained 9-mer window combinations retained for sensitivity; not a predictor-selected register or a re-ranking score.
EBV_TCELL_2268683::HUMAN_MYELIN_115641,4,EBV_TCELL_2268683,HUMAN_MYELIN_115641,3,QLFYYIGTM,7,YGGRASDYK,0,All manifest-contained 9-mer window combinations retained for sensitivity; not a predictor-selected register or a re-ranking score.
EBV_TCELL_2268683::HUMAN_MYELIN_115641,4,EBV_TCELL_2268683,HUMAN_MYELIN_115641,3,QLFYYIGTM,8,GGRASDYKS,0,All manifest-contained 9-mer window combinations retained for sensitivity; not a predictor-selected register or a re-ranking score.
EBV_TCELL_2268683::HUMAN_MYELIN_115641,4,EBV_TCELL_2268683,HUMAN_MYELIN_115641,3,QLFYYIGTM,9,GRASDYKSA,0,All manifest-contained 9-mer window combinations retained for sensitivity; not a predictor-selected register or a re-ranking score.
EBV_TCELL_2268683::HUMAN_MYELIN_115641,4,EBV_TCELL_2268683,HUMAN_MYELIN_115641,3,QLFYYIGTM,10,RASDYKSAH,0,All manifest-contained 9-mer window combinations retained for sensitivity; not a predictor-selected register or a re-ranking score.
EBV_TCELL_2268683::HUMAN_MYELIN_115641,4,EBV_TCELL_2268683,HUMAN_MYELIN_115641,3,QLFYYIGTM,11,ASDYKSAHK,0,All manifest-contained 9-mer window combinations retained for sensitivity; not a predictor-selected register or a re-ranking score.
EBV_TCELL_2268683::HUMAN_MYELIN_115641,4,EBV_TCELL_2268683,HUMAN_MYELIN_115641,4,LFYYIGTML,1,QRPGFGYGG,0,All manifest-contained 9-mer window combinations retained for sensitivity; not a predictor-selected register or a re-ranking score.
EBV_TCELL_2268683::HUMAN_MYELIN_115641,4,EBV_TCELL_2268683,HUMAN_MYELIN_115641,4,LFYYIGTML,2,RPGFGYGGR,0,All manifest-contained 9-mer window combinations retained for sensitivity; not a predictor-selected register or a re-ranking score.
EBV_TCELL_2268683::HUMAN_MYELIN_115641,4,EBV_TCELL_2268683,HUMAN_MYELIN_115641,4,LFYYIGTML,3,PGFGYGGRA,0,All manifest-contained 9-mer window combinations retained for sensitivity; not a predictor-selected register or a re-ranking score.
EBV_TCELL_2268683::HUMAN_MYELIN_115641,4,EBV_TCELL_2268683,HUMAN_MYELIN_115641,4,LFYYIGTML,4,GFGYGGRAS,5,All manifest-contained 9-mer window combinations retained for sensitivity; not a predictor-selected register or a re-ranking score.
EBV_TCELL_2268683::HUMAN_MYELIN_115641,4,EBV_TCELL_2268683,HUMAN_MYELIN_115641,4,LFYYIGTML,5,FGYGGRASD,0,All manifest-contained 9-mer window combinations retained for sensitivity; not a predictor-selected register or a re-ranking score.
EBV_TCELL_2268683::HUMAN_MYELIN_115641,4,EBV_TCELL_2268683,HUMAN_MYELIN_115641,4,LFYYIGTML,6,GYGGRASDY,0,All manifest-contained 9-mer window combinations retained for sensitivity; not a predictor-selected register or a re-ranking score.
EBV_TCELL_2268683::HUMAN_MYELIN_115641,4,EBV_TCELL_2268683,HUMAN_MYELIN_115641,4,LFYYIGTML,7,YGGRASDYK,0,All manifest-contained 9-mer window combinations retained for sensitivity; not a predictor-selected register or a re-ranking score.
EBV_TCELL_2268683::HUMAN_MYELIN_115641,4,EBV_TCELL_2268683,HUMAN_MYELIN_115641,4,LFYYIGTML,8,GGRASDYKS,0,All manifest-contained 9-mer window combinations retained for sensitivity; not a predictor-selected register or a re-ranking score.
EBV_TCELL_2268683::HUMAN_MYELIN_115641,4,EBV_TCELL_2268683,HUMAN_MYELIN_115641,4,LFYYIGTML,9,GRASDYKSA,0,All manifest-contained 9-mer window combinations retained for sensitivity; not a predictor-selected register or a re-ranking score.
EBV_TCELL_2268683::HUMAN_MYELIN_115641,4,EBV_TCELL_2268683,HUMAN_MYELIN_115641,4,LFYYIGTML,10,RASDYKSAH,0,All manifest-contained 9-mer window combinations retained for sensitivity; not a predictor-selected register or a re-ranking score.
EBV_TCELL_2268683::HUMAN_MYELIN_115641,4,EBV_TCELL_2268683,HUMAN_MYELIN_115641,4,LFYYIGTML,11,ASDYKSAHK,0,All manifest-contained 9-mer window combinations retained for sensitivity; not a predictor-selected register or a re-ranking score.
EBV_TCELL_2268683::HUMAN_MYELIN_115641,4,EBV_TCELL_2268683,HUMAN_MYELIN_115641,5,FYYIGTMLP,1,QRPGFGYGG,0,All manifest-contained 9-mer window combinations retained for sensitivity; not a predictor-selected register or a re-ranking score.
EBV_TCELL_2268683::HUMAN_MYELIN_115641,4,EBV_TCELL_2268683,HUMAN_MYELIN_115641,5,FYYIGTMLP,2,RPGFGYGGR,0,All manifest-contained 9-mer window combinations retained for sensitivity; not a predictor-selected register or a re-ranking score.
EBV_TCELL_2268683::HUMAN_MYELIN_115641,4,EBV_TCELL_2268683,HUMAN_MYELIN_115641,5,FYYIGTMLP,3,PGFGYGGRA,0,All manifest-contained 9-mer window combinations retained for sensitivity; not a predictor-selected register or a re-ranking score.
EBV_TCELL_2268683::HUMAN_MYELIN_115641,4,EBV_TCELL_2268683,HUMAN_MYELIN_115641,5,FYYIGTMLP,4,GFGYGGRAS,0,All manifest-contained 9-mer window combinations retained for sensitivity; not a predictor-selected register or a re-ranking score.
EBV_TCELL_2268683::HUMAN_MYELIN_115641,4,EBV_TCELL_2268683,HUMAN_MYELIN_115641,5,FYYIGTMLP,5,FGYGGRASD,5,All manifest-contained 9-mer window combinations retained for sensitivity; not a predictor-selected register or a re-ranking score.
EBV_TCELL_2268683::HUMAN_MYELIN_115641,4,EBV_TCELL_2268683,HUMAN_MYELIN_115641,5,FYYIGTMLP,6,GYGGRASDY,0,All manifest-contained 9-mer window combinations retained for sensitivity; not a predictor-selected register or a re-ranking score.
EBV_TCELL_2268683::HUMAN_MYELIN_115641,4,EBV_TCELL_2268683,HUMAN_MYELIN_115641,5,FYYIGTMLP,7,YGGRASDYK,0,All manifest-contained 9-mer window combinations retained for sensitivity; not a predictor-selected register or a re-ranking score.
EBV_TCELL_2268683::HUMAN_MYELIN_115641,4,EBV_TCELL_2268683,HUMAN_MYELIN_115641,5,FYYIGTMLP,8,GGRASDYKS,0,All manifest-contained 9-mer window combinations retained for sensitivity; not a predictor-selected register or a re-ranking score.
EBV_TCELL_2268683::HUMAN_MYELIN_115641,4,EBV_TCELL_2268683,HUMAN_MYELIN_115641,5,FYYIGTMLP,9,GRASDYKSA,0,All manifest-contained 9-mer window combinations retained for sensitivity; not a predictor-selected register or a re-ranking score.
EBV_TCELL_2268683::HUMAN_MYELIN_115641,4,EBV_TCELL_2268683,HUMAN_MYELIN_115641,5,FYYIGTMLP,10,RASDYKSAH,0,All manifest-contained 9-mer window combinations retained for sensitivity; not a predictor-selected register or a re-ranking score.
EBV_TCELL_2268683::HUMAN_MYELIN_115641,4,EBV_TCELL_2268683,HUMAN_MYELIN_115641,5,FYYIGTMLP,11,ASDYKSAHK,0,All manifest-contained 9-mer window combinations retained for sensitivity; not a predictor-selected register or a re-ranking score.
EBV_TCELL_2268683::HUMAN_MYELIN_115641,4,EBV_TCELL_2268683,HUMAN_MYELIN_115641,6,YYIGTMLPN,1,QRPGFGYGG,0,All manifest-contained 9-mer window combinations retained for sensitivity; not a predictor-selected register or a re-ranking score.
EBV_TCELL_2268683::HUMAN_MYELIN_115641,4,EBV_TCELL_2268683,HUMAN_MYELIN_115641,6,YYIGTMLPN,2,RPGFGYGGR,0,All manifest-contained 9-mer window combinations retained for sensitivity; not a predictor-selected register or a re-ranking score.
EBV_TCELL_2268683::HUMAN_MYELIN_115641,4,EBV_TCELL_2268683,HUMAN_MYELIN_115641,6,YYIGTMLPN,3,PGFGYGGRA,0,All manifest-contained 9-mer window combinations retained for sensitivity; not a predictor-selected register or a re-ranking score.
EBV_TCELL_2268683::HUMAN_MYELIN_115641,4,EBV_TCELL_2268683,HUMAN_MYELIN_115641,6,YYIGTMLPN,4,GFGYGGRAS,0,All manifest-contained 9-mer window combinations retained for sensitivity; not a predictor-selected register or a re-ranking score.
EBV_TCELL_2268683::HUMAN_MYELIN_115641,4,EBV_TCELL_2268683,HUMAN_MYELIN_115641,6,YYIGTMLPN,5,FGYGGRASD,0,All manifest-contained 9-mer window combinations retained for sensitivity; not a predictor-selected register or a re-ranking score.
EBV_TCELL_2268683::HUMAN_MYELIN_115641,4,EBV_TCELL_2268683,HUMAN_MYELIN_115641,6,YYIGTMLPN,6,GYGGRASDY,4,All manifest-contained 9-mer window combinations retained for sensitivity; not a predictor-selected register or a re-ranking score.
EBV_TCELL_2268683::HUMAN_MYELIN_115641,4,EBV_TCELL_2268683,HUMAN_MYELIN_115641,6,YYIGTMLPN,7,YGGRASDYK,0,All manifest-contained 9-mer window combinations retained for sensitivity; not a predictor-selected register or a re-ranking score.
EBV_TCELL_2268683::HUMAN_MYELIN_115641,4,EBV_TCELL_2268683,HUMAN_MYELIN_115641,6,YYIGTMLPN,8,GGRASDYKS,0,All manifest-contained 9-mer window combinations retained for sensitivity; not a predictor-selected register or a re-ranking score.
EBV_TCELL_2268683::HUMAN_MYELIN_115641,4,EBV_TCELL_2268683,HUMAN_MYELIN_115641,6,YYIGTMLPN,9,GRASDYKSA,0,All manifest-contained 9-mer window combinations retained for sensitivity; not a predictor-selected register or a re-ranking score.
EBV_TCELL_2268683::HUMAN_MYELIN_115641,4,EBV_TCELL_2268683,HUMAN_MYELIN_115641,6,YYIGTMLPN,10,RASDYKSAH,0,All manifest-contained 9-mer window combinations retained for sensitivity; not a predictor-selected register or a re-ranking score.
EBV_TCELL_2268683::HUMAN_MYELIN_115641,4,EBV_TCELL_2268683,HUMAN_MYELIN_115641,6,YYIGTMLPN,11,ASDYKSAHK,0,All manifest-contained 9-mer window combinations retained for sensitivity; not a predictor-selected register or a re-ranking score.
EBV_TCELL_63843::HUMAN_MYELIN_13573,5,EBV_TCELL_63843,HUMAN_MYELIN_13573,1,TGGVYHFVK,1,ENPVVHFFK,6,All manifest-contained 9-mer window combinations retained for sensitivity; not a predictor-selected register or a re-ranking score.
EBV_TCELL_63843::HUMAN_MYELIN_13573,5,EBV_TCELL_63843,HUMAN_MYELIN_13573,1,TGGVYHFVK,2,NPVVHFFKN,0,All manifest-contained 9-mer window combinations retained for sensitivity; not a predictor-selected register or a re-ranking score.
EBV_TCELL_63843::HUMAN_MYELIN_13573,5,EBV_TCELL_63843,HUMAN_MYELIN_13573,1,TGGVYHFVK,3,PVVHFFKNI,0,All manifest-contained 9-mer window combinations retained for sensitivity; not a predictor-selected register or a re-ranking score.
EBV_TCELL_63843::HUMAN_MYELIN_13573,5,EBV_TCELL_63843,HUMAN_MYELIN_13573,1,TGGVYHFVK,4,VVHFFKNIV,0,All manifest-contained 9-mer window combinations retained for sensitivity; not a predictor-selected register or a re-ranking score.
EBV_TCELL_63843::HUMAN_MYELIN_13573,5,EBV_TCELL_63843,HUMAN_MYELIN_13573,1,TGGVYHFVK,5,VHFFKNIVT,0,All manifest-contained 9-mer window combinations retained for sensitivity; not a predictor-selected register or a re-ranking score.
EBV_TCELL_63843::HUMAN_MYELIN_13573,5,EBV_TCELL_63843,HUMAN_MYELIN_13573,1,TGGVYHFVK,6,HFFKNIVTP,0,All manifest-contained 9-mer window combinations retained for sensitivity; not a predictor-selected register or a re-ranking score.
EBV_TCELL_63843::HUMAN_MYELIN_13573,5,EBV_TCELL_63843,HUMAN_MYELIN_13573,1,TGGVYHFVK,7,FFKNIVTPR,0,All manifest-contained 9-mer window combinations retained for sensitivity; not a predictor-selected register or a re-ranking score.
EBV_TCELL_63843::HUMAN_MYELIN_13573,5,EBV_TCELL_63843,HUMAN_MYELIN_13573,1,TGGVYHFVK,8,FKNIVTPRT,0,All manifest-contained 9-mer window combinations retained for sensitivity; not a predictor-selected register or a re-ranking score.
EBV_TCELL_63843::HUMAN_MYELIN_13573,5,EBV_TCELL_63843,HUMAN_MYELIN_13573,1,TGGVYHFVK,9,KNIVTPRTP,0,All manifest-contained 9-mer window combinations retained for sensitivity; not a predictor-selected register or a re-ranking score.
EBV_TCELL_63843::HUMAN_MYELIN_13573,5,EBV_TCELL_63843,HUMAN_MYELIN_13573,2,GGVYHFVKK,1,ENPVVHFFK,0,All manifest-contained 9-mer window combinations retained for sensitivity; not a predictor-selected register or a re-ranking score.
EBV_TCELL_63843::HUMAN_MYELIN_13573,5,EBV_TCELL_63843,HUMAN_MYELIN_13573,2,GGVYHFVKK,2,NPVVHFFKN,6,All manifest-contained 9-mer window combinations retained for sensitivity; not a predictor-selected register or a re-ranking score.
EBV_TCELL_63843::HUMAN_MYELIN_13573,5,EBV_TCELL_63843,HUMAN_MYELIN_13573,2,GGVYHFVKK,3,PVVHFFKNI,0,All manifest-contained 9-mer window combinations retained for sensitivity; not a predictor-selected register or a re-ranking score.
EBV_TCELL_63843::HUMAN_MYELIN_13573,5,EBV_TCELL_63843,HUMAN_MYELIN_13573,2,GGVYHFVKK,4,VVHFFKNIV,0,All manifest-contained 9-mer window combinations retained for sensitivity; not a predictor-selected register or a re-ranking score.
EBV_TCELL_63843::HUMAN_MYELIN_13573,5,EBV_TCELL_63843,HUMAN_MYELIN_13573,2,GGVYHFVKK,5,VHFFKNIVT,0,All manifest-contained 9-mer window combinations retained for sensitivity; not a predictor-selected register or a re-ranking score.
EBV_TCELL_63843::HUMAN_MYELIN_13573,5,EBV_TCELL_63843,HUMAN_MYELIN_13573,2,GGVYHFVKK,6,HFFKNIVTP,0,All manifest-contained 9-mer window combinations retained for sensitivity; not a predictor-selected register or a re-ranking score.
EBV_TCELL_63843::HUMAN_MYELIN_13573,5,EBV_TCELL_63843,HUMAN_MYELIN_13573,2,GGVYHFVKK,7,FFKNIVTPR,0,All manifest-contained 9-mer window combinations retained for sensitivity; not a predictor-selected register or a re-ranking score.
EBV_TCELL_63843::HUMAN_MYELIN_13573,5,EBV_TCELL_63843,HUMAN_MYELIN_13573,2,GGVYHFVKK,8,FKNIVTPRT,0,All manifest-contained 9-mer window combinations retained for sensitivity; not a predictor-selected register or a re-ranking score.
EBV_TCELL_63843::HUMAN_MYELIN_13573,5,EBV_TCELL_63843,HUMAN_MYELIN_13573,2,GGVYHFVKK,9,KNIVTPRTP,0,All manifest-contained 9-mer window combinations retained for sensitivity; not a predictor-selected register or a re-ranking score.
EBV_TCELL_63843::HUMAN_MYELIN_13573,5,EBV_TCELL_63843,HUMAN_MYELIN_13573,3,GVYHFVKKH,1,ENPVVHFFK,0,All manifest-contained 9-mer window combinations retained for sensitivity; not a predictor-selected register or a re-ranking score.
EBV_TCELL_63843::HUMAN_MYELIN_13573,5,EBV_TCELL_63843,HUMAN_MYELIN_13573,3,GVYHFVKKH,2,NPVVHFFKN,0,All manifest-contained 9-mer window combinations retained for sensitivity; not a predictor-selected register or a re-ranking score.
EBV_TCELL_63843::HUMAN_MYELIN_13573,5,EBV_TCELL_63843,HUMAN_MYELIN_13573,3,GVYHFVKKH,3,PVVHFFKNI,6,All manifest-contained 9-mer window combinations retained for sensitivity; not a predictor-selected register or a re-ranking score.
EBV_TCELL_63843::HUMAN_MYELIN_13573,5,EBV_TCELL_63843,HUMAN_MYELIN_13573,3,GVYHFVKKH,4,VVHFFKNIV,0,All manifest-contained 9-mer window combinations retained for sensitivity; not a predictor-selected register or a re-ranking score.
EBV_TCELL_63843::HUMAN_MYELIN_13573,5,EBV_TCELL_63843,HUMAN_MYELIN_13573,3,GVYHFVKKH,5,VHFFKNIVT,0,All manifest-contained 9-mer window combinations retained for sensitivity; not a predictor-selected register or a re-ranking score.
EBV_TCELL_63843::HUMAN_MYELIN_13573,5,EBV_TCELL_63843,HUMAN_MYELIN_13573,3,GVYHFVKKH,6,HFFKNIVTP,0,All manifest-contained 9-mer window combinations retained for sensitivity; not a predictor-selected register or a re-ranking score.
EBV_TCELL_63843::HUMAN_MYELIN_13573,5,EBV_TCELL_63843,HUMAN_MYELIN_13573,3,GVYHFVKKH,7,FFKNIVTPR,0,All manifest-contained 9-mer window combinations retained for sensitivity; not a predictor-selected register or a re-ranking score.
EBV_TCELL_63843::HUMAN_MYELIN_13573,5,EBV_TCELL_63843,HUMAN_MYELIN_13573,3,GVYHFVKKH,8,FKNIVTPRT,0,All manifest-contained 9-mer window combinations retained for sensitivity; not a predictor-selected register or a re-ranking score.
EBV_TCELL_63843::HUMAN_MYELIN_13573,5,EBV_TCELL_63843,HUMAN_MYELIN_13573,3,GVYHFVKKH,9,KNIVTPRTP,0,All manifest-contained 9-mer window combinations retained for sensitivity; not a predictor-selected register or a re-ranking score.
EBV_TCELL_63843::HUMAN_MYELIN_13573,5,EBV_TCELL_63843,HUMAN_MYELIN_13573,4,VYHFVKKHV,1,ENPVVHFFK,0,All manifest-contained 9-mer window combinations retained for sensitivity; not a predictor-selected register or a re-ranking score.
EBV_TCELL_63843::HUMAN_MYELIN_13573,5,EBV_TCELL_63843,HUMAN_MYELIN_13573,4,VYHFVKKHV,2,NPVVHFFKN,0,All manifest-contained 9-mer window combinations retained for sensitivity; not a predictor-selected register or a re-ranking score.
EBV_TCELL_63843::HUMAN_MYELIN_13573,5,EBV_TCELL_63843,HUMAN_MYELIN_13573,4,VYHFVKKHV,3,PVVHFFKNI,0,All manifest-contained 9-mer window combinations retained for sensitivity; not a predictor-selected register or a re-ranking score.
EBV_TCELL_63843::HUMAN_MYELIN_13573,5,EBV_TCELL_63843,HUMAN_MYELIN_13573,4,VYHFVKKHV,4,VVHFFKNIV,6,All manifest-contained 9-mer window combinations retained for sensitivity; not a predictor-selected register or a re-ranking score.
EBV_TCELL_63843::HUMAN_MYELIN_13573,5,EBV_TCELL_63843,HUMAN_MYELIN_13573,4,VYHFVKKHV,5,VHFFKNIVT,0,All manifest-contained 9-mer window combinations retained for sensitivity; not a predictor-selected register or a re-ranking score.
EBV_TCELL_63843::HUMAN_MYELIN_13573,5,EBV_TCELL_63843,HUMAN_MYELIN_13573,4,VYHFVKKHV,6,HFFKNIVTP,0,All manifest-contained 9-mer window combinations retained for sensitivity; not a predictor-selected register or a re-ranking score.
EBV_TCELL_63843::HUMAN_MYELIN_13573,5,EBV_TCELL_63843,HUMAN_MYELIN_13573,4,VYHFVKKHV,7,FFKNIVTPR,0,All manifest-contained 9-mer window combinations retained for sensitivity; not a predictor-selected register or a re-ranking score.
EBV_TCELL_63843::HUMAN_MYELIN_13573,5,EBV_TCELL_63843,HUMAN_MYELIN_13573,4,VYHFVKKHV,8,FKNIVTPRT,0,All manifest-contained 9-mer window combinations retained for sensitivity; not a predictor-selected register or a re-ranking score.
EBV_TCELL_63843::HUMAN_MYELIN_13573,5,EBV_TCELL_63843,HUMAN_MYELIN_13573,4,VYHFVKKHV,9,KNIVTPRTP,0,All manifest-contained 9-mer window combinations retained for sensitivity; not a predictor-selected register or a re-ranking score.
EBV_TCELL_63843::HUMAN_MYELIN_13573,5,EBV_TCELL_63843,HUMAN_MYELIN_13573,5,YHFVKKHVH,1,ENPVVHFFK,0,All manifest-contained 9-mer window combinations retained for sensitivity; not a predictor-selected register or a re-ranking score.
EBV_TCELL_63843::HUMAN_MYELIN_13573,5,EBV_TCELL_63843,HUMAN_MYELIN_13573,5,YHFVKKHVH,2,NPVVHFFKN,0,All manifest-contained 9-mer window combinations retained for sensitivity; not a predictor-selected register or a re-ranking score.
EBV_TCELL_63843::HUMAN_MYELIN_13573,5,EBV_TCELL_63843,HUMAN_MYELIN_13573,5,YHFVKKHVH,3,PVVHFFKNI,0,All manifest-contained 9-mer window combinations retained for sensitivity; not a predictor-selected register or a re-ranking score.
EBV_TCELL_63843::HUMAN_MYELIN_13573,5,EBV_TCELL_63843,HUMAN_MYELIN_13573,5,YHFVKKHVH,4,VVHFFKNIV,0,All manifest-contained 9-mer window combinations retained for sensitivity; not a predictor-selected register or a re-ranking score.
EBV_TCELL_63843::HUMAN_MYELIN_13573,5,EBV_TCELL_63843,HUMAN_MYELIN_13573,5,YHFVKKHVH,5,VHFFKNIVT,5,All manifest-contained 9-mer window combinations retained for sensitivity; not a predictor-selected register or a re-ranking score.
EBV_TCELL_63843::HUMAN_MYELIN_13573,5,EBV_TCELL_63843,HUMAN_MYELIN_13573,5,YHFVKKHVH,6,HFFKNIVTP,0,All manifest-contained 9-mer window combinations retained for sensitivity; not a predictor-selected register or a re-ranking score.
EBV_TCELL_63843::HUMAN_MYELIN_13573,5,EBV_TCELL_63843,HUMAN_MYELIN_13573,5,YHFVKKHVH,7,FFKNIVTPR,0,All manifest-contained 9-mer window combinations retained for sensitivity; not a predictor-selected register or a re-ranking score.
EBV_TCELL_63843::HUMAN_MYELIN_13573,5,EBV_TCELL_63843,HUMAN_MYELIN_13573,5,YHFVKKHVH,8,FKNIVTPRT,0,All manifest-contained 9-mer window combinations retained for sensitivity; not a predictor-selected register or a re-ranking score.
EBV_TCELL_63843::HUMAN_MYELIN_13573,5,EBV_TCELL_63843,HUMAN_MYELIN_13573,5,YHFVKKHVH,9,KNIVTPRTP,0,All manifest-contained 9-mer window combinations retained for sensitivity; not a predictor-selected register or a re-ranking score.
EBV_TCELL_63843::HUMAN_MYELIN_13573,5,EBV_TCELL_63843,HUMAN_MYELIN_13573,6,HFVKKHVHE,1,ENPVVHFFK,0,All manifest-contained 9-mer window combinations retained for sensitivity; not a predictor-selected register or a re-ranking score.
EBV_TCELL_63843::HUMAN_MYELIN_13573,5,EBV_TCELL_63843,HUMAN_MYELIN_13573,6,HFVKKHVHE,2,NPVVHFFKN,0,All manifest-contained 9-mer window combinations retained for sensitivity; not a predictor-selected register or a re-ranking score.
EBV_TCELL_63843::HUMAN_MYELIN_13573,5,EBV_TCELL_63843,HUMAN_MYELIN_13573,6,HFVKKHVHE,3,PVVHFFKNI,0,All manifest-contained 9-mer window combinations retained for sensitivity; not a predictor-selected register or a re-ranking score.
EBV_TCELL_63843::HUMAN_MYELIN_13573,5,EBV_TCELL_63843,HUMAN_MYELIN_13573,6,HFVKKHVHE,4,VVHFFKNIV,0,All manifest-contained 9-mer window combinations retained for sensitivity; not a predictor-selected register or a re-ranking score.
EBV_TCELL_63843::HUMAN_MYELIN_13573,5,EBV_TCELL_63843,HUMAN_MYELIN_13573,6,HFVKKHVHE,5,VHFFKNIVT,0,All manifest-contained 9-mer window combinations retained for sensitivity; not a predictor-selected register or a re-ranking score.
EBV_TCELL_63843::HUMAN_MYELIN_13573,5,EBV_TCELL_63843,HUMAN_MYELIN_13573,6,HFVKKHVHE,6,HFFKNIVTP,4,All manifest-contained 9-mer window combinations retained for sensitivity; not a predictor-selected register or a re-ranking score.
EBV_TCELL_63843::HUMAN_MYELIN_13573,5,EBV_TCELL_63843,HUMAN_MYELIN_13573,6,HFVKKHVHE,7,FFKNIVTPR,0,All manifest-contained 9-mer window combinations retained for sensitivity; not a predictor-selected register or a re-ranking score.
EBV_TCELL_63843::HUMAN_MYELIN_13573,5,EBV_TCELL_63843,HUMAN_MYELIN_13573,6,HFVKKHVHE,8,FKNIVTPRT,0,All manifest-contained 9-mer window combinations retained for sensitivity; not a predictor-selected register or a re-ranking score.
EBV_TCELL_63843::HUMAN_MYELIN_13573,5,EBV_TCELL_63843,HUMAN_MYELIN_13573,6,HFVKKHVHE,9,KNIVTPRTP,0,All manifest-contained 9-mer window combinations retained for sensitivity; not a predictor-selected register or a re-ranking score.
EBV_TCELL_63843::HUMAN_MYELIN_13573,5,EBV_TCELL_63843,HUMAN_MYELIN_13573,7,FVKKHVHES,1,ENPVVHFFK,0,All manifest-contained 9-mer window combinations retained for sensitivity; not a predictor-selected register or a re-ranking score.
EBV_TCELL_63843::HUMAN_MYELIN_13573,5,EBV_TCELL_63843,HUMAN_MYELIN_13573,7,FVKKHVHES,2,NPVVHFFKN,0,All manifest-contained 9-mer window combinations retained for sensitivity; not a predictor-selected register or a re-ranking score.
EBV_TCELL_63843::HUMAN_MYELIN_13573,5,EBV_TCELL_63843,HUMAN_MYELIN_13573,7,FVKKHVHES,3,PVVHFFKNI,0,All manifest-contained 9-mer window combinations retained for sensitivity; not a predictor-selected register or a re-ranking score.
EBV_TCELL_63843::HUMAN_MYELIN_13573,5,EBV_TCELL_63843,HUMAN_MYELIN_13573,7,FVKKHVHES,4,VVHFFKNIV,0,All manifest-contained 9-mer window combinations retained for sensitivity; not a predictor-selected register or a re-ranking score.
EBV_TCELL_63843::HUMAN_MYELIN_13573,5,EBV_TCELL_63843,HUMAN_MYELIN_13573,7,FVKKHVHES,5,VHFFKNIVT,0,All manifest-contained 9-mer window combinations retained for sensitivity; not a predictor-selected register or a re-ranking score.
EBV_TCELL_63843::HUMAN_MYELIN_13573,5,EBV_TCELL_63843,HUMAN_MYELIN_13573,7,FVKKHVHES,6,HFFKNIVTP,0,All manifest-contained 9-mer window combinations retained for sensitivity; not a predictor-selected register or a re-ranking score.
EBV_TCELL_63843::HUMAN_MYELIN_13573,5,EBV_TCELL_63843,HUMAN_MYELIN_13573,7,FVKKHVHES,7,FFKNIVTPR,3,All manifest-contained 9-mer window combinations retained for sensitivity; not a predictor-selected register or a re-ranking score.
EBV_TCELL_63843::HUMAN_MYELIN_13573,5,EBV_TCELL_63843,HUMAN_MYELIN_13573,7,FVKKHVHES,8,FKNIVTPRT,0,All manifest-contained 9-mer window combinations retained for sensitivity; not a predictor-selected register or a re-ranking score.
EBV_TCELL_63843::HUMAN_MYELIN_13573,5,EBV_TCELL_63843,HUMAN_MYELIN_13573,7,FVKKHVHES,9,KNIVTPRTP,0,All manifest-contained 9-mer window combinations retained for sensitivity; not a predictor-selected register or a re-ranking score.
EBV_TCELL_63843::HUMAN_MYELIN_111192,6,EBV_TCELL_63843,HUMAN_MYELIN_111192,1,TGGVYHFVK,1,DENPVVHFF,0,All manifest-contained 9-mer window combinations retained for sensitivity; not a predictor-selected register or a re-ranking score.
EBV_TCELL_63843::HUMAN_MYELIN_111192,6,EBV_TCELL_63843,HUMAN_MYELIN_111192,1,TGGVYHFVK,2,ENPVVHFFK,6,All manifest-contained 9-mer window combinations retained for sensitivity; not a predictor-selected register or a re-ranking score.
EBV_TCELL_63843::HUMAN_MYELIN_111192,6,EBV_TCELL_63843,HUMAN_MYELIN_111192,1,TGGVYHFVK,3,NPVVHFFKN,0,All manifest-contained 9-mer window combinations retained for sensitivity; not a predictor-selected register or a re-ranking score.
EBV_TCELL_63843::HUMAN_MYELIN_111192,6,EBV_TCELL_63843,HUMAN_MYELIN_111192,1,TGGVYHFVK,4,PVVHFFKNI,0,All manifest-contained 9-mer window combinations retained for sensitivity; not a predictor-selected register or a re-ranking score.
EBV_TCELL_63843::HUMAN_MYELIN_111192,6,EBV_TCELL_63843,HUMAN_MYELIN_111192,1,TGGVYHFVK,5,VVHFFKNIV,0,All manifest-contained 9-mer window combinations retained for sensitivity; not a predictor-selected register or a re-ranking score.
EBV_TCELL_63843::HUMAN_MYELIN_111192,6,EBV_TCELL_63843,HUMAN_MYELIN_111192,1,TGGVYHFVK,6,VHFFKNIVT,0,All manifest-contained 9-mer window combinations retained for sensitivity; not a predictor-selected register or a re-ranking score.
EBV_TCELL_63843::HUMAN_MYELIN_111192,6,EBV_TCELL_63843,HUMAN_MYELIN_111192,1,TGGVYHFVK,7,HFFKNIVTP,0,All manifest-contained 9-mer window combinations retained for sensitivity; not a predictor-selected register or a re-ranking score.
EBV_TCELL_63843::HUMAN_MYELIN_111192,6,EBV_TCELL_63843,HUMAN_MYELIN_111192,1,TGGVYHFVK,8,FFKNIVTPR,0,All manifest-contained 9-mer window combinations retained for sensitivity; not a predictor-selected register or a re-ranking score.
EBV_TCELL_63843::HUMAN_MYELIN_111192,6,EBV_TCELL_63843,HUMAN_MYELIN_111192,1,TGGVYHFVK,9,FKNIVTPRT,0,All manifest-contained 9-mer window combinations retained for sensitivity; not a predictor-selected register or a re-ranking score.
EBV_TCELL_63843::HUMAN_MYELIN_111192,6,EBV_TCELL_63843,HUMAN_MYELIN_111192,1,TGGVYHFVK,10,KNIVTPRTP,0,All manifest-contained 9-mer window combinations retained for sensitivity; not a predictor-selected register or a re-ranking score.
EBV_TCELL_63843::HUMAN_MYELIN_111192,6,EBV_TCELL_63843,HUMAN_MYELIN_111192,1,TGGVYHFVK,11,NIVTPRTPP,0,All manifest-contained 9-mer window combinations retained for sensitivity; not a predictor-selected register or a re-ranking score.
EBV_TCELL_63843::HUMAN_MYELIN_111192,6,EBV_TCELL_63843,HUMAN_MYELIN_111192,2,GGVYHFVKK,1,DENPVVHFF,0,All manifest-contained 9-mer window combinations retained for sensitivity; not a predictor-selected register or a re-ranking score.
EBV_TCELL_63843::HUMAN_MYELIN_111192,6,EBV_TCELL_63843,HUMAN_MYELIN_111192,2,GGVYHFVKK,2,ENPVVHFFK,0,All manifest-contained 9-mer window combinations retained for sensitivity; not a predictor-selected register or a re-ranking score.
EBV_TCELL_63843::HUMAN_MYELIN_111192,6,EBV_TCELL_63843,HUMAN_MYELIN_111192,2,GGVYHFVKK,3,NPVVHFFKN,6,All manifest-contained 9-mer window combinations retained for sensitivity; not a predictor-selected register or a re-ranking score.
EBV_TCELL_63843::HUMAN_MYELIN_111192,6,EBV_TCELL_63843,HUMAN_MYELIN_111192,2,GGVYHFVKK,4,PVVHFFKNI,0,All manifest-contained 9-mer window combinations retained for sensitivity; not a predictor-selected register or a re-ranking score.
EBV_TCELL_63843::HUMAN_MYELIN_111192,6,EBV_TCELL_63843,HUMAN_MYELIN_111192,2,GGVYHFVKK,5,VVHFFKNIV,0,All manifest-contained 9-mer window combinations retained for sensitivity; not a predictor-selected register or a re-ranking score.
EBV_TCELL_63843::HUMAN_MYELIN_111192,6,EBV_TCELL_63843,HUMAN_MYELIN_111192,2,GGVYHFVKK,6,VHFFKNIVT,0,All manifest-contained 9-mer window combinations retained for sensitivity; not a predictor-selected register or a re-ranking score.
EBV_TCELL_63843::HUMAN_MYELIN_111192,6,EBV_TCELL_63843,HUMAN_MYELIN_111192,2,GGVYHFVKK,7,HFFKNIVTP,0,All manifest-contained 9-mer window combinations retained for sensitivity; not a predictor-selected register or a re-ranking score.
EBV_TCELL_63843::HUMAN_MYELIN_111192,6,EBV_TCELL_63843,HUMAN_MYELIN_111192,2,GGVYHFVKK,8,FFKNIVTPR,0,All manifest-contained 9-mer window combinations retained for sensitivity; not a predictor-selected register or a re-ranking score.
EBV_TCELL_63843::HUMAN_MYELIN_111192,6,EBV_TCELL_63843,HUMAN_MYELIN_111192,2,GGVYHFVKK,9,FKNIVTPRT,0,All manifest-contained 9-mer window combinations retained for sensitivity; not a predictor-selected register or a re-ranking score.
EBV_TCELL_63843::HUMAN_MYELIN_111192,6,EBV_TCELL_63843,HUMAN_MYELIN_111192,2,GGVYHFVKK,10,KNIVTPRTP,0,All manifest-contained 9-mer window combinations retained for sensitivity; not a predictor-selected register or a re-ranking score.
EBV_TCELL_63843::HUMAN_MYELIN_111192,6,EBV_TCELL_63843,HUMAN_MYELIN_111192,2,GGVYHFVKK,11,NIVTPRTPP,0,All manifest-contained 9-mer window combinations retained for sensitivity; not a predictor-selected register or a re-ranking score.
EBV_TCELL_63843::HUMAN_MYELIN_111192,6,EBV_TCELL_63843,HUMAN_MYELIN_111192,3,GVYHFVKKH,1,DENPVVHFF,0,All manifest-contained 9-mer window combinations retained for sensitivity; not a predictor-selected register or a re-ranking score.
EBV_TCELL_63843::HUMAN_MYELIN_111192,6,EBV_TCELL_63843,HUMAN_MYELIN_111192,3,GVYHFVKKH,2,ENPVVHFFK,0,All manifest-contained 9-mer window combinations retained for sensitivity; not a predictor-selected register or a re-ranking score.
EBV_TCELL_63843::HUMAN_MYELIN_111192,6,EBV_TCELL_63843,HUMAN_MYELIN_111192,3,GVYHFVKKH,3,NPVVHFFKN,0,All manifest-contained 9-mer window combinations retained for sensitivity; not a predictor-selected register or a re-ranking score.
EBV_TCELL_63843::HUMAN_MYELIN_111192,6,EBV_TCELL_63843,HUMAN_MYELIN_111192,3,GVYHFVKKH,4,PVVHFFKNI,6,All manifest-contained 9-mer window combinations retained for sensitivity; not a predictor-selected register or a re-ranking score.
EBV_TCELL_63843::HUMAN_MYELIN_111192,6,EBV_TCELL_63843,HUMAN_MYELIN_111192,3,GVYHFVKKH,5,VVHFFKNIV,0,All manifest-contained 9-mer window combinations retained for sensitivity; not a predictor-selected register or a re-ranking score.
EBV_TCELL_63843::HUMAN_MYELIN_111192,6,EBV_TCELL_63843,HUMAN_MYELIN_111192,3,GVYHFVKKH,6,VHFFKNIVT,0,All manifest-contained 9-mer window combinations retained for sensitivity; not a predictor-selected register or a re-ranking score.
EBV_TCELL_63843::HUMAN_MYELIN_111192,6,EBV_TCELL_63843,HUMAN_MYELIN_111192,3,GVYHFVKKH,7,HFFKNIVTP,0,All manifest-contained 9-mer window combinations retained for sensitivity; not a predictor-selected register or a re-ranking score.
EBV_TCELL_63843::HUMAN_MYELIN_111192,6,EBV_TCELL_63843,HUMAN_MYELIN_111192,3,GVYHFVKKH,8,FFKNIVTPR,0,All manifest-contained 9-mer window combinations retained for sensitivity; not a predictor-selected register or a re-ranking score.
EBV_TCELL_63843::HUMAN_MYELIN_111192,6,EBV_TCELL_63843,HUMAN_MYELIN_111192,3,GVYHFVKKH,9,FKNIVTPRT,0,All manifest-contained 9-mer window combinations retained for sensitivity; not a predictor-selected register or a re-ranking score.
EBV_TCELL_63843::HUMAN_MYELIN_111192,6,EBV_TCELL_63843,HUMAN_MYELIN_111192,3,GVYHFVKKH,10,KNIVTPRTP,0,All manifest-contained 9-mer window combinations retained for sensitivity; not a predictor-selected register or a re-ranking score.
EBV_TCELL_63843::HUMAN_MYELIN_111192,6,EBV_TCELL_63843,HUMAN_MYELIN_111192,3,GVYHFVKKH,11,NIVTPRTPP,0,All manifest-contained 9-mer window combinations retained for sensitivity; not a predictor-selected register or a re-ranking score.
EBV_TCELL_63843::HUMAN_MYELIN_111192,6,EBV_TCELL_63843,HUMAN_MYELIN_111192,4,VYHFVKKHV,1,DENPVVHFF,0,All manifest-contained 9-mer window combinations retained for sensitivity; not a predictor-selected register or a re-ranking score.
EBV_TCELL_63843::HUMAN_MYELIN_111192,6,EBV_TCELL_63843,HUMAN_MYELIN_111192,4,VYHFVKKHV,2,ENPVVHFFK,0,All manifest-contained 9-mer window combinations retained for sensitivity; not a predictor-selected register or a re-ranking score.
EBV_TCELL_63843::HUMAN_MYELIN_111192,6,EBV_TCELL_63843,HUMAN_MYELIN_111192,4,VYHFVKKHV,3,NPVVHFFKN,0,All manifest-contained 9-mer window combinations retained for sensitivity; not a predictor-selected register or a re-ranking score.
EBV_TCELL_63843::HUMAN_MYELIN_111192,6,EBV_TCELL_63843,HUMAN_MYELIN_111192,4,VYHFVKKHV,4,PVVHFFKNI,0,All manifest-contained 9-mer window combinations retained for sensitivity; not a predictor-selected register or a re-ranking score.
EBV_TCELL_63843::HUMAN_MYELIN_111192,6,EBV_TCELL_63843,HUMAN_MYELIN_111192,4,VYHFVKKHV,5,VVHFFKNIV,6,All manifest-contained 9-mer window combinations retained for sensitivity; not a predictor-selected register or a re-ranking score.
EBV_TCELL_63843::HUMAN_MYELIN_111192,6,EBV_TCELL_63843,HUMAN_MYELIN_111192,4,VYHFVKKHV,6,VHFFKNIVT,0,All manifest-contained 9-mer window combinations retained for sensitivity; not a predictor-selected register or a re-ranking score.
EBV_TCELL_63843::HUMAN_MYELIN_111192,6,EBV_TCELL_63843,HUMAN_MYELIN_111192,4,VYHFVKKHV,7,HFFKNIVTP,0,All manifest-contained 9-mer window combinations retained for sensitivity; not a predictor-selected register or a re-ranking score.
EBV_TCELL_63843::HUMAN_MYELIN_111192,6,EBV_TCELL_63843,HUMAN_MYELIN_111192,4,VYHFVKKHV,8,FFKNIVTPR,0,All manifest-contained 9-mer window combinations retained for sensitivity; not a predictor-selected register or a re-ranking score.
EBV_TCELL_63843::HUMAN_MYELIN_111192,6,EBV_TCELL_63843,HUMAN_MYELIN_111192,4,VYHFVKKHV,9,FKNIVTPRT,0,All manifest-contained 9-mer window combinations retained for sensitivity; not a predictor-selected register or a re-ranking score.
EBV_TCELL_63843::HUMAN_MYELIN_111192,6,EBV_TCELL_63843,HUMAN_MYELIN_111192,4,VYHFVKKHV,10,KNIVTPRTP,0,All manifest-contained 9-mer window combinations retained for sensitivity; not a predictor-selected register or a re-ranking score.
EBV_TCELL_63843::HUMAN_MYELIN_111192,6,EBV_TCELL_63843,HUMAN_MYELIN_111192,4,VYHFVKKHV,11,NIVTPRTPP,0,All manifest-contained 9-mer window combinations retained for sensitivity; not a predictor-selected register or a re-ranking score.
EBV_TCELL_63843::HUMAN_MYELIN_111192,6,EBV_TCELL_63843,HUMAN_MYELIN_111192,5,YHFVKKHVH,1,DENPVVHFF,0,All manifest-contained 9-mer window combinations retained for sensitivity; not a predictor-selected register or a re-ranking score.
EBV_TCELL_63843::HUMAN_MYELIN_111192,6,EBV_TCELL_63843,HUMAN_MYELIN_111192,5,YHFVKKHVH,2,ENPVVHFFK,0,All manifest-contained 9-mer window combinations retained for sensitivity; not a predictor-selected register or a re-ranking score.
EBV_TCELL_63843::HUMAN_MYELIN_111192,6,EBV_TCELL_63843,HUMAN_MYELIN_111192,5,YHFVKKHVH,3,NPVVHFFKN,0,All manifest-contained 9-mer window combinations retained for sensitivity; not a predictor-selected register or a re-ranking score.
EBV_TCELL_63843::HUMAN_MYELIN_111192,6,EBV_TCELL_63843,HUMAN_MYELIN_111192,5,YHFVKKHVH,4,PVVHFFKNI,0,All manifest-contained 9-mer window combinations retained for sensitivity; not a predictor-selected register or a re-ranking score.
EBV_TCELL_63843::HUMAN_MYELIN_111192,6,EBV_TCELL_63843,HUMAN_MYELIN_111192,5,YHFVKKHVH,5,VVHFFKNIV,0,All manifest-contained 9-mer window combinations retained for sensitivity; not a predictor-selected register or a re-ranking score.
EBV_TCELL_63843::HUMAN_MYELIN_111192,6,EBV_TCELL_63843,HUMAN_MYELIN_111192,5,YHFVKKHVH,6,VHFFKNIVT,5,All manifest-contained 9-mer window combinations retained for sensitivity; not a predictor-selected register or a re-ranking score.
EBV_TCELL_63843::HUMAN_MYELIN_111192,6,EBV_TCELL_63843,HUMAN_MYELIN_111192,5,YHFVKKHVH,7,HFFKNIVTP,0,All manifest-contained 9-mer window combinations retained for sensitivity; not a predictor-selected register or a re-ranking score.
EBV_TCELL_63843::HUMAN_MYELIN_111192,6,EBV_TCELL_63843,HUMAN_MYELIN_111192,5,YHFVKKHVH,8,FFKNIVTPR,0,All manifest-contained 9-mer window combinations retained for sensitivity; not a predictor-selected register or a re-ranking score.
EBV_TCELL_63843::HUMAN_MYELIN_111192,6,EBV_TCELL_63843,HUMAN_MYELIN_111192,5,YHFVKKHVH,9,FKNIVTPRT,0,All manifest-contained 9-mer window combinations retained for sensitivity; not a predictor-selected register or a re-ranking score.
EBV_TCELL_63843::HUMAN_MYELIN_111192,6,EBV_TCELL_63843,HUMAN_MYELIN_111192,5,YHFVKKHVH,10,KNIVTPRTP,0,All manifest-contained 9-mer window combinations retained for sensitivity; not a predictor-selected register or a re-ranking score.
EBV_TCELL_63843::HUMAN_MYELIN_111192,6,EBV_TCELL_63843,HUMAN_MYELIN_111192,5,YHFVKKHVH,11,NIVTPRTPP,0,All manifest-contained 9-mer window combinations retained for sensitivity; not a predictor-selected register or a re-ranking score.
EBV_TCELL_63843::HUMAN_MYELIN_111192,6,EBV_TCELL_63843,HUMAN_MYELIN_111192,6,HFVKKHVHE,1,DENPVVHFF,0,All manifest-contained 9-mer window combinations retained for sensitivity; not a predictor-selected register or a re-ranking score.
EBV_TCELL_63843::HUMAN_MYELIN_111192,6,EBV_TCELL_63843,HUMAN_MYELIN_111192,6,HFVKKHVHE,2,ENPVVHFFK,0,All manifest-contained 9-mer window combinations retained for sensitivity; not a predictor-selected register or a re-ranking score.
EBV_TCELL_63843::HUMAN_MYELIN_111192,6,EBV_TCELL_63843,HUMAN_MYELIN_111192,6,HFVKKHVHE,3,NPVVHFFKN,0,All manifest-contained 9-mer window combinations retained for sensitivity; not a predictor-selected register or a re-ranking score.
EBV_TCELL_63843::HUMAN_MYELIN_111192,6,EBV_TCELL_63843,HUMAN_MYELIN_111192,6,HFVKKHVHE,4,PVVHFFKNI,0,All manifest-contained 9-mer window combinations retained for sensitivity; not a predictor-selected register or a re-ranking score.
EBV_TCELL_63843::HUMAN_MYELIN_111192,6,EBV_TCELL_63843,HUMAN_MYELIN_111192,6,HFVKKHVHE,5,VVHFFKNIV,0,All manifest-contained 9-mer window combinations retained for sensitivity; not a predictor-selected register or a re-ranking score.
EBV_TCELL_63843::HUMAN_MYELIN_111192,6,EBV_TCELL_63843,HUMAN_MYELIN_111192,6,HFVKKHVHE,6,VHFFKNIVT,0,All manifest-contained 9-mer window combinations retained for sensitivity; not a predictor-selected register or a re-ranking score.
EBV_TCELL_63843::HUMAN_MYELIN_111192,6,EBV_TCELL_63843,HUMAN_MYELIN_111192,6,HFVKKHVHE,7,HFFKNIVTP,4,All manifest-contained 9-mer window combinations retained for sensitivity; not a predictor-selected register or a re-ranking score.
EBV_TCELL_63843::HUMAN_MYELIN_111192,6,EBV_TCELL_63843,HUMAN_MYELIN_111192,6,HFVKKHVHE,8,FFKNIVTPR,0,All manifest-contained 9-mer window combinations retained for sensitivity; not a predictor-selected register or a re-ranking score.
EBV_TCELL_63843::HUMAN_MYELIN_111192,6,EBV_TCELL_63843,HUMAN_MYELIN_111192,6,HFVKKHVHE,9,FKNIVTPRT,0,All manifest-contained 9-mer window combinations retained for sensitivity; not a predictor-selected register or a re-ranking score.
EBV_TCELL_63843::HUMAN_MYELIN_111192,6,EBV_TCELL_63843,HUMAN_MYELIN_111192,6,HFVKKHVHE,10,KNIVTPRTP,0,All manifest-contained 9-mer window combinations retained for sensitivity; not a predictor-selected register or a re-ranking score.
EBV_TCELL_63843::HUMAN_MYELIN_111192,6,EBV_TCELL_63843,HUMAN_MYELIN_111192,6,HFVKKHVHE,11,NIVTPRTPP,0,All manifest-contained 9-mer window combinations retained for sensitivity; not a predictor-selected register or a re-ranking score.
EBV_TCELL_63843::HUMAN_MYELIN_111192,6,EBV_TCELL_63843,HUMAN_MYELIN_111192,7,FVKKHVHES,1,DENPVVHFF,0,All manifest-contained 9-mer window combinations retained for sensitivity; not a predictor-selected register or a re-ranking score.
EBV_TCELL_63843::HUMAN_MYELIN_111192,6,EBV_TCELL_63843,HUMAN_MYELIN_111192,7,FVKKHVHES,2,ENPVVHFFK,0,All manifest-contained 9-mer window combinations retained for sensitivity; not a predictor-selected register or a re-ranking score.
EBV_TCELL_63843::HUMAN_MYELIN_111192,6,EBV_TCELL_63843,HUMAN_MYELIN_111192,7,FVKKHVHES,3,NPVVHFFKN,0,All manifest-contained 9-mer window combinations retained for sensitivity; not a predictor-selected register or a re-ranking score.
EBV_TCELL_63843::HUMAN_MYELIN_111192,6,EBV_TCELL_63843,HUMAN_MYELIN_111192,7,FVKKHVHES,4,PVVHFFKNI,0,All manifest-contained 9-mer window combinations retained for sensitivity; not a predictor-selected register or a re-ranking score.
EBV_TCELL_63843::HUMAN_MYELIN_111192,6,EBV_TCELL_63843,HUMAN_MYELIN_111192,7,FVKKHVHES,5,VVHFFKNIV,0,All manifest-contained 9-mer window combinations retained for sensitivity; not a predictor-selected register or a re-ranking score.
EBV_TCELL_63843::HUMAN_MYELIN_111192,6,EBV_TCELL_63843,HUMAN_MYELIN_111192,7,FVKKHVHES,6,VHFFKNIVT,0,All manifest-contained 9-mer window combinations retained for sensitivity; not a predictor-selected register or a re-ranking score.
EBV_TCELL_63843::HUMAN_MYELIN_111192,6,EBV_TCELL_63843,HUMAN_MYELIN_111192,7,FVKKHVHES,7,HFFKNIVTP,0,All manifest-contained 9-mer window combinations retained for sensitivity; not a predictor-selected register or a re-ranking score.
EBV_TCELL_63843::HUMAN_MYELIN_111192,6,EBV_TCELL_63843,HUMAN_MYELIN_111192,7,FVKKHVHES,8,FFKNIVTPR,3,All manifest-contained 9-mer window combinations retained for sensitivity; not a predictor-selected register or a re-ranking score.
EBV_TCELL_63843::HUMAN_MYELIN_111192,6,EBV_TCELL_63843,HUMAN_MYELIN_111192,7,FVKKHVHES,9,FKNIVTPRT,0,All manifest-contained 9-mer window combinations retained for sensitivity; not a predictor-selected register or a re-ranking score.
EBV_TCELL_63843::HUMAN_MYELIN_111192,6,EBV_TCELL_63843,HUMAN_MYELIN_111192,7,FVKKHVHES,10,KNIVTPRTP,0,All manifest-contained 9-mer window combinations retained for sensitivity; not a predictor-selected register or a re-ranking score.
EBV_TCELL_63843::HUMAN_MYELIN_111192,6,EBV_TCELL_63843,HUMAN_MYELIN_111192,7,FVKKHVHES,11,NIVTPRTPP,0,All manifest-contained 9-mer window combinations retained for sensitivity; not a predictor-selected register or a re-ranking score.
EBV_TCELL_63843::HUMAN_MYELIN_112393,7,EBV_TCELL_63843,HUMAN_MYELIN_112393,1,TGGVYHFVK,1,VVHFFKNIV,0,All manifest-contained 9-mer window combinations retained for sensitivity; not a predictor-selected register or a re-ranking score.
EBV_TCELL_63843::HUMAN_MYELIN_112393,7,EBV_TCELL_63843,HUMAN_MYELIN_112393,1,TGGVYHFVK,2,VHFFKNIVT,0,All manifest-contained 9-mer window combinations retained for sensitivity; not a predictor-selected register or a re-ranking score.
EBV_TCELL_63843::HUMAN_MYELIN_112393,7,EBV_TCELL_63843,HUMAN_MYELIN_112393,1,TGGVYHFVK,3,HFFKNIVTP,0,All manifest-contained 9-mer window combinations retained for sensitivity; not a predictor-selected register or a re-ranking score.
EBV_TCELL_63843::HUMAN_MYELIN_112393,7,EBV_TCELL_63843,HUMAN_MYELIN_112393,1,TGGVYHFVK,4,FFKNIVTPR,0,All manifest-contained 9-mer window combinations retained for sensitivity; not a predictor-selected register or a re-ranking score.
EBV_TCELL_63843::HUMAN_MYELIN_112393,7,EBV_TCELL_63843,HUMAN_MYELIN_112393,1,TGGVYHFVK,5,FKNIVTPRT,0,All manifest-contained 9-mer window combinations retained for sensitivity; not a predictor-selected register or a re-ranking score.
EBV_TCELL_63843::HUMAN_MYELIN_112393,7,EBV_TCELL_63843,HUMAN_MYELIN_112393,1,TGGVYHFVK,6,KNIVTPRTP,0,All manifest-contained 9-mer window combinations retained for sensitivity; not a predictor-selected register or a re-ranking score.
EBV_TCELL_63843::HUMAN_MYELIN_112393,7,EBV_TCELL_63843,HUMAN_MYELIN_112393,1,TGGVYHFVK,7,NIVTPRTPP,0,All manifest-contained 9-mer window combinations retained for sensitivity; not a predictor-selected register or a re-ranking score.
EBV_TCELL_63843::HUMAN_MYELIN_112393,7,EBV_TCELL_63843,HUMAN_MYELIN_112393,1,TGGVYHFVK,8,IVTPRTPPP,0,All manifest-contained 9-mer window combinations retained for sensitivity; not a predictor-selected register or a re-ranking score.
EBV_TCELL_63843::HUMAN_MYELIN_112393,7,EBV_TCELL_63843,HUMAN_MYELIN_112393,1,TGGVYHFVK,9,VTPRTPPPS,0,All manifest-contained 9-mer window combinations retained for sensitivity; not a predictor-selected register or a re-ranking score.
EBV_TCELL_63843::HUMAN_MYELIN_112393,7,EBV_TCELL_63843,HUMAN_MYELIN_112393,1,TGGVYHFVK,10,TPRTPPPSQ,0,All manifest-contained 9-mer window combinations retained for sensitivity; not a predictor-selected register or a re-ranking score.
EBV_TCELL_63843::HUMAN_MYELIN_112393,7,EBV_TCELL_63843,HUMAN_MYELIN_112393,1,TGGVYHFVK,11,PRTPPPSQG,0,All manifest-contained 9-mer window combinations retained for sensitivity; not a predictor-selected register or a re-ranking score.
EBV_TCELL_63843::HUMAN_MYELIN_112393,7,EBV_TCELL_63843,HUMAN_MYELIN_112393,1,TGGVYHFVK,12,RTPPPSQGK,0,All manifest-contained 9-mer window combinations retained for sensitivity; not a predictor-selected register or a re-ranking score.
EBV_TCELL_63843::HUMAN_MYELIN_112393,7,EBV_TCELL_63843,HUMAN_MYELIN_112393,2,GGVYHFVKK,1,VVHFFKNIV,0,All manifest-contained 9-mer window combinations retained for sensitivity; not a predictor-selected register or a re-ranking score.
EBV_TCELL_63843::HUMAN_MYELIN_112393,7,EBV_TCELL_63843,HUMAN_MYELIN_112393,2,GGVYHFVKK,2,VHFFKNIVT,0,All manifest-contained 9-mer window combinations retained for sensitivity; not a predictor-selected register or a re-ranking score.
EBV_TCELL_63843::HUMAN_MYELIN_112393,7,EBV_TCELL_63843,HUMAN_MYELIN_112393,2,GGVYHFVKK,3,HFFKNIVTP,0,All manifest-contained 9-mer window combinations retained for sensitivity; not a predictor-selected register or a re-ranking score.
EBV_TCELL_63843::HUMAN_MYELIN_112393,7,EBV_TCELL_63843,HUMAN_MYELIN_112393,2,GGVYHFVKK,4,FFKNIVTPR,0,All manifest-contained 9-mer window combinations retained for sensitivity; not a predictor-selected register or a re-ranking score.
EBV_TCELL_63843::HUMAN_MYELIN_112393,7,EBV_TCELL_63843,HUMAN_MYELIN_112393,2,GGVYHFVKK,5,FKNIVTPRT,0,All manifest-contained 9-mer window combinations retained for sensitivity; not a predictor-selected register or a re-ranking score.
EBV_TCELL_63843::HUMAN_MYELIN_112393,7,EBV_TCELL_63843,HUMAN_MYELIN_112393,2,GGVYHFVKK,6,KNIVTPRTP,0,All manifest-contained 9-mer window combinations retained for sensitivity; not a predictor-selected register or a re-ranking score.
EBV_TCELL_63843::HUMAN_MYELIN_112393,7,EBV_TCELL_63843,HUMAN_MYELIN_112393,2,GGVYHFVKK,7,NIVTPRTPP,0,All manifest-contained 9-mer window combinations retained for sensitivity; not a predictor-selected register or a re-ranking score.
EBV_TCELL_63843::HUMAN_MYELIN_112393,7,EBV_TCELL_63843,HUMAN_MYELIN_112393,2,GGVYHFVKK,8,IVTPRTPPP,0,All manifest-contained 9-mer window combinations retained for sensitivity; not a predictor-selected register or a re-ranking score.
EBV_TCELL_63843::HUMAN_MYELIN_112393,7,EBV_TCELL_63843,HUMAN_MYELIN_112393,2,GGVYHFVKK,9,VTPRTPPPS,0,All manifest-contained 9-mer window combinations retained for sensitivity; not a predictor-selected register or a re-ranking score.
EBV_TCELL_63843::HUMAN_MYELIN_112393,7,EBV_TCELL_63843,HUMAN_MYELIN_112393,2,GGVYHFVKK,10,TPRTPPPSQ,0,All manifest-contained 9-mer window combinations retained for sensitivity; not a predictor-selected register or a re-ranking score.
EBV_TCELL_63843::HUMAN_MYELIN_112393,7,EBV_TCELL_63843,HUMAN_MYELIN_112393,2,GGVYHFVKK,11,PRTPPPSQG,0,All manifest-contained 9-mer window combinations retained for sensitivity; not a predictor-selected register or a re-ranking score.
EBV_TCELL_63843::HUMAN_MYELIN_112393,7,EBV_TCELL_63843,HUMAN_MYELIN_112393,2,GGVYHFVKK,12,RTPPPSQGK,0,All manifest-contained 9-mer window combinations retained for sensitivity; not a predictor-selected register or a re-ranking score.
EBV_TCELL_63843::HUMAN_MYELIN_112393,7,EBV_TCELL_63843,HUMAN_MYELIN_112393,3,GVYHFVKKH,1,VVHFFKNIV,0,All manifest-contained 9-mer window combinations retained for sensitivity; not a predictor-selected register or a re-ranking score.
EBV_TCELL_63843::HUMAN_MYELIN_112393,7,EBV_TCELL_63843,HUMAN_MYELIN_112393,3,GVYHFVKKH,2,VHFFKNIVT,0,All manifest-contained 9-mer window combinations retained for sensitivity; not a predictor-selected register or a re-ranking score.
EBV_TCELL_63843::HUMAN_MYELIN_112393,7,EBV_TCELL_63843,HUMAN_MYELIN_112393,3,GVYHFVKKH,3,HFFKNIVTP,0,All manifest-contained 9-mer window combinations retained for sensitivity; not a predictor-selected register or a re-ranking score.
EBV_TCELL_63843::HUMAN_MYELIN_112393,7,EBV_TCELL_63843,HUMAN_MYELIN_112393,3,GVYHFVKKH,4,FFKNIVTPR,0,All manifest-contained 9-mer window combinations retained for sensitivity; not a predictor-selected register or a re-ranking score.
EBV_TCELL_63843::HUMAN_MYELIN_112393,7,EBV_TCELL_63843,HUMAN_MYELIN_112393,3,GVYHFVKKH,5,FKNIVTPRT,0,All manifest-contained 9-mer window combinations retained for sensitivity; not a predictor-selected register or a re-ranking score.
EBV_TCELL_63843::HUMAN_MYELIN_112393,7,EBV_TCELL_63843,HUMAN_MYELIN_112393,3,GVYHFVKKH,6,KNIVTPRTP,0,All manifest-contained 9-mer window combinations retained for sensitivity; not a predictor-selected register or a re-ranking score.
EBV_TCELL_63843::HUMAN_MYELIN_112393,7,EBV_TCELL_63843,HUMAN_MYELIN_112393,3,GVYHFVKKH,7,NIVTPRTPP,0,All manifest-contained 9-mer window combinations retained for sensitivity; not a predictor-selected register or a re-ranking score.
EBV_TCELL_63843::HUMAN_MYELIN_112393,7,EBV_TCELL_63843,HUMAN_MYELIN_112393,3,GVYHFVKKH,8,IVTPRTPPP,0,All manifest-contained 9-mer window combinations retained for sensitivity; not a predictor-selected register or a re-ranking score.
EBV_TCELL_63843::HUMAN_MYELIN_112393,7,EBV_TCELL_63843,HUMAN_MYELIN_112393,3,GVYHFVKKH,9,VTPRTPPPS,0,All manifest-contained 9-mer window combinations retained for sensitivity; not a predictor-selected register or a re-ranking score.
EBV_TCELL_63843::HUMAN_MYELIN_112393,7,EBV_TCELL_63843,HUMAN_MYELIN_112393,3,GVYHFVKKH,10,TPRTPPPSQ,0,All manifest-contained 9-mer window combinations retained for sensitivity; not a predictor-selected register or a re-ranking score.
EBV_TCELL_63843::HUMAN_MYELIN_112393,7,EBV_TCELL_63843,HUMAN_MYELIN_112393,3,GVYHFVKKH,11,PRTPPPSQG,0,All manifest-contained 9-mer window combinations retained for sensitivity; not a predictor-selected register or a re-ranking score.
EBV_TCELL_63843::HUMAN_MYELIN_112393,7,EBV_TCELL_63843,HUMAN_MYELIN_112393,3,GVYHFVKKH,12,RTPPPSQGK,0,All manifest-contained 9-mer window combinations retained for sensitivity; not a predictor-selected register or a re-ranking score.
EBV_TCELL_63843::HUMAN_MYELIN_112393,7,EBV_TCELL_63843,HUMAN_MYELIN_112393,4,VYHFVKKHV,1,VVHFFKNIV,6,All manifest-contained 9-mer window combinations retained for sensitivity; not a predictor-selected register or a re-ranking score.
EBV_TCELL_63843::HUMAN_MYELIN_112393,7,EBV_TCELL_63843,HUMAN_MYELIN_112393,4,VYHFVKKHV,2,VHFFKNIVT,0,All manifest-contained 9-mer window combinations retained for sensitivity; not a predictor-selected register or a re-ranking score.
EBV_TCELL_63843::HUMAN_MYELIN_112393,7,EBV_TCELL_63843,HUMAN_MYELIN_112393,4,VYHFVKKHV,3,HFFKNIVTP,0,All manifest-contained 9-mer window combinations retained for sensitivity; not a predictor-selected register or a re-ranking score.
EBV_TCELL_63843::HUMAN_MYELIN_112393,7,EBV_TCELL_63843,HUMAN_MYELIN_112393,4,VYHFVKKHV,4,FFKNIVTPR,0,All manifest-contained 9-mer window combinations retained for sensitivity; not a predictor-selected register or a re-ranking score.
EBV_TCELL_63843::HUMAN_MYELIN_112393,7,EBV_TCELL_63843,HUMAN_MYELIN_112393,4,VYHFVKKHV,5,FKNIVTPRT,0,All manifest-contained 9-mer window combinations retained for sensitivity; not a predictor-selected register or a re-ranking score.
EBV_TCELL_63843::HUMAN_MYELIN_112393,7,EBV_TCELL_63843,HUMAN_MYELIN_112393,4,VYHFVKKHV,6,KNIVTPRTP,0,All manifest-contained 9-mer window combinations retained for sensitivity; not a predictor-selected register or a re-ranking score.
EBV_TCELL_63843::HUMAN_MYELIN_112393,7,EBV_TCELL_63843,HUMAN_MYELIN_112393,4,VYHFVKKHV,7,NIVTPRTPP,0,All manifest-contained 9-mer window combinations retained for sensitivity; not a predictor-selected register or a re-ranking score.
EBV_TCELL_63843::HUMAN_MYELIN_112393,7,EBV_TCELL_63843,HUMAN_MYELIN_112393,4,VYHFVKKHV,8,IVTPRTPPP,0,All manifest-contained 9-mer window combinations retained for sensitivity; not a predictor-selected register or a re-ranking score.
EBV_TCELL_63843::HUMAN_MYELIN_112393,7,EBV_TCELL_63843,HUMAN_MYELIN_112393,4,VYHFVKKHV,9,VTPRTPPPS,0,All manifest-contained 9-mer window combinations retained for sensitivity; not a predictor-selected register or a re-ranking score.
EBV_TCELL_63843::HUMAN_MYELIN_112393,7,EBV_TCELL_63843,HUMAN_MYELIN_112393,4,VYHFVKKHV,10,TPRTPPPSQ,0,All manifest-contained 9-mer window combinations retained for sensitivity; not a predictor-selected register or a re-ranking score.
EBV_TCELL_63843::HUMAN_MYELIN_112393,7,EBV_TCELL_63843,HUMAN_MYELIN_112393,4,VYHFVKKHV,11,PRTPPPSQG,0,All manifest-contained 9-mer window combinations retained for sensitivity; not a predictor-selected register or a re-ranking score.
EBV_TCELL_63843::HUMAN_MYELIN_112393,7,EBV_TCELL_63843,HUMAN_MYELIN_112393,4,VYHFVKKHV,12,RTPPPSQGK,0,All manifest-contained 9-mer window combinations retained for sensitivity; not a predictor-selected register or a re-ranking score.
EBV_TCELL_63843::HUMAN_MYELIN_112393,7,EBV_TCELL_63843,HUMAN_MYELIN_112393,5,YHFVKKHVH,1,VVHFFKNIV,0,All manifest-contained 9-mer window combinations retained for sensitivity; not a predictor-selected register or a re-ranking score.
EBV_TCELL_63843::HUMAN_MYELIN_112393,7,EBV_TCELL_63843,HUMAN_MYELIN_112393,5,YHFVKKHVH,2,VHFFKNIVT,5,All manifest-contained 9-mer window combinations retained for sensitivity; not a predictor-selected register or a re-ranking score.
EBV_TCELL_63843::HUMAN_MYELIN_112393,7,EBV_TCELL_63843,HUMAN_MYELIN_112393,5,YHFVKKHVH,3,HFFKNIVTP,0,All manifest-contained 9-mer window combinations retained for sensitivity; not a predictor-selected register or a re-ranking score.
EBV_TCELL_63843::HUMAN_MYELIN_112393,7,EBV_TCELL_63843,HUMAN_MYELIN_112393,5,YHFVKKHVH,4,FFKNIVTPR,0,All manifest-contained 9-mer window combinations retained for sensitivity; not a predictor-selected register or a re-ranking score.
EBV_TCELL_63843::HUMAN_MYELIN_112393,7,EBV_TCELL_63843,HUMAN_MYELIN_112393,5,YHFVKKHVH,5,FKNIVTPRT,0,All manifest-contained 9-mer window combinations retained for sensitivity; not a predictor-selected register or a re-ranking score.
EBV_TCELL_63843::HUMAN_MYELIN_112393,7,EBV_TCELL_63843,HUMAN_MYELIN_112393,5,YHFVKKHVH,6,KNIVTPRTP,0,All manifest-contained 9-mer window combinations retained for sensitivity; not a predictor-selected register or a re-ranking score.
EBV_TCELL_63843::HUMAN_MYELIN_112393,7,EBV_TCELL_63843,HUMAN_MYELIN_112393,5,YHFVKKHVH,7,NIVTPRTPP,0,All manifest-contained 9-mer window combinations retained for sensitivity; not a predictor-selected register or a re-ranking score.
EBV_TCELL_63843::HUMAN_MYELIN_112393,7,EBV_TCELL_63843,HUMAN_MYELIN_112393,5,YHFVKKHVH,8,IVTPRTPPP,0,All manifest-contained 9-mer window combinations retained for sensitivity; not a predictor-selected register or a re-ranking score.
EBV_TCELL_63843::HUMAN_MYELIN_112393,7,EBV_TCELL_63843,HUMAN_MYELIN_112393,5,YHFVKKHVH,9,VTPRTPPPS,0,All manifest-contained 9-mer window combinations retained for sensitivity; not a predictor-selected register or a re-ranking score.
EBV_TCELL_63843::HUMAN_MYELIN_112393,7,EBV_TCELL_63843,HUMAN_MYELIN_112393,5,YHFVKKHVH,10,TPRTPPPSQ,0,All manifest-contained 9-mer window combinations retained for sensitivity; not a predictor-selected register or a re-ranking score.
EBV_TCELL_63843::HUMAN_MYELIN_112393,7,EBV_TCELL_63843,HUMAN_MYELIN_112393,5,YHFVKKHVH,11,PRTPPPSQG,0,All manifest-contained 9-mer window combinations retained for sensitivity; not a predictor-selected register or a re-ranking score.
EBV_TCELL_63843::HUMAN_MYELIN_112393,7,EBV_TCELL_63843,HUMAN_MYELIN_112393,5,YHFVKKHVH,12,RTPPPSQGK,0,All manifest-contained 9-mer window combinations retained for sensitivity; not a predictor-selected register or a re-ranking score.
EBV_TCELL_63843::HUMAN_MYELIN_112393,7,EBV_TCELL_63843,HUMAN_MYELIN_112393,6,HFVKKHVHE,1,VVHFFKNIV,0,All manifest-contained 9-mer window combinations retained for sensitivity; not a predictor-selected register or a re-ranking score.
EBV_TCELL_63843::HUMAN_MYELIN_112393,7,EBV_TCELL_63843,HUMAN_MYELIN_112393,6,HFVKKHVHE,2,VHFFKNIVT,0,All manifest-contained 9-mer window combinations retained for sensitivity; not a predictor-selected register or a re-ranking score.
EBV_TCELL_63843::HUMAN_MYELIN_112393,7,EBV_TCELL_63843,HUMAN_MYELIN_112393,6,HFVKKHVHE,3,HFFKNIVTP,4,All manifest-contained 9-mer window combinations retained for sensitivity; not a predictor-selected register or a re-ranking score.
EBV_TCELL_63843::HUMAN_MYELIN_112393,7,EBV_TCELL_63843,HUMAN_MYELIN_112393,6,HFVKKHVHE,4,FFKNIVTPR,0,All manifest-contained 9-mer window combinations retained for sensitivity; not a predictor-selected register or a re-ranking score.
EBV_TCELL_63843::HUMAN_MYELIN_112393,7,EBV_TCELL_63843,HUMAN_MYELIN_112393,6,HFVKKHVHE,5,FKNIVTPRT,0,All manifest-contained 9-mer window combinations retained for sensitivity; not a predictor-selected register or a re-ranking score.
EBV_TCELL_63843::HUMAN_MYELIN_112393,7,EBV_TCELL_63843,HUMAN_MYELIN_112393,6,HFVKKHVHE,6,KNIVTPRTP,0,All manifest-contained 9-mer window combinations retained for sensitivity; not a predictor-selected register or a re-ranking score.
EBV_TCELL_63843::HUMAN_MYELIN_112393,7,EBV_TCELL_63843,HUMAN_MYELIN_112393,6,HFVKKHVHE,7,NIVTPRTPP,0,All manifest-contained 9-mer window combinations retained for sensitivity; not a predictor-selected register or a re-ranking score.
EBV_TCELL_63843::HUMAN_MYELIN_112393,7,EBV_TCELL_63843,HUMAN_MYELIN_112393,6,HFVKKHVHE,8,IVTPRTPPP,0,All manifest-contained 9-mer window combinations retained for sensitivity; not a predictor-selected register or a re-ranking score.
EBV_TCELL_63843::HUMAN_MYELIN_112393,7,EBV_TCELL_63843,HUMAN_MYELIN_112393,6,HFVKKHVHE,9,VTPRTPPPS,0,All manifest-contained 9-mer window combinations retained for sensitivity; not a predictor-selected register or a re-ranking score.
EBV_TCELL_63843::HUMAN_MYELIN_112393,7,EBV_TCELL_63843,HUMAN_MYELIN_112393,6,HFVKKHVHE,10,TPRTPPPSQ,0,All manifest-contained 9-mer window combinations retained for sensitivity; not a predictor-selected register or a re-ranking score.
EBV_TCELL_63843::HUMAN_MYELIN_112393,7,EBV_TCELL_63843,HUMAN_MYELIN_112393,6,HFVKKHVHE,11,PRTPPPSQG,0,All manifest-contained 9-mer window combinations retained for sensitivity; not a predictor-selected register or a re-ranking score.
EBV_TCELL_63843::HUMAN_MYELIN_112393,7,EBV_TCELL_63843,HUMAN_MYELIN_112393,6,HFVKKHVHE,12,RTPPPSQGK,0,All manifest-contained 9-mer window combinations retained for sensitivity; not a predictor-selected register or a re-ranking score.
EBV_TCELL_63843::HUMAN_MYELIN_112393,7,EBV_TCELL_63843,HUMAN_MYELIN_112393,7,FVKKHVHES,1,VVHFFKNIV,0,All manifest-contained 9-mer window combinations retained for sensitivity; not a predictor-selected register or a re-ranking score.
EBV_TCELL_63843::HUMAN_MYELIN_112393,7,EBV_TCELL_63843,HUMAN_MYELIN_112393,7,FVKKHVHES,2,VHFFKNIVT,0,All manifest-contained 9-mer window combinations retained for sensitivity; not a predictor-selected register or a re-ranking score.
EBV_TCELL_63843::HUMAN_MYELIN_112393,7,EBV_TCELL_63843,HUMAN_MYELIN_112393,7,FVKKHVHES,3,HFFKNIVTP,0,All manifest-contained 9-mer window combinations retained for sensitivity; not a predictor-selected register or a re-ranking score.
EBV_TCELL_63843::HUMAN_MYELIN_112393,7,EBV_TCELL_63843,HUMAN_MYELIN_112393,7,FVKKHVHES,4,FFKNIVTPR,3,All manifest-contained 9-mer window combinations retained for sensitivity; not a predictor-selected register or a re-ranking score.
EBV_TCELL_63843::HUMAN_MYELIN_112393,7,EBV_TCELL_63843,HUMAN_MYELIN_112393,7,FVKKHVHES,5,FKNIVTPRT,0,All manifest-contained 9-mer window combinations retained for sensitivity; not a predictor-selected register or a re-ranking score.
EBV_TCELL_63843::HUMAN_MYELIN_112393,7,EBV_TCELL_63843,HUMAN_MYELIN_112393,7,FVKKHVHES,6,KNIVTPRTP,0,All manifest-contained 9-mer window combinations retained for sensitivity; not a predictor-selected register or a re-ranking score.
EBV_TCELL_63843::HUMAN_MYELIN_112393,7,EBV_TCELL_63843,HUMAN_MYELIN_112393,7,FVKKHVHES,7,NIVTPRTPP,0,All manifest-contained 9-mer window combinations retained for sensitivity; not a predictor-selected register or a re-ranking score.
EBV_TCELL_63843::HUMAN_MYELIN_112393,7,EBV_TCELL_63843,HUMAN_MYELIN_112393,7,FVKKHVHES,8,IVTPRTPPP,0,All manifest-contained 9-mer window combinations retained for sensitivity; not a predictor-selected register or a re-ranking score.
EBV_TCELL_63843::HUMAN_MYELIN_112393,7,EBV_TCELL_63843,HUMAN_MYELIN_112393,7,FVKKHVHES,9,VTPRTPPPS,0,All manifest-contained 9-mer window combinations retained for sensitivity; not a predictor-selected register or a re-ranking score.
EBV_TCELL_63843::HUMAN_MYELIN_112393,7,EBV_TCELL_63843,HUMAN_MYELIN_112393,7,FVKKHVHES,10,TPRTPPPSQ,0,All manifest-contained 9-mer window combinations retained for sensitivity; not a predictor-selected register or a re-ranking score.
EBV_TCELL_63843::HUMAN_MYELIN_112393,7,EBV_TCELL_63843,HUMAN_MYELIN_112393,7,FVKKHVHES,11,PRTPPPSQG,0,All manifest-contained 9-mer window combinations retained for sensitivity; not a predictor-selected register or a re-ranking score.
EBV_TCELL_63843::HUMAN_MYELIN_112393,7,EBV_TCELL_63843,HUMAN_MYELIN_112393,7,FVKKHVHES,12,RTPPPSQGK,0,All manifest-contained 9-mer window combinations retained for sensitivity; not a predictor-selected register or a re-ranking score.
EBV_TCELL_63843::HUMAN_MYELIN_45514,8,EBV_TCELL_63843,HUMAN_MYELIN_45514,1,TGGVYHFVK,1,NPVVHFFKN,0,All manifest-contained 9-mer window combinations retained for sensitivity; not a predictor-selected register or a re-ranking score.
EBV_TCELL_63843::HUMAN_MYELIN_45514,8,EBV_TCELL_63843,HUMAN_MYELIN_45514,1,TGGVYHFVK,2,PVVHFFKNI,0,All manifest-contained 9-mer window combinations retained for sensitivity; not a predictor-selected register or a re-ranking score.
EBV_TCELL_63843::HUMAN_MYELIN_45514,8,EBV_TCELL_63843,HUMAN_MYELIN_45514,1,TGGVYHFVK,3,VVHFFKNIV,0,All manifest-contained 9-mer window combinations retained for sensitivity; not a predictor-selected register or a re-ranking score.
EBV_TCELL_63843::HUMAN_MYELIN_45514,8,EBV_TCELL_63843,HUMAN_MYELIN_45514,1,TGGVYHFVK,4,VHFFKNIVT,0,All manifest-contained 9-mer window combinations retained for sensitivity; not a predictor-selected register or a re-ranking score.
EBV_TCELL_63843::HUMAN_MYELIN_45514,8,EBV_TCELL_63843,HUMAN_MYELIN_45514,1,TGGVYHFVK,5,HFFKNIVTP,0,All manifest-contained 9-mer window combinations retained for sensitivity; not a predictor-selected register or a re-ranking score.
EBV_TCELL_63843::HUMAN_MYELIN_45514,8,EBV_TCELL_63843,HUMAN_MYELIN_45514,1,TGGVYHFVK,6,FFKNIVTPR,0,All manifest-contained 9-mer window combinations retained for sensitivity; not a predictor-selected register or a re-ranking score.
EBV_TCELL_63843::HUMAN_MYELIN_45514,8,EBV_TCELL_63843,HUMAN_MYELIN_45514,1,TGGVYHFVK,7,FKNIVTPRT,0,All manifest-contained 9-mer window combinations retained for sensitivity; not a predictor-selected register or a re-ranking score.
EBV_TCELL_63843::HUMAN_MYELIN_45514,8,EBV_TCELL_63843,HUMAN_MYELIN_45514,1,TGGVYHFVK,8,KNIVTPRTP,0,All manifest-contained 9-mer window combinations retained for sensitivity; not a predictor-selected register or a re-ranking score.
EBV_TCELL_63843::HUMAN_MYELIN_45514,8,EBV_TCELL_63843,HUMAN_MYELIN_45514,1,TGGVYHFVK,9,NIVTPRTPP,0,All manifest-contained 9-mer window combinations retained for sensitivity; not a predictor-selected register or a re-ranking score.
EBV_TCELL_63843::HUMAN_MYELIN_45514,8,EBV_TCELL_63843,HUMAN_MYELIN_45514,1,TGGVYHFVK,10,IVTPRTPPP,0,All manifest-contained 9-mer window combinations retained for sensitivity; not a predictor-selected register or a re-ranking score.
EBV_TCELL_63843::HUMAN_MYELIN_45514,8,EBV_TCELL_63843,HUMAN_MYELIN_45514,1,TGGVYHFVK,11,VTPRTPPPS,0,All manifest-contained 9-mer window combinations retained for sensitivity; not a predictor-selected register or a re-ranking score.
EBV_TCELL_63843::HUMAN_MYELIN_45514,8,EBV_TCELL_63843,HUMAN_MYELIN_45514,1,TGGVYHFVK,12,TPRTPPPSQ,0,All manifest-contained 9-mer window combinations retained for sensitivity; not a predictor-selected register or a re-ranking score.
EBV_TCELL_63843::HUMAN_MYELIN_45514,8,EBV_TCELL_63843,HUMAN_MYELIN_45514,2,GGVYHFVKK,1,NPVVHFFKN,6,All manifest-contained 9-mer window combinations retained for sensitivity; not a predictor-selected register or a re-ranking score.
EBV_TCELL_63843::HUMAN_MYELIN_45514,8,EBV_TCELL_63843,HUMAN_MYELIN_45514,2,GGVYHFVKK,2,PVVHFFKNI,0,All manifest-contained 9-mer window combinations retained for sensitivity; not a predictor-selected register or a re-ranking score.
EBV_TCELL_63843::HUMAN_MYELIN_45514,8,EBV_TCELL_63843,HUMAN_MYELIN_45514,2,GGVYHFVKK,3,VVHFFKNIV,0,All manifest-contained 9-mer window combinations retained for sensitivity; not a predictor-selected register or a re-ranking score.
EBV_TCELL_63843::HUMAN_MYELIN_45514,8,EBV_TCELL_63843,HUMAN_MYELIN_45514,2,GGVYHFVKK,4,VHFFKNIVT,0,All manifest-contained 9-mer window combinations retained for sensitivity; not a predictor-selected register or a re-ranking score.
EBV_TCELL_63843::HUMAN_MYELIN_45514,8,EBV_TCELL_63843,HUMAN_MYELIN_45514,2,GGVYHFVKK,5,HFFKNIVTP,0,All manifest-contained 9-mer window combinations retained for sensitivity; not a predictor-selected register or a re-ranking score.
EBV_TCELL_63843::HUMAN_MYELIN_45514,8,EBV_TCELL_63843,HUMAN_MYELIN_45514,2,GGVYHFVKK,6,FFKNIVTPR,0,All manifest-contained 9-mer window combinations retained for sensitivity; not a predictor-selected register or a re-ranking score.
EBV_TCELL_63843::HUMAN_MYELIN_45514,8,EBV_TCELL_63843,HUMAN_MYELIN_45514,2,GGVYHFVKK,7,FKNIVTPRT,0,All manifest-contained 9-mer window combinations retained for sensitivity; not a predictor-selected register or a re-ranking score.
EBV_TCELL_63843::HUMAN_MYELIN_45514,8,EBV_TCELL_63843,HUMAN_MYELIN_45514,2,GGVYHFVKK,8,KNIVTPRTP,0,All manifest-contained 9-mer window combinations retained for sensitivity; not a predictor-selected register or a re-ranking score.
EBV_TCELL_63843::HUMAN_MYELIN_45514,8,EBV_TCELL_63843,HUMAN_MYELIN_45514,2,GGVYHFVKK,9,NIVTPRTPP,0,All manifest-contained 9-mer window combinations retained for sensitivity; not a predictor-selected register or a re-ranking score.
EBV_TCELL_63843::HUMAN_MYELIN_45514,8,EBV_TCELL_63843,HUMAN_MYELIN_45514,2,GGVYHFVKK,10,IVTPRTPPP,0,All manifest-contained 9-mer window combinations retained for sensitivity; not a predictor-selected register or a re-ranking score.
EBV_TCELL_63843::HUMAN_MYELIN_45514,8,EBV_TCELL_63843,HUMAN_MYELIN_45514,2,GGVYHFVKK,11,VTPRTPPPS,0,All manifest-contained 9-mer window combinations retained for sensitivity; not a predictor-selected register or a re-ranking score.
EBV_TCELL_63843::HUMAN_MYELIN_45514,8,EBV_TCELL_63843,HUMAN_MYELIN_45514,2,GGVYHFVKK,12,TPRTPPPSQ,0,All manifest-contained 9-mer window combinations retained for sensitivity; not a predictor-selected register or a re-ranking score.
EBV_TCELL_63843::HUMAN_MYELIN_45514,8,EBV_TCELL_63843,HUMAN_MYELIN_45514,3,GVYHFVKKH,1,NPVVHFFKN,0,All manifest-contained 9-mer window combinations retained for sensitivity; not a predictor-selected register or a re-ranking score.
EBV_TCELL_63843::HUMAN_MYELIN_45514,8,EBV_TCELL_63843,HUMAN_MYELIN_45514,3,GVYHFVKKH,2,PVVHFFKNI,6,All manifest-contained 9-mer window combinations retained for sensitivity; not a predictor-selected register or a re-ranking score.
EBV_TCELL_63843::HUMAN_MYELIN_45514,8,EBV_TCELL_63843,HUMAN_MYELIN_45514,3,GVYHFVKKH,3,VVHFFKNIV,0,All manifest-contained 9-mer window combinations retained for sensitivity; not a predictor-selected register or a re-ranking score.
EBV_TCELL_63843::HUMAN_MYELIN_45514,8,EBV_TCELL_63843,HUMAN_MYELIN_45514,3,GVYHFVKKH,4,VHFFKNIVT,0,All manifest-contained 9-mer window combinations retained for sensitivity; not a predictor-selected register or a re-ranking score.
EBV_TCELL_63843::HUMAN_MYELIN_45514,8,EBV_TCELL_63843,HUMAN_MYELIN_45514,3,GVYHFVKKH,5,HFFKNIVTP,0,All manifest-contained 9-mer window combinations retained for sensitivity; not a predictor-selected register or a re-ranking score.
EBV_TCELL_63843::HUMAN_MYELIN_45514,8,EBV_TCELL_63843,HUMAN_MYELIN_45514,3,GVYHFVKKH,6,FFKNIVTPR,0,All manifest-contained 9-mer window combinations retained for sensitivity; not a predictor-selected register or a re-ranking score.
EBV_TCELL_63843::HUMAN_MYELIN_45514,8,EBV_TCELL_63843,HUMAN_MYELIN_45514,3,GVYHFVKKH,7,FKNIVTPRT,0,All manifest-contained 9-mer window combinations retained for sensitivity; not a predictor-selected register or a re-ranking score.
EBV_TCELL_63843::HUMAN_MYELIN_45514,8,EBV_TCELL_63843,HUMAN_MYELIN_45514,3,GVYHFVKKH,8,KNIVTPRTP,0,All manifest-contained 9-mer window combinations retained for sensitivity; not a predictor-selected register or a re-ranking score.
EBV_TCELL_63843::HUMAN_MYELIN_45514,8,EBV_TCELL_63843,HUMAN_MYELIN_45514,3,GVYHFVKKH,9,NIVTPRTPP,0,All manifest-contained 9-mer window combinations retained for sensitivity; not a predictor-selected register or a re-ranking score.
EBV_TCELL_63843::HUMAN_MYELIN_45514,8,EBV_TCELL_63843,HUMAN_MYELIN_45514,3,GVYHFVKKH,10,IVTPRTPPP,0,All manifest-contained 9-mer window combinations retained for sensitivity; not a predictor-selected register or a re-ranking score.
EBV_TCELL_63843::HUMAN_MYELIN_45514,8,EBV_TCELL_63843,HUMAN_MYELIN_45514,3,GVYHFVKKH,11,VTPRTPPPS,0,All manifest-contained 9-mer window combinations retained for sensitivity; not a predictor-selected register or a re-ranking score.
EBV_TCELL_63843::HUMAN_MYELIN_45514,8,EBV_TCELL_63843,HUMAN_MYELIN_45514,3,GVYHFVKKH,12,TPRTPPPSQ,0,All manifest-contained 9-mer window combinations retained for sensitivity; not a predictor-selected register or a re-ranking score.
EBV_TCELL_63843::HUMAN_MYELIN_45514,8,EBV_TCELL_63843,HUMAN_MYELIN_45514,4,VYHFVKKHV,1,NPVVHFFKN,0,All manifest-contained 9-mer window combinations retained for sensitivity; not a predictor-selected register or a re-ranking score.
EBV_TCELL_63843::HUMAN_MYELIN_45514,8,EBV_TCELL_63843,HUMAN_MYELIN_45514,4,VYHFVKKHV,2,PVVHFFKNI,0,All manifest-contained 9-mer window combinations retained for sensitivity; not a predictor-selected register or a re-ranking score.
EBV_TCELL_63843::HUMAN_MYELIN_45514,8,EBV_TCELL_63843,HUMAN_MYELIN_45514,4,VYHFVKKHV,3,VVHFFKNIV,6,All manifest-contained 9-mer window combinations retained for sensitivity; not a predictor-selected register or a re-ranking score.
EBV_TCELL_63843::HUMAN_MYELIN_45514,8,EBV_TCELL_63843,HUMAN_MYELIN_45514,4,VYHFVKKHV,4,VHFFKNIVT,0,All manifest-contained 9-mer window combinations retained for sensitivity; not a predictor-selected register or a re-ranking score.
EBV_TCELL_63843::HUMAN_MYELIN_45514,8,EBV_TCELL_63843,HUMAN_MYELIN_45514,4,VYHFVKKHV,5,HFFKNIVTP,0,All manifest-contained 9-mer window combinations retained for sensitivity; not a predictor-selected register or a re-ranking score.
EBV_TCELL_63843::HUMAN_MYELIN_45514,8,EBV_TCELL_63843,HUMAN_MYELIN_45514,4,VYHFVKKHV,6,FFKNIVTPR,0,All manifest-contained 9-mer window combinations retained for sensitivity; not a predictor-selected register or a re-ranking score.
EBV_TCELL_63843::HUMAN_MYELIN_45514,8,EBV_TCELL_63843,HUMAN_MYELIN_45514,4,VYHFVKKHV,7,FKNIVTPRT,0,All manifest-contained 9-mer window combinations retained for sensitivity; not a predictor-selected register or a re-ranking score.
EBV_TCELL_63843::HUMAN_MYELIN_45514,8,EBV_TCELL_63843,HUMAN_MYELIN_45514,4,VYHFVKKHV,8,KNIVTPRTP,0,All manifest-contained 9-mer window combinations retained for sensitivity; not a predictor-selected register or a re-ranking score.
EBV_TCELL_63843::HUMAN_MYELIN_45514,8,EBV_TCELL_63843,HUMAN_MYELIN_45514,4,VYHFVKKHV,9,NIVTPRTPP,0,All manifest-contained 9-mer window combinations retained for sensitivity; not a predictor-selected register or a re-ranking score.
EBV_TCELL_63843::HUMAN_MYELIN_45514,8,EBV_TCELL_63843,HUMAN_MYELIN_45514,4,VYHFVKKHV,10,IVTPRTPPP,0,All manifest-contained 9-mer window combinations retained for sensitivity; not a predictor-selected register or a re-ranking score.
EBV_TCELL_63843::HUMAN_MYELIN_45514,8,EBV_TCELL_63843,HUMAN_MYELIN_45514,4,VYHFVKKHV,11,VTPRTPPPS,0,All manifest-contained 9-mer window combinations retained for sensitivity; not a predictor-selected register or a re-ranking score.
EBV_TCELL_63843::HUMAN_MYELIN_45514,8,EBV_TCELL_63843,HUMAN_MYELIN_45514,4,VYHFVKKHV,12,TPRTPPPSQ,0,All manifest-contained 9-mer window combinations retained for sensitivity; not a predictor-selected register or a re-ranking score.
EBV_TCELL_63843::HUMAN_MYELIN_45514,8,EBV_TCELL_63843,HUMAN_MYELIN_45514,5,YHFVKKHVH,1,NPVVHFFKN,0,All manifest-contained 9-mer window combinations retained for sensitivity; not a predictor-selected register or a re-ranking score.
EBV_TCELL_63843::HUMAN_MYELIN_45514,8,EBV_TCELL_63843,HUMAN_MYELIN_45514,5,YHFVKKHVH,2,PVVHFFKNI,0,All manifest-contained 9-mer window combinations retained for sensitivity; not a predictor-selected register or a re-ranking score.
EBV_TCELL_63843::HUMAN_MYELIN_45514,8,EBV_TCELL_63843,HUMAN_MYELIN_45514,5,YHFVKKHVH,3,VVHFFKNIV,0,All manifest-contained 9-mer window combinations retained for sensitivity; not a predictor-selected register or a re-ranking score.
EBV_TCELL_63843::HUMAN_MYELIN_45514,8,EBV_TCELL_63843,HUMAN_MYELIN_45514,5,YHFVKKHVH,4,VHFFKNIVT,5,All manifest-contained 9-mer window combinations retained for sensitivity; not a predictor-selected register or a re-ranking score.
EBV_TCELL_63843::HUMAN_MYELIN_45514,8,EBV_TCELL_63843,HUMAN_MYELIN_45514,5,YHFVKKHVH,5,HFFKNIVTP,0,All manifest-contained 9-mer window combinations retained for sensitivity; not a predictor-selected register or a re-ranking score.
EBV_TCELL_63843::HUMAN_MYELIN_45514,8,EBV_TCELL_63843,HUMAN_MYELIN_45514,5,YHFVKKHVH,6,FFKNIVTPR,0,All manifest-contained 9-mer window combinations retained for sensitivity; not a predictor-selected register or a re-ranking score.
EBV_TCELL_63843::HUMAN_MYELIN_45514,8,EBV_TCELL_63843,HUMAN_MYELIN_45514,5,YHFVKKHVH,7,FKNIVTPRT,0,All manifest-contained 9-mer window combinations retained for sensitivity; not a predictor-selected register or a re-ranking score.
EBV_TCELL_63843::HUMAN_MYELIN_45514,8,EBV_TCELL_63843,HUMAN_MYELIN_45514,5,YHFVKKHVH,8,KNIVTPRTP,0,All manifest-contained 9-mer window combinations retained for sensitivity; not a predictor-selected register or a re-ranking score.
EBV_TCELL_63843::HUMAN_MYELIN_45514,8,EBV_TCELL_63843,HUMAN_MYELIN_45514,5,YHFVKKHVH,9,NIVTPRTPP,0,All manifest-contained 9-mer window combinations retained for sensitivity; not a predictor-selected register or a re-ranking score.
EBV_TCELL_63843::HUMAN_MYELIN_45514,8,EBV_TCELL_63843,HUMAN_MYELIN_45514,5,YHFVKKHVH,10,IVTPRTPPP,0,All manifest-contained 9-mer window combinations retained for sensitivity; not a predictor-selected register or a re-ranking score.
EBV_TCELL_63843::HUMAN_MYELIN_45514,8,EBV_TCELL_63843,HUMAN_MYELIN_45514,5,YHFVKKHVH,11,VTPRTPPPS,0,All manifest-contained 9-mer window combinations retained for sensitivity; not a predictor-selected register or a re-ranking score.
EBV_TCELL_63843::HUMAN_MYELIN_45514,8,EBV_TCELL_63843,HUMAN_MYELIN_45514,5,YHFVKKHVH,12,TPRTPPPSQ,0,All manifest-contained 9-mer window combinations retained for sensitivity; not a predictor-selected register or a re-ranking score.
EBV_TCELL_63843::HUMAN_MYELIN_45514,8,EBV_TCELL_63843,HUMAN_MYELIN_45514,6,HFVKKHVHE,1,NPVVHFFKN,0,All manifest-contained 9-mer window combinations retained for sensitivity; not a predictor-selected register or a re-ranking score.
EBV_TCELL_63843::HUMAN_MYELIN_45514,8,EBV_TCELL_63843,HUMAN_MYELIN_45514,6,HFVKKHVHE,2,PVVHFFKNI,0,All manifest-contained 9-mer window combinations retained for sensitivity; not a predictor-selected register or a re-ranking score.
EBV_TCELL_63843::HUMAN_MYELIN_45514,8,EBV_TCELL_63843,HUMAN_MYELIN_45514,6,HFVKKHVHE,3,VVHFFKNIV,0,All manifest-contained 9-mer window combinations retained for sensitivity; not a predictor-selected register or a re-ranking score.
EBV_TCELL_63843::HUMAN_MYELIN_45514,8,EBV_TCELL_63843,HUMAN_MYELIN_45514,6,HFVKKHVHE,4,VHFFKNIVT,0,All manifest-contained 9-mer window combinations retained for sensitivity; not a predictor-selected register or a re-ranking score.
EBV_TCELL_63843::HUMAN_MYELIN_45514,8,EBV_TCELL_63843,HUMAN_MYELIN_45514,6,HFVKKHVHE,5,HFFKNIVTP,4,All manifest-contained 9-mer window combinations retained for sensitivity; not a predictor-selected register or a re-ranking score.
EBV_TCELL_63843::HUMAN_MYELIN_45514,8,EBV_TCELL_63843,HUMAN_MYELIN_45514,6,HFVKKHVHE,6,FFKNIVTPR,0,All manifest-contained 9-mer window combinations retained for sensitivity; not a predictor-selected register or a re-ranking score.
EBV_TCELL_63843::HUMAN_MYELIN_45514,8,EBV_TCELL_63843,HUMAN_MYELIN_45514,6,HFVKKHVHE,7,FKNIVTPRT,0,All manifest-contained 9-mer window combinations retained for sensitivity; not a predictor-selected register or a re-ranking score.
EBV_TCELL_63843::HUMAN_MYELIN_45514,8,EBV_TCELL_63843,HUMAN_MYELIN_45514,6,HFVKKHVHE,8,KNIVTPRTP,0,All manifest-contained 9-mer window combinations retained for sensitivity; not a predictor-selected register or a re-ranking score.
EBV_TCELL_63843::HUMAN_MYELIN_45514,8,EBV_TCELL_63843,HUMAN_MYELIN_45514,6,HFVKKHVHE,9,NIVTPRTPP,0,All manifest-contained 9-mer window combinations retained for sensitivity; not a predictor-selected register or a re-ranking score.
EBV_TCELL_63843::HUMAN_MYELIN_45514,8,EBV_TCELL_63843,HUMAN_MYELIN_45514,6,HFVKKHVHE,10,IVTPRTPPP,0,All manifest-contained 9-mer window combinations retained for sensitivity; not a predictor-selected register or a re-ranking score.
EBV_TCELL_63843::HUMAN_MYELIN_45514,8,EBV_TCELL_63843,HUMAN_MYELIN_45514,6,HFVKKHVHE,11,VTPRTPPPS,0,All manifest-contained 9-mer window combinations retained for sensitivity; not a predictor-selected register or a re-ranking score.
EBV_TCELL_63843::HUMAN_MYELIN_45514,8,EBV_TCELL_63843,HUMAN_MYELIN_45514,6,HFVKKHVHE,12,TPRTPPPSQ,0,All manifest-contained 9-mer window combinations retained for sensitivity; not a predictor-selected register or a re-ranking score.
EBV_TCELL_63843::HUMAN_MYELIN_45514,8,EBV_TCELL_63843,HUMAN_MYELIN_45514,7,FVKKHVHES,1,NPVVHFFKN,0,All manifest-contained 9-mer window combinations retained for sensitivity; not a predictor-selected register or a re-ranking score.
EBV_TCELL_63843::HUMAN_MYELIN_45514,8,EBV_TCELL_63843,HUMAN_MYELIN_45514,7,FVKKHVHES,2,PVVHFFKNI,0,All manifest-contained 9-mer window combinations retained for sensitivity; not a predictor-selected register or a re-ranking score.
EBV_TCELL_63843::HUMAN_MYELIN_45514,8,EBV_TCELL_63843,HUMAN_MYELIN_45514,7,FVKKHVHES,3,VVHFFKNIV,0,All manifest-contained 9-mer window combinations retained for sensitivity; not a predictor-selected register or a re-ranking score.
EBV_TCELL_63843::HUMAN_MYELIN_45514,8,EBV_TCELL_63843,HUMAN_MYELIN_45514,7,FVKKHVHES,4,VHFFKNIVT,0,All manifest-contained 9-mer window combinations retained for sensitivity; not a predictor-selected register or a re-ranking score.
EBV_TCELL_63843::HUMAN_MYELIN_45514,8,EBV_TCELL_63843,HUMAN_MYELIN_45514,7,FVKKHVHES,5,HFFKNIVTP,0,All manifest-contained 9-mer window combinations retained for sensitivity; not a predictor-selected register or a re-ranking score.
EBV_TCELL_63843::HUMAN_MYELIN_45514,8,EBV_TCELL_63843,HUMAN_MYELIN_45514,7,FVKKHVHES,6,FFKNIVTPR,3,All manifest-contained 9-mer window combinations retained for sensitivity; not a predictor-selected register or a re-ranking score.
EBV_TCELL_63843::HUMAN_MYELIN_45514,8,EBV_TCELL_63843,HUMAN_MYELIN_45514,7,FVKKHVHES,7,FKNIVTPRT,0,All manifest-contained 9-mer window combinations retained for sensitivity; not a predictor-selected register or a re-ranking score.
EBV_TCELL_63843::HUMAN_MYELIN_45514,8,EBV_TCELL_63843,HUMAN_MYELIN_45514,7,FVKKHVHES,8,KNIVTPRTP,0,All manifest-contained 9-mer window combinations retained for sensitivity; not a predictor-selected register or a re-ranking score.
EBV_TCELL_63843::HUMAN_MYELIN_45514,8,EBV_TCELL_63843,HUMAN_MYELIN_45514,7,FVKKHVHES,9,NIVTPRTPP,0,All manifest-contained 9-mer window combinations retained for sensitivity; not a predictor-selected register or a re-ranking score.
EBV_TCELL_63843::HUMAN_MYELIN_45514,8,EBV_TCELL_63843,HUMAN_MYELIN_45514,7,FVKKHVHES,10,IVTPRTPPP,0,All manifest-contained 9-mer window combinations retained for sensitivity; not a predictor-selected register or a re-ranking score.
EBV_TCELL_63843::HUMAN_MYELIN_45514,8,EBV_TCELL_63843,HUMAN_MYELIN_45514,7,FVKKHVHES,11,VTPRTPPPS,0,All manifest-contained 9-mer window combinations retained for sensitivity; not a predictor-selected register or a re-ranking score.
EBV_TCELL_63843::HUMAN_MYELIN_45514,8,EBV_TCELL_63843,HUMAN_MYELIN_45514,7,FVKKHVHES,12,TPRTPPPSQ,0,All manifest-contained 9-mer window combinations retained for sensitivity; not a predictor-selected register or a re-ranking score.
EBV_TCELL_2268933::HUMAN_MYELIN_5516,9,EBV_TCELL_2268933,HUMAN_MYELIN_5516,1,VTNILIYNG,1,AVPVYIYFN,2,All manifest-contained 9-mer window combinations retained for sensitivity; not a predictor-selected register or a re-ranking score.
EBV_TCELL_2268933::HUMAN_MYELIN_5516,9,EBV_TCELL_2268933,HUMAN_MYELIN_5516,1,VTNILIYNG,2,VPVYIYFNT,2,All manifest-contained 9-mer window combinations retained for sensitivity; not a predictor-selected register or a re-ranking score.
EBV_TCELL_2268933::HUMAN_MYELIN_5516,9,EBV_TCELL_2268933,HUMAN_MYELIN_5516,1,VTNILIYNG,3,PVYIYFNTW,0,All manifest-contained 9-mer window combinations retained for sensitivity; not a predictor-selected register or a re-ranking score.
EBV_TCELL_2268933::HUMAN_MYELIN_5516,9,EBV_TCELL_2268933,HUMAN_MYELIN_5516,1,VTNILIYNG,4,VYIYFNTWT,0,All manifest-contained 9-mer window combinations retained for sensitivity; not a predictor-selected register or a re-ranking score.
EBV_TCELL_2268933::HUMAN_MYELIN_5516,9,EBV_TCELL_2268933,HUMAN_MYELIN_5516,1,VTNILIYNG,5,YIYFNTWTT,0,All manifest-contained 9-mer window combinations retained for sensitivity; not a predictor-selected register or a re-ranking score.
EBV_TCELL_2268933::HUMAN_MYELIN_5516,9,EBV_TCELL_2268933,HUMAN_MYELIN_5516,1,VTNILIYNG,6,IYFNTWTTC,0,All manifest-contained 9-mer window combinations retained for sensitivity; not a predictor-selected register or a re-ranking score.
EBV_TCELL_2268933::HUMAN_MYELIN_5516,9,EBV_TCELL_2268933,HUMAN_MYELIN_5516,1,VTNILIYNG,7,YFNTWTTCQ,0,All manifest-contained 9-mer window combinations retained for sensitivity; not a predictor-selected register or a re-ranking score.
EBV_TCELL_2268933::HUMAN_MYELIN_5516,9,EBV_TCELL_2268933,HUMAN_MYELIN_5516,1,VTNILIYNG,8,FNTWTTCQS,0,All manifest-contained 9-mer window combinations retained for sensitivity; not a predictor-selected register or a re-ranking score.
EBV_TCELL_2268933::HUMAN_MYELIN_5516,9,EBV_TCELL_2268933,HUMAN_MYELIN_5516,1,VTNILIYNG,9,NTWTTCQSI,0,All manifest-contained 9-mer window combinations retained for sensitivity; not a predictor-selected register or a re-ranking score.
EBV_TCELL_2268933::HUMAN_MYELIN_5516,9,EBV_TCELL_2268933,HUMAN_MYELIN_5516,1,VTNILIYNG,10,TWTTCQSIA,0,All manifest-contained 9-mer window combinations retained for sensitivity; not a predictor-selected register or a re-ranking score.
EBV_TCELL_2268933::HUMAN_MYELIN_5516,9,EBV_TCELL_2268933,HUMAN_MYELIN_5516,1,VTNILIYNG,11,WTTCQSIAF,0,All manifest-contained 9-mer window combinations retained for sensitivity; not a predictor-selected register or a re-ranking score.
EBV_TCELL_2268933::HUMAN_MYELIN_5516,9,EBV_TCELL_2268933,HUMAN_MYELIN_5516,1,VTNILIYNG,12,TTCQSIAFP,0,All manifest-contained 9-mer window combinations retained for sensitivity; not a predictor-selected register or a re-ranking score.
EBV_TCELL_2268933::HUMAN_MYELIN_5516,9,EBV_TCELL_2268933,HUMAN_MYELIN_5516,2,TNILIYNGW,1,AVPVYIYFN,0,All manifest-contained 9-mer window combinations retained for sensitivity; not a predictor-selected register or a re-ranking score.
EBV_TCELL_2268933::HUMAN_MYELIN_5516,9,EBV_TCELL_2268933,HUMAN_MYELIN_5516,2,TNILIYNGW,2,VPVYIYFNT,2,All manifest-contained 9-mer window combinations retained for sensitivity; not a predictor-selected register or a re-ranking score.
EBV_TCELL_2268933::HUMAN_MYELIN_5516,9,EBV_TCELL_2268933,HUMAN_MYELIN_5516,2,TNILIYNGW,3,PVYIYFNTW,3,All manifest-contained 9-mer window combinations retained for sensitivity; not a predictor-selected register or a re-ranking score.
EBV_TCELL_2268933::HUMAN_MYELIN_5516,9,EBV_TCELL_2268933,HUMAN_MYELIN_5516,2,TNILIYNGW,4,VYIYFNTWT,0,All manifest-contained 9-mer window combinations retained for sensitivity; not a predictor-selected register or a re-ranking score.
EBV_TCELL_2268933::HUMAN_MYELIN_5516,9,EBV_TCELL_2268933,HUMAN_MYELIN_5516,2,TNILIYNGW,5,YIYFNTWTT,0,All manifest-contained 9-mer window combinations retained for sensitivity; not a predictor-selected register or a re-ranking score.
EBV_TCELL_2268933::HUMAN_MYELIN_5516,9,EBV_TCELL_2268933,HUMAN_MYELIN_5516,2,TNILIYNGW,6,IYFNTWTTC,0,All manifest-contained 9-mer window combinations retained for sensitivity; not a predictor-selected register or a re-ranking score.
EBV_TCELL_2268933::HUMAN_MYELIN_5516,9,EBV_TCELL_2268933,HUMAN_MYELIN_5516,2,TNILIYNGW,7,YFNTWTTCQ,0,All manifest-contained 9-mer window combinations retained for sensitivity; not a predictor-selected register or a re-ranking score.
EBV_TCELL_2268933::HUMAN_MYELIN_5516,9,EBV_TCELL_2268933,HUMAN_MYELIN_5516,2,TNILIYNGW,8,FNTWTTCQS,0,All manifest-contained 9-mer window combinations retained for sensitivity; not a predictor-selected register or a re-ranking score.
EBV_TCELL_2268933::HUMAN_MYELIN_5516,9,EBV_TCELL_2268933,HUMAN_MYELIN_5516,2,TNILIYNGW,9,NTWTTCQSI,0,All manifest-contained 9-mer window combinations retained for sensitivity; not a predictor-selected register or a re-ranking score.
EBV_TCELL_2268933::HUMAN_MYELIN_5516,9,EBV_TCELL_2268933,HUMAN_MYELIN_5516,2,TNILIYNGW,10,TWTTCQSIA,0,All manifest-contained 9-mer window combinations retained for sensitivity; not a predictor-selected register or a re-ranking score.
EBV_TCELL_2268933::HUMAN_MYELIN_5516,9,EBV_TCELL_2268933,HUMAN_MYELIN_5516,2,TNILIYNGW,11,WTTCQSIAF,0,All manifest-contained 9-mer window combinations retained for sensitivity; not a predictor-selected register or a re-ranking score.
EBV_TCELL_2268933::HUMAN_MYELIN_5516,9,EBV_TCELL_2268933,HUMAN_MYELIN_5516,2,TNILIYNGW,12,TTCQSIAFP,0,All manifest-contained 9-mer window combinations retained for sensitivity; not a predictor-selected register or a re-ranking score.
EBV_TCELL_2268933::HUMAN_MYELIN_5516,9,EBV_TCELL_2268933,HUMAN_MYELIN_5516,3,NILIYNGWY,1,AVPVYIYFN,0,All manifest-contained 9-mer window combinations retained for sensitivity; not a predictor-selected register or a re-ranking score.
EBV_TCELL_2268933::HUMAN_MYELIN_5516,9,EBV_TCELL_2268933,HUMAN_MYELIN_5516,3,NILIYNGWY,2,VPVYIYFNT,0,All manifest-contained 9-mer window combinations retained for sensitivity; not a predictor-selected register or a re-ranking score.
EBV_TCELL_2268933::HUMAN_MYELIN_5516,9,EBV_TCELL_2268933,HUMAN_MYELIN_5516,3,NILIYNGWY,3,PVYIYFNTW,2,All manifest-contained 9-mer window combinations retained for sensitivity; not a predictor-selected register or a re-ranking score.
EBV_TCELL_2268933::HUMAN_MYELIN_5516,9,EBV_TCELL_2268933,HUMAN_MYELIN_5516,3,NILIYNGWY,4,VYIYFNTWT,3,All manifest-contained 9-mer window combinations retained for sensitivity; not a predictor-selected register or a re-ranking score.
EBV_TCELL_2268933::HUMAN_MYELIN_5516,9,EBV_TCELL_2268933,HUMAN_MYELIN_5516,3,NILIYNGWY,5,YIYFNTWTT,0,All manifest-contained 9-mer window combinations retained for sensitivity; not a predictor-selected register or a re-ranking score.
EBV_TCELL_2268933::HUMAN_MYELIN_5516,9,EBV_TCELL_2268933,HUMAN_MYELIN_5516,3,NILIYNGWY,6,IYFNTWTTC,0,All manifest-contained 9-mer window combinations retained for sensitivity; not a predictor-selected register or a re-ranking score.
EBV_TCELL_2268933::HUMAN_MYELIN_5516,9,EBV_TCELL_2268933,HUMAN_MYELIN_5516,3,NILIYNGWY,7,YFNTWTTCQ,0,All manifest-contained 9-mer window combinations retained for sensitivity; not a predictor-selected register or a re-ranking score.
EBV_TCELL_2268933::HUMAN_MYELIN_5516,9,EBV_TCELL_2268933,HUMAN_MYELIN_5516,3,NILIYNGWY,8,FNTWTTCQS,0,All manifest-contained 9-mer window combinations retained for sensitivity; not a predictor-selected register or a re-ranking score.
EBV_TCELL_2268933::HUMAN_MYELIN_5516,9,EBV_TCELL_2268933,HUMAN_MYELIN_5516,3,NILIYNGWY,9,NTWTTCQSI,0,All manifest-contained 9-mer window combinations retained for sensitivity; not a predictor-selected register or a re-ranking score.
EBV_TCELL_2268933::HUMAN_MYELIN_5516,9,EBV_TCELL_2268933,HUMAN_MYELIN_5516,3,NILIYNGWY,10,TWTTCQSIA,0,All manifest-contained 9-mer window combinations retained for sensitivity; not a predictor-selected register or a re-ranking score.
EBV_TCELL_2268933::HUMAN_MYELIN_5516,9,EBV_TCELL_2268933,HUMAN_MYELIN_5516,3,NILIYNGWY,11,WTTCQSIAF,0,All manifest-contained 9-mer window combinations retained for sensitivity; not a predictor-selected register or a re-ranking score.
EBV_TCELL_2268933::HUMAN_MYELIN_5516,9,EBV_TCELL_2268933,HUMAN_MYELIN_5516,3,NILIYNGWY,12,TTCQSIAFP,0,All manifest-contained 9-mer window combinations retained for sensitivity; not a predictor-selected register or a re-ranking score.
EBV_TCELL_2268933::HUMAN_MYELIN_5516,9,EBV_TCELL_2268933,HUMAN_MYELIN_5516,4,ILIYNGWYA,1,AVPVYIYFN,0,All manifest-contained 9-mer window combinations retained for sensitivity; not a predictor-selected register or a re-ranking score.
EBV_TCELL_2268933::HUMAN_MYELIN_5516,9,EBV_TCELL_2268933,HUMAN_MYELIN_5516,4,ILIYNGWYA,2,VPVYIYFNT,0,All manifest-contained 9-mer window combinations retained for sensitivity; not a predictor-selected register or a re-ranking score.
EBV_TCELL_2268933::HUMAN_MYELIN_5516,9,EBV_TCELL_2268933,HUMAN_MYELIN_5516,4,ILIYNGWYA,3,PVYIYFNTW,0,All manifest-contained 9-mer window combinations retained for sensitivity; not a predictor-selected register or a re-ranking score.
EBV_TCELL_2268933::HUMAN_MYELIN_5516,9,EBV_TCELL_2268933,HUMAN_MYELIN_5516,4,ILIYNGWYA,4,VYIYFNTWT,2,All manifest-contained 9-mer window combinations retained for sensitivity; not a predictor-selected register or a re-ranking score.
EBV_TCELL_2268933::HUMAN_MYELIN_5516,9,EBV_TCELL_2268933,HUMAN_MYELIN_5516,4,ILIYNGWYA,5,YIYFNTWTT,3,All manifest-contained 9-mer window combinations retained for sensitivity; not a predictor-selected register or a re-ranking score.
EBV_TCELL_2268933::HUMAN_MYELIN_5516,9,EBV_TCELL_2268933,HUMAN_MYELIN_5516,4,ILIYNGWYA,6,IYFNTWTTC,0,All manifest-contained 9-mer window combinations retained for sensitivity; not a predictor-selected register or a re-ranking score.
EBV_TCELL_2268933::HUMAN_MYELIN_5516,9,EBV_TCELL_2268933,HUMAN_MYELIN_5516,4,ILIYNGWYA,7,YFNTWTTCQ,0,All manifest-contained 9-mer window combinations retained for sensitivity; not a predictor-selected register or a re-ranking score.
EBV_TCELL_2268933::HUMAN_MYELIN_5516,9,EBV_TCELL_2268933,HUMAN_MYELIN_5516,4,ILIYNGWYA,8,FNTWTTCQS,0,All manifest-contained 9-mer window combinations retained for sensitivity; not a predictor-selected register or a re-ranking score.
EBV_TCELL_2268933::HUMAN_MYELIN_5516,9,EBV_TCELL_2268933,HUMAN_MYELIN_5516,4,ILIYNGWYA,9,NTWTTCQSI,0,All manifest-contained 9-mer window combinations retained for sensitivity; not a predictor-selected register or a re-ranking score.
EBV_TCELL_2268933::HUMAN_MYELIN_5516,9,EBV_TCELL_2268933,HUMAN_MYELIN_5516,4,ILIYNGWYA,10,TWTTCQSIA,0,All manifest-contained 9-mer window combinations retained for sensitivity; not a predictor-selected register or a re-ranking score.
EBV_TCELL_2268933::HUMAN_MYELIN_5516,9,EBV_TCELL_2268933,HUMAN_MYELIN_5516,4,ILIYNGWYA,11,WTTCQSIAF,0,All manifest-contained 9-mer window combinations retained for sensitivity; not a predictor-selected register or a re-ranking score.
EBV_TCELL_2268933::HUMAN_MYELIN_5516,9,EBV_TCELL_2268933,HUMAN_MYELIN_5516,4,ILIYNGWYA,12,TTCQSIAFP,0,All manifest-contained 9-mer window combinations retained for sensitivity; not a predictor-selected register or a re-ranking score.
EBV_TCELL_2268933::HUMAN_MYELIN_5516,9,EBV_TCELL_2268933,HUMAN_MYELIN_5516,5,LIYNGWYAD,1,AVPVYIYFN,0,All manifest-contained 9-mer window combinations retained for sensitivity; not a predictor-selected register or a re-ranking score.
EBV_TCELL_2268933::HUMAN_MYELIN_5516,9,EBV_TCELL_2268933,HUMAN_MYELIN_5516,5,LIYNGWYAD,2,VPVYIYFNT,0,All manifest-contained 9-mer window combinations retained for sensitivity; not a predictor-selected register or a re-ranking score.
EBV_TCELL_2268933::HUMAN_MYELIN_5516,9,EBV_TCELL_2268933,HUMAN_MYELIN_5516,5,LIYNGWYAD,3,PVYIYFNTW,0,All manifest-contained 9-mer window combinations retained for sensitivity; not a predictor-selected register or a re-ranking score.
EBV_TCELL_2268933::HUMAN_MYELIN_5516,9,EBV_TCELL_2268933,HUMAN_MYELIN_5516,5,LIYNGWYAD,4,VYIYFNTWT,0,All manifest-contained 9-mer window combinations retained for sensitivity; not a predictor-selected register or a re-ranking score.
EBV_TCELL_2268933::HUMAN_MYELIN_5516,9,EBV_TCELL_2268933,HUMAN_MYELIN_5516,5,LIYNGWYAD,5,YIYFNTWTT,2,All manifest-contained 9-mer window combinations retained for sensitivity; not a predictor-selected register or a re-ranking score.
EBV_TCELL_2268933::HUMAN_MYELIN_5516,9,EBV_TCELL_2268933,HUMAN_MYELIN_5516,5,LIYNGWYAD,6,IYFNTWTTC,3,All manifest-contained 9-mer window combinations retained for sensitivity; not a predictor-selected register or a re-ranking score.
EBV_TCELL_2268933::HUMAN_MYELIN_5516,9,EBV_TCELL_2268933,HUMAN_MYELIN_5516,5,LIYNGWYAD,7,YFNTWTTCQ,0,All manifest-contained 9-mer window combinations retained for sensitivity; not a predictor-selected register or a re-ranking score.
EBV_TCELL_2268933::HUMAN_MYELIN_5516,9,EBV_TCELL_2268933,HUMAN_MYELIN_5516,5,LIYNGWYAD,8,FNTWTTCQS,0,All manifest-contained 9-mer window combinations retained for sensitivity; not a predictor-selected register or a re-ranking score.
EBV_TCELL_2268933::HUMAN_MYELIN_5516,9,EBV_TCELL_2268933,HUMAN_MYELIN_5516,5,LIYNGWYAD,9,NTWTTCQSI,0,All manifest-contained 9-mer window combinations retained for sensitivity; not a predictor-selected register or a re-ranking score.
EBV_TCELL_2268933::HUMAN_MYELIN_5516,9,EBV_TCELL_2268933,HUMAN_MYELIN_5516,5,LIYNGWYAD,10,TWTTCQSIA,0,All manifest-contained 9-mer window combinations retained for sensitivity; not a predictor-selected register or a re-ranking score.
EBV_TCELL_2268933::HUMAN_MYELIN_5516,9,EBV_TCELL_2268933,HUMAN_MYELIN_5516,5,LIYNGWYAD,11,WTTCQSIAF,0,All manifest-contained 9-mer window combinations retained for sensitivity; not a predictor-selected register or a re-ranking score.
EBV_TCELL_2268933::HUMAN_MYELIN_5516,9,EBV_TCELL_2268933,HUMAN_MYELIN_5516,5,LIYNGWYAD,12,TTCQSIAFP,0,All manifest-contained 9-mer window combinations retained for sensitivity; not a predictor-selected register or a re-ranking score.
EBV_TCELL_2268933::HUMAN_MYELIN_5516,9,EBV_TCELL_2268933,HUMAN_MYELIN_5516,6,IYNGWYADS,1,AVPVYIYFN,0,All manifest-contained 9-mer window combinations retained for sensitivity; not a predictor-selected register or a re-ranking score.
EBV_TCELL_2268933::HUMAN_MYELIN_5516,9,EBV_TCELL_2268933,HUMAN_MYELIN_5516,6,IYNGWYADS,2,VPVYIYFNT,0,All manifest-contained 9-mer window combinations retained for sensitivity; not a predictor-selected register or a re-ranking score.
EBV_TCELL_2268933::HUMAN_MYELIN_5516,9,EBV_TCELL_2268933,HUMAN_MYELIN_5516,6,IYNGWYADS,3,PVYIYFNTW,0,All manifest-contained 9-mer window combinations retained for sensitivity; not a predictor-selected register or a re-ranking score.
EBV_TCELL_2268933::HUMAN_MYELIN_5516,9,EBV_TCELL_2268933,HUMAN_MYELIN_5516,6,IYNGWYADS,4,VYIYFNTWT,0,All manifest-contained 9-mer window combinations retained for sensitivity; not a predictor-selected register or a re-ranking score.
EBV_TCELL_2268933::HUMAN_MYELIN_5516,9,EBV_TCELL_2268933,HUMAN_MYELIN_5516,6,IYNGWYADS,5,YIYFNTWTT,0,All manifest-contained 9-mer window combinations retained for sensitivity; not a predictor-selected register or a re-ranking score.
EBV_TCELL_2268933::HUMAN_MYELIN_5516,9,EBV_TCELL_2268933,HUMAN_MYELIN_5516,6,IYNGWYADS,6,IYFNTWTTC,2,All manifest-contained 9-mer window combinations retained for sensitivity; not a predictor-selected register or a re-ranking score.
EBV_TCELL_2268933::HUMAN_MYELIN_5516,9,EBV_TCELL_2268933,HUMAN_MYELIN_5516,6,IYNGWYADS,7,YFNTWTTCQ,3,All manifest-contained 9-mer window combinations retained for sensitivity; not a predictor-selected register or a re-ranking score.
EBV_TCELL_2268933::HUMAN_MYELIN_5516,9,EBV_TCELL_2268933,HUMAN_MYELIN_5516,6,IYNGWYADS,8,FNTWTTCQS,0,All manifest-contained 9-mer window combinations retained for sensitivity; not a predictor-selected register or a re-ranking score.
EBV_TCELL_2268933::HUMAN_MYELIN_5516,9,EBV_TCELL_2268933,HUMAN_MYELIN_5516,6,IYNGWYADS,9,NTWTTCQSI,0,All manifest-contained 9-mer window combinations retained for sensitivity; not a predictor-selected register or a re-ranking score.
EBV_TCELL_2268933::HUMAN_MYELIN_5516,9,EBV_TCELL_2268933,HUMAN_MYELIN_5516,6,IYNGWYADS,10,TWTTCQSIA,0,All manifest-contained 9-mer window combinations retained for sensitivity; not a predictor-selected register or a re-ranking score.
EBV_TCELL_2268933::HUMAN_MYELIN_5516,9,EBV_TCELL_2268933,HUMAN_MYELIN_5516,6,IYNGWYADS,11,WTTCQSIAF,0,All manifest-contained 9-mer window combinations retained for sensitivity; not a predictor-selected register or a re-ranking score.
EBV_TCELL_2268933::HUMAN_MYELIN_5516,9,EBV_TCELL_2268933,HUMAN_MYELIN_5516,6,IYNGWYADS,12,TTCQSIAFP,0,All manifest-contained 9-mer window combinations retained for sensitivity; not a predictor-selected register or a re-ranking score.
EBV_TCELL_63843::HUMAN_MYELIN_114925,10,EBV_TCELL_63843,HUMAN_MYELIN_114925,1,TGGVYHFVK,1,QDENPVVHF,0,All manifest-contained 9-mer window combinations retained for sensitivity; not a predictor-selected register or a re-ranking score.
EBV_TCELL_63843::HUMAN_MYELIN_114925,10,EBV_TCELL_63843,HUMAN_MYELIN_114925,1,TGGVYHFVK,2,DENPVVHFF,0,All manifest-contained 9-mer window combinations retained for sensitivity; not a predictor-selected register or a re-ranking score.
EBV_TCELL_63843::HUMAN_MYELIN_114925,10,EBV_TCELL_63843,HUMAN_MYELIN_114925,1,TGGVYHFVK,3,ENPVVHFFK,6,All manifest-contained 9-mer window combinations retained for sensitivity; not a predictor-selected register or a re-ranking score.
EBV_TCELL_63843::HUMAN_MYELIN_114925,10,EBV_TCELL_63843,HUMAN_MYELIN_114925,1,TGGVYHFVK,4,NPVVHFFKN,0,All manifest-contained 9-mer window combinations retained for sensitivity; not a predictor-selected register or a re-ranking score.
EBV_TCELL_63843::HUMAN_MYELIN_114925,10,EBV_TCELL_63843,HUMAN_MYELIN_114925,1,TGGVYHFVK,5,PVVHFFKNI,0,All manifest-contained 9-mer window combinations retained for sensitivity; not a predictor-selected register or a re-ranking score.
EBV_TCELL_63843::HUMAN_MYELIN_114925,10,EBV_TCELL_63843,HUMAN_MYELIN_114925,1,TGGVYHFVK,6,VVHFFKNIV,0,All manifest-contained 9-mer window combinations retained for sensitivity; not a predictor-selected register or a re-ranking score.
EBV_TCELL_63843::HUMAN_MYELIN_114925,10,EBV_TCELL_63843,HUMAN_MYELIN_114925,1,TGGVYHFVK,7,VHFFKNIVT,0,All manifest-contained 9-mer window combinations retained for sensitivity; not a predictor-selected register or a re-ranking score.
EBV_TCELL_63843::HUMAN_MYELIN_114925,10,EBV_TCELL_63843,HUMAN_MYELIN_114925,1,TGGVYHFVK,8,HFFKNIVTP,0,All manifest-contained 9-mer window combinations retained for sensitivity; not a predictor-selected register or a re-ranking score.
EBV_TCELL_63843::HUMAN_MYELIN_114925,10,EBV_TCELL_63843,HUMAN_MYELIN_114925,1,TGGVYHFVK,9,FFKNIVTPR,0,All manifest-contained 9-mer window combinations retained for sensitivity; not a predictor-selected register or a re-ranking score.
EBV_TCELL_63843::HUMAN_MYELIN_114925,10,EBV_TCELL_63843,HUMAN_MYELIN_114925,1,TGGVYHFVK,10,FKNIVTPRT,0,All manifest-contained 9-mer window combinations retained for sensitivity; not a predictor-selected register or a re-ranking score.
EBV_TCELL_63843::HUMAN_MYELIN_114925,10,EBV_TCELL_63843,HUMAN_MYELIN_114925,1,TGGVYHFVK,11,KNIVTPRTP,0,All manifest-contained 9-mer window combinations retained for sensitivity; not a predictor-selected register or a re-ranking score.
EBV_TCELL_63843::HUMAN_MYELIN_114925,10,EBV_TCELL_63843,HUMAN_MYELIN_114925,2,GGVYHFVKK,1,QDENPVVHF,0,All manifest-contained 9-mer window combinations retained for sensitivity; not a predictor-selected register or a re-ranking score.
EBV_TCELL_63843::HUMAN_MYELIN_114925,10,EBV_TCELL_63843,HUMAN_MYELIN_114925,2,GGVYHFVKK,2,DENPVVHFF,0,All manifest-contained 9-mer window combinations retained for sensitivity; not a predictor-selected register or a re-ranking score.
EBV_TCELL_63843::HUMAN_MYELIN_114925,10,EBV_TCELL_63843,HUMAN_MYELIN_114925,2,GGVYHFVKK,3,ENPVVHFFK,0,All manifest-contained 9-mer window combinations retained for sensitivity; not a predictor-selected register or a re-ranking score.
EBV_TCELL_63843::HUMAN_MYELIN_114925,10,EBV_TCELL_63843,HUMAN_MYELIN_114925,2,GGVYHFVKK,4,NPVVHFFKN,6,All manifest-contained 9-mer window combinations retained for sensitivity; not a predictor-selected register or a re-ranking score.
EBV_TCELL_63843::HUMAN_MYELIN_114925,10,EBV_TCELL_63843,HUMAN_MYELIN_114925,2,GGVYHFVKK,5,PVVHFFKNI,0,All manifest-contained 9-mer window combinations retained for sensitivity; not a predictor-selected register or a re-ranking score.
EBV_TCELL_63843::HUMAN_MYELIN_114925,10,EBV_TCELL_63843,HUMAN_MYELIN_114925,2,GGVYHFVKK,6,VVHFFKNIV,0,All manifest-contained 9-mer window combinations retained for sensitivity; not a predictor-selected register or a re-ranking score.
EBV_TCELL_63843::HUMAN_MYELIN_114925,10,EBV_TCELL_63843,HUMAN_MYELIN_114925,2,GGVYHFVKK,7,VHFFKNIVT,0,All manifest-contained 9-mer window combinations retained for sensitivity; not a predictor-selected register or a re-ranking score.
EBV_TCELL_63843::HUMAN_MYELIN_114925,10,EBV_TCELL_63843,HUMAN_MYELIN_114925,2,GGVYHFVKK,8,HFFKNIVTP,0,All manifest-contained 9-mer window combinations retained for sensitivity; not a predictor-selected register or a re-ranking score.
EBV_TCELL_63843::HUMAN_MYELIN_114925,10,EBV_TCELL_63843,HUMAN_MYELIN_114925,2,GGVYHFVKK,9,FFKNIVTPR,0,All manifest-contained 9-mer window combinations retained for sensitivity; not a predictor-selected register or a re-ranking score.
EBV_TCELL_63843::HUMAN_MYELIN_114925,10,EBV_TCELL_63843,HUMAN_MYELIN_114925,2,GGVYHFVKK,10,FKNIVTPRT,0,All manifest-contained 9-mer window combinations retained for sensitivity; not a predictor-selected register or a re-ranking score.
EBV_TCELL_63843::HUMAN_MYELIN_114925,10,EBV_TCELL_63843,HUMAN_MYELIN_114925,2,GGVYHFVKK,11,KNIVTPRTP,0,All manifest-contained 9-mer window combinations retained for sensitivity; not a predictor-selected register or a re-ranking score.
EBV_TCELL_63843::HUMAN_MYELIN_114925,10,EBV_TCELL_63843,HUMAN_MYELIN_114925,3,GVYHFVKKH,1,QDENPVVHF,0,All manifest-contained 9-mer window combinations retained for sensitivity; not a predictor-selected register or a re-ranking score.
EBV_TCELL_63843::HUMAN_MYELIN_114925,10,EBV_TCELL_63843,HUMAN_MYELIN_114925,3,GVYHFVKKH,2,DENPVVHFF,0,All manifest-contained 9-mer window combinations retained for sensitivity; not a predictor-selected register or a re-ranking score.
EBV_TCELL_63843::HUMAN_MYELIN_114925,10,EBV_TCELL_63843,HUMAN_MYELIN_114925,3,GVYHFVKKH,3,ENPVVHFFK,0,All manifest-contained 9-mer window combinations retained for sensitivity; not a predictor-selected register or a re-ranking score.
EBV_TCELL_63843::HUMAN_MYELIN_114925,10,EBV_TCELL_63843,HUMAN_MYELIN_114925,3,GVYHFVKKH,4,NPVVHFFKN,0,All manifest-contained 9-mer window combinations retained for sensitivity; not a predictor-selected register or a re-ranking score.
EBV_TCELL_63843::HUMAN_MYELIN_114925,10,EBV_TCELL_63843,HUMAN_MYELIN_114925,3,GVYHFVKKH,5,PVVHFFKNI,6,All manifest-contained 9-mer window combinations retained for sensitivity; not a predictor-selected register or a re-ranking score.
EBV_TCELL_63843::HUMAN_MYELIN_114925,10,EBV_TCELL_63843,HUMAN_MYELIN_114925,3,GVYHFVKKH,6,VVHFFKNIV,0,All manifest-contained 9-mer window combinations retained for sensitivity; not a predictor-selected register or a re-ranking score.
EBV_TCELL_63843::HUMAN_MYELIN_114925,10,EBV_TCELL_63843,HUMAN_MYELIN_114925,3,GVYHFVKKH,7,VHFFKNIVT,0,All manifest-contained 9-mer window combinations retained for sensitivity; not a predictor-selected register or a re-ranking score.
EBV_TCELL_63843::HUMAN_MYELIN_114925,10,EBV_TCELL_63843,HUMAN_MYELIN_114925,3,GVYHFVKKH,8,HFFKNIVTP,0,All manifest-contained 9-mer window combinations retained for sensitivity; not a predictor-selected register or a re-ranking score.
EBV_TCELL_63843::HUMAN_MYELIN_114925,10,EBV_TCELL_63843,HUMAN_MYELIN_114925,3,GVYHFVKKH,9,FFKNIVTPR,0,All manifest-contained 9-mer window combinations retained for sensitivity; not a predictor-selected register or a re-ranking score.
EBV_TCELL_63843::HUMAN_MYELIN_114925,10,EBV_TCELL_63843,HUMAN_MYELIN_114925,3,GVYHFVKKH,10,FKNIVTPRT,0,All manifest-contained 9-mer window combinations retained for sensitivity; not a predictor-selected register or a re-ranking score.
EBV_TCELL_63843::HUMAN_MYELIN_114925,10,EBV_TCELL_63843,HUMAN_MYELIN_114925,3,GVYHFVKKH,11,KNIVTPRTP,0,All manifest-contained 9-mer window combinations retained for sensitivity; not a predictor-selected register or a re-ranking score.
EBV_TCELL_63843::HUMAN_MYELIN_114925,10,EBV_TCELL_63843,HUMAN_MYELIN_114925,4,VYHFVKKHV,1,QDENPVVHF,0,All manifest-contained 9-mer window combinations retained for sensitivity; not a predictor-selected register or a re-ranking score.
EBV_TCELL_63843::HUMAN_MYELIN_114925,10,EBV_TCELL_63843,HUMAN_MYELIN_114925,4,VYHFVKKHV,2,DENPVVHFF,0,All manifest-contained 9-mer window combinations retained for sensitivity; not a predictor-selected register or a re-ranking score.
EBV_TCELL_63843::HUMAN_MYELIN_114925,10,EBV_TCELL_63843,HUMAN_MYELIN_114925,4,VYHFVKKHV,3,ENPVVHFFK,0,All manifest-contained 9-mer window combinations retained for sensitivity; not a predictor-selected register or a re-ranking score.
EBV_TCELL_63843::HUMAN_MYELIN_114925,10,EBV_TCELL_63843,HUMAN_MYELIN_114925,4,VYHFVKKHV,4,NPVVHFFKN,0,All manifest-contained 9-mer window combinations retained for sensitivity; not a predictor-selected register or a re-ranking score.
EBV_TCELL_63843::HUMAN_MYELIN_114925,10,EBV_TCELL_63843,HUMAN_MYELIN_114925,4,VYHFVKKHV,5,PVVHFFKNI,0,All manifest-contained 9-mer window combinations retained for sensitivity; not a predictor-selected register or a re-ranking score.
EBV_TCELL_63843::HUMAN_MYELIN_114925,10,EBV_TCELL_63843,HUMAN_MYELIN_114925,4,VYHFVKKHV,6,VVHFFKNIV,6,All manifest-contained 9-mer window combinations retained for sensitivity; not a predictor-selected register or a re-ranking score.
EBV_TCELL_63843::HUMAN_MYELIN_114925,10,EBV_TCELL_63843,HUMAN_MYELIN_114925,4,VYHFVKKHV,7,VHFFKNIVT,0,All manifest-contained 9-mer window combinations retained for sensitivity; not a predictor-selected register or a re-ranking score.
EBV_TCELL_63843::HUMAN_MYELIN_114925,10,EBV_TCELL_63843,HUMAN_MYELIN_114925,4,VYHFVKKHV,8,HFFKNIVTP,0,All manifest-contained 9-mer window combinations retained for sensitivity; not a predictor-selected register or a re-ranking score.
EBV_TCELL_63843::HUMAN_MYELIN_114925,10,EBV_TCELL_63843,HUMAN_MYELIN_114925,4,VYHFVKKHV,9,FFKNIVTPR,0,All manifest-contained 9-mer window combinations retained for sensitivity; not a predictor-selected register or a re-ranking score.
EBV_TCELL_63843::HUMAN_MYELIN_114925,10,EBV_TCELL_63843,HUMAN_MYELIN_114925,4,VYHFVKKHV,10,FKNIVTPRT,0,All manifest-contained 9-mer window combinations retained for sensitivity; not a predictor-selected register or a re-ranking score.
EBV_TCELL_63843::HUMAN_MYELIN_114925,10,EBV_TCELL_63843,HUMAN_MYELIN_114925,4,VYHFVKKHV,11,KNIVTPRTP,0,All manifest-contained 9-mer window combinations retained for sensitivity; not a predictor-selected register or a re-ranking score.
EBV_TCELL_63843::HUMAN_MYELIN_114925,10,EBV_TCELL_63843,HUMAN_MYELIN_114925,5,YHFVKKHVH,1,QDENPVVHF,0,All manifest-contained 9-mer window combinations retained for sensitivity; not a predictor-selected register or a re-ranking score.
EBV_TCELL_63843::HUMAN_MYELIN_114925,10,EBV_TCELL_63843,HUMAN_MYELIN_114925,5,YHFVKKHVH,2,DENPVVHFF,0,All manifest-contained 9-mer window combinations retained for sensitivity; not a predictor-selected register or a re-ranking score.
EBV_TCELL_63843::HUMAN_MYELIN_114925,10,EBV_TCELL_63843,HUMAN_MYELIN_114925,5,YHFVKKHVH,3,ENPVVHFFK,0,All manifest-contained 9-mer window combinations retained for sensitivity; not a predictor-selected register or a re-ranking score.
EBV_TCELL_63843::HUMAN_MYELIN_114925,10,EBV_TCELL_63843,HUMAN_MYELIN_114925,5,YHFVKKHVH,4,NPVVHFFKN,0,All manifest-contained 9-mer window combinations retained for sensitivity; not a predictor-selected register or a re-ranking score.
EBV_TCELL_63843::HUMAN_MYELIN_114925,10,EBV_TCELL_63843,HUMAN_MYELIN_114925,5,YHFVKKHVH,5,PVVHFFKNI,0,All manifest-contained 9-mer window combinations retained for sensitivity; not a predictor-selected register or a re-ranking score.
EBV_TCELL_63843::HUMAN_MYELIN_114925,10,EBV_TCELL_63843,HUMAN_MYELIN_114925,5,YHFVKKHVH,6,VVHFFKNIV,0,All manifest-contained 9-mer window combinations retained for sensitivity; not a predictor-selected register or a re-ranking score.
EBV_TCELL_63843::HUMAN_MYELIN_114925,10,EBV_TCELL_63843,HUMAN_MYELIN_114925,5,YHFVKKHVH,7,VHFFKNIVT,5,All manifest-contained 9-mer window combinations retained for sensitivity; not a predictor-selected register or a re-ranking score.
EBV_TCELL_63843::HUMAN_MYELIN_114925,10,EBV_TCELL_63843,HUMAN_MYELIN_114925,5,YHFVKKHVH,8,HFFKNIVTP,0,All manifest-contained 9-mer window combinations retained for sensitivity; not a predictor-selected register or a re-ranking score.
EBV_TCELL_63843::HUMAN_MYELIN_114925,10,EBV_TCELL_63843,HUMAN_MYELIN_114925,5,YHFVKKHVH,9,FFKNIVTPR,0,All manifest-contained 9-mer window combinations retained for sensitivity; not a predictor-selected register or a re-ranking score.
EBV_TCELL_63843::HUMAN_MYELIN_114925,10,EBV_TCELL_63843,HUMAN_MYELIN_114925,5,YHFVKKHVH,10,FKNIVTPRT,0,All manifest-contained 9-mer window combinations retained for sensitivity; not a predictor-selected register or a re-ranking score.
EBV_TCELL_63843::HUMAN_MYELIN_114925,10,EBV_TCELL_63843,HUMAN_MYELIN_114925,5,YHFVKKHVH,11,KNIVTPRTP,0,All manifest-contained 9-mer window combinations retained for sensitivity; not a predictor-selected register or a re-ranking score.
EBV_TCELL_63843::HUMAN_MYELIN_114925,10,EBV_TCELL_63843,HUMAN_MYELIN_114925,6,HFVKKHVHE,1,QDENPVVHF,0,All manifest-contained 9-mer window combinations retained for sensitivity; not a predictor-selected register or a re-ranking score.
EBV_TCELL_63843::HUMAN_MYELIN_114925,10,EBV_TCELL_63843,HUMAN_MYELIN_114925,6,HFVKKHVHE,2,DENPVVHFF,0,All manifest-contained 9-mer window combinations retained for sensitivity; not a predictor-selected register or a re-ranking score.
EBV_TCELL_63843::HUMAN_MYELIN_114925,10,EBV_TCELL_63843,HUMAN_MYELIN_114925,6,HFVKKHVHE,3,ENPVVHFFK,0,All manifest-contained 9-mer window combinations retained for sensitivity; not a predictor-selected register or a re-ranking score.
EBV_TCELL_63843::HUMAN_MYELIN_114925,10,EBV_TCELL_63843,HUMAN_MYELIN_114925,6,HFVKKHVHE,4,NPVVHFFKN,0,All manifest-contained 9-mer window combinations retained for sensitivity; not a predictor-selected register or a re-ranking score.
EBV_TCELL_63843::HUMAN_MYELIN_114925,10,EBV_TCELL_63843,HUMAN_MYELIN_114925,6,HFVKKHVHE,5,PVVHFFKNI,0,All manifest-contained 9-mer window combinations retained for sensitivity; not a predictor-selected register or a re-ranking score.
EBV_TCELL_63843::HUMAN_MYELIN_114925,10,EBV_TCELL_63843,HUMAN_MYELIN_114925,6,HFVKKHVHE,6,VVHFFKNIV,0,All manifest-contained 9-mer window combinations retained for sensitivity; not a predictor-selected register or a re-ranking score.
EBV_TCELL_63843::HUMAN_MYELIN_114925,10,EBV_TCELL_63843,HUMAN_MYELIN_114925,6,HFVKKHVHE,7,VHFFKNIVT,0,All manifest-contained 9-mer window combinations retained for sensitivity; not a predictor-selected register or a re-ranking score.
EBV_TCELL_63843::HUMAN_MYELIN_114925,10,EBV_TCELL_63843,HUMAN_MYELIN_114925,6,HFVKKHVHE,8,HFFKNIVTP,4,All manifest-contained 9-mer window combinations retained for sensitivity; not a predictor-selected register or a re-ranking score.
EBV_TCELL_63843::HUMAN_MYELIN_114925,10,EBV_TCELL_63843,HUMAN_MYELIN_114925,6,HFVKKHVHE,9,FFKNIVTPR,0,All manifest-contained 9-mer window combinations retained for sensitivity; not a predictor-selected register or a re-ranking score.
EBV_TCELL_63843::HUMAN_MYELIN_114925,10,EBV_TCELL_63843,HUMAN_MYELIN_114925,6,HFVKKHVHE,10,FKNIVTPRT,0,All manifest-contained 9-mer window combinations retained for sensitivity; not a predictor-selected register or a re-ranking score.
EBV_TCELL_63843::HUMAN_MYELIN_114925,10,EBV_TCELL_63843,HUMAN_MYELIN_114925,6,HFVKKHVHE,11,KNIVTPRTP,0,All manifest-contained 9-mer window combinations retained for sensitivity; not a predictor-selected register or a re-ranking score.
EBV_TCELL_63843::HUMAN_MYELIN_114925,10,EBV_TCELL_63843,HUMAN_MYELIN_114925,7,FVKKHVHES,1,QDENPVVHF,0,All manifest-contained 9-mer window combinations retained for sensitivity; not a predictor-selected register or a re-ranking score.
EBV_TCELL_63843::HUMAN_MYELIN_114925,10,EBV_TCELL_63843,HUMAN_MYELIN_114925,7,FVKKHVHES,2,DENPVVHFF,0,All manifest-contained 9-mer window combinations retained for sensitivity; not a predictor-selected register or a re-ranking score.
EBV_TCELL_63843::HUMAN_MYELIN_114925,10,EBV_TCELL_63843,HUMAN_MYELIN_114925,7,FVKKHVHES,3,ENPVVHFFK,0,All manifest-contained 9-mer window combinations retained for sensitivity; not a predictor-selected register or a re-ranking score.
EBV_TCELL_63843::HUMAN_MYELIN_114925,10,EBV_TCELL_63843,HUMAN_MYELIN_114925,7,FVKKHVHES,4,NPVVHFFKN,0,All manifest-contained 9-mer window combinations retained for sensitivity; not a predictor-selected register or a re-ranking score.
EBV_TCELL_63843::HUMAN_MYELIN_114925,10,EBV_TCELL_63843,HUMAN_MYELIN_114925,7,FVKKHVHES,5,PVVHFFKNI,0,All manifest-contained 9-mer window combinations retained for sensitivity; not a predictor-selected register or a re-ranking score.
EBV_TCELL_63843::HUMAN_MYELIN_114925,10,EBV_TCELL_63843,HUMAN_MYELIN_114925,7,FVKKHVHES,6,VVHFFKNIV,0,All manifest-contained 9-mer window combinations retained for sensitivity; not a predictor-selected register or a re-ranking score.
EBV_TCELL_63843::HUMAN_MYELIN_114925,10,EBV_TCELL_63843,HUMAN_MYELIN_114925,7,FVKKHVHES,7,VHFFKNIVT,0,All manifest-contained 9-mer window combinations retained for sensitivity; not a predictor-selected register or a re-ranking score.
EBV_TCELL_63843::HUMAN_MYELIN_114925,10,EBV_TCELL_63843,HUMAN_MYELIN_114925,7,FVKKHVHES,8,HFFKNIVTP,0,All manifest-contained 9-mer window combinations retained for sensitivity; not a predictor-selected register or a re-ranking score.
EBV_TCELL_63843::HUMAN_MYELIN_114925,10,EBV_TCELL_63843,HUMAN_MYELIN_114925,7,FVKKHVHES,9,FFKNIVTPR,3,All manifest-contained 9-mer window combinations retained for sensitivity; not a predictor-selected register or a re-ranking score.
EBV_TCELL_63843::HUMAN_MYELIN_114925,10,EBV_TCELL_63843,HUMAN_MYELIN_114925,7,FVKKHVHES,10,FKNIVTPRT,0,All manifest-contained 9-mer window combinations retained for sensitivity; not a predictor-selected register or a re-ranking score.
EBV_TCELL_63843::HUMAN_MYELIN_114925,10,EBV_TCELL_63843,HUMAN_MYELIN_114925,7,FVKKHVHES,11,KNIVTPRTP,0,All manifest-contained 9-mer window combinations retained for sensitivity; not a predictor-selected register or a re-ranking score.
EBV_TCELL_63843::HUMAN_MYELIN_116170,11,EBV_TCELL_63843,HUMAN_MYELIN_116170,1,TGGVYHFVK,1,TQDENPVVH,0,All manifest-contained 9-mer window combinations retained for sensitivity; not a predictor-selected register or a re-ranking score.
EBV_TCELL_63843::HUMAN_MYELIN_116170,11,EBV_TCELL_63843,HUMAN_MYELIN_116170,1,TGGVYHFVK,2,QDENPVVHF,0,All manifest-contained 9-mer window combinations retained for sensitivity; not a predictor-selected register or a re-ranking score.
EBV_TCELL_63843::HUMAN_MYELIN_116170,11,EBV_TCELL_63843,HUMAN_MYELIN_116170,1,TGGVYHFVK,3,DENPVVHFF,0,All manifest-contained 9-mer window combinations retained for sensitivity; not a predictor-selected register or a re-ranking score.
EBV_TCELL_63843::HUMAN_MYELIN_116170,11,EBV_TCELL_63843,HUMAN_MYELIN_116170,1,TGGVYHFVK,4,ENPVVHFFK,6,All manifest-contained 9-mer window combinations retained for sensitivity; not a predictor-selected register or a re-ranking score.
EBV_TCELL_63843::HUMAN_MYELIN_116170,11,EBV_TCELL_63843,HUMAN_MYELIN_116170,1,TGGVYHFVK,5,NPVVHFFKN,0,All manifest-contained 9-mer window combinations retained for sensitivity; not a predictor-selected register or a re-ranking score.
EBV_TCELL_63843::HUMAN_MYELIN_116170,11,EBV_TCELL_63843,HUMAN_MYELIN_116170,1,TGGVYHFVK,6,PVVHFFKNI,0,All manifest-contained 9-mer window combinations retained for sensitivity; not a predictor-selected register or a re-ranking score.
EBV_TCELL_63843::HUMAN_MYELIN_116170,11,EBV_TCELL_63843,HUMAN_MYELIN_116170,1,TGGVYHFVK,7,VVHFFKNIV,0,All manifest-contained 9-mer window combinations retained for sensitivity; not a predictor-selected register or a re-ranking score.
EBV_TCELL_63843::HUMAN_MYELIN_116170,11,EBV_TCELL_63843,HUMAN_MYELIN_116170,1,TGGVYHFVK,8,VHFFKNIVT,0,All manifest-contained 9-mer window combinations retained for sensitivity; not a predictor-selected register or a re-ranking score.
EBV_TCELL_63843::HUMAN_MYELIN_116170,11,EBV_TCELL_63843,HUMAN_MYELIN_116170,1,TGGVYHFVK,9,HFFKNIVTP,0,All manifest-contained 9-mer window combinations retained for sensitivity; not a predictor-selected register or a re-ranking score.
EBV_TCELL_63843::HUMAN_MYELIN_116170,11,EBV_TCELL_63843,HUMAN_MYELIN_116170,1,TGGVYHFVK,10,FFKNIVTPR,0,All manifest-contained 9-mer window combinations retained for sensitivity; not a predictor-selected register or a re-ranking score.
EBV_TCELL_63843::HUMAN_MYELIN_116170,11,EBV_TCELL_63843,HUMAN_MYELIN_116170,1,TGGVYHFVK,11,FKNIVTPRT,0,All manifest-contained 9-mer window combinations retained for sensitivity; not a predictor-selected register or a re-ranking score.
EBV_TCELL_63843::HUMAN_MYELIN_116170,11,EBV_TCELL_63843,HUMAN_MYELIN_116170,1,TGGVYHFVK,12,KNIVTPRTP,0,All manifest-contained 9-mer window combinations retained for sensitivity; not a predictor-selected register or a re-ranking score.
EBV_TCELL_63843::HUMAN_MYELIN_116170,11,EBV_TCELL_63843,HUMAN_MYELIN_116170,2,GGVYHFVKK,1,TQDENPVVH,0,All manifest-contained 9-mer window combinations retained for sensitivity; not a predictor-selected register or a re-ranking score.
EBV_TCELL_63843::HUMAN_MYELIN_116170,11,EBV_TCELL_63843,HUMAN_MYELIN_116170,2,GGVYHFVKK,2,QDENPVVHF,0,All manifest-contained 9-mer window combinations retained for sensitivity; not a predictor-selected register or a re-ranking score.
EBV_TCELL_63843::HUMAN_MYELIN_116170,11,EBV_TCELL_63843,HUMAN_MYELIN_116170,2,GGVYHFVKK,3,DENPVVHFF,0,All manifest-contained 9-mer window combinations retained for sensitivity; not a predictor-selected register or a re-ranking score.
EBV_TCELL_63843::HUMAN_MYELIN_116170,11,EBV_TCELL_63843,HUMAN_MYELIN_116170,2,GGVYHFVKK,4,ENPVVHFFK,0,All manifest-contained 9-mer window combinations retained for sensitivity; not a predictor-selected register or a re-ranking score.
EBV_TCELL_63843::HUMAN_MYELIN_116170,11,EBV_TCELL_63843,HUMAN_MYELIN_116170,2,GGVYHFVKK,5,NPVVHFFKN,6,All manifest-contained 9-mer window combinations retained for sensitivity; not a predictor-selected register or a re-ranking score.
EBV_TCELL_63843::HUMAN_MYELIN_116170,11,EBV_TCELL_63843,HUMAN_MYELIN_116170,2,GGVYHFVKK,6,PVVHFFKNI,0,All manifest-contained 9-mer window combinations retained for sensitivity; not a predictor-selected register or a re-ranking score.
EBV_TCELL_63843::HUMAN_MYELIN_116170,11,EBV_TCELL_63843,HUMAN_MYELIN_116170,2,GGVYHFVKK,7,VVHFFKNIV,0,All manifest-contained 9-mer window combinations retained for sensitivity; not a predictor-selected register or a re-ranking score.
EBV_TCELL_63843::HUMAN_MYELIN_116170,11,EBV_TCELL_63843,HUMAN_MYELIN_116170,2,GGVYHFVKK,8,VHFFKNIVT,0,All manifest-contained 9-mer window combinations retained for sensitivity; not a predictor-selected register or a re-ranking score.
EBV_TCELL_63843::HUMAN_MYELIN_116170,11,EBV_TCELL_63843,HUMAN_MYELIN_116170,2,GGVYHFVKK,9,HFFKNIVTP,0,All manifest-contained 9-mer window combinations retained for sensitivity; not a predictor-selected register or a re-ranking score.
EBV_TCELL_63843::HUMAN_MYELIN_116170,11,EBV_TCELL_63843,HUMAN_MYELIN_116170,2,GGVYHFVKK,10,FFKNIVTPR,0,All manifest-contained 9-mer window combinations retained for sensitivity; not a predictor-selected register or a re-ranking score.
EBV_TCELL_63843::HUMAN_MYELIN_116170,11,EBV_TCELL_63843,HUMAN_MYELIN_116170,2,GGVYHFVKK,11,FKNIVTPRT,0,All manifest-contained 9-mer window combinations retained for sensitivity; not a predictor-selected register or a re-ranking score.
EBV_TCELL_63843::HUMAN_MYELIN_116170,11,EBV_TCELL_63843,HUMAN_MYELIN_116170,2,GGVYHFVKK,12,KNIVTPRTP,0,All manifest-contained 9-mer window combinations retained for sensitivity; not a predictor-selected register or a re-ranking score.
EBV_TCELL_63843::HUMAN_MYELIN_116170,11,EBV_TCELL_63843,HUMAN_MYELIN_116170,3,GVYHFVKKH,1,TQDENPVVH,0,All manifest-contained 9-mer window combinations retained for sensitivity; not a predictor-selected register or a re-ranking score.
EBV_TCELL_63843::HUMAN_MYELIN_116170,11,EBV_TCELL_63843,HUMAN_MYELIN_116170,3,GVYHFVKKH,2,QDENPVVHF,0,All manifest-contained 9-mer window combinations retained for sensitivity; not a predictor-selected register or a re-ranking score.
EBV_TCELL_63843::HUMAN_MYELIN_116170,11,EBV_TCELL_63843,HUMAN_MYELIN_116170,3,GVYHFVKKH,3,DENPVVHFF,0,All manifest-contained 9-mer window combinations retained for sensitivity; not a predictor-selected register or a re-ranking score.
EBV_TCELL_63843::HUMAN_MYELIN_116170,11,EBV_TCELL_63843,HUMAN_MYELIN_116170,3,GVYHFVKKH,4,ENPVVHFFK,0,All manifest-contained 9-mer window combinations retained for sensitivity; not a predictor-selected register or a re-ranking score.
EBV_TCELL_63843::HUMAN_MYELIN_116170,11,EBV_TCELL_63843,HUMAN_MYELIN_116170,3,GVYHFVKKH,5,NPVVHFFKN,0,All manifest-contained 9-mer window combinations retained for sensitivity; not a predictor-selected register or a re-ranking score.
EBV_TCELL_63843::HUMAN_MYELIN_116170,11,EBV_TCELL_63843,HUMAN_MYELIN_116170,3,GVYHFVKKH,6,PVVHFFKNI,6,All manifest-contained 9-mer window combinations retained for sensitivity; not a predictor-selected register or a re-ranking score.
EBV_TCELL_63843::HUMAN_MYELIN_116170,11,EBV_TCELL_63843,HUMAN_MYELIN_116170,3,GVYHFVKKH,7,VVHFFKNIV,0,All manifest-contained 9-mer window combinations retained for sensitivity; not a predictor-selected register or a re-ranking score.
EBV_TCELL_63843::HUMAN_MYELIN_116170,11,EBV_TCELL_63843,HUMAN_MYELIN_116170,3,GVYHFVKKH,8,VHFFKNIVT,0,All manifest-contained 9-mer window combinations retained for sensitivity; not a predictor-selected register or a re-ranking score.
EBV_TCELL_63843::HUMAN_MYELIN_116170,11,EBV_TCELL_63843,HUMAN_MYELIN_116170,3,GVYHFVKKH,9,HFFKNIVTP,0,All manifest-contained 9-mer window combinations retained for sensitivity; not a predictor-selected register or a re-ranking score.
EBV_TCELL_63843::HUMAN_MYELIN_116170,11,EBV_TCELL_63843,HUMAN_MYELIN_116170,3,GVYHFVKKH,10,FFKNIVTPR,0,All manifest-contained 9-mer window combinations retained for sensitivity; not a predictor-selected register or a re-ranking score.
EBV_TCELL_63843::HUMAN_MYELIN_116170,11,EBV_TCELL_63843,HUMAN_MYELIN_116170,3,GVYHFVKKH,11,FKNIVTPRT,0,All manifest-contained 9-mer window combinations retained for sensitivity; not a predictor-selected register or a re-ranking score.
EBV_TCELL_63843::HUMAN_MYELIN_116170,11,EBV_TCELL_63843,HUMAN_MYELIN_116170,3,GVYHFVKKH,12,KNIVTPRTP,0,All manifest-contained 9-mer window combinations retained for sensitivity; not a predictor-selected register or a re-ranking score.
EBV_TCELL_63843::HUMAN_MYELIN_116170,11,EBV_TCELL_63843,HUMAN_MYELIN_116170,4,VYHFVKKHV,1,TQDENPVVH,0,All manifest-contained 9-mer window combinations retained for sensitivity; not a predictor-selected register or a re-ranking score.
EBV_TCELL_63843::HUMAN_MYELIN_116170,11,EBV_TCELL_63843,HUMAN_MYELIN_116170,4,VYHFVKKHV,2,QDENPVVHF,0,All manifest-contained 9-mer window combinations retained for sensitivity; not a predictor-selected register or a re-ranking score.
EBV_TCELL_63843::HUMAN_MYELIN_116170,11,EBV_TCELL_63843,HUMAN_MYELIN_116170,4,VYHFVKKHV,3,DENPVVHFF,0,All manifest-contained 9-mer window combinations retained for sensitivity; not a predictor-selected register or a re-ranking score.
EBV_TCELL_63843::HUMAN_MYELIN_116170,11,EBV_TCELL_63843,HUMAN_MYELIN_116170,4,VYHFVKKHV,4,ENPVVHFFK,0,All manifest-contained 9-mer window combinations retained for sensitivity; not a predictor-selected register or a re-ranking score.
EBV_TCELL_63843::HUMAN_MYELIN_116170,11,EBV_TCELL_63843,HUMAN_MYELIN_116170,4,VYHFVKKHV,5,NPVVHFFKN,0,All manifest-contained 9-mer window combinations retained for sensitivity; not a predictor-selected register or a re-ranking score.
EBV_TCELL_63843::HUMAN_MYELIN_116170,11,EBV_TCELL_63843,HUMAN_MYELIN_116170,4,VYHFVKKHV,6,PVVHFFKNI,0,All manifest-contained 9-mer window combinations retained for sensitivity; not a predictor-selected register or a re-ranking score.
EBV_TCELL_63843::HUMAN_MYELIN_116170,11,EBV_TCELL_63843,HUMAN_MYELIN_116170,4,VYHFVKKHV,7,VVHFFKNIV,6,All manifest-contained 9-mer window combinations retained for sensitivity; not a predictor-selected register or a re-ranking score.
EBV_TCELL_63843::HUMAN_MYELIN_116170,11,EBV_TCELL_63843,HUMAN_MYELIN_116170,4,VYHFVKKHV,8,VHFFKNIVT,0,All manifest-contained 9-mer window combinations retained for sensitivity; not a predictor-selected register or a re-ranking score.
EBV_TCELL_63843::HUMAN_MYELIN_116170,11,EBV_TCELL_63843,HUMAN_MYELIN_116170,4,VYHFVKKHV,9,HFFKNIVTP,0,All manifest-contained 9-mer window combinations retained for sensitivity; not a predictor-selected register or a re-ranking score.
EBV_TCELL_63843::HUMAN_MYELIN_116170,11,EBV_TCELL_63843,HUMAN_MYELIN_116170,4,VYHFVKKHV,10,FFKNIVTPR,0,All manifest-contained 9-mer window combinations retained for sensitivity; not a predictor-selected register or a re-ranking score.
EBV_TCELL_63843::HUMAN_MYELIN_116170,11,EBV_TCELL_63843,HUMAN_MYELIN_116170,4,VYHFVKKHV,11,FKNIVTPRT,0,All manifest-contained 9-mer window combinations retained for sensitivity; not a predictor-selected register or a re-ranking score.
EBV_TCELL_63843::HUMAN_MYELIN_116170,11,EBV_TCELL_63843,HUMAN_MYELIN_116170,4,VYHFVKKHV,12,KNIVTPRTP,0,All manifest-contained 9-mer window combinations retained for sensitivity; not a predictor-selected register or a re-ranking score.
EBV_TCELL_63843::HUMAN_MYELIN_116170,11,EBV_TCELL_63843,HUMAN_MYELIN_116170,5,YHFVKKHVH,1,TQDENPVVH,0,All manifest-contained 9-mer window combinations retained for sensitivity; not a predictor-selected register or a re-ranking score.
EBV_TCELL_63843::HUMAN_MYELIN_116170,11,EBV_TCELL_63843,HUMAN_MYELIN_116170,5,YHFVKKHVH,2,QDENPVVHF,0,All manifest-contained 9-mer window combinations retained for sensitivity; not a predictor-selected register or a re-ranking score.
EBV_TCELL_63843::HUMAN_MYELIN_116170,11,EBV_TCELL_63843,HUMAN_MYELIN_116170,5,YHFVKKHVH,3,DENPVVHFF,0,All manifest-contained 9-mer window combinations retained for sensitivity; not a predictor-selected register or a re-ranking score.
EBV_TCELL_63843::HUMAN_MYELIN_116170,11,EBV_TCELL_63843,HUMAN_MYELIN_116170,5,YHFVKKHVH,4,ENPVVHFFK,0,All manifest-contained 9-mer window combinations retained for sensitivity; not a predictor-selected register or a re-ranking score.
EBV_TCELL_63843::HUMAN_MYELIN_116170,11,EBV_TCELL_63843,HUMAN_MYELIN_116170,5,YHFVKKHVH,5,NPVVHFFKN,0,All manifest-contained 9-mer window combinations retained for sensitivity; not a predictor-selected register or a re-ranking score.
EBV_TCELL_63843::HUMAN_MYELIN_116170,11,EBV_TCELL_63843,HUMAN_MYELIN_116170,5,YHFVKKHVH,6,PVVHFFKNI,0,All manifest-contained 9-mer window combinations retained for sensitivity; not a predictor-selected register or a re-ranking score.
EBV_TCELL_63843::HUMAN_MYELIN_116170,11,EBV_TCELL_63843,HUMAN_MYELIN_116170,5,YHFVKKHVH,7,VVHFFKNIV,0,All manifest-contained 9-mer window combinations retained for sensitivity; not a predictor-selected register or a re-ranking score.
EBV_TCELL_63843::HUMAN_MYELIN_116170,11,EBV_TCELL_63843,HUMAN_MYELIN_116170,5,YHFVKKHVH,8,VHFFKNIVT,5,All manifest-contained 9-mer window combinations retained for sensitivity; not a predictor-selected register or a re-ranking score.
EBV_TCELL_63843::HUMAN_MYELIN_116170,11,EBV_TCELL_63843,HUMAN_MYELIN_116170,5,YHFVKKHVH,9,HFFKNIVTP,0,All manifest-contained 9-mer window combinations retained for sensitivity; not a predictor-selected register or a re-ranking score.
EBV_TCELL_63843::HUMAN_MYELIN_116170,11,EBV_TCELL_63843,HUMAN_MYELIN_116170,5,YHFVKKHVH,10,FFKNIVTPR,0,All manifest-contained 9-mer window combinations retained for sensitivity; not a predictor-selected register or a re-ranking score.
EBV_TCELL_63843::HUMAN_MYELIN_116170,11,EBV_TCELL_63843,HUMAN_MYELIN_116170,5,YHFVKKHVH,11,FKNIVTPRT,0,All manifest-contained 9-mer window combinations retained for sensitivity; not a predictor-selected register or a re-ranking score.
EBV_TCELL_63843::HUMAN_MYELIN_116170,11,EBV_TCELL_63843,HUMAN_MYELIN_116170,5,YHFVKKHVH,12,KNIVTPRTP,0,All manifest-contained 9-mer window combinations retained for sensitivity; not a predictor-selected register or a re-ranking score.
EBV_TCELL_63843::HUMAN_MYELIN_116170,11,EBV_TCELL_63843,HUMAN_MYELIN_116170,6,HFVKKHVHE,1,TQDENPVVH,0,All manifest-contained 9-mer window combinations retained for sensitivity; not a predictor-selected register or a re-ranking score.
EBV_TCELL_63843::HUMAN_MYELIN_116170,11,EBV_TCELL_63843,HUMAN_MYELIN_116170,6,HFVKKHVHE,2,QDENPVVHF,0,All manifest-contained 9-mer window combinations retained for sensitivity; not a predictor-selected register or a re-ranking score.
EBV_TCELL_63843::HUMAN_MYELIN_116170,11,EBV_TCELL_63843,HUMAN_MYELIN_116170,6,HFVKKHVHE,3,DENPVVHFF,0,All manifest-contained 9-mer window combinations retained for sensitivity; not a predictor-selected register or a re-ranking score.
EBV_TCELL_63843::HUMAN_MYELIN_116170,11,EBV_TCELL_63843,HUMAN_MYELIN_116170,6,HFVKKHVHE,4,ENPVVHFFK,0,All manifest-contained 9-mer window combinations retained for sensitivity; not a predictor-selected register or a re-ranking score.
EBV_TCELL_63843::HUMAN_MYELIN_116170,11,EBV_TCELL_63843,HUMAN_MYELIN_116170,6,HFVKKHVHE,5,NPVVHFFKN,0,All manifest-contained 9-mer window combinations retained for sensitivity; not a predictor-selected register or a re-ranking score.
EBV_TCELL_63843::HUMAN_MYELIN_116170,11,EBV_TCELL_63843,HUMAN_MYELIN_116170,6,HFVKKHVHE,6,PVVHFFKNI,0,All manifest-contained 9-mer window combinations retained for sensitivity; not a predictor-selected register or a re-ranking score.
EBV_TCELL_63843::HUMAN_MYELIN_116170,11,EBV_TCELL_63843,HUMAN_MYELIN_116170,6,HFVKKHVHE,7,VVHFFKNIV,0,All manifest-contained 9-mer window combinations retained for sensitivity; not a predictor-selected register or a re-ranking score.
EBV_TCELL_63843::HUMAN_MYELIN_116170,11,EBV_TCELL_63843,HUMAN_MYELIN_116170,6,HFVKKHVHE,8,VHFFKNIVT,0,All manifest-contained 9-mer window combinations retained for sensitivity; not a predictor-selected register or a re-ranking score.
EBV_TCELL_63843::HUMAN_MYELIN_116170,11,EBV_TCELL_63843,HUMAN_MYELIN_116170,6,HFVKKHVHE,9,HFFKNIVTP,4,All manifest-contained 9-mer window combinations retained for sensitivity; not a predictor-selected register or a re-ranking score.
EBV_TCELL_63843::HUMAN_MYELIN_116170,11,EBV_TCELL_63843,HUMAN_MYELIN_116170,6,HFVKKHVHE,10,FFKNIVTPR,0,All manifest-contained 9-mer window combinations retained for sensitivity; not a predictor-selected register or a re-ranking score.
EBV_TCELL_63843::HUMAN_MYELIN_116170,11,EBV_TCELL_63843,HUMAN_MYELIN_116170,6,HFVKKHVHE,11,FKNIVTPRT,0,All manifest-contained 9-mer window combinations retained for sensitivity; not a predictor-selected register or a re-ranking score.
EBV_TCELL_63843::HUMAN_MYELIN_116170,11,EBV_TCELL_63843,HUMAN_MYELIN_116170,6,HFVKKHVHE,12,KNIVTPRTP,0,All manifest-contained 9-mer window combinations retained for sensitivity; not a predictor-selected register or a re-ranking score.
EBV_TCELL_63843::HUMAN_MYELIN_116170,11,EBV_TCELL_63843,HUMAN_MYELIN_116170,7,FVKKHVHES,1,TQDENPVVH,0,All manifest-contained 9-mer window combinations retained for sensitivity; not a predictor-selected register or a re-ranking score.
EBV_TCELL_63843::HUMAN_MYELIN_116170,11,EBV_TCELL_63843,HUMAN_MYELIN_116170,7,FVKKHVHES,2,QDENPVVHF,0,All manifest-contained 9-mer window combinations retained for sensitivity; not a predictor-selected register or a re-ranking score.
EBV_TCELL_63843::HUMAN_MYELIN_116170,11,EBV_TCELL_63843,HUMAN_MYELIN_116170,7,FVKKHVHES,3,DENPVVHFF,0,All manifest-contained 9-mer window combinations retained for sensitivity; not a predictor-selected register or a re-ranking score.
EBV_TCELL_63843::HUMAN_MYELIN_116170,11,EBV_TCELL_63843,HUMAN_MYELIN_116170,7,FVKKHVHES,4,ENPVVHFFK,0,All manifest-contained 9-mer window combinations retained for sensitivity; not a predictor-selected register or a re-ranking score.
EBV_TCELL_63843::HUMAN_MYELIN_116170,11,EBV_TCELL_63843,HUMAN_MYELIN_116170,7,FVKKHVHES,5,NPVVHFFKN,0,All manifest-contained 9-mer window combinations retained for sensitivity; not a predictor-selected register or a re-ranking score.
EBV_TCELL_63843::HUMAN_MYELIN_116170,11,EBV_TCELL_63843,HUMAN_MYELIN_116170,7,FVKKHVHES,6,PVVHFFKNI,0,All manifest-contained 9-mer window combinations retained for sensitivity; not a predictor-selected register or a re-ranking score.
EBV_TCELL_63843::HUMAN_MYELIN_116170,11,EBV_TCELL_63843,HUMAN_MYELIN_116170,7,FVKKHVHES,7,VVHFFKNIV,0,All manifest-contained 9-mer window combinations retained for sensitivity; not a predictor-selected register or a re-ranking score.
EBV_TCELL_63843::HUMAN_MYELIN_116170,11,EBV_TCELL_63843,HUMAN_MYELIN_116170,7,FVKKHVHES,8,VHFFKNIVT,0,All manifest-contained 9-mer window combinations retained for sensitivity; not a predictor-selected register or a re-ranking score.
EBV_TCELL_63843::HUMAN_MYELIN_116170,11,EBV_TCELL_63843,HUMAN_MYELIN_116170,7,FVKKHVHES,9,HFFKNIVTP,0,All manifest-contained 9-mer window combinations retained for sensitivity; not a predictor-selected register or a re-ranking score.
EBV_TCELL_63843::HUMAN_MYELIN_116170,11,EBV_TCELL_63843,HUMAN_MYELIN_116170,7,FVKKHVHES,10,FFKNIVTPR,3,All manifest-contained 9-mer window combinations retained for sensitivity; not a predictor-selected register or a re-ranking score.
EBV_TCELL_63843::HUMAN_MYELIN_116170,11,EBV_TCELL_63843,HUMAN_MYELIN_116170,7,FVKKHVHES,11,FKNIVTPRT,0,All manifest-contained 9-mer window combinations retained for sensitivity; not a predictor-selected register or a re-ranking score.
EBV_TCELL_63843::HUMAN_MYELIN_116170,11,EBV_TCELL_63843,HUMAN_MYELIN_116170,7,FVKKHVHES,12,KNIVTPRTP,0,All manifest-contained 9-mer window combinations retained for sensitivity; not a predictor-selected register or a re-ranking score.
EBV_TCELL_1862913::HUMAN_MYELIN_112319,12,EBV_TCELL_1862913,HUMAN_MYELIN_112319,1,NILRIYYSP,1,SKIFKLGGR,0,All manifest-contained 9-mer window combinations retained for sensitivity; not a predictor-selected register or a re-ranking score.
EBV_TCELL_1862913::HUMAN_MYELIN_112319,12,EBV_TCELL_1862913,HUMAN_MYELIN_112319,1,NILRIYYSP,2,KIFKLGGRD,0,All manifest-contained 9-mer window combinations retained for sensitivity; not a predictor-selected register or a re-ranking score.
EBV_TCELL_1862913::HUMAN_MYELIN_112319,12,EBV_TCELL_1862913,HUMAN_MYELIN_112319,1,NILRIYYSP,3,IFKLGGRDS,0,All manifest-contained 9-mer window combinations retained for sensitivity; not a predictor-selected register or a re-ranking score.
EBV_TCELL_1862913::HUMAN_MYELIN_112319,12,EBV_TCELL_1862913,HUMAN_MYELIN_112319,1,NILRIYYSP,4,FKLGGRDSR,0,All manifest-contained 9-mer window combinations retained for sensitivity; not a predictor-selected register or a re-ranking score.
EBV_TCELL_1862913::HUMAN_MYELIN_112319,12,EBV_TCELL_1862913,HUMAN_MYELIN_112319,1,NILRIYYSP,5,KLGGRDSRS,0,All manifest-contained 9-mer window combinations retained for sensitivity; not a predictor-selected register or a re-ranking score.
EBV_TCELL_1862913::HUMAN_MYELIN_112319,12,EBV_TCELL_1862913,HUMAN_MYELIN_112319,1,NILRIYYSP,6,LGGRDSRSG,2,All manifest-contained 9-mer window combinations retained for sensitivity; not a predictor-selected register or a re-ranking score.
EBV_TCELL_1862913::HUMAN_MYELIN_112319,12,EBV_TCELL_1862913,HUMAN_MYELIN_112319,1,NILRIYYSP,7,GGRDSRSGS,0,All manifest-contained 9-mer window combinations retained for sensitivity; not a predictor-selected register or a re-ranking score.
EBV_TCELL_1862913::HUMAN_MYELIN_112319,12,EBV_TCELL_1862913,HUMAN_MYELIN_112319,1,NILRIYYSP,8,GRDSRSGSP,0,All manifest-contained 9-mer window combinations retained for sensitivity; not a predictor-selected register or a re-ranking score.
EBV_TCELL_1862913::HUMAN_MYELIN_112319,12,EBV_TCELL_1862913,HUMAN_MYELIN_112319,1,NILRIYYSP,9,RDSRSGSPM,0,All manifest-contained 9-mer window combinations retained for sensitivity; not a predictor-selected register or a re-ranking score.
EBV_TCELL_1862913::HUMAN_MYELIN_112319,12,EBV_TCELL_1862913,HUMAN_MYELIN_112319,1,NILRIYYSP,10,DSRSGSPMA,0,All manifest-contained 9-mer window combinations retained for sensitivity; not a predictor-selected register or a re-ranking score.
EBV_TCELL_1862913::HUMAN_MYELIN_112319,12,EBV_TCELL_1862913,HUMAN_MYELIN_112319,1,NILRIYYSP,11,SRSGSPMAR,0,All manifest-contained 9-mer window combinations retained for sensitivity; not a predictor-selected register or a re-ranking score.
EBV_TCELL_1862913::HUMAN_MYELIN_112319,12,EBV_TCELL_1862913,HUMAN_MYELIN_112319,1,NILRIYYSP,12,RSGSPMARR,0,All manifest-contained 9-mer window combinations retained for sensitivity; not a predictor-selected register or a re-ranking score.
EBV_TCELL_1862913::HUMAN_MYELIN_112319,12,EBV_TCELL_1862913,HUMAN_MYELIN_112319,2,ILRIYYSPS,1,SKIFKLGGR,0,All manifest-contained 9-mer window combinations retained for sensitivity; not a predictor-selected register or a re-ranking score.
EBV_TCELL_1862913::HUMAN_MYELIN_112319,12,EBV_TCELL_1862913,HUMAN_MYELIN_112319,2,ILRIYYSPS,2,KIFKLGGRD,0,All manifest-contained 9-mer window combinations retained for sensitivity; not a predictor-selected register or a re-ranking score.
EBV_TCELL_1862913::HUMAN_MYELIN_112319,12,EBV_TCELL_1862913,HUMAN_MYELIN_112319,2,ILRIYYSPS,3,IFKLGGRDS,0,All manifest-contained 9-mer window combinations retained for sensitivity; not a predictor-selected register or a re-ranking score.
EBV_TCELL_1862913::HUMAN_MYELIN_112319,12,EBV_TCELL_1862913,HUMAN_MYELIN_112319,2,ILRIYYSPS,4,FKLGGRDSR,0,All manifest-contained 9-mer window combinations retained for sensitivity; not a predictor-selected register or a re-ranking score.
EBV_TCELL_1862913::HUMAN_MYELIN_112319,12,EBV_TCELL_1862913,HUMAN_MYELIN_112319,2,ILRIYYSPS,5,KLGGRDSRS,0,All manifest-contained 9-mer window combinations retained for sensitivity; not a predictor-selected register or a re-ranking score.
EBV_TCELL_1862913::HUMAN_MYELIN_112319,12,EBV_TCELL_1862913,HUMAN_MYELIN_112319,2,ILRIYYSPS,6,LGGRDSRSG,0,All manifest-contained 9-mer window combinations retained for sensitivity; not a predictor-selected register or a re-ranking score.
EBV_TCELL_1862913::HUMAN_MYELIN_112319,12,EBV_TCELL_1862913,HUMAN_MYELIN_112319,2,ILRIYYSPS,7,GGRDSRSGS,3,All manifest-contained 9-mer window combinations retained for sensitivity; not a predictor-selected register or a re-ranking score.
EBV_TCELL_1862913::HUMAN_MYELIN_112319,12,EBV_TCELL_1862913,HUMAN_MYELIN_112319,2,ILRIYYSPS,8,GRDSRSGSP,0,All manifest-contained 9-mer window combinations retained for sensitivity; not a predictor-selected register or a re-ranking score.
EBV_TCELL_1862913::HUMAN_MYELIN_112319,12,EBV_TCELL_1862913,HUMAN_MYELIN_112319,2,ILRIYYSPS,9,RDSRSGSPM,0,All manifest-contained 9-mer window combinations retained for sensitivity; not a predictor-selected register or a re-ranking score.
EBV_TCELL_1862913::HUMAN_MYELIN_112319,12,EBV_TCELL_1862913,HUMAN_MYELIN_112319,2,ILRIYYSPS,10,DSRSGSPMA,0,All manifest-contained 9-mer window combinations retained for sensitivity; not a predictor-selected register or a re-ranking score.
EBV_TCELL_1862913::HUMAN_MYELIN_112319,12,EBV_TCELL_1862913,HUMAN_MYELIN_112319,2,ILRIYYSPS,11,SRSGSPMAR,0,All manifest-contained 9-mer window combinations retained for sensitivity; not a predictor-selected register or a re-ranking score.
EBV_TCELL_1862913::HUMAN_MYELIN_112319,12,EBV_TCELL_1862913,HUMAN_MYELIN_112319,2,ILRIYYSPS,12,RSGSPMARR,0,All manifest-contained 9-mer window combinations retained for sensitivity; not a predictor-selected register or a re-ranking score.
EBV_TCELL_1862913::HUMAN_MYELIN_112319,12,EBV_TCELL_1862913,HUMAN_MYELIN_112319,3,LRIYYSPSI,1,SKIFKLGGR,0,All manifest-contained 9-mer window combinations retained for sensitivity; not a predictor-selected register or a re-ranking score.
EBV_TCELL_1862913::HUMAN_MYELIN_112319,12,EBV_TCELL_1862913,HUMAN_MYELIN_112319,3,LRIYYSPSI,2,KIFKLGGRD,0,All manifest-contained 9-mer window combinations retained for sensitivity; not a predictor-selected register or a re-ranking score.
EBV_TCELL_1862913::HUMAN_MYELIN_112319,12,EBV_TCELL_1862913,HUMAN_MYELIN_112319,3,LRIYYSPSI,3,IFKLGGRDS,0,All manifest-contained 9-mer window combinations retained for sensitivity; not a predictor-selected register or a re-ranking score.
EBV_TCELL_1862913::HUMAN_MYELIN_112319,12,EBV_TCELL_1862913,HUMAN_MYELIN_112319,3,LRIYYSPSI,4,FKLGGRDSR,0,All manifest-contained 9-mer window combinations retained for sensitivity; not a predictor-selected register or a re-ranking score.
EBV_TCELL_1862913::HUMAN_MYELIN_112319,12,EBV_TCELL_1862913,HUMAN_MYELIN_112319,3,LRIYYSPSI,5,KLGGRDSRS,0,All manifest-contained 9-mer window combinations retained for sensitivity; not a predictor-selected register or a re-ranking score.
EBV_TCELL_1862913::HUMAN_MYELIN_112319,12,EBV_TCELL_1862913,HUMAN_MYELIN_112319,3,LRIYYSPSI,6,LGGRDSRSG,0,All manifest-contained 9-mer window combinations retained for sensitivity; not a predictor-selected register or a re-ranking score.
EBV_TCELL_1862913::HUMAN_MYELIN_112319,12,EBV_TCELL_1862913,HUMAN_MYELIN_112319,3,LRIYYSPSI,7,GGRDSRSGS,0,All manifest-contained 9-mer window combinations retained for sensitivity; not a predictor-selected register or a re-ranking score.
EBV_TCELL_1862913::HUMAN_MYELIN_112319,12,EBV_TCELL_1862913,HUMAN_MYELIN_112319,3,LRIYYSPSI,8,GRDSRSGSP,4,All manifest-contained 9-mer window combinations retained for sensitivity; not a predictor-selected register or a re-ranking score.
EBV_TCELL_1862913::HUMAN_MYELIN_112319,12,EBV_TCELL_1862913,HUMAN_MYELIN_112319,3,LRIYYSPSI,9,RDSRSGSPM,0,All manifest-contained 9-mer window combinations retained for sensitivity; not a predictor-selected register or a re-ranking score.
EBV_TCELL_1862913::HUMAN_MYELIN_112319,12,EBV_TCELL_1862913,HUMAN_MYELIN_112319,3,LRIYYSPSI,10,DSRSGSPMA,0,All manifest-contained 9-mer window combinations retained for sensitivity; not a predictor-selected register or a re-ranking score.
EBV_TCELL_1862913::HUMAN_MYELIN_112319,12,EBV_TCELL_1862913,HUMAN_MYELIN_112319,3,LRIYYSPSI,11,SRSGSPMAR,0,All manifest-contained 9-mer window combinations retained for sensitivity; not a predictor-selected register or a re-ranking score.
EBV_TCELL_1862913::HUMAN_MYELIN_112319,12,EBV_TCELL_1862913,HUMAN_MYELIN_112319,3,LRIYYSPSI,12,RSGSPMARR,0,All manifest-contained 9-mer window combinations retained for sensitivity; not a predictor-selected register or a re-ranking score.
EBV_TCELL_1862913::HUMAN_MYELIN_112319,12,EBV_TCELL_1862913,HUMAN_MYELIN_112319,4,RIYYSPSIM,1,SKIFKLGGR,0,All manifest-contained 9-mer window combinations retained for sensitivity; not a predictor-selected register or a re-ranking score.
EBV_TCELL_1862913::HUMAN_MYELIN_112319,12,EBV_TCELL_1862913,HUMAN_MYELIN_112319,4,RIYYSPSIM,2,KIFKLGGRD,0,All manifest-contained 9-mer window combinations retained for sensitivity; not a predictor-selected register or a re-ranking score.
EBV_TCELL_1862913::HUMAN_MYELIN_112319,12,EBV_TCELL_1862913,HUMAN_MYELIN_112319,4,RIYYSPSIM,3,IFKLGGRDS,0,All manifest-contained 9-mer window combinations retained for sensitivity; not a predictor-selected register or a re-ranking score.
EBV_TCELL_1862913::HUMAN_MYELIN_112319,12,EBV_TCELL_1862913,HUMAN_MYELIN_112319,4,RIYYSPSIM,4,FKLGGRDSR,0,All manifest-contained 9-mer window combinations retained for sensitivity; not a predictor-selected register or a re-ranking score.
EBV_TCELL_1862913::HUMAN_MYELIN_112319,12,EBV_TCELL_1862913,HUMAN_MYELIN_112319,4,RIYYSPSIM,5,KLGGRDSRS,0,All manifest-contained 9-mer window combinations retained for sensitivity; not a predictor-selected register or a re-ranking score.
EBV_TCELL_1862913::HUMAN_MYELIN_112319,12,EBV_TCELL_1862913,HUMAN_MYELIN_112319,4,RIYYSPSIM,6,LGGRDSRSG,0,All manifest-contained 9-mer window combinations retained for sensitivity; not a predictor-selected register or a re-ranking score.
EBV_TCELL_1862913::HUMAN_MYELIN_112319,12,EBV_TCELL_1862913,HUMAN_MYELIN_112319,4,RIYYSPSIM,7,GGRDSRSGS,0,All manifest-contained 9-mer window combinations retained for sensitivity; not a predictor-selected register or a re-ranking score.
EBV_TCELL_1862913::HUMAN_MYELIN_112319,12,EBV_TCELL_1862913,HUMAN_MYELIN_112319,4,RIYYSPSIM,8,GRDSRSGSP,0,All manifest-contained 9-mer window combinations retained for sensitivity; not a predictor-selected register or a re-ranking score.
EBV_TCELL_1862913::HUMAN_MYELIN_112319,12,EBV_TCELL_1862913,HUMAN_MYELIN_112319,4,RIYYSPSIM,9,RDSRSGSPM,5,All manifest-contained 9-mer window combinations retained for sensitivity; not a predictor-selected register or a re-ranking score.
EBV_TCELL_1862913::HUMAN_MYELIN_112319,12,EBV_TCELL_1862913,HUMAN_MYELIN_112319,4,RIYYSPSIM,10,DSRSGSPMA,0,All manifest-contained 9-mer window combinations retained for sensitivity; not a predictor-selected register or a re-ranking score.
EBV_TCELL_1862913::HUMAN_MYELIN_112319,12,EBV_TCELL_1862913,HUMAN_MYELIN_112319,4,RIYYSPSIM,11,SRSGSPMAR,0,All manifest-contained 9-mer window combinations retained for sensitivity; not a predictor-selected register or a re-ranking score.
EBV_TCELL_1862913::HUMAN_MYELIN_112319,12,EBV_TCELL_1862913,HUMAN_MYELIN_112319,4,RIYYSPSIM,12,RSGSPMARR,0,All manifest-contained 9-mer window combinations retained for sensitivity; not a predictor-selected register or a re-ranking score.
EBV_TCELL_1862913::HUMAN_MYELIN_112319,12,EBV_TCELL_1862913,HUMAN_MYELIN_112319,5,IYYSPSIMH,1,SKIFKLGGR,0,All manifest-contained 9-mer window combinations retained for sensitivity; not a predictor-selected register or a re-ranking score.
EBV_TCELL_1862913::HUMAN_MYELIN_112319,12,EBV_TCELL_1862913,HUMAN_MYELIN_112319,5,IYYSPSIMH,2,KIFKLGGRD,0,All manifest-contained 9-mer window combinations retained for sensitivity; not a predictor-selected register or a re-ranking score.
EBV_TCELL_1862913::HUMAN_MYELIN_112319,12,EBV_TCELL_1862913,HUMAN_MYELIN_112319,5,IYYSPSIMH,3,IFKLGGRDS,0,All manifest-contained 9-mer window combinations retained for sensitivity; not a predictor-selected register or a re-ranking score.
EBV_TCELL_1862913::HUMAN_MYELIN_112319,12,EBV_TCELL_1862913,HUMAN_MYELIN_112319,5,IYYSPSIMH,4,FKLGGRDSR,0,All manifest-contained 9-mer window combinations retained for sensitivity; not a predictor-selected register or a re-ranking score.
EBV_TCELL_1862913::HUMAN_MYELIN_112319,12,EBV_TCELL_1862913,HUMAN_MYELIN_112319,5,IYYSPSIMH,5,KLGGRDSRS,0,All manifest-contained 9-mer window combinations retained for sensitivity; not a predictor-selected register or a re-ranking score.
EBV_TCELL_1862913::HUMAN_MYELIN_112319,12,EBV_TCELL_1862913,HUMAN_MYELIN_112319,5,IYYSPSIMH,6,LGGRDSRSG,0,All manifest-contained 9-mer window combinations retained for sensitivity; not a predictor-selected register or a re-ranking score.
EBV_TCELL_1862913::HUMAN_MYELIN_112319,12,EBV_TCELL_1862913,HUMAN_MYELIN_112319,5,IYYSPSIMH,7,GGRDSRSGS,0,All manifest-contained 9-mer window combinations retained for sensitivity; not a predictor-selected register or a re-ranking score.
EBV_TCELL_1862913::HUMAN_MYELIN_112319,12,EBV_TCELL_1862913,HUMAN_MYELIN_112319,5,IYYSPSIMH,8,GRDSRSGSP,0,All manifest-contained 9-mer window combinations retained for sensitivity; not a predictor-selected register or a re-ranking score.
EBV_TCELL_1862913::HUMAN_MYELIN_112319,12,EBV_TCELL_1862913,HUMAN_MYELIN_112319,5,IYYSPSIMH,9,RDSRSGSPM,0,All manifest-contained 9-mer window combinations retained for sensitivity; not a predictor-selected register or a re-ranking score.
EBV_TCELL_1862913::HUMAN_MYELIN_112319,12,EBV_TCELL_1862913,HUMAN_MYELIN_112319,5,IYYSPSIMH,10,DSRSGSPMA,6,All manifest-contained 9-mer window combinations retained for sensitivity; not a predictor-selected register or a re-ranking score.
EBV_TCELL_1862913::HUMAN_MYELIN_112319,12,EBV_TCELL_1862913,HUMAN_MYELIN_112319,5,IYYSPSIMH,11,SRSGSPMAR,0,All manifest-contained 9-mer window combinations retained for sensitivity; not a predictor-selected register or a re-ranking score.
EBV_TCELL_1862913::HUMAN_MYELIN_112319,12,EBV_TCELL_1862913,HUMAN_MYELIN_112319,5,IYYSPSIMH,12,RSGSPMARR,0,All manifest-contained 9-mer window combinations retained for sensitivity; not a predictor-selected register or a re-ranking score.
EBV_TCELL_1862913::HUMAN_MYELIN_112319,12,EBV_TCELL_1862913,HUMAN_MYELIN_112319,6,YYSPSIMHR,1,SKIFKLGGR,0,All manifest-contained 9-mer window combinations retained for sensitivity; not a predictor-selected register or a re-ranking score.
EBV_TCELL_1862913::HUMAN_MYELIN_112319,12,EBV_TCELL_1862913,HUMAN_MYELIN_112319,6,YYSPSIMHR,2,KIFKLGGRD,0,All manifest-contained 9-mer window combinations retained for sensitivity; not a predictor-selected register or a re-ranking score.
EBV_TCELL_1862913::HUMAN_MYELIN_112319,12,EBV_TCELL_1862913,HUMAN_MYELIN_112319,6,YYSPSIMHR,3,IFKLGGRDS,0,All manifest-contained 9-mer window combinations retained for sensitivity; not a predictor-selected register or a re-ranking score.
EBV_TCELL_1862913::HUMAN_MYELIN_112319,12,EBV_TCELL_1862913,HUMAN_MYELIN_112319,6,YYSPSIMHR,4,FKLGGRDSR,0,All manifest-contained 9-mer window combinations retained for sensitivity; not a predictor-selected register or a re-ranking score.
EBV_TCELL_1862913::HUMAN_MYELIN_112319,12,EBV_TCELL_1862913,HUMAN_MYELIN_112319,6,YYSPSIMHR,5,KLGGRDSRS,0,All manifest-contained 9-mer window combinations retained for sensitivity; not a predictor-selected register or a re-ranking score.
EBV_TCELL_1862913::HUMAN_MYELIN_112319,12,EBV_TCELL_1862913,HUMAN_MYELIN_112319,6,YYSPSIMHR,6,LGGRDSRSG,0,All manifest-contained 9-mer window combinations retained for sensitivity; not a predictor-selected register or a re-ranking score.
EBV_TCELL_1862913::HUMAN_MYELIN_112319,12,EBV_TCELL_1862913,HUMAN_MYELIN_112319,6,YYSPSIMHR,7,GGRDSRSGS,0,All manifest-contained 9-mer window combinations retained for sensitivity; not a predictor-selected register or a re-ranking score.
EBV_TCELL_1862913::HUMAN_MYELIN_112319,12,EBV_TCELL_1862913,HUMAN_MYELIN_112319,6,YYSPSIMHR,8,GRDSRSGSP,0,All manifest-contained 9-mer window combinations retained for sensitivity; not a predictor-selected register or a re-ranking score.
EBV_TCELL_1862913::HUMAN_MYELIN_112319,12,EBV_TCELL_1862913,HUMAN_MYELIN_112319,6,YYSPSIMHR,9,RDSRSGSPM,0,All manifest-contained 9-mer window combinations retained for sensitivity; not a predictor-selected register or a re-ranking score.
EBV_TCELL_1862913::HUMAN_MYELIN_112319,12,EBV_TCELL_1862913,HUMAN_MYELIN_112319,6,YYSPSIMHR,10,DSRSGSPMA,0,All manifest-contained 9-mer window combinations retained for sensitivity; not a predictor-selected register or a re-ranking score.
EBV_TCELL_1862913::HUMAN_MYELIN_112319,12,EBV_TCELL_1862913,HUMAN_MYELIN_112319,6,YYSPSIMHR,11,SRSGSPMAR,7,All manifest-contained 9-mer window combinations retained for sensitivity; not a predictor-selected register or a re-ranking score.
EBV_TCELL_1862913::HUMAN_MYELIN_112319,12,EBV_TCELL_1862913,HUMAN_MYELIN_112319,6,YYSPSIMHR,12,RSGSPMARR,0,All manifest-contained 9-mer window combinations retained for sensitivity; not a predictor-selected register or a re-ranking score.
EBV_TCELL_1862913::HUMAN_MYELIN_112319,12,EBV_TCELL_1862913,HUMAN_MYELIN_112319,7,YSPSIMHRY,1,SKIFKLGGR,0,All manifest-contained 9-mer window combinations retained for sensitivity; not a predictor-selected register or a re-ranking score.
EBV_TCELL_1862913::HUMAN_MYELIN_112319,12,EBV_TCELL_1862913,HUMAN_MYELIN_112319,7,YSPSIMHRY,2,KIFKLGGRD,0,All manifest-contained 9-mer window combinations retained for sensitivity; not a predictor-selected register or a re-ranking score.
EBV_TCELL_1862913::HUMAN_MYELIN_112319,12,EBV_TCELL_1862913,HUMAN_MYELIN_112319,7,YSPSIMHRY,3,IFKLGGRDS,0,All manifest-contained 9-mer window combinations retained for sensitivity; not a predictor-selected register or a re-ranking score.
EBV_TCELL_1862913::HUMAN_MYELIN_112319,12,EBV_TCELL_1862913,HUMAN_MYELIN_112319,7,YSPSIMHRY,4,FKLGGRDSR,0,All manifest-contained 9-mer window combinations retained for sensitivity; not a predictor-selected register or a re-ranking score.
EBV_TCELL_1862913::HUMAN_MYELIN_112319,12,EBV_TCELL_1862913,HUMAN_MYELIN_112319,7,YSPSIMHRY,5,KLGGRDSRS,0,All manifest-contained 9-mer window combinations retained for sensitivity; not a predictor-selected register or a re-ranking score.
EBV_TCELL_1862913::HUMAN_MYELIN_112319,12,EBV_TCELL_1862913,HUMAN_MYELIN_112319,7,YSPSIMHRY,6,LGGRDSRSG,0,All manifest-contained 9-mer window combinations retained for sensitivity; not a predictor-selected register or a re-ranking score.
EBV_TCELL_1862913::HUMAN_MYELIN_112319,12,EBV_TCELL_1862913,HUMAN_MYELIN_112319,7,YSPSIMHRY,7,GGRDSRSGS,0,All manifest-contained 9-mer window combinations retained for sensitivity; not a predictor-selected register or a re-ranking score.
EBV_TCELL_1862913::HUMAN_MYELIN_112319,12,EBV_TCELL_1862913,HUMAN_MYELIN_112319,7,YSPSIMHRY,8,GRDSRSGSP,0,All manifest-contained 9-mer window combinations retained for sensitivity; not a predictor-selected register or a re-ranking score.
EBV_TCELL_1862913::HUMAN_MYELIN_112319,12,EBV_TCELL_1862913,HUMAN_MYELIN_112319,7,YSPSIMHRY,9,RDSRSGSPM,0,All manifest-contained 9-mer window combinations retained for sensitivity; not a predictor-selected register or a re-ranking score.
EBV_TCELL_1862913::HUMAN_MYELIN_112319,12,EBV_TCELL_1862913,HUMAN_MYELIN_112319,7,YSPSIMHRY,10,DSRSGSPMA,0,All manifest-contained 9-mer window combinations retained for sensitivity; not a predictor-selected register or a re-ranking score.
EBV_TCELL_1862913::HUMAN_MYELIN_112319,12,EBV_TCELL_1862913,HUMAN_MYELIN_112319,7,YSPSIMHRY,11,SRSGSPMAR,0,All manifest-contained 9-mer window combinations retained for sensitivity; not a predictor-selected register or a re-ranking score.
EBV_TCELL_1862913::HUMAN_MYELIN_112319,12,EBV_TCELL_1862913,HUMAN_MYELIN_112319,7,YSPSIMHRY,12,RSGSPMARR,7,All manifest-contained 9-mer window combinations retained for sensitivity; not a predictor-selected register or a re-ranking score.
EBV_TCELL_1862913::HUMAN_MYELIN_112319,12,EBV_TCELL_1862913,HUMAN_MYELIN_112319,8,SPSIMHRYA,1,SKIFKLGGR,0,All manifest-contained 9-mer window combinations retained for sensitivity; not a predictor-selected register or a re-ranking score.
EBV_TCELL_1862913::HUMAN_MYELIN_112319,12,EBV_TCELL_1862913,HUMAN_MYELIN_112319,8,SPSIMHRYA,2,KIFKLGGRD,0,All manifest-contained 9-mer window combinations retained for sensitivity; not a predictor-selected register or a re-ranking score.
EBV_TCELL_1862913::HUMAN_MYELIN_112319,12,EBV_TCELL_1862913,HUMAN_MYELIN_112319,8,SPSIMHRYA,3,IFKLGGRDS,0,All manifest-contained 9-mer window combinations retained for sensitivity; not a predictor-selected register or a re-ranking score.
EBV_TCELL_1862913::HUMAN_MYELIN_112319,12,EBV_TCELL_1862913,HUMAN_MYELIN_112319,8,SPSIMHRYA,4,FKLGGRDSR,0,All manifest-contained 9-mer window combinations retained for sensitivity; not a predictor-selected register or a re-ranking score.
EBV_TCELL_1862913::HUMAN_MYELIN_112319,12,EBV_TCELL_1862913,HUMAN_MYELIN_112319,8,SPSIMHRYA,5,KLGGRDSRS,0,All manifest-contained 9-mer window combinations retained for sensitivity; not a predictor-selected register or a re-ranking score.
EBV_TCELL_1862913::HUMAN_MYELIN_112319,12,EBV_TCELL_1862913,HUMAN_MYELIN_112319,8,SPSIMHRYA,6,LGGRDSRSG,0,All manifest-contained 9-mer window combinations retained for sensitivity; not a predictor-selected register or a re-ranking score.
EBV_TCELL_1862913::HUMAN_MYELIN_112319,12,EBV_TCELL_1862913,HUMAN_MYELIN_112319,8,SPSIMHRYA,7,GGRDSRSGS,0,All manifest-contained 9-mer window combinations retained for sensitivity; not a predictor-selected register or a re-ranking score.
EBV_TCELL_1862913::HUMAN_MYELIN_112319,12,EBV_TCELL_1862913,HUMAN_MYELIN_112319,8,SPSIMHRYA,8,GRDSRSGSP,0,All manifest-contained 9-mer window combinations retained for sensitivity; not a predictor-selected register or a re-ranking score.
EBV_TCELL_1862913::HUMAN_MYELIN_112319,12,EBV_TCELL_1862913,HUMAN_MYELIN_112319,8,SPSIMHRYA,9,RDSRSGSPM,0,All manifest-contained 9-mer window combinations retained for sensitivity; not a predictor-selected register or a re-ranking score.
EBV_TCELL_1862913::HUMAN_MYELIN_112319,12,EBV_TCELL_1862913,HUMAN_MYELIN_112319,8,SPSIMHRYA,10,DSRSGSPMA,0,All manifest-contained 9-mer window combinations retained for sensitivity; not a predictor-selected register or a re-ranking score.
EBV_TCELL_1862913::HUMAN_MYELIN_112319,12,EBV_TCELL_1862913,HUMAN_MYELIN_112319,8,SPSIMHRYA,11,SRSGSPMAR,0,All manifest-contained 9-mer window combinations retained for sensitivity; not a predictor-selected register or a re-ranking score.
EBV_TCELL_1862913::HUMAN_MYELIN_112319,12,EBV_TCELL_1862913,HUMAN_MYELIN_112319,8,SPSIMHRYA,12,RSGSPMARR,0,All manifest-contained 9-mer window combinations retained for sensitivity; not a predictor-selected register or a re-ranking score.
EBV_TCELL_1862913::HUMAN_MYELIN_112319,12,EBV_TCELL_1862913,HUMAN_MYELIN_112319,9,PSIMHRYAV,1,SKIFKLGGR,0,All manifest-contained 9-mer window combinations retained for sensitivity; not a predictor-selected register or a re-ranking score.
EBV_TCELL_1862913::HUMAN_MYELIN_112319,12,EBV_TCELL_1862913,HUMAN_MYELIN_112319,9,PSIMHRYAV,2,KIFKLGGRD,0,All manifest-contained 9-mer window combinations retained for sensitivity; not a predictor-selected register or a re-ranking score.
EBV_TCELL_1862913::HUMAN_MYELIN_112319,12,EBV_TCELL_1862913,HUMAN_MYELIN_112319,9,PSIMHRYAV,3,IFKLGGRDS,0,All manifest-contained 9-mer window combinations retained for sensitivity; not a predictor-selected register or a re-ranking score.
EBV_TCELL_1862913::HUMAN_MYELIN_112319,12,EBV_TCELL_1862913,HUMAN_MYELIN_112319,9,PSIMHRYAV,4,FKLGGRDSR,0,All manifest-contained 9-mer window combinations retained for sensitivity; not a predictor-selected register or a re-ranking score.
EBV_TCELL_1862913::HUMAN_MYELIN_112319,12,EBV_TCELL_1862913,HUMAN_MYELIN_112319,9,PSIMHRYAV,5,KLGGRDSRS,0,All manifest-contained 9-mer window combinations retained for sensitivity; not a predictor-selected register or a re-ranking score.
EBV_TCELL_1862913::HUMAN_MYELIN_112319,12,EBV_TCELL_1862913,HUMAN_MYELIN_112319,9,PSIMHRYAV,6,LGGRDSRSG,0,All manifest-contained 9-mer window combinations retained for sensitivity; not a predictor-selected register or a re-ranking score.
EBV_TCELL_1862913::HUMAN_MYELIN_112319,12,EBV_TCELL_1862913,HUMAN_MYELIN_112319,9,PSIMHRYAV,7,GGRDSRSGS,0,All manifest-contained 9-mer window combinations retained for sensitivity; not a predictor-selected register or a re-ranking score.
EBV_TCELL_1862913::HUMAN_MYELIN_112319,12,EBV_TCELL_1862913,HUMAN_MYELIN_112319,9,PSIMHRYAV,8,GRDSRSGSP,0,All manifest-contained 9-mer window combinations retained for sensitivity; not a predictor-selected register or a re-ranking score.
EBV_TCELL_1862913::HUMAN_MYELIN_112319,12,EBV_TCELL_1862913,HUMAN_MYELIN_112319,9,PSIMHRYAV,9,RDSRSGSPM,0,All manifest-contained 9-mer window combinations retained for sensitivity; not a predictor-selected register or a re-ranking score.
EBV_TCELL_1862913::HUMAN_MYELIN_112319,12,EBV_TCELL_1862913,HUMAN_MYELIN_112319,9,PSIMHRYAV,10,DSRSGSPMA,0,All manifest-contained 9-mer window combinations retained for sensitivity; not a predictor-selected register or a re-ranking score.
EBV_TCELL_1862913::HUMAN_MYELIN_112319,12,EBV_TCELL_1862913,HUMAN_MYELIN_112319,9,PSIMHRYAV,11,SRSGSPMAR,0,All manifest-contained 9-mer window combinations retained for sensitivity; not a predictor-selected register or a re-ranking score.
EBV_TCELL_1862913::HUMAN_MYELIN_112319,12,EBV_TCELL_1862913,HUMAN_MYELIN_112319,9,PSIMHRYAV,12,RSGSPMARR,0,All manifest-contained 9-mer window combinations retained for sensitivity; not a predictor-selected register or a re-ranking score.
EBV_TCELL_1862913::HUMAN_MYELIN_112319,12,EBV_TCELL_1862913,HUMAN_MYELIN_112319,10,SIMHRYAVV,1,SKIFKLGGR,0,All manifest-contained 9-mer window combinations retained for sensitivity; not a predictor-selected register or a re-ranking score.
EBV_TCELL_1862913::HUMAN_MYELIN_112319,12,EBV_TCELL_1862913,HUMAN_MYELIN_112319,10,SIMHRYAVV,2,KIFKLGGRD,0,All manifest-contained 9-mer window combinations retained for sensitivity; not a predictor-selected register or a re-ranking score.
EBV_TCELL_1862913::HUMAN_MYELIN_112319,12,EBV_TCELL_1862913,HUMAN_MYELIN_112319,10,SIMHRYAVV,3,IFKLGGRDS,0,All manifest-contained 9-mer window combinations retained for sensitivity; not a predictor-selected register or a re-ranking score.
EBV_TCELL_1862913::HUMAN_MYELIN_112319,12,EBV_TCELL_1862913,HUMAN_MYELIN_112319,10,SIMHRYAVV,4,FKLGGRDSR,0,All manifest-contained 9-mer window combinations retained for sensitivity; not a predictor-selected register or a re-ranking score.
EBV_TCELL_1862913::HUMAN_MYELIN_112319,12,EBV_TCELL_1862913,HUMAN_MYELIN_112319,10,SIMHRYAVV,5,KLGGRDSRS,0,All manifest-contained 9-mer window combinations retained for sensitivity; not a predictor-selected register or a re-ranking score.
EBV_TCELL_1862913::HUMAN_MYELIN_112319,12,EBV_TCELL_1862913,HUMAN_MYELIN_112319,10,SIMHRYAVV,6,LGGRDSRSG,0,All manifest-contained 9-mer window combinations retained for sensitivity; not a predictor-selected register or a re-ranking score.
EBV_TCELL_1862913::HUMAN_MYELIN_112319,12,EBV_TCELL_1862913,HUMAN_MYELIN_112319,10,SIMHRYAVV,7,GGRDSRSGS,0,All manifest-contained 9-mer window combinations retained for sensitivity; not a predictor-selected register or a re-ranking score.
EBV_TCELL_1862913::HUMAN_MYELIN_112319,12,EBV_TCELL_1862913,HUMAN_MYELIN_112319,10,SIMHRYAVV,8,GRDSRSGSP,0,All manifest-contained 9-mer window combinations retained for sensitivity; not a predictor-selected register or a re-ranking score.
EBV_TCELL_1862913::HUMAN_MYELIN_112319,12,EBV_TCELL_1862913,HUMAN_MYELIN_112319,10,SIMHRYAVV,9,RDSRSGSPM,0,All manifest-contained 9-mer window combinations retained for sensitivity; not a predictor-selected register or a re-ranking score.
EBV_TCELL_1862913::HUMAN_MYELIN_112319,12,EBV_TCELL_1862913,HUMAN_MYELIN_112319,10,SIMHRYAVV,10,DSRSGSPMA,0,All manifest-contained 9-mer window combinations retained for sensitivity; not a predictor-selected register or a re-ranking score.
EBV_TCELL_1862913::HUMAN_MYELIN_112319,12,EBV_TCELL_1862913,HUMAN_MYELIN_112319,10,SIMHRYAVV,11,SRSGSPMAR,0,All manifest-contained 9-mer window combinations retained for sensitivity; not a predictor-selected register or a re-ranking score.
EBV_TCELL_1862913::HUMAN_MYELIN_112319,12,EBV_TCELL_1862913,HUMAN_MYELIN_112319,10,SIMHRYAVV,12,RSGSPMARR,0,All manifest-contained 9-mer window combinations retained for sensitivity; not a predictor-selected register or a re-ranking score.
EBV_TCELL_1862913::HUMAN_MYELIN_112319,12,EBV_TCELL_1862913,HUMAN_MYELIN_112319,11,IMHRYAVVQ,1,SKIFKLGGR,0,All manifest-contained 9-mer window combinations retained for sensitivity; not a predictor-selected register or a re-ranking score.
EBV_TCELL_1862913::HUMAN_MYELIN_112319,12,EBV_TCELL_1862913,HUMAN_MYELIN_112319,11,IMHRYAVVQ,2,KIFKLGGRD,0,All manifest-contained 9-mer window combinations retained for sensitivity; not a predictor-selected register or a re-ranking score.
EBV_TCELL_1862913::HUMAN_MYELIN_112319,12,EBV_TCELL_1862913,HUMAN_MYELIN_112319,11,IMHRYAVVQ,3,IFKLGGRDS,0,All manifest-contained 9-mer window combinations retained for sensitivity; not a predictor-selected register or a re-ranking score.
EBV_TCELL_1862913::HUMAN_MYELIN_112319,12,EBV_TCELL_1862913,HUMAN_MYELIN_112319,11,IMHRYAVVQ,4,FKLGGRDSR,0,All manifest-contained 9-mer window combinations retained for sensitivity; not a predictor-selected register or a re-ranking score.
EBV_TCELL_1862913::HUMAN_MYELIN_112319,12,EBV_TCELL_1862913,HUMAN_MYELIN_112319,11,IMHRYAVVQ,5,KLGGRDSRS,0,All manifest-contained 9-mer window combinations retained for sensitivity; not a predictor-selected register or a re-ranking score.
EBV_TCELL_1862913::HUMAN_MYELIN_112319,12,EBV_TCELL_1862913,HUMAN_MYELIN_112319,11,IMHRYAVVQ,6,LGGRDSRSG,0,All manifest-contained 9-mer window combinations retained for sensitivity; not a predictor-selected register or a re-ranking score.
EBV_TCELL_1862913::HUMAN_MYELIN_112319,12,EBV_TCELL_1862913,HUMAN_MYELIN_112319,11,IMHRYAVVQ,7,GGRDSRSGS,0,All manifest-contained 9-mer window combinations retained for sensitivity; not a predictor-selected register or a re-ranking score.
EBV_TCELL_1862913::HUMAN_MYELIN_112319,12,EBV_TCELL_1862913,HUMAN_MYELIN_112319,11,IMHRYAVVQ,8,GRDSRSGSP,0,All manifest-contained 9-mer window combinations retained for sensitivity; not a predictor-selected register or a re-ranking score.
EBV_TCELL_1862913::HUMAN_MYELIN_112319,12,EBV_TCELL_1862913,HUMAN_MYELIN_112319,11,IMHRYAVVQ,9,RDSRSGSPM,0,All manifest-contained 9-mer window combinations retained for sensitivity; not a predictor-selected register or a re-ranking score.
EBV_TCELL_1862913::HUMAN_MYELIN_112319,12,EBV_TCELL_1862913,HUMAN_MYELIN_112319,11,IMHRYAVVQ,10,DSRSGSPMA,0,All manifest-contained 9-mer window combinations retained for sensitivity; not a predictor-selected register or a re-ranking score.
EBV_TCELL_1862913::HUMAN_MYELIN_112319,12,EBV_TCELL_1862913,HUMAN_MYELIN_112319,11,IMHRYAVVQ,11,SRSGSPMAR,0,All manifest-contained 9-mer window combinations retained for sensitivity; not a predictor-selected register or a re-ranking score.
EBV_TCELL_1862913::HUMAN_MYELIN_112319,12,EBV_TCELL_1862913,HUMAN_MYELIN_112319,11,IMHRYAVVQ,12,RSGSPMARR,0,All manifest-contained 9-mer window combinations retained for sensitivity; not a predictor-selected register or a re-ranking score.
EBV_TCELL_1862913::HUMAN_MYELIN_112319,12,EBV_TCELL_1862913,HUMAN_MYELIN_112319,12,MHRYAVVQP,1,SKIFKLGGR,0,All manifest-contained 9-mer window combinations retained for sensitivity; not a predictor-selected register or a re-ranking score.
EBV_TCELL_1862913::HUMAN_MYELIN_112319,12,EBV_TCELL_1862913,HUMAN_MYELIN_112319,12,MHRYAVVQP,2,KIFKLGGRD,0,All manifest-contained 9-mer window combinations retained for sensitivity; not a predictor-selected register or a re-ranking score.
EBV_TCELL_1862913::HUMAN_MYELIN_112319,12,EBV_TCELL_1862913,HUMAN_MYELIN_112319,12,MHRYAVVQP,3,IFKLGGRDS,0,All manifest-contained 9-mer window combinations retained for sensitivity; not a predictor-selected register or a re-ranking score.
EBV_TCELL_1862913::HUMAN_MYELIN_112319,12,EBV_TCELL_1862913,HUMAN_MYELIN_112319,12,MHRYAVVQP,4,FKLGGRDSR,0,All manifest-contained 9-mer window combinations retained for sensitivity; not a predictor-selected register or a re-ranking score.
EBV_TCELL_1862913::HUMAN_MYELIN_112319,12,EBV_TCELL_1862913,HUMAN_MYELIN_112319,12,MHRYAVVQP,5,KLGGRDSRS,0,All manifest-contained 9-mer window combinations retained for sensitivity; not a predictor-selected register or a re-ranking score.
EBV_TCELL_1862913::HUMAN_MYELIN_112319,12,EBV_TCELL_1862913,HUMAN_MYELIN_112319,12,MHRYAVVQP,6,LGGRDSRSG,0,All manifest-contained 9-mer window combinations retained for sensitivity; not a predictor-selected register or a re-ranking score.
EBV_TCELL_1862913::HUMAN_MYELIN_112319,12,EBV_TCELL_1862913,HUMAN_MYELIN_112319,12,MHRYAVVQP,7,GGRDSRSGS,0,All manifest-contained 9-mer window combinations retained for sensitivity; not a predictor-selected register or a re-ranking score.
EBV_TCELL_1862913::HUMAN_MYELIN_112319,12,EBV_TCELL_1862913,HUMAN_MYELIN_112319,12,MHRYAVVQP,8,GRDSRSGSP,0,All manifest-contained 9-mer window combinations retained for sensitivity; not a predictor-selected register or a re-ranking score.
EBV_TCELL_1862913::HUMAN_MYELIN_112319,12,EBV_TCELL_1862913,HUMAN_MYELIN_112319,12,MHRYAVVQP,9,RDSRSGSPM,0,All manifest-contained 9-mer window combinations retained for sensitivity; not a predictor-selected register or a re-ranking score.
EBV_TCELL_1862913::HUMAN_MYELIN_112319,12,EBV_TCELL_1862913,HUMAN_MYELIN_112319,12,MHRYAVVQP,10,DSRSGSPMA,0,All manifest-contained 9-mer window combinations retained for sensitivity; not a predictor-selected register or a re-ranking score.
EBV_TCELL_1862913::HUMAN_MYELIN_112319,12,EBV_TCELL_1862913,HUMAN_MYELIN_112319,12,MHRYAVVQP,11,SRSGSPMAR,0,All manifest-contained 9-mer window combinations retained for sensitivity; not a predictor-selected register or a re-ranking score.
EBV_TCELL_1862913::HUMAN_MYELIN_112319,12,EBV_TCELL_1862913,HUMAN_MYELIN_112319,12,MHRYAVVQP,12,RSGSPMARR,0,All manifest-contained 9-mer window combinations retained for sensitivity; not a predictor-selected register or a re-ranking score.
EBV_TCELL_1392779::HUMAN_MYELIN_117035,13,EBV_TCELL_1392779,HUMAN_MYELIN_117035,1,FARQAVWLR,1,LGHPDKFVG,0,All manifest-contained 9-mer window combinations retained for sensitivity; not a predictor-selected register or a re-ranking score.
EBV_TCELL_1392779::HUMAN_MYELIN_117035,13,EBV_TCELL_1392779,HUMAN_MYELIN_117035,1,FARQAVWLR,2,GHPDKFVGI,0,All manifest-contained 9-mer window combinations retained for sensitivity; not a predictor-selected register or a re-ranking score.
EBV_TCELL_1392779::HUMAN_MYELIN_117035,13,EBV_TCELL_1392779,HUMAN_MYELIN_117035,1,FARQAVWLR,3,HPDKFVGIT,0,All manifest-contained 9-mer window combinations retained for sensitivity; not a predictor-selected register or a re-ranking score.
EBV_TCELL_1392779::HUMAN_MYELIN_117035,13,EBV_TCELL_1392779,HUMAN_MYELIN_117035,1,FARQAVWLR,4,PDKFVGITY,0,All manifest-contained 9-mer window combinations retained for sensitivity; not a predictor-selected register or a re-ranking score.
EBV_TCELL_1392779::HUMAN_MYELIN_117035,13,EBV_TCELL_1392779,HUMAN_MYELIN_117035,1,FARQAVWLR,5,DKFVGITYA,0,All manifest-contained 9-mer window combinations retained for sensitivity; not a predictor-selected register or a re-ranking score.
EBV_TCELL_1392779::HUMAN_MYELIN_117035,13,EBV_TCELL_1392779,HUMAN_MYELIN_117035,1,FARQAVWLR,6,KFVGITYAL,0,All manifest-contained 9-mer window combinations retained for sensitivity; not a predictor-selected register or a re-ranking score.
EBV_TCELL_1392779::HUMAN_MYELIN_117035,13,EBV_TCELL_1392779,HUMAN_MYELIN_117035,1,FARQAVWLR,7,FVGITYALT,0,All manifest-contained 9-mer window combinations retained for sensitivity; not a predictor-selected register or a re-ranking score.
EBV_TCELL_1392779::HUMAN_MYELIN_117035,13,EBV_TCELL_1392779,HUMAN_MYELIN_117035,1,FARQAVWLR,8,VGITYALTV,0,All manifest-contained 9-mer window combinations retained for sensitivity; not a predictor-selected register or a re-ranking score.
EBV_TCELL_1392779::HUMAN_MYELIN_117035,13,EBV_TCELL_1392779,HUMAN_MYELIN_117035,1,FARQAVWLR,9,GITYALTVV,0,All manifest-contained 9-mer window combinations retained for sensitivity; not a predictor-selected register or a re-ranking score.
EBV_TCELL_1392779::HUMAN_MYELIN_117035,13,EBV_TCELL_1392779,HUMAN_MYELIN_117035,1,FARQAVWLR,10,ITYALTVVW,0,All manifest-contained 9-mer window combinations retained for sensitivity; not a predictor-selected register or a re-ranking score.
EBV_TCELL_1392779::HUMAN_MYELIN_117035,13,EBV_TCELL_1392779,HUMAN_MYELIN_117035,1,FARQAVWLR,11,TYALTVVWL,0,All manifest-contained 9-mer window combinations retained for sensitivity; not a predictor-selected register or a re-ranking score.
EBV_TCELL_1392779::HUMAN_MYELIN_117035,13,EBV_TCELL_1392779,HUMAN_MYELIN_117035,1,FARQAVWLR,12,YALTVVWLL,0,All manifest-contained 9-mer window combinations retained for sensitivity; not a predictor-selected register or a re-ranking score.
EBV_TCELL_1392779::HUMAN_MYELIN_117035,13,EBV_TCELL_1392779,HUMAN_MYELIN_117035,1,FARQAVWLR,13,ALTVVWLLV,0,All manifest-contained 9-mer window combinations retained for sensitivity; not a predictor-selected register or a re-ranking score.
EBV_TCELL_1392779::HUMAN_MYELIN_117035,13,EBV_TCELL_1392779,HUMAN_MYELIN_117035,1,FARQAVWLR,14,LTVVWLLVF,0,All manifest-contained 9-mer window combinations retained for sensitivity; not a predictor-selected register or a re-ranking score.
EBV_TCELL_1392779::HUMAN_MYELIN_117035,13,EBV_TCELL_1392779,HUMAN_MYELIN_117035,1,FARQAVWLR,15,TVVWLLVFA,0,All manifest-contained 9-mer window combinations retained for sensitivity; not a predictor-selected register or a re-ranking score.
EBV_TCELL_1392779::HUMAN_MYELIN_117035,13,EBV_TCELL_1392779,HUMAN_MYELIN_117035,1,FARQAVWLR,16,VVWLLVFAC,0,All manifest-contained 9-mer window combinations retained for sensitivity; not a predictor-selected register or a re-ranking score.
EBV_TCELL_1392779::HUMAN_MYELIN_117035,13,EBV_TCELL_1392779,HUMAN_MYELIN_117035,1,FARQAVWLR,17,VWLLVFACS,0,All manifest-contained 9-mer window combinations retained for sensitivity; not a predictor-selected register or a re-ranking score.
EBV_TCELL_1392779::HUMAN_MYELIN_117035,13,EBV_TCELL_1392779,HUMAN_MYELIN_117035,1,FARQAVWLR,18,WLLVFACSA,0,All manifest-contained 9-mer window combinations retained for sensitivity; not a predictor-selected register or a re-ranking score.
EBV_TCELL_1392779::HUMAN_MYELIN_117035,13,EBV_TCELL_1392779,HUMAN_MYELIN_117035,1,FARQAVWLR,19,LLVFACSAV,0,All manifest-contained 9-mer window combinations retained for sensitivity; not a predictor-selected register or a re-ranking score.
EBV_TCELL_1392779::HUMAN_MYELIN_117035,13,EBV_TCELL_1392779,HUMAN_MYELIN_117035,1,FARQAVWLR,20,LVFACSAVP,0,All manifest-contained 9-mer window combinations retained for sensitivity; not a predictor-selected register or a re-ranking score.
EBV_TCELL_1392779::HUMAN_MYELIN_117035,13,EBV_TCELL_1392779,HUMAN_MYELIN_117035,1,FARQAVWLR,21,VFACSAVPV,0,All manifest-contained 9-mer window combinations retained for sensitivity; not a predictor-selected register or a re-ranking score.
EBV_TCELL_1392779::HUMAN_MYELIN_117035,13,EBV_TCELL_1392779,HUMAN_MYELIN_117035,1,FARQAVWLR,22,FACSAVPVY,6,All manifest-contained 9-mer window combinations retained for sensitivity; not a predictor-selected register or a re-ranking score.
EBV_TCELL_1392779::HUMAN_MYELIN_117035,13,EBV_TCELL_1392779,HUMAN_MYELIN_117035,1,FARQAVWLR,23,ACSAVPVYI,0,All manifest-contained 9-mer window combinations retained for sensitivity; not a predictor-selected register or a re-ranking score.
EBV_TCELL_1392779::HUMAN_MYELIN_117035,13,EBV_TCELL_1392779,HUMAN_MYELIN_117035,1,FARQAVWLR,24,CSAVPVYIY,0,All manifest-contained 9-mer window combinations retained for sensitivity; not a predictor-selected register or a re-ranking score.
EBV_TCELL_1392779::HUMAN_MYELIN_117035,13,EBV_TCELL_1392779,HUMAN_MYELIN_117035,2,ARQAVWLRE,1,LGHPDKFVG,0,All manifest-contained 9-mer window combinations retained for sensitivity; not a predictor-selected register or a re-ranking score.
EBV_TCELL_1392779::HUMAN_MYELIN_117035,13,EBV_TCELL_1392779,HUMAN_MYELIN_117035,2,ARQAVWLRE,2,GHPDKFVGI,0,All manifest-contained 9-mer window combinations retained for sensitivity; not a predictor-selected register or a re-ranking score.
EBV_TCELL_1392779::HUMAN_MYELIN_117035,13,EBV_TCELL_1392779,HUMAN_MYELIN_117035,2,ARQAVWLRE,3,HPDKFVGIT,0,All manifest-contained 9-mer window combinations retained for sensitivity; not a predictor-selected register or a re-ranking score.
EBV_TCELL_1392779::HUMAN_MYELIN_117035,13,EBV_TCELL_1392779,HUMAN_MYELIN_117035,2,ARQAVWLRE,4,PDKFVGITY,0,All manifest-contained 9-mer window combinations retained for sensitivity; not a predictor-selected register or a re-ranking score.
EBV_TCELL_1392779::HUMAN_MYELIN_117035,13,EBV_TCELL_1392779,HUMAN_MYELIN_117035,2,ARQAVWLRE,5,DKFVGITYA,0,All manifest-contained 9-mer window combinations retained for sensitivity; not a predictor-selected register or a re-ranking score.
EBV_TCELL_1392779::HUMAN_MYELIN_117035,13,EBV_TCELL_1392779,HUMAN_MYELIN_117035,2,ARQAVWLRE,6,KFVGITYAL,0,All manifest-contained 9-mer window combinations retained for sensitivity; not a predictor-selected register or a re-ranking score.
EBV_TCELL_1392779::HUMAN_MYELIN_117035,13,EBV_TCELL_1392779,HUMAN_MYELIN_117035,2,ARQAVWLRE,7,FVGITYALT,0,All manifest-contained 9-mer window combinations retained for sensitivity; not a predictor-selected register or a re-ranking score.
EBV_TCELL_1392779::HUMAN_MYELIN_117035,13,EBV_TCELL_1392779,HUMAN_MYELIN_117035,2,ARQAVWLRE,8,VGITYALTV,0,All manifest-contained 9-mer window combinations retained for sensitivity; not a predictor-selected register or a re-ranking score.
EBV_TCELL_1392779::HUMAN_MYELIN_117035,13,EBV_TCELL_1392779,HUMAN_MYELIN_117035,2,ARQAVWLRE,9,GITYALTVV,0,All manifest-contained 9-mer window combinations retained for sensitivity; not a predictor-selected register or a re-ranking score.
EBV_TCELL_1392779::HUMAN_MYELIN_117035,13,EBV_TCELL_1392779,HUMAN_MYELIN_117035,2,ARQAVWLRE,10,ITYALTVVW,0,All manifest-contained 9-mer window combinations retained for sensitivity; not a predictor-selected register or a re-ranking score.
EBV_TCELL_1392779::HUMAN_MYELIN_117035,13,EBV_TCELL_1392779,HUMAN_MYELIN_117035,2,ARQAVWLRE,11,TYALTVVWL,0,All manifest-contained 9-mer window combinations retained for sensitivity; not a predictor-selected register or a re-ranking score.
EBV_TCELL_1392779::HUMAN_MYELIN_117035,13,EBV_TCELL_1392779,HUMAN_MYELIN_117035,2,ARQAVWLRE,12,YALTVVWLL,0,All manifest-contained 9-mer window combinations retained for sensitivity; not a predictor-selected register or a re-ranking score.
EBV_TCELL_1392779::HUMAN_MYELIN_117035,13,EBV_TCELL_1392779,HUMAN_MYELIN_117035,2,ARQAVWLRE,13,ALTVVWLLV,0,All manifest-contained 9-mer window combinations retained for sensitivity; not a predictor-selected register or a re-ranking score.
EBV_TCELL_1392779::HUMAN_MYELIN_117035,13,EBV_TCELL_1392779,HUMAN_MYELIN_117035,2,ARQAVWLRE,14,LTVVWLLVF,0,All manifest-contained 9-mer window combinations retained for sensitivity; not a predictor-selected register or a re-ranking score.
EBV_TCELL_1392779::HUMAN_MYELIN_117035,13,EBV_TCELL_1392779,HUMAN_MYELIN_117035,2,ARQAVWLRE,15,TVVWLLVFA,0,All manifest-contained 9-mer window combinations retained for sensitivity; not a predictor-selected register or a re-ranking score.
EBV_TCELL_1392779::HUMAN_MYELIN_117035,13,EBV_TCELL_1392779,HUMAN_MYELIN_117035,2,ARQAVWLRE,16,VVWLLVFAC,0,All manifest-contained 9-mer window combinations retained for sensitivity; not a predictor-selected register or a re-ranking score.
EBV_TCELL_1392779::HUMAN_MYELIN_117035,13,EBV_TCELL_1392779,HUMAN_MYELIN_117035,2,ARQAVWLRE,17,VWLLVFACS,0,All manifest-contained 9-mer window combinations retained for sensitivity; not a predictor-selected register or a re-ranking score.
EBV_TCELL_1392779::HUMAN_MYELIN_117035,13,EBV_TCELL_1392779,HUMAN_MYELIN_117035,2,ARQAVWLRE,18,WLLVFACSA,0,All manifest-contained 9-mer window combinations retained for sensitivity; not a predictor-selected register or a re-ranking score.
EBV_TCELL_1392779::HUMAN_MYELIN_117035,13,EBV_TCELL_1392779,HUMAN_MYELIN_117035,2,ARQAVWLRE,19,LLVFACSAV,0,All manifest-contained 9-mer window combinations retained for sensitivity; not a predictor-selected register or a re-ranking score.
EBV_TCELL_1392779::HUMAN_MYELIN_117035,13,EBV_TCELL_1392779,HUMAN_MYELIN_117035,2,ARQAVWLRE,20,LVFACSAVP,0,All manifest-contained 9-mer window combinations retained for sensitivity; not a predictor-selected register or a re-ranking score.
EBV_TCELL_1392779::HUMAN_MYELIN_117035,13,EBV_TCELL_1392779,HUMAN_MYELIN_117035,2,ARQAVWLRE,21,VFACSAVPV,0,All manifest-contained 9-mer window combinations retained for sensitivity; not a predictor-selected register or a re-ranking score.
EBV_TCELL_1392779::HUMAN_MYELIN_117035,13,EBV_TCELL_1392779,HUMAN_MYELIN_117035,2,ARQAVWLRE,22,FACSAVPVY,0,All manifest-contained 9-mer window combinations retained for sensitivity; not a predictor-selected register or a re-ranking score.
EBV_TCELL_1392779::HUMAN_MYELIN_117035,13,EBV_TCELL_1392779,HUMAN_MYELIN_117035,2,ARQAVWLRE,23,ACSAVPVYI,5,All manifest-contained 9-mer window combinations retained for sensitivity; not a predictor-selected register or a re-ranking score.
EBV_TCELL_1392779::HUMAN_MYELIN_117035,13,EBV_TCELL_1392779,HUMAN_MYELIN_117035,2,ARQAVWLRE,24,CSAVPVYIY,0,All manifest-contained 9-mer window combinations retained for sensitivity; not a predictor-selected register or a re-ranking score.
EBV_TCELL_63843::HUMAN_MYELIN_112603,14,EBV_TCELL_63843,HUMAN_MYELIN_112603,1,TGGVYHFVK,1,MIAATYNFA,0,All manifest-contained 9-mer window combinations retained for sensitivity; not a predictor-selected register or a re-ranking score.
EBV_TCELL_63843::HUMAN_MYELIN_112603,14,EBV_TCELL_63843,HUMAN_MYELIN_112603,1,TGGVYHFVK,2,IAATYNFAV,3,All manifest-contained 9-mer window combinations retained for sensitivity; not a predictor-selected register or a re-ranking score.
EBV_TCELL_63843::HUMAN_MYELIN_112603,14,EBV_TCELL_63843,HUMAN_MYELIN_112603,1,TGGVYHFVK,3,AATYNFAVL,2,All manifest-contained 9-mer window combinations retained for sensitivity; not a predictor-selected register or a re-ranking score.
EBV_TCELL_63843::HUMAN_MYELIN_112603,14,EBV_TCELL_63843,HUMAN_MYELIN_112603,1,TGGVYHFVK,4,ATYNFAVLK,0,All manifest-contained 9-mer window combinations retained for sensitivity; not a predictor-selected register or a re-ranking score.
EBV_TCELL_63843::HUMAN_MYELIN_112603,14,EBV_TCELL_63843,HUMAN_MYELIN_112603,1,TGGVYHFVK,5,TYNFAVLKL,0,All manifest-contained 9-mer window combinations retained for sensitivity; not a predictor-selected register or a re-ranking score.
EBV_TCELL_63843::HUMAN_MYELIN_112603,14,EBV_TCELL_63843,HUMAN_MYELIN_112603,1,TGGVYHFVK,6,YNFAVLKLM,0,All manifest-contained 9-mer window combinations retained for sensitivity; not a predictor-selected register or a re-ranking score.
EBV_TCELL_63843::HUMAN_MYELIN_112603,14,EBV_TCELL_63843,HUMAN_MYELIN_112603,1,TGGVYHFVK,7,NFAVLKLMG,0,All manifest-contained 9-mer window combinations retained for sensitivity; not a predictor-selected register or a re-ranking score.
EBV_TCELL_63843::HUMAN_MYELIN_112603,14,EBV_TCELL_63843,HUMAN_MYELIN_112603,1,TGGVYHFVK,8,FAVLKLMGR,0,All manifest-contained 9-mer window combinations retained for sensitivity; not a predictor-selected register or a re-ranking score.
EBV_TCELL_63843::HUMAN_MYELIN_112603,14,EBV_TCELL_63843,HUMAN_MYELIN_112603,1,TGGVYHFVK,9,AVLKLMGRG,0,All manifest-contained 9-mer window combinations retained for sensitivity; not a predictor-selected register or a re-ranking score.
EBV_TCELL_63843::HUMAN_MYELIN_112603,14,EBV_TCELL_63843,HUMAN_MYELIN_112603,1,TGGVYHFVK,10,VLKLMGRGT,0,All manifest-contained 9-mer window combinations retained for sensitivity; not a predictor-selected register or a re-ranking score.
EBV_TCELL_63843::HUMAN_MYELIN_112603,14,EBV_TCELL_63843,HUMAN_MYELIN_112603,1,TGGVYHFVK,11,LKLMGRGTK,0,All manifest-contained 9-mer window combinations retained for sensitivity; not a predictor-selected register or a re-ranking score.
EBV_TCELL_63843::HUMAN_MYELIN_112603,14,EBV_TCELL_63843,HUMAN_MYELIN_112603,1,TGGVYHFVK,12,KLMGRGTKF,0,All manifest-contained 9-mer window combinations retained for sensitivity; not a predictor-selected register or a re-ranking score.
EBV_TCELL_63843::HUMAN_MYELIN_112603,14,EBV_TCELL_63843,HUMAN_MYELIN_112603,2,GGVYHFVKK,1,MIAATYNFA,0,All manifest-contained 9-mer window combinations retained for sensitivity; not a predictor-selected register or a re-ranking score.
EBV_TCELL_63843::HUMAN_MYELIN_112603,14,EBV_TCELL_63843,HUMAN_MYELIN_112603,2,GGVYHFVKK,2,IAATYNFAV,0,All manifest-contained 9-mer window combinations retained for sensitivity; not a predictor-selected register or a re-ranking score.
EBV_TCELL_63843::HUMAN_MYELIN_112603,14,EBV_TCELL_63843,HUMAN_MYELIN_112603,2,GGVYHFVKK,3,AATYNFAVL,3,All manifest-contained 9-mer window combinations retained for sensitivity; not a predictor-selected register or a re-ranking score.
EBV_TCELL_63843::HUMAN_MYELIN_112603,14,EBV_TCELL_63843,HUMAN_MYELIN_112603,2,GGVYHFVKK,4,ATYNFAVLK,3,All manifest-contained 9-mer window combinations retained for sensitivity; not a predictor-selected register or a re-ranking score.
EBV_TCELL_63843::HUMAN_MYELIN_112603,14,EBV_TCELL_63843,HUMAN_MYELIN_112603,2,GGVYHFVKK,5,TYNFAVLKL,0,All manifest-contained 9-mer window combinations retained for sensitivity; not a predictor-selected register or a re-ranking score.
EBV_TCELL_63843::HUMAN_MYELIN_112603,14,EBV_TCELL_63843,HUMAN_MYELIN_112603,2,GGVYHFVKK,6,YNFAVLKLM,0,All manifest-contained 9-mer window combinations retained for sensitivity; not a predictor-selected register or a re-ranking score.
EBV_TCELL_63843::HUMAN_MYELIN_112603,14,EBV_TCELL_63843,HUMAN_MYELIN_112603,2,GGVYHFVKK,7,NFAVLKLMG,0,All manifest-contained 9-mer window combinations retained for sensitivity; not a predictor-selected register or a re-ranking score.
EBV_TCELL_63843::HUMAN_MYELIN_112603,14,EBV_TCELL_63843,HUMAN_MYELIN_112603,2,GGVYHFVKK,8,FAVLKLMGR,0,All manifest-contained 9-mer window combinations retained for sensitivity; not a predictor-selected register or a re-ranking score.
EBV_TCELL_63843::HUMAN_MYELIN_112603,14,EBV_TCELL_63843,HUMAN_MYELIN_112603,2,GGVYHFVKK,9,AVLKLMGRG,0,All manifest-contained 9-mer window combinations retained for sensitivity; not a predictor-selected register or a re-ranking score.
EBV_TCELL_63843::HUMAN_MYELIN_112603,14,EBV_TCELL_63843,HUMAN_MYELIN_112603,2,GGVYHFVKK,10,VLKLMGRGT,0,All manifest-contained 9-mer window combinations retained for sensitivity; not a predictor-selected register or a re-ranking score.
EBV_TCELL_63843::HUMAN_MYELIN_112603,14,EBV_TCELL_63843,HUMAN_MYELIN_112603,2,GGVYHFVKK,11,LKLMGRGTK,0,All manifest-contained 9-mer window combinations retained for sensitivity; not a predictor-selected register or a re-ranking score.
EBV_TCELL_63843::HUMAN_MYELIN_112603,14,EBV_TCELL_63843,HUMAN_MYELIN_112603,2,GGVYHFVKK,12,KLMGRGTKF,0,All manifest-contained 9-mer window combinations retained for sensitivity; not a predictor-selected register or a re-ranking score.
EBV_TCELL_63843::HUMAN_MYELIN_112603,14,EBV_TCELL_63843,HUMAN_MYELIN_112603,3,GVYHFVKKH,1,MIAATYNFA,0,All manifest-contained 9-mer window combinations retained for sensitivity; not a predictor-selected register or a re-ranking score.
EBV_TCELL_63843::HUMAN_MYELIN_112603,14,EBV_TCELL_63843,HUMAN_MYELIN_112603,3,GVYHFVKKH,2,IAATYNFAV,0,All manifest-contained 9-mer window combinations retained for sensitivity; not a predictor-selected register or a re-ranking score.
EBV_TCELL_63843::HUMAN_MYELIN_112603,14,EBV_TCELL_63843,HUMAN_MYELIN_112603,3,GVYHFVKKH,3,AATYNFAVL,0,All manifest-contained 9-mer window combinations retained for sensitivity; not a predictor-selected register or a re-ranking score.
EBV_TCELL_63843::HUMAN_MYELIN_112603,14,EBV_TCELL_63843,HUMAN_MYELIN_112603,3,GVYHFVKKH,4,ATYNFAVLK,3,All manifest-contained 9-mer window combinations retained for sensitivity; not a predictor-selected register or a re-ranking score.
EBV_TCELL_63843::HUMAN_MYELIN_112603,14,EBV_TCELL_63843,HUMAN_MYELIN_112603,3,GVYHFVKKH,5,TYNFAVLKL,3,All manifest-contained 9-mer window combinations retained for sensitivity; not a predictor-selected register or a re-ranking score.
EBV_TCELL_63843::HUMAN_MYELIN_112603,14,EBV_TCELL_63843,HUMAN_MYELIN_112603,3,GVYHFVKKH,6,YNFAVLKLM,0,All manifest-contained 9-mer window combinations retained for sensitivity; not a predictor-selected register or a re-ranking score.
EBV_TCELL_63843::HUMAN_MYELIN_112603,14,EBV_TCELL_63843,HUMAN_MYELIN_112603,3,GVYHFVKKH,7,NFAVLKLMG,0,All manifest-contained 9-mer window combinations retained for sensitivity; not a predictor-selected register or a re-ranking score.
EBV_TCELL_63843::HUMAN_MYELIN_112603,14,EBV_TCELL_63843,HUMAN_MYELIN_112603,3,GVYHFVKKH,8,FAVLKLMGR,0,All manifest-contained 9-mer window combinations retained for sensitivity; not a predictor-selected register or a re-ranking score.
EBV_TCELL_63843::HUMAN_MYELIN_112603,14,EBV_TCELL_63843,HUMAN_MYELIN_112603,3,GVYHFVKKH,9,AVLKLMGRG,0,All manifest-contained 9-mer window combinations retained for sensitivity; not a predictor-selected register or a re-ranking score.
EBV_TCELL_63843::HUMAN_MYELIN_112603,14,EBV_TCELL_63843,HUMAN_MYELIN_112603,3,GVYHFVKKH,10,VLKLMGRGT,0,All manifest-contained 9-mer window combinations retained for sensitivity; not a predictor-selected register or a re-ranking score.
EBV_TCELL_63843::HUMAN_MYELIN_112603,14,EBV_TCELL_63843,HUMAN_MYELIN_112603,3,GVYHFVKKH,11,LKLMGRGTK,0,All manifest-contained 9-mer window combinations retained for sensitivity; not a predictor-selected register or a re-ranking score.
EBV_TCELL_63843::HUMAN_MYELIN_112603,14,EBV_TCELL_63843,HUMAN_MYELIN_112603,3,GVYHFVKKH,12,KLMGRGTKF,0,All manifest-contained 9-mer window combinations retained for sensitivity; not a predictor-selected register or a re-ranking score.
EBV_TCELL_63843::HUMAN_MYELIN_112603,14,EBV_TCELL_63843,HUMAN_MYELIN_112603,4,VYHFVKKHV,1,MIAATYNFA,0,All manifest-contained 9-mer window combinations retained for sensitivity; not a predictor-selected register or a re-ranking score.
EBV_TCELL_63843::HUMAN_MYELIN_112603,14,EBV_TCELL_63843,HUMAN_MYELIN_112603,4,VYHFVKKHV,2,IAATYNFAV,0,All manifest-contained 9-mer window combinations retained for sensitivity; not a predictor-selected register or a re-ranking score.
EBV_TCELL_63843::HUMAN_MYELIN_112603,14,EBV_TCELL_63843,HUMAN_MYELIN_112603,4,VYHFVKKHV,3,AATYNFAVL,0,All manifest-contained 9-mer window combinations retained for sensitivity; not a predictor-selected register or a re-ranking score.
EBV_TCELL_63843::HUMAN_MYELIN_112603,14,EBV_TCELL_63843,HUMAN_MYELIN_112603,4,VYHFVKKHV,4,ATYNFAVLK,0,All manifest-contained 9-mer window combinations retained for sensitivity; not a predictor-selected register or a re-ranking score.
EBV_TCELL_63843::HUMAN_MYELIN_112603,14,EBV_TCELL_63843,HUMAN_MYELIN_112603,4,VYHFVKKHV,5,TYNFAVLKL,3,All manifest-contained 9-mer window combinations retained for sensitivity; not a predictor-selected register or a re-ranking score.
EBV_TCELL_63843::HUMAN_MYELIN_112603,14,EBV_TCELL_63843,HUMAN_MYELIN_112603,4,VYHFVKKHV,6,YNFAVLKLM,3,All manifest-contained 9-mer window combinations retained for sensitivity; not a predictor-selected register or a re-ranking score.
EBV_TCELL_63843::HUMAN_MYELIN_112603,14,EBV_TCELL_63843,HUMAN_MYELIN_112603,4,VYHFVKKHV,7,NFAVLKLMG,0,All manifest-contained 9-mer window combinations retained for sensitivity; not a predictor-selected register or a re-ranking score.
EBV_TCELL_63843::HUMAN_MYELIN_112603,14,EBV_TCELL_63843,HUMAN_MYELIN_112603,4,VYHFVKKHV,8,FAVLKLMGR,0,All manifest-contained 9-mer window combinations retained for sensitivity; not a predictor-selected register or a re-ranking score.
EBV_TCELL_63843::HUMAN_MYELIN_112603,14,EBV_TCELL_63843,HUMAN_MYELIN_112603,4,VYHFVKKHV,9,AVLKLMGRG,0,All manifest-contained 9-mer window combinations retained for sensitivity; not a predictor-selected register or a re-ranking score.
EBV_TCELL_63843::HUMAN_MYELIN_112603,14,EBV_TCELL_63843,HUMAN_MYELIN_112603,4,VYHFVKKHV,10,VLKLMGRGT,0,All manifest-contained 9-mer window combinations retained for sensitivity; not a predictor-selected register or a re-ranking score.
EBV_TCELL_63843::HUMAN_MYELIN_112603,14,EBV_TCELL_63843,HUMAN_MYELIN_112603,4,VYHFVKKHV,11,LKLMGRGTK,0,All manifest-contained 9-mer window combinations retained for sensitivity; not a predictor-selected register or a re-ranking score.
EBV_TCELL_63843::HUMAN_MYELIN_112603,14,EBV_TCELL_63843,HUMAN_MYELIN_112603,4,VYHFVKKHV,12,KLMGRGTKF,0,All manifest-contained 9-mer window combinations retained for sensitivity; not a predictor-selected register or a re-ranking score.
EBV_TCELL_63843::HUMAN_MYELIN_112603,14,EBV_TCELL_63843,HUMAN_MYELIN_112603,5,YHFVKKHVH,1,MIAATYNFA,0,All manifest-contained 9-mer window combinations retained for sensitivity; not a predictor-selected register or a re-ranking score.
EBV_TCELL_63843::HUMAN_MYELIN_112603,14,EBV_TCELL_63843,HUMAN_MYELIN_112603,5,YHFVKKHVH,2,IAATYNFAV,0,All manifest-contained 9-mer window combinations retained for sensitivity; not a predictor-selected register or a re-ranking score.
EBV_TCELL_63843::HUMAN_MYELIN_112603,14,EBV_TCELL_63843,HUMAN_MYELIN_112603,5,YHFVKKHVH,3,AATYNFAVL,0,All manifest-contained 9-mer window combinations retained for sensitivity; not a predictor-selected register or a re-ranking score.
EBV_TCELL_63843::HUMAN_MYELIN_112603,14,EBV_TCELL_63843,HUMAN_MYELIN_112603,5,YHFVKKHVH,4,ATYNFAVLK,0,All manifest-contained 9-mer window combinations retained for sensitivity; not a predictor-selected register or a re-ranking score.
EBV_TCELL_63843::HUMAN_MYELIN_112603,14,EBV_TCELL_63843,HUMAN_MYELIN_112603,5,YHFVKKHVH,5,TYNFAVLKL,0,All manifest-contained 9-mer window combinations retained for sensitivity; not a predictor-selected register or a re-ranking score.
EBV_TCELL_63843::HUMAN_MYELIN_112603,14,EBV_TCELL_63843,HUMAN_MYELIN_112603,5,YHFVKKHVH,6,YNFAVLKLM,3,All manifest-contained 9-mer window combinations retained for sensitivity; not a predictor-selected register or a re-ranking score.
EBV_TCELL_63843::HUMAN_MYELIN_112603,14,EBV_TCELL_63843,HUMAN_MYELIN_112603,5,YHFVKKHVH,7,NFAVLKLMG,3,All manifest-contained 9-mer window combinations retained for sensitivity; not a predictor-selected register or a re-ranking score.
EBV_TCELL_63843::HUMAN_MYELIN_112603,14,EBV_TCELL_63843,HUMAN_MYELIN_112603,5,YHFVKKHVH,8,FAVLKLMGR,0,All manifest-contained 9-mer window combinations retained for sensitivity; not a predictor-selected register or a re-ranking score.
EBV_TCELL_63843::HUMAN_MYELIN_112603,14,EBV_TCELL_63843,HUMAN_MYELIN_112603,5,YHFVKKHVH,9,AVLKLMGRG,0,All manifest-contained 9-mer window combinations retained for sensitivity; not a predictor-selected register or a re-ranking score.
EBV_TCELL_63843::HUMAN_MYELIN_112603,14,EBV_TCELL_63843,HUMAN_MYELIN_112603,5,YHFVKKHVH,10,VLKLMGRGT,0,All manifest-contained 9-mer window combinations retained for sensitivity; not a predictor-selected register or a re-ranking score.
EBV_TCELL_63843::HUMAN_MYELIN_112603,14,EBV_TCELL_63843,HUMAN_MYELIN_112603,5,YHFVKKHVH,11,LKLMGRGTK,0,All manifest-contained 9-mer window combinations retained for sensitivity; not a predictor-selected register or a re-ranking score.
EBV_TCELL_63843::HUMAN_MYELIN_112603,14,EBV_TCELL_63843,HUMAN_MYELIN_112603,5,YHFVKKHVH,12,KLMGRGTKF,0,All manifest-contained 9-mer window combinations retained for sensitivity; not a predictor-selected register or a re-ranking score.
EBV_TCELL_63843::HUMAN_MYELIN_112603,14,EBV_TCELL_63843,HUMAN_MYELIN_112603,6,HFVKKHVHE,1,MIAATYNFA,0,All manifest-contained 9-mer window combinations retained for sensitivity; not a predictor-selected register or a re-ranking score.
EBV_TCELL_63843::HUMAN_MYELIN_112603,14,EBV_TCELL_63843,HUMAN_MYELIN_112603,6,HFVKKHVHE,2,IAATYNFAV,0,All manifest-contained 9-mer window combinations retained for sensitivity; not a predictor-selected register or a re-ranking score.
EBV_TCELL_63843::HUMAN_MYELIN_112603,14,EBV_TCELL_63843,HUMAN_MYELIN_112603,6,HFVKKHVHE,3,AATYNFAVL,0,All manifest-contained 9-mer window combinations retained for sensitivity; not a predictor-selected register or a re-ranking score.
EBV_TCELL_63843::HUMAN_MYELIN_112603,14,EBV_TCELL_63843,HUMAN_MYELIN_112603,6,HFVKKHVHE,4,ATYNFAVLK,0,All manifest-contained 9-mer window combinations retained for sensitivity; not a predictor-selected register or a re-ranking score.
EBV_TCELL_63843::HUMAN_MYELIN_112603,14,EBV_TCELL_63843,HUMAN_MYELIN_112603,6,HFVKKHVHE,5,TYNFAVLKL,0,All manifest-contained 9-mer window combinations retained for sensitivity; not a predictor-selected register or a re-ranking score.
EBV_TCELL_63843::HUMAN_MYELIN_112603,14,EBV_TCELL_63843,HUMAN_MYELIN_112603,6,HFVKKHVHE,6,YNFAVLKLM,0,All manifest-contained 9-mer window combinations retained for sensitivity; not a predictor-selected register or a re-ranking score.
EBV_TCELL_63843::HUMAN_MYELIN_112603,14,EBV_TCELL_63843,HUMAN_MYELIN_112603,6,HFVKKHVHE,7,NFAVLKLMG,2,All manifest-contained 9-mer window combinations retained for sensitivity; not a predictor-selected register or a re-ranking score.
EBV_TCELL_63843::HUMAN_MYELIN_112603,14,EBV_TCELL_63843,HUMAN_MYELIN_112603,6,HFVKKHVHE,8,FAVLKLMGR,3,All manifest-contained 9-mer window combinations retained for sensitivity; not a predictor-selected register or a re-ranking score.
EBV_TCELL_63843::HUMAN_MYELIN_112603,14,EBV_TCELL_63843,HUMAN_MYELIN_112603,6,HFVKKHVHE,9,AVLKLMGRG,0,All manifest-contained 9-mer window combinations retained for sensitivity; not a predictor-selected register or a re-ranking score.
EBV_TCELL_63843::HUMAN_MYELIN_112603,14,EBV_TCELL_63843,HUMAN_MYELIN_112603,6,HFVKKHVHE,10,VLKLMGRGT,0,All manifest-contained 9-mer window combinations retained for sensitivity; not a predictor-selected register or a re-ranking score.
EBV_TCELL_63843::HUMAN_MYELIN_112603,14,EBV_TCELL_63843,HUMAN_MYELIN_112603,6,HFVKKHVHE,11,LKLMGRGTK,0,All manifest-contained 9-mer window combinations retained for sensitivity; not a predictor-selected register or a re-ranking score.
EBV_TCELL_63843::HUMAN_MYELIN_112603,14,EBV_TCELL_63843,HUMAN_MYELIN_112603,6,HFVKKHVHE,12,KLMGRGTKF,0,All manifest-contained 9-mer window combinations retained for sensitivity; not a predictor-selected register or a re-ranking score.
EBV_TCELL_63843::HUMAN_MYELIN_112603,14,EBV_TCELL_63843,HUMAN_MYELIN_112603,7,FVKKHVHES,1,MIAATYNFA,0,All manifest-contained 9-mer window combinations retained for sensitivity; not a predictor-selected register or a re-ranking score.
EBV_TCELL_63843::HUMAN_MYELIN_112603,14,EBV_TCELL_63843,HUMAN_MYELIN_112603,7,FVKKHVHES,2,IAATYNFAV,0,All manifest-contained 9-mer window combinations retained for sensitivity; not a predictor-selected register or a re-ranking score.
EBV_TCELL_63843::HUMAN_MYELIN_112603,14,EBV_TCELL_63843,HUMAN_MYELIN_112603,7,FVKKHVHES,3,AATYNFAVL,0,All manifest-contained 9-mer window combinations retained for sensitivity; not a predictor-selected register or a re-ranking score.
EBV_TCELL_63843::HUMAN_MYELIN_112603,14,EBV_TCELL_63843,HUMAN_MYELIN_112603,7,FVKKHVHES,4,ATYNFAVLK,0,All manifest-contained 9-mer window combinations retained for sensitivity; not a predictor-selected register or a re-ranking score.
EBV_TCELL_63843::HUMAN_MYELIN_112603,14,EBV_TCELL_63843,HUMAN_MYELIN_112603,7,FVKKHVHES,5,TYNFAVLKL,0,All manifest-contained 9-mer window combinations retained for sensitivity; not a predictor-selected register or a re-ranking score.
EBV_TCELL_63843::HUMAN_MYELIN_112603,14,EBV_TCELL_63843,HUMAN_MYELIN_112603,7,FVKKHVHES,6,YNFAVLKLM,0,All manifest-contained 9-mer window combinations retained for sensitivity; not a predictor-selected register or a re-ranking score.
EBV_TCELL_63843::HUMAN_MYELIN_112603,14,EBV_TCELL_63843,HUMAN_MYELIN_112603,7,FVKKHVHES,7,NFAVLKLMG,0,All manifest-contained 9-mer window combinations retained for sensitivity; not a predictor-selected register or a re-ranking score.
EBV_TCELL_63843::HUMAN_MYELIN_112603,14,EBV_TCELL_63843,HUMAN_MYELIN_112603,7,FVKKHVHES,8,FAVLKLMGR,1,All manifest-contained 9-mer window combinations retained for sensitivity; not a predictor-selected register or a re-ranking score.
EBV_TCELL_63843::HUMAN_MYELIN_112603,14,EBV_TCELL_63843,HUMAN_MYELIN_112603,7,FVKKHVHES,9,AVLKLMGRG,3,All manifest-contained 9-mer window combinations retained for sensitivity; not a predictor-selected register or a re-ranking score.
EBV_TCELL_63843::HUMAN_MYELIN_112603,14,EBV_TCELL_63843,HUMAN_MYELIN_112603,7,FVKKHVHES,10,VLKLMGRGT,0,All manifest-contained 9-mer window combinations retained for sensitivity; not a predictor-selected register or a re-ranking score.
EBV_TCELL_63843::HUMAN_MYELIN_112603,14,EBV_TCELL_63843,HUMAN_MYELIN_112603,7,FVKKHVHES,11,LKLMGRGTK,0,All manifest-contained 9-mer window combinations retained for sensitivity; not a predictor-selected register or a re-ranking score.
EBV_TCELL_63843::HUMAN_MYELIN_112603,14,EBV_TCELL_63843,HUMAN_MYELIN_112603,7,FVKKHVHES,12,KLMGRGTKF,0,All manifest-contained 9-mer window combinations retained for sensitivity; not a predictor-selected register or a re-ranking score.
EBV_TCELL_1392779::HUMAN_MYELIN_117117,15,EBV_TCELL_1392779,HUMAN_MYELIN_117117,1,FARQAVWLR,1,YFSKNYQDY,0,All manifest-contained 9-mer window combinations retained for sensitivity; not a predictor-selected register or a re-ranking score.
EBV_TCELL_1392779::HUMAN_MYELIN_117117,15,EBV_TCELL_1392779,HUMAN_MYELIN_117117,1,FARQAVWLR,2,FSKNYQDYE,0,All manifest-contained 9-mer window combinations retained for sensitivity; not a predictor-selected register or a re-ranking score.
EBV_TCELL_1392779::HUMAN_MYELIN_117117,15,EBV_TCELL_1392779,HUMAN_MYELIN_117117,1,FARQAVWLR,3,SKNYQDYEY,0,All manifest-contained 9-mer window combinations retained for sensitivity; not a predictor-selected register or a re-ranking score.
EBV_TCELL_1392779::HUMAN_MYELIN_117117,15,EBV_TCELL_1392779,HUMAN_MYELIN_117117,1,FARQAVWLR,4,KNYQDYEYL,0,All manifest-contained 9-mer window combinations retained for sensitivity; not a predictor-selected register or a re-ranking score.
EBV_TCELL_1392779::HUMAN_MYELIN_117117,15,EBV_TCELL_1392779,HUMAN_MYELIN_117117,1,FARQAVWLR,5,NYQDYEYLI,0,All manifest-contained 9-mer window combinations retained for sensitivity; not a predictor-selected register or a re-ranking score.
EBV_TCELL_1392779::HUMAN_MYELIN_117117,15,EBV_TCELL_1392779,HUMAN_MYELIN_117117,1,FARQAVWLR,6,YQDYEYLIN,0,All manifest-contained 9-mer window combinations retained for sensitivity; not a predictor-selected register or a re-ranking score.
EBV_TCELL_1392779::HUMAN_MYELIN_117117,15,EBV_TCELL_1392779,HUMAN_MYELIN_117117,1,FARQAVWLR,7,QDYEYLINV,0,All manifest-contained 9-mer window combinations retained for sensitivity; not a predictor-selected register or a re-ranking score.
EBV_TCELL_1392779::HUMAN_MYELIN_117117,15,EBV_TCELL_1392779,HUMAN_MYELIN_117117,1,FARQAVWLR,8,DYEYLINVI,0,All manifest-contained 9-mer window combinations retained for sensitivity; not a predictor-selected register or a re-ranking score.
EBV_TCELL_1392779::HUMAN_MYELIN_117117,15,EBV_TCELL_1392779,HUMAN_MYELIN_117117,1,FARQAVWLR,9,YEYLINVIH,0,All manifest-contained 9-mer window combinations retained for sensitivity; not a predictor-selected register or a re-ranking score.
EBV_TCELL_1392779::HUMAN_MYELIN_117117,15,EBV_TCELL_1392779,HUMAN_MYELIN_117117,1,FARQAVWLR,10,EYLINVIHA,0,All manifest-contained 9-mer window combinations retained for sensitivity; not a predictor-selected register or a re-ranking score.
EBV_TCELL_1392779::HUMAN_MYELIN_117117,15,EBV_TCELL_1392779,HUMAN_MYELIN_117117,1,FARQAVWLR,11,YLINVIHAF,0,All manifest-contained 9-mer window combinations retained for sensitivity; not a predictor-selected register or a re-ranking score.
EBV_TCELL_1392779::HUMAN_MYELIN_117117,15,EBV_TCELL_1392779,HUMAN_MYELIN_117117,1,FARQAVWLR,12,LINVIHAFQ,0,All manifest-contained 9-mer window combinations retained for sensitivity; not a predictor-selected register or a re-ranking score.
EBV_TCELL_1392779::HUMAN_MYELIN_117117,15,EBV_TCELL_1392779,HUMAN_MYELIN_117117,1,FARQAVWLR,13,INVIHAFQY,0,All manifest-contained 9-mer window combinations retained for sensitivity; not a predictor-selected register or a re-ranking score.
EBV_TCELL_1392779::HUMAN_MYELIN_117117,15,EBV_TCELL_1392779,HUMAN_MYELIN_117117,1,FARQAVWLR,14,NVIHAFQYV,0,All manifest-contained 9-mer window combinations retained for sensitivity; not a predictor-selected register or a re-ranking score.
EBV_TCELL_1392779::HUMAN_MYELIN_117117,15,EBV_TCELL_1392779,HUMAN_MYELIN_117117,1,FARQAVWLR,15,VIHAFQYVI,0,All manifest-contained 9-mer window combinations retained for sensitivity; not a predictor-selected register or a re-ranking score.
EBV_TCELL_1392779::HUMAN_MYELIN_117117,15,EBV_TCELL_1392779,HUMAN_MYELIN_117117,1,FARQAVWLR,16,IHAFQYVIY,0,All manifest-contained 9-mer window combinations retained for sensitivity; not a predictor-selected register or a re-ranking score.
EBV_TCELL_1392779::HUMAN_MYELIN_117117,15,EBV_TCELL_1392779,HUMAN_MYELIN_117117,1,FARQAVWLR,17,HAFQYVIYG,5,All manifest-contained 9-mer window combinations retained for sensitivity; not a predictor-selected register or a re-ranking score.
EBV_TCELL_1392779::HUMAN_MYELIN_117117,15,EBV_TCELL_1392779,HUMAN_MYELIN_117117,1,FARQAVWLR,18,AFQYVIYGT,0,All manifest-contained 9-mer window combinations retained for sensitivity; not a predictor-selected register or a re-ranking score.
EBV_TCELL_1392779::HUMAN_MYELIN_117117,15,EBV_TCELL_1392779,HUMAN_MYELIN_117117,1,FARQAVWLR,19,FQYVIYGTA,0,All manifest-contained 9-mer window combinations retained for sensitivity; not a predictor-selected register or a re-ranking score.
EBV_TCELL_1392779::HUMAN_MYELIN_117117,15,EBV_TCELL_1392779,HUMAN_MYELIN_117117,1,FARQAVWLR,20,QYVIYGTAS,0,All manifest-contained 9-mer window combinations retained for sensitivity; not a predictor-selected register or a re-ranking score.
EBV_TCELL_1392779::HUMAN_MYELIN_117117,15,EBV_TCELL_1392779,HUMAN_MYELIN_117117,1,FARQAVWLR,21,YVIYGTASF,0,All manifest-contained 9-mer window combinations retained for sensitivity; not a predictor-selected register or a re-ranking score.
EBV_TCELL_1392779::HUMAN_MYELIN_117117,15,EBV_TCELL_1392779,HUMAN_MYELIN_117117,1,FARQAVWLR,22,VIYGTASFF,0,All manifest-contained 9-mer window combinations retained for sensitivity; not a predictor-selected register or a re-ranking score.
EBV_TCELL_1392779::HUMAN_MYELIN_117117,15,EBV_TCELL_1392779,HUMAN_MYELIN_117117,1,FARQAVWLR,23,IYGTASFFF,0,All manifest-contained 9-mer window combinations retained for sensitivity; not a predictor-selected register or a re-ranking score.
EBV_TCELL_1392779::HUMAN_MYELIN_117117,15,EBV_TCELL_1392779,HUMAN_MYELIN_117117,1,FARQAVWLR,24,YGTASFFFL,0,All manifest-contained 9-mer window combinations retained for sensitivity; not a predictor-selected register or a re-ranking score.
EBV_TCELL_1392779::HUMAN_MYELIN_117117,15,EBV_TCELL_1392779,HUMAN_MYELIN_117117,2,ARQAVWLRE,1,YFSKNYQDY,0,All manifest-contained 9-mer window combinations retained for sensitivity; not a predictor-selected register or a re-ranking score.
EBV_TCELL_1392779::HUMAN_MYELIN_117117,15,EBV_TCELL_1392779,HUMAN_MYELIN_117117,2,ARQAVWLRE,2,FSKNYQDYE,0,All manifest-contained 9-mer window combinations retained for sensitivity; not a predictor-selected register or a re-ranking score.
EBV_TCELL_1392779::HUMAN_MYELIN_117117,15,EBV_TCELL_1392779,HUMAN_MYELIN_117117,2,ARQAVWLRE,3,SKNYQDYEY,0,All manifest-contained 9-mer window combinations retained for sensitivity; not a predictor-selected register or a re-ranking score.
EBV_TCELL_1392779::HUMAN_MYELIN_117117,15,EBV_TCELL_1392779,HUMAN_MYELIN_117117,2,ARQAVWLRE,4,KNYQDYEYL,0,All manifest-contained 9-mer window combinations retained for sensitivity; not a predictor-selected register or a re-ranking score.
EBV_TCELL_1392779::HUMAN_MYELIN_117117,15,EBV_TCELL_1392779,HUMAN_MYELIN_117117,2,ARQAVWLRE,5,NYQDYEYLI,0,All manifest-contained 9-mer window combinations retained for sensitivity; not a predictor-selected register or a re-ranking score.
EBV_TCELL_1392779::HUMAN_MYELIN_117117,15,EBV_TCELL_1392779,HUMAN_MYELIN_117117,2,ARQAVWLRE,6,YQDYEYLIN,0,All manifest-contained 9-mer window combinations retained for sensitivity; not a predictor-selected register or a re-ranking score.
EBV_TCELL_1392779::HUMAN_MYELIN_117117,15,EBV_TCELL_1392779,HUMAN_MYELIN_117117,2,ARQAVWLRE,7,QDYEYLINV,0,All manifest-contained 9-mer window combinations retained for sensitivity; not a predictor-selected register or a re-ranking score.
EBV_TCELL_1392779::HUMAN_MYELIN_117117,15,EBV_TCELL_1392779,HUMAN_MYELIN_117117,2,ARQAVWLRE,8,DYEYLINVI,0,All manifest-contained 9-mer window combinations retained for sensitivity; not a predictor-selected register or a re-ranking score.
EBV_TCELL_1392779::HUMAN_MYELIN_117117,15,EBV_TCELL_1392779,HUMAN_MYELIN_117117,2,ARQAVWLRE,9,YEYLINVIH,0,All manifest-contained 9-mer window combinations retained for sensitivity; not a predictor-selected register or a re-ranking score.
EBV_TCELL_1392779::HUMAN_MYELIN_117117,15,EBV_TCELL_1392779,HUMAN_MYELIN_117117,2,ARQAVWLRE,10,EYLINVIHA,0,All manifest-contained 9-mer window combinations retained for sensitivity; not a predictor-selected register or a re-ranking score.
EBV_TCELL_1392779::HUMAN_MYELIN_117117,15,EBV_TCELL_1392779,HUMAN_MYELIN_117117,2,ARQAVWLRE,11,YLINVIHAF,0,All manifest-contained 9-mer window combinations retained for sensitivity; not a predictor-selected register or a re-ranking score.
EBV_TCELL_1392779::HUMAN_MYELIN_117117,15,EBV_TCELL_1392779,HUMAN_MYELIN_117117,2,ARQAVWLRE,12,LINVIHAFQ,0,All manifest-contained 9-mer window combinations retained for sensitivity; not a predictor-selected register or a re-ranking score.
EBV_TCELL_1392779::HUMAN_MYELIN_117117,15,EBV_TCELL_1392779,HUMAN_MYELIN_117117,2,ARQAVWLRE,13,INVIHAFQY,0,All manifest-contained 9-mer window combinations retained for sensitivity; not a predictor-selected register or a re-ranking score.
EBV_TCELL_1392779::HUMAN_MYELIN_117117,15,EBV_TCELL_1392779,HUMAN_MYELIN_117117,2,ARQAVWLRE,14,NVIHAFQYV,0,All manifest-contained 9-mer window combinations retained for sensitivity; not a predictor-selected register or a re-ranking score.
EBV_TCELL_1392779::HUMAN_MYELIN_117117,15,EBV_TCELL_1392779,HUMAN_MYELIN_117117,2,ARQAVWLRE,15,VIHAFQYVI,0,All manifest-contained 9-mer window combinations retained for sensitivity; not a predictor-selected register or a re-ranking score.
EBV_TCELL_1392779::HUMAN_MYELIN_117117,15,EBV_TCELL_1392779,HUMAN_MYELIN_117117,2,ARQAVWLRE,16,IHAFQYVIY,0,All manifest-contained 9-mer window combinations retained for sensitivity; not a predictor-selected register or a re-ranking score.
EBV_TCELL_1392779::HUMAN_MYELIN_117117,15,EBV_TCELL_1392779,HUMAN_MYELIN_117117,2,ARQAVWLRE,17,HAFQYVIYG,0,All manifest-contained 9-mer window combinations retained for sensitivity; not a predictor-selected register or a re-ranking score.
EBV_TCELL_1392779::HUMAN_MYELIN_117117,15,EBV_TCELL_1392779,HUMAN_MYELIN_117117,2,ARQAVWLRE,18,AFQYVIYGT,5,All manifest-contained 9-mer window combinations retained for sensitivity; not a predictor-selected register or a re-ranking score.
EBV_TCELL_1392779::HUMAN_MYELIN_117117,15,EBV_TCELL_1392779,HUMAN_MYELIN_117117,2,ARQAVWLRE,19,FQYVIYGTA,0,All manifest-contained 9-mer window combinations retained for sensitivity; not a predictor-selected register or a re-ranking score.
EBV_TCELL_1392779::HUMAN_MYELIN_117117,15,EBV_TCELL_1392779,HUMAN_MYELIN_117117,2,ARQAVWLRE,20,QYVIYGTAS,0,All manifest-contained 9-mer window combinations retained for sensitivity; not a predictor-selected register or a re-ranking score.
EBV_TCELL_1392779::HUMAN_MYELIN_117117,15,EBV_TCELL_1392779,HUMAN_MYELIN_117117,2,ARQAVWLRE,21,YVIYGTASF,0,All manifest-contained 9-mer window combinations retained for sensitivity; not a predictor-selected register or a re-ranking score.
EBV_TCELL_1392779::HUMAN_MYELIN_117117,15,EBV_TCELL_1392779,HUMAN_MYELIN_117117,2,ARQAVWLRE,22,VIYGTASFF,0,All manifest-contained 9-mer window combinations retained for sensitivity; not a predictor-selected register or a re-ranking score.
EBV_TCELL_1392779::HUMAN_MYELIN_117117,15,EBV_TCELL_1392779,HUMAN_MYELIN_117117,2,ARQAVWLRE,23,IYGTASFFF,0,All manifest-contained 9-mer window combinations retained for sensitivity; not a predictor-selected register or a re-ranking score.
EBV_TCELL_1392779::HUMAN_MYELIN_117117,15,EBV_TCELL_1392779,HUMAN_MYELIN_117117,2,ARQAVWLRE,24,YGTASFFFL,0,All manifest-contained 9-mer window combinations retained for sensitivity; not a predictor-selected register or a re-ranking score.
EBV_TCELL_119155::HUMAN_MYELIN_116976,16,EBV_TCELL_119155,HUMAN_MYELIN_116976,1,FIEFVGWLC,1,FKGVDAQGT,0,All manifest-contained 9-mer window combinations retained for sensitivity; not a predictor-selected register or a re-ranking score.
EBV_TCELL_119155::HUMAN_MYELIN_116976,16,EBV_TCELL_119155,HUMAN_MYELIN_116976,1,FIEFVGWLC,2,KGVDAQGTL,0,All manifest-contained 9-mer window combinations retained for sensitivity; not a predictor-selected register or a re-ranking score.
EBV_TCELL_119155::HUMAN_MYELIN_116976,16,EBV_TCELL_119155,HUMAN_MYELIN_116976,1,FIEFVGWLC,3,GVDAQGTLS,4,All manifest-contained 9-mer window combinations retained for sensitivity; not a predictor-selected register or a re-ranking score.
EBV_TCELL_119155::HUMAN_MYELIN_116976,16,EBV_TCELL_119155,HUMAN_MYELIN_116976,1,FIEFVGWLC,4,VDAQGTLSK,0,All manifest-contained 9-mer window combinations retained for sensitivity; not a predictor-selected register or a re-ranking score.
EBV_TCELL_119155::HUMAN_MYELIN_116976,16,EBV_TCELL_119155,HUMAN_MYELIN_116976,1,FIEFVGWLC,5,DAQGTLSKI,0,All manifest-contained 9-mer window combinations retained for sensitivity; not a predictor-selected register or a re-ranking score.
EBV_TCELL_119155::HUMAN_MYELIN_116976,16,EBV_TCELL_119155,HUMAN_MYELIN_116976,1,FIEFVGWLC,6,AQGTLSKIF,0,All manifest-contained 9-mer window combinations retained for sensitivity; not a predictor-selected register or a re-ranking score.
EBV_TCELL_119155::HUMAN_MYELIN_116976,16,EBV_TCELL_119155,HUMAN_MYELIN_116976,1,FIEFVGWLC,7,QGTLSKIFK,0,All manifest-contained 9-mer window combinations retained for sensitivity; not a predictor-selected register or a re-ranking score.
EBV_TCELL_119155::HUMAN_MYELIN_116976,16,EBV_TCELL_119155,HUMAN_MYELIN_116976,1,FIEFVGWLC,8,GTLSKIFKL,0,All manifest-contained 9-mer window combinations retained for sensitivity; not a predictor-selected register or a re-ranking score.
EBV_TCELL_119155::HUMAN_MYELIN_116976,16,EBV_TCELL_119155,HUMAN_MYELIN_116976,1,FIEFVGWLC,9,TLSKIFKLG,0,All manifest-contained 9-mer window combinations retained for sensitivity; not a predictor-selected register or a re-ranking score.
EBV_TCELL_119155::HUMAN_MYELIN_116976,16,EBV_TCELL_119155,HUMAN_MYELIN_116976,1,FIEFVGWLC,10,LSKIFKLGG,0,All manifest-contained 9-mer window combinations retained for sensitivity; not a predictor-selected register or a re-ranking score.
EBV_TCELL_119155::HUMAN_MYELIN_116976,16,EBV_TCELL_119155,HUMAN_MYELIN_116976,1,FIEFVGWLC,11,SKIFKLGGR,0,All manifest-contained 9-mer window combinations retained for sensitivity; not a predictor-selected register or a re-ranking score.
EBV_TCELL_119155::HUMAN_MYELIN_116976,16,EBV_TCELL_119155,HUMAN_MYELIN_116976,2,IEFVGWLCK,1,FKGVDAQGT,0,All manifest-contained 9-mer window combinations retained for sensitivity; not a predictor-selected register or a re-ranking score.
EBV_TCELL_119155::HUMAN_MYELIN_116976,16,EBV_TCELL_119155,HUMAN_MYELIN_116976,2,IEFVGWLCK,2,KGVDAQGTL,0,All manifest-contained 9-mer window combinations retained for sensitivity; not a predictor-selected register or a re-ranking score.
EBV_TCELL_119155::HUMAN_MYELIN_116976,16,EBV_TCELL_119155,HUMAN_MYELIN_116976,2,IEFVGWLCK,3,GVDAQGTLS,0,All manifest-contained 9-mer window combinations retained for sensitivity; not a predictor-selected register or a re-ranking score.
EBV_TCELL_119155::HUMAN_MYELIN_116976,16,EBV_TCELL_119155,HUMAN_MYELIN_116976,2,IEFVGWLCK,4,VDAQGTLSK,5,All manifest-contained 9-mer window combinations retained for sensitivity; not a predictor-selected register or a re-ranking score.
EBV_TCELL_119155::HUMAN_MYELIN_116976,16,EBV_TCELL_119155,HUMAN_MYELIN_116976,2,IEFVGWLCK,5,DAQGTLSKI,0,All manifest-contained 9-mer window combinations retained for sensitivity; not a predictor-selected register or a re-ranking score.
EBV_TCELL_119155::HUMAN_MYELIN_116976,16,EBV_TCELL_119155,HUMAN_MYELIN_116976,2,IEFVGWLCK,6,AQGTLSKIF,0,All manifest-contained 9-mer window combinations retained for sensitivity; not a predictor-selected register or a re-ranking score.
EBV_TCELL_119155::HUMAN_MYELIN_116976,16,EBV_TCELL_119155,HUMAN_MYELIN_116976,2,IEFVGWLCK,7,QGTLSKIFK,0,All manifest-contained 9-mer window combinations retained for sensitivity; not a predictor-selected register or a re-ranking score.
EBV_TCELL_119155::HUMAN_MYELIN_116976,16,EBV_TCELL_119155,HUMAN_MYELIN_116976,2,IEFVGWLCK,8,GTLSKIFKL,0,All manifest-contained 9-mer window combinations retained for sensitivity; not a predictor-selected register or a re-ranking score.
EBV_TCELL_119155::HUMAN_MYELIN_116976,16,EBV_TCELL_119155,HUMAN_MYELIN_116976,2,IEFVGWLCK,9,TLSKIFKLG,0,All manifest-contained 9-mer window combinations retained for sensitivity; not a predictor-selected register or a re-ranking score.
EBV_TCELL_119155::HUMAN_MYELIN_116976,16,EBV_TCELL_119155,HUMAN_MYELIN_116976,2,IEFVGWLCK,10,LSKIFKLGG,0,All manifest-contained 9-mer window combinations retained for sensitivity; not a predictor-selected register or a re-ranking score.
EBV_TCELL_119155::HUMAN_MYELIN_116976,16,EBV_TCELL_119155,HUMAN_MYELIN_116976,2,IEFVGWLCK,11,SKIFKLGGR,0,All manifest-contained 9-mer window combinations retained for sensitivity; not a predictor-selected register or a re-ranking score.
EBV_TCELL_119155::HUMAN_MYELIN_116976,16,EBV_TCELL_119155,HUMAN_MYELIN_116976,3,EFVGWLCKK,1,FKGVDAQGT,0,All manifest-contained 9-mer window combinations retained for sensitivity; not a predictor-selected register or a re-ranking score.
EBV_TCELL_119155::HUMAN_MYELIN_116976,16,EBV_TCELL_119155,HUMAN_MYELIN_116976,3,EFVGWLCKK,2,KGVDAQGTL,0,All manifest-contained 9-mer window combinations retained for sensitivity; not a predictor-selected register or a re-ranking score.
EBV_TCELL_119155::HUMAN_MYELIN_116976,16,EBV_TCELL_119155,HUMAN_MYELIN_116976,3,EFVGWLCKK,3,GVDAQGTLS,0,All manifest-contained 9-mer window combinations retained for sensitivity; not a predictor-selected register or a re-ranking score.
EBV_TCELL_119155::HUMAN_MYELIN_116976,16,EBV_TCELL_119155,HUMAN_MYELIN_116976,3,EFVGWLCKK,4,VDAQGTLSK,0,All manifest-contained 9-mer window combinations retained for sensitivity; not a predictor-selected register or a re-ranking score.
EBV_TCELL_119155::HUMAN_MYELIN_116976,16,EBV_TCELL_119155,HUMAN_MYELIN_116976,3,EFVGWLCKK,5,DAQGTLSKI,5,All manifest-contained 9-mer window combinations retained for sensitivity; not a predictor-selected register or a re-ranking score.
EBV_TCELL_119155::HUMAN_MYELIN_116976,16,EBV_TCELL_119155,HUMAN_MYELIN_116976,3,EFVGWLCKK,6,AQGTLSKIF,0,All manifest-contained 9-mer window combinations retained for sensitivity; not a predictor-selected register or a re-ranking score.
EBV_TCELL_119155::HUMAN_MYELIN_116976,16,EBV_TCELL_119155,HUMAN_MYELIN_116976,3,EFVGWLCKK,7,QGTLSKIFK,0,All manifest-contained 9-mer window combinations retained for sensitivity; not a predictor-selected register or a re-ranking score.
EBV_TCELL_119155::HUMAN_MYELIN_116976,16,EBV_TCELL_119155,HUMAN_MYELIN_116976,3,EFVGWLCKK,8,GTLSKIFKL,0,All manifest-contained 9-mer window combinations retained for sensitivity; not a predictor-selected register or a re-ranking score.
EBV_TCELL_119155::HUMAN_MYELIN_116976,16,EBV_TCELL_119155,HUMAN_MYELIN_116976,3,EFVGWLCKK,9,TLSKIFKLG,0,All manifest-contained 9-mer window combinations retained for sensitivity; not a predictor-selected register or a re-ranking score.
EBV_TCELL_119155::HUMAN_MYELIN_116976,16,EBV_TCELL_119155,HUMAN_MYELIN_116976,3,EFVGWLCKK,10,LSKIFKLGG,0,All manifest-contained 9-mer window combinations retained for sensitivity; not a predictor-selected register or a re-ranking score.
EBV_TCELL_119155::HUMAN_MYELIN_116976,16,EBV_TCELL_119155,HUMAN_MYELIN_116976,3,EFVGWLCKK,11,SKIFKLGGR,0,All manifest-contained 9-mer window combinations retained for sensitivity; not a predictor-selected register or a re-ranking score.
EBV_TCELL_119155::HUMAN_MYELIN_116976,16,EBV_TCELL_119155,HUMAN_MYELIN_116976,4,FVGWLCKKD,1,FKGVDAQGT,0,All manifest-contained 9-mer window combinations retained for sensitivity; not a predictor-selected register or a re-ranking score.
EBV_TCELL_119155::HUMAN_MYELIN_116976,16,EBV_TCELL_119155,HUMAN_MYELIN_116976,4,FVGWLCKKD,2,KGVDAQGTL,0,All manifest-contained 9-mer window combinations retained for sensitivity; not a predictor-selected register or a re-ranking score.
EBV_TCELL_119155::HUMAN_MYELIN_116976,16,EBV_TCELL_119155,HUMAN_MYELIN_116976,4,FVGWLCKKD,3,GVDAQGTLS,0,All manifest-contained 9-mer window combinations retained for sensitivity; not a predictor-selected register or a re-ranking score.
EBV_TCELL_119155::HUMAN_MYELIN_116976,16,EBV_TCELL_119155,HUMAN_MYELIN_116976,4,FVGWLCKKD,4,VDAQGTLSK,0,All manifest-contained 9-mer window combinations retained for sensitivity; not a predictor-selected register or a re-ranking score.
EBV_TCELL_119155::HUMAN_MYELIN_116976,16,EBV_TCELL_119155,HUMAN_MYELIN_116976,4,FVGWLCKKD,5,DAQGTLSKI,0,All manifest-contained 9-mer window combinations retained for sensitivity; not a predictor-selected register or a re-ranking score.
EBV_TCELL_119155::HUMAN_MYELIN_116976,16,EBV_TCELL_119155,HUMAN_MYELIN_116976,4,FVGWLCKKD,6,AQGTLSKIF,5,All manifest-contained 9-mer window combinations retained for sensitivity; not a predictor-selected register or a re-ranking score.
EBV_TCELL_119155::HUMAN_MYELIN_116976,16,EBV_TCELL_119155,HUMAN_MYELIN_116976,4,FVGWLCKKD,7,QGTLSKIFK,0,All manifest-contained 9-mer window combinations retained for sensitivity; not a predictor-selected register or a re-ranking score.
EBV_TCELL_119155::HUMAN_MYELIN_116976,16,EBV_TCELL_119155,HUMAN_MYELIN_116976,4,FVGWLCKKD,8,GTLSKIFKL,0,All manifest-contained 9-mer window combinations retained for sensitivity; not a predictor-selected register or a re-ranking score.
EBV_TCELL_119155::HUMAN_MYELIN_116976,16,EBV_TCELL_119155,HUMAN_MYELIN_116976,4,FVGWLCKKD,9,TLSKIFKLG,0,All manifest-contained 9-mer window combinations retained for sensitivity; not a predictor-selected register or a re-ranking score.
EBV_TCELL_119155::HUMAN_MYELIN_116976,16,EBV_TCELL_119155,HUMAN_MYELIN_116976,4,FVGWLCKKD,10,LSKIFKLGG,0,All manifest-contained 9-mer window combinations retained for sensitivity; not a predictor-selected register or a re-ranking score.
EBV_TCELL_119155::HUMAN_MYELIN_116976,16,EBV_TCELL_119155,HUMAN_MYELIN_116976,4,FVGWLCKKD,11,SKIFKLGGR,0,All manifest-contained 9-mer window combinations retained for sensitivity; not a predictor-selected register or a re-ranking score.
EBV_TCELL_119155::HUMAN_MYELIN_116976,16,EBV_TCELL_119155,HUMAN_MYELIN_116976,5,VGWLCKKDH,1,FKGVDAQGT,0,All manifest-contained 9-mer window combinations retained for sensitivity; not a predictor-selected register or a re-ranking score.
EBV_TCELL_119155::HUMAN_MYELIN_116976,16,EBV_TCELL_119155,HUMAN_MYELIN_116976,5,VGWLCKKDH,2,KGVDAQGTL,0,All manifest-contained 9-mer window combinations retained for sensitivity; not a predictor-selected register or a re-ranking score.
EBV_TCELL_119155::HUMAN_MYELIN_116976,16,EBV_TCELL_119155,HUMAN_MYELIN_116976,5,VGWLCKKDH,3,GVDAQGTLS,0,All manifest-contained 9-mer window combinations retained for sensitivity; not a predictor-selected register or a re-ranking score.
EBV_TCELL_119155::HUMAN_MYELIN_116976,16,EBV_TCELL_119155,HUMAN_MYELIN_116976,5,VGWLCKKDH,4,VDAQGTLSK,0,All manifest-contained 9-mer window combinations retained for sensitivity; not a predictor-selected register or a re-ranking score.
EBV_TCELL_119155::HUMAN_MYELIN_116976,16,EBV_TCELL_119155,HUMAN_MYELIN_116976,5,VGWLCKKDH,5,DAQGTLSKI,0,All manifest-contained 9-mer window combinations retained for sensitivity; not a predictor-selected register or a re-ranking score.
EBV_TCELL_119155::HUMAN_MYELIN_116976,16,EBV_TCELL_119155,HUMAN_MYELIN_116976,5,VGWLCKKDH,6,AQGTLSKIF,0,All manifest-contained 9-mer window combinations retained for sensitivity; not a predictor-selected register or a re-ranking score.
EBV_TCELL_119155::HUMAN_MYELIN_116976,16,EBV_TCELL_119155,HUMAN_MYELIN_116976,5,VGWLCKKDH,7,QGTLSKIFK,5,All manifest-contained 9-mer window combinations retained for sensitivity; not a predictor-selected register or a re-ranking score.
EBV_TCELL_119155::HUMAN_MYELIN_116976,16,EBV_TCELL_119155,HUMAN_MYELIN_116976,5,VGWLCKKDH,8,GTLSKIFKL,0,All manifest-contained 9-mer window combinations retained for sensitivity; not a predictor-selected register or a re-ranking score.
EBV_TCELL_119155::HUMAN_MYELIN_116976,16,EBV_TCELL_119155,HUMAN_MYELIN_116976,5,VGWLCKKDH,9,TLSKIFKLG,0,All manifest-contained 9-mer window combinations retained for sensitivity; not a predictor-selected register or a re-ranking score.
EBV_TCELL_119155::HUMAN_MYELIN_116976,16,EBV_TCELL_119155,HUMAN_MYELIN_116976,5,VGWLCKKDH,10,LSKIFKLGG,0,All manifest-contained 9-mer window combinations retained for sensitivity; not a predictor-selected register or a re-ranking score.
EBV_TCELL_119155::HUMAN_MYELIN_116976,16,EBV_TCELL_119155,HUMAN_MYELIN_116976,5,VGWLCKKDH,11,SKIFKLGGR,0,All manifest-contained 9-mer window combinations retained for sensitivity; not a predictor-selected register or a re-ranking score.
EBV_TCELL_119155::HUMAN_MYELIN_116976,16,EBV_TCELL_119155,HUMAN_MYELIN_116976,6,GWLCKKDHT,1,FKGVDAQGT,0,All manifest-contained 9-mer window combinations retained for sensitivity; not a predictor-selected register or a re-ranking score.
EBV_TCELL_119155::HUMAN_MYELIN_116976,16,EBV_TCELL_119155,HUMAN_MYELIN_116976,6,GWLCKKDHT,2,KGVDAQGTL,0,All manifest-contained 9-mer window combinations retained for sensitivity; not a predictor-selected register or a re-ranking score.
EBV_TCELL_119155::HUMAN_MYELIN_116976,16,EBV_TCELL_119155,HUMAN_MYELIN_116976,6,GWLCKKDHT,3,GVDAQGTLS,0,All manifest-contained 9-mer window combinations retained for sensitivity; not a predictor-selected register or a re-ranking score.
EBV_TCELL_119155::HUMAN_MYELIN_116976,16,EBV_TCELL_119155,HUMAN_MYELIN_116976,6,GWLCKKDHT,4,VDAQGTLSK,0,All manifest-contained 9-mer window combinations retained for sensitivity; not a predictor-selected register or a re-ranking score.
EBV_TCELL_119155::HUMAN_MYELIN_116976,16,EBV_TCELL_119155,HUMAN_MYELIN_116976,6,GWLCKKDHT,5,DAQGTLSKI,0,All manifest-contained 9-mer window combinations retained for sensitivity; not a predictor-selected register or a re-ranking score.
EBV_TCELL_119155::HUMAN_MYELIN_116976,16,EBV_TCELL_119155,HUMAN_MYELIN_116976,6,GWLCKKDHT,6,AQGTLSKIF,0,All manifest-contained 9-mer window combinations retained for sensitivity; not a predictor-selected register or a re-ranking score.
EBV_TCELL_119155::HUMAN_MYELIN_116976,16,EBV_TCELL_119155,HUMAN_MYELIN_116976,6,GWLCKKDHT,7,QGTLSKIFK,0,All manifest-contained 9-mer window combinations retained for sensitivity; not a predictor-selected register or a re-ranking score.
EBV_TCELL_119155::HUMAN_MYELIN_116976,16,EBV_TCELL_119155,HUMAN_MYELIN_116976,6,GWLCKKDHT,8,GTLSKIFKL,5,All manifest-contained 9-mer window combinations retained for sensitivity; not a predictor-selected register or a re-ranking score.
EBV_TCELL_119155::HUMAN_MYELIN_116976,16,EBV_TCELL_119155,HUMAN_MYELIN_116976,6,GWLCKKDHT,9,TLSKIFKLG,0,All manifest-contained 9-mer window combinations retained for sensitivity; not a predictor-selected register or a re-ranking score.
EBV_TCELL_119155::HUMAN_MYELIN_116976,16,EBV_TCELL_119155,HUMAN_MYELIN_116976,6,GWLCKKDHT,10,LSKIFKLGG,0,All manifest-contained 9-mer window combinations retained for sensitivity; not a predictor-selected register or a re-ranking score.
EBV_TCELL_119155::HUMAN_MYELIN_116976,16,EBV_TCELL_119155,HUMAN_MYELIN_116976,6,GWLCKKDHT,11,SKIFKLGGR,0,All manifest-contained 9-mer window combinations retained for sensitivity; not a predictor-selected register or a re-ranking score.
EBV_TCELL_119155::HUMAN_MYELIN_116976,16,EBV_TCELL_119155,HUMAN_MYELIN_116976,7,WLCKKDHTH,1,FKGVDAQGT,0,All manifest-contained 9-mer window combinations retained for sensitivity; not a predictor-selected register or a re-ranking score.
EBV_TCELL_119155::HUMAN_MYELIN_116976,16,EBV_TCELL_119155,HUMAN_MYELIN_116976,7,WLCKKDHTH,2,KGVDAQGTL,0,All manifest-contained 9-mer window combinations retained for sensitivity; not a predictor-selected register or a re-ranking score.
EBV_TCELL_119155::HUMAN_MYELIN_116976,16,EBV_TCELL_119155,HUMAN_MYELIN_116976,7,WLCKKDHTH,3,GVDAQGTLS,0,All manifest-contained 9-mer window combinations retained for sensitivity; not a predictor-selected register or a re-ranking score.
EBV_TCELL_119155::HUMAN_MYELIN_116976,16,EBV_TCELL_119155,HUMAN_MYELIN_116976,7,WLCKKDHTH,4,VDAQGTLSK,0,All manifest-contained 9-mer window combinations retained for sensitivity; not a predictor-selected register or a re-ranking score.
EBV_TCELL_119155::HUMAN_MYELIN_116976,16,EBV_TCELL_119155,HUMAN_MYELIN_116976,7,WLCKKDHTH,5,DAQGTLSKI,0,All manifest-contained 9-mer window combinations retained for sensitivity; not a predictor-selected register or a re-ranking score.
EBV_TCELL_119155::HUMAN_MYELIN_116976,16,EBV_TCELL_119155,HUMAN_MYELIN_116976,7,WLCKKDHTH,6,AQGTLSKIF,0,All manifest-contained 9-mer window combinations retained for sensitivity; not a predictor-selected register or a re-ranking score.
EBV_TCELL_119155::HUMAN_MYELIN_116976,16,EBV_TCELL_119155,HUMAN_MYELIN_116976,7,WLCKKDHTH,7,QGTLSKIFK,0,All manifest-contained 9-mer window combinations retained for sensitivity; not a predictor-selected register or a re-ranking score.
EBV_TCELL_119155::HUMAN_MYELIN_116976,16,EBV_TCELL_119155,HUMAN_MYELIN_116976,7,WLCKKDHTH,8,GTLSKIFKL,0,All manifest-contained 9-mer window combinations retained for sensitivity; not a predictor-selected register or a re-ranking score.
EBV_TCELL_119155::HUMAN_MYELIN_116976,16,EBV_TCELL_119155,HUMAN_MYELIN_116976,7,WLCKKDHTH,9,TLSKIFKLG,4,All manifest-contained 9-mer window combinations retained for sensitivity; not a predictor-selected register or a re-ranking score.
EBV_TCELL_119155::HUMAN_MYELIN_116976,16,EBV_TCELL_119155,HUMAN_MYELIN_116976,7,WLCKKDHTH,10,LSKIFKLGG,0,All manifest-contained 9-mer window combinations retained for sensitivity; not a predictor-selected register or a re-ranking score.
EBV_TCELL_119155::HUMAN_MYELIN_116976,16,EBV_TCELL_119155,HUMAN_MYELIN_116976,7,WLCKKDHTH,11,SKIFKLGGR,0,All manifest-contained 9-mer window combinations retained for sensitivity; not a predictor-selected register or a re-ranking score.
EBV_TCELL_119155::HUMAN_MYELIN_116976,16,EBV_TCELL_119155,HUMAN_MYELIN_116976,8,LCKKDHTHI,1,FKGVDAQGT,0,All manifest-contained 9-mer window combinations retained for sensitivity; not a predictor-selected register or a re-ranking score.
EBV_TCELL_119155::HUMAN_MYELIN_116976,16,EBV_TCELL_119155,HUMAN_MYELIN_116976,8,LCKKDHTHI,2,KGVDAQGTL,0,All manifest-contained 9-mer window combinations retained for sensitivity; not a predictor-selected register or a re-ranking score.
EBV_TCELL_119155::HUMAN_MYELIN_116976,16,EBV_TCELL_119155,HUMAN_MYELIN_116976,8,LCKKDHTHI,3,GVDAQGTLS,0,All manifest-contained 9-mer window combinations retained for sensitivity; not a predictor-selected register or a re-ranking score.
EBV_TCELL_119155::HUMAN_MYELIN_116976,16,EBV_TCELL_119155,HUMAN_MYELIN_116976,8,LCKKDHTHI,4,VDAQGTLSK,0,All manifest-contained 9-mer window combinations retained for sensitivity; not a predictor-selected register or a re-ranking score.
EBV_TCELL_119155::HUMAN_MYELIN_116976,16,EBV_TCELL_119155,HUMAN_MYELIN_116976,8,LCKKDHTHI,5,DAQGTLSKI,0,All manifest-contained 9-mer window combinations retained for sensitivity; not a predictor-selected register or a re-ranking score.
EBV_TCELL_119155::HUMAN_MYELIN_116976,16,EBV_TCELL_119155,HUMAN_MYELIN_116976,8,LCKKDHTHI,6,AQGTLSKIF,0,All manifest-contained 9-mer window combinations retained for sensitivity; not a predictor-selected register or a re-ranking score.
EBV_TCELL_119155::HUMAN_MYELIN_116976,16,EBV_TCELL_119155,HUMAN_MYELIN_116976,8,LCKKDHTHI,7,QGTLSKIFK,0,All manifest-contained 9-mer window combinations retained for sensitivity; not a predictor-selected register or a re-ranking score.
EBV_TCELL_119155::HUMAN_MYELIN_116976,16,EBV_TCELL_119155,HUMAN_MYELIN_116976,8,LCKKDHTHI,8,GTLSKIFKL,0,All manifest-contained 9-mer window combinations retained for sensitivity; not a predictor-selected register or a re-ranking score.
EBV_TCELL_119155::HUMAN_MYELIN_116976,16,EBV_TCELL_119155,HUMAN_MYELIN_116976,8,LCKKDHTHI,9,TLSKIFKLG,0,All manifest-contained 9-mer window combinations retained for sensitivity; not a predictor-selected register or a re-ranking score.
EBV_TCELL_119155::HUMAN_MYELIN_116976,16,EBV_TCELL_119155,HUMAN_MYELIN_116976,8,LCKKDHTHI,10,LSKIFKLGG,3,All manifest-contained 9-mer window combinations retained for sensitivity; not a predictor-selected register or a re-ranking score.
EBV_TCELL_119155::HUMAN_MYELIN_116976,16,EBV_TCELL_119155,HUMAN_MYELIN_116976,8,LCKKDHTHI,11,SKIFKLGGR,0,All manifest-contained 9-mer window combinations retained for sensitivity; not a predictor-selected register or a re-ranking score.
EBV_TCELL_119155::HUMAN_MYELIN_116976,16,EBV_TCELL_119155,HUMAN_MYELIN_116976,9,CKKDHTHIR,1,FKGVDAQGT,0,All manifest-contained 9-mer window combinations retained for sensitivity; not a predictor-selected register or a re-ranking score.
EBV_TCELL_119155::HUMAN_MYELIN_116976,16,EBV_TCELL_119155,HUMAN_MYELIN_116976,9,CKKDHTHIR,2,KGVDAQGTL,0,All manifest-contained 9-mer window combinations retained for sensitivity; not a predictor-selected register or a re-ranking score.
EBV_TCELL_119155::HUMAN_MYELIN_116976,16,EBV_TCELL_119155,HUMAN_MYELIN_116976,9,CKKDHTHIR,3,GVDAQGTLS,0,All manifest-contained 9-mer window combinations retained for sensitivity; not a predictor-selected register or a re-ranking score.
EBV_TCELL_119155::HUMAN_MYELIN_116976,16,EBV_TCELL_119155,HUMAN_MYELIN_116976,9,CKKDHTHIR,4,VDAQGTLSK,0,All manifest-contained 9-mer window combinations retained for sensitivity; not a predictor-selected register or a re-ranking score.
EBV_TCELL_119155::HUMAN_MYELIN_116976,16,EBV_TCELL_119155,HUMAN_MYELIN_116976,9,CKKDHTHIR,5,DAQGTLSKI,0,All manifest-contained 9-mer window combinations retained for sensitivity; not a predictor-selected register or a re-ranking score.
EBV_TCELL_119155::HUMAN_MYELIN_116976,16,EBV_TCELL_119155,HUMAN_MYELIN_116976,9,CKKDHTHIR,6,AQGTLSKIF,0,All manifest-contained 9-mer window combinations retained for sensitivity; not a predictor-selected register or a re-ranking score.
EBV_TCELL_119155::HUMAN_MYELIN_116976,16,EBV_TCELL_119155,HUMAN_MYELIN_116976,9,CKKDHTHIR,7,QGTLSKIFK,0,All manifest-contained 9-mer window combinations retained for sensitivity; not a predictor-selected register or a re-ranking score.
EBV_TCELL_119155::HUMAN_MYELIN_116976,16,EBV_TCELL_119155,HUMAN_MYELIN_116976,9,CKKDHTHIR,8,GTLSKIFKL,0,All manifest-contained 9-mer window combinations retained for sensitivity; not a predictor-selected register or a re-ranking score.
EBV_TCELL_119155::HUMAN_MYELIN_116976,16,EBV_TCELL_119155,HUMAN_MYELIN_116976,9,CKKDHTHIR,9,TLSKIFKLG,0,All manifest-contained 9-mer window combinations retained for sensitivity; not a predictor-selected register or a re-ranking score.
EBV_TCELL_119155::HUMAN_MYELIN_116976,16,EBV_TCELL_119155,HUMAN_MYELIN_116976,9,CKKDHTHIR,10,LSKIFKLGG,0,All manifest-contained 9-mer window combinations retained for sensitivity; not a predictor-selected register or a re-ranking score.
EBV_TCELL_119155::HUMAN_MYELIN_116976,16,EBV_TCELL_119155,HUMAN_MYELIN_116976,9,CKKDHTHIR,11,SKIFKLGGR,2,All manifest-contained 9-mer window combinations retained for sensitivity; not a predictor-selected register or a re-ranking score.
EBV_TCELL_119155::HUMAN_MYELIN_116976,16,EBV_TCELL_119155,HUMAN_MYELIN_116976,10,KKDHTHIRE,1,FKGVDAQGT,0,All manifest-contained 9-mer window combinations retained for sensitivity; not a predictor-selected register or a re-ranking score.
EBV_TCELL_119155::HUMAN_MYELIN_116976,16,EBV_TCELL_119155,HUMAN_MYELIN_116976,10,KKDHTHIRE,2,KGVDAQGTL,0,All manifest-contained 9-mer window combinations retained for sensitivity; not a predictor-selected register or a re-ranking score.
EBV_TCELL_119155::HUMAN_MYELIN_116976,16,EBV_TCELL_119155,HUMAN_MYELIN_116976,10,KKDHTHIRE,3,GVDAQGTLS,0,All manifest-contained 9-mer window combinations retained for sensitivity; not a predictor-selected register or a re-ranking score.
EBV_TCELL_119155::HUMAN_MYELIN_116976,16,EBV_TCELL_119155,HUMAN_MYELIN_116976,10,KKDHTHIRE,4,VDAQGTLSK,0,All manifest-contained 9-mer window combinations retained for sensitivity; not a predictor-selected register or a re-ranking score.
EBV_TCELL_119155::HUMAN_MYELIN_116976,16,EBV_TCELL_119155,HUMAN_MYELIN_116976,10,KKDHTHIRE,5,DAQGTLSKI,0,All manifest-contained 9-mer window combinations retained for sensitivity; not a predictor-selected register or a re-ranking score.
EBV_TCELL_119155::HUMAN_MYELIN_116976,16,EBV_TCELL_119155,HUMAN_MYELIN_116976,10,KKDHTHIRE,6,AQGTLSKIF,0,All manifest-contained 9-mer window combinations retained for sensitivity; not a predictor-selected register or a re-ranking score.
EBV_TCELL_119155::HUMAN_MYELIN_116976,16,EBV_TCELL_119155,HUMAN_MYELIN_116976,10,KKDHTHIRE,7,QGTLSKIFK,0,All manifest-contained 9-mer window combinations retained for sensitivity; not a predictor-selected register or a re-ranking score.
EBV_TCELL_119155::HUMAN_MYELIN_116976,16,EBV_TCELL_119155,HUMAN_MYELIN_116976,10,KKDHTHIRE,8,GTLSKIFKL,0,All manifest-contained 9-mer window combinations retained for sensitivity; not a predictor-selected register or a re-ranking score.
EBV_TCELL_119155::HUMAN_MYELIN_116976,16,EBV_TCELL_119155,HUMAN_MYELIN_116976,10,KKDHTHIRE,9,TLSKIFKLG,0,All manifest-contained 9-mer window combinations retained for sensitivity; not a predictor-selected register or a re-ranking score.
EBV_TCELL_119155::HUMAN_MYELIN_116976,16,EBV_TCELL_119155,HUMAN_MYELIN_116976,10,KKDHTHIRE,10,LSKIFKLGG,0,All manifest-contained 9-mer window combinations retained for sensitivity; not a predictor-selected register or a re-ranking score.
EBV_TCELL_119155::HUMAN_MYELIN_116976,16,EBV_TCELL_119155,HUMAN_MYELIN_116976,10,KKDHTHIRE,11,SKIFKLGGR,0,All manifest-contained 9-mer window combinations retained for sensitivity; not a predictor-selected register or a re-ranking score.
EBV_TCELL_119155::HUMAN_MYELIN_116976,16,EBV_TCELL_119155,HUMAN_MYELIN_116976,11,KDHTHIREW,1,FKGVDAQGT,0,All manifest-contained 9-mer window combinations retained for sensitivity; not a predictor-selected register or a re-ranking score.
EBV_TCELL_119155::HUMAN_MYELIN_116976,16,EBV_TCELL_119155,HUMAN_MYELIN_116976,11,KDHTHIREW,2,KGVDAQGTL,0,All manifest-contained 9-mer window combinations retained for sensitivity; not a predictor-selected register or a re-ranking score.
EBV_TCELL_119155::HUMAN_MYELIN_116976,16,EBV_TCELL_119155,HUMAN_MYELIN_116976,11,KDHTHIREW,3,GVDAQGTLS,0,All manifest-contained 9-mer window combinations retained for sensitivity; not a predictor-selected register or a re-ranking score.
EBV_TCELL_119155::HUMAN_MYELIN_116976,16,EBV_TCELL_119155,HUMAN_MYELIN_116976,11,KDHTHIREW,4,VDAQGTLSK,0,All manifest-contained 9-mer window combinations retained for sensitivity; not a predictor-selected register or a re-ranking score.
EBV_TCELL_119155::HUMAN_MYELIN_116976,16,EBV_TCELL_119155,HUMAN_MYELIN_116976,11,KDHTHIREW,5,DAQGTLSKI,0,All manifest-contained 9-mer window combinations retained for sensitivity; not a predictor-selected register or a re-ranking score.
EBV_TCELL_119155::HUMAN_MYELIN_116976,16,EBV_TCELL_119155,HUMAN_MYELIN_116976,11,KDHTHIREW,6,AQGTLSKIF,0,All manifest-contained 9-mer window combinations retained for sensitivity; not a predictor-selected register or a re-ranking score.
EBV_TCELL_119155::HUMAN_MYELIN_116976,16,EBV_TCELL_119155,HUMAN_MYELIN_116976,11,KDHTHIREW,7,QGTLSKIFK,0,All manifest-contained 9-mer window combinations retained for sensitivity; not a predictor-selected register or a re-ranking score.
EBV_TCELL_119155::HUMAN_MYELIN_116976,16,EBV_TCELL_119155,HUMAN_MYELIN_116976,11,KDHTHIREW,8,GTLSKIFKL,0,All manifest-contained 9-mer window combinations retained for sensitivity; not a predictor-selected register or a re-ranking score.
EBV_TCELL_119155::HUMAN_MYELIN_116976,16,EBV_TCELL_119155,HUMAN_MYELIN_116976,11,KDHTHIREW,9,TLSKIFKLG,0,All manifest-contained 9-mer window combinations retained for sensitivity; not a predictor-selected register or a re-ranking score.
EBV_TCELL_119155::HUMAN_MYELIN_116976,16,EBV_TCELL_119155,HUMAN_MYELIN_116976,11,KDHTHIREW,10,LSKIFKLGG,0,All manifest-contained 9-mer window combinations retained for sensitivity; not a predictor-selected register or a re-ranking score.
EBV_TCELL_119155::HUMAN_MYELIN_116976,16,EBV_TCELL_119155,HUMAN_MYELIN_116976,11,KDHTHIREW,11,SKIFKLGGR,0,All manifest-contained 9-mer window combinations retained for sensitivity; not a predictor-selected register or a re-ranking score.
EBV_TCELL_119155::HUMAN_MYELIN_116976,16,EBV_TCELL_119155,HUMAN_MYELIN_116976,12,DHTHIREWF,1,FKGVDAQGT,0,All manifest-contained 9-mer window combinations retained for sensitivity; not a predictor-selected register or a re-ranking score.
EBV_TCELL_119155::HUMAN_MYELIN_116976,16,EBV_TCELL_119155,HUMAN_MYELIN_116976,12,DHTHIREWF,2,KGVDAQGTL,0,All manifest-contained 9-mer window combinations retained for sensitivity; not a predictor-selected register or a re-ranking score.
EBV_TCELL_119155::HUMAN_MYELIN_116976,16,EBV_TCELL_119155,HUMAN_MYELIN_116976,12,DHTHIREWF,3,GVDAQGTLS,0,All manifest-contained 9-mer window combinations retained for sensitivity; not a predictor-selected register or a re-ranking score.
EBV_TCELL_119155::HUMAN_MYELIN_116976,16,EBV_TCELL_119155,HUMAN_MYELIN_116976,12,DHTHIREWF,4,VDAQGTLSK,0,All manifest-contained 9-mer window combinations retained for sensitivity; not a predictor-selected register or a re-ranking score.
EBV_TCELL_119155::HUMAN_MYELIN_116976,16,EBV_TCELL_119155,HUMAN_MYELIN_116976,12,DHTHIREWF,5,DAQGTLSKI,0,All manifest-contained 9-mer window combinations retained for sensitivity; not a predictor-selected register or a re-ranking score.
EBV_TCELL_119155::HUMAN_MYELIN_116976,16,EBV_TCELL_119155,HUMAN_MYELIN_116976,12,DHTHIREWF,6,AQGTLSKIF,0,All manifest-contained 9-mer window combinations retained for sensitivity; not a predictor-selected register or a re-ranking score.
EBV_TCELL_119155::HUMAN_MYELIN_116976,16,EBV_TCELL_119155,HUMAN_MYELIN_116976,12,DHTHIREWF,7,QGTLSKIFK,0,All manifest-contained 9-mer window combinations retained for sensitivity; not a predictor-selected register or a re-ranking score.
EBV_TCELL_119155::HUMAN_MYELIN_116976,16,EBV_TCELL_119155,HUMAN_MYELIN_116976,12,DHTHIREWF,8,GTLSKIFKL,0,All manifest-contained 9-mer window combinations retained for sensitivity; not a predictor-selected register or a re-ranking score.
EBV_TCELL_119155::HUMAN_MYELIN_116976,16,EBV_TCELL_119155,HUMAN_MYELIN_116976,12,DHTHIREWF,9,TLSKIFKLG,0,All manifest-contained 9-mer window combinations retained for sensitivity; not a predictor-selected register or a re-ranking score.
EBV_TCELL_119155::HUMAN_MYELIN_116976,16,EBV_TCELL_119155,HUMAN_MYELIN_116976,12,DHTHIREWF,10,LSKIFKLGG,0,All manifest-contained 9-mer window combinations retained for sensitivity; not a predictor-selected register or a re-ranking score.
EBV_TCELL_119155::HUMAN_MYELIN_116976,16,EBV_TCELL_119155,HUMAN_MYELIN_116976,12,DHTHIREWF,11,SKIFKLGGR,0,All manifest-contained 9-mer window combinations retained for sensitivity; not a predictor-selected register or a re-ranking score.
EBV_TCELL_119155::HUMAN_MYELIN_116995,17,EBV_TCELL_119155,HUMAN_MYELIN_116995,1,FIEFVGWLC,1,HHPARTAHY,0,All manifest-contained 9-mer window combinations retained for sensitivity; not a predictor-selected register or a re-ranking score.
EBV_TCELL_119155::HUMAN_MYELIN_116995,17,EBV_TCELL_119155,HUMAN_MYELIN_116995,1,FIEFVGWLC,2,HPARTAHYG,0,All manifest-contained 9-mer window combinations retained for sensitivity; not a predictor-selected register or a re-ranking score.
EBV_TCELL_119155::HUMAN_MYELIN_116995,17,EBV_TCELL_119155,HUMAN_MYELIN_116995,1,FIEFVGWLC,3,PARTAHYGS,0,All manifest-contained 9-mer window combinations retained for sensitivity; not a predictor-selected register or a re-ranking score.
EBV_TCELL_119155::HUMAN_MYELIN_116995,17,EBV_TCELL_119155,HUMAN_MYELIN_116995,1,FIEFVGWLC,4,ARTAHYGSL,0,All manifest-contained 9-mer window combinations retained for sensitivity; not a predictor-selected register or a re-ranking score.
EBV_TCELL_119155::HUMAN_MYELIN_116995,17,EBV_TCELL_119155,HUMAN_MYELIN_116995,1,FIEFVGWLC,5,RTAHYGSLP,4,All manifest-contained 9-mer window combinations retained for sensitivity; not a predictor-selected register or a re-ranking score.
EBV_TCELL_119155::HUMAN_MYELIN_116995,17,EBV_TCELL_119155,HUMAN_MYELIN_116995,1,FIEFVGWLC,6,TAHYGSLPQ,0,All manifest-contained 9-mer window combinations retained for sensitivity; not a predictor-selected register or a re-ranking score.
EBV_TCELL_119155::HUMAN_MYELIN_116995,17,EBV_TCELL_119155,HUMAN_MYELIN_116995,1,FIEFVGWLC,7,AHYGSLPQK,0,All manifest-contained 9-mer window combinations retained for sensitivity; not a predictor-selected register or a re-ranking score.
EBV_TCELL_119155::HUMAN_MYELIN_116995,17,EBV_TCELL_119155,HUMAN_MYELIN_116995,1,FIEFVGWLC,8,HYGSLPQKS,0,All manifest-contained 9-mer window combinations retained for sensitivity; not a predictor-selected register or a re-ranking score.
EBV_TCELL_119155::HUMAN_MYELIN_116995,17,EBV_TCELL_119155,HUMAN_MYELIN_116995,1,FIEFVGWLC,9,YGSLPQKSH,0,All manifest-contained 9-mer window combinations retained for sensitivity; not a predictor-selected register or a re-ranking score.
EBV_TCELL_119155::HUMAN_MYELIN_116995,17,EBV_TCELL_119155,HUMAN_MYELIN_116995,1,FIEFVGWLC,10,GSLPQKSHG,0,All manifest-contained 9-mer window combinations retained for sensitivity; not a predictor-selected register or a re-ranking score.
EBV_TCELL_119155::HUMAN_MYELIN_116995,17,EBV_TCELL_119155,HUMAN_MYELIN_116995,1,FIEFVGWLC,11,SLPQKSHGR,0,All manifest-contained 9-mer window combinations retained for sensitivity; not a predictor-selected register or a re-ranking score.
EBV_TCELL_119155::HUMAN_MYELIN_116995,17,EBV_TCELL_119155,HUMAN_MYELIN_116995,2,IEFVGWLCK,1,HHPARTAHY,0,All manifest-contained 9-mer window combinations retained for sensitivity; not a predictor-selected register or a re-ranking score.
EBV_TCELL_119155::HUMAN_MYELIN_116995,17,EBV_TCELL_119155,HUMAN_MYELIN_116995,2,IEFVGWLCK,2,HPARTAHYG,0,All manifest-contained 9-mer window combinations retained for sensitivity; not a predictor-selected register or a re-ranking score.
EBV_TCELL_119155::HUMAN_MYELIN_116995,17,EBV_TCELL_119155,HUMAN_MYELIN_116995,2,IEFVGWLCK,3,PARTAHYGS,0,All manifest-contained 9-mer window combinations retained for sensitivity; not a predictor-selected register or a re-ranking score.
EBV_TCELL_119155::HUMAN_MYELIN_116995,17,EBV_TCELL_119155,HUMAN_MYELIN_116995,2,IEFVGWLCK,4,ARTAHYGSL,0,All manifest-contained 9-mer window combinations retained for sensitivity; not a predictor-selected register or a re-ranking score.
EBV_TCELL_119155::HUMAN_MYELIN_116995,17,EBV_TCELL_119155,HUMAN_MYELIN_116995,2,IEFVGWLCK,5,RTAHYGSLP,0,All manifest-contained 9-mer window combinations retained for sensitivity; not a predictor-selected register or a re-ranking score.
EBV_TCELL_119155::HUMAN_MYELIN_116995,17,EBV_TCELL_119155,HUMAN_MYELIN_116995,2,IEFVGWLCK,6,TAHYGSLPQ,5,All manifest-contained 9-mer window combinations retained for sensitivity; not a predictor-selected register or a re-ranking score.
EBV_TCELL_119155::HUMAN_MYELIN_116995,17,EBV_TCELL_119155,HUMAN_MYELIN_116995,2,IEFVGWLCK,7,AHYGSLPQK,0,All manifest-contained 9-mer window combinations retained for sensitivity; not a predictor-selected register or a re-ranking score.
EBV_TCELL_119155::HUMAN_MYELIN_116995,17,EBV_TCELL_119155,HUMAN_MYELIN_116995,2,IEFVGWLCK,8,HYGSLPQKS,0,All manifest-contained 9-mer window combinations retained for sensitivity; not a predictor-selected register or a re-ranking score.
EBV_TCELL_119155::HUMAN_MYELIN_116995,17,EBV_TCELL_119155,HUMAN_MYELIN_116995,2,IEFVGWLCK,9,YGSLPQKSH,0,All manifest-contained 9-mer window combinations retained for sensitivity; not a predictor-selected register or a re-ranking score.
EBV_TCELL_119155::HUMAN_MYELIN_116995,17,EBV_TCELL_119155,HUMAN_MYELIN_116995,2,IEFVGWLCK,10,GSLPQKSHG,0,All manifest-contained 9-mer window combinations retained for sensitivity; not a predictor-selected register or a re-ranking score.
EBV_TCELL_119155::HUMAN_MYELIN_116995,17,EBV_TCELL_119155,HUMAN_MYELIN_116995,2,IEFVGWLCK,11,SLPQKSHGR,0,All manifest-contained 9-mer window combinations retained for sensitivity; not a predictor-selected register or a re-ranking score.
EBV_TCELL_119155::HUMAN_MYELIN_116995,17,EBV_TCELL_119155,HUMAN_MYELIN_116995,3,EFVGWLCKK,1,HHPARTAHY,0,All manifest-contained 9-mer window combinations retained for sensitivity; not a predictor-selected register or a re-ranking score.
EBV_TCELL_119155::HUMAN_MYELIN_116995,17,EBV_TCELL_119155,HUMAN_MYELIN_116995,3,EFVGWLCKK,2,HPARTAHYG,0,All manifest-contained 9-mer window combinations retained for sensitivity; not a predictor-selected register or a re-ranking score.
EBV_TCELL_119155::HUMAN_MYELIN_116995,17,EBV_TCELL_119155,HUMAN_MYELIN_116995,3,EFVGWLCKK,3,PARTAHYGS,0,All manifest-contained 9-mer window combinations retained for sensitivity; not a predictor-selected register or a re-ranking score.
EBV_TCELL_119155::HUMAN_MYELIN_116995,17,EBV_TCELL_119155,HUMAN_MYELIN_116995,3,EFVGWLCKK,4,ARTAHYGSL,0,All manifest-contained 9-mer window combinations retained for sensitivity; not a predictor-selected register or a re-ranking score.
EBV_TCELL_119155::HUMAN_MYELIN_116995,17,EBV_TCELL_119155,HUMAN_MYELIN_116995,3,EFVGWLCKK,5,RTAHYGSLP,0,All manifest-contained 9-mer window combinations retained for sensitivity; not a predictor-selected register or a re-ranking score.
EBV_TCELL_119155::HUMAN_MYELIN_116995,17,EBV_TCELL_119155,HUMAN_MYELIN_116995,3,EFVGWLCKK,6,TAHYGSLPQ,0,All manifest-contained 9-mer window combinations retained for sensitivity; not a predictor-selected register or a re-ranking score.
EBV_TCELL_119155::HUMAN_MYELIN_116995,17,EBV_TCELL_119155,HUMAN_MYELIN_116995,3,EFVGWLCKK,7,AHYGSLPQK,6,All manifest-contained 9-mer window combinations retained for sensitivity; not a predictor-selected register or a re-ranking score.
EBV_TCELL_119155::HUMAN_MYELIN_116995,17,EBV_TCELL_119155,HUMAN_MYELIN_116995,3,EFVGWLCKK,8,HYGSLPQKS,0,All manifest-contained 9-mer window combinations retained for sensitivity; not a predictor-selected register or a re-ranking score.
EBV_TCELL_119155::HUMAN_MYELIN_116995,17,EBV_TCELL_119155,HUMAN_MYELIN_116995,3,EFVGWLCKK,9,YGSLPQKSH,0,All manifest-contained 9-mer window combinations retained for sensitivity; not a predictor-selected register or a re-ranking score.
EBV_TCELL_119155::HUMAN_MYELIN_116995,17,EBV_TCELL_119155,HUMAN_MYELIN_116995,3,EFVGWLCKK,10,GSLPQKSHG,0,All manifest-contained 9-mer window combinations retained for sensitivity; not a predictor-selected register or a re-ranking score.
EBV_TCELL_119155::HUMAN_MYELIN_116995,17,EBV_TCELL_119155,HUMAN_MYELIN_116995,3,EFVGWLCKK,11,SLPQKSHGR,0,All manifest-contained 9-mer window combinations retained for sensitivity; not a predictor-selected register or a re-ranking score.
EBV_TCELL_119155::HUMAN_MYELIN_116995,17,EBV_TCELL_119155,HUMAN_MYELIN_116995,4,FVGWLCKKD,1,HHPARTAHY,0,All manifest-contained 9-mer window combinations retained for sensitivity; not a predictor-selected register or a re-ranking score.
EBV_TCELL_119155::HUMAN_MYELIN_116995,17,EBV_TCELL_119155,HUMAN_MYELIN_116995,4,FVGWLCKKD,2,HPARTAHYG,0,All manifest-contained 9-mer window combinations retained for sensitivity; not a predictor-selected register or a re-ranking score.
EBV_TCELL_119155::HUMAN_MYELIN_116995,17,EBV_TCELL_119155,HUMAN_MYELIN_116995,4,FVGWLCKKD,3,PARTAHYGS,0,All manifest-contained 9-mer window combinations retained for sensitivity; not a predictor-selected register or a re-ranking score.
EBV_TCELL_119155::HUMAN_MYELIN_116995,17,EBV_TCELL_119155,HUMAN_MYELIN_116995,4,FVGWLCKKD,4,ARTAHYGSL,0,All manifest-contained 9-mer window combinations retained for sensitivity; not a predictor-selected register or a re-ranking score.
EBV_TCELL_119155::HUMAN_MYELIN_116995,17,EBV_TCELL_119155,HUMAN_MYELIN_116995,4,FVGWLCKKD,5,RTAHYGSLP,0,All manifest-contained 9-mer window combinations retained for sensitivity; not a predictor-selected register or a re-ranking score.
EBV_TCELL_119155::HUMAN_MYELIN_116995,17,EBV_TCELL_119155,HUMAN_MYELIN_116995,4,FVGWLCKKD,6,TAHYGSLPQ,0,All manifest-contained 9-mer window combinations retained for sensitivity; not a predictor-selected register or a re-ranking score.
EBV_TCELL_119155::HUMAN_MYELIN_116995,17,EBV_TCELL_119155,HUMAN_MYELIN_116995,4,FVGWLCKKD,7,AHYGSLPQK,0,All manifest-contained 9-mer window combinations retained for sensitivity; not a predictor-selected register or a re-ranking score.
EBV_TCELL_119155::HUMAN_MYELIN_116995,17,EBV_TCELL_119155,HUMAN_MYELIN_116995,4,FVGWLCKKD,8,HYGSLPQKS,7,All manifest-contained 9-mer window combinations retained for sensitivity; not a predictor-selected register or a re-ranking score.
EBV_TCELL_119155::HUMAN_MYELIN_116995,17,EBV_TCELL_119155,HUMAN_MYELIN_116995,4,FVGWLCKKD,9,YGSLPQKSH,0,All manifest-contained 9-mer window combinations retained for sensitivity; not a predictor-selected register or a re-ranking score.
EBV_TCELL_119155::HUMAN_MYELIN_116995,17,EBV_TCELL_119155,HUMAN_MYELIN_116995,4,FVGWLCKKD,10,GSLPQKSHG,0,All manifest-contained 9-mer window combinations retained for sensitivity; not a predictor-selected register or a re-ranking score.
EBV_TCELL_119155::HUMAN_MYELIN_116995,17,EBV_TCELL_119155,HUMAN_MYELIN_116995,4,FVGWLCKKD,11,SLPQKSHGR,0,All manifest-contained 9-mer window combinations retained for sensitivity; not a predictor-selected register or a re-ranking score.
EBV_TCELL_119155::HUMAN_MYELIN_116995,17,EBV_TCELL_119155,HUMAN_MYELIN_116995,5,VGWLCKKDH,1,HHPARTAHY,0,All manifest-contained 9-mer window combinations retained for sensitivity; not a predictor-selected register or a re-ranking score.
EBV_TCELL_119155::HUMAN_MYELIN_116995,17,EBV_TCELL_119155,HUMAN_MYELIN_116995,5,VGWLCKKDH,2,HPARTAHYG,0,All manifest-contained 9-mer window combinations retained for sensitivity; not a predictor-selected register or a re-ranking score.
EBV_TCELL_119155::HUMAN_MYELIN_116995,17,EBV_TCELL_119155,HUMAN_MYELIN_116995,5,VGWLCKKDH,3,PARTAHYGS,0,All manifest-contained 9-mer window combinations retained for sensitivity; not a predictor-selected register or a re-ranking score.
EBV_TCELL_119155::HUMAN_MYELIN_116995,17,EBV_TCELL_119155,HUMAN_MYELIN_116995,5,VGWLCKKDH,4,ARTAHYGSL,0,All manifest-contained 9-mer window combinations retained for sensitivity; not a predictor-selected register or a re-ranking score.
EBV_TCELL_119155::HUMAN_MYELIN_116995,17,EBV_TCELL_119155,HUMAN_MYELIN_116995,5,VGWLCKKDH,5,RTAHYGSLP,0,All manifest-contained 9-mer window combinations retained for sensitivity; not a predictor-selected register or a re-ranking score.
EBV_TCELL_119155::HUMAN_MYELIN_116995,17,EBV_TCELL_119155,HUMAN_MYELIN_116995,5,VGWLCKKDH,6,TAHYGSLPQ,0,All manifest-contained 9-mer window combinations retained for sensitivity; not a predictor-selected register or a re-ranking score.
EBV_TCELL_119155::HUMAN_MYELIN_116995,17,EBV_TCELL_119155,HUMAN_MYELIN_116995,5,VGWLCKKDH,7,AHYGSLPQK,0,All manifest-contained 9-mer window combinations retained for sensitivity; not a predictor-selected register or a re-ranking score.
EBV_TCELL_119155::HUMAN_MYELIN_116995,17,EBV_TCELL_119155,HUMAN_MYELIN_116995,5,VGWLCKKDH,8,HYGSLPQKS,0,All manifest-contained 9-mer window combinations retained for sensitivity; not a predictor-selected register or a re-ranking score.
EBV_TCELL_119155::HUMAN_MYELIN_116995,17,EBV_TCELL_119155,HUMAN_MYELIN_116995,5,VGWLCKKDH,9,YGSLPQKSH,8,All manifest-contained 9-mer window combinations retained for sensitivity; not a predictor-selected register or a re-ranking score.
EBV_TCELL_119155::HUMAN_MYELIN_116995,17,EBV_TCELL_119155,HUMAN_MYELIN_116995,5,VGWLCKKDH,10,GSLPQKSHG,0,All manifest-contained 9-mer window combinations retained for sensitivity; not a predictor-selected register or a re-ranking score.
EBV_TCELL_119155::HUMAN_MYELIN_116995,17,EBV_TCELL_119155,HUMAN_MYELIN_116995,5,VGWLCKKDH,11,SLPQKSHGR,0,All manifest-contained 9-mer window combinations retained for sensitivity; not a predictor-selected register or a re-ranking score.
EBV_TCELL_119155::HUMAN_MYELIN_116995,17,EBV_TCELL_119155,HUMAN_MYELIN_116995,6,GWLCKKDHT,1,HHPARTAHY,0,All manifest-contained 9-mer window combinations retained for sensitivity; not a predictor-selected register or a re-ranking score.
EBV_TCELL_119155::HUMAN_MYELIN_116995,17,EBV_TCELL_119155,HUMAN_MYELIN_116995,6,GWLCKKDHT,2,HPARTAHYG,0,All manifest-contained 9-mer window combinations retained for sensitivity; not a predictor-selected register or a re-ranking score.
EBV_TCELL_119155::HUMAN_MYELIN_116995,17,EBV_TCELL_119155,HUMAN_MYELIN_116995,6,GWLCKKDHT,3,PARTAHYGS,0,All manifest-contained 9-mer window combinations retained for sensitivity; not a predictor-selected register or a re-ranking score.
EBV_TCELL_119155::HUMAN_MYELIN_116995,17,EBV_TCELL_119155,HUMAN_MYELIN_116995,6,GWLCKKDHT,4,ARTAHYGSL,0,All manifest-contained 9-mer window combinations retained for sensitivity; not a predictor-selected register or a re-ranking score.
EBV_TCELL_119155::HUMAN_MYELIN_116995,17,EBV_TCELL_119155,HUMAN_MYELIN_116995,6,GWLCKKDHT,5,RTAHYGSLP,0,All manifest-contained 9-mer window combinations retained for sensitivity; not a predictor-selected register or a re-ranking score.
EBV_TCELL_119155::HUMAN_MYELIN_116995,17,EBV_TCELL_119155,HUMAN_MYELIN_116995,6,GWLCKKDHT,6,TAHYGSLPQ,0,All manifest-contained 9-mer window combinations retained for sensitivity; not a predictor-selected register or a re-ranking score.
EBV_TCELL_119155::HUMAN_MYELIN_116995,17,EBV_TCELL_119155,HUMAN_MYELIN_116995,6,GWLCKKDHT,7,AHYGSLPQK,0,All manifest-contained 9-mer window combinations retained for sensitivity; not a predictor-selected register or a re-ranking score.
EBV_TCELL_119155::HUMAN_MYELIN_116995,17,EBV_TCELL_119155,HUMAN_MYELIN_116995,6,GWLCKKDHT,8,HYGSLPQKS,0,All manifest-contained 9-mer window combinations retained for sensitivity; not a predictor-selected register or a re-ranking score.
EBV_TCELL_119155::HUMAN_MYELIN_116995,17,EBV_TCELL_119155,HUMAN_MYELIN_116995,6,GWLCKKDHT,9,YGSLPQKSH,0,All manifest-contained 9-mer window combinations retained for sensitivity; not a predictor-selected register or a re-ranking score.
EBV_TCELL_119155::HUMAN_MYELIN_116995,17,EBV_TCELL_119155,HUMAN_MYELIN_116995,6,GWLCKKDHT,10,GSLPQKSHG,8,All manifest-contained 9-mer window combinations retained for sensitivity; not a predictor-selected register or a re-ranking score.
EBV_TCELL_119155::HUMAN_MYELIN_116995,17,EBV_TCELL_119155,HUMAN_MYELIN_116995,6,GWLCKKDHT,11,SLPQKSHGR,0,All manifest-contained 9-mer window combinations retained for sensitivity; not a predictor-selected register or a re-ranking score.
EBV_TCELL_119155::HUMAN_MYELIN_116995,17,EBV_TCELL_119155,HUMAN_MYELIN_116995,7,WLCKKDHTH,1,HHPARTAHY,0,All manifest-contained 9-mer window combinations retained for sensitivity; not a predictor-selected register or a re-ranking score.
EBV_TCELL_119155::HUMAN_MYELIN_116995,17,EBV_TCELL_119155,HUMAN_MYELIN_116995,7,WLCKKDHTH,2,HPARTAHYG,0,All manifest-contained 9-mer window combinations retained for sensitivity; not a predictor-selected register or a re-ranking score.
EBV_TCELL_119155::HUMAN_MYELIN_116995,17,EBV_TCELL_119155,HUMAN_MYELIN_116995,7,WLCKKDHTH,3,PARTAHYGS,0,All manifest-contained 9-mer window combinations retained for sensitivity; not a predictor-selected register or a re-ranking score.
EBV_TCELL_119155::HUMAN_MYELIN_116995,17,EBV_TCELL_119155,HUMAN_MYELIN_116995,7,WLCKKDHTH,4,ARTAHYGSL,0,All manifest-contained 9-mer window combinations retained for sensitivity; not a predictor-selected register or a re-ranking score.
EBV_TCELL_119155::HUMAN_MYELIN_116995,17,EBV_TCELL_119155,HUMAN_MYELIN_116995,7,WLCKKDHTH,5,RTAHYGSLP,0,All manifest-contained 9-mer window combinations retained for sensitivity; not a predictor-selected register or a re-ranking score.
EBV_TCELL_119155::HUMAN_MYELIN_116995,17,EBV_TCELL_119155,HUMAN_MYELIN_116995,7,WLCKKDHTH,6,TAHYGSLPQ,0,All manifest-contained 9-mer window combinations retained for sensitivity; not a predictor-selected register or a re-ranking score.
EBV_TCELL_119155::HUMAN_MYELIN_116995,17,EBV_TCELL_119155,HUMAN_MYELIN_116995,7,WLCKKDHTH,7,AHYGSLPQK,0,All manifest-contained 9-mer window combinations retained for sensitivity; not a predictor-selected register or a re-ranking score.
EBV_TCELL_119155::HUMAN_MYELIN_116995,17,EBV_TCELL_119155,HUMAN_MYELIN_116995,7,WLCKKDHTH,8,HYGSLPQKS,0,All manifest-contained 9-mer window combinations retained for sensitivity; not a predictor-selected register or a re-ranking score.
EBV_TCELL_119155::HUMAN_MYELIN_116995,17,EBV_TCELL_119155,HUMAN_MYELIN_116995,7,WLCKKDHTH,9,YGSLPQKSH,0,All manifest-contained 9-mer window combinations retained for sensitivity; not a predictor-selected register or a re-ranking score.
EBV_TCELL_119155::HUMAN_MYELIN_116995,17,EBV_TCELL_119155,HUMAN_MYELIN_116995,7,WLCKKDHTH,10,GSLPQKSHG,0,All manifest-contained 9-mer window combinations retained for sensitivity; not a predictor-selected register or a re-ranking score.
EBV_TCELL_119155::HUMAN_MYELIN_116995,17,EBV_TCELL_119155,HUMAN_MYELIN_116995,7,WLCKKDHTH,11,SLPQKSHGR,7,All manifest-contained 9-mer window combinations retained for sensitivity; not a predictor-selected register or a re-ranking score.
EBV_TCELL_119155::HUMAN_MYELIN_116995,17,EBV_TCELL_119155,HUMAN_MYELIN_116995,8,LCKKDHTHI,1,HHPARTAHY,0,All manifest-contained 9-mer window combinations retained for sensitivity; not a predictor-selected register or a re-ranking score.
EBV_TCELL_119155::HUMAN_MYELIN_116995,17,EBV_TCELL_119155,HUMAN_MYELIN_116995,8,LCKKDHTHI,2,HPARTAHYG,0,All manifest-contained 9-mer window combinations retained for sensitivity; not a predictor-selected register or a re-ranking score.
EBV_TCELL_119155::HUMAN_MYELIN_116995,17,EBV_TCELL_119155,HUMAN_MYELIN_116995,8,LCKKDHTHI,3,PARTAHYGS,0,All manifest-contained 9-mer window combinations retained for sensitivity; not a predictor-selected register or a re-ranking score.
EBV_TCELL_119155::HUMAN_MYELIN_116995,17,EBV_TCELL_119155,HUMAN_MYELIN_116995,8,LCKKDHTHI,4,ARTAHYGSL,0,All manifest-contained 9-mer window combinations retained for sensitivity; not a predictor-selected register or a re-ranking score.
EBV_TCELL_119155::HUMAN_MYELIN_116995,17,EBV_TCELL_119155,HUMAN_MYELIN_116995,8,LCKKDHTHI,5,RTAHYGSLP,0,All manifest-contained 9-mer window combinations retained for sensitivity; not a predictor-selected register or a re-ranking score.
EBV_TCELL_119155::HUMAN_MYELIN_116995,17,EBV_TCELL_119155,HUMAN_MYELIN_116995,8,LCKKDHTHI,6,TAHYGSLPQ,0,All manifest-contained 9-mer window combinations retained for sensitivity; not a predictor-selected register or a re-ranking score.
EBV_TCELL_119155::HUMAN_MYELIN_116995,17,EBV_TCELL_119155,HUMAN_MYELIN_116995,8,LCKKDHTHI,7,AHYGSLPQK,0,All manifest-contained 9-mer window combinations retained for sensitivity; not a predictor-selected register or a re-ranking score.
EBV_TCELL_119155::HUMAN_MYELIN_116995,17,EBV_TCELL_119155,HUMAN_MYELIN_116995,8,LCKKDHTHI,8,HYGSLPQKS,0,All manifest-contained 9-mer window combinations retained for sensitivity; not a predictor-selected register or a re-ranking score.
EBV_TCELL_119155::HUMAN_MYELIN_116995,17,EBV_TCELL_119155,HUMAN_MYELIN_116995,8,LCKKDHTHI,9,YGSLPQKSH,0,All manifest-contained 9-mer window combinations retained for sensitivity; not a predictor-selected register or a re-ranking score.
EBV_TCELL_119155::HUMAN_MYELIN_116995,17,EBV_TCELL_119155,HUMAN_MYELIN_116995,8,LCKKDHTHI,10,GSLPQKSHG,0,All manifest-contained 9-mer window combinations retained for sensitivity; not a predictor-selected register or a re-ranking score.
EBV_TCELL_119155::HUMAN_MYELIN_116995,17,EBV_TCELL_119155,HUMAN_MYELIN_116995,8,LCKKDHTHI,11,SLPQKSHGR,0,All manifest-contained 9-mer window combinations retained for sensitivity; not a predictor-selected register or a re-ranking score.
EBV_TCELL_119155::HUMAN_MYELIN_116995,17,EBV_TCELL_119155,HUMAN_MYELIN_116995,9,CKKDHTHIR,1,HHPARTAHY,0,All manifest-contained 9-mer window combinations retained for sensitivity; not a predictor-selected register or a re-ranking score.
EBV_TCELL_119155::HUMAN_MYELIN_116995,17,EBV_TCELL_119155,HUMAN_MYELIN_116995,9,CKKDHTHIR,2,HPARTAHYG,0,All manifest-contained 9-mer window combinations retained for sensitivity; not a predictor-selected register or a re-ranking score.
EBV_TCELL_119155::HUMAN_MYELIN_116995,17,EBV_TCELL_119155,HUMAN_MYELIN_116995,9,CKKDHTHIR,3,PARTAHYGS,0,All manifest-contained 9-mer window combinations retained for sensitivity; not a predictor-selected register or a re-ranking score.
EBV_TCELL_119155::HUMAN_MYELIN_116995,17,EBV_TCELL_119155,HUMAN_MYELIN_116995,9,CKKDHTHIR,4,ARTAHYGSL,0,All manifest-contained 9-mer window combinations retained for sensitivity; not a predictor-selected register or a re-ranking score.
EBV_TCELL_119155::HUMAN_MYELIN_116995,17,EBV_TCELL_119155,HUMAN_MYELIN_116995,9,CKKDHTHIR,5,RTAHYGSLP,0,All manifest-contained 9-mer window combinations retained for sensitivity; not a predictor-selected register or a re-ranking score.
EBV_TCELL_119155::HUMAN_MYELIN_116995,17,EBV_TCELL_119155,HUMAN_MYELIN_116995,9,CKKDHTHIR,6,TAHYGSLPQ,0,All manifest-contained 9-mer window combinations retained for sensitivity; not a predictor-selected register or a re-ranking score.
EBV_TCELL_119155::HUMAN_MYELIN_116995,17,EBV_TCELL_119155,HUMAN_MYELIN_116995,9,CKKDHTHIR,7,AHYGSLPQK,0,All manifest-contained 9-mer window combinations retained for sensitivity; not a predictor-selected register or a re-ranking score.
EBV_TCELL_119155::HUMAN_MYELIN_116995,17,EBV_TCELL_119155,HUMAN_MYELIN_116995,9,CKKDHTHIR,8,HYGSLPQKS,0,All manifest-contained 9-mer window combinations retained for sensitivity; not a predictor-selected register or a re-ranking score.
EBV_TCELL_119155::HUMAN_MYELIN_116995,17,EBV_TCELL_119155,HUMAN_MYELIN_116995,9,CKKDHTHIR,9,YGSLPQKSH,0,All manifest-contained 9-mer window combinations retained for sensitivity; not a predictor-selected register or a re-ranking score.
EBV_TCELL_119155::HUMAN_MYELIN_116995,17,EBV_TCELL_119155,HUMAN_MYELIN_116995,9,CKKDHTHIR,10,GSLPQKSHG,0,All manifest-contained 9-mer window combinations retained for sensitivity; not a predictor-selected register or a re-ranking score.
EBV_TCELL_119155::HUMAN_MYELIN_116995,17,EBV_TCELL_119155,HUMAN_MYELIN_116995,9,CKKDHTHIR,11,SLPQKSHGR,0,All manifest-contained 9-mer window combinations retained for sensitivity; not a predictor-selected register or a re-ranking score.
EBV_TCELL_119155::HUMAN_MYELIN_116995,17,EBV_TCELL_119155,HUMAN_MYELIN_116995,10,KKDHTHIRE,1,HHPARTAHY,0,All manifest-contained 9-mer window combinations retained for sensitivity; not a predictor-selected register or a re-ranking score.
EBV_TCELL_119155::HUMAN_MYELIN_116995,17,EBV_TCELL_119155,HUMAN_MYELIN_116995,10,KKDHTHIRE,2,HPARTAHYG,0,All manifest-contained 9-mer window combinations retained for sensitivity; not a predictor-selected register or a re-ranking score.
EBV_TCELL_119155::HUMAN_MYELIN_116995,17,EBV_TCELL_119155,HUMAN_MYELIN_116995,10,KKDHTHIRE,3,PARTAHYGS,0,All manifest-contained 9-mer window combinations retained for sensitivity; not a predictor-selected register or a re-ranking score.
EBV_TCELL_119155::HUMAN_MYELIN_116995,17,EBV_TCELL_119155,HUMAN_MYELIN_116995,10,KKDHTHIRE,4,ARTAHYGSL,0,All manifest-contained 9-mer window combinations retained for sensitivity; not a predictor-selected register or a re-ranking score.
EBV_TCELL_119155::HUMAN_MYELIN_116995,17,EBV_TCELL_119155,HUMAN_MYELIN_116995,10,KKDHTHIRE,5,RTAHYGSLP,0,All manifest-contained 9-mer window combinations retained for sensitivity; not a predictor-selected register or a re-ranking score.
EBV_TCELL_119155::HUMAN_MYELIN_116995,17,EBV_TCELL_119155,HUMAN_MYELIN_116995,10,KKDHTHIRE,6,TAHYGSLPQ,0,All manifest-contained 9-mer window combinations retained for sensitivity; not a predictor-selected register or a re-ranking score.
EBV_TCELL_119155::HUMAN_MYELIN_116995,17,EBV_TCELL_119155,HUMAN_MYELIN_116995,10,KKDHTHIRE,7,AHYGSLPQK,0,All manifest-contained 9-mer window combinations retained for sensitivity; not a predictor-selected register or a re-ranking score.
EBV_TCELL_119155::HUMAN_MYELIN_116995,17,EBV_TCELL_119155,HUMAN_MYELIN_116995,10,KKDHTHIRE,8,HYGSLPQKS,0,All manifest-contained 9-mer window combinations retained for sensitivity; not a predictor-selected register or a re-ranking score.
EBV_TCELL_119155::HUMAN_MYELIN_116995,17,EBV_TCELL_119155,HUMAN_MYELIN_116995,10,KKDHTHIRE,9,YGSLPQKSH,0,All manifest-contained 9-mer window combinations retained for sensitivity; not a predictor-selected register or a re-ranking score.
EBV_TCELL_119155::HUMAN_MYELIN_116995,17,EBV_TCELL_119155,HUMAN_MYELIN_116995,10,KKDHTHIRE,10,GSLPQKSHG,0,All manifest-contained 9-mer window combinations retained for sensitivity; not a predictor-selected register or a re-ranking score.
EBV_TCELL_119155::HUMAN_MYELIN_116995,17,EBV_TCELL_119155,HUMAN_MYELIN_116995,10,KKDHTHIRE,11,SLPQKSHGR,0,All manifest-contained 9-mer window combinations retained for sensitivity; not a predictor-selected register or a re-ranking score.
EBV_TCELL_119155::HUMAN_MYELIN_116995,17,EBV_TCELL_119155,HUMAN_MYELIN_116995,11,KDHTHIREW,1,HHPARTAHY,0,All manifest-contained 9-mer window combinations retained for sensitivity; not a predictor-selected register or a re-ranking score.
EBV_TCELL_119155::HUMAN_MYELIN_116995,17,EBV_TCELL_119155,HUMAN_MYELIN_116995,11,KDHTHIREW,2,HPARTAHYG,0,All manifest-contained 9-mer window combinations retained for sensitivity; not a predictor-selected register or a re-ranking score.
EBV_TCELL_119155::HUMAN_MYELIN_116995,17,EBV_TCELL_119155,HUMAN_MYELIN_116995,11,KDHTHIREW,3,PARTAHYGS,0,All manifest-contained 9-mer window combinations retained for sensitivity; not a predictor-selected register or a re-ranking score.
EBV_TCELL_119155::HUMAN_MYELIN_116995,17,EBV_TCELL_119155,HUMAN_MYELIN_116995,11,KDHTHIREW,4,ARTAHYGSL,0,All manifest-contained 9-mer window combinations retained for sensitivity; not a predictor-selected register or a re-ranking score.
EBV_TCELL_119155::HUMAN_MYELIN_116995,17,EBV_TCELL_119155,HUMAN_MYELIN_116995,11,KDHTHIREW,5,RTAHYGSLP,0,All manifest-contained 9-mer window combinations retained for sensitivity; not a predictor-selected register or a re-ranking score.
EBV_TCELL_119155::HUMAN_MYELIN_116995,17,EBV_TCELL_119155,HUMAN_MYELIN_116995,11,KDHTHIREW,6,TAHYGSLPQ,0,All manifest-contained 9-mer window combinations retained for sensitivity; not a predictor-selected register or a re-ranking score.
EBV_TCELL_119155::HUMAN_MYELIN_116995,17,EBV_TCELL_119155,HUMAN_MYELIN_116995,11,KDHTHIREW,7,AHYGSLPQK,0,All manifest-contained 9-mer window combinations retained for sensitivity; not a predictor-selected register or a re-ranking score.
EBV_TCELL_119155::HUMAN_MYELIN_116995,17,EBV_TCELL_119155,HUMAN_MYELIN_116995,11,KDHTHIREW,8,HYGSLPQKS,0,All manifest-contained 9-mer window combinations retained for sensitivity; not a predictor-selected register or a re-ranking score.
EBV_TCELL_119155::HUMAN_MYELIN_116995,17,EBV_TCELL_119155,HUMAN_MYELIN_116995,11,KDHTHIREW,9,YGSLPQKSH,0,All manifest-contained 9-mer window combinations retained for sensitivity; not a predictor-selected register or a re-ranking score.
EBV_TCELL_119155::HUMAN_MYELIN_116995,17,EBV_TCELL_119155,HUMAN_MYELIN_116995,11,KDHTHIREW,10,GSLPQKSHG,0,All manifest-contained 9-mer window combinations retained for sensitivity; not a predictor-selected register or a re-ranking score.
EBV_TCELL_119155::HUMAN_MYELIN_116995,17,EBV_TCELL_119155,HUMAN_MYELIN_116995,11,KDHTHIREW,11,SLPQKSHGR,0,All manifest-contained 9-mer window combinations retained for sensitivity; not a predictor-selected register or a re-ranking score.
EBV_TCELL_119155::HUMAN_MYELIN_116995,17,EBV_TCELL_119155,HUMAN_MYELIN_116995,12,DHTHIREWF,1,HHPARTAHY,0,All manifest-contained 9-mer window combinations retained for sensitivity; not a predictor-selected register or a re-ranking score.
EBV_TCELL_119155::HUMAN_MYELIN_116995,17,EBV_TCELL_119155,HUMAN_MYELIN_116995,12,DHTHIREWF,2,HPARTAHYG,0,All manifest-contained 9-mer window combinations retained for sensitivity; not a predictor-selected register or a re-ranking score.
EBV_TCELL_119155::HUMAN_MYELIN_116995,17,EBV_TCELL_119155,HUMAN_MYELIN_116995,12,DHTHIREWF,3,PARTAHYGS,0,All manifest-contained 9-mer window combinations retained for sensitivity; not a predictor-selected register or a re-ranking score.
EBV_TCELL_119155::HUMAN_MYELIN_116995,17,EBV_TCELL_119155,HUMAN_MYELIN_116995,12,DHTHIREWF,4,ARTAHYGSL,0,All manifest-contained 9-mer window combinations retained for sensitivity; not a predictor-selected register or a re-ranking score.
EBV_TCELL_119155::HUMAN_MYELIN_116995,17,EBV_TCELL_119155,HUMAN_MYELIN_116995,12,DHTHIREWF,5,RTAHYGSLP,0,All manifest-contained 9-mer window combinations retained for sensitivity; not a predictor-selected register or a re-ranking score.
EBV_TCELL_119155::HUMAN_MYELIN_116995,17,EBV_TCELL_119155,HUMAN_MYELIN_116995,12,DHTHIREWF,6,TAHYGSLPQ,0,All manifest-contained 9-mer window combinations retained for sensitivity; not a predictor-selected register or a re-ranking score.
EBV_TCELL_119155::HUMAN_MYELIN_116995,17,EBV_TCELL_119155,HUMAN_MYELIN_116995,12,DHTHIREWF,7,AHYGSLPQK,0,All manifest-contained 9-mer window combinations retained for sensitivity; not a predictor-selected register or a re-ranking score.
EBV_TCELL_119155::HUMAN_MYELIN_116995,17,EBV_TCELL_119155,HUMAN_MYELIN_116995,12,DHTHIREWF,8,HYGSLPQKS,0,All manifest-contained 9-mer window combinations retained for sensitivity; not a predictor-selected register or a re-ranking score.
EBV_TCELL_119155::HUMAN_MYELIN_116995,17,EBV_TCELL_119155,HUMAN_MYELIN_116995,12,DHTHIREWF,9,YGSLPQKSH,0,All manifest-contained 9-mer window combinations retained for sensitivity; not a predictor-selected register or a re-ranking score.
EBV_TCELL_119155::HUMAN_MYELIN_116995,17,EBV_TCELL_119155,HUMAN_MYELIN_116995,12,DHTHIREWF,10,GSLPQKSHG,0,All manifest-contained 9-mer window combinations retained for sensitivity; not a predictor-selected register or a re-ranking score.
EBV_TCELL_119155::HUMAN_MYELIN_116995,17,EBV_TCELL_119155,HUMAN_MYELIN_116995,12,DHTHIREWF,11,SLPQKSHGR,0,All manifest-contained 9-mer window combinations retained for sensitivity; not a predictor-selected register or a re-ranking score.
EBV_TCELL_63843::HUMAN_MYELIN_114765,18,EBV_TCELL_63843,HUMAN_MYELIN_114765,1,TGGVYHFVK,1,DENPVVHFF,0,All manifest-contained 9-mer window combinations retained for sensitivity; not a predictor-selected register or a re-ranking score.
EBV_TCELL_63843::HUMAN_MYELIN_114765,18,EBV_TCELL_63843,HUMAN_MYELIN_114765,1,TGGVYHFVK,2,ENPVVHFFK,6,All manifest-contained 9-mer window combinations retained for sensitivity; not a predictor-selected register or a re-ranking score.
EBV_TCELL_63843::HUMAN_MYELIN_114765,18,EBV_TCELL_63843,HUMAN_MYELIN_114765,1,TGGVYHFVK,3,NPVVHFFKN,0,All manifest-contained 9-mer window combinations retained for sensitivity; not a predictor-selected register or a re-ranking score.
EBV_TCELL_63843::HUMAN_MYELIN_114765,18,EBV_TCELL_63843,HUMAN_MYELIN_114765,2,GGVYHFVKK,1,DENPVVHFF,0,All manifest-contained 9-mer window combinations retained for sensitivity; not a predictor-selected register or a re-ranking score.
EBV_TCELL_63843::HUMAN_MYELIN_114765,18,EBV_TCELL_63843,HUMAN_MYELIN_114765,2,GGVYHFVKK,2,ENPVVHFFK,0,All manifest-contained 9-mer window combinations retained for sensitivity; not a predictor-selected register or a re-ranking score.
EBV_TCELL_63843::HUMAN_MYELIN_114765,18,EBV_TCELL_63843,HUMAN_MYELIN_114765,2,GGVYHFVKK,3,NPVVHFFKN,6,All manifest-contained 9-mer window combinations retained for sensitivity; not a predictor-selected register or a re-ranking score.
EBV_TCELL_63843::HUMAN_MYELIN_114765,18,EBV_TCELL_63843,HUMAN_MYELIN_114765,3,GVYHFVKKH,1,DENPVVHFF,0,All manifest-contained 9-mer window combinations retained for sensitivity; not a predictor-selected register or a re-ranking score.
EBV_TCELL_63843::HUMAN_MYELIN_114765,18,EBV_TCELL_63843,HUMAN_MYELIN_114765,3,GVYHFVKKH,2,ENPVVHFFK,0,All manifest-contained 9-mer window combinations retained for sensitivity; not a predictor-selected register or a re-ranking score.
EBV_TCELL_63843::HUMAN_MYELIN_114765,18,EBV_TCELL_63843,HUMAN_MYELIN_114765,3,GVYHFVKKH,3,NPVVHFFKN,0,All manifest-contained 9-mer window combinations retained for sensitivity; not a predictor-selected register or a re-ranking score.
EBV_TCELL_63843::HUMAN_MYELIN_114765,18,EBV_TCELL_63843,HUMAN_MYELIN_114765,4,VYHFVKKHV,1,DENPVVHFF,0,All manifest-contained 9-mer window combinations retained for sensitivity; not a predictor-selected register or a re-ranking score.
EBV_TCELL_63843::HUMAN_MYELIN_114765,18,EBV_TCELL_63843,HUMAN_MYELIN_114765,4,VYHFVKKHV,2,ENPVVHFFK,0,All manifest-contained 9-mer window combinations retained for sensitivity; not a predictor-selected register or a re-ranking score.
EBV_TCELL_63843::HUMAN_MYELIN_114765,18,EBV_TCELL_63843,HUMAN_MYELIN_114765,4,VYHFVKKHV,3,NPVVHFFKN,0,All manifest-contained 9-mer window combinations retained for sensitivity; not a predictor-selected register or a re-ranking score.
EBV_TCELL_63843::HUMAN_MYELIN_114765,18,EBV_TCELL_63843,HUMAN_MYELIN_114765,5,YHFVKKHVH,1,DENPVVHFF,0,All manifest-contained 9-mer window combinations retained for sensitivity; not a predictor-selected register or a re-ranking score.
EBV_TCELL_63843::HUMAN_MYELIN_114765,18,EBV_TCELL_63843,HUMAN_MYELIN_114765,5,YHFVKKHVH,2,ENPVVHFFK,0,All manifest-contained 9-mer window combinations retained for sensitivity; not a predictor-selected register or a re-ranking score.
EBV_TCELL_63843::HUMAN_MYELIN_114765,18,EBV_TCELL_63843,HUMAN_MYELIN_114765,5,YHFVKKHVH,3,NPVVHFFKN,0,All manifest-contained 9-mer window combinations retained for sensitivity; not a predictor-selected register or a re-ranking score.
EBV_TCELL_63843::HUMAN_MYELIN_114765,18,EBV_TCELL_63843,HUMAN_MYELIN_114765,6,HFVKKHVHE,1,DENPVVHFF,0,All manifest-contained 9-mer window combinations retained for sensitivity; not a predictor-selected register or a re-ranking score.
EBV_TCELL_63843::HUMAN_MYELIN_114765,18,EBV_TCELL_63843,HUMAN_MYELIN_114765,6,HFVKKHVHE,2,ENPVVHFFK,0,All manifest-contained 9-mer window combinations retained for sensitivity; not a predictor-selected register or a re-ranking score.
EBV_TCELL_63843::HUMAN_MYELIN_114765,18,EBV_TCELL_63843,HUMAN_MYELIN_114765,6,HFVKKHVHE,3,NPVVHFFKN,0,All manifest-contained 9-mer window combinations retained for sensitivity; not a predictor-selected register or a re-ranking score.
EBV_TCELL_63843::HUMAN_MYELIN_114765,18,EBV_TCELL_63843,HUMAN_MYELIN_114765,7,FVKKHVHES,1,DENPVVHFF,0,All manifest-contained 9-mer window combinations retained for sensitivity; not a predictor-selected register or a re-ranking score.
EBV_TCELL_63843::HUMAN_MYELIN_114765,18,EBV_TCELL_63843,HUMAN_MYELIN_114765,7,FVKKHVHES,2,ENPVVHFFK,0,All manifest-contained 9-mer window combinations retained for sensitivity; not a predictor-selected register or a re-ranking score.
EBV_TCELL_63843::HUMAN_MYELIN_114765,18,EBV_TCELL_63843,HUMAN_MYELIN_114765,7,FVKKHVHES,3,NPVVHFFKN,0,All manifest-contained 9-mer window combinations retained for sensitivity; not a predictor-selected register or a re-ranking score.
EBV_TCELL_2268683::HUMAN_MYELIN_117117,19,EBV_TCELL_2268683,HUMAN_MYELIN_117117,1,EKQLFYYIG,1,YFSKNYQDY,0,All manifest-contained 9-mer window combinations retained for sensitivity; not a predictor-selected register or a re-ranking score.
EBV_TCELL_2268683::HUMAN_MYELIN_117117,19,EBV_TCELL_2268683,HUMAN_MYELIN_117117,1,EKQLFYYIG,2,FSKNYQDYE,0,All manifest-contained 9-mer window combinations retained for sensitivity; not a predictor-selected register or a re-ranking score.
EBV_TCELL_2268683::HUMAN_MYELIN_117117,19,EBV_TCELL_2268683,HUMAN_MYELIN_117117,1,EKQLFYYIG,3,SKNYQDYEY,0,All manifest-contained 9-mer window combinations retained for sensitivity; not a predictor-selected register or a re-ranking score.
EBV_TCELL_2268683::HUMAN_MYELIN_117117,19,EBV_TCELL_2268683,HUMAN_MYELIN_117117,1,EKQLFYYIG,4,KNYQDYEYL,0,All manifest-contained 9-mer window combinations retained for sensitivity; not a predictor-selected register or a re-ranking score.
EBV_TCELL_2268683::HUMAN_MYELIN_117117,19,EBV_TCELL_2268683,HUMAN_MYELIN_117117,1,EKQLFYYIG,5,NYQDYEYLI,0,All manifest-contained 9-mer window combinations retained for sensitivity; not a predictor-selected register or a re-ranking score.
EBV_TCELL_2268683::HUMAN_MYELIN_117117,19,EBV_TCELL_2268683,HUMAN_MYELIN_117117,1,EKQLFYYIG,6,YQDYEYLIN,0,All manifest-contained 9-mer window combinations retained for sensitivity; not a predictor-selected register or a re-ranking score.
EBV_TCELL_2268683::HUMAN_MYELIN_117117,19,EBV_TCELL_2268683,HUMAN_MYELIN_117117,1,EKQLFYYIG,7,QDYEYLINV,0,All manifest-contained 9-mer window combinations retained for sensitivity; not a predictor-selected register or a re-ranking score.
EBV_TCELL_2268683::HUMAN_MYELIN_117117,19,EBV_TCELL_2268683,HUMAN_MYELIN_117117,1,EKQLFYYIG,8,DYEYLINVI,0,All manifest-contained 9-mer window combinations retained for sensitivity; not a predictor-selected register or a re-ranking score.
EBV_TCELL_2268683::HUMAN_MYELIN_117117,19,EBV_TCELL_2268683,HUMAN_MYELIN_117117,1,EKQLFYYIG,9,YEYLINVIH,0,All manifest-contained 9-mer window combinations retained for sensitivity; not a predictor-selected register or a re-ranking score.
EBV_TCELL_2268683::HUMAN_MYELIN_117117,19,EBV_TCELL_2268683,HUMAN_MYELIN_117117,1,EKQLFYYIG,10,EYLINVIHA,0,All manifest-contained 9-mer window combinations retained for sensitivity; not a predictor-selected register or a re-ranking score.
EBV_TCELL_2268683::HUMAN_MYELIN_117117,19,EBV_TCELL_2268683,HUMAN_MYELIN_117117,1,EKQLFYYIG,11,YLINVIHAF,0,All manifest-contained 9-mer window combinations retained for sensitivity; not a predictor-selected register or a re-ranking score.
EBV_TCELL_2268683::HUMAN_MYELIN_117117,19,EBV_TCELL_2268683,HUMAN_MYELIN_117117,1,EKQLFYYIG,12,LINVIHAFQ,0,All manifest-contained 9-mer window combinations retained for sensitivity; not a predictor-selected register or a re-ranking score.
EBV_TCELL_2268683::HUMAN_MYELIN_117117,19,EBV_TCELL_2268683,HUMAN_MYELIN_117117,1,EKQLFYYIG,13,INVIHAFQY,0,All manifest-contained 9-mer window combinations retained for sensitivity; not a predictor-selected register or a re-ranking score.
EBV_TCELL_2268683::HUMAN_MYELIN_117117,19,EBV_TCELL_2268683,HUMAN_MYELIN_117117,1,EKQLFYYIG,14,NVIHAFQYV,0,All manifest-contained 9-mer window combinations retained for sensitivity; not a predictor-selected register or a re-ranking score.
EBV_TCELL_2268683::HUMAN_MYELIN_117117,19,EBV_TCELL_2268683,HUMAN_MYELIN_117117,1,EKQLFYYIG,15,VIHAFQYVI,0,All manifest-contained 9-mer window combinations retained for sensitivity; not a predictor-selected register or a re-ranking score.
EBV_TCELL_2268683::HUMAN_MYELIN_117117,19,EBV_TCELL_2268683,HUMAN_MYELIN_117117,1,EKQLFYYIG,16,IHAFQYVIY,3,All manifest-contained 9-mer window combinations retained for sensitivity; not a predictor-selected register or a re-ranking score.
EBV_TCELL_2268683::HUMAN_MYELIN_117117,19,EBV_TCELL_2268683,HUMAN_MYELIN_117117,1,EKQLFYYIG,17,HAFQYVIYG,1,All manifest-contained 9-mer window combinations retained for sensitivity; not a predictor-selected register or a re-ranking score.
EBV_TCELL_2268683::HUMAN_MYELIN_117117,19,EBV_TCELL_2268683,HUMAN_MYELIN_117117,1,EKQLFYYIG,18,AFQYVIYGT,0,All manifest-contained 9-mer window combinations retained for sensitivity; not a predictor-selected register or a re-ranking score.
EBV_TCELL_2268683::HUMAN_MYELIN_117117,19,EBV_TCELL_2268683,HUMAN_MYELIN_117117,1,EKQLFYYIG,19,FQYVIYGTA,0,All manifest-contained 9-mer window combinations retained for sensitivity; not a predictor-selected register or a re-ranking score.
EBV_TCELL_2268683::HUMAN_MYELIN_117117,19,EBV_TCELL_2268683,HUMAN_MYELIN_117117,1,EKQLFYYIG,20,QYVIYGTAS,0,All manifest-contained 9-mer window combinations retained for sensitivity; not a predictor-selected register or a re-ranking score.
EBV_TCELL_2268683::HUMAN_MYELIN_117117,19,EBV_TCELL_2268683,HUMAN_MYELIN_117117,1,EKQLFYYIG,21,YVIYGTASF,0,All manifest-contained 9-mer window combinations retained for sensitivity; not a predictor-selected register or a re-ranking score.
EBV_TCELL_2268683::HUMAN_MYELIN_117117,19,EBV_TCELL_2268683,HUMAN_MYELIN_117117,1,EKQLFYYIG,22,VIYGTASFF,0,All manifest-contained 9-mer window combinations retained for sensitivity; not a predictor-selected register or a re-ranking score.
EBV_TCELL_2268683::HUMAN_MYELIN_117117,19,EBV_TCELL_2268683,HUMAN_MYELIN_117117,1,EKQLFYYIG,23,IYGTASFFF,0,All manifest-contained 9-mer window combinations retained for sensitivity; not a predictor-selected register or a re-ranking score.
EBV_TCELL_2268683::HUMAN_MYELIN_117117,19,EBV_TCELL_2268683,HUMAN_MYELIN_117117,1,EKQLFYYIG,24,YGTASFFFL,0,All manifest-contained 9-mer window combinations retained for sensitivity; not a predictor-selected register or a re-ranking score.
EBV_TCELL_2268683::HUMAN_MYELIN_117117,19,EBV_TCELL_2268683,HUMAN_MYELIN_117117,2,KQLFYYIGT,1,YFSKNYQDY,0,All manifest-contained 9-mer window combinations retained for sensitivity; not a predictor-selected register or a re-ranking score.
EBV_TCELL_2268683::HUMAN_MYELIN_117117,19,EBV_TCELL_2268683,HUMAN_MYELIN_117117,2,KQLFYYIGT,2,FSKNYQDYE,0,All manifest-contained 9-mer window combinations retained for sensitivity; not a predictor-selected register or a re-ranking score.
EBV_TCELL_2268683::HUMAN_MYELIN_117117,19,EBV_TCELL_2268683,HUMAN_MYELIN_117117,2,KQLFYYIGT,3,SKNYQDYEY,0,All manifest-contained 9-mer window combinations retained for sensitivity; not a predictor-selected register or a re-ranking score.
EBV_TCELL_2268683::HUMAN_MYELIN_117117,19,EBV_TCELL_2268683,HUMAN_MYELIN_117117,2,KQLFYYIGT,4,KNYQDYEYL,0,All manifest-contained 9-mer window combinations retained for sensitivity; not a predictor-selected register or a re-ranking score.
EBV_TCELL_2268683::HUMAN_MYELIN_117117,19,EBV_TCELL_2268683,HUMAN_MYELIN_117117,2,KQLFYYIGT,5,NYQDYEYLI,0,All manifest-contained 9-mer window combinations retained for sensitivity; not a predictor-selected register or a re-ranking score.
EBV_TCELL_2268683::HUMAN_MYELIN_117117,19,EBV_TCELL_2268683,HUMAN_MYELIN_117117,2,KQLFYYIGT,6,YQDYEYLIN,0,All manifest-contained 9-mer window combinations retained for sensitivity; not a predictor-selected register or a re-ranking score.
EBV_TCELL_2268683::HUMAN_MYELIN_117117,19,EBV_TCELL_2268683,HUMAN_MYELIN_117117,2,KQLFYYIGT,7,QDYEYLINV,0,All manifest-contained 9-mer window combinations retained for sensitivity; not a predictor-selected register or a re-ranking score.
EBV_TCELL_2268683::HUMAN_MYELIN_117117,19,EBV_TCELL_2268683,HUMAN_MYELIN_117117,2,KQLFYYIGT,8,DYEYLINVI,0,All manifest-contained 9-mer window combinations retained for sensitivity; not a predictor-selected register or a re-ranking score.
EBV_TCELL_2268683::HUMAN_MYELIN_117117,19,EBV_TCELL_2268683,HUMAN_MYELIN_117117,2,KQLFYYIGT,9,YEYLINVIH,0,All manifest-contained 9-mer window combinations retained for sensitivity; not a predictor-selected register or a re-ranking score.
EBV_TCELL_2268683::HUMAN_MYELIN_117117,19,EBV_TCELL_2268683,HUMAN_MYELIN_117117,2,KQLFYYIGT,10,EYLINVIHA,0,All manifest-contained 9-mer window combinations retained for sensitivity; not a predictor-selected register or a re-ranking score.
EBV_TCELL_2268683::HUMAN_MYELIN_117117,19,EBV_TCELL_2268683,HUMAN_MYELIN_117117,2,KQLFYYIGT,11,YLINVIHAF,0,All manifest-contained 9-mer window combinations retained for sensitivity; not a predictor-selected register or a re-ranking score.
EBV_TCELL_2268683::HUMAN_MYELIN_117117,19,EBV_TCELL_2268683,HUMAN_MYELIN_117117,2,KQLFYYIGT,12,LINVIHAFQ,0,All manifest-contained 9-mer window combinations retained for sensitivity; not a predictor-selected register or a re-ranking score.
EBV_TCELL_2268683::HUMAN_MYELIN_117117,19,EBV_TCELL_2268683,HUMAN_MYELIN_117117,2,KQLFYYIGT,13,INVIHAFQY,0,All manifest-contained 9-mer window combinations retained for sensitivity; not a predictor-selected register or a re-ranking score.
EBV_TCELL_2268683::HUMAN_MYELIN_117117,19,EBV_TCELL_2268683,HUMAN_MYELIN_117117,2,KQLFYYIGT,14,NVIHAFQYV,0,All manifest-contained 9-mer window combinations retained for sensitivity; not a predictor-selected register or a re-ranking score.
EBV_TCELL_2268683::HUMAN_MYELIN_117117,19,EBV_TCELL_2268683,HUMAN_MYELIN_117117,2,KQLFYYIGT,15,VIHAFQYVI,0,All manifest-contained 9-mer window combinations retained for sensitivity; not a predictor-selected register or a re-ranking score.
EBV_TCELL_2268683::HUMAN_MYELIN_117117,19,EBV_TCELL_2268683,HUMAN_MYELIN_117117,2,KQLFYYIGT,16,IHAFQYVIY,0,All manifest-contained 9-mer window combinations retained for sensitivity; not a predictor-selected register or a re-ranking score.
EBV_TCELL_2268683::HUMAN_MYELIN_117117,19,EBV_TCELL_2268683,HUMAN_MYELIN_117117,2,KQLFYYIGT,17,HAFQYVIYG,3,All manifest-contained 9-mer window combinations retained for sensitivity; not a predictor-selected register or a re-ranking score.
EBV_TCELL_2268683::HUMAN_MYELIN_117117,19,EBV_TCELL_2268683,HUMAN_MYELIN_117117,2,KQLFYYIGT,18,AFQYVIYGT,2,All manifest-contained 9-mer window combinations retained for sensitivity; not a predictor-selected register or a re-ranking score.
EBV_TCELL_2268683::HUMAN_MYELIN_117117,19,EBV_TCELL_2268683,HUMAN_MYELIN_117117,2,KQLFYYIGT,19,FQYVIYGTA,0,All manifest-contained 9-mer window combinations retained for sensitivity; not a predictor-selected register or a re-ranking score.
EBV_TCELL_2268683::HUMAN_MYELIN_117117,19,EBV_TCELL_2268683,HUMAN_MYELIN_117117,2,KQLFYYIGT,20,QYVIYGTAS,0,All manifest-contained 9-mer window combinations retained for sensitivity; not a predictor-selected register or a re-ranking score.
EBV_TCELL_2268683::HUMAN_MYELIN_117117,19,EBV_TCELL_2268683,HUMAN_MYELIN_117117,2,KQLFYYIGT,21,YVIYGTASF,0,All manifest-contained 9-mer window combinations retained for sensitivity; not a predictor-selected register or a re-ranking score.
EBV_TCELL_2268683::HUMAN_MYELIN_117117,19,EBV_TCELL_2268683,HUMAN_MYELIN_117117,2,KQLFYYIGT,22,VIYGTASFF,0,All manifest-contained 9-mer window combinations retained for sensitivity; not a predictor-selected register or a re-ranking score.
EBV_TCELL_2268683::HUMAN_MYELIN_117117,19,EBV_TCELL_2268683,HUMAN_MYELIN_117117,2,KQLFYYIGT,23,IYGTASFFF,0,All manifest-contained 9-mer window combinations retained for sensitivity; not a predictor-selected register or a re-ranking score.
EBV_TCELL_2268683::HUMAN_MYELIN_117117,19,EBV_TCELL_2268683,HUMAN_MYELIN_117117,2,KQLFYYIGT,24,YGTASFFFL,0,All manifest-contained 9-mer window combinations retained for sensitivity; not a predictor-selected register or a re-ranking score.
EBV_TCELL_2268683::HUMAN_MYELIN_117117,19,EBV_TCELL_2268683,HUMAN_MYELIN_117117,3,QLFYYIGTM,1,YFSKNYQDY,0,All manifest-contained 9-mer window combinations retained for sensitivity; not a predictor-selected register or a re-ranking score.
EBV_TCELL_2268683::HUMAN_MYELIN_117117,19,EBV_TCELL_2268683,HUMAN_MYELIN_117117,3,QLFYYIGTM,2,FSKNYQDYE,0,All manifest-contained 9-mer window combinations retained for sensitivity; not a predictor-selected register or a re-ranking score.
EBV_TCELL_2268683::HUMAN_MYELIN_117117,19,EBV_TCELL_2268683,HUMAN_MYELIN_117117,3,QLFYYIGTM,3,SKNYQDYEY,0,All manifest-contained 9-mer window combinations retained for sensitivity; not a predictor-selected register or a re-ranking score.
EBV_TCELL_2268683::HUMAN_MYELIN_117117,19,EBV_TCELL_2268683,HUMAN_MYELIN_117117,3,QLFYYIGTM,4,KNYQDYEYL,0,All manifest-contained 9-mer window combinations retained for sensitivity; not a predictor-selected register or a re-ranking score.
EBV_TCELL_2268683::HUMAN_MYELIN_117117,19,EBV_TCELL_2268683,HUMAN_MYELIN_117117,3,QLFYYIGTM,5,NYQDYEYLI,0,All manifest-contained 9-mer window combinations retained for sensitivity; not a predictor-selected register or a re-ranking score.
EBV_TCELL_2268683::HUMAN_MYELIN_117117,19,EBV_TCELL_2268683,HUMAN_MYELIN_117117,3,QLFYYIGTM,6,YQDYEYLIN,0,All manifest-contained 9-mer window combinations retained for sensitivity; not a predictor-selected register or a re-ranking score.
EBV_TCELL_2268683::HUMAN_MYELIN_117117,19,EBV_TCELL_2268683,HUMAN_MYELIN_117117,3,QLFYYIGTM,7,QDYEYLINV,0,All manifest-contained 9-mer window combinations retained for sensitivity; not a predictor-selected register or a re-ranking score.
EBV_TCELL_2268683::HUMAN_MYELIN_117117,19,EBV_TCELL_2268683,HUMAN_MYELIN_117117,3,QLFYYIGTM,8,DYEYLINVI,0,All manifest-contained 9-mer window combinations retained for sensitivity; not a predictor-selected register or a re-ranking score.
EBV_TCELL_2268683::HUMAN_MYELIN_117117,19,EBV_TCELL_2268683,HUMAN_MYELIN_117117,3,QLFYYIGTM,9,YEYLINVIH,0,All manifest-contained 9-mer window combinations retained for sensitivity; not a predictor-selected register or a re-ranking score.
EBV_TCELL_2268683::HUMAN_MYELIN_117117,19,EBV_TCELL_2268683,HUMAN_MYELIN_117117,3,QLFYYIGTM,10,EYLINVIHA,0,All manifest-contained 9-mer window combinations retained for sensitivity; not a predictor-selected register or a re-ranking score.
EBV_TCELL_2268683::HUMAN_MYELIN_117117,19,EBV_TCELL_2268683,HUMAN_MYELIN_117117,3,QLFYYIGTM,11,YLINVIHAF,0,All manifest-contained 9-mer window combinations retained for sensitivity; not a predictor-selected register or a re-ranking score.
EBV_TCELL_2268683::HUMAN_MYELIN_117117,19,EBV_TCELL_2268683,HUMAN_MYELIN_117117,3,QLFYYIGTM,12,LINVIHAFQ,0,All manifest-contained 9-mer window combinations retained for sensitivity; not a predictor-selected register or a re-ranking score.
EBV_TCELL_2268683::HUMAN_MYELIN_117117,19,EBV_TCELL_2268683,HUMAN_MYELIN_117117,3,QLFYYIGTM,13,INVIHAFQY,0,All manifest-contained 9-mer window combinations retained for sensitivity; not a predictor-selected register or a re-ranking score.
EBV_TCELL_2268683::HUMAN_MYELIN_117117,19,EBV_TCELL_2268683,HUMAN_MYELIN_117117,3,QLFYYIGTM,14,NVIHAFQYV,0,All manifest-contained 9-mer window combinations retained for sensitivity; not a predictor-selected register or a re-ranking score.
EBV_TCELL_2268683::HUMAN_MYELIN_117117,19,EBV_TCELL_2268683,HUMAN_MYELIN_117117,3,QLFYYIGTM,15,VIHAFQYVI,0,All manifest-contained 9-mer window combinations retained for sensitivity; not a predictor-selected register or a re-ranking score.
EBV_TCELL_2268683::HUMAN_MYELIN_117117,19,EBV_TCELL_2268683,HUMAN_MYELIN_117117,3,QLFYYIGTM,16,IHAFQYVIY,0,All manifest-contained 9-mer window combinations retained for sensitivity; not a predictor-selected register or a re-ranking score.
EBV_TCELL_2268683::HUMAN_MYELIN_117117,19,EBV_TCELL_2268683,HUMAN_MYELIN_117117,3,QLFYYIGTM,17,HAFQYVIYG,0,All manifest-contained 9-mer window combinations retained for sensitivity; not a predictor-selected register or a re-ranking score.
EBV_TCELL_2268683::HUMAN_MYELIN_117117,19,EBV_TCELL_2268683,HUMAN_MYELIN_117117,3,QLFYYIGTM,18,AFQYVIYGT,3,All manifest-contained 9-mer window combinations retained for sensitivity; not a predictor-selected register or a re-ranking score.
EBV_TCELL_2268683::HUMAN_MYELIN_117117,19,EBV_TCELL_2268683,HUMAN_MYELIN_117117,3,QLFYYIGTM,19,FQYVIYGTA,2,All manifest-contained 9-mer window combinations retained for sensitivity; not a predictor-selected register or a re-ranking score.
EBV_TCELL_2268683::HUMAN_MYELIN_117117,19,EBV_TCELL_2268683,HUMAN_MYELIN_117117,3,QLFYYIGTM,20,QYVIYGTAS,0,All manifest-contained 9-mer window combinations retained for sensitivity; not a predictor-selected register or a re-ranking score.
EBV_TCELL_2268683::HUMAN_MYELIN_117117,19,EBV_TCELL_2268683,HUMAN_MYELIN_117117,3,QLFYYIGTM,21,YVIYGTASF,0,All manifest-contained 9-mer window combinations retained for sensitivity; not a predictor-selected register or a re-ranking score.
EBV_TCELL_2268683::HUMAN_MYELIN_117117,19,EBV_TCELL_2268683,HUMAN_MYELIN_117117,3,QLFYYIGTM,22,VIYGTASFF,0,All manifest-contained 9-mer window combinations retained for sensitivity; not a predictor-selected register or a re-ranking score.
EBV_TCELL_2268683::HUMAN_MYELIN_117117,19,EBV_TCELL_2268683,HUMAN_MYELIN_117117,3,QLFYYIGTM,23,IYGTASFFF,0,All manifest-contained 9-mer window combinations retained for sensitivity; not a predictor-selected register or a re-ranking score.
EBV_TCELL_2268683::HUMAN_MYELIN_117117,19,EBV_TCELL_2268683,HUMAN_MYELIN_117117,3,QLFYYIGTM,24,YGTASFFFL,0,All manifest-contained 9-mer window combinations retained for sensitivity; not a predictor-selected register or a re-ranking score.
EBV_TCELL_2268683::HUMAN_MYELIN_117117,19,EBV_TCELL_2268683,HUMAN_MYELIN_117117,4,LFYYIGTML,1,YFSKNYQDY,0,All manifest-contained 9-mer window combinations retained for sensitivity; not a predictor-selected register or a re-ranking score.
EBV_TCELL_2268683::HUMAN_MYELIN_117117,19,EBV_TCELL_2268683,HUMAN_MYELIN_117117,4,LFYYIGTML,2,FSKNYQDYE,0,All manifest-contained 9-mer window combinations retained for sensitivity; not a predictor-selected register or a re-ranking score.
EBV_TCELL_2268683::HUMAN_MYELIN_117117,19,EBV_TCELL_2268683,HUMAN_MYELIN_117117,4,LFYYIGTML,3,SKNYQDYEY,0,All manifest-contained 9-mer window combinations retained for sensitivity; not a predictor-selected register or a re-ranking score.
EBV_TCELL_2268683::HUMAN_MYELIN_117117,19,EBV_TCELL_2268683,HUMAN_MYELIN_117117,4,LFYYIGTML,4,KNYQDYEYL,0,All manifest-contained 9-mer window combinations retained for sensitivity; not a predictor-selected register or a re-ranking score.
EBV_TCELL_2268683::HUMAN_MYELIN_117117,19,EBV_TCELL_2268683,HUMAN_MYELIN_117117,4,LFYYIGTML,5,NYQDYEYLI,0,All manifest-contained 9-mer window combinations retained for sensitivity; not a predictor-selected register or a re-ranking score.
EBV_TCELL_2268683::HUMAN_MYELIN_117117,19,EBV_TCELL_2268683,HUMAN_MYELIN_117117,4,LFYYIGTML,6,YQDYEYLIN,0,All manifest-contained 9-mer window combinations retained for sensitivity; not a predictor-selected register or a re-ranking score.
EBV_TCELL_2268683::HUMAN_MYELIN_117117,19,EBV_TCELL_2268683,HUMAN_MYELIN_117117,4,LFYYIGTML,7,QDYEYLINV,0,All manifest-contained 9-mer window combinations retained for sensitivity; not a predictor-selected register or a re-ranking score.
EBV_TCELL_2268683::HUMAN_MYELIN_117117,19,EBV_TCELL_2268683,HUMAN_MYELIN_117117,4,LFYYIGTML,8,DYEYLINVI,0,All manifest-contained 9-mer window combinations retained for sensitivity; not a predictor-selected register or a re-ranking score.
EBV_TCELL_2268683::HUMAN_MYELIN_117117,19,EBV_TCELL_2268683,HUMAN_MYELIN_117117,4,LFYYIGTML,9,YEYLINVIH,0,All manifest-contained 9-mer window combinations retained for sensitivity; not a predictor-selected register or a re-ranking score.
EBV_TCELL_2268683::HUMAN_MYELIN_117117,19,EBV_TCELL_2268683,HUMAN_MYELIN_117117,4,LFYYIGTML,10,EYLINVIHA,0,All manifest-contained 9-mer window combinations retained for sensitivity; not a predictor-selected register or a re-ranking score.
EBV_TCELL_2268683::HUMAN_MYELIN_117117,19,EBV_TCELL_2268683,HUMAN_MYELIN_117117,4,LFYYIGTML,11,YLINVIHAF,0,All manifest-contained 9-mer window combinations retained for sensitivity; not a predictor-selected register or a re-ranking score.
EBV_TCELL_2268683::HUMAN_MYELIN_117117,19,EBV_TCELL_2268683,HUMAN_MYELIN_117117,4,LFYYIGTML,12,LINVIHAFQ,0,All manifest-contained 9-mer window combinations retained for sensitivity; not a predictor-selected register or a re-ranking score.
EBV_TCELL_2268683::HUMAN_MYELIN_117117,19,EBV_TCELL_2268683,HUMAN_MYELIN_117117,4,LFYYIGTML,13,INVIHAFQY,0,All manifest-contained 9-mer window combinations retained for sensitivity; not a predictor-selected register or a re-ranking score.
EBV_TCELL_2268683::HUMAN_MYELIN_117117,19,EBV_TCELL_2268683,HUMAN_MYELIN_117117,4,LFYYIGTML,14,NVIHAFQYV,0,All manifest-contained 9-mer window combinations retained for sensitivity; not a predictor-selected register or a re-ranking score.
EBV_TCELL_2268683::HUMAN_MYELIN_117117,19,EBV_TCELL_2268683,HUMAN_MYELIN_117117,4,LFYYIGTML,15,VIHAFQYVI,0,All manifest-contained 9-mer window combinations retained for sensitivity; not a predictor-selected register or a re-ranking score.
EBV_TCELL_2268683::HUMAN_MYELIN_117117,19,EBV_TCELL_2268683,HUMAN_MYELIN_117117,4,LFYYIGTML,16,IHAFQYVIY,0,All manifest-contained 9-mer window combinations retained for sensitivity; not a predictor-selected register or a re-ranking score.
EBV_TCELL_2268683::HUMAN_MYELIN_117117,19,EBV_TCELL_2268683,HUMAN_MYELIN_117117,4,LFYYIGTML,17,HAFQYVIYG,0,All manifest-contained 9-mer window combinations retained for sensitivity; not a predictor-selected register or a re-ranking score.
EBV_TCELL_2268683::HUMAN_MYELIN_117117,19,EBV_TCELL_2268683,HUMAN_MYELIN_117117,4,LFYYIGTML,18,AFQYVIYGT,0,All manifest-contained 9-mer window combinations retained for sensitivity; not a predictor-selected register or a re-ranking score.
EBV_TCELL_2268683::HUMAN_MYELIN_117117,19,EBV_TCELL_2268683,HUMAN_MYELIN_117117,4,LFYYIGTML,19,FQYVIYGTA,3,All manifest-contained 9-mer window combinations retained for sensitivity; not a predictor-selected register or a re-ranking score.
EBV_TCELL_2268683::HUMAN_MYELIN_117117,19,EBV_TCELL_2268683,HUMAN_MYELIN_117117,4,LFYYIGTML,20,QYVIYGTAS,2,All manifest-contained 9-mer window combinations retained for sensitivity; not a predictor-selected register or a re-ranking score.
EBV_TCELL_2268683::HUMAN_MYELIN_117117,19,EBV_TCELL_2268683,HUMAN_MYELIN_117117,4,LFYYIGTML,21,YVIYGTASF,0,All manifest-contained 9-mer window combinations retained for sensitivity; not a predictor-selected register or a re-ranking score.
EBV_TCELL_2268683::HUMAN_MYELIN_117117,19,EBV_TCELL_2268683,HUMAN_MYELIN_117117,4,LFYYIGTML,22,VIYGTASFF,0,All manifest-contained 9-mer window combinations retained for sensitivity; not a predictor-selected register or a re-ranking score.
EBV_TCELL_2268683::HUMAN_MYELIN_117117,19,EBV_TCELL_2268683,HUMAN_MYELIN_117117,4,LFYYIGTML,23,IYGTASFFF,0,All manifest-contained 9-mer window combinations retained for sensitivity; not a predictor-selected register or a re-ranking score.
EBV_TCELL_2268683::HUMAN_MYELIN_117117,19,EBV_TCELL_2268683,HUMAN_MYELIN_117117,4,LFYYIGTML,24,YGTASFFFL,0,All manifest-contained 9-mer window combinations retained for sensitivity; not a predictor-selected register or a re-ranking score.
EBV_TCELL_2268683::HUMAN_MYELIN_117117,19,EBV_TCELL_2268683,HUMAN_MYELIN_117117,5,FYYIGTMLP,1,YFSKNYQDY,0,All manifest-contained 9-mer window combinations retained for sensitivity; not a predictor-selected register or a re-ranking score.
EBV_TCELL_2268683::HUMAN_MYELIN_117117,19,EBV_TCELL_2268683,HUMAN_MYELIN_117117,5,FYYIGTMLP,2,FSKNYQDYE,0,All manifest-contained 9-mer window combinations retained for sensitivity; not a predictor-selected register or a re-ranking score.
EBV_TCELL_2268683::HUMAN_MYELIN_117117,19,EBV_TCELL_2268683,HUMAN_MYELIN_117117,5,FYYIGTMLP,3,SKNYQDYEY,0,All manifest-contained 9-mer window combinations retained for sensitivity; not a predictor-selected register or a re-ranking score.
EBV_TCELL_2268683::HUMAN_MYELIN_117117,19,EBV_TCELL_2268683,HUMAN_MYELIN_117117,5,FYYIGTMLP,4,KNYQDYEYL,0,All manifest-contained 9-mer window combinations retained for sensitivity; not a predictor-selected register or a re-ranking score.
EBV_TCELL_2268683::HUMAN_MYELIN_117117,19,EBV_TCELL_2268683,HUMAN_MYELIN_117117,5,FYYIGTMLP,5,NYQDYEYLI,0,All manifest-contained 9-mer window combinations retained for sensitivity; not a predictor-selected register or a re-ranking score.
EBV_TCELL_2268683::HUMAN_MYELIN_117117,19,EBV_TCELL_2268683,HUMAN_MYELIN_117117,5,FYYIGTMLP,6,YQDYEYLIN,0,All manifest-contained 9-mer window combinations retained for sensitivity; not a predictor-selected register or a re-ranking score.
EBV_TCELL_2268683::HUMAN_MYELIN_117117,19,EBV_TCELL_2268683,HUMAN_MYELIN_117117,5,FYYIGTMLP,7,QDYEYLINV,0,All manifest-contained 9-mer window combinations retained for sensitivity; not a predictor-selected register or a re-ranking score.
EBV_TCELL_2268683::HUMAN_MYELIN_117117,19,EBV_TCELL_2268683,HUMAN_MYELIN_117117,5,FYYIGTMLP,8,DYEYLINVI,0,All manifest-contained 9-mer window combinations retained for sensitivity; not a predictor-selected register or a re-ranking score.
EBV_TCELL_2268683::HUMAN_MYELIN_117117,19,EBV_TCELL_2268683,HUMAN_MYELIN_117117,5,FYYIGTMLP,9,YEYLINVIH,0,All manifest-contained 9-mer window combinations retained for sensitivity; not a predictor-selected register or a re-ranking score.
EBV_TCELL_2268683::HUMAN_MYELIN_117117,19,EBV_TCELL_2268683,HUMAN_MYELIN_117117,5,FYYIGTMLP,10,EYLINVIHA,0,All manifest-contained 9-mer window combinations retained for sensitivity; not a predictor-selected register or a re-ranking score.
EBV_TCELL_2268683::HUMAN_MYELIN_117117,19,EBV_TCELL_2268683,HUMAN_MYELIN_117117,5,FYYIGTMLP,11,YLINVIHAF,0,All manifest-contained 9-mer window combinations retained for sensitivity; not a predictor-selected register or a re-ranking score.
EBV_TCELL_2268683::HUMAN_MYELIN_117117,19,EBV_TCELL_2268683,HUMAN_MYELIN_117117,5,FYYIGTMLP,12,LINVIHAFQ,0,All manifest-contained 9-mer window combinations retained for sensitivity; not a predictor-selected register or a re-ranking score.
EBV_TCELL_2268683::HUMAN_MYELIN_117117,19,EBV_TCELL_2268683,HUMAN_MYELIN_117117,5,FYYIGTMLP,13,INVIHAFQY,0,All manifest-contained 9-mer window combinations retained for sensitivity; not a predictor-selected register or a re-ranking score.
EBV_TCELL_2268683::HUMAN_MYELIN_117117,19,EBV_TCELL_2268683,HUMAN_MYELIN_117117,5,FYYIGTMLP,14,NVIHAFQYV,0,All manifest-contained 9-mer window combinations retained for sensitivity; not a predictor-selected register or a re-ranking score.
EBV_TCELL_2268683::HUMAN_MYELIN_117117,19,EBV_TCELL_2268683,HUMAN_MYELIN_117117,5,FYYIGTMLP,15,VIHAFQYVI,0,All manifest-contained 9-mer window combinations retained for sensitivity; not a predictor-selected register or a re-ranking score.
EBV_TCELL_2268683::HUMAN_MYELIN_117117,19,EBV_TCELL_2268683,HUMAN_MYELIN_117117,5,FYYIGTMLP,16,IHAFQYVIY,0,All manifest-contained 9-mer window combinations retained for sensitivity; not a predictor-selected register or a re-ranking score.
EBV_TCELL_2268683::HUMAN_MYELIN_117117,19,EBV_TCELL_2268683,HUMAN_MYELIN_117117,5,FYYIGTMLP,17,HAFQYVIYG,0,All manifest-contained 9-mer window combinations retained for sensitivity; not a predictor-selected register or a re-ranking score.
EBV_TCELL_2268683::HUMAN_MYELIN_117117,19,EBV_TCELL_2268683,HUMAN_MYELIN_117117,5,FYYIGTMLP,18,AFQYVIYGT,0,All manifest-contained 9-mer window combinations retained for sensitivity; not a predictor-selected register or a re-ranking score.
EBV_TCELL_2268683::HUMAN_MYELIN_117117,19,EBV_TCELL_2268683,HUMAN_MYELIN_117117,5,FYYIGTMLP,19,FQYVIYGTA,0,All manifest-contained 9-mer window combinations retained for sensitivity; not a predictor-selected register or a re-ranking score.
EBV_TCELL_2268683::HUMAN_MYELIN_117117,19,EBV_TCELL_2268683,HUMAN_MYELIN_117117,5,FYYIGTMLP,20,QYVIYGTAS,3,All manifest-contained 9-mer window combinations retained for sensitivity; not a predictor-selected register or a re-ranking score.
EBV_TCELL_2268683::HUMAN_MYELIN_117117,19,EBV_TCELL_2268683,HUMAN_MYELIN_117117,5,FYYIGTMLP,21,YVIYGTASF,2,All manifest-contained 9-mer window combinations retained for sensitivity; not a predictor-selected register or a re-ranking score.
EBV_TCELL_2268683::HUMAN_MYELIN_117117,19,EBV_TCELL_2268683,HUMAN_MYELIN_117117,5,FYYIGTMLP,22,VIYGTASFF,0,All manifest-contained 9-mer window combinations retained for sensitivity; not a predictor-selected register or a re-ranking score.
EBV_TCELL_2268683::HUMAN_MYELIN_117117,19,EBV_TCELL_2268683,HUMAN_MYELIN_117117,5,FYYIGTMLP,23,IYGTASFFF,0,All manifest-contained 9-mer window combinations retained for sensitivity; not a predictor-selected register or a re-ranking score.
EBV_TCELL_2268683::HUMAN_MYELIN_117117,19,EBV_TCELL_2268683,HUMAN_MYELIN_117117,5,FYYIGTMLP,24,YGTASFFFL,0,All manifest-contained 9-mer window combinations retained for sensitivity; not a predictor-selected register or a re-ranking score.
EBV_TCELL_2268683::HUMAN_MYELIN_117117,19,EBV_TCELL_2268683,HUMAN_MYELIN_117117,6,YYIGTMLPN,1,YFSKNYQDY,0,All manifest-contained 9-mer window combinations retained for sensitivity; not a predictor-selected register or a re-ranking score.
EBV_TCELL_2268683::HUMAN_MYELIN_117117,19,EBV_TCELL_2268683,HUMAN_MYELIN_117117,6,YYIGTMLPN,2,FSKNYQDYE,0,All manifest-contained 9-mer window combinations retained for sensitivity; not a predictor-selected register or a re-ranking score.
EBV_TCELL_2268683::HUMAN_MYELIN_117117,19,EBV_TCELL_2268683,HUMAN_MYELIN_117117,6,YYIGTMLPN,3,SKNYQDYEY,0,All manifest-contained 9-mer window combinations retained for sensitivity; not a predictor-selected register or a re-ranking score.
EBV_TCELL_2268683::HUMAN_MYELIN_117117,19,EBV_TCELL_2268683,HUMAN_MYELIN_117117,6,YYIGTMLPN,4,KNYQDYEYL,0,All manifest-contained 9-mer window combinations retained for sensitivity; not a predictor-selected register or a re-ranking score.
EBV_TCELL_2268683::HUMAN_MYELIN_117117,19,EBV_TCELL_2268683,HUMAN_MYELIN_117117,6,YYIGTMLPN,5,NYQDYEYLI,0,All manifest-contained 9-mer window combinations retained for sensitivity; not a predictor-selected register or a re-ranking score.
EBV_TCELL_2268683::HUMAN_MYELIN_117117,19,EBV_TCELL_2268683,HUMAN_MYELIN_117117,6,YYIGTMLPN,6,YQDYEYLIN,0,All manifest-contained 9-mer window combinations retained for sensitivity; not a predictor-selected register or a re-ranking score.
EBV_TCELL_2268683::HUMAN_MYELIN_117117,19,EBV_TCELL_2268683,HUMAN_MYELIN_117117,6,YYIGTMLPN,7,QDYEYLINV,0,All manifest-contained 9-mer window combinations retained for sensitivity; not a predictor-selected register or a re-ranking score.
EBV_TCELL_2268683::HUMAN_MYELIN_117117,19,EBV_TCELL_2268683,HUMAN_MYELIN_117117,6,YYIGTMLPN,8,DYEYLINVI,0,All manifest-contained 9-mer window combinations retained for sensitivity; not a predictor-selected register or a re-ranking score.
EBV_TCELL_2268683::HUMAN_MYELIN_117117,19,EBV_TCELL_2268683,HUMAN_MYELIN_117117,6,YYIGTMLPN,9,YEYLINVIH,0,All manifest-contained 9-mer window combinations retained for sensitivity; not a predictor-selected register or a re-ranking score.
EBV_TCELL_2268683::HUMAN_MYELIN_117117,19,EBV_TCELL_2268683,HUMAN_MYELIN_117117,6,YYIGTMLPN,10,EYLINVIHA,0,All manifest-contained 9-mer window combinations retained for sensitivity; not a predictor-selected register or a re-ranking score.
EBV_TCELL_2268683::HUMAN_MYELIN_117117,19,EBV_TCELL_2268683,HUMAN_MYELIN_117117,6,YYIGTMLPN,11,YLINVIHAF,0,All manifest-contained 9-mer window combinations retained for sensitivity; not a predictor-selected register or a re-ranking score.
EBV_TCELL_2268683::HUMAN_MYELIN_117117,19,EBV_TCELL_2268683,HUMAN_MYELIN_117117,6,YYIGTMLPN,12,LINVIHAFQ,0,All manifest-contained 9-mer window combinations retained for sensitivity; not a predictor-selected register or a re-ranking score.
EBV_TCELL_2268683::HUMAN_MYELIN_117117,19,EBV_TCELL_2268683,HUMAN_MYELIN_117117,6,YYIGTMLPN,13,INVIHAFQY,0,All manifest-contained 9-mer window combinations retained for sensitivity; not a predictor-selected register or a re-ranking score.
EBV_TCELL_2268683::HUMAN_MYELIN_117117,19,EBV_TCELL_2268683,HUMAN_MYELIN_117117,6,YYIGTMLPN,14,NVIHAFQYV,0,All manifest-contained 9-mer window combinations retained for sensitivity; not a predictor-selected register or a re-ranking score.
EBV_TCELL_2268683::HUMAN_MYELIN_117117,19,EBV_TCELL_2268683,HUMAN_MYELIN_117117,6,YYIGTMLPN,15,VIHAFQYVI,0,All manifest-contained 9-mer window combinations retained for sensitivity; not a predictor-selected register or a re-ranking score.
EBV_TCELL_2268683::HUMAN_MYELIN_117117,19,EBV_TCELL_2268683,HUMAN_MYELIN_117117,6,YYIGTMLPN,16,IHAFQYVIY,0,All manifest-contained 9-mer window combinations retained for sensitivity; not a predictor-selected register or a re-ranking score.
EBV_TCELL_2268683::HUMAN_MYELIN_117117,19,EBV_TCELL_2268683,HUMAN_MYELIN_117117,6,YYIGTMLPN,17,HAFQYVIYG,0,All manifest-contained 9-mer window combinations retained for sensitivity; not a predictor-selected register or a re-ranking score.
EBV_TCELL_2268683::HUMAN_MYELIN_117117,19,EBV_TCELL_2268683,HUMAN_MYELIN_117117,6,YYIGTMLPN,18,AFQYVIYGT,0,All manifest-contained 9-mer window combinations retained for sensitivity; not a predictor-selected register or a re-ranking score.
EBV_TCELL_2268683::HUMAN_MYELIN_117117,19,EBV_TCELL_2268683,HUMAN_MYELIN_117117,6,YYIGTMLPN,19,FQYVIYGTA,0,All manifest-contained 9-mer window combinations retained for sensitivity; not a predictor-selected register or a re-ranking score.
EBV_TCELL_2268683::HUMAN_MYELIN_117117,19,EBV_TCELL_2268683,HUMAN_MYELIN_117117,6,YYIGTMLPN,20,QYVIYGTAS,0,All manifest-contained 9-mer window combinations retained for sensitivity; not a predictor-selected register or a re-ranking score.
EBV_TCELL_2268683::HUMAN_MYELIN_117117,19,EBV_TCELL_2268683,HUMAN_MYELIN_117117,6,YYIGTMLPN,21,YVIYGTASF,3,All manifest-contained 9-mer window combinations retained for sensitivity; not a predictor-selected register or a re-ranking score.
EBV_TCELL_2268683::HUMAN_MYELIN_117117,19,EBV_TCELL_2268683,HUMAN_MYELIN_117117,6,YYIGTMLPN,22,VIYGTASFF,2,All manifest-contained 9-mer window combinations retained for sensitivity; not a predictor-selected register or a re-ranking score.
EBV_TCELL_2268683::HUMAN_MYELIN_117117,19,EBV_TCELL_2268683,HUMAN_MYELIN_117117,6,YYIGTMLPN,23,IYGTASFFF,0,All manifest-contained 9-mer window combinations retained for sensitivity; not a predictor-selected register or a re-ranking score.
EBV_TCELL_2268683::HUMAN_MYELIN_117117,19,EBV_TCELL_2268683,HUMAN_MYELIN_117117,6,YYIGTMLPN,24,YGTASFFFL,0,All manifest-contained 9-mer window combinations retained for sensitivity; not a predictor-selected register or a re-ranking score.
EBV_TCELL_119155::HUMAN_MYELIN_67907,20,EBV_TCELL_119155,HUMAN_MYELIN_67907,1,FIEFVGWLC,1,VDAQGTLSK,0,All manifest-contained 9-mer window combinations retained for sensitivity; not a predictor-selected register or a re-ranking score.
EBV_TCELL_119155::HUMAN_MYELIN_67907,20,EBV_TCELL_119155,HUMAN_MYELIN_67907,1,FIEFVGWLC,2,DAQGTLSKI,0,All manifest-contained 9-mer window combinations retained for sensitivity; not a predictor-selected register or a re-ranking score.
EBV_TCELL_119155::HUMAN_MYELIN_67907,20,EBV_TCELL_119155,HUMAN_MYELIN_67907,1,FIEFVGWLC,3,AQGTLSKIF,0,All manifest-contained 9-mer window combinations retained for sensitivity; not a predictor-selected register or a re-ranking score.
EBV_TCELL_119155::HUMAN_MYELIN_67907,20,EBV_TCELL_119155,HUMAN_MYELIN_67907,1,FIEFVGWLC,4,QGTLSKIFK,0,All manifest-contained 9-mer window combinations retained for sensitivity; not a predictor-selected register or a re-ranking score.
EBV_TCELL_119155::HUMAN_MYELIN_67907,20,EBV_TCELL_119155,HUMAN_MYELIN_67907,1,FIEFVGWLC,5,GTLSKIFKL,0,All manifest-contained 9-mer window combinations retained for sensitivity; not a predictor-selected register or a re-ranking score.
EBV_TCELL_119155::HUMAN_MYELIN_67907,20,EBV_TCELL_119155,HUMAN_MYELIN_67907,1,FIEFVGWLC,6,TLSKIFKLG,0,All manifest-contained 9-mer window combinations retained for sensitivity; not a predictor-selected register or a re-ranking score.
EBV_TCELL_119155::HUMAN_MYELIN_67907,20,EBV_TCELL_119155,HUMAN_MYELIN_67907,1,FIEFVGWLC,7,LSKIFKLGG,0,All manifest-contained 9-mer window combinations retained for sensitivity; not a predictor-selected register or a re-ranking score.
EBV_TCELL_119155::HUMAN_MYELIN_67907,20,EBV_TCELL_119155,HUMAN_MYELIN_67907,1,FIEFVGWLC,8,SKIFKLGGR,0,All manifest-contained 9-mer window combinations retained for sensitivity; not a predictor-selected register or a re-ranking score.
EBV_TCELL_119155::HUMAN_MYELIN_67907,20,EBV_TCELL_119155,HUMAN_MYELIN_67907,1,FIEFVGWLC,9,KIFKLGGRD,0,All manifest-contained 9-mer window combinations retained for sensitivity; not a predictor-selected register or a re-ranking score.
EBV_TCELL_119155::HUMAN_MYELIN_67907,20,EBV_TCELL_119155,HUMAN_MYELIN_67907,1,FIEFVGWLC,10,IFKLGGRDS,0,All manifest-contained 9-mer window combinations retained for sensitivity; not a predictor-selected register or a re-ranking score.
EBV_TCELL_119155::HUMAN_MYELIN_67907,20,EBV_TCELL_119155,HUMAN_MYELIN_67907,1,FIEFVGWLC,11,FKLGGRDSR,0,All manifest-contained 9-mer window combinations retained for sensitivity; not a predictor-selected register or a re-ranking score.
EBV_TCELL_119155::HUMAN_MYELIN_67907,20,EBV_TCELL_119155,HUMAN_MYELIN_67907,1,FIEFVGWLC,12,KLGGRDSRS,0,All manifest-contained 9-mer window combinations retained for sensitivity; not a predictor-selected register or a re-ranking score.
EBV_TCELL_119155::HUMAN_MYELIN_67907,20,EBV_TCELL_119155,HUMAN_MYELIN_67907,2,IEFVGWLCK,1,VDAQGTLSK,5,All manifest-contained 9-mer window combinations retained for sensitivity; not a predictor-selected register or a re-ranking score.
EBV_TCELL_119155::HUMAN_MYELIN_67907,20,EBV_TCELL_119155,HUMAN_MYELIN_67907,2,IEFVGWLCK,2,DAQGTLSKI,0,All manifest-contained 9-mer window combinations retained for sensitivity; not a predictor-selected register or a re-ranking score.
EBV_TCELL_119155::HUMAN_MYELIN_67907,20,EBV_TCELL_119155,HUMAN_MYELIN_67907,2,IEFVGWLCK,3,AQGTLSKIF,0,All manifest-contained 9-mer window combinations retained for sensitivity; not a predictor-selected register or a re-ranking score.
EBV_TCELL_119155::HUMAN_MYELIN_67907,20,EBV_TCELL_119155,HUMAN_MYELIN_67907,2,IEFVGWLCK,4,QGTLSKIFK,0,All manifest-contained 9-mer window combinations retained for sensitivity; not a predictor-selected register or a re-ranking score.
EBV_TCELL_119155::HUMAN_MYELIN_67907,20,EBV_TCELL_119155,HUMAN_MYELIN_67907,2,IEFVGWLCK,5,GTLSKIFKL,0,All manifest-contained 9-mer window combinations retained for sensitivity; not a predictor-selected register or a re-ranking score.
EBV_TCELL_119155::HUMAN_MYELIN_67907,20,EBV_TCELL_119155,HUMAN_MYELIN_67907,2,IEFVGWLCK,6,TLSKIFKLG,0,All manifest-contained 9-mer window combinations retained for sensitivity; not a predictor-selected register or a re-ranking score.
EBV_TCELL_119155::HUMAN_MYELIN_67907,20,EBV_TCELL_119155,HUMAN_MYELIN_67907,2,IEFVGWLCK,7,LSKIFKLGG,0,All manifest-contained 9-mer window combinations retained for sensitivity; not a predictor-selected register or a re-ranking score.
EBV_TCELL_119155::HUMAN_MYELIN_67907,20,EBV_TCELL_119155,HUMAN_MYELIN_67907,2,IEFVGWLCK,8,SKIFKLGGR,0,All manifest-contained 9-mer window combinations retained for sensitivity; not a predictor-selected register or a re-ranking score.
EBV_TCELL_119155::HUMAN_MYELIN_67907,20,EBV_TCELL_119155,HUMAN_MYELIN_67907,2,IEFVGWLCK,9,KIFKLGGRD,0,All manifest-contained 9-mer window combinations retained for sensitivity; not a predictor-selected register or a re-ranking score.
EBV_TCELL_119155::HUMAN_MYELIN_67907,20,EBV_TCELL_119155,HUMAN_MYELIN_67907,2,IEFVGWLCK,10,IFKLGGRDS,0,All manifest-contained 9-mer window combinations retained for sensitivity; not a predictor-selected register or a re-ranking score.
EBV_TCELL_119155::HUMAN_MYELIN_67907,20,EBV_TCELL_119155,HUMAN_MYELIN_67907,2,IEFVGWLCK,11,FKLGGRDSR,0,All manifest-contained 9-mer window combinations retained for sensitivity; not a predictor-selected register or a re-ranking score.
EBV_TCELL_119155::HUMAN_MYELIN_67907,20,EBV_TCELL_119155,HUMAN_MYELIN_67907,2,IEFVGWLCK,12,KLGGRDSRS,0,All manifest-contained 9-mer window combinations retained for sensitivity; not a predictor-selected register or a re-ranking score.
EBV_TCELL_119155::HUMAN_MYELIN_67907,20,EBV_TCELL_119155,HUMAN_MYELIN_67907,3,EFVGWLCKK,1,VDAQGTLSK,0,All manifest-contained 9-mer window combinations retained for sensitivity; not a predictor-selected register or a re-ranking score.
EBV_TCELL_119155::HUMAN_MYELIN_67907,20,EBV_TCELL_119155,HUMAN_MYELIN_67907,3,EFVGWLCKK,2,DAQGTLSKI,5,All manifest-contained 9-mer window combinations retained for sensitivity; not a predictor-selected register or a re-ranking score.
EBV_TCELL_119155::HUMAN_MYELIN_67907,20,EBV_TCELL_119155,HUMAN_MYELIN_67907,3,EFVGWLCKK,3,AQGTLSKIF,0,All manifest-contained 9-mer window combinations retained for sensitivity; not a predictor-selected register or a re-ranking score.
EBV_TCELL_119155::HUMAN_MYELIN_67907,20,EBV_TCELL_119155,HUMAN_MYELIN_67907,3,EFVGWLCKK,4,QGTLSKIFK,0,All manifest-contained 9-mer window combinations retained for sensitivity; not a predictor-selected register or a re-ranking score.
EBV_TCELL_119155::HUMAN_MYELIN_67907,20,EBV_TCELL_119155,HUMAN_MYELIN_67907,3,EFVGWLCKK,5,GTLSKIFKL,0,All manifest-contained 9-mer window combinations retained for sensitivity; not a predictor-selected register or a re-ranking score.
EBV_TCELL_119155::HUMAN_MYELIN_67907,20,EBV_TCELL_119155,HUMAN_MYELIN_67907,3,EFVGWLCKK,6,TLSKIFKLG,0,All manifest-contained 9-mer window combinations retained for sensitivity; not a predictor-selected register or a re-ranking score.
EBV_TCELL_119155::HUMAN_MYELIN_67907,20,EBV_TCELL_119155,HUMAN_MYELIN_67907,3,EFVGWLCKK,7,LSKIFKLGG,0,All manifest-contained 9-mer window combinations retained for sensitivity; not a predictor-selected register or a re-ranking score.
EBV_TCELL_119155::HUMAN_MYELIN_67907,20,EBV_TCELL_119155,HUMAN_MYELIN_67907,3,EFVGWLCKK,8,SKIFKLGGR,0,All manifest-contained 9-mer window combinations retained for sensitivity; not a predictor-selected register or a re-ranking score.
EBV_TCELL_119155::HUMAN_MYELIN_67907,20,EBV_TCELL_119155,HUMAN_MYELIN_67907,3,EFVGWLCKK,9,KIFKLGGRD,0,All manifest-contained 9-mer window combinations retained for sensitivity; not a predictor-selected register or a re-ranking score.
EBV_TCELL_119155::HUMAN_MYELIN_67907,20,EBV_TCELL_119155,HUMAN_MYELIN_67907,3,EFVGWLCKK,10,IFKLGGRDS,0,All manifest-contained 9-mer window combinations retained for sensitivity; not a predictor-selected register or a re-ranking score.
EBV_TCELL_119155::HUMAN_MYELIN_67907,20,EBV_TCELL_119155,HUMAN_MYELIN_67907,3,EFVGWLCKK,11,FKLGGRDSR,0,All manifest-contained 9-mer window combinations retained for sensitivity; not a predictor-selected register or a re-ranking score.
EBV_TCELL_119155::HUMAN_MYELIN_67907,20,EBV_TCELL_119155,HUMAN_MYELIN_67907,3,EFVGWLCKK,12,KLGGRDSRS,0,All manifest-contained 9-mer window combinations retained for sensitivity; not a predictor-selected register or a re-ranking score.
EBV_TCELL_119155::HUMAN_MYELIN_67907,20,EBV_TCELL_119155,HUMAN_MYELIN_67907,4,FVGWLCKKD,1,VDAQGTLSK,0,All manifest-contained 9-mer window combinations retained for sensitivity; not a predictor-selected register or a re-ranking score.
EBV_TCELL_119155::HUMAN_MYELIN_67907,20,EBV_TCELL_119155,HUMAN_MYELIN_67907,4,FVGWLCKKD,2,DAQGTLSKI,0,All manifest-contained 9-mer window combinations retained for sensitivity; not a predictor-selected register or a re-ranking score.
EBV_TCELL_119155::HUMAN_MYELIN_67907,20,EBV_TCELL_119155,HUMAN_MYELIN_67907,4,FVGWLCKKD,3,AQGTLSKIF,5,All manifest-contained 9-mer window combinations retained for sensitivity; not a predictor-selected register or a re-ranking score.
EBV_TCELL_119155::HUMAN_MYELIN_67907,20,EBV_TCELL_119155,HUMAN_MYELIN_67907,4,FVGWLCKKD,4,QGTLSKIFK,0,All manifest-contained 9-mer window combinations retained for sensitivity; not a predictor-selected register or a re-ranking score.
EBV_TCELL_119155::HUMAN_MYELIN_67907,20,EBV_TCELL_119155,HUMAN_MYELIN_67907,4,FVGWLCKKD,5,GTLSKIFKL,0,All manifest-contained 9-mer window combinations retained for sensitivity; not a predictor-selected register or a re-ranking score.
EBV_TCELL_119155::HUMAN_MYELIN_67907,20,EBV_TCELL_119155,HUMAN_MYELIN_67907,4,FVGWLCKKD,6,TLSKIFKLG,0,All manifest-contained 9-mer window combinations retained for sensitivity; not a predictor-selected register or a re-ranking score.
EBV_TCELL_119155::HUMAN_MYELIN_67907,20,EBV_TCELL_119155,HUMAN_MYELIN_67907,4,FVGWLCKKD,7,LSKIFKLGG,0,All manifest-contained 9-mer window combinations retained for sensitivity; not a predictor-selected register or a re-ranking score.
EBV_TCELL_119155::HUMAN_MYELIN_67907,20,EBV_TCELL_119155,HUMAN_MYELIN_67907,4,FVGWLCKKD,8,SKIFKLGGR,0,All manifest-contained 9-mer window combinations retained for sensitivity; not a predictor-selected register or a re-ranking score.
EBV_TCELL_119155::HUMAN_MYELIN_67907,20,EBV_TCELL_119155,HUMAN_MYELIN_67907,4,FVGWLCKKD,9,KIFKLGGRD,0,All manifest-contained 9-mer window combinations retained for sensitivity; not a predictor-selected register or a re-ranking score.
EBV_TCELL_119155::HUMAN_MYELIN_67907,20,EBV_TCELL_119155,HUMAN_MYELIN_67907,4,FVGWLCKKD,10,IFKLGGRDS,0,All manifest-contained 9-mer window combinations retained for sensitivity; not a predictor-selected register or a re-ranking score.
EBV_TCELL_119155::HUMAN_MYELIN_67907,20,EBV_TCELL_119155,HUMAN_MYELIN_67907,4,FVGWLCKKD,11,FKLGGRDSR,0,All manifest-contained 9-mer window combinations retained for sensitivity; not a predictor-selected register or a re-ranking score.
EBV_TCELL_119155::HUMAN_MYELIN_67907,20,EBV_TCELL_119155,HUMAN_MYELIN_67907,4,FVGWLCKKD,12,KLGGRDSRS,0,All manifest-contained 9-mer window combinations retained for sensitivity; not a predictor-selected register or a re-ranking score.
EBV_TCELL_119155::HUMAN_MYELIN_67907,20,EBV_TCELL_119155,HUMAN_MYELIN_67907,5,VGWLCKKDH,1,VDAQGTLSK,0,All manifest-contained 9-mer window combinations retained for sensitivity; not a predictor-selected register or a re-ranking score.
EBV_TCELL_119155::HUMAN_MYELIN_67907,20,EBV_TCELL_119155,HUMAN_MYELIN_67907,5,VGWLCKKDH,2,DAQGTLSKI,0,All manifest-contained 9-mer window combinations retained for sensitivity; not a predictor-selected register or a re-ranking score.
EBV_TCELL_119155::HUMAN_MYELIN_67907,20,EBV_TCELL_119155,HUMAN_MYELIN_67907,5,VGWLCKKDH,3,AQGTLSKIF,0,All manifest-contained 9-mer window combinations retained for sensitivity; not a predictor-selected register or a re-ranking score.
EBV_TCELL_119155::HUMAN_MYELIN_67907,20,EBV_TCELL_119155,HUMAN_MYELIN_67907,5,VGWLCKKDH,4,QGTLSKIFK,5,All manifest-contained 9-mer window combinations retained for sensitivity; not a predictor-selected register or a re-ranking score.
EBV_TCELL_119155::HUMAN_MYELIN_67907,20,EBV_TCELL_119155,HUMAN_MYELIN_67907,5,VGWLCKKDH,5,GTLSKIFKL,0,All manifest-contained 9-mer window combinations retained for sensitivity; not a predictor-selected register or a re-ranking score.
EBV_TCELL_119155::HUMAN_MYELIN_67907,20,EBV_TCELL_119155,HUMAN_MYELIN_67907,5,VGWLCKKDH,6,TLSKIFKLG,0,All manifest-contained 9-mer window combinations retained for sensitivity; not a predictor-selected register or a re-ranking score.
EBV_TCELL_119155::HUMAN_MYELIN_67907,20,EBV_TCELL_119155,HUMAN_MYELIN_67907,5,VGWLCKKDH,7,LSKIFKLGG,0,All manifest-contained 9-mer window combinations retained for sensitivity; not a predictor-selected register or a re-ranking score.
EBV_TCELL_119155::HUMAN_MYELIN_67907,20,EBV_TCELL_119155,HUMAN_MYELIN_67907,5,VGWLCKKDH,8,SKIFKLGGR,0,All manifest-contained 9-mer window combinations retained for sensitivity; not a predictor-selected register or a re-ranking score.
EBV_TCELL_119155::HUMAN_MYELIN_67907,20,EBV_TCELL_119155,HUMAN_MYELIN_67907,5,VGWLCKKDH,9,KIFKLGGRD,0,All manifest-contained 9-mer window combinations retained for sensitivity; not a predictor-selected register or a re-ranking score.
EBV_TCELL_119155::HUMAN_MYELIN_67907,20,EBV_TCELL_119155,HUMAN_MYELIN_67907,5,VGWLCKKDH,10,IFKLGGRDS,0,All manifest-contained 9-mer window combinations retained for sensitivity; not a predictor-selected register or a re-ranking score.
EBV_TCELL_119155::HUMAN_MYELIN_67907,20,EBV_TCELL_119155,HUMAN_MYELIN_67907,5,VGWLCKKDH,11,FKLGGRDSR,0,All manifest-contained 9-mer window combinations retained for sensitivity; not a predictor-selected register or a re-ranking score.
EBV_TCELL_119155::HUMAN_MYELIN_67907,20,EBV_TCELL_119155,HUMAN_MYELIN_67907,5,VGWLCKKDH,12,KLGGRDSRS,0,All manifest-contained 9-mer window combinations retained for sensitivity; not a predictor-selected register or a re-ranking score.
EBV_TCELL_119155::HUMAN_MYELIN_67907,20,EBV_TCELL_119155,HUMAN_MYELIN_67907,6,GWLCKKDHT,1,VDAQGTLSK,0,All manifest-contained 9-mer window combinations retained for sensitivity; not a predictor-selected register or a re-ranking score.
EBV_TCELL_119155::HUMAN_MYELIN_67907,20,EBV_TCELL_119155,HUMAN_MYELIN_67907,6,GWLCKKDHT,2,DAQGTLSKI,0,All manifest-contained 9-mer window combinations retained for sensitivity; not a predictor-selected register or a re-ranking score.
EBV_TCELL_119155::HUMAN_MYELIN_67907,20,EBV_TCELL_119155,HUMAN_MYELIN_67907,6,GWLCKKDHT,3,AQGTLSKIF,0,All manifest-contained 9-mer window combinations retained for sensitivity; not a predictor-selected register or a re-ranking score.
EBV_TCELL_119155::HUMAN_MYELIN_67907,20,EBV_TCELL_119155,HUMAN_MYELIN_67907,6,GWLCKKDHT,4,QGTLSKIFK,0,All manifest-contained 9-mer window combinations retained for sensitivity; not a predictor-selected register or a re-ranking score.
EBV_TCELL_119155::HUMAN_MYELIN_67907,20,EBV_TCELL_119155,HUMAN_MYELIN_67907,6,GWLCKKDHT,5,GTLSKIFKL,5,All manifest-contained 9-mer window combinations retained for sensitivity; not a predictor-selected register or a re-ranking score.
EBV_TCELL_119155::HUMAN_MYELIN_67907,20,EBV_TCELL_119155,HUMAN_MYELIN_67907,6,GWLCKKDHT,6,TLSKIFKLG,0,All manifest-contained 9-mer window combinations retained for sensitivity; not a predictor-selected register or a re-ranking score.
EBV_TCELL_119155::HUMAN_MYELIN_67907,20,EBV_TCELL_119155,HUMAN_MYELIN_67907,6,GWLCKKDHT,7,LSKIFKLGG,0,All manifest-contained 9-mer window combinations retained for sensitivity; not a predictor-selected register or a re-ranking score.
EBV_TCELL_119155::HUMAN_MYELIN_67907,20,EBV_TCELL_119155,HUMAN_MYELIN_67907,6,GWLCKKDHT,8,SKIFKLGGR,0,All manifest-contained 9-mer window combinations retained for sensitivity; not a predictor-selected register or a re-ranking score.
EBV_TCELL_119155::HUMAN_MYELIN_67907,20,EBV_TCELL_119155,HUMAN_MYELIN_67907,6,GWLCKKDHT,9,KIFKLGGRD,0,All manifest-contained 9-mer window combinations retained for sensitivity; not a predictor-selected register or a re-ranking score.
EBV_TCELL_119155::HUMAN_MYELIN_67907,20,EBV_TCELL_119155,HUMAN_MYELIN_67907,6,GWLCKKDHT,10,IFKLGGRDS,0,All manifest-contained 9-mer window combinations retained for sensitivity; not a predictor-selected register or a re-ranking score.
EBV_TCELL_119155::HUMAN_MYELIN_67907,20,EBV_TCELL_119155,HUMAN_MYELIN_67907,6,GWLCKKDHT,11,FKLGGRDSR,0,All manifest-contained 9-mer window combinations retained for sensitivity; not a predictor-selected register or a re-ranking score.
EBV_TCELL_119155::HUMAN_MYELIN_67907,20,EBV_TCELL_119155,HUMAN_MYELIN_67907,6,GWLCKKDHT,12,KLGGRDSRS,0,All manifest-contained 9-mer window combinations retained for sensitivity; not a predictor-selected register or a re-ranking score.
EBV_TCELL_119155::HUMAN_MYELIN_67907,20,EBV_TCELL_119155,HUMAN_MYELIN_67907,7,WLCKKDHTH,1,VDAQGTLSK,0,All manifest-contained 9-mer window combinations retained for sensitivity; not a predictor-selected register or a re-ranking score.
EBV_TCELL_119155::HUMAN_MYELIN_67907,20,EBV_TCELL_119155,HUMAN_MYELIN_67907,7,WLCKKDHTH,2,DAQGTLSKI,0,All manifest-contained 9-mer window combinations retained for sensitivity; not a predictor-selected register or a re-ranking score.
EBV_TCELL_119155::HUMAN_MYELIN_67907,20,EBV_TCELL_119155,HUMAN_MYELIN_67907,7,WLCKKDHTH,3,AQGTLSKIF,0,All manifest-contained 9-mer window combinations retained for sensitivity; not a predictor-selected register or a re-ranking score.
EBV_TCELL_119155::HUMAN_MYELIN_67907,20,EBV_TCELL_119155,HUMAN_MYELIN_67907,7,WLCKKDHTH,4,QGTLSKIFK,0,All manifest-contained 9-mer window combinations retained for sensitivity; not a predictor-selected register or a re-ranking score.
EBV_TCELL_119155::HUMAN_MYELIN_67907,20,EBV_TCELL_119155,HUMAN_MYELIN_67907,7,WLCKKDHTH,5,GTLSKIFKL,0,All manifest-contained 9-mer window combinations retained for sensitivity; not a predictor-selected register or a re-ranking score.
EBV_TCELL_119155::HUMAN_MYELIN_67907,20,EBV_TCELL_119155,HUMAN_MYELIN_67907,7,WLCKKDHTH,6,TLSKIFKLG,4,All manifest-contained 9-mer window combinations retained for sensitivity; not a predictor-selected register or a re-ranking score.
EBV_TCELL_119155::HUMAN_MYELIN_67907,20,EBV_TCELL_119155,HUMAN_MYELIN_67907,7,WLCKKDHTH,7,LSKIFKLGG,0,All manifest-contained 9-mer window combinations retained for sensitivity; not a predictor-selected register or a re-ranking score.
EBV_TCELL_119155::HUMAN_MYELIN_67907,20,EBV_TCELL_119155,HUMAN_MYELIN_67907,7,WLCKKDHTH,8,SKIFKLGGR,0,All manifest-contained 9-mer window combinations retained for sensitivity; not a predictor-selected register or a re-ranking score.
EBV_TCELL_119155::HUMAN_MYELIN_67907,20,EBV_TCELL_119155,HUMAN_MYELIN_67907,7,WLCKKDHTH,9,KIFKLGGRD,0,All manifest-contained 9-mer window combinations retained for sensitivity; not a predictor-selected register or a re-ranking score.
EBV_TCELL_119155::HUMAN_MYELIN_67907,20,EBV_TCELL_119155,HUMAN_MYELIN_67907,7,WLCKKDHTH,10,IFKLGGRDS,0,All manifest-contained 9-mer window combinations retained for sensitivity; not a predictor-selected register or a re-ranking score.
EBV_TCELL_119155::HUMAN_MYELIN_67907,20,EBV_TCELL_119155,HUMAN_MYELIN_67907,7,WLCKKDHTH,11,FKLGGRDSR,0,All manifest-contained 9-mer window combinations retained for sensitivity; not a predictor-selected register or a re-ranking score.
EBV_TCELL_119155::HUMAN_MYELIN_67907,20,EBV_TCELL_119155,HUMAN_MYELIN_67907,7,WLCKKDHTH,12,KLGGRDSRS,0,All manifest-contained 9-mer window combinations retained for sensitivity; not a predictor-selected register or a re-ranking score.
EBV_TCELL_119155::HUMAN_MYELIN_67907,20,EBV_TCELL_119155,HUMAN_MYELIN_67907,8,LCKKDHTHI,1,VDAQGTLSK,0,All manifest-contained 9-mer window combinations retained for sensitivity; not a predictor-selected register or a re-ranking score.
EBV_TCELL_119155::HUMAN_MYELIN_67907,20,EBV_TCELL_119155,HUMAN_MYELIN_67907,8,LCKKDHTHI,2,DAQGTLSKI,0,All manifest-contained 9-mer window combinations retained for sensitivity; not a predictor-selected register or a re-ranking score.
EBV_TCELL_119155::HUMAN_MYELIN_67907,20,EBV_TCELL_119155,HUMAN_MYELIN_67907,8,LCKKDHTHI,3,AQGTLSKIF,0,All manifest-contained 9-mer window combinations retained for sensitivity; not a predictor-selected register or a re-ranking score.
EBV_TCELL_119155::HUMAN_MYELIN_67907,20,EBV_TCELL_119155,HUMAN_MYELIN_67907,8,LCKKDHTHI,4,QGTLSKIFK,0,All manifest-contained 9-mer window combinations retained for sensitivity; not a predictor-selected register or a re-ranking score.
EBV_TCELL_119155::HUMAN_MYELIN_67907,20,EBV_TCELL_119155,HUMAN_MYELIN_67907,8,LCKKDHTHI,5,GTLSKIFKL,0,All manifest-contained 9-mer window combinations retained for sensitivity; not a predictor-selected register or a re-ranking score.
EBV_TCELL_119155::HUMAN_MYELIN_67907,20,EBV_TCELL_119155,HUMAN_MYELIN_67907,8,LCKKDHTHI,6,TLSKIFKLG,0,All manifest-contained 9-mer window combinations retained for sensitivity; not a predictor-selected register or a re-ranking score.
EBV_TCELL_119155::HUMAN_MYELIN_67907,20,EBV_TCELL_119155,HUMAN_MYELIN_67907,8,LCKKDHTHI,7,LSKIFKLGG,3,All manifest-contained 9-mer window combinations retained for sensitivity; not a predictor-selected register or a re-ranking score.
EBV_TCELL_119155::HUMAN_MYELIN_67907,20,EBV_TCELL_119155,HUMAN_MYELIN_67907,8,LCKKDHTHI,8,SKIFKLGGR,0,All manifest-contained 9-mer window combinations retained for sensitivity; not a predictor-selected register or a re-ranking score.
EBV_TCELL_119155::HUMAN_MYELIN_67907,20,EBV_TCELL_119155,HUMAN_MYELIN_67907,8,LCKKDHTHI,9,KIFKLGGRD,0,All manifest-contained 9-mer window combinations retained for sensitivity; not a predictor-selected register or a re-ranking score.
EBV_TCELL_119155::HUMAN_MYELIN_67907,20,EBV_TCELL_119155,HUMAN_MYELIN_67907,8,LCKKDHTHI,10,IFKLGGRDS,0,All manifest-contained 9-mer window combinations retained for sensitivity; not a predictor-selected register or a re-ranking score.
EBV_TCELL_119155::HUMAN_MYELIN_67907,20,EBV_TCELL_119155,HUMAN_MYELIN_67907,8,LCKKDHTHI,11,FKLGGRDSR,0,All manifest-contained 9-mer window combinations retained for sensitivity; not a predictor-selected register or a re-ranking score.
EBV_TCELL_119155::HUMAN_MYELIN_67907,20,EBV_TCELL_119155,HUMAN_MYELIN_67907,8,LCKKDHTHI,12,KLGGRDSRS,0,All manifest-contained 9-mer window combinations retained for sensitivity; not a predictor-selected register or a re-ranking score.
EBV_TCELL_119155::HUMAN_MYELIN_67907,20,EBV_TCELL_119155,HUMAN_MYELIN_67907,9,CKKDHTHIR,1,VDAQGTLSK,0,All manifest-contained 9-mer window combinations retained for sensitivity; not a predictor-selected register or a re-ranking score.
EBV_TCELL_119155::HUMAN_MYELIN_67907,20,EBV_TCELL_119155,HUMAN_MYELIN_67907,9,CKKDHTHIR,2,DAQGTLSKI,0,All manifest-contained 9-mer window combinations retained for sensitivity; not a predictor-selected register or a re-ranking score.
EBV_TCELL_119155::HUMAN_MYELIN_67907,20,EBV_TCELL_119155,HUMAN_MYELIN_67907,9,CKKDHTHIR,3,AQGTLSKIF,0,All manifest-contained 9-mer window combinations retained for sensitivity; not a predictor-selected register or a re-ranking score.
EBV_TCELL_119155::HUMAN_MYELIN_67907,20,EBV_TCELL_119155,HUMAN_MYELIN_67907,9,CKKDHTHIR,4,QGTLSKIFK,0,All manifest-contained 9-mer window combinations retained for sensitivity; not a predictor-selected register or a re-ranking score.
EBV_TCELL_119155::HUMAN_MYELIN_67907,20,EBV_TCELL_119155,HUMAN_MYELIN_67907,9,CKKDHTHIR,5,GTLSKIFKL,0,All manifest-contained 9-mer window combinations retained for sensitivity; not a predictor-selected register or a re-ranking score.
EBV_TCELL_119155::HUMAN_MYELIN_67907,20,EBV_TCELL_119155,HUMAN_MYELIN_67907,9,CKKDHTHIR,6,TLSKIFKLG,0,All manifest-contained 9-mer window combinations retained for sensitivity; not a predictor-selected register or a re-ranking score.
EBV_TCELL_119155::HUMAN_MYELIN_67907,20,EBV_TCELL_119155,HUMAN_MYELIN_67907,9,CKKDHTHIR,7,LSKIFKLGG,0,All manifest-contained 9-mer window combinations retained for sensitivity; not a predictor-selected register or a re-ranking score.
EBV_TCELL_119155::HUMAN_MYELIN_67907,20,EBV_TCELL_119155,HUMAN_MYELIN_67907,9,CKKDHTHIR,8,SKIFKLGGR,2,All manifest-contained 9-mer window combinations retained for sensitivity; not a predictor-selected register or a re-ranking score.
EBV_TCELL_119155::HUMAN_MYELIN_67907,20,EBV_TCELL_119155,HUMAN_MYELIN_67907,9,CKKDHTHIR,9,KIFKLGGRD,0,All manifest-contained 9-mer window combinations retained for sensitivity; not a predictor-selected register or a re-ranking score.
EBV_TCELL_119155::HUMAN_MYELIN_67907,20,EBV_TCELL_119155,HUMAN_MYELIN_67907,9,CKKDHTHIR,10,IFKLGGRDS,0,All manifest-contained 9-mer window combinations retained for sensitivity; not a predictor-selected register or a re-ranking score.
EBV_TCELL_119155::HUMAN_MYELIN_67907,20,EBV_TCELL_119155,HUMAN_MYELIN_67907,9,CKKDHTHIR,11,FKLGGRDSR,0,All manifest-contained 9-mer window combinations retained for sensitivity; not a predictor-selected register or a re-ranking score.
EBV_TCELL_119155::HUMAN_MYELIN_67907,20,EBV_TCELL_119155,HUMAN_MYELIN_67907,9,CKKDHTHIR,12,KLGGRDSRS,0,All manifest-contained 9-mer window combinations retained for sensitivity; not a predictor-selected register or a re-ranking score.
EBV_TCELL_119155::HUMAN_MYELIN_67907,20,EBV_TCELL_119155,HUMAN_MYELIN_67907,10,KKDHTHIRE,1,VDAQGTLSK,0,All manifest-contained 9-mer window combinations retained for sensitivity; not a predictor-selected register or a re-ranking score.
EBV_TCELL_119155::HUMAN_MYELIN_67907,20,EBV_TCELL_119155,HUMAN_MYELIN_67907,10,KKDHTHIRE,2,DAQGTLSKI,0,All manifest-contained 9-mer window combinations retained for sensitivity; not a predictor-selected register or a re-ranking score.
EBV_TCELL_119155::HUMAN_MYELIN_67907,20,EBV_TCELL_119155,HUMAN_MYELIN_67907,10,KKDHTHIRE,3,AQGTLSKIF,0,All manifest-contained 9-mer window combinations retained for sensitivity; not a predictor-selected register or a re-ranking score.
EBV_TCELL_119155::HUMAN_MYELIN_67907,20,EBV_TCELL_119155,HUMAN_MYELIN_67907,10,KKDHTHIRE,4,QGTLSKIFK,0,All manifest-contained 9-mer window combinations retained for sensitivity; not a predictor-selected register or a re-ranking score.
EBV_TCELL_119155::HUMAN_MYELIN_67907,20,EBV_TCELL_119155,HUMAN_MYELIN_67907,10,KKDHTHIRE,5,GTLSKIFKL,0,All manifest-contained 9-mer window combinations retained for sensitivity; not a predictor-selected register or a re-ranking score.
EBV_TCELL_119155::HUMAN_MYELIN_67907,20,EBV_TCELL_119155,HUMAN_MYELIN_67907,10,KKDHTHIRE,6,TLSKIFKLG,0,All manifest-contained 9-mer window combinations retained for sensitivity; not a predictor-selected register or a re-ranking score.
EBV_TCELL_119155::HUMAN_MYELIN_67907,20,EBV_TCELL_119155,HUMAN_MYELIN_67907,10,KKDHTHIRE,7,LSKIFKLGG,0,All manifest-contained 9-mer window combinations retained for sensitivity; not a predictor-selected register or a re-ranking score.
EBV_TCELL_119155::HUMAN_MYELIN_67907,20,EBV_TCELL_119155,HUMAN_MYELIN_67907,10,KKDHTHIRE,8,SKIFKLGGR,0,All manifest-contained 9-mer window combinations retained for sensitivity; not a predictor-selected register or a re-ranking score.
EBV_TCELL_119155::HUMAN_MYELIN_67907,20,EBV_TCELL_119155,HUMAN_MYELIN_67907,10,KKDHTHIRE,9,KIFKLGGRD,1,All manifest-contained 9-mer window combinations retained for sensitivity; not a predictor-selected register or a re-ranking score.
EBV_TCELL_119155::HUMAN_MYELIN_67907,20,EBV_TCELL_119155,HUMAN_MYELIN_67907,10,KKDHTHIRE,10,IFKLGGRDS,0,All manifest-contained 9-mer window combinations retained for sensitivity; not a predictor-selected register or a re-ranking score.
EBV_TCELL_119155::HUMAN_MYELIN_67907,20,EBV_TCELL_119155,HUMAN_MYELIN_67907,10,KKDHTHIRE,11,FKLGGRDSR,0,All manifest-contained 9-mer window combinations retained for sensitivity; not a predictor-selected register or a re-ranking score.
EBV_TCELL_119155::HUMAN_MYELIN_67907,20,EBV_TCELL_119155,HUMAN_MYELIN_67907,10,KKDHTHIRE,12,KLGGRDSRS,0,All manifest-contained 9-mer window combinations retained for sensitivity; not a predictor-selected register or a re-ranking score.
EBV_TCELL_119155::HUMAN_MYELIN_67907,20,EBV_TCELL_119155,HUMAN_MYELIN_67907,11,KDHTHIREW,1,VDAQGTLSK,0,All manifest-contained 9-mer window combinations retained for sensitivity; not a predictor-selected register or a re-ranking score.
EBV_TCELL_119155::HUMAN_MYELIN_67907,20,EBV_TCELL_119155,HUMAN_MYELIN_67907,11,KDHTHIREW,2,DAQGTLSKI,0,All manifest-contained 9-mer window combinations retained for sensitivity; not a predictor-selected register or a re-ranking score.
EBV_TCELL_119155::HUMAN_MYELIN_67907,20,EBV_TCELL_119155,HUMAN_MYELIN_67907,11,KDHTHIREW,3,AQGTLSKIF,0,All manifest-contained 9-mer window combinations retained for sensitivity; not a predictor-selected register or a re-ranking score.
EBV_TCELL_119155::HUMAN_MYELIN_67907,20,EBV_TCELL_119155,HUMAN_MYELIN_67907,11,KDHTHIREW,4,QGTLSKIFK,0,All manifest-contained 9-mer window combinations retained for sensitivity; not a predictor-selected register or a re-ranking score.
EBV_TCELL_119155::HUMAN_MYELIN_67907,20,EBV_TCELL_119155,HUMAN_MYELIN_67907,11,KDHTHIREW,5,GTLSKIFKL,0,All manifest-contained 9-mer window combinations retained for sensitivity; not a predictor-selected register or a re-ranking score.
EBV_TCELL_119155::HUMAN_MYELIN_67907,20,EBV_TCELL_119155,HUMAN_MYELIN_67907,11,KDHTHIREW,6,TLSKIFKLG,0,All manifest-contained 9-mer window combinations retained for sensitivity; not a predictor-selected register or a re-ranking score.
EBV_TCELL_119155::HUMAN_MYELIN_67907,20,EBV_TCELL_119155,HUMAN_MYELIN_67907,11,KDHTHIREW,7,LSKIFKLGG,0,All manifest-contained 9-mer window combinations retained for sensitivity; not a predictor-selected register or a re-ranking score.
EBV_TCELL_119155::HUMAN_MYELIN_67907,20,EBV_TCELL_119155,HUMAN_MYELIN_67907,11,KDHTHIREW,8,SKIFKLGGR,0,All manifest-contained 9-mer window combinations retained for sensitivity; not a predictor-selected register or a re-ranking score.
EBV_TCELL_119155::HUMAN_MYELIN_67907,20,EBV_TCELL_119155,HUMAN_MYELIN_67907,11,KDHTHIREW,9,KIFKLGGRD,0,All manifest-contained 9-mer window combinations retained for sensitivity; not a predictor-selected register or a re-ranking score.
EBV_TCELL_119155::HUMAN_MYELIN_67907,20,EBV_TCELL_119155,HUMAN_MYELIN_67907,11,KDHTHIREW,10,IFKLGGRDS,0,All manifest-contained 9-mer window combinations retained for sensitivity; not a predictor-selected register or a re-ranking score.
EBV_TCELL_119155::HUMAN_MYELIN_67907,20,EBV_TCELL_119155,HUMAN_MYELIN_67907,11,KDHTHIREW,11,FKLGGRDSR,0,All manifest-contained 9-mer window combinations retained for sensitivity; not a predictor-selected register or a re-ranking score.
EBV_TCELL_119155::HUMAN_MYELIN_67907,20,EBV_TCELL_119155,HUMAN_MYELIN_67907,11,KDHTHIREW,12,KLGGRDSRS,0,All manifest-contained 9-mer window combinations retained for sensitivity; not a predictor-selected register or a re-ranking score.
EBV_TCELL_119155::HUMAN_MYELIN_67907,20,EBV_TCELL_119155,HUMAN_MYELIN_67907,12,DHTHIREWF,1,VDAQGTLSK,0,All manifest-contained 9-mer window combinations retained for sensitivity; not a predictor-selected register or a re-ranking score.
EBV_TCELL_119155::HUMAN_MYELIN_67907,20,EBV_TCELL_119155,HUMAN_MYELIN_67907,12,DHTHIREWF,2,DAQGTLSKI,0,All manifest-contained 9-mer window combinations retained for sensitivity; not a predictor-selected register or a re-ranking score.
EBV_TCELL_119155::HUMAN_MYELIN_67907,20,EBV_TCELL_119155,HUMAN_MYELIN_67907,12,DHTHIREWF,3,AQGTLSKIF,0,All manifest-contained 9-mer window combinations retained for sensitivity; not a predictor-selected register or a re-ranking score.
EBV_TCELL_119155::HUMAN_MYELIN_67907,20,EBV_TCELL_119155,HUMAN_MYELIN_67907,12,DHTHIREWF,4,QGTLSKIFK,0,All manifest-contained 9-mer window combinations retained for sensitivity; not a predictor-selected register or a re-ranking score.
EBV_TCELL_119155::HUMAN_MYELIN_67907,20,EBV_TCELL_119155,HUMAN_MYELIN_67907,12,DHTHIREWF,5,GTLSKIFKL,0,All manifest-contained 9-mer window combinations retained for sensitivity; not a predictor-selected register or a re-ranking score.
EBV_TCELL_119155::HUMAN_MYELIN_67907,20,EBV_TCELL_119155,HUMAN_MYELIN_67907,12,DHTHIREWF,6,TLSKIFKLG,0,All manifest-contained 9-mer window combinations retained for sensitivity; not a predictor-selected register or a re-ranking score.
EBV_TCELL_119155::HUMAN_MYELIN_67907,20,EBV_TCELL_119155,HUMAN_MYELIN_67907,12,DHTHIREWF,7,LSKIFKLGG,0,All manifest-contained 9-mer window combinations retained for sensitivity; not a predictor-selected register or a re-ranking score.
EBV_TCELL_119155::HUMAN_MYELIN_67907,20,EBV_TCELL_119155,HUMAN_MYELIN_67907,12,DHTHIREWF,8,SKIFKLGGR,0,All manifest-contained 9-mer window combinations retained for sensitivity; not a predictor-selected register or a re-ranking score.
EBV_TCELL_119155::HUMAN_MYELIN_67907,20,EBV_TCELL_119155,HUMAN_MYELIN_67907,12,DHTHIREWF,9,KIFKLGGRD,0,All manifest-contained 9-mer window combinations retained for sensitivity; not a predictor-selected register or a re-ranking score.
EBV_TCELL_119155::HUMAN_MYELIN_67907,20,EBV_TCELL_119155,HUMAN_MYELIN_67907,12,DHTHIREWF,10,IFKLGGRDS,0,All manifest-contained 9-mer window combinations retained for sensitivity; not a predictor-selected register or a re-ranking score.
EBV_TCELL_119155::HUMAN_MYELIN_67907,20,EBV_TCELL_119155,HUMAN_MYELIN_67907,12,DHTHIREWF,11,FKLGGRDSR,0,All manifest-contained 9-mer window combinations retained for sensitivity; not a predictor-selected register or a re-ranking score.
EBV_TCELL_119155::HUMAN_MYELIN_67907,20,EBV_TCELL_119155,HUMAN_MYELIN_67907,12,DHTHIREWF,12,KLGGRDSRS,0,All manifest-contained 9-mer window combinations retained for sensitivity; not a predictor-selected register or a re-ranking score.
EBV_TCELL_119155::HUMAN_MYELIN_112037,21,EBV_TCELL_119155,HUMAN_MYELIN_112037,1,FIEFVGWLC,1,AQGTLSKIF,0,All manifest-contained 9-mer window combinations retained for sensitivity; not a predictor-selected register or a re-ranking score.
EBV_TCELL_119155::HUMAN_MYELIN_112037,21,EBV_TCELL_119155,HUMAN_MYELIN_112037,1,FIEFVGWLC,2,QGTLSKIFK,0,All manifest-contained 9-mer window combinations retained for sensitivity; not a predictor-selected register or a re-ranking score.
EBV_TCELL_119155::HUMAN_MYELIN_112037,21,EBV_TCELL_119155,HUMAN_MYELIN_112037,1,FIEFVGWLC,3,GTLSKIFKL,0,All manifest-contained 9-mer window combinations retained for sensitivity; not a predictor-selected register or a re-ranking score.
EBV_TCELL_119155::HUMAN_MYELIN_112037,21,EBV_TCELL_119155,HUMAN_MYELIN_112037,1,FIEFVGWLC,4,TLSKIFKLG,0,All manifest-contained 9-mer window combinations retained for sensitivity; not a predictor-selected register or a re-ranking score.
EBV_TCELL_119155::HUMAN_MYELIN_112037,21,EBV_TCELL_119155,HUMAN_MYELIN_112037,1,FIEFVGWLC,5,LSKIFKLGG,0,All manifest-contained 9-mer window combinations retained for sensitivity; not a predictor-selected register or a re-ranking score.
EBV_TCELL_119155::HUMAN_MYELIN_112037,21,EBV_TCELL_119155,HUMAN_MYELIN_112037,1,FIEFVGWLC,6,SKIFKLGGR,0,All manifest-contained 9-mer window combinations retained for sensitivity; not a predictor-selected register or a re-ranking score.
EBV_TCELL_119155::HUMAN_MYELIN_112037,21,EBV_TCELL_119155,HUMAN_MYELIN_112037,1,FIEFVGWLC,7,KIFKLGGRD,0,All manifest-contained 9-mer window combinations retained for sensitivity; not a predictor-selected register or a re-ranking score.
EBV_TCELL_119155::HUMAN_MYELIN_112037,21,EBV_TCELL_119155,HUMAN_MYELIN_112037,1,FIEFVGWLC,8,IFKLGGRDS,0,All manifest-contained 9-mer window combinations retained for sensitivity; not a predictor-selected register or a re-ranking score.
EBV_TCELL_119155::HUMAN_MYELIN_112037,21,EBV_TCELL_119155,HUMAN_MYELIN_112037,1,FIEFVGWLC,9,FKLGGRDSR,0,All manifest-contained 9-mer window combinations retained for sensitivity; not a predictor-selected register or a re-ranking score.
EBV_TCELL_119155::HUMAN_MYELIN_112037,21,EBV_TCELL_119155,HUMAN_MYELIN_112037,1,FIEFVGWLC,10,KLGGRDSRS,0,All manifest-contained 9-mer window combinations retained for sensitivity; not a predictor-selected register or a re-ranking score.
EBV_TCELL_119155::HUMAN_MYELIN_112037,21,EBV_TCELL_119155,HUMAN_MYELIN_112037,1,FIEFVGWLC,11,LGGRDSRSG,0,All manifest-contained 9-mer window combinations retained for sensitivity; not a predictor-selected register or a re-ranking score.
EBV_TCELL_119155::HUMAN_MYELIN_112037,21,EBV_TCELL_119155,HUMAN_MYELIN_112037,1,FIEFVGWLC,12,GGRDSRSGS,0,All manifest-contained 9-mer window combinations retained for sensitivity; not a predictor-selected register or a re-ranking score.
EBV_TCELL_119155::HUMAN_MYELIN_112037,21,EBV_TCELL_119155,HUMAN_MYELIN_112037,1,FIEFVGWLC,13,GRDSRSGSP,0,All manifest-contained 9-mer window combinations retained for sensitivity; not a predictor-selected register or a re-ranking score.
EBV_TCELL_119155::HUMAN_MYELIN_112037,21,EBV_TCELL_119155,HUMAN_MYELIN_112037,1,FIEFVGWLC,14,RDSRSGSPM,0,All manifest-contained 9-mer window combinations retained for sensitivity; not a predictor-selected register or a re-ranking score.
EBV_TCELL_119155::HUMAN_MYELIN_112037,21,EBV_TCELL_119155,HUMAN_MYELIN_112037,1,FIEFVGWLC,15,DSRSGSPMA,0,All manifest-contained 9-mer window combinations retained for sensitivity; not a predictor-selected register or a re-ranking score.
EBV_TCELL_119155::HUMAN_MYELIN_112037,21,EBV_TCELL_119155,HUMAN_MYELIN_112037,1,FIEFVGWLC,16,SRSGSPMAR,0,All manifest-contained 9-mer window combinations retained for sensitivity; not a predictor-selected register or a re-ranking score.
EBV_TCELL_119155::HUMAN_MYELIN_112037,21,EBV_TCELL_119155,HUMAN_MYELIN_112037,1,FIEFVGWLC,17,RSGSPMARR,0,All manifest-contained 9-mer window combinations retained for sensitivity; not a predictor-selected register or a re-ranking score.
EBV_TCELL_119155::HUMAN_MYELIN_112037,21,EBV_TCELL_119155,HUMAN_MYELIN_112037,2,IEFVGWLCK,1,AQGTLSKIF,0,All manifest-contained 9-mer window combinations retained for sensitivity; not a predictor-selected register or a re-ranking score.
EBV_TCELL_119155::HUMAN_MYELIN_112037,21,EBV_TCELL_119155,HUMAN_MYELIN_112037,2,IEFVGWLCK,2,QGTLSKIFK,0,All manifest-contained 9-mer window combinations retained for sensitivity; not a predictor-selected register or a re-ranking score.
EBV_TCELL_119155::HUMAN_MYELIN_112037,21,EBV_TCELL_119155,HUMAN_MYELIN_112037,2,IEFVGWLCK,3,GTLSKIFKL,0,All manifest-contained 9-mer window combinations retained for sensitivity; not a predictor-selected register or a re-ranking score.
EBV_TCELL_119155::HUMAN_MYELIN_112037,21,EBV_TCELL_119155,HUMAN_MYELIN_112037,2,IEFVGWLCK,4,TLSKIFKLG,0,All manifest-contained 9-mer window combinations retained for sensitivity; not a predictor-selected register or a re-ranking score.
EBV_TCELL_119155::HUMAN_MYELIN_112037,21,EBV_TCELL_119155,HUMAN_MYELIN_112037,2,IEFVGWLCK,5,LSKIFKLGG,0,All manifest-contained 9-mer window combinations retained for sensitivity; not a predictor-selected register or a re-ranking score.
EBV_TCELL_119155::HUMAN_MYELIN_112037,21,EBV_TCELL_119155,HUMAN_MYELIN_112037,2,IEFVGWLCK,6,SKIFKLGGR,0,All manifest-contained 9-mer window combinations retained for sensitivity; not a predictor-selected register or a re-ranking score.
EBV_TCELL_119155::HUMAN_MYELIN_112037,21,EBV_TCELL_119155,HUMAN_MYELIN_112037,2,IEFVGWLCK,7,KIFKLGGRD,0,All manifest-contained 9-mer window combinations retained for sensitivity; not a predictor-selected register or a re-ranking score.
EBV_TCELL_119155::HUMAN_MYELIN_112037,21,EBV_TCELL_119155,HUMAN_MYELIN_112037,2,IEFVGWLCK,8,IFKLGGRDS,0,All manifest-contained 9-mer window combinations retained for sensitivity; not a predictor-selected register or a re-ranking score.
EBV_TCELL_119155::HUMAN_MYELIN_112037,21,EBV_TCELL_119155,HUMAN_MYELIN_112037,2,IEFVGWLCK,9,FKLGGRDSR,0,All manifest-contained 9-mer window combinations retained for sensitivity; not a predictor-selected register or a re-ranking score.
EBV_TCELL_119155::HUMAN_MYELIN_112037,21,EBV_TCELL_119155,HUMAN_MYELIN_112037,2,IEFVGWLCK,10,KLGGRDSRS,0,All manifest-contained 9-mer window combinations retained for sensitivity; not a predictor-selected register or a re-ranking score.
EBV_TCELL_119155::HUMAN_MYELIN_112037,21,EBV_TCELL_119155,HUMAN_MYELIN_112037,2,IEFVGWLCK,11,LGGRDSRSG,0,All manifest-contained 9-mer window combinations retained for sensitivity; not a predictor-selected register or a re-ranking score.
EBV_TCELL_119155::HUMAN_MYELIN_112037,21,EBV_TCELL_119155,HUMAN_MYELIN_112037,2,IEFVGWLCK,12,GGRDSRSGS,0,All manifest-contained 9-mer window combinations retained for sensitivity; not a predictor-selected register or a re-ranking score.
EBV_TCELL_119155::HUMAN_MYELIN_112037,21,EBV_TCELL_119155,HUMAN_MYELIN_112037,2,IEFVGWLCK,13,GRDSRSGSP,0,All manifest-contained 9-mer window combinations retained for sensitivity; not a predictor-selected register or a re-ranking score.
EBV_TCELL_119155::HUMAN_MYELIN_112037,21,EBV_TCELL_119155,HUMAN_MYELIN_112037,2,IEFVGWLCK,14,RDSRSGSPM,0,All manifest-contained 9-mer window combinations retained for sensitivity; not a predictor-selected register or a re-ranking score.
EBV_TCELL_119155::HUMAN_MYELIN_112037,21,EBV_TCELL_119155,HUMAN_MYELIN_112037,2,IEFVGWLCK,15,DSRSGSPMA,0,All manifest-contained 9-mer window combinations retained for sensitivity; not a predictor-selected register or a re-ranking score.
EBV_TCELL_119155::HUMAN_MYELIN_112037,21,EBV_TCELL_119155,HUMAN_MYELIN_112037,2,IEFVGWLCK,16,SRSGSPMAR,0,All manifest-contained 9-mer window combinations retained for sensitivity; not a predictor-selected register or a re-ranking score.
EBV_TCELL_119155::HUMAN_MYELIN_112037,21,EBV_TCELL_119155,HUMAN_MYELIN_112037,2,IEFVGWLCK,17,RSGSPMARR,0,All manifest-contained 9-mer window combinations retained for sensitivity; not a predictor-selected register or a re-ranking score.
EBV_TCELL_119155::HUMAN_MYELIN_112037,21,EBV_TCELL_119155,HUMAN_MYELIN_112037,3,EFVGWLCKK,1,AQGTLSKIF,0,All manifest-contained 9-mer window combinations retained for sensitivity; not a predictor-selected register or a re-ranking score.
EBV_TCELL_119155::HUMAN_MYELIN_112037,21,EBV_TCELL_119155,HUMAN_MYELIN_112037,3,EFVGWLCKK,2,QGTLSKIFK,0,All manifest-contained 9-mer window combinations retained for sensitivity; not a predictor-selected register or a re-ranking score.
EBV_TCELL_119155::HUMAN_MYELIN_112037,21,EBV_TCELL_119155,HUMAN_MYELIN_112037,3,EFVGWLCKK,3,GTLSKIFKL,0,All manifest-contained 9-mer window combinations retained for sensitivity; not a predictor-selected register or a re-ranking score.
EBV_TCELL_119155::HUMAN_MYELIN_112037,21,EBV_TCELL_119155,HUMAN_MYELIN_112037,3,EFVGWLCKK,4,TLSKIFKLG,0,All manifest-contained 9-mer window combinations retained for sensitivity; not a predictor-selected register or a re-ranking score.
EBV_TCELL_119155::HUMAN_MYELIN_112037,21,EBV_TCELL_119155,HUMAN_MYELIN_112037,3,EFVGWLCKK,5,LSKIFKLGG,0,All manifest-contained 9-mer window combinations retained for sensitivity; not a predictor-selected register or a re-ranking score.
EBV_TCELL_119155::HUMAN_MYELIN_112037,21,EBV_TCELL_119155,HUMAN_MYELIN_112037,3,EFVGWLCKK,6,SKIFKLGGR,0,All manifest-contained 9-mer window combinations retained for sensitivity; not a predictor-selected register or a re-ranking score.
EBV_TCELL_119155::HUMAN_MYELIN_112037,21,EBV_TCELL_119155,HUMAN_MYELIN_112037,3,EFVGWLCKK,7,KIFKLGGRD,0,All manifest-contained 9-mer window combinations retained for sensitivity; not a predictor-selected register or a re-ranking score.
EBV_TCELL_119155::HUMAN_MYELIN_112037,21,EBV_TCELL_119155,HUMAN_MYELIN_112037,3,EFVGWLCKK,8,IFKLGGRDS,0,All manifest-contained 9-mer window combinations retained for sensitivity; not a predictor-selected register or a re-ranking score.
EBV_TCELL_119155::HUMAN_MYELIN_112037,21,EBV_TCELL_119155,HUMAN_MYELIN_112037,3,EFVGWLCKK,9,FKLGGRDSR,0,All manifest-contained 9-mer window combinations retained for sensitivity; not a predictor-selected register or a re-ranking score.
EBV_TCELL_119155::HUMAN_MYELIN_112037,21,EBV_TCELL_119155,HUMAN_MYELIN_112037,3,EFVGWLCKK,10,KLGGRDSRS,0,All manifest-contained 9-mer window combinations retained for sensitivity; not a predictor-selected register or a re-ranking score.
EBV_TCELL_119155::HUMAN_MYELIN_112037,21,EBV_TCELL_119155,HUMAN_MYELIN_112037,3,EFVGWLCKK,11,LGGRDSRSG,0,All manifest-contained 9-mer window combinations retained for sensitivity; not a predictor-selected register or a re-ranking score.
EBV_TCELL_119155::HUMAN_MYELIN_112037,21,EBV_TCELL_119155,HUMAN_MYELIN_112037,3,EFVGWLCKK,12,GGRDSRSGS,0,All manifest-contained 9-mer window combinations retained for sensitivity; not a predictor-selected register or a re-ranking score.
EBV_TCELL_119155::HUMAN_MYELIN_112037,21,EBV_TCELL_119155,HUMAN_MYELIN_112037,3,EFVGWLCKK,13,GRDSRSGSP,0,All manifest-contained 9-mer window combinations retained for sensitivity; not a predictor-selected register or a re-ranking score.
EBV_TCELL_119155::HUMAN_MYELIN_112037,21,EBV_TCELL_119155,HUMAN_MYELIN_112037,3,EFVGWLCKK,14,RDSRSGSPM,0,All manifest-contained 9-mer window combinations retained for sensitivity; not a predictor-selected register or a re-ranking score.
EBV_TCELL_119155::HUMAN_MYELIN_112037,21,EBV_TCELL_119155,HUMAN_MYELIN_112037,3,EFVGWLCKK,15,DSRSGSPMA,0,All manifest-contained 9-mer window combinations retained for sensitivity; not a predictor-selected register or a re-ranking score.
EBV_TCELL_119155::HUMAN_MYELIN_112037,21,EBV_TCELL_119155,HUMAN_MYELIN_112037,3,EFVGWLCKK,16,SRSGSPMAR,0,All manifest-contained 9-mer window combinations retained for sensitivity; not a predictor-selected register or a re-ranking score.
EBV_TCELL_119155::HUMAN_MYELIN_112037,21,EBV_TCELL_119155,HUMAN_MYELIN_112037,3,EFVGWLCKK,17,RSGSPMARR,0,All manifest-contained 9-mer window combinations retained for sensitivity; not a predictor-selected register or a re-ranking score.
EBV_TCELL_119155::HUMAN_MYELIN_112037,21,EBV_TCELL_119155,HUMAN_MYELIN_112037,4,FVGWLCKKD,1,AQGTLSKIF,5,All manifest-contained 9-mer window combinations retained for sensitivity; not a predictor-selected register or a re-ranking score.
EBV_TCELL_119155::HUMAN_MYELIN_112037,21,EBV_TCELL_119155,HUMAN_MYELIN_112037,4,FVGWLCKKD,2,QGTLSKIFK,0,All manifest-contained 9-mer window combinations retained for sensitivity; not a predictor-selected register or a re-ranking score.
EBV_TCELL_119155::HUMAN_MYELIN_112037,21,EBV_TCELL_119155,HUMAN_MYELIN_112037,4,FVGWLCKKD,3,GTLSKIFKL,0,All manifest-contained 9-mer window combinations retained for sensitivity; not a predictor-selected register or a re-ranking score.
EBV_TCELL_119155::HUMAN_MYELIN_112037,21,EBV_TCELL_119155,HUMAN_MYELIN_112037,4,FVGWLCKKD,4,TLSKIFKLG,0,All manifest-contained 9-mer window combinations retained for sensitivity; not a predictor-selected register or a re-ranking score.
EBV_TCELL_119155::HUMAN_MYELIN_112037,21,EBV_TCELL_119155,HUMAN_MYELIN_112037,4,FVGWLCKKD,5,LSKIFKLGG,0,All manifest-contained 9-mer window combinations retained for sensitivity; not a predictor-selected register or a re-ranking score.
EBV_TCELL_119155::HUMAN_MYELIN_112037,21,EBV_TCELL_119155,HUMAN_MYELIN_112037,4,FVGWLCKKD,6,SKIFKLGGR,0,All manifest-contained 9-mer window combinations retained for sensitivity; not a predictor-selected register or a re-ranking score.
EBV_TCELL_119155::HUMAN_MYELIN_112037,21,EBV_TCELL_119155,HUMAN_MYELIN_112037,4,FVGWLCKKD,7,KIFKLGGRD,0,All manifest-contained 9-mer window combinations retained for sensitivity; not a predictor-selected register or a re-ranking score.
EBV_TCELL_119155::HUMAN_MYELIN_112037,21,EBV_TCELL_119155,HUMAN_MYELIN_112037,4,FVGWLCKKD,8,IFKLGGRDS,0,All manifest-contained 9-mer window combinations retained for sensitivity; not a predictor-selected register or a re-ranking score.
EBV_TCELL_119155::HUMAN_MYELIN_112037,21,EBV_TCELL_119155,HUMAN_MYELIN_112037,4,FVGWLCKKD,9,FKLGGRDSR,0,All manifest-contained 9-mer window combinations retained for sensitivity; not a predictor-selected register or a re-ranking score.
EBV_TCELL_119155::HUMAN_MYELIN_112037,21,EBV_TCELL_119155,HUMAN_MYELIN_112037,4,FVGWLCKKD,10,KLGGRDSRS,0,All manifest-contained 9-mer window combinations retained for sensitivity; not a predictor-selected register or a re-ranking score.
EBV_TCELL_119155::HUMAN_MYELIN_112037,21,EBV_TCELL_119155,HUMAN_MYELIN_112037,4,FVGWLCKKD,11,LGGRDSRSG,0,All manifest-contained 9-mer window combinations retained for sensitivity; not a predictor-selected register or a re-ranking score.
EBV_TCELL_119155::HUMAN_MYELIN_112037,21,EBV_TCELL_119155,HUMAN_MYELIN_112037,4,FVGWLCKKD,12,GGRDSRSGS,0,All manifest-contained 9-mer window combinations retained for sensitivity; not a predictor-selected register or a re-ranking score.
EBV_TCELL_119155::HUMAN_MYELIN_112037,21,EBV_TCELL_119155,HUMAN_MYELIN_112037,4,FVGWLCKKD,13,GRDSRSGSP,0,All manifest-contained 9-mer window combinations retained for sensitivity; not a predictor-selected register or a re-ranking score.
EBV_TCELL_119155::HUMAN_MYELIN_112037,21,EBV_TCELL_119155,HUMAN_MYELIN_112037,4,FVGWLCKKD,14,RDSRSGSPM,0,All manifest-contained 9-mer window combinations retained for sensitivity; not a predictor-selected register or a re-ranking score.
EBV_TCELL_119155::HUMAN_MYELIN_112037,21,EBV_TCELL_119155,HUMAN_MYELIN_112037,4,FVGWLCKKD,15,DSRSGSPMA,0,All manifest-contained 9-mer window combinations retained for sensitivity; not a predictor-selected register or a re-ranking score.
EBV_TCELL_119155::HUMAN_MYELIN_112037,21,EBV_TCELL_119155,HUMAN_MYELIN_112037,4,FVGWLCKKD,16,SRSGSPMAR,0,All manifest-contained 9-mer window combinations retained for sensitivity; not a predictor-selected register or a re-ranking score.
EBV_TCELL_119155::HUMAN_MYELIN_112037,21,EBV_TCELL_119155,HUMAN_MYELIN_112037,4,FVGWLCKKD,17,RSGSPMARR,0,All manifest-contained 9-mer window combinations retained for sensitivity; not a predictor-selected register or a re-ranking score.
EBV_TCELL_119155::HUMAN_MYELIN_112037,21,EBV_TCELL_119155,HUMAN_MYELIN_112037,5,VGWLCKKDH,1,AQGTLSKIF,0,All manifest-contained 9-mer window combinations retained for sensitivity; not a predictor-selected register or a re-ranking score.
EBV_TCELL_119155::HUMAN_MYELIN_112037,21,EBV_TCELL_119155,HUMAN_MYELIN_112037,5,VGWLCKKDH,2,QGTLSKIFK,5,All manifest-contained 9-mer window combinations retained for sensitivity; not a predictor-selected register or a re-ranking score.
EBV_TCELL_119155::HUMAN_MYELIN_112037,21,EBV_TCELL_119155,HUMAN_MYELIN_112037,5,VGWLCKKDH,3,GTLSKIFKL,0,All manifest-contained 9-mer window combinations retained for sensitivity; not a predictor-selected register or a re-ranking score.
EBV_TCELL_119155::HUMAN_MYELIN_112037,21,EBV_TCELL_119155,HUMAN_MYELIN_112037,5,VGWLCKKDH,4,TLSKIFKLG,0,All manifest-contained 9-mer window combinations retained for sensitivity; not a predictor-selected register or a re-ranking score.
EBV_TCELL_119155::HUMAN_MYELIN_112037,21,EBV_TCELL_119155,HUMAN_MYELIN_112037,5,VGWLCKKDH,5,LSKIFKLGG,0,All manifest-contained 9-mer window combinations retained for sensitivity; not a predictor-selected register or a re-ranking score.
EBV_TCELL_119155::HUMAN_MYELIN_112037,21,EBV_TCELL_119155,HUMAN_MYELIN_112037,5,VGWLCKKDH,6,SKIFKLGGR,0,All manifest-contained 9-mer window combinations retained for sensitivity; not a predictor-selected register or a re-ranking score.
EBV_TCELL_119155::HUMAN_MYELIN_112037,21,EBV_TCELL_119155,HUMAN_MYELIN_112037,5,VGWLCKKDH,7,KIFKLGGRD,0,All manifest-contained 9-mer window combinations retained for sensitivity; not a predictor-selected register or a re-ranking score.
EBV_TCELL_119155::HUMAN_MYELIN_112037,21,EBV_TCELL_119155,HUMAN_MYELIN_112037,5,VGWLCKKDH,8,IFKLGGRDS,0,All manifest-contained 9-mer window combinations retained for sensitivity; not a predictor-selected register or a re-ranking score.
EBV_TCELL_119155::HUMAN_MYELIN_112037,21,EBV_TCELL_119155,HUMAN_MYELIN_112037,5,VGWLCKKDH,9,FKLGGRDSR,0,All manifest-contained 9-mer window combinations retained for sensitivity; not a predictor-selected register or a re-ranking score.
EBV_TCELL_119155::HUMAN_MYELIN_112037,21,EBV_TCELL_119155,HUMAN_MYELIN_112037,5,VGWLCKKDH,10,KLGGRDSRS,0,All manifest-contained 9-mer window combinations retained for sensitivity; not a predictor-selected register or a re-ranking score.
EBV_TCELL_119155::HUMAN_MYELIN_112037,21,EBV_TCELL_119155,HUMAN_MYELIN_112037,5,VGWLCKKDH,11,LGGRDSRSG,0,All manifest-contained 9-mer window combinations retained for sensitivity; not a predictor-selected register or a re-ranking score.
EBV_TCELL_119155::HUMAN_MYELIN_112037,21,EBV_TCELL_119155,HUMAN_MYELIN_112037,5,VGWLCKKDH,12,GGRDSRSGS,0,All manifest-contained 9-mer window combinations retained for sensitivity; not a predictor-selected register or a re-ranking score.
EBV_TCELL_119155::HUMAN_MYELIN_112037,21,EBV_TCELL_119155,HUMAN_MYELIN_112037,5,VGWLCKKDH,13,GRDSRSGSP,0,All manifest-contained 9-mer window combinations retained for sensitivity; not a predictor-selected register or a re-ranking score.
EBV_TCELL_119155::HUMAN_MYELIN_112037,21,EBV_TCELL_119155,HUMAN_MYELIN_112037,5,VGWLCKKDH,14,RDSRSGSPM,0,All manifest-contained 9-mer window combinations retained for sensitivity; not a predictor-selected register or a re-ranking score.
EBV_TCELL_119155::HUMAN_MYELIN_112037,21,EBV_TCELL_119155,HUMAN_MYELIN_112037,5,VGWLCKKDH,15,DSRSGSPMA,0,All manifest-contained 9-mer window combinations retained for sensitivity; not a predictor-selected register or a re-ranking score.
EBV_TCELL_119155::HUMAN_MYELIN_112037,21,EBV_TCELL_119155,HUMAN_MYELIN_112037,5,VGWLCKKDH,16,SRSGSPMAR,0,All manifest-contained 9-mer window combinations retained for sensitivity; not a predictor-selected register or a re-ranking score.
EBV_TCELL_119155::HUMAN_MYELIN_112037,21,EBV_TCELL_119155,HUMAN_MYELIN_112037,5,VGWLCKKDH,17,RSGSPMARR,0,All manifest-contained 9-mer window combinations retained for sensitivity; not a predictor-selected register or a re-ranking score.
EBV_TCELL_119155::HUMAN_MYELIN_112037,21,EBV_TCELL_119155,HUMAN_MYELIN_112037,6,GWLCKKDHT,1,AQGTLSKIF,0,All manifest-contained 9-mer window combinations retained for sensitivity; not a predictor-selected register or a re-ranking score.
EBV_TCELL_119155::HUMAN_MYELIN_112037,21,EBV_TCELL_119155,HUMAN_MYELIN_112037,6,GWLCKKDHT,2,QGTLSKIFK,0,All manifest-contained 9-mer window combinations retained for sensitivity; not a predictor-selected register or a re-ranking score.
EBV_TCELL_119155::HUMAN_MYELIN_112037,21,EBV_TCELL_119155,HUMAN_MYELIN_112037,6,GWLCKKDHT,3,GTLSKIFKL,5,All manifest-contained 9-mer window combinations retained for sensitivity; not a predictor-selected register or a re-ranking score.
EBV_TCELL_119155::HUMAN_MYELIN_112037,21,EBV_TCELL_119155,HUMAN_MYELIN_112037,6,GWLCKKDHT,4,TLSKIFKLG,0,All manifest-contained 9-mer window combinations retained for sensitivity; not a predictor-selected register or a re-ranking score.
EBV_TCELL_119155::HUMAN_MYELIN_112037,21,EBV_TCELL_119155,HUMAN_MYELIN_112037,6,GWLCKKDHT,5,LSKIFKLGG,0,All manifest-contained 9-mer window combinations retained for sensitivity; not a predictor-selected register or a re-ranking score.
EBV_TCELL_119155::HUMAN_MYELIN_112037,21,EBV_TCELL_119155,HUMAN_MYELIN_112037,6,GWLCKKDHT,6,SKIFKLGGR,0,All manifest-contained 9-mer window combinations retained for sensitivity; not a predictor-selected register or a re-ranking score.
EBV_TCELL_119155::HUMAN_MYELIN_112037,21,EBV_TCELL_119155,HUMAN_MYELIN_112037,6,GWLCKKDHT,7,KIFKLGGRD,0,All manifest-contained 9-mer window combinations retained for sensitivity; not a predictor-selected register or a re-ranking score.
EBV_TCELL_119155::HUMAN_MYELIN_112037,21,EBV_TCELL_119155,HUMAN_MYELIN_112037,6,GWLCKKDHT,8,IFKLGGRDS,0,All manifest-contained 9-mer window combinations retained for sensitivity; not a predictor-selected register or a re-ranking score.
EBV_TCELL_119155::HUMAN_MYELIN_112037,21,EBV_TCELL_119155,HUMAN_MYELIN_112037,6,GWLCKKDHT,9,FKLGGRDSR,0,All manifest-contained 9-mer window combinations retained for sensitivity; not a predictor-selected register or a re-ranking score.
EBV_TCELL_119155::HUMAN_MYELIN_112037,21,EBV_TCELL_119155,HUMAN_MYELIN_112037,6,GWLCKKDHT,10,KLGGRDSRS,0,All manifest-contained 9-mer window combinations retained for sensitivity; not a predictor-selected register or a re-ranking score.
EBV_TCELL_119155::HUMAN_MYELIN_112037,21,EBV_TCELL_119155,HUMAN_MYELIN_112037,6,GWLCKKDHT,11,LGGRDSRSG,0,All manifest-contained 9-mer window combinations retained for sensitivity; not a predictor-selected register or a re-ranking score.
EBV_TCELL_119155::HUMAN_MYELIN_112037,21,EBV_TCELL_119155,HUMAN_MYELIN_112037,6,GWLCKKDHT,12,GGRDSRSGS,0,All manifest-contained 9-mer window combinations retained for sensitivity; not a predictor-selected register or a re-ranking score.
EBV_TCELL_119155::HUMAN_MYELIN_112037,21,EBV_TCELL_119155,HUMAN_MYELIN_112037,6,GWLCKKDHT,13,GRDSRSGSP,0,All manifest-contained 9-mer window combinations retained for sensitivity; not a predictor-selected register or a re-ranking score.
EBV_TCELL_119155::HUMAN_MYELIN_112037,21,EBV_TCELL_119155,HUMAN_MYELIN_112037,6,GWLCKKDHT,14,RDSRSGSPM,0,All manifest-contained 9-mer window combinations retained for sensitivity; not a predictor-selected register or a re-ranking score.
EBV_TCELL_119155::HUMAN_MYELIN_112037,21,EBV_TCELL_119155,HUMAN_MYELIN_112037,6,GWLCKKDHT,15,DSRSGSPMA,0,All manifest-contained 9-mer window combinations retained for sensitivity; not a predictor-selected register or a re-ranking score.
EBV_TCELL_119155::HUMAN_MYELIN_112037,21,EBV_TCELL_119155,HUMAN_MYELIN_112037,6,GWLCKKDHT,16,SRSGSPMAR,0,All manifest-contained 9-mer window combinations retained for sensitivity; not a predictor-selected register or a re-ranking score.
EBV_TCELL_119155::HUMAN_MYELIN_112037,21,EBV_TCELL_119155,HUMAN_MYELIN_112037,6,GWLCKKDHT,17,RSGSPMARR,0,All manifest-contained 9-mer window combinations retained for sensitivity; not a predictor-selected register or a re-ranking score.
EBV_TCELL_119155::HUMAN_MYELIN_112037,21,EBV_TCELL_119155,HUMAN_MYELIN_112037,7,WLCKKDHTH,1,AQGTLSKIF,0,All manifest-contained 9-mer window combinations retained for sensitivity; not a predictor-selected register or a re-ranking score.
EBV_TCELL_119155::HUMAN_MYELIN_112037,21,EBV_TCELL_119155,HUMAN_MYELIN_112037,7,WLCKKDHTH,2,QGTLSKIFK,0,All manifest-contained 9-mer window combinations retained for sensitivity; not a predictor-selected register or a re-ranking score.
EBV_TCELL_119155::HUMAN_MYELIN_112037,21,EBV_TCELL_119155,HUMAN_MYELIN_112037,7,WLCKKDHTH,3,GTLSKIFKL,0,All manifest-contained 9-mer window combinations retained for sensitivity; not a predictor-selected register or a re-ranking score.
EBV_TCELL_119155::HUMAN_MYELIN_112037,21,EBV_TCELL_119155,HUMAN_MYELIN_112037,7,WLCKKDHTH,4,TLSKIFKLG,4,All manifest-contained 9-mer window combinations retained for sensitivity; not a predictor-selected register or a re-ranking score.
EBV_TCELL_119155::HUMAN_MYELIN_112037,21,EBV_TCELL_119155,HUMAN_MYELIN_112037,7,WLCKKDHTH,5,LSKIFKLGG,0,All manifest-contained 9-mer window combinations retained for sensitivity; not a predictor-selected register or a re-ranking score.
EBV_TCELL_119155::HUMAN_MYELIN_112037,21,EBV_TCELL_119155,HUMAN_MYELIN_112037,7,WLCKKDHTH,6,SKIFKLGGR,0,All manifest-contained 9-mer window combinations retained for sensitivity; not a predictor-selected register or a re-ranking score.
EBV_TCELL_119155::HUMAN_MYELIN_112037,21,EBV_TCELL_119155,HUMAN_MYELIN_112037,7,WLCKKDHTH,7,KIFKLGGRD,0,All manifest-contained 9-mer window combinations retained for sensitivity; not a predictor-selected register or a re-ranking score.
EBV_TCELL_119155::HUMAN_MYELIN_112037,21,EBV_TCELL_119155,HUMAN_MYELIN_112037,7,WLCKKDHTH,8,IFKLGGRDS,0,All manifest-contained 9-mer window combinations retained for sensitivity; not a predictor-selected register or a re-ranking score.
EBV_TCELL_119155::HUMAN_MYELIN_112037,21,EBV_TCELL_119155,HUMAN_MYELIN_112037,7,WLCKKDHTH,9,FKLGGRDSR,0,All manifest-contained 9-mer window combinations retained for sensitivity; not a predictor-selected register or a re-ranking score.
EBV_TCELL_119155::HUMAN_MYELIN_112037,21,EBV_TCELL_119155,HUMAN_MYELIN_112037,7,WLCKKDHTH,10,KLGGRDSRS,0,All manifest-contained 9-mer window combinations retained for sensitivity; not a predictor-selected register or a re-ranking score.
EBV_TCELL_119155::HUMAN_MYELIN_112037,21,EBV_TCELL_119155,HUMAN_MYELIN_112037,7,WLCKKDHTH,11,LGGRDSRSG,0,All manifest-contained 9-mer window combinations retained for sensitivity; not a predictor-selected register or a re-ranking score.
EBV_TCELL_119155::HUMAN_MYELIN_112037,21,EBV_TCELL_119155,HUMAN_MYELIN_112037,7,WLCKKDHTH,12,GGRDSRSGS,0,All manifest-contained 9-mer window combinations retained for sensitivity; not a predictor-selected register or a re-ranking score.
EBV_TCELL_119155::HUMAN_MYELIN_112037,21,EBV_TCELL_119155,HUMAN_MYELIN_112037,7,WLCKKDHTH,13,GRDSRSGSP,0,All manifest-contained 9-mer window combinations retained for sensitivity; not a predictor-selected register or a re-ranking score.
EBV_TCELL_119155::HUMAN_MYELIN_112037,21,EBV_TCELL_119155,HUMAN_MYELIN_112037,7,WLCKKDHTH,14,RDSRSGSPM,0,All manifest-contained 9-mer window combinations retained for sensitivity; not a predictor-selected register or a re-ranking score.
EBV_TCELL_119155::HUMAN_MYELIN_112037,21,EBV_TCELL_119155,HUMAN_MYELIN_112037,7,WLCKKDHTH,15,DSRSGSPMA,0,All manifest-contained 9-mer window combinations retained for sensitivity; not a predictor-selected register or a re-ranking score.
EBV_TCELL_119155::HUMAN_MYELIN_112037,21,EBV_TCELL_119155,HUMAN_MYELIN_112037,7,WLCKKDHTH,16,SRSGSPMAR,0,All manifest-contained 9-mer window combinations retained for sensitivity; not a predictor-selected register or a re-ranking score.
EBV_TCELL_119155::HUMAN_MYELIN_112037,21,EBV_TCELL_119155,HUMAN_MYELIN_112037,7,WLCKKDHTH,17,RSGSPMARR,0,All manifest-contained 9-mer window combinations retained for sensitivity; not a predictor-selected register or a re-ranking score.
EBV_TCELL_119155::HUMAN_MYELIN_112037,21,EBV_TCELL_119155,HUMAN_MYELIN_112037,8,LCKKDHTHI,1,AQGTLSKIF,0,All manifest-contained 9-mer window combinations retained for sensitivity; not a predictor-selected register or a re-ranking score.
EBV_TCELL_119155::HUMAN_MYELIN_112037,21,EBV_TCELL_119155,HUMAN_MYELIN_112037,8,LCKKDHTHI,2,QGTLSKIFK,0,All manifest-contained 9-mer window combinations retained for sensitivity; not a predictor-selected register or a re-ranking score.
EBV_TCELL_119155::HUMAN_MYELIN_112037,21,EBV_TCELL_119155,HUMAN_MYELIN_112037,8,LCKKDHTHI,3,GTLSKIFKL,0,All manifest-contained 9-mer window combinations retained for sensitivity; not a predictor-selected register or a re-ranking score.
EBV_TCELL_119155::HUMAN_MYELIN_112037,21,EBV_TCELL_119155,HUMAN_MYELIN_112037,8,LCKKDHTHI,4,TLSKIFKLG,0,All manifest-contained 9-mer window combinations retained for sensitivity; not a predictor-selected register or a re-ranking score.
EBV_TCELL_119155::HUMAN_MYELIN_112037,21,EBV_TCELL_119155,HUMAN_MYELIN_112037,8,LCKKDHTHI,5,LSKIFKLGG,3,All manifest-contained 9-mer window combinations retained for sensitivity; not a predictor-selected register or a re-ranking score.
EBV_TCELL_119155::HUMAN_MYELIN_112037,21,EBV_TCELL_119155,HUMAN_MYELIN_112037,8,LCKKDHTHI,6,SKIFKLGGR,0,All manifest-contained 9-mer window combinations retained for sensitivity; not a predictor-selected register or a re-ranking score.
EBV_TCELL_119155::HUMAN_MYELIN_112037,21,EBV_TCELL_119155,HUMAN_MYELIN_112037,8,LCKKDHTHI,7,KIFKLGGRD,0,All manifest-contained 9-mer window combinations retained for sensitivity; not a predictor-selected register or a re-ranking score.
EBV_TCELL_119155::HUMAN_MYELIN_112037,21,EBV_TCELL_119155,HUMAN_MYELIN_112037,8,LCKKDHTHI,8,IFKLGGRDS,0,All manifest-contained 9-mer window combinations retained for sensitivity; not a predictor-selected register or a re-ranking score.
EBV_TCELL_119155::HUMAN_MYELIN_112037,21,EBV_TCELL_119155,HUMAN_MYELIN_112037,8,LCKKDHTHI,9,FKLGGRDSR,0,All manifest-contained 9-mer window combinations retained for sensitivity; not a predictor-selected register or a re-ranking score.
EBV_TCELL_119155::HUMAN_MYELIN_112037,21,EBV_TCELL_119155,HUMAN_MYELIN_112037,8,LCKKDHTHI,10,KLGGRDSRS,0,All manifest-contained 9-mer window combinations retained for sensitivity; not a predictor-selected register or a re-ranking score.
EBV_TCELL_119155::HUMAN_MYELIN_112037,21,EBV_TCELL_119155,HUMAN_MYELIN_112037,8,LCKKDHTHI,11,LGGRDSRSG,0,All manifest-contained 9-mer window combinations retained for sensitivity; not a predictor-selected register or a re-ranking score.
EBV_TCELL_119155::HUMAN_MYELIN_112037,21,EBV_TCELL_119155,HUMAN_MYELIN_112037,8,LCKKDHTHI,12,GGRDSRSGS,0,All manifest-contained 9-mer window combinations retained for sensitivity; not a predictor-selected register or a re-ranking score.
EBV_TCELL_119155::HUMAN_MYELIN_112037,21,EBV_TCELL_119155,HUMAN_MYELIN_112037,8,LCKKDHTHI,13,GRDSRSGSP,0,All manifest-contained 9-mer window combinations retained for sensitivity; not a predictor-selected register or a re-ranking score.
EBV_TCELL_119155::HUMAN_MYELIN_112037,21,EBV_TCELL_119155,HUMAN_MYELIN_112037,8,LCKKDHTHI,14,RDSRSGSPM,0,All manifest-contained 9-mer window combinations retained for sensitivity; not a predictor-selected register or a re-ranking score.
EBV_TCELL_119155::HUMAN_MYELIN_112037,21,EBV_TCELL_119155,HUMAN_MYELIN_112037,8,LCKKDHTHI,15,DSRSGSPMA,0,All manifest-contained 9-mer window combinations retained for sensitivity; not a predictor-selected register or a re-ranking score.
EBV_TCELL_119155::HUMAN_MYELIN_112037,21,EBV_TCELL_119155,HUMAN_MYELIN_112037,8,LCKKDHTHI,16,SRSGSPMAR,0,All manifest-contained 9-mer window combinations retained for sensitivity; not a predictor-selected register or a re-ranking score.
EBV_TCELL_119155::HUMAN_MYELIN_112037,21,EBV_TCELL_119155,HUMAN_MYELIN_112037,8,LCKKDHTHI,17,RSGSPMARR,0,All manifest-contained 9-mer window combinations retained for sensitivity; not a predictor-selected register or a re-ranking score.
EBV_TCELL_119155::HUMAN_MYELIN_112037,21,EBV_TCELL_119155,HUMAN_MYELIN_112037,9,CKKDHTHIR,1,AQGTLSKIF,0,All manifest-contained 9-mer window combinations retained for sensitivity; not a predictor-selected register or a re-ranking score.
EBV_TCELL_119155::HUMAN_MYELIN_112037,21,EBV_TCELL_119155,HUMAN_MYELIN_112037,9,CKKDHTHIR,2,QGTLSKIFK,0,All manifest-contained 9-mer window combinations retained for sensitivity; not a predictor-selected register or a re-ranking score.
EBV_TCELL_119155::HUMAN_MYELIN_112037,21,EBV_TCELL_119155,HUMAN_MYELIN_112037,9,CKKDHTHIR,3,GTLSKIFKL,0,All manifest-contained 9-mer window combinations retained for sensitivity; not a predictor-selected register or a re-ranking score.
EBV_TCELL_119155::HUMAN_MYELIN_112037,21,EBV_TCELL_119155,HUMAN_MYELIN_112037,9,CKKDHTHIR,4,TLSKIFKLG,0,All manifest-contained 9-mer window combinations retained for sensitivity; not a predictor-selected register or a re-ranking score.
EBV_TCELL_119155::HUMAN_MYELIN_112037,21,EBV_TCELL_119155,HUMAN_MYELIN_112037,9,CKKDHTHIR,5,LSKIFKLGG,0,All manifest-contained 9-mer window combinations retained for sensitivity; not a predictor-selected register or a re-ranking score.
EBV_TCELL_119155::HUMAN_MYELIN_112037,21,EBV_TCELL_119155,HUMAN_MYELIN_112037,9,CKKDHTHIR,6,SKIFKLGGR,2,All manifest-contained 9-mer window combinations retained for sensitivity; not a predictor-selected register or a re-ranking score.
EBV_TCELL_119155::HUMAN_MYELIN_112037,21,EBV_TCELL_119155,HUMAN_MYELIN_112037,9,CKKDHTHIR,7,KIFKLGGRD,0,All manifest-contained 9-mer window combinations retained for sensitivity; not a predictor-selected register or a re-ranking score.
EBV_TCELL_119155::HUMAN_MYELIN_112037,21,EBV_TCELL_119155,HUMAN_MYELIN_112037,9,CKKDHTHIR,8,IFKLGGRDS,0,All manifest-contained 9-mer window combinations retained for sensitivity; not a predictor-selected register or a re-ranking score.
EBV_TCELL_119155::HUMAN_MYELIN_112037,21,EBV_TCELL_119155,HUMAN_MYELIN_112037,9,CKKDHTHIR,9,FKLGGRDSR,0,All manifest-contained 9-mer window combinations retained for sensitivity; not a predictor-selected register or a re-ranking score.
EBV_TCELL_119155::HUMAN_MYELIN_112037,21,EBV_TCELL_119155,HUMAN_MYELIN_112037,9,CKKDHTHIR,10,KLGGRDSRS,0,All manifest-contained 9-mer window combinations retained for sensitivity; not a predictor-selected register or a re-ranking score.
EBV_TCELL_119155::HUMAN_MYELIN_112037,21,EBV_TCELL_119155,HUMAN_MYELIN_112037,9,CKKDHTHIR,11,LGGRDSRSG,0,All manifest-contained 9-mer window combinations retained for sensitivity; not a predictor-selected register or a re-ranking score.
EBV_TCELL_119155::HUMAN_MYELIN_112037,21,EBV_TCELL_119155,HUMAN_MYELIN_112037,9,CKKDHTHIR,12,GGRDSRSGS,0,All manifest-contained 9-mer window combinations retained for sensitivity; not a predictor-selected register or a re-ranking score.
EBV_TCELL_119155::HUMAN_MYELIN_112037,21,EBV_TCELL_119155,HUMAN_MYELIN_112037,9,CKKDHTHIR,13,GRDSRSGSP,0,All manifest-contained 9-mer window combinations retained for sensitivity; not a predictor-selected register or a re-ranking score.
EBV_TCELL_119155::HUMAN_MYELIN_112037,21,EBV_TCELL_119155,HUMAN_MYELIN_112037,9,CKKDHTHIR,14,RDSRSGSPM,0,All manifest-contained 9-mer window combinations retained for sensitivity; not a predictor-selected register or a re-ranking score.
EBV_TCELL_119155::HUMAN_MYELIN_112037,21,EBV_TCELL_119155,HUMAN_MYELIN_112037,9,CKKDHTHIR,15,DSRSGSPMA,0,All manifest-contained 9-mer window combinations retained for sensitivity; not a predictor-selected register or a re-ranking score.
EBV_TCELL_119155::HUMAN_MYELIN_112037,21,EBV_TCELL_119155,HUMAN_MYELIN_112037,9,CKKDHTHIR,16,SRSGSPMAR,0,All manifest-contained 9-mer window combinations retained for sensitivity; not a predictor-selected register or a re-ranking score.
EBV_TCELL_119155::HUMAN_MYELIN_112037,21,EBV_TCELL_119155,HUMAN_MYELIN_112037,9,CKKDHTHIR,17,RSGSPMARR,0,All manifest-contained 9-mer window combinations retained for sensitivity; not a predictor-selected register or a re-ranking score.
EBV_TCELL_119155::HUMAN_MYELIN_112037,21,EBV_TCELL_119155,HUMAN_MYELIN_112037,10,KKDHTHIRE,1,AQGTLSKIF,0,All manifest-contained 9-mer window combinations retained for sensitivity; not a predictor-selected register or a re-ranking score.
EBV_TCELL_119155::HUMAN_MYELIN_112037,21,EBV_TCELL_119155,HUMAN_MYELIN_112037,10,KKDHTHIRE,2,QGTLSKIFK,0,All manifest-contained 9-mer window combinations retained for sensitivity; not a predictor-selected register or a re-ranking score.
EBV_TCELL_119155::HUMAN_MYELIN_112037,21,EBV_TCELL_119155,HUMAN_MYELIN_112037,10,KKDHTHIRE,3,GTLSKIFKL,0,All manifest-contained 9-mer window combinations retained for sensitivity; not a predictor-selected register or a re-ranking score.
EBV_TCELL_119155::HUMAN_MYELIN_112037,21,EBV_TCELL_119155,HUMAN_MYELIN_112037,10,KKDHTHIRE,4,TLSKIFKLG,0,All manifest-contained 9-mer window combinations retained for sensitivity; not a predictor-selected register or a re-ranking score.
EBV_TCELL_119155::HUMAN_MYELIN_112037,21,EBV_TCELL_119155,HUMAN_MYELIN_112037,10,KKDHTHIRE,5,LSKIFKLGG,0,All manifest-contained 9-mer window combinations retained for sensitivity; not a predictor-selected register or a re-ranking score.
EBV_TCELL_119155::HUMAN_MYELIN_112037,21,EBV_TCELL_119155,HUMAN_MYELIN_112037,10,KKDHTHIRE,6,SKIFKLGGR,0,All manifest-contained 9-mer window combinations retained for sensitivity; not a predictor-selected register or a re-ranking score.
EBV_TCELL_119155::HUMAN_MYELIN_112037,21,EBV_TCELL_119155,HUMAN_MYELIN_112037,10,KKDHTHIRE,7,KIFKLGGRD,1,All manifest-contained 9-mer window combinations retained for sensitivity; not a predictor-selected register or a re-ranking score.
EBV_TCELL_119155::HUMAN_MYELIN_112037,21,EBV_TCELL_119155,HUMAN_MYELIN_112037,10,KKDHTHIRE,8,IFKLGGRDS,0,All manifest-contained 9-mer window combinations retained for sensitivity; not a predictor-selected register or a re-ranking score.
EBV_TCELL_119155::HUMAN_MYELIN_112037,21,EBV_TCELL_119155,HUMAN_MYELIN_112037,10,KKDHTHIRE,9,FKLGGRDSR,0,All manifest-contained 9-mer window combinations retained for sensitivity; not a predictor-selected register or a re-ranking score.
EBV_TCELL_119155::HUMAN_MYELIN_112037,21,EBV_TCELL_119155,HUMAN_MYELIN_112037,10,KKDHTHIRE,10,KLGGRDSRS,0,All manifest-contained 9-mer window combinations retained for sensitivity; not a predictor-selected register or a re-ranking score.
EBV_TCELL_119155::HUMAN_MYELIN_112037,21,EBV_TCELL_119155,HUMAN_MYELIN_112037,10,KKDHTHIRE,11,LGGRDSRSG,0,All manifest-contained 9-mer window combinations retained for sensitivity; not a predictor-selected register or a re-ranking score.
EBV_TCELL_119155::HUMAN_MYELIN_112037,21,EBV_TCELL_119155,HUMAN_MYELIN_112037,10,KKDHTHIRE,12,GGRDSRSGS,0,All manifest-contained 9-mer window combinations retained for sensitivity; not a predictor-selected register or a re-ranking score.
EBV_TCELL_119155::HUMAN_MYELIN_112037,21,EBV_TCELL_119155,HUMAN_MYELIN_112037,10,KKDHTHIRE,13,GRDSRSGSP,0,All manifest-contained 9-mer window combinations retained for sensitivity; not a predictor-selected register or a re-ranking score.
EBV_TCELL_119155::HUMAN_MYELIN_112037,21,EBV_TCELL_119155,HUMAN_MYELIN_112037,10,KKDHTHIRE,14,RDSRSGSPM,0,All manifest-contained 9-mer window combinations retained for sensitivity; not a predictor-selected register or a re-ranking score.
EBV_TCELL_119155::HUMAN_MYELIN_112037,21,EBV_TCELL_119155,HUMAN_MYELIN_112037,10,KKDHTHIRE,15,DSRSGSPMA,0,All manifest-contained 9-mer window combinations retained for sensitivity; not a predictor-selected register or a re-ranking score.
EBV_TCELL_119155::HUMAN_MYELIN_112037,21,EBV_TCELL_119155,HUMAN_MYELIN_112037,10,KKDHTHIRE,16,SRSGSPMAR,0,All manifest-contained 9-mer window combinations retained for sensitivity; not a predictor-selected register or a re-ranking score.
EBV_TCELL_119155::HUMAN_MYELIN_112037,21,EBV_TCELL_119155,HUMAN_MYELIN_112037,10,KKDHTHIRE,17,RSGSPMARR,0,All manifest-contained 9-mer window combinations retained for sensitivity; not a predictor-selected register or a re-ranking score.
EBV_TCELL_119155::HUMAN_MYELIN_112037,21,EBV_TCELL_119155,HUMAN_MYELIN_112037,11,KDHTHIREW,1,AQGTLSKIF,0,All manifest-contained 9-mer window combinations retained for sensitivity; not a predictor-selected register or a re-ranking score.
EBV_TCELL_119155::HUMAN_MYELIN_112037,21,EBV_TCELL_119155,HUMAN_MYELIN_112037,11,KDHTHIREW,2,QGTLSKIFK,0,All manifest-contained 9-mer window combinations retained for sensitivity; not a predictor-selected register or a re-ranking score.
EBV_TCELL_119155::HUMAN_MYELIN_112037,21,EBV_TCELL_119155,HUMAN_MYELIN_112037,11,KDHTHIREW,3,GTLSKIFKL,0,All manifest-contained 9-mer window combinations retained for sensitivity; not a predictor-selected register or a re-ranking score.
EBV_TCELL_119155::HUMAN_MYELIN_112037,21,EBV_TCELL_119155,HUMAN_MYELIN_112037,11,KDHTHIREW,4,TLSKIFKLG,0,All manifest-contained 9-mer window combinations retained for sensitivity; not a predictor-selected register or a re-ranking score.
EBV_TCELL_119155::HUMAN_MYELIN_112037,21,EBV_TCELL_119155,HUMAN_MYELIN_112037,11,KDHTHIREW,5,LSKIFKLGG,0,All manifest-contained 9-mer window combinations retained for sensitivity; not a predictor-selected register or a re-ranking score.
EBV_TCELL_119155::HUMAN_MYELIN_112037,21,EBV_TCELL_119155,HUMAN_MYELIN_112037,11,KDHTHIREW,6,SKIFKLGGR,0,All manifest-contained 9-mer window combinations retained for sensitivity; not a predictor-selected register or a re-ranking score.
EBV_TCELL_119155::HUMAN_MYELIN_112037,21,EBV_TCELL_119155,HUMAN_MYELIN_112037,11,KDHTHIREW,7,KIFKLGGRD,0,All manifest-contained 9-mer window combinations retained for sensitivity; not a predictor-selected register or a re-ranking score.
EBV_TCELL_119155::HUMAN_MYELIN_112037,21,EBV_TCELL_119155,HUMAN_MYELIN_112037,11,KDHTHIREW,8,IFKLGGRDS,0,All manifest-contained 9-mer window combinations retained for sensitivity; not a predictor-selected register or a re-ranking score.
EBV_TCELL_119155::HUMAN_MYELIN_112037,21,EBV_TCELL_119155,HUMAN_MYELIN_112037,11,KDHTHIREW,9,FKLGGRDSR,0,All manifest-contained 9-mer window combinations retained for sensitivity; not a predictor-selected register or a re-ranking score.
EBV_TCELL_119155::HUMAN_MYELIN_112037,21,EBV_TCELL_119155,HUMAN_MYELIN_112037,11,KDHTHIREW,10,KLGGRDSRS,0,All manifest-contained 9-mer window combinations retained for sensitivity; not a predictor-selected register or a re-ranking score.
EBV_TCELL_119155::HUMAN_MYELIN_112037,21,EBV_TCELL_119155,HUMAN_MYELIN_112037,11,KDHTHIREW,11,LGGRDSRSG,0,All manifest-contained 9-mer window combinations retained for sensitivity; not a predictor-selected register or a re-ranking score.
EBV_TCELL_119155::HUMAN_MYELIN_112037,21,EBV_TCELL_119155,HUMAN_MYELIN_112037,11,KDHTHIREW,12,GGRDSRSGS,0,All manifest-contained 9-mer window combinations retained for sensitivity; not a predictor-selected register or a re-ranking score.
EBV_TCELL_119155::HUMAN_MYELIN_112037,21,EBV_TCELL_119155,HUMAN_MYELIN_112037,11,KDHTHIREW,13,GRDSRSGSP,0,All manifest-contained 9-mer window combinations retained for sensitivity; not a predictor-selected register or a re-ranking score.
EBV_TCELL_119155::HUMAN_MYELIN_112037,21,EBV_TCELL_119155,HUMAN_MYELIN_112037,11,KDHTHIREW,14,RDSRSGSPM,0,All manifest-contained 9-mer window combinations retained for sensitivity; not a predictor-selected register or a re-ranking score.
EBV_TCELL_119155::HUMAN_MYELIN_112037,21,EBV_TCELL_119155,HUMAN_MYELIN_112037,11,KDHTHIREW,15,DSRSGSPMA,0,All manifest-contained 9-mer window combinations retained for sensitivity; not a predictor-selected register or a re-ranking score.
EBV_TCELL_119155::HUMAN_MYELIN_112037,21,EBV_TCELL_119155,HUMAN_MYELIN_112037,11,KDHTHIREW,16,SRSGSPMAR,0,All manifest-contained 9-mer window combinations retained for sensitivity; not a predictor-selected register or a re-ranking score.
EBV_TCELL_119155::HUMAN_MYELIN_112037,21,EBV_TCELL_119155,HUMAN_MYELIN_112037,11,KDHTHIREW,17,RSGSPMARR,0,All manifest-contained 9-mer window combinations retained for sensitivity; not a predictor-selected register or a re-ranking score.
EBV_TCELL_119155::HUMAN_MYELIN_112037,21,EBV_TCELL_119155,HUMAN_MYELIN_112037,12,DHTHIREWF,1,AQGTLSKIF,0,All manifest-contained 9-mer window combinations retained for sensitivity; not a predictor-selected register or a re-ranking score.
EBV_TCELL_119155::HUMAN_MYELIN_112037,21,EBV_TCELL_119155,HUMAN_MYELIN_112037,12,DHTHIREWF,2,QGTLSKIFK,0,All manifest-contained 9-mer window combinations retained for sensitivity; not a predictor-selected register or a re-ranking score.
EBV_TCELL_119155::HUMAN_MYELIN_112037,21,EBV_TCELL_119155,HUMAN_MYELIN_112037,12,DHTHIREWF,3,GTLSKIFKL,0,All manifest-contained 9-mer window combinations retained for sensitivity; not a predictor-selected register or a re-ranking score.
EBV_TCELL_119155::HUMAN_MYELIN_112037,21,EBV_TCELL_119155,HUMAN_MYELIN_112037,12,DHTHIREWF,4,TLSKIFKLG,0,All manifest-contained 9-mer window combinations retained for sensitivity; not a predictor-selected register or a re-ranking score.
EBV_TCELL_119155::HUMAN_MYELIN_112037,21,EBV_TCELL_119155,HUMAN_MYELIN_112037,12,DHTHIREWF,5,LSKIFKLGG,0,All manifest-contained 9-mer window combinations retained for sensitivity; not a predictor-selected register or a re-ranking score.
EBV_TCELL_119155::HUMAN_MYELIN_112037,21,EBV_TCELL_119155,HUMAN_MYELIN_112037,12,DHTHIREWF,6,SKIFKLGGR,0,All manifest-contained 9-mer window combinations retained for sensitivity; not a predictor-selected register or a re-ranking score.
EBV_TCELL_119155::HUMAN_MYELIN_112037,21,EBV_TCELL_119155,HUMAN_MYELIN_112037,12,DHTHIREWF,7,KIFKLGGRD,0,All manifest-contained 9-mer window combinations retained for sensitivity; not a predictor-selected register or a re-ranking score.
EBV_TCELL_119155::HUMAN_MYELIN_112037,21,EBV_TCELL_119155,HUMAN_MYELIN_112037,12,DHTHIREWF,8,IFKLGGRDS,0,All manifest-contained 9-mer window combinations retained for sensitivity; not a predictor-selected register or a re-ranking score.
EBV_TCELL_119155::HUMAN_MYELIN_112037,21,EBV_TCELL_119155,HUMAN_MYELIN_112037,12,DHTHIREWF,9,FKLGGRDSR,0,All manifest-contained 9-mer window combinations retained for sensitivity; not a predictor-selected register or a re-ranking score.
EBV_TCELL_119155::HUMAN_MYELIN_112037,21,EBV_TCELL_119155,HUMAN_MYELIN_112037,12,DHTHIREWF,10,KLGGRDSRS,0,All manifest-contained 9-mer window combinations retained for sensitivity; not a predictor-selected register or a re-ranking score.
EBV_TCELL_119155::HUMAN_MYELIN_112037,21,EBV_TCELL_119155,HUMAN_MYELIN_112037,12,DHTHIREWF,11,LGGRDSRSG,0,All manifest-contained 9-mer window combinations retained for sensitivity; not a predictor-selected register or a re-ranking score.
EBV_TCELL_119155::HUMAN_MYELIN_112037,21,EBV_TCELL_119155,HUMAN_MYELIN_112037,12,DHTHIREWF,12,GGRDSRSGS,0,All manifest-contained 9-mer window combinations retained for sensitivity; not a predictor-selected register or a re-ranking score.
EBV_TCELL_119155::HUMAN_MYELIN_112037,21,EBV_TCELL_119155,HUMAN_MYELIN_112037,12,DHTHIREWF,13,GRDSRSGSP,0,All manifest-contained 9-mer window combinations retained for sensitivity; not a predictor-selected register or a re-ranking score.
EBV_TCELL_119155::HUMAN_MYELIN_112037,21,EBV_TCELL_119155,HUMAN_MYELIN_112037,12,DHTHIREWF,14,RDSRSGSPM,0,All manifest-contained 9-mer window combinations retained for sensitivity; not a predictor-selected register or a re-ranking score.
EBV_TCELL_119155::HUMAN_MYELIN_112037,21,EBV_TCELL_119155,HUMAN_MYELIN_112037,12,DHTHIREWF,15,DSRSGSPMA,0,All manifest-contained 9-mer window combinations retained for sensitivity; not a predictor-selected register or a re-ranking score.
EBV_TCELL_119155::HUMAN_MYELIN_112037,21,EBV_TCELL_119155,HUMAN_MYELIN_112037,12,DHTHIREWF,16,SRSGSPMAR,0,All manifest-contained 9-mer window combinations retained for sensitivity; not a predictor-selected register or a re-ranking score.
EBV_TCELL_119155::HUMAN_MYELIN_112037,21,EBV_TCELL_119155,HUMAN_MYELIN_112037,12,DHTHIREWF,17,RSGSPMARR,0,All manifest-contained 9-mer window combinations retained for sensitivity; not a predictor-selected register or a re-ranking score.
EBV_TCELL_1862913::HUMAN_MYELIN_117032,22,EBV_TCELL_1862913,HUMAN_MYELIN_117032,1,NILRIYYSP,1,KVCGSNLLS,0,All manifest-contained 9-mer window combinations retained for sensitivity; not a predictor-selected register or a re-ranking score.
EBV_TCELL_1862913::HUMAN_MYELIN_117032,22,EBV_TCELL_1862913,HUMAN_MYELIN_117032,1,NILRIYYSP,2,VCGSNLLSI,0,All manifest-contained 9-mer window combinations retained for sensitivity; not a predictor-selected register or a re-ranking score.
EBV_TCELL_1862913::HUMAN_MYELIN_117032,22,EBV_TCELL_1862913,HUMAN_MYELIN_117032,1,NILRIYYSP,3,CGSNLLSIC,0,All manifest-contained 9-mer window combinations retained for sensitivity; not a predictor-selected register or a re-ranking score.
EBV_TCELL_1862913::HUMAN_MYELIN_117032,22,EBV_TCELL_1862913,HUMAN_MYELIN_117032,1,NILRIYYSP,4,GSNLLSICK,0,All manifest-contained 9-mer window combinations retained for sensitivity; not a predictor-selected register or a re-ranking score.
EBV_TCELL_1862913::HUMAN_MYELIN_117032,22,EBV_TCELL_1862913,HUMAN_MYELIN_117032,1,NILRIYYSP,5,SNLLSICKT,0,All manifest-contained 9-mer window combinations retained for sensitivity; not a predictor-selected register or a re-ranking score.
EBV_TCELL_1862913::HUMAN_MYELIN_117032,22,EBV_TCELL_1862913,HUMAN_MYELIN_117032,1,NILRIYYSP,6,NLLSICKTA,5,All manifest-contained 9-mer window combinations retained for sensitivity; not a predictor-selected register or a re-ranking score.
EBV_TCELL_1862913::HUMAN_MYELIN_117032,22,EBV_TCELL_1862913,HUMAN_MYELIN_117032,1,NILRIYYSP,7,LLSICKTAE,0,All manifest-contained 9-mer window combinations retained for sensitivity; not a predictor-selected register or a re-ranking score.
EBV_TCELL_1862913::HUMAN_MYELIN_117032,22,EBV_TCELL_1862913,HUMAN_MYELIN_117032,1,NILRIYYSP,8,LSICKTAEF,0,All manifest-contained 9-mer window combinations retained for sensitivity; not a predictor-selected register or a re-ranking score.
EBV_TCELL_1862913::HUMAN_MYELIN_117032,22,EBV_TCELL_1862913,HUMAN_MYELIN_117032,1,NILRIYYSP,9,SICKTAEFQ,0,All manifest-contained 9-mer window combinations retained for sensitivity; not a predictor-selected register or a re-ranking score.
EBV_TCELL_1862913::HUMAN_MYELIN_117032,22,EBV_TCELL_1862913,HUMAN_MYELIN_117032,1,NILRIYYSP,10,ICKTAEFQM,0,All manifest-contained 9-mer window combinations retained for sensitivity; not a predictor-selected register or a re-ranking score.
EBV_TCELL_1862913::HUMAN_MYELIN_117032,22,EBV_TCELL_1862913,HUMAN_MYELIN_117032,1,NILRIYYSP,11,CKTAEFQMT,0,All manifest-contained 9-mer window combinations retained for sensitivity; not a predictor-selected register or a re-ranking score.
EBV_TCELL_1862913::HUMAN_MYELIN_117032,22,EBV_TCELL_1862913,HUMAN_MYELIN_117032,1,NILRIYYSP,12,KTAEFQMTF,0,All manifest-contained 9-mer window combinations retained for sensitivity; not a predictor-selected register or a re-ranking score.
EBV_TCELL_1862913::HUMAN_MYELIN_117032,22,EBV_TCELL_1862913,HUMAN_MYELIN_117032,1,NILRIYYSP,13,TAEFQMTFH,0,All manifest-contained 9-mer window combinations retained for sensitivity; not a predictor-selected register or a re-ranking score.
EBV_TCELL_1862913::HUMAN_MYELIN_117032,22,EBV_TCELL_1862913,HUMAN_MYELIN_117032,1,NILRIYYSP,14,AEFQMTFHL,0,All manifest-contained 9-mer window combinations retained for sensitivity; not a predictor-selected register or a re-ranking score.
EBV_TCELL_1862913::HUMAN_MYELIN_117032,22,EBV_TCELL_1862913,HUMAN_MYELIN_117032,1,NILRIYYSP,15,EFQMTFHLF,0,All manifest-contained 9-mer window combinations retained for sensitivity; not a predictor-selected register or a re-ranking score.
EBV_TCELL_1862913::HUMAN_MYELIN_117032,22,EBV_TCELL_1862913,HUMAN_MYELIN_117032,1,NILRIYYSP,16,FQMTFHLFI,0,All manifest-contained 9-mer window combinations retained for sensitivity; not a predictor-selected register or a re-ranking score.
EBV_TCELL_1862913::HUMAN_MYELIN_117032,22,EBV_TCELL_1862913,HUMAN_MYELIN_117032,1,NILRIYYSP,17,QMTFHLFIA,0,All manifest-contained 9-mer window combinations retained for sensitivity; not a predictor-selected register or a re-ranking score.
EBV_TCELL_1862913::HUMAN_MYELIN_117032,22,EBV_TCELL_1862913,HUMAN_MYELIN_117032,1,NILRIYYSP,18,MTFHLFIAA,0,All manifest-contained 9-mer window combinations retained for sensitivity; not a predictor-selected register or a re-ranking score.
EBV_TCELL_1862913::HUMAN_MYELIN_117032,22,EBV_TCELL_1862913,HUMAN_MYELIN_117032,1,NILRIYYSP,19,TFHLFIAAF,0,All manifest-contained 9-mer window combinations retained for sensitivity; not a predictor-selected register or a re-ranking score.
EBV_TCELL_1862913::HUMAN_MYELIN_117032,22,EBV_TCELL_1862913,HUMAN_MYELIN_117032,1,NILRIYYSP,20,FHLFIAAFV,0,All manifest-contained 9-mer window combinations retained for sensitivity; not a predictor-selected register or a re-ranking score.
EBV_TCELL_1862913::HUMAN_MYELIN_117032,22,EBV_TCELL_1862913,HUMAN_MYELIN_117032,1,NILRIYYSP,21,HLFIAAFVG,0,All manifest-contained 9-mer window combinations retained for sensitivity; not a predictor-selected register or a re-ranking score.
EBV_TCELL_1862913::HUMAN_MYELIN_117032,22,EBV_TCELL_1862913,HUMAN_MYELIN_117032,1,NILRIYYSP,22,LFIAAFVGA,0,All manifest-contained 9-mer window combinations retained for sensitivity; not a predictor-selected register or a re-ranking score.
EBV_TCELL_1862913::HUMAN_MYELIN_117032,22,EBV_TCELL_1862913,HUMAN_MYELIN_117032,1,NILRIYYSP,23,FIAAFVGAA,0,All manifest-contained 9-mer window combinations retained for sensitivity; not a predictor-selected register or a re-ranking score.
EBV_TCELL_1862913::HUMAN_MYELIN_117032,22,EBV_TCELL_1862913,HUMAN_MYELIN_117032,1,NILRIYYSP,24,IAAFVGAAA,0,All manifest-contained 9-mer window combinations retained for sensitivity; not a predictor-selected register or a re-ranking score.
EBV_TCELL_1862913::HUMAN_MYELIN_117032,22,EBV_TCELL_1862913,HUMAN_MYELIN_117032,2,ILRIYYSPS,1,KVCGSNLLS,0,All manifest-contained 9-mer window combinations retained for sensitivity; not a predictor-selected register or a re-ranking score.
EBV_TCELL_1862913::HUMAN_MYELIN_117032,22,EBV_TCELL_1862913,HUMAN_MYELIN_117032,2,ILRIYYSPS,2,VCGSNLLSI,0,All manifest-contained 9-mer window combinations retained for sensitivity; not a predictor-selected register or a re-ranking score.
EBV_TCELL_1862913::HUMAN_MYELIN_117032,22,EBV_TCELL_1862913,HUMAN_MYELIN_117032,2,ILRIYYSPS,3,CGSNLLSIC,0,All manifest-contained 9-mer window combinations retained for sensitivity; not a predictor-selected register or a re-ranking score.
EBV_TCELL_1862913::HUMAN_MYELIN_117032,22,EBV_TCELL_1862913,HUMAN_MYELIN_117032,2,ILRIYYSPS,4,GSNLLSICK,0,All manifest-contained 9-mer window combinations retained for sensitivity; not a predictor-selected register or a re-ranking score.
EBV_TCELL_1862913::HUMAN_MYELIN_117032,22,EBV_TCELL_1862913,HUMAN_MYELIN_117032,2,ILRIYYSPS,5,SNLLSICKT,0,All manifest-contained 9-mer window combinations retained for sensitivity; not a predictor-selected register or a re-ranking score.
EBV_TCELL_1862913::HUMAN_MYELIN_117032,22,EBV_TCELL_1862913,HUMAN_MYELIN_117032,2,ILRIYYSPS,6,NLLSICKTA,0,All manifest-contained 9-mer window combinations retained for sensitivity; not a predictor-selected register or a re-ranking score.
EBV_TCELL_1862913::HUMAN_MYELIN_117032,22,EBV_TCELL_1862913,HUMAN_MYELIN_117032,2,ILRIYYSPS,7,LLSICKTAE,4,All manifest-contained 9-mer window combinations retained for sensitivity; not a predictor-selected register or a re-ranking score.
EBV_TCELL_1862913::HUMAN_MYELIN_117032,22,EBV_TCELL_1862913,HUMAN_MYELIN_117032,2,ILRIYYSPS,8,LSICKTAEF,0,All manifest-contained 9-mer window combinations retained for sensitivity; not a predictor-selected register or a re-ranking score.
EBV_TCELL_1862913::HUMAN_MYELIN_117032,22,EBV_TCELL_1862913,HUMAN_MYELIN_117032,2,ILRIYYSPS,9,SICKTAEFQ,0,All manifest-contained 9-mer window combinations retained for sensitivity; not a predictor-selected register or a re-ranking score.
EBV_TCELL_1862913::HUMAN_MYELIN_117032,22,EBV_TCELL_1862913,HUMAN_MYELIN_117032,2,ILRIYYSPS,10,ICKTAEFQM,0,All manifest-contained 9-mer window combinations retained for sensitivity; not a predictor-selected register or a re-ranking score.
EBV_TCELL_1862913::HUMAN_MYELIN_117032,22,EBV_TCELL_1862913,HUMAN_MYELIN_117032,2,ILRIYYSPS,11,CKTAEFQMT,0,All manifest-contained 9-mer window combinations retained for sensitivity; not a predictor-selected register or a re-ranking score.
EBV_TCELL_1862913::HUMAN_MYELIN_117032,22,EBV_TCELL_1862913,HUMAN_MYELIN_117032,2,ILRIYYSPS,12,KTAEFQMTF,0,All manifest-contained 9-mer window combinations retained for sensitivity; not a predictor-selected register or a re-ranking score.
EBV_TCELL_1862913::HUMAN_MYELIN_117032,22,EBV_TCELL_1862913,HUMAN_MYELIN_117032,2,ILRIYYSPS,13,TAEFQMTFH,0,All manifest-contained 9-mer window combinations retained for sensitivity; not a predictor-selected register or a re-ranking score.
EBV_TCELL_1862913::HUMAN_MYELIN_117032,22,EBV_TCELL_1862913,HUMAN_MYELIN_117032,2,ILRIYYSPS,14,AEFQMTFHL,0,All manifest-contained 9-mer window combinations retained for sensitivity; not a predictor-selected register or a re-ranking score.
EBV_TCELL_1862913::HUMAN_MYELIN_117032,22,EBV_TCELL_1862913,HUMAN_MYELIN_117032,2,ILRIYYSPS,15,EFQMTFHLF,0,All manifest-contained 9-mer window combinations retained for sensitivity; not a predictor-selected register or a re-ranking score.
EBV_TCELL_1862913::HUMAN_MYELIN_117032,22,EBV_TCELL_1862913,HUMAN_MYELIN_117032,2,ILRIYYSPS,16,FQMTFHLFI,0,All manifest-contained 9-mer window combinations retained for sensitivity; not a predictor-selected register or a re-ranking score.
EBV_TCELL_1862913::HUMAN_MYELIN_117032,22,EBV_TCELL_1862913,HUMAN_MYELIN_117032,2,ILRIYYSPS,17,QMTFHLFIA,0,All manifest-contained 9-mer window combinations retained for sensitivity; not a predictor-selected register or a re-ranking score.
EBV_TCELL_1862913::HUMAN_MYELIN_117032,22,EBV_TCELL_1862913,HUMAN_MYELIN_117032,2,ILRIYYSPS,18,MTFHLFIAA,0,All manifest-contained 9-mer window combinations retained for sensitivity; not a predictor-selected register or a re-ranking score.
EBV_TCELL_1862913::HUMAN_MYELIN_117032,22,EBV_TCELL_1862913,HUMAN_MYELIN_117032,2,ILRIYYSPS,19,TFHLFIAAF,0,All manifest-contained 9-mer window combinations retained for sensitivity; not a predictor-selected register or a re-ranking score.
EBV_TCELL_1862913::HUMAN_MYELIN_117032,22,EBV_TCELL_1862913,HUMAN_MYELIN_117032,2,ILRIYYSPS,20,FHLFIAAFV,0,All manifest-contained 9-mer window combinations retained for sensitivity; not a predictor-selected register or a re-ranking score.
EBV_TCELL_1862913::HUMAN_MYELIN_117032,22,EBV_TCELL_1862913,HUMAN_MYELIN_117032,2,ILRIYYSPS,21,HLFIAAFVG,0,All manifest-contained 9-mer window combinations retained for sensitivity; not a predictor-selected register or a re-ranking score.
EBV_TCELL_1862913::HUMAN_MYELIN_117032,22,EBV_TCELL_1862913,HUMAN_MYELIN_117032,2,ILRIYYSPS,22,LFIAAFVGA,0,All manifest-contained 9-mer window combinations retained for sensitivity; not a predictor-selected register or a re-ranking score.
EBV_TCELL_1862913::HUMAN_MYELIN_117032,22,EBV_TCELL_1862913,HUMAN_MYELIN_117032,2,ILRIYYSPS,23,FIAAFVGAA,0,All manifest-contained 9-mer window combinations retained for sensitivity; not a predictor-selected register or a re-ranking score.
EBV_TCELL_1862913::HUMAN_MYELIN_117032,22,EBV_TCELL_1862913,HUMAN_MYELIN_117032,2,ILRIYYSPS,24,IAAFVGAAA,0,All manifest-contained 9-mer window combinations retained for sensitivity; not a predictor-selected register or a re-ranking score.
EBV_TCELL_1862913::HUMAN_MYELIN_117032,22,EBV_TCELL_1862913,HUMAN_MYELIN_117032,3,LRIYYSPSI,1,KVCGSNLLS,0,All manifest-contained 9-mer window combinations retained for sensitivity; not a predictor-selected register or a re-ranking score.
EBV_TCELL_1862913::HUMAN_MYELIN_117032,22,EBV_TCELL_1862913,HUMAN_MYELIN_117032,3,LRIYYSPSI,2,VCGSNLLSI,0,All manifest-contained 9-mer window combinations retained for sensitivity; not a predictor-selected register or a re-ranking score.
EBV_TCELL_1862913::HUMAN_MYELIN_117032,22,EBV_TCELL_1862913,HUMAN_MYELIN_117032,3,LRIYYSPSI,3,CGSNLLSIC,0,All manifest-contained 9-mer window combinations retained for sensitivity; not a predictor-selected register or a re-ranking score.
EBV_TCELL_1862913::HUMAN_MYELIN_117032,22,EBV_TCELL_1862913,HUMAN_MYELIN_117032,3,LRIYYSPSI,4,GSNLLSICK,0,All manifest-contained 9-mer window combinations retained for sensitivity; not a predictor-selected register or a re-ranking score.
EBV_TCELL_1862913::HUMAN_MYELIN_117032,22,EBV_TCELL_1862913,HUMAN_MYELIN_117032,3,LRIYYSPSI,5,SNLLSICKT,0,All manifest-contained 9-mer window combinations retained for sensitivity; not a predictor-selected register or a re-ranking score.
EBV_TCELL_1862913::HUMAN_MYELIN_117032,22,EBV_TCELL_1862913,HUMAN_MYELIN_117032,3,LRIYYSPSI,6,NLLSICKTA,0,All manifest-contained 9-mer window combinations retained for sensitivity; not a predictor-selected register or a re-ranking score.
EBV_TCELL_1862913::HUMAN_MYELIN_117032,22,EBV_TCELL_1862913,HUMAN_MYELIN_117032,3,LRIYYSPSI,7,LLSICKTAE,0,All manifest-contained 9-mer window combinations retained for sensitivity; not a predictor-selected register or a re-ranking score.
EBV_TCELL_1862913::HUMAN_MYELIN_117032,22,EBV_TCELL_1862913,HUMAN_MYELIN_117032,3,LRIYYSPSI,8,LSICKTAEF,3,All manifest-contained 9-mer window combinations retained for sensitivity; not a predictor-selected register or a re-ranking score.
EBV_TCELL_1862913::HUMAN_MYELIN_117032,22,EBV_TCELL_1862913,HUMAN_MYELIN_117032,3,LRIYYSPSI,9,SICKTAEFQ,0,All manifest-contained 9-mer window combinations retained for sensitivity; not a predictor-selected register or a re-ranking score.
EBV_TCELL_1862913::HUMAN_MYELIN_117032,22,EBV_TCELL_1862913,HUMAN_MYELIN_117032,3,LRIYYSPSI,10,ICKTAEFQM,0,All manifest-contained 9-mer window combinations retained for sensitivity; not a predictor-selected register or a re-ranking score.
EBV_TCELL_1862913::HUMAN_MYELIN_117032,22,EBV_TCELL_1862913,HUMAN_MYELIN_117032,3,LRIYYSPSI,11,CKTAEFQMT,0,All manifest-contained 9-mer window combinations retained for sensitivity; not a predictor-selected register or a re-ranking score.
EBV_TCELL_1862913::HUMAN_MYELIN_117032,22,EBV_TCELL_1862913,HUMAN_MYELIN_117032,3,LRIYYSPSI,12,KTAEFQMTF,0,All manifest-contained 9-mer window combinations retained for sensitivity; not a predictor-selected register or a re-ranking score.
EBV_TCELL_1862913::HUMAN_MYELIN_117032,22,EBV_TCELL_1862913,HUMAN_MYELIN_117032,3,LRIYYSPSI,13,TAEFQMTFH,0,All manifest-contained 9-mer window combinations retained for sensitivity; not a predictor-selected register or a re-ranking score.
EBV_TCELL_1862913::HUMAN_MYELIN_117032,22,EBV_TCELL_1862913,HUMAN_MYELIN_117032,3,LRIYYSPSI,14,AEFQMTFHL,0,All manifest-contained 9-mer window combinations retained for sensitivity; not a predictor-selected register or a re-ranking score.
EBV_TCELL_1862913::HUMAN_MYELIN_117032,22,EBV_TCELL_1862913,HUMAN_MYELIN_117032,3,LRIYYSPSI,15,EFQMTFHLF,0,All manifest-contained 9-mer window combinations retained for sensitivity; not a predictor-selected register or a re-ranking score.
EBV_TCELL_1862913::HUMAN_MYELIN_117032,22,EBV_TCELL_1862913,HUMAN_MYELIN_117032,3,LRIYYSPSI,16,FQMTFHLFI,0,All manifest-contained 9-mer window combinations retained for sensitivity; not a predictor-selected register or a re-ranking score.
EBV_TCELL_1862913::HUMAN_MYELIN_117032,22,EBV_TCELL_1862913,HUMAN_MYELIN_117032,3,LRIYYSPSI,17,QMTFHLFIA,0,All manifest-contained 9-mer window combinations retained for sensitivity; not a predictor-selected register or a re-ranking score.
EBV_TCELL_1862913::HUMAN_MYELIN_117032,22,EBV_TCELL_1862913,HUMAN_MYELIN_117032,3,LRIYYSPSI,18,MTFHLFIAA,0,All manifest-contained 9-mer window combinations retained for sensitivity; not a predictor-selected register or a re-ranking score.
EBV_TCELL_1862913::HUMAN_MYELIN_117032,22,EBV_TCELL_1862913,HUMAN_MYELIN_117032,3,LRIYYSPSI,19,TFHLFIAAF,0,All manifest-contained 9-mer window combinations retained for sensitivity; not a predictor-selected register or a re-ranking score.
EBV_TCELL_1862913::HUMAN_MYELIN_117032,22,EBV_TCELL_1862913,HUMAN_MYELIN_117032,3,LRIYYSPSI,20,FHLFIAAFV,0,All manifest-contained 9-mer window combinations retained for sensitivity; not a predictor-selected register or a re-ranking score.
EBV_TCELL_1862913::HUMAN_MYELIN_117032,22,EBV_TCELL_1862913,HUMAN_MYELIN_117032,3,LRIYYSPSI,21,HLFIAAFVG,0,All manifest-contained 9-mer window combinations retained for sensitivity; not a predictor-selected register or a re-ranking score.
EBV_TCELL_1862913::HUMAN_MYELIN_117032,22,EBV_TCELL_1862913,HUMAN_MYELIN_117032,3,LRIYYSPSI,22,LFIAAFVGA,0,All manifest-contained 9-mer window combinations retained for sensitivity; not a predictor-selected register or a re-ranking score.
EBV_TCELL_1862913::HUMAN_MYELIN_117032,22,EBV_TCELL_1862913,HUMAN_MYELIN_117032,3,LRIYYSPSI,23,FIAAFVGAA,0,All manifest-contained 9-mer window combinations retained for sensitivity; not a predictor-selected register or a re-ranking score.
EBV_TCELL_1862913::HUMAN_MYELIN_117032,22,EBV_TCELL_1862913,HUMAN_MYELIN_117032,3,LRIYYSPSI,24,IAAFVGAAA,0,All manifest-contained 9-mer window combinations retained for sensitivity; not a predictor-selected register or a re-ranking score.
EBV_TCELL_1862913::HUMAN_MYELIN_117032,22,EBV_TCELL_1862913,HUMAN_MYELIN_117032,4,RIYYSPSIM,1,KVCGSNLLS,0,All manifest-contained 9-mer window combinations retained for sensitivity; not a predictor-selected register or a re-ranking score.
EBV_TCELL_1862913::HUMAN_MYELIN_117032,22,EBV_TCELL_1862913,HUMAN_MYELIN_117032,4,RIYYSPSIM,2,VCGSNLLSI,0,All manifest-contained 9-mer window combinations retained for sensitivity; not a predictor-selected register or a re-ranking score.
EBV_TCELL_1862913::HUMAN_MYELIN_117032,22,EBV_TCELL_1862913,HUMAN_MYELIN_117032,4,RIYYSPSIM,3,CGSNLLSIC,0,All manifest-contained 9-mer window combinations retained for sensitivity; not a predictor-selected register or a re-ranking score.
EBV_TCELL_1862913::HUMAN_MYELIN_117032,22,EBV_TCELL_1862913,HUMAN_MYELIN_117032,4,RIYYSPSIM,4,GSNLLSICK,0,All manifest-contained 9-mer window combinations retained for sensitivity; not a predictor-selected register or a re-ranking score.
EBV_TCELL_1862913::HUMAN_MYELIN_117032,22,EBV_TCELL_1862913,HUMAN_MYELIN_117032,4,RIYYSPSIM,5,SNLLSICKT,0,All manifest-contained 9-mer window combinations retained for sensitivity; not a predictor-selected register or a re-ranking score.
EBV_TCELL_1862913::HUMAN_MYELIN_117032,22,EBV_TCELL_1862913,HUMAN_MYELIN_117032,4,RIYYSPSIM,6,NLLSICKTA,0,All manifest-contained 9-mer window combinations retained for sensitivity; not a predictor-selected register or a re-ranking score.
EBV_TCELL_1862913::HUMAN_MYELIN_117032,22,EBV_TCELL_1862913,HUMAN_MYELIN_117032,4,RIYYSPSIM,7,LLSICKTAE,0,All manifest-contained 9-mer window combinations retained for sensitivity; not a predictor-selected register or a re-ranking score.
EBV_TCELL_1862913::HUMAN_MYELIN_117032,22,EBV_TCELL_1862913,HUMAN_MYELIN_117032,4,RIYYSPSIM,8,LSICKTAEF,0,All manifest-contained 9-mer window combinations retained for sensitivity; not a predictor-selected register or a re-ranking score.
EBV_TCELL_1862913::HUMAN_MYELIN_117032,22,EBV_TCELL_1862913,HUMAN_MYELIN_117032,4,RIYYSPSIM,9,SICKTAEFQ,2,All manifest-contained 9-mer window combinations retained for sensitivity; not a predictor-selected register or a re-ranking score.
EBV_TCELL_1862913::HUMAN_MYELIN_117032,22,EBV_TCELL_1862913,HUMAN_MYELIN_117032,4,RIYYSPSIM,10,ICKTAEFQM,0,All manifest-contained 9-mer window combinations retained for sensitivity; not a predictor-selected register or a re-ranking score.
EBV_TCELL_1862913::HUMAN_MYELIN_117032,22,EBV_TCELL_1862913,HUMAN_MYELIN_117032,4,RIYYSPSIM,11,CKTAEFQMT,0,All manifest-contained 9-mer window combinations retained for sensitivity; not a predictor-selected register or a re-ranking score.
EBV_TCELL_1862913::HUMAN_MYELIN_117032,22,EBV_TCELL_1862913,HUMAN_MYELIN_117032,4,RIYYSPSIM,12,KTAEFQMTF,0,All manifest-contained 9-mer window combinations retained for sensitivity; not a predictor-selected register or a re-ranking score.
EBV_TCELL_1862913::HUMAN_MYELIN_117032,22,EBV_TCELL_1862913,HUMAN_MYELIN_117032,4,RIYYSPSIM,13,TAEFQMTFH,0,All manifest-contained 9-mer window combinations retained for sensitivity; not a predictor-selected register or a re-ranking score.
EBV_TCELL_1862913::HUMAN_MYELIN_117032,22,EBV_TCELL_1862913,HUMAN_MYELIN_117032,4,RIYYSPSIM,14,AEFQMTFHL,0,All manifest-contained 9-mer window combinations retained for sensitivity; not a predictor-selected register or a re-ranking score.
EBV_TCELL_1862913::HUMAN_MYELIN_117032,22,EBV_TCELL_1862913,HUMAN_MYELIN_117032,4,RIYYSPSIM,15,EFQMTFHLF,0,All manifest-contained 9-mer window combinations retained for sensitivity; not a predictor-selected register or a re-ranking score.
EBV_TCELL_1862913::HUMAN_MYELIN_117032,22,EBV_TCELL_1862913,HUMAN_MYELIN_117032,4,RIYYSPSIM,16,FQMTFHLFI,0,All manifest-contained 9-mer window combinations retained for sensitivity; not a predictor-selected register or a re-ranking score.
EBV_TCELL_1862913::HUMAN_MYELIN_117032,22,EBV_TCELL_1862913,HUMAN_MYELIN_117032,4,RIYYSPSIM,17,QMTFHLFIA,0,All manifest-contained 9-mer window combinations retained for sensitivity; not a predictor-selected register or a re-ranking score.
EBV_TCELL_1862913::HUMAN_MYELIN_117032,22,EBV_TCELL_1862913,HUMAN_MYELIN_117032,4,RIYYSPSIM,18,MTFHLFIAA,0,All manifest-contained 9-mer window combinations retained for sensitivity; not a predictor-selected register or a re-ranking score.
EBV_TCELL_1862913::HUMAN_MYELIN_117032,22,EBV_TCELL_1862913,HUMAN_MYELIN_117032,4,RIYYSPSIM,19,TFHLFIAAF,0,All manifest-contained 9-mer window combinations retained for sensitivity; not a predictor-selected register or a re-ranking score.
EBV_TCELL_1862913::HUMAN_MYELIN_117032,22,EBV_TCELL_1862913,HUMAN_MYELIN_117032,4,RIYYSPSIM,20,FHLFIAAFV,0,All manifest-contained 9-mer window combinations retained for sensitivity; not a predictor-selected register or a re-ranking score.
EBV_TCELL_1862913::HUMAN_MYELIN_117032,22,EBV_TCELL_1862913,HUMAN_MYELIN_117032,4,RIYYSPSIM,21,HLFIAAFVG,0,All manifest-contained 9-mer window combinations retained for sensitivity; not a predictor-selected register or a re-ranking score.
EBV_TCELL_1862913::HUMAN_MYELIN_117032,22,EBV_TCELL_1862913,HUMAN_MYELIN_117032,4,RIYYSPSIM,22,LFIAAFVGA,0,All manifest-contained 9-mer window combinations retained for sensitivity; not a predictor-selected register or a re-ranking score.
EBV_TCELL_1862913::HUMAN_MYELIN_117032,22,EBV_TCELL_1862913,HUMAN_MYELIN_117032,4,RIYYSPSIM,23,FIAAFVGAA,0,All manifest-contained 9-mer window combinations retained for sensitivity; not a predictor-selected register or a re-ranking score.
EBV_TCELL_1862913::HUMAN_MYELIN_117032,22,EBV_TCELL_1862913,HUMAN_MYELIN_117032,4,RIYYSPSIM,24,IAAFVGAAA,0,All manifest-contained 9-mer window combinations retained for sensitivity; not a predictor-selected register or a re-ranking score.
EBV_TCELL_1862913::HUMAN_MYELIN_117032,22,EBV_TCELL_1862913,HUMAN_MYELIN_117032,5,IYYSPSIMH,1,KVCGSNLLS,0,All manifest-contained 9-mer window combinations retained for sensitivity; not a predictor-selected register or a re-ranking score.
EBV_TCELL_1862913::HUMAN_MYELIN_117032,22,EBV_TCELL_1862913,HUMAN_MYELIN_117032,5,IYYSPSIMH,2,VCGSNLLSI,0,All manifest-contained 9-mer window combinations retained for sensitivity; not a predictor-selected register or a re-ranking score.
EBV_TCELL_1862913::HUMAN_MYELIN_117032,22,EBV_TCELL_1862913,HUMAN_MYELIN_117032,5,IYYSPSIMH,3,CGSNLLSIC,0,All manifest-contained 9-mer window combinations retained for sensitivity; not a predictor-selected register or a re-ranking score.
EBV_TCELL_1862913::HUMAN_MYELIN_117032,22,EBV_TCELL_1862913,HUMAN_MYELIN_117032,5,IYYSPSIMH,4,GSNLLSICK,0,All manifest-contained 9-mer window combinations retained for sensitivity; not a predictor-selected register or a re-ranking score.
EBV_TCELL_1862913::HUMAN_MYELIN_117032,22,EBV_TCELL_1862913,HUMAN_MYELIN_117032,5,IYYSPSIMH,5,SNLLSICKT,0,All manifest-contained 9-mer window combinations retained for sensitivity; not a predictor-selected register or a re-ranking score.
EBV_TCELL_1862913::HUMAN_MYELIN_117032,22,EBV_TCELL_1862913,HUMAN_MYELIN_117032,5,IYYSPSIMH,6,NLLSICKTA,0,All manifest-contained 9-mer window combinations retained for sensitivity; not a predictor-selected register or a re-ranking score.
EBV_TCELL_1862913::HUMAN_MYELIN_117032,22,EBV_TCELL_1862913,HUMAN_MYELIN_117032,5,IYYSPSIMH,7,LLSICKTAE,0,All manifest-contained 9-mer window combinations retained for sensitivity; not a predictor-selected register or a re-ranking score.
EBV_TCELL_1862913::HUMAN_MYELIN_117032,22,EBV_TCELL_1862913,HUMAN_MYELIN_117032,5,IYYSPSIMH,8,LSICKTAEF,0,All manifest-contained 9-mer window combinations retained for sensitivity; not a predictor-selected register or a re-ranking score.
EBV_TCELL_1862913::HUMAN_MYELIN_117032,22,EBV_TCELL_1862913,HUMAN_MYELIN_117032,5,IYYSPSIMH,9,SICKTAEFQ,0,All manifest-contained 9-mer window combinations retained for sensitivity; not a predictor-selected register or a re-ranking score.
EBV_TCELL_1862913::HUMAN_MYELIN_117032,22,EBV_TCELL_1862913,HUMAN_MYELIN_117032,5,IYYSPSIMH,10,ICKTAEFQM,1,All manifest-contained 9-mer window combinations retained for sensitivity; not a predictor-selected register or a re-ranking score.
EBV_TCELL_1862913::HUMAN_MYELIN_117032,22,EBV_TCELL_1862913,HUMAN_MYELIN_117032,5,IYYSPSIMH,11,CKTAEFQMT,0,All manifest-contained 9-mer window combinations retained for sensitivity; not a predictor-selected register or a re-ranking score.
EBV_TCELL_1862913::HUMAN_MYELIN_117032,22,EBV_TCELL_1862913,HUMAN_MYELIN_117032,5,IYYSPSIMH,12,KTAEFQMTF,0,All manifest-contained 9-mer window combinations retained for sensitivity; not a predictor-selected register or a re-ranking score.
EBV_TCELL_1862913::HUMAN_MYELIN_117032,22,EBV_TCELL_1862913,HUMAN_MYELIN_117032,5,IYYSPSIMH,13,TAEFQMTFH,0,All manifest-contained 9-mer window combinations retained for sensitivity; not a predictor-selected register or a re-ranking score.
EBV_TCELL_1862913::HUMAN_MYELIN_117032,22,EBV_TCELL_1862913,HUMAN_MYELIN_117032,5,IYYSPSIMH,14,AEFQMTFHL,0,All manifest-contained 9-mer window combinations retained for sensitivity; not a predictor-selected register or a re-ranking score.
EBV_TCELL_1862913::HUMAN_MYELIN_117032,22,EBV_TCELL_1862913,HUMAN_MYELIN_117032,5,IYYSPSIMH,15,EFQMTFHLF,0,All manifest-contained 9-mer window combinations retained for sensitivity; not a predictor-selected register or a re-ranking score.
EBV_TCELL_1862913::HUMAN_MYELIN_117032,22,EBV_TCELL_1862913,HUMAN_MYELIN_117032,5,IYYSPSIMH,16,FQMTFHLFI,0,All manifest-contained 9-mer window combinations retained for sensitivity; not a predictor-selected register or a re-ranking score.
EBV_TCELL_1862913::HUMAN_MYELIN_117032,22,EBV_TCELL_1862913,HUMAN_MYELIN_117032,5,IYYSPSIMH,17,QMTFHLFIA,0,All manifest-contained 9-mer window combinations retained for sensitivity; not a predictor-selected register or a re-ranking score.
EBV_TCELL_1862913::HUMAN_MYELIN_117032,22,EBV_TCELL_1862913,HUMAN_MYELIN_117032,5,IYYSPSIMH,18,MTFHLFIAA,0,All manifest-contained 9-mer window combinations retained for sensitivity; not a predictor-selected register or a re-ranking score.
EBV_TCELL_1862913::HUMAN_MYELIN_117032,22,EBV_TCELL_1862913,HUMAN_MYELIN_117032,5,IYYSPSIMH,19,TFHLFIAAF,0,All manifest-contained 9-mer window combinations retained for sensitivity; not a predictor-selected register or a re-ranking score.
EBV_TCELL_1862913::HUMAN_MYELIN_117032,22,EBV_TCELL_1862913,HUMAN_MYELIN_117032,5,IYYSPSIMH,20,FHLFIAAFV,0,All manifest-contained 9-mer window combinations retained for sensitivity; not a predictor-selected register or a re-ranking score.
EBV_TCELL_1862913::HUMAN_MYELIN_117032,22,EBV_TCELL_1862913,HUMAN_MYELIN_117032,5,IYYSPSIMH,21,HLFIAAFVG,0,All manifest-contained 9-mer window combinations retained for sensitivity; not a predictor-selected register or a re-ranking score.
EBV_TCELL_1862913::HUMAN_MYELIN_117032,22,EBV_TCELL_1862913,HUMAN_MYELIN_117032,5,IYYSPSIMH,22,LFIAAFVGA,0,All manifest-contained 9-mer window combinations retained for sensitivity; not a predictor-selected register or a re-ranking score.
EBV_TCELL_1862913::HUMAN_MYELIN_117032,22,EBV_TCELL_1862913,HUMAN_MYELIN_117032,5,IYYSPSIMH,23,FIAAFVGAA,0,All manifest-contained 9-mer window combinations retained for sensitivity; not a predictor-selected register or a re-ranking score.
EBV_TCELL_1862913::HUMAN_MYELIN_117032,22,EBV_TCELL_1862913,HUMAN_MYELIN_117032,5,IYYSPSIMH,24,IAAFVGAAA,0,All manifest-contained 9-mer window combinations retained for sensitivity; not a predictor-selected register or a re-ranking score.
EBV_TCELL_1862913::HUMAN_MYELIN_117032,22,EBV_TCELL_1862913,HUMAN_MYELIN_117032,6,YYSPSIMHR,1,KVCGSNLLS,0,All manifest-contained 9-mer window combinations retained for sensitivity; not a predictor-selected register or a re-ranking score.
EBV_TCELL_1862913::HUMAN_MYELIN_117032,22,EBV_TCELL_1862913,HUMAN_MYELIN_117032,6,YYSPSIMHR,2,VCGSNLLSI,0,All manifest-contained 9-mer window combinations retained for sensitivity; not a predictor-selected register or a re-ranking score.
EBV_TCELL_1862913::HUMAN_MYELIN_117032,22,EBV_TCELL_1862913,HUMAN_MYELIN_117032,6,YYSPSIMHR,3,CGSNLLSIC,0,All manifest-contained 9-mer window combinations retained for sensitivity; not a predictor-selected register or a re-ranking score.
EBV_TCELL_1862913::HUMAN_MYELIN_117032,22,EBV_TCELL_1862913,HUMAN_MYELIN_117032,6,YYSPSIMHR,4,GSNLLSICK,0,All manifest-contained 9-mer window combinations retained for sensitivity; not a predictor-selected register or a re-ranking score.
EBV_TCELL_1862913::HUMAN_MYELIN_117032,22,EBV_TCELL_1862913,HUMAN_MYELIN_117032,6,YYSPSIMHR,5,SNLLSICKT,0,All manifest-contained 9-mer window combinations retained for sensitivity; not a predictor-selected register or a re-ranking score.
EBV_TCELL_1862913::HUMAN_MYELIN_117032,22,EBV_TCELL_1862913,HUMAN_MYELIN_117032,6,YYSPSIMHR,6,NLLSICKTA,0,All manifest-contained 9-mer window combinations retained for sensitivity; not a predictor-selected register or a re-ranking score.
EBV_TCELL_1862913::HUMAN_MYELIN_117032,22,EBV_TCELL_1862913,HUMAN_MYELIN_117032,6,YYSPSIMHR,7,LLSICKTAE,0,All manifest-contained 9-mer window combinations retained for sensitivity; not a predictor-selected register or a re-ranking score.
EBV_TCELL_1862913::HUMAN_MYELIN_117032,22,EBV_TCELL_1862913,HUMAN_MYELIN_117032,6,YYSPSIMHR,8,LSICKTAEF,0,All manifest-contained 9-mer window combinations retained for sensitivity; not a predictor-selected register or a re-ranking score.
EBV_TCELL_1862913::HUMAN_MYELIN_117032,22,EBV_TCELL_1862913,HUMAN_MYELIN_117032,6,YYSPSIMHR,9,SICKTAEFQ,0,All manifest-contained 9-mer window combinations retained for sensitivity; not a predictor-selected register or a re-ranking score.
EBV_TCELL_1862913::HUMAN_MYELIN_117032,22,EBV_TCELL_1862913,HUMAN_MYELIN_117032,6,YYSPSIMHR,10,ICKTAEFQM,0,All manifest-contained 9-mer window combinations retained for sensitivity; not a predictor-selected register or a re-ranking score.
EBV_TCELL_1862913::HUMAN_MYELIN_117032,22,EBV_TCELL_1862913,HUMAN_MYELIN_117032,6,YYSPSIMHR,11,CKTAEFQMT,0,All manifest-contained 9-mer window combinations retained for sensitivity; not a predictor-selected register or a re-ranking score.
EBV_TCELL_1862913::HUMAN_MYELIN_117032,22,EBV_TCELL_1862913,HUMAN_MYELIN_117032,6,YYSPSIMHR,12,KTAEFQMTF,0,All manifest-contained 9-mer window combinations retained for sensitivity; not a predictor-selected register or a re-ranking score.
EBV_TCELL_1862913::HUMAN_MYELIN_117032,22,EBV_TCELL_1862913,HUMAN_MYELIN_117032,6,YYSPSIMHR,13,TAEFQMTFH,0,All manifest-contained 9-mer window combinations retained for sensitivity; not a predictor-selected register or a re-ranking score.
EBV_TCELL_1862913::HUMAN_MYELIN_117032,22,EBV_TCELL_1862913,HUMAN_MYELIN_117032,6,YYSPSIMHR,14,AEFQMTFHL,0,All manifest-contained 9-mer window combinations retained for sensitivity; not a predictor-selected register or a re-ranking score.
EBV_TCELL_1862913::HUMAN_MYELIN_117032,22,EBV_TCELL_1862913,HUMAN_MYELIN_117032,6,YYSPSIMHR,15,EFQMTFHLF,0,All manifest-contained 9-mer window combinations retained for sensitivity; not a predictor-selected register or a re-ranking score.
EBV_TCELL_1862913::HUMAN_MYELIN_117032,22,EBV_TCELL_1862913,HUMAN_MYELIN_117032,6,YYSPSIMHR,16,FQMTFHLFI,0,All manifest-contained 9-mer window combinations retained for sensitivity; not a predictor-selected register or a re-ranking score.
EBV_TCELL_1862913::HUMAN_MYELIN_117032,22,EBV_TCELL_1862913,HUMAN_MYELIN_117032,6,YYSPSIMHR,17,QMTFHLFIA,0,All manifest-contained 9-mer window combinations retained for sensitivity; not a predictor-selected register or a re-ranking score.
EBV_TCELL_1862913::HUMAN_MYELIN_117032,22,EBV_TCELL_1862913,HUMAN_MYELIN_117032,6,YYSPSIMHR,18,MTFHLFIAA,0,All manifest-contained 9-mer window combinations retained for sensitivity; not a predictor-selected register or a re-ranking score.
EBV_TCELL_1862913::HUMAN_MYELIN_117032,22,EBV_TCELL_1862913,HUMAN_MYELIN_117032,6,YYSPSIMHR,19,TFHLFIAAF,0,All manifest-contained 9-mer window combinations retained for sensitivity; not a predictor-selected register or a re-ranking score.
EBV_TCELL_1862913::HUMAN_MYELIN_117032,22,EBV_TCELL_1862913,HUMAN_MYELIN_117032,6,YYSPSIMHR,20,FHLFIAAFV,0,All manifest-contained 9-mer window combinations retained for sensitivity; not a predictor-selected register or a re-ranking score.
EBV_TCELL_1862913::HUMAN_MYELIN_117032,22,EBV_TCELL_1862913,HUMAN_MYELIN_117032,6,YYSPSIMHR,21,HLFIAAFVG,0,All manifest-contained 9-mer window combinations retained for sensitivity; not a predictor-selected register or a re-ranking score.
EBV_TCELL_1862913::HUMAN_MYELIN_117032,22,EBV_TCELL_1862913,HUMAN_MYELIN_117032,6,YYSPSIMHR,22,LFIAAFVGA,0,All manifest-contained 9-mer window combinations retained for sensitivity; not a predictor-selected register or a re-ranking score.
EBV_TCELL_1862913::HUMAN_MYELIN_117032,22,EBV_TCELL_1862913,HUMAN_MYELIN_117032,6,YYSPSIMHR,23,FIAAFVGAA,0,All manifest-contained 9-mer window combinations retained for sensitivity; not a predictor-selected register or a re-ranking score.
EBV_TCELL_1862913::HUMAN_MYELIN_117032,22,EBV_TCELL_1862913,HUMAN_MYELIN_117032,6,YYSPSIMHR,24,IAAFVGAAA,0,All manifest-contained 9-mer window combinations retained for sensitivity; not a predictor-selected register or a re-ranking score.
EBV_TCELL_1862913::HUMAN_MYELIN_117032,22,EBV_TCELL_1862913,HUMAN_MYELIN_117032,7,YSPSIMHRY,1,KVCGSNLLS,0,All manifest-contained 9-mer window combinations retained for sensitivity; not a predictor-selected register or a re-ranking score.
EBV_TCELL_1862913::HUMAN_MYELIN_117032,22,EBV_TCELL_1862913,HUMAN_MYELIN_117032,7,YSPSIMHRY,2,VCGSNLLSI,0,All manifest-contained 9-mer window combinations retained for sensitivity; not a predictor-selected register or a re-ranking score.
EBV_TCELL_1862913::HUMAN_MYELIN_117032,22,EBV_TCELL_1862913,HUMAN_MYELIN_117032,7,YSPSIMHRY,3,CGSNLLSIC,0,All manifest-contained 9-mer window combinations retained for sensitivity; not a predictor-selected register or a re-ranking score.
EBV_TCELL_1862913::HUMAN_MYELIN_117032,22,EBV_TCELL_1862913,HUMAN_MYELIN_117032,7,YSPSIMHRY,4,GSNLLSICK,0,All manifest-contained 9-mer window combinations retained for sensitivity; not a predictor-selected register or a re-ranking score.
EBV_TCELL_1862913::HUMAN_MYELIN_117032,22,EBV_TCELL_1862913,HUMAN_MYELIN_117032,7,YSPSIMHRY,5,SNLLSICKT,0,All manifest-contained 9-mer window combinations retained for sensitivity; not a predictor-selected register or a re-ranking score.
EBV_TCELL_1862913::HUMAN_MYELIN_117032,22,EBV_TCELL_1862913,HUMAN_MYELIN_117032,7,YSPSIMHRY,6,NLLSICKTA,0,All manifest-contained 9-mer window combinations retained for sensitivity; not a predictor-selected register or a re-ranking score.
EBV_TCELL_1862913::HUMAN_MYELIN_117032,22,EBV_TCELL_1862913,HUMAN_MYELIN_117032,7,YSPSIMHRY,7,LLSICKTAE,0,All manifest-contained 9-mer window combinations retained for sensitivity; not a predictor-selected register or a re-ranking score.
EBV_TCELL_1862913::HUMAN_MYELIN_117032,22,EBV_TCELL_1862913,HUMAN_MYELIN_117032,7,YSPSIMHRY,8,LSICKTAEF,0,All manifest-contained 9-mer window combinations retained for sensitivity; not a predictor-selected register or a re-ranking score.
EBV_TCELL_1862913::HUMAN_MYELIN_117032,22,EBV_TCELL_1862913,HUMAN_MYELIN_117032,7,YSPSIMHRY,9,SICKTAEFQ,0,All manifest-contained 9-mer window combinations retained for sensitivity; not a predictor-selected register or a re-ranking score.
EBV_TCELL_1862913::HUMAN_MYELIN_117032,22,EBV_TCELL_1862913,HUMAN_MYELIN_117032,7,YSPSIMHRY,10,ICKTAEFQM,0,All manifest-contained 9-mer window combinations retained for sensitivity; not a predictor-selected register or a re-ranking score.
EBV_TCELL_1862913::HUMAN_MYELIN_117032,22,EBV_TCELL_1862913,HUMAN_MYELIN_117032,7,YSPSIMHRY,11,CKTAEFQMT,0,All manifest-contained 9-mer window combinations retained for sensitivity; not a predictor-selected register or a re-ranking score.
EBV_TCELL_1862913::HUMAN_MYELIN_117032,22,EBV_TCELL_1862913,HUMAN_MYELIN_117032,7,YSPSIMHRY,12,KTAEFQMTF,0,All manifest-contained 9-mer window combinations retained for sensitivity; not a predictor-selected register or a re-ranking score.
EBV_TCELL_1862913::HUMAN_MYELIN_117032,22,EBV_TCELL_1862913,HUMAN_MYELIN_117032,7,YSPSIMHRY,13,TAEFQMTFH,0,All manifest-contained 9-mer window combinations retained for sensitivity; not a predictor-selected register or a re-ranking score.
EBV_TCELL_1862913::HUMAN_MYELIN_117032,22,EBV_TCELL_1862913,HUMAN_MYELIN_117032,7,YSPSIMHRY,14,AEFQMTFHL,0,All manifest-contained 9-mer window combinations retained for sensitivity; not a predictor-selected register or a re-ranking score.
EBV_TCELL_1862913::HUMAN_MYELIN_117032,22,EBV_TCELL_1862913,HUMAN_MYELIN_117032,7,YSPSIMHRY,15,EFQMTFHLF,0,All manifest-contained 9-mer window combinations retained for sensitivity; not a predictor-selected register or a re-ranking score.
EBV_TCELL_1862913::HUMAN_MYELIN_117032,22,EBV_TCELL_1862913,HUMAN_MYELIN_117032,7,YSPSIMHRY,16,FQMTFHLFI,0,All manifest-contained 9-mer window combinations retained for sensitivity; not a predictor-selected register or a re-ranking score.
EBV_TCELL_1862913::HUMAN_MYELIN_117032,22,EBV_TCELL_1862913,HUMAN_MYELIN_117032,7,YSPSIMHRY,17,QMTFHLFIA,0,All manifest-contained 9-mer window combinations retained for sensitivity; not a predictor-selected register or a re-ranking score.
EBV_TCELL_1862913::HUMAN_MYELIN_117032,22,EBV_TCELL_1862913,HUMAN_MYELIN_117032,7,YSPSIMHRY,18,MTFHLFIAA,0,All manifest-contained 9-mer window combinations retained for sensitivity; not a predictor-selected register or a re-ranking score.
EBV_TCELL_1862913::HUMAN_MYELIN_117032,22,EBV_TCELL_1862913,HUMAN_MYELIN_117032,7,YSPSIMHRY,19,TFHLFIAAF,0,All manifest-contained 9-mer window combinations retained for sensitivity; not a predictor-selected register or a re-ranking score.
EBV_TCELL_1862913::HUMAN_MYELIN_117032,22,EBV_TCELL_1862913,HUMAN_MYELIN_117032,7,YSPSIMHRY,20,FHLFIAAFV,0,All manifest-contained 9-mer window combinations retained for sensitivity; not a predictor-selected register or a re-ranking score.
EBV_TCELL_1862913::HUMAN_MYELIN_117032,22,EBV_TCELL_1862913,HUMAN_MYELIN_117032,7,YSPSIMHRY,21,HLFIAAFVG,0,All manifest-contained 9-mer window combinations retained for sensitivity; not a predictor-selected register or a re-ranking score.
EBV_TCELL_1862913::HUMAN_MYELIN_117032,22,EBV_TCELL_1862913,HUMAN_MYELIN_117032,7,YSPSIMHRY,22,LFIAAFVGA,0,All manifest-contained 9-mer window combinations retained for sensitivity; not a predictor-selected register or a re-ranking score.
EBV_TCELL_1862913::HUMAN_MYELIN_117032,22,EBV_TCELL_1862913,HUMAN_MYELIN_117032,7,YSPSIMHRY,23,FIAAFVGAA,0,All manifest-contained 9-mer window combinations retained for sensitivity; not a predictor-selected register or a re-ranking score.
EBV_TCELL_1862913::HUMAN_MYELIN_117032,22,EBV_TCELL_1862913,HUMAN_MYELIN_117032,7,YSPSIMHRY,24,IAAFVGAAA,0,All manifest-contained 9-mer window combinations retained for sensitivity; not a predictor-selected register or a re-ranking score.
EBV_TCELL_1862913::HUMAN_MYELIN_117032,22,EBV_TCELL_1862913,HUMAN_MYELIN_117032,8,SPSIMHRYA,1,KVCGSNLLS,0,All manifest-contained 9-mer window combinations retained for sensitivity; not a predictor-selected register or a re-ranking score.
EBV_TCELL_1862913::HUMAN_MYELIN_117032,22,EBV_TCELL_1862913,HUMAN_MYELIN_117032,8,SPSIMHRYA,2,VCGSNLLSI,0,All manifest-contained 9-mer window combinations retained for sensitivity; not a predictor-selected register or a re-ranking score.
EBV_TCELL_1862913::HUMAN_MYELIN_117032,22,EBV_TCELL_1862913,HUMAN_MYELIN_117032,8,SPSIMHRYA,3,CGSNLLSIC,0,All manifest-contained 9-mer window combinations retained for sensitivity; not a predictor-selected register or a re-ranking score.
EBV_TCELL_1862913::HUMAN_MYELIN_117032,22,EBV_TCELL_1862913,HUMAN_MYELIN_117032,8,SPSIMHRYA,4,GSNLLSICK,0,All manifest-contained 9-mer window combinations retained for sensitivity; not a predictor-selected register or a re-ranking score.
EBV_TCELL_1862913::HUMAN_MYELIN_117032,22,EBV_TCELL_1862913,HUMAN_MYELIN_117032,8,SPSIMHRYA,5,SNLLSICKT,0,All manifest-contained 9-mer window combinations retained for sensitivity; not a predictor-selected register or a re-ranking score.
EBV_TCELL_1862913::HUMAN_MYELIN_117032,22,EBV_TCELL_1862913,HUMAN_MYELIN_117032,8,SPSIMHRYA,6,NLLSICKTA,0,All manifest-contained 9-mer window combinations retained for sensitivity; not a predictor-selected register or a re-ranking score.
EBV_TCELL_1862913::HUMAN_MYELIN_117032,22,EBV_TCELL_1862913,HUMAN_MYELIN_117032,8,SPSIMHRYA,7,LLSICKTAE,0,All manifest-contained 9-mer window combinations retained for sensitivity; not a predictor-selected register or a re-ranking score.
EBV_TCELL_1862913::HUMAN_MYELIN_117032,22,EBV_TCELL_1862913,HUMAN_MYELIN_117032,8,SPSIMHRYA,8,LSICKTAEF,0,All manifest-contained 9-mer window combinations retained for sensitivity; not a predictor-selected register or a re-ranking score.
EBV_TCELL_1862913::HUMAN_MYELIN_117032,22,EBV_TCELL_1862913,HUMAN_MYELIN_117032,8,SPSIMHRYA,9,SICKTAEFQ,0,All manifest-contained 9-mer window combinations retained for sensitivity; not a predictor-selected register or a re-ranking score.
EBV_TCELL_1862913::HUMAN_MYELIN_117032,22,EBV_TCELL_1862913,HUMAN_MYELIN_117032,8,SPSIMHRYA,10,ICKTAEFQM,0,All manifest-contained 9-mer window combinations retained for sensitivity; not a predictor-selected register or a re-ranking score.
EBV_TCELL_1862913::HUMAN_MYELIN_117032,22,EBV_TCELL_1862913,HUMAN_MYELIN_117032,8,SPSIMHRYA,11,CKTAEFQMT,0,All manifest-contained 9-mer window combinations retained for sensitivity; not a predictor-selected register or a re-ranking score.
EBV_TCELL_1862913::HUMAN_MYELIN_117032,22,EBV_TCELL_1862913,HUMAN_MYELIN_117032,8,SPSIMHRYA,12,KTAEFQMTF,0,All manifest-contained 9-mer window combinations retained for sensitivity; not a predictor-selected register or a re-ranking score.
EBV_TCELL_1862913::HUMAN_MYELIN_117032,22,EBV_TCELL_1862913,HUMAN_MYELIN_117032,8,SPSIMHRYA,13,TAEFQMTFH,0,All manifest-contained 9-mer window combinations retained for sensitivity; not a predictor-selected register or a re-ranking score.
EBV_TCELL_1862913::HUMAN_MYELIN_117032,22,EBV_TCELL_1862913,HUMAN_MYELIN_117032,8,SPSIMHRYA,14,AEFQMTFHL,0,All manifest-contained 9-mer window combinations retained for sensitivity; not a predictor-selected register or a re-ranking score.
EBV_TCELL_1862913::HUMAN_MYELIN_117032,22,EBV_TCELL_1862913,HUMAN_MYELIN_117032,8,SPSIMHRYA,15,EFQMTFHLF,0,All manifest-contained 9-mer window combinations retained for sensitivity; not a predictor-selected register or a re-ranking score.
EBV_TCELL_1862913::HUMAN_MYELIN_117032,22,EBV_TCELL_1862913,HUMAN_MYELIN_117032,8,SPSIMHRYA,16,FQMTFHLFI,0,All manifest-contained 9-mer window combinations retained for sensitivity; not a predictor-selected register or a re-ranking score.
EBV_TCELL_1862913::HUMAN_MYELIN_117032,22,EBV_TCELL_1862913,HUMAN_MYELIN_117032,8,SPSIMHRYA,17,QMTFHLFIA,0,All manifest-contained 9-mer window combinations retained for sensitivity; not a predictor-selected register or a re-ranking score.
EBV_TCELL_1862913::HUMAN_MYELIN_117032,22,EBV_TCELL_1862913,HUMAN_MYELIN_117032,8,SPSIMHRYA,18,MTFHLFIAA,0,All manifest-contained 9-mer window combinations retained for sensitivity; not a predictor-selected register or a re-ranking score.
EBV_TCELL_1862913::HUMAN_MYELIN_117032,22,EBV_TCELL_1862913,HUMAN_MYELIN_117032,8,SPSIMHRYA,19,TFHLFIAAF,0,All manifest-contained 9-mer window combinations retained for sensitivity; not a predictor-selected register or a re-ranking score.
EBV_TCELL_1862913::HUMAN_MYELIN_117032,22,EBV_TCELL_1862913,HUMAN_MYELIN_117032,8,SPSIMHRYA,20,FHLFIAAFV,0,All manifest-contained 9-mer window combinations retained for sensitivity; not a predictor-selected register or a re-ranking score.
EBV_TCELL_1862913::HUMAN_MYELIN_117032,22,EBV_TCELL_1862913,HUMAN_MYELIN_117032,8,SPSIMHRYA,21,HLFIAAFVG,0,All manifest-contained 9-mer window combinations retained for sensitivity; not a predictor-selected register or a re-ranking score.
EBV_TCELL_1862913::HUMAN_MYELIN_117032,22,EBV_TCELL_1862913,HUMAN_MYELIN_117032,8,SPSIMHRYA,22,LFIAAFVGA,0,All manifest-contained 9-mer window combinations retained for sensitivity; not a predictor-selected register or a re-ranking score.
EBV_TCELL_1862913::HUMAN_MYELIN_117032,22,EBV_TCELL_1862913,HUMAN_MYELIN_117032,8,SPSIMHRYA,23,FIAAFVGAA,0,All manifest-contained 9-mer window combinations retained for sensitivity; not a predictor-selected register or a re-ranking score.
EBV_TCELL_1862913::HUMAN_MYELIN_117032,22,EBV_TCELL_1862913,HUMAN_MYELIN_117032,8,SPSIMHRYA,24,IAAFVGAAA,0,All manifest-contained 9-mer window combinations retained for sensitivity; not a predictor-selected register or a re-ranking score.
EBV_TCELL_1862913::HUMAN_MYELIN_117032,22,EBV_TCELL_1862913,HUMAN_MYELIN_117032,9,PSIMHRYAV,1,KVCGSNLLS,0,All manifest-contained 9-mer window combinations retained for sensitivity; not a predictor-selected register or a re-ranking score.
EBV_TCELL_1862913::HUMAN_MYELIN_117032,22,EBV_TCELL_1862913,HUMAN_MYELIN_117032,9,PSIMHRYAV,2,VCGSNLLSI,0,All manifest-contained 9-mer window combinations retained for sensitivity; not a predictor-selected register or a re-ranking score.
EBV_TCELL_1862913::HUMAN_MYELIN_117032,22,EBV_TCELL_1862913,HUMAN_MYELIN_117032,9,PSIMHRYAV,3,CGSNLLSIC,0,All manifest-contained 9-mer window combinations retained for sensitivity; not a predictor-selected register or a re-ranking score.
EBV_TCELL_1862913::HUMAN_MYELIN_117032,22,EBV_TCELL_1862913,HUMAN_MYELIN_117032,9,PSIMHRYAV,4,GSNLLSICK,0,All manifest-contained 9-mer window combinations retained for sensitivity; not a predictor-selected register or a re-ranking score.
EBV_TCELL_1862913::HUMAN_MYELIN_117032,22,EBV_TCELL_1862913,HUMAN_MYELIN_117032,9,PSIMHRYAV,5,SNLLSICKT,0,All manifest-contained 9-mer window combinations retained for sensitivity; not a predictor-selected register or a re-ranking score.
EBV_TCELL_1862913::HUMAN_MYELIN_117032,22,EBV_TCELL_1862913,HUMAN_MYELIN_117032,9,PSIMHRYAV,6,NLLSICKTA,0,All manifest-contained 9-mer window combinations retained for sensitivity; not a predictor-selected register or a re-ranking score.
EBV_TCELL_1862913::HUMAN_MYELIN_117032,22,EBV_TCELL_1862913,HUMAN_MYELIN_117032,9,PSIMHRYAV,7,LLSICKTAE,0,All manifest-contained 9-mer window combinations retained for sensitivity; not a predictor-selected register or a re-ranking score.
EBV_TCELL_1862913::HUMAN_MYELIN_117032,22,EBV_TCELL_1862913,HUMAN_MYELIN_117032,9,PSIMHRYAV,8,LSICKTAEF,0,All manifest-contained 9-mer window combinations retained for sensitivity; not a predictor-selected register or a re-ranking score.
EBV_TCELL_1862913::HUMAN_MYELIN_117032,22,EBV_TCELL_1862913,HUMAN_MYELIN_117032,9,PSIMHRYAV,9,SICKTAEFQ,0,All manifest-contained 9-mer window combinations retained for sensitivity; not a predictor-selected register or a re-ranking score.
EBV_TCELL_1862913::HUMAN_MYELIN_117032,22,EBV_TCELL_1862913,HUMAN_MYELIN_117032,9,PSIMHRYAV,10,ICKTAEFQM,0,All manifest-contained 9-mer window combinations retained for sensitivity; not a predictor-selected register or a re-ranking score.
EBV_TCELL_1862913::HUMAN_MYELIN_117032,22,EBV_TCELL_1862913,HUMAN_MYELIN_117032,9,PSIMHRYAV,11,CKTAEFQMT,0,All manifest-contained 9-mer window combinations retained for sensitivity; not a predictor-selected register or a re-ranking score.
EBV_TCELL_1862913::HUMAN_MYELIN_117032,22,EBV_TCELL_1862913,HUMAN_MYELIN_117032,9,PSIMHRYAV,12,KTAEFQMTF,0,All manifest-contained 9-mer window combinations retained for sensitivity; not a predictor-selected register or a re-ranking score.
EBV_TCELL_1862913::HUMAN_MYELIN_117032,22,EBV_TCELL_1862913,HUMAN_MYELIN_117032,9,PSIMHRYAV,13,TAEFQMTFH,0,All manifest-contained 9-mer window combinations retained for sensitivity; not a predictor-selected register or a re-ranking score.
EBV_TCELL_1862913::HUMAN_MYELIN_117032,22,EBV_TCELL_1862913,HUMAN_MYELIN_117032,9,PSIMHRYAV,14,AEFQMTFHL,0,All manifest-contained 9-mer window combinations retained for sensitivity; not a predictor-selected register or a re-ranking score.
EBV_TCELL_1862913::HUMAN_MYELIN_117032,22,EBV_TCELL_1862913,HUMAN_MYELIN_117032,9,PSIMHRYAV,15,EFQMTFHLF,0,All manifest-contained 9-mer window combinations retained for sensitivity; not a predictor-selected register or a re-ranking score.
EBV_TCELL_1862913::HUMAN_MYELIN_117032,22,EBV_TCELL_1862913,HUMAN_MYELIN_117032,9,PSIMHRYAV,16,FQMTFHLFI,0,All manifest-contained 9-mer window combinations retained for sensitivity; not a predictor-selected register or a re-ranking score.
EBV_TCELL_1862913::HUMAN_MYELIN_117032,22,EBV_TCELL_1862913,HUMAN_MYELIN_117032,9,PSIMHRYAV,17,QMTFHLFIA,0,All manifest-contained 9-mer window combinations retained for sensitivity; not a predictor-selected register or a re-ranking score.
EBV_TCELL_1862913::HUMAN_MYELIN_117032,22,EBV_TCELL_1862913,HUMAN_MYELIN_117032,9,PSIMHRYAV,18,MTFHLFIAA,0,All manifest-contained 9-mer window combinations retained for sensitivity; not a predictor-selected register or a re-ranking score.
EBV_TCELL_1862913::HUMAN_MYELIN_117032,22,EBV_TCELL_1862913,HUMAN_MYELIN_117032,9,PSIMHRYAV,19,TFHLFIAAF,0,All manifest-contained 9-mer window combinations retained for sensitivity; not a predictor-selected register or a re-ranking score.
EBV_TCELL_1862913::HUMAN_MYELIN_117032,22,EBV_TCELL_1862913,HUMAN_MYELIN_117032,9,PSIMHRYAV,20,FHLFIAAFV,0,All manifest-contained 9-mer window combinations retained for sensitivity; not a predictor-selected register or a re-ranking score.
EBV_TCELL_1862913::HUMAN_MYELIN_117032,22,EBV_TCELL_1862913,HUMAN_MYELIN_117032,9,PSIMHRYAV,21,HLFIAAFVG,0,All manifest-contained 9-mer window combinations retained for sensitivity; not a predictor-selected register or a re-ranking score.
EBV_TCELL_1862913::HUMAN_MYELIN_117032,22,EBV_TCELL_1862913,HUMAN_MYELIN_117032,9,PSIMHRYAV,22,LFIAAFVGA,0,All manifest-contained 9-mer window combinations retained for sensitivity; not a predictor-selected register or a re-ranking score.
EBV_TCELL_1862913::HUMAN_MYELIN_117032,22,EBV_TCELL_1862913,HUMAN_MYELIN_117032,9,PSIMHRYAV,23,FIAAFVGAA,0,All manifest-contained 9-mer window combinations retained for sensitivity; not a predictor-selected register or a re-ranking score.
EBV_TCELL_1862913::HUMAN_MYELIN_117032,22,EBV_TCELL_1862913,HUMAN_MYELIN_117032,9,PSIMHRYAV,24,IAAFVGAAA,0,All manifest-contained 9-mer window combinations retained for sensitivity; not a predictor-selected register or a re-ranking score.
EBV_TCELL_1862913::HUMAN_MYELIN_117032,22,EBV_TCELL_1862913,HUMAN_MYELIN_117032,10,SIMHRYAVV,1,KVCGSNLLS,0,All manifest-contained 9-mer window combinations retained for sensitivity; not a predictor-selected register or a re-ranking score.
EBV_TCELL_1862913::HUMAN_MYELIN_117032,22,EBV_TCELL_1862913,HUMAN_MYELIN_117032,10,SIMHRYAVV,2,VCGSNLLSI,0,All manifest-contained 9-mer window combinations retained for sensitivity; not a predictor-selected register or a re-ranking score.
EBV_TCELL_1862913::HUMAN_MYELIN_117032,22,EBV_TCELL_1862913,HUMAN_MYELIN_117032,10,SIMHRYAVV,3,CGSNLLSIC,0,All manifest-contained 9-mer window combinations retained for sensitivity; not a predictor-selected register or a re-ranking score.
EBV_TCELL_1862913::HUMAN_MYELIN_117032,22,EBV_TCELL_1862913,HUMAN_MYELIN_117032,10,SIMHRYAVV,4,GSNLLSICK,0,All manifest-contained 9-mer window combinations retained for sensitivity; not a predictor-selected register or a re-ranking score.
EBV_TCELL_1862913::HUMAN_MYELIN_117032,22,EBV_TCELL_1862913,HUMAN_MYELIN_117032,10,SIMHRYAVV,5,SNLLSICKT,0,All manifest-contained 9-mer window combinations retained for sensitivity; not a predictor-selected register or a re-ranking score.
EBV_TCELL_1862913::HUMAN_MYELIN_117032,22,EBV_TCELL_1862913,HUMAN_MYELIN_117032,10,SIMHRYAVV,6,NLLSICKTA,0,All manifest-contained 9-mer window combinations retained for sensitivity; not a predictor-selected register or a re-ranking score.
EBV_TCELL_1862913::HUMAN_MYELIN_117032,22,EBV_TCELL_1862913,HUMAN_MYELIN_117032,10,SIMHRYAVV,7,LLSICKTAE,0,All manifest-contained 9-mer window combinations retained for sensitivity; not a predictor-selected register or a re-ranking score.
EBV_TCELL_1862913::HUMAN_MYELIN_117032,22,EBV_TCELL_1862913,HUMAN_MYELIN_117032,10,SIMHRYAVV,8,LSICKTAEF,0,All manifest-contained 9-mer window combinations retained for sensitivity; not a predictor-selected register or a re-ranking score.
EBV_TCELL_1862913::HUMAN_MYELIN_117032,22,EBV_TCELL_1862913,HUMAN_MYELIN_117032,10,SIMHRYAVV,9,SICKTAEFQ,0,All manifest-contained 9-mer window combinations retained for sensitivity; not a predictor-selected register or a re-ranking score.
EBV_TCELL_1862913::HUMAN_MYELIN_117032,22,EBV_TCELL_1862913,HUMAN_MYELIN_117032,10,SIMHRYAVV,10,ICKTAEFQM,0,All manifest-contained 9-mer window combinations retained for sensitivity; not a predictor-selected register or a re-ranking score.
EBV_TCELL_1862913::HUMAN_MYELIN_117032,22,EBV_TCELL_1862913,HUMAN_MYELIN_117032,10,SIMHRYAVV,11,CKTAEFQMT,0,All manifest-contained 9-mer window combinations retained for sensitivity; not a predictor-selected register or a re-ranking score.
EBV_TCELL_1862913::HUMAN_MYELIN_117032,22,EBV_TCELL_1862913,HUMAN_MYELIN_117032,10,SIMHRYAVV,12,KTAEFQMTF,0,All manifest-contained 9-mer window combinations retained for sensitivity; not a predictor-selected register or a re-ranking score.
EBV_TCELL_1862913::HUMAN_MYELIN_117032,22,EBV_TCELL_1862913,HUMAN_MYELIN_117032,10,SIMHRYAVV,13,TAEFQMTFH,0,All manifest-contained 9-mer window combinations retained for sensitivity; not a predictor-selected register or a re-ranking score.
EBV_TCELL_1862913::HUMAN_MYELIN_117032,22,EBV_TCELL_1862913,HUMAN_MYELIN_117032,10,SIMHRYAVV,14,AEFQMTFHL,0,All manifest-contained 9-mer window combinations retained for sensitivity; not a predictor-selected register or a re-ranking score.
EBV_TCELL_1862913::HUMAN_MYELIN_117032,22,EBV_TCELL_1862913,HUMAN_MYELIN_117032,10,SIMHRYAVV,15,EFQMTFHLF,0,All manifest-contained 9-mer window combinations retained for sensitivity; not a predictor-selected register or a re-ranking score.
EBV_TCELL_1862913::HUMAN_MYELIN_117032,22,EBV_TCELL_1862913,HUMAN_MYELIN_117032,10,SIMHRYAVV,16,FQMTFHLFI,0,All manifest-contained 9-mer window combinations retained for sensitivity; not a predictor-selected register or a re-ranking score.
EBV_TCELL_1862913::HUMAN_MYELIN_117032,22,EBV_TCELL_1862913,HUMAN_MYELIN_117032,10,SIMHRYAVV,17,QMTFHLFIA,0,All manifest-contained 9-mer window combinations retained for sensitivity; not a predictor-selected register or a re-ranking score.
EBV_TCELL_1862913::HUMAN_MYELIN_117032,22,EBV_TCELL_1862913,HUMAN_MYELIN_117032,10,SIMHRYAVV,18,MTFHLFIAA,0,All manifest-contained 9-mer window combinations retained for sensitivity; not a predictor-selected register or a re-ranking score.
EBV_TCELL_1862913::HUMAN_MYELIN_117032,22,EBV_TCELL_1862913,HUMAN_MYELIN_117032,10,SIMHRYAVV,19,TFHLFIAAF,0,All manifest-contained 9-mer window combinations retained for sensitivity; not a predictor-selected register or a re-ranking score.
EBV_TCELL_1862913::HUMAN_MYELIN_117032,22,EBV_TCELL_1862913,HUMAN_MYELIN_117032,10,SIMHRYAVV,20,FHLFIAAFV,0,All manifest-contained 9-mer window combinations retained for sensitivity; not a predictor-selected register or a re-ranking score.
EBV_TCELL_1862913::HUMAN_MYELIN_117032,22,EBV_TCELL_1862913,HUMAN_MYELIN_117032,10,SIMHRYAVV,21,HLFIAAFVG,0,All manifest-contained 9-mer window combinations retained for sensitivity; not a predictor-selected register or a re-ranking score.
EBV_TCELL_1862913::HUMAN_MYELIN_117032,22,EBV_TCELL_1862913,HUMAN_MYELIN_117032,10,SIMHRYAVV,22,LFIAAFVGA,0,All manifest-contained 9-mer window combinations retained for sensitivity; not a predictor-selected register or a re-ranking score.
EBV_TCELL_1862913::HUMAN_MYELIN_117032,22,EBV_TCELL_1862913,HUMAN_MYELIN_117032,10,SIMHRYAVV,23,FIAAFVGAA,0,All manifest-contained 9-mer window combinations retained for sensitivity; not a predictor-selected register or a re-ranking score.
EBV_TCELL_1862913::HUMAN_MYELIN_117032,22,EBV_TCELL_1862913,HUMAN_MYELIN_117032,10,SIMHRYAVV,24,IAAFVGAAA,0,All manifest-contained 9-mer window combinations retained for sensitivity; not a predictor-selected register or a re-ranking score.
EBV_TCELL_1862913::HUMAN_MYELIN_117032,22,EBV_TCELL_1862913,HUMAN_MYELIN_117032,11,IMHRYAVVQ,1,KVCGSNLLS,0,All manifest-contained 9-mer window combinations retained for sensitivity; not a predictor-selected register or a re-ranking score.
EBV_TCELL_1862913::HUMAN_MYELIN_117032,22,EBV_TCELL_1862913,HUMAN_MYELIN_117032,11,IMHRYAVVQ,2,VCGSNLLSI,0,All manifest-contained 9-mer window combinations retained for sensitivity; not a predictor-selected register or a re-ranking score.
EBV_TCELL_1862913::HUMAN_MYELIN_117032,22,EBV_TCELL_1862913,HUMAN_MYELIN_117032,11,IMHRYAVVQ,3,CGSNLLSIC,0,All manifest-contained 9-mer window combinations retained for sensitivity; not a predictor-selected register or a re-ranking score.
EBV_TCELL_1862913::HUMAN_MYELIN_117032,22,EBV_TCELL_1862913,HUMAN_MYELIN_117032,11,IMHRYAVVQ,4,GSNLLSICK,0,All manifest-contained 9-mer window combinations retained for sensitivity; not a predictor-selected register or a re-ranking score.
EBV_TCELL_1862913::HUMAN_MYELIN_117032,22,EBV_TCELL_1862913,HUMAN_MYELIN_117032,11,IMHRYAVVQ,5,SNLLSICKT,0,All manifest-contained 9-mer window combinations retained for sensitivity; not a predictor-selected register or a re-ranking score.
EBV_TCELL_1862913::HUMAN_MYELIN_117032,22,EBV_TCELL_1862913,HUMAN_MYELIN_117032,11,IMHRYAVVQ,6,NLLSICKTA,0,All manifest-contained 9-mer window combinations retained for sensitivity; not a predictor-selected register or a re-ranking score.
EBV_TCELL_1862913::HUMAN_MYELIN_117032,22,EBV_TCELL_1862913,HUMAN_MYELIN_117032,11,IMHRYAVVQ,7,LLSICKTAE,0,All manifest-contained 9-mer window combinations retained for sensitivity; not a predictor-selected register or a re-ranking score.
EBV_TCELL_1862913::HUMAN_MYELIN_117032,22,EBV_TCELL_1862913,HUMAN_MYELIN_117032,11,IMHRYAVVQ,8,LSICKTAEF,0,All manifest-contained 9-mer window combinations retained for sensitivity; not a predictor-selected register or a re-ranking score.
EBV_TCELL_1862913::HUMAN_MYELIN_117032,22,EBV_TCELL_1862913,HUMAN_MYELIN_117032,11,IMHRYAVVQ,9,SICKTAEFQ,0,All manifest-contained 9-mer window combinations retained for sensitivity; not a predictor-selected register or a re-ranking score.
EBV_TCELL_1862913::HUMAN_MYELIN_117032,22,EBV_TCELL_1862913,HUMAN_MYELIN_117032,11,IMHRYAVVQ,10,ICKTAEFQM,0,All manifest-contained 9-mer window combinations retained for sensitivity; not a predictor-selected register or a re-ranking score.
EBV_TCELL_1862913::HUMAN_MYELIN_117032,22,EBV_TCELL_1862913,HUMAN_MYELIN_117032,11,IMHRYAVVQ,11,CKTAEFQMT,0,All manifest-contained 9-mer window combinations retained for sensitivity; not a predictor-selected register or a re-ranking score.
EBV_TCELL_1862913::HUMAN_MYELIN_117032,22,EBV_TCELL_1862913,HUMAN_MYELIN_117032,11,IMHRYAVVQ,12,KTAEFQMTF,0,All manifest-contained 9-mer window combinations retained for sensitivity; not a predictor-selected register or a re-ranking score.
EBV_TCELL_1862913::HUMAN_MYELIN_117032,22,EBV_TCELL_1862913,HUMAN_MYELIN_117032,11,IMHRYAVVQ,13,TAEFQMTFH,0,All manifest-contained 9-mer window combinations retained for sensitivity; not a predictor-selected register or a re-ranking score.
EBV_TCELL_1862913::HUMAN_MYELIN_117032,22,EBV_TCELL_1862913,HUMAN_MYELIN_117032,11,IMHRYAVVQ,14,AEFQMTFHL,0,All manifest-contained 9-mer window combinations retained for sensitivity; not a predictor-selected register or a re-ranking score.
EBV_TCELL_1862913::HUMAN_MYELIN_117032,22,EBV_TCELL_1862913,HUMAN_MYELIN_117032,11,IMHRYAVVQ,15,EFQMTFHLF,0,All manifest-contained 9-mer window combinations retained for sensitivity; not a predictor-selected register or a re-ranking score.
EBV_TCELL_1862913::HUMAN_MYELIN_117032,22,EBV_TCELL_1862913,HUMAN_MYELIN_117032,11,IMHRYAVVQ,16,FQMTFHLFI,0,All manifest-contained 9-mer window combinations retained for sensitivity; not a predictor-selected register or a re-ranking score.
EBV_TCELL_1862913::HUMAN_MYELIN_117032,22,EBV_TCELL_1862913,HUMAN_MYELIN_117032,11,IMHRYAVVQ,17,QMTFHLFIA,0,All manifest-contained 9-mer window combinations retained for sensitivity; not a predictor-selected register or a re-ranking score.
EBV_TCELL_1862913::HUMAN_MYELIN_117032,22,EBV_TCELL_1862913,HUMAN_MYELIN_117032,11,IMHRYAVVQ,18,MTFHLFIAA,0,All manifest-contained 9-mer window combinations retained for sensitivity; not a predictor-selected register or a re-ranking score.
EBV_TCELL_1862913::HUMAN_MYELIN_117032,22,EBV_TCELL_1862913,HUMAN_MYELIN_117032,11,IMHRYAVVQ,19,TFHLFIAAF,0,All manifest-contained 9-mer window combinations retained for sensitivity; not a predictor-selected register or a re-ranking score.
EBV_TCELL_1862913::HUMAN_MYELIN_117032,22,EBV_TCELL_1862913,HUMAN_MYELIN_117032,11,IMHRYAVVQ,20,FHLFIAAFV,0,All manifest-contained 9-mer window combinations retained for sensitivity; not a predictor-selected register or a re-ranking score.
EBV_TCELL_1862913::HUMAN_MYELIN_117032,22,EBV_TCELL_1862913,HUMAN_MYELIN_117032,11,IMHRYAVVQ,21,HLFIAAFVG,0,All manifest-contained 9-mer window combinations retained for sensitivity; not a predictor-selected register or a re-ranking score.
EBV_TCELL_1862913::HUMAN_MYELIN_117032,22,EBV_TCELL_1862913,HUMAN_MYELIN_117032,11,IMHRYAVVQ,22,LFIAAFVGA,0,All manifest-contained 9-mer window combinations retained for sensitivity; not a predictor-selected register or a re-ranking score.
EBV_TCELL_1862913::HUMAN_MYELIN_117032,22,EBV_TCELL_1862913,HUMAN_MYELIN_117032,11,IMHRYAVVQ,23,FIAAFVGAA,0,All manifest-contained 9-mer window combinations retained for sensitivity; not a predictor-selected register or a re-ranking score.
EBV_TCELL_1862913::HUMAN_MYELIN_117032,22,EBV_TCELL_1862913,HUMAN_MYELIN_117032,11,IMHRYAVVQ,24,IAAFVGAAA,0,All manifest-contained 9-mer window combinations retained for sensitivity; not a predictor-selected register or a re-ranking score.
EBV_TCELL_1862913::HUMAN_MYELIN_117032,22,EBV_TCELL_1862913,HUMAN_MYELIN_117032,12,MHRYAVVQP,1,KVCGSNLLS,0,All manifest-contained 9-mer window combinations retained for sensitivity; not a predictor-selected register or a re-ranking score.
EBV_TCELL_1862913::HUMAN_MYELIN_117032,22,EBV_TCELL_1862913,HUMAN_MYELIN_117032,12,MHRYAVVQP,2,VCGSNLLSI,0,All manifest-contained 9-mer window combinations retained for sensitivity; not a predictor-selected register or a re-ranking score.
EBV_TCELL_1862913::HUMAN_MYELIN_117032,22,EBV_TCELL_1862913,HUMAN_MYELIN_117032,12,MHRYAVVQP,3,CGSNLLSIC,0,All manifest-contained 9-mer window combinations retained for sensitivity; not a predictor-selected register or a re-ranking score.
EBV_TCELL_1862913::HUMAN_MYELIN_117032,22,EBV_TCELL_1862913,HUMAN_MYELIN_117032,12,MHRYAVVQP,4,GSNLLSICK,0,All manifest-contained 9-mer window combinations retained for sensitivity; not a predictor-selected register or a re-ranking score.
EBV_TCELL_1862913::HUMAN_MYELIN_117032,22,EBV_TCELL_1862913,HUMAN_MYELIN_117032,12,MHRYAVVQP,5,SNLLSICKT,0,All manifest-contained 9-mer window combinations retained for sensitivity; not a predictor-selected register or a re-ranking score.
EBV_TCELL_1862913::HUMAN_MYELIN_117032,22,EBV_TCELL_1862913,HUMAN_MYELIN_117032,12,MHRYAVVQP,6,NLLSICKTA,0,All manifest-contained 9-mer window combinations retained for sensitivity; not a predictor-selected register or a re-ranking score.
EBV_TCELL_1862913::HUMAN_MYELIN_117032,22,EBV_TCELL_1862913,HUMAN_MYELIN_117032,12,MHRYAVVQP,7,LLSICKTAE,0,All manifest-contained 9-mer window combinations retained for sensitivity; not a predictor-selected register or a re-ranking score.
EBV_TCELL_1862913::HUMAN_MYELIN_117032,22,EBV_TCELL_1862913,HUMAN_MYELIN_117032,12,MHRYAVVQP,8,LSICKTAEF,0,All manifest-contained 9-mer window combinations retained for sensitivity; not a predictor-selected register or a re-ranking score.
EBV_TCELL_1862913::HUMAN_MYELIN_117032,22,EBV_TCELL_1862913,HUMAN_MYELIN_117032,12,MHRYAVVQP,9,SICKTAEFQ,0,All manifest-contained 9-mer window combinations retained for sensitivity; not a predictor-selected register or a re-ranking score.
EBV_TCELL_1862913::HUMAN_MYELIN_117032,22,EBV_TCELL_1862913,HUMAN_MYELIN_117032,12,MHRYAVVQP,10,ICKTAEFQM,0,All manifest-contained 9-mer window combinations retained for sensitivity; not a predictor-selected register or a re-ranking score.
EBV_TCELL_1862913::HUMAN_MYELIN_117032,22,EBV_TCELL_1862913,HUMAN_MYELIN_117032,12,MHRYAVVQP,11,CKTAEFQMT,0,All manifest-contained 9-mer window combinations retained for sensitivity; not a predictor-selected register or a re-ranking score.
EBV_TCELL_1862913::HUMAN_MYELIN_117032,22,EBV_TCELL_1862913,HUMAN_MYELIN_117032,12,MHRYAVVQP,12,KTAEFQMTF,0,All manifest-contained 9-mer window combinations retained for sensitivity; not a predictor-selected register or a re-ranking score.
EBV_TCELL_1862913::HUMAN_MYELIN_117032,22,EBV_TCELL_1862913,HUMAN_MYELIN_117032,12,MHRYAVVQP,13,TAEFQMTFH,0,All manifest-contained 9-mer window combinations retained for sensitivity; not a predictor-selected register or a re-ranking score.
EBV_TCELL_1862913::HUMAN_MYELIN_117032,22,EBV_TCELL_1862913,HUMAN_MYELIN_117032,12,MHRYAVVQP,14,AEFQMTFHL,0,All manifest-contained 9-mer window combinations retained for sensitivity; not a predictor-selected register or a re-ranking score.
EBV_TCELL_1862913::HUMAN_MYELIN_117032,22,EBV_TCELL_1862913,HUMAN_MYELIN_117032,12,MHRYAVVQP,15,EFQMTFHLF,0,All manifest-contained 9-mer window combinations retained for sensitivity; not a predictor-selected register or a re-ranking score.
EBV_TCELL_1862913::HUMAN_MYELIN_117032,22,EBV_TCELL_1862913,HUMAN_MYELIN_117032,12,MHRYAVVQP,16,FQMTFHLFI,0,All manifest-contained 9-mer window combinations retained for sensitivity; not a predictor-selected register or a re-ranking score.
EBV_TCELL_1862913::HUMAN_MYELIN_117032,22,EBV_TCELL_1862913,HUMAN_MYELIN_117032,12,MHRYAVVQP,17,QMTFHLFIA,0,All manifest-contained 9-mer window combinations retained for sensitivity; not a predictor-selected register or a re-ranking score.
EBV_TCELL_1862913::HUMAN_MYELIN_117032,22,EBV_TCELL_1862913,HUMAN_MYELIN_117032,12,MHRYAVVQP,18,MTFHLFIAA,0,All manifest-contained 9-mer window combinations retained for sensitivity; not a predictor-selected register or a re-ranking score.
EBV_TCELL_1862913::HUMAN_MYELIN_117032,22,EBV_TCELL_1862913,HUMAN_MYELIN_117032,12,MHRYAVVQP,19,TFHLFIAAF,0,All manifest-contained 9-mer window combinations retained for sensitivity; not a predictor-selected register or a re-ranking score.
EBV_TCELL_1862913::HUMAN_MYELIN_117032,22,EBV_TCELL_1862913,HUMAN_MYELIN_117032,12,MHRYAVVQP,20,FHLFIAAFV,0,All manifest-contained 9-mer window combinations retained for sensitivity; not a predictor-selected register or a re-ranking score.
EBV_TCELL_1862913::HUMAN_MYELIN_117032,22,EBV_TCELL_1862913,HUMAN_MYELIN_117032,12,MHRYAVVQP,21,HLFIAAFVG,0,All manifest-contained 9-mer window combinations retained for sensitivity; not a predictor-selected register or a re-ranking score.
EBV_TCELL_1862913::HUMAN_MYELIN_117032,22,EBV_TCELL_1862913,HUMAN_MYELIN_117032,12,MHRYAVVQP,22,LFIAAFVGA,0,All manifest-contained 9-mer window combinations retained for sensitivity; not a predictor-selected register or a re-ranking score.
EBV_TCELL_1862913::HUMAN_MYELIN_117032,22,EBV_TCELL_1862913,HUMAN_MYELIN_117032,12,MHRYAVVQP,23,FIAAFVGAA,0,All manifest-contained 9-mer window combinations retained for sensitivity; not a predictor-selected register or a re-ranking score.
EBV_TCELL_1862913::HUMAN_MYELIN_117032,22,EBV_TCELL_1862913,HUMAN_MYELIN_117032,12,MHRYAVVQP,24,IAAFVGAAA,0,All manifest-contained 9-mer window combinations retained for sensitivity; not a predictor-selected register or a re-ranking score.
EBV_TCELL_149795::HUMAN_MYELIN_117032,23,EBV_TCELL_149795,HUMAN_MYELIN_117032,1,LDLDFGQLT,1,KVCGSNLLS,0,All manifest-contained 9-mer window combinations retained for sensitivity; not a predictor-selected register or a re-ranking score.
EBV_TCELL_149795::HUMAN_MYELIN_117032,23,EBV_TCELL_149795,HUMAN_MYELIN_117032,1,LDLDFGQLT,2,VCGSNLLSI,0,All manifest-contained 9-mer window combinations retained for sensitivity; not a predictor-selected register or a re-ranking score.
EBV_TCELL_149795::HUMAN_MYELIN_117032,23,EBV_TCELL_149795,HUMAN_MYELIN_117032,1,LDLDFGQLT,3,CGSNLLSIC,0,All manifest-contained 9-mer window combinations retained for sensitivity; not a predictor-selected register or a re-ranking score.
EBV_TCELL_149795::HUMAN_MYELIN_117032,23,EBV_TCELL_149795,HUMAN_MYELIN_117032,1,LDLDFGQLT,4,GSNLLSICK,0,All manifest-contained 9-mer window combinations retained for sensitivity; not a predictor-selected register or a re-ranking score.
EBV_TCELL_149795::HUMAN_MYELIN_117032,23,EBV_TCELL_149795,HUMAN_MYELIN_117032,1,LDLDFGQLT,5,SNLLSICKT,0,All manifest-contained 9-mer window combinations retained for sensitivity; not a predictor-selected register or a re-ranking score.
EBV_TCELL_149795::HUMAN_MYELIN_117032,23,EBV_TCELL_149795,HUMAN_MYELIN_117032,1,LDLDFGQLT,6,NLLSICKTA,0,All manifest-contained 9-mer window combinations retained for sensitivity; not a predictor-selected register or a re-ranking score.
EBV_TCELL_149795::HUMAN_MYELIN_117032,23,EBV_TCELL_149795,HUMAN_MYELIN_117032,1,LDLDFGQLT,7,LLSICKTAE,0,All manifest-contained 9-mer window combinations retained for sensitivity; not a predictor-selected register or a re-ranking score.
EBV_TCELL_149795::HUMAN_MYELIN_117032,23,EBV_TCELL_149795,HUMAN_MYELIN_117032,1,LDLDFGQLT,8,LSICKTAEF,0,All manifest-contained 9-mer window combinations retained for sensitivity; not a predictor-selected register or a re-ranking score.
EBV_TCELL_149795::HUMAN_MYELIN_117032,23,EBV_TCELL_149795,HUMAN_MYELIN_117032,1,LDLDFGQLT,9,SICKTAEFQ,0,All manifest-contained 9-mer window combinations retained for sensitivity; not a predictor-selected register or a re-ranking score.
EBV_TCELL_149795::HUMAN_MYELIN_117032,23,EBV_TCELL_149795,HUMAN_MYELIN_117032,1,LDLDFGQLT,10,ICKTAEFQM,0,All manifest-contained 9-mer window combinations retained for sensitivity; not a predictor-selected register or a re-ranking score.
EBV_TCELL_149795::HUMAN_MYELIN_117032,23,EBV_TCELL_149795,HUMAN_MYELIN_117032,1,LDLDFGQLT,11,CKTAEFQMT,3,All manifest-contained 9-mer window combinations retained for sensitivity; not a predictor-selected register or a re-ranking score.
EBV_TCELL_149795::HUMAN_MYELIN_117032,23,EBV_TCELL_149795,HUMAN_MYELIN_117032,1,LDLDFGQLT,12,KTAEFQMTF,0,All manifest-contained 9-mer window combinations retained for sensitivity; not a predictor-selected register or a re-ranking score.
EBV_TCELL_149795::HUMAN_MYELIN_117032,23,EBV_TCELL_149795,HUMAN_MYELIN_117032,1,LDLDFGQLT,13,TAEFQMTFH,0,All manifest-contained 9-mer window combinations retained for sensitivity; not a predictor-selected register or a re-ranking score.
EBV_TCELL_149795::HUMAN_MYELIN_117032,23,EBV_TCELL_149795,HUMAN_MYELIN_117032,1,LDLDFGQLT,14,AEFQMTFHL,0,All manifest-contained 9-mer window combinations retained for sensitivity; not a predictor-selected register or a re-ranking score.
EBV_TCELL_149795::HUMAN_MYELIN_117032,23,EBV_TCELL_149795,HUMAN_MYELIN_117032,1,LDLDFGQLT,15,EFQMTFHLF,0,All manifest-contained 9-mer window combinations retained for sensitivity; not a predictor-selected register or a re-ranking score.
EBV_TCELL_149795::HUMAN_MYELIN_117032,23,EBV_TCELL_149795,HUMAN_MYELIN_117032,1,LDLDFGQLT,16,FQMTFHLFI,0,All manifest-contained 9-mer window combinations retained for sensitivity; not a predictor-selected register or a re-ranking score.
EBV_TCELL_149795::HUMAN_MYELIN_117032,23,EBV_TCELL_149795,HUMAN_MYELIN_117032,1,LDLDFGQLT,17,QMTFHLFIA,0,All manifest-contained 9-mer window combinations retained for sensitivity; not a predictor-selected register or a re-ranking score.
EBV_TCELL_149795::HUMAN_MYELIN_117032,23,EBV_TCELL_149795,HUMAN_MYELIN_117032,1,LDLDFGQLT,18,MTFHLFIAA,0,All manifest-contained 9-mer window combinations retained for sensitivity; not a predictor-selected register or a re-ranking score.
EBV_TCELL_149795::HUMAN_MYELIN_117032,23,EBV_TCELL_149795,HUMAN_MYELIN_117032,1,LDLDFGQLT,19,TFHLFIAAF,0,All manifest-contained 9-mer window combinations retained for sensitivity; not a predictor-selected register or a re-ranking score.
EBV_TCELL_149795::HUMAN_MYELIN_117032,23,EBV_TCELL_149795,HUMAN_MYELIN_117032,1,LDLDFGQLT,20,FHLFIAAFV,0,All manifest-contained 9-mer window combinations retained for sensitivity; not a predictor-selected register or a re-ranking score.
EBV_TCELL_149795::HUMAN_MYELIN_117032,23,EBV_TCELL_149795,HUMAN_MYELIN_117032,1,LDLDFGQLT,21,HLFIAAFVG,0,All manifest-contained 9-mer window combinations retained for sensitivity; not a predictor-selected register or a re-ranking score.
EBV_TCELL_149795::HUMAN_MYELIN_117032,23,EBV_TCELL_149795,HUMAN_MYELIN_117032,1,LDLDFGQLT,22,LFIAAFVGA,0,All manifest-contained 9-mer window combinations retained for sensitivity; not a predictor-selected register or a re-ranking score.
EBV_TCELL_149795::HUMAN_MYELIN_117032,23,EBV_TCELL_149795,HUMAN_MYELIN_117032,1,LDLDFGQLT,23,FIAAFVGAA,0,All manifest-contained 9-mer window combinations retained for sensitivity; not a predictor-selected register or a re-ranking score.
EBV_TCELL_149795::HUMAN_MYELIN_117032,23,EBV_TCELL_149795,HUMAN_MYELIN_117032,1,LDLDFGQLT,24,IAAFVGAAA,0,All manifest-contained 9-mer window combinations retained for sensitivity; not a predictor-selected register or a re-ranking score.
EBV_TCELL_149795::HUMAN_MYELIN_117032,23,EBV_TCELL_149795,HUMAN_MYELIN_117032,2,DLDFGQLTP,1,KVCGSNLLS,0,All manifest-contained 9-mer window combinations retained for sensitivity; not a predictor-selected register or a re-ranking score.
EBV_TCELL_149795::HUMAN_MYELIN_117032,23,EBV_TCELL_149795,HUMAN_MYELIN_117032,2,DLDFGQLTP,2,VCGSNLLSI,0,All manifest-contained 9-mer window combinations retained for sensitivity; not a predictor-selected register or a re-ranking score.
EBV_TCELL_149795::HUMAN_MYELIN_117032,23,EBV_TCELL_149795,HUMAN_MYELIN_117032,2,DLDFGQLTP,3,CGSNLLSIC,0,All manifest-contained 9-mer window combinations retained for sensitivity; not a predictor-selected register or a re-ranking score.
EBV_TCELL_149795::HUMAN_MYELIN_117032,23,EBV_TCELL_149795,HUMAN_MYELIN_117032,2,DLDFGQLTP,4,GSNLLSICK,0,All manifest-contained 9-mer window combinations retained for sensitivity; not a predictor-selected register or a re-ranking score.
EBV_TCELL_149795::HUMAN_MYELIN_117032,23,EBV_TCELL_149795,HUMAN_MYELIN_117032,2,DLDFGQLTP,5,SNLLSICKT,0,All manifest-contained 9-mer window combinations retained for sensitivity; not a predictor-selected register or a re-ranking score.
EBV_TCELL_149795::HUMAN_MYELIN_117032,23,EBV_TCELL_149795,HUMAN_MYELIN_117032,2,DLDFGQLTP,6,NLLSICKTA,0,All manifest-contained 9-mer window combinations retained for sensitivity; not a predictor-selected register or a re-ranking score.
EBV_TCELL_149795::HUMAN_MYELIN_117032,23,EBV_TCELL_149795,HUMAN_MYELIN_117032,2,DLDFGQLTP,7,LLSICKTAE,0,All manifest-contained 9-mer window combinations retained for sensitivity; not a predictor-selected register or a re-ranking score.
EBV_TCELL_149795::HUMAN_MYELIN_117032,23,EBV_TCELL_149795,HUMAN_MYELIN_117032,2,DLDFGQLTP,8,LSICKTAEF,0,All manifest-contained 9-mer window combinations retained for sensitivity; not a predictor-selected register or a re-ranking score.
EBV_TCELL_149795::HUMAN_MYELIN_117032,23,EBV_TCELL_149795,HUMAN_MYELIN_117032,2,DLDFGQLTP,9,SICKTAEFQ,0,All manifest-contained 9-mer window combinations retained for sensitivity; not a predictor-selected register or a re-ranking score.
EBV_TCELL_149795::HUMAN_MYELIN_117032,23,EBV_TCELL_149795,HUMAN_MYELIN_117032,2,DLDFGQLTP,10,ICKTAEFQM,0,All manifest-contained 9-mer window combinations retained for sensitivity; not a predictor-selected register or a re-ranking score.
EBV_TCELL_149795::HUMAN_MYELIN_117032,23,EBV_TCELL_149795,HUMAN_MYELIN_117032,2,DLDFGQLTP,11,CKTAEFQMT,0,All manifest-contained 9-mer window combinations retained for sensitivity; not a predictor-selected register or a re-ranking score.
EBV_TCELL_149795::HUMAN_MYELIN_117032,23,EBV_TCELL_149795,HUMAN_MYELIN_117032,2,DLDFGQLTP,12,KTAEFQMTF,4,All manifest-contained 9-mer window combinations retained for sensitivity; not a predictor-selected register or a re-ranking score.
EBV_TCELL_149795::HUMAN_MYELIN_117032,23,EBV_TCELL_149795,HUMAN_MYELIN_117032,2,DLDFGQLTP,13,TAEFQMTFH,0,All manifest-contained 9-mer window combinations retained for sensitivity; not a predictor-selected register or a re-ranking score.
EBV_TCELL_149795::HUMAN_MYELIN_117032,23,EBV_TCELL_149795,HUMAN_MYELIN_117032,2,DLDFGQLTP,14,AEFQMTFHL,0,All manifest-contained 9-mer window combinations retained for sensitivity; not a predictor-selected register or a re-ranking score.
EBV_TCELL_149795::HUMAN_MYELIN_117032,23,EBV_TCELL_149795,HUMAN_MYELIN_117032,2,DLDFGQLTP,15,EFQMTFHLF,0,All manifest-contained 9-mer window combinations retained for sensitivity; not a predictor-selected register or a re-ranking score.
EBV_TCELL_149795::HUMAN_MYELIN_117032,23,EBV_TCELL_149795,HUMAN_MYELIN_117032,2,DLDFGQLTP,16,FQMTFHLFI,0,All manifest-contained 9-mer window combinations retained for sensitivity; not a predictor-selected register or a re-ranking score.
EBV_TCELL_149795::HUMAN_MYELIN_117032,23,EBV_TCELL_149795,HUMAN_MYELIN_117032,2,DLDFGQLTP,17,QMTFHLFIA,0,All manifest-contained 9-mer window combinations retained for sensitivity; not a predictor-selected register or a re-ranking score.
EBV_TCELL_149795::HUMAN_MYELIN_117032,23,EBV_TCELL_149795,HUMAN_MYELIN_117032,2,DLDFGQLTP,18,MTFHLFIAA,0,All manifest-contained 9-mer window combinations retained for sensitivity; not a predictor-selected register or a re-ranking score.
EBV_TCELL_149795::HUMAN_MYELIN_117032,23,EBV_TCELL_149795,HUMAN_MYELIN_117032,2,DLDFGQLTP,19,TFHLFIAAF,0,All manifest-contained 9-mer window combinations retained for sensitivity; not a predictor-selected register or a re-ranking score.
EBV_TCELL_149795::HUMAN_MYELIN_117032,23,EBV_TCELL_149795,HUMAN_MYELIN_117032,2,DLDFGQLTP,20,FHLFIAAFV,0,All manifest-contained 9-mer window combinations retained for sensitivity; not a predictor-selected register or a re-ranking score.
EBV_TCELL_149795::HUMAN_MYELIN_117032,23,EBV_TCELL_149795,HUMAN_MYELIN_117032,2,DLDFGQLTP,21,HLFIAAFVG,0,All manifest-contained 9-mer window combinations retained for sensitivity; not a predictor-selected register or a re-ranking score.
EBV_TCELL_149795::HUMAN_MYELIN_117032,23,EBV_TCELL_149795,HUMAN_MYELIN_117032,2,DLDFGQLTP,22,LFIAAFVGA,0,All manifest-contained 9-mer window combinations retained for sensitivity; not a predictor-selected register or a re-ranking score.
EBV_TCELL_149795::HUMAN_MYELIN_117032,23,EBV_TCELL_149795,HUMAN_MYELIN_117032,2,DLDFGQLTP,23,FIAAFVGAA,0,All manifest-contained 9-mer window combinations retained for sensitivity; not a predictor-selected register or a re-ranking score.
EBV_TCELL_149795::HUMAN_MYELIN_117032,23,EBV_TCELL_149795,HUMAN_MYELIN_117032,2,DLDFGQLTP,24,IAAFVGAAA,0,All manifest-contained 9-mer window combinations retained for sensitivity; not a predictor-selected register or a re-ranking score.
EBV_TCELL_149795::HUMAN_MYELIN_117032,23,EBV_TCELL_149795,HUMAN_MYELIN_117032,3,LDFGQLTPH,1,KVCGSNLLS,0,All manifest-contained 9-mer window combinations retained for sensitivity; not a predictor-selected register or a re-ranking score.
EBV_TCELL_149795::HUMAN_MYELIN_117032,23,EBV_TCELL_149795,HUMAN_MYELIN_117032,3,LDFGQLTPH,2,VCGSNLLSI,0,All manifest-contained 9-mer window combinations retained for sensitivity; not a predictor-selected register or a re-ranking score.
EBV_TCELL_149795::HUMAN_MYELIN_117032,23,EBV_TCELL_149795,HUMAN_MYELIN_117032,3,LDFGQLTPH,3,CGSNLLSIC,0,All manifest-contained 9-mer window combinations retained for sensitivity; not a predictor-selected register or a re-ranking score.
EBV_TCELL_149795::HUMAN_MYELIN_117032,23,EBV_TCELL_149795,HUMAN_MYELIN_117032,3,LDFGQLTPH,4,GSNLLSICK,0,All manifest-contained 9-mer window combinations retained for sensitivity; not a predictor-selected register or a re-ranking score.
EBV_TCELL_149795::HUMAN_MYELIN_117032,23,EBV_TCELL_149795,HUMAN_MYELIN_117032,3,LDFGQLTPH,5,SNLLSICKT,0,All manifest-contained 9-mer window combinations retained for sensitivity; not a predictor-selected register or a re-ranking score.
EBV_TCELL_149795::HUMAN_MYELIN_117032,23,EBV_TCELL_149795,HUMAN_MYELIN_117032,3,LDFGQLTPH,6,NLLSICKTA,0,All manifest-contained 9-mer window combinations retained for sensitivity; not a predictor-selected register or a re-ranking score.
EBV_TCELL_149795::HUMAN_MYELIN_117032,23,EBV_TCELL_149795,HUMAN_MYELIN_117032,3,LDFGQLTPH,7,LLSICKTAE,0,All manifest-contained 9-mer window combinations retained for sensitivity; not a predictor-selected register or a re-ranking score.
EBV_TCELL_149795::HUMAN_MYELIN_117032,23,EBV_TCELL_149795,HUMAN_MYELIN_117032,3,LDFGQLTPH,8,LSICKTAEF,0,All manifest-contained 9-mer window combinations retained for sensitivity; not a predictor-selected register or a re-ranking score.
EBV_TCELL_149795::HUMAN_MYELIN_117032,23,EBV_TCELL_149795,HUMAN_MYELIN_117032,3,LDFGQLTPH,9,SICKTAEFQ,0,All manifest-contained 9-mer window combinations retained for sensitivity; not a predictor-selected register or a re-ranking score.
EBV_TCELL_149795::HUMAN_MYELIN_117032,23,EBV_TCELL_149795,HUMAN_MYELIN_117032,3,LDFGQLTPH,10,ICKTAEFQM,0,All manifest-contained 9-mer window combinations retained for sensitivity; not a predictor-selected register or a re-ranking score.
EBV_TCELL_149795::HUMAN_MYELIN_117032,23,EBV_TCELL_149795,HUMAN_MYELIN_117032,3,LDFGQLTPH,11,CKTAEFQMT,0,All manifest-contained 9-mer window combinations retained for sensitivity; not a predictor-selected register or a re-ranking score.
EBV_TCELL_149795::HUMAN_MYELIN_117032,23,EBV_TCELL_149795,HUMAN_MYELIN_117032,3,LDFGQLTPH,12,KTAEFQMTF,0,All manifest-contained 9-mer window combinations retained for sensitivity; not a predictor-selected register or a re-ranking score.
EBV_TCELL_149795::HUMAN_MYELIN_117032,23,EBV_TCELL_149795,HUMAN_MYELIN_117032,3,LDFGQLTPH,13,TAEFQMTFH,5,All manifest-contained 9-mer window combinations retained for sensitivity; not a predictor-selected register or a re-ranking score.
EBV_TCELL_149795::HUMAN_MYELIN_117032,23,EBV_TCELL_149795,HUMAN_MYELIN_117032,3,LDFGQLTPH,14,AEFQMTFHL,0,All manifest-contained 9-mer window combinations retained for sensitivity; not a predictor-selected register or a re-ranking score.
EBV_TCELL_149795::HUMAN_MYELIN_117032,23,EBV_TCELL_149795,HUMAN_MYELIN_117032,3,LDFGQLTPH,15,EFQMTFHLF,0,All manifest-contained 9-mer window combinations retained for sensitivity; not a predictor-selected register or a re-ranking score.
EBV_TCELL_149795::HUMAN_MYELIN_117032,23,EBV_TCELL_149795,HUMAN_MYELIN_117032,3,LDFGQLTPH,16,FQMTFHLFI,0,All manifest-contained 9-mer window combinations retained for sensitivity; not a predictor-selected register or a re-ranking score.
EBV_TCELL_149795::HUMAN_MYELIN_117032,23,EBV_TCELL_149795,HUMAN_MYELIN_117032,3,LDFGQLTPH,17,QMTFHLFIA,0,All manifest-contained 9-mer window combinations retained for sensitivity; not a predictor-selected register or a re-ranking score.
EBV_TCELL_149795::HUMAN_MYELIN_117032,23,EBV_TCELL_149795,HUMAN_MYELIN_117032,3,LDFGQLTPH,18,MTFHLFIAA,0,All manifest-contained 9-mer window combinations retained for sensitivity; not a predictor-selected register or a re-ranking score.
EBV_TCELL_149795::HUMAN_MYELIN_117032,23,EBV_TCELL_149795,HUMAN_MYELIN_117032,3,LDFGQLTPH,19,TFHLFIAAF,0,All manifest-contained 9-mer window combinations retained for sensitivity; not a predictor-selected register or a re-ranking score.
EBV_TCELL_149795::HUMAN_MYELIN_117032,23,EBV_TCELL_149795,HUMAN_MYELIN_117032,3,LDFGQLTPH,20,FHLFIAAFV,0,All manifest-contained 9-mer window combinations retained for sensitivity; not a predictor-selected register or a re-ranking score.
EBV_TCELL_149795::HUMAN_MYELIN_117032,23,EBV_TCELL_149795,HUMAN_MYELIN_117032,3,LDFGQLTPH,21,HLFIAAFVG,0,All manifest-contained 9-mer window combinations retained for sensitivity; not a predictor-selected register or a re-ranking score.
EBV_TCELL_149795::HUMAN_MYELIN_117032,23,EBV_TCELL_149795,HUMAN_MYELIN_117032,3,LDFGQLTPH,22,LFIAAFVGA,0,All manifest-contained 9-mer window combinations retained for sensitivity; not a predictor-selected register or a re-ranking score.
EBV_TCELL_149795::HUMAN_MYELIN_117032,23,EBV_TCELL_149795,HUMAN_MYELIN_117032,3,LDFGQLTPH,23,FIAAFVGAA,0,All manifest-contained 9-mer window combinations retained for sensitivity; not a predictor-selected register or a re-ranking score.
EBV_TCELL_149795::HUMAN_MYELIN_117032,23,EBV_TCELL_149795,HUMAN_MYELIN_117032,3,LDFGQLTPH,24,IAAFVGAAA,0,All manifest-contained 9-mer window combinations retained for sensitivity; not a predictor-selected register or a re-ranking score.
EBV_TCELL_149795::HUMAN_MYELIN_117032,23,EBV_TCELL_149795,HUMAN_MYELIN_117032,4,DFGQLTPHT,1,KVCGSNLLS,0,All manifest-contained 9-mer window combinations retained for sensitivity; not a predictor-selected register or a re-ranking score.
EBV_TCELL_149795::HUMAN_MYELIN_117032,23,EBV_TCELL_149795,HUMAN_MYELIN_117032,4,DFGQLTPHT,2,VCGSNLLSI,0,All manifest-contained 9-mer window combinations retained for sensitivity; not a predictor-selected register or a re-ranking score.
EBV_TCELL_149795::HUMAN_MYELIN_117032,23,EBV_TCELL_149795,HUMAN_MYELIN_117032,4,DFGQLTPHT,3,CGSNLLSIC,0,All manifest-contained 9-mer window combinations retained for sensitivity; not a predictor-selected register or a re-ranking score.
EBV_TCELL_149795::HUMAN_MYELIN_117032,23,EBV_TCELL_149795,HUMAN_MYELIN_117032,4,DFGQLTPHT,4,GSNLLSICK,0,All manifest-contained 9-mer window combinations retained for sensitivity; not a predictor-selected register or a re-ranking score.
EBV_TCELL_149795::HUMAN_MYELIN_117032,23,EBV_TCELL_149795,HUMAN_MYELIN_117032,4,DFGQLTPHT,5,SNLLSICKT,0,All manifest-contained 9-mer window combinations retained for sensitivity; not a predictor-selected register or a re-ranking score.
EBV_TCELL_149795::HUMAN_MYELIN_117032,23,EBV_TCELL_149795,HUMAN_MYELIN_117032,4,DFGQLTPHT,6,NLLSICKTA,0,All manifest-contained 9-mer window combinations retained for sensitivity; not a predictor-selected register or a re-ranking score.
EBV_TCELL_149795::HUMAN_MYELIN_117032,23,EBV_TCELL_149795,HUMAN_MYELIN_117032,4,DFGQLTPHT,7,LLSICKTAE,0,All manifest-contained 9-mer window combinations retained for sensitivity; not a predictor-selected register or a re-ranking score.
EBV_TCELL_149795::HUMAN_MYELIN_117032,23,EBV_TCELL_149795,HUMAN_MYELIN_117032,4,DFGQLTPHT,8,LSICKTAEF,0,All manifest-contained 9-mer window combinations retained for sensitivity; not a predictor-selected register or a re-ranking score.
EBV_TCELL_149795::HUMAN_MYELIN_117032,23,EBV_TCELL_149795,HUMAN_MYELIN_117032,4,DFGQLTPHT,9,SICKTAEFQ,0,All manifest-contained 9-mer window combinations retained for sensitivity; not a predictor-selected register or a re-ranking score.
EBV_TCELL_149795::HUMAN_MYELIN_117032,23,EBV_TCELL_149795,HUMAN_MYELIN_117032,4,DFGQLTPHT,10,ICKTAEFQM,0,All manifest-contained 9-mer window combinations retained for sensitivity; not a predictor-selected register or a re-ranking score.
EBV_TCELL_149795::HUMAN_MYELIN_117032,23,EBV_TCELL_149795,HUMAN_MYELIN_117032,4,DFGQLTPHT,11,CKTAEFQMT,0,All manifest-contained 9-mer window combinations retained for sensitivity; not a predictor-selected register or a re-ranking score.
EBV_TCELL_149795::HUMAN_MYELIN_117032,23,EBV_TCELL_149795,HUMAN_MYELIN_117032,4,DFGQLTPHT,12,KTAEFQMTF,0,All manifest-contained 9-mer window combinations retained for sensitivity; not a predictor-selected register or a re-ranking score.
EBV_TCELL_149795::HUMAN_MYELIN_117032,23,EBV_TCELL_149795,HUMAN_MYELIN_117032,4,DFGQLTPHT,13,TAEFQMTFH,0,All manifest-contained 9-mer window combinations retained for sensitivity; not a predictor-selected register or a re-ranking score.
EBV_TCELL_149795::HUMAN_MYELIN_117032,23,EBV_TCELL_149795,HUMAN_MYELIN_117032,4,DFGQLTPHT,14,AEFQMTFHL,5,All manifest-contained 9-mer window combinations retained for sensitivity; not a predictor-selected register or a re-ranking score.
EBV_TCELL_149795::HUMAN_MYELIN_117032,23,EBV_TCELL_149795,HUMAN_MYELIN_117032,4,DFGQLTPHT,15,EFQMTFHLF,0,All manifest-contained 9-mer window combinations retained for sensitivity; not a predictor-selected register or a re-ranking score.
EBV_TCELL_149795::HUMAN_MYELIN_117032,23,EBV_TCELL_149795,HUMAN_MYELIN_117032,4,DFGQLTPHT,16,FQMTFHLFI,0,All manifest-contained 9-mer window combinations retained for sensitivity; not a predictor-selected register or a re-ranking score.
EBV_TCELL_149795::HUMAN_MYELIN_117032,23,EBV_TCELL_149795,HUMAN_MYELIN_117032,4,DFGQLTPHT,17,QMTFHLFIA,0,All manifest-contained 9-mer window combinations retained for sensitivity; not a predictor-selected register or a re-ranking score.
EBV_TCELL_149795::HUMAN_MYELIN_117032,23,EBV_TCELL_149795,HUMAN_MYELIN_117032,4,DFGQLTPHT,18,MTFHLFIAA,0,All manifest-contained 9-mer window combinations retained for sensitivity; not a predictor-selected register or a re-ranking score.
EBV_TCELL_149795::HUMAN_MYELIN_117032,23,EBV_TCELL_149795,HUMAN_MYELIN_117032,4,DFGQLTPHT,19,TFHLFIAAF,0,All manifest-contained 9-mer window combinations retained for sensitivity; not a predictor-selected register or a re-ranking score.
EBV_TCELL_149795::HUMAN_MYELIN_117032,23,EBV_TCELL_149795,HUMAN_MYELIN_117032,4,DFGQLTPHT,20,FHLFIAAFV,0,All manifest-contained 9-mer window combinations retained for sensitivity; not a predictor-selected register or a re-ranking score.
EBV_TCELL_149795::HUMAN_MYELIN_117032,23,EBV_TCELL_149795,HUMAN_MYELIN_117032,4,DFGQLTPHT,21,HLFIAAFVG,0,All manifest-contained 9-mer window combinations retained for sensitivity; not a predictor-selected register or a re-ranking score.
EBV_TCELL_149795::HUMAN_MYELIN_117032,23,EBV_TCELL_149795,HUMAN_MYELIN_117032,4,DFGQLTPHT,22,LFIAAFVGA,0,All manifest-contained 9-mer window combinations retained for sensitivity; not a predictor-selected register or a re-ranking score.
EBV_TCELL_149795::HUMAN_MYELIN_117032,23,EBV_TCELL_149795,HUMAN_MYELIN_117032,4,DFGQLTPHT,23,FIAAFVGAA,0,All manifest-contained 9-mer window combinations retained for sensitivity; not a predictor-selected register or a re-ranking score.
EBV_TCELL_149795::HUMAN_MYELIN_117032,23,EBV_TCELL_149795,HUMAN_MYELIN_117032,4,DFGQLTPHT,24,IAAFVGAAA,0,All manifest-contained 9-mer window combinations retained for sensitivity; not a predictor-selected register or a re-ranking score.
EBV_TCELL_149795::HUMAN_MYELIN_117032,23,EBV_TCELL_149795,HUMAN_MYELIN_117032,5,FGQLTPHTK,1,KVCGSNLLS,0,All manifest-contained 9-mer window combinations retained for sensitivity; not a predictor-selected register or a re-ranking score.
EBV_TCELL_149795::HUMAN_MYELIN_117032,23,EBV_TCELL_149795,HUMAN_MYELIN_117032,5,FGQLTPHTK,2,VCGSNLLSI,0,All manifest-contained 9-mer window combinations retained for sensitivity; not a predictor-selected register or a re-ranking score.
EBV_TCELL_149795::HUMAN_MYELIN_117032,23,EBV_TCELL_149795,HUMAN_MYELIN_117032,5,FGQLTPHTK,3,CGSNLLSIC,0,All manifest-contained 9-mer window combinations retained for sensitivity; not a predictor-selected register or a re-ranking score.
EBV_TCELL_149795::HUMAN_MYELIN_117032,23,EBV_TCELL_149795,HUMAN_MYELIN_117032,5,FGQLTPHTK,4,GSNLLSICK,0,All manifest-contained 9-mer window combinations retained for sensitivity; not a predictor-selected register or a re-ranking score.
EBV_TCELL_149795::HUMAN_MYELIN_117032,23,EBV_TCELL_149795,HUMAN_MYELIN_117032,5,FGQLTPHTK,5,SNLLSICKT,0,All manifest-contained 9-mer window combinations retained for sensitivity; not a predictor-selected register or a re-ranking score.
EBV_TCELL_149795::HUMAN_MYELIN_117032,23,EBV_TCELL_149795,HUMAN_MYELIN_117032,5,FGQLTPHTK,6,NLLSICKTA,0,All manifest-contained 9-mer window combinations retained for sensitivity; not a predictor-selected register or a re-ranking score.
EBV_TCELL_149795::HUMAN_MYELIN_117032,23,EBV_TCELL_149795,HUMAN_MYELIN_117032,5,FGQLTPHTK,7,LLSICKTAE,0,All manifest-contained 9-mer window combinations retained for sensitivity; not a predictor-selected register or a re-ranking score.
EBV_TCELL_149795::HUMAN_MYELIN_117032,23,EBV_TCELL_149795,HUMAN_MYELIN_117032,5,FGQLTPHTK,8,LSICKTAEF,0,All manifest-contained 9-mer window combinations retained for sensitivity; not a predictor-selected register or a re-ranking score.
EBV_TCELL_149795::HUMAN_MYELIN_117032,23,EBV_TCELL_149795,HUMAN_MYELIN_117032,5,FGQLTPHTK,9,SICKTAEFQ,0,All manifest-contained 9-mer window combinations retained for sensitivity; not a predictor-selected register or a re-ranking score.
EBV_TCELL_149795::HUMAN_MYELIN_117032,23,EBV_TCELL_149795,HUMAN_MYELIN_117032,5,FGQLTPHTK,10,ICKTAEFQM,0,All manifest-contained 9-mer window combinations retained for sensitivity; not a predictor-selected register or a re-ranking score.
EBV_TCELL_149795::HUMAN_MYELIN_117032,23,EBV_TCELL_149795,HUMAN_MYELIN_117032,5,FGQLTPHTK,11,CKTAEFQMT,0,All manifest-contained 9-mer window combinations retained for sensitivity; not a predictor-selected register or a re-ranking score.
EBV_TCELL_149795::HUMAN_MYELIN_117032,23,EBV_TCELL_149795,HUMAN_MYELIN_117032,5,FGQLTPHTK,12,KTAEFQMTF,0,All manifest-contained 9-mer window combinations retained for sensitivity; not a predictor-selected register or a re-ranking score.
EBV_TCELL_149795::HUMAN_MYELIN_117032,23,EBV_TCELL_149795,HUMAN_MYELIN_117032,5,FGQLTPHTK,13,TAEFQMTFH,0,All manifest-contained 9-mer window combinations retained for sensitivity; not a predictor-selected register or a re-ranking score.
EBV_TCELL_149795::HUMAN_MYELIN_117032,23,EBV_TCELL_149795,HUMAN_MYELIN_117032,5,FGQLTPHTK,14,AEFQMTFHL,0,All manifest-contained 9-mer window combinations retained for sensitivity; not a predictor-selected register or a re-ranking score.
EBV_TCELL_149795::HUMAN_MYELIN_117032,23,EBV_TCELL_149795,HUMAN_MYELIN_117032,5,FGQLTPHTK,15,EFQMTFHLF,5,All manifest-contained 9-mer window combinations retained for sensitivity; not a predictor-selected register or a re-ranking score.
EBV_TCELL_149795::HUMAN_MYELIN_117032,23,EBV_TCELL_149795,HUMAN_MYELIN_117032,5,FGQLTPHTK,16,FQMTFHLFI,0,All manifest-contained 9-mer window combinations retained for sensitivity; not a predictor-selected register or a re-ranking score.
EBV_TCELL_149795::HUMAN_MYELIN_117032,23,EBV_TCELL_149795,HUMAN_MYELIN_117032,5,FGQLTPHTK,17,QMTFHLFIA,0,All manifest-contained 9-mer window combinations retained for sensitivity; not a predictor-selected register or a re-ranking score.
EBV_TCELL_149795::HUMAN_MYELIN_117032,23,EBV_TCELL_149795,HUMAN_MYELIN_117032,5,FGQLTPHTK,18,MTFHLFIAA,0,All manifest-contained 9-mer window combinations retained for sensitivity; not a predictor-selected register or a re-ranking score.
EBV_TCELL_149795::HUMAN_MYELIN_117032,23,EBV_TCELL_149795,HUMAN_MYELIN_117032,5,FGQLTPHTK,19,TFHLFIAAF,0,All manifest-contained 9-mer window combinations retained for sensitivity; not a predictor-selected register or a re-ranking score.
EBV_TCELL_149795::HUMAN_MYELIN_117032,23,EBV_TCELL_149795,HUMAN_MYELIN_117032,5,FGQLTPHTK,20,FHLFIAAFV,0,All manifest-contained 9-mer window combinations retained for sensitivity; not a predictor-selected register or a re-ranking score.
EBV_TCELL_149795::HUMAN_MYELIN_117032,23,EBV_TCELL_149795,HUMAN_MYELIN_117032,5,FGQLTPHTK,21,HLFIAAFVG,0,All manifest-contained 9-mer window combinations retained for sensitivity; not a predictor-selected register or a re-ranking score.
EBV_TCELL_149795::HUMAN_MYELIN_117032,23,EBV_TCELL_149795,HUMAN_MYELIN_117032,5,FGQLTPHTK,22,LFIAAFVGA,0,All manifest-contained 9-mer window combinations retained for sensitivity; not a predictor-selected register or a re-ranking score.
EBV_TCELL_149795::HUMAN_MYELIN_117032,23,EBV_TCELL_149795,HUMAN_MYELIN_117032,5,FGQLTPHTK,23,FIAAFVGAA,0,All manifest-contained 9-mer window combinations retained for sensitivity; not a predictor-selected register or a re-ranking score.
EBV_TCELL_149795::HUMAN_MYELIN_117032,23,EBV_TCELL_149795,HUMAN_MYELIN_117032,5,FGQLTPHTK,24,IAAFVGAAA,0,All manifest-contained 9-mer window combinations retained for sensitivity; not a predictor-selected register or a re-ranking score.
EBV_TCELL_149795::HUMAN_MYELIN_117032,23,EBV_TCELL_149795,HUMAN_MYELIN_117032,6,GQLTPHTKA,1,KVCGSNLLS,0,All manifest-contained 9-mer window combinations retained for sensitivity; not a predictor-selected register or a re-ranking score.
EBV_TCELL_149795::HUMAN_MYELIN_117032,23,EBV_TCELL_149795,HUMAN_MYELIN_117032,6,GQLTPHTKA,2,VCGSNLLSI,0,All manifest-contained 9-mer window combinations retained for sensitivity; not a predictor-selected register or a re-ranking score.
EBV_TCELL_149795::HUMAN_MYELIN_117032,23,EBV_TCELL_149795,HUMAN_MYELIN_117032,6,GQLTPHTKA,3,CGSNLLSIC,0,All manifest-contained 9-mer window combinations retained for sensitivity; not a predictor-selected register or a re-ranking score.
EBV_TCELL_149795::HUMAN_MYELIN_117032,23,EBV_TCELL_149795,HUMAN_MYELIN_117032,6,GQLTPHTKA,4,GSNLLSICK,0,All manifest-contained 9-mer window combinations retained for sensitivity; not a predictor-selected register or a re-ranking score.
EBV_TCELL_149795::HUMAN_MYELIN_117032,23,EBV_TCELL_149795,HUMAN_MYELIN_117032,6,GQLTPHTKA,5,SNLLSICKT,0,All manifest-contained 9-mer window combinations retained for sensitivity; not a predictor-selected register or a re-ranking score.
EBV_TCELL_149795::HUMAN_MYELIN_117032,23,EBV_TCELL_149795,HUMAN_MYELIN_117032,6,GQLTPHTKA,6,NLLSICKTA,0,All manifest-contained 9-mer window combinations retained for sensitivity; not a predictor-selected register or a re-ranking score.
EBV_TCELL_149795::HUMAN_MYELIN_117032,23,EBV_TCELL_149795,HUMAN_MYELIN_117032,6,GQLTPHTKA,7,LLSICKTAE,0,All manifest-contained 9-mer window combinations retained for sensitivity; not a predictor-selected register or a re-ranking score.
EBV_TCELL_149795::HUMAN_MYELIN_117032,23,EBV_TCELL_149795,HUMAN_MYELIN_117032,6,GQLTPHTKA,8,LSICKTAEF,0,All manifest-contained 9-mer window combinations retained for sensitivity; not a predictor-selected register or a re-ranking score.
EBV_TCELL_149795::HUMAN_MYELIN_117032,23,EBV_TCELL_149795,HUMAN_MYELIN_117032,6,GQLTPHTKA,9,SICKTAEFQ,0,All manifest-contained 9-mer window combinations retained for sensitivity; not a predictor-selected register or a re-ranking score.
EBV_TCELL_149795::HUMAN_MYELIN_117032,23,EBV_TCELL_149795,HUMAN_MYELIN_117032,6,GQLTPHTKA,10,ICKTAEFQM,0,All manifest-contained 9-mer window combinations retained for sensitivity; not a predictor-selected register or a re-ranking score.
EBV_TCELL_149795::HUMAN_MYELIN_117032,23,EBV_TCELL_149795,HUMAN_MYELIN_117032,6,GQLTPHTKA,11,CKTAEFQMT,0,All manifest-contained 9-mer window combinations retained for sensitivity; not a predictor-selected register or a re-ranking score.
EBV_TCELL_149795::HUMAN_MYELIN_117032,23,EBV_TCELL_149795,HUMAN_MYELIN_117032,6,GQLTPHTKA,12,KTAEFQMTF,0,All manifest-contained 9-mer window combinations retained for sensitivity; not a predictor-selected register or a re-ranking score.
EBV_TCELL_149795::HUMAN_MYELIN_117032,23,EBV_TCELL_149795,HUMAN_MYELIN_117032,6,GQLTPHTKA,13,TAEFQMTFH,0,All manifest-contained 9-mer window combinations retained for sensitivity; not a predictor-selected register or a re-ranking score.
EBV_TCELL_149795::HUMAN_MYELIN_117032,23,EBV_TCELL_149795,HUMAN_MYELIN_117032,6,GQLTPHTKA,14,AEFQMTFHL,0,All manifest-contained 9-mer window combinations retained for sensitivity; not a predictor-selected register or a re-ranking score.
EBV_TCELL_149795::HUMAN_MYELIN_117032,23,EBV_TCELL_149795,HUMAN_MYELIN_117032,6,GQLTPHTKA,15,EFQMTFHLF,0,All manifest-contained 9-mer window combinations retained for sensitivity; not a predictor-selected register or a re-ranking score.
EBV_TCELL_149795::HUMAN_MYELIN_117032,23,EBV_TCELL_149795,HUMAN_MYELIN_117032,6,GQLTPHTKA,16,FQMTFHLFI,5,All manifest-contained 9-mer window combinations retained for sensitivity; not a predictor-selected register or a re-ranking score.
EBV_TCELL_149795::HUMAN_MYELIN_117032,23,EBV_TCELL_149795,HUMAN_MYELIN_117032,6,GQLTPHTKA,17,QMTFHLFIA,0,All manifest-contained 9-mer window combinations retained for sensitivity; not a predictor-selected register or a re-ranking score.
EBV_TCELL_149795::HUMAN_MYELIN_117032,23,EBV_TCELL_149795,HUMAN_MYELIN_117032,6,GQLTPHTKA,18,MTFHLFIAA,0,All manifest-contained 9-mer window combinations retained for sensitivity; not a predictor-selected register or a re-ranking score.
EBV_TCELL_149795::HUMAN_MYELIN_117032,23,EBV_TCELL_149795,HUMAN_MYELIN_117032,6,GQLTPHTKA,19,TFHLFIAAF,0,All manifest-contained 9-mer window combinations retained for sensitivity; not a predictor-selected register or a re-ranking score.
EBV_TCELL_149795::HUMAN_MYELIN_117032,23,EBV_TCELL_149795,HUMAN_MYELIN_117032,6,GQLTPHTKA,20,FHLFIAAFV,0,All manifest-contained 9-mer window combinations retained for sensitivity; not a predictor-selected register or a re-ranking score.
EBV_TCELL_149795::HUMAN_MYELIN_117032,23,EBV_TCELL_149795,HUMAN_MYELIN_117032,6,GQLTPHTKA,21,HLFIAAFVG,0,All manifest-contained 9-mer window combinations retained for sensitivity; not a predictor-selected register or a re-ranking score.
EBV_TCELL_149795::HUMAN_MYELIN_117032,23,EBV_TCELL_149795,HUMAN_MYELIN_117032,6,GQLTPHTKA,22,LFIAAFVGA,0,All manifest-contained 9-mer window combinations retained for sensitivity; not a predictor-selected register or a re-ranking score.
EBV_TCELL_149795::HUMAN_MYELIN_117032,23,EBV_TCELL_149795,HUMAN_MYELIN_117032,6,GQLTPHTKA,23,FIAAFVGAA,0,All manifest-contained 9-mer window combinations retained for sensitivity; not a predictor-selected register or a re-ranking score.
EBV_TCELL_149795::HUMAN_MYELIN_117032,23,EBV_TCELL_149795,HUMAN_MYELIN_117032,6,GQLTPHTKA,24,IAAFVGAAA,0,All manifest-contained 9-mer window combinations retained for sensitivity; not a predictor-selected register or a re-ranking score.
EBV_TCELL_149795::HUMAN_MYELIN_117032,23,EBV_TCELL_149795,HUMAN_MYELIN_117032,7,QLTPHTKAV,1,KVCGSNLLS,0,All manifest-contained 9-mer window combinations retained for sensitivity; not a predictor-selected register or a re-ranking score.
EBV_TCELL_149795::HUMAN_MYELIN_117032,23,EBV_TCELL_149795,HUMAN_MYELIN_117032,7,QLTPHTKAV,2,VCGSNLLSI,0,All manifest-contained 9-mer window combinations retained for sensitivity; not a predictor-selected register or a re-ranking score.
EBV_TCELL_149795::HUMAN_MYELIN_117032,23,EBV_TCELL_149795,HUMAN_MYELIN_117032,7,QLTPHTKAV,3,CGSNLLSIC,0,All manifest-contained 9-mer window combinations retained for sensitivity; not a predictor-selected register or a re-ranking score.
EBV_TCELL_149795::HUMAN_MYELIN_117032,23,EBV_TCELL_149795,HUMAN_MYELIN_117032,7,QLTPHTKAV,4,GSNLLSICK,0,All manifest-contained 9-mer window combinations retained for sensitivity; not a predictor-selected register or a re-ranking score.
EBV_TCELL_149795::HUMAN_MYELIN_117032,23,EBV_TCELL_149795,HUMAN_MYELIN_117032,7,QLTPHTKAV,5,SNLLSICKT,0,All manifest-contained 9-mer window combinations retained for sensitivity; not a predictor-selected register or a re-ranking score.
EBV_TCELL_149795::HUMAN_MYELIN_117032,23,EBV_TCELL_149795,HUMAN_MYELIN_117032,7,QLTPHTKAV,6,NLLSICKTA,0,All manifest-contained 9-mer window combinations retained for sensitivity; not a predictor-selected register or a re-ranking score.
EBV_TCELL_149795::HUMAN_MYELIN_117032,23,EBV_TCELL_149795,HUMAN_MYELIN_117032,7,QLTPHTKAV,7,LLSICKTAE,0,All manifest-contained 9-mer window combinations retained for sensitivity; not a predictor-selected register or a re-ranking score.
EBV_TCELL_149795::HUMAN_MYELIN_117032,23,EBV_TCELL_149795,HUMAN_MYELIN_117032,7,QLTPHTKAV,8,LSICKTAEF,0,All manifest-contained 9-mer window combinations retained for sensitivity; not a predictor-selected register or a re-ranking score.
EBV_TCELL_149795::HUMAN_MYELIN_117032,23,EBV_TCELL_149795,HUMAN_MYELIN_117032,7,QLTPHTKAV,9,SICKTAEFQ,0,All manifest-contained 9-mer window combinations retained for sensitivity; not a predictor-selected register or a re-ranking score.
EBV_TCELL_149795::HUMAN_MYELIN_117032,23,EBV_TCELL_149795,HUMAN_MYELIN_117032,7,QLTPHTKAV,10,ICKTAEFQM,0,All manifest-contained 9-mer window combinations retained for sensitivity; not a predictor-selected register or a re-ranking score.
EBV_TCELL_149795::HUMAN_MYELIN_117032,23,EBV_TCELL_149795,HUMAN_MYELIN_117032,7,QLTPHTKAV,11,CKTAEFQMT,0,All manifest-contained 9-mer window combinations retained for sensitivity; not a predictor-selected register or a re-ranking score.
EBV_TCELL_149795::HUMAN_MYELIN_117032,23,EBV_TCELL_149795,HUMAN_MYELIN_117032,7,QLTPHTKAV,12,KTAEFQMTF,0,All manifest-contained 9-mer window combinations retained for sensitivity; not a predictor-selected register or a re-ranking score.
EBV_TCELL_149795::HUMAN_MYELIN_117032,23,EBV_TCELL_149795,HUMAN_MYELIN_117032,7,QLTPHTKAV,13,TAEFQMTFH,0,All manifest-contained 9-mer window combinations retained for sensitivity; not a predictor-selected register or a re-ranking score.
EBV_TCELL_149795::HUMAN_MYELIN_117032,23,EBV_TCELL_149795,HUMAN_MYELIN_117032,7,QLTPHTKAV,14,AEFQMTFHL,0,All manifest-contained 9-mer window combinations retained for sensitivity; not a predictor-selected register or a re-ranking score.
EBV_TCELL_149795::HUMAN_MYELIN_117032,23,EBV_TCELL_149795,HUMAN_MYELIN_117032,7,QLTPHTKAV,15,EFQMTFHLF,0,All manifest-contained 9-mer window combinations retained for sensitivity; not a predictor-selected register or a re-ranking score.
EBV_TCELL_149795::HUMAN_MYELIN_117032,23,EBV_TCELL_149795,HUMAN_MYELIN_117032,7,QLTPHTKAV,16,FQMTFHLFI,0,All manifest-contained 9-mer window combinations retained for sensitivity; not a predictor-selected register or a re-ranking score.
EBV_TCELL_149795::HUMAN_MYELIN_117032,23,EBV_TCELL_149795,HUMAN_MYELIN_117032,7,QLTPHTKAV,17,QMTFHLFIA,5,All manifest-contained 9-mer window combinations retained for sensitivity; not a predictor-selected register or a re-ranking score.
EBV_TCELL_149795::HUMAN_MYELIN_117032,23,EBV_TCELL_149795,HUMAN_MYELIN_117032,7,QLTPHTKAV,18,MTFHLFIAA,0,All manifest-contained 9-mer window combinations retained for sensitivity; not a predictor-selected register or a re-ranking score.
EBV_TCELL_149795::HUMAN_MYELIN_117032,23,EBV_TCELL_149795,HUMAN_MYELIN_117032,7,QLTPHTKAV,19,TFHLFIAAF,0,All manifest-contained 9-mer window combinations retained for sensitivity; not a predictor-selected register or a re-ranking score.
EBV_TCELL_149795::HUMAN_MYELIN_117032,23,EBV_TCELL_149795,HUMAN_MYELIN_117032,7,QLTPHTKAV,20,FHLFIAAFV,0,All manifest-contained 9-mer window combinations retained for sensitivity; not a predictor-selected register or a re-ranking score.
EBV_TCELL_149795::HUMAN_MYELIN_117032,23,EBV_TCELL_149795,HUMAN_MYELIN_117032,7,QLTPHTKAV,21,HLFIAAFVG,0,All manifest-contained 9-mer window combinations retained for sensitivity; not a predictor-selected register or a re-ranking score.
EBV_TCELL_149795::HUMAN_MYELIN_117032,23,EBV_TCELL_149795,HUMAN_MYELIN_117032,7,QLTPHTKAV,22,LFIAAFVGA,0,All manifest-contained 9-mer window combinations retained for sensitivity; not a predictor-selected register or a re-ranking score.
EBV_TCELL_149795::HUMAN_MYELIN_117032,23,EBV_TCELL_149795,HUMAN_MYELIN_117032,7,QLTPHTKAV,23,FIAAFVGAA,0,All manifest-contained 9-mer window combinations retained for sensitivity; not a predictor-selected register or a re-ranking score.
EBV_TCELL_149795::HUMAN_MYELIN_117032,23,EBV_TCELL_149795,HUMAN_MYELIN_117032,7,QLTPHTKAV,24,IAAFVGAAA,0,All manifest-contained 9-mer window combinations retained for sensitivity; not a predictor-selected register or a re-ranking score.
EBV_TCELL_149795::HUMAN_MYELIN_117032,23,EBV_TCELL_149795,HUMAN_MYELIN_117032,8,LTPHTKAVY,1,KVCGSNLLS,0,All manifest-contained 9-mer window combinations retained for sensitivity; not a predictor-selected register or a re-ranking score.
EBV_TCELL_149795::HUMAN_MYELIN_117032,23,EBV_TCELL_149795,HUMAN_MYELIN_117032,8,LTPHTKAVY,2,VCGSNLLSI,0,All manifest-contained 9-mer window combinations retained for sensitivity; not a predictor-selected register or a re-ranking score.
EBV_TCELL_149795::HUMAN_MYELIN_117032,23,EBV_TCELL_149795,HUMAN_MYELIN_117032,8,LTPHTKAVY,3,CGSNLLSIC,0,All manifest-contained 9-mer window combinations retained for sensitivity; not a predictor-selected register or a re-ranking score.
EBV_TCELL_149795::HUMAN_MYELIN_117032,23,EBV_TCELL_149795,HUMAN_MYELIN_117032,8,LTPHTKAVY,4,GSNLLSICK,0,All manifest-contained 9-mer window combinations retained for sensitivity; not a predictor-selected register or a re-ranking score.
EBV_TCELL_149795::HUMAN_MYELIN_117032,23,EBV_TCELL_149795,HUMAN_MYELIN_117032,8,LTPHTKAVY,5,SNLLSICKT,0,All manifest-contained 9-mer window combinations retained for sensitivity; not a predictor-selected register or a re-ranking score.
EBV_TCELL_149795::HUMAN_MYELIN_117032,23,EBV_TCELL_149795,HUMAN_MYELIN_117032,8,LTPHTKAVY,6,NLLSICKTA,0,All manifest-contained 9-mer window combinations retained for sensitivity; not a predictor-selected register or a re-ranking score.
EBV_TCELL_149795::HUMAN_MYELIN_117032,23,EBV_TCELL_149795,HUMAN_MYELIN_117032,8,LTPHTKAVY,7,LLSICKTAE,0,All manifest-contained 9-mer window combinations retained for sensitivity; not a predictor-selected register or a re-ranking score.
EBV_TCELL_149795::HUMAN_MYELIN_117032,23,EBV_TCELL_149795,HUMAN_MYELIN_117032,8,LTPHTKAVY,8,LSICKTAEF,0,All manifest-contained 9-mer window combinations retained for sensitivity; not a predictor-selected register or a re-ranking score.
EBV_TCELL_149795::HUMAN_MYELIN_117032,23,EBV_TCELL_149795,HUMAN_MYELIN_117032,8,LTPHTKAVY,9,SICKTAEFQ,0,All manifest-contained 9-mer window combinations retained for sensitivity; not a predictor-selected register or a re-ranking score.
EBV_TCELL_149795::HUMAN_MYELIN_117032,23,EBV_TCELL_149795,HUMAN_MYELIN_117032,8,LTPHTKAVY,10,ICKTAEFQM,0,All manifest-contained 9-mer window combinations retained for sensitivity; not a predictor-selected register or a re-ranking score.
EBV_TCELL_149795::HUMAN_MYELIN_117032,23,EBV_TCELL_149795,HUMAN_MYELIN_117032,8,LTPHTKAVY,11,CKTAEFQMT,0,All manifest-contained 9-mer window combinations retained for sensitivity; not a predictor-selected register or a re-ranking score.
EBV_TCELL_149795::HUMAN_MYELIN_117032,23,EBV_TCELL_149795,HUMAN_MYELIN_117032,8,LTPHTKAVY,12,KTAEFQMTF,0,All manifest-contained 9-mer window combinations retained for sensitivity; not a predictor-selected register or a re-ranking score.
EBV_TCELL_149795::HUMAN_MYELIN_117032,23,EBV_TCELL_149795,HUMAN_MYELIN_117032,8,LTPHTKAVY,13,TAEFQMTFH,0,All manifest-contained 9-mer window combinations retained for sensitivity; not a predictor-selected register or a re-ranking score.
EBV_TCELL_149795::HUMAN_MYELIN_117032,23,EBV_TCELL_149795,HUMAN_MYELIN_117032,8,LTPHTKAVY,14,AEFQMTFHL,0,All manifest-contained 9-mer window combinations retained for sensitivity; not a predictor-selected register or a re-ranking score.
EBV_TCELL_149795::HUMAN_MYELIN_117032,23,EBV_TCELL_149795,HUMAN_MYELIN_117032,8,LTPHTKAVY,15,EFQMTFHLF,0,All manifest-contained 9-mer window combinations retained for sensitivity; not a predictor-selected register or a re-ranking score.
EBV_TCELL_149795::HUMAN_MYELIN_117032,23,EBV_TCELL_149795,HUMAN_MYELIN_117032,8,LTPHTKAVY,16,FQMTFHLFI,0,All manifest-contained 9-mer window combinations retained for sensitivity; not a predictor-selected register or a re-ranking score.
EBV_TCELL_149795::HUMAN_MYELIN_117032,23,EBV_TCELL_149795,HUMAN_MYELIN_117032,8,LTPHTKAVY,17,QMTFHLFIA,0,All manifest-contained 9-mer window combinations retained for sensitivity; not a predictor-selected register or a re-ranking score.
EBV_TCELL_149795::HUMAN_MYELIN_117032,23,EBV_TCELL_149795,HUMAN_MYELIN_117032,8,LTPHTKAVY,18,MTFHLFIAA,4,All manifest-contained 9-mer window combinations retained for sensitivity; not a predictor-selected register or a re-ranking score.
EBV_TCELL_149795::HUMAN_MYELIN_117032,23,EBV_TCELL_149795,HUMAN_MYELIN_117032,8,LTPHTKAVY,19,TFHLFIAAF,0,All manifest-contained 9-mer window combinations retained for sensitivity; not a predictor-selected register or a re-ranking score.
EBV_TCELL_149795::HUMAN_MYELIN_117032,23,EBV_TCELL_149795,HUMAN_MYELIN_117032,8,LTPHTKAVY,20,FHLFIAAFV,0,All manifest-contained 9-mer window combinations retained for sensitivity; not a predictor-selected register or a re-ranking score.
EBV_TCELL_149795::HUMAN_MYELIN_117032,23,EBV_TCELL_149795,HUMAN_MYELIN_117032,8,LTPHTKAVY,21,HLFIAAFVG,0,All manifest-contained 9-mer window combinations retained for sensitivity; not a predictor-selected register or a re-ranking score.
EBV_TCELL_149795::HUMAN_MYELIN_117032,23,EBV_TCELL_149795,HUMAN_MYELIN_117032,8,LTPHTKAVY,22,LFIAAFVGA,0,All manifest-contained 9-mer window combinations retained for sensitivity; not a predictor-selected register or a re-ranking score.
EBV_TCELL_149795::HUMAN_MYELIN_117032,23,EBV_TCELL_149795,HUMAN_MYELIN_117032,8,LTPHTKAVY,23,FIAAFVGAA,0,All manifest-contained 9-mer window combinations retained for sensitivity; not a predictor-selected register or a re-ranking score.
EBV_TCELL_149795::HUMAN_MYELIN_117032,23,EBV_TCELL_149795,HUMAN_MYELIN_117032,8,LTPHTKAVY,24,IAAFVGAAA,0,All manifest-contained 9-mer window combinations retained for sensitivity; not a predictor-selected register or a re-ranking score.
EBV_TCELL_149795::HUMAN_MYELIN_117032,23,EBV_TCELL_149795,HUMAN_MYELIN_117032,9,TPHTKAVYQ,1,KVCGSNLLS,0,All manifest-contained 9-mer window combinations retained for sensitivity; not a predictor-selected register or a re-ranking score.
EBV_TCELL_149795::HUMAN_MYELIN_117032,23,EBV_TCELL_149795,HUMAN_MYELIN_117032,9,TPHTKAVYQ,2,VCGSNLLSI,0,All manifest-contained 9-mer window combinations retained for sensitivity; not a predictor-selected register or a re-ranking score.
EBV_TCELL_149795::HUMAN_MYELIN_117032,23,EBV_TCELL_149795,HUMAN_MYELIN_117032,9,TPHTKAVYQ,3,CGSNLLSIC,0,All manifest-contained 9-mer window combinations retained for sensitivity; not a predictor-selected register or a re-ranking score.
EBV_TCELL_149795::HUMAN_MYELIN_117032,23,EBV_TCELL_149795,HUMAN_MYELIN_117032,9,TPHTKAVYQ,4,GSNLLSICK,0,All manifest-contained 9-mer window combinations retained for sensitivity; not a predictor-selected register or a re-ranking score.
EBV_TCELL_149795::HUMAN_MYELIN_117032,23,EBV_TCELL_149795,HUMAN_MYELIN_117032,9,TPHTKAVYQ,5,SNLLSICKT,0,All manifest-contained 9-mer window combinations retained for sensitivity; not a predictor-selected register or a re-ranking score.
EBV_TCELL_149795::HUMAN_MYELIN_117032,23,EBV_TCELL_149795,HUMAN_MYELIN_117032,9,TPHTKAVYQ,6,NLLSICKTA,0,All manifest-contained 9-mer window combinations retained for sensitivity; not a predictor-selected register or a re-ranking score.
EBV_TCELL_149795::HUMAN_MYELIN_117032,23,EBV_TCELL_149795,HUMAN_MYELIN_117032,9,TPHTKAVYQ,7,LLSICKTAE,0,All manifest-contained 9-mer window combinations retained for sensitivity; not a predictor-selected register or a re-ranking score.
EBV_TCELL_149795::HUMAN_MYELIN_117032,23,EBV_TCELL_149795,HUMAN_MYELIN_117032,9,TPHTKAVYQ,8,LSICKTAEF,0,All manifest-contained 9-mer window combinations retained for sensitivity; not a predictor-selected register or a re-ranking score.
EBV_TCELL_149795::HUMAN_MYELIN_117032,23,EBV_TCELL_149795,HUMAN_MYELIN_117032,9,TPHTKAVYQ,9,SICKTAEFQ,0,All manifest-contained 9-mer window combinations retained for sensitivity; not a predictor-selected register or a re-ranking score.
EBV_TCELL_149795::HUMAN_MYELIN_117032,23,EBV_TCELL_149795,HUMAN_MYELIN_117032,9,TPHTKAVYQ,10,ICKTAEFQM,0,All manifest-contained 9-mer window combinations retained for sensitivity; not a predictor-selected register or a re-ranking score.
EBV_TCELL_149795::HUMAN_MYELIN_117032,23,EBV_TCELL_149795,HUMAN_MYELIN_117032,9,TPHTKAVYQ,11,CKTAEFQMT,0,All manifest-contained 9-mer window combinations retained for sensitivity; not a predictor-selected register or a re-ranking score.
EBV_TCELL_149795::HUMAN_MYELIN_117032,23,EBV_TCELL_149795,HUMAN_MYELIN_117032,9,TPHTKAVYQ,12,KTAEFQMTF,0,All manifest-contained 9-mer window combinations retained for sensitivity; not a predictor-selected register or a re-ranking score.
EBV_TCELL_149795::HUMAN_MYELIN_117032,23,EBV_TCELL_149795,HUMAN_MYELIN_117032,9,TPHTKAVYQ,13,TAEFQMTFH,0,All manifest-contained 9-mer window combinations retained for sensitivity; not a predictor-selected register or a re-ranking score.
EBV_TCELL_149795::HUMAN_MYELIN_117032,23,EBV_TCELL_149795,HUMAN_MYELIN_117032,9,TPHTKAVYQ,14,AEFQMTFHL,0,All manifest-contained 9-mer window combinations retained for sensitivity; not a predictor-selected register or a re-ranking score.
EBV_TCELL_149795::HUMAN_MYELIN_117032,23,EBV_TCELL_149795,HUMAN_MYELIN_117032,9,TPHTKAVYQ,15,EFQMTFHLF,0,All manifest-contained 9-mer window combinations retained for sensitivity; not a predictor-selected register or a re-ranking score.
EBV_TCELL_149795::HUMAN_MYELIN_117032,23,EBV_TCELL_149795,HUMAN_MYELIN_117032,9,TPHTKAVYQ,16,FQMTFHLFI,0,All manifest-contained 9-mer window combinations retained for sensitivity; not a predictor-selected register or a re-ranking score.
EBV_TCELL_149795::HUMAN_MYELIN_117032,23,EBV_TCELL_149795,HUMAN_MYELIN_117032,9,TPHTKAVYQ,17,QMTFHLFIA,0,All manifest-contained 9-mer window combinations retained for sensitivity; not a predictor-selected register or a re-ranking score.
EBV_TCELL_149795::HUMAN_MYELIN_117032,23,EBV_TCELL_149795,HUMAN_MYELIN_117032,9,TPHTKAVYQ,18,MTFHLFIAA,0,All manifest-contained 9-mer window combinations retained for sensitivity; not a predictor-selected register or a re-ranking score.
EBV_TCELL_149795::HUMAN_MYELIN_117032,23,EBV_TCELL_149795,HUMAN_MYELIN_117032,9,TPHTKAVYQ,19,TFHLFIAAF,3,All manifest-contained 9-mer window combinations retained for sensitivity; not a predictor-selected register or a re-ranking score.
EBV_TCELL_149795::HUMAN_MYELIN_117032,23,EBV_TCELL_149795,HUMAN_MYELIN_117032,9,TPHTKAVYQ,20,FHLFIAAFV,0,All manifest-contained 9-mer window combinations retained for sensitivity; not a predictor-selected register or a re-ranking score.
EBV_TCELL_149795::HUMAN_MYELIN_117032,23,EBV_TCELL_149795,HUMAN_MYELIN_117032,9,TPHTKAVYQ,21,HLFIAAFVG,0,All manifest-contained 9-mer window combinations retained for sensitivity; not a predictor-selected register or a re-ranking score.
EBV_TCELL_149795::HUMAN_MYELIN_117032,23,EBV_TCELL_149795,HUMAN_MYELIN_117032,9,TPHTKAVYQ,22,LFIAAFVGA,0,All manifest-contained 9-mer window combinations retained for sensitivity; not a predictor-selected register or a re-ranking score.
EBV_TCELL_149795::HUMAN_MYELIN_117032,23,EBV_TCELL_149795,HUMAN_MYELIN_117032,9,TPHTKAVYQ,23,FIAAFVGAA,0,All manifest-contained 9-mer window combinations retained for sensitivity; not a predictor-selected register or a re-ranking score.
EBV_TCELL_149795::HUMAN_MYELIN_117032,23,EBV_TCELL_149795,HUMAN_MYELIN_117032,9,TPHTKAVYQ,24,IAAFVGAAA,0,All manifest-contained 9-mer window combinations retained for sensitivity; not a predictor-selected register or a re-ranking score.
EBV_TCELL_149795::HUMAN_MYELIN_117032,23,EBV_TCELL_149795,HUMAN_MYELIN_117032,10,PHTKAVYQP,1,KVCGSNLLS,0,All manifest-contained 9-mer window combinations retained for sensitivity; not a predictor-selected register or a re-ranking score.
EBV_TCELL_149795::HUMAN_MYELIN_117032,23,EBV_TCELL_149795,HUMAN_MYELIN_117032,10,PHTKAVYQP,2,VCGSNLLSI,0,All manifest-contained 9-mer window combinations retained for sensitivity; not a predictor-selected register or a re-ranking score.
EBV_TCELL_149795::HUMAN_MYELIN_117032,23,EBV_TCELL_149795,HUMAN_MYELIN_117032,10,PHTKAVYQP,3,CGSNLLSIC,0,All manifest-contained 9-mer window combinations retained for sensitivity; not a predictor-selected register or a re-ranking score.
EBV_TCELL_149795::HUMAN_MYELIN_117032,23,EBV_TCELL_149795,HUMAN_MYELIN_117032,10,PHTKAVYQP,4,GSNLLSICK,0,All manifest-contained 9-mer window combinations retained for sensitivity; not a predictor-selected register or a re-ranking score.
EBV_TCELL_149795::HUMAN_MYELIN_117032,23,EBV_TCELL_149795,HUMAN_MYELIN_117032,10,PHTKAVYQP,5,SNLLSICKT,0,All manifest-contained 9-mer window combinations retained for sensitivity; not a predictor-selected register or a re-ranking score.
EBV_TCELL_149795::HUMAN_MYELIN_117032,23,EBV_TCELL_149795,HUMAN_MYELIN_117032,10,PHTKAVYQP,6,NLLSICKTA,0,All manifest-contained 9-mer window combinations retained for sensitivity; not a predictor-selected register or a re-ranking score.
EBV_TCELL_149795::HUMAN_MYELIN_117032,23,EBV_TCELL_149795,HUMAN_MYELIN_117032,10,PHTKAVYQP,7,LLSICKTAE,0,All manifest-contained 9-mer window combinations retained for sensitivity; not a predictor-selected register or a re-ranking score.
EBV_TCELL_149795::HUMAN_MYELIN_117032,23,EBV_TCELL_149795,HUMAN_MYELIN_117032,10,PHTKAVYQP,8,LSICKTAEF,0,All manifest-contained 9-mer window combinations retained for sensitivity; not a predictor-selected register or a re-ranking score.
EBV_TCELL_149795::HUMAN_MYELIN_117032,23,EBV_TCELL_149795,HUMAN_MYELIN_117032,10,PHTKAVYQP,9,SICKTAEFQ,0,All manifest-contained 9-mer window combinations retained for sensitivity; not a predictor-selected register or a re-ranking score.
EBV_TCELL_149795::HUMAN_MYELIN_117032,23,EBV_TCELL_149795,HUMAN_MYELIN_117032,10,PHTKAVYQP,10,ICKTAEFQM,0,All manifest-contained 9-mer window combinations retained for sensitivity; not a predictor-selected register or a re-ranking score.
EBV_TCELL_149795::HUMAN_MYELIN_117032,23,EBV_TCELL_149795,HUMAN_MYELIN_117032,10,PHTKAVYQP,11,CKTAEFQMT,0,All manifest-contained 9-mer window combinations retained for sensitivity; not a predictor-selected register or a re-ranking score.
EBV_TCELL_149795::HUMAN_MYELIN_117032,23,EBV_TCELL_149795,HUMAN_MYELIN_117032,10,PHTKAVYQP,12,KTAEFQMTF,0,All manifest-contained 9-mer window combinations retained for sensitivity; not a predictor-selected register or a re-ranking score.
EBV_TCELL_149795::HUMAN_MYELIN_117032,23,EBV_TCELL_149795,HUMAN_MYELIN_117032,10,PHTKAVYQP,13,TAEFQMTFH,0,All manifest-contained 9-mer window combinations retained for sensitivity; not a predictor-selected register or a re-ranking score.
EBV_TCELL_149795::HUMAN_MYELIN_117032,23,EBV_TCELL_149795,HUMAN_MYELIN_117032,10,PHTKAVYQP,14,AEFQMTFHL,0,All manifest-contained 9-mer window combinations retained for sensitivity; not a predictor-selected register or a re-ranking score.
EBV_TCELL_149795::HUMAN_MYELIN_117032,23,EBV_TCELL_149795,HUMAN_MYELIN_117032,10,PHTKAVYQP,15,EFQMTFHLF,0,All manifest-contained 9-mer window combinations retained for sensitivity; not a predictor-selected register or a re-ranking score.
EBV_TCELL_149795::HUMAN_MYELIN_117032,23,EBV_TCELL_149795,HUMAN_MYELIN_117032,10,PHTKAVYQP,16,FQMTFHLFI,0,All manifest-contained 9-mer window combinations retained for sensitivity; not a predictor-selected register or a re-ranking score.
EBV_TCELL_149795::HUMAN_MYELIN_117032,23,EBV_TCELL_149795,HUMAN_MYELIN_117032,10,PHTKAVYQP,17,QMTFHLFIA,0,All manifest-contained 9-mer window combinations retained for sensitivity; not a predictor-selected register or a re-ranking score.
EBV_TCELL_149795::HUMAN_MYELIN_117032,23,EBV_TCELL_149795,HUMAN_MYELIN_117032,10,PHTKAVYQP,18,MTFHLFIAA,0,All manifest-contained 9-mer window combinations retained for sensitivity; not a predictor-selected register or a re-ranking score.
EBV_TCELL_149795::HUMAN_MYELIN_117032,23,EBV_TCELL_149795,HUMAN_MYELIN_117032,10,PHTKAVYQP,19,TFHLFIAAF,0,All manifest-contained 9-mer window combinations retained for sensitivity; not a predictor-selected register or a re-ranking score.
EBV_TCELL_149795::HUMAN_MYELIN_117032,23,EBV_TCELL_149795,HUMAN_MYELIN_117032,10,PHTKAVYQP,20,FHLFIAAFV,2,All manifest-contained 9-mer window combinations retained for sensitivity; not a predictor-selected register or a re-ranking score.
EBV_TCELL_149795::HUMAN_MYELIN_117032,23,EBV_TCELL_149795,HUMAN_MYELIN_117032,10,PHTKAVYQP,21,HLFIAAFVG,0,All manifest-contained 9-mer window combinations retained for sensitivity; not a predictor-selected register or a re-ranking score.
EBV_TCELL_149795::HUMAN_MYELIN_117032,23,EBV_TCELL_149795,HUMAN_MYELIN_117032,10,PHTKAVYQP,22,LFIAAFVGA,0,All manifest-contained 9-mer window combinations retained for sensitivity; not a predictor-selected register or a re-ranking score.
EBV_TCELL_149795::HUMAN_MYELIN_117032,23,EBV_TCELL_149795,HUMAN_MYELIN_117032,10,PHTKAVYQP,23,FIAAFVGAA,0,All manifest-contained 9-mer window combinations retained for sensitivity; not a predictor-selected register or a re-ranking score.
EBV_TCELL_149795::HUMAN_MYELIN_117032,23,EBV_TCELL_149795,HUMAN_MYELIN_117032,10,PHTKAVYQP,24,IAAFVGAAA,0,All manifest-contained 9-mer window combinations retained for sensitivity; not a predictor-selected register or a re-ranking score.
EBV_TCELL_149795::HUMAN_MYELIN_117032,23,EBV_TCELL_149795,HUMAN_MYELIN_117032,11,HTKAVYQPR,1,KVCGSNLLS,0,All manifest-contained 9-mer window combinations retained for sensitivity; not a predictor-selected register or a re-ranking score.
EBV_TCELL_149795::HUMAN_MYELIN_117032,23,EBV_TCELL_149795,HUMAN_MYELIN_117032,11,HTKAVYQPR,2,VCGSNLLSI,0,All manifest-contained 9-mer window combinations retained for sensitivity; not a predictor-selected register or a re-ranking score.
EBV_TCELL_149795::HUMAN_MYELIN_117032,23,EBV_TCELL_149795,HUMAN_MYELIN_117032,11,HTKAVYQPR,3,CGSNLLSIC,0,All manifest-contained 9-mer window combinations retained for sensitivity; not a predictor-selected register or a re-ranking score.
EBV_TCELL_149795::HUMAN_MYELIN_117032,23,EBV_TCELL_149795,HUMAN_MYELIN_117032,11,HTKAVYQPR,4,GSNLLSICK,0,All manifest-contained 9-mer window combinations retained for sensitivity; not a predictor-selected register or a re-ranking score.
EBV_TCELL_149795::HUMAN_MYELIN_117032,23,EBV_TCELL_149795,HUMAN_MYELIN_117032,11,HTKAVYQPR,5,SNLLSICKT,0,All manifest-contained 9-mer window combinations retained for sensitivity; not a predictor-selected register or a re-ranking score.
EBV_TCELL_149795::HUMAN_MYELIN_117032,23,EBV_TCELL_149795,HUMAN_MYELIN_117032,11,HTKAVYQPR,6,NLLSICKTA,0,All manifest-contained 9-mer window combinations retained for sensitivity; not a predictor-selected register or a re-ranking score.
EBV_TCELL_149795::HUMAN_MYELIN_117032,23,EBV_TCELL_149795,HUMAN_MYELIN_117032,11,HTKAVYQPR,7,LLSICKTAE,0,All manifest-contained 9-mer window combinations retained for sensitivity; not a predictor-selected register or a re-ranking score.
EBV_TCELL_149795::HUMAN_MYELIN_117032,23,EBV_TCELL_149795,HUMAN_MYELIN_117032,11,HTKAVYQPR,8,LSICKTAEF,0,All manifest-contained 9-mer window combinations retained for sensitivity; not a predictor-selected register or a re-ranking score.
EBV_TCELL_149795::HUMAN_MYELIN_117032,23,EBV_TCELL_149795,HUMAN_MYELIN_117032,11,HTKAVYQPR,9,SICKTAEFQ,0,All manifest-contained 9-mer window combinations retained for sensitivity; not a predictor-selected register or a re-ranking score.
EBV_TCELL_149795::HUMAN_MYELIN_117032,23,EBV_TCELL_149795,HUMAN_MYELIN_117032,11,HTKAVYQPR,10,ICKTAEFQM,0,All manifest-contained 9-mer window combinations retained for sensitivity; not a predictor-selected register or a re-ranking score.
EBV_TCELL_149795::HUMAN_MYELIN_117032,23,EBV_TCELL_149795,HUMAN_MYELIN_117032,11,HTKAVYQPR,11,CKTAEFQMT,0,All manifest-contained 9-mer window combinations retained for sensitivity; not a predictor-selected register or a re-ranking score.
EBV_TCELL_149795::HUMAN_MYELIN_117032,23,EBV_TCELL_149795,HUMAN_MYELIN_117032,11,HTKAVYQPR,12,KTAEFQMTF,0,All manifest-contained 9-mer window combinations retained for sensitivity; not a predictor-selected register or a re-ranking score.
EBV_TCELL_149795::HUMAN_MYELIN_117032,23,EBV_TCELL_149795,HUMAN_MYELIN_117032,11,HTKAVYQPR,13,TAEFQMTFH,0,All manifest-contained 9-mer window combinations retained for sensitivity; not a predictor-selected register or a re-ranking score.
EBV_TCELL_149795::HUMAN_MYELIN_117032,23,EBV_TCELL_149795,HUMAN_MYELIN_117032,11,HTKAVYQPR,14,AEFQMTFHL,0,All manifest-contained 9-mer window combinations retained for sensitivity; not a predictor-selected register or a re-ranking score.
EBV_TCELL_149795::HUMAN_MYELIN_117032,23,EBV_TCELL_149795,HUMAN_MYELIN_117032,11,HTKAVYQPR,15,EFQMTFHLF,0,All manifest-contained 9-mer window combinations retained for sensitivity; not a predictor-selected register or a re-ranking score.
EBV_TCELL_149795::HUMAN_MYELIN_117032,23,EBV_TCELL_149795,HUMAN_MYELIN_117032,11,HTKAVYQPR,16,FQMTFHLFI,0,All manifest-contained 9-mer window combinations retained for sensitivity; not a predictor-selected register or a re-ranking score.
EBV_TCELL_149795::HUMAN_MYELIN_117032,23,EBV_TCELL_149795,HUMAN_MYELIN_117032,11,HTKAVYQPR,17,QMTFHLFIA,0,All manifest-contained 9-mer window combinations retained for sensitivity; not a predictor-selected register or a re-ranking score.
EBV_TCELL_149795::HUMAN_MYELIN_117032,23,EBV_TCELL_149795,HUMAN_MYELIN_117032,11,HTKAVYQPR,18,MTFHLFIAA,0,All manifest-contained 9-mer window combinations retained for sensitivity; not a predictor-selected register or a re-ranking score.
EBV_TCELL_149795::HUMAN_MYELIN_117032,23,EBV_TCELL_149795,HUMAN_MYELIN_117032,11,HTKAVYQPR,19,TFHLFIAAF,0,All manifest-contained 9-mer window combinations retained for sensitivity; not a predictor-selected register or a re-ranking score.
EBV_TCELL_149795::HUMAN_MYELIN_117032,23,EBV_TCELL_149795,HUMAN_MYELIN_117032,11,HTKAVYQPR,20,FHLFIAAFV,0,All manifest-contained 9-mer window combinations retained for sensitivity; not a predictor-selected register or a re-ranking score.
EBV_TCELL_149795::HUMAN_MYELIN_117032,23,EBV_TCELL_149795,HUMAN_MYELIN_117032,11,HTKAVYQPR,21,HLFIAAFVG,1,All manifest-contained 9-mer window combinations retained for sensitivity; not a predictor-selected register or a re-ranking score.
EBV_TCELL_149795::HUMAN_MYELIN_117032,23,EBV_TCELL_149795,HUMAN_MYELIN_117032,11,HTKAVYQPR,22,LFIAAFVGA,0,All manifest-contained 9-mer window combinations retained for sensitivity; not a predictor-selected register or a re-ranking score.
EBV_TCELL_149795::HUMAN_MYELIN_117032,23,EBV_TCELL_149795,HUMAN_MYELIN_117032,11,HTKAVYQPR,23,FIAAFVGAA,0,All manifest-contained 9-mer window combinations retained for sensitivity; not a predictor-selected register or a re-ranking score.
EBV_TCELL_149795::HUMAN_MYELIN_117032,23,EBV_TCELL_149795,HUMAN_MYELIN_117032,11,HTKAVYQPR,24,IAAFVGAAA,0,All manifest-contained 9-mer window combinations retained for sensitivity; not a predictor-selected register or a re-ranking score.
EBV_TCELL_149795::HUMAN_MYELIN_117032,23,EBV_TCELL_149795,HUMAN_MYELIN_117032,12,TKAVYQPRG,1,KVCGSNLLS,0,All manifest-contained 9-mer window combinations retained for sensitivity; not a predictor-selected register or a re-ranking score.
EBV_TCELL_149795::HUMAN_MYELIN_117032,23,EBV_TCELL_149795,HUMAN_MYELIN_117032,12,TKAVYQPRG,2,VCGSNLLSI,0,All manifest-contained 9-mer window combinations retained for sensitivity; not a predictor-selected register or a re-ranking score.
EBV_TCELL_149795::HUMAN_MYELIN_117032,23,EBV_TCELL_149795,HUMAN_MYELIN_117032,12,TKAVYQPRG,3,CGSNLLSIC,0,All manifest-contained 9-mer window combinations retained for sensitivity; not a predictor-selected register or a re-ranking score.
EBV_TCELL_149795::HUMAN_MYELIN_117032,23,EBV_TCELL_149795,HUMAN_MYELIN_117032,12,TKAVYQPRG,4,GSNLLSICK,0,All manifest-contained 9-mer window combinations retained for sensitivity; not a predictor-selected register or a re-ranking score.
EBV_TCELL_149795::HUMAN_MYELIN_117032,23,EBV_TCELL_149795,HUMAN_MYELIN_117032,12,TKAVYQPRG,5,SNLLSICKT,0,All manifest-contained 9-mer window combinations retained for sensitivity; not a predictor-selected register or a re-ranking score.
EBV_TCELL_149795::HUMAN_MYELIN_117032,23,EBV_TCELL_149795,HUMAN_MYELIN_117032,12,TKAVYQPRG,6,NLLSICKTA,0,All manifest-contained 9-mer window combinations retained for sensitivity; not a predictor-selected register or a re-ranking score.
EBV_TCELL_149795::HUMAN_MYELIN_117032,23,EBV_TCELL_149795,HUMAN_MYELIN_117032,12,TKAVYQPRG,7,LLSICKTAE,0,All manifest-contained 9-mer window combinations retained for sensitivity; not a predictor-selected register or a re-ranking score.
EBV_TCELL_149795::HUMAN_MYELIN_117032,23,EBV_TCELL_149795,HUMAN_MYELIN_117032,12,TKAVYQPRG,8,LSICKTAEF,0,All manifest-contained 9-mer window combinations retained for sensitivity; not a predictor-selected register or a re-ranking score.
EBV_TCELL_149795::HUMAN_MYELIN_117032,23,EBV_TCELL_149795,HUMAN_MYELIN_117032,12,TKAVYQPRG,9,SICKTAEFQ,0,All manifest-contained 9-mer window combinations retained for sensitivity; not a predictor-selected register or a re-ranking score.
EBV_TCELL_149795::HUMAN_MYELIN_117032,23,EBV_TCELL_149795,HUMAN_MYELIN_117032,12,TKAVYQPRG,10,ICKTAEFQM,0,All manifest-contained 9-mer window combinations retained for sensitivity; not a predictor-selected register or a re-ranking score.
EBV_TCELL_149795::HUMAN_MYELIN_117032,23,EBV_TCELL_149795,HUMAN_MYELIN_117032,12,TKAVYQPRG,11,CKTAEFQMT,0,All manifest-contained 9-mer window combinations retained for sensitivity; not a predictor-selected register or a re-ranking score.
EBV_TCELL_149795::HUMAN_MYELIN_117032,23,EBV_TCELL_149795,HUMAN_MYELIN_117032,12,TKAVYQPRG,12,KTAEFQMTF,0,All manifest-contained 9-mer window combinations retained for sensitivity; not a predictor-selected register or a re-ranking score.
EBV_TCELL_149795::HUMAN_MYELIN_117032,23,EBV_TCELL_149795,HUMAN_MYELIN_117032,12,TKAVYQPRG,13,TAEFQMTFH,0,All manifest-contained 9-mer window combinations retained for sensitivity; not a predictor-selected register or a re-ranking score.
EBV_TCELL_149795::HUMAN_MYELIN_117032,23,EBV_TCELL_149795,HUMAN_MYELIN_117032,12,TKAVYQPRG,14,AEFQMTFHL,0,All manifest-contained 9-mer window combinations retained for sensitivity; not a predictor-selected register or a re-ranking score.
EBV_TCELL_149795::HUMAN_MYELIN_117032,23,EBV_TCELL_149795,HUMAN_MYELIN_117032,12,TKAVYQPRG,15,EFQMTFHLF,0,All manifest-contained 9-mer window combinations retained for sensitivity; not a predictor-selected register or a re-ranking score.
EBV_TCELL_149795::HUMAN_MYELIN_117032,23,EBV_TCELL_149795,HUMAN_MYELIN_117032,12,TKAVYQPRG,16,FQMTFHLFI,0,All manifest-contained 9-mer window combinations retained for sensitivity; not a predictor-selected register or a re-ranking score.
EBV_TCELL_149795::HUMAN_MYELIN_117032,23,EBV_TCELL_149795,HUMAN_MYELIN_117032,12,TKAVYQPRG,17,QMTFHLFIA,0,All manifest-contained 9-mer window combinations retained for sensitivity; not a predictor-selected register or a re-ranking score.
EBV_TCELL_149795::HUMAN_MYELIN_117032,23,EBV_TCELL_149795,HUMAN_MYELIN_117032,12,TKAVYQPRG,18,MTFHLFIAA,0,All manifest-contained 9-mer window combinations retained for sensitivity; not a predictor-selected register or a re-ranking score.
EBV_TCELL_149795::HUMAN_MYELIN_117032,23,EBV_TCELL_149795,HUMAN_MYELIN_117032,12,TKAVYQPRG,19,TFHLFIAAF,0,All manifest-contained 9-mer window combinations retained for sensitivity; not a predictor-selected register or a re-ranking score.
EBV_TCELL_149795::HUMAN_MYELIN_117032,23,EBV_TCELL_149795,HUMAN_MYELIN_117032,12,TKAVYQPRG,20,FHLFIAAFV,0,All manifest-contained 9-mer window combinations retained for sensitivity; not a predictor-selected register or a re-ranking score.
EBV_TCELL_149795::HUMAN_MYELIN_117032,23,EBV_TCELL_149795,HUMAN_MYELIN_117032,12,TKAVYQPRG,21,HLFIAAFVG,0,All manifest-contained 9-mer window combinations retained for sensitivity; not a predictor-selected register or a re-ranking score.
EBV_TCELL_149795::HUMAN_MYELIN_117032,23,EBV_TCELL_149795,HUMAN_MYELIN_117032,12,TKAVYQPRG,22,LFIAAFVGA,0,All manifest-contained 9-mer window combinations retained for sensitivity; not a predictor-selected register or a re-ranking score.
EBV_TCELL_149795::HUMAN_MYELIN_117032,23,EBV_TCELL_149795,HUMAN_MYELIN_117032,12,TKAVYQPRG,23,FIAAFVGAA,0,All manifest-contained 9-mer window combinations retained for sensitivity; not a predictor-selected register or a re-ranking score.
EBV_TCELL_149795::HUMAN_MYELIN_117032,23,EBV_TCELL_149795,HUMAN_MYELIN_117032,12,TKAVYQPRG,24,IAAFVGAAA,0,All manifest-contained 9-mer window combinations retained for sensitivity; not a predictor-selected register or a re-ranking score.
EBV_TCELL_950::HUMAN_MYELIN_112214,24,EBV_TCELL_950,HUMAN_MYELIN_112214,1,AEGLRALLA,1,LSRFSWGAE,0,All manifest-contained 9-mer window combinations retained for sensitivity; not a predictor-selected register or a re-ranking score.
EBV_TCELL_950::HUMAN_MYELIN_112214,24,EBV_TCELL_950,HUMAN_MYELIN_112214,1,AEGLRALLA,2,SRFSWGAEG,0,All manifest-contained 9-mer window combinations retained for sensitivity; not a predictor-selected register or a re-ranking score.
EBV_TCELL_950::HUMAN_MYELIN_112214,24,EBV_TCELL_950,HUMAN_MYELIN_112214,1,AEGLRALLA,3,RFSWGAEGQ,0,All manifest-contained 9-mer window combinations retained for sensitivity; not a predictor-selected register or a re-ranking score.
EBV_TCELL_950::HUMAN_MYELIN_112214,24,EBV_TCELL_950,HUMAN_MYELIN_112214,1,AEGLRALLA,4,FSWGAEGQR,0,All manifest-contained 9-mer window combinations retained for sensitivity; not a predictor-selected register or a re-ranking score.
EBV_TCELL_950::HUMAN_MYELIN_112214,24,EBV_TCELL_950,HUMAN_MYELIN_112214,1,AEGLRALLA,5,SWGAEGQRP,0,All manifest-contained 9-mer window combinations retained for sensitivity; not a predictor-selected register or a re-ranking score.
EBV_TCELL_950::HUMAN_MYELIN_112214,24,EBV_TCELL_950,HUMAN_MYELIN_112214,1,AEGLRALLA,6,WGAEGQRPG,0,All manifest-contained 9-mer window combinations retained for sensitivity; not a predictor-selected register or a re-ranking score.
EBV_TCELL_950::HUMAN_MYELIN_112214,24,EBV_TCELL_950,HUMAN_MYELIN_112214,1,AEGLRALLA,7,GAEGQRPGF,0,All manifest-contained 9-mer window combinations retained for sensitivity; not a predictor-selected register or a re-ranking score.
EBV_TCELL_950::HUMAN_MYELIN_112214,24,EBV_TCELL_950,HUMAN_MYELIN_112214,1,AEGLRALLA,8,AEGQRPGFG,5,All manifest-contained 9-mer window combinations retained for sensitivity; not a predictor-selected register or a re-ranking score.
EBV_TCELL_950::HUMAN_MYELIN_112214,24,EBV_TCELL_950,HUMAN_MYELIN_112214,1,AEGLRALLA,9,EGQRPGFGY,0,All manifest-contained 9-mer window combinations retained for sensitivity; not a predictor-selected register or a re-ranking score.
EBV_TCELL_950::HUMAN_MYELIN_112214,24,EBV_TCELL_950,HUMAN_MYELIN_112214,1,AEGLRALLA,10,GQRPGFGYG,0,All manifest-contained 9-mer window combinations retained for sensitivity; not a predictor-selected register or a re-ranking score.
EBV_TCELL_950::HUMAN_MYELIN_112214,24,EBV_TCELL_950,HUMAN_MYELIN_112214,1,AEGLRALLA,11,QRPGFGYGG,0,All manifest-contained 9-mer window combinations retained for sensitivity; not a predictor-selected register or a re-ranking score.
EBV_TCELL_950::HUMAN_MYELIN_112214,24,EBV_TCELL_950,HUMAN_MYELIN_112214,2,EGLRALLAR,1,LSRFSWGAE,0,All manifest-contained 9-mer window combinations retained for sensitivity; not a predictor-selected register or a re-ranking score.
EBV_TCELL_950::HUMAN_MYELIN_112214,24,EBV_TCELL_950,HUMAN_MYELIN_112214,2,EGLRALLAR,2,SRFSWGAEG,0,All manifest-contained 9-mer window combinations retained for sensitivity; not a predictor-selected register or a re-ranking score.
EBV_TCELL_950::HUMAN_MYELIN_112214,24,EBV_TCELL_950,HUMAN_MYELIN_112214,2,EGLRALLAR,3,RFSWGAEGQ,0,All manifest-contained 9-mer window combinations retained for sensitivity; not a predictor-selected register or a re-ranking score.
EBV_TCELL_950::HUMAN_MYELIN_112214,24,EBV_TCELL_950,HUMAN_MYELIN_112214,2,EGLRALLAR,4,FSWGAEGQR,0,All manifest-contained 9-mer window combinations retained for sensitivity; not a predictor-selected register or a re-ranking score.
EBV_TCELL_950::HUMAN_MYELIN_112214,24,EBV_TCELL_950,HUMAN_MYELIN_112214,2,EGLRALLAR,5,SWGAEGQRP,0,All manifest-contained 9-mer window combinations retained for sensitivity; not a predictor-selected register or a re-ranking score.
EBV_TCELL_950::HUMAN_MYELIN_112214,24,EBV_TCELL_950,HUMAN_MYELIN_112214,2,EGLRALLAR,6,WGAEGQRPG,0,All manifest-contained 9-mer window combinations retained for sensitivity; not a predictor-selected register or a re-ranking score.
EBV_TCELL_950::HUMAN_MYELIN_112214,24,EBV_TCELL_950,HUMAN_MYELIN_112214,2,EGLRALLAR,7,GAEGQRPGF,0,All manifest-contained 9-mer window combinations retained for sensitivity; not a predictor-selected register or a re-ranking score.
EBV_TCELL_950::HUMAN_MYELIN_112214,24,EBV_TCELL_950,HUMAN_MYELIN_112214,2,EGLRALLAR,8,AEGQRPGFG,0,All manifest-contained 9-mer window combinations retained for sensitivity; not a predictor-selected register or a re-ranking score.
EBV_TCELL_950::HUMAN_MYELIN_112214,24,EBV_TCELL_950,HUMAN_MYELIN_112214,2,EGLRALLAR,9,EGQRPGFGY,4,All manifest-contained 9-mer window combinations retained for sensitivity; not a predictor-selected register or a re-ranking score.
EBV_TCELL_950::HUMAN_MYELIN_112214,24,EBV_TCELL_950,HUMAN_MYELIN_112214,2,EGLRALLAR,10,GQRPGFGYG,0,All manifest-contained 9-mer window combinations retained for sensitivity; not a predictor-selected register or a re-ranking score.
EBV_TCELL_950::HUMAN_MYELIN_112214,24,EBV_TCELL_950,HUMAN_MYELIN_112214,2,EGLRALLAR,11,QRPGFGYGG,0,All manifest-contained 9-mer window combinations retained for sensitivity; not a predictor-selected register or a re-ranking score.
EBV_TCELL_950::HUMAN_MYELIN_112214,24,EBV_TCELL_950,HUMAN_MYELIN_112214,3,GLRALLARS,1,LSRFSWGAE,0,All manifest-contained 9-mer window combinations retained for sensitivity; not a predictor-selected register or a re-ranking score.
EBV_TCELL_950::HUMAN_MYELIN_112214,24,EBV_TCELL_950,HUMAN_MYELIN_112214,3,GLRALLARS,2,SRFSWGAEG,0,All manifest-contained 9-mer window combinations retained for sensitivity; not a predictor-selected register or a re-ranking score.
EBV_TCELL_950::HUMAN_MYELIN_112214,24,EBV_TCELL_950,HUMAN_MYELIN_112214,3,GLRALLARS,3,RFSWGAEGQ,0,All manifest-contained 9-mer window combinations retained for sensitivity; not a predictor-selected register or a re-ranking score.
EBV_TCELL_950::HUMAN_MYELIN_112214,24,EBV_TCELL_950,HUMAN_MYELIN_112214,3,GLRALLARS,4,FSWGAEGQR,0,All manifest-contained 9-mer window combinations retained for sensitivity; not a predictor-selected register or a re-ranking score.
EBV_TCELL_950::HUMAN_MYELIN_112214,24,EBV_TCELL_950,HUMAN_MYELIN_112214,3,GLRALLARS,5,SWGAEGQRP,0,All manifest-contained 9-mer window combinations retained for sensitivity; not a predictor-selected register or a re-ranking score.
EBV_TCELL_950::HUMAN_MYELIN_112214,24,EBV_TCELL_950,HUMAN_MYELIN_112214,3,GLRALLARS,6,WGAEGQRPG,0,All manifest-contained 9-mer window combinations retained for sensitivity; not a predictor-selected register or a re-ranking score.
EBV_TCELL_950::HUMAN_MYELIN_112214,24,EBV_TCELL_950,HUMAN_MYELIN_112214,3,GLRALLARS,7,GAEGQRPGF,0,All manifest-contained 9-mer window combinations retained for sensitivity; not a predictor-selected register or a re-ranking score.
EBV_TCELL_950::HUMAN_MYELIN_112214,24,EBV_TCELL_950,HUMAN_MYELIN_112214,3,GLRALLARS,8,AEGQRPGFG,0,All manifest-contained 9-mer window combinations retained for sensitivity; not a predictor-selected register or a re-ranking score.
EBV_TCELL_950::HUMAN_MYELIN_112214,24,EBV_TCELL_950,HUMAN_MYELIN_112214,3,GLRALLARS,9,EGQRPGFGY,0,All manifest-contained 9-mer window combinations retained for sensitivity; not a predictor-selected register or a re-ranking score.
EBV_TCELL_950::HUMAN_MYELIN_112214,24,EBV_TCELL_950,HUMAN_MYELIN_112214,3,GLRALLARS,10,GQRPGFGYG,3,All manifest-contained 9-mer window combinations retained for sensitivity; not a predictor-selected register or a re-ranking score.
EBV_TCELL_950::HUMAN_MYELIN_112214,24,EBV_TCELL_950,HUMAN_MYELIN_112214,3,GLRALLARS,11,QRPGFGYGG,0,All manifest-contained 9-mer window combinations retained for sensitivity; not a predictor-selected register or a re-ranking score.
EBV_TCELL_950::HUMAN_MYELIN_112214,24,EBV_TCELL_950,HUMAN_MYELIN_112214,4,LRALLARSH,1,LSRFSWGAE,0,All manifest-contained 9-mer window combinations retained for sensitivity; not a predictor-selected register or a re-ranking score.
EBV_TCELL_950::HUMAN_MYELIN_112214,24,EBV_TCELL_950,HUMAN_MYELIN_112214,4,LRALLARSH,2,SRFSWGAEG,0,All manifest-contained 9-mer window combinations retained for sensitivity; not a predictor-selected register or a re-ranking score.
EBV_TCELL_950::HUMAN_MYELIN_112214,24,EBV_TCELL_950,HUMAN_MYELIN_112214,4,LRALLARSH,3,RFSWGAEGQ,0,All manifest-contained 9-mer window combinations retained for sensitivity; not a predictor-selected register or a re-ranking score.
EBV_TCELL_950::HUMAN_MYELIN_112214,24,EBV_TCELL_950,HUMAN_MYELIN_112214,4,LRALLARSH,4,FSWGAEGQR,0,All manifest-contained 9-mer window combinations retained for sensitivity; not a predictor-selected register or a re-ranking score.
EBV_TCELL_950::HUMAN_MYELIN_112214,24,EBV_TCELL_950,HUMAN_MYELIN_112214,4,LRALLARSH,5,SWGAEGQRP,0,All manifest-contained 9-mer window combinations retained for sensitivity; not a predictor-selected register or a re-ranking score.
EBV_TCELL_950::HUMAN_MYELIN_112214,24,EBV_TCELL_950,HUMAN_MYELIN_112214,4,LRALLARSH,6,WGAEGQRPG,0,All manifest-contained 9-mer window combinations retained for sensitivity; not a predictor-selected register or a re-ranking score.
EBV_TCELL_950::HUMAN_MYELIN_112214,24,EBV_TCELL_950,HUMAN_MYELIN_112214,4,LRALLARSH,7,GAEGQRPGF,0,All manifest-contained 9-mer window combinations retained for sensitivity; not a predictor-selected register or a re-ranking score.
EBV_TCELL_950::HUMAN_MYELIN_112214,24,EBV_TCELL_950,HUMAN_MYELIN_112214,4,LRALLARSH,8,AEGQRPGFG,0,All manifest-contained 9-mer window combinations retained for sensitivity; not a predictor-selected register or a re-ranking score.
EBV_TCELL_950::HUMAN_MYELIN_112214,24,EBV_TCELL_950,HUMAN_MYELIN_112214,4,LRALLARSH,9,EGQRPGFGY,0,All manifest-contained 9-mer window combinations retained for sensitivity; not a predictor-selected register or a re-ranking score.
EBV_TCELL_950::HUMAN_MYELIN_112214,24,EBV_TCELL_950,HUMAN_MYELIN_112214,4,LRALLARSH,10,GQRPGFGYG,0,All manifest-contained 9-mer window combinations retained for sensitivity; not a predictor-selected register or a re-ranking score.
EBV_TCELL_950::HUMAN_MYELIN_112214,24,EBV_TCELL_950,HUMAN_MYELIN_112214,4,LRALLARSH,11,QRPGFGYGG,2,All manifest-contained 9-mer window combinations retained for sensitivity; not a predictor-selected register or a re-ranking score.
EBV_TCELL_950::HUMAN_MYELIN_112214,24,EBV_TCELL_950,HUMAN_MYELIN_112214,5,RALLARSHV,1,LSRFSWGAE,0,All manifest-contained 9-mer window combinations retained for sensitivity; not a predictor-selected register or a re-ranking score.
EBV_TCELL_950::HUMAN_MYELIN_112214,24,EBV_TCELL_950,HUMAN_MYELIN_112214,5,RALLARSHV,2,SRFSWGAEG,0,All manifest-contained 9-mer window combinations retained for sensitivity; not a predictor-selected register or a re-ranking score.
EBV_TCELL_950::HUMAN_MYELIN_112214,24,EBV_TCELL_950,HUMAN_MYELIN_112214,5,RALLARSHV,3,RFSWGAEGQ,0,All manifest-contained 9-mer window combinations retained for sensitivity; not a predictor-selected register or a re-ranking score.
EBV_TCELL_950::HUMAN_MYELIN_112214,24,EBV_TCELL_950,HUMAN_MYELIN_112214,5,RALLARSHV,4,FSWGAEGQR,0,All manifest-contained 9-mer window combinations retained for sensitivity; not a predictor-selected register or a re-ranking score.
EBV_TCELL_950::HUMAN_MYELIN_112214,24,EBV_TCELL_950,HUMAN_MYELIN_112214,5,RALLARSHV,5,SWGAEGQRP,0,All manifest-contained 9-mer window combinations retained for sensitivity; not a predictor-selected register or a re-ranking score.
EBV_TCELL_950::HUMAN_MYELIN_112214,24,EBV_TCELL_950,HUMAN_MYELIN_112214,5,RALLARSHV,6,WGAEGQRPG,0,All manifest-contained 9-mer window combinations retained for sensitivity; not a predictor-selected register or a re-ranking score.
EBV_TCELL_950::HUMAN_MYELIN_112214,24,EBV_TCELL_950,HUMAN_MYELIN_112214,5,RALLARSHV,7,GAEGQRPGF,0,All manifest-contained 9-mer window combinations retained for sensitivity; not a predictor-selected register or a re-ranking score.
EBV_TCELL_950::HUMAN_MYELIN_112214,24,EBV_TCELL_950,HUMAN_MYELIN_112214,5,RALLARSHV,8,AEGQRPGFG,0,All manifest-contained 9-mer window combinations retained for sensitivity; not a predictor-selected register or a re-ranking score.
EBV_TCELL_950::HUMAN_MYELIN_112214,24,EBV_TCELL_950,HUMAN_MYELIN_112214,5,RALLARSHV,9,EGQRPGFGY,0,All manifest-contained 9-mer window combinations retained for sensitivity; not a predictor-selected register or a re-ranking score.
EBV_TCELL_950::HUMAN_MYELIN_112214,24,EBV_TCELL_950,HUMAN_MYELIN_112214,5,RALLARSHV,10,GQRPGFGYG,0,All manifest-contained 9-mer window combinations retained for sensitivity; not a predictor-selected register or a re-ranking score.
EBV_TCELL_950::HUMAN_MYELIN_112214,24,EBV_TCELL_950,HUMAN_MYELIN_112214,5,RALLARSHV,11,QRPGFGYGG,0,All manifest-contained 9-mer window combinations retained for sensitivity; not a predictor-selected register or a re-ranking score.
EBV_TCELL_950::HUMAN_MYELIN_112214,24,EBV_TCELL_950,HUMAN_MYELIN_112214,6,ALLARSHVE,1,LSRFSWGAE,0,All manifest-contained 9-mer window combinations retained for sensitivity; not a predictor-selected register or a re-ranking score.
EBV_TCELL_950::HUMAN_MYELIN_112214,24,EBV_TCELL_950,HUMAN_MYELIN_112214,6,ALLARSHVE,2,SRFSWGAEG,0,All manifest-contained 9-mer window combinations retained for sensitivity; not a predictor-selected register or a re-ranking score.
EBV_TCELL_950::HUMAN_MYELIN_112214,24,EBV_TCELL_950,HUMAN_MYELIN_112214,6,ALLARSHVE,3,RFSWGAEGQ,0,All manifest-contained 9-mer window combinations retained for sensitivity; not a predictor-selected register or a re-ranking score.
EBV_TCELL_950::HUMAN_MYELIN_112214,24,EBV_TCELL_950,HUMAN_MYELIN_112214,6,ALLARSHVE,4,FSWGAEGQR,0,All manifest-contained 9-mer window combinations retained for sensitivity; not a predictor-selected register or a re-ranking score.
EBV_TCELL_950::HUMAN_MYELIN_112214,24,EBV_TCELL_950,HUMAN_MYELIN_112214,6,ALLARSHVE,5,SWGAEGQRP,0,All manifest-contained 9-mer window combinations retained for sensitivity; not a predictor-selected register or a re-ranking score.
EBV_TCELL_950::HUMAN_MYELIN_112214,24,EBV_TCELL_950,HUMAN_MYELIN_112214,6,ALLARSHVE,6,WGAEGQRPG,0,All manifest-contained 9-mer window combinations retained for sensitivity; not a predictor-selected register or a re-ranking score.
EBV_TCELL_950::HUMAN_MYELIN_112214,24,EBV_TCELL_950,HUMAN_MYELIN_112214,6,ALLARSHVE,7,GAEGQRPGF,0,All manifest-contained 9-mer window combinations retained for sensitivity; not a predictor-selected register or a re-ranking score.
EBV_TCELL_950::HUMAN_MYELIN_112214,24,EBV_TCELL_950,HUMAN_MYELIN_112214,6,ALLARSHVE,8,AEGQRPGFG,0,All manifest-contained 9-mer window combinations retained for sensitivity; not a predictor-selected register or a re-ranking score.
EBV_TCELL_950::HUMAN_MYELIN_112214,24,EBV_TCELL_950,HUMAN_MYELIN_112214,6,ALLARSHVE,9,EGQRPGFGY,0,All manifest-contained 9-mer window combinations retained for sensitivity; not a predictor-selected register or a re-ranking score.
EBV_TCELL_950::HUMAN_MYELIN_112214,24,EBV_TCELL_950,HUMAN_MYELIN_112214,6,ALLARSHVE,10,GQRPGFGYG,0,All manifest-contained 9-mer window combinations retained for sensitivity; not a predictor-selected register or a re-ranking score.
EBV_TCELL_950::HUMAN_MYELIN_112214,24,EBV_TCELL_950,HUMAN_MYELIN_112214,6,ALLARSHVE,11,QRPGFGYGG,0,All manifest-contained 9-mer window combinations retained for sensitivity; not a predictor-selected register or a re-ranking score.
EBV_TCELL_950::HUMAN_MYELIN_112214,24,EBV_TCELL_950,HUMAN_MYELIN_112214,7,LLARSHVER,1,LSRFSWGAE,0,All manifest-contained 9-mer window combinations retained for sensitivity; not a predictor-selected register or a re-ranking score.
EBV_TCELL_950::HUMAN_MYELIN_112214,24,EBV_TCELL_950,HUMAN_MYELIN_112214,7,LLARSHVER,2,SRFSWGAEG,0,All manifest-contained 9-mer window combinations retained for sensitivity; not a predictor-selected register or a re-ranking score.
EBV_TCELL_950::HUMAN_MYELIN_112214,24,EBV_TCELL_950,HUMAN_MYELIN_112214,7,LLARSHVER,3,RFSWGAEGQ,0,All manifest-contained 9-mer window combinations retained for sensitivity; not a predictor-selected register or a re-ranking score.
EBV_TCELL_950::HUMAN_MYELIN_112214,24,EBV_TCELL_950,HUMAN_MYELIN_112214,7,LLARSHVER,4,FSWGAEGQR,0,All manifest-contained 9-mer window combinations retained for sensitivity; not a predictor-selected register or a re-ranking score.
EBV_TCELL_950::HUMAN_MYELIN_112214,24,EBV_TCELL_950,HUMAN_MYELIN_112214,7,LLARSHVER,5,SWGAEGQRP,0,All manifest-contained 9-mer window combinations retained for sensitivity; not a predictor-selected register or a re-ranking score.
EBV_TCELL_950::HUMAN_MYELIN_112214,24,EBV_TCELL_950,HUMAN_MYELIN_112214,7,LLARSHVER,6,WGAEGQRPG,0,All manifest-contained 9-mer window combinations retained for sensitivity; not a predictor-selected register or a re-ranking score.
EBV_TCELL_950::HUMAN_MYELIN_112214,24,EBV_TCELL_950,HUMAN_MYELIN_112214,7,LLARSHVER,7,GAEGQRPGF,0,All manifest-contained 9-mer window combinations retained for sensitivity; not a predictor-selected register or a re-ranking score.
EBV_TCELL_950::HUMAN_MYELIN_112214,24,EBV_TCELL_950,HUMAN_MYELIN_112214,7,LLARSHVER,8,AEGQRPGFG,0,All manifest-contained 9-mer window combinations retained for sensitivity; not a predictor-selected register or a re-ranking score.
EBV_TCELL_950::HUMAN_MYELIN_112214,24,EBV_TCELL_950,HUMAN_MYELIN_112214,7,LLARSHVER,9,EGQRPGFGY,0,All manifest-contained 9-mer window combinations retained for sensitivity; not a predictor-selected register or a re-ranking score.
EBV_TCELL_950::HUMAN_MYELIN_112214,24,EBV_TCELL_950,HUMAN_MYELIN_112214,7,LLARSHVER,10,GQRPGFGYG,0,All manifest-contained 9-mer window combinations retained for sensitivity; not a predictor-selected register or a re-ranking score.
EBV_TCELL_950::HUMAN_MYELIN_112214,24,EBV_TCELL_950,HUMAN_MYELIN_112214,7,LLARSHVER,11,QRPGFGYGG,0,All manifest-contained 9-mer window combinations retained for sensitivity; not a predictor-selected register or a re-ranking score.
EBV_TCELL_119155::HUMAN_MYELIN_117032,25,EBV_TCELL_119155,HUMAN_MYELIN_117032,1,FIEFVGWLC,1,KVCGSNLLS,0,All manifest-contained 9-mer window combinations retained for sensitivity; not a predictor-selected register or a re-ranking score.
EBV_TCELL_119155::HUMAN_MYELIN_117032,25,EBV_TCELL_119155,HUMAN_MYELIN_117032,1,FIEFVGWLC,2,VCGSNLLSI,0,All manifest-contained 9-mer window combinations retained for sensitivity; not a predictor-selected register or a re-ranking score.
EBV_TCELL_119155::HUMAN_MYELIN_117032,25,EBV_TCELL_119155,HUMAN_MYELIN_117032,1,FIEFVGWLC,3,CGSNLLSIC,0,All manifest-contained 9-mer window combinations retained for sensitivity; not a predictor-selected register or a re-ranking score.
EBV_TCELL_119155::HUMAN_MYELIN_117032,25,EBV_TCELL_119155,HUMAN_MYELIN_117032,1,FIEFVGWLC,4,GSNLLSICK,0,All manifest-contained 9-mer window combinations retained for sensitivity; not a predictor-selected register or a re-ranking score.
EBV_TCELL_119155::HUMAN_MYELIN_117032,25,EBV_TCELL_119155,HUMAN_MYELIN_117032,1,FIEFVGWLC,5,SNLLSICKT,0,All manifest-contained 9-mer window combinations retained for sensitivity; not a predictor-selected register or a re-ranking score.
EBV_TCELL_119155::HUMAN_MYELIN_117032,25,EBV_TCELL_119155,HUMAN_MYELIN_117032,1,FIEFVGWLC,6,NLLSICKTA,0,All manifest-contained 9-mer window combinations retained for sensitivity; not a predictor-selected register or a re-ranking score.
EBV_TCELL_119155::HUMAN_MYELIN_117032,25,EBV_TCELL_119155,HUMAN_MYELIN_117032,1,FIEFVGWLC,7,LLSICKTAE,0,All manifest-contained 9-mer window combinations retained for sensitivity; not a predictor-selected register or a re-ranking score.
EBV_TCELL_119155::HUMAN_MYELIN_117032,25,EBV_TCELL_119155,HUMAN_MYELIN_117032,1,FIEFVGWLC,8,LSICKTAEF,0,All manifest-contained 9-mer window combinations retained for sensitivity; not a predictor-selected register or a re-ranking score.
EBV_TCELL_119155::HUMAN_MYELIN_117032,25,EBV_TCELL_119155,HUMAN_MYELIN_117032,1,FIEFVGWLC,9,SICKTAEFQ,0,All manifest-contained 9-mer window combinations retained for sensitivity; not a predictor-selected register or a re-ranking score.
EBV_TCELL_119155::HUMAN_MYELIN_117032,25,EBV_TCELL_119155,HUMAN_MYELIN_117032,1,FIEFVGWLC,10,ICKTAEFQM,0,All manifest-contained 9-mer window combinations retained for sensitivity; not a predictor-selected register or a re-ranking score.
EBV_TCELL_119155::HUMAN_MYELIN_117032,25,EBV_TCELL_119155,HUMAN_MYELIN_117032,1,FIEFVGWLC,11,CKTAEFQMT,0,All manifest-contained 9-mer window combinations retained for sensitivity; not a predictor-selected register or a re-ranking score.
EBV_TCELL_119155::HUMAN_MYELIN_117032,25,EBV_TCELL_119155,HUMAN_MYELIN_117032,1,FIEFVGWLC,12,KTAEFQMTF,0,All manifest-contained 9-mer window combinations retained for sensitivity; not a predictor-selected register or a re-ranking score.
EBV_TCELL_119155::HUMAN_MYELIN_117032,25,EBV_TCELL_119155,HUMAN_MYELIN_117032,1,FIEFVGWLC,13,TAEFQMTFH,0,All manifest-contained 9-mer window combinations retained for sensitivity; not a predictor-selected register or a re-ranking score.
EBV_TCELL_119155::HUMAN_MYELIN_117032,25,EBV_TCELL_119155,HUMAN_MYELIN_117032,1,FIEFVGWLC,14,AEFQMTFHL,0,All manifest-contained 9-mer window combinations retained for sensitivity; not a predictor-selected register or a re-ranking score.
EBV_TCELL_119155::HUMAN_MYELIN_117032,25,EBV_TCELL_119155,HUMAN_MYELIN_117032,1,FIEFVGWLC,15,EFQMTFHLF,0,All manifest-contained 9-mer window combinations retained for sensitivity; not a predictor-selected register or a re-ranking score.
EBV_TCELL_119155::HUMAN_MYELIN_117032,25,EBV_TCELL_119155,HUMAN_MYELIN_117032,1,FIEFVGWLC,16,FQMTFHLFI,0,All manifest-contained 9-mer window combinations retained for sensitivity; not a predictor-selected register or a re-ranking score.
EBV_TCELL_119155::HUMAN_MYELIN_117032,25,EBV_TCELL_119155,HUMAN_MYELIN_117032,1,FIEFVGWLC,17,QMTFHLFIA,0,All manifest-contained 9-mer window combinations retained for sensitivity; not a predictor-selected register or a re-ranking score.
EBV_TCELL_119155::HUMAN_MYELIN_117032,25,EBV_TCELL_119155,HUMAN_MYELIN_117032,1,FIEFVGWLC,18,MTFHLFIAA,0,All manifest-contained 9-mer window combinations retained for sensitivity; not a predictor-selected register or a re-ranking score.
EBV_TCELL_119155::HUMAN_MYELIN_117032,25,EBV_TCELL_119155,HUMAN_MYELIN_117032,1,FIEFVGWLC,19,TFHLFIAAF,0,All manifest-contained 9-mer window combinations retained for sensitivity; not a predictor-selected register or a re-ranking score.
EBV_TCELL_119155::HUMAN_MYELIN_117032,25,EBV_TCELL_119155,HUMAN_MYELIN_117032,1,FIEFVGWLC,20,FHLFIAAFV,0,All manifest-contained 9-mer window combinations retained for sensitivity; not a predictor-selected register or a re-ranking score.
EBV_TCELL_119155::HUMAN_MYELIN_117032,25,EBV_TCELL_119155,HUMAN_MYELIN_117032,1,FIEFVGWLC,21,HLFIAAFVG,0,All manifest-contained 9-mer window combinations retained for sensitivity; not a predictor-selected register or a re-ranking score.
EBV_TCELL_119155::HUMAN_MYELIN_117032,25,EBV_TCELL_119155,HUMAN_MYELIN_117032,1,FIEFVGWLC,22,LFIAAFVGA,0,All manifest-contained 9-mer window combinations retained for sensitivity; not a predictor-selected register or a re-ranking score.
EBV_TCELL_119155::HUMAN_MYELIN_117032,25,EBV_TCELL_119155,HUMAN_MYELIN_117032,1,FIEFVGWLC,23,FIAAFVGAA,2,All manifest-contained 9-mer window combinations retained for sensitivity; not a predictor-selected register or a re-ranking score.
EBV_TCELL_119155::HUMAN_MYELIN_117032,25,EBV_TCELL_119155,HUMAN_MYELIN_117032,1,FIEFVGWLC,24,IAAFVGAAA,4,All manifest-contained 9-mer window combinations retained for sensitivity; not a predictor-selected register or a re-ranking score.
EBV_TCELL_119155::HUMAN_MYELIN_117032,25,EBV_TCELL_119155,HUMAN_MYELIN_117032,2,IEFVGWLCK,1,KVCGSNLLS,0,All manifest-contained 9-mer window combinations retained for sensitivity; not a predictor-selected register or a re-ranking score.
EBV_TCELL_119155::HUMAN_MYELIN_117032,25,EBV_TCELL_119155,HUMAN_MYELIN_117032,2,IEFVGWLCK,2,VCGSNLLSI,0,All manifest-contained 9-mer window combinations retained for sensitivity; not a predictor-selected register or a re-ranking score.
EBV_TCELL_119155::HUMAN_MYELIN_117032,25,EBV_TCELL_119155,HUMAN_MYELIN_117032,2,IEFVGWLCK,3,CGSNLLSIC,0,All manifest-contained 9-mer window combinations retained for sensitivity; not a predictor-selected register or a re-ranking score.
EBV_TCELL_119155::HUMAN_MYELIN_117032,25,EBV_TCELL_119155,HUMAN_MYELIN_117032,2,IEFVGWLCK,4,GSNLLSICK,0,All manifest-contained 9-mer window combinations retained for sensitivity; not a predictor-selected register or a re-ranking score.
EBV_TCELL_119155::HUMAN_MYELIN_117032,25,EBV_TCELL_119155,HUMAN_MYELIN_117032,2,IEFVGWLCK,5,SNLLSICKT,0,All manifest-contained 9-mer window combinations retained for sensitivity; not a predictor-selected register or a re-ranking score.
EBV_TCELL_119155::HUMAN_MYELIN_117032,25,EBV_TCELL_119155,HUMAN_MYELIN_117032,2,IEFVGWLCK,6,NLLSICKTA,0,All manifest-contained 9-mer window combinations retained for sensitivity; not a predictor-selected register or a re-ranking score.
EBV_TCELL_119155::HUMAN_MYELIN_117032,25,EBV_TCELL_119155,HUMAN_MYELIN_117032,2,IEFVGWLCK,7,LLSICKTAE,0,All manifest-contained 9-mer window combinations retained for sensitivity; not a predictor-selected register or a re-ranking score.
EBV_TCELL_119155::HUMAN_MYELIN_117032,25,EBV_TCELL_119155,HUMAN_MYELIN_117032,2,IEFVGWLCK,8,LSICKTAEF,0,All manifest-contained 9-mer window combinations retained for sensitivity; not a predictor-selected register or a re-ranking score.
EBV_TCELL_119155::HUMAN_MYELIN_117032,25,EBV_TCELL_119155,HUMAN_MYELIN_117032,2,IEFVGWLCK,9,SICKTAEFQ,0,All manifest-contained 9-mer window combinations retained for sensitivity; not a predictor-selected register or a re-ranking score.
EBV_TCELL_119155::HUMAN_MYELIN_117032,25,EBV_TCELL_119155,HUMAN_MYELIN_117032,2,IEFVGWLCK,10,ICKTAEFQM,0,All manifest-contained 9-mer window combinations retained for sensitivity; not a predictor-selected register or a re-ranking score.
EBV_TCELL_119155::HUMAN_MYELIN_117032,25,EBV_TCELL_119155,HUMAN_MYELIN_117032,2,IEFVGWLCK,11,CKTAEFQMT,0,All manifest-contained 9-mer window combinations retained for sensitivity; not a predictor-selected register or a re-ranking score.
EBV_TCELL_119155::HUMAN_MYELIN_117032,25,EBV_TCELL_119155,HUMAN_MYELIN_117032,2,IEFVGWLCK,12,KTAEFQMTF,0,All manifest-contained 9-mer window combinations retained for sensitivity; not a predictor-selected register or a re-ranking score.
EBV_TCELL_119155::HUMAN_MYELIN_117032,25,EBV_TCELL_119155,HUMAN_MYELIN_117032,2,IEFVGWLCK,13,TAEFQMTFH,0,All manifest-contained 9-mer window combinations retained for sensitivity; not a predictor-selected register or a re-ranking score.
EBV_TCELL_119155::HUMAN_MYELIN_117032,25,EBV_TCELL_119155,HUMAN_MYELIN_117032,2,IEFVGWLCK,14,AEFQMTFHL,0,All manifest-contained 9-mer window combinations retained for sensitivity; not a predictor-selected register or a re-ranking score.
EBV_TCELL_119155::HUMAN_MYELIN_117032,25,EBV_TCELL_119155,HUMAN_MYELIN_117032,2,IEFVGWLCK,15,EFQMTFHLF,0,All manifest-contained 9-mer window combinations retained for sensitivity; not a predictor-selected register or a re-ranking score.
EBV_TCELL_119155::HUMAN_MYELIN_117032,25,EBV_TCELL_119155,HUMAN_MYELIN_117032,2,IEFVGWLCK,16,FQMTFHLFI,0,All manifest-contained 9-mer window combinations retained for sensitivity; not a predictor-selected register or a re-ranking score.
EBV_TCELL_119155::HUMAN_MYELIN_117032,25,EBV_TCELL_119155,HUMAN_MYELIN_117032,2,IEFVGWLCK,17,QMTFHLFIA,0,All manifest-contained 9-mer window combinations retained for sensitivity; not a predictor-selected register or a re-ranking score.
EBV_TCELL_119155::HUMAN_MYELIN_117032,25,EBV_TCELL_119155,HUMAN_MYELIN_117032,2,IEFVGWLCK,18,MTFHLFIAA,0,All manifest-contained 9-mer window combinations retained for sensitivity; not a predictor-selected register or a re-ranking score.
EBV_TCELL_119155::HUMAN_MYELIN_117032,25,EBV_TCELL_119155,HUMAN_MYELIN_117032,2,IEFVGWLCK,19,TFHLFIAAF,0,All manifest-contained 9-mer window combinations retained for sensitivity; not a predictor-selected register or a re-ranking score.
EBV_TCELL_119155::HUMAN_MYELIN_117032,25,EBV_TCELL_119155,HUMAN_MYELIN_117032,2,IEFVGWLCK,20,FHLFIAAFV,0,All manifest-contained 9-mer window combinations retained for sensitivity; not a predictor-selected register or a re-ranking score.
EBV_TCELL_119155::HUMAN_MYELIN_117032,25,EBV_TCELL_119155,HUMAN_MYELIN_117032,2,IEFVGWLCK,21,HLFIAAFVG,0,All manifest-contained 9-mer window combinations retained for sensitivity; not a predictor-selected register or a re-ranking score.
EBV_TCELL_119155::HUMAN_MYELIN_117032,25,EBV_TCELL_119155,HUMAN_MYELIN_117032,2,IEFVGWLCK,22,LFIAAFVGA,0,All manifest-contained 9-mer window combinations retained for sensitivity; not a predictor-selected register or a re-ranking score.
EBV_TCELL_119155::HUMAN_MYELIN_117032,25,EBV_TCELL_119155,HUMAN_MYELIN_117032,2,IEFVGWLCK,23,FIAAFVGAA,0,All manifest-contained 9-mer window combinations retained for sensitivity; not a predictor-selected register or a re-ranking score.
EBV_TCELL_119155::HUMAN_MYELIN_117032,25,EBV_TCELL_119155,HUMAN_MYELIN_117032,2,IEFVGWLCK,24,IAAFVGAAA,1,All manifest-contained 9-mer window combinations retained for sensitivity; not a predictor-selected register or a re-ranking score.
EBV_TCELL_119155::HUMAN_MYELIN_117032,25,EBV_TCELL_119155,HUMAN_MYELIN_117032,3,EFVGWLCKK,1,KVCGSNLLS,0,All manifest-contained 9-mer window combinations retained for sensitivity; not a predictor-selected register or a re-ranking score.
EBV_TCELL_119155::HUMAN_MYELIN_117032,25,EBV_TCELL_119155,HUMAN_MYELIN_117032,3,EFVGWLCKK,2,VCGSNLLSI,0,All manifest-contained 9-mer window combinations retained for sensitivity; not a predictor-selected register or a re-ranking score.
EBV_TCELL_119155::HUMAN_MYELIN_117032,25,EBV_TCELL_119155,HUMAN_MYELIN_117032,3,EFVGWLCKK,3,CGSNLLSIC,0,All manifest-contained 9-mer window combinations retained for sensitivity; not a predictor-selected register or a re-ranking score.
EBV_TCELL_119155::HUMAN_MYELIN_117032,25,EBV_TCELL_119155,HUMAN_MYELIN_117032,3,EFVGWLCKK,4,GSNLLSICK,0,All manifest-contained 9-mer window combinations retained for sensitivity; not a predictor-selected register or a re-ranking score.
EBV_TCELL_119155::HUMAN_MYELIN_117032,25,EBV_TCELL_119155,HUMAN_MYELIN_117032,3,EFVGWLCKK,5,SNLLSICKT,0,All manifest-contained 9-mer window combinations retained for sensitivity; not a predictor-selected register or a re-ranking score.
EBV_TCELL_119155::HUMAN_MYELIN_117032,25,EBV_TCELL_119155,HUMAN_MYELIN_117032,3,EFVGWLCKK,6,NLLSICKTA,0,All manifest-contained 9-mer window combinations retained for sensitivity; not a predictor-selected register or a re-ranking score.
EBV_TCELL_119155::HUMAN_MYELIN_117032,25,EBV_TCELL_119155,HUMAN_MYELIN_117032,3,EFVGWLCKK,7,LLSICKTAE,0,All manifest-contained 9-mer window combinations retained for sensitivity; not a predictor-selected register or a re-ranking score.
EBV_TCELL_119155::HUMAN_MYELIN_117032,25,EBV_TCELL_119155,HUMAN_MYELIN_117032,3,EFVGWLCKK,8,LSICKTAEF,0,All manifest-contained 9-mer window combinations retained for sensitivity; not a predictor-selected register or a re-ranking score.
EBV_TCELL_119155::HUMAN_MYELIN_117032,25,EBV_TCELL_119155,HUMAN_MYELIN_117032,3,EFVGWLCKK,9,SICKTAEFQ,0,All manifest-contained 9-mer window combinations retained for sensitivity; not a predictor-selected register or a re-ranking score.
EBV_TCELL_119155::HUMAN_MYELIN_117032,25,EBV_TCELL_119155,HUMAN_MYELIN_117032,3,EFVGWLCKK,10,ICKTAEFQM,0,All manifest-contained 9-mer window combinations retained for sensitivity; not a predictor-selected register or a re-ranking score.
EBV_TCELL_119155::HUMAN_MYELIN_117032,25,EBV_TCELL_119155,HUMAN_MYELIN_117032,3,EFVGWLCKK,11,CKTAEFQMT,0,All manifest-contained 9-mer window combinations retained for sensitivity; not a predictor-selected register or a re-ranking score.
EBV_TCELL_119155::HUMAN_MYELIN_117032,25,EBV_TCELL_119155,HUMAN_MYELIN_117032,3,EFVGWLCKK,12,KTAEFQMTF,0,All manifest-contained 9-mer window combinations retained for sensitivity; not a predictor-selected register or a re-ranking score.
EBV_TCELL_119155::HUMAN_MYELIN_117032,25,EBV_TCELL_119155,HUMAN_MYELIN_117032,3,EFVGWLCKK,13,TAEFQMTFH,0,All manifest-contained 9-mer window combinations retained for sensitivity; not a predictor-selected register or a re-ranking score.
EBV_TCELL_119155::HUMAN_MYELIN_117032,25,EBV_TCELL_119155,HUMAN_MYELIN_117032,3,EFVGWLCKK,14,AEFQMTFHL,0,All manifest-contained 9-mer window combinations retained for sensitivity; not a predictor-selected register or a re-ranking score.
EBV_TCELL_119155::HUMAN_MYELIN_117032,25,EBV_TCELL_119155,HUMAN_MYELIN_117032,3,EFVGWLCKK,15,EFQMTFHLF,0,All manifest-contained 9-mer window combinations retained for sensitivity; not a predictor-selected register or a re-ranking score.
EBV_TCELL_119155::HUMAN_MYELIN_117032,25,EBV_TCELL_119155,HUMAN_MYELIN_117032,3,EFVGWLCKK,16,FQMTFHLFI,0,All manifest-contained 9-mer window combinations retained for sensitivity; not a predictor-selected register or a re-ranking score.
EBV_TCELL_119155::HUMAN_MYELIN_117032,25,EBV_TCELL_119155,HUMAN_MYELIN_117032,3,EFVGWLCKK,17,QMTFHLFIA,0,All manifest-contained 9-mer window combinations retained for sensitivity; not a predictor-selected register or a re-ranking score.
EBV_TCELL_119155::HUMAN_MYELIN_117032,25,EBV_TCELL_119155,HUMAN_MYELIN_117032,3,EFVGWLCKK,18,MTFHLFIAA,0,All manifest-contained 9-mer window combinations retained for sensitivity; not a predictor-selected register or a re-ranking score.
EBV_TCELL_119155::HUMAN_MYELIN_117032,25,EBV_TCELL_119155,HUMAN_MYELIN_117032,3,EFVGWLCKK,19,TFHLFIAAF,0,All manifest-contained 9-mer window combinations retained for sensitivity; not a predictor-selected register or a re-ranking score.
EBV_TCELL_119155::HUMAN_MYELIN_117032,25,EBV_TCELL_119155,HUMAN_MYELIN_117032,3,EFVGWLCKK,20,FHLFIAAFV,0,All manifest-contained 9-mer window combinations retained for sensitivity; not a predictor-selected register or a re-ranking score.
EBV_TCELL_119155::HUMAN_MYELIN_117032,25,EBV_TCELL_119155,HUMAN_MYELIN_117032,3,EFVGWLCKK,21,HLFIAAFVG,0,All manifest-contained 9-mer window combinations retained for sensitivity; not a predictor-selected register or a re-ranking score.
EBV_TCELL_119155::HUMAN_MYELIN_117032,25,EBV_TCELL_119155,HUMAN_MYELIN_117032,3,EFVGWLCKK,22,LFIAAFVGA,0,All manifest-contained 9-mer window combinations retained for sensitivity; not a predictor-selected register or a re-ranking score.
EBV_TCELL_119155::HUMAN_MYELIN_117032,25,EBV_TCELL_119155,HUMAN_MYELIN_117032,3,EFVGWLCKK,23,FIAAFVGAA,0,All manifest-contained 9-mer window combinations retained for sensitivity; not a predictor-selected register or a re-ranking score.
EBV_TCELL_119155::HUMAN_MYELIN_117032,25,EBV_TCELL_119155,HUMAN_MYELIN_117032,3,EFVGWLCKK,24,IAAFVGAAA,0,All manifest-contained 9-mer window combinations retained for sensitivity; not a predictor-selected register or a re-ranking score.
EBV_TCELL_119155::HUMAN_MYELIN_117032,25,EBV_TCELL_119155,HUMAN_MYELIN_117032,4,FVGWLCKKD,1,KVCGSNLLS,0,All manifest-contained 9-mer window combinations retained for sensitivity; not a predictor-selected register or a re-ranking score.
EBV_TCELL_119155::HUMAN_MYELIN_117032,25,EBV_TCELL_119155,HUMAN_MYELIN_117032,4,FVGWLCKKD,2,VCGSNLLSI,0,All manifest-contained 9-mer window combinations retained for sensitivity; not a predictor-selected register or a re-ranking score.
EBV_TCELL_119155::HUMAN_MYELIN_117032,25,EBV_TCELL_119155,HUMAN_MYELIN_117032,4,FVGWLCKKD,3,CGSNLLSIC,0,All manifest-contained 9-mer window combinations retained for sensitivity; not a predictor-selected register or a re-ranking score.
EBV_TCELL_119155::HUMAN_MYELIN_117032,25,EBV_TCELL_119155,HUMAN_MYELIN_117032,4,FVGWLCKKD,4,GSNLLSICK,0,All manifest-contained 9-mer window combinations retained for sensitivity; not a predictor-selected register or a re-ranking score.
EBV_TCELL_119155::HUMAN_MYELIN_117032,25,EBV_TCELL_119155,HUMAN_MYELIN_117032,4,FVGWLCKKD,5,SNLLSICKT,0,All manifest-contained 9-mer window combinations retained for sensitivity; not a predictor-selected register or a re-ranking score.
EBV_TCELL_119155::HUMAN_MYELIN_117032,25,EBV_TCELL_119155,HUMAN_MYELIN_117032,4,FVGWLCKKD,6,NLLSICKTA,0,All manifest-contained 9-mer window combinations retained for sensitivity; not a predictor-selected register or a re-ranking score.
EBV_TCELL_119155::HUMAN_MYELIN_117032,25,EBV_TCELL_119155,HUMAN_MYELIN_117032,4,FVGWLCKKD,7,LLSICKTAE,0,All manifest-contained 9-mer window combinations retained for sensitivity; not a predictor-selected register or a re-ranking score.
EBV_TCELL_119155::HUMAN_MYELIN_117032,25,EBV_TCELL_119155,HUMAN_MYELIN_117032,4,FVGWLCKKD,8,LSICKTAEF,0,All manifest-contained 9-mer window combinations retained for sensitivity; not a predictor-selected register or a re-ranking score.
EBV_TCELL_119155::HUMAN_MYELIN_117032,25,EBV_TCELL_119155,HUMAN_MYELIN_117032,4,FVGWLCKKD,9,SICKTAEFQ,0,All manifest-contained 9-mer window combinations retained for sensitivity; not a predictor-selected register or a re-ranking score.
EBV_TCELL_119155::HUMAN_MYELIN_117032,25,EBV_TCELL_119155,HUMAN_MYELIN_117032,4,FVGWLCKKD,10,ICKTAEFQM,0,All manifest-contained 9-mer window combinations retained for sensitivity; not a predictor-selected register or a re-ranking score.
EBV_TCELL_119155::HUMAN_MYELIN_117032,25,EBV_TCELL_119155,HUMAN_MYELIN_117032,4,FVGWLCKKD,11,CKTAEFQMT,0,All manifest-contained 9-mer window combinations retained for sensitivity; not a predictor-selected register or a re-ranking score.
EBV_TCELL_119155::HUMAN_MYELIN_117032,25,EBV_TCELL_119155,HUMAN_MYELIN_117032,4,FVGWLCKKD,12,KTAEFQMTF,0,All manifest-contained 9-mer window combinations retained for sensitivity; not a predictor-selected register or a re-ranking score.
EBV_TCELL_119155::HUMAN_MYELIN_117032,25,EBV_TCELL_119155,HUMAN_MYELIN_117032,4,FVGWLCKKD,13,TAEFQMTFH,0,All manifest-contained 9-mer window combinations retained for sensitivity; not a predictor-selected register or a re-ranking score.
EBV_TCELL_119155::HUMAN_MYELIN_117032,25,EBV_TCELL_119155,HUMAN_MYELIN_117032,4,FVGWLCKKD,14,AEFQMTFHL,0,All manifest-contained 9-mer window combinations retained for sensitivity; not a predictor-selected register or a re-ranking score.
EBV_TCELL_119155::HUMAN_MYELIN_117032,25,EBV_TCELL_119155,HUMAN_MYELIN_117032,4,FVGWLCKKD,15,EFQMTFHLF,0,All manifest-contained 9-mer window combinations retained for sensitivity; not a predictor-selected register or a re-ranking score.
EBV_TCELL_119155::HUMAN_MYELIN_117032,25,EBV_TCELL_119155,HUMAN_MYELIN_117032,4,FVGWLCKKD,16,FQMTFHLFI,0,All manifest-contained 9-mer window combinations retained for sensitivity; not a predictor-selected register or a re-ranking score.
EBV_TCELL_119155::HUMAN_MYELIN_117032,25,EBV_TCELL_119155,HUMAN_MYELIN_117032,4,FVGWLCKKD,17,QMTFHLFIA,0,All manifest-contained 9-mer window combinations retained for sensitivity; not a predictor-selected register or a re-ranking score.
EBV_TCELL_119155::HUMAN_MYELIN_117032,25,EBV_TCELL_119155,HUMAN_MYELIN_117032,4,FVGWLCKKD,18,MTFHLFIAA,0,All manifest-contained 9-mer window combinations retained for sensitivity; not a predictor-selected register or a re-ranking score.
EBV_TCELL_119155::HUMAN_MYELIN_117032,25,EBV_TCELL_119155,HUMAN_MYELIN_117032,4,FVGWLCKKD,19,TFHLFIAAF,0,All manifest-contained 9-mer window combinations retained for sensitivity; not a predictor-selected register or a re-ranking score.
EBV_TCELL_119155::HUMAN_MYELIN_117032,25,EBV_TCELL_119155,HUMAN_MYELIN_117032,4,FVGWLCKKD,20,FHLFIAAFV,0,All manifest-contained 9-mer window combinations retained for sensitivity; not a predictor-selected register or a re-ranking score.
EBV_TCELL_119155::HUMAN_MYELIN_117032,25,EBV_TCELL_119155,HUMAN_MYELIN_117032,4,FVGWLCKKD,21,HLFIAAFVG,0,All manifest-contained 9-mer window combinations retained for sensitivity; not a predictor-selected register or a re-ranking score.
EBV_TCELL_119155::HUMAN_MYELIN_117032,25,EBV_TCELL_119155,HUMAN_MYELIN_117032,4,FVGWLCKKD,22,LFIAAFVGA,0,All manifest-contained 9-mer window combinations retained for sensitivity; not a predictor-selected register or a re-ranking score.
EBV_TCELL_119155::HUMAN_MYELIN_117032,25,EBV_TCELL_119155,HUMAN_MYELIN_117032,4,FVGWLCKKD,23,FIAAFVGAA,0,All manifest-contained 9-mer window combinations retained for sensitivity; not a predictor-selected register or a re-ranking score.
EBV_TCELL_119155::HUMAN_MYELIN_117032,25,EBV_TCELL_119155,HUMAN_MYELIN_117032,4,FVGWLCKKD,24,IAAFVGAAA,0,All manifest-contained 9-mer window combinations retained for sensitivity; not a predictor-selected register or a re-ranking score.
EBV_TCELL_119155::HUMAN_MYELIN_117032,25,EBV_TCELL_119155,HUMAN_MYELIN_117032,5,VGWLCKKDH,1,KVCGSNLLS,0,All manifest-contained 9-mer window combinations retained for sensitivity; not a predictor-selected register or a re-ranking score.
EBV_TCELL_119155::HUMAN_MYELIN_117032,25,EBV_TCELL_119155,HUMAN_MYELIN_117032,5,VGWLCKKDH,2,VCGSNLLSI,0,All manifest-contained 9-mer window combinations retained for sensitivity; not a predictor-selected register or a re-ranking score.
EBV_TCELL_119155::HUMAN_MYELIN_117032,25,EBV_TCELL_119155,HUMAN_MYELIN_117032,5,VGWLCKKDH,3,CGSNLLSIC,0,All manifest-contained 9-mer window combinations retained for sensitivity; not a predictor-selected register or a re-ranking score.
EBV_TCELL_119155::HUMAN_MYELIN_117032,25,EBV_TCELL_119155,HUMAN_MYELIN_117032,5,VGWLCKKDH,4,GSNLLSICK,0,All manifest-contained 9-mer window combinations retained for sensitivity; not a predictor-selected register or a re-ranking score.
EBV_TCELL_119155::HUMAN_MYELIN_117032,25,EBV_TCELL_119155,HUMAN_MYELIN_117032,5,VGWLCKKDH,5,SNLLSICKT,0,All manifest-contained 9-mer window combinations retained for sensitivity; not a predictor-selected register or a re-ranking score.
EBV_TCELL_119155::HUMAN_MYELIN_117032,25,EBV_TCELL_119155,HUMAN_MYELIN_117032,5,VGWLCKKDH,6,NLLSICKTA,0,All manifest-contained 9-mer window combinations retained for sensitivity; not a predictor-selected register or a re-ranking score.
EBV_TCELL_119155::HUMAN_MYELIN_117032,25,EBV_TCELL_119155,HUMAN_MYELIN_117032,5,VGWLCKKDH,7,LLSICKTAE,0,All manifest-contained 9-mer window combinations retained for sensitivity; not a predictor-selected register or a re-ranking score.
EBV_TCELL_119155::HUMAN_MYELIN_117032,25,EBV_TCELL_119155,HUMAN_MYELIN_117032,5,VGWLCKKDH,8,LSICKTAEF,0,All manifest-contained 9-mer window combinations retained for sensitivity; not a predictor-selected register or a re-ranking score.
EBV_TCELL_119155::HUMAN_MYELIN_117032,25,EBV_TCELL_119155,HUMAN_MYELIN_117032,5,VGWLCKKDH,9,SICKTAEFQ,0,All manifest-contained 9-mer window combinations retained for sensitivity; not a predictor-selected register or a re-ranking score.
EBV_TCELL_119155::HUMAN_MYELIN_117032,25,EBV_TCELL_119155,HUMAN_MYELIN_117032,5,VGWLCKKDH,10,ICKTAEFQM,0,All manifest-contained 9-mer window combinations retained for sensitivity; not a predictor-selected register or a re-ranking score.
EBV_TCELL_119155::HUMAN_MYELIN_117032,25,EBV_TCELL_119155,HUMAN_MYELIN_117032,5,VGWLCKKDH,11,CKTAEFQMT,0,All manifest-contained 9-mer window combinations retained for sensitivity; not a predictor-selected register or a re-ranking score.
EBV_TCELL_119155::HUMAN_MYELIN_117032,25,EBV_TCELL_119155,HUMAN_MYELIN_117032,5,VGWLCKKDH,12,KTAEFQMTF,0,All manifest-contained 9-mer window combinations retained for sensitivity; not a predictor-selected register or a re-ranking score.
EBV_TCELL_119155::HUMAN_MYELIN_117032,25,EBV_TCELL_119155,HUMAN_MYELIN_117032,5,VGWLCKKDH,13,TAEFQMTFH,0,All manifest-contained 9-mer window combinations retained for sensitivity; not a predictor-selected register or a re-ranking score.
EBV_TCELL_119155::HUMAN_MYELIN_117032,25,EBV_TCELL_119155,HUMAN_MYELIN_117032,5,VGWLCKKDH,14,AEFQMTFHL,0,All manifest-contained 9-mer window combinations retained for sensitivity; not a predictor-selected register or a re-ranking score.
EBV_TCELL_119155::HUMAN_MYELIN_117032,25,EBV_TCELL_119155,HUMAN_MYELIN_117032,5,VGWLCKKDH,15,EFQMTFHLF,0,All manifest-contained 9-mer window combinations retained for sensitivity; not a predictor-selected register or a re-ranking score.
EBV_TCELL_119155::HUMAN_MYELIN_117032,25,EBV_TCELL_119155,HUMAN_MYELIN_117032,5,VGWLCKKDH,16,FQMTFHLFI,0,All manifest-contained 9-mer window combinations retained for sensitivity; not a predictor-selected register or a re-ranking score.
EBV_TCELL_119155::HUMAN_MYELIN_117032,25,EBV_TCELL_119155,HUMAN_MYELIN_117032,5,VGWLCKKDH,17,QMTFHLFIA,0,All manifest-contained 9-mer window combinations retained for sensitivity; not a predictor-selected register or a re-ranking score.
EBV_TCELL_119155::HUMAN_MYELIN_117032,25,EBV_TCELL_119155,HUMAN_MYELIN_117032,5,VGWLCKKDH,18,MTFHLFIAA,0,All manifest-contained 9-mer window combinations retained for sensitivity; not a predictor-selected register or a re-ranking score.
EBV_TCELL_119155::HUMAN_MYELIN_117032,25,EBV_TCELL_119155,HUMAN_MYELIN_117032,5,VGWLCKKDH,19,TFHLFIAAF,0,All manifest-contained 9-mer window combinations retained for sensitivity; not a predictor-selected register or a re-ranking score.
EBV_TCELL_119155::HUMAN_MYELIN_117032,25,EBV_TCELL_119155,HUMAN_MYELIN_117032,5,VGWLCKKDH,20,FHLFIAAFV,0,All manifest-contained 9-mer window combinations retained for sensitivity; not a predictor-selected register or a re-ranking score.
EBV_TCELL_119155::HUMAN_MYELIN_117032,25,EBV_TCELL_119155,HUMAN_MYELIN_117032,5,VGWLCKKDH,21,HLFIAAFVG,0,All manifest-contained 9-mer window combinations retained for sensitivity; not a predictor-selected register or a re-ranking score.
EBV_TCELL_119155::HUMAN_MYELIN_117032,25,EBV_TCELL_119155,HUMAN_MYELIN_117032,5,VGWLCKKDH,22,LFIAAFVGA,0,All manifest-contained 9-mer window combinations retained for sensitivity; not a predictor-selected register or a re-ranking score.
EBV_TCELL_119155::HUMAN_MYELIN_117032,25,EBV_TCELL_119155,HUMAN_MYELIN_117032,5,VGWLCKKDH,23,FIAAFVGAA,0,All manifest-contained 9-mer window combinations retained for sensitivity; not a predictor-selected register or a re-ranking score.
EBV_TCELL_119155::HUMAN_MYELIN_117032,25,EBV_TCELL_119155,HUMAN_MYELIN_117032,5,VGWLCKKDH,24,IAAFVGAAA,0,All manifest-contained 9-mer window combinations retained for sensitivity; not a predictor-selected register or a re-ranking score.
EBV_TCELL_119155::HUMAN_MYELIN_117032,25,EBV_TCELL_119155,HUMAN_MYELIN_117032,6,GWLCKKDHT,1,KVCGSNLLS,0,All manifest-contained 9-mer window combinations retained for sensitivity; not a predictor-selected register or a re-ranking score.
EBV_TCELL_119155::HUMAN_MYELIN_117032,25,EBV_TCELL_119155,HUMAN_MYELIN_117032,6,GWLCKKDHT,2,VCGSNLLSI,0,All manifest-contained 9-mer window combinations retained for sensitivity; not a predictor-selected register or a re-ranking score.
EBV_TCELL_119155::HUMAN_MYELIN_117032,25,EBV_TCELL_119155,HUMAN_MYELIN_117032,6,GWLCKKDHT,3,CGSNLLSIC,0,All manifest-contained 9-mer window combinations retained for sensitivity; not a predictor-selected register or a re-ranking score.
EBV_TCELL_119155::HUMAN_MYELIN_117032,25,EBV_TCELL_119155,HUMAN_MYELIN_117032,6,GWLCKKDHT,4,GSNLLSICK,0,All manifest-contained 9-mer window combinations retained for sensitivity; not a predictor-selected register or a re-ranking score.
EBV_TCELL_119155::HUMAN_MYELIN_117032,25,EBV_TCELL_119155,HUMAN_MYELIN_117032,6,GWLCKKDHT,5,SNLLSICKT,0,All manifest-contained 9-mer window combinations retained for sensitivity; not a predictor-selected register or a re-ranking score.
EBV_TCELL_119155::HUMAN_MYELIN_117032,25,EBV_TCELL_119155,HUMAN_MYELIN_117032,6,GWLCKKDHT,6,NLLSICKTA,0,All manifest-contained 9-mer window combinations retained for sensitivity; not a predictor-selected register or a re-ranking score.
EBV_TCELL_119155::HUMAN_MYELIN_117032,25,EBV_TCELL_119155,HUMAN_MYELIN_117032,6,GWLCKKDHT,7,LLSICKTAE,0,All manifest-contained 9-mer window combinations retained for sensitivity; not a predictor-selected register or a re-ranking score.
EBV_TCELL_119155::HUMAN_MYELIN_117032,25,EBV_TCELL_119155,HUMAN_MYELIN_117032,6,GWLCKKDHT,8,LSICKTAEF,0,All manifest-contained 9-mer window combinations retained for sensitivity; not a predictor-selected register or a re-ranking score.
EBV_TCELL_119155::HUMAN_MYELIN_117032,25,EBV_TCELL_119155,HUMAN_MYELIN_117032,6,GWLCKKDHT,9,SICKTAEFQ,0,All manifest-contained 9-mer window combinations retained for sensitivity; not a predictor-selected register or a re-ranking score.
EBV_TCELL_119155::HUMAN_MYELIN_117032,25,EBV_TCELL_119155,HUMAN_MYELIN_117032,6,GWLCKKDHT,10,ICKTAEFQM,0,All manifest-contained 9-mer window combinations retained for sensitivity; not a predictor-selected register or a re-ranking score.
EBV_TCELL_119155::HUMAN_MYELIN_117032,25,EBV_TCELL_119155,HUMAN_MYELIN_117032,6,GWLCKKDHT,11,CKTAEFQMT,0,All manifest-contained 9-mer window combinations retained for sensitivity; not a predictor-selected register or a re-ranking score.
EBV_TCELL_119155::HUMAN_MYELIN_117032,25,EBV_TCELL_119155,HUMAN_MYELIN_117032,6,GWLCKKDHT,12,KTAEFQMTF,0,All manifest-contained 9-mer window combinations retained for sensitivity; not a predictor-selected register or a re-ranking score.
EBV_TCELL_119155::HUMAN_MYELIN_117032,25,EBV_TCELL_119155,HUMAN_MYELIN_117032,6,GWLCKKDHT,13,TAEFQMTFH,0,All manifest-contained 9-mer window combinations retained for sensitivity; not a predictor-selected register or a re-ranking score.
EBV_TCELL_119155::HUMAN_MYELIN_117032,25,EBV_TCELL_119155,HUMAN_MYELIN_117032,6,GWLCKKDHT,14,AEFQMTFHL,0,All manifest-contained 9-mer window combinations retained for sensitivity; not a predictor-selected register or a re-ranking score.
EBV_TCELL_119155::HUMAN_MYELIN_117032,25,EBV_TCELL_119155,HUMAN_MYELIN_117032,6,GWLCKKDHT,15,EFQMTFHLF,0,All manifest-contained 9-mer window combinations retained for sensitivity; not a predictor-selected register or a re-ranking score.
EBV_TCELL_119155::HUMAN_MYELIN_117032,25,EBV_TCELL_119155,HUMAN_MYELIN_117032,6,GWLCKKDHT,16,FQMTFHLFI,0,All manifest-contained 9-mer window combinations retained for sensitivity; not a predictor-selected register or a re-ranking score.
EBV_TCELL_119155::HUMAN_MYELIN_117032,25,EBV_TCELL_119155,HUMAN_MYELIN_117032,6,GWLCKKDHT,17,QMTFHLFIA,0,All manifest-contained 9-mer window combinations retained for sensitivity; not a predictor-selected register or a re-ranking score.
EBV_TCELL_119155::HUMAN_MYELIN_117032,25,EBV_TCELL_119155,HUMAN_MYELIN_117032,6,GWLCKKDHT,18,MTFHLFIAA,0,All manifest-contained 9-mer window combinations retained for sensitivity; not a predictor-selected register or a re-ranking score.
EBV_TCELL_119155::HUMAN_MYELIN_117032,25,EBV_TCELL_119155,HUMAN_MYELIN_117032,6,GWLCKKDHT,19,TFHLFIAAF,0,All manifest-contained 9-mer window combinations retained for sensitivity; not a predictor-selected register or a re-ranking score.
EBV_TCELL_119155::HUMAN_MYELIN_117032,25,EBV_TCELL_119155,HUMAN_MYELIN_117032,6,GWLCKKDHT,20,FHLFIAAFV,0,All manifest-contained 9-mer window combinations retained for sensitivity; not a predictor-selected register or a re-ranking score.
EBV_TCELL_119155::HUMAN_MYELIN_117032,25,EBV_TCELL_119155,HUMAN_MYELIN_117032,6,GWLCKKDHT,21,HLFIAAFVG,0,All manifest-contained 9-mer window combinations retained for sensitivity; not a predictor-selected register or a re-ranking score.
EBV_TCELL_119155::HUMAN_MYELIN_117032,25,EBV_TCELL_119155,HUMAN_MYELIN_117032,6,GWLCKKDHT,22,LFIAAFVGA,0,All manifest-contained 9-mer window combinations retained for sensitivity; not a predictor-selected register or a re-ranking score.
EBV_TCELL_119155::HUMAN_MYELIN_117032,25,EBV_TCELL_119155,HUMAN_MYELIN_117032,6,GWLCKKDHT,23,FIAAFVGAA,0,All manifest-contained 9-mer window combinations retained for sensitivity; not a predictor-selected register or a re-ranking score.
EBV_TCELL_119155::HUMAN_MYELIN_117032,25,EBV_TCELL_119155,HUMAN_MYELIN_117032,6,GWLCKKDHT,24,IAAFVGAAA,0,All manifest-contained 9-mer window combinations retained for sensitivity; not a predictor-selected register or a re-ranking score.
EBV_TCELL_119155::HUMAN_MYELIN_117032,25,EBV_TCELL_119155,HUMAN_MYELIN_117032,7,WLCKKDHTH,1,KVCGSNLLS,0,All manifest-contained 9-mer window combinations retained for sensitivity; not a predictor-selected register or a re-ranking score.
EBV_TCELL_119155::HUMAN_MYELIN_117032,25,EBV_TCELL_119155,HUMAN_MYELIN_117032,7,WLCKKDHTH,2,VCGSNLLSI,0,All manifest-contained 9-mer window combinations retained for sensitivity; not a predictor-selected register or a re-ranking score.
EBV_TCELL_119155::HUMAN_MYELIN_117032,25,EBV_TCELL_119155,HUMAN_MYELIN_117032,7,WLCKKDHTH,3,CGSNLLSIC,0,All manifest-contained 9-mer window combinations retained for sensitivity; not a predictor-selected register or a re-ranking score.
EBV_TCELL_119155::HUMAN_MYELIN_117032,25,EBV_TCELL_119155,HUMAN_MYELIN_117032,7,WLCKKDHTH,4,GSNLLSICK,0,All manifest-contained 9-mer window combinations retained for sensitivity; not a predictor-selected register or a re-ranking score.
EBV_TCELL_119155::HUMAN_MYELIN_117032,25,EBV_TCELL_119155,HUMAN_MYELIN_117032,7,WLCKKDHTH,5,SNLLSICKT,0,All manifest-contained 9-mer window combinations retained for sensitivity; not a predictor-selected register or a re-ranking score.
EBV_TCELL_119155::HUMAN_MYELIN_117032,25,EBV_TCELL_119155,HUMAN_MYELIN_117032,7,WLCKKDHTH,6,NLLSICKTA,0,All manifest-contained 9-mer window combinations retained for sensitivity; not a predictor-selected register or a re-ranking score.
EBV_TCELL_119155::HUMAN_MYELIN_117032,25,EBV_TCELL_119155,HUMAN_MYELIN_117032,7,WLCKKDHTH,7,LLSICKTAE,0,All manifest-contained 9-mer window combinations retained for sensitivity; not a predictor-selected register or a re-ranking score.
EBV_TCELL_119155::HUMAN_MYELIN_117032,25,EBV_TCELL_119155,HUMAN_MYELIN_117032,7,WLCKKDHTH,8,LSICKTAEF,0,All manifest-contained 9-mer window combinations retained for sensitivity; not a predictor-selected register or a re-ranking score.
EBV_TCELL_119155::HUMAN_MYELIN_117032,25,EBV_TCELL_119155,HUMAN_MYELIN_117032,7,WLCKKDHTH,9,SICKTAEFQ,0,All manifest-contained 9-mer window combinations retained for sensitivity; not a predictor-selected register or a re-ranking score.
EBV_TCELL_119155::HUMAN_MYELIN_117032,25,EBV_TCELL_119155,HUMAN_MYELIN_117032,7,WLCKKDHTH,10,ICKTAEFQM,0,All manifest-contained 9-mer window combinations retained for sensitivity; not a predictor-selected register or a re-ranking score.
EBV_TCELL_119155::HUMAN_MYELIN_117032,25,EBV_TCELL_119155,HUMAN_MYELIN_117032,7,WLCKKDHTH,11,CKTAEFQMT,0,All manifest-contained 9-mer window combinations retained for sensitivity; not a predictor-selected register or a re-ranking score.
EBV_TCELL_119155::HUMAN_MYELIN_117032,25,EBV_TCELL_119155,HUMAN_MYELIN_117032,7,WLCKKDHTH,12,KTAEFQMTF,0,All manifest-contained 9-mer window combinations retained for sensitivity; not a predictor-selected register or a re-ranking score.
EBV_TCELL_119155::HUMAN_MYELIN_117032,25,EBV_TCELL_119155,HUMAN_MYELIN_117032,7,WLCKKDHTH,13,TAEFQMTFH,0,All manifest-contained 9-mer window combinations retained for sensitivity; not a predictor-selected register or a re-ranking score.
EBV_TCELL_119155::HUMAN_MYELIN_117032,25,EBV_TCELL_119155,HUMAN_MYELIN_117032,7,WLCKKDHTH,14,AEFQMTFHL,0,All manifest-contained 9-mer window combinations retained for sensitivity; not a predictor-selected register or a re-ranking score.
EBV_TCELL_119155::HUMAN_MYELIN_117032,25,EBV_TCELL_119155,HUMAN_MYELIN_117032,7,WLCKKDHTH,15,EFQMTFHLF,0,All manifest-contained 9-mer window combinations retained for sensitivity; not a predictor-selected register or a re-ranking score.
EBV_TCELL_119155::HUMAN_MYELIN_117032,25,EBV_TCELL_119155,HUMAN_MYELIN_117032,7,WLCKKDHTH,16,FQMTFHLFI,0,All manifest-contained 9-mer window combinations retained for sensitivity; not a predictor-selected register or a re-ranking score.
EBV_TCELL_119155::HUMAN_MYELIN_117032,25,EBV_TCELL_119155,HUMAN_MYELIN_117032,7,WLCKKDHTH,17,QMTFHLFIA,0,All manifest-contained 9-mer window combinations retained for sensitivity; not a predictor-selected register or a re-ranking score.
EBV_TCELL_119155::HUMAN_MYELIN_117032,25,EBV_TCELL_119155,HUMAN_MYELIN_117032,7,WLCKKDHTH,18,MTFHLFIAA,0,All manifest-contained 9-mer window combinations retained for sensitivity; not a predictor-selected register or a re-ranking score.
EBV_TCELL_119155::HUMAN_MYELIN_117032,25,EBV_TCELL_119155,HUMAN_MYELIN_117032,7,WLCKKDHTH,19,TFHLFIAAF,0,All manifest-contained 9-mer window combinations retained for sensitivity; not a predictor-selected register or a re-ranking score.
EBV_TCELL_119155::HUMAN_MYELIN_117032,25,EBV_TCELL_119155,HUMAN_MYELIN_117032,7,WLCKKDHTH,20,FHLFIAAFV,0,All manifest-contained 9-mer window combinations retained for sensitivity; not a predictor-selected register or a re-ranking score.
EBV_TCELL_119155::HUMAN_MYELIN_117032,25,EBV_TCELL_119155,HUMAN_MYELIN_117032,7,WLCKKDHTH,21,HLFIAAFVG,0,All manifest-contained 9-mer window combinations retained for sensitivity; not a predictor-selected register or a re-ranking score.
EBV_TCELL_119155::HUMAN_MYELIN_117032,25,EBV_TCELL_119155,HUMAN_MYELIN_117032,7,WLCKKDHTH,22,LFIAAFVGA,0,All manifest-contained 9-mer window combinations retained for sensitivity; not a predictor-selected register or a re-ranking score.
EBV_TCELL_119155::HUMAN_MYELIN_117032,25,EBV_TCELL_119155,HUMAN_MYELIN_117032,7,WLCKKDHTH,23,FIAAFVGAA,0,All manifest-contained 9-mer window combinations retained for sensitivity; not a predictor-selected register or a re-ranking score.
EBV_TCELL_119155::HUMAN_MYELIN_117032,25,EBV_TCELL_119155,HUMAN_MYELIN_117032,7,WLCKKDHTH,24,IAAFVGAAA,0,All manifest-contained 9-mer window combinations retained for sensitivity; not a predictor-selected register or a re-ranking score.
EBV_TCELL_119155::HUMAN_MYELIN_117032,25,EBV_TCELL_119155,HUMAN_MYELIN_117032,8,LCKKDHTHI,1,KVCGSNLLS,0,All manifest-contained 9-mer window combinations retained for sensitivity; not a predictor-selected register or a re-ranking score.
EBV_TCELL_119155::HUMAN_MYELIN_117032,25,EBV_TCELL_119155,HUMAN_MYELIN_117032,8,LCKKDHTHI,2,VCGSNLLSI,0,All manifest-contained 9-mer window combinations retained for sensitivity; not a predictor-selected register or a re-ranking score.
EBV_TCELL_119155::HUMAN_MYELIN_117032,25,EBV_TCELL_119155,HUMAN_MYELIN_117032,8,LCKKDHTHI,3,CGSNLLSIC,0,All manifest-contained 9-mer window combinations retained for sensitivity; not a predictor-selected register or a re-ranking score.
EBV_TCELL_119155::HUMAN_MYELIN_117032,25,EBV_TCELL_119155,HUMAN_MYELIN_117032,8,LCKKDHTHI,4,GSNLLSICK,0,All manifest-contained 9-mer window combinations retained for sensitivity; not a predictor-selected register or a re-ranking score.
EBV_TCELL_119155::HUMAN_MYELIN_117032,25,EBV_TCELL_119155,HUMAN_MYELIN_117032,8,LCKKDHTHI,5,SNLLSICKT,0,All manifest-contained 9-mer window combinations retained for sensitivity; not a predictor-selected register or a re-ranking score.
EBV_TCELL_119155::HUMAN_MYELIN_117032,25,EBV_TCELL_119155,HUMAN_MYELIN_117032,8,LCKKDHTHI,6,NLLSICKTA,0,All manifest-contained 9-mer window combinations retained for sensitivity; not a predictor-selected register or a re-ranking score.
EBV_TCELL_119155::HUMAN_MYELIN_117032,25,EBV_TCELL_119155,HUMAN_MYELIN_117032,8,LCKKDHTHI,7,LLSICKTAE,0,All manifest-contained 9-mer window combinations retained for sensitivity; not a predictor-selected register or a re-ranking score.
EBV_TCELL_119155::HUMAN_MYELIN_117032,25,EBV_TCELL_119155,HUMAN_MYELIN_117032,8,LCKKDHTHI,8,LSICKTAEF,0,All manifest-contained 9-mer window combinations retained for sensitivity; not a predictor-selected register or a re-ranking score.
EBV_TCELL_119155::HUMAN_MYELIN_117032,25,EBV_TCELL_119155,HUMAN_MYELIN_117032,8,LCKKDHTHI,9,SICKTAEFQ,0,All manifest-contained 9-mer window combinations retained for sensitivity; not a predictor-selected register or a re-ranking score.
EBV_TCELL_119155::HUMAN_MYELIN_117032,25,EBV_TCELL_119155,HUMAN_MYELIN_117032,8,LCKKDHTHI,10,ICKTAEFQM,0,All manifest-contained 9-mer window combinations retained for sensitivity; not a predictor-selected register or a re-ranking score.
EBV_TCELL_119155::HUMAN_MYELIN_117032,25,EBV_TCELL_119155,HUMAN_MYELIN_117032,8,LCKKDHTHI,11,CKTAEFQMT,0,All manifest-contained 9-mer window combinations retained for sensitivity; not a predictor-selected register or a re-ranking score.
EBV_TCELL_119155::HUMAN_MYELIN_117032,25,EBV_TCELL_119155,HUMAN_MYELIN_117032,8,LCKKDHTHI,12,KTAEFQMTF,0,All manifest-contained 9-mer window combinations retained for sensitivity; not a predictor-selected register or a re-ranking score.
EBV_TCELL_119155::HUMAN_MYELIN_117032,25,EBV_TCELL_119155,HUMAN_MYELIN_117032,8,LCKKDHTHI,13,TAEFQMTFH,0,All manifest-contained 9-mer window combinations retained for sensitivity; not a predictor-selected register or a re-ranking score.
EBV_TCELL_119155::HUMAN_MYELIN_117032,25,EBV_TCELL_119155,HUMAN_MYELIN_117032,8,LCKKDHTHI,14,AEFQMTFHL,0,All manifest-contained 9-mer window combinations retained for sensitivity; not a predictor-selected register or a re-ranking score.
EBV_TCELL_119155::HUMAN_MYELIN_117032,25,EBV_TCELL_119155,HUMAN_MYELIN_117032,8,LCKKDHTHI,15,EFQMTFHLF,0,All manifest-contained 9-mer window combinations retained for sensitivity; not a predictor-selected register or a re-ranking score.
EBV_TCELL_119155::HUMAN_MYELIN_117032,25,EBV_TCELL_119155,HUMAN_MYELIN_117032,8,LCKKDHTHI,16,FQMTFHLFI,0,All manifest-contained 9-mer window combinations retained for sensitivity; not a predictor-selected register or a re-ranking score.
EBV_TCELL_119155::HUMAN_MYELIN_117032,25,EBV_TCELL_119155,HUMAN_MYELIN_117032,8,LCKKDHTHI,17,QMTFHLFIA,0,All manifest-contained 9-mer window combinations retained for sensitivity; not a predictor-selected register or a re-ranking score.
EBV_TCELL_119155::HUMAN_MYELIN_117032,25,EBV_TCELL_119155,HUMAN_MYELIN_117032,8,LCKKDHTHI,18,MTFHLFIAA,0,All manifest-contained 9-mer window combinations retained for sensitivity; not a predictor-selected register or a re-ranking score.
EBV_TCELL_119155::HUMAN_MYELIN_117032,25,EBV_TCELL_119155,HUMAN_MYELIN_117032,8,LCKKDHTHI,19,TFHLFIAAF,0,All manifest-contained 9-mer window combinations retained for sensitivity; not a predictor-selected register or a re-ranking score.
EBV_TCELL_119155::HUMAN_MYELIN_117032,25,EBV_TCELL_119155,HUMAN_MYELIN_117032,8,LCKKDHTHI,20,FHLFIAAFV,0,All manifest-contained 9-mer window combinations retained for sensitivity; not a predictor-selected register or a re-ranking score.
EBV_TCELL_119155::HUMAN_MYELIN_117032,25,EBV_TCELL_119155,HUMAN_MYELIN_117032,8,LCKKDHTHI,21,HLFIAAFVG,0,All manifest-contained 9-mer window combinations retained for sensitivity; not a predictor-selected register or a re-ranking score.
EBV_TCELL_119155::HUMAN_MYELIN_117032,25,EBV_TCELL_119155,HUMAN_MYELIN_117032,8,LCKKDHTHI,22,LFIAAFVGA,0,All manifest-contained 9-mer window combinations retained for sensitivity; not a predictor-selected register or a re-ranking score.
EBV_TCELL_119155::HUMAN_MYELIN_117032,25,EBV_TCELL_119155,HUMAN_MYELIN_117032,8,LCKKDHTHI,23,FIAAFVGAA,0,All manifest-contained 9-mer window combinations retained for sensitivity; not a predictor-selected register or a re-ranking score.
EBV_TCELL_119155::HUMAN_MYELIN_117032,25,EBV_TCELL_119155,HUMAN_MYELIN_117032,8,LCKKDHTHI,24,IAAFVGAAA,0,All manifest-contained 9-mer window combinations retained for sensitivity; not a predictor-selected register or a re-ranking score.
EBV_TCELL_119155::HUMAN_MYELIN_117032,25,EBV_TCELL_119155,HUMAN_MYELIN_117032,9,CKKDHTHIR,1,KVCGSNLLS,0,All manifest-contained 9-mer window combinations retained for sensitivity; not a predictor-selected register or a re-ranking score.
EBV_TCELL_119155::HUMAN_MYELIN_117032,25,EBV_TCELL_119155,HUMAN_MYELIN_117032,9,CKKDHTHIR,2,VCGSNLLSI,0,All manifest-contained 9-mer window combinations retained for sensitivity; not a predictor-selected register or a re-ranking score.
EBV_TCELL_119155::HUMAN_MYELIN_117032,25,EBV_TCELL_119155,HUMAN_MYELIN_117032,9,CKKDHTHIR,3,CGSNLLSIC,0,All manifest-contained 9-mer window combinations retained for sensitivity; not a predictor-selected register or a re-ranking score.
EBV_TCELL_119155::HUMAN_MYELIN_117032,25,EBV_TCELL_119155,HUMAN_MYELIN_117032,9,CKKDHTHIR,4,GSNLLSICK,0,All manifest-contained 9-mer window combinations retained for sensitivity; not a predictor-selected register or a re-ranking score.
EBV_TCELL_119155::HUMAN_MYELIN_117032,25,EBV_TCELL_119155,HUMAN_MYELIN_117032,9,CKKDHTHIR,5,SNLLSICKT,0,All manifest-contained 9-mer window combinations retained for sensitivity; not a predictor-selected register or a re-ranking score.
EBV_TCELL_119155::HUMAN_MYELIN_117032,25,EBV_TCELL_119155,HUMAN_MYELIN_117032,9,CKKDHTHIR,6,NLLSICKTA,0,All manifest-contained 9-mer window combinations retained for sensitivity; not a predictor-selected register or a re-ranking score.
EBV_TCELL_119155::HUMAN_MYELIN_117032,25,EBV_TCELL_119155,HUMAN_MYELIN_117032,9,CKKDHTHIR,7,LLSICKTAE,0,All manifest-contained 9-mer window combinations retained for sensitivity; not a predictor-selected register or a re-ranking score.
EBV_TCELL_119155::HUMAN_MYELIN_117032,25,EBV_TCELL_119155,HUMAN_MYELIN_117032,9,CKKDHTHIR,8,LSICKTAEF,0,All manifest-contained 9-mer window combinations retained for sensitivity; not a predictor-selected register or a re-ranking score.
EBV_TCELL_119155::HUMAN_MYELIN_117032,25,EBV_TCELL_119155,HUMAN_MYELIN_117032,9,CKKDHTHIR,9,SICKTAEFQ,0,All manifest-contained 9-mer window combinations retained for sensitivity; not a predictor-selected register or a re-ranking score.
EBV_TCELL_119155::HUMAN_MYELIN_117032,25,EBV_TCELL_119155,HUMAN_MYELIN_117032,9,CKKDHTHIR,10,ICKTAEFQM,0,All manifest-contained 9-mer window combinations retained for sensitivity; not a predictor-selected register or a re-ranking score.
EBV_TCELL_119155::HUMAN_MYELIN_117032,25,EBV_TCELL_119155,HUMAN_MYELIN_117032,9,CKKDHTHIR,11,CKTAEFQMT,0,All manifest-contained 9-mer window combinations retained for sensitivity; not a predictor-selected register or a re-ranking score.
EBV_TCELL_119155::HUMAN_MYELIN_117032,25,EBV_TCELL_119155,HUMAN_MYELIN_117032,9,CKKDHTHIR,12,KTAEFQMTF,0,All manifest-contained 9-mer window combinations retained for sensitivity; not a predictor-selected register or a re-ranking score.
EBV_TCELL_119155::HUMAN_MYELIN_117032,25,EBV_TCELL_119155,HUMAN_MYELIN_117032,9,CKKDHTHIR,13,TAEFQMTFH,0,All manifest-contained 9-mer window combinations retained for sensitivity; not a predictor-selected register or a re-ranking score.
EBV_TCELL_119155::HUMAN_MYELIN_117032,25,EBV_TCELL_119155,HUMAN_MYELIN_117032,9,CKKDHTHIR,14,AEFQMTFHL,0,All manifest-contained 9-mer window combinations retained for sensitivity; not a predictor-selected register or a re-ranking score.
EBV_TCELL_119155::HUMAN_MYELIN_117032,25,EBV_TCELL_119155,HUMAN_MYELIN_117032,9,CKKDHTHIR,15,EFQMTFHLF,0,All manifest-contained 9-mer window combinations retained for sensitivity; not a predictor-selected register or a re-ranking score.
EBV_TCELL_119155::HUMAN_MYELIN_117032,25,EBV_TCELL_119155,HUMAN_MYELIN_117032,9,CKKDHTHIR,16,FQMTFHLFI,0,All manifest-contained 9-mer window combinations retained for sensitivity; not a predictor-selected register or a re-ranking score.
EBV_TCELL_119155::HUMAN_MYELIN_117032,25,EBV_TCELL_119155,HUMAN_MYELIN_117032,9,CKKDHTHIR,17,QMTFHLFIA,0,All manifest-contained 9-mer window combinations retained for sensitivity; not a predictor-selected register or a re-ranking score.
EBV_TCELL_119155::HUMAN_MYELIN_117032,25,EBV_TCELL_119155,HUMAN_MYELIN_117032,9,CKKDHTHIR,18,MTFHLFIAA,0,All manifest-contained 9-mer window combinations retained for sensitivity; not a predictor-selected register or a re-ranking score.
EBV_TCELL_119155::HUMAN_MYELIN_117032,25,EBV_TCELL_119155,HUMAN_MYELIN_117032,9,CKKDHTHIR,19,TFHLFIAAF,0,All manifest-contained 9-mer window combinations retained for sensitivity; not a predictor-selected register or a re-ranking score.
EBV_TCELL_119155::HUMAN_MYELIN_117032,25,EBV_TCELL_119155,HUMAN_MYELIN_117032,9,CKKDHTHIR,20,FHLFIAAFV,0,All manifest-contained 9-mer window combinations retained for sensitivity; not a predictor-selected register or a re-ranking score.
EBV_TCELL_119155::HUMAN_MYELIN_117032,25,EBV_TCELL_119155,HUMAN_MYELIN_117032,9,CKKDHTHIR,21,HLFIAAFVG,0,All manifest-contained 9-mer window combinations retained for sensitivity; not a predictor-selected register or a re-ranking score.
EBV_TCELL_119155::HUMAN_MYELIN_117032,25,EBV_TCELL_119155,HUMAN_MYELIN_117032,9,CKKDHTHIR,22,LFIAAFVGA,0,All manifest-contained 9-mer window combinations retained for sensitivity; not a predictor-selected register or a re-ranking score.
EBV_TCELL_119155::HUMAN_MYELIN_117032,25,EBV_TCELL_119155,HUMAN_MYELIN_117032,9,CKKDHTHIR,23,FIAAFVGAA,0,All manifest-contained 9-mer window combinations retained for sensitivity; not a predictor-selected register or a re-ranking score.
EBV_TCELL_119155::HUMAN_MYELIN_117032,25,EBV_TCELL_119155,HUMAN_MYELIN_117032,9,CKKDHTHIR,24,IAAFVGAAA,0,All manifest-contained 9-mer window combinations retained for sensitivity; not a predictor-selected register or a re-ranking score.
EBV_TCELL_119155::HUMAN_MYELIN_117032,25,EBV_TCELL_119155,HUMAN_MYELIN_117032,10,KKDHTHIRE,1,KVCGSNLLS,0,All manifest-contained 9-mer window combinations retained for sensitivity; not a predictor-selected register or a re-ranking score.
EBV_TCELL_119155::HUMAN_MYELIN_117032,25,EBV_TCELL_119155,HUMAN_MYELIN_117032,10,KKDHTHIRE,2,VCGSNLLSI,0,All manifest-contained 9-mer window combinations retained for sensitivity; not a predictor-selected register or a re-ranking score.
EBV_TCELL_119155::HUMAN_MYELIN_117032,25,EBV_TCELL_119155,HUMAN_MYELIN_117032,10,KKDHTHIRE,3,CGSNLLSIC,0,All manifest-contained 9-mer window combinations retained for sensitivity; not a predictor-selected register or a re-ranking score.
EBV_TCELL_119155::HUMAN_MYELIN_117032,25,EBV_TCELL_119155,HUMAN_MYELIN_117032,10,KKDHTHIRE,4,GSNLLSICK,0,All manifest-contained 9-mer window combinations retained for sensitivity; not a predictor-selected register or a re-ranking score.
EBV_TCELL_119155::HUMAN_MYELIN_117032,25,EBV_TCELL_119155,HUMAN_MYELIN_117032,10,KKDHTHIRE,5,SNLLSICKT,0,All manifest-contained 9-mer window combinations retained for sensitivity; not a predictor-selected register or a re-ranking score.
EBV_TCELL_119155::HUMAN_MYELIN_117032,25,EBV_TCELL_119155,HUMAN_MYELIN_117032,10,KKDHTHIRE,6,NLLSICKTA,0,All manifest-contained 9-mer window combinations retained for sensitivity; not a predictor-selected register or a re-ranking score.
EBV_TCELL_119155::HUMAN_MYELIN_117032,25,EBV_TCELL_119155,HUMAN_MYELIN_117032,10,KKDHTHIRE,7,LLSICKTAE,0,All manifest-contained 9-mer window combinations retained for sensitivity; not a predictor-selected register or a re-ranking score.
EBV_TCELL_119155::HUMAN_MYELIN_117032,25,EBV_TCELL_119155,HUMAN_MYELIN_117032,10,KKDHTHIRE,8,LSICKTAEF,0,All manifest-contained 9-mer window combinations retained for sensitivity; not a predictor-selected register or a re-ranking score.
EBV_TCELL_119155::HUMAN_MYELIN_117032,25,EBV_TCELL_119155,HUMAN_MYELIN_117032,10,KKDHTHIRE,9,SICKTAEFQ,0,All manifest-contained 9-mer window combinations retained for sensitivity; not a predictor-selected register or a re-ranking score.
EBV_TCELL_119155::HUMAN_MYELIN_117032,25,EBV_TCELL_119155,HUMAN_MYELIN_117032,10,KKDHTHIRE,10,ICKTAEFQM,0,All manifest-contained 9-mer window combinations retained for sensitivity; not a predictor-selected register or a re-ranking score.
EBV_TCELL_119155::HUMAN_MYELIN_117032,25,EBV_TCELL_119155,HUMAN_MYELIN_117032,10,KKDHTHIRE,11,CKTAEFQMT,0,All manifest-contained 9-mer window combinations retained for sensitivity; not a predictor-selected register or a re-ranking score.
EBV_TCELL_119155::HUMAN_MYELIN_117032,25,EBV_TCELL_119155,HUMAN_MYELIN_117032,10,KKDHTHIRE,12,KTAEFQMTF,0,All manifest-contained 9-mer window combinations retained for sensitivity; not a predictor-selected register or a re-ranking score.
EBV_TCELL_119155::HUMAN_MYELIN_117032,25,EBV_TCELL_119155,HUMAN_MYELIN_117032,10,KKDHTHIRE,13,TAEFQMTFH,0,All manifest-contained 9-mer window combinations retained for sensitivity; not a predictor-selected register or a re-ranking score.
EBV_TCELL_119155::HUMAN_MYELIN_117032,25,EBV_TCELL_119155,HUMAN_MYELIN_117032,10,KKDHTHIRE,14,AEFQMTFHL,0,All manifest-contained 9-mer window combinations retained for sensitivity; not a predictor-selected register or a re-ranking score.
EBV_TCELL_119155::HUMAN_MYELIN_117032,25,EBV_TCELL_119155,HUMAN_MYELIN_117032,10,KKDHTHIRE,15,EFQMTFHLF,0,All manifest-contained 9-mer window combinations retained for sensitivity; not a predictor-selected register or a re-ranking score.
EBV_TCELL_119155::HUMAN_MYELIN_117032,25,EBV_TCELL_119155,HUMAN_MYELIN_117032,10,KKDHTHIRE,16,FQMTFHLFI,0,All manifest-contained 9-mer window combinations retained for sensitivity; not a predictor-selected register or a re-ranking score.
EBV_TCELL_119155::HUMAN_MYELIN_117032,25,EBV_TCELL_119155,HUMAN_MYELIN_117032,10,KKDHTHIRE,17,QMTFHLFIA,0,All manifest-contained 9-mer window combinations retained for sensitivity; not a predictor-selected register or a re-ranking score.
EBV_TCELL_119155::HUMAN_MYELIN_117032,25,EBV_TCELL_119155,HUMAN_MYELIN_117032,10,KKDHTHIRE,18,MTFHLFIAA,0,All manifest-contained 9-mer window combinations retained for sensitivity; not a predictor-selected register or a re-ranking score.
EBV_TCELL_119155::HUMAN_MYELIN_117032,25,EBV_TCELL_119155,HUMAN_MYELIN_117032,10,KKDHTHIRE,19,TFHLFIAAF,0,All manifest-contained 9-mer window combinations retained for sensitivity; not a predictor-selected register or a re-ranking score.
EBV_TCELL_119155::HUMAN_MYELIN_117032,25,EBV_TCELL_119155,HUMAN_MYELIN_117032,10,KKDHTHIRE,20,FHLFIAAFV,0,All manifest-contained 9-mer window combinations retained for sensitivity; not a predictor-selected register or a re-ranking score.
EBV_TCELL_119155::HUMAN_MYELIN_117032,25,EBV_TCELL_119155,HUMAN_MYELIN_117032,10,KKDHTHIRE,21,HLFIAAFVG,0,All manifest-contained 9-mer window combinations retained for sensitivity; not a predictor-selected register or a re-ranking score.
EBV_TCELL_119155::HUMAN_MYELIN_117032,25,EBV_TCELL_119155,HUMAN_MYELIN_117032,10,KKDHTHIRE,22,LFIAAFVGA,0,All manifest-contained 9-mer window combinations retained for sensitivity; not a predictor-selected register or a re-ranking score.
EBV_TCELL_119155::HUMAN_MYELIN_117032,25,EBV_TCELL_119155,HUMAN_MYELIN_117032,10,KKDHTHIRE,23,FIAAFVGAA,0,All manifest-contained 9-mer window combinations retained for sensitivity; not a predictor-selected register or a re-ranking score.
EBV_TCELL_119155::HUMAN_MYELIN_117032,25,EBV_TCELL_119155,HUMAN_MYELIN_117032,10,KKDHTHIRE,24,IAAFVGAAA,0,All manifest-contained 9-mer window combinations retained for sensitivity; not a predictor-selected register or a re-ranking score.
EBV_TCELL_119155::HUMAN_MYELIN_117032,25,EBV_TCELL_119155,HUMAN_MYELIN_117032,11,KDHTHIREW,1,KVCGSNLLS,0,All manifest-contained 9-mer window combinations retained for sensitivity; not a predictor-selected register or a re-ranking score.
EBV_TCELL_119155::HUMAN_MYELIN_117032,25,EBV_TCELL_119155,HUMAN_MYELIN_117032,11,KDHTHIREW,2,VCGSNLLSI,0,All manifest-contained 9-mer window combinations retained for sensitivity; not a predictor-selected register or a re-ranking score.
EBV_TCELL_119155::HUMAN_MYELIN_117032,25,EBV_TCELL_119155,HUMAN_MYELIN_117032,11,KDHTHIREW,3,CGSNLLSIC,0,All manifest-contained 9-mer window combinations retained for sensitivity; not a predictor-selected register or a re-ranking score.
EBV_TCELL_119155::HUMAN_MYELIN_117032,25,EBV_TCELL_119155,HUMAN_MYELIN_117032,11,KDHTHIREW,4,GSNLLSICK,0,All manifest-contained 9-mer window combinations retained for sensitivity; not a predictor-selected register or a re-ranking score.
EBV_TCELL_119155::HUMAN_MYELIN_117032,25,EBV_TCELL_119155,HUMAN_MYELIN_117032,11,KDHTHIREW,5,SNLLSICKT,0,All manifest-contained 9-mer window combinations retained for sensitivity; not a predictor-selected register or a re-ranking score.
EBV_TCELL_119155::HUMAN_MYELIN_117032,25,EBV_TCELL_119155,HUMAN_MYELIN_117032,11,KDHTHIREW,6,NLLSICKTA,0,All manifest-contained 9-mer window combinations retained for sensitivity; not a predictor-selected register or a re-ranking score.
EBV_TCELL_119155::HUMAN_MYELIN_117032,25,EBV_TCELL_119155,HUMAN_MYELIN_117032,11,KDHTHIREW,7,LLSICKTAE,0,All manifest-contained 9-mer window combinations retained for sensitivity; not a predictor-selected register or a re-ranking score.
EBV_TCELL_119155::HUMAN_MYELIN_117032,25,EBV_TCELL_119155,HUMAN_MYELIN_117032,11,KDHTHIREW,8,LSICKTAEF,0,All manifest-contained 9-mer window combinations retained for sensitivity; not a predictor-selected register or a re-ranking score.
EBV_TCELL_119155::HUMAN_MYELIN_117032,25,EBV_TCELL_119155,HUMAN_MYELIN_117032,11,KDHTHIREW,9,SICKTAEFQ,0,All manifest-contained 9-mer window combinations retained for sensitivity; not a predictor-selected register or a re-ranking score.
EBV_TCELL_119155::HUMAN_MYELIN_117032,25,EBV_TCELL_119155,HUMAN_MYELIN_117032,11,KDHTHIREW,10,ICKTAEFQM,0,All manifest-contained 9-mer window combinations retained for sensitivity; not a predictor-selected register or a re-ranking score.
EBV_TCELL_119155::HUMAN_MYELIN_117032,25,EBV_TCELL_119155,HUMAN_MYELIN_117032,11,KDHTHIREW,11,CKTAEFQMT,0,All manifest-contained 9-mer window combinations retained for sensitivity; not a predictor-selected register or a re-ranking score.
EBV_TCELL_119155::HUMAN_MYELIN_117032,25,EBV_TCELL_119155,HUMAN_MYELIN_117032,11,KDHTHIREW,12,KTAEFQMTF,0,All manifest-contained 9-mer window combinations retained for sensitivity; not a predictor-selected register or a re-ranking score.
EBV_TCELL_119155::HUMAN_MYELIN_117032,25,EBV_TCELL_119155,HUMAN_MYELIN_117032,11,KDHTHIREW,13,TAEFQMTFH,0,All manifest-contained 9-mer window combinations retained for sensitivity; not a predictor-selected register or a re-ranking score.
EBV_TCELL_119155::HUMAN_MYELIN_117032,25,EBV_TCELL_119155,HUMAN_MYELIN_117032,11,KDHTHIREW,14,AEFQMTFHL,0,All manifest-contained 9-mer window combinations retained for sensitivity; not a predictor-selected register or a re-ranking score.
EBV_TCELL_119155::HUMAN_MYELIN_117032,25,EBV_TCELL_119155,HUMAN_MYELIN_117032,11,KDHTHIREW,15,EFQMTFHLF,0,All manifest-contained 9-mer window combinations retained for sensitivity; not a predictor-selected register or a re-ranking score.
EBV_TCELL_119155::HUMAN_MYELIN_117032,25,EBV_TCELL_119155,HUMAN_MYELIN_117032,11,KDHTHIREW,16,FQMTFHLFI,0,All manifest-contained 9-mer window combinations retained for sensitivity; not a predictor-selected register or a re-ranking score.
EBV_TCELL_119155::HUMAN_MYELIN_117032,25,EBV_TCELL_119155,HUMAN_MYELIN_117032,11,KDHTHIREW,17,QMTFHLFIA,0,All manifest-contained 9-mer window combinations retained for sensitivity; not a predictor-selected register or a re-ranking score.
EBV_TCELL_119155::HUMAN_MYELIN_117032,25,EBV_TCELL_119155,HUMAN_MYELIN_117032,11,KDHTHIREW,18,MTFHLFIAA,0,All manifest-contained 9-mer window combinations retained for sensitivity; not a predictor-selected register or a re-ranking score.
EBV_TCELL_119155::HUMAN_MYELIN_117032,25,EBV_TCELL_119155,HUMAN_MYELIN_117032,11,KDHTHIREW,19,TFHLFIAAF,0,All manifest-contained 9-mer window combinations retained for sensitivity; not a predictor-selected register or a re-ranking score.
EBV_TCELL_119155::HUMAN_MYELIN_117032,25,EBV_TCELL_119155,HUMAN_MYELIN_117032,11,KDHTHIREW,20,FHLFIAAFV,0,All manifest-contained 9-mer window combinations retained for sensitivity; not a predictor-selected register or a re-ranking score.
EBV_TCELL_119155::HUMAN_MYELIN_117032,25,EBV_TCELL_119155,HUMAN_MYELIN_117032,11,KDHTHIREW,21,HLFIAAFVG,0,All manifest-contained 9-mer window combinations retained for sensitivity; not a predictor-selected register or a re-ranking score.
EBV_TCELL_119155::HUMAN_MYELIN_117032,25,EBV_TCELL_119155,HUMAN_MYELIN_117032,11,KDHTHIREW,22,LFIAAFVGA,0,All manifest-contained 9-mer window combinations retained for sensitivity; not a predictor-selected register or a re-ranking score.
EBV_TCELL_119155::HUMAN_MYELIN_117032,25,EBV_TCELL_119155,HUMAN_MYELIN_117032,11,KDHTHIREW,23,FIAAFVGAA,0,All manifest-contained 9-mer window combinations retained for sensitivity; not a predictor-selected register or a re-ranking score.
EBV_TCELL_119155::HUMAN_MYELIN_117032,25,EBV_TCELL_119155,HUMAN_MYELIN_117032,11,KDHTHIREW,24,IAAFVGAAA,0,All manifest-contained 9-mer window combinations retained for sensitivity; not a predictor-selected register or a re-ranking score.
EBV_TCELL_119155::HUMAN_MYELIN_117032,25,EBV_TCELL_119155,HUMAN_MYELIN_117032,12,DHTHIREWF,1,KVCGSNLLS,0,All manifest-contained 9-mer window combinations retained for sensitivity; not a predictor-selected register or a re-ranking score.
EBV_TCELL_119155::HUMAN_MYELIN_117032,25,EBV_TCELL_119155,HUMAN_MYELIN_117032,12,DHTHIREWF,2,VCGSNLLSI,0,All manifest-contained 9-mer window combinations retained for sensitivity; not a predictor-selected register or a re-ranking score.
EBV_TCELL_119155::HUMAN_MYELIN_117032,25,EBV_TCELL_119155,HUMAN_MYELIN_117032,12,DHTHIREWF,3,CGSNLLSIC,0,All manifest-contained 9-mer window combinations retained for sensitivity; not a predictor-selected register or a re-ranking score.
EBV_TCELL_119155::HUMAN_MYELIN_117032,25,EBV_TCELL_119155,HUMAN_MYELIN_117032,12,DHTHIREWF,4,GSNLLSICK,0,All manifest-contained 9-mer window combinations retained for sensitivity; not a predictor-selected register or a re-ranking score.
EBV_TCELL_119155::HUMAN_MYELIN_117032,25,EBV_TCELL_119155,HUMAN_MYELIN_117032,12,DHTHIREWF,5,SNLLSICKT,0,All manifest-contained 9-mer window combinations retained for sensitivity; not a predictor-selected register or a re-ranking score.
EBV_TCELL_119155::HUMAN_MYELIN_117032,25,EBV_TCELL_119155,HUMAN_MYELIN_117032,12,DHTHIREWF,6,NLLSICKTA,0,All manifest-contained 9-mer window combinations retained for sensitivity; not a predictor-selected register or a re-ranking score.
EBV_TCELL_119155::HUMAN_MYELIN_117032,25,EBV_TCELL_119155,HUMAN_MYELIN_117032,12,DHTHIREWF,7,LLSICKTAE,0,All manifest-contained 9-mer window combinations retained for sensitivity; not a predictor-selected register or a re-ranking score.
EBV_TCELL_119155::HUMAN_MYELIN_117032,25,EBV_TCELL_119155,HUMAN_MYELIN_117032,12,DHTHIREWF,8,LSICKTAEF,0,All manifest-contained 9-mer window combinations retained for sensitivity; not a predictor-selected register or a re-ranking score.
EBV_TCELL_119155::HUMAN_MYELIN_117032,25,EBV_TCELL_119155,HUMAN_MYELIN_117032,12,DHTHIREWF,9,SICKTAEFQ,0,All manifest-contained 9-mer window combinations retained for sensitivity; not a predictor-selected register or a re-ranking score.
EBV_TCELL_119155::HUMAN_MYELIN_117032,25,EBV_TCELL_119155,HUMAN_MYELIN_117032,12,DHTHIREWF,10,ICKTAEFQM,0,All manifest-contained 9-mer window combinations retained for sensitivity; not a predictor-selected register or a re-ranking score.
EBV_TCELL_119155::HUMAN_MYELIN_117032,25,EBV_TCELL_119155,HUMAN_MYELIN_117032,12,DHTHIREWF,11,CKTAEFQMT,0,All manifest-contained 9-mer window combinations retained for sensitivity; not a predictor-selected register or a re-ranking score.
EBV_TCELL_119155::HUMAN_MYELIN_117032,25,EBV_TCELL_119155,HUMAN_MYELIN_117032,12,DHTHIREWF,12,KTAEFQMTF,0,All manifest-contained 9-mer window combinations retained for sensitivity; not a predictor-selected register or a re-ranking score.
EBV_TCELL_119155::HUMAN_MYELIN_117032,25,EBV_TCELL_119155,HUMAN_MYELIN_117032,12,DHTHIREWF,13,TAEFQMTFH,0,All manifest-contained 9-mer window combinations retained for sensitivity; not a predictor-selected register or a re-ranking score.
EBV_TCELL_119155::HUMAN_MYELIN_117032,25,EBV_TCELL_119155,HUMAN_MYELIN_117032,12,DHTHIREWF,14,AEFQMTFHL,0,All manifest-contained 9-mer window combinations retained for sensitivity; not a predictor-selected register or a re-ranking score.
EBV_TCELL_119155::HUMAN_MYELIN_117032,25,EBV_TCELL_119155,HUMAN_MYELIN_117032,12,DHTHIREWF,15,EFQMTFHLF,0,All manifest-contained 9-mer window combinations retained for sensitivity; not a predictor-selected register or a re-ranking score.
EBV_TCELL_119155::HUMAN_MYELIN_117032,25,EBV_TCELL_119155,HUMAN_MYELIN_117032,12,DHTHIREWF,16,FQMTFHLFI,0,All manifest-contained 9-mer window combinations retained for sensitivity; not a predictor-selected register or a re-ranking score.
EBV_TCELL_119155::HUMAN_MYELIN_117032,25,EBV_TCELL_119155,HUMAN_MYELIN_117032,12,DHTHIREWF,17,QMTFHLFIA,0,All manifest-contained 9-mer window combinations retained for sensitivity; not a predictor-selected register or a re-ranking score.
EBV_TCELL_119155::HUMAN_MYELIN_117032,25,EBV_TCELL_119155,HUMAN_MYELIN_117032,12,DHTHIREWF,18,MTFHLFIAA,0,All manifest-contained 9-mer window combinations retained for sensitivity; not a predictor-selected register or a re-ranking score.
EBV_TCELL_119155::HUMAN_MYELIN_117032,25,EBV_TCELL_119155,HUMAN_MYELIN_117032,12,DHTHIREWF,19,TFHLFIAAF,0,All manifest-contained 9-mer window combinations retained for sensitivity; not a predictor-selected register or a re-ranking score.
EBV_TCELL_119155::HUMAN_MYELIN_117032,25,EBV_TCELL_119155,HUMAN_MYELIN_117032,12,DHTHIREWF,20,FHLFIAAFV,0,All manifest-contained 9-mer window combinations retained for sensitivity; not a predictor-selected register or a re-ranking score.
EBV_TCELL_119155::HUMAN_MYELIN_117032,25,EBV_TCELL_119155,HUMAN_MYELIN_117032,12,DHTHIREWF,21,HLFIAAFVG,0,All manifest-contained 9-mer window combinations retained for sensitivity; not a predictor-selected register or a re-ranking score.
EBV_TCELL_119155::HUMAN_MYELIN_117032,25,EBV_TCELL_119155,HUMAN_MYELIN_117032,12,DHTHIREWF,22,LFIAAFVGA,0,All manifest-contained 9-mer window combinations retained for sensitivity; not a predictor-selected register or a re-ranking score.
EBV_TCELL_119155::HUMAN_MYELIN_117032,25,EBV_TCELL_119155,HUMAN_MYELIN_117032,12,DHTHIREWF,23,FIAAFVGAA,0,All manifest-contained 9-mer window combinations retained for sensitivity; not a predictor-selected register or a re-ranking score.
EBV_TCELL_119155::HUMAN_MYELIN_117032,25,EBV_TCELL_119155,HUMAN_MYELIN_117032,12,DHTHIREWF,24,IAAFVGAAA,0,All manifest-contained 9-mer window combinations retained for sensitivity; not a predictor-selected register or a re-ranking score.
EBV_TCELL_149795::HUMAN_MYELIN_40762,26,EBV_TCELL_149795,HUMAN_MYELIN_40762,1,LDLDFGQLT,1,LYGALLLAE,0,All manifest-contained 9-mer window combinations retained for sensitivity; not a predictor-selected register or a re-ranking score.
EBV_TCELL_149795::HUMAN_MYELIN_40762,26,EBV_TCELL_149795,HUMAN_MYELIN_40762,1,LDLDFGQLT,2,YGALLLAEG,0,All manifest-contained 9-mer window combinations retained for sensitivity; not a predictor-selected register or a re-ranking score.
EBV_TCELL_149795::HUMAN_MYELIN_40762,26,EBV_TCELL_149795,HUMAN_MYELIN_40762,1,LDLDFGQLT,3,GALLLAEGF,0,All manifest-contained 9-mer window combinations retained for sensitivity; not a predictor-selected register or a re-ranking score.
EBV_TCELL_149795::HUMAN_MYELIN_40762,26,EBV_TCELL_149795,HUMAN_MYELIN_40762,1,LDLDFGQLT,4,ALLLAEGFY,0,All manifest-contained 9-mer window combinations retained for sensitivity; not a predictor-selected register or a re-ranking score.
EBV_TCELL_149795::HUMAN_MYELIN_40762,26,EBV_TCELL_149795,HUMAN_MYELIN_40762,1,LDLDFGQLT,5,LLLAEGFYT,0,All manifest-contained 9-mer window combinations retained for sensitivity; not a predictor-selected register or a re-ranking score.
EBV_TCELL_149795::HUMAN_MYELIN_40762,26,EBV_TCELL_149795,HUMAN_MYELIN_40762,1,LDLDFGQLT,6,LLAEGFYTT,0,All manifest-contained 9-mer window combinations retained for sensitivity; not a predictor-selected register or a re-ranking score.
EBV_TCELL_149795::HUMAN_MYELIN_40762,26,EBV_TCELL_149795,HUMAN_MYELIN_40762,1,LDLDFGQLT,7,LAEGFYTTG,0,All manifest-contained 9-mer window combinations retained for sensitivity; not a predictor-selected register or a re-ranking score.
EBV_TCELL_149795::HUMAN_MYELIN_40762,26,EBV_TCELL_149795,HUMAN_MYELIN_40762,1,LDLDFGQLT,8,AEGFYTTGA,0,All manifest-contained 9-mer window combinations retained for sensitivity; not a predictor-selected register or a re-ranking score.
EBV_TCELL_149795::HUMAN_MYELIN_40762,26,EBV_TCELL_149795,HUMAN_MYELIN_40762,1,LDLDFGQLT,9,EGFYTTGAV,0,All manifest-contained 9-mer window combinations retained for sensitivity; not a predictor-selected register or a re-ranking score.
EBV_TCELL_149795::HUMAN_MYELIN_40762,26,EBV_TCELL_149795,HUMAN_MYELIN_40762,1,LDLDFGQLT,10,GFYTTGAVR,0,All manifest-contained 9-mer window combinations retained for sensitivity; not a predictor-selected register or a re-ranking score.
EBV_TCELL_149795::HUMAN_MYELIN_40762,26,EBV_TCELL_149795,HUMAN_MYELIN_40762,1,LDLDFGQLT,11,FYTTGAVRQ,0,All manifest-contained 9-mer window combinations retained for sensitivity; not a predictor-selected register or a re-ranking score.
EBV_TCELL_149795::HUMAN_MYELIN_40762,26,EBV_TCELL_149795,HUMAN_MYELIN_40762,1,LDLDFGQLT,12,YTTGAVRQI,0,All manifest-contained 9-mer window combinations retained for sensitivity; not a predictor-selected register or a re-ranking score.
EBV_TCELL_149795::HUMAN_MYELIN_40762,26,EBV_TCELL_149795,HUMAN_MYELIN_40762,2,DLDFGQLTP,1,LYGALLLAE,0,All manifest-contained 9-mer window combinations retained for sensitivity; not a predictor-selected register or a re-ranking score.
EBV_TCELL_149795::HUMAN_MYELIN_40762,26,EBV_TCELL_149795,HUMAN_MYELIN_40762,2,DLDFGQLTP,2,YGALLLAEG,0,All manifest-contained 9-mer window combinations retained for sensitivity; not a predictor-selected register or a re-ranking score.
EBV_TCELL_149795::HUMAN_MYELIN_40762,26,EBV_TCELL_149795,HUMAN_MYELIN_40762,2,DLDFGQLTP,3,GALLLAEGF,0,All manifest-contained 9-mer window combinations retained for sensitivity; not a predictor-selected register or a re-ranking score.
EBV_TCELL_149795::HUMAN_MYELIN_40762,26,EBV_TCELL_149795,HUMAN_MYELIN_40762,2,DLDFGQLTP,4,ALLLAEGFY,0,All manifest-contained 9-mer window combinations retained for sensitivity; not a predictor-selected register or a re-ranking score.
EBV_TCELL_149795::HUMAN_MYELIN_40762,26,EBV_TCELL_149795,HUMAN_MYELIN_40762,2,DLDFGQLTP,5,LLLAEGFYT,0,All manifest-contained 9-mer window combinations retained for sensitivity; not a predictor-selected register or a re-ranking score.
EBV_TCELL_149795::HUMAN_MYELIN_40762,26,EBV_TCELL_149795,HUMAN_MYELIN_40762,2,DLDFGQLTP,6,LLAEGFYTT,0,All manifest-contained 9-mer window combinations retained for sensitivity; not a predictor-selected register or a re-ranking score.
EBV_TCELL_149795::HUMAN_MYELIN_40762,26,EBV_TCELL_149795,HUMAN_MYELIN_40762,2,DLDFGQLTP,7,LAEGFYTTG,0,All manifest-contained 9-mer window combinations retained for sensitivity; not a predictor-selected register or a re-ranking score.
EBV_TCELL_149795::HUMAN_MYELIN_40762,26,EBV_TCELL_149795,HUMAN_MYELIN_40762,2,DLDFGQLTP,8,AEGFYTTGA,0,All manifest-contained 9-mer window combinations retained for sensitivity; not a predictor-selected register or a re-ranking score.
EBV_TCELL_149795::HUMAN_MYELIN_40762,26,EBV_TCELL_149795,HUMAN_MYELIN_40762,2,DLDFGQLTP,9,EGFYTTGAV,0,All manifest-contained 9-mer window combinations retained for sensitivity; not a predictor-selected register or a re-ranking score.
EBV_TCELL_149795::HUMAN_MYELIN_40762,26,EBV_TCELL_149795,HUMAN_MYELIN_40762,2,DLDFGQLTP,10,GFYTTGAVR,0,All manifest-contained 9-mer window combinations retained for sensitivity; not a predictor-selected register or a re-ranking score.
EBV_TCELL_149795::HUMAN_MYELIN_40762,26,EBV_TCELL_149795,HUMAN_MYELIN_40762,2,DLDFGQLTP,11,FYTTGAVRQ,0,All manifest-contained 9-mer window combinations retained for sensitivity; not a predictor-selected register or a re-ranking score.
EBV_TCELL_149795::HUMAN_MYELIN_40762,26,EBV_TCELL_149795,HUMAN_MYELIN_40762,2,DLDFGQLTP,12,YTTGAVRQI,0,All manifest-contained 9-mer window combinations retained for sensitivity; not a predictor-selected register or a re-ranking score.
EBV_TCELL_149795::HUMAN_MYELIN_40762,26,EBV_TCELL_149795,HUMAN_MYELIN_40762,3,LDFGQLTPH,1,LYGALLLAE,0,All manifest-contained 9-mer window combinations retained for sensitivity; not a predictor-selected register or a re-ranking score.
EBV_TCELL_149795::HUMAN_MYELIN_40762,26,EBV_TCELL_149795,HUMAN_MYELIN_40762,3,LDFGQLTPH,2,YGALLLAEG,0,All manifest-contained 9-mer window combinations retained for sensitivity; not a predictor-selected register or a re-ranking score.
EBV_TCELL_149795::HUMAN_MYELIN_40762,26,EBV_TCELL_149795,HUMAN_MYELIN_40762,3,LDFGQLTPH,3,GALLLAEGF,0,All manifest-contained 9-mer window combinations retained for sensitivity; not a predictor-selected register or a re-ranking score.
EBV_TCELL_149795::HUMAN_MYELIN_40762,26,EBV_TCELL_149795,HUMAN_MYELIN_40762,3,LDFGQLTPH,4,ALLLAEGFY,0,All manifest-contained 9-mer window combinations retained for sensitivity; not a predictor-selected register or a re-ranking score.
EBV_TCELL_149795::HUMAN_MYELIN_40762,26,EBV_TCELL_149795,HUMAN_MYELIN_40762,3,LDFGQLTPH,5,LLLAEGFYT,0,All manifest-contained 9-mer window combinations retained for sensitivity; not a predictor-selected register or a re-ranking score.
EBV_TCELL_149795::HUMAN_MYELIN_40762,26,EBV_TCELL_149795,HUMAN_MYELIN_40762,3,LDFGQLTPH,6,LLAEGFYTT,0,All manifest-contained 9-mer window combinations retained for sensitivity; not a predictor-selected register or a re-ranking score.
EBV_TCELL_149795::HUMAN_MYELIN_40762,26,EBV_TCELL_149795,HUMAN_MYELIN_40762,3,LDFGQLTPH,7,LAEGFYTTG,0,All manifest-contained 9-mer window combinations retained for sensitivity; not a predictor-selected register or a re-ranking score.
EBV_TCELL_149795::HUMAN_MYELIN_40762,26,EBV_TCELL_149795,HUMAN_MYELIN_40762,3,LDFGQLTPH,8,AEGFYTTGA,0,All manifest-contained 9-mer window combinations retained for sensitivity; not a predictor-selected register or a re-ranking score.
EBV_TCELL_149795::HUMAN_MYELIN_40762,26,EBV_TCELL_149795,HUMAN_MYELIN_40762,3,LDFGQLTPH,9,EGFYTTGAV,0,All manifest-contained 9-mer window combinations retained for sensitivity; not a predictor-selected register or a re-ranking score.
EBV_TCELL_149795::HUMAN_MYELIN_40762,26,EBV_TCELL_149795,HUMAN_MYELIN_40762,3,LDFGQLTPH,10,GFYTTGAVR,0,All manifest-contained 9-mer window combinations retained for sensitivity; not a predictor-selected register or a re-ranking score.
EBV_TCELL_149795::HUMAN_MYELIN_40762,26,EBV_TCELL_149795,HUMAN_MYELIN_40762,3,LDFGQLTPH,11,FYTTGAVRQ,0,All manifest-contained 9-mer window combinations retained for sensitivity; not a predictor-selected register or a re-ranking score.
EBV_TCELL_149795::HUMAN_MYELIN_40762,26,EBV_TCELL_149795,HUMAN_MYELIN_40762,3,LDFGQLTPH,12,YTTGAVRQI,0,All manifest-contained 9-mer window combinations retained for sensitivity; not a predictor-selected register or a re-ranking score.
EBV_TCELL_149795::HUMAN_MYELIN_40762,26,EBV_TCELL_149795,HUMAN_MYELIN_40762,4,DFGQLTPHT,1,LYGALLLAE,0,All manifest-contained 9-mer window combinations retained for sensitivity; not a predictor-selected register or a re-ranking score.
EBV_TCELL_149795::HUMAN_MYELIN_40762,26,EBV_TCELL_149795,HUMAN_MYELIN_40762,4,DFGQLTPHT,2,YGALLLAEG,0,All manifest-contained 9-mer window combinations retained for sensitivity; not a predictor-selected register or a re-ranking score.
EBV_TCELL_149795::HUMAN_MYELIN_40762,26,EBV_TCELL_149795,HUMAN_MYELIN_40762,4,DFGQLTPHT,3,GALLLAEGF,0,All manifest-contained 9-mer window combinations retained for sensitivity; not a predictor-selected register or a re-ranking score.
EBV_TCELL_149795::HUMAN_MYELIN_40762,26,EBV_TCELL_149795,HUMAN_MYELIN_40762,4,DFGQLTPHT,4,ALLLAEGFY,0,All manifest-contained 9-mer window combinations retained for sensitivity; not a predictor-selected register or a re-ranking score.
EBV_TCELL_149795::HUMAN_MYELIN_40762,26,EBV_TCELL_149795,HUMAN_MYELIN_40762,4,DFGQLTPHT,5,LLLAEGFYT,0,All manifest-contained 9-mer window combinations retained for sensitivity; not a predictor-selected register or a re-ranking score.
EBV_TCELL_149795::HUMAN_MYELIN_40762,26,EBV_TCELL_149795,HUMAN_MYELIN_40762,4,DFGQLTPHT,6,LLAEGFYTT,1,All manifest-contained 9-mer window combinations retained for sensitivity; not a predictor-selected register or a re-ranking score.
EBV_TCELL_149795::HUMAN_MYELIN_40762,26,EBV_TCELL_149795,HUMAN_MYELIN_40762,4,DFGQLTPHT,7,LAEGFYTTG,0,All manifest-contained 9-mer window combinations retained for sensitivity; not a predictor-selected register or a re-ranking score.
EBV_TCELL_149795::HUMAN_MYELIN_40762,26,EBV_TCELL_149795,HUMAN_MYELIN_40762,4,DFGQLTPHT,8,AEGFYTTGA,0,All manifest-contained 9-mer window combinations retained for sensitivity; not a predictor-selected register or a re-ranking score.
EBV_TCELL_149795::HUMAN_MYELIN_40762,26,EBV_TCELL_149795,HUMAN_MYELIN_40762,4,DFGQLTPHT,9,EGFYTTGAV,0,All manifest-contained 9-mer window combinations retained for sensitivity; not a predictor-selected register or a re-ranking score.
EBV_TCELL_149795::HUMAN_MYELIN_40762,26,EBV_TCELL_149795,HUMAN_MYELIN_40762,4,DFGQLTPHT,10,GFYTTGAVR,0,All manifest-contained 9-mer window combinations retained for sensitivity; not a predictor-selected register or a re-ranking score.
EBV_TCELL_149795::HUMAN_MYELIN_40762,26,EBV_TCELL_149795,HUMAN_MYELIN_40762,4,DFGQLTPHT,11,FYTTGAVRQ,0,All manifest-contained 9-mer window combinations retained for sensitivity; not a predictor-selected register or a re-ranking score.
EBV_TCELL_149795::HUMAN_MYELIN_40762,26,EBV_TCELL_149795,HUMAN_MYELIN_40762,4,DFGQLTPHT,12,YTTGAVRQI,0,All manifest-contained 9-mer window combinations retained for sensitivity; not a predictor-selected register or a re-ranking score.
EBV_TCELL_149795::HUMAN_MYELIN_40762,26,EBV_TCELL_149795,HUMAN_MYELIN_40762,5,FGQLTPHTK,1,LYGALLLAE,0,All manifest-contained 9-mer window combinations retained for sensitivity; not a predictor-selected register or a re-ranking score.
EBV_TCELL_149795::HUMAN_MYELIN_40762,26,EBV_TCELL_149795,HUMAN_MYELIN_40762,5,FGQLTPHTK,2,YGALLLAEG,0,All manifest-contained 9-mer window combinations retained for sensitivity; not a predictor-selected register or a re-ranking score.
EBV_TCELL_149795::HUMAN_MYELIN_40762,26,EBV_TCELL_149795,HUMAN_MYELIN_40762,5,FGQLTPHTK,3,GALLLAEGF,0,All manifest-contained 9-mer window combinations retained for sensitivity; not a predictor-selected register or a re-ranking score.
EBV_TCELL_149795::HUMAN_MYELIN_40762,26,EBV_TCELL_149795,HUMAN_MYELIN_40762,5,FGQLTPHTK,4,ALLLAEGFY,0,All manifest-contained 9-mer window combinations retained for sensitivity; not a predictor-selected register or a re-ranking score.
EBV_TCELL_149795::HUMAN_MYELIN_40762,26,EBV_TCELL_149795,HUMAN_MYELIN_40762,5,FGQLTPHTK,5,LLLAEGFYT,0,All manifest-contained 9-mer window combinations retained for sensitivity; not a predictor-selected register or a re-ranking score.
EBV_TCELL_149795::HUMAN_MYELIN_40762,26,EBV_TCELL_149795,HUMAN_MYELIN_40762,5,FGQLTPHTK,6,LLAEGFYTT,0,All manifest-contained 9-mer window combinations retained for sensitivity; not a predictor-selected register or a re-ranking score.
EBV_TCELL_149795::HUMAN_MYELIN_40762,26,EBV_TCELL_149795,HUMAN_MYELIN_40762,5,FGQLTPHTK,7,LAEGFYTTG,2,All manifest-contained 9-mer window combinations retained for sensitivity; not a predictor-selected register or a re-ranking score.
EBV_TCELL_149795::HUMAN_MYELIN_40762,26,EBV_TCELL_149795,HUMAN_MYELIN_40762,5,FGQLTPHTK,8,AEGFYTTGA,0,All manifest-contained 9-mer window combinations retained for sensitivity; not a predictor-selected register or a re-ranking score.
EBV_TCELL_149795::HUMAN_MYELIN_40762,26,EBV_TCELL_149795,HUMAN_MYELIN_40762,5,FGQLTPHTK,9,EGFYTTGAV,0,All manifest-contained 9-mer window combinations retained for sensitivity; not a predictor-selected register or a re-ranking score.
EBV_TCELL_149795::HUMAN_MYELIN_40762,26,EBV_TCELL_149795,HUMAN_MYELIN_40762,5,FGQLTPHTK,10,GFYTTGAVR,0,All manifest-contained 9-mer window combinations retained for sensitivity; not a predictor-selected register or a re-ranking score.
EBV_TCELL_149795::HUMAN_MYELIN_40762,26,EBV_TCELL_149795,HUMAN_MYELIN_40762,5,FGQLTPHTK,11,FYTTGAVRQ,0,All manifest-contained 9-mer window combinations retained for sensitivity; not a predictor-selected register or a re-ranking score.
EBV_TCELL_149795::HUMAN_MYELIN_40762,26,EBV_TCELL_149795,HUMAN_MYELIN_40762,5,FGQLTPHTK,12,YTTGAVRQI,0,All manifest-contained 9-mer window combinations retained for sensitivity; not a predictor-selected register or a re-ranking score.
EBV_TCELL_149795::HUMAN_MYELIN_40762,26,EBV_TCELL_149795,HUMAN_MYELIN_40762,6,GQLTPHTKA,1,LYGALLLAE,0,All manifest-contained 9-mer window combinations retained for sensitivity; not a predictor-selected register or a re-ranking score.
EBV_TCELL_149795::HUMAN_MYELIN_40762,26,EBV_TCELL_149795,HUMAN_MYELIN_40762,6,GQLTPHTKA,2,YGALLLAEG,0,All manifest-contained 9-mer window combinations retained for sensitivity; not a predictor-selected register or a re-ranking score.
EBV_TCELL_149795::HUMAN_MYELIN_40762,26,EBV_TCELL_149795,HUMAN_MYELIN_40762,6,GQLTPHTKA,3,GALLLAEGF,0,All manifest-contained 9-mer window combinations retained for sensitivity; not a predictor-selected register or a re-ranking score.
EBV_TCELL_149795::HUMAN_MYELIN_40762,26,EBV_TCELL_149795,HUMAN_MYELIN_40762,6,GQLTPHTKA,4,ALLLAEGFY,0,All manifest-contained 9-mer window combinations retained for sensitivity; not a predictor-selected register or a re-ranking score.
EBV_TCELL_149795::HUMAN_MYELIN_40762,26,EBV_TCELL_149795,HUMAN_MYELIN_40762,6,GQLTPHTKA,5,LLLAEGFYT,0,All manifest-contained 9-mer window combinations retained for sensitivity; not a predictor-selected register or a re-ranking score.
EBV_TCELL_149795::HUMAN_MYELIN_40762,26,EBV_TCELL_149795,HUMAN_MYELIN_40762,6,GQLTPHTKA,6,LLAEGFYTT,0,All manifest-contained 9-mer window combinations retained for sensitivity; not a predictor-selected register or a re-ranking score.
EBV_TCELL_149795::HUMAN_MYELIN_40762,26,EBV_TCELL_149795,HUMAN_MYELIN_40762,6,GQLTPHTKA,7,LAEGFYTTG,0,All manifest-contained 9-mer window combinations retained for sensitivity; not a predictor-selected register or a re-ranking score.
EBV_TCELL_149795::HUMAN_MYELIN_40762,26,EBV_TCELL_149795,HUMAN_MYELIN_40762,6,GQLTPHTKA,8,AEGFYTTGA,3,All manifest-contained 9-mer window combinations retained for sensitivity; not a predictor-selected register or a re-ranking score.
EBV_TCELL_149795::HUMAN_MYELIN_40762,26,EBV_TCELL_149795,HUMAN_MYELIN_40762,6,GQLTPHTKA,9,EGFYTTGAV,0,All manifest-contained 9-mer window combinations retained for sensitivity; not a predictor-selected register or a re-ranking score.
EBV_TCELL_149795::HUMAN_MYELIN_40762,26,EBV_TCELL_149795,HUMAN_MYELIN_40762,6,GQLTPHTKA,10,GFYTTGAVR,0,All manifest-contained 9-mer window combinations retained for sensitivity; not a predictor-selected register or a re-ranking score.
EBV_TCELL_149795::HUMAN_MYELIN_40762,26,EBV_TCELL_149795,HUMAN_MYELIN_40762,6,GQLTPHTKA,11,FYTTGAVRQ,0,All manifest-contained 9-mer window combinations retained for sensitivity; not a predictor-selected register or a re-ranking score.
EBV_TCELL_149795::HUMAN_MYELIN_40762,26,EBV_TCELL_149795,HUMAN_MYELIN_40762,6,GQLTPHTKA,12,YTTGAVRQI,0,All manifest-contained 9-mer window combinations retained for sensitivity; not a predictor-selected register or a re-ranking score.
EBV_TCELL_149795::HUMAN_MYELIN_40762,26,EBV_TCELL_149795,HUMAN_MYELIN_40762,7,QLTPHTKAV,1,LYGALLLAE,0,All manifest-contained 9-mer window combinations retained for sensitivity; not a predictor-selected register or a re-ranking score.
EBV_TCELL_149795::HUMAN_MYELIN_40762,26,EBV_TCELL_149795,HUMAN_MYELIN_40762,7,QLTPHTKAV,2,YGALLLAEG,0,All manifest-contained 9-mer window combinations retained for sensitivity; not a predictor-selected register or a re-ranking score.
EBV_TCELL_149795::HUMAN_MYELIN_40762,26,EBV_TCELL_149795,HUMAN_MYELIN_40762,7,QLTPHTKAV,3,GALLLAEGF,0,All manifest-contained 9-mer window combinations retained for sensitivity; not a predictor-selected register or a re-ranking score.
EBV_TCELL_149795::HUMAN_MYELIN_40762,26,EBV_TCELL_149795,HUMAN_MYELIN_40762,7,QLTPHTKAV,4,ALLLAEGFY,0,All manifest-contained 9-mer window combinations retained for sensitivity; not a predictor-selected register or a re-ranking score.
EBV_TCELL_149795::HUMAN_MYELIN_40762,26,EBV_TCELL_149795,HUMAN_MYELIN_40762,7,QLTPHTKAV,5,LLLAEGFYT,0,All manifest-contained 9-mer window combinations retained for sensitivity; not a predictor-selected register or a re-ranking score.
EBV_TCELL_149795::HUMAN_MYELIN_40762,26,EBV_TCELL_149795,HUMAN_MYELIN_40762,7,QLTPHTKAV,6,LLAEGFYTT,0,All manifest-contained 9-mer window combinations retained for sensitivity; not a predictor-selected register or a re-ranking score.
EBV_TCELL_149795::HUMAN_MYELIN_40762,26,EBV_TCELL_149795,HUMAN_MYELIN_40762,7,QLTPHTKAV,7,LAEGFYTTG,0,All manifest-contained 9-mer window combinations retained for sensitivity; not a predictor-selected register or a re-ranking score.
EBV_TCELL_149795::HUMAN_MYELIN_40762,26,EBV_TCELL_149795,HUMAN_MYELIN_40762,7,QLTPHTKAV,8,AEGFYTTGA,0,All manifest-contained 9-mer window combinations retained for sensitivity; not a predictor-selected register or a re-ranking score.
EBV_TCELL_149795::HUMAN_MYELIN_40762,26,EBV_TCELL_149795,HUMAN_MYELIN_40762,7,QLTPHTKAV,9,EGFYTTGAV,4,All manifest-contained 9-mer window combinations retained for sensitivity; not a predictor-selected register or a re-ranking score.
EBV_TCELL_149795::HUMAN_MYELIN_40762,26,EBV_TCELL_149795,HUMAN_MYELIN_40762,7,QLTPHTKAV,10,GFYTTGAVR,0,All manifest-contained 9-mer window combinations retained for sensitivity; not a predictor-selected register or a re-ranking score.
EBV_TCELL_149795::HUMAN_MYELIN_40762,26,EBV_TCELL_149795,HUMAN_MYELIN_40762,7,QLTPHTKAV,11,FYTTGAVRQ,0,All manifest-contained 9-mer window combinations retained for sensitivity; not a predictor-selected register or a re-ranking score.
EBV_TCELL_149795::HUMAN_MYELIN_40762,26,EBV_TCELL_149795,HUMAN_MYELIN_40762,7,QLTPHTKAV,12,YTTGAVRQI,0,All manifest-contained 9-mer window combinations retained for sensitivity; not a predictor-selected register or a re-ranking score.
EBV_TCELL_149795::HUMAN_MYELIN_40762,26,EBV_TCELL_149795,HUMAN_MYELIN_40762,8,LTPHTKAVY,1,LYGALLLAE,0,All manifest-contained 9-mer window combinations retained for sensitivity; not a predictor-selected register or a re-ranking score.
EBV_TCELL_149795::HUMAN_MYELIN_40762,26,EBV_TCELL_149795,HUMAN_MYELIN_40762,8,LTPHTKAVY,2,YGALLLAEG,0,All manifest-contained 9-mer window combinations retained for sensitivity; not a predictor-selected register or a re-ranking score.
EBV_TCELL_149795::HUMAN_MYELIN_40762,26,EBV_TCELL_149795,HUMAN_MYELIN_40762,8,LTPHTKAVY,3,GALLLAEGF,0,All manifest-contained 9-mer window combinations retained for sensitivity; not a predictor-selected register or a re-ranking score.
EBV_TCELL_149795::HUMAN_MYELIN_40762,26,EBV_TCELL_149795,HUMAN_MYELIN_40762,8,LTPHTKAVY,4,ALLLAEGFY,0,All manifest-contained 9-mer window combinations retained for sensitivity; not a predictor-selected register or a re-ranking score.
EBV_TCELL_149795::HUMAN_MYELIN_40762,26,EBV_TCELL_149795,HUMAN_MYELIN_40762,8,LTPHTKAVY,5,LLLAEGFYT,0,All manifest-contained 9-mer window combinations retained for sensitivity; not a predictor-selected register or a re-ranking score.
EBV_TCELL_149795::HUMAN_MYELIN_40762,26,EBV_TCELL_149795,HUMAN_MYELIN_40762,8,LTPHTKAVY,6,LLAEGFYTT,0,All manifest-contained 9-mer window combinations retained for sensitivity; not a predictor-selected register or a re-ranking score.
EBV_TCELL_149795::HUMAN_MYELIN_40762,26,EBV_TCELL_149795,HUMAN_MYELIN_40762,8,LTPHTKAVY,7,LAEGFYTTG,0,All manifest-contained 9-mer window combinations retained for sensitivity; not a predictor-selected register or a re-ranking score.
EBV_TCELL_149795::HUMAN_MYELIN_40762,26,EBV_TCELL_149795,HUMAN_MYELIN_40762,8,LTPHTKAVY,8,AEGFYTTGA,0,All manifest-contained 9-mer window combinations retained for sensitivity; not a predictor-selected register or a re-ranking score.
EBV_TCELL_149795::HUMAN_MYELIN_40762,26,EBV_TCELL_149795,HUMAN_MYELIN_40762,8,LTPHTKAVY,9,EGFYTTGAV,0,All manifest-contained 9-mer window combinations retained for sensitivity; not a predictor-selected register or a re-ranking score.
EBV_TCELL_149795::HUMAN_MYELIN_40762,26,EBV_TCELL_149795,HUMAN_MYELIN_40762,8,LTPHTKAVY,10,GFYTTGAVR,5,All manifest-contained 9-mer window combinations retained for sensitivity; not a predictor-selected register or a re-ranking score.
EBV_TCELL_149795::HUMAN_MYELIN_40762,26,EBV_TCELL_149795,HUMAN_MYELIN_40762,8,LTPHTKAVY,11,FYTTGAVRQ,0,All manifest-contained 9-mer window combinations retained for sensitivity; not a predictor-selected register or a re-ranking score.
EBV_TCELL_149795::HUMAN_MYELIN_40762,26,EBV_TCELL_149795,HUMAN_MYELIN_40762,8,LTPHTKAVY,12,YTTGAVRQI,0,All manifest-contained 9-mer window combinations retained for sensitivity; not a predictor-selected register or a re-ranking score.
EBV_TCELL_149795::HUMAN_MYELIN_40762,26,EBV_TCELL_149795,HUMAN_MYELIN_40762,9,TPHTKAVYQ,1,LYGALLLAE,0,All manifest-contained 9-mer window combinations retained for sensitivity; not a predictor-selected register or a re-ranking score.
EBV_TCELL_149795::HUMAN_MYELIN_40762,26,EBV_TCELL_149795,HUMAN_MYELIN_40762,9,TPHTKAVYQ,2,YGALLLAEG,0,All manifest-contained 9-mer window combinations retained for sensitivity; not a predictor-selected register or a re-ranking score.
EBV_TCELL_149795::HUMAN_MYELIN_40762,26,EBV_TCELL_149795,HUMAN_MYELIN_40762,9,TPHTKAVYQ,3,GALLLAEGF,0,All manifest-contained 9-mer window combinations retained for sensitivity; not a predictor-selected register or a re-ranking score.
EBV_TCELL_149795::HUMAN_MYELIN_40762,26,EBV_TCELL_149795,HUMAN_MYELIN_40762,9,TPHTKAVYQ,4,ALLLAEGFY,0,All manifest-contained 9-mer window combinations retained for sensitivity; not a predictor-selected register or a re-ranking score.
EBV_TCELL_149795::HUMAN_MYELIN_40762,26,EBV_TCELL_149795,HUMAN_MYELIN_40762,9,TPHTKAVYQ,5,LLLAEGFYT,0,All manifest-contained 9-mer window combinations retained for sensitivity; not a predictor-selected register or a re-ranking score.
EBV_TCELL_149795::HUMAN_MYELIN_40762,26,EBV_TCELL_149795,HUMAN_MYELIN_40762,9,TPHTKAVYQ,6,LLAEGFYTT,0,All manifest-contained 9-mer window combinations retained for sensitivity; not a predictor-selected register or a re-ranking score.
EBV_TCELL_149795::HUMAN_MYELIN_40762,26,EBV_TCELL_149795,HUMAN_MYELIN_40762,9,TPHTKAVYQ,7,LAEGFYTTG,0,All manifest-contained 9-mer window combinations retained for sensitivity; not a predictor-selected register or a re-ranking score.
EBV_TCELL_149795::HUMAN_MYELIN_40762,26,EBV_TCELL_149795,HUMAN_MYELIN_40762,9,TPHTKAVYQ,8,AEGFYTTGA,0,All manifest-contained 9-mer window combinations retained for sensitivity; not a predictor-selected register or a re-ranking score.
EBV_TCELL_149795::HUMAN_MYELIN_40762,26,EBV_TCELL_149795,HUMAN_MYELIN_40762,9,TPHTKAVYQ,9,EGFYTTGAV,0,All manifest-contained 9-mer window combinations retained for sensitivity; not a predictor-selected register or a re-ranking score.
EBV_TCELL_149795::HUMAN_MYELIN_40762,26,EBV_TCELL_149795,HUMAN_MYELIN_40762,9,TPHTKAVYQ,10,GFYTTGAVR,0,All manifest-contained 9-mer window combinations retained for sensitivity; not a predictor-selected register or a re-ranking score.
EBV_TCELL_149795::HUMAN_MYELIN_40762,26,EBV_TCELL_149795,HUMAN_MYELIN_40762,9,TPHTKAVYQ,11,FYTTGAVRQ,6,All manifest-contained 9-mer window combinations retained for sensitivity; not a predictor-selected register or a re-ranking score.
EBV_TCELL_149795::HUMAN_MYELIN_40762,26,EBV_TCELL_149795,HUMAN_MYELIN_40762,9,TPHTKAVYQ,12,YTTGAVRQI,0,All manifest-contained 9-mer window combinations retained for sensitivity; not a predictor-selected register or a re-ranking score.
EBV_TCELL_149795::HUMAN_MYELIN_40762,26,EBV_TCELL_149795,HUMAN_MYELIN_40762,10,PHTKAVYQP,1,LYGALLLAE,0,All manifest-contained 9-mer window combinations retained for sensitivity; not a predictor-selected register or a re-ranking score.
EBV_TCELL_149795::HUMAN_MYELIN_40762,26,EBV_TCELL_149795,HUMAN_MYELIN_40762,10,PHTKAVYQP,2,YGALLLAEG,0,All manifest-contained 9-mer window combinations retained for sensitivity; not a predictor-selected register or a re-ranking score.
EBV_TCELL_149795::HUMAN_MYELIN_40762,26,EBV_TCELL_149795,HUMAN_MYELIN_40762,10,PHTKAVYQP,3,GALLLAEGF,0,All manifest-contained 9-mer window combinations retained for sensitivity; not a predictor-selected register or a re-ranking score.
EBV_TCELL_149795::HUMAN_MYELIN_40762,26,EBV_TCELL_149795,HUMAN_MYELIN_40762,10,PHTKAVYQP,4,ALLLAEGFY,0,All manifest-contained 9-mer window combinations retained for sensitivity; not a predictor-selected register or a re-ranking score.
EBV_TCELL_149795::HUMAN_MYELIN_40762,26,EBV_TCELL_149795,HUMAN_MYELIN_40762,10,PHTKAVYQP,5,LLLAEGFYT,0,All manifest-contained 9-mer window combinations retained for sensitivity; not a predictor-selected register or a re-ranking score.
EBV_TCELL_149795::HUMAN_MYELIN_40762,26,EBV_TCELL_149795,HUMAN_MYELIN_40762,10,PHTKAVYQP,6,LLAEGFYTT,0,All manifest-contained 9-mer window combinations retained for sensitivity; not a predictor-selected register or a re-ranking score.
EBV_TCELL_149795::HUMAN_MYELIN_40762,26,EBV_TCELL_149795,HUMAN_MYELIN_40762,10,PHTKAVYQP,7,LAEGFYTTG,0,All manifest-contained 9-mer window combinations retained for sensitivity; not a predictor-selected register or a re-ranking score.
EBV_TCELL_149795::HUMAN_MYELIN_40762,26,EBV_TCELL_149795,HUMAN_MYELIN_40762,10,PHTKAVYQP,8,AEGFYTTGA,0,All manifest-contained 9-mer window combinations retained for sensitivity; not a predictor-selected register or a re-ranking score.
EBV_TCELL_149795::HUMAN_MYELIN_40762,26,EBV_TCELL_149795,HUMAN_MYELIN_40762,10,PHTKAVYQP,9,EGFYTTGAV,0,All manifest-contained 9-mer window combinations retained for sensitivity; not a predictor-selected register or a re-ranking score.
EBV_TCELL_149795::HUMAN_MYELIN_40762,26,EBV_TCELL_149795,HUMAN_MYELIN_40762,10,PHTKAVYQP,10,GFYTTGAVR,0,All manifest-contained 9-mer window combinations retained for sensitivity; not a predictor-selected register or a re-ranking score.
EBV_TCELL_149795::HUMAN_MYELIN_40762,26,EBV_TCELL_149795,HUMAN_MYELIN_40762,10,PHTKAVYQP,11,FYTTGAVRQ,0,All manifest-contained 9-mer window combinations retained for sensitivity; not a predictor-selected register or a re-ranking score.
EBV_TCELL_149795::HUMAN_MYELIN_40762,26,EBV_TCELL_149795,HUMAN_MYELIN_40762,10,PHTKAVYQP,12,YTTGAVRQI,6,All manifest-contained 9-mer window combinations retained for sensitivity; not a predictor-selected register or a re-ranking score.
EBV_TCELL_149795::HUMAN_MYELIN_40762,26,EBV_TCELL_149795,HUMAN_MYELIN_40762,11,HTKAVYQPR,1,LYGALLLAE,0,All manifest-contained 9-mer window combinations retained for sensitivity; not a predictor-selected register or a re-ranking score.
EBV_TCELL_149795::HUMAN_MYELIN_40762,26,EBV_TCELL_149795,HUMAN_MYELIN_40762,11,HTKAVYQPR,2,YGALLLAEG,0,All manifest-contained 9-mer window combinations retained for sensitivity; not a predictor-selected register or a re-ranking score.
EBV_TCELL_149795::HUMAN_MYELIN_40762,26,EBV_TCELL_149795,HUMAN_MYELIN_40762,11,HTKAVYQPR,3,GALLLAEGF,0,All manifest-contained 9-mer window combinations retained for sensitivity; not a predictor-selected register or a re-ranking score.
EBV_TCELL_149795::HUMAN_MYELIN_40762,26,EBV_TCELL_149795,HUMAN_MYELIN_40762,11,HTKAVYQPR,4,ALLLAEGFY,0,All manifest-contained 9-mer window combinations retained for sensitivity; not a predictor-selected register or a re-ranking score.
EBV_TCELL_149795::HUMAN_MYELIN_40762,26,EBV_TCELL_149795,HUMAN_MYELIN_40762,11,HTKAVYQPR,5,LLLAEGFYT,0,All manifest-contained 9-mer window combinations retained for sensitivity; not a predictor-selected register or a re-ranking score.
EBV_TCELL_149795::HUMAN_MYELIN_40762,26,EBV_TCELL_149795,HUMAN_MYELIN_40762,11,HTKAVYQPR,6,LLAEGFYTT,0,All manifest-contained 9-mer window combinations retained for sensitivity; not a predictor-selected register or a re-ranking score.
EBV_TCELL_149795::HUMAN_MYELIN_40762,26,EBV_TCELL_149795,HUMAN_MYELIN_40762,11,HTKAVYQPR,7,LAEGFYTTG,0,All manifest-contained 9-mer window combinations retained for sensitivity; not a predictor-selected register or a re-ranking score.
EBV_TCELL_149795::HUMAN_MYELIN_40762,26,EBV_TCELL_149795,HUMAN_MYELIN_40762,11,HTKAVYQPR,8,AEGFYTTGA,0,All manifest-contained 9-mer window combinations retained for sensitivity; not a predictor-selected register or a re-ranking score.
EBV_TCELL_149795::HUMAN_MYELIN_40762,26,EBV_TCELL_149795,HUMAN_MYELIN_40762,11,HTKAVYQPR,9,EGFYTTGAV,0,All manifest-contained 9-mer window combinations retained for sensitivity; not a predictor-selected register or a re-ranking score.
EBV_TCELL_149795::HUMAN_MYELIN_40762,26,EBV_TCELL_149795,HUMAN_MYELIN_40762,11,HTKAVYQPR,10,GFYTTGAVR,0,All manifest-contained 9-mer window combinations retained for sensitivity; not a predictor-selected register or a re-ranking score.
EBV_TCELL_149795::HUMAN_MYELIN_40762,26,EBV_TCELL_149795,HUMAN_MYELIN_40762,11,HTKAVYQPR,11,FYTTGAVRQ,0,All manifest-contained 9-mer window combinations retained for sensitivity; not a predictor-selected register or a re-ranking score.
EBV_TCELL_149795::HUMAN_MYELIN_40762,26,EBV_TCELL_149795,HUMAN_MYELIN_40762,11,HTKAVYQPR,12,YTTGAVRQI,0,All manifest-contained 9-mer window combinations retained for sensitivity; not a predictor-selected register or a re-ranking score.
EBV_TCELL_149795::HUMAN_MYELIN_40762,26,EBV_TCELL_149795,HUMAN_MYELIN_40762,12,TKAVYQPRG,1,LYGALLLAE,0,All manifest-contained 9-mer window combinations retained for sensitivity; not a predictor-selected register or a re-ranking score.
EBV_TCELL_149795::HUMAN_MYELIN_40762,26,EBV_TCELL_149795,HUMAN_MYELIN_40762,12,TKAVYQPRG,2,YGALLLAEG,0,All manifest-contained 9-mer window combinations retained for sensitivity; not a predictor-selected register or a re-ranking score.
EBV_TCELL_149795::HUMAN_MYELIN_40762,26,EBV_TCELL_149795,HUMAN_MYELIN_40762,12,TKAVYQPRG,3,GALLLAEGF,0,All manifest-contained 9-mer window combinations retained for sensitivity; not a predictor-selected register or a re-ranking score.
EBV_TCELL_149795::HUMAN_MYELIN_40762,26,EBV_TCELL_149795,HUMAN_MYELIN_40762,12,TKAVYQPRG,4,ALLLAEGFY,0,All manifest-contained 9-mer window combinations retained for sensitivity; not a predictor-selected register or a re-ranking score.
EBV_TCELL_149795::HUMAN_MYELIN_40762,26,EBV_TCELL_149795,HUMAN_MYELIN_40762,12,TKAVYQPRG,5,LLLAEGFYT,0,All manifest-contained 9-mer window combinations retained for sensitivity; not a predictor-selected register or a re-ranking score.
EBV_TCELL_149795::HUMAN_MYELIN_40762,26,EBV_TCELL_149795,HUMAN_MYELIN_40762,12,TKAVYQPRG,6,LLAEGFYTT,0,All manifest-contained 9-mer window combinations retained for sensitivity; not a predictor-selected register or a re-ranking score.
EBV_TCELL_149795::HUMAN_MYELIN_40762,26,EBV_TCELL_149795,HUMAN_MYELIN_40762,12,TKAVYQPRG,7,LAEGFYTTG,0,All manifest-contained 9-mer window combinations retained for sensitivity; not a predictor-selected register or a re-ranking score.
EBV_TCELL_149795::HUMAN_MYELIN_40762,26,EBV_TCELL_149795,HUMAN_MYELIN_40762,12,TKAVYQPRG,8,AEGFYTTGA,0,All manifest-contained 9-mer window combinations retained for sensitivity; not a predictor-selected register or a re-ranking score.
EBV_TCELL_149795::HUMAN_MYELIN_40762,26,EBV_TCELL_149795,HUMAN_MYELIN_40762,12,TKAVYQPRG,9,EGFYTTGAV,0,All manifest-contained 9-mer window combinations retained for sensitivity; not a predictor-selected register or a re-ranking score.
EBV_TCELL_149795::HUMAN_MYELIN_40762,26,EBV_TCELL_149795,HUMAN_MYELIN_40762,12,TKAVYQPRG,10,GFYTTGAVR,0,All manifest-contained 9-mer window combinations retained for sensitivity; not a predictor-selected register or a re-ranking score.
EBV_TCELL_149795::HUMAN_MYELIN_40762,26,EBV_TCELL_149795,HUMAN_MYELIN_40762,12,TKAVYQPRG,11,FYTTGAVRQ,0,All manifest-contained 9-mer window combinations retained for sensitivity; not a predictor-selected register or a re-ranking score.
EBV_TCELL_149795::HUMAN_MYELIN_40762,26,EBV_TCELL_149795,HUMAN_MYELIN_40762,12,TKAVYQPRG,12,YTTGAVRQI,0,All manifest-contained 9-mer window combinations retained for sensitivity; not a predictor-selected register or a re-ranking score.
EBV_TCELL_1862913::HUMAN_MYELIN_112037,27,EBV_TCELL_1862913,HUMAN_MYELIN_112037,1,NILRIYYSP,1,AQGTLSKIF,0,All manifest-contained 9-mer window combinations retained for sensitivity; not a predictor-selected register or a re-ranking score.
EBV_TCELL_1862913::HUMAN_MYELIN_112037,27,EBV_TCELL_1862913,HUMAN_MYELIN_112037,1,NILRIYYSP,2,QGTLSKIFK,0,All manifest-contained 9-mer window combinations retained for sensitivity; not a predictor-selected register or a re-ranking score.
EBV_TCELL_1862913::HUMAN_MYELIN_112037,27,EBV_TCELL_1862913,HUMAN_MYELIN_112037,1,NILRIYYSP,3,GTLSKIFKL,0,All manifest-contained 9-mer window combinations retained for sensitivity; not a predictor-selected register or a re-ranking score.
EBV_TCELL_1862913::HUMAN_MYELIN_112037,27,EBV_TCELL_1862913,HUMAN_MYELIN_112037,1,NILRIYYSP,4,TLSKIFKLG,0,All manifest-contained 9-mer window combinations retained for sensitivity; not a predictor-selected register or a re-ranking score.
EBV_TCELL_1862913::HUMAN_MYELIN_112037,27,EBV_TCELL_1862913,HUMAN_MYELIN_112037,1,NILRIYYSP,5,LSKIFKLGG,0,All manifest-contained 9-mer window combinations retained for sensitivity; not a predictor-selected register or a re-ranking score.
EBV_TCELL_1862913::HUMAN_MYELIN_112037,27,EBV_TCELL_1862913,HUMAN_MYELIN_112037,1,NILRIYYSP,6,SKIFKLGGR,0,All manifest-contained 9-mer window combinations retained for sensitivity; not a predictor-selected register or a re-ranking score.
EBV_TCELL_1862913::HUMAN_MYELIN_112037,27,EBV_TCELL_1862913,HUMAN_MYELIN_112037,1,NILRIYYSP,7,KIFKLGGRD,0,All manifest-contained 9-mer window combinations retained for sensitivity; not a predictor-selected register or a re-ranking score.
EBV_TCELL_1862913::HUMAN_MYELIN_112037,27,EBV_TCELL_1862913,HUMAN_MYELIN_112037,1,NILRIYYSP,8,IFKLGGRDS,0,All manifest-contained 9-mer window combinations retained for sensitivity; not a predictor-selected register or a re-ranking score.
EBV_TCELL_1862913::HUMAN_MYELIN_112037,27,EBV_TCELL_1862913,HUMAN_MYELIN_112037,1,NILRIYYSP,9,FKLGGRDSR,0,All manifest-contained 9-mer window combinations retained for sensitivity; not a predictor-selected register or a re-ranking score.
EBV_TCELL_1862913::HUMAN_MYELIN_112037,27,EBV_TCELL_1862913,HUMAN_MYELIN_112037,1,NILRIYYSP,10,KLGGRDSRS,0,All manifest-contained 9-mer window combinations retained for sensitivity; not a predictor-selected register or a re-ranking score.
EBV_TCELL_1862913::HUMAN_MYELIN_112037,27,EBV_TCELL_1862913,HUMAN_MYELIN_112037,1,NILRIYYSP,11,LGGRDSRSG,2,All manifest-contained 9-mer window combinations retained for sensitivity; not a predictor-selected register or a re-ranking score.
EBV_TCELL_1862913::HUMAN_MYELIN_112037,27,EBV_TCELL_1862913,HUMAN_MYELIN_112037,1,NILRIYYSP,12,GGRDSRSGS,0,All manifest-contained 9-mer window combinations retained for sensitivity; not a predictor-selected register or a re-ranking score.
EBV_TCELL_1862913::HUMAN_MYELIN_112037,27,EBV_TCELL_1862913,HUMAN_MYELIN_112037,1,NILRIYYSP,13,GRDSRSGSP,0,All manifest-contained 9-mer window combinations retained for sensitivity; not a predictor-selected register or a re-ranking score.
EBV_TCELL_1862913::HUMAN_MYELIN_112037,27,EBV_TCELL_1862913,HUMAN_MYELIN_112037,1,NILRIYYSP,14,RDSRSGSPM,0,All manifest-contained 9-mer window combinations retained for sensitivity; not a predictor-selected register or a re-ranking score.
EBV_TCELL_1862913::HUMAN_MYELIN_112037,27,EBV_TCELL_1862913,HUMAN_MYELIN_112037,1,NILRIYYSP,15,DSRSGSPMA,0,All manifest-contained 9-mer window combinations retained for sensitivity; not a predictor-selected register or a re-ranking score.
EBV_TCELL_1862913::HUMAN_MYELIN_112037,27,EBV_TCELL_1862913,HUMAN_MYELIN_112037,1,NILRIYYSP,16,SRSGSPMAR,0,All manifest-contained 9-mer window combinations retained for sensitivity; not a predictor-selected register or a re-ranking score.
EBV_TCELL_1862913::HUMAN_MYELIN_112037,27,EBV_TCELL_1862913,HUMAN_MYELIN_112037,1,NILRIYYSP,17,RSGSPMARR,0,All manifest-contained 9-mer window combinations retained for sensitivity; not a predictor-selected register or a re-ranking score.
EBV_TCELL_1862913::HUMAN_MYELIN_112037,27,EBV_TCELL_1862913,HUMAN_MYELIN_112037,2,ILRIYYSPS,1,AQGTLSKIF,0,All manifest-contained 9-mer window combinations retained for sensitivity; not a predictor-selected register or a re-ranking score.
EBV_TCELL_1862913::HUMAN_MYELIN_112037,27,EBV_TCELL_1862913,HUMAN_MYELIN_112037,2,ILRIYYSPS,2,QGTLSKIFK,0,All manifest-contained 9-mer window combinations retained for sensitivity; not a predictor-selected register or a re-ranking score.
EBV_TCELL_1862913::HUMAN_MYELIN_112037,27,EBV_TCELL_1862913,HUMAN_MYELIN_112037,2,ILRIYYSPS,3,GTLSKIFKL,0,All manifest-contained 9-mer window combinations retained for sensitivity; not a predictor-selected register or a re-ranking score.
EBV_TCELL_1862913::HUMAN_MYELIN_112037,27,EBV_TCELL_1862913,HUMAN_MYELIN_112037,2,ILRIYYSPS,4,TLSKIFKLG,0,All manifest-contained 9-mer window combinations retained for sensitivity; not a predictor-selected register or a re-ranking score.
EBV_TCELL_1862913::HUMAN_MYELIN_112037,27,EBV_TCELL_1862913,HUMAN_MYELIN_112037,2,ILRIYYSPS,5,LSKIFKLGG,0,All manifest-contained 9-mer window combinations retained for sensitivity; not a predictor-selected register or a re-ranking score.
EBV_TCELL_1862913::HUMAN_MYELIN_112037,27,EBV_TCELL_1862913,HUMAN_MYELIN_112037,2,ILRIYYSPS,6,SKIFKLGGR,0,All manifest-contained 9-mer window combinations retained for sensitivity; not a predictor-selected register or a re-ranking score.
EBV_TCELL_1862913::HUMAN_MYELIN_112037,27,EBV_TCELL_1862913,HUMAN_MYELIN_112037,2,ILRIYYSPS,7,KIFKLGGRD,0,All manifest-contained 9-mer window combinations retained for sensitivity; not a predictor-selected register or a re-ranking score.
EBV_TCELL_1862913::HUMAN_MYELIN_112037,27,EBV_TCELL_1862913,HUMAN_MYELIN_112037,2,ILRIYYSPS,8,IFKLGGRDS,0,All manifest-contained 9-mer window combinations retained for sensitivity; not a predictor-selected register or a re-ranking score.
EBV_TCELL_1862913::HUMAN_MYELIN_112037,27,EBV_TCELL_1862913,HUMAN_MYELIN_112037,2,ILRIYYSPS,9,FKLGGRDSR,0,All manifest-contained 9-mer window combinations retained for sensitivity; not a predictor-selected register or a re-ranking score.
EBV_TCELL_1862913::HUMAN_MYELIN_112037,27,EBV_TCELL_1862913,HUMAN_MYELIN_112037,2,ILRIYYSPS,10,KLGGRDSRS,0,All manifest-contained 9-mer window combinations retained for sensitivity; not a predictor-selected register or a re-ranking score.
EBV_TCELL_1862913::HUMAN_MYELIN_112037,27,EBV_TCELL_1862913,HUMAN_MYELIN_112037,2,ILRIYYSPS,11,LGGRDSRSG,0,All manifest-contained 9-mer window combinations retained for sensitivity; not a predictor-selected register or a re-ranking score.
EBV_TCELL_1862913::HUMAN_MYELIN_112037,27,EBV_TCELL_1862913,HUMAN_MYELIN_112037,2,ILRIYYSPS,12,GGRDSRSGS,3,All manifest-contained 9-mer window combinations retained for sensitivity; not a predictor-selected register or a re-ranking score.
EBV_TCELL_1862913::HUMAN_MYELIN_112037,27,EBV_TCELL_1862913,HUMAN_MYELIN_112037,2,ILRIYYSPS,13,GRDSRSGSP,0,All manifest-contained 9-mer window combinations retained for sensitivity; not a predictor-selected register or a re-ranking score.
EBV_TCELL_1862913::HUMAN_MYELIN_112037,27,EBV_TCELL_1862913,HUMAN_MYELIN_112037,2,ILRIYYSPS,14,RDSRSGSPM,0,All manifest-contained 9-mer window combinations retained for sensitivity; not a predictor-selected register or a re-ranking score.
EBV_TCELL_1862913::HUMAN_MYELIN_112037,27,EBV_TCELL_1862913,HUMAN_MYELIN_112037,2,ILRIYYSPS,15,DSRSGSPMA,0,All manifest-contained 9-mer window combinations retained for sensitivity; not a predictor-selected register or a re-ranking score.
EBV_TCELL_1862913::HUMAN_MYELIN_112037,27,EBV_TCELL_1862913,HUMAN_MYELIN_112037,2,ILRIYYSPS,16,SRSGSPMAR,0,All manifest-contained 9-mer window combinations retained for sensitivity; not a predictor-selected register or a re-ranking score.
EBV_TCELL_1862913::HUMAN_MYELIN_112037,27,EBV_TCELL_1862913,HUMAN_MYELIN_112037,2,ILRIYYSPS,17,RSGSPMARR,0,All manifest-contained 9-mer window combinations retained for sensitivity; not a predictor-selected register or a re-ranking score.
EBV_TCELL_1862913::HUMAN_MYELIN_112037,27,EBV_TCELL_1862913,HUMAN_MYELIN_112037,3,LRIYYSPSI,1,AQGTLSKIF,0,All manifest-contained 9-mer window combinations retained for sensitivity; not a predictor-selected register or a re-ranking score.
EBV_TCELL_1862913::HUMAN_MYELIN_112037,27,EBV_TCELL_1862913,HUMAN_MYELIN_112037,3,LRIYYSPSI,2,QGTLSKIFK,0,All manifest-contained 9-mer window combinations retained for sensitivity; not a predictor-selected register or a re-ranking score.
EBV_TCELL_1862913::HUMAN_MYELIN_112037,27,EBV_TCELL_1862913,HUMAN_MYELIN_112037,3,LRIYYSPSI,3,GTLSKIFKL,0,All manifest-contained 9-mer window combinations retained for sensitivity; not a predictor-selected register or a re-ranking score.
EBV_TCELL_1862913::HUMAN_MYELIN_112037,27,EBV_TCELL_1862913,HUMAN_MYELIN_112037,3,LRIYYSPSI,4,TLSKIFKLG,0,All manifest-contained 9-mer window combinations retained for sensitivity; not a predictor-selected register or a re-ranking score.
EBV_TCELL_1862913::HUMAN_MYELIN_112037,27,EBV_TCELL_1862913,HUMAN_MYELIN_112037,3,LRIYYSPSI,5,LSKIFKLGG,0,All manifest-contained 9-mer window combinations retained for sensitivity; not a predictor-selected register or a re-ranking score.
EBV_TCELL_1862913::HUMAN_MYELIN_112037,27,EBV_TCELL_1862913,HUMAN_MYELIN_112037,3,LRIYYSPSI,6,SKIFKLGGR,0,All manifest-contained 9-mer window combinations retained for sensitivity; not a predictor-selected register or a re-ranking score.
EBV_TCELL_1862913::HUMAN_MYELIN_112037,27,EBV_TCELL_1862913,HUMAN_MYELIN_112037,3,LRIYYSPSI,7,KIFKLGGRD,0,All manifest-contained 9-mer window combinations retained for sensitivity; not a predictor-selected register or a re-ranking score.
EBV_TCELL_1862913::HUMAN_MYELIN_112037,27,EBV_TCELL_1862913,HUMAN_MYELIN_112037,3,LRIYYSPSI,8,IFKLGGRDS,0,All manifest-contained 9-mer window combinations retained for sensitivity; not a predictor-selected register or a re-ranking score.
EBV_TCELL_1862913::HUMAN_MYELIN_112037,27,EBV_TCELL_1862913,HUMAN_MYELIN_112037,3,LRIYYSPSI,9,FKLGGRDSR,0,All manifest-contained 9-mer window combinations retained for sensitivity; not a predictor-selected register or a re-ranking score.
EBV_TCELL_1862913::HUMAN_MYELIN_112037,27,EBV_TCELL_1862913,HUMAN_MYELIN_112037,3,LRIYYSPSI,10,KLGGRDSRS,0,All manifest-contained 9-mer window combinations retained for sensitivity; not a predictor-selected register or a re-ranking score.
EBV_TCELL_1862913::HUMAN_MYELIN_112037,27,EBV_TCELL_1862913,HUMAN_MYELIN_112037,3,LRIYYSPSI,11,LGGRDSRSG,0,All manifest-contained 9-mer window combinations retained for sensitivity; not a predictor-selected register or a re-ranking score.
EBV_TCELL_1862913::HUMAN_MYELIN_112037,27,EBV_TCELL_1862913,HUMAN_MYELIN_112037,3,LRIYYSPSI,12,GGRDSRSGS,0,All manifest-contained 9-mer window combinations retained for sensitivity; not a predictor-selected register or a re-ranking score.
EBV_TCELL_1862913::HUMAN_MYELIN_112037,27,EBV_TCELL_1862913,HUMAN_MYELIN_112037,3,LRIYYSPSI,13,GRDSRSGSP,4,All manifest-contained 9-mer window combinations retained for sensitivity; not a predictor-selected register or a re-ranking score.
EBV_TCELL_1862913::HUMAN_MYELIN_112037,27,EBV_TCELL_1862913,HUMAN_MYELIN_112037,3,LRIYYSPSI,14,RDSRSGSPM,0,All manifest-contained 9-mer window combinations retained for sensitivity; not a predictor-selected register or a re-ranking score.
EBV_TCELL_1862913::HUMAN_MYELIN_112037,27,EBV_TCELL_1862913,HUMAN_MYELIN_112037,3,LRIYYSPSI,15,DSRSGSPMA,0,All manifest-contained 9-mer window combinations retained for sensitivity; not a predictor-selected register or a re-ranking score.
EBV_TCELL_1862913::HUMAN_MYELIN_112037,27,EBV_TCELL_1862913,HUMAN_MYELIN_112037,3,LRIYYSPSI,16,SRSGSPMAR,0,All manifest-contained 9-mer window combinations retained for sensitivity; not a predictor-selected register or a re-ranking score.
EBV_TCELL_1862913::HUMAN_MYELIN_112037,27,EBV_TCELL_1862913,HUMAN_MYELIN_112037,3,LRIYYSPSI,17,RSGSPMARR,0,All manifest-contained 9-mer window combinations retained for sensitivity; not a predictor-selected register or a re-ranking score.
EBV_TCELL_1862913::HUMAN_MYELIN_112037,27,EBV_TCELL_1862913,HUMAN_MYELIN_112037,4,RIYYSPSIM,1,AQGTLSKIF,0,All manifest-contained 9-mer window combinations retained for sensitivity; not a predictor-selected register or a re-ranking score.
EBV_TCELL_1862913::HUMAN_MYELIN_112037,27,EBV_TCELL_1862913,HUMAN_MYELIN_112037,4,RIYYSPSIM,2,QGTLSKIFK,0,All manifest-contained 9-mer window combinations retained for sensitivity; not a predictor-selected register or a re-ranking score.
EBV_TCELL_1862913::HUMAN_MYELIN_112037,27,EBV_TCELL_1862913,HUMAN_MYELIN_112037,4,RIYYSPSIM,3,GTLSKIFKL,0,All manifest-contained 9-mer window combinations retained for sensitivity; not a predictor-selected register or a re-ranking score.
EBV_TCELL_1862913::HUMAN_MYELIN_112037,27,EBV_TCELL_1862913,HUMAN_MYELIN_112037,4,RIYYSPSIM,4,TLSKIFKLG,0,All manifest-contained 9-mer window combinations retained for sensitivity; not a predictor-selected register or a re-ranking score.
EBV_TCELL_1862913::HUMAN_MYELIN_112037,27,EBV_TCELL_1862913,HUMAN_MYELIN_112037,4,RIYYSPSIM,5,LSKIFKLGG,0,All manifest-contained 9-mer window combinations retained for sensitivity; not a predictor-selected register or a re-ranking score.
EBV_TCELL_1862913::HUMAN_MYELIN_112037,27,EBV_TCELL_1862913,HUMAN_MYELIN_112037,4,RIYYSPSIM,6,SKIFKLGGR,0,All manifest-contained 9-mer window combinations retained for sensitivity; not a predictor-selected register or a re-ranking score.
EBV_TCELL_1862913::HUMAN_MYELIN_112037,27,EBV_TCELL_1862913,HUMAN_MYELIN_112037,4,RIYYSPSIM,7,KIFKLGGRD,0,All manifest-contained 9-mer window combinations retained for sensitivity; not a predictor-selected register or a re-ranking score.
EBV_TCELL_1862913::HUMAN_MYELIN_112037,27,EBV_TCELL_1862913,HUMAN_MYELIN_112037,4,RIYYSPSIM,8,IFKLGGRDS,0,All manifest-contained 9-mer window combinations retained for sensitivity; not a predictor-selected register or a re-ranking score.
EBV_TCELL_1862913::HUMAN_MYELIN_112037,27,EBV_TCELL_1862913,HUMAN_MYELIN_112037,4,RIYYSPSIM,9,FKLGGRDSR,0,All manifest-contained 9-mer window combinations retained for sensitivity; not a predictor-selected register or a re-ranking score.
EBV_TCELL_1862913::HUMAN_MYELIN_112037,27,EBV_TCELL_1862913,HUMAN_MYELIN_112037,4,RIYYSPSIM,10,KLGGRDSRS,0,All manifest-contained 9-mer window combinations retained for sensitivity; not a predictor-selected register or a re-ranking score.
EBV_TCELL_1862913::HUMAN_MYELIN_112037,27,EBV_TCELL_1862913,HUMAN_MYELIN_112037,4,RIYYSPSIM,11,LGGRDSRSG,0,All manifest-contained 9-mer window combinations retained for sensitivity; not a predictor-selected register or a re-ranking score.
EBV_TCELL_1862913::HUMAN_MYELIN_112037,27,EBV_TCELL_1862913,HUMAN_MYELIN_112037,4,RIYYSPSIM,12,GGRDSRSGS,0,All manifest-contained 9-mer window combinations retained for sensitivity; not a predictor-selected register or a re-ranking score.
EBV_TCELL_1862913::HUMAN_MYELIN_112037,27,EBV_TCELL_1862913,HUMAN_MYELIN_112037,4,RIYYSPSIM,13,GRDSRSGSP,0,All manifest-contained 9-mer window combinations retained for sensitivity; not a predictor-selected register or a re-ranking score.
EBV_TCELL_1862913::HUMAN_MYELIN_112037,27,EBV_TCELL_1862913,HUMAN_MYELIN_112037,4,RIYYSPSIM,14,RDSRSGSPM,5,All manifest-contained 9-mer window combinations retained for sensitivity; not a predictor-selected register or a re-ranking score.
EBV_TCELL_1862913::HUMAN_MYELIN_112037,27,EBV_TCELL_1862913,HUMAN_MYELIN_112037,4,RIYYSPSIM,15,DSRSGSPMA,0,All manifest-contained 9-mer window combinations retained for sensitivity; not a predictor-selected register or a re-ranking score.
EBV_TCELL_1862913::HUMAN_MYELIN_112037,27,EBV_TCELL_1862913,HUMAN_MYELIN_112037,4,RIYYSPSIM,16,SRSGSPMAR,0,All manifest-contained 9-mer window combinations retained for sensitivity; not a predictor-selected register or a re-ranking score.
EBV_TCELL_1862913::HUMAN_MYELIN_112037,27,EBV_TCELL_1862913,HUMAN_MYELIN_112037,4,RIYYSPSIM,17,RSGSPMARR,0,All manifest-contained 9-mer window combinations retained for sensitivity; not a predictor-selected register or a re-ranking score.
EBV_TCELL_1862913::HUMAN_MYELIN_112037,27,EBV_TCELL_1862913,HUMAN_MYELIN_112037,5,IYYSPSIMH,1,AQGTLSKIF,0,All manifest-contained 9-mer window combinations retained for sensitivity; not a predictor-selected register or a re-ranking score.
EBV_TCELL_1862913::HUMAN_MYELIN_112037,27,EBV_TCELL_1862913,HUMAN_MYELIN_112037,5,IYYSPSIMH,2,QGTLSKIFK,0,All manifest-contained 9-mer window combinations retained for sensitivity; not a predictor-selected register or a re-ranking score.
EBV_TCELL_1862913::HUMAN_MYELIN_112037,27,EBV_TCELL_1862913,HUMAN_MYELIN_112037,5,IYYSPSIMH,3,GTLSKIFKL,0,All manifest-contained 9-mer window combinations retained for sensitivity; not a predictor-selected register or a re-ranking score.
EBV_TCELL_1862913::HUMAN_MYELIN_112037,27,EBV_TCELL_1862913,HUMAN_MYELIN_112037,5,IYYSPSIMH,4,TLSKIFKLG,0,All manifest-contained 9-mer window combinations retained for sensitivity; not a predictor-selected register or a re-ranking score.
EBV_TCELL_1862913::HUMAN_MYELIN_112037,27,EBV_TCELL_1862913,HUMAN_MYELIN_112037,5,IYYSPSIMH,5,LSKIFKLGG,0,All manifest-contained 9-mer window combinations retained for sensitivity; not a predictor-selected register or a re-ranking score.
EBV_TCELL_1862913::HUMAN_MYELIN_112037,27,EBV_TCELL_1862913,HUMAN_MYELIN_112037,5,IYYSPSIMH,6,SKIFKLGGR,0,All manifest-contained 9-mer window combinations retained for sensitivity; not a predictor-selected register or a re-ranking score.
EBV_TCELL_1862913::HUMAN_MYELIN_112037,27,EBV_TCELL_1862913,HUMAN_MYELIN_112037,5,IYYSPSIMH,7,KIFKLGGRD,0,All manifest-contained 9-mer window combinations retained for sensitivity; not a predictor-selected register or a re-ranking score.
EBV_TCELL_1862913::HUMAN_MYELIN_112037,27,EBV_TCELL_1862913,HUMAN_MYELIN_112037,5,IYYSPSIMH,8,IFKLGGRDS,0,All manifest-contained 9-mer window combinations retained for sensitivity; not a predictor-selected register or a re-ranking score.
EBV_TCELL_1862913::HUMAN_MYELIN_112037,27,EBV_TCELL_1862913,HUMAN_MYELIN_112037,5,IYYSPSIMH,9,FKLGGRDSR,0,All manifest-contained 9-mer window combinations retained for sensitivity; not a predictor-selected register or a re-ranking score.
EBV_TCELL_1862913::HUMAN_MYELIN_112037,27,EBV_TCELL_1862913,HUMAN_MYELIN_112037,5,IYYSPSIMH,10,KLGGRDSRS,0,All manifest-contained 9-mer window combinations retained for sensitivity; not a predictor-selected register or a re-ranking score.
EBV_TCELL_1862913::HUMAN_MYELIN_112037,27,EBV_TCELL_1862913,HUMAN_MYELIN_112037,5,IYYSPSIMH,11,LGGRDSRSG,0,All manifest-contained 9-mer window combinations retained for sensitivity; not a predictor-selected register or a re-ranking score.
EBV_TCELL_1862913::HUMAN_MYELIN_112037,27,EBV_TCELL_1862913,HUMAN_MYELIN_112037,5,IYYSPSIMH,12,GGRDSRSGS,0,All manifest-contained 9-mer window combinations retained for sensitivity; not a predictor-selected register or a re-ranking score.
EBV_TCELL_1862913::HUMAN_MYELIN_112037,27,EBV_TCELL_1862913,HUMAN_MYELIN_112037,5,IYYSPSIMH,13,GRDSRSGSP,0,All manifest-contained 9-mer window combinations retained for sensitivity; not a predictor-selected register or a re-ranking score.
EBV_TCELL_1862913::HUMAN_MYELIN_112037,27,EBV_TCELL_1862913,HUMAN_MYELIN_112037,5,IYYSPSIMH,14,RDSRSGSPM,0,All manifest-contained 9-mer window combinations retained for sensitivity; not a predictor-selected register or a re-ranking score.
EBV_TCELL_1862913::HUMAN_MYELIN_112037,27,EBV_TCELL_1862913,HUMAN_MYELIN_112037,5,IYYSPSIMH,15,DSRSGSPMA,6,All manifest-contained 9-mer window combinations retained for sensitivity; not a predictor-selected register or a re-ranking score.
EBV_TCELL_1862913::HUMAN_MYELIN_112037,27,EBV_TCELL_1862913,HUMAN_MYELIN_112037,5,IYYSPSIMH,16,SRSGSPMAR,0,All manifest-contained 9-mer window combinations retained for sensitivity; not a predictor-selected register or a re-ranking score.
EBV_TCELL_1862913::HUMAN_MYELIN_112037,27,EBV_TCELL_1862913,HUMAN_MYELIN_112037,5,IYYSPSIMH,17,RSGSPMARR,0,All manifest-contained 9-mer window combinations retained for sensitivity; not a predictor-selected register or a re-ranking score.
EBV_TCELL_1862913::HUMAN_MYELIN_112037,27,EBV_TCELL_1862913,HUMAN_MYELIN_112037,6,YYSPSIMHR,1,AQGTLSKIF,0,All manifest-contained 9-mer window combinations retained for sensitivity; not a predictor-selected register or a re-ranking score.
EBV_TCELL_1862913::HUMAN_MYELIN_112037,27,EBV_TCELL_1862913,HUMAN_MYELIN_112037,6,YYSPSIMHR,2,QGTLSKIFK,0,All manifest-contained 9-mer window combinations retained for sensitivity; not a predictor-selected register or a re-ranking score.
EBV_TCELL_1862913::HUMAN_MYELIN_112037,27,EBV_TCELL_1862913,HUMAN_MYELIN_112037,6,YYSPSIMHR,3,GTLSKIFKL,0,All manifest-contained 9-mer window combinations retained for sensitivity; not a predictor-selected register or a re-ranking score.
EBV_TCELL_1862913::HUMAN_MYELIN_112037,27,EBV_TCELL_1862913,HUMAN_MYELIN_112037,6,YYSPSIMHR,4,TLSKIFKLG,0,All manifest-contained 9-mer window combinations retained for sensitivity; not a predictor-selected register or a re-ranking score.
EBV_TCELL_1862913::HUMAN_MYELIN_112037,27,EBV_TCELL_1862913,HUMAN_MYELIN_112037,6,YYSPSIMHR,5,LSKIFKLGG,0,All manifest-contained 9-mer window combinations retained for sensitivity; not a predictor-selected register or a re-ranking score.
EBV_TCELL_1862913::HUMAN_MYELIN_112037,27,EBV_TCELL_1862913,HUMAN_MYELIN_112037,6,YYSPSIMHR,6,SKIFKLGGR,0,All manifest-contained 9-mer window combinations retained for sensitivity; not a predictor-selected register or a re-ranking score.
EBV_TCELL_1862913::HUMAN_MYELIN_112037,27,EBV_TCELL_1862913,HUMAN_MYELIN_112037,6,YYSPSIMHR,7,KIFKLGGRD,0,All manifest-contained 9-mer window combinations retained for sensitivity; not a predictor-selected register or a re-ranking score.
EBV_TCELL_1862913::HUMAN_MYELIN_112037,27,EBV_TCELL_1862913,HUMAN_MYELIN_112037,6,YYSPSIMHR,8,IFKLGGRDS,0,All manifest-contained 9-mer window combinations retained for sensitivity; not a predictor-selected register or a re-ranking score.
EBV_TCELL_1862913::HUMAN_MYELIN_112037,27,EBV_TCELL_1862913,HUMAN_MYELIN_112037,6,YYSPSIMHR,9,FKLGGRDSR,0,All manifest-contained 9-mer window combinations retained for sensitivity; not a predictor-selected register or a re-ranking score.
EBV_TCELL_1862913::HUMAN_MYELIN_112037,27,EBV_TCELL_1862913,HUMAN_MYELIN_112037,6,YYSPSIMHR,10,KLGGRDSRS,0,All manifest-contained 9-mer window combinations retained for sensitivity; not a predictor-selected register or a re-ranking score.
EBV_TCELL_1862913::HUMAN_MYELIN_112037,27,EBV_TCELL_1862913,HUMAN_MYELIN_112037,6,YYSPSIMHR,11,LGGRDSRSG,0,All manifest-contained 9-mer window combinations retained for sensitivity; not a predictor-selected register or a re-ranking score.
EBV_TCELL_1862913::HUMAN_MYELIN_112037,27,EBV_TCELL_1862913,HUMAN_MYELIN_112037,6,YYSPSIMHR,12,GGRDSRSGS,0,All manifest-contained 9-mer window combinations retained for sensitivity; not a predictor-selected register or a re-ranking score.
EBV_TCELL_1862913::HUMAN_MYELIN_112037,27,EBV_TCELL_1862913,HUMAN_MYELIN_112037,6,YYSPSIMHR,13,GRDSRSGSP,0,All manifest-contained 9-mer window combinations retained for sensitivity; not a predictor-selected register or a re-ranking score.
EBV_TCELL_1862913::HUMAN_MYELIN_112037,27,EBV_TCELL_1862913,HUMAN_MYELIN_112037,6,YYSPSIMHR,14,RDSRSGSPM,0,All manifest-contained 9-mer window combinations retained for sensitivity; not a predictor-selected register or a re-ranking score.
EBV_TCELL_1862913::HUMAN_MYELIN_112037,27,EBV_TCELL_1862913,HUMAN_MYELIN_112037,6,YYSPSIMHR,15,DSRSGSPMA,0,All manifest-contained 9-mer window combinations retained for sensitivity; not a predictor-selected register or a re-ranking score.
EBV_TCELL_1862913::HUMAN_MYELIN_112037,27,EBV_TCELL_1862913,HUMAN_MYELIN_112037,6,YYSPSIMHR,16,SRSGSPMAR,7,All manifest-contained 9-mer window combinations retained for sensitivity; not a predictor-selected register or a re-ranking score.
EBV_TCELL_1862913::HUMAN_MYELIN_112037,27,EBV_TCELL_1862913,HUMAN_MYELIN_112037,6,YYSPSIMHR,17,RSGSPMARR,0,All manifest-contained 9-mer window combinations retained for sensitivity; not a predictor-selected register or a re-ranking score.
EBV_TCELL_1862913::HUMAN_MYELIN_112037,27,EBV_TCELL_1862913,HUMAN_MYELIN_112037,7,YSPSIMHRY,1,AQGTLSKIF,0,All manifest-contained 9-mer window combinations retained for sensitivity; not a predictor-selected register or a re-ranking score.
EBV_TCELL_1862913::HUMAN_MYELIN_112037,27,EBV_TCELL_1862913,HUMAN_MYELIN_112037,7,YSPSIMHRY,2,QGTLSKIFK,0,All manifest-contained 9-mer window combinations retained for sensitivity; not a predictor-selected register or a re-ranking score.
EBV_TCELL_1862913::HUMAN_MYELIN_112037,27,EBV_TCELL_1862913,HUMAN_MYELIN_112037,7,YSPSIMHRY,3,GTLSKIFKL,0,All manifest-contained 9-mer window combinations retained for sensitivity; not a predictor-selected register or a re-ranking score.
EBV_TCELL_1862913::HUMAN_MYELIN_112037,27,EBV_TCELL_1862913,HUMAN_MYELIN_112037,7,YSPSIMHRY,4,TLSKIFKLG,0,All manifest-contained 9-mer window combinations retained for sensitivity; not a predictor-selected register or a re-ranking score.
EBV_TCELL_1862913::HUMAN_MYELIN_112037,27,EBV_TCELL_1862913,HUMAN_MYELIN_112037,7,YSPSIMHRY,5,LSKIFKLGG,0,All manifest-contained 9-mer window combinations retained for sensitivity; not a predictor-selected register or a re-ranking score.
EBV_TCELL_1862913::HUMAN_MYELIN_112037,27,EBV_TCELL_1862913,HUMAN_MYELIN_112037,7,YSPSIMHRY,6,SKIFKLGGR,0,All manifest-contained 9-mer window combinations retained for sensitivity; not a predictor-selected register or a re-ranking score.
EBV_TCELL_1862913::HUMAN_MYELIN_112037,27,EBV_TCELL_1862913,HUMAN_MYELIN_112037,7,YSPSIMHRY,7,KIFKLGGRD,0,All manifest-contained 9-mer window combinations retained for sensitivity; not a predictor-selected register or a re-ranking score.
EBV_TCELL_1862913::HUMAN_MYELIN_112037,27,EBV_TCELL_1862913,HUMAN_MYELIN_112037,7,YSPSIMHRY,8,IFKLGGRDS,0,All manifest-contained 9-mer window combinations retained for sensitivity; not a predictor-selected register or a re-ranking score.
EBV_TCELL_1862913::HUMAN_MYELIN_112037,27,EBV_TCELL_1862913,HUMAN_MYELIN_112037,7,YSPSIMHRY,9,FKLGGRDSR,0,All manifest-contained 9-mer window combinations retained for sensitivity; not a predictor-selected register or a re-ranking score.
EBV_TCELL_1862913::HUMAN_MYELIN_112037,27,EBV_TCELL_1862913,HUMAN_MYELIN_112037,7,YSPSIMHRY,10,KLGGRDSRS,0,All manifest-contained 9-mer window combinations retained for sensitivity; not a predictor-selected register or a re-ranking score.
EBV_TCELL_1862913::HUMAN_MYELIN_112037,27,EBV_TCELL_1862913,HUMAN_MYELIN_112037,7,YSPSIMHRY,11,LGGRDSRSG,0,All manifest-contained 9-mer window combinations retained for sensitivity; not a predictor-selected register or a re-ranking score.
EBV_TCELL_1862913::HUMAN_MYELIN_112037,27,EBV_TCELL_1862913,HUMAN_MYELIN_112037,7,YSPSIMHRY,12,GGRDSRSGS,0,All manifest-contained 9-mer window combinations retained for sensitivity; not a predictor-selected register or a re-ranking score.
EBV_TCELL_1862913::HUMAN_MYELIN_112037,27,EBV_TCELL_1862913,HUMAN_MYELIN_112037,7,YSPSIMHRY,13,GRDSRSGSP,0,All manifest-contained 9-mer window combinations retained for sensitivity; not a predictor-selected register or a re-ranking score.
EBV_TCELL_1862913::HUMAN_MYELIN_112037,27,EBV_TCELL_1862913,HUMAN_MYELIN_112037,7,YSPSIMHRY,14,RDSRSGSPM,0,All manifest-contained 9-mer window combinations retained for sensitivity; not a predictor-selected register or a re-ranking score.
EBV_TCELL_1862913::HUMAN_MYELIN_112037,27,EBV_TCELL_1862913,HUMAN_MYELIN_112037,7,YSPSIMHRY,15,DSRSGSPMA,0,All manifest-contained 9-mer window combinations retained for sensitivity; not a predictor-selected register or a re-ranking score.
EBV_TCELL_1862913::HUMAN_MYELIN_112037,27,EBV_TCELL_1862913,HUMAN_MYELIN_112037,7,YSPSIMHRY,16,SRSGSPMAR,0,All manifest-contained 9-mer window combinations retained for sensitivity; not a predictor-selected register or a re-ranking score.
EBV_TCELL_1862913::HUMAN_MYELIN_112037,27,EBV_TCELL_1862913,HUMAN_MYELIN_112037,7,YSPSIMHRY,17,RSGSPMARR,7,All manifest-contained 9-mer window combinations retained for sensitivity; not a predictor-selected register or a re-ranking score.
EBV_TCELL_1862913::HUMAN_MYELIN_112037,27,EBV_TCELL_1862913,HUMAN_MYELIN_112037,8,SPSIMHRYA,1,AQGTLSKIF,0,All manifest-contained 9-mer window combinations retained for sensitivity; not a predictor-selected register or a re-ranking score.
EBV_TCELL_1862913::HUMAN_MYELIN_112037,27,EBV_TCELL_1862913,HUMAN_MYELIN_112037,8,SPSIMHRYA,2,QGTLSKIFK,0,All manifest-contained 9-mer window combinations retained for sensitivity; not a predictor-selected register or a re-ranking score.
EBV_TCELL_1862913::HUMAN_MYELIN_112037,27,EBV_TCELL_1862913,HUMAN_MYELIN_112037,8,SPSIMHRYA,3,GTLSKIFKL,0,All manifest-contained 9-mer window combinations retained for sensitivity; not a predictor-selected register or a re-ranking score.
EBV_TCELL_1862913::HUMAN_MYELIN_112037,27,EBV_TCELL_1862913,HUMAN_MYELIN_112037,8,SPSIMHRYA,4,TLSKIFKLG,0,All manifest-contained 9-mer window combinations retained for sensitivity; not a predictor-selected register or a re-ranking score.
EBV_TCELL_1862913::HUMAN_MYELIN_112037,27,EBV_TCELL_1862913,HUMAN_MYELIN_112037,8,SPSIMHRYA,5,LSKIFKLGG,0,All manifest-contained 9-mer window combinations retained for sensitivity; not a predictor-selected register or a re-ranking score.
EBV_TCELL_1862913::HUMAN_MYELIN_112037,27,EBV_TCELL_1862913,HUMAN_MYELIN_112037,8,SPSIMHRYA,6,SKIFKLGGR,0,All manifest-contained 9-mer window combinations retained for sensitivity; not a predictor-selected register or a re-ranking score.
EBV_TCELL_1862913::HUMAN_MYELIN_112037,27,EBV_TCELL_1862913,HUMAN_MYELIN_112037,8,SPSIMHRYA,7,KIFKLGGRD,0,All manifest-contained 9-mer window combinations retained for sensitivity; not a predictor-selected register or a re-ranking score.
EBV_TCELL_1862913::HUMAN_MYELIN_112037,27,EBV_TCELL_1862913,HUMAN_MYELIN_112037,8,SPSIMHRYA,8,IFKLGGRDS,0,All manifest-contained 9-mer window combinations retained for sensitivity; not a predictor-selected register or a re-ranking score.
EBV_TCELL_1862913::HUMAN_MYELIN_112037,27,EBV_TCELL_1862913,HUMAN_MYELIN_112037,8,SPSIMHRYA,9,FKLGGRDSR,0,All manifest-contained 9-mer window combinations retained for sensitivity; not a predictor-selected register or a re-ranking score.
EBV_TCELL_1862913::HUMAN_MYELIN_112037,27,EBV_TCELL_1862913,HUMAN_MYELIN_112037,8,SPSIMHRYA,10,KLGGRDSRS,0,All manifest-contained 9-mer window combinations retained for sensitivity; not a predictor-selected register or a re-ranking score.
EBV_TCELL_1862913::HUMAN_MYELIN_112037,27,EBV_TCELL_1862913,HUMAN_MYELIN_112037,8,SPSIMHRYA,11,LGGRDSRSG,0,All manifest-contained 9-mer window combinations retained for sensitivity; not a predictor-selected register or a re-ranking score.
EBV_TCELL_1862913::HUMAN_MYELIN_112037,27,EBV_TCELL_1862913,HUMAN_MYELIN_112037,8,SPSIMHRYA,12,GGRDSRSGS,0,All manifest-contained 9-mer window combinations retained for sensitivity; not a predictor-selected register or a re-ranking score.
EBV_TCELL_1862913::HUMAN_MYELIN_112037,27,EBV_TCELL_1862913,HUMAN_MYELIN_112037,8,SPSIMHRYA,13,GRDSRSGSP,0,All manifest-contained 9-mer window combinations retained for sensitivity; not a predictor-selected register or a re-ranking score.
EBV_TCELL_1862913::HUMAN_MYELIN_112037,27,EBV_TCELL_1862913,HUMAN_MYELIN_112037,8,SPSIMHRYA,14,RDSRSGSPM,0,All manifest-contained 9-mer window combinations retained for sensitivity; not a predictor-selected register or a re-ranking score.
EBV_TCELL_1862913::HUMAN_MYELIN_112037,27,EBV_TCELL_1862913,HUMAN_MYELIN_112037,8,SPSIMHRYA,15,DSRSGSPMA,0,All manifest-contained 9-mer window combinations retained for sensitivity; not a predictor-selected register or a re-ranking score.
EBV_TCELL_1862913::HUMAN_MYELIN_112037,27,EBV_TCELL_1862913,HUMAN_MYELIN_112037,8,SPSIMHRYA,16,SRSGSPMAR,0,All manifest-contained 9-mer window combinations retained for sensitivity; not a predictor-selected register or a re-ranking score.
EBV_TCELL_1862913::HUMAN_MYELIN_112037,27,EBV_TCELL_1862913,HUMAN_MYELIN_112037,8,SPSIMHRYA,17,RSGSPMARR,0,All manifest-contained 9-mer window combinations retained for sensitivity; not a predictor-selected register or a re-ranking score.
EBV_TCELL_1862913::HUMAN_MYELIN_112037,27,EBV_TCELL_1862913,HUMAN_MYELIN_112037,9,PSIMHRYAV,1,AQGTLSKIF,0,All manifest-contained 9-mer window combinations retained for sensitivity; not a predictor-selected register or a re-ranking score.
EBV_TCELL_1862913::HUMAN_MYELIN_112037,27,EBV_TCELL_1862913,HUMAN_MYELIN_112037,9,PSIMHRYAV,2,QGTLSKIFK,0,All manifest-contained 9-mer window combinations retained for sensitivity; not a predictor-selected register or a re-ranking score.
EBV_TCELL_1862913::HUMAN_MYELIN_112037,27,EBV_TCELL_1862913,HUMAN_MYELIN_112037,9,PSIMHRYAV,3,GTLSKIFKL,0,All manifest-contained 9-mer window combinations retained for sensitivity; not a predictor-selected register or a re-ranking score.
EBV_TCELL_1862913::HUMAN_MYELIN_112037,27,EBV_TCELL_1862913,HUMAN_MYELIN_112037,9,PSIMHRYAV,4,TLSKIFKLG,0,All manifest-contained 9-mer window combinations retained for sensitivity; not a predictor-selected register or a re-ranking score.
EBV_TCELL_1862913::HUMAN_MYELIN_112037,27,EBV_TCELL_1862913,HUMAN_MYELIN_112037,9,PSIMHRYAV,5,LSKIFKLGG,0,All manifest-contained 9-mer window combinations retained for sensitivity; not a predictor-selected register or a re-ranking score.
EBV_TCELL_1862913::HUMAN_MYELIN_112037,27,EBV_TCELL_1862913,HUMAN_MYELIN_112037,9,PSIMHRYAV,6,SKIFKLGGR,0,All manifest-contained 9-mer window combinations retained for sensitivity; not a predictor-selected register or a re-ranking score.
EBV_TCELL_1862913::HUMAN_MYELIN_112037,27,EBV_TCELL_1862913,HUMAN_MYELIN_112037,9,PSIMHRYAV,7,KIFKLGGRD,0,All manifest-contained 9-mer window combinations retained for sensitivity; not a predictor-selected register or a re-ranking score.
EBV_TCELL_1862913::HUMAN_MYELIN_112037,27,EBV_TCELL_1862913,HUMAN_MYELIN_112037,9,PSIMHRYAV,8,IFKLGGRDS,0,All manifest-contained 9-mer window combinations retained for sensitivity; not a predictor-selected register or a re-ranking score.
EBV_TCELL_1862913::HUMAN_MYELIN_112037,27,EBV_TCELL_1862913,HUMAN_MYELIN_112037,9,PSIMHRYAV,9,FKLGGRDSR,0,All manifest-contained 9-mer window combinations retained for sensitivity; not a predictor-selected register or a re-ranking score.
EBV_TCELL_1862913::HUMAN_MYELIN_112037,27,EBV_TCELL_1862913,HUMAN_MYELIN_112037,9,PSIMHRYAV,10,KLGGRDSRS,0,All manifest-contained 9-mer window combinations retained for sensitivity; not a predictor-selected register or a re-ranking score.
EBV_TCELL_1862913::HUMAN_MYELIN_112037,27,EBV_TCELL_1862913,HUMAN_MYELIN_112037,9,PSIMHRYAV,11,LGGRDSRSG,0,All manifest-contained 9-mer window combinations retained for sensitivity; not a predictor-selected register or a re-ranking score.
EBV_TCELL_1862913::HUMAN_MYELIN_112037,27,EBV_TCELL_1862913,HUMAN_MYELIN_112037,9,PSIMHRYAV,12,GGRDSRSGS,0,All manifest-contained 9-mer window combinations retained for sensitivity; not a predictor-selected register or a re-ranking score.
EBV_TCELL_1862913::HUMAN_MYELIN_112037,27,EBV_TCELL_1862913,HUMAN_MYELIN_112037,9,PSIMHRYAV,13,GRDSRSGSP,0,All manifest-contained 9-mer window combinations retained for sensitivity; not a predictor-selected register or a re-ranking score.
EBV_TCELL_1862913::HUMAN_MYELIN_112037,27,EBV_TCELL_1862913,HUMAN_MYELIN_112037,9,PSIMHRYAV,14,RDSRSGSPM,0,All manifest-contained 9-mer window combinations retained for sensitivity; not a predictor-selected register or a re-ranking score.
EBV_TCELL_1862913::HUMAN_MYELIN_112037,27,EBV_TCELL_1862913,HUMAN_MYELIN_112037,9,PSIMHRYAV,15,DSRSGSPMA,0,All manifest-contained 9-mer window combinations retained for sensitivity; not a predictor-selected register or a re-ranking score.
EBV_TCELL_1862913::HUMAN_MYELIN_112037,27,EBV_TCELL_1862913,HUMAN_MYELIN_112037,9,PSIMHRYAV,16,SRSGSPMAR,0,All manifest-contained 9-mer window combinations retained for sensitivity; not a predictor-selected register or a re-ranking score.
EBV_TCELL_1862913::HUMAN_MYELIN_112037,27,EBV_TCELL_1862913,HUMAN_MYELIN_112037,9,PSIMHRYAV,17,RSGSPMARR,0,All manifest-contained 9-mer window combinations retained for sensitivity; not a predictor-selected register or a re-ranking score.
EBV_TCELL_1862913::HUMAN_MYELIN_112037,27,EBV_TCELL_1862913,HUMAN_MYELIN_112037,10,SIMHRYAVV,1,AQGTLSKIF,0,All manifest-contained 9-mer window combinations retained for sensitivity; not a predictor-selected register or a re-ranking score.
EBV_TCELL_1862913::HUMAN_MYELIN_112037,27,EBV_TCELL_1862913,HUMAN_MYELIN_112037,10,SIMHRYAVV,2,QGTLSKIFK,0,All manifest-contained 9-mer window combinations retained for sensitivity; not a predictor-selected register or a re-ranking score.
EBV_TCELL_1862913::HUMAN_MYELIN_112037,27,EBV_TCELL_1862913,HUMAN_MYELIN_112037,10,SIMHRYAVV,3,GTLSKIFKL,0,All manifest-contained 9-mer window combinations retained for sensitivity; not a predictor-selected register or a re-ranking score.
EBV_TCELL_1862913::HUMAN_MYELIN_112037,27,EBV_TCELL_1862913,HUMAN_MYELIN_112037,10,SIMHRYAVV,4,TLSKIFKLG,0,All manifest-contained 9-mer window combinations retained for sensitivity; not a predictor-selected register or a re-ranking score.
EBV_TCELL_1862913::HUMAN_MYELIN_112037,27,EBV_TCELL_1862913,HUMAN_MYELIN_112037,10,SIMHRYAVV,5,LSKIFKLGG,0,All manifest-contained 9-mer window combinations retained for sensitivity; not a predictor-selected register or a re-ranking score.
EBV_TCELL_1862913::HUMAN_MYELIN_112037,27,EBV_TCELL_1862913,HUMAN_MYELIN_112037,10,SIMHRYAVV,6,SKIFKLGGR,0,All manifest-contained 9-mer window combinations retained for sensitivity; not a predictor-selected register or a re-ranking score.
EBV_TCELL_1862913::HUMAN_MYELIN_112037,27,EBV_TCELL_1862913,HUMAN_MYELIN_112037,10,SIMHRYAVV,7,KIFKLGGRD,0,All manifest-contained 9-mer window combinations retained for sensitivity; not a predictor-selected register or a re-ranking score.
EBV_TCELL_1862913::HUMAN_MYELIN_112037,27,EBV_TCELL_1862913,HUMAN_MYELIN_112037,10,SIMHRYAVV,8,IFKLGGRDS,0,All manifest-contained 9-mer window combinations retained for sensitivity; not a predictor-selected register or a re-ranking score.
EBV_TCELL_1862913::HUMAN_MYELIN_112037,27,EBV_TCELL_1862913,HUMAN_MYELIN_112037,10,SIMHRYAVV,9,FKLGGRDSR,0,All manifest-contained 9-mer window combinations retained for sensitivity; not a predictor-selected register or a re-ranking score.
EBV_TCELL_1862913::HUMAN_MYELIN_112037,27,EBV_TCELL_1862913,HUMAN_MYELIN_112037,10,SIMHRYAVV,10,KLGGRDSRS,0,All manifest-contained 9-mer window combinations retained for sensitivity; not a predictor-selected register or a re-ranking score.
EBV_TCELL_1862913::HUMAN_MYELIN_112037,27,EBV_TCELL_1862913,HUMAN_MYELIN_112037,10,SIMHRYAVV,11,LGGRDSRSG,0,All manifest-contained 9-mer window combinations retained for sensitivity; not a predictor-selected register or a re-ranking score.
EBV_TCELL_1862913::HUMAN_MYELIN_112037,27,EBV_TCELL_1862913,HUMAN_MYELIN_112037,10,SIMHRYAVV,12,GGRDSRSGS,0,All manifest-contained 9-mer window combinations retained for sensitivity; not a predictor-selected register or a re-ranking score.
EBV_TCELL_1862913::HUMAN_MYELIN_112037,27,EBV_TCELL_1862913,HUMAN_MYELIN_112037,10,SIMHRYAVV,13,GRDSRSGSP,0,All manifest-contained 9-mer window combinations retained for sensitivity; not a predictor-selected register or a re-ranking score.
EBV_TCELL_1862913::HUMAN_MYELIN_112037,27,EBV_TCELL_1862913,HUMAN_MYELIN_112037,10,SIMHRYAVV,14,RDSRSGSPM,0,All manifest-contained 9-mer window combinations retained for sensitivity; not a predictor-selected register or a re-ranking score.
EBV_TCELL_1862913::HUMAN_MYELIN_112037,27,EBV_TCELL_1862913,HUMAN_MYELIN_112037,10,SIMHRYAVV,15,DSRSGSPMA,0,All manifest-contained 9-mer window combinations retained for sensitivity; not a predictor-selected register or a re-ranking score.
EBV_TCELL_1862913::HUMAN_MYELIN_112037,27,EBV_TCELL_1862913,HUMAN_MYELIN_112037,10,SIMHRYAVV,16,SRSGSPMAR,0,All manifest-contained 9-mer window combinations retained for sensitivity; not a predictor-selected register or a re-ranking score.
EBV_TCELL_1862913::HUMAN_MYELIN_112037,27,EBV_TCELL_1862913,HUMAN_MYELIN_112037,10,SIMHRYAVV,17,RSGSPMARR,0,All manifest-contained 9-mer window combinations retained for sensitivity; not a predictor-selected register or a re-ranking score.
EBV_TCELL_1862913::HUMAN_MYELIN_112037,27,EBV_TCELL_1862913,HUMAN_MYELIN_112037,11,IMHRYAVVQ,1,AQGTLSKIF,0,All manifest-contained 9-mer window combinations retained for sensitivity; not a predictor-selected register or a re-ranking score.
EBV_TCELL_1862913::HUMAN_MYELIN_112037,27,EBV_TCELL_1862913,HUMAN_MYELIN_112037,11,IMHRYAVVQ,2,QGTLSKIFK,0,All manifest-contained 9-mer window combinations retained for sensitivity; not a predictor-selected register or a re-ranking score.
EBV_TCELL_1862913::HUMAN_MYELIN_112037,27,EBV_TCELL_1862913,HUMAN_MYELIN_112037,11,IMHRYAVVQ,3,GTLSKIFKL,0,All manifest-contained 9-mer window combinations retained for sensitivity; not a predictor-selected register or a re-ranking score.
EBV_TCELL_1862913::HUMAN_MYELIN_112037,27,EBV_TCELL_1862913,HUMAN_MYELIN_112037,11,IMHRYAVVQ,4,TLSKIFKLG,0,All manifest-contained 9-mer window combinations retained for sensitivity; not a predictor-selected register or a re-ranking score.
EBV_TCELL_1862913::HUMAN_MYELIN_112037,27,EBV_TCELL_1862913,HUMAN_MYELIN_112037,11,IMHRYAVVQ,5,LSKIFKLGG,0,All manifest-contained 9-mer window combinations retained for sensitivity; not a predictor-selected register or a re-ranking score.
EBV_TCELL_1862913::HUMAN_MYELIN_112037,27,EBV_TCELL_1862913,HUMAN_MYELIN_112037,11,IMHRYAVVQ,6,SKIFKLGGR,0,All manifest-contained 9-mer window combinations retained for sensitivity; not a predictor-selected register or a re-ranking score.
EBV_TCELL_1862913::HUMAN_MYELIN_112037,27,EBV_TCELL_1862913,HUMAN_MYELIN_112037,11,IMHRYAVVQ,7,KIFKLGGRD,0,All manifest-contained 9-mer window combinations retained for sensitivity; not a predictor-selected register or a re-ranking score.
EBV_TCELL_1862913::HUMAN_MYELIN_112037,27,EBV_TCELL_1862913,HUMAN_MYELIN_112037,11,IMHRYAVVQ,8,IFKLGGRDS,0,All manifest-contained 9-mer window combinations retained for sensitivity; not a predictor-selected register or a re-ranking score.
EBV_TCELL_1862913::HUMAN_MYELIN_112037,27,EBV_TCELL_1862913,HUMAN_MYELIN_112037,11,IMHRYAVVQ,9,FKLGGRDSR,0,All manifest-contained 9-mer window combinations retained for sensitivity; not a predictor-selected register or a re-ranking score.
EBV_TCELL_1862913::HUMAN_MYELIN_112037,27,EBV_TCELL_1862913,HUMAN_MYELIN_112037,11,IMHRYAVVQ,10,KLGGRDSRS,0,All manifest-contained 9-mer window combinations retained for sensitivity; not a predictor-selected register or a re-ranking score.
EBV_TCELL_1862913::HUMAN_MYELIN_112037,27,EBV_TCELL_1862913,HUMAN_MYELIN_112037,11,IMHRYAVVQ,11,LGGRDSRSG,0,All manifest-contained 9-mer window combinations retained for sensitivity; not a predictor-selected register or a re-ranking score.
EBV_TCELL_1862913::HUMAN_MYELIN_112037,27,EBV_TCELL_1862913,HUMAN_MYELIN_112037,11,IMHRYAVVQ,12,GGRDSRSGS,0,All manifest-contained 9-mer window combinations retained for sensitivity; not a predictor-selected register or a re-ranking score.
EBV_TCELL_1862913::HUMAN_MYELIN_112037,27,EBV_TCELL_1862913,HUMAN_MYELIN_112037,11,IMHRYAVVQ,13,GRDSRSGSP,0,All manifest-contained 9-mer window combinations retained for sensitivity; not a predictor-selected register or a re-ranking score.
EBV_TCELL_1862913::HUMAN_MYELIN_112037,27,EBV_TCELL_1862913,HUMAN_MYELIN_112037,11,IMHRYAVVQ,14,RDSRSGSPM,0,All manifest-contained 9-mer window combinations retained for sensitivity; not a predictor-selected register or a re-ranking score.
EBV_TCELL_1862913::HUMAN_MYELIN_112037,27,EBV_TCELL_1862913,HUMAN_MYELIN_112037,11,IMHRYAVVQ,15,DSRSGSPMA,0,All manifest-contained 9-mer window combinations retained for sensitivity; not a predictor-selected register or a re-ranking score.
EBV_TCELL_1862913::HUMAN_MYELIN_112037,27,EBV_TCELL_1862913,HUMAN_MYELIN_112037,11,IMHRYAVVQ,16,SRSGSPMAR,0,All manifest-contained 9-mer window combinations retained for sensitivity; not a predictor-selected register or a re-ranking score.
EBV_TCELL_1862913::HUMAN_MYELIN_112037,27,EBV_TCELL_1862913,HUMAN_MYELIN_112037,11,IMHRYAVVQ,17,RSGSPMARR,0,All manifest-contained 9-mer window combinations retained for sensitivity; not a predictor-selected register or a re-ranking score.
EBV_TCELL_1862913::HUMAN_MYELIN_112037,27,EBV_TCELL_1862913,HUMAN_MYELIN_112037,12,MHRYAVVQP,1,AQGTLSKIF,0,All manifest-contained 9-mer window combinations retained for sensitivity; not a predictor-selected register or a re-ranking score.
EBV_TCELL_1862913::HUMAN_MYELIN_112037,27,EBV_TCELL_1862913,HUMAN_MYELIN_112037,12,MHRYAVVQP,2,QGTLSKIFK,0,All manifest-contained 9-mer window combinations retained for sensitivity; not a predictor-selected register or a re-ranking score.
EBV_TCELL_1862913::HUMAN_MYELIN_112037,27,EBV_TCELL_1862913,HUMAN_MYELIN_112037,12,MHRYAVVQP,3,GTLSKIFKL,0,All manifest-contained 9-mer window combinations retained for sensitivity; not a predictor-selected register or a re-ranking score.
EBV_TCELL_1862913::HUMAN_MYELIN_112037,27,EBV_TCELL_1862913,HUMAN_MYELIN_112037,12,MHRYAVVQP,4,TLSKIFKLG,0,All manifest-contained 9-mer window combinations retained for sensitivity; not a predictor-selected register or a re-ranking score.
EBV_TCELL_1862913::HUMAN_MYELIN_112037,27,EBV_TCELL_1862913,HUMAN_MYELIN_112037,12,MHRYAVVQP,5,LSKIFKLGG,0,All manifest-contained 9-mer window combinations retained for sensitivity; not a predictor-selected register or a re-ranking score.
EBV_TCELL_1862913::HUMAN_MYELIN_112037,27,EBV_TCELL_1862913,HUMAN_MYELIN_112037,12,MHRYAVVQP,6,SKIFKLGGR,0,All manifest-contained 9-mer window combinations retained for sensitivity; not a predictor-selected register or a re-ranking score.
EBV_TCELL_1862913::HUMAN_MYELIN_112037,27,EBV_TCELL_1862913,HUMAN_MYELIN_112037,12,MHRYAVVQP,7,KIFKLGGRD,0,All manifest-contained 9-mer window combinations retained for sensitivity; not a predictor-selected register or a re-ranking score.
EBV_TCELL_1862913::HUMAN_MYELIN_112037,27,EBV_TCELL_1862913,HUMAN_MYELIN_112037,12,MHRYAVVQP,8,IFKLGGRDS,0,All manifest-contained 9-mer window combinations retained for sensitivity; not a predictor-selected register or a re-ranking score.
EBV_TCELL_1862913::HUMAN_MYELIN_112037,27,EBV_TCELL_1862913,HUMAN_MYELIN_112037,12,MHRYAVVQP,9,FKLGGRDSR,0,All manifest-contained 9-mer window combinations retained for sensitivity; not a predictor-selected register or a re-ranking score.
EBV_TCELL_1862913::HUMAN_MYELIN_112037,27,EBV_TCELL_1862913,HUMAN_MYELIN_112037,12,MHRYAVVQP,10,KLGGRDSRS,0,All manifest-contained 9-mer window combinations retained for sensitivity; not a predictor-selected register or a re-ranking score.
EBV_TCELL_1862913::HUMAN_MYELIN_112037,27,EBV_TCELL_1862913,HUMAN_MYELIN_112037,12,MHRYAVVQP,11,LGGRDSRSG,0,All manifest-contained 9-mer window combinations retained for sensitivity; not a predictor-selected register or a re-ranking score.
EBV_TCELL_1862913::HUMAN_MYELIN_112037,27,EBV_TCELL_1862913,HUMAN_MYELIN_112037,12,MHRYAVVQP,12,GGRDSRSGS,0,All manifest-contained 9-mer window combinations retained for sensitivity; not a predictor-selected register or a re-ranking score.
EBV_TCELL_1862913::HUMAN_MYELIN_112037,27,EBV_TCELL_1862913,HUMAN_MYELIN_112037,12,MHRYAVVQP,13,GRDSRSGSP,0,All manifest-contained 9-mer window combinations retained for sensitivity; not a predictor-selected register or a re-ranking score.
EBV_TCELL_1862913::HUMAN_MYELIN_112037,27,EBV_TCELL_1862913,HUMAN_MYELIN_112037,12,MHRYAVVQP,14,RDSRSGSPM,0,All manifest-contained 9-mer window combinations retained for sensitivity; not a predictor-selected register or a re-ranking score.
EBV_TCELL_1862913::HUMAN_MYELIN_112037,27,EBV_TCELL_1862913,HUMAN_MYELIN_112037,12,MHRYAVVQP,15,DSRSGSPMA,0,All manifest-contained 9-mer window combinations retained for sensitivity; not a predictor-selected register or a re-ranking score.
EBV_TCELL_1862913::HUMAN_MYELIN_112037,27,EBV_TCELL_1862913,HUMAN_MYELIN_112037,12,MHRYAVVQP,16,SRSGSPMAR,0,All manifest-contained 9-mer window combinations retained for sensitivity; not a predictor-selected register or a re-ranking score.
EBV_TCELL_1862913::HUMAN_MYELIN_112037,27,EBV_TCELL_1862913,HUMAN_MYELIN_112037,12,MHRYAVVQP,17,RSGSPMARR,0,All manifest-contained 9-mer window combinations retained for sensitivity; not a predictor-selected register or a re-ranking score.
EBV_TCELL_2268741::HUMAN_MYELIN_117032,28,EBV_TCELL_2268741,HUMAN_MYELIN_117032,1,IMNILRIYY,1,KVCGSNLLS,0,All manifest-contained 9-mer window combinations retained for sensitivity; not a predictor-selected register or a re-ranking score.
EBV_TCELL_2268741::HUMAN_MYELIN_117032,28,EBV_TCELL_2268741,HUMAN_MYELIN_117032,1,IMNILRIYY,2,VCGSNLLSI,0,All manifest-contained 9-mer window combinations retained for sensitivity; not a predictor-selected register or a re-ranking score.
EBV_TCELL_2268741::HUMAN_MYELIN_117032,28,EBV_TCELL_2268741,HUMAN_MYELIN_117032,1,IMNILRIYY,3,CGSNLLSIC,0,All manifest-contained 9-mer window combinations retained for sensitivity; not a predictor-selected register or a re-ranking score.
EBV_TCELL_2268741::HUMAN_MYELIN_117032,28,EBV_TCELL_2268741,HUMAN_MYELIN_117032,1,IMNILRIYY,4,GSNLLSICK,5,All manifest-contained 9-mer window combinations retained for sensitivity; not a predictor-selected register or a re-ranking score.
EBV_TCELL_2268741::HUMAN_MYELIN_117032,28,EBV_TCELL_2268741,HUMAN_MYELIN_117032,1,IMNILRIYY,5,SNLLSICKT,0,All manifest-contained 9-mer window combinations retained for sensitivity; not a predictor-selected register or a re-ranking score.
EBV_TCELL_2268741::HUMAN_MYELIN_117032,28,EBV_TCELL_2268741,HUMAN_MYELIN_117032,1,IMNILRIYY,6,NLLSICKTA,0,All manifest-contained 9-mer window combinations retained for sensitivity; not a predictor-selected register or a re-ranking score.
EBV_TCELL_2268741::HUMAN_MYELIN_117032,28,EBV_TCELL_2268741,HUMAN_MYELIN_117032,1,IMNILRIYY,7,LLSICKTAE,0,All manifest-contained 9-mer window combinations retained for sensitivity; not a predictor-selected register or a re-ranking score.
EBV_TCELL_2268741::HUMAN_MYELIN_117032,28,EBV_TCELL_2268741,HUMAN_MYELIN_117032,1,IMNILRIYY,8,LSICKTAEF,0,All manifest-contained 9-mer window combinations retained for sensitivity; not a predictor-selected register or a re-ranking score.
EBV_TCELL_2268741::HUMAN_MYELIN_117032,28,EBV_TCELL_2268741,HUMAN_MYELIN_117032,1,IMNILRIYY,9,SICKTAEFQ,0,All manifest-contained 9-mer window combinations retained for sensitivity; not a predictor-selected register or a re-ranking score.
EBV_TCELL_2268741::HUMAN_MYELIN_117032,28,EBV_TCELL_2268741,HUMAN_MYELIN_117032,1,IMNILRIYY,10,ICKTAEFQM,0,All manifest-contained 9-mer window combinations retained for sensitivity; not a predictor-selected register or a re-ranking score.
EBV_TCELL_2268741::HUMAN_MYELIN_117032,28,EBV_TCELL_2268741,HUMAN_MYELIN_117032,1,IMNILRIYY,11,CKTAEFQMT,0,All manifest-contained 9-mer window combinations retained for sensitivity; not a predictor-selected register or a re-ranking score.
EBV_TCELL_2268741::HUMAN_MYELIN_117032,28,EBV_TCELL_2268741,HUMAN_MYELIN_117032,1,IMNILRIYY,12,KTAEFQMTF,0,All manifest-contained 9-mer window combinations retained for sensitivity; not a predictor-selected register or a re-ranking score.
EBV_TCELL_2268741::HUMAN_MYELIN_117032,28,EBV_TCELL_2268741,HUMAN_MYELIN_117032,1,IMNILRIYY,13,TAEFQMTFH,0,All manifest-contained 9-mer window combinations retained for sensitivity; not a predictor-selected register or a re-ranking score.
EBV_TCELL_2268741::HUMAN_MYELIN_117032,28,EBV_TCELL_2268741,HUMAN_MYELIN_117032,1,IMNILRIYY,14,AEFQMTFHL,0,All manifest-contained 9-mer window combinations retained for sensitivity; not a predictor-selected register or a re-ranking score.
EBV_TCELL_2268741::HUMAN_MYELIN_117032,28,EBV_TCELL_2268741,HUMAN_MYELIN_117032,1,IMNILRIYY,15,EFQMTFHLF,0,All manifest-contained 9-mer window combinations retained for sensitivity; not a predictor-selected register or a re-ranking score.
EBV_TCELL_2268741::HUMAN_MYELIN_117032,28,EBV_TCELL_2268741,HUMAN_MYELIN_117032,1,IMNILRIYY,16,FQMTFHLFI,0,All manifest-contained 9-mer window combinations retained for sensitivity; not a predictor-selected register or a re-ranking score.
EBV_TCELL_2268741::HUMAN_MYELIN_117032,28,EBV_TCELL_2268741,HUMAN_MYELIN_117032,1,IMNILRIYY,17,QMTFHLFIA,0,All manifest-contained 9-mer window combinations retained for sensitivity; not a predictor-selected register or a re-ranking score.
EBV_TCELL_2268741::HUMAN_MYELIN_117032,28,EBV_TCELL_2268741,HUMAN_MYELIN_117032,1,IMNILRIYY,18,MTFHLFIAA,0,All manifest-contained 9-mer window combinations retained for sensitivity; not a predictor-selected register or a re-ranking score.
EBV_TCELL_2268741::HUMAN_MYELIN_117032,28,EBV_TCELL_2268741,HUMAN_MYELIN_117032,1,IMNILRIYY,19,TFHLFIAAF,0,All manifest-contained 9-mer window combinations retained for sensitivity; not a predictor-selected register or a re-ranking score.
EBV_TCELL_2268741::HUMAN_MYELIN_117032,28,EBV_TCELL_2268741,HUMAN_MYELIN_117032,1,IMNILRIYY,20,FHLFIAAFV,0,All manifest-contained 9-mer window combinations retained for sensitivity; not a predictor-selected register or a re-ranking score.
EBV_TCELL_2268741::HUMAN_MYELIN_117032,28,EBV_TCELL_2268741,HUMAN_MYELIN_117032,1,IMNILRIYY,21,HLFIAAFVG,0,All manifest-contained 9-mer window combinations retained for sensitivity; not a predictor-selected register or a re-ranking score.
EBV_TCELL_2268741::HUMAN_MYELIN_117032,28,EBV_TCELL_2268741,HUMAN_MYELIN_117032,1,IMNILRIYY,22,LFIAAFVGA,0,All manifest-contained 9-mer window combinations retained for sensitivity; not a predictor-selected register or a re-ranking score.
EBV_TCELL_2268741::HUMAN_MYELIN_117032,28,EBV_TCELL_2268741,HUMAN_MYELIN_117032,1,IMNILRIYY,23,FIAAFVGAA,0,All manifest-contained 9-mer window combinations retained for sensitivity; not a predictor-selected register or a re-ranking score.
EBV_TCELL_2268741::HUMAN_MYELIN_117032,28,EBV_TCELL_2268741,HUMAN_MYELIN_117032,1,IMNILRIYY,24,IAAFVGAAA,0,All manifest-contained 9-mer window combinations retained for sensitivity; not a predictor-selected register or a re-ranking score.
EBV_TCELL_2268741::HUMAN_MYELIN_117032,28,EBV_TCELL_2268741,HUMAN_MYELIN_117032,2,MNILRIYYS,1,KVCGSNLLS,0,All manifest-contained 9-mer window combinations retained for sensitivity; not a predictor-selected register or a re-ranking score.
EBV_TCELL_2268741::HUMAN_MYELIN_117032,28,EBV_TCELL_2268741,HUMAN_MYELIN_117032,2,MNILRIYYS,2,VCGSNLLSI,0,All manifest-contained 9-mer window combinations retained for sensitivity; not a predictor-selected register or a re-ranking score.
EBV_TCELL_2268741::HUMAN_MYELIN_117032,28,EBV_TCELL_2268741,HUMAN_MYELIN_117032,2,MNILRIYYS,3,CGSNLLSIC,0,All manifest-contained 9-mer window combinations retained for sensitivity; not a predictor-selected register or a re-ranking score.
EBV_TCELL_2268741::HUMAN_MYELIN_117032,28,EBV_TCELL_2268741,HUMAN_MYELIN_117032,2,MNILRIYYS,4,GSNLLSICK,0,All manifest-contained 9-mer window combinations retained for sensitivity; not a predictor-selected register or a re-ranking score.
EBV_TCELL_2268741::HUMAN_MYELIN_117032,28,EBV_TCELL_2268741,HUMAN_MYELIN_117032,2,MNILRIYYS,5,SNLLSICKT,5,All manifest-contained 9-mer window combinations retained for sensitivity; not a predictor-selected register or a re-ranking score.
EBV_TCELL_2268741::HUMAN_MYELIN_117032,28,EBV_TCELL_2268741,HUMAN_MYELIN_117032,2,MNILRIYYS,6,NLLSICKTA,0,All manifest-contained 9-mer window combinations retained for sensitivity; not a predictor-selected register or a re-ranking score.
EBV_TCELL_2268741::HUMAN_MYELIN_117032,28,EBV_TCELL_2268741,HUMAN_MYELIN_117032,2,MNILRIYYS,7,LLSICKTAE,0,All manifest-contained 9-mer window combinations retained for sensitivity; not a predictor-selected register or a re-ranking score.
EBV_TCELL_2268741::HUMAN_MYELIN_117032,28,EBV_TCELL_2268741,HUMAN_MYELIN_117032,2,MNILRIYYS,8,LSICKTAEF,0,All manifest-contained 9-mer window combinations retained for sensitivity; not a predictor-selected register or a re-ranking score.
EBV_TCELL_2268741::HUMAN_MYELIN_117032,28,EBV_TCELL_2268741,HUMAN_MYELIN_117032,2,MNILRIYYS,9,SICKTAEFQ,0,All manifest-contained 9-mer window combinations retained for sensitivity; not a predictor-selected register or a re-ranking score.
EBV_TCELL_2268741::HUMAN_MYELIN_117032,28,EBV_TCELL_2268741,HUMAN_MYELIN_117032,2,MNILRIYYS,10,ICKTAEFQM,0,All manifest-contained 9-mer window combinations retained for sensitivity; not a predictor-selected register or a re-ranking score.
EBV_TCELL_2268741::HUMAN_MYELIN_117032,28,EBV_TCELL_2268741,HUMAN_MYELIN_117032,2,MNILRIYYS,11,CKTAEFQMT,0,All manifest-contained 9-mer window combinations retained for sensitivity; not a predictor-selected register or a re-ranking score.
EBV_TCELL_2268741::HUMAN_MYELIN_117032,28,EBV_TCELL_2268741,HUMAN_MYELIN_117032,2,MNILRIYYS,12,KTAEFQMTF,0,All manifest-contained 9-mer window combinations retained for sensitivity; not a predictor-selected register or a re-ranking score.
EBV_TCELL_2268741::HUMAN_MYELIN_117032,28,EBV_TCELL_2268741,HUMAN_MYELIN_117032,2,MNILRIYYS,13,TAEFQMTFH,0,All manifest-contained 9-mer window combinations retained for sensitivity; not a predictor-selected register or a re-ranking score.
EBV_TCELL_2268741::HUMAN_MYELIN_117032,28,EBV_TCELL_2268741,HUMAN_MYELIN_117032,2,MNILRIYYS,14,AEFQMTFHL,0,All manifest-contained 9-mer window combinations retained for sensitivity; not a predictor-selected register or a re-ranking score.
EBV_TCELL_2268741::HUMAN_MYELIN_117032,28,EBV_TCELL_2268741,HUMAN_MYELIN_117032,2,MNILRIYYS,15,EFQMTFHLF,0,All manifest-contained 9-mer window combinations retained for sensitivity; not a predictor-selected register or a re-ranking score.
EBV_TCELL_2268741::HUMAN_MYELIN_117032,28,EBV_TCELL_2268741,HUMAN_MYELIN_117032,2,MNILRIYYS,16,FQMTFHLFI,0,All manifest-contained 9-mer window combinations retained for sensitivity; not a predictor-selected register or a re-ranking score.
EBV_TCELL_2268741::HUMAN_MYELIN_117032,28,EBV_TCELL_2268741,HUMAN_MYELIN_117032,2,MNILRIYYS,17,QMTFHLFIA,0,All manifest-contained 9-mer window combinations retained for sensitivity; not a predictor-selected register or a re-ranking score.
EBV_TCELL_2268741::HUMAN_MYELIN_117032,28,EBV_TCELL_2268741,HUMAN_MYELIN_117032,2,MNILRIYYS,18,MTFHLFIAA,0,All manifest-contained 9-mer window combinations retained for sensitivity; not a predictor-selected register or a re-ranking score.
EBV_TCELL_2268741::HUMAN_MYELIN_117032,28,EBV_TCELL_2268741,HUMAN_MYELIN_117032,2,MNILRIYYS,19,TFHLFIAAF,0,All manifest-contained 9-mer window combinations retained for sensitivity; not a predictor-selected register or a re-ranking score.
EBV_TCELL_2268741::HUMAN_MYELIN_117032,28,EBV_TCELL_2268741,HUMAN_MYELIN_117032,2,MNILRIYYS,20,FHLFIAAFV,0,All manifest-contained 9-mer window combinations retained for sensitivity; not a predictor-selected register or a re-ranking score.
EBV_TCELL_2268741::HUMAN_MYELIN_117032,28,EBV_TCELL_2268741,HUMAN_MYELIN_117032,2,MNILRIYYS,21,HLFIAAFVG,0,All manifest-contained 9-mer window combinations retained for sensitivity; not a predictor-selected register or a re-ranking score.
EBV_TCELL_2268741::HUMAN_MYELIN_117032,28,EBV_TCELL_2268741,HUMAN_MYELIN_117032,2,MNILRIYYS,22,LFIAAFVGA,0,All manifest-contained 9-mer window combinations retained for sensitivity; not a predictor-selected register or a re-ranking score.
EBV_TCELL_2268741::HUMAN_MYELIN_117032,28,EBV_TCELL_2268741,HUMAN_MYELIN_117032,2,MNILRIYYS,23,FIAAFVGAA,0,All manifest-contained 9-mer window combinations retained for sensitivity; not a predictor-selected register or a re-ranking score.
EBV_TCELL_2268741::HUMAN_MYELIN_117032,28,EBV_TCELL_2268741,HUMAN_MYELIN_117032,2,MNILRIYYS,24,IAAFVGAAA,0,All manifest-contained 9-mer window combinations retained for sensitivity; not a predictor-selected register or a re-ranking score.
EBV_TCELL_2268741::HUMAN_MYELIN_117032,28,EBV_TCELL_2268741,HUMAN_MYELIN_117032,3,NILRIYYSP,1,KVCGSNLLS,0,All manifest-contained 9-mer window combinations retained for sensitivity; not a predictor-selected register or a re-ranking score.
EBV_TCELL_2268741::HUMAN_MYELIN_117032,28,EBV_TCELL_2268741,HUMAN_MYELIN_117032,3,NILRIYYSP,2,VCGSNLLSI,0,All manifest-contained 9-mer window combinations retained for sensitivity; not a predictor-selected register or a re-ranking score.
EBV_TCELL_2268741::HUMAN_MYELIN_117032,28,EBV_TCELL_2268741,HUMAN_MYELIN_117032,3,NILRIYYSP,3,CGSNLLSIC,0,All manifest-contained 9-mer window combinations retained for sensitivity; not a predictor-selected register or a re-ranking score.
EBV_TCELL_2268741::HUMAN_MYELIN_117032,28,EBV_TCELL_2268741,HUMAN_MYELIN_117032,3,NILRIYYSP,4,GSNLLSICK,0,All manifest-contained 9-mer window combinations retained for sensitivity; not a predictor-selected register or a re-ranking score.
EBV_TCELL_2268741::HUMAN_MYELIN_117032,28,EBV_TCELL_2268741,HUMAN_MYELIN_117032,3,NILRIYYSP,5,SNLLSICKT,0,All manifest-contained 9-mer window combinations retained for sensitivity; not a predictor-selected register or a re-ranking score.
EBV_TCELL_2268741::HUMAN_MYELIN_117032,28,EBV_TCELL_2268741,HUMAN_MYELIN_117032,3,NILRIYYSP,6,NLLSICKTA,5,All manifest-contained 9-mer window combinations retained for sensitivity; not a predictor-selected register or a re-ranking score.
EBV_TCELL_2268741::HUMAN_MYELIN_117032,28,EBV_TCELL_2268741,HUMAN_MYELIN_117032,3,NILRIYYSP,7,LLSICKTAE,0,All manifest-contained 9-mer window combinations retained for sensitivity; not a predictor-selected register or a re-ranking score.
EBV_TCELL_2268741::HUMAN_MYELIN_117032,28,EBV_TCELL_2268741,HUMAN_MYELIN_117032,3,NILRIYYSP,8,LSICKTAEF,0,All manifest-contained 9-mer window combinations retained for sensitivity; not a predictor-selected register or a re-ranking score.
EBV_TCELL_2268741::HUMAN_MYELIN_117032,28,EBV_TCELL_2268741,HUMAN_MYELIN_117032,3,NILRIYYSP,9,SICKTAEFQ,0,All manifest-contained 9-mer window combinations retained for sensitivity; not a predictor-selected register or a re-ranking score.
EBV_TCELL_2268741::HUMAN_MYELIN_117032,28,EBV_TCELL_2268741,HUMAN_MYELIN_117032,3,NILRIYYSP,10,ICKTAEFQM,0,All manifest-contained 9-mer window combinations retained for sensitivity; not a predictor-selected register or a re-ranking score.
EBV_TCELL_2268741::HUMAN_MYELIN_117032,28,EBV_TCELL_2268741,HUMAN_MYELIN_117032,3,NILRIYYSP,11,CKTAEFQMT,0,All manifest-contained 9-mer window combinations retained for sensitivity; not a predictor-selected register or a re-ranking score.
EBV_TCELL_2268741::HUMAN_MYELIN_117032,28,EBV_TCELL_2268741,HUMAN_MYELIN_117032,3,NILRIYYSP,12,KTAEFQMTF,0,All manifest-contained 9-mer window combinations retained for sensitivity; not a predictor-selected register or a re-ranking score.
EBV_TCELL_2268741::HUMAN_MYELIN_117032,28,EBV_TCELL_2268741,HUMAN_MYELIN_117032,3,NILRIYYSP,13,TAEFQMTFH,0,All manifest-contained 9-mer window combinations retained for sensitivity; not a predictor-selected register or a re-ranking score.
EBV_TCELL_2268741::HUMAN_MYELIN_117032,28,EBV_TCELL_2268741,HUMAN_MYELIN_117032,3,NILRIYYSP,14,AEFQMTFHL,0,All manifest-contained 9-mer window combinations retained for sensitivity; not a predictor-selected register or a re-ranking score.
EBV_TCELL_2268741::HUMAN_MYELIN_117032,28,EBV_TCELL_2268741,HUMAN_MYELIN_117032,3,NILRIYYSP,15,EFQMTFHLF,0,All manifest-contained 9-mer window combinations retained for sensitivity; not a predictor-selected register or a re-ranking score.
EBV_TCELL_2268741::HUMAN_MYELIN_117032,28,EBV_TCELL_2268741,HUMAN_MYELIN_117032,3,NILRIYYSP,16,FQMTFHLFI,0,All manifest-contained 9-mer window combinations retained for sensitivity; not a predictor-selected register or a re-ranking score.
EBV_TCELL_2268741::HUMAN_MYELIN_117032,28,EBV_TCELL_2268741,HUMAN_MYELIN_117032,3,NILRIYYSP,17,QMTFHLFIA,0,All manifest-contained 9-mer window combinations retained for sensitivity; not a predictor-selected register or a re-ranking score.
EBV_TCELL_2268741::HUMAN_MYELIN_117032,28,EBV_TCELL_2268741,HUMAN_MYELIN_117032,3,NILRIYYSP,18,MTFHLFIAA,0,All manifest-contained 9-mer window combinations retained for sensitivity; not a predictor-selected register or a re-ranking score.
EBV_TCELL_2268741::HUMAN_MYELIN_117032,28,EBV_TCELL_2268741,HUMAN_MYELIN_117032,3,NILRIYYSP,19,TFHLFIAAF,0,All manifest-contained 9-mer window combinations retained for sensitivity; not a predictor-selected register or a re-ranking score.
EBV_TCELL_2268741::HUMAN_MYELIN_117032,28,EBV_TCELL_2268741,HUMAN_MYELIN_117032,3,NILRIYYSP,20,FHLFIAAFV,0,All manifest-contained 9-mer window combinations retained for sensitivity; not a predictor-selected register or a re-ranking score.
EBV_TCELL_2268741::HUMAN_MYELIN_117032,28,EBV_TCELL_2268741,HUMAN_MYELIN_117032,3,NILRIYYSP,21,HLFIAAFVG,0,All manifest-contained 9-mer window combinations retained for sensitivity; not a predictor-selected register or a re-ranking score.
EBV_TCELL_2268741::HUMAN_MYELIN_117032,28,EBV_TCELL_2268741,HUMAN_MYELIN_117032,3,NILRIYYSP,22,LFIAAFVGA,0,All manifest-contained 9-mer window combinations retained for sensitivity; not a predictor-selected register or a re-ranking score.
EBV_TCELL_2268741::HUMAN_MYELIN_117032,28,EBV_TCELL_2268741,HUMAN_MYELIN_117032,3,NILRIYYSP,23,FIAAFVGAA,0,All manifest-contained 9-mer window combinations retained for sensitivity; not a predictor-selected register or a re-ranking score.
EBV_TCELL_2268741::HUMAN_MYELIN_117032,28,EBV_TCELL_2268741,HUMAN_MYELIN_117032,3,NILRIYYSP,24,IAAFVGAAA,0,All manifest-contained 9-mer window combinations retained for sensitivity; not a predictor-selected register or a re-ranking score.
EBV_TCELL_2268741::HUMAN_MYELIN_117032,28,EBV_TCELL_2268741,HUMAN_MYELIN_117032,4,ILRIYYSPS,1,KVCGSNLLS,0,All manifest-contained 9-mer window combinations retained for sensitivity; not a predictor-selected register or a re-ranking score.
EBV_TCELL_2268741::HUMAN_MYELIN_117032,28,EBV_TCELL_2268741,HUMAN_MYELIN_117032,4,ILRIYYSPS,2,VCGSNLLSI,0,All manifest-contained 9-mer window combinations retained for sensitivity; not a predictor-selected register or a re-ranking score.
EBV_TCELL_2268741::HUMAN_MYELIN_117032,28,EBV_TCELL_2268741,HUMAN_MYELIN_117032,4,ILRIYYSPS,3,CGSNLLSIC,0,All manifest-contained 9-mer window combinations retained for sensitivity; not a predictor-selected register or a re-ranking score.
EBV_TCELL_2268741::HUMAN_MYELIN_117032,28,EBV_TCELL_2268741,HUMAN_MYELIN_117032,4,ILRIYYSPS,4,GSNLLSICK,0,All manifest-contained 9-mer window combinations retained for sensitivity; not a predictor-selected register or a re-ranking score.
EBV_TCELL_2268741::HUMAN_MYELIN_117032,28,EBV_TCELL_2268741,HUMAN_MYELIN_117032,4,ILRIYYSPS,5,SNLLSICKT,0,All manifest-contained 9-mer window combinations retained for sensitivity; not a predictor-selected register or a re-ranking score.
EBV_TCELL_2268741::HUMAN_MYELIN_117032,28,EBV_TCELL_2268741,HUMAN_MYELIN_117032,4,ILRIYYSPS,6,NLLSICKTA,0,All manifest-contained 9-mer window combinations retained for sensitivity; not a predictor-selected register or a re-ranking score.
EBV_TCELL_2268741::HUMAN_MYELIN_117032,28,EBV_TCELL_2268741,HUMAN_MYELIN_117032,4,ILRIYYSPS,7,LLSICKTAE,4,All manifest-contained 9-mer window combinations retained for sensitivity; not a predictor-selected register or a re-ranking score.
EBV_TCELL_2268741::HUMAN_MYELIN_117032,28,EBV_TCELL_2268741,HUMAN_MYELIN_117032,4,ILRIYYSPS,8,LSICKTAEF,0,All manifest-contained 9-mer window combinations retained for sensitivity; not a predictor-selected register or a re-ranking score.
EBV_TCELL_2268741::HUMAN_MYELIN_117032,28,EBV_TCELL_2268741,HUMAN_MYELIN_117032,4,ILRIYYSPS,9,SICKTAEFQ,0,All manifest-contained 9-mer window combinations retained for sensitivity; not a predictor-selected register or a re-ranking score.
EBV_TCELL_2268741::HUMAN_MYELIN_117032,28,EBV_TCELL_2268741,HUMAN_MYELIN_117032,4,ILRIYYSPS,10,ICKTAEFQM,0,All manifest-contained 9-mer window combinations retained for sensitivity; not a predictor-selected register or a re-ranking score.
EBV_TCELL_2268741::HUMAN_MYELIN_117032,28,EBV_TCELL_2268741,HUMAN_MYELIN_117032,4,ILRIYYSPS,11,CKTAEFQMT,0,All manifest-contained 9-mer window combinations retained for sensitivity; not a predictor-selected register or a re-ranking score.
EBV_TCELL_2268741::HUMAN_MYELIN_117032,28,EBV_TCELL_2268741,HUMAN_MYELIN_117032,4,ILRIYYSPS,12,KTAEFQMTF,0,All manifest-contained 9-mer window combinations retained for sensitivity; not a predictor-selected register or a re-ranking score.
EBV_TCELL_2268741::HUMAN_MYELIN_117032,28,EBV_TCELL_2268741,HUMAN_MYELIN_117032,4,ILRIYYSPS,13,TAEFQMTFH,0,All manifest-contained 9-mer window combinations retained for sensitivity; not a predictor-selected register or a re-ranking score.
EBV_TCELL_2268741::HUMAN_MYELIN_117032,28,EBV_TCELL_2268741,HUMAN_MYELIN_117032,4,ILRIYYSPS,14,AEFQMTFHL,0,All manifest-contained 9-mer window combinations retained for sensitivity; not a predictor-selected register or a re-ranking score.
EBV_TCELL_2268741::HUMAN_MYELIN_117032,28,EBV_TCELL_2268741,HUMAN_MYELIN_117032,4,ILRIYYSPS,15,EFQMTFHLF,0,All manifest-contained 9-mer window combinations retained for sensitivity; not a predictor-selected register or a re-ranking score.
EBV_TCELL_2268741::HUMAN_MYELIN_117032,28,EBV_TCELL_2268741,HUMAN_MYELIN_117032,4,ILRIYYSPS,16,FQMTFHLFI,0,All manifest-contained 9-mer window combinations retained for sensitivity; not a predictor-selected register or a re-ranking score.
EBV_TCELL_2268741::HUMAN_MYELIN_117032,28,EBV_TCELL_2268741,HUMAN_MYELIN_117032,4,ILRIYYSPS,17,QMTFHLFIA,0,All manifest-contained 9-mer window combinations retained for sensitivity; not a predictor-selected register or a re-ranking score.
EBV_TCELL_2268741::HUMAN_MYELIN_117032,28,EBV_TCELL_2268741,HUMAN_MYELIN_117032,4,ILRIYYSPS,18,MTFHLFIAA,0,All manifest-contained 9-mer window combinations retained for sensitivity; not a predictor-selected register or a re-ranking score.
EBV_TCELL_2268741::HUMAN_MYELIN_117032,28,EBV_TCELL_2268741,HUMAN_MYELIN_117032,4,ILRIYYSPS,19,TFHLFIAAF,0,All manifest-contained 9-mer window combinations retained for sensitivity; not a predictor-selected register or a re-ranking score.
EBV_TCELL_2268741::HUMAN_MYELIN_117032,28,EBV_TCELL_2268741,HUMAN_MYELIN_117032,4,ILRIYYSPS,20,FHLFIAAFV,0,All manifest-contained 9-mer window combinations retained for sensitivity; not a predictor-selected register or a re-ranking score.
EBV_TCELL_2268741::HUMAN_MYELIN_117032,28,EBV_TCELL_2268741,HUMAN_MYELIN_117032,4,ILRIYYSPS,21,HLFIAAFVG,0,All manifest-contained 9-mer window combinations retained for sensitivity; not a predictor-selected register or a re-ranking score.
EBV_TCELL_2268741::HUMAN_MYELIN_117032,28,EBV_TCELL_2268741,HUMAN_MYELIN_117032,4,ILRIYYSPS,22,LFIAAFVGA,0,All manifest-contained 9-mer window combinations retained for sensitivity; not a predictor-selected register or a re-ranking score.
EBV_TCELL_2268741::HUMAN_MYELIN_117032,28,EBV_TCELL_2268741,HUMAN_MYELIN_117032,4,ILRIYYSPS,23,FIAAFVGAA,0,All manifest-contained 9-mer window combinations retained for sensitivity; not a predictor-selected register or a re-ranking score.
EBV_TCELL_2268741::HUMAN_MYELIN_117032,28,EBV_TCELL_2268741,HUMAN_MYELIN_117032,4,ILRIYYSPS,24,IAAFVGAAA,0,All manifest-contained 9-mer window combinations retained for sensitivity; not a predictor-selected register or a re-ranking score.
EBV_TCELL_2268741::HUMAN_MYELIN_117032,28,EBV_TCELL_2268741,HUMAN_MYELIN_117032,5,LRIYYSPSI,1,KVCGSNLLS,0,All manifest-contained 9-mer window combinations retained for sensitivity; not a predictor-selected register or a re-ranking score.
EBV_TCELL_2268741::HUMAN_MYELIN_117032,28,EBV_TCELL_2268741,HUMAN_MYELIN_117032,5,LRIYYSPSI,2,VCGSNLLSI,0,All manifest-contained 9-mer window combinations retained for sensitivity; not a predictor-selected register or a re-ranking score.
EBV_TCELL_2268741::HUMAN_MYELIN_117032,28,EBV_TCELL_2268741,HUMAN_MYELIN_117032,5,LRIYYSPSI,3,CGSNLLSIC,0,All manifest-contained 9-mer window combinations retained for sensitivity; not a predictor-selected register or a re-ranking score.
EBV_TCELL_2268741::HUMAN_MYELIN_117032,28,EBV_TCELL_2268741,HUMAN_MYELIN_117032,5,LRIYYSPSI,4,GSNLLSICK,0,All manifest-contained 9-mer window combinations retained for sensitivity; not a predictor-selected register or a re-ranking score.
EBV_TCELL_2268741::HUMAN_MYELIN_117032,28,EBV_TCELL_2268741,HUMAN_MYELIN_117032,5,LRIYYSPSI,5,SNLLSICKT,0,All manifest-contained 9-mer window combinations retained for sensitivity; not a predictor-selected register or a re-ranking score.
EBV_TCELL_2268741::HUMAN_MYELIN_117032,28,EBV_TCELL_2268741,HUMAN_MYELIN_117032,5,LRIYYSPSI,6,NLLSICKTA,0,All manifest-contained 9-mer window combinations retained for sensitivity; not a predictor-selected register or a re-ranking score.
EBV_TCELL_2268741::HUMAN_MYELIN_117032,28,EBV_TCELL_2268741,HUMAN_MYELIN_117032,5,LRIYYSPSI,7,LLSICKTAE,0,All manifest-contained 9-mer window combinations retained for sensitivity; not a predictor-selected register or a re-ranking score.
EBV_TCELL_2268741::HUMAN_MYELIN_117032,28,EBV_TCELL_2268741,HUMAN_MYELIN_117032,5,LRIYYSPSI,8,LSICKTAEF,3,All manifest-contained 9-mer window combinations retained for sensitivity; not a predictor-selected register or a re-ranking score.
EBV_TCELL_2268741::HUMAN_MYELIN_117032,28,EBV_TCELL_2268741,HUMAN_MYELIN_117032,5,LRIYYSPSI,9,SICKTAEFQ,0,All manifest-contained 9-mer window combinations retained for sensitivity; not a predictor-selected register or a re-ranking score.
EBV_TCELL_2268741::HUMAN_MYELIN_117032,28,EBV_TCELL_2268741,HUMAN_MYELIN_117032,5,LRIYYSPSI,10,ICKTAEFQM,0,All manifest-contained 9-mer window combinations retained for sensitivity; not a predictor-selected register or a re-ranking score.
EBV_TCELL_2268741::HUMAN_MYELIN_117032,28,EBV_TCELL_2268741,HUMAN_MYELIN_117032,5,LRIYYSPSI,11,CKTAEFQMT,0,All manifest-contained 9-mer window combinations retained for sensitivity; not a predictor-selected register or a re-ranking score.
EBV_TCELL_2268741::HUMAN_MYELIN_117032,28,EBV_TCELL_2268741,HUMAN_MYELIN_117032,5,LRIYYSPSI,12,KTAEFQMTF,0,All manifest-contained 9-mer window combinations retained for sensitivity; not a predictor-selected register or a re-ranking score.
EBV_TCELL_2268741::HUMAN_MYELIN_117032,28,EBV_TCELL_2268741,HUMAN_MYELIN_117032,5,LRIYYSPSI,13,TAEFQMTFH,0,All manifest-contained 9-mer window combinations retained for sensitivity; not a predictor-selected register or a re-ranking score.
EBV_TCELL_2268741::HUMAN_MYELIN_117032,28,EBV_TCELL_2268741,HUMAN_MYELIN_117032,5,LRIYYSPSI,14,AEFQMTFHL,0,All manifest-contained 9-mer window combinations retained for sensitivity; not a predictor-selected register or a re-ranking score.
EBV_TCELL_2268741::HUMAN_MYELIN_117032,28,EBV_TCELL_2268741,HUMAN_MYELIN_117032,5,LRIYYSPSI,15,EFQMTFHLF,0,All manifest-contained 9-mer window combinations retained for sensitivity; not a predictor-selected register or a re-ranking score.
EBV_TCELL_2268741::HUMAN_MYELIN_117032,28,EBV_TCELL_2268741,HUMAN_MYELIN_117032,5,LRIYYSPSI,16,FQMTFHLFI,0,All manifest-contained 9-mer window combinations retained for sensitivity; not a predictor-selected register or a re-ranking score.
EBV_TCELL_2268741::HUMAN_MYELIN_117032,28,EBV_TCELL_2268741,HUMAN_MYELIN_117032,5,LRIYYSPSI,17,QMTFHLFIA,0,All manifest-contained 9-mer window combinations retained for sensitivity; not a predictor-selected register or a re-ranking score.
EBV_TCELL_2268741::HUMAN_MYELIN_117032,28,EBV_TCELL_2268741,HUMAN_MYELIN_117032,5,LRIYYSPSI,18,MTFHLFIAA,0,All manifest-contained 9-mer window combinations retained for sensitivity; not a predictor-selected register or a re-ranking score.
EBV_TCELL_2268741::HUMAN_MYELIN_117032,28,EBV_TCELL_2268741,HUMAN_MYELIN_117032,5,LRIYYSPSI,19,TFHLFIAAF,0,All manifest-contained 9-mer window combinations retained for sensitivity; not a predictor-selected register or a re-ranking score.
EBV_TCELL_2268741::HUMAN_MYELIN_117032,28,EBV_TCELL_2268741,HUMAN_MYELIN_117032,5,LRIYYSPSI,20,FHLFIAAFV,0,All manifest-contained 9-mer window combinations retained for sensitivity; not a predictor-selected register or a re-ranking score.
EBV_TCELL_2268741::HUMAN_MYELIN_117032,28,EBV_TCELL_2268741,HUMAN_MYELIN_117032,5,LRIYYSPSI,21,HLFIAAFVG,0,All manifest-contained 9-mer window combinations retained for sensitivity; not a predictor-selected register or a re-ranking score.
EBV_TCELL_2268741::HUMAN_MYELIN_117032,28,EBV_TCELL_2268741,HUMAN_MYELIN_117032,5,LRIYYSPSI,22,LFIAAFVGA,0,All manifest-contained 9-mer window combinations retained for sensitivity; not a predictor-selected register or a re-ranking score.
EBV_TCELL_2268741::HUMAN_MYELIN_117032,28,EBV_TCELL_2268741,HUMAN_MYELIN_117032,5,LRIYYSPSI,23,FIAAFVGAA,0,All manifest-contained 9-mer window combinations retained for sensitivity; not a predictor-selected register or a re-ranking score.
EBV_TCELL_2268741::HUMAN_MYELIN_117032,28,EBV_TCELL_2268741,HUMAN_MYELIN_117032,5,LRIYYSPSI,24,IAAFVGAAA,0,All manifest-contained 9-mer window combinations retained for sensitivity; not a predictor-selected register or a re-ranking score.
EBV_TCELL_2268741::HUMAN_MYELIN_117032,28,EBV_TCELL_2268741,HUMAN_MYELIN_117032,6,RIYYSPSIM,1,KVCGSNLLS,0,All manifest-contained 9-mer window combinations retained for sensitivity; not a predictor-selected register or a re-ranking score.
EBV_TCELL_2268741::HUMAN_MYELIN_117032,28,EBV_TCELL_2268741,HUMAN_MYELIN_117032,6,RIYYSPSIM,2,VCGSNLLSI,0,All manifest-contained 9-mer window combinations retained for sensitivity; not a predictor-selected register or a re-ranking score.
EBV_TCELL_2268741::HUMAN_MYELIN_117032,28,EBV_TCELL_2268741,HUMAN_MYELIN_117032,6,RIYYSPSIM,3,CGSNLLSIC,0,All manifest-contained 9-mer window combinations retained for sensitivity; not a predictor-selected register or a re-ranking score.
EBV_TCELL_2268741::HUMAN_MYELIN_117032,28,EBV_TCELL_2268741,HUMAN_MYELIN_117032,6,RIYYSPSIM,4,GSNLLSICK,0,All manifest-contained 9-mer window combinations retained for sensitivity; not a predictor-selected register or a re-ranking score.
EBV_TCELL_2268741::HUMAN_MYELIN_117032,28,EBV_TCELL_2268741,HUMAN_MYELIN_117032,6,RIYYSPSIM,5,SNLLSICKT,0,All manifest-contained 9-mer window combinations retained for sensitivity; not a predictor-selected register or a re-ranking score.
EBV_TCELL_2268741::HUMAN_MYELIN_117032,28,EBV_TCELL_2268741,HUMAN_MYELIN_117032,6,RIYYSPSIM,6,NLLSICKTA,0,All manifest-contained 9-mer window combinations retained for sensitivity; not a predictor-selected register or a re-ranking score.
EBV_TCELL_2268741::HUMAN_MYELIN_117032,28,EBV_TCELL_2268741,HUMAN_MYELIN_117032,6,RIYYSPSIM,7,LLSICKTAE,0,All manifest-contained 9-mer window combinations retained for sensitivity; not a predictor-selected register or a re-ranking score.
EBV_TCELL_2268741::HUMAN_MYELIN_117032,28,EBV_TCELL_2268741,HUMAN_MYELIN_117032,6,RIYYSPSIM,8,LSICKTAEF,0,All manifest-contained 9-mer window combinations retained for sensitivity; not a predictor-selected register or a re-ranking score.
EBV_TCELL_2268741::HUMAN_MYELIN_117032,28,EBV_TCELL_2268741,HUMAN_MYELIN_117032,6,RIYYSPSIM,9,SICKTAEFQ,2,All manifest-contained 9-mer window combinations retained for sensitivity; not a predictor-selected register or a re-ranking score.
EBV_TCELL_2268741::HUMAN_MYELIN_117032,28,EBV_TCELL_2268741,HUMAN_MYELIN_117032,6,RIYYSPSIM,10,ICKTAEFQM,0,All manifest-contained 9-mer window combinations retained for sensitivity; not a predictor-selected register or a re-ranking score.
EBV_TCELL_2268741::HUMAN_MYELIN_117032,28,EBV_TCELL_2268741,HUMAN_MYELIN_117032,6,RIYYSPSIM,11,CKTAEFQMT,0,All manifest-contained 9-mer window combinations retained for sensitivity; not a predictor-selected register or a re-ranking score.
EBV_TCELL_2268741::HUMAN_MYELIN_117032,28,EBV_TCELL_2268741,HUMAN_MYELIN_117032,6,RIYYSPSIM,12,KTAEFQMTF,0,All manifest-contained 9-mer window combinations retained for sensitivity; not a predictor-selected register or a re-ranking score.
EBV_TCELL_2268741::HUMAN_MYELIN_117032,28,EBV_TCELL_2268741,HUMAN_MYELIN_117032,6,RIYYSPSIM,13,TAEFQMTFH,0,All manifest-contained 9-mer window combinations retained for sensitivity; not a predictor-selected register or a re-ranking score.
EBV_TCELL_2268741::HUMAN_MYELIN_117032,28,EBV_TCELL_2268741,HUMAN_MYELIN_117032,6,RIYYSPSIM,14,AEFQMTFHL,0,All manifest-contained 9-mer window combinations retained for sensitivity; not a predictor-selected register or a re-ranking score.
EBV_TCELL_2268741::HUMAN_MYELIN_117032,28,EBV_TCELL_2268741,HUMAN_MYELIN_117032,6,RIYYSPSIM,15,EFQMTFHLF,0,All manifest-contained 9-mer window combinations retained for sensitivity; not a predictor-selected register or a re-ranking score.
EBV_TCELL_2268741::HUMAN_MYELIN_117032,28,EBV_TCELL_2268741,HUMAN_MYELIN_117032,6,RIYYSPSIM,16,FQMTFHLFI,0,All manifest-contained 9-mer window combinations retained for sensitivity; not a predictor-selected register or a re-ranking score.
EBV_TCELL_2268741::HUMAN_MYELIN_117032,28,EBV_TCELL_2268741,HUMAN_MYELIN_117032,6,RIYYSPSIM,17,QMTFHLFIA,0,All manifest-contained 9-mer window combinations retained for sensitivity; not a predictor-selected register or a re-ranking score.
EBV_TCELL_2268741::HUMAN_MYELIN_117032,28,EBV_TCELL_2268741,HUMAN_MYELIN_117032,6,RIYYSPSIM,18,MTFHLFIAA,0,All manifest-contained 9-mer window combinations retained for sensitivity; not a predictor-selected register or a re-ranking score.
EBV_TCELL_2268741::HUMAN_MYELIN_117032,28,EBV_TCELL_2268741,HUMAN_MYELIN_117032,6,RIYYSPSIM,19,TFHLFIAAF,0,All manifest-contained 9-mer window combinations retained for sensitivity; not a predictor-selected register or a re-ranking score.
EBV_TCELL_2268741::HUMAN_MYELIN_117032,28,EBV_TCELL_2268741,HUMAN_MYELIN_117032,6,RIYYSPSIM,20,FHLFIAAFV,0,All manifest-contained 9-mer window combinations retained for sensitivity; not a predictor-selected register or a re-ranking score.
EBV_TCELL_2268741::HUMAN_MYELIN_117032,28,EBV_TCELL_2268741,HUMAN_MYELIN_117032,6,RIYYSPSIM,21,HLFIAAFVG,0,All manifest-contained 9-mer window combinations retained for sensitivity; not a predictor-selected register or a re-ranking score.
EBV_TCELL_2268741::HUMAN_MYELIN_117032,28,EBV_TCELL_2268741,HUMAN_MYELIN_117032,6,RIYYSPSIM,22,LFIAAFVGA,0,All manifest-contained 9-mer window combinations retained for sensitivity; not a predictor-selected register or a re-ranking score.
EBV_TCELL_2268741::HUMAN_MYELIN_117032,28,EBV_TCELL_2268741,HUMAN_MYELIN_117032,6,RIYYSPSIM,23,FIAAFVGAA,0,All manifest-contained 9-mer window combinations retained for sensitivity; not a predictor-selected register or a re-ranking score.
EBV_TCELL_2268741::HUMAN_MYELIN_117032,28,EBV_TCELL_2268741,HUMAN_MYELIN_117032,6,RIYYSPSIM,24,IAAFVGAAA,0,All manifest-contained 9-mer window combinations retained for sensitivity; not a predictor-selected register or a re-ranking score.
EBV_TCELL_2268934::HUMAN_MYELIN_112226,29,EBV_TCELL_2268934,HUMAN_MYELIN_112226,1,VTTFVHYAN,1,MEVGWYRPP,0,All manifest-contained 9-mer window combinations retained for sensitivity; not a predictor-selected register or a re-ranking score.
EBV_TCELL_2268934::HUMAN_MYELIN_112226,29,EBV_TCELL_2268934,HUMAN_MYELIN_112226,1,VTTFVHYAN,2,EVGWYRPPF,0,All manifest-contained 9-mer window combinations retained for sensitivity; not a predictor-selected register or a re-ranking score.
EBV_TCELL_2268934::HUMAN_MYELIN_112226,29,EBV_TCELL_2268934,HUMAN_MYELIN_112226,1,VTTFVHYAN,3,VGWYRPPFS,0,All manifest-contained 9-mer window combinations retained for sensitivity; not a predictor-selected register or a re-ranking score.
EBV_TCELL_2268934::HUMAN_MYELIN_112226,29,EBV_TCELL_2268934,HUMAN_MYELIN_112226,1,VTTFVHYAN,4,GWYRPPFSR,0,All manifest-contained 9-mer window combinations retained for sensitivity; not a predictor-selected register or a re-ranking score.
EBV_TCELL_2268934::HUMAN_MYELIN_112226,29,EBV_TCELL_2268934,HUMAN_MYELIN_112226,1,VTTFVHYAN,5,WYRPPFSRV,0,All manifest-contained 9-mer window combinations retained for sensitivity; not a predictor-selected register or a re-ranking score.
EBV_TCELL_2268934::HUMAN_MYELIN_112226,29,EBV_TCELL_2268934,HUMAN_MYELIN_112226,1,VTTFVHYAN,6,YRPPFSRVV,0,All manifest-contained 9-mer window combinations retained for sensitivity; not a predictor-selected register or a re-ranking score.
EBV_TCELL_2268934::HUMAN_MYELIN_112226,29,EBV_TCELL_2268934,HUMAN_MYELIN_112226,1,VTTFVHYAN,7,RPPFSRVVH,0,All manifest-contained 9-mer window combinations retained for sensitivity; not a predictor-selected register or a re-ranking score.
EBV_TCELL_2268934::HUMAN_MYELIN_112226,29,EBV_TCELL_2268934,HUMAN_MYELIN_112226,1,VTTFVHYAN,8,PPFSRVVHL,0,All manifest-contained 9-mer window combinations retained for sensitivity; not a predictor-selected register or a re-ranking score.
EBV_TCELL_2268934::HUMAN_MYELIN_112226,29,EBV_TCELL_2268934,HUMAN_MYELIN_112226,1,VTTFVHYAN,9,PFSRVVHLY,0,All manifest-contained 9-mer window combinations retained for sensitivity; not a predictor-selected register or a re-ranking score.
EBV_TCELL_2268934::HUMAN_MYELIN_112226,29,EBV_TCELL_2268934,HUMAN_MYELIN_112226,1,VTTFVHYAN,10,FSRVVHLYR,2,All manifest-contained 9-mer window combinations retained for sensitivity; not a predictor-selected register or a re-ranking score.
EBV_TCELL_2268934::HUMAN_MYELIN_112226,29,EBV_TCELL_2268934,HUMAN_MYELIN_112226,1,VTTFVHYAN,11,SRVVHLYRN,3,All manifest-contained 9-mer window combinations retained for sensitivity; not a predictor-selected register or a re-ranking score.
EBV_TCELL_2268934::HUMAN_MYELIN_112226,29,EBV_TCELL_2268934,HUMAN_MYELIN_112226,1,VTTFVHYAN,12,RVVHLYRNG,0,All manifest-contained 9-mer window combinations retained for sensitivity; not a predictor-selected register or a re-ranking score.
EBV_TCELL_2268934::HUMAN_MYELIN_112226,29,EBV_TCELL_2268934,HUMAN_MYELIN_112226,1,VTTFVHYAN,13,VVHLYRNGK,0,All manifest-contained 9-mer window combinations retained for sensitivity; not a predictor-selected register or a re-ranking score.
EBV_TCELL_2268934::HUMAN_MYELIN_112226,29,EBV_TCELL_2268934,HUMAN_MYELIN_112226,2,TTFVHYANF,1,MEVGWYRPP,0,All manifest-contained 9-mer window combinations retained for sensitivity; not a predictor-selected register or a re-ranking score.
EBV_TCELL_2268934::HUMAN_MYELIN_112226,29,EBV_TCELL_2268934,HUMAN_MYELIN_112226,2,TTFVHYANF,2,EVGWYRPPF,0,All manifest-contained 9-mer window combinations retained for sensitivity; not a predictor-selected register or a re-ranking score.
EBV_TCELL_2268934::HUMAN_MYELIN_112226,29,EBV_TCELL_2268934,HUMAN_MYELIN_112226,2,TTFVHYANF,3,VGWYRPPFS,0,All manifest-contained 9-mer window combinations retained for sensitivity; not a predictor-selected register or a re-ranking score.
EBV_TCELL_2268934::HUMAN_MYELIN_112226,29,EBV_TCELL_2268934,HUMAN_MYELIN_112226,2,TTFVHYANF,4,GWYRPPFSR,0,All manifest-contained 9-mer window combinations retained for sensitivity; not a predictor-selected register or a re-ranking score.
EBV_TCELL_2268934::HUMAN_MYELIN_112226,29,EBV_TCELL_2268934,HUMAN_MYELIN_112226,2,TTFVHYANF,5,WYRPPFSRV,0,All manifest-contained 9-mer window combinations retained for sensitivity; not a predictor-selected register or a re-ranking score.
EBV_TCELL_2268934::HUMAN_MYELIN_112226,29,EBV_TCELL_2268934,HUMAN_MYELIN_112226,2,TTFVHYANF,6,YRPPFSRVV,0,All manifest-contained 9-mer window combinations retained for sensitivity; not a predictor-selected register or a re-ranking score.
EBV_TCELL_2268934::HUMAN_MYELIN_112226,29,EBV_TCELL_2268934,HUMAN_MYELIN_112226,2,TTFVHYANF,7,RPPFSRVVH,0,All manifest-contained 9-mer window combinations retained for sensitivity; not a predictor-selected register or a re-ranking score.
EBV_TCELL_2268934::HUMAN_MYELIN_112226,29,EBV_TCELL_2268934,HUMAN_MYELIN_112226,2,TTFVHYANF,8,PPFSRVVHL,0,All manifest-contained 9-mer window combinations retained for sensitivity; not a predictor-selected register or a re-ranking score.
EBV_TCELL_2268934::HUMAN_MYELIN_112226,29,EBV_TCELL_2268934,HUMAN_MYELIN_112226,2,TTFVHYANF,9,PFSRVVHLY,0,All manifest-contained 9-mer window combinations retained for sensitivity; not a predictor-selected register or a re-ranking score.
EBV_TCELL_2268934::HUMAN_MYELIN_112226,29,EBV_TCELL_2268934,HUMAN_MYELIN_112226,2,TTFVHYANF,10,FSRVVHLYR,0,All manifest-contained 9-mer window combinations retained for sensitivity; not a predictor-selected register or a re-ranking score.
EBV_TCELL_2268934::HUMAN_MYELIN_112226,29,EBV_TCELL_2268934,HUMAN_MYELIN_112226,2,TTFVHYANF,11,SRVVHLYRN,2,All manifest-contained 9-mer window combinations retained for sensitivity; not a predictor-selected register or a re-ranking score.
EBV_TCELL_2268934::HUMAN_MYELIN_112226,29,EBV_TCELL_2268934,HUMAN_MYELIN_112226,2,TTFVHYANF,12,RVVHLYRNG,3,All manifest-contained 9-mer window combinations retained for sensitivity; not a predictor-selected register or a re-ranking score.
EBV_TCELL_2268934::HUMAN_MYELIN_112226,29,EBV_TCELL_2268934,HUMAN_MYELIN_112226,2,TTFVHYANF,13,VVHLYRNGK,0,All manifest-contained 9-mer window combinations retained for sensitivity; not a predictor-selected register or a re-ranking score.
EBV_TCELL_2268934::HUMAN_MYELIN_112226,29,EBV_TCELL_2268934,HUMAN_MYELIN_112226,3,TFVHYANFH,1,MEVGWYRPP,0,All manifest-contained 9-mer window combinations retained for sensitivity; not a predictor-selected register or a re-ranking score.
EBV_TCELL_2268934::HUMAN_MYELIN_112226,29,EBV_TCELL_2268934,HUMAN_MYELIN_112226,3,TFVHYANFH,2,EVGWYRPPF,0,All manifest-contained 9-mer window combinations retained for sensitivity; not a predictor-selected register or a re-ranking score.
EBV_TCELL_2268934::HUMAN_MYELIN_112226,29,EBV_TCELL_2268934,HUMAN_MYELIN_112226,3,TFVHYANFH,3,VGWYRPPFS,0,All manifest-contained 9-mer window combinations retained for sensitivity; not a predictor-selected register or a re-ranking score.
EBV_TCELL_2268934::HUMAN_MYELIN_112226,29,EBV_TCELL_2268934,HUMAN_MYELIN_112226,3,TFVHYANFH,4,GWYRPPFSR,0,All manifest-contained 9-mer window combinations retained for sensitivity; not a predictor-selected register or a re-ranking score.
EBV_TCELL_2268934::HUMAN_MYELIN_112226,29,EBV_TCELL_2268934,HUMAN_MYELIN_112226,3,TFVHYANFH,5,WYRPPFSRV,0,All manifest-contained 9-mer window combinations retained for sensitivity; not a predictor-selected register or a re-ranking score.
EBV_TCELL_2268934::HUMAN_MYELIN_112226,29,EBV_TCELL_2268934,HUMAN_MYELIN_112226,3,TFVHYANFH,6,YRPPFSRVV,0,All manifest-contained 9-mer window combinations retained for sensitivity; not a predictor-selected register or a re-ranking score.
EBV_TCELL_2268934::HUMAN_MYELIN_112226,29,EBV_TCELL_2268934,HUMAN_MYELIN_112226,3,TFVHYANFH,7,RPPFSRVVH,0,All manifest-contained 9-mer window combinations retained for sensitivity; not a predictor-selected register or a re-ranking score.
EBV_TCELL_2268934::HUMAN_MYELIN_112226,29,EBV_TCELL_2268934,HUMAN_MYELIN_112226,3,TFVHYANFH,8,PPFSRVVHL,0,All manifest-contained 9-mer window combinations retained for sensitivity; not a predictor-selected register or a re-ranking score.
EBV_TCELL_2268934::HUMAN_MYELIN_112226,29,EBV_TCELL_2268934,HUMAN_MYELIN_112226,3,TFVHYANFH,9,PFSRVVHLY,0,All manifest-contained 9-mer window combinations retained for sensitivity; not a predictor-selected register or a re-ranking score.
EBV_TCELL_2268934::HUMAN_MYELIN_112226,29,EBV_TCELL_2268934,HUMAN_MYELIN_112226,3,TFVHYANFH,10,FSRVVHLYR,0,All manifest-contained 9-mer window combinations retained for sensitivity; not a predictor-selected register or a re-ranking score.
EBV_TCELL_2268934::HUMAN_MYELIN_112226,29,EBV_TCELL_2268934,HUMAN_MYELIN_112226,3,TFVHYANFH,11,SRVVHLYRN,0,All manifest-contained 9-mer window combinations retained for sensitivity; not a predictor-selected register or a re-ranking score.
EBV_TCELL_2268934::HUMAN_MYELIN_112226,29,EBV_TCELL_2268934,HUMAN_MYELIN_112226,3,TFVHYANFH,12,RVVHLYRNG,2,All manifest-contained 9-mer window combinations retained for sensitivity; not a predictor-selected register or a re-ranking score.
EBV_TCELL_2268934::HUMAN_MYELIN_112226,29,EBV_TCELL_2268934,HUMAN_MYELIN_112226,3,TFVHYANFH,13,VVHLYRNGK,3,All manifest-contained 9-mer window combinations retained for sensitivity; not a predictor-selected register or a re-ranking score.
EBV_TCELL_2268934::HUMAN_MYELIN_112226,29,EBV_TCELL_2268934,HUMAN_MYELIN_112226,4,FVHYANFHN,1,MEVGWYRPP,0,All manifest-contained 9-mer window combinations retained for sensitivity; not a predictor-selected register or a re-ranking score.
EBV_TCELL_2268934::HUMAN_MYELIN_112226,29,EBV_TCELL_2268934,HUMAN_MYELIN_112226,4,FVHYANFHN,2,EVGWYRPPF,0,All manifest-contained 9-mer window combinations retained for sensitivity; not a predictor-selected register or a re-ranking score.
EBV_TCELL_2268934::HUMAN_MYELIN_112226,29,EBV_TCELL_2268934,HUMAN_MYELIN_112226,4,FVHYANFHN,3,VGWYRPPFS,0,All manifest-contained 9-mer window combinations retained for sensitivity; not a predictor-selected register or a re-ranking score.
EBV_TCELL_2268934::HUMAN_MYELIN_112226,29,EBV_TCELL_2268934,HUMAN_MYELIN_112226,4,FVHYANFHN,4,GWYRPPFSR,0,All manifest-contained 9-mer window combinations retained for sensitivity; not a predictor-selected register or a re-ranking score.
EBV_TCELL_2268934::HUMAN_MYELIN_112226,29,EBV_TCELL_2268934,HUMAN_MYELIN_112226,4,FVHYANFHN,5,WYRPPFSRV,0,All manifest-contained 9-mer window combinations retained for sensitivity; not a predictor-selected register or a re-ranking score.
EBV_TCELL_2268934::HUMAN_MYELIN_112226,29,EBV_TCELL_2268934,HUMAN_MYELIN_112226,4,FVHYANFHN,6,YRPPFSRVV,0,All manifest-contained 9-mer window combinations retained for sensitivity; not a predictor-selected register or a re-ranking score.
EBV_TCELL_2268934::HUMAN_MYELIN_112226,29,EBV_TCELL_2268934,HUMAN_MYELIN_112226,4,FVHYANFHN,7,RPPFSRVVH,0,All manifest-contained 9-mer window combinations retained for sensitivity; not a predictor-selected register or a re-ranking score.
EBV_TCELL_2268934::HUMAN_MYELIN_112226,29,EBV_TCELL_2268934,HUMAN_MYELIN_112226,4,FVHYANFHN,8,PPFSRVVHL,0,All manifest-contained 9-mer window combinations retained for sensitivity; not a predictor-selected register or a re-ranking score.
EBV_TCELL_2268934::HUMAN_MYELIN_112226,29,EBV_TCELL_2268934,HUMAN_MYELIN_112226,4,FVHYANFHN,9,PFSRVVHLY,0,All manifest-contained 9-mer window combinations retained for sensitivity; not a predictor-selected register or a re-ranking score.
EBV_TCELL_2268934::HUMAN_MYELIN_112226,29,EBV_TCELL_2268934,HUMAN_MYELIN_112226,4,FVHYANFHN,10,FSRVVHLYR,0,All manifest-contained 9-mer window combinations retained for sensitivity; not a predictor-selected register or a re-ranking score.
EBV_TCELL_2268934::HUMAN_MYELIN_112226,29,EBV_TCELL_2268934,HUMAN_MYELIN_112226,4,FVHYANFHN,11,SRVVHLYRN,0,All manifest-contained 9-mer window combinations retained for sensitivity; not a predictor-selected register or a re-ranking score.
EBV_TCELL_2268934::HUMAN_MYELIN_112226,29,EBV_TCELL_2268934,HUMAN_MYELIN_112226,4,FVHYANFHN,12,RVVHLYRNG,0,All manifest-contained 9-mer window combinations retained for sensitivity; not a predictor-selected register or a re-ranking score.
EBV_TCELL_2268934::HUMAN_MYELIN_112226,29,EBV_TCELL_2268934,HUMAN_MYELIN_112226,4,FVHYANFHN,13,VVHLYRNGK,2,All manifest-contained 9-mer window combinations retained for sensitivity; not a predictor-selected register or a re-ranking score.
EBV_TCELL_2268934::HUMAN_MYELIN_112226,29,EBV_TCELL_2268934,HUMAN_MYELIN_112226,5,VHYANFHNY,1,MEVGWYRPP,0,All manifest-contained 9-mer window combinations retained for sensitivity; not a predictor-selected register or a re-ranking score.
EBV_TCELL_2268934::HUMAN_MYELIN_112226,29,EBV_TCELL_2268934,HUMAN_MYELIN_112226,5,VHYANFHNY,2,EVGWYRPPF,0,All manifest-contained 9-mer window combinations retained for sensitivity; not a predictor-selected register or a re-ranking score.
EBV_TCELL_2268934::HUMAN_MYELIN_112226,29,EBV_TCELL_2268934,HUMAN_MYELIN_112226,5,VHYANFHNY,3,VGWYRPPFS,0,All manifest-contained 9-mer window combinations retained for sensitivity; not a predictor-selected register or a re-ranking score.
EBV_TCELL_2268934::HUMAN_MYELIN_112226,29,EBV_TCELL_2268934,HUMAN_MYELIN_112226,5,VHYANFHNY,4,GWYRPPFSR,0,All manifest-contained 9-mer window combinations retained for sensitivity; not a predictor-selected register or a re-ranking score.
EBV_TCELL_2268934::HUMAN_MYELIN_112226,29,EBV_TCELL_2268934,HUMAN_MYELIN_112226,5,VHYANFHNY,5,WYRPPFSRV,0,All manifest-contained 9-mer window combinations retained for sensitivity; not a predictor-selected register or a re-ranking score.
EBV_TCELL_2268934::HUMAN_MYELIN_112226,29,EBV_TCELL_2268934,HUMAN_MYELIN_112226,5,VHYANFHNY,6,YRPPFSRVV,0,All manifest-contained 9-mer window combinations retained for sensitivity; not a predictor-selected register or a re-ranking score.
EBV_TCELL_2268934::HUMAN_MYELIN_112226,29,EBV_TCELL_2268934,HUMAN_MYELIN_112226,5,VHYANFHNY,7,RPPFSRVVH,0,All manifest-contained 9-mer window combinations retained for sensitivity; not a predictor-selected register or a re-ranking score.
EBV_TCELL_2268934::HUMAN_MYELIN_112226,29,EBV_TCELL_2268934,HUMAN_MYELIN_112226,5,VHYANFHNY,8,PPFSRVVHL,0,All manifest-contained 9-mer window combinations retained for sensitivity; not a predictor-selected register or a re-ranking score.
EBV_TCELL_2268934::HUMAN_MYELIN_112226,29,EBV_TCELL_2268934,HUMAN_MYELIN_112226,5,VHYANFHNY,9,PFSRVVHLY,0,All manifest-contained 9-mer window combinations retained for sensitivity; not a predictor-selected register or a re-ranking score.
EBV_TCELL_2268934::HUMAN_MYELIN_112226,29,EBV_TCELL_2268934,HUMAN_MYELIN_112226,5,VHYANFHNY,10,FSRVVHLYR,0,All manifest-contained 9-mer window combinations retained for sensitivity; not a predictor-selected register or a re-ranking score.
EBV_TCELL_2268934::HUMAN_MYELIN_112226,29,EBV_TCELL_2268934,HUMAN_MYELIN_112226,5,VHYANFHNY,11,SRVVHLYRN,0,All manifest-contained 9-mer window combinations retained for sensitivity; not a predictor-selected register or a re-ranking score.
EBV_TCELL_2268934::HUMAN_MYELIN_112226,29,EBV_TCELL_2268934,HUMAN_MYELIN_112226,5,VHYANFHNY,12,RVVHLYRNG,0,All manifest-contained 9-mer window combinations retained for sensitivity; not a predictor-selected register or a re-ranking score.
EBV_TCELL_2268934::HUMAN_MYELIN_112226,29,EBV_TCELL_2268934,HUMAN_MYELIN_112226,5,VHYANFHNY,13,VVHLYRNGK,0,All manifest-contained 9-mer window combinations retained for sensitivity; not a predictor-selected register or a re-ranking score.
EBV_TCELL_2268934::HUMAN_MYELIN_112226,29,EBV_TCELL_2268934,HUMAN_MYELIN_112226,6,HYANFHNYF,1,MEVGWYRPP,0,All manifest-contained 9-mer window combinations retained for sensitivity; not a predictor-selected register or a re-ranking score.
EBV_TCELL_2268934::HUMAN_MYELIN_112226,29,EBV_TCELL_2268934,HUMAN_MYELIN_112226,6,HYANFHNYF,2,EVGWYRPPF,0,All manifest-contained 9-mer window combinations retained for sensitivity; not a predictor-selected register or a re-ranking score.
EBV_TCELL_2268934::HUMAN_MYELIN_112226,29,EBV_TCELL_2268934,HUMAN_MYELIN_112226,6,HYANFHNYF,3,VGWYRPPFS,0,All manifest-contained 9-mer window combinations retained for sensitivity; not a predictor-selected register or a re-ranking score.
EBV_TCELL_2268934::HUMAN_MYELIN_112226,29,EBV_TCELL_2268934,HUMAN_MYELIN_112226,6,HYANFHNYF,4,GWYRPPFSR,0,All manifest-contained 9-mer window combinations retained for sensitivity; not a predictor-selected register or a re-ranking score.
EBV_TCELL_2268934::HUMAN_MYELIN_112226,29,EBV_TCELL_2268934,HUMAN_MYELIN_112226,6,HYANFHNYF,5,WYRPPFSRV,0,All manifest-contained 9-mer window combinations retained for sensitivity; not a predictor-selected register or a re-ranking score.
EBV_TCELL_2268934::HUMAN_MYELIN_112226,29,EBV_TCELL_2268934,HUMAN_MYELIN_112226,6,HYANFHNYF,6,YRPPFSRVV,0,All manifest-contained 9-mer window combinations retained for sensitivity; not a predictor-selected register or a re-ranking score.
EBV_TCELL_2268934::HUMAN_MYELIN_112226,29,EBV_TCELL_2268934,HUMAN_MYELIN_112226,6,HYANFHNYF,7,RPPFSRVVH,0,All manifest-contained 9-mer window combinations retained for sensitivity; not a predictor-selected register or a re-ranking score.
EBV_TCELL_2268934::HUMAN_MYELIN_112226,29,EBV_TCELL_2268934,HUMAN_MYELIN_112226,6,HYANFHNYF,8,PPFSRVVHL,0,All manifest-contained 9-mer window combinations retained for sensitivity; not a predictor-selected register or a re-ranking score.
EBV_TCELL_2268934::HUMAN_MYELIN_112226,29,EBV_TCELL_2268934,HUMAN_MYELIN_112226,6,HYANFHNYF,9,PFSRVVHLY,0,All manifest-contained 9-mer window combinations retained for sensitivity; not a predictor-selected register or a re-ranking score.
EBV_TCELL_2268934::HUMAN_MYELIN_112226,29,EBV_TCELL_2268934,HUMAN_MYELIN_112226,6,HYANFHNYF,10,FSRVVHLYR,0,All manifest-contained 9-mer window combinations retained for sensitivity; not a predictor-selected register or a re-ranking score.
EBV_TCELL_2268934::HUMAN_MYELIN_112226,29,EBV_TCELL_2268934,HUMAN_MYELIN_112226,6,HYANFHNYF,11,SRVVHLYRN,0,All manifest-contained 9-mer window combinations retained for sensitivity; not a predictor-selected register or a re-ranking score.
EBV_TCELL_2268934::HUMAN_MYELIN_112226,29,EBV_TCELL_2268934,HUMAN_MYELIN_112226,6,HYANFHNYF,12,RVVHLYRNG,0,All manifest-contained 9-mer window combinations retained for sensitivity; not a predictor-selected register or a re-ranking score.
EBV_TCELL_2268934::HUMAN_MYELIN_112226,29,EBV_TCELL_2268934,HUMAN_MYELIN_112226,6,HYANFHNYF,13,VVHLYRNGK,0,All manifest-contained 9-mer window combinations retained for sensitivity; not a predictor-selected register or a re-ranking score.
EBV_TCELL_2268934::HUMAN_MYELIN_112226,29,EBV_TCELL_2268934,HUMAN_MYELIN_112226,7,YANFHNYFV,1,MEVGWYRPP,0,All manifest-contained 9-mer window combinations retained for sensitivity; not a predictor-selected register or a re-ranking score.
EBV_TCELL_2268934::HUMAN_MYELIN_112226,29,EBV_TCELL_2268934,HUMAN_MYELIN_112226,7,YANFHNYFV,2,EVGWYRPPF,0,All manifest-contained 9-mer window combinations retained for sensitivity; not a predictor-selected register or a re-ranking score.
EBV_TCELL_2268934::HUMAN_MYELIN_112226,29,EBV_TCELL_2268934,HUMAN_MYELIN_112226,7,YANFHNYFV,3,VGWYRPPFS,0,All manifest-contained 9-mer window combinations retained for sensitivity; not a predictor-selected register or a re-ranking score.
EBV_TCELL_2268934::HUMAN_MYELIN_112226,29,EBV_TCELL_2268934,HUMAN_MYELIN_112226,7,YANFHNYFV,4,GWYRPPFSR,0,All manifest-contained 9-mer window combinations retained for sensitivity; not a predictor-selected register or a re-ranking score.
EBV_TCELL_2268934::HUMAN_MYELIN_112226,29,EBV_TCELL_2268934,HUMAN_MYELIN_112226,7,YANFHNYFV,5,WYRPPFSRV,0,All manifest-contained 9-mer window combinations retained for sensitivity; not a predictor-selected register or a re-ranking score.
EBV_TCELL_2268934::HUMAN_MYELIN_112226,29,EBV_TCELL_2268934,HUMAN_MYELIN_112226,7,YANFHNYFV,6,YRPPFSRVV,0,All manifest-contained 9-mer window combinations retained for sensitivity; not a predictor-selected register or a re-ranking score.
EBV_TCELL_2268934::HUMAN_MYELIN_112226,29,EBV_TCELL_2268934,HUMAN_MYELIN_112226,7,YANFHNYFV,7,RPPFSRVVH,0,All manifest-contained 9-mer window combinations retained for sensitivity; not a predictor-selected register or a re-ranking score.
EBV_TCELL_2268934::HUMAN_MYELIN_112226,29,EBV_TCELL_2268934,HUMAN_MYELIN_112226,7,YANFHNYFV,8,PPFSRVVHL,0,All manifest-contained 9-mer window combinations retained for sensitivity; not a predictor-selected register or a re-ranking score.
EBV_TCELL_2268934::HUMAN_MYELIN_112226,29,EBV_TCELL_2268934,HUMAN_MYELIN_112226,7,YANFHNYFV,9,PFSRVVHLY,0,All manifest-contained 9-mer window combinations retained for sensitivity; not a predictor-selected register or a re-ranking score.
EBV_TCELL_2268934::HUMAN_MYELIN_112226,29,EBV_TCELL_2268934,HUMAN_MYELIN_112226,7,YANFHNYFV,10,FSRVVHLYR,0,All manifest-contained 9-mer window combinations retained for sensitivity; not a predictor-selected register or a re-ranking score.
EBV_TCELL_2268934::HUMAN_MYELIN_112226,29,EBV_TCELL_2268934,HUMAN_MYELIN_112226,7,YANFHNYFV,11,SRVVHLYRN,0,All manifest-contained 9-mer window combinations retained for sensitivity; not a predictor-selected register or a re-ranking score.
EBV_TCELL_2268934::HUMAN_MYELIN_112226,29,EBV_TCELL_2268934,HUMAN_MYELIN_112226,7,YANFHNYFV,12,RVVHLYRNG,0,All manifest-contained 9-mer window combinations retained for sensitivity; not a predictor-selected register or a re-ranking score.
EBV_TCELL_2268934::HUMAN_MYELIN_112226,29,EBV_TCELL_2268934,HUMAN_MYELIN_112226,7,YANFHNYFV,13,VVHLYRNGK,0,All manifest-contained 9-mer window combinations retained for sensitivity; not a predictor-selected register or a re-ranking score.
EBV_TCELL_2268934::HUMAN_MYELIN_112226,29,EBV_TCELL_2268934,HUMAN_MYELIN_112226,8,ANFHNYFVP,1,MEVGWYRPP,0,All manifest-contained 9-mer window combinations retained for sensitivity; not a predictor-selected register or a re-ranking score.
EBV_TCELL_2268934::HUMAN_MYELIN_112226,29,EBV_TCELL_2268934,HUMAN_MYELIN_112226,8,ANFHNYFVP,2,EVGWYRPPF,0,All manifest-contained 9-mer window combinations retained for sensitivity; not a predictor-selected register or a re-ranking score.
EBV_TCELL_2268934::HUMAN_MYELIN_112226,29,EBV_TCELL_2268934,HUMAN_MYELIN_112226,8,ANFHNYFVP,3,VGWYRPPFS,0,All manifest-contained 9-mer window combinations retained for sensitivity; not a predictor-selected register or a re-ranking score.
EBV_TCELL_2268934::HUMAN_MYELIN_112226,29,EBV_TCELL_2268934,HUMAN_MYELIN_112226,8,ANFHNYFVP,4,GWYRPPFSR,0,All manifest-contained 9-mer window combinations retained for sensitivity; not a predictor-selected register or a re-ranking score.
EBV_TCELL_2268934::HUMAN_MYELIN_112226,29,EBV_TCELL_2268934,HUMAN_MYELIN_112226,8,ANFHNYFVP,5,WYRPPFSRV,0,All manifest-contained 9-mer window combinations retained for sensitivity; not a predictor-selected register or a re-ranking score.
EBV_TCELL_2268934::HUMAN_MYELIN_112226,29,EBV_TCELL_2268934,HUMAN_MYELIN_112226,8,ANFHNYFVP,6,YRPPFSRVV,0,All manifest-contained 9-mer window combinations retained for sensitivity; not a predictor-selected register or a re-ranking score.
EBV_TCELL_2268934::HUMAN_MYELIN_112226,29,EBV_TCELL_2268934,HUMAN_MYELIN_112226,8,ANFHNYFVP,7,RPPFSRVVH,0,All manifest-contained 9-mer window combinations retained for sensitivity; not a predictor-selected register or a re-ranking score.
EBV_TCELL_2268934::HUMAN_MYELIN_112226,29,EBV_TCELL_2268934,HUMAN_MYELIN_112226,8,ANFHNYFVP,8,PPFSRVVHL,0,All manifest-contained 9-mer window combinations retained for sensitivity; not a predictor-selected register or a re-ranking score.
EBV_TCELL_2268934::HUMAN_MYELIN_112226,29,EBV_TCELL_2268934,HUMAN_MYELIN_112226,8,ANFHNYFVP,9,PFSRVVHLY,0,All manifest-contained 9-mer window combinations retained for sensitivity; not a predictor-selected register or a re-ranking score.
EBV_TCELL_2268934::HUMAN_MYELIN_112226,29,EBV_TCELL_2268934,HUMAN_MYELIN_112226,8,ANFHNYFVP,10,FSRVVHLYR,0,All manifest-contained 9-mer window combinations retained for sensitivity; not a predictor-selected register or a re-ranking score.
EBV_TCELL_2268934::HUMAN_MYELIN_112226,29,EBV_TCELL_2268934,HUMAN_MYELIN_112226,8,ANFHNYFVP,11,SRVVHLYRN,0,All manifest-contained 9-mer window combinations retained for sensitivity; not a predictor-selected register or a re-ranking score.
EBV_TCELL_2268934::HUMAN_MYELIN_112226,29,EBV_TCELL_2268934,HUMAN_MYELIN_112226,8,ANFHNYFVP,12,RVVHLYRNG,0,All manifest-contained 9-mer window combinations retained for sensitivity; not a predictor-selected register or a re-ranking score.
EBV_TCELL_2268934::HUMAN_MYELIN_112226,29,EBV_TCELL_2268934,HUMAN_MYELIN_112226,8,ANFHNYFVP,13,VVHLYRNGK,0,All manifest-contained 9-mer window combinations retained for sensitivity; not a predictor-selected register or a re-ranking score.
EBV_TCELL_2268934::HUMAN_MYELIN_112226,29,EBV_TCELL_2268934,HUMAN_MYELIN_112226,9,NFHNYFVPN,1,MEVGWYRPP,0,All manifest-contained 9-mer window combinations retained for sensitivity; not a predictor-selected register or a re-ranking score.
EBV_TCELL_2268934::HUMAN_MYELIN_112226,29,EBV_TCELL_2268934,HUMAN_MYELIN_112226,9,NFHNYFVPN,2,EVGWYRPPF,0,All manifest-contained 9-mer window combinations retained for sensitivity; not a predictor-selected register or a re-ranking score.
EBV_TCELL_2268934::HUMAN_MYELIN_112226,29,EBV_TCELL_2268934,HUMAN_MYELIN_112226,9,NFHNYFVPN,3,VGWYRPPFS,0,All manifest-contained 9-mer window combinations retained for sensitivity; not a predictor-selected register or a re-ranking score.
EBV_TCELL_2268934::HUMAN_MYELIN_112226,29,EBV_TCELL_2268934,HUMAN_MYELIN_112226,9,NFHNYFVPN,4,GWYRPPFSR,0,All manifest-contained 9-mer window combinations retained for sensitivity; not a predictor-selected register or a re-ranking score.
EBV_TCELL_2268934::HUMAN_MYELIN_112226,29,EBV_TCELL_2268934,HUMAN_MYELIN_112226,9,NFHNYFVPN,5,WYRPPFSRV,0,All manifest-contained 9-mer window combinations retained for sensitivity; not a predictor-selected register or a re-ranking score.
EBV_TCELL_2268934::HUMAN_MYELIN_112226,29,EBV_TCELL_2268934,HUMAN_MYELIN_112226,9,NFHNYFVPN,6,YRPPFSRVV,0,All manifest-contained 9-mer window combinations retained for sensitivity; not a predictor-selected register or a re-ranking score.
EBV_TCELL_2268934::HUMAN_MYELIN_112226,29,EBV_TCELL_2268934,HUMAN_MYELIN_112226,9,NFHNYFVPN,7,RPPFSRVVH,0,All manifest-contained 9-mer window combinations retained for sensitivity; not a predictor-selected register or a re-ranking score.
EBV_TCELL_2268934::HUMAN_MYELIN_112226,29,EBV_TCELL_2268934,HUMAN_MYELIN_112226,9,NFHNYFVPN,8,PPFSRVVHL,0,All manifest-contained 9-mer window combinations retained for sensitivity; not a predictor-selected register or a re-ranking score.
EBV_TCELL_2268934::HUMAN_MYELIN_112226,29,EBV_TCELL_2268934,HUMAN_MYELIN_112226,9,NFHNYFVPN,9,PFSRVVHLY,0,All manifest-contained 9-mer window combinations retained for sensitivity; not a predictor-selected register or a re-ranking score.
EBV_TCELL_2268934::HUMAN_MYELIN_112226,29,EBV_TCELL_2268934,HUMAN_MYELIN_112226,9,NFHNYFVPN,10,FSRVVHLYR,0,All manifest-contained 9-mer window combinations retained for sensitivity; not a predictor-selected register or a re-ranking score.
EBV_TCELL_2268934::HUMAN_MYELIN_112226,29,EBV_TCELL_2268934,HUMAN_MYELIN_112226,9,NFHNYFVPN,11,SRVVHLYRN,0,All manifest-contained 9-mer window combinations retained for sensitivity; not a predictor-selected register or a re-ranking score.
EBV_TCELL_2268934::HUMAN_MYELIN_112226,29,EBV_TCELL_2268934,HUMAN_MYELIN_112226,9,NFHNYFVPN,12,RVVHLYRNG,0,All manifest-contained 9-mer window combinations retained for sensitivity; not a predictor-selected register or a re-ranking score.
EBV_TCELL_2268934::HUMAN_MYELIN_112226,29,EBV_TCELL_2268934,HUMAN_MYELIN_112226,9,NFHNYFVPN,13,VVHLYRNGK,0,All manifest-contained 9-mer window combinations retained for sensitivity; not a predictor-selected register or a re-ranking score.
EBV_TCELL_2268683::HUMAN_MYELIN_112214,30,EBV_TCELL_2268683,HUMAN_MYELIN_112214,1,EKQLFYYIG,1,LSRFSWGAE,0,All manifest-contained 9-mer window combinations retained for sensitivity; not a predictor-selected register or a re-ranking score.
EBV_TCELL_2268683::HUMAN_MYELIN_112214,30,EBV_TCELL_2268683,HUMAN_MYELIN_112214,1,EKQLFYYIG,2,SRFSWGAEG,0,All manifest-contained 9-mer window combinations retained for sensitivity; not a predictor-selected register or a re-ranking score.
EBV_TCELL_2268683::HUMAN_MYELIN_112214,30,EBV_TCELL_2268683,HUMAN_MYELIN_112214,1,EKQLFYYIG,3,RFSWGAEGQ,0,All manifest-contained 9-mer window combinations retained for sensitivity; not a predictor-selected register or a re-ranking score.
EBV_TCELL_2268683::HUMAN_MYELIN_112214,30,EBV_TCELL_2268683,HUMAN_MYELIN_112214,1,EKQLFYYIG,4,FSWGAEGQR,0,All manifest-contained 9-mer window combinations retained for sensitivity; not a predictor-selected register or a re-ranking score.
EBV_TCELL_2268683::HUMAN_MYELIN_112214,30,EBV_TCELL_2268683,HUMAN_MYELIN_112214,1,EKQLFYYIG,5,SWGAEGQRP,0,All manifest-contained 9-mer window combinations retained for sensitivity; not a predictor-selected register or a re-ranking score.
EBV_TCELL_2268683::HUMAN_MYELIN_112214,30,EBV_TCELL_2268683,HUMAN_MYELIN_112214,1,EKQLFYYIG,6,WGAEGQRPG,0,All manifest-contained 9-mer window combinations retained for sensitivity; not a predictor-selected register or a re-ranking score.
EBV_TCELL_2268683::HUMAN_MYELIN_112214,30,EBV_TCELL_2268683,HUMAN_MYELIN_112214,1,EKQLFYYIG,7,GAEGQRPGF,0,All manifest-contained 9-mer window combinations retained for sensitivity; not a predictor-selected register or a re-ranking score.
EBV_TCELL_2268683::HUMAN_MYELIN_112214,30,EBV_TCELL_2268683,HUMAN_MYELIN_112214,1,EKQLFYYIG,8,AEGQRPGFG,0,All manifest-contained 9-mer window combinations retained for sensitivity; not a predictor-selected register or a re-ranking score.
EBV_TCELL_2268683::HUMAN_MYELIN_112214,30,EBV_TCELL_2268683,HUMAN_MYELIN_112214,1,EKQLFYYIG,9,EGQRPGFGY,0,All manifest-contained 9-mer window combinations retained for sensitivity; not a predictor-selected register or a re-ranking score.
EBV_TCELL_2268683::HUMAN_MYELIN_112214,30,EBV_TCELL_2268683,HUMAN_MYELIN_112214,1,EKQLFYYIG,10,GQRPGFGYG,0,All manifest-contained 9-mer window combinations retained for sensitivity; not a predictor-selected register or a re-ranking score.
EBV_TCELL_2268683::HUMAN_MYELIN_112214,30,EBV_TCELL_2268683,HUMAN_MYELIN_112214,1,EKQLFYYIG,11,QRPGFGYGG,5,All manifest-contained 9-mer window combinations retained for sensitivity; not a predictor-selected register or a re-ranking score.
EBV_TCELL_2268683::HUMAN_MYELIN_112214,30,EBV_TCELL_2268683,HUMAN_MYELIN_112214,2,KQLFYYIGT,1,LSRFSWGAE,0,All manifest-contained 9-mer window combinations retained for sensitivity; not a predictor-selected register or a re-ranking score.
EBV_TCELL_2268683::HUMAN_MYELIN_112214,30,EBV_TCELL_2268683,HUMAN_MYELIN_112214,2,KQLFYYIGT,2,SRFSWGAEG,0,All manifest-contained 9-mer window combinations retained for sensitivity; not a predictor-selected register or a re-ranking score.
EBV_TCELL_2268683::HUMAN_MYELIN_112214,30,EBV_TCELL_2268683,HUMAN_MYELIN_112214,2,KQLFYYIGT,3,RFSWGAEGQ,0,All manifest-contained 9-mer window combinations retained for sensitivity; not a predictor-selected register or a re-ranking score.
EBV_TCELL_2268683::HUMAN_MYELIN_112214,30,EBV_TCELL_2268683,HUMAN_MYELIN_112214,2,KQLFYYIGT,4,FSWGAEGQR,0,All manifest-contained 9-mer window combinations retained for sensitivity; not a predictor-selected register or a re-ranking score.
EBV_TCELL_2268683::HUMAN_MYELIN_112214,30,EBV_TCELL_2268683,HUMAN_MYELIN_112214,2,KQLFYYIGT,5,SWGAEGQRP,0,All manifest-contained 9-mer window combinations retained for sensitivity; not a predictor-selected register or a re-ranking score.
EBV_TCELL_2268683::HUMAN_MYELIN_112214,30,EBV_TCELL_2268683,HUMAN_MYELIN_112214,2,KQLFYYIGT,6,WGAEGQRPG,0,All manifest-contained 9-mer window combinations retained for sensitivity; not a predictor-selected register or a re-ranking score.
EBV_TCELL_2268683::HUMAN_MYELIN_112214,30,EBV_TCELL_2268683,HUMAN_MYELIN_112214,2,KQLFYYIGT,7,GAEGQRPGF,0,All manifest-contained 9-mer window combinations retained for sensitivity; not a predictor-selected register or a re-ranking score.
EBV_TCELL_2268683::HUMAN_MYELIN_112214,30,EBV_TCELL_2268683,HUMAN_MYELIN_112214,2,KQLFYYIGT,8,AEGQRPGFG,0,All manifest-contained 9-mer window combinations retained for sensitivity; not a predictor-selected register or a re-ranking score.
EBV_TCELL_2268683::HUMAN_MYELIN_112214,30,EBV_TCELL_2268683,HUMAN_MYELIN_112214,2,KQLFYYIGT,9,EGQRPGFGY,0,All manifest-contained 9-mer window combinations retained for sensitivity; not a predictor-selected register or a re-ranking score.
EBV_TCELL_2268683::HUMAN_MYELIN_112214,30,EBV_TCELL_2268683,HUMAN_MYELIN_112214,2,KQLFYYIGT,10,GQRPGFGYG,0,All manifest-contained 9-mer window combinations retained for sensitivity; not a predictor-selected register or a re-ranking score.
EBV_TCELL_2268683::HUMAN_MYELIN_112214,30,EBV_TCELL_2268683,HUMAN_MYELIN_112214,2,KQLFYYIGT,11,QRPGFGYGG,0,All manifest-contained 9-mer window combinations retained for sensitivity; not a predictor-selected register or a re-ranking score.
EBV_TCELL_2268683::HUMAN_MYELIN_112214,30,EBV_TCELL_2268683,HUMAN_MYELIN_112214,3,QLFYYIGTM,1,LSRFSWGAE,0,All manifest-contained 9-mer window combinations retained for sensitivity; not a predictor-selected register or a re-ranking score.
EBV_TCELL_2268683::HUMAN_MYELIN_112214,30,EBV_TCELL_2268683,HUMAN_MYELIN_112214,3,QLFYYIGTM,2,SRFSWGAEG,0,All manifest-contained 9-mer window combinations retained for sensitivity; not a predictor-selected register or a re-ranking score.
EBV_TCELL_2268683::HUMAN_MYELIN_112214,30,EBV_TCELL_2268683,HUMAN_MYELIN_112214,3,QLFYYIGTM,3,RFSWGAEGQ,0,All manifest-contained 9-mer window combinations retained for sensitivity; not a predictor-selected register or a re-ranking score.
EBV_TCELL_2268683::HUMAN_MYELIN_112214,30,EBV_TCELL_2268683,HUMAN_MYELIN_112214,3,QLFYYIGTM,4,FSWGAEGQR,0,All manifest-contained 9-mer window combinations retained for sensitivity; not a predictor-selected register or a re-ranking score.
EBV_TCELL_2268683::HUMAN_MYELIN_112214,30,EBV_TCELL_2268683,HUMAN_MYELIN_112214,3,QLFYYIGTM,5,SWGAEGQRP,0,All manifest-contained 9-mer window combinations retained for sensitivity; not a predictor-selected register or a re-ranking score.
EBV_TCELL_2268683::HUMAN_MYELIN_112214,30,EBV_TCELL_2268683,HUMAN_MYELIN_112214,3,QLFYYIGTM,6,WGAEGQRPG,0,All manifest-contained 9-mer window combinations retained for sensitivity; not a predictor-selected register or a re-ranking score.
EBV_TCELL_2268683::HUMAN_MYELIN_112214,30,EBV_TCELL_2268683,HUMAN_MYELIN_112214,3,QLFYYIGTM,7,GAEGQRPGF,0,All manifest-contained 9-mer window combinations retained for sensitivity; not a predictor-selected register or a re-ranking score.
EBV_TCELL_2268683::HUMAN_MYELIN_112214,30,EBV_TCELL_2268683,HUMAN_MYELIN_112214,3,QLFYYIGTM,8,AEGQRPGFG,0,All manifest-contained 9-mer window combinations retained for sensitivity; not a predictor-selected register or a re-ranking score.
EBV_TCELL_2268683::HUMAN_MYELIN_112214,30,EBV_TCELL_2268683,HUMAN_MYELIN_112214,3,QLFYYIGTM,9,EGQRPGFGY,0,All manifest-contained 9-mer window combinations retained for sensitivity; not a predictor-selected register or a re-ranking score.
EBV_TCELL_2268683::HUMAN_MYELIN_112214,30,EBV_TCELL_2268683,HUMAN_MYELIN_112214,3,QLFYYIGTM,10,GQRPGFGYG,0,All manifest-contained 9-mer window combinations retained for sensitivity; not a predictor-selected register or a re-ranking score.
EBV_TCELL_2268683::HUMAN_MYELIN_112214,30,EBV_TCELL_2268683,HUMAN_MYELIN_112214,3,QLFYYIGTM,11,QRPGFGYGG,0,All manifest-contained 9-mer window combinations retained for sensitivity; not a predictor-selected register or a re-ranking score.
EBV_TCELL_2268683::HUMAN_MYELIN_112214,30,EBV_TCELL_2268683,HUMAN_MYELIN_112214,4,LFYYIGTML,1,LSRFSWGAE,0,All manifest-contained 9-mer window combinations retained for sensitivity; not a predictor-selected register or a re-ranking score.
EBV_TCELL_2268683::HUMAN_MYELIN_112214,30,EBV_TCELL_2268683,HUMAN_MYELIN_112214,4,LFYYIGTML,2,SRFSWGAEG,0,All manifest-contained 9-mer window combinations retained for sensitivity; not a predictor-selected register or a re-ranking score.
EBV_TCELL_2268683::HUMAN_MYELIN_112214,30,EBV_TCELL_2268683,HUMAN_MYELIN_112214,4,LFYYIGTML,3,RFSWGAEGQ,0,All manifest-contained 9-mer window combinations retained for sensitivity; not a predictor-selected register or a re-ranking score.
EBV_TCELL_2268683::HUMAN_MYELIN_112214,30,EBV_TCELL_2268683,HUMAN_MYELIN_112214,4,LFYYIGTML,4,FSWGAEGQR,0,All manifest-contained 9-mer window combinations retained for sensitivity; not a predictor-selected register or a re-ranking score.
EBV_TCELL_2268683::HUMAN_MYELIN_112214,30,EBV_TCELL_2268683,HUMAN_MYELIN_112214,4,LFYYIGTML,5,SWGAEGQRP,0,All manifest-contained 9-mer window combinations retained for sensitivity; not a predictor-selected register or a re-ranking score.
EBV_TCELL_2268683::HUMAN_MYELIN_112214,30,EBV_TCELL_2268683,HUMAN_MYELIN_112214,4,LFYYIGTML,6,WGAEGQRPG,0,All manifest-contained 9-mer window combinations retained for sensitivity; not a predictor-selected register or a re-ranking score.
EBV_TCELL_2268683::HUMAN_MYELIN_112214,30,EBV_TCELL_2268683,HUMAN_MYELIN_112214,4,LFYYIGTML,7,GAEGQRPGF,0,All manifest-contained 9-mer window combinations retained for sensitivity; not a predictor-selected register or a re-ranking score.
EBV_TCELL_2268683::HUMAN_MYELIN_112214,30,EBV_TCELL_2268683,HUMAN_MYELIN_112214,4,LFYYIGTML,8,AEGQRPGFG,0,All manifest-contained 9-mer window combinations retained for sensitivity; not a predictor-selected register or a re-ranking score.
EBV_TCELL_2268683::HUMAN_MYELIN_112214,30,EBV_TCELL_2268683,HUMAN_MYELIN_112214,4,LFYYIGTML,9,EGQRPGFGY,0,All manifest-contained 9-mer window combinations retained for sensitivity; not a predictor-selected register or a re-ranking score.
EBV_TCELL_2268683::HUMAN_MYELIN_112214,30,EBV_TCELL_2268683,HUMAN_MYELIN_112214,4,LFYYIGTML,10,GQRPGFGYG,0,All manifest-contained 9-mer window combinations retained for sensitivity; not a predictor-selected register or a re-ranking score.
EBV_TCELL_2268683::HUMAN_MYELIN_112214,30,EBV_TCELL_2268683,HUMAN_MYELIN_112214,4,LFYYIGTML,11,QRPGFGYGG,0,All manifest-contained 9-mer window combinations retained for sensitivity; not a predictor-selected register or a re-ranking score.
EBV_TCELL_2268683::HUMAN_MYELIN_112214,30,EBV_TCELL_2268683,HUMAN_MYELIN_112214,5,FYYIGTMLP,1,LSRFSWGAE,0,All manifest-contained 9-mer window combinations retained for sensitivity; not a predictor-selected register or a re-ranking score.
EBV_TCELL_2268683::HUMAN_MYELIN_112214,30,EBV_TCELL_2268683,HUMAN_MYELIN_112214,5,FYYIGTMLP,2,SRFSWGAEG,0,All manifest-contained 9-mer window combinations retained for sensitivity; not a predictor-selected register or a re-ranking score.
EBV_TCELL_2268683::HUMAN_MYELIN_112214,30,EBV_TCELL_2268683,HUMAN_MYELIN_112214,5,FYYIGTMLP,3,RFSWGAEGQ,0,All manifest-contained 9-mer window combinations retained for sensitivity; not a predictor-selected register or a re-ranking score.
EBV_TCELL_2268683::HUMAN_MYELIN_112214,30,EBV_TCELL_2268683,HUMAN_MYELIN_112214,5,FYYIGTMLP,4,FSWGAEGQR,0,All manifest-contained 9-mer window combinations retained for sensitivity; not a predictor-selected register or a re-ranking score.
EBV_TCELL_2268683::HUMAN_MYELIN_112214,30,EBV_TCELL_2268683,HUMAN_MYELIN_112214,5,FYYIGTMLP,5,SWGAEGQRP,0,All manifest-contained 9-mer window combinations retained for sensitivity; not a predictor-selected register or a re-ranking score.
EBV_TCELL_2268683::HUMAN_MYELIN_112214,30,EBV_TCELL_2268683,HUMAN_MYELIN_112214,5,FYYIGTMLP,6,WGAEGQRPG,0,All manifest-contained 9-mer window combinations retained for sensitivity; not a predictor-selected register or a re-ranking score.
EBV_TCELL_2268683::HUMAN_MYELIN_112214,30,EBV_TCELL_2268683,HUMAN_MYELIN_112214,5,FYYIGTMLP,7,GAEGQRPGF,0,All manifest-contained 9-mer window combinations retained for sensitivity; not a predictor-selected register or a re-ranking score.
EBV_TCELL_2268683::HUMAN_MYELIN_112214,30,EBV_TCELL_2268683,HUMAN_MYELIN_112214,5,FYYIGTMLP,8,AEGQRPGFG,0,All manifest-contained 9-mer window combinations retained for sensitivity; not a predictor-selected register or a re-ranking score.
EBV_TCELL_2268683::HUMAN_MYELIN_112214,30,EBV_TCELL_2268683,HUMAN_MYELIN_112214,5,FYYIGTMLP,9,EGQRPGFGY,0,All manifest-contained 9-mer window combinations retained for sensitivity; not a predictor-selected register or a re-ranking score.
EBV_TCELL_2268683::HUMAN_MYELIN_112214,30,EBV_TCELL_2268683,HUMAN_MYELIN_112214,5,FYYIGTMLP,10,GQRPGFGYG,0,All manifest-contained 9-mer window combinations retained for sensitivity; not a predictor-selected register or a re-ranking score.
EBV_TCELL_2268683::HUMAN_MYELIN_112214,30,EBV_TCELL_2268683,HUMAN_MYELIN_112214,5,FYYIGTMLP,11,QRPGFGYGG,0,All manifest-contained 9-mer window combinations retained for sensitivity; not a predictor-selected register or a re-ranking score.
EBV_TCELL_2268683::HUMAN_MYELIN_112214,30,EBV_TCELL_2268683,HUMAN_MYELIN_112214,6,YYIGTMLPN,1,LSRFSWGAE,0,All manifest-contained 9-mer window combinations retained for sensitivity; not a predictor-selected register or a re-ranking score.
EBV_TCELL_2268683::HUMAN_MYELIN_112214,30,EBV_TCELL_2268683,HUMAN_MYELIN_112214,6,YYIGTMLPN,2,SRFSWGAEG,0,All manifest-contained 9-mer window combinations retained for sensitivity; not a predictor-selected register or a re-ranking score.
EBV_TCELL_2268683::HUMAN_MYELIN_112214,30,EBV_TCELL_2268683,HUMAN_MYELIN_112214,6,YYIGTMLPN,3,RFSWGAEGQ,0,All manifest-contained 9-mer window combinations retained for sensitivity; not a predictor-selected register or a re-ranking score.
EBV_TCELL_2268683::HUMAN_MYELIN_112214,30,EBV_TCELL_2268683,HUMAN_MYELIN_112214,6,YYIGTMLPN,4,FSWGAEGQR,0,All manifest-contained 9-mer window combinations retained for sensitivity; not a predictor-selected register or a re-ranking score.
EBV_TCELL_2268683::HUMAN_MYELIN_112214,30,EBV_TCELL_2268683,HUMAN_MYELIN_112214,6,YYIGTMLPN,5,SWGAEGQRP,0,All manifest-contained 9-mer window combinations retained for sensitivity; not a predictor-selected register or a re-ranking score.
EBV_TCELL_2268683::HUMAN_MYELIN_112214,30,EBV_TCELL_2268683,HUMAN_MYELIN_112214,6,YYIGTMLPN,6,WGAEGQRPG,0,All manifest-contained 9-mer window combinations retained for sensitivity; not a predictor-selected register or a re-ranking score.
EBV_TCELL_2268683::HUMAN_MYELIN_112214,30,EBV_TCELL_2268683,HUMAN_MYELIN_112214,6,YYIGTMLPN,7,GAEGQRPGF,0,All manifest-contained 9-mer window combinations retained for sensitivity; not a predictor-selected register or a re-ranking score.
EBV_TCELL_2268683::HUMAN_MYELIN_112214,30,EBV_TCELL_2268683,HUMAN_MYELIN_112214,6,YYIGTMLPN,8,AEGQRPGFG,0,All manifest-contained 9-mer window combinations retained for sensitivity; not a predictor-selected register or a re-ranking score.
EBV_TCELL_2268683::HUMAN_MYELIN_112214,30,EBV_TCELL_2268683,HUMAN_MYELIN_112214,6,YYIGTMLPN,9,EGQRPGFGY,0,All manifest-contained 9-mer window combinations retained for sensitivity; not a predictor-selected register or a re-ranking score.
EBV_TCELL_2268683::HUMAN_MYELIN_112214,30,EBV_TCELL_2268683,HUMAN_MYELIN_112214,6,YYIGTMLPN,10,GQRPGFGYG,0,All manifest-contained 9-mer window combinations retained for sensitivity; not a predictor-selected register or a re-ranking score.
EBV_TCELL_2268683::HUMAN_MYELIN_112214,30,EBV_TCELL_2268683,HUMAN_MYELIN_112214,6,YYIGTMLPN,11,QRPGFGYGG,0,All manifest-contained 9-mer window combinations retained for sensitivity; not a predictor-selected register or a re-ranking score.
EBV_TCELL_149795::HUMAN_MYELIN_116079,31,EBV_TCELL_149795,HUMAN_MYELIN_116079,1,LDLDFGQLT,1,ATASTMDHA,0,All manifest-contained 9-mer window combinations retained for sensitivity; not a predictor-selected register or a re-ranking score.
EBV_TCELL_149795::HUMAN_MYELIN_116079,31,EBV_TCELL_149795,HUMAN_MYELIN_116079,1,LDLDFGQLT,2,TASTMDHAR,0,All manifest-contained 9-mer window combinations retained for sensitivity; not a predictor-selected register or a re-ranking score.
EBV_TCELL_149795::HUMAN_MYELIN_116079,31,EBV_TCELL_149795,HUMAN_MYELIN_116079,1,LDLDFGQLT,3,ASTMDHARH,0,All manifest-contained 9-mer window combinations retained for sensitivity; not a predictor-selected register or a re-ranking score.
EBV_TCELL_149795::HUMAN_MYELIN_116079,31,EBV_TCELL_149795,HUMAN_MYELIN_116079,1,LDLDFGQLT,4,STMDHARHG,0,All manifest-contained 9-mer window combinations retained for sensitivity; not a predictor-selected register or a re-ranking score.
EBV_TCELL_149795::HUMAN_MYELIN_116079,31,EBV_TCELL_149795,HUMAN_MYELIN_116079,1,LDLDFGQLT,5,TMDHARHGF,0,All manifest-contained 9-mer window combinations retained for sensitivity; not a predictor-selected register or a re-ranking score.
EBV_TCELL_149795::HUMAN_MYELIN_116079,31,EBV_TCELL_149795,HUMAN_MYELIN_116079,1,LDLDFGQLT,6,MDHARHGFL,0,All manifest-contained 9-mer window combinations retained for sensitivity; not a predictor-selected register or a re-ranking score.
EBV_TCELL_149795::HUMAN_MYELIN_116079,31,EBV_TCELL_149795,HUMAN_MYELIN_116079,1,LDLDFGQLT,7,DHARHGFLP,0,All manifest-contained 9-mer window combinations retained for sensitivity; not a predictor-selected register or a re-ranking score.
EBV_TCELL_149795::HUMAN_MYELIN_116079,31,EBV_TCELL_149795,HUMAN_MYELIN_116079,1,LDLDFGQLT,8,HARHGFLPR,0,All manifest-contained 9-mer window combinations retained for sensitivity; not a predictor-selected register or a re-ranking score.
EBV_TCELL_149795::HUMAN_MYELIN_116079,31,EBV_TCELL_149795,HUMAN_MYELIN_116079,1,LDLDFGQLT,9,ARHGFLPRH,0,All manifest-contained 9-mer window combinations retained for sensitivity; not a predictor-selected register or a re-ranking score.
EBV_TCELL_149795::HUMAN_MYELIN_116079,31,EBV_TCELL_149795,HUMAN_MYELIN_116079,1,LDLDFGQLT,10,RHGFLPRHR,0,All manifest-contained 9-mer window combinations retained for sensitivity; not a predictor-selected register or a re-ranking score.
EBV_TCELL_149795::HUMAN_MYELIN_116079,31,EBV_TCELL_149795,HUMAN_MYELIN_116079,1,LDLDFGQLT,11,HGFLPRHRD,0,All manifest-contained 9-mer window combinations retained for sensitivity; not a predictor-selected register or a re-ranking score.
EBV_TCELL_149795::HUMAN_MYELIN_116079,31,EBV_TCELL_149795,HUMAN_MYELIN_116079,1,LDLDFGQLT,12,GFLPRHRDT,0,All manifest-contained 9-mer window combinations retained for sensitivity; not a predictor-selected register or a re-ranking score.
EBV_TCELL_149795::HUMAN_MYELIN_116079,31,EBV_TCELL_149795,HUMAN_MYELIN_116079,1,LDLDFGQLT,13,FLPRHRDTG,0,All manifest-contained 9-mer window combinations retained for sensitivity; not a predictor-selected register or a re-ranking score.
EBV_TCELL_149795::HUMAN_MYELIN_116079,31,EBV_TCELL_149795,HUMAN_MYELIN_116079,1,LDLDFGQLT,14,LPRHRDTGI,0,All manifest-contained 9-mer window combinations retained for sensitivity; not a predictor-selected register or a re-ranking score.
EBV_TCELL_149795::HUMAN_MYELIN_116079,31,EBV_TCELL_149795,HUMAN_MYELIN_116079,1,LDLDFGQLT,15,PRHRDTGIL,0,All manifest-contained 9-mer window combinations retained for sensitivity; not a predictor-selected register or a re-ranking score.
EBV_TCELL_149795::HUMAN_MYELIN_116079,31,EBV_TCELL_149795,HUMAN_MYELIN_116079,2,DLDFGQLTP,1,ATASTMDHA,0,All manifest-contained 9-mer window combinations retained for sensitivity; not a predictor-selected register or a re-ranking score.
EBV_TCELL_149795::HUMAN_MYELIN_116079,31,EBV_TCELL_149795,HUMAN_MYELIN_116079,2,DLDFGQLTP,2,TASTMDHAR,0,All manifest-contained 9-mer window combinations retained for sensitivity; not a predictor-selected register or a re-ranking score.
EBV_TCELL_149795::HUMAN_MYELIN_116079,31,EBV_TCELL_149795,HUMAN_MYELIN_116079,2,DLDFGQLTP,3,ASTMDHARH,0,All manifest-contained 9-mer window combinations retained for sensitivity; not a predictor-selected register or a re-ranking score.
EBV_TCELL_149795::HUMAN_MYELIN_116079,31,EBV_TCELL_149795,HUMAN_MYELIN_116079,2,DLDFGQLTP,4,STMDHARHG,0,All manifest-contained 9-mer window combinations retained for sensitivity; not a predictor-selected register or a re-ranking score.
EBV_TCELL_149795::HUMAN_MYELIN_116079,31,EBV_TCELL_149795,HUMAN_MYELIN_116079,2,DLDFGQLTP,5,TMDHARHGF,0,All manifest-contained 9-mer window combinations retained for sensitivity; not a predictor-selected register or a re-ranking score.
EBV_TCELL_149795::HUMAN_MYELIN_116079,31,EBV_TCELL_149795,HUMAN_MYELIN_116079,2,DLDFGQLTP,6,MDHARHGFL,0,All manifest-contained 9-mer window combinations retained for sensitivity; not a predictor-selected register or a re-ranking score.
EBV_TCELL_149795::HUMAN_MYELIN_116079,31,EBV_TCELL_149795,HUMAN_MYELIN_116079,2,DLDFGQLTP,7,DHARHGFLP,0,All manifest-contained 9-mer window combinations retained for sensitivity; not a predictor-selected register or a re-ranking score.
EBV_TCELL_149795::HUMAN_MYELIN_116079,31,EBV_TCELL_149795,HUMAN_MYELIN_116079,2,DLDFGQLTP,8,HARHGFLPR,0,All manifest-contained 9-mer window combinations retained for sensitivity; not a predictor-selected register or a re-ranking score.
EBV_TCELL_149795::HUMAN_MYELIN_116079,31,EBV_TCELL_149795,HUMAN_MYELIN_116079,2,DLDFGQLTP,9,ARHGFLPRH,0,All manifest-contained 9-mer window combinations retained for sensitivity; not a predictor-selected register or a re-ranking score.
EBV_TCELL_149795::HUMAN_MYELIN_116079,31,EBV_TCELL_149795,HUMAN_MYELIN_116079,2,DLDFGQLTP,10,RHGFLPRHR,0,All manifest-contained 9-mer window combinations retained for sensitivity; not a predictor-selected register or a re-ranking score.
EBV_TCELL_149795::HUMAN_MYELIN_116079,31,EBV_TCELL_149795,HUMAN_MYELIN_116079,2,DLDFGQLTP,11,HGFLPRHRD,0,All manifest-contained 9-mer window combinations retained for sensitivity; not a predictor-selected register or a re-ranking score.
EBV_TCELL_149795::HUMAN_MYELIN_116079,31,EBV_TCELL_149795,HUMAN_MYELIN_116079,2,DLDFGQLTP,12,GFLPRHRDT,0,All manifest-contained 9-mer window combinations retained for sensitivity; not a predictor-selected register or a re-ranking score.
EBV_TCELL_149795::HUMAN_MYELIN_116079,31,EBV_TCELL_149795,HUMAN_MYELIN_116079,2,DLDFGQLTP,13,FLPRHRDTG,0,All manifest-contained 9-mer window combinations retained for sensitivity; not a predictor-selected register or a re-ranking score.
EBV_TCELL_149795::HUMAN_MYELIN_116079,31,EBV_TCELL_149795,HUMAN_MYELIN_116079,2,DLDFGQLTP,14,LPRHRDTGI,0,All manifest-contained 9-mer window combinations retained for sensitivity; not a predictor-selected register or a re-ranking score.
EBV_TCELL_149795::HUMAN_MYELIN_116079,31,EBV_TCELL_149795,HUMAN_MYELIN_116079,2,DLDFGQLTP,15,PRHRDTGIL,0,All manifest-contained 9-mer window combinations retained for sensitivity; not a predictor-selected register or a re-ranking score.
EBV_TCELL_149795::HUMAN_MYELIN_116079,31,EBV_TCELL_149795,HUMAN_MYELIN_116079,3,LDFGQLTPH,1,ATASTMDHA,0,All manifest-contained 9-mer window combinations retained for sensitivity; not a predictor-selected register or a re-ranking score.
EBV_TCELL_149795::HUMAN_MYELIN_116079,31,EBV_TCELL_149795,HUMAN_MYELIN_116079,3,LDFGQLTPH,2,TASTMDHAR,0,All manifest-contained 9-mer window combinations retained for sensitivity; not a predictor-selected register or a re-ranking score.
EBV_TCELL_149795::HUMAN_MYELIN_116079,31,EBV_TCELL_149795,HUMAN_MYELIN_116079,3,LDFGQLTPH,3,ASTMDHARH,0,All manifest-contained 9-mer window combinations retained for sensitivity; not a predictor-selected register or a re-ranking score.
EBV_TCELL_149795::HUMAN_MYELIN_116079,31,EBV_TCELL_149795,HUMAN_MYELIN_116079,3,LDFGQLTPH,4,STMDHARHG,0,All manifest-contained 9-mer window combinations retained for sensitivity; not a predictor-selected register or a re-ranking score.
EBV_TCELL_149795::HUMAN_MYELIN_116079,31,EBV_TCELL_149795,HUMAN_MYELIN_116079,3,LDFGQLTPH,5,TMDHARHGF,0,All manifest-contained 9-mer window combinations retained for sensitivity; not a predictor-selected register or a re-ranking score.
EBV_TCELL_149795::HUMAN_MYELIN_116079,31,EBV_TCELL_149795,HUMAN_MYELIN_116079,3,LDFGQLTPH,6,MDHARHGFL,0,All manifest-contained 9-mer window combinations retained for sensitivity; not a predictor-selected register or a re-ranking score.
EBV_TCELL_149795::HUMAN_MYELIN_116079,31,EBV_TCELL_149795,HUMAN_MYELIN_116079,3,LDFGQLTPH,7,DHARHGFLP,0,All manifest-contained 9-mer window combinations retained for sensitivity; not a predictor-selected register or a re-ranking score.
EBV_TCELL_149795::HUMAN_MYELIN_116079,31,EBV_TCELL_149795,HUMAN_MYELIN_116079,3,LDFGQLTPH,8,HARHGFLPR,0,All manifest-contained 9-mer window combinations retained for sensitivity; not a predictor-selected register or a re-ranking score.
EBV_TCELL_149795::HUMAN_MYELIN_116079,31,EBV_TCELL_149795,HUMAN_MYELIN_116079,3,LDFGQLTPH,9,ARHGFLPRH,0,All manifest-contained 9-mer window combinations retained for sensitivity; not a predictor-selected register or a re-ranking score.
EBV_TCELL_149795::HUMAN_MYELIN_116079,31,EBV_TCELL_149795,HUMAN_MYELIN_116079,3,LDFGQLTPH,10,RHGFLPRHR,0,All manifest-contained 9-mer window combinations retained for sensitivity; not a predictor-selected register or a re-ranking score.
EBV_TCELL_149795::HUMAN_MYELIN_116079,31,EBV_TCELL_149795,HUMAN_MYELIN_116079,3,LDFGQLTPH,11,HGFLPRHRD,0,All manifest-contained 9-mer window combinations retained for sensitivity; not a predictor-selected register or a re-ranking score.
EBV_TCELL_149795::HUMAN_MYELIN_116079,31,EBV_TCELL_149795,HUMAN_MYELIN_116079,3,LDFGQLTPH,12,GFLPRHRDT,0,All manifest-contained 9-mer window combinations retained for sensitivity; not a predictor-selected register or a re-ranking score.
EBV_TCELL_149795::HUMAN_MYELIN_116079,31,EBV_TCELL_149795,HUMAN_MYELIN_116079,3,LDFGQLTPH,13,FLPRHRDTG,0,All manifest-contained 9-mer window combinations retained for sensitivity; not a predictor-selected register or a re-ranking score.
EBV_TCELL_149795::HUMAN_MYELIN_116079,31,EBV_TCELL_149795,HUMAN_MYELIN_116079,3,LDFGQLTPH,14,LPRHRDTGI,0,All manifest-contained 9-mer window combinations retained for sensitivity; not a predictor-selected register or a re-ranking score.
EBV_TCELL_149795::HUMAN_MYELIN_116079,31,EBV_TCELL_149795,HUMAN_MYELIN_116079,3,LDFGQLTPH,15,PRHRDTGIL,0,All manifest-contained 9-mer window combinations retained for sensitivity; not a predictor-selected register or a re-ranking score.
EBV_TCELL_149795::HUMAN_MYELIN_116079,31,EBV_TCELL_149795,HUMAN_MYELIN_116079,4,DFGQLTPHT,1,ATASTMDHA,0,All manifest-contained 9-mer window combinations retained for sensitivity; not a predictor-selected register or a re-ranking score.
EBV_TCELL_149795::HUMAN_MYELIN_116079,31,EBV_TCELL_149795,HUMAN_MYELIN_116079,4,DFGQLTPHT,2,TASTMDHAR,0,All manifest-contained 9-mer window combinations retained for sensitivity; not a predictor-selected register or a re-ranking score.
EBV_TCELL_149795::HUMAN_MYELIN_116079,31,EBV_TCELL_149795,HUMAN_MYELIN_116079,4,DFGQLTPHT,3,ASTMDHARH,0,All manifest-contained 9-mer window combinations retained for sensitivity; not a predictor-selected register or a re-ranking score.
EBV_TCELL_149795::HUMAN_MYELIN_116079,31,EBV_TCELL_149795,HUMAN_MYELIN_116079,4,DFGQLTPHT,4,STMDHARHG,0,All manifest-contained 9-mer window combinations retained for sensitivity; not a predictor-selected register or a re-ranking score.
EBV_TCELL_149795::HUMAN_MYELIN_116079,31,EBV_TCELL_149795,HUMAN_MYELIN_116079,4,DFGQLTPHT,5,TMDHARHGF,0,All manifest-contained 9-mer window combinations retained for sensitivity; not a predictor-selected register or a re-ranking score.
EBV_TCELL_149795::HUMAN_MYELIN_116079,31,EBV_TCELL_149795,HUMAN_MYELIN_116079,4,DFGQLTPHT,6,MDHARHGFL,0,All manifest-contained 9-mer window combinations retained for sensitivity; not a predictor-selected register or a re-ranking score.
EBV_TCELL_149795::HUMAN_MYELIN_116079,31,EBV_TCELL_149795,HUMAN_MYELIN_116079,4,DFGQLTPHT,7,DHARHGFLP,0,All manifest-contained 9-mer window combinations retained for sensitivity; not a predictor-selected register or a re-ranking score.
EBV_TCELL_149795::HUMAN_MYELIN_116079,31,EBV_TCELL_149795,HUMAN_MYELIN_116079,4,DFGQLTPHT,8,HARHGFLPR,0,All manifest-contained 9-mer window combinations retained for sensitivity; not a predictor-selected register or a re-ranking score.
EBV_TCELL_149795::HUMAN_MYELIN_116079,31,EBV_TCELL_149795,HUMAN_MYELIN_116079,4,DFGQLTPHT,9,ARHGFLPRH,0,All manifest-contained 9-mer window combinations retained for sensitivity; not a predictor-selected register or a re-ranking score.
EBV_TCELL_149795::HUMAN_MYELIN_116079,31,EBV_TCELL_149795,HUMAN_MYELIN_116079,4,DFGQLTPHT,10,RHGFLPRHR,0,All manifest-contained 9-mer window combinations retained for sensitivity; not a predictor-selected register or a re-ranking score.
EBV_TCELL_149795::HUMAN_MYELIN_116079,31,EBV_TCELL_149795,HUMAN_MYELIN_116079,4,DFGQLTPHT,11,HGFLPRHRD,0,All manifest-contained 9-mer window combinations retained for sensitivity; not a predictor-selected register or a re-ranking score.
EBV_TCELL_149795::HUMAN_MYELIN_116079,31,EBV_TCELL_149795,HUMAN_MYELIN_116079,4,DFGQLTPHT,12,GFLPRHRDT,0,All manifest-contained 9-mer window combinations retained for sensitivity; not a predictor-selected register or a re-ranking score.
EBV_TCELL_149795::HUMAN_MYELIN_116079,31,EBV_TCELL_149795,HUMAN_MYELIN_116079,4,DFGQLTPHT,13,FLPRHRDTG,0,All manifest-contained 9-mer window combinations retained for sensitivity; not a predictor-selected register or a re-ranking score.
EBV_TCELL_149795::HUMAN_MYELIN_116079,31,EBV_TCELL_149795,HUMAN_MYELIN_116079,4,DFGQLTPHT,14,LPRHRDTGI,0,All manifest-contained 9-mer window combinations retained for sensitivity; not a predictor-selected register or a re-ranking score.
EBV_TCELL_149795::HUMAN_MYELIN_116079,31,EBV_TCELL_149795,HUMAN_MYELIN_116079,4,DFGQLTPHT,15,PRHRDTGIL,0,All manifest-contained 9-mer window combinations retained for sensitivity; not a predictor-selected register or a re-ranking score.
EBV_TCELL_149795::HUMAN_MYELIN_116079,31,EBV_TCELL_149795,HUMAN_MYELIN_116079,5,FGQLTPHTK,1,ATASTMDHA,0,All manifest-contained 9-mer window combinations retained for sensitivity; not a predictor-selected register or a re-ranking score.
EBV_TCELL_149795::HUMAN_MYELIN_116079,31,EBV_TCELL_149795,HUMAN_MYELIN_116079,5,FGQLTPHTK,2,TASTMDHAR,0,All manifest-contained 9-mer window combinations retained for sensitivity; not a predictor-selected register or a re-ranking score.
EBV_TCELL_149795::HUMAN_MYELIN_116079,31,EBV_TCELL_149795,HUMAN_MYELIN_116079,5,FGQLTPHTK,3,ASTMDHARH,0,All manifest-contained 9-mer window combinations retained for sensitivity; not a predictor-selected register or a re-ranking score.
EBV_TCELL_149795::HUMAN_MYELIN_116079,31,EBV_TCELL_149795,HUMAN_MYELIN_116079,5,FGQLTPHTK,4,STMDHARHG,0,All manifest-contained 9-mer window combinations retained for sensitivity; not a predictor-selected register or a re-ranking score.
EBV_TCELL_149795::HUMAN_MYELIN_116079,31,EBV_TCELL_149795,HUMAN_MYELIN_116079,5,FGQLTPHTK,5,TMDHARHGF,0,All manifest-contained 9-mer window combinations retained for sensitivity; not a predictor-selected register or a re-ranking score.
EBV_TCELL_149795::HUMAN_MYELIN_116079,31,EBV_TCELL_149795,HUMAN_MYELIN_116079,5,FGQLTPHTK,6,MDHARHGFL,0,All manifest-contained 9-mer window combinations retained for sensitivity; not a predictor-selected register or a re-ranking score.
EBV_TCELL_149795::HUMAN_MYELIN_116079,31,EBV_TCELL_149795,HUMAN_MYELIN_116079,5,FGQLTPHTK,7,DHARHGFLP,0,All manifest-contained 9-mer window combinations retained for sensitivity; not a predictor-selected register or a re-ranking score.
EBV_TCELL_149795::HUMAN_MYELIN_116079,31,EBV_TCELL_149795,HUMAN_MYELIN_116079,5,FGQLTPHTK,8,HARHGFLPR,0,All manifest-contained 9-mer window combinations retained for sensitivity; not a predictor-selected register or a re-ranking score.
EBV_TCELL_149795::HUMAN_MYELIN_116079,31,EBV_TCELL_149795,HUMAN_MYELIN_116079,5,FGQLTPHTK,9,ARHGFLPRH,0,All manifest-contained 9-mer window combinations retained for sensitivity; not a predictor-selected register or a re-ranking score.
EBV_TCELL_149795::HUMAN_MYELIN_116079,31,EBV_TCELL_149795,HUMAN_MYELIN_116079,5,FGQLTPHTK,10,RHGFLPRHR,0,All manifest-contained 9-mer window combinations retained for sensitivity; not a predictor-selected register or a re-ranking score.
EBV_TCELL_149795::HUMAN_MYELIN_116079,31,EBV_TCELL_149795,HUMAN_MYELIN_116079,5,FGQLTPHTK,11,HGFLPRHRD,0,All manifest-contained 9-mer window combinations retained for sensitivity; not a predictor-selected register or a re-ranking score.
EBV_TCELL_149795::HUMAN_MYELIN_116079,31,EBV_TCELL_149795,HUMAN_MYELIN_116079,5,FGQLTPHTK,12,GFLPRHRDT,0,All manifest-contained 9-mer window combinations retained for sensitivity; not a predictor-selected register or a re-ranking score.
EBV_TCELL_149795::HUMAN_MYELIN_116079,31,EBV_TCELL_149795,HUMAN_MYELIN_116079,5,FGQLTPHTK,13,FLPRHRDTG,0,All manifest-contained 9-mer window combinations retained for sensitivity; not a predictor-selected register or a re-ranking score.
EBV_TCELL_149795::HUMAN_MYELIN_116079,31,EBV_TCELL_149795,HUMAN_MYELIN_116079,5,FGQLTPHTK,14,LPRHRDTGI,0,All manifest-contained 9-mer window combinations retained for sensitivity; not a predictor-selected register or a re-ranking score.
EBV_TCELL_149795::HUMAN_MYELIN_116079,31,EBV_TCELL_149795,HUMAN_MYELIN_116079,5,FGQLTPHTK,15,PRHRDTGIL,0,All manifest-contained 9-mer window combinations retained for sensitivity; not a predictor-selected register or a re-ranking score.
EBV_TCELL_149795::HUMAN_MYELIN_116079,31,EBV_TCELL_149795,HUMAN_MYELIN_116079,6,GQLTPHTKA,1,ATASTMDHA,0,All manifest-contained 9-mer window combinations retained for sensitivity; not a predictor-selected register or a re-ranking score.
EBV_TCELL_149795::HUMAN_MYELIN_116079,31,EBV_TCELL_149795,HUMAN_MYELIN_116079,6,GQLTPHTKA,2,TASTMDHAR,0,All manifest-contained 9-mer window combinations retained for sensitivity; not a predictor-selected register or a re-ranking score.
EBV_TCELL_149795::HUMAN_MYELIN_116079,31,EBV_TCELL_149795,HUMAN_MYELIN_116079,6,GQLTPHTKA,3,ASTMDHARH,0,All manifest-contained 9-mer window combinations retained for sensitivity; not a predictor-selected register or a re-ranking score.
EBV_TCELL_149795::HUMAN_MYELIN_116079,31,EBV_TCELL_149795,HUMAN_MYELIN_116079,6,GQLTPHTKA,4,STMDHARHG,0,All manifest-contained 9-mer window combinations retained for sensitivity; not a predictor-selected register or a re-ranking score.
EBV_TCELL_149795::HUMAN_MYELIN_116079,31,EBV_TCELL_149795,HUMAN_MYELIN_116079,6,GQLTPHTKA,5,TMDHARHGF,0,All manifest-contained 9-mer window combinations retained for sensitivity; not a predictor-selected register or a re-ranking score.
EBV_TCELL_149795::HUMAN_MYELIN_116079,31,EBV_TCELL_149795,HUMAN_MYELIN_116079,6,GQLTPHTKA,6,MDHARHGFL,0,All manifest-contained 9-mer window combinations retained for sensitivity; not a predictor-selected register or a re-ranking score.
EBV_TCELL_149795::HUMAN_MYELIN_116079,31,EBV_TCELL_149795,HUMAN_MYELIN_116079,6,GQLTPHTKA,7,DHARHGFLP,0,All manifest-contained 9-mer window combinations retained for sensitivity; not a predictor-selected register or a re-ranking score.
EBV_TCELL_149795::HUMAN_MYELIN_116079,31,EBV_TCELL_149795,HUMAN_MYELIN_116079,6,GQLTPHTKA,8,HARHGFLPR,0,All manifest-contained 9-mer window combinations retained for sensitivity; not a predictor-selected register or a re-ranking score.
EBV_TCELL_149795::HUMAN_MYELIN_116079,31,EBV_TCELL_149795,HUMAN_MYELIN_116079,6,GQLTPHTKA,9,ARHGFLPRH,0,All manifest-contained 9-mer window combinations retained for sensitivity; not a predictor-selected register or a re-ranking score.
EBV_TCELL_149795::HUMAN_MYELIN_116079,31,EBV_TCELL_149795,HUMAN_MYELIN_116079,6,GQLTPHTKA,10,RHGFLPRHR,0,All manifest-contained 9-mer window combinations retained for sensitivity; not a predictor-selected register or a re-ranking score.
EBV_TCELL_149795::HUMAN_MYELIN_116079,31,EBV_TCELL_149795,HUMAN_MYELIN_116079,6,GQLTPHTKA,11,HGFLPRHRD,0,All manifest-contained 9-mer window combinations retained for sensitivity; not a predictor-selected register or a re-ranking score.
EBV_TCELL_149795::HUMAN_MYELIN_116079,31,EBV_TCELL_149795,HUMAN_MYELIN_116079,6,GQLTPHTKA,12,GFLPRHRDT,0,All manifest-contained 9-mer window combinations retained for sensitivity; not a predictor-selected register or a re-ranking score.
EBV_TCELL_149795::HUMAN_MYELIN_116079,31,EBV_TCELL_149795,HUMAN_MYELIN_116079,6,GQLTPHTKA,13,FLPRHRDTG,0,All manifest-contained 9-mer window combinations retained for sensitivity; not a predictor-selected register or a re-ranking score.
EBV_TCELL_149795::HUMAN_MYELIN_116079,31,EBV_TCELL_149795,HUMAN_MYELIN_116079,6,GQLTPHTKA,14,LPRHRDTGI,0,All manifest-contained 9-mer window combinations retained for sensitivity; not a predictor-selected register or a re-ranking score.
EBV_TCELL_149795::HUMAN_MYELIN_116079,31,EBV_TCELL_149795,HUMAN_MYELIN_116079,6,GQLTPHTKA,15,PRHRDTGIL,0,All manifest-contained 9-mer window combinations retained for sensitivity; not a predictor-selected register or a re-ranking score.
EBV_TCELL_149795::HUMAN_MYELIN_116079,31,EBV_TCELL_149795,HUMAN_MYELIN_116079,7,QLTPHTKAV,1,ATASTMDHA,0,All manifest-contained 9-mer window combinations retained for sensitivity; not a predictor-selected register or a re-ranking score.
EBV_TCELL_149795::HUMAN_MYELIN_116079,31,EBV_TCELL_149795,HUMAN_MYELIN_116079,7,QLTPHTKAV,2,TASTMDHAR,0,All manifest-contained 9-mer window combinations retained for sensitivity; not a predictor-selected register or a re-ranking score.
EBV_TCELL_149795::HUMAN_MYELIN_116079,31,EBV_TCELL_149795,HUMAN_MYELIN_116079,7,QLTPHTKAV,3,ASTMDHARH,0,All manifest-contained 9-mer window combinations retained for sensitivity; not a predictor-selected register or a re-ranking score.
EBV_TCELL_149795::HUMAN_MYELIN_116079,31,EBV_TCELL_149795,HUMAN_MYELIN_116079,7,QLTPHTKAV,4,STMDHARHG,0,All manifest-contained 9-mer window combinations retained for sensitivity; not a predictor-selected register or a re-ranking score.
EBV_TCELL_149795::HUMAN_MYELIN_116079,31,EBV_TCELL_149795,HUMAN_MYELIN_116079,7,QLTPHTKAV,5,TMDHARHGF,0,All manifest-contained 9-mer window combinations retained for sensitivity; not a predictor-selected register or a re-ranking score.
EBV_TCELL_149795::HUMAN_MYELIN_116079,31,EBV_TCELL_149795,HUMAN_MYELIN_116079,7,QLTPHTKAV,6,MDHARHGFL,0,All manifest-contained 9-mer window combinations retained for sensitivity; not a predictor-selected register or a re-ranking score.
EBV_TCELL_149795::HUMAN_MYELIN_116079,31,EBV_TCELL_149795,HUMAN_MYELIN_116079,7,QLTPHTKAV,7,DHARHGFLP,0,All manifest-contained 9-mer window combinations retained for sensitivity; not a predictor-selected register or a re-ranking score.
EBV_TCELL_149795::HUMAN_MYELIN_116079,31,EBV_TCELL_149795,HUMAN_MYELIN_116079,7,QLTPHTKAV,8,HARHGFLPR,0,All manifest-contained 9-mer window combinations retained for sensitivity; not a predictor-selected register or a re-ranking score.
EBV_TCELL_149795::HUMAN_MYELIN_116079,31,EBV_TCELL_149795,HUMAN_MYELIN_116079,7,QLTPHTKAV,9,ARHGFLPRH,0,All manifest-contained 9-mer window combinations retained for sensitivity; not a predictor-selected register or a re-ranking score.
EBV_TCELL_149795::HUMAN_MYELIN_116079,31,EBV_TCELL_149795,HUMAN_MYELIN_116079,7,QLTPHTKAV,10,RHGFLPRHR,0,All manifest-contained 9-mer window combinations retained for sensitivity; not a predictor-selected register or a re-ranking score.
EBV_TCELL_149795::HUMAN_MYELIN_116079,31,EBV_TCELL_149795,HUMAN_MYELIN_116079,7,QLTPHTKAV,11,HGFLPRHRD,0,All manifest-contained 9-mer window combinations retained for sensitivity; not a predictor-selected register or a re-ranking score.
EBV_TCELL_149795::HUMAN_MYELIN_116079,31,EBV_TCELL_149795,HUMAN_MYELIN_116079,7,QLTPHTKAV,12,GFLPRHRDT,0,All manifest-contained 9-mer window combinations retained for sensitivity; not a predictor-selected register or a re-ranking score.
EBV_TCELL_149795::HUMAN_MYELIN_116079,31,EBV_TCELL_149795,HUMAN_MYELIN_116079,7,QLTPHTKAV,13,FLPRHRDTG,0,All manifest-contained 9-mer window combinations retained for sensitivity; not a predictor-selected register or a re-ranking score.
EBV_TCELL_149795::HUMAN_MYELIN_116079,31,EBV_TCELL_149795,HUMAN_MYELIN_116079,7,QLTPHTKAV,14,LPRHRDTGI,0,All manifest-contained 9-mer window combinations retained for sensitivity; not a predictor-selected register or a re-ranking score.
EBV_TCELL_149795::HUMAN_MYELIN_116079,31,EBV_TCELL_149795,HUMAN_MYELIN_116079,7,QLTPHTKAV,15,PRHRDTGIL,0,All manifest-contained 9-mer window combinations retained for sensitivity; not a predictor-selected register or a re-ranking score.
EBV_TCELL_149795::HUMAN_MYELIN_116079,31,EBV_TCELL_149795,HUMAN_MYELIN_116079,8,LTPHTKAVY,1,ATASTMDHA,0,All manifest-contained 9-mer window combinations retained for sensitivity; not a predictor-selected register or a re-ranking score.
EBV_TCELL_149795::HUMAN_MYELIN_116079,31,EBV_TCELL_149795,HUMAN_MYELIN_116079,8,LTPHTKAVY,2,TASTMDHAR,0,All manifest-contained 9-mer window combinations retained for sensitivity; not a predictor-selected register or a re-ranking score.
EBV_TCELL_149795::HUMAN_MYELIN_116079,31,EBV_TCELL_149795,HUMAN_MYELIN_116079,8,LTPHTKAVY,3,ASTMDHARH,0,All manifest-contained 9-mer window combinations retained for sensitivity; not a predictor-selected register or a re-ranking score.
EBV_TCELL_149795::HUMAN_MYELIN_116079,31,EBV_TCELL_149795,HUMAN_MYELIN_116079,8,LTPHTKAVY,4,STMDHARHG,0,All manifest-contained 9-mer window combinations retained for sensitivity; not a predictor-selected register or a re-ranking score.
EBV_TCELL_149795::HUMAN_MYELIN_116079,31,EBV_TCELL_149795,HUMAN_MYELIN_116079,8,LTPHTKAVY,5,TMDHARHGF,0,All manifest-contained 9-mer window combinations retained for sensitivity; not a predictor-selected register or a re-ranking score.
EBV_TCELL_149795::HUMAN_MYELIN_116079,31,EBV_TCELL_149795,HUMAN_MYELIN_116079,8,LTPHTKAVY,6,MDHARHGFL,0,All manifest-contained 9-mer window combinations retained for sensitivity; not a predictor-selected register or a re-ranking score.
EBV_TCELL_149795::HUMAN_MYELIN_116079,31,EBV_TCELL_149795,HUMAN_MYELIN_116079,8,LTPHTKAVY,7,DHARHGFLP,0,All manifest-contained 9-mer window combinations retained for sensitivity; not a predictor-selected register or a re-ranking score.
EBV_TCELL_149795::HUMAN_MYELIN_116079,31,EBV_TCELL_149795,HUMAN_MYELIN_116079,8,LTPHTKAVY,8,HARHGFLPR,0,All manifest-contained 9-mer window combinations retained for sensitivity; not a predictor-selected register or a re-ranking score.
EBV_TCELL_149795::HUMAN_MYELIN_116079,31,EBV_TCELL_149795,HUMAN_MYELIN_116079,8,LTPHTKAVY,9,ARHGFLPRH,0,All manifest-contained 9-mer window combinations retained for sensitivity; not a predictor-selected register or a re-ranking score.
EBV_TCELL_149795::HUMAN_MYELIN_116079,31,EBV_TCELL_149795,HUMAN_MYELIN_116079,8,LTPHTKAVY,10,RHGFLPRHR,0,All manifest-contained 9-mer window combinations retained for sensitivity; not a predictor-selected register or a re-ranking score.
EBV_TCELL_149795::HUMAN_MYELIN_116079,31,EBV_TCELL_149795,HUMAN_MYELIN_116079,8,LTPHTKAVY,11,HGFLPRHRD,0,All manifest-contained 9-mer window combinations retained for sensitivity; not a predictor-selected register or a re-ranking score.
EBV_TCELL_149795::HUMAN_MYELIN_116079,31,EBV_TCELL_149795,HUMAN_MYELIN_116079,8,LTPHTKAVY,12,GFLPRHRDT,0,All manifest-contained 9-mer window combinations retained for sensitivity; not a predictor-selected register or a re-ranking score.
EBV_TCELL_149795::HUMAN_MYELIN_116079,31,EBV_TCELL_149795,HUMAN_MYELIN_116079,8,LTPHTKAVY,13,FLPRHRDTG,0,All manifest-contained 9-mer window combinations retained for sensitivity; not a predictor-selected register or a re-ranking score.
EBV_TCELL_149795::HUMAN_MYELIN_116079,31,EBV_TCELL_149795,HUMAN_MYELIN_116079,8,LTPHTKAVY,14,LPRHRDTGI,0,All manifest-contained 9-mer window combinations retained for sensitivity; not a predictor-selected register or a re-ranking score.
EBV_TCELL_149795::HUMAN_MYELIN_116079,31,EBV_TCELL_149795,HUMAN_MYELIN_116079,8,LTPHTKAVY,15,PRHRDTGIL,0,All manifest-contained 9-mer window combinations retained for sensitivity; not a predictor-selected register or a re-ranking score.
EBV_TCELL_149795::HUMAN_MYELIN_116079,31,EBV_TCELL_149795,HUMAN_MYELIN_116079,9,TPHTKAVYQ,1,ATASTMDHA,0,All manifest-contained 9-mer window combinations retained for sensitivity; not a predictor-selected register or a re-ranking score.
EBV_TCELL_149795::HUMAN_MYELIN_116079,31,EBV_TCELL_149795,HUMAN_MYELIN_116079,9,TPHTKAVYQ,2,TASTMDHAR,0,All manifest-contained 9-mer window combinations retained for sensitivity; not a predictor-selected register or a re-ranking score.
EBV_TCELL_149795::HUMAN_MYELIN_116079,31,EBV_TCELL_149795,HUMAN_MYELIN_116079,9,TPHTKAVYQ,3,ASTMDHARH,0,All manifest-contained 9-mer window combinations retained for sensitivity; not a predictor-selected register or a re-ranking score.
EBV_TCELL_149795::HUMAN_MYELIN_116079,31,EBV_TCELL_149795,HUMAN_MYELIN_116079,9,TPHTKAVYQ,4,STMDHARHG,0,All manifest-contained 9-mer window combinations retained for sensitivity; not a predictor-selected register or a re-ranking score.
EBV_TCELL_149795::HUMAN_MYELIN_116079,31,EBV_TCELL_149795,HUMAN_MYELIN_116079,9,TPHTKAVYQ,5,TMDHARHGF,0,All manifest-contained 9-mer window combinations retained for sensitivity; not a predictor-selected register or a re-ranking score.
EBV_TCELL_149795::HUMAN_MYELIN_116079,31,EBV_TCELL_149795,HUMAN_MYELIN_116079,9,TPHTKAVYQ,6,MDHARHGFL,0,All manifest-contained 9-mer window combinations retained for sensitivity; not a predictor-selected register or a re-ranking score.
EBV_TCELL_149795::HUMAN_MYELIN_116079,31,EBV_TCELL_149795,HUMAN_MYELIN_116079,9,TPHTKAVYQ,7,DHARHGFLP,0,All manifest-contained 9-mer window combinations retained for sensitivity; not a predictor-selected register or a re-ranking score.
EBV_TCELL_149795::HUMAN_MYELIN_116079,31,EBV_TCELL_149795,HUMAN_MYELIN_116079,9,TPHTKAVYQ,8,HARHGFLPR,0,All manifest-contained 9-mer window combinations retained for sensitivity; not a predictor-selected register or a re-ranking score.
EBV_TCELL_149795::HUMAN_MYELIN_116079,31,EBV_TCELL_149795,HUMAN_MYELIN_116079,9,TPHTKAVYQ,9,ARHGFLPRH,0,All manifest-contained 9-mer window combinations retained for sensitivity; not a predictor-selected register or a re-ranking score.
EBV_TCELL_149795::HUMAN_MYELIN_116079,31,EBV_TCELL_149795,HUMAN_MYELIN_116079,9,TPHTKAVYQ,10,RHGFLPRHR,0,All manifest-contained 9-mer window combinations retained for sensitivity; not a predictor-selected register or a re-ranking score.
EBV_TCELL_149795::HUMAN_MYELIN_116079,31,EBV_TCELL_149795,HUMAN_MYELIN_116079,9,TPHTKAVYQ,11,HGFLPRHRD,0,All manifest-contained 9-mer window combinations retained for sensitivity; not a predictor-selected register or a re-ranking score.
EBV_TCELL_149795::HUMAN_MYELIN_116079,31,EBV_TCELL_149795,HUMAN_MYELIN_116079,9,TPHTKAVYQ,12,GFLPRHRDT,0,All manifest-contained 9-mer window combinations retained for sensitivity; not a predictor-selected register or a re-ranking score.
EBV_TCELL_149795::HUMAN_MYELIN_116079,31,EBV_TCELL_149795,HUMAN_MYELIN_116079,9,TPHTKAVYQ,13,FLPRHRDTG,0,All manifest-contained 9-mer window combinations retained for sensitivity; not a predictor-selected register or a re-ranking score.
EBV_TCELL_149795::HUMAN_MYELIN_116079,31,EBV_TCELL_149795,HUMAN_MYELIN_116079,9,TPHTKAVYQ,14,LPRHRDTGI,0,All manifest-contained 9-mer window combinations retained for sensitivity; not a predictor-selected register or a re-ranking score.
EBV_TCELL_149795::HUMAN_MYELIN_116079,31,EBV_TCELL_149795,HUMAN_MYELIN_116079,9,TPHTKAVYQ,15,PRHRDTGIL,0,All manifest-contained 9-mer window combinations retained for sensitivity; not a predictor-selected register or a re-ranking score.
EBV_TCELL_149795::HUMAN_MYELIN_116079,31,EBV_TCELL_149795,HUMAN_MYELIN_116079,10,PHTKAVYQP,1,ATASTMDHA,0,All manifest-contained 9-mer window combinations retained for sensitivity; not a predictor-selected register or a re-ranking score.
EBV_TCELL_149795::HUMAN_MYELIN_116079,31,EBV_TCELL_149795,HUMAN_MYELIN_116079,10,PHTKAVYQP,2,TASTMDHAR,0,All manifest-contained 9-mer window combinations retained for sensitivity; not a predictor-selected register or a re-ranking score.
EBV_TCELL_149795::HUMAN_MYELIN_116079,31,EBV_TCELL_149795,HUMAN_MYELIN_116079,10,PHTKAVYQP,3,ASTMDHARH,0,All manifest-contained 9-mer window combinations retained for sensitivity; not a predictor-selected register or a re-ranking score.
EBV_TCELL_149795::HUMAN_MYELIN_116079,31,EBV_TCELL_149795,HUMAN_MYELIN_116079,10,PHTKAVYQP,4,STMDHARHG,0,All manifest-contained 9-mer window combinations retained for sensitivity; not a predictor-selected register or a re-ranking score.
EBV_TCELL_149795::HUMAN_MYELIN_116079,31,EBV_TCELL_149795,HUMAN_MYELIN_116079,10,PHTKAVYQP,5,TMDHARHGF,0,All manifest-contained 9-mer window combinations retained for sensitivity; not a predictor-selected register or a re-ranking score.
EBV_TCELL_149795::HUMAN_MYELIN_116079,31,EBV_TCELL_149795,HUMAN_MYELIN_116079,10,PHTKAVYQP,6,MDHARHGFL,0,All manifest-contained 9-mer window combinations retained for sensitivity; not a predictor-selected register or a re-ranking score.
EBV_TCELL_149795::HUMAN_MYELIN_116079,31,EBV_TCELL_149795,HUMAN_MYELIN_116079,10,PHTKAVYQP,7,DHARHGFLP,0,All manifest-contained 9-mer window combinations retained for sensitivity; not a predictor-selected register or a re-ranking score.
EBV_TCELL_149795::HUMAN_MYELIN_116079,31,EBV_TCELL_149795,HUMAN_MYELIN_116079,10,PHTKAVYQP,8,HARHGFLPR,0,All manifest-contained 9-mer window combinations retained for sensitivity; not a predictor-selected register or a re-ranking score.
EBV_TCELL_149795::HUMAN_MYELIN_116079,31,EBV_TCELL_149795,HUMAN_MYELIN_116079,10,PHTKAVYQP,9,ARHGFLPRH,0,All manifest-contained 9-mer window combinations retained for sensitivity; not a predictor-selected register or a re-ranking score.
EBV_TCELL_149795::HUMAN_MYELIN_116079,31,EBV_TCELL_149795,HUMAN_MYELIN_116079,10,PHTKAVYQP,10,RHGFLPRHR,0,All manifest-contained 9-mer window combinations retained for sensitivity; not a predictor-selected register or a re-ranking score.
EBV_TCELL_149795::HUMAN_MYELIN_116079,31,EBV_TCELL_149795,HUMAN_MYELIN_116079,10,PHTKAVYQP,11,HGFLPRHRD,0,All manifest-contained 9-mer window combinations retained for sensitivity; not a predictor-selected register or a re-ranking score.
EBV_TCELL_149795::HUMAN_MYELIN_116079,31,EBV_TCELL_149795,HUMAN_MYELIN_116079,10,PHTKAVYQP,12,GFLPRHRDT,0,All manifest-contained 9-mer window combinations retained for sensitivity; not a predictor-selected register or a re-ranking score.
EBV_TCELL_149795::HUMAN_MYELIN_116079,31,EBV_TCELL_149795,HUMAN_MYELIN_116079,10,PHTKAVYQP,13,FLPRHRDTG,0,All manifest-contained 9-mer window combinations retained for sensitivity; not a predictor-selected register or a re-ranking score.
EBV_TCELL_149795::HUMAN_MYELIN_116079,31,EBV_TCELL_149795,HUMAN_MYELIN_116079,10,PHTKAVYQP,14,LPRHRDTGI,0,All manifest-contained 9-mer window combinations retained for sensitivity; not a predictor-selected register or a re-ranking score.
EBV_TCELL_149795::HUMAN_MYELIN_116079,31,EBV_TCELL_149795,HUMAN_MYELIN_116079,10,PHTKAVYQP,15,PRHRDTGIL,0,All manifest-contained 9-mer window combinations retained for sensitivity; not a predictor-selected register or a re-ranking score.
EBV_TCELL_149795::HUMAN_MYELIN_116079,31,EBV_TCELL_149795,HUMAN_MYELIN_116079,11,HTKAVYQPR,1,ATASTMDHA,0,All manifest-contained 9-mer window combinations retained for sensitivity; not a predictor-selected register or a re-ranking score.
EBV_TCELL_149795::HUMAN_MYELIN_116079,31,EBV_TCELL_149795,HUMAN_MYELIN_116079,11,HTKAVYQPR,2,TASTMDHAR,0,All manifest-contained 9-mer window combinations retained for sensitivity; not a predictor-selected register or a re-ranking score.
EBV_TCELL_149795::HUMAN_MYELIN_116079,31,EBV_TCELL_149795,HUMAN_MYELIN_116079,11,HTKAVYQPR,3,ASTMDHARH,0,All manifest-contained 9-mer window combinations retained for sensitivity; not a predictor-selected register or a re-ranking score.
EBV_TCELL_149795::HUMAN_MYELIN_116079,31,EBV_TCELL_149795,HUMAN_MYELIN_116079,11,HTKAVYQPR,4,STMDHARHG,0,All manifest-contained 9-mer window combinations retained for sensitivity; not a predictor-selected register or a re-ranking score.
EBV_TCELL_149795::HUMAN_MYELIN_116079,31,EBV_TCELL_149795,HUMAN_MYELIN_116079,11,HTKAVYQPR,5,TMDHARHGF,0,All manifest-contained 9-mer window combinations retained for sensitivity; not a predictor-selected register or a re-ranking score.
EBV_TCELL_149795::HUMAN_MYELIN_116079,31,EBV_TCELL_149795,HUMAN_MYELIN_116079,11,HTKAVYQPR,6,MDHARHGFL,0,All manifest-contained 9-mer window combinations retained for sensitivity; not a predictor-selected register or a re-ranking score.
EBV_TCELL_149795::HUMAN_MYELIN_116079,31,EBV_TCELL_149795,HUMAN_MYELIN_116079,11,HTKAVYQPR,7,DHARHGFLP,0,All manifest-contained 9-mer window combinations retained for sensitivity; not a predictor-selected register or a re-ranking score.
EBV_TCELL_149795::HUMAN_MYELIN_116079,31,EBV_TCELL_149795,HUMAN_MYELIN_116079,11,HTKAVYQPR,8,HARHGFLPR,0,All manifest-contained 9-mer window combinations retained for sensitivity; not a predictor-selected register or a re-ranking score.
EBV_TCELL_149795::HUMAN_MYELIN_116079,31,EBV_TCELL_149795,HUMAN_MYELIN_116079,11,HTKAVYQPR,9,ARHGFLPRH,0,All manifest-contained 9-mer window combinations retained for sensitivity; not a predictor-selected register or a re-ranking score.
EBV_TCELL_149795::HUMAN_MYELIN_116079,31,EBV_TCELL_149795,HUMAN_MYELIN_116079,11,HTKAVYQPR,10,RHGFLPRHR,0,All manifest-contained 9-mer window combinations retained for sensitivity; not a predictor-selected register or a re-ranking score.
EBV_TCELL_149795::HUMAN_MYELIN_116079,31,EBV_TCELL_149795,HUMAN_MYELIN_116079,11,HTKAVYQPR,11,HGFLPRHRD,0,All manifest-contained 9-mer window combinations retained for sensitivity; not a predictor-selected register or a re-ranking score.
EBV_TCELL_149795::HUMAN_MYELIN_116079,31,EBV_TCELL_149795,HUMAN_MYELIN_116079,11,HTKAVYQPR,12,GFLPRHRDT,0,All manifest-contained 9-mer window combinations retained for sensitivity; not a predictor-selected register or a re-ranking score.
EBV_TCELL_149795::HUMAN_MYELIN_116079,31,EBV_TCELL_149795,HUMAN_MYELIN_116079,11,HTKAVYQPR,13,FLPRHRDTG,0,All manifest-contained 9-mer window combinations retained for sensitivity; not a predictor-selected register or a re-ranking score.
EBV_TCELL_149795::HUMAN_MYELIN_116079,31,EBV_TCELL_149795,HUMAN_MYELIN_116079,11,HTKAVYQPR,14,LPRHRDTGI,0,All manifest-contained 9-mer window combinations retained for sensitivity; not a predictor-selected register or a re-ranking score.
EBV_TCELL_149795::HUMAN_MYELIN_116079,31,EBV_TCELL_149795,HUMAN_MYELIN_116079,11,HTKAVYQPR,15,PRHRDTGIL,0,All manifest-contained 9-mer window combinations retained for sensitivity; not a predictor-selected register or a re-ranking score.
EBV_TCELL_149795::HUMAN_MYELIN_116079,31,EBV_TCELL_149795,HUMAN_MYELIN_116079,12,TKAVYQPRG,1,ATASTMDHA,0,All manifest-contained 9-mer window combinations retained for sensitivity; not a predictor-selected register or a re-ranking score.
EBV_TCELL_149795::HUMAN_MYELIN_116079,31,EBV_TCELL_149795,HUMAN_MYELIN_116079,12,TKAVYQPRG,2,TASTMDHAR,0,All manifest-contained 9-mer window combinations retained for sensitivity; not a predictor-selected register or a re-ranking score.
EBV_TCELL_149795::HUMAN_MYELIN_116079,31,EBV_TCELL_149795,HUMAN_MYELIN_116079,12,TKAVYQPRG,3,ASTMDHARH,0,All manifest-contained 9-mer window combinations retained for sensitivity; not a predictor-selected register or a re-ranking score.
EBV_TCELL_149795::HUMAN_MYELIN_116079,31,EBV_TCELL_149795,HUMAN_MYELIN_116079,12,TKAVYQPRG,4,STMDHARHG,0,All manifest-contained 9-mer window combinations retained for sensitivity; not a predictor-selected register or a re-ranking score.
EBV_TCELL_149795::HUMAN_MYELIN_116079,31,EBV_TCELL_149795,HUMAN_MYELIN_116079,12,TKAVYQPRG,5,TMDHARHGF,0,All manifest-contained 9-mer window combinations retained for sensitivity; not a predictor-selected register or a re-ranking score.
EBV_TCELL_149795::HUMAN_MYELIN_116079,31,EBV_TCELL_149795,HUMAN_MYELIN_116079,12,TKAVYQPRG,6,MDHARHGFL,0,All manifest-contained 9-mer window combinations retained for sensitivity; not a predictor-selected register or a re-ranking score.
EBV_TCELL_149795::HUMAN_MYELIN_116079,31,EBV_TCELL_149795,HUMAN_MYELIN_116079,12,TKAVYQPRG,7,DHARHGFLP,0,All manifest-contained 9-mer window combinations retained for sensitivity; not a predictor-selected register or a re-ranking score.
EBV_TCELL_149795::HUMAN_MYELIN_116079,31,EBV_TCELL_149795,HUMAN_MYELIN_116079,12,TKAVYQPRG,8,HARHGFLPR,0,All manifest-contained 9-mer window combinations retained for sensitivity; not a predictor-selected register or a re-ranking score.
EBV_TCELL_149795::HUMAN_MYELIN_116079,31,EBV_TCELL_149795,HUMAN_MYELIN_116079,12,TKAVYQPRG,9,ARHGFLPRH,0,All manifest-contained 9-mer window combinations retained for sensitivity; not a predictor-selected register or a re-ranking score.
EBV_TCELL_149795::HUMAN_MYELIN_116079,31,EBV_TCELL_149795,HUMAN_MYELIN_116079,12,TKAVYQPRG,10,RHGFLPRHR,0,All manifest-contained 9-mer window combinations retained for sensitivity; not a predictor-selected register or a re-ranking score.
EBV_TCELL_149795::HUMAN_MYELIN_116079,31,EBV_TCELL_149795,HUMAN_MYELIN_116079,12,TKAVYQPRG,11,HGFLPRHRD,0,All manifest-contained 9-mer window combinations retained for sensitivity; not a predictor-selected register or a re-ranking score.
EBV_TCELL_149795::HUMAN_MYELIN_116079,31,EBV_TCELL_149795,HUMAN_MYELIN_116079,12,TKAVYQPRG,12,GFLPRHRDT,0,All manifest-contained 9-mer window combinations retained for sensitivity; not a predictor-selected register or a re-ranking score.
EBV_TCELL_149795::HUMAN_MYELIN_116079,31,EBV_TCELL_149795,HUMAN_MYELIN_116079,12,TKAVYQPRG,13,FLPRHRDTG,0,All manifest-contained 9-mer window combinations retained for sensitivity; not a predictor-selected register or a re-ranking score.
EBV_TCELL_149795::HUMAN_MYELIN_116079,31,EBV_TCELL_149795,HUMAN_MYELIN_116079,12,TKAVYQPRG,14,LPRHRDTGI,0,All manifest-contained 9-mer window combinations retained for sensitivity; not a predictor-selected register or a re-ranking score.
EBV_TCELL_149795::HUMAN_MYELIN_116079,31,EBV_TCELL_149795,HUMAN_MYELIN_116079,12,TKAVYQPRG,15,PRHRDTGIL,0,All manifest-contained 9-mer window combinations retained for sensitivity; not a predictor-selected register or a re-ranking score.
EBV_TCELL_950::HUMAN_MYELIN_114366,32,EBV_TCELL_950,HUMAN_MYELIN_114366,1,AEGLRALLA,1,GKGRGLSLS,0,All manifest-contained 9-mer window combinations retained for sensitivity; not a predictor-selected register or a re-ranking score.
EBV_TCELL_950::HUMAN_MYELIN_114366,32,EBV_TCELL_950,HUMAN_MYELIN_114366,1,AEGLRALLA,2,KGRGLSLSR,0,All manifest-contained 9-mer window combinations retained for sensitivity; not a predictor-selected register or a re-ranking score.
EBV_TCELL_950::HUMAN_MYELIN_114366,32,EBV_TCELL_950,HUMAN_MYELIN_114366,1,AEGLRALLA,3,GRGLSLSRF,0,All manifest-contained 9-mer window combinations retained for sensitivity; not a predictor-selected register or a re-ranking score.
EBV_TCELL_950::HUMAN_MYELIN_114366,32,EBV_TCELL_950,HUMAN_MYELIN_114366,1,AEGLRALLA,4,RGLSLSRFS,0,All manifest-contained 9-mer window combinations retained for sensitivity; not a predictor-selected register or a re-ranking score.
EBV_TCELL_950::HUMAN_MYELIN_114366,32,EBV_TCELL_950,HUMAN_MYELIN_114366,1,AEGLRALLA,5,GLSLSRFSW,0,All manifest-contained 9-mer window combinations retained for sensitivity; not a predictor-selected register or a re-ranking score.
EBV_TCELL_950::HUMAN_MYELIN_114366,32,EBV_TCELL_950,HUMAN_MYELIN_114366,1,AEGLRALLA,6,LSLSRFSWG,0,All manifest-contained 9-mer window combinations retained for sensitivity; not a predictor-selected register or a re-ranking score.
EBV_TCELL_950::HUMAN_MYELIN_114366,32,EBV_TCELL_950,HUMAN_MYELIN_114366,1,AEGLRALLA,7,SLSRFSWGA,0,All manifest-contained 9-mer window combinations retained for sensitivity; not a predictor-selected register or a re-ranking score.
EBV_TCELL_950::HUMAN_MYELIN_114366,32,EBV_TCELL_950,HUMAN_MYELIN_114366,1,AEGLRALLA,8,LSRFSWGAE,0,All manifest-contained 9-mer window combinations retained for sensitivity; not a predictor-selected register or a re-ranking score.
EBV_TCELL_950::HUMAN_MYELIN_114366,32,EBV_TCELL_950,HUMAN_MYELIN_114366,1,AEGLRALLA,9,SRFSWGAEG,0,All manifest-contained 9-mer window combinations retained for sensitivity; not a predictor-selected register or a re-ranking score.
EBV_TCELL_950::HUMAN_MYELIN_114366,32,EBV_TCELL_950,HUMAN_MYELIN_114366,1,AEGLRALLA,10,RFSWGAEGQ,0,All manifest-contained 9-mer window combinations retained for sensitivity; not a predictor-selected register or a re-ranking score.
EBV_TCELL_950::HUMAN_MYELIN_114366,32,EBV_TCELL_950,HUMAN_MYELIN_114366,1,AEGLRALLA,11,FSWGAEGQR,0,All manifest-contained 9-mer window combinations retained for sensitivity; not a predictor-selected register or a re-ranking score.
EBV_TCELL_950::HUMAN_MYELIN_114366,32,EBV_TCELL_950,HUMAN_MYELIN_114366,1,AEGLRALLA,12,SWGAEGQRP,0,All manifest-contained 9-mer window combinations retained for sensitivity; not a predictor-selected register or a re-ranking score.
EBV_TCELL_950::HUMAN_MYELIN_114366,32,EBV_TCELL_950,HUMAN_MYELIN_114366,2,EGLRALLAR,1,GKGRGLSLS,0,All manifest-contained 9-mer window combinations retained for sensitivity; not a predictor-selected register or a re-ranking score.
EBV_TCELL_950::HUMAN_MYELIN_114366,32,EBV_TCELL_950,HUMAN_MYELIN_114366,2,EGLRALLAR,2,KGRGLSLSR,0,All manifest-contained 9-mer window combinations retained for sensitivity; not a predictor-selected register or a re-ranking score.
EBV_TCELL_950::HUMAN_MYELIN_114366,32,EBV_TCELL_950,HUMAN_MYELIN_114366,2,EGLRALLAR,3,GRGLSLSRF,0,All manifest-contained 9-mer window combinations retained for sensitivity; not a predictor-selected register or a re-ranking score.
EBV_TCELL_950::HUMAN_MYELIN_114366,32,EBV_TCELL_950,HUMAN_MYELIN_114366,2,EGLRALLAR,4,RGLSLSRFS,0,All manifest-contained 9-mer window combinations retained for sensitivity; not a predictor-selected register or a re-ranking score.
EBV_TCELL_950::HUMAN_MYELIN_114366,32,EBV_TCELL_950,HUMAN_MYELIN_114366,2,EGLRALLAR,5,GLSLSRFSW,0,All manifest-contained 9-mer window combinations retained for sensitivity; not a predictor-selected register or a re-ranking score.
EBV_TCELL_950::HUMAN_MYELIN_114366,32,EBV_TCELL_950,HUMAN_MYELIN_114366,2,EGLRALLAR,6,LSLSRFSWG,0,All manifest-contained 9-mer window combinations retained for sensitivity; not a predictor-selected register or a re-ranking score.
EBV_TCELL_950::HUMAN_MYELIN_114366,32,EBV_TCELL_950,HUMAN_MYELIN_114366,2,EGLRALLAR,7,SLSRFSWGA,0,All manifest-contained 9-mer window combinations retained for sensitivity; not a predictor-selected register or a re-ranking score.
EBV_TCELL_950::HUMAN_MYELIN_114366,32,EBV_TCELL_950,HUMAN_MYELIN_114366,2,EGLRALLAR,8,LSRFSWGAE,0,All manifest-contained 9-mer window combinations retained for sensitivity; not a predictor-selected register or a re-ranking score.
EBV_TCELL_950::HUMAN_MYELIN_114366,32,EBV_TCELL_950,HUMAN_MYELIN_114366,2,EGLRALLAR,9,SRFSWGAEG,0,All manifest-contained 9-mer window combinations retained for sensitivity; not a predictor-selected register or a re-ranking score.
EBV_TCELL_950::HUMAN_MYELIN_114366,32,EBV_TCELL_950,HUMAN_MYELIN_114366,2,EGLRALLAR,10,RFSWGAEGQ,0,All manifest-contained 9-mer window combinations retained for sensitivity; not a predictor-selected register or a re-ranking score.
EBV_TCELL_950::HUMAN_MYELIN_114366,32,EBV_TCELL_950,HUMAN_MYELIN_114366,2,EGLRALLAR,11,FSWGAEGQR,0,All manifest-contained 9-mer window combinations retained for sensitivity; not a predictor-selected register or a re-ranking score.
EBV_TCELL_950::HUMAN_MYELIN_114366,32,EBV_TCELL_950,HUMAN_MYELIN_114366,2,EGLRALLAR,12,SWGAEGQRP,0,All manifest-contained 9-mer window combinations retained for sensitivity; not a predictor-selected register or a re-ranking score.
EBV_TCELL_950::HUMAN_MYELIN_114366,32,EBV_TCELL_950,HUMAN_MYELIN_114366,3,GLRALLARS,1,GKGRGLSLS,0,All manifest-contained 9-mer window combinations retained for sensitivity; not a predictor-selected register or a re-ranking score.
EBV_TCELL_950::HUMAN_MYELIN_114366,32,EBV_TCELL_950,HUMAN_MYELIN_114366,3,GLRALLARS,2,KGRGLSLSR,0,All manifest-contained 9-mer window combinations retained for sensitivity; not a predictor-selected register or a re-ranking score.
EBV_TCELL_950::HUMAN_MYELIN_114366,32,EBV_TCELL_950,HUMAN_MYELIN_114366,3,GLRALLARS,3,GRGLSLSRF,0,All manifest-contained 9-mer window combinations retained for sensitivity; not a predictor-selected register or a re-ranking score.
EBV_TCELL_950::HUMAN_MYELIN_114366,32,EBV_TCELL_950,HUMAN_MYELIN_114366,3,GLRALLARS,4,RGLSLSRFS,0,All manifest-contained 9-mer window combinations retained for sensitivity; not a predictor-selected register or a re-ranking score.
EBV_TCELL_950::HUMAN_MYELIN_114366,32,EBV_TCELL_950,HUMAN_MYELIN_114366,3,GLRALLARS,5,GLSLSRFSW,0,All manifest-contained 9-mer window combinations retained for sensitivity; not a predictor-selected register or a re-ranking score.
EBV_TCELL_950::HUMAN_MYELIN_114366,32,EBV_TCELL_950,HUMAN_MYELIN_114366,3,GLRALLARS,6,LSLSRFSWG,0,All manifest-contained 9-mer window combinations retained for sensitivity; not a predictor-selected register or a re-ranking score.
EBV_TCELL_950::HUMAN_MYELIN_114366,32,EBV_TCELL_950,HUMAN_MYELIN_114366,3,GLRALLARS,7,SLSRFSWGA,0,All manifest-contained 9-mer window combinations retained for sensitivity; not a predictor-selected register or a re-ranking score.
EBV_TCELL_950::HUMAN_MYELIN_114366,32,EBV_TCELL_950,HUMAN_MYELIN_114366,3,GLRALLARS,8,LSRFSWGAE,0,All manifest-contained 9-mer window combinations retained for sensitivity; not a predictor-selected register or a re-ranking score.
EBV_TCELL_950::HUMAN_MYELIN_114366,32,EBV_TCELL_950,HUMAN_MYELIN_114366,3,GLRALLARS,9,SRFSWGAEG,0,All manifest-contained 9-mer window combinations retained for sensitivity; not a predictor-selected register or a re-ranking score.
EBV_TCELL_950::HUMAN_MYELIN_114366,32,EBV_TCELL_950,HUMAN_MYELIN_114366,3,GLRALLARS,10,RFSWGAEGQ,0,All manifest-contained 9-mer window combinations retained for sensitivity; not a predictor-selected register or a re-ranking score.
EBV_TCELL_950::HUMAN_MYELIN_114366,32,EBV_TCELL_950,HUMAN_MYELIN_114366,3,GLRALLARS,11,FSWGAEGQR,0,All manifest-contained 9-mer window combinations retained for sensitivity; not a predictor-selected register or a re-ranking score.
EBV_TCELL_950::HUMAN_MYELIN_114366,32,EBV_TCELL_950,HUMAN_MYELIN_114366,3,GLRALLARS,12,SWGAEGQRP,0,All manifest-contained 9-mer window combinations retained for sensitivity; not a predictor-selected register or a re-ranking score.
EBV_TCELL_950::HUMAN_MYELIN_114366,32,EBV_TCELL_950,HUMAN_MYELIN_114366,4,LRALLARSH,1,GKGRGLSLS,0,All manifest-contained 9-mer window combinations retained for sensitivity; not a predictor-selected register or a re-ranking score.
EBV_TCELL_950::HUMAN_MYELIN_114366,32,EBV_TCELL_950,HUMAN_MYELIN_114366,4,LRALLARSH,2,KGRGLSLSR,0,All manifest-contained 9-mer window combinations retained for sensitivity; not a predictor-selected register or a re-ranking score.
EBV_TCELL_950::HUMAN_MYELIN_114366,32,EBV_TCELL_950,HUMAN_MYELIN_114366,4,LRALLARSH,3,GRGLSLSRF,0,All manifest-contained 9-mer window combinations retained for sensitivity; not a predictor-selected register or a re-ranking score.
EBV_TCELL_950::HUMAN_MYELIN_114366,32,EBV_TCELL_950,HUMAN_MYELIN_114366,4,LRALLARSH,4,RGLSLSRFS,0,All manifest-contained 9-mer window combinations retained for sensitivity; not a predictor-selected register or a re-ranking score.
EBV_TCELL_950::HUMAN_MYELIN_114366,32,EBV_TCELL_950,HUMAN_MYELIN_114366,4,LRALLARSH,5,GLSLSRFSW,0,All manifest-contained 9-mer window combinations retained for sensitivity; not a predictor-selected register or a re-ranking score.
EBV_TCELL_950::HUMAN_MYELIN_114366,32,EBV_TCELL_950,HUMAN_MYELIN_114366,4,LRALLARSH,6,LSLSRFSWG,0,All manifest-contained 9-mer window combinations retained for sensitivity; not a predictor-selected register or a re-ranking score.
EBV_TCELL_950::HUMAN_MYELIN_114366,32,EBV_TCELL_950,HUMAN_MYELIN_114366,4,LRALLARSH,7,SLSRFSWGA,0,All manifest-contained 9-mer window combinations retained for sensitivity; not a predictor-selected register or a re-ranking score.
EBV_TCELL_950::HUMAN_MYELIN_114366,32,EBV_TCELL_950,HUMAN_MYELIN_114366,4,LRALLARSH,8,LSRFSWGAE,0,All manifest-contained 9-mer window combinations retained for sensitivity; not a predictor-selected register or a re-ranking score.
EBV_TCELL_950::HUMAN_MYELIN_114366,32,EBV_TCELL_950,HUMAN_MYELIN_114366,4,LRALLARSH,9,SRFSWGAEG,0,All manifest-contained 9-mer window combinations retained for sensitivity; not a predictor-selected register or a re-ranking score.
EBV_TCELL_950::HUMAN_MYELIN_114366,32,EBV_TCELL_950,HUMAN_MYELIN_114366,4,LRALLARSH,10,RFSWGAEGQ,0,All manifest-contained 9-mer window combinations retained for sensitivity; not a predictor-selected register or a re-ranking score.
EBV_TCELL_950::HUMAN_MYELIN_114366,32,EBV_TCELL_950,HUMAN_MYELIN_114366,4,LRALLARSH,11,FSWGAEGQR,0,All manifest-contained 9-mer window combinations retained for sensitivity; not a predictor-selected register or a re-ranking score.
EBV_TCELL_950::HUMAN_MYELIN_114366,32,EBV_TCELL_950,HUMAN_MYELIN_114366,4,LRALLARSH,12,SWGAEGQRP,0,All manifest-contained 9-mer window combinations retained for sensitivity; not a predictor-selected register or a re-ranking score.
EBV_TCELL_950::HUMAN_MYELIN_114366,32,EBV_TCELL_950,HUMAN_MYELIN_114366,5,RALLARSHV,1,GKGRGLSLS,0,All manifest-contained 9-mer window combinations retained for sensitivity; not a predictor-selected register or a re-ranking score.
EBV_TCELL_950::HUMAN_MYELIN_114366,32,EBV_TCELL_950,HUMAN_MYELIN_114366,5,RALLARSHV,2,KGRGLSLSR,0,All manifest-contained 9-mer window combinations retained for sensitivity; not a predictor-selected register or a re-ranking score.
EBV_TCELL_950::HUMAN_MYELIN_114366,32,EBV_TCELL_950,HUMAN_MYELIN_114366,5,RALLARSHV,3,GRGLSLSRF,0,All manifest-contained 9-mer window combinations retained for sensitivity; not a predictor-selected register or a re-ranking score.
EBV_TCELL_950::HUMAN_MYELIN_114366,32,EBV_TCELL_950,HUMAN_MYELIN_114366,5,RALLARSHV,4,RGLSLSRFS,0,All manifest-contained 9-mer window combinations retained for sensitivity; not a predictor-selected register or a re-ranking score.
EBV_TCELL_950::HUMAN_MYELIN_114366,32,EBV_TCELL_950,HUMAN_MYELIN_114366,5,RALLARSHV,5,GLSLSRFSW,0,All manifest-contained 9-mer window combinations retained for sensitivity; not a predictor-selected register or a re-ranking score.
EBV_TCELL_950::HUMAN_MYELIN_114366,32,EBV_TCELL_950,HUMAN_MYELIN_114366,5,RALLARSHV,6,LSLSRFSWG,0,All manifest-contained 9-mer window combinations retained for sensitivity; not a predictor-selected register or a re-ranking score.
EBV_TCELL_950::HUMAN_MYELIN_114366,32,EBV_TCELL_950,HUMAN_MYELIN_114366,5,RALLARSHV,7,SLSRFSWGA,0,All manifest-contained 9-mer window combinations retained for sensitivity; not a predictor-selected register or a re-ranking score.
EBV_TCELL_950::HUMAN_MYELIN_114366,32,EBV_TCELL_950,HUMAN_MYELIN_114366,5,RALLARSHV,8,LSRFSWGAE,0,All manifest-contained 9-mer window combinations retained for sensitivity; not a predictor-selected register or a re-ranking score.
EBV_TCELL_950::HUMAN_MYELIN_114366,32,EBV_TCELL_950,HUMAN_MYELIN_114366,5,RALLARSHV,9,SRFSWGAEG,0,All manifest-contained 9-mer window combinations retained for sensitivity; not a predictor-selected register or a re-ranking score.
EBV_TCELL_950::HUMAN_MYELIN_114366,32,EBV_TCELL_950,HUMAN_MYELIN_114366,5,RALLARSHV,10,RFSWGAEGQ,0,All manifest-contained 9-mer window combinations retained for sensitivity; not a predictor-selected register or a re-ranking score.
EBV_TCELL_950::HUMAN_MYELIN_114366,32,EBV_TCELL_950,HUMAN_MYELIN_114366,5,RALLARSHV,11,FSWGAEGQR,0,All manifest-contained 9-mer window combinations retained for sensitivity; not a predictor-selected register or a re-ranking score.
EBV_TCELL_950::HUMAN_MYELIN_114366,32,EBV_TCELL_950,HUMAN_MYELIN_114366,5,RALLARSHV,12,SWGAEGQRP,0,All manifest-contained 9-mer window combinations retained for sensitivity; not a predictor-selected register or a re-ranking score.
EBV_TCELL_950::HUMAN_MYELIN_114366,32,EBV_TCELL_950,HUMAN_MYELIN_114366,6,ALLARSHVE,1,GKGRGLSLS,0,All manifest-contained 9-mer window combinations retained for sensitivity; not a predictor-selected register or a re-ranking score.
EBV_TCELL_950::HUMAN_MYELIN_114366,32,EBV_TCELL_950,HUMAN_MYELIN_114366,6,ALLARSHVE,2,KGRGLSLSR,0,All manifest-contained 9-mer window combinations retained for sensitivity; not a predictor-selected register or a re-ranking score.
EBV_TCELL_950::HUMAN_MYELIN_114366,32,EBV_TCELL_950,HUMAN_MYELIN_114366,6,ALLARSHVE,3,GRGLSLSRF,0,All manifest-contained 9-mer window combinations retained for sensitivity; not a predictor-selected register or a re-ranking score.
EBV_TCELL_950::HUMAN_MYELIN_114366,32,EBV_TCELL_950,HUMAN_MYELIN_114366,6,ALLARSHVE,4,RGLSLSRFS,0,All manifest-contained 9-mer window combinations retained for sensitivity; not a predictor-selected register or a re-ranking score.
EBV_TCELL_950::HUMAN_MYELIN_114366,32,EBV_TCELL_950,HUMAN_MYELIN_114366,6,ALLARSHVE,5,GLSLSRFSW,0,All manifest-contained 9-mer window combinations retained for sensitivity; not a predictor-selected register or a re-ranking score.
EBV_TCELL_950::HUMAN_MYELIN_114366,32,EBV_TCELL_950,HUMAN_MYELIN_114366,6,ALLARSHVE,6,LSLSRFSWG,0,All manifest-contained 9-mer window combinations retained for sensitivity; not a predictor-selected register or a re-ranking score.
EBV_TCELL_950::HUMAN_MYELIN_114366,32,EBV_TCELL_950,HUMAN_MYELIN_114366,6,ALLARSHVE,7,SLSRFSWGA,0,All manifest-contained 9-mer window combinations retained for sensitivity; not a predictor-selected register or a re-ranking score.
EBV_TCELL_950::HUMAN_MYELIN_114366,32,EBV_TCELL_950,HUMAN_MYELIN_114366,6,ALLARSHVE,8,LSRFSWGAE,0,All manifest-contained 9-mer window combinations retained for sensitivity; not a predictor-selected register or a re-ranking score.
EBV_TCELL_950::HUMAN_MYELIN_114366,32,EBV_TCELL_950,HUMAN_MYELIN_114366,6,ALLARSHVE,9,SRFSWGAEG,0,All manifest-contained 9-mer window combinations retained for sensitivity; not a predictor-selected register or a re-ranking score.
EBV_TCELL_950::HUMAN_MYELIN_114366,32,EBV_TCELL_950,HUMAN_MYELIN_114366,6,ALLARSHVE,10,RFSWGAEGQ,0,All manifest-contained 9-mer window combinations retained for sensitivity; not a predictor-selected register or a re-ranking score.
EBV_TCELL_950::HUMAN_MYELIN_114366,32,EBV_TCELL_950,HUMAN_MYELIN_114366,6,ALLARSHVE,11,FSWGAEGQR,0,All manifest-contained 9-mer window combinations retained for sensitivity; not a predictor-selected register or a re-ranking score.
EBV_TCELL_950::HUMAN_MYELIN_114366,32,EBV_TCELL_950,HUMAN_MYELIN_114366,6,ALLARSHVE,12,SWGAEGQRP,0,All manifest-contained 9-mer window combinations retained for sensitivity; not a predictor-selected register or a re-ranking score.
EBV_TCELL_950::HUMAN_MYELIN_114366,32,EBV_TCELL_950,HUMAN_MYELIN_114366,7,LLARSHVER,1,GKGRGLSLS,0,All manifest-contained 9-mer window combinations retained for sensitivity; not a predictor-selected register or a re-ranking score.
EBV_TCELL_950::HUMAN_MYELIN_114366,32,EBV_TCELL_950,HUMAN_MYELIN_114366,7,LLARSHVER,2,KGRGLSLSR,0,All manifest-contained 9-mer window combinations retained for sensitivity; not a predictor-selected register or a re-ranking score.
EBV_TCELL_950::HUMAN_MYELIN_114366,32,EBV_TCELL_950,HUMAN_MYELIN_114366,7,LLARSHVER,3,GRGLSLSRF,0,All manifest-contained 9-mer window combinations retained for sensitivity; not a predictor-selected register or a re-ranking score.
EBV_TCELL_950::HUMAN_MYELIN_114366,32,EBV_TCELL_950,HUMAN_MYELIN_114366,7,LLARSHVER,4,RGLSLSRFS,0,All manifest-contained 9-mer window combinations retained for sensitivity; not a predictor-selected register or a re-ranking score.
EBV_TCELL_950::HUMAN_MYELIN_114366,32,EBV_TCELL_950,HUMAN_MYELIN_114366,7,LLARSHVER,5,GLSLSRFSW,0,All manifest-contained 9-mer window combinations retained for sensitivity; not a predictor-selected register or a re-ranking score.
EBV_TCELL_950::HUMAN_MYELIN_114366,32,EBV_TCELL_950,HUMAN_MYELIN_114366,7,LLARSHVER,6,LSLSRFSWG,0,All manifest-contained 9-mer window combinations retained for sensitivity; not a predictor-selected register or a re-ranking score.
EBV_TCELL_950::HUMAN_MYELIN_114366,32,EBV_TCELL_950,HUMAN_MYELIN_114366,7,LLARSHVER,7,SLSRFSWGA,0,All manifest-contained 9-mer window combinations retained for sensitivity; not a predictor-selected register or a re-ranking score.
EBV_TCELL_950::HUMAN_MYELIN_114366,32,EBV_TCELL_950,HUMAN_MYELIN_114366,7,LLARSHVER,8,LSRFSWGAE,0,All manifest-contained 9-mer window combinations retained for sensitivity; not a predictor-selected register or a re-ranking score.
EBV_TCELL_950::HUMAN_MYELIN_114366,32,EBV_TCELL_950,HUMAN_MYELIN_114366,7,LLARSHVER,9,SRFSWGAEG,0,All manifest-contained 9-mer window combinations retained for sensitivity; not a predictor-selected register or a re-ranking score.
EBV_TCELL_950::HUMAN_MYELIN_114366,32,EBV_TCELL_950,HUMAN_MYELIN_114366,7,LLARSHVER,10,RFSWGAEGQ,0,All manifest-contained 9-mer window combinations retained for sensitivity; not a predictor-selected register or a re-ranking score.
EBV_TCELL_950::HUMAN_MYELIN_114366,32,EBV_TCELL_950,HUMAN_MYELIN_114366,7,LLARSHVER,11,FSWGAEGQR,0,All manifest-contained 9-mer window combinations retained for sensitivity; not a predictor-selected register or a re-ranking score.
EBV_TCELL_950::HUMAN_MYELIN_114366,32,EBV_TCELL_950,HUMAN_MYELIN_114366,7,LLARSHVER,12,SWGAEGQRP,0,All manifest-contained 9-mer window combinations retained for sensitivity; not a predictor-selected register or a re-ranking score.
