arm_class,candidate_id,container_image_digest,dx_bytes,dx_retention,dx_sha256,exit_code,form,input,input_sha256,model_key,panel_id,sample_index,solute_dielectric,status,stderr,stdout
ebv,EBV_IEDB_090bd09c6880,ubuntu@sha256:2edbbc5dc405e9612ba3584ce95480277e3eb374407b5505fe26f17df77c7dbc,16931029,transient_deleted_after_checksum_and_sampling,b8baa05b55cc198bae3a8dc06720d7fd8a87da3247c4657446c49e1e2e2ed5b2,0,full,raw_calculations/apbs/HY13_SEQ_02/HY13_SEQ_02__ebv__EBV_IEDB_090bd09c6880__s0/eps2/full.in,4696ea0d39d22e9dc385efdaaeae07ca6343d9174f3b0d90e7c37ac8acbb0fef,HY13_SEQ_02__ebv__EBV_IEDB_090bd09c6880__s0,HY13_SEQ_02,0,2.0,complete,raw_calculations/apbs/HY13_SEQ_02/HY13_SEQ_02__ebv__EBV_IEDB_090bd09c6880__s0/eps2/full.stderr.txt,raw_calculations/apbs/HY13_SEQ_02/HY13_SEQ_02__ebv__EBV_IEDB_090bd09c6880__s0/eps2/full.stdout.txt
ebv,EBV_IEDB_090bd09c6880,ubuntu@sha256:2edbbc5dc405e9612ba3584ce95480277e3eb374407b5505fe26f17df77c7dbc,17057474,transient_deleted_after_checksum_and_sampling,9b879f5b2f26a931b6aa674711d77f9ce75daf8227dcc0ef6752be0e4c64d468,0,hla_only,raw_calculations/apbs/HY13_SEQ_02/HY13_SEQ_02__ebv__EBV_IEDB_090bd09c6880__s0/eps2/hla_only.in,320a6a40d204494a0d625bfee657d0513bab8f7566773046fc61fbd909704e3c,HY13_SEQ_02__ebv__EBV_IEDB_090bd09c6880__s0,HY13_SEQ_02,0,2.0,complete,raw_calculations/apbs/HY13_SEQ_02/HY13_SEQ_02__ebv__EBV_IEDB_090bd09c6880__s0/eps2/hla_only.stderr.txt,raw_calculations/apbs/HY13_SEQ_02/HY13_SEQ_02__ebv__EBV_IEDB_090bd09c6880__s0/eps2/hla_only.stdout.txt
ebv,EBV_IEDB_090bd09c6880,ubuntu@sha256:2edbbc5dc405e9612ba3584ce95480277e3eb374407b5505fe26f17df77c7dbc,16935842,transient_deleted_after_checksum_and_sampling,98d9d6c428da352d7d32490fe04464f0f68e106f5c1e617da9b4d51443ee4abf,0,full,raw_calculations/apbs/HY13_SEQ_02/HY13_SEQ_02__ebv__EBV_IEDB_090bd09c6880__s0/eps4/full.in,a8636ca510a294bcf663a5931d0a2bc3259c4b04376c4b4be1392bccd97c0ed2,HY13_SEQ_02__ebv__EBV_IEDB_090bd09c6880__s0,HY13_SEQ_02,0,4.0,complete,raw_calculations/apbs/HY13_SEQ_02/HY13_SEQ_02__ebv__EBV_IEDB_090bd09c6880__s0/eps4/full.stderr.txt,raw_calculations/apbs/HY13_SEQ_02/HY13_SEQ_02__ebv__EBV_IEDB_090bd09c6880__s0/eps4/full.stdout.txt
ebv,EBV_IEDB_090bd09c6880,ubuntu@sha256:2edbbc5dc405e9612ba3584ce95480277e3eb374407b5505fe26f17df77c7dbc,17068480,transient_deleted_after_checksum_and_sampling,9abf81a1421d4b5f2159be76d53799e564afa63a5e10daa76fa1532e9f7e1bdf,0,hla_only,raw_calculations/apbs/HY13_SEQ_02/HY13_SEQ_02__ebv__EBV_IEDB_090bd09c6880__s0/eps4/hla_only.in,466731d890e5ac4cdb7d8892ba6a0009829523cdfa31a1d0b28d1c465347096d,HY13_SEQ_02__ebv__EBV_IEDB_090bd09c6880__s0,HY13_SEQ_02,0,4.0,complete,raw_calculations/apbs/HY13_SEQ_02/HY13_SEQ_02__ebv__EBV_IEDB_090bd09c6880__s0/eps4/hla_only.stderr.txt,raw_calculations/apbs/HY13_SEQ_02/HY13_SEQ_02__ebv__EBV_IEDB_090bd09c6880__s0/eps4/hla_only.stdout.txt
ebv,EBV_IEDB_090bd09c6880,ubuntu@sha256:2edbbc5dc405e9612ba3584ce95480277e3eb374407b5505fe26f17df77c7dbc,16944555,transient_deleted_after_checksum_and_sampling,e794814cba9b0ee04f2c03eb5d3a3946cf6c1a13e5d1d444d08d108e5e3f1715,0,full,raw_calculations/apbs/HY13_SEQ_02/HY13_SEQ_02__ebv__EBV_IEDB_090bd09c6880__s0/eps8/full.in,4af72e81ac8b4a5dcdbb022dd54613da34fd2c74aac685c35f5f9a1d22b11c0b,HY13_SEQ_02__ebv__EBV_IEDB_090bd09c6880__s0,HY13_SEQ_02,0,8.0,complete,raw_calculations/apbs/HY13_SEQ_02/HY13_SEQ_02__ebv__EBV_IEDB_090bd09c6880__s0/eps8/full.stderr.txt,raw_calculations/apbs/HY13_SEQ_02/HY13_SEQ_02__ebv__EBV_IEDB_090bd09c6880__s0/eps8/full.stdout.txt
ebv,EBV_IEDB_090bd09c6880,ubuntu@sha256:2edbbc5dc405e9612ba3584ce95480277e3eb374407b5505fe26f17df77c7dbc,17084940,transient_deleted_after_checksum_and_sampling,94451aaceb0d8704ba41cb56ddb6b187cf800dfc144323764cbe3d8b2320dbee,0,hla_only,raw_calculations/apbs/HY13_SEQ_02/HY13_SEQ_02__ebv__EBV_IEDB_090bd09c6880__s0/eps8/hla_only.in,c591c9a2908e1589fe08b03f0fe20a6c310a913a594a469819c8cf81d37c341a,HY13_SEQ_02__ebv__EBV_IEDB_090bd09c6880__s0,HY13_SEQ_02,0,8.0,complete,raw_calculations/apbs/HY13_SEQ_02/HY13_SEQ_02__ebv__EBV_IEDB_090bd09c6880__s0/eps8/hla_only.stderr.txt,raw_calculations/apbs/HY13_SEQ_02/HY13_SEQ_02__ebv__EBV_IEDB_090bd09c6880__s0/eps8/hla_only.stdout.txt
ebv,EBV_IEDB_090bd09c6880,ubuntu@sha256:2edbbc5dc405e9612ba3584ce95480277e3eb374407b5505fe26f17df77c7dbc,16914890,transient_deleted_after_checksum_and_sampling,4d3c7ae546588e3a528c64bdb7936536655f4b7c33d9355a140ab20b3bb2a879,0,full,raw_calculations/apbs/HY13_SEQ_02/HY13_SEQ_02__ebv__EBV_IEDB_090bd09c6880__s1/eps2/full.in,616cf4d3cf8d4649347d823b7c7d7953c33ebcb433d4a1afc961914dfcf747d4,HY13_SEQ_02__ebv__EBV_IEDB_090bd09c6880__s1,HY13_SEQ_02,1,2.0,complete,raw_calculations/apbs/HY13_SEQ_02/HY13_SEQ_02__ebv__EBV_IEDB_090bd09c6880__s1/eps2/full.stderr.txt,raw_calculations/apbs/HY13_SEQ_02/HY13_SEQ_02__ebv__EBV_IEDB_090bd09c6880__s1/eps2/full.stdout.txt
ebv,EBV_IEDB_090bd09c6880,ubuntu@sha256:2edbbc5dc405e9612ba3584ce95480277e3eb374407b5505fe26f17df77c7dbc,17038269,transient_deleted_after_checksum_and_sampling,8aa648f8ba2d0c2bd56be24dd6ef57c0f97d13aea69a7a065c812595dbb25b13,0,hla_only,raw_calculations/apbs/HY13_SEQ_02/HY13_SEQ_02__ebv__EBV_IEDB_090bd09c6880__s1/eps2/hla_only.in,80824bc11ad1828ffca15b3c03f1cdadabdab07b34da9958ac278b321eb1be2d,HY13_SEQ_02__ebv__EBV_IEDB_090bd09c6880__s1,HY13_SEQ_02,1,2.0,complete,raw_calculations/apbs/HY13_SEQ_02/HY13_SEQ_02__ebv__EBV_IEDB_090bd09c6880__s1/eps2/hla_only.stderr.txt,raw_calculations/apbs/HY13_SEQ_02/HY13_SEQ_02__ebv__EBV_IEDB_090bd09c6880__s1/eps2/hla_only.stdout.txt
ebv,EBV_IEDB_090bd09c6880,ubuntu@sha256:2edbbc5dc405e9612ba3584ce95480277e3eb374407b5505fe26f17df77c7dbc,16919479,transient_deleted_after_checksum_and_sampling,cb6afae0f2dd948975f8e739e06bd07b76b5f99d5ce8199feb9cde51eae8f2c2,0,full,raw_calculations/apbs/HY13_SEQ_02/HY13_SEQ_02__ebv__EBV_IEDB_090bd09c6880__s1/eps4/full.in,1cda7c77e281cf72df3bad49d5e8bec03372822e2f5c287a2fcccecca82ebaf5,HY13_SEQ_02__ebv__EBV_IEDB_090bd09c6880__s1,HY13_SEQ_02,1,4.0,complete,raw_calculations/apbs/HY13_SEQ_02/HY13_SEQ_02__ebv__EBV_IEDB_090bd09c6880__s1/eps4/full.stderr.txt,raw_calculations/apbs/HY13_SEQ_02/HY13_SEQ_02__ebv__EBV_IEDB_090bd09c6880__s1/eps4/full.stdout.txt
ebv,EBV_IEDB_090bd09c6880,ubuntu@sha256:2edbbc5dc405e9612ba3584ce95480277e3eb374407b5505fe26f17df77c7dbc,17051487,transient_deleted_after_checksum_and_sampling,41b22118d42b751587617275d996d1bda77e9cbfb0de7e54b9a04e532bc937b2,0,hla_only,raw_calculations/apbs/HY13_SEQ_02/HY13_SEQ_02__ebv__EBV_IEDB_090bd09c6880__s1/eps4/hla_only.in,d71925edc8f526888c84c189dce6e35f173ce186821c96e51cdeaa16a5cda6a6,HY13_SEQ_02__ebv__EBV_IEDB_090bd09c6880__s1,HY13_SEQ_02,1,4.0,complete,raw_calculations/apbs/HY13_SEQ_02/HY13_SEQ_02__ebv__EBV_IEDB_090bd09c6880__s1/eps4/hla_only.stderr.txt,raw_calculations/apbs/HY13_SEQ_02/HY13_SEQ_02__ebv__EBV_IEDB_090bd09c6880__s1/eps4/hla_only.stdout.txt
ebv,EBV_IEDB_090bd09c6880,ubuntu@sha256:2edbbc5dc405e9612ba3584ce95480277e3eb374407b5505fe26f17df77c7dbc,16927419,transient_deleted_after_checksum_and_sampling,485521e29a038c60cc2795f31fbf8f2ea1289c9272d46de652b034570df79444,0,full,raw_calculations/apbs/HY13_SEQ_02/HY13_SEQ_02__ebv__EBV_IEDB_090bd09c6880__s1/eps8/full.in,f41ed91127ae60f27238c9794f2770db7aa6fd064e41a375bceb77de2f408a6d,HY13_SEQ_02__ebv__EBV_IEDB_090bd09c6880__s1,HY13_SEQ_02,1,8.0,complete,raw_calculations/apbs/HY13_SEQ_02/HY13_SEQ_02__ebv__EBV_IEDB_090bd09c6880__s1/eps8/full.stderr.txt,raw_calculations/apbs/HY13_SEQ_02/HY13_SEQ_02__ebv__EBV_IEDB_090bd09c6880__s1/eps8/full.stdout.txt
ebv,EBV_IEDB_090bd09c6880,ubuntu@sha256:2edbbc5dc405e9612ba3584ce95480277e3eb374407b5505fe26f17df77c7dbc,17071288,transient_deleted_after_checksum_and_sampling,b00e8df071154d3c38d33b17269ea66e5accd17c7bc0a777491146dbdf12431b,0,hla_only,raw_calculations/apbs/HY13_SEQ_02/HY13_SEQ_02__ebv__EBV_IEDB_090bd09c6880__s1/eps8/hla_only.in,17e02a7b1e1c78998b0d9dde0a17568866a5f3fbb313a1be87191237dcb260da,HY13_SEQ_02__ebv__EBV_IEDB_090bd09c6880__s1,HY13_SEQ_02,1,8.0,complete,raw_calculations/apbs/HY13_SEQ_02/HY13_SEQ_02__ebv__EBV_IEDB_090bd09c6880__s1/eps8/hla_only.stderr.txt,raw_calculations/apbs/HY13_SEQ_02/HY13_SEQ_02__ebv__EBV_IEDB_090bd09c6880__s1/eps8/hla_only.stdout.txt
ebv,EBV_IEDB_090bd09c6880,ubuntu@sha256:2edbbc5dc405e9612ba3584ce95480277e3eb374407b5505fe26f17df77c7dbc,16913528,transient_deleted_after_checksum_and_sampling,1cecb35e853c4f73ff6e079d96c3cd619256bc783df641816095ec0c7f569fd7,0,full,raw_calculations/apbs/HY13_SEQ_02/HY13_SEQ_02__ebv__EBV_IEDB_090bd09c6880__s2/eps2/full.in,c41b8e1fb79ede1e7cfd323d6b38f7228dee67aab0fd2c8be4a98a834ca510fb,HY13_SEQ_02__ebv__EBV_IEDB_090bd09c6880__s2,HY13_SEQ_02,2,2.0,complete,raw_calculations/apbs/HY13_SEQ_02/HY13_SEQ_02__ebv__EBV_IEDB_090bd09c6880__s2/eps2/full.stderr.txt,raw_calculations/apbs/HY13_SEQ_02/HY13_SEQ_02__ebv__EBV_IEDB_090bd09c6880__s2/eps2/full.stdout.txt
ebv,EBV_IEDB_090bd09c6880,ubuntu@sha256:2edbbc5dc405e9612ba3584ce95480277e3eb374407b5505fe26f17df77c7dbc,17067863,transient_deleted_after_checksum_and_sampling,27db558db603215832f2d92f98843a712eee2feca08d7e5f92cca246836ee0af,0,hla_only,raw_calculations/apbs/HY13_SEQ_02/HY13_SEQ_02__ebv__EBV_IEDB_090bd09c6880__s2/eps2/hla_only.in,7046dc096f2c7a38c7c5003632cac558b80d643c58037dae3d0f1b272a72638b,HY13_SEQ_02__ebv__EBV_IEDB_090bd09c6880__s2,HY13_SEQ_02,2,2.0,complete,raw_calculations/apbs/HY13_SEQ_02/HY13_SEQ_02__ebv__EBV_IEDB_090bd09c6880__s2/eps2/hla_only.stderr.txt,raw_calculations/apbs/HY13_SEQ_02/HY13_SEQ_02__ebv__EBV_IEDB_090bd09c6880__s2/eps2/hla_only.stdout.txt
ebv,EBV_IEDB_090bd09c6880,ubuntu@sha256:2edbbc5dc405e9612ba3584ce95480277e3eb374407b5505fe26f17df77c7dbc,16922741,transient_deleted_after_checksum_and_sampling,68da545f5435d2c154cdaf7663fc40af2dfd354dd49d7d8d7bb8ffad175b053d,0,full,raw_calculations/apbs/HY13_SEQ_02/HY13_SEQ_02__ebv__EBV_IEDB_090bd09c6880__s2/eps4/full.in,97da8e06a500f1779fe716dbacc71fc5b06e936c33f01169c2040bc15d5369a0,HY13_SEQ_02__ebv__EBV_IEDB_090bd09c6880__s2,HY13_SEQ_02,2,4.0,complete,raw_calculations/apbs/HY13_SEQ_02/HY13_SEQ_02__ebv__EBV_IEDB_090bd09c6880__s2/eps4/full.stderr.txt,raw_calculations/apbs/HY13_SEQ_02/HY13_SEQ_02__ebv__EBV_IEDB_090bd09c6880__s2/eps4/full.stdout.txt
ebv,EBV_IEDB_090bd09c6880,ubuntu@sha256:2edbbc5dc405e9612ba3584ce95480277e3eb374407b5505fe26f17df77c7dbc,17081650,transient_deleted_after_checksum_and_sampling,eef2e80ed3b992f9d4f9f078c95da88dd10b397753b1a657e6d07fd2f253eea3,0,hla_only,raw_calculations/apbs/HY13_SEQ_02/HY13_SEQ_02__ebv__EBV_IEDB_090bd09c6880__s2/eps4/hla_only.in,fc5f7cbfad238fb40007ef809d5ba730f08fc78675a1ec062b6fee6eb99625b0,HY13_SEQ_02__ebv__EBV_IEDB_090bd09c6880__s2,HY13_SEQ_02,2,4.0,complete,raw_calculations/apbs/HY13_SEQ_02/HY13_SEQ_02__ebv__EBV_IEDB_090bd09c6880__s2/eps4/hla_only.stderr.txt,raw_calculations/apbs/HY13_SEQ_02/HY13_SEQ_02__ebv__EBV_IEDB_090bd09c6880__s2/eps4/hla_only.stdout.txt
ebv,EBV_IEDB_090bd09c6880,ubuntu@sha256:2edbbc5dc405e9612ba3584ce95480277e3eb374407b5505fe26f17df77c7dbc,16938260,transient_deleted_after_checksum_and_sampling,549cfeeaf94773b9ec20a2c9eb7c8af9a7643fef0c18d6a67607f1f84758c89c,0,full,raw_calculations/apbs/HY13_SEQ_02/HY13_SEQ_02__ebv__EBV_IEDB_090bd09c6880__s2/eps8/full.in,87aa34ef79dc3ddff28ebd672f7c5d053862c067cf7da2722fcf2b14dea7ae44,HY13_SEQ_02__ebv__EBV_IEDB_090bd09c6880__s2,HY13_SEQ_02,2,8.0,complete,raw_calculations/apbs/HY13_SEQ_02/HY13_SEQ_02__ebv__EBV_IEDB_090bd09c6880__s2/eps8/full.stderr.txt,raw_calculations/apbs/HY13_SEQ_02/HY13_SEQ_02__ebv__EBV_IEDB_090bd09c6880__s2/eps8/full.stdout.txt
ebv,EBV_IEDB_090bd09c6880,ubuntu@sha256:2edbbc5dc405e9612ba3584ce95480277e3eb374407b5505fe26f17df77c7dbc,17101423,transient_deleted_after_checksum_and_sampling,ca08b245118e23c33452f9b2b8d820c8400de034e8b5f363da812c94baac2932,0,hla_only,raw_calculations/apbs/HY13_SEQ_02/HY13_SEQ_02__ebv__EBV_IEDB_090bd09c6880__s2/eps8/hla_only.in,5429e6e5d70a296006baab5b9fef86e25b8e298f6097e86a3370a29254be48ea,HY13_SEQ_02__ebv__EBV_IEDB_090bd09c6880__s2,HY13_SEQ_02,2,8.0,complete,raw_calculations/apbs/HY13_SEQ_02/HY13_SEQ_02__ebv__EBV_IEDB_090bd09c6880__s2/eps8/hla_only.stderr.txt,raw_calculations/apbs/HY13_SEQ_02/HY13_SEQ_02__ebv__EBV_IEDB_090bd09c6880__s2/eps8/hla_only.stdout.txt
ebv,EBV_IEDB_090bd09c6880,ubuntu@sha256:2edbbc5dc405e9612ba3584ce95480277e3eb374407b5505fe26f17df77c7dbc,16990250,transient_deleted_after_checksum_and_sampling,b68ab6fa150565b973e2cb0bdf26b4d5542017dc681336a237e488a71db0b1fe,0,full,raw_calculations/apbs/HY13_SEQ_02/HY13_SEQ_02__ebv__EBV_IEDB_090bd09c6880__s3/eps2/full.in,32d86fc6e347c372f600302cc1c8327f41410803b30901e37dd1ef1db6971ad7,HY13_SEQ_02__ebv__EBV_IEDB_090bd09c6880__s3,HY13_SEQ_02,3,2.0,complete,raw_calculations/apbs/HY13_SEQ_02/HY13_SEQ_02__ebv__EBV_IEDB_090bd09c6880__s3/eps2/full.stderr.txt,raw_calculations/apbs/HY13_SEQ_02/HY13_SEQ_02__ebv__EBV_IEDB_090bd09c6880__s3/eps2/full.stdout.txt
ebv,EBV_IEDB_090bd09c6880,ubuntu@sha256:2edbbc5dc405e9612ba3584ce95480277e3eb374407b5505fe26f17df77c7dbc,17072204,transient_deleted_after_checksum_and_sampling,6c8ef365ed9c7bcebadf111dafdf5a482422d1968067aea9b00e489ee5c9572e,0,hla_only,raw_calculations/apbs/HY13_SEQ_02/HY13_SEQ_02__ebv__EBV_IEDB_090bd09c6880__s3/eps2/hla_only.in,b987f48781322bde636b409286a388ce71552a079d55575d263ec3cd95194b84,HY13_SEQ_02__ebv__EBV_IEDB_090bd09c6880__s3,HY13_SEQ_02,3,2.0,complete,raw_calculations/apbs/HY13_SEQ_02/HY13_SEQ_02__ebv__EBV_IEDB_090bd09c6880__s3/eps2/hla_only.stderr.txt,raw_calculations/apbs/HY13_SEQ_02/HY13_SEQ_02__ebv__EBV_IEDB_090bd09c6880__s3/eps2/hla_only.stdout.txt
ebv,EBV_IEDB_090bd09c6880,ubuntu@sha256:2edbbc5dc405e9612ba3584ce95480277e3eb374407b5505fe26f17df77c7dbc,16998720,transient_deleted_after_checksum_and_sampling,95f876cee86da63aea54407b1e605d57ad3fefd27f6059e9ef906b2c302984ee,0,full,raw_calculations/apbs/HY13_SEQ_02/HY13_SEQ_02__ebv__EBV_IEDB_090bd09c6880__s3/eps4/full.in,4f20722ba2846bd4acdf8176be9bb62543c73f8f5ced2eb28c9b096ff2a3eb63,HY13_SEQ_02__ebv__EBV_IEDB_090bd09c6880__s3,HY13_SEQ_02,3,4.0,complete,raw_calculations/apbs/HY13_SEQ_02/HY13_SEQ_02__ebv__EBV_IEDB_090bd09c6880__s3/eps4/full.stderr.txt,raw_calculations/apbs/HY13_SEQ_02/HY13_SEQ_02__ebv__EBV_IEDB_090bd09c6880__s3/eps4/full.stdout.txt
ebv,EBV_IEDB_090bd09c6880,ubuntu@sha256:2edbbc5dc405e9612ba3584ce95480277e3eb374407b5505fe26f17df77c7dbc,17084517,transient_deleted_after_checksum_and_sampling,e1fec88ea6cdb1ecff8e36b18ca141384e2e5f1d17e826434c94b4f1fcfa36f7,0,hla_only,raw_calculations/apbs/HY13_SEQ_02/HY13_SEQ_02__ebv__EBV_IEDB_090bd09c6880__s3/eps4/hla_only.in,b2ec93e8c535558748192fc5cf2ebf8927188a588ec655812728c27b4d4e353f,HY13_SEQ_02__ebv__EBV_IEDB_090bd09c6880__s3,HY13_SEQ_02,3,4.0,complete,raw_calculations/apbs/HY13_SEQ_02/HY13_SEQ_02__ebv__EBV_IEDB_090bd09c6880__s3/eps4/hla_only.stderr.txt,raw_calculations/apbs/HY13_SEQ_02/HY13_SEQ_02__ebv__EBV_IEDB_090bd09c6880__s3/eps4/hla_only.stdout.txt
ebv,EBV_IEDB_090bd09c6880,ubuntu@sha256:2edbbc5dc405e9612ba3584ce95480277e3eb374407b5505fe26f17df77c7dbc,17013585,transient_deleted_after_checksum_and_sampling,3ef51f22657d10233d40aeb3a8c3c3104e2e799cf6332dc48bd2a513359994aa,0,full,raw_calculations/apbs/HY13_SEQ_02/HY13_SEQ_02__ebv__EBV_IEDB_090bd09c6880__s3/eps8/full.in,be3dcf6893273136bb5886863e30fb175b12822be47e56dbc0e98b37f25d335d,HY13_SEQ_02__ebv__EBV_IEDB_090bd09c6880__s3,HY13_SEQ_02,3,8.0,complete,raw_calculations/apbs/HY13_SEQ_02/HY13_SEQ_02__ebv__EBV_IEDB_090bd09c6880__s3/eps8/full.stderr.txt,raw_calculations/apbs/HY13_SEQ_02/HY13_SEQ_02__ebv__EBV_IEDB_090bd09c6880__s3/eps8/full.stdout.txt
ebv,EBV_IEDB_090bd09c6880,ubuntu@sha256:2edbbc5dc405e9612ba3584ce95480277e3eb374407b5505fe26f17df77c7dbc,17102401,transient_deleted_after_checksum_and_sampling,c8036228d1f0155c6d0f4deda7ef38c9517ba09970499b88a1a6b77d6c87462c,0,hla_only,raw_calculations/apbs/HY13_SEQ_02/HY13_SEQ_02__ebv__EBV_IEDB_090bd09c6880__s3/eps8/hla_only.in,4b07ba8d5b82daef5916f4fde2f623def6ea298c3ea1183e74654e4688ddc4c1,HY13_SEQ_02__ebv__EBV_IEDB_090bd09c6880__s3,HY13_SEQ_02,3,8.0,complete,raw_calculations/apbs/HY13_SEQ_02/HY13_SEQ_02__ebv__EBV_IEDB_090bd09c6880__s3/eps8/hla_only.stderr.txt,raw_calculations/apbs/HY13_SEQ_02/HY13_SEQ_02__ebv__EBV_IEDB_090bd09c6880__s3/eps8/hla_only.stdout.txt
ebv,EBV_IEDB_090bd09c6880,ubuntu@sha256:2edbbc5dc405e9612ba3584ce95480277e3eb374407b5505fe26f17df77c7dbc,16929494,transient_deleted_after_checksum_and_sampling,499f311103fa53c493ee16d659d46c5c5377f39860146f3c5e1f8804c81976c6,0,full,raw_calculations/apbs/HY13_SEQ_02/HY13_SEQ_02__ebv__EBV_IEDB_090bd09c6880__s4/eps2/full.in,e3b678603cc7006c264a15ef88d9f5c86359723e060295f343ae4fc1db0b2b6c,HY13_SEQ_02__ebv__EBV_IEDB_090bd09c6880__s4,HY13_SEQ_02,4,2.0,complete,raw_calculations/apbs/HY13_SEQ_02/HY13_SEQ_02__ebv__EBV_IEDB_090bd09c6880__s4/eps2/full.stderr.txt,raw_calculations/apbs/HY13_SEQ_02/HY13_SEQ_02__ebv__EBV_IEDB_090bd09c6880__s4/eps2/full.stdout.txt
ebv,EBV_IEDB_090bd09c6880,ubuntu@sha256:2edbbc5dc405e9612ba3584ce95480277e3eb374407b5505fe26f17df77c7dbc,17059245,transient_deleted_after_checksum_and_sampling,a77a0af9bd1fad1aef59319e88077c5e1b45459b5a8d49e3ae9e0f928c443024,0,hla_only,raw_calculations/apbs/HY13_SEQ_02/HY13_SEQ_02__ebv__EBV_IEDB_090bd09c6880__s4/eps2/hla_only.in,554632115bf1b03b5fdfbadccba05ed4bc8df79505a9cada834d122ccd9b57a9,HY13_SEQ_02__ebv__EBV_IEDB_090bd09c6880__s4,HY13_SEQ_02,4,2.0,complete,raw_calculations/apbs/HY13_SEQ_02/HY13_SEQ_02__ebv__EBV_IEDB_090bd09c6880__s4/eps2/hla_only.stderr.txt,raw_calculations/apbs/HY13_SEQ_02/HY13_SEQ_02__ebv__EBV_IEDB_090bd09c6880__s4/eps2/hla_only.stdout.txt
ebv,EBV_IEDB_090bd09c6880,ubuntu@sha256:2edbbc5dc405e9612ba3584ce95480277e3eb374407b5505fe26f17df77c7dbc,16941450,transient_deleted_after_checksum_and_sampling,9f475755d379c7d3d5d66a5799993b96921a7888250136a031aa16a09f080851,0,full,raw_calculations/apbs/HY13_SEQ_02/HY13_SEQ_02__ebv__EBV_IEDB_090bd09c6880__s4/eps4/full.in,3f68302eb05a7e007ba82e403ce19f1bf403a8b289bc710044ffc9d55ed4b901,HY13_SEQ_02__ebv__EBV_IEDB_090bd09c6880__s4,HY13_SEQ_02,4,4.0,complete,raw_calculations/apbs/HY13_SEQ_02/HY13_SEQ_02__ebv__EBV_IEDB_090bd09c6880__s4/eps4/full.stderr.txt,raw_calculations/apbs/HY13_SEQ_02/HY13_SEQ_02__ebv__EBV_IEDB_090bd09c6880__s4/eps4/full.stdout.txt
ebv,EBV_IEDB_090bd09c6880,ubuntu@sha256:2edbbc5dc405e9612ba3584ce95480277e3eb374407b5505fe26f17df77c7dbc,17072699,transient_deleted_after_checksum_and_sampling,2aa07f09be04e8e68f7f31079921bb92d9b02a4da8b71c3e120e7e93c968d8f6,0,hla_only,raw_calculations/apbs/HY13_SEQ_02/HY13_SEQ_02__ebv__EBV_IEDB_090bd09c6880__s4/eps4/hla_only.in,5ddf4e30d010dff2d9ba07d265b2986373969540338d39798ebfb4e4c996cdfa,HY13_SEQ_02__ebv__EBV_IEDB_090bd09c6880__s4,HY13_SEQ_02,4,4.0,complete,raw_calculations/apbs/HY13_SEQ_02/HY13_SEQ_02__ebv__EBV_IEDB_090bd09c6880__s4/eps4/hla_only.stderr.txt,raw_calculations/apbs/HY13_SEQ_02/HY13_SEQ_02__ebv__EBV_IEDB_090bd09c6880__s4/eps4/hla_only.stdout.txt
ebv,EBV_IEDB_090bd09c6880,ubuntu@sha256:2edbbc5dc405e9612ba3584ce95480277e3eb374407b5505fe26f17df77c7dbc,16960366,transient_deleted_after_checksum_and_sampling,0f8159ca1acd1ce8dfe3356628be24318b9f5ad04adb8408611c62c6d2cb6882,0,full,raw_calculations/apbs/HY13_SEQ_02/HY13_SEQ_02__ebv__EBV_IEDB_090bd09c6880__s4/eps8/full.in,19e1b470a97ee52bdcc1627b0b0955a727e38494a7ea6164dbf93f126a48278f,HY13_SEQ_02__ebv__EBV_IEDB_090bd09c6880__s4,HY13_SEQ_02,4,8.0,complete,raw_calculations/apbs/HY13_SEQ_02/HY13_SEQ_02__ebv__EBV_IEDB_090bd09c6880__s4/eps8/full.stderr.txt,raw_calculations/apbs/HY13_SEQ_02/HY13_SEQ_02__ebv__EBV_IEDB_090bd09c6880__s4/eps8/full.stdout.txt
ebv,EBV_IEDB_090bd09c6880,ubuntu@sha256:2edbbc5dc405e9612ba3584ce95480277e3eb374407b5505fe26f17df77c7dbc,17092341,transient_deleted_after_checksum_and_sampling,17c20d383b7f6c7cd840fa32ed1442d5daed5a0a71a5cd28ef5ff563c2eaba5a,0,hla_only,raw_calculations/apbs/HY13_SEQ_02/HY13_SEQ_02__ebv__EBV_IEDB_090bd09c6880__s4/eps8/hla_only.in,90fec72ac695d0a9560ba5b49aa4b46a5b4ba5b51745e0e8d3588a30144b0591,HY13_SEQ_02__ebv__EBV_IEDB_090bd09c6880__s4,HY13_SEQ_02,4,8.0,complete,raw_calculations/apbs/HY13_SEQ_02/HY13_SEQ_02__ebv__EBV_IEDB_090bd09c6880__s4/eps8/hla_only.stderr.txt,raw_calculations/apbs/HY13_SEQ_02/HY13_SEQ_02__ebv__EBV_IEDB_090bd09c6880__s4/eps8/hla_only.stdout.txt
ebv,EBV_IEDB_2fbac9820d7d,ubuntu@sha256:2edbbc5dc405e9612ba3584ce95480277e3eb374407b5505fe26f17df77c7dbc,16994278,transient_deleted_after_checksum_and_sampling,35d423bf76442ce33af8b4cf97923afdfb383e67d8dfa6a43e2a37f56fc70c6b,0,full,raw_calculations/apbs/HY13_SEQ_02/HY13_SEQ_02__ebv__EBV_IEDB_2fbac9820d7d__s0/eps2/full.in,98bb07846915ca8b662140c4d11b5f22976a848fdeb6a34996aa8607574ba969,HY13_SEQ_02__ebv__EBV_IEDB_2fbac9820d7d__s0,HY13_SEQ_02,0,2.0,complete,raw_calculations/apbs/HY13_SEQ_02/HY13_SEQ_02__ebv__EBV_IEDB_2fbac9820d7d__s0/eps2/full.stderr.txt,raw_calculations/apbs/HY13_SEQ_02/HY13_SEQ_02__ebv__EBV_IEDB_2fbac9820d7d__s0/eps2/full.stdout.txt
ebv,EBV_IEDB_2fbac9820d7d,ubuntu@sha256:2edbbc5dc405e9612ba3584ce95480277e3eb374407b5505fe26f17df77c7dbc,17061849,transient_deleted_after_checksum_and_sampling,d0fcb0e6b13f7d592c2726fcf49842e322418a2ac08a593ee1ff61d1eeefd646,0,hla_only,raw_calculations/apbs/HY13_SEQ_02/HY13_SEQ_02__ebv__EBV_IEDB_2fbac9820d7d__s0/eps2/hla_only.in,0b8bddf8eb2f4f07ad9019b22b9f197728b4c7278ed9cb39392cc5bfd4e71073,HY13_SEQ_02__ebv__EBV_IEDB_2fbac9820d7d__s0,HY13_SEQ_02,0,2.0,complete,raw_calculations/apbs/HY13_SEQ_02/HY13_SEQ_02__ebv__EBV_IEDB_2fbac9820d7d__s0/eps2/hla_only.stderr.txt,raw_calculations/apbs/HY13_SEQ_02/HY13_SEQ_02__ebv__EBV_IEDB_2fbac9820d7d__s0/eps2/hla_only.stdout.txt
ebv,EBV_IEDB_2fbac9820d7d,ubuntu@sha256:2edbbc5dc405e9612ba3584ce95480277e3eb374407b5505fe26f17df77c7dbc,17003791,transient_deleted_after_checksum_and_sampling,a74754caa1836738887de8c6d1d99d3e1a34a831f2a093d43e06e5ade83c3f63,0,full,raw_calculations/apbs/HY13_SEQ_02/HY13_SEQ_02__ebv__EBV_IEDB_2fbac9820d7d__s0/eps4/full.in,dcd547bc176dc91aae6ea07d7e0aa419d97ed4cfd2ec22029f02b8314889feaf,HY13_SEQ_02__ebv__EBV_IEDB_2fbac9820d7d__s0,HY13_SEQ_02,0,4.0,complete,raw_calculations/apbs/HY13_SEQ_02/HY13_SEQ_02__ebv__EBV_IEDB_2fbac9820d7d__s0/eps4/full.stderr.txt,raw_calculations/apbs/HY13_SEQ_02/HY13_SEQ_02__ebv__EBV_IEDB_2fbac9820d7d__s0/eps4/full.stdout.txt
ebv,EBV_IEDB_2fbac9820d7d,ubuntu@sha256:2edbbc5dc405e9612ba3584ce95480277e3eb374407b5505fe26f17df77c7dbc,17074985,transient_deleted_after_checksum_and_sampling,35bfe2e71c56f246aa86a3d21ba911b55b572d60627b704c02b4c7455a355c7c,0,hla_only,raw_calculations/apbs/HY13_SEQ_02/HY13_SEQ_02__ebv__EBV_IEDB_2fbac9820d7d__s0/eps4/hla_only.in,504377c8177dbddcb7a66890006a181fa2948911438af708d81fd867935f4940,HY13_SEQ_02__ebv__EBV_IEDB_2fbac9820d7d__s0,HY13_SEQ_02,0,4.0,complete,raw_calculations/apbs/HY13_SEQ_02/HY13_SEQ_02__ebv__EBV_IEDB_2fbac9820d7d__s0/eps4/hla_only.stderr.txt,raw_calculations/apbs/HY13_SEQ_02/HY13_SEQ_02__ebv__EBV_IEDB_2fbac9820d7d__s0/eps4/hla_only.stdout.txt
ebv,EBV_IEDB_2fbac9820d7d,ubuntu@sha256:2edbbc5dc405e9612ba3584ce95480277e3eb374407b5505fe26f17df77c7dbc,17020677,transient_deleted_after_checksum_and_sampling,dc89ebe5bc3d97b0a9474ca0065fcdc373b5ef63fe394528becd6f47bc461268,0,full,raw_calculations/apbs/HY13_SEQ_02/HY13_SEQ_02__ebv__EBV_IEDB_2fbac9820d7d__s0/eps8/full.in,c1856067d43575d3f76cf11a973ac06f182dbfee4c181f907e018c51c08cd5fc,HY13_SEQ_02__ebv__EBV_IEDB_2fbac9820d7d__s0,HY13_SEQ_02,0,8.0,complete,raw_calculations/apbs/HY13_SEQ_02/HY13_SEQ_02__ebv__EBV_IEDB_2fbac9820d7d__s0/eps8/full.stderr.txt,raw_calculations/apbs/HY13_SEQ_02/HY13_SEQ_02__ebv__EBV_IEDB_2fbac9820d7d__s0/eps8/full.stdout.txt
ebv,EBV_IEDB_2fbac9820d7d,ubuntu@sha256:2edbbc5dc405e9612ba3584ce95480277e3eb374407b5505fe26f17df77c7dbc,17094435,transient_deleted_after_checksum_and_sampling,066f2322ad33b6da14fd9941c4f9cd18a4de7f92777673bdd3a8c05a69841feb,0,hla_only,raw_calculations/apbs/HY13_SEQ_02/HY13_SEQ_02__ebv__EBV_IEDB_2fbac9820d7d__s0/eps8/hla_only.in,bc6d79d6da4f9aa2d2599745f84897883c914d2b1553c5d8b08366916de5ee6c,HY13_SEQ_02__ebv__EBV_IEDB_2fbac9820d7d__s0,HY13_SEQ_02,0,8.0,complete,raw_calculations/apbs/HY13_SEQ_02/HY13_SEQ_02__ebv__EBV_IEDB_2fbac9820d7d__s0/eps8/hla_only.stderr.txt,raw_calculations/apbs/HY13_SEQ_02/HY13_SEQ_02__ebv__EBV_IEDB_2fbac9820d7d__s0/eps8/hla_only.stdout.txt
ebv,EBV_IEDB_2fbac9820d7d,ubuntu@sha256:2edbbc5dc405e9612ba3584ce95480277e3eb374407b5505fe26f17df77c7dbc,16954720,transient_deleted_after_checksum_and_sampling,a00677933d7bd7f8185a79eefe3b73dc66b09ec8c1dcab1332fca8b4c49f701e,0,full,raw_calculations/apbs/HY13_SEQ_02/HY13_SEQ_02__ebv__EBV_IEDB_2fbac9820d7d__s1/eps2/full.in,421d216dd2d73ca37c614d5aba807636aca785e0d2c113b296462db5a06aa18e,HY13_SEQ_02__ebv__EBV_IEDB_2fbac9820d7d__s1,HY13_SEQ_02,1,2.0,complete,raw_calculations/apbs/HY13_SEQ_02/HY13_SEQ_02__ebv__EBV_IEDB_2fbac9820d7d__s1/eps2/full.stderr.txt,raw_calculations/apbs/HY13_SEQ_02/HY13_SEQ_02__ebv__EBV_IEDB_2fbac9820d7d__s1/eps2/full.stdout.txt
ebv,EBV_IEDB_2fbac9820d7d,ubuntu@sha256:2edbbc5dc405e9612ba3584ce95480277e3eb374407b5505fe26f17df77c7dbc,17056495,transient_deleted_after_checksum_and_sampling,757c78a40e28f4e4816c030b735842efb97b00d966c8c34f68b8dd3a6d10bfdb,0,hla_only,raw_calculations/apbs/HY13_SEQ_02/HY13_SEQ_02__ebv__EBV_IEDB_2fbac9820d7d__s1/eps2/hla_only.in,437576056c31e09ec9ecb8ca01e7e5336016399e9264600506b711c0a29af64b,HY13_SEQ_02__ebv__EBV_IEDB_2fbac9820d7d__s1,HY13_SEQ_02,1,2.0,complete,raw_calculations/apbs/HY13_SEQ_02/HY13_SEQ_02__ebv__EBV_IEDB_2fbac9820d7d__s1/eps2/hla_only.stderr.txt,raw_calculations/apbs/HY13_SEQ_02/HY13_SEQ_02__ebv__EBV_IEDB_2fbac9820d7d__s1/eps2/hla_only.stdout.txt
ebv,EBV_IEDB_2fbac9820d7d,ubuntu@sha256:2edbbc5dc405e9612ba3584ce95480277e3eb374407b5505fe26f17df77c7dbc,16963007,transient_deleted_after_checksum_and_sampling,ed86abf61b99a043dddbf729e9e3b578f93a660c1d6de6ff2d3d45a42f793bf2,0,full,raw_calculations/apbs/HY13_SEQ_02/HY13_SEQ_02__ebv__EBV_IEDB_2fbac9820d7d__s1/eps4/full.in,057569d395dee634e0d5f93a21ef203137eb1141f1edc7c49d2268ac558a772e,HY13_SEQ_02__ebv__EBV_IEDB_2fbac9820d7d__s1,HY13_SEQ_02,1,4.0,complete,raw_calculations/apbs/HY13_SEQ_02/HY13_SEQ_02__ebv__EBV_IEDB_2fbac9820d7d__s1/eps4/full.stderr.txt,raw_calculations/apbs/HY13_SEQ_02/HY13_SEQ_02__ebv__EBV_IEDB_2fbac9820d7d__s1/eps4/full.stdout.txt
ebv,EBV_IEDB_2fbac9820d7d,ubuntu@sha256:2edbbc5dc405e9612ba3584ce95480277e3eb374407b5505fe26f17df77c7dbc,17070863,transient_deleted_after_checksum_and_sampling,537b673472e8bbfd44a4f493fc4a2603d9961fc44cfb72be1935ef73ec90de46,0,hla_only,raw_calculations/apbs/HY13_SEQ_02/HY13_SEQ_02__ebv__EBV_IEDB_2fbac9820d7d__s1/eps4/hla_only.in,34d8d4613b3b529cbe9533bab7be39b8b22308a17e7bfa2c9ff95387b3629d79,HY13_SEQ_02__ebv__EBV_IEDB_2fbac9820d7d__s1,HY13_SEQ_02,1,4.0,complete,raw_calculations/apbs/HY13_SEQ_02/HY13_SEQ_02__ebv__EBV_IEDB_2fbac9820d7d__s1/eps4/hla_only.stderr.txt,raw_calculations/apbs/HY13_SEQ_02/HY13_SEQ_02__ebv__EBV_IEDB_2fbac9820d7d__s1/eps4/hla_only.stdout.txt
ebv,EBV_IEDB_2fbac9820d7d,ubuntu@sha256:2edbbc5dc405e9612ba3584ce95480277e3eb374407b5505fe26f17df77c7dbc,16976924,transient_deleted_after_checksum_and_sampling,ddc6e5331834a42f32f8b7ef186319c4b5de5ef0e8dcb259fe14dad12f9bab39,0,full,raw_calculations/apbs/HY13_SEQ_02/HY13_SEQ_02__ebv__EBV_IEDB_2fbac9820d7d__s1/eps8/full.in,c5189cddad4b410b34f8fa2e669318f1600e07336446489b8d2e52475f4565e9,HY13_SEQ_02__ebv__EBV_IEDB_2fbac9820d7d__s1,HY13_SEQ_02,1,8.0,complete,raw_calculations/apbs/HY13_SEQ_02/HY13_SEQ_02__ebv__EBV_IEDB_2fbac9820d7d__s1/eps8/full.stderr.txt,raw_calculations/apbs/HY13_SEQ_02/HY13_SEQ_02__ebv__EBV_IEDB_2fbac9820d7d__s1/eps8/full.stdout.txt
ebv,EBV_IEDB_2fbac9820d7d,ubuntu@sha256:2edbbc5dc405e9612ba3584ce95480277e3eb374407b5505fe26f17df77c7dbc,17091123,transient_deleted_after_checksum_and_sampling,8eeb379f888d0e3670371c06f240a34187803449d2b32772dfd39fc727d150f6,0,hla_only,raw_calculations/apbs/HY13_SEQ_02/HY13_SEQ_02__ebv__EBV_IEDB_2fbac9820d7d__s1/eps8/hla_only.in,2325cc608b00a8be274c406338de239284a7ce3bca5719d0cb07595ac4895d9a,HY13_SEQ_02__ebv__EBV_IEDB_2fbac9820d7d__s1,HY13_SEQ_02,1,8.0,complete,raw_calculations/apbs/HY13_SEQ_02/HY13_SEQ_02__ebv__EBV_IEDB_2fbac9820d7d__s1/eps8/hla_only.stderr.txt,raw_calculations/apbs/HY13_SEQ_02/HY13_SEQ_02__ebv__EBV_IEDB_2fbac9820d7d__s1/eps8/hla_only.stdout.txt
ebv,EBV_IEDB_2fbac9820d7d,ubuntu@sha256:2edbbc5dc405e9612ba3584ce95480277e3eb374407b5505fe26f17df77c7dbc,16971870,transient_deleted_after_checksum_and_sampling,598e7996fb260e9c104dd3bac976f8ff62b6fa5abf7fd3ef961015591ac8a808,0,full,raw_calculations/apbs/HY13_SEQ_02/HY13_SEQ_02__ebv__EBV_IEDB_2fbac9820d7d__s2/eps2/full.in,4dcabd9b995d53af6046c069742acd87cfa860baef2fa463d23e9440f2b68351,HY13_SEQ_02__ebv__EBV_IEDB_2fbac9820d7d__s2,HY13_SEQ_02,2,2.0,complete,raw_calculations/apbs/HY13_SEQ_02/HY13_SEQ_02__ebv__EBV_IEDB_2fbac9820d7d__s2/eps2/full.stderr.txt,raw_calculations/apbs/HY13_SEQ_02/HY13_SEQ_02__ebv__EBV_IEDB_2fbac9820d7d__s2/eps2/full.stdout.txt
ebv,EBV_IEDB_2fbac9820d7d,ubuntu@sha256:2edbbc5dc405e9612ba3584ce95480277e3eb374407b5505fe26f17df77c7dbc,17050762,transient_deleted_after_checksum_and_sampling,8d3c46bf6220821a4b71e9b6d983021641d78ba12ef22cda0f5eb56d0caa911e,0,hla_only,raw_calculations/apbs/HY13_SEQ_02/HY13_SEQ_02__ebv__EBV_IEDB_2fbac9820d7d__s2/eps2/hla_only.in,9ae5c47f59990c3365724820569e6db80259ff74f5b94ba9f7d5864659d2bc3a,HY13_SEQ_02__ebv__EBV_IEDB_2fbac9820d7d__s2,HY13_SEQ_02,2,2.0,complete,raw_calculations/apbs/HY13_SEQ_02/HY13_SEQ_02__ebv__EBV_IEDB_2fbac9820d7d__s2/eps2/hla_only.stderr.txt,raw_calculations/apbs/HY13_SEQ_02/HY13_SEQ_02__ebv__EBV_IEDB_2fbac9820d7d__s2/eps2/hla_only.stdout.txt
ebv,EBV_IEDB_2fbac9820d7d,ubuntu@sha256:2edbbc5dc405e9612ba3584ce95480277e3eb374407b5505fe26f17df77c7dbc,16982246,transient_deleted_after_checksum_and_sampling,109d87055db682ddb7718b1d6ae2fb9562b0b9e896f5710dfc3fd5f500e1bc9a,0,full,raw_calculations/apbs/HY13_SEQ_02/HY13_SEQ_02__ebv__EBV_IEDB_2fbac9820d7d__s2/eps4/full.in,ffc49bb4301ec89d58677aa06edd301348e83db1bfab4dab39c18a6cce3fdafb,HY13_SEQ_02__ebv__EBV_IEDB_2fbac9820d7d__s2,HY13_SEQ_02,2,4.0,complete,raw_calculations/apbs/HY13_SEQ_02/HY13_SEQ_02__ebv__EBV_IEDB_2fbac9820d7d__s2/eps4/full.stderr.txt,raw_calculations/apbs/HY13_SEQ_02/HY13_SEQ_02__ebv__EBV_IEDB_2fbac9820d7d__s2/eps4/full.stdout.txt
ebv,EBV_IEDB_2fbac9820d7d,ubuntu@sha256:2edbbc5dc405e9612ba3584ce95480277e3eb374407b5505fe26f17df77c7dbc,17063431,transient_deleted_after_checksum_and_sampling,72320a91deb8de8cce2df7c1240c5fbc5aee4c642564c3b0b6207031f248bd60,0,hla_only,raw_calculations/apbs/HY13_SEQ_02/HY13_SEQ_02__ebv__EBV_IEDB_2fbac9820d7d__s2/eps4/hla_only.in,6163a776aa5afd2dead92c8c36a09dfd0d567dd4184108714beddd1c4a640ded,HY13_SEQ_02__ebv__EBV_IEDB_2fbac9820d7d__s2,HY13_SEQ_02,2,4.0,complete,raw_calculations/apbs/HY13_SEQ_02/HY13_SEQ_02__ebv__EBV_IEDB_2fbac9820d7d__s2/eps4/hla_only.stderr.txt,raw_calculations/apbs/HY13_SEQ_02/HY13_SEQ_02__ebv__EBV_IEDB_2fbac9820d7d__s2/eps4/hla_only.stdout.txt
ebv,EBV_IEDB_2fbac9820d7d,ubuntu@sha256:2edbbc5dc405e9612ba3584ce95480277e3eb374407b5505fe26f17df77c7dbc,16997846,transient_deleted_after_checksum_and_sampling,ecda248a9378d03633421b772c812e15fb00915e0f11c3bdf2d4342c510e5b5b,0,full,raw_calculations/apbs/HY13_SEQ_02/HY13_SEQ_02__ebv__EBV_IEDB_2fbac9820d7d__s2/eps8/full.in,4d569b95a464f093f384c8e112cd08a6e360b8def29584d4a6440e52ec30eacb,HY13_SEQ_02__ebv__EBV_IEDB_2fbac9820d7d__s2,HY13_SEQ_02,2,8.0,complete,raw_calculations/apbs/HY13_SEQ_02/HY13_SEQ_02__ebv__EBV_IEDB_2fbac9820d7d__s2/eps8/full.stderr.txt,raw_calculations/apbs/HY13_SEQ_02/HY13_SEQ_02__ebv__EBV_IEDB_2fbac9820d7d__s2/eps8/full.stdout.txt
ebv,EBV_IEDB_2fbac9820d7d,ubuntu@sha256:2edbbc5dc405e9612ba3584ce95480277e3eb374407b5505fe26f17df77c7dbc,17081385,transient_deleted_after_checksum_and_sampling,d5c9e5ff468a64fc8a7037d15ae24177c50b6039bfbaebd9d7cb680138a37f6b,0,hla_only,raw_calculations/apbs/HY13_SEQ_02/HY13_SEQ_02__ebv__EBV_IEDB_2fbac9820d7d__s2/eps8/hla_only.in,de00a40719e61ab287c624ba15dc9c602cadc7aae70e3d2e0a8223e62b469aae,HY13_SEQ_02__ebv__EBV_IEDB_2fbac9820d7d__s2,HY13_SEQ_02,2,8.0,complete,raw_calculations/apbs/HY13_SEQ_02/HY13_SEQ_02__ebv__EBV_IEDB_2fbac9820d7d__s2/eps8/hla_only.stderr.txt,raw_calculations/apbs/HY13_SEQ_02/HY13_SEQ_02__ebv__EBV_IEDB_2fbac9820d7d__s2/eps8/hla_only.stdout.txt
ebv,EBV_IEDB_2fbac9820d7d,ubuntu@sha256:2edbbc5dc405e9612ba3584ce95480277e3eb374407b5505fe26f17df77c7dbc,17029304,transient_deleted_after_checksum_and_sampling,d8c2aa185a0586682b22b38fc9cb6e2569e0b3f2cd20c3b3e01ef2b7d75173a9,0,full,raw_calculations/apbs/HY13_SEQ_02/HY13_SEQ_02__ebv__EBV_IEDB_2fbac9820d7d__s3/eps2/full.in,f5a19d4a2d85715682ac82c547fe3df3949a38798a428edaccae99138ba85d00,HY13_SEQ_02__ebv__EBV_IEDB_2fbac9820d7d__s3,HY13_SEQ_02,3,2.0,complete,raw_calculations/apbs/HY13_SEQ_02/HY13_SEQ_02__ebv__EBV_IEDB_2fbac9820d7d__s3/eps2/full.stderr.txt,raw_calculations/apbs/HY13_SEQ_02/HY13_SEQ_02__ebv__EBV_IEDB_2fbac9820d7d__s3/eps2/full.stdout.txt
ebv,EBV_IEDB_2fbac9820d7d,ubuntu@sha256:2edbbc5dc405e9612ba3584ce95480277e3eb374407b5505fe26f17df77c7dbc,17059653,transient_deleted_after_checksum_and_sampling,2f698771f6c21b957a47237c1992fedb8b6ed70168d7e9db43129963ef628980,0,hla_only,raw_calculations/apbs/HY13_SEQ_02/HY13_SEQ_02__ebv__EBV_IEDB_2fbac9820d7d__s3/eps2/hla_only.in,aeeb607669f6669acea907fad90919428680f845daa22bc4ccd4c37c351303b6,HY13_SEQ_02__ebv__EBV_IEDB_2fbac9820d7d__s3,HY13_SEQ_02,3,2.0,complete,raw_calculations/apbs/HY13_SEQ_02/HY13_SEQ_02__ebv__EBV_IEDB_2fbac9820d7d__s3/eps2/hla_only.stderr.txt,raw_calculations/apbs/HY13_SEQ_02/HY13_SEQ_02__ebv__EBV_IEDB_2fbac9820d7d__s3/eps2/hla_only.stdout.txt
ebv,EBV_IEDB_2fbac9820d7d,ubuntu@sha256:2edbbc5dc405e9612ba3584ce95480277e3eb374407b5505fe26f17df77c7dbc,17038166,transient_deleted_after_checksum_and_sampling,823e9145c4e1481525882d47829c41c4e79e2cd86057dc331a2d89bfd385120b,0,full,raw_calculations/apbs/HY13_SEQ_02/HY13_SEQ_02__ebv__EBV_IEDB_2fbac9820d7d__s3/eps4/full.in,e8739c7b9ce2322491f3a3dd643f1a1fd43a3a7cd968e16298d1ba4a9b04eca9,HY13_SEQ_02__ebv__EBV_IEDB_2fbac9820d7d__s3,HY13_SEQ_02,3,4.0,complete,raw_calculations/apbs/HY13_SEQ_02/HY13_SEQ_02__ebv__EBV_IEDB_2fbac9820d7d__s3/eps4/full.stderr.txt,raw_calculations/apbs/HY13_SEQ_02/HY13_SEQ_02__ebv__EBV_IEDB_2fbac9820d7d__s3/eps4/full.stdout.txt
ebv,EBV_IEDB_2fbac9820d7d,ubuntu@sha256:2edbbc5dc405e9612ba3584ce95480277e3eb374407b5505fe26f17df77c7dbc,17072248,transient_deleted_after_checksum_and_sampling,8279666c5f64b61aa776bf092f7645f53a2f9ec331b0dc8cc47553dcb4e68463,0,hla_only,raw_calculations/apbs/HY13_SEQ_02/HY13_SEQ_02__ebv__EBV_IEDB_2fbac9820d7d__s3/eps4/hla_only.in,ca1a27ed27e6f6c0d2984cbd2c15ca147fbaf46026b079c87558853230243148,HY13_SEQ_02__ebv__EBV_IEDB_2fbac9820d7d__s3,HY13_SEQ_02,3,4.0,complete,raw_calculations/apbs/HY13_SEQ_02/HY13_SEQ_02__ebv__EBV_IEDB_2fbac9820d7d__s3/eps4/hla_only.stderr.txt,raw_calculations/apbs/HY13_SEQ_02/HY13_SEQ_02__ebv__EBV_IEDB_2fbac9820d7d__s3/eps4/hla_only.stdout.txt
ebv,EBV_IEDB_2fbac9820d7d,ubuntu@sha256:2edbbc5dc405e9612ba3584ce95480277e3eb374407b5505fe26f17df77c7dbc,17053046,transient_deleted_after_checksum_and_sampling,b7a7b728de7002107043a0bbd54ece1dfc02a7e8ecf12c9bfdc4d9a2d41b23be,0,full,raw_calculations/apbs/HY13_SEQ_02/HY13_SEQ_02__ebv__EBV_IEDB_2fbac9820d7d__s3/eps8/full.in,1dab8ac9b15c207004a38c6b657b3847dd426b0314a43a75388ebaffdb25836c,HY13_SEQ_02__ebv__EBV_IEDB_2fbac9820d7d__s3,HY13_SEQ_02,3,8.0,complete,raw_calculations/apbs/HY13_SEQ_02/HY13_SEQ_02__ebv__EBV_IEDB_2fbac9820d7d__s3/eps8/full.stderr.txt,raw_calculations/apbs/HY13_SEQ_02/HY13_SEQ_02__ebv__EBV_IEDB_2fbac9820d7d__s3/eps8/full.stdout.txt
ebv,EBV_IEDB_2fbac9820d7d,ubuntu@sha256:2edbbc5dc405e9612ba3584ce95480277e3eb374407b5505fe26f17df77c7dbc,17090633,transient_deleted_after_checksum_and_sampling,3d61c9e4a6299121f764d8367a3d7292e8aa13dc3e58e41367cd682a73df4afc,0,hla_only,raw_calculations/apbs/HY13_SEQ_02/HY13_SEQ_02__ebv__EBV_IEDB_2fbac9820d7d__s3/eps8/hla_only.in,89cf1c81ae1f791c0bdc831d2846a507b23705e56e24c6c4e5e96f1c9af93db4,HY13_SEQ_02__ebv__EBV_IEDB_2fbac9820d7d__s3,HY13_SEQ_02,3,8.0,complete,raw_calculations/apbs/HY13_SEQ_02/HY13_SEQ_02__ebv__EBV_IEDB_2fbac9820d7d__s3/eps8/hla_only.stderr.txt,raw_calculations/apbs/HY13_SEQ_02/HY13_SEQ_02__ebv__EBV_IEDB_2fbac9820d7d__s3/eps8/hla_only.stdout.txt
ebv,EBV_IEDB_2fbac9820d7d,ubuntu@sha256:2edbbc5dc405e9612ba3584ce95480277e3eb374407b5505fe26f17df77c7dbc,16938851,transient_deleted_after_checksum_and_sampling,4d90e7365728e3c2ec4457debc8af0f29376bb5119c48015e1ee73d8d7c2db98,0,full,raw_calculations/apbs/HY13_SEQ_02/HY13_SEQ_02__ebv__EBV_IEDB_2fbac9820d7d__s4/eps2/full.in,26a91dc6438aa498b0d6b6de510a0df1276fe23186cf8a64e3357ee69b9ed0ab,HY13_SEQ_02__ebv__EBV_IEDB_2fbac9820d7d__s4,HY13_SEQ_02,4,2.0,complete,raw_calculations/apbs/HY13_SEQ_02/HY13_SEQ_02__ebv__EBV_IEDB_2fbac9820d7d__s4/eps2/full.stderr.txt,raw_calculations/apbs/HY13_SEQ_02/HY13_SEQ_02__ebv__EBV_IEDB_2fbac9820d7d__s4/eps2/full.stdout.txt
ebv,EBV_IEDB_2fbac9820d7d,ubuntu@sha256:2edbbc5dc405e9612ba3584ce95480277e3eb374407b5505fe26f17df77c7dbc,17055703,transient_deleted_after_checksum_and_sampling,42e42fdc96728f4a61198b8cb1195ab1fed95df50ac577ba49794514ec042870,0,hla_only,raw_calculations/apbs/HY13_SEQ_02/HY13_SEQ_02__ebv__EBV_IEDB_2fbac9820d7d__s4/eps2/hla_only.in,695a76e7c2429c35c2552542048871873b176b2ae4608720c377452d9ad764d9,HY13_SEQ_02__ebv__EBV_IEDB_2fbac9820d7d__s4,HY13_SEQ_02,4,2.0,complete,raw_calculations/apbs/HY13_SEQ_02/HY13_SEQ_02__ebv__EBV_IEDB_2fbac9820d7d__s4/eps2/hla_only.stderr.txt,raw_calculations/apbs/HY13_SEQ_02/HY13_SEQ_02__ebv__EBV_IEDB_2fbac9820d7d__s4/eps2/hla_only.stdout.txt
ebv,EBV_IEDB_2fbac9820d7d,ubuntu@sha256:2edbbc5dc405e9612ba3584ce95480277e3eb374407b5505fe26f17df77c7dbc,16951353,transient_deleted_after_checksum_and_sampling,cebd60506cb9a646835534dd9be345c3b96695b06d938718e44628e4c2bcb26e,0,full,raw_calculations/apbs/HY13_SEQ_02/HY13_SEQ_02__ebv__EBV_IEDB_2fbac9820d7d__s4/eps4/full.in,03add579d35dfc6cec4a4219d5430d949d5b141a09b8a28ea45172034c7b122e,HY13_SEQ_02__ebv__EBV_IEDB_2fbac9820d7d__s4,HY13_SEQ_02,4,4.0,complete,raw_calculations/apbs/HY13_SEQ_02/HY13_SEQ_02__ebv__EBV_IEDB_2fbac9820d7d__s4/eps4/full.stderr.txt,raw_calculations/apbs/HY13_SEQ_02/HY13_SEQ_02__ebv__EBV_IEDB_2fbac9820d7d__s4/eps4/full.stdout.txt
ebv,EBV_IEDB_2fbac9820d7d,ubuntu@sha256:2edbbc5dc405e9612ba3584ce95480277e3eb374407b5505fe26f17df77c7dbc,17068911,transient_deleted_after_checksum_and_sampling,96030edc8028285ed785383527b5b15ed21f6e98f8ea1337bb77c37ee1b60d0a,0,hla_only,raw_calculations/apbs/HY13_SEQ_02/HY13_SEQ_02__ebv__EBV_IEDB_2fbac9820d7d__s4/eps4/hla_only.in,b9d84f1ce3bc95465934ac7b362ff6bb7aaeb7f94b7901335f61850b0ca8f0be,HY13_SEQ_02__ebv__EBV_IEDB_2fbac9820d7d__s4,HY13_SEQ_02,4,4.0,complete,raw_calculations/apbs/HY13_SEQ_02/HY13_SEQ_02__ebv__EBV_IEDB_2fbac9820d7d__s4/eps4/hla_only.stderr.txt,raw_calculations/apbs/HY13_SEQ_02/HY13_SEQ_02__ebv__EBV_IEDB_2fbac9820d7d__s4/eps4/hla_only.stdout.txt
ebv,EBV_IEDB_2fbac9820d7d,ubuntu@sha256:2edbbc5dc405e9612ba3584ce95480277e3eb374407b5505fe26f17df77c7dbc,16968693,transient_deleted_after_checksum_and_sampling,314e2a0e83475dc96176f26d4ebf11f95d1b55fd329dc1e20743e0e9d3138180,0,full,raw_calculations/apbs/HY13_SEQ_02/HY13_SEQ_02__ebv__EBV_IEDB_2fbac9820d7d__s4/eps8/full.in,f0da15ed797c635a671bdcfb7d9bdb6a0e20dc74dfeabe469d91c11fed97ba62,HY13_SEQ_02__ebv__EBV_IEDB_2fbac9820d7d__s4,HY13_SEQ_02,4,8.0,complete,raw_calculations/apbs/HY13_SEQ_02/HY13_SEQ_02__ebv__EBV_IEDB_2fbac9820d7d__s4/eps8/full.stderr.txt,raw_calculations/apbs/HY13_SEQ_02/HY13_SEQ_02__ebv__EBV_IEDB_2fbac9820d7d__s4/eps8/full.stdout.txt
ebv,EBV_IEDB_2fbac9820d7d,ubuntu@sha256:2edbbc5dc405e9612ba3584ce95480277e3eb374407b5505fe26f17df77c7dbc,17088029,transient_deleted_after_checksum_and_sampling,cd85d037456054b97de04625347b0c1af37092b5b5cfe2062eaef4c9dcde1b7a,0,hla_only,raw_calculations/apbs/HY13_SEQ_02/HY13_SEQ_02__ebv__EBV_IEDB_2fbac9820d7d__s4/eps8/hla_only.in,67d5d0fd4e601453ea964f951b5e3d6c735959ddf21237471f9e97c9d6e02d37,HY13_SEQ_02__ebv__EBV_IEDB_2fbac9820d7d__s4,HY13_SEQ_02,4,8.0,complete,raw_calculations/apbs/HY13_SEQ_02/HY13_SEQ_02__ebv__EBV_IEDB_2fbac9820d7d__s4/eps8/hla_only.stderr.txt,raw_calculations/apbs/HY13_SEQ_02/HY13_SEQ_02__ebv__EBV_IEDB_2fbac9820d7d__s4/eps8/hla_only.stdout.txt
ebv,EBV_IEDB_339d4044147d,ubuntu@sha256:2edbbc5dc405e9612ba3584ce95480277e3eb374407b5505fe26f17df77c7dbc,17088013,transient_deleted_after_checksum_and_sampling,61e898df08a7c1d4c446a2eb98cd47cda7abd26ccb9b6d493b1b8e09bc28c4d3,0,full,raw_calculations/apbs/HY13_SEQ_02/HY13_SEQ_02__ebv__EBV_IEDB_339d4044147d__s0/eps2/full.in,3ebad7edc20ca8d6cdc22e28e622c2da31916649437ecb4c535862843c39b30f,HY13_SEQ_02__ebv__EBV_IEDB_339d4044147d__s0,HY13_SEQ_02,0,2.0,complete,raw_calculations/apbs/HY13_SEQ_02/HY13_SEQ_02__ebv__EBV_IEDB_339d4044147d__s0/eps2/full.stderr.txt,raw_calculations/apbs/HY13_SEQ_02/HY13_SEQ_02__ebv__EBV_IEDB_339d4044147d__s0/eps2/full.stdout.txt
ebv,EBV_IEDB_339d4044147d,ubuntu@sha256:2edbbc5dc405e9612ba3584ce95480277e3eb374407b5505fe26f17df77c7dbc,17065475,transient_deleted_after_checksum_and_sampling,6d3f4acaa967a026925c00986b27dc925f72b94ab50a90b40f8162a1a4a3238d,0,hla_only,raw_calculations/apbs/HY13_SEQ_02/HY13_SEQ_02__ebv__EBV_IEDB_339d4044147d__s0/eps2/hla_only.in,7fef89abf3dc8ec2f7cb390b30f56712e3ee18ec9118c263f9fc4d20bd0f3db7,HY13_SEQ_02__ebv__EBV_IEDB_339d4044147d__s0,HY13_SEQ_02,0,2.0,complete,raw_calculations/apbs/HY13_SEQ_02/HY13_SEQ_02__ebv__EBV_IEDB_339d4044147d__s0/eps2/hla_only.stderr.txt,raw_calculations/apbs/HY13_SEQ_02/HY13_SEQ_02__ebv__EBV_IEDB_339d4044147d__s0/eps2/hla_only.stdout.txt
ebv,EBV_IEDB_339d4044147d,ubuntu@sha256:2edbbc5dc405e9612ba3584ce95480277e3eb374407b5505fe26f17df77c7dbc,17100742,transient_deleted_after_checksum_and_sampling,d4beadf99f59db6e86433b4ebcec3e59ef333cf380ae83b55a20231ef136a3d6,0,full,raw_calculations/apbs/HY13_SEQ_02/HY13_SEQ_02__ebv__EBV_IEDB_339d4044147d__s0/eps4/full.in,6202ecc07a0b4122148adc559b0c8d52e6938cfbf1782346aee13130fcafd1a3,HY13_SEQ_02__ebv__EBV_IEDB_339d4044147d__s0,HY13_SEQ_02,0,4.0,complete,raw_calculations/apbs/HY13_SEQ_02/HY13_SEQ_02__ebv__EBV_IEDB_339d4044147d__s0/eps4/full.stderr.txt,raw_calculations/apbs/HY13_SEQ_02/HY13_SEQ_02__ebv__EBV_IEDB_339d4044147d__s0/eps4/full.stdout.txt
ebv,EBV_IEDB_339d4044147d,ubuntu@sha256:2edbbc5dc405e9612ba3584ce95480277e3eb374407b5505fe26f17df77c7dbc,17079244,transient_deleted_after_checksum_and_sampling,408b32a2f79e1a78c879ea7951535ddf6cb6d1edc71de6b74295724cfdd7a592,0,hla_only,raw_calculations/apbs/HY13_SEQ_02/HY13_SEQ_02__ebv__EBV_IEDB_339d4044147d__s0/eps4/hla_only.in,118b5556f3c0b33d9068a0a13565bec080ff4e5e28db58f0d329bc21403b5ae7,HY13_SEQ_02__ebv__EBV_IEDB_339d4044147d__s0,HY13_SEQ_02,0,4.0,complete,raw_calculations/apbs/HY13_SEQ_02/HY13_SEQ_02__ebv__EBV_IEDB_339d4044147d__s0/eps4/hla_only.stderr.txt,raw_calculations/apbs/HY13_SEQ_02/HY13_SEQ_02__ebv__EBV_IEDB_339d4044147d__s0/eps4/hla_only.stdout.txt
ebv,EBV_IEDB_339d4044147d,ubuntu@sha256:2edbbc5dc405e9612ba3584ce95480277e3eb374407b5505fe26f17df77c7dbc,17120201,transient_deleted_after_checksum_and_sampling,7a6f63f0140780f16f8519876c7969abc36b8263abb82d393e1a631cd486dd93,0,full,raw_calculations/apbs/HY13_SEQ_02/HY13_SEQ_02__ebv__EBV_IEDB_339d4044147d__s0/eps8/full.in,8bf3d2bcadf6f234554da3796d54f77aefd5a1df2f933740e0068b9863c12aa0,HY13_SEQ_02__ebv__EBV_IEDB_339d4044147d__s0,HY13_SEQ_02,0,8.0,complete,raw_calculations/apbs/HY13_SEQ_02/HY13_SEQ_02__ebv__EBV_IEDB_339d4044147d__s0/eps8/full.stderr.txt,raw_calculations/apbs/HY13_SEQ_02/HY13_SEQ_02__ebv__EBV_IEDB_339d4044147d__s0/eps8/full.stdout.txt
ebv,EBV_IEDB_339d4044147d,ubuntu@sha256:2edbbc5dc405e9612ba3584ce95480277e3eb374407b5505fe26f17df77c7dbc,17098850,transient_deleted_after_checksum_and_sampling,8a22ab23be6f4c7fd53b4394f8b72717a9f8b091d44604ae26d74234ca5ef27f,0,hla_only,raw_calculations/apbs/HY13_SEQ_02/HY13_SEQ_02__ebv__EBV_IEDB_339d4044147d__s0/eps8/hla_only.in,df4856de1148e2971e2b89e5365938d954ad0cdf932dfd85a87249b0933c626c,HY13_SEQ_02__ebv__EBV_IEDB_339d4044147d__s0,HY13_SEQ_02,0,8.0,complete,raw_calculations/apbs/HY13_SEQ_02/HY13_SEQ_02__ebv__EBV_IEDB_339d4044147d__s0/eps8/hla_only.stderr.txt,raw_calculations/apbs/HY13_SEQ_02/HY13_SEQ_02__ebv__EBV_IEDB_339d4044147d__s0/eps8/hla_only.stdout.txt
ebv,EBV_IEDB_339d4044147d,ubuntu@sha256:2edbbc5dc405e9612ba3584ce95480277e3eb374407b5505fe26f17df77c7dbc,17101101,transient_deleted_after_checksum_and_sampling,444f2d42a16e618c906e9983e8b81fbb75f1fb62680be20b55b35c52fb9381a6,0,full,raw_calculations/apbs/HY13_SEQ_02/HY13_SEQ_02__ebv__EBV_IEDB_339d4044147d__s1/eps2/full.in,9ebce946c5d70f910e41b2e4631f3a20b648d270d6c65d712f034bc5a9c1a1bc,HY13_SEQ_02__ebv__EBV_IEDB_339d4044147d__s1,HY13_SEQ_02,1,2.0,complete,raw_calculations/apbs/HY13_SEQ_02/HY13_SEQ_02__ebv__EBV_IEDB_339d4044147d__s1/eps2/full.stderr.txt,raw_calculations/apbs/HY13_SEQ_02/HY13_SEQ_02__ebv__EBV_IEDB_339d4044147d__s1/eps2/full.stdout.txt
ebv,EBV_IEDB_339d4044147d,ubuntu@sha256:2edbbc5dc405e9612ba3584ce95480277e3eb374407b5505fe26f17df77c7dbc,17069676,transient_deleted_after_checksum_and_sampling,c8963311523da2ace12518fe5ef6d7dbc4eccdadc45c143695b825695c812372,0,hla_only,raw_calculations/apbs/HY13_SEQ_02/HY13_SEQ_02__ebv__EBV_IEDB_339d4044147d__s1/eps2/hla_only.in,a28ed6251ba0588fb04eaf8b1a092198a43eb2dfd2d337998eb019c491d78243,HY13_SEQ_02__ebv__EBV_IEDB_339d4044147d__s1,HY13_SEQ_02,1,2.0,complete,raw_calculations/apbs/HY13_SEQ_02/HY13_SEQ_02__ebv__EBV_IEDB_339d4044147d__s1/eps2/hla_only.stderr.txt,raw_calculations/apbs/HY13_SEQ_02/HY13_SEQ_02__ebv__EBV_IEDB_339d4044147d__s1/eps2/hla_only.stdout.txt
ebv,EBV_IEDB_339d4044147d,ubuntu@sha256:2edbbc5dc405e9612ba3584ce95480277e3eb374407b5505fe26f17df77c7dbc,17111301,transient_deleted_after_checksum_and_sampling,06db1203da6a9269dd99cbf1fdeb17ed1bd877ed26d05c46bf39ae9f5551ac91,0,full,raw_calculations/apbs/HY13_SEQ_02/HY13_SEQ_02__ebv__EBV_IEDB_339d4044147d__s1/eps4/full.in,0af8dc4a8699d3ea8ae228301ae98a9460648eab25c6c2765ad54f6cade69df3,HY13_SEQ_02__ebv__EBV_IEDB_339d4044147d__s1,HY13_SEQ_02,1,4.0,complete,raw_calculations/apbs/HY13_SEQ_02/HY13_SEQ_02__ebv__EBV_IEDB_339d4044147d__s1/eps4/full.stderr.txt,raw_calculations/apbs/HY13_SEQ_02/HY13_SEQ_02__ebv__EBV_IEDB_339d4044147d__s1/eps4/full.stdout.txt
ebv,EBV_IEDB_339d4044147d,ubuntu@sha256:2edbbc5dc405e9612ba3584ce95480277e3eb374407b5505fe26f17df77c7dbc,17082281,transient_deleted_after_checksum_and_sampling,8a774af616d47a9778ec5015d1bd1c2cd65d57cb6240c4f0a61df6d0ffd6efe1,0,hla_only,raw_calculations/apbs/HY13_SEQ_02/HY13_SEQ_02__ebv__EBV_IEDB_339d4044147d__s1/eps4/hla_only.in,242033e8c8edf5b3a3cd3ceb7597cee37d2a7a1ddfc98ee337b2433064904084,HY13_SEQ_02__ebv__EBV_IEDB_339d4044147d__s1,HY13_SEQ_02,1,4.0,complete,raw_calculations/apbs/HY13_SEQ_02/HY13_SEQ_02__ebv__EBV_IEDB_339d4044147d__s1/eps4/hla_only.stderr.txt,raw_calculations/apbs/HY13_SEQ_02/HY13_SEQ_02__ebv__EBV_IEDB_339d4044147d__s1/eps4/hla_only.stdout.txt
ebv,EBV_IEDB_339d4044147d,ubuntu@sha256:2edbbc5dc405e9612ba3584ce95480277e3eb374407b5505fe26f17df77c7dbc,17127924,transient_deleted_after_checksum_and_sampling,7f3c7e31a7a56dec817e4a101dceb44e487d57841d3f8f2aa6d6ee2b61c91fd9,0,full,raw_calculations/apbs/HY13_SEQ_02/HY13_SEQ_02__ebv__EBV_IEDB_339d4044147d__s1/eps8/full.in,d25975e99d2cb46073f792602d62850545b0705f998a3ad35d9e1c6bda4b42c8,HY13_SEQ_02__ebv__EBV_IEDB_339d4044147d__s1,HY13_SEQ_02,1,8.0,complete,raw_calculations/apbs/HY13_SEQ_02/HY13_SEQ_02__ebv__EBV_IEDB_339d4044147d__s1/eps8/full.stderr.txt,raw_calculations/apbs/HY13_SEQ_02/HY13_SEQ_02__ebv__EBV_IEDB_339d4044147d__s1/eps8/full.stdout.txt
ebv,EBV_IEDB_339d4044147d,ubuntu@sha256:2edbbc5dc405e9612ba3584ce95480277e3eb374407b5505fe26f17df77c7dbc,17101042,transient_deleted_after_checksum_and_sampling,9015e4233f09841792d83fe4c57a20af253351a2256fc608fd1f1adcbd4888a5,0,hla_only,raw_calculations/apbs/HY13_SEQ_02/HY13_SEQ_02__ebv__EBV_IEDB_339d4044147d__s1/eps8/hla_only.in,d8de4615e0422c8bfcfe8ce96b2cef661a29de53f25e9897f28208cbdce9b88e,HY13_SEQ_02__ebv__EBV_IEDB_339d4044147d__s1,HY13_SEQ_02,1,8.0,complete,raw_calculations/apbs/HY13_SEQ_02/HY13_SEQ_02__ebv__EBV_IEDB_339d4044147d__s1/eps8/hla_only.stderr.txt,raw_calculations/apbs/HY13_SEQ_02/HY13_SEQ_02__ebv__EBV_IEDB_339d4044147d__s1/eps8/hla_only.stdout.txt
ebv,EBV_IEDB_339d4044147d,ubuntu@sha256:2edbbc5dc405e9612ba3584ce95480277e3eb374407b5505fe26f17df77c7dbc,17097677,transient_deleted_after_checksum_and_sampling,dec8b1920f3f0231080819408a312ff6497b2fe3c9a131e5bf2518726787cc4b,0,full,raw_calculations/apbs/HY13_SEQ_02/HY13_SEQ_02__ebv__EBV_IEDB_339d4044147d__s2/eps2/full.in,6b552fd6cd6101ad1274f7ca762e377c4cea02154a4b6a66de9c1cbfffbc71bc,HY13_SEQ_02__ebv__EBV_IEDB_339d4044147d__s2,HY13_SEQ_02,2,2.0,complete,raw_calculations/apbs/HY13_SEQ_02/HY13_SEQ_02__ebv__EBV_IEDB_339d4044147d__s2/eps2/full.stderr.txt,raw_calculations/apbs/HY13_SEQ_02/HY13_SEQ_02__ebv__EBV_IEDB_339d4044147d__s2/eps2/full.stdout.txt
ebv,EBV_IEDB_339d4044147d,ubuntu@sha256:2edbbc5dc405e9612ba3584ce95480277e3eb374407b5505fe26f17df77c7dbc,17058882,transient_deleted_after_checksum_and_sampling,7654bb9d046cc6ab31621aff2e709902e305cb008db9458c1b440dc7d7bc7c0d,0,hla_only,raw_calculations/apbs/HY13_SEQ_02/HY13_SEQ_02__ebv__EBV_IEDB_339d4044147d__s2/eps2/hla_only.in,c2d1d7c13c3e59932e934d5242e7d7fc6ef2212ba666a9268de331b9cb04d67d,HY13_SEQ_02__ebv__EBV_IEDB_339d4044147d__s2,HY13_SEQ_02,2,2.0,complete,raw_calculations/apbs/HY13_SEQ_02/HY13_SEQ_02__ebv__EBV_IEDB_339d4044147d__s2/eps2/hla_only.stderr.txt,raw_calculations/apbs/HY13_SEQ_02/HY13_SEQ_02__ebv__EBV_IEDB_339d4044147d__s2/eps2/hla_only.stdout.txt
ebv,EBV_IEDB_339d4044147d,ubuntu@sha256:2edbbc5dc405e9612ba3584ce95480277e3eb374407b5505fe26f17df77c7dbc,17109316,transient_deleted_after_checksum_and_sampling,1124d95a6f0ecdba19fda9ec7abd0a25ad2da18073a318ce5315e309c82be63b,0,full,raw_calculations/apbs/HY13_SEQ_02/HY13_SEQ_02__ebv__EBV_IEDB_339d4044147d__s2/eps4/full.in,627c943a5e96536c0eaac9014aa535718132fb069e46fe9a4a66c461331b861f,HY13_SEQ_02__ebv__EBV_IEDB_339d4044147d__s2,HY13_SEQ_02,2,4.0,complete,raw_calculations/apbs/HY13_SEQ_02/HY13_SEQ_02__ebv__EBV_IEDB_339d4044147d__s2/eps4/full.stderr.txt,raw_calculations/apbs/HY13_SEQ_02/HY13_SEQ_02__ebv__EBV_IEDB_339d4044147d__s2/eps4/full.stdout.txt
ebv,EBV_IEDB_339d4044147d,ubuntu@sha256:2edbbc5dc405e9612ba3584ce95480277e3eb374407b5505fe26f17df77c7dbc,17073420,transient_deleted_after_checksum_and_sampling,f7635a685bf7cabfe0f86b9b13848de884ffe60f14b8615a0f68e7b0e2ee09e4,0,hla_only,raw_calculations/apbs/HY13_SEQ_02/HY13_SEQ_02__ebv__EBV_IEDB_339d4044147d__s2/eps4/hla_only.in,c7c173aa9612e10d8aa6142763152f058b3796b03edc01b2a910f7dd97495180,HY13_SEQ_02__ebv__EBV_IEDB_339d4044147d__s2,HY13_SEQ_02,2,4.0,complete,raw_calculations/apbs/HY13_SEQ_02/HY13_SEQ_02__ebv__EBV_IEDB_339d4044147d__s2/eps4/hla_only.stderr.txt,raw_calculations/apbs/HY13_SEQ_02/HY13_SEQ_02__ebv__EBV_IEDB_339d4044147d__s2/eps4/hla_only.stdout.txt
ebv,EBV_IEDB_339d4044147d,ubuntu@sha256:2edbbc5dc405e9612ba3584ce95480277e3eb374407b5505fe26f17df77c7dbc,17128162,transient_deleted_after_checksum_and_sampling,8b36e3f0c07e3e55b87e864618391b0f4024a5f19ba628c93d6d1c02aa5fed7f,0,full,raw_calculations/apbs/HY13_SEQ_02/HY13_SEQ_02__ebv__EBV_IEDB_339d4044147d__s2/eps8/full.in,cb4f3d336acf8faecd7d608da601ca3157c05b8dfb883155bf0df5a9f2306d24,HY13_SEQ_02__ebv__EBV_IEDB_339d4044147d__s2,HY13_SEQ_02,2,8.0,complete,raw_calculations/apbs/HY13_SEQ_02/HY13_SEQ_02__ebv__EBV_IEDB_339d4044147d__s2/eps8/full.stderr.txt,raw_calculations/apbs/HY13_SEQ_02/HY13_SEQ_02__ebv__EBV_IEDB_339d4044147d__s2/eps8/full.stdout.txt
ebv,EBV_IEDB_339d4044147d,ubuntu@sha256:2edbbc5dc405e9612ba3584ce95480277e3eb374407b5505fe26f17df77c7dbc,17095110,transient_deleted_after_checksum_and_sampling,494266f759dbb479447ec10bb5bc2b4784e9753d6882e43187e4c6f48530fd9b,0,hla_only,raw_calculations/apbs/HY13_SEQ_02/HY13_SEQ_02__ebv__EBV_IEDB_339d4044147d__s2/eps8/hla_only.in,00789703f7533f717678ff680e241554e407b3cb97a14d61175afbcc48b715af,HY13_SEQ_02__ebv__EBV_IEDB_339d4044147d__s2,HY13_SEQ_02,2,8.0,complete,raw_calculations/apbs/HY13_SEQ_02/HY13_SEQ_02__ebv__EBV_IEDB_339d4044147d__s2/eps8/hla_only.stderr.txt,raw_calculations/apbs/HY13_SEQ_02/HY13_SEQ_02__ebv__EBV_IEDB_339d4044147d__s2/eps8/hla_only.stdout.txt
ebv,EBV_IEDB_339d4044147d,ubuntu@sha256:2edbbc5dc405e9612ba3584ce95480277e3eb374407b5505fe26f17df77c7dbc,17104795,transient_deleted_after_checksum_and_sampling,9544434904409b78ab1c8d4494f6d2dc371d2d33cf7e15b3e40a95be15facafd,0,full,raw_calculations/apbs/HY13_SEQ_02/HY13_SEQ_02__ebv__EBV_IEDB_339d4044147d__s3/eps2/full.in,cb1bbcf93bd11867d002513c3ea238014f78c97e0e483c5ccc46524dc9ab7d6c,HY13_SEQ_02__ebv__EBV_IEDB_339d4044147d__s3,HY13_SEQ_02,3,2.0,complete,raw_calculations/apbs/HY13_SEQ_02/HY13_SEQ_02__ebv__EBV_IEDB_339d4044147d__s3/eps2/full.stderr.txt,raw_calculations/apbs/HY13_SEQ_02/HY13_SEQ_02__ebv__EBV_IEDB_339d4044147d__s3/eps2/full.stdout.txt
ebv,EBV_IEDB_339d4044147d,ubuntu@sha256:2edbbc5dc405e9612ba3584ce95480277e3eb374407b5505fe26f17df77c7dbc,17052423,transient_deleted_after_checksum_and_sampling,adbd4471832dd0103003c36c4e6ec489d19317f63b959310c757f3e5f18e819f,0,hla_only,raw_calculations/apbs/HY13_SEQ_02/HY13_SEQ_02__ebv__EBV_IEDB_339d4044147d__s3/eps2/hla_only.in,a90334e91509b039bc0b4f4fb3501f97c3998908049db832de480793fa6dffaa,HY13_SEQ_02__ebv__EBV_IEDB_339d4044147d__s3,HY13_SEQ_02,3,2.0,complete,raw_calculations/apbs/HY13_SEQ_02/HY13_SEQ_02__ebv__EBV_IEDB_339d4044147d__s3/eps2/hla_only.stderr.txt,raw_calculations/apbs/HY13_SEQ_02/HY13_SEQ_02__ebv__EBV_IEDB_339d4044147d__s3/eps2/hla_only.stdout.txt
ebv,EBV_IEDB_339d4044147d,ubuntu@sha256:2edbbc5dc405e9612ba3584ce95480277e3eb374407b5505fe26f17df77c7dbc,17115240,transient_deleted_after_checksum_and_sampling,9b51463a899a61a5857d2781987a7d220833701ee58415591c783845f8d5f4c5,0,full,raw_calculations/apbs/HY13_SEQ_02/HY13_SEQ_02__ebv__EBV_IEDB_339d4044147d__s3/eps4/full.in,4d9f1bf9df75eef556affe4f790eb53a4ff9066cabd2f66d54f6fece6467dbc2,HY13_SEQ_02__ebv__EBV_IEDB_339d4044147d__s3,HY13_SEQ_02,3,4.0,complete,raw_calculations/apbs/HY13_SEQ_02/HY13_SEQ_02__ebv__EBV_IEDB_339d4044147d__s3/eps4/full.stderr.txt,raw_calculations/apbs/HY13_SEQ_02/HY13_SEQ_02__ebv__EBV_IEDB_339d4044147d__s3/eps4/full.stdout.txt
ebv,EBV_IEDB_339d4044147d,ubuntu@sha256:2edbbc5dc405e9612ba3584ce95480277e3eb374407b5505fe26f17df77c7dbc,17064372,transient_deleted_after_checksum_and_sampling,24adbb128f7ee411397afab285df2c29565a0500d103c091c8f28cd40833fef3,0,hla_only,raw_calculations/apbs/HY13_SEQ_02/HY13_SEQ_02__ebv__EBV_IEDB_339d4044147d__s3/eps4/hla_only.in,faf6945a1ad9e332810a0482352a3255a7aeb63c8ebbd9667ec6c3aabcd61956,HY13_SEQ_02__ebv__EBV_IEDB_339d4044147d__s3,HY13_SEQ_02,3,4.0,complete,raw_calculations/apbs/HY13_SEQ_02/HY13_SEQ_02__ebv__EBV_IEDB_339d4044147d__s3/eps4/hla_only.stderr.txt,raw_calculations/apbs/HY13_SEQ_02/HY13_SEQ_02__ebv__EBV_IEDB_339d4044147d__s3/eps4/hla_only.stdout.txt
ebv,EBV_IEDB_339d4044147d,ubuntu@sha256:2edbbc5dc405e9612ba3584ce95480277e3eb374407b5505fe26f17df77c7dbc,17132433,transient_deleted_after_checksum_and_sampling,348895dfdeb549b307c3048f54b80cf5fb2e4af502cf52489f8459c0ddfbe4c5,0,full,raw_calculations/apbs/HY13_SEQ_02/HY13_SEQ_02__ebv__EBV_IEDB_339d4044147d__s3/eps8/full.in,5b72663f65595357c479464745a56971b3c04d6bb6ab1843c082e0ec2abe1797,HY13_SEQ_02__ebv__EBV_IEDB_339d4044147d__s3,HY13_SEQ_02,3,8.0,complete,raw_calculations/apbs/HY13_SEQ_02/HY13_SEQ_02__ebv__EBV_IEDB_339d4044147d__s3/eps8/full.stderr.txt,raw_calculations/apbs/HY13_SEQ_02/HY13_SEQ_02__ebv__EBV_IEDB_339d4044147d__s3/eps8/full.stdout.txt
ebv,EBV_IEDB_339d4044147d,ubuntu@sha256:2edbbc5dc405e9612ba3584ce95480277e3eb374407b5505fe26f17df77c7dbc,17082355,transient_deleted_after_checksum_and_sampling,406805671db0b1c17e2cb2ba03f70376c323fcdb419e8d61e2b1397206ddd2d9,0,hla_only,raw_calculations/apbs/HY13_SEQ_02/HY13_SEQ_02__ebv__EBV_IEDB_339d4044147d__s3/eps8/hla_only.in,32504e46c7261c81ddde47d2c2c6cdf1dd60898d0f2665f4fa469f5407a96bc2,HY13_SEQ_02__ebv__EBV_IEDB_339d4044147d__s3,HY13_SEQ_02,3,8.0,complete,raw_calculations/apbs/HY13_SEQ_02/HY13_SEQ_02__ebv__EBV_IEDB_339d4044147d__s3/eps8/hla_only.stderr.txt,raw_calculations/apbs/HY13_SEQ_02/HY13_SEQ_02__ebv__EBV_IEDB_339d4044147d__s3/eps8/hla_only.stdout.txt
ebv,EBV_IEDB_339d4044147d,ubuntu@sha256:2edbbc5dc405e9612ba3584ce95480277e3eb374407b5505fe26f17df77c7dbc,17087395,transient_deleted_after_checksum_and_sampling,67733c94d323139ea00fbd62cc1fb0bdc2f4a572aa13596091329a7a90882875,0,full,raw_calculations/apbs/HY13_SEQ_02/HY13_SEQ_02__ebv__EBV_IEDB_339d4044147d__s4/eps2/full.in,808e10c15edaffb492b2716594a1ddc8b167b785429f5082a035c5e4b162badb,HY13_SEQ_02__ebv__EBV_IEDB_339d4044147d__s4,HY13_SEQ_02,4,2.0,complete,raw_calculations/apbs/HY13_SEQ_02/HY13_SEQ_02__ebv__EBV_IEDB_339d4044147d__s4/eps2/full.stderr.txt,raw_calculations/apbs/HY13_SEQ_02/HY13_SEQ_02__ebv__EBV_IEDB_339d4044147d__s4/eps2/full.stdout.txt
ebv,EBV_IEDB_339d4044147d,ubuntu@sha256:2edbbc5dc405e9612ba3584ce95480277e3eb374407b5505fe26f17df77c7dbc,17074299,transient_deleted_after_checksum_and_sampling,d2ccabf4d1b032b81fc6b4c764b4c920f02bc533cca2abef6dfa8591b98dea94,0,hla_only,raw_calculations/apbs/HY13_SEQ_02/HY13_SEQ_02__ebv__EBV_IEDB_339d4044147d__s4/eps2/hla_only.in,6252918e621a125ac4a86d0a04ee68bb448b0584e7883b569cb4119fc6227b23,HY13_SEQ_02__ebv__EBV_IEDB_339d4044147d__s4,HY13_SEQ_02,4,2.0,complete,raw_calculations/apbs/HY13_SEQ_02/HY13_SEQ_02__ebv__EBV_IEDB_339d4044147d__s4/eps2/hla_only.stderr.txt,raw_calculations/apbs/HY13_SEQ_02/HY13_SEQ_02__ebv__EBV_IEDB_339d4044147d__s4/eps2/hla_only.stdout.txt
ebv,EBV_IEDB_339d4044147d,ubuntu@sha256:2edbbc5dc405e9612ba3584ce95480277e3eb374407b5505fe26f17df77c7dbc,17099283,transient_deleted_after_checksum_and_sampling,9a09cf749ff6386b6aca2dd3db7e4baea6bac51aaa461508d9d22b1c56672f8d,0,full,raw_calculations/apbs/HY13_SEQ_02/HY13_SEQ_02__ebv__EBV_IEDB_339d4044147d__s4/eps4/full.in,973031b0ddde2c86ba5a199f56ee5d09e1843f4671b8454c02cf5864d3e36e5f,HY13_SEQ_02__ebv__EBV_IEDB_339d4044147d__s4,HY13_SEQ_02,4,4.0,complete,raw_calculations/apbs/HY13_SEQ_02/HY13_SEQ_02__ebv__EBV_IEDB_339d4044147d__s4/eps4/full.stderr.txt,raw_calculations/apbs/HY13_SEQ_02/HY13_SEQ_02__ebv__EBV_IEDB_339d4044147d__s4/eps4/full.stdout.txt
ebv,EBV_IEDB_339d4044147d,ubuntu@sha256:2edbbc5dc405e9612ba3584ce95480277e3eb374407b5505fe26f17df77c7dbc,17087580,transient_deleted_after_checksum_and_sampling,59173c61f2326e5f06e6d97a95e1761e3aeaf32649c7a24021d79062cb826c46,0,hla_only,raw_calculations/apbs/HY13_SEQ_02/HY13_SEQ_02__ebv__EBV_IEDB_339d4044147d__s4/eps4/hla_only.in,0d7ed5c1beafa925c3020c631c9bae965f832fd5a14ce351cdb4b394605cd91c,HY13_SEQ_02__ebv__EBV_IEDB_339d4044147d__s4,HY13_SEQ_02,4,4.0,complete,raw_calculations/apbs/HY13_SEQ_02/HY13_SEQ_02__ebv__EBV_IEDB_339d4044147d__s4/eps4/hla_only.stderr.txt,raw_calculations/apbs/HY13_SEQ_02/HY13_SEQ_02__ebv__EBV_IEDB_339d4044147d__s4/eps4/hla_only.stdout.txt
ebv,EBV_IEDB_339d4044147d,ubuntu@sha256:2edbbc5dc405e9612ba3584ce95480277e3eb374407b5505fe26f17df77c7dbc,17117378,transient_deleted_after_checksum_and_sampling,261867a350a28fe60a3b9cb75bea16daacffe1230a0f2c2df23890da7cf4b010,0,full,raw_calculations/apbs/HY13_SEQ_02/HY13_SEQ_02__ebv__EBV_IEDB_339d4044147d__s4/eps8/full.in,a04cacebd8b194f7550718956ad6edf1dc326cd25ef8ea2d43bc69ae9d11ba5b,HY13_SEQ_02__ebv__EBV_IEDB_339d4044147d__s4,HY13_SEQ_02,4,8.0,complete,raw_calculations/apbs/HY13_SEQ_02/HY13_SEQ_02__ebv__EBV_IEDB_339d4044147d__s4/eps8/full.stderr.txt,raw_calculations/apbs/HY13_SEQ_02/HY13_SEQ_02__ebv__EBV_IEDB_339d4044147d__s4/eps8/full.stdout.txt
ebv,EBV_IEDB_339d4044147d,ubuntu@sha256:2edbbc5dc405e9612ba3584ce95480277e3eb374407b5505fe26f17df77c7dbc,17106819,transient_deleted_after_checksum_and_sampling,ec305ee08461139b6e007c21d6425f82638119c13a9a560d4e0c19c30bd228c2,0,hla_only,raw_calculations/apbs/HY13_SEQ_02/HY13_SEQ_02__ebv__EBV_IEDB_339d4044147d__s4/eps8/hla_only.in,5c16c61f9f2cbd15c91101dc4f7087b2f57a1bdaa4a50ca1ee4c314deab15b04,HY13_SEQ_02__ebv__EBV_IEDB_339d4044147d__s4,HY13_SEQ_02,4,8.0,complete,raw_calculations/apbs/HY13_SEQ_02/HY13_SEQ_02__ebv__EBV_IEDB_339d4044147d__s4/eps8/hla_only.stderr.txt,raw_calculations/apbs/HY13_SEQ_02/HY13_SEQ_02__ebv__EBV_IEDB_339d4044147d__s4/eps8/hla_only.stdout.txt
ebv,EBV_IEDB_35bb9c18fac4,ubuntu@sha256:2edbbc5dc405e9612ba3584ce95480277e3eb374407b5505fe26f17df77c7dbc,17091304,transient_deleted_after_checksum_and_sampling,f58770b29188309c7911d8612cba6cd286766ab60f9c6980b498a6547c8e32b6,0,full,raw_calculations/apbs/HY13_SEQ_02/HY13_SEQ_02__ebv__EBV_IEDB_35bb9c18fac4__s0/eps2/full.in,e9c564bd0cb20c8d99ff6b90782d63496380feae5db26d01a6876e17b5d415d6,HY13_SEQ_02__ebv__EBV_IEDB_35bb9c18fac4__s0,HY13_SEQ_02,0,2.0,complete,raw_calculations/apbs/HY13_SEQ_02/HY13_SEQ_02__ebv__EBV_IEDB_35bb9c18fac4__s0/eps2/full.stderr.txt,raw_calculations/apbs/HY13_SEQ_02/HY13_SEQ_02__ebv__EBV_IEDB_35bb9c18fac4__s0/eps2/full.stdout.txt
ebv,EBV_IEDB_35bb9c18fac4,ubuntu@sha256:2edbbc5dc405e9612ba3584ce95480277e3eb374407b5505fe26f17df77c7dbc,17075916,transient_deleted_after_checksum_and_sampling,517a93ed8dc0a16991a39add1e85503d8aa2ce50222f8d3a89aca780703fffa0,0,hla_only,raw_calculations/apbs/HY13_SEQ_02/HY13_SEQ_02__ebv__EBV_IEDB_35bb9c18fac4__s0/eps2/hla_only.in,83746e27019967002ba661cc56ae0f20f0da639dba456d25535b3209c6ec4383,HY13_SEQ_02__ebv__EBV_IEDB_35bb9c18fac4__s0,HY13_SEQ_02,0,2.0,complete,raw_calculations/apbs/HY13_SEQ_02/HY13_SEQ_02__ebv__EBV_IEDB_35bb9c18fac4__s0/eps2/hla_only.stderr.txt,raw_calculations/apbs/HY13_SEQ_02/HY13_SEQ_02__ebv__EBV_IEDB_35bb9c18fac4__s0/eps2/hla_only.stdout.txt
ebv,EBV_IEDB_35bb9c18fac4,ubuntu@sha256:2edbbc5dc405e9612ba3584ce95480277e3eb374407b5505fe26f17df77c7dbc,17101625,transient_deleted_after_checksum_and_sampling,93343e20797def5e4bceed06595d6fc97313c0ddfa167d6aedc80c3eb72e8dc1,0,full,raw_calculations/apbs/HY13_SEQ_02/HY13_SEQ_02__ebv__EBV_IEDB_35bb9c18fac4__s0/eps4/full.in,149ff720bf0ab4ad93ca4e20bcd5cc65c7f1e4c537f762197b2a0b64e5fc5525,HY13_SEQ_02__ebv__EBV_IEDB_35bb9c18fac4__s0,HY13_SEQ_02,0,4.0,complete,raw_calculations/apbs/HY13_SEQ_02/HY13_SEQ_02__ebv__EBV_IEDB_35bb9c18fac4__s0/eps4/full.stderr.txt,raw_calculations/apbs/HY13_SEQ_02/HY13_SEQ_02__ebv__EBV_IEDB_35bb9c18fac4__s0/eps4/full.stdout.txt
ebv,EBV_IEDB_35bb9c18fac4,ubuntu@sha256:2edbbc5dc405e9612ba3584ce95480277e3eb374407b5505fe26f17df77c7dbc,17089493,transient_deleted_after_checksum_and_sampling,19919a56c8b0a137040752d0ea646f91915a2f9d2e1da04f767a99bb1d51578f,0,hla_only,raw_calculations/apbs/HY13_SEQ_02/HY13_SEQ_02__ebv__EBV_IEDB_35bb9c18fac4__s0/eps4/hla_only.in,c7ee04770fc3f381f80a2ac2189538f9f89c816212d0a8d0c23acd5a7444bedc,HY13_SEQ_02__ebv__EBV_IEDB_35bb9c18fac4__s0,HY13_SEQ_02,0,4.0,complete,raw_calculations/apbs/HY13_SEQ_02/HY13_SEQ_02__ebv__EBV_IEDB_35bb9c18fac4__s0/eps4/hla_only.stderr.txt,raw_calculations/apbs/HY13_SEQ_02/HY13_SEQ_02__ebv__EBV_IEDB_35bb9c18fac4__s0/eps4/hla_only.stdout.txt
ebv,EBV_IEDB_35bb9c18fac4,ubuntu@sha256:2edbbc5dc405e9612ba3584ce95480277e3eb374407b5505fe26f17df77c7dbc,17119064,transient_deleted_after_checksum_and_sampling,7cb54aec6d6dc5b6b6bf08bfe9b585854dbe44523800ca90e802a38a26ce0cc8,0,full,raw_calculations/apbs/HY13_SEQ_02/HY13_SEQ_02__ebv__EBV_IEDB_35bb9c18fac4__s0/eps8/full.in,9368d0b7dc94efcf4f0cd0683f80503ce8b65e2feb25935904c75c7c4cfe73b2,HY13_SEQ_02__ebv__EBV_IEDB_35bb9c18fac4__s0,HY13_SEQ_02,0,8.0,complete,raw_calculations/apbs/HY13_SEQ_02/HY13_SEQ_02__ebv__EBV_IEDB_35bb9c18fac4__s0/eps8/full.stderr.txt,raw_calculations/apbs/HY13_SEQ_02/HY13_SEQ_02__ebv__EBV_IEDB_35bb9c18fac4__s0/eps8/full.stdout.txt
ebv,EBV_IEDB_35bb9c18fac4,ubuntu@sha256:2edbbc5dc405e9612ba3584ce95480277e3eb374407b5505fe26f17df77c7dbc,17109750,transient_deleted_after_checksum_and_sampling,bf524470a82c4e24a1312c50c3da40c6b95500aed93fbe884af7ed32ef33da88,0,hla_only,raw_calculations/apbs/HY13_SEQ_02/HY13_SEQ_02__ebv__EBV_IEDB_35bb9c18fac4__s0/eps8/hla_only.in,72089882e27e46f49dc702995f7e15a019b98770fe4b9c03b9576082b3f4e9d8,HY13_SEQ_02__ebv__EBV_IEDB_35bb9c18fac4__s0,HY13_SEQ_02,0,8.0,complete,raw_calculations/apbs/HY13_SEQ_02/HY13_SEQ_02__ebv__EBV_IEDB_35bb9c18fac4__s0/eps8/hla_only.stderr.txt,raw_calculations/apbs/HY13_SEQ_02/HY13_SEQ_02__ebv__EBV_IEDB_35bb9c18fac4__s0/eps8/hla_only.stdout.txt
ebv,EBV_IEDB_35bb9c18fac4,ubuntu@sha256:2edbbc5dc405e9612ba3584ce95480277e3eb374407b5505fe26f17df77c7dbc,17057749,transient_deleted_after_checksum_and_sampling,066b2073f6aef89c9dd3b83c7b616baf4ce70a8e1bc662b13ba4ff84f8b78b2b,0,full,raw_calculations/apbs/HY13_SEQ_02/HY13_SEQ_02__ebv__EBV_IEDB_35bb9c18fac4__s1/eps2/full.in,9e467018df64680eec5ed0c7e4e5936922c43d2d11340b877f821862ee4da3e0,HY13_SEQ_02__ebv__EBV_IEDB_35bb9c18fac4__s1,HY13_SEQ_02,1,2.0,complete,raw_calculations/apbs/HY13_SEQ_02/HY13_SEQ_02__ebv__EBV_IEDB_35bb9c18fac4__s1/eps2/full.stderr.txt,raw_calculations/apbs/HY13_SEQ_02/HY13_SEQ_02__ebv__EBV_IEDB_35bb9c18fac4__s1/eps2/full.stdout.txt
ebv,EBV_IEDB_35bb9c18fac4,ubuntu@sha256:2edbbc5dc405e9612ba3584ce95480277e3eb374407b5505fe26f17df77c7dbc,17033669,transient_deleted_after_checksum_and_sampling,624107883d2b7bc03763542a29451f832f905b4b8f7146f23c5c6f842f815888,0,hla_only,raw_calculations/apbs/HY13_SEQ_02/HY13_SEQ_02__ebv__EBV_IEDB_35bb9c18fac4__s1/eps2/hla_only.in,85cf91431b7693d501ef896ca2c0fc887daba0113945e31cd7448dfc766c0ef9,HY13_SEQ_02__ebv__EBV_IEDB_35bb9c18fac4__s1,HY13_SEQ_02,1,2.0,complete,raw_calculations/apbs/HY13_SEQ_02/HY13_SEQ_02__ebv__EBV_IEDB_35bb9c18fac4__s1/eps2/hla_only.stderr.txt,raw_calculations/apbs/HY13_SEQ_02/HY13_SEQ_02__ebv__EBV_IEDB_35bb9c18fac4__s1/eps2/hla_only.stdout.txt
ebv,EBV_IEDB_35bb9c18fac4,ubuntu@sha256:2edbbc5dc405e9612ba3584ce95480277e3eb374407b5505fe26f17df77c7dbc,17068377,transient_deleted_after_checksum_and_sampling,71c245e713801a2576d7326ade6b04f0fe84ff0215868a64833f9a123971bcdf,0,full,raw_calculations/apbs/HY13_SEQ_02/HY13_SEQ_02__ebv__EBV_IEDB_35bb9c18fac4__s1/eps4/full.in,7647a1394f237ebb158751e33f2b78dd45fe7a29c47a958742538d156abf6adb,HY13_SEQ_02__ebv__EBV_IEDB_35bb9c18fac4__s1,HY13_SEQ_02,1,4.0,complete,raw_calculations/apbs/HY13_SEQ_02/HY13_SEQ_02__ebv__EBV_IEDB_35bb9c18fac4__s1/eps4/full.stderr.txt,raw_calculations/apbs/HY13_SEQ_02/HY13_SEQ_02__ebv__EBV_IEDB_35bb9c18fac4__s1/eps4/full.stdout.txt
ebv,EBV_IEDB_35bb9c18fac4,ubuntu@sha256:2edbbc5dc405e9612ba3584ce95480277e3eb374407b5505fe26f17df77c7dbc,17048249,transient_deleted_after_checksum_and_sampling,9e830b03f9faa19ee676c3f5a115dec273f87f3a745a9952ec880b1f58981ca4,0,hla_only,raw_calculations/apbs/HY13_SEQ_02/HY13_SEQ_02__ebv__EBV_IEDB_35bb9c18fac4__s1/eps4/hla_only.in,4dcb8dabc1bcdb38a28de364f5d17cfa4dd7dd51e0e844cbe254e7eaa79d857e,HY13_SEQ_02__ebv__EBV_IEDB_35bb9c18fac4__s1,HY13_SEQ_02,1,4.0,complete,raw_calculations/apbs/HY13_SEQ_02/HY13_SEQ_02__ebv__EBV_IEDB_35bb9c18fac4__s1/eps4/hla_only.stderr.txt,raw_calculations/apbs/HY13_SEQ_02/HY13_SEQ_02__ebv__EBV_IEDB_35bb9c18fac4__s1/eps4/hla_only.stdout.txt
ebv,EBV_IEDB_35bb9c18fac4,ubuntu@sha256:2edbbc5dc405e9612ba3584ce95480277e3eb374407b5505fe26f17df77c7dbc,17085187,transient_deleted_after_checksum_and_sampling,9fbb45b8d402a3188a944ea6e6622111352969689dc0f95c4468d417dc0f5931,0,full,raw_calculations/apbs/HY13_SEQ_02/HY13_SEQ_02__ebv__EBV_IEDB_35bb9c18fac4__s1/eps8/full.in,a059ba7d073dde9179dba196abcd80aca3e9c7016911bf97aae3855fda4ed929,HY13_SEQ_02__ebv__EBV_IEDB_35bb9c18fac4__s1,HY13_SEQ_02,1,8.0,complete,raw_calculations/apbs/HY13_SEQ_02/HY13_SEQ_02__ebv__EBV_IEDB_35bb9c18fac4__s1/eps8/full.stderr.txt,raw_calculations/apbs/HY13_SEQ_02/HY13_SEQ_02__ebv__EBV_IEDB_35bb9c18fac4__s1/eps8/full.stdout.txt
ebv,EBV_IEDB_35bb9c18fac4,ubuntu@sha256:2edbbc5dc405e9612ba3584ce95480277e3eb374407b5505fe26f17df77c7dbc,17069997,transient_deleted_after_checksum_and_sampling,62c86e3808288dc472fe4e1d6cf22f46a408d628e49a2a893406353d2bd22059,0,hla_only,raw_calculations/apbs/HY13_SEQ_02/HY13_SEQ_02__ebv__EBV_IEDB_35bb9c18fac4__s1/eps8/hla_only.in,af368e4a364fb97f6aad0f8e242fe728479be99e80147290b465032f70a471cd,HY13_SEQ_02__ebv__EBV_IEDB_35bb9c18fac4__s1,HY13_SEQ_02,1,8.0,complete,raw_calculations/apbs/HY13_SEQ_02/HY13_SEQ_02__ebv__EBV_IEDB_35bb9c18fac4__s1/eps8/hla_only.stderr.txt,raw_calculations/apbs/HY13_SEQ_02/HY13_SEQ_02__ebv__EBV_IEDB_35bb9c18fac4__s1/eps8/hla_only.stdout.txt
ebv,EBV_IEDB_35bb9c18fac4,ubuntu@sha256:2edbbc5dc405e9612ba3584ce95480277e3eb374407b5505fe26f17df77c7dbc,17055071,transient_deleted_after_checksum_and_sampling,0eda00d1dc82159e5926a46aa39d08a96972b5fff54f959342adf2da10acc52a,0,full,raw_calculations/apbs/HY13_SEQ_02/HY13_SEQ_02__ebv__EBV_IEDB_35bb9c18fac4__s2/eps2/full.in,376e42fff157168e8ecbe9f06cca453290be41d78bae92e35d517a4f19b5f6d3,HY13_SEQ_02__ebv__EBV_IEDB_35bb9c18fac4__s2,HY13_SEQ_02,2,2.0,complete,raw_calculations/apbs/HY13_SEQ_02/HY13_SEQ_02__ebv__EBV_IEDB_35bb9c18fac4__s2/eps2/full.stderr.txt,raw_calculations/apbs/HY13_SEQ_02/HY13_SEQ_02__ebv__EBV_IEDB_35bb9c18fac4__s2/eps2/full.stdout.txt
ebv,EBV_IEDB_35bb9c18fac4,ubuntu@sha256:2edbbc5dc405e9612ba3584ce95480277e3eb374407b5505fe26f17df77c7dbc,17080223,transient_deleted_after_checksum_and_sampling,ed6b22115e1d91b30ce956234518d5ffdd6cc050acc110b1088529d6913426a9,0,hla_only,raw_calculations/apbs/HY13_SEQ_02/HY13_SEQ_02__ebv__EBV_IEDB_35bb9c18fac4__s2/eps2/hla_only.in,2ffd7982c8c17bf0cda46b31971f8628406d06ddceddc0bb153ad4b275299690,HY13_SEQ_02__ebv__EBV_IEDB_35bb9c18fac4__s2,HY13_SEQ_02,2,2.0,complete,raw_calculations/apbs/HY13_SEQ_02/HY13_SEQ_02__ebv__EBV_IEDB_35bb9c18fac4__s2/eps2/hla_only.stderr.txt,raw_calculations/apbs/HY13_SEQ_02/HY13_SEQ_02__ebv__EBV_IEDB_35bb9c18fac4__s2/eps2/hla_only.stdout.txt
ebv,EBV_IEDB_35bb9c18fac4,ubuntu@sha256:2edbbc5dc405e9612ba3584ce95480277e3eb374407b5505fe26f17df77c7dbc,17061767,transient_deleted_after_checksum_and_sampling,46173326670c7b044ba63378edae03988c5b06ceffc574be254f73238e28943e,0,full,raw_calculations/apbs/HY13_SEQ_02/HY13_SEQ_02__ebv__EBV_IEDB_35bb9c18fac4__s2/eps4/full.in,8b18a439bca3e92983d6c18e37675675aacd5aafb65a97c85a430367f0740474,HY13_SEQ_02__ebv__EBV_IEDB_35bb9c18fac4__s2,HY13_SEQ_02,2,4.0,complete,raw_calculations/apbs/HY13_SEQ_02/HY13_SEQ_02__ebv__EBV_IEDB_35bb9c18fac4__s2/eps4/full.stderr.txt,raw_calculations/apbs/HY13_SEQ_02/HY13_SEQ_02__ebv__EBV_IEDB_35bb9c18fac4__s2/eps4/full.stdout.txt
ebv,EBV_IEDB_35bb9c18fac4,ubuntu@sha256:2edbbc5dc405e9612ba3584ce95480277e3eb374407b5505fe26f17df77c7dbc,17091682,transient_deleted_after_checksum_and_sampling,d7230222190c2b4992892d6ecc174992f4e687ffa02539eb0f49759aae08c209,0,hla_only,raw_calculations/apbs/HY13_SEQ_02/HY13_SEQ_02__ebv__EBV_IEDB_35bb9c18fac4__s2/eps4/hla_only.in,4e004053c23928840e8e88f561d372832e6c3037c6803d5857793b8eb95a535e,HY13_SEQ_02__ebv__EBV_IEDB_35bb9c18fac4__s2,HY13_SEQ_02,2,4.0,complete,raw_calculations/apbs/HY13_SEQ_02/HY13_SEQ_02__ebv__EBV_IEDB_35bb9c18fac4__s2/eps4/hla_only.stderr.txt,raw_calculations/apbs/HY13_SEQ_02/HY13_SEQ_02__ebv__EBV_IEDB_35bb9c18fac4__s2/eps4/hla_only.stdout.txt
ebv,EBV_IEDB_35bb9c18fac4,ubuntu@sha256:2edbbc5dc405e9612ba3584ce95480277e3eb374407b5505fe26f17df77c7dbc,17074608,transient_deleted_after_checksum_and_sampling,b63fd6d544654bbea914c0b4aff9297dd9f917c3c3a59fc3db41c334d4005b7c,0,full,raw_calculations/apbs/HY13_SEQ_02/HY13_SEQ_02__ebv__EBV_IEDB_35bb9c18fac4__s2/eps8/full.in,2d70be2bdd9170d29a35ab981084b0e7f383972f87c3a408e93fee69b953a05a,HY13_SEQ_02__ebv__EBV_IEDB_35bb9c18fac4__s2,HY13_SEQ_02,2,8.0,complete,raw_calculations/apbs/HY13_SEQ_02/HY13_SEQ_02__ebv__EBV_IEDB_35bb9c18fac4__s2/eps8/full.stderr.txt,raw_calculations/apbs/HY13_SEQ_02/HY13_SEQ_02__ebv__EBV_IEDB_35bb9c18fac4__s2/eps8/full.stdout.txt
ebv,EBV_IEDB_35bb9c18fac4,ubuntu@sha256:2edbbc5dc405e9612ba3584ce95480277e3eb374407b5505fe26f17df77c7dbc,17107949,transient_deleted_after_checksum_and_sampling,e7e7bfbede417da78204d9f2b1312f41a6f51f9e34a4388cd065f3a5b753a183,0,hla_only,raw_calculations/apbs/HY13_SEQ_02/HY13_SEQ_02__ebv__EBV_IEDB_35bb9c18fac4__s2/eps8/hla_only.in,9c93be4c4aecc8a86e84c7582a0503c328ef0beeebbba42a95e7153c56a78885,HY13_SEQ_02__ebv__EBV_IEDB_35bb9c18fac4__s2,HY13_SEQ_02,2,8.0,complete,raw_calculations/apbs/HY13_SEQ_02/HY13_SEQ_02__ebv__EBV_IEDB_35bb9c18fac4__s2/eps8/hla_only.stderr.txt,raw_calculations/apbs/HY13_SEQ_02/HY13_SEQ_02__ebv__EBV_IEDB_35bb9c18fac4__s2/eps8/hla_only.stdout.txt
ebv,EBV_IEDB_35bb9c18fac4,ubuntu@sha256:2edbbc5dc405e9612ba3584ce95480277e3eb374407b5505fe26f17df77c7dbc,17013677,transient_deleted_after_checksum_and_sampling,47b2e1aeb108ecdbae40e60f001238bb2fb4eae156de25590601591927e1d7fe,0,full,raw_calculations/apbs/HY13_SEQ_02/HY13_SEQ_02__ebv__EBV_IEDB_35bb9c18fac4__s3/eps2/full.in,a9c95c0707417700cfc55846456d2db8472e6d29538de5e8a214c8b2b082ce68,HY13_SEQ_02__ebv__EBV_IEDB_35bb9c18fac4__s3,HY13_SEQ_02,3,2.0,complete,raw_calculations/apbs/HY13_SEQ_02/HY13_SEQ_02__ebv__EBV_IEDB_35bb9c18fac4__s3/eps2/full.stderr.txt,raw_calculations/apbs/HY13_SEQ_02/HY13_SEQ_02__ebv__EBV_IEDB_35bb9c18fac4__s3/eps2/full.stdout.txt
ebv,EBV_IEDB_35bb9c18fac4,ubuntu@sha256:2edbbc5dc405e9612ba3584ce95480277e3eb374407b5505fe26f17df77c7dbc,17077940,transient_deleted_after_checksum_and_sampling,f247e5bd32997896a3907241d738fe75cec43da5396a110ec8a89f4e6e790732,0,hla_only,raw_calculations/apbs/HY13_SEQ_02/HY13_SEQ_02__ebv__EBV_IEDB_35bb9c18fac4__s3/eps2/hla_only.in,177ac65c53ac0e279382779ffde97cc6a451cbf0cf9744279ed1969fb2cfd968,HY13_SEQ_02__ebv__EBV_IEDB_35bb9c18fac4__s3,HY13_SEQ_02,3,2.0,complete,raw_calculations/apbs/HY13_SEQ_02/HY13_SEQ_02__ebv__EBV_IEDB_35bb9c18fac4__s3/eps2/hla_only.stderr.txt,raw_calculations/apbs/HY13_SEQ_02/HY13_SEQ_02__ebv__EBV_IEDB_35bb9c18fac4__s3/eps2/hla_only.stdout.txt
ebv,EBV_IEDB_35bb9c18fac4,ubuntu@sha256:2edbbc5dc405e9612ba3584ce95480277e3eb374407b5505fe26f17df77c7dbc,17024052,transient_deleted_after_checksum_and_sampling,3f9d58f981f36c79c731319347df1a13e7297e17d1ef79bee291f4810fefa257,0,full,raw_calculations/apbs/HY13_SEQ_02/HY13_SEQ_02__ebv__EBV_IEDB_35bb9c18fac4__s3/eps4/full.in,13008c01bbc3313251e9a7374116fa67fe0c32212acfafb8fe7acdb5d33b368a,HY13_SEQ_02__ebv__EBV_IEDB_35bb9c18fac4__s3,HY13_SEQ_02,3,4.0,complete,raw_calculations/apbs/HY13_SEQ_02/HY13_SEQ_02__ebv__EBV_IEDB_35bb9c18fac4__s3/eps4/full.stderr.txt,raw_calculations/apbs/HY13_SEQ_02/HY13_SEQ_02__ebv__EBV_IEDB_35bb9c18fac4__s3/eps4/full.stdout.txt
ebv,EBV_IEDB_35bb9c18fac4,ubuntu@sha256:2edbbc5dc405e9612ba3584ce95480277e3eb374407b5505fe26f17df77c7dbc,17089690,transient_deleted_after_checksum_and_sampling,f0a4ddcc772291506c22058de7231f9f04d3eaefe863a1e8c483142c2876ad96,0,hla_only,raw_calculations/apbs/HY13_SEQ_02/HY13_SEQ_02__ebv__EBV_IEDB_35bb9c18fac4__s3/eps4/hla_only.in,ec54ebae3dbcee249c0374fdd59694ad82833531e9fbfa2fd11d3a4024ad0326,HY13_SEQ_02__ebv__EBV_IEDB_35bb9c18fac4__s3,HY13_SEQ_02,3,4.0,complete,raw_calculations/apbs/HY13_SEQ_02/HY13_SEQ_02__ebv__EBV_IEDB_35bb9c18fac4__s3/eps4/hla_only.stderr.txt,raw_calculations/apbs/HY13_SEQ_02/HY13_SEQ_02__ebv__EBV_IEDB_35bb9c18fac4__s3/eps4/hla_only.stdout.txt
ebv,EBV_IEDB_35bb9c18fac4,ubuntu@sha256:2edbbc5dc405e9612ba3584ce95480277e3eb374407b5505fe26f17df77c7dbc,17041834,transient_deleted_after_checksum_and_sampling,0c4107542b663ce6c42775884c1fc9b01fbc541a57b25177d2e9e8f4b5722afc,0,full,raw_calculations/apbs/HY13_SEQ_02/HY13_SEQ_02__ebv__EBV_IEDB_35bb9c18fac4__s3/eps8/full.in,6950d61278c8f2acb96ee636af7812136e6da61017dc4eda471fcefafb98d2b9,HY13_SEQ_02__ebv__EBV_IEDB_35bb9c18fac4__s3,HY13_SEQ_02,3,8.0,complete,raw_calculations/apbs/HY13_SEQ_02/HY13_SEQ_02__ebv__EBV_IEDB_35bb9c18fac4__s3/eps8/full.stderr.txt,raw_calculations/apbs/HY13_SEQ_02/HY13_SEQ_02__ebv__EBV_IEDB_35bb9c18fac4__s3/eps8/full.stdout.txt
ebv,EBV_IEDB_35bb9c18fac4,ubuntu@sha256:2edbbc5dc405e9612ba3584ce95480277e3eb374407b5505fe26f17df77c7dbc,17107559,transient_deleted_after_checksum_and_sampling,fd9761d2d200f1fa94b40c279405e7f350feb44d0c82e536746f63e434ecf2b3,0,hla_only,raw_calculations/apbs/HY13_SEQ_02/HY13_SEQ_02__ebv__EBV_IEDB_35bb9c18fac4__s3/eps8/hla_only.in,df67c90e40b13880e2b2b2d5a051f72e8a51ea2ad8f69e0ad66c2a167abc4160,HY13_SEQ_02__ebv__EBV_IEDB_35bb9c18fac4__s3,HY13_SEQ_02,3,8.0,complete,raw_calculations/apbs/HY13_SEQ_02/HY13_SEQ_02__ebv__EBV_IEDB_35bb9c18fac4__s3/eps8/hla_only.stderr.txt,raw_calculations/apbs/HY13_SEQ_02/HY13_SEQ_02__ebv__EBV_IEDB_35bb9c18fac4__s3/eps8/hla_only.stdout.txt
ebv,EBV_IEDB_35bb9c18fac4,ubuntu@sha256:2edbbc5dc405e9612ba3584ce95480277e3eb374407b5505fe26f17df77c7dbc,17035171,transient_deleted_after_checksum_and_sampling,7446b22aa5008df398551ef825db072d5839342698c24fafc1ed3c44120c9309,0,full,raw_calculations/apbs/HY13_SEQ_02/HY13_SEQ_02__ebv__EBV_IEDB_35bb9c18fac4__s4/eps2/full.in,cf75bbfe6fc91f6a15f70e811df764a8a2fad44ca92fcdec7da9c2c4a19eec51,HY13_SEQ_02__ebv__EBV_IEDB_35bb9c18fac4__s4,HY13_SEQ_02,4,2.0,complete,raw_calculations/apbs/HY13_SEQ_02/HY13_SEQ_02__ebv__EBV_IEDB_35bb9c18fac4__s4/eps2/full.stderr.txt,raw_calculations/apbs/HY13_SEQ_02/HY13_SEQ_02__ebv__EBV_IEDB_35bb9c18fac4__s4/eps2/full.stdout.txt
ebv,EBV_IEDB_35bb9c18fac4,ubuntu@sha256:2edbbc5dc405e9612ba3584ce95480277e3eb374407b5505fe26f17df77c7dbc,17064243,transient_deleted_after_checksum_and_sampling,924264a43b891ce9d171800278972c9ec7e19d5de12882285899d16290e56a4d,0,hla_only,raw_calculations/apbs/HY13_SEQ_02/HY13_SEQ_02__ebv__EBV_IEDB_35bb9c18fac4__s4/eps2/hla_only.in,269440eb6472590ae9ee37f64a5188d81cf9a5e0526525d894e72fb6151200ad,HY13_SEQ_02__ebv__EBV_IEDB_35bb9c18fac4__s4,HY13_SEQ_02,4,2.0,complete,raw_calculations/apbs/HY13_SEQ_02/HY13_SEQ_02__ebv__EBV_IEDB_35bb9c18fac4__s4/eps2/hla_only.stderr.txt,raw_calculations/apbs/HY13_SEQ_02/HY13_SEQ_02__ebv__EBV_IEDB_35bb9c18fac4__s4/eps2/hla_only.stdout.txt
ebv,EBV_IEDB_35bb9c18fac4,ubuntu@sha256:2edbbc5dc405e9612ba3584ce95480277e3eb374407b5505fe26f17df77c7dbc,17043808,transient_deleted_after_checksum_and_sampling,2616e72c8f8b9e7d3a5c908ed9640325a7b8d39d0b6e91b16d2fa3d6907694b2,0,full,raw_calculations/apbs/HY13_SEQ_02/HY13_SEQ_02__ebv__EBV_IEDB_35bb9c18fac4__s4/eps4/full.in,fb9dd17add4fa6301a6072acd88440203459de654010d33c2fca7f416857cb6b,HY13_SEQ_02__ebv__EBV_IEDB_35bb9c18fac4__s4,HY13_SEQ_02,4,4.0,complete,raw_calculations/apbs/HY13_SEQ_02/HY13_SEQ_02__ebv__EBV_IEDB_35bb9c18fac4__s4/eps4/full.stderr.txt,raw_calculations/apbs/HY13_SEQ_02/HY13_SEQ_02__ebv__EBV_IEDB_35bb9c18fac4__s4/eps4/full.stdout.txt
ebv,EBV_IEDB_35bb9c18fac4,ubuntu@sha256:2edbbc5dc405e9612ba3584ce95480277e3eb374407b5505fe26f17df77c7dbc,17076907,transient_deleted_after_checksum_and_sampling,f7418cc9f8a0d7e1fb011e2cea3aef22eb88d2bcda1dd59cd1c09a9f3532c60e,0,hla_only,raw_calculations/apbs/HY13_SEQ_02/HY13_SEQ_02__ebv__EBV_IEDB_35bb9c18fac4__s4/eps4/hla_only.in,7ee4b533b180fa5984b829c55394a4d80be70477b91c01193ffee1f54f3b38b4,HY13_SEQ_02__ebv__EBV_IEDB_35bb9c18fac4__s4,HY13_SEQ_02,4,4.0,complete,raw_calculations/apbs/HY13_SEQ_02/HY13_SEQ_02__ebv__EBV_IEDB_35bb9c18fac4__s4/eps4/hla_only.stderr.txt,raw_calculations/apbs/HY13_SEQ_02/HY13_SEQ_02__ebv__EBV_IEDB_35bb9c18fac4__s4/eps4/hla_only.stdout.txt
ebv,EBV_IEDB_35bb9c18fac4,ubuntu@sha256:2edbbc5dc405e9612ba3584ce95480277e3eb374407b5505fe26f17df77c7dbc,17058469,transient_deleted_after_checksum_and_sampling,87cc12dfde2c060332a52a1cc7bcfdc36e89e887497a0170f9dc8187a0a766ac,0,full,raw_calculations/apbs/HY13_SEQ_02/HY13_SEQ_02__ebv__EBV_IEDB_35bb9c18fac4__s4/eps8/full.in,5b4daa7b610b5d455383606f518ee18020355c6ca7cfb4db8e8c3214bd3f880c,HY13_SEQ_02__ebv__EBV_IEDB_35bb9c18fac4__s4,HY13_SEQ_02,4,8.0,complete,raw_calculations/apbs/HY13_SEQ_02/HY13_SEQ_02__ebv__EBV_IEDB_35bb9c18fac4__s4/eps8/full.stderr.txt,raw_calculations/apbs/HY13_SEQ_02/HY13_SEQ_02__ebv__EBV_IEDB_35bb9c18fac4__s4/eps8/full.stdout.txt
ebv,EBV_IEDB_35bb9c18fac4,ubuntu@sha256:2edbbc5dc405e9612ba3584ce95480277e3eb374407b5505fe26f17df77c7dbc,17095896,transient_deleted_after_checksum_and_sampling,dfa3e8195c72a16e0bb381fe90890eb6f98909fc80258e807ba9d439a27aab7b,0,hla_only,raw_calculations/apbs/HY13_SEQ_02/HY13_SEQ_02__ebv__EBV_IEDB_35bb9c18fac4__s4/eps8/hla_only.in,2b1709987c590d5a09430f081da9213d218490f31b9a9c16120885d645fb8a50,HY13_SEQ_02__ebv__EBV_IEDB_35bb9c18fac4__s4,HY13_SEQ_02,4,8.0,complete,raw_calculations/apbs/HY13_SEQ_02/HY13_SEQ_02__ebv__EBV_IEDB_35bb9c18fac4__s4/eps8/hla_only.stderr.txt,raw_calculations/apbs/HY13_SEQ_02/HY13_SEQ_02__ebv__EBV_IEDB_35bb9c18fac4__s4/eps8/hla_only.stdout.txt
ebv,EBV_IEDB_770af30bc486,ubuntu@sha256:2edbbc5dc405e9612ba3584ce95480277e3eb374407b5505fe26f17df77c7dbc,17025317,transient_deleted_after_checksum_and_sampling,1a7a1b656d436a2f9d92db374ceeee268c830ed25c6ebe65801aabdf893c3197,0,full,raw_calculations/apbs/HY13_SEQ_02/HY13_SEQ_02__ebv__EBV_IEDB_770af30bc486__s0/eps2/full.in,69ea22423eb49e69c7e68c038e9998aacb8b95d0e318e7f65cf7880f1179307d,HY13_SEQ_02__ebv__EBV_IEDB_770af30bc486__s0,HY13_SEQ_02,0,2.0,complete,raw_calculations/apbs/HY13_SEQ_02/HY13_SEQ_02__ebv__EBV_IEDB_770af30bc486__s0/eps2/full.stderr.txt,raw_calculations/apbs/HY13_SEQ_02/HY13_SEQ_02__ebv__EBV_IEDB_770af30bc486__s0/eps2/full.stdout.txt
ebv,EBV_IEDB_770af30bc486,ubuntu@sha256:2edbbc5dc405e9612ba3584ce95480277e3eb374407b5505fe26f17df77c7dbc,17036986,transient_deleted_after_checksum_and_sampling,e1e6340b55ae88ddcb431fb4b725be37f80191eb3b9e5ae139144a9913cabc83,0,hla_only,raw_calculations/apbs/HY13_SEQ_02/HY13_SEQ_02__ebv__EBV_IEDB_770af30bc486__s0/eps2/hla_only.in,b0284f71567698d4ccff4939846acd33ce043cf678d04ebed55a32022f2cfcf2,HY13_SEQ_02__ebv__EBV_IEDB_770af30bc486__s0,HY13_SEQ_02,0,2.0,complete,raw_calculations/apbs/HY13_SEQ_02/HY13_SEQ_02__ebv__EBV_IEDB_770af30bc486__s0/eps2/hla_only.stderr.txt,raw_calculations/apbs/HY13_SEQ_02/HY13_SEQ_02__ebv__EBV_IEDB_770af30bc486__s0/eps2/hla_only.stdout.txt
ebv,EBV_IEDB_770af30bc486,ubuntu@sha256:2edbbc5dc405e9612ba3584ce95480277e3eb374407b5505fe26f17df77c7dbc,17035863,transient_deleted_after_checksum_and_sampling,28d9e175cfc506228951d58768201412d040e6d096a85a2984a00b39c8907d63,0,full,raw_calculations/apbs/HY13_SEQ_02/HY13_SEQ_02__ebv__EBV_IEDB_770af30bc486__s0/eps4/full.in,65b758707786c3054765996165ec4eb633889183913b08b3f4eb5242583caa83,HY13_SEQ_02__ebv__EBV_IEDB_770af30bc486__s0,HY13_SEQ_02,0,4.0,complete,raw_calculations/apbs/HY13_SEQ_02/HY13_SEQ_02__ebv__EBV_IEDB_770af30bc486__s0/eps4/full.stderr.txt,raw_calculations/apbs/HY13_SEQ_02/HY13_SEQ_02__ebv__EBV_IEDB_770af30bc486__s0/eps4/full.stdout.txt
ebv,EBV_IEDB_770af30bc486,ubuntu@sha256:2edbbc5dc405e9612ba3584ce95480277e3eb374407b5505fe26f17df77c7dbc,17049578,transient_deleted_after_checksum_and_sampling,149d0126f9ae74d0e73529697cf3431863e0a87e5f1abc836b2a3aeae81d6c67,0,hla_only,raw_calculations/apbs/HY13_SEQ_02/HY13_SEQ_02__ebv__EBV_IEDB_770af30bc486__s0/eps4/hla_only.in,cf39dba22005af75e2d7ac39809e6dd4bca94c4ae779f2e0c347e90aeac6336b,HY13_SEQ_02__ebv__EBV_IEDB_770af30bc486__s0,HY13_SEQ_02,0,4.0,complete,raw_calculations/apbs/HY13_SEQ_02/HY13_SEQ_02__ebv__EBV_IEDB_770af30bc486__s0/eps4/hla_only.stderr.txt,raw_calculations/apbs/HY13_SEQ_02/HY13_SEQ_02__ebv__EBV_IEDB_770af30bc486__s0/eps4/hla_only.stdout.txt
ebv,EBV_IEDB_770af30bc486,ubuntu@sha256:2edbbc5dc405e9612ba3584ce95480277e3eb374407b5505fe26f17df77c7dbc,17052781,transient_deleted_after_checksum_and_sampling,1d1eef0edeca0962ef5cbfc709e434d8bde30c450f1216aa5c039c51538e6a2b,0,full,raw_calculations/apbs/HY13_SEQ_02/HY13_SEQ_02__ebv__EBV_IEDB_770af30bc486__s0/eps8/full.in,07b69bf706a0425174d0bef94a2a3c5b5af5e32c65b99aa7ae7c44c6a9c9b88f,HY13_SEQ_02__ebv__EBV_IEDB_770af30bc486__s0,HY13_SEQ_02,0,8.0,complete,raw_calculations/apbs/HY13_SEQ_02/HY13_SEQ_02__ebv__EBV_IEDB_770af30bc486__s0/eps8/full.stderr.txt,raw_calculations/apbs/HY13_SEQ_02/HY13_SEQ_02__ebv__EBV_IEDB_770af30bc486__s0/eps8/full.stdout.txt
ebv,EBV_IEDB_770af30bc486,ubuntu@sha256:2edbbc5dc405e9612ba3584ce95480277e3eb374407b5505fe26f17df77c7dbc,17068245,transient_deleted_after_checksum_and_sampling,3356c63f826fdd3e3d307420790a5634cbfde6fe24b951ee9ba70fddb9dba8e7,0,hla_only,raw_calculations/apbs/HY13_SEQ_02/HY13_SEQ_02__ebv__EBV_IEDB_770af30bc486__s0/eps8/hla_only.in,5ab90e1793916ce05f4f04772959896280ceb38857cd8ed08dfb58851b613a8a,HY13_SEQ_02__ebv__EBV_IEDB_770af30bc486__s0,HY13_SEQ_02,0,8.0,complete,raw_calculations/apbs/HY13_SEQ_02/HY13_SEQ_02__ebv__EBV_IEDB_770af30bc486__s0/eps8/hla_only.stderr.txt,raw_calculations/apbs/HY13_SEQ_02/HY13_SEQ_02__ebv__EBV_IEDB_770af30bc486__s0/eps8/hla_only.stdout.txt
ebv,EBV_IEDB_770af30bc486,ubuntu@sha256:2edbbc5dc405e9612ba3584ce95480277e3eb374407b5505fe26f17df77c7dbc,17092411,transient_deleted_after_checksum_and_sampling,d8e430cbadc49dff897e6b64644e24f5f1b0f5a724c15c2b884d24e1390caa18,0,full,raw_calculations/apbs/HY13_SEQ_02/HY13_SEQ_02__ebv__EBV_IEDB_770af30bc486__s1/eps2/full.in,03bc6337561ca9756c893515a435bce304408470d767e807627333b928a3085b,HY13_SEQ_02__ebv__EBV_IEDB_770af30bc486__s1,HY13_SEQ_02,1,2.0,complete,raw_calculations/apbs/HY13_SEQ_02/HY13_SEQ_02__ebv__EBV_IEDB_770af30bc486__s1/eps2/full.stderr.txt,raw_calculations/apbs/HY13_SEQ_02/HY13_SEQ_02__ebv__EBV_IEDB_770af30bc486__s1/eps2/full.stdout.txt
ebv,EBV_IEDB_770af30bc486,ubuntu@sha256:2edbbc5dc405e9612ba3584ce95480277e3eb374407b5505fe26f17df77c7dbc,17038317,transient_deleted_after_checksum_and_sampling,4ea388687bdc960da6bd121ca8a508d7b6b5cd2d2b2a31055c330ab4923173f2,0,hla_only,raw_calculations/apbs/HY13_SEQ_02/HY13_SEQ_02__ebv__EBV_IEDB_770af30bc486__s1/eps2/hla_only.in,c3e43212eea4a24e9c973981d050700430021f78bb6b70046742069476714555,HY13_SEQ_02__ebv__EBV_IEDB_770af30bc486__s1,HY13_SEQ_02,1,2.0,complete,raw_calculations/apbs/HY13_SEQ_02/HY13_SEQ_02__ebv__EBV_IEDB_770af30bc486__s1/eps2/hla_only.stderr.txt,raw_calculations/apbs/HY13_SEQ_02/HY13_SEQ_02__ebv__EBV_IEDB_770af30bc486__s1/eps2/hla_only.stdout.txt
ebv,EBV_IEDB_770af30bc486,ubuntu@sha256:2edbbc5dc405e9612ba3584ce95480277e3eb374407b5505fe26f17df77c7dbc,17103118,transient_deleted_after_checksum_and_sampling,05cbf862b7a3c5d1f7d7d026399eb228d62c94ac87a381cfeb87be4528894f09,0,full,raw_calculations/apbs/HY13_SEQ_02/HY13_SEQ_02__ebv__EBV_IEDB_770af30bc486__s1/eps4/full.in,63a3de7aa55c3008ad88c8c765092f99db0e8d0b03e3840c530ffe17b39c58e8,HY13_SEQ_02__ebv__EBV_IEDB_770af30bc486__s1,HY13_SEQ_02,1,4.0,complete,raw_calculations/apbs/HY13_SEQ_02/HY13_SEQ_02__ebv__EBV_IEDB_770af30bc486__s1/eps4/full.stderr.txt,raw_calculations/apbs/HY13_SEQ_02/HY13_SEQ_02__ebv__EBV_IEDB_770af30bc486__s1/eps4/full.stdout.txt
ebv,EBV_IEDB_770af30bc486,ubuntu@sha256:2edbbc5dc405e9612ba3584ce95480277e3eb374407b5505fe26f17df77c7dbc,17049683,transient_deleted_after_checksum_and_sampling,5c938d21c7b1e0c703ee5f53f9af87751ba395c73dfe101b2129019f7ab906b4,0,hla_only,raw_calculations/apbs/HY13_SEQ_02/HY13_SEQ_02__ebv__EBV_IEDB_770af30bc486__s1/eps4/hla_only.in,5a5587cec4dac3fdb083218b1e1e9b6bb20a00eb6c42d222b64d8172b85a1dfa,HY13_SEQ_02__ebv__EBV_IEDB_770af30bc486__s1,HY13_SEQ_02,1,4.0,complete,raw_calculations/apbs/HY13_SEQ_02/HY13_SEQ_02__ebv__EBV_IEDB_770af30bc486__s1/eps4/hla_only.stderr.txt,raw_calculations/apbs/HY13_SEQ_02/HY13_SEQ_02__ebv__EBV_IEDB_770af30bc486__s1/eps4/hla_only.stdout.txt
ebv,EBV_IEDB_770af30bc486,ubuntu@sha256:2edbbc5dc405e9612ba3584ce95480277e3eb374407b5505fe26f17df77c7dbc,17119666,transient_deleted_after_checksum_and_sampling,93d302530ced194909e987db812348f1d9616426bdfc77790cdca5fc9642270c,0,full,raw_calculations/apbs/HY13_SEQ_02/HY13_SEQ_02__ebv__EBV_IEDB_770af30bc486__s1/eps8/full.in,737a619636e3a900ab44b253b489aa5322c50580ed4c3cb89420ba6ae22c9a54,HY13_SEQ_02__ebv__EBV_IEDB_770af30bc486__s1,HY13_SEQ_02,1,8.0,complete,raw_calculations/apbs/HY13_SEQ_02/HY13_SEQ_02__ebv__EBV_IEDB_770af30bc486__s1/eps8/full.stderr.txt,raw_calculations/apbs/HY13_SEQ_02/HY13_SEQ_02__ebv__EBV_IEDB_770af30bc486__s1/eps8/full.stdout.txt
ebv,EBV_IEDB_770af30bc486,ubuntu@sha256:2edbbc5dc405e9612ba3584ce95480277e3eb374407b5505fe26f17df77c7dbc,17066875,transient_deleted_after_checksum_and_sampling,d0716d6a87c756eb149dad04f629190341a881691491f0d174982b5f9816f1b7,0,hla_only,raw_calculations/apbs/HY13_SEQ_02/HY13_SEQ_02__ebv__EBV_IEDB_770af30bc486__s1/eps8/hla_only.in,153e9baf97c3e69624a85ded06c7f4e2865f2d66a67ee293512fa36ccbc65add,HY13_SEQ_02__ebv__EBV_IEDB_770af30bc486__s1,HY13_SEQ_02,1,8.0,complete,raw_calculations/apbs/HY13_SEQ_02/HY13_SEQ_02__ebv__EBV_IEDB_770af30bc486__s1/eps8/hla_only.stderr.txt,raw_calculations/apbs/HY13_SEQ_02/HY13_SEQ_02__ebv__EBV_IEDB_770af30bc486__s1/eps8/hla_only.stdout.txt
ebv,EBV_IEDB_770af30bc486,ubuntu@sha256:2edbbc5dc405e9612ba3584ce95480277e3eb374407b5505fe26f17df77c7dbc,17089803,transient_deleted_after_checksum_and_sampling,d803981efcf224e6f5289ae5babf2d231817a0c5cb607c2739e8a96680770fd3,0,full,raw_calculations/apbs/HY13_SEQ_02/HY13_SEQ_02__ebv__EBV_IEDB_770af30bc486__s2/eps2/full.in,a21ab0df379d15c7396c232424430962b8357260e181021b40dc53b4ff7e8ef9,HY13_SEQ_02__ebv__EBV_IEDB_770af30bc486__s2,HY13_SEQ_02,2,2.0,complete,raw_calculations/apbs/HY13_SEQ_02/HY13_SEQ_02__ebv__EBV_IEDB_770af30bc486__s2/eps2/full.stderr.txt,raw_calculations/apbs/HY13_SEQ_02/HY13_SEQ_02__ebv__EBV_IEDB_770af30bc486__s2/eps2/full.stdout.txt
ebv,EBV_IEDB_770af30bc486,ubuntu@sha256:2edbbc5dc405e9612ba3584ce95480277e3eb374407b5505fe26f17df77c7dbc,17076402,transient_deleted_after_checksum_and_sampling,8c7229e06105d8610b640e73523e764a0145632cd19ea4df615653595c1dd033,0,hla_only,raw_calculations/apbs/HY13_SEQ_02/HY13_SEQ_02__ebv__EBV_IEDB_770af30bc486__s2/eps2/hla_only.in,a7eba40d2f001e39654eab4ed9eeca0bbda6381c23d3fcc279f823a4e314a63d,HY13_SEQ_02__ebv__EBV_IEDB_770af30bc486__s2,HY13_SEQ_02,2,2.0,complete,raw_calculations/apbs/HY13_SEQ_02/HY13_SEQ_02__ebv__EBV_IEDB_770af30bc486__s2/eps2/hla_only.stderr.txt,raw_calculations/apbs/HY13_SEQ_02/HY13_SEQ_02__ebv__EBV_IEDB_770af30bc486__s2/eps2/hla_only.stdout.txt
ebv,EBV_IEDB_770af30bc486,ubuntu@sha256:2edbbc5dc405e9612ba3584ce95480277e3eb374407b5505fe26f17df77c7dbc,17102710,transient_deleted_after_checksum_and_sampling,6e4e160c8202522ed4d3d42f4a439d37d9eaeea7f26968c3b2e52a924a7ac7d4,0,full,raw_calculations/apbs/HY13_SEQ_02/HY13_SEQ_02__ebv__EBV_IEDB_770af30bc486__s2/eps4/full.in,8be0e1c816adef8ea02150e40a21209a738b51e3bac3e4f8667dcd34514741e4,HY13_SEQ_02__ebv__EBV_IEDB_770af30bc486__s2,HY13_SEQ_02,2,4.0,complete,raw_calculations/apbs/HY13_SEQ_02/HY13_SEQ_02__ebv__EBV_IEDB_770af30bc486__s2/eps4/full.stderr.txt,raw_calculations/apbs/HY13_SEQ_02/HY13_SEQ_02__ebv__EBV_IEDB_770af30bc486__s2/eps4/full.stdout.txt
ebv,EBV_IEDB_770af30bc486,ubuntu@sha256:2edbbc5dc405e9612ba3584ce95480277e3eb374407b5505fe26f17df77c7dbc,17089180,transient_deleted_after_checksum_and_sampling,ecd43ef9e6c6df0a05e2ef00015d25f3edff438e8c97c664ddc989a61e7da10e,0,hla_only,raw_calculations/apbs/HY13_SEQ_02/HY13_SEQ_02__ebv__EBV_IEDB_770af30bc486__s2/eps4/hla_only.in,bdbe7239d45aa5dfd83c098398507ac56cb81a11f8071d7cc666742c1797b3a2,HY13_SEQ_02__ebv__EBV_IEDB_770af30bc486__s2,HY13_SEQ_02,2,4.0,complete,raw_calculations/apbs/HY13_SEQ_02/HY13_SEQ_02__ebv__EBV_IEDB_770af30bc486__s2/eps4/hla_only.stderr.txt,raw_calculations/apbs/HY13_SEQ_02/HY13_SEQ_02__ebv__EBV_IEDB_770af30bc486__s2/eps4/hla_only.stdout.txt
ebv,EBV_IEDB_770af30bc486,ubuntu@sha256:2edbbc5dc405e9612ba3584ce95480277e3eb374407b5505fe26f17df77c7dbc,17122016,transient_deleted_after_checksum_and_sampling,6f0c98d808f5f7e28f5b60bccabedfa0ac916f7a86120cad9ac0cb3893f10c3e,0,full,raw_calculations/apbs/HY13_SEQ_02/HY13_SEQ_02__ebv__EBV_IEDB_770af30bc486__s2/eps8/full.in,bad31be28cc01772d7e1b5491ed66e2b1984baa7ed0b253d45d46332cd286aed,HY13_SEQ_02__ebv__EBV_IEDB_770af30bc486__s2,HY13_SEQ_02,2,8.0,complete,raw_calculations/apbs/HY13_SEQ_02/HY13_SEQ_02__ebv__EBV_IEDB_770af30bc486__s2/eps8/full.stderr.txt,raw_calculations/apbs/HY13_SEQ_02/HY13_SEQ_02__ebv__EBV_IEDB_770af30bc486__s2/eps8/full.stdout.txt
ebv,EBV_IEDB_770af30bc486,ubuntu@sha256:2edbbc5dc405e9612ba3584ce95480277e3eb374407b5505fe26f17df77c7dbc,17107924,transient_deleted_after_checksum_and_sampling,c9e4f52eeff6ae2f876db7bbebbf2afcf47d363c47dd4ed250f3b543f940bfd4,0,hla_only,raw_calculations/apbs/HY13_SEQ_02/HY13_SEQ_02__ebv__EBV_IEDB_770af30bc486__s2/eps8/hla_only.in,48fcbfb8a2c9d116e3d1cf8e45c0b1455ee0d6637963351fad9b55b7493c9d44,HY13_SEQ_02__ebv__EBV_IEDB_770af30bc486__s2,HY13_SEQ_02,2,8.0,complete,raw_calculations/apbs/HY13_SEQ_02/HY13_SEQ_02__ebv__EBV_IEDB_770af30bc486__s2/eps8/hla_only.stderr.txt,raw_calculations/apbs/HY13_SEQ_02/HY13_SEQ_02__ebv__EBV_IEDB_770af30bc486__s2/eps8/hla_only.stdout.txt
ebv,EBV_IEDB_770af30bc486,ubuntu@sha256:2edbbc5dc405e9612ba3584ce95480277e3eb374407b5505fe26f17df77c7dbc,17022747,transient_deleted_after_checksum_and_sampling,1ed048bf64fe989e6c61eea4433842e67f7adef73f6b3d947f6c55b4c37e9482,0,full,raw_calculations/apbs/HY13_SEQ_02/HY13_SEQ_02__ebv__EBV_IEDB_770af30bc486__s3/eps2/full.in,38e25a8b8212e63c67c16ec765706f15282381e51dd7a5d4852de21ed000e5b8,HY13_SEQ_02__ebv__EBV_IEDB_770af30bc486__s3,HY13_SEQ_02,3,2.0,complete,raw_calculations/apbs/HY13_SEQ_02/HY13_SEQ_02__ebv__EBV_IEDB_770af30bc486__s3/eps2/full.stderr.txt,raw_calculations/apbs/HY13_SEQ_02/HY13_SEQ_02__ebv__EBV_IEDB_770af30bc486__s3/eps2/full.stdout.txt
ebv,EBV_IEDB_770af30bc486,ubuntu@sha256:2edbbc5dc405e9612ba3584ce95480277e3eb374407b5505fe26f17df77c7dbc,17049791,transient_deleted_after_checksum_and_sampling,e751d0fa04f37bef7556b4ae47cc7cd6560b988028a7ac11eaecd125ad89493e,0,hla_only,raw_calculations/apbs/HY13_SEQ_02/HY13_SEQ_02__ebv__EBV_IEDB_770af30bc486__s3/eps2/hla_only.in,034b26eb5fa64dec63436917d2985b5877d6f69c4326fd0f0cf6e0af824df898,HY13_SEQ_02__ebv__EBV_IEDB_770af30bc486__s3,HY13_SEQ_02,3,2.0,complete,raw_calculations/apbs/HY13_SEQ_02/HY13_SEQ_02__ebv__EBV_IEDB_770af30bc486__s3/eps2/hla_only.stderr.txt,raw_calculations/apbs/HY13_SEQ_02/HY13_SEQ_02__ebv__EBV_IEDB_770af30bc486__s3/eps2/hla_only.stdout.txt
ebv,EBV_IEDB_770af30bc486,ubuntu@sha256:2edbbc5dc405e9612ba3584ce95480277e3eb374407b5505fe26f17df77c7dbc,17032796,transient_deleted_after_checksum_and_sampling,9a74c669f2f99e3fe4d1e1e6f51867d507a9929edcf72ee836c23a4b5cf81185,0,full,raw_calculations/apbs/HY13_SEQ_02/HY13_SEQ_02__ebv__EBV_IEDB_770af30bc486__s3/eps4/full.in,6ff8ede0c936e9ae4bec8606d95fc9cdc5ede78695c22b39ead53be1fdcab81a,HY13_SEQ_02__ebv__EBV_IEDB_770af30bc486__s3,HY13_SEQ_02,3,4.0,complete,raw_calculations/apbs/HY13_SEQ_02/HY13_SEQ_02__ebv__EBV_IEDB_770af30bc486__s3/eps4/full.stderr.txt,raw_calculations/apbs/HY13_SEQ_02/HY13_SEQ_02__ebv__EBV_IEDB_770af30bc486__s3/eps4/full.stdout.txt
ebv,EBV_IEDB_770af30bc486,ubuntu@sha256:2edbbc5dc405e9612ba3584ce95480277e3eb374407b5505fe26f17df77c7dbc,17060748,transient_deleted_after_checksum_and_sampling,363507b2adb468079b312627bd2ecfcfac16a2856cb3dd863043a97b67117303,0,hla_only,raw_calculations/apbs/HY13_SEQ_02/HY13_SEQ_02__ebv__EBV_IEDB_770af30bc486__s3/eps4/hla_only.in,e2c6743f8232b6035616ffccf575c8b3497c13041162c4b82812652e995f7bb2,HY13_SEQ_02__ebv__EBV_IEDB_770af30bc486__s3,HY13_SEQ_02,3,4.0,complete,raw_calculations/apbs/HY13_SEQ_02/HY13_SEQ_02__ebv__EBV_IEDB_770af30bc486__s3/eps4/hla_only.stderr.txt,raw_calculations/apbs/HY13_SEQ_02/HY13_SEQ_02__ebv__EBV_IEDB_770af30bc486__s3/eps4/hla_only.stdout.txt
ebv,EBV_IEDB_770af30bc486,ubuntu@sha256:2edbbc5dc405e9612ba3584ce95480277e3eb374407b5505fe26f17df77c7dbc,17048919,transient_deleted_after_checksum_and_sampling,971eff8e9da6194f6fee76494c6597fa57a9c05201b6520237a698a4d04d9021,0,full,raw_calculations/apbs/HY13_SEQ_02/HY13_SEQ_02__ebv__EBV_IEDB_770af30bc486__s3/eps8/full.in,cafb40d8ab751f7fbcf260a6fb92986ea6267231727af42f0301fa3521cf3437,HY13_SEQ_02__ebv__EBV_IEDB_770af30bc486__s3,HY13_SEQ_02,3,8.0,complete,raw_calculations/apbs/HY13_SEQ_02/HY13_SEQ_02__ebv__EBV_IEDB_770af30bc486__s3/eps8/full.stderr.txt,raw_calculations/apbs/HY13_SEQ_02/HY13_SEQ_02__ebv__EBV_IEDB_770af30bc486__s3/eps8/full.stdout.txt
ebv,EBV_IEDB_770af30bc486,ubuntu@sha256:2edbbc5dc405e9612ba3584ce95480277e3eb374407b5505fe26f17df77c7dbc,17077543,transient_deleted_after_checksum_and_sampling,6057bb3d989708ee2579f3d674630a17cd285be60838abfaab7f3663981717cf,0,hla_only,raw_calculations/apbs/HY13_SEQ_02/HY13_SEQ_02__ebv__EBV_IEDB_770af30bc486__s3/eps8/hla_only.in,d517026d4194a83a46f451761ee43554ab2f66cf921b02b9462e944a3220368e,HY13_SEQ_02__ebv__EBV_IEDB_770af30bc486__s3,HY13_SEQ_02,3,8.0,complete,raw_calculations/apbs/HY13_SEQ_02/HY13_SEQ_02__ebv__EBV_IEDB_770af30bc486__s3/eps8/hla_only.stderr.txt,raw_calculations/apbs/HY13_SEQ_02/HY13_SEQ_02__ebv__EBV_IEDB_770af30bc486__s3/eps8/hla_only.stdout.txt
ebv,EBV_IEDB_770af30bc486,ubuntu@sha256:2edbbc5dc405e9612ba3584ce95480277e3eb374407b5505fe26f17df77c7dbc,17148906,transient_deleted_after_checksum_and_sampling,5d543cbf2a8f13a4b45c33ee373e4ec265c30c2f1db9f72abd5bf362bd5a66b9,0,full,raw_calculations/apbs/HY13_SEQ_02/HY13_SEQ_02__ebv__EBV_IEDB_770af30bc486__s4/eps2/full.in,e433d201a4cbca5b0ef969d0666b688ec5d26e8ac6588e7d60443488401eb946,HY13_SEQ_02__ebv__EBV_IEDB_770af30bc486__s4,HY13_SEQ_02,4,2.0,complete,raw_calculations/apbs/HY13_SEQ_02/HY13_SEQ_02__ebv__EBV_IEDB_770af30bc486__s4/eps2/full.stderr.txt,raw_calculations/apbs/HY13_SEQ_02/HY13_SEQ_02__ebv__EBV_IEDB_770af30bc486__s4/eps2/full.stdout.txt
ebv,EBV_IEDB_770af30bc486,ubuntu@sha256:2edbbc5dc405e9612ba3584ce95480277e3eb374407b5505fe26f17df77c7dbc,17075493,transient_deleted_after_checksum_and_sampling,d2a56effa4434047117d66c0ece5d6757a2da6e064f89297703435596e3dd6c8,0,hla_only,raw_calculations/apbs/HY13_SEQ_02/HY13_SEQ_02__ebv__EBV_IEDB_770af30bc486__s4/eps2/hla_only.in,74daeadbaad7829372b96c42f4967919ad7aff07ba5ab6979dacf191d49bafa6,HY13_SEQ_02__ebv__EBV_IEDB_770af30bc486__s4,HY13_SEQ_02,4,2.0,complete,raw_calculations/apbs/HY13_SEQ_02/HY13_SEQ_02__ebv__EBV_IEDB_770af30bc486__s4/eps2/hla_only.stderr.txt,raw_calculations/apbs/HY13_SEQ_02/HY13_SEQ_02__ebv__EBV_IEDB_770af30bc486__s4/eps2/hla_only.stdout.txt
ebv,EBV_IEDB_770af30bc486,ubuntu@sha256:2edbbc5dc405e9612ba3584ce95480277e3eb374407b5505fe26f17df77c7dbc,17160848,transient_deleted_after_checksum_and_sampling,d8faff2b441f0fdf0c37bed98d3f39fb67373483a0db303c84acb62e3e7b8c0b,0,full,raw_calculations/apbs/HY13_SEQ_02/HY13_SEQ_02__ebv__EBV_IEDB_770af30bc486__s4/eps4/full.in,65a390dca6421002b485dbca5e1c54ab43a2d55566ef09ac761d208a9d641b01,HY13_SEQ_02__ebv__EBV_IEDB_770af30bc486__s4,HY13_SEQ_02,4,4.0,complete,raw_calculations/apbs/HY13_SEQ_02/HY13_SEQ_02__ebv__EBV_IEDB_770af30bc486__s4/eps4/full.stderr.txt,raw_calculations/apbs/HY13_SEQ_02/HY13_SEQ_02__ebv__EBV_IEDB_770af30bc486__s4/eps4/full.stdout.txt
ebv,EBV_IEDB_770af30bc486,ubuntu@sha256:2edbbc5dc405e9612ba3584ce95480277e3eb374407b5505fe26f17df77c7dbc,17087517,transient_deleted_after_checksum_and_sampling,d72a57b93fb76a4f7a03877804314ece683e16abee2c5fe9615b326892e9a8a0,0,hla_only,raw_calculations/apbs/HY13_SEQ_02/HY13_SEQ_02__ebv__EBV_IEDB_770af30bc486__s4/eps4/hla_only.in,7775a128391c3c09ec869c8818da7321a9d45b08bf4d7c7cc539c4e4fdbc2ead,HY13_SEQ_02__ebv__EBV_IEDB_770af30bc486__s4,HY13_SEQ_02,4,4.0,complete,raw_calculations/apbs/HY13_SEQ_02/HY13_SEQ_02__ebv__EBV_IEDB_770af30bc486__s4/eps4/hla_only.stderr.txt,raw_calculations/apbs/HY13_SEQ_02/HY13_SEQ_02__ebv__EBV_IEDB_770af30bc486__s4/eps4/hla_only.stdout.txt
ebv,EBV_IEDB_770af30bc486,ubuntu@sha256:2edbbc5dc405e9612ba3584ce95480277e3eb374407b5505fe26f17df77c7dbc,17180008,transient_deleted_after_checksum_and_sampling,43ae8ee8357162035089c5274c324c5e274d4275fbc971bccf9bf0be1766a818,0,full,raw_calculations/apbs/HY13_SEQ_02/HY13_SEQ_02__ebv__EBV_IEDB_770af30bc486__s4/eps8/full.in,ba5acaf0baa4e9b4248fb349e0339518eb489044a67f984adc09a7328e87fe02,HY13_SEQ_02__ebv__EBV_IEDB_770af30bc486__s4,HY13_SEQ_02,4,8.0,complete,raw_calculations/apbs/HY13_SEQ_02/HY13_SEQ_02__ebv__EBV_IEDB_770af30bc486__s4/eps8/full.stderr.txt,raw_calculations/apbs/HY13_SEQ_02/HY13_SEQ_02__ebv__EBV_IEDB_770af30bc486__s4/eps8/full.stdout.txt
ebv,EBV_IEDB_770af30bc486,ubuntu@sha256:2edbbc5dc405e9612ba3584ce95480277e3eb374407b5505fe26f17df77c7dbc,17105534,transient_deleted_after_checksum_and_sampling,a30993b16fe62652b847da74a2a1e6518273b40280bb7d64bfbe419f1b708d4a,0,hla_only,raw_calculations/apbs/HY13_SEQ_02/HY13_SEQ_02__ebv__EBV_IEDB_770af30bc486__s4/eps8/hla_only.in,e8ea0534628b54c17f1a243636acec61c162b805ec79bfc2d342cf8fdc1b18ba,HY13_SEQ_02__ebv__EBV_IEDB_770af30bc486__s4,HY13_SEQ_02,4,8.0,complete,raw_calculations/apbs/HY13_SEQ_02/HY13_SEQ_02__ebv__EBV_IEDB_770af30bc486__s4/eps8/hla_only.stderr.txt,raw_calculations/apbs/HY13_SEQ_02/HY13_SEQ_02__ebv__EBV_IEDB_770af30bc486__s4/eps8/hla_only.stdout.txt
ebv,EBV_IEDB_81b4d6bacdc7,ubuntu@sha256:2edbbc5dc405e9612ba3584ce95480277e3eb374407b5505fe26f17df77c7dbc,17062970,transient_deleted_after_checksum_and_sampling,7f17ec2d65b01ef662f9e1cbbaf558f553312940c39dfa208a13163ba86f6993,0,full,raw_calculations/apbs/HY13_SEQ_02/HY13_SEQ_02__ebv__EBV_IEDB_81b4d6bacdc7__s0/eps2/full.in,02e8a28b3c931f483fa64c86fec2fe1b24272c950ff8c5a2afc51fdf3173b38f,HY13_SEQ_02__ebv__EBV_IEDB_81b4d6bacdc7__s0,HY13_SEQ_02,0,2.0,complete,raw_calculations/apbs/HY13_SEQ_02/HY13_SEQ_02__ebv__EBV_IEDB_81b4d6bacdc7__s0/eps2/full.stderr.txt,raw_calculations/apbs/HY13_SEQ_02/HY13_SEQ_02__ebv__EBV_IEDB_81b4d6bacdc7__s0/eps2/full.stdout.txt
ebv,EBV_IEDB_81b4d6bacdc7,ubuntu@sha256:2edbbc5dc405e9612ba3584ce95480277e3eb374407b5505fe26f17df77c7dbc,17055493,transient_deleted_after_checksum_and_sampling,390613587895b71e071e8babd5298fdafc830b7e8163e12c16ad53aba684456f,0,hla_only,raw_calculations/apbs/HY13_SEQ_02/HY13_SEQ_02__ebv__EBV_IEDB_81b4d6bacdc7__s0/eps2/hla_only.in,ef9d77dfc3b99a67ae918ea9265bb128b7ba3363d30ae8e08a9db80c41833d3b,HY13_SEQ_02__ebv__EBV_IEDB_81b4d6bacdc7__s0,HY13_SEQ_02,0,2.0,complete,raw_calculations/apbs/HY13_SEQ_02/HY13_SEQ_02__ebv__EBV_IEDB_81b4d6bacdc7__s0/eps2/hla_only.stderr.txt,raw_calculations/apbs/HY13_SEQ_02/HY13_SEQ_02__ebv__EBV_IEDB_81b4d6bacdc7__s0/eps2/hla_only.stdout.txt
ebv,EBV_IEDB_81b4d6bacdc7,ubuntu@sha256:2edbbc5dc405e9612ba3584ce95480277e3eb374407b5505fe26f17df77c7dbc,17071561,transient_deleted_after_checksum_and_sampling,b9d96d276cf3c68d6b8f0d4ca36b64924e6a4dd06b59374003d5d527722ca479,0,full,raw_calculations/apbs/HY13_SEQ_02/HY13_SEQ_02__ebv__EBV_IEDB_81b4d6bacdc7__s0/eps4/full.in,1fb512f90d83b61844284691926184af1e1aa39934803b5a891a33183feba409,HY13_SEQ_02__ebv__EBV_IEDB_81b4d6bacdc7__s0,HY13_SEQ_02,0,4.0,complete,raw_calculations/apbs/HY13_SEQ_02/HY13_SEQ_02__ebv__EBV_IEDB_81b4d6bacdc7__s0/eps4/full.stderr.txt,raw_calculations/apbs/HY13_SEQ_02/HY13_SEQ_02__ebv__EBV_IEDB_81b4d6bacdc7__s0/eps4/full.stdout.txt
ebv,EBV_IEDB_81b4d6bacdc7,ubuntu@sha256:2edbbc5dc405e9612ba3584ce95480277e3eb374407b5505fe26f17df77c7dbc,17066886,transient_deleted_after_checksum_and_sampling,cd077ebb52febf896ac4e1e91be26bd20394d0731e2d71688e6292ab2324e906,0,hla_only,raw_calculations/apbs/HY13_SEQ_02/HY13_SEQ_02__ebv__EBV_IEDB_81b4d6bacdc7__s0/eps4/hla_only.in,9213b4153a4953bdcd17ed8acdca2267a2bdd6648f9e2412a38fb4067975d32a,HY13_SEQ_02__ebv__EBV_IEDB_81b4d6bacdc7__s0,HY13_SEQ_02,0,4.0,complete,raw_calculations/apbs/HY13_SEQ_02/HY13_SEQ_02__ebv__EBV_IEDB_81b4d6bacdc7__s0/eps4/hla_only.stderr.txt,raw_calculations/apbs/HY13_SEQ_02/HY13_SEQ_02__ebv__EBV_IEDB_81b4d6bacdc7__s0/eps4/hla_only.stdout.txt
ebv,EBV_IEDB_81b4d6bacdc7,ubuntu@sha256:2edbbc5dc405e9612ba3584ce95480277e3eb374407b5505fe26f17df77c7dbc,17087806,transient_deleted_after_checksum_and_sampling,327d7e00d116c0f0a5e1ba7502f55c807d993d2271c789f95b8f82778aacf848,0,full,raw_calculations/apbs/HY13_SEQ_02/HY13_SEQ_02__ebv__EBV_IEDB_81b4d6bacdc7__s0/eps8/full.in,ce5e55d86689a5dfe6bb1faf7606a9b5d802280c6adc76363eae6f21a3992d2a,HY13_SEQ_02__ebv__EBV_IEDB_81b4d6bacdc7__s0,HY13_SEQ_02,0,8.0,complete,raw_calculations/apbs/HY13_SEQ_02/HY13_SEQ_02__ebv__EBV_IEDB_81b4d6bacdc7__s0/eps8/full.stderr.txt,raw_calculations/apbs/HY13_SEQ_02/HY13_SEQ_02__ebv__EBV_IEDB_81b4d6bacdc7__s0/eps8/full.stdout.txt
ebv,EBV_IEDB_81b4d6bacdc7,ubuntu@sha256:2edbbc5dc405e9612ba3584ce95480277e3eb374407b5505fe26f17df77c7dbc,17084196,transient_deleted_after_checksum_and_sampling,241e87619bee62db86d6ff926690ad78bedda3f86a5947cdb2614154fec27118,0,hla_only,raw_calculations/apbs/HY13_SEQ_02/HY13_SEQ_02__ebv__EBV_IEDB_81b4d6bacdc7__s0/eps8/hla_only.in,7aaaac05e70048d4ded591b5bb4f80ac12d416368a9f24a05ec2dcc000ba8fc0,HY13_SEQ_02__ebv__EBV_IEDB_81b4d6bacdc7__s0,HY13_SEQ_02,0,8.0,complete,raw_calculations/apbs/HY13_SEQ_02/HY13_SEQ_02__ebv__EBV_IEDB_81b4d6bacdc7__s0/eps8/hla_only.stderr.txt,raw_calculations/apbs/HY13_SEQ_02/HY13_SEQ_02__ebv__EBV_IEDB_81b4d6bacdc7__s0/eps8/hla_only.stdout.txt
ebv,EBV_IEDB_81b4d6bacdc7,ubuntu@sha256:2edbbc5dc405e9612ba3584ce95480277e3eb374407b5505fe26f17df77c7dbc,17084583,transient_deleted_after_checksum_and_sampling,a975daaa14d74d65fbbf368bff1e16efb15a0fe6dae103b60c11bb518649fd4c,0,full,raw_calculations/apbs/HY13_SEQ_02/HY13_SEQ_02__ebv__EBV_IEDB_81b4d6bacdc7__s1/eps2/full.in,6ce897261ea2e819843de00cc469edbd4304943b93ade1d4531129ccf5b867dd,HY13_SEQ_02__ebv__EBV_IEDB_81b4d6bacdc7__s1,HY13_SEQ_02,1,2.0,complete,raw_calculations/apbs/HY13_SEQ_02/HY13_SEQ_02__ebv__EBV_IEDB_81b4d6bacdc7__s1/eps2/full.stderr.txt,raw_calculations/apbs/HY13_SEQ_02/HY13_SEQ_02__ebv__EBV_IEDB_81b4d6bacdc7__s1/eps2/full.stdout.txt
ebv,EBV_IEDB_81b4d6bacdc7,ubuntu@sha256:2edbbc5dc405e9612ba3584ce95480277e3eb374407b5505fe26f17df77c7dbc,17054835,transient_deleted_after_checksum_and_sampling,96e732c04ecb83e2b743fede3e4576643ac127186ec6af06f088edae7c43e3c1,0,hla_only,raw_calculations/apbs/HY13_SEQ_02/HY13_SEQ_02__ebv__EBV_IEDB_81b4d6bacdc7__s1/eps2/hla_only.in,e901b61551f7dbb2d4700346e89e6baf029506cd933943dfb71c2f4c5c702c60,HY13_SEQ_02__ebv__EBV_IEDB_81b4d6bacdc7__s1,HY13_SEQ_02,1,2.0,complete,raw_calculations/apbs/HY13_SEQ_02/HY13_SEQ_02__ebv__EBV_IEDB_81b4d6bacdc7__s1/eps2/hla_only.stderr.txt,raw_calculations/apbs/HY13_SEQ_02/HY13_SEQ_02__ebv__EBV_IEDB_81b4d6bacdc7__s1/eps2/hla_only.stdout.txt
ebv,EBV_IEDB_81b4d6bacdc7,ubuntu@sha256:2edbbc5dc405e9612ba3584ce95480277e3eb374407b5505fe26f17df77c7dbc,17096339,transient_deleted_after_checksum_and_sampling,f9817786e5020859b0e6f434cbbbb54e9d3c4cfcab4869268b28460b03b42cc0,0,full,raw_calculations/apbs/HY13_SEQ_02/HY13_SEQ_02__ebv__EBV_IEDB_81b4d6bacdc7__s1/eps4/full.in,95a6e64c29a92c6477710df1742c2462905f703e1237ba87e5ee1d354d59c91a,HY13_SEQ_02__ebv__EBV_IEDB_81b4d6bacdc7__s1,HY13_SEQ_02,1,4.0,complete,raw_calculations/apbs/HY13_SEQ_02/HY13_SEQ_02__ebv__EBV_IEDB_81b4d6bacdc7__s1/eps4/full.stderr.txt,raw_calculations/apbs/HY13_SEQ_02/HY13_SEQ_02__ebv__EBV_IEDB_81b4d6bacdc7__s1/eps4/full.stdout.txt
ebv,EBV_IEDB_81b4d6bacdc7,ubuntu@sha256:2edbbc5dc405e9612ba3584ce95480277e3eb374407b5505fe26f17df77c7dbc,17066546,transient_deleted_after_checksum_and_sampling,6aa94aef34a350d882f90345e2731321feebc93d7f60a4bf9fd0087b328ff33b,0,hla_only,raw_calculations/apbs/HY13_SEQ_02/HY13_SEQ_02__ebv__EBV_IEDB_81b4d6bacdc7__s1/eps4/hla_only.in,499d2ff580d03ae8d7cce8fc2587ce706b2e0f166710abe4f0cbe7929b20d439,HY13_SEQ_02__ebv__EBV_IEDB_81b4d6bacdc7__s1,HY13_SEQ_02,1,4.0,complete,raw_calculations/apbs/HY13_SEQ_02/HY13_SEQ_02__ebv__EBV_IEDB_81b4d6bacdc7__s1/eps4/hla_only.stderr.txt,raw_calculations/apbs/HY13_SEQ_02/HY13_SEQ_02__ebv__EBV_IEDB_81b4d6bacdc7__s1/eps4/hla_only.stdout.txt
ebv,EBV_IEDB_81b4d6bacdc7,ubuntu@sha256:2edbbc5dc405e9612ba3584ce95480277e3eb374407b5505fe26f17df77c7dbc,17115229,transient_deleted_after_checksum_and_sampling,83ea7319d677e289f8fcbed62c21496fbb65b348260191274ecc9062be9aa52f,0,full,raw_calculations/apbs/HY13_SEQ_02/HY13_SEQ_02__ebv__EBV_IEDB_81b4d6bacdc7__s1/eps8/full.in,bf9bbf932257a8cb0c4f6520fa2fd49f74160743e0a6ff7dff3787d7e98b7b21,HY13_SEQ_02__ebv__EBV_IEDB_81b4d6bacdc7__s1,HY13_SEQ_02,1,8.0,complete,raw_calculations/apbs/HY13_SEQ_02/HY13_SEQ_02__ebv__EBV_IEDB_81b4d6bacdc7__s1/eps8/full.stderr.txt,raw_calculations/apbs/HY13_SEQ_02/HY13_SEQ_02__ebv__EBV_IEDB_81b4d6bacdc7__s1/eps8/full.stdout.txt
ebv,EBV_IEDB_81b4d6bacdc7,ubuntu@sha256:2edbbc5dc405e9612ba3584ce95480277e3eb374407b5505fe26f17df77c7dbc,17084612,transient_deleted_after_checksum_and_sampling,0022c90a58ce3f92370f5b6cd26ecd3a624f01bbec7b7971a80fd9ffce89de7d,0,hla_only,raw_calculations/apbs/HY13_SEQ_02/HY13_SEQ_02__ebv__EBV_IEDB_81b4d6bacdc7__s1/eps8/hla_only.in,208c447f211ae4ed8788e704d443bdd3e44f4b3eb3d50a7bc3344631d55a4303,HY13_SEQ_02__ebv__EBV_IEDB_81b4d6bacdc7__s1,HY13_SEQ_02,1,8.0,complete,raw_calculations/apbs/HY13_SEQ_02/HY13_SEQ_02__ebv__EBV_IEDB_81b4d6bacdc7__s1/eps8/hla_only.stderr.txt,raw_calculations/apbs/HY13_SEQ_02/HY13_SEQ_02__ebv__EBV_IEDB_81b4d6bacdc7__s1/eps8/hla_only.stdout.txt
ebv,EBV_IEDB_81b4d6bacdc7,ubuntu@sha256:2edbbc5dc405e9612ba3584ce95480277e3eb374407b5505fe26f17df77c7dbc,17082665,transient_deleted_after_checksum_and_sampling,639079c4d35ab2c657aa35d1ddee5d4955cc36ee65ef7c5582c9d93394e75332,0,full,raw_calculations/apbs/HY13_SEQ_02/HY13_SEQ_02__ebv__EBV_IEDB_81b4d6bacdc7__s2/eps2/full.in,e3cb39a9f1ef041d16f03ff48045f6a16512f082582895fe8546b21893c95502,HY13_SEQ_02__ebv__EBV_IEDB_81b4d6bacdc7__s2,HY13_SEQ_02,2,2.0,complete,raw_calculations/apbs/HY13_SEQ_02/HY13_SEQ_02__ebv__EBV_IEDB_81b4d6bacdc7__s2/eps2/full.stderr.txt,raw_calculations/apbs/HY13_SEQ_02/HY13_SEQ_02__ebv__EBV_IEDB_81b4d6bacdc7__s2/eps2/full.stdout.txt
ebv,EBV_IEDB_81b4d6bacdc7,ubuntu@sha256:2edbbc5dc405e9612ba3584ce95480277e3eb374407b5505fe26f17df77c7dbc,17048918,transient_deleted_after_checksum_and_sampling,06ae29387666b6fbf91001cc073d55e88ca8119df509c0305ab5ecd9d4dccfd5,0,hla_only,raw_calculations/apbs/HY13_SEQ_02/HY13_SEQ_02__ebv__EBV_IEDB_81b4d6bacdc7__s2/eps2/hla_only.in,67f034889663e2620f51c2f4999b8cc1eaa1c0c7d5f2f21ca5e2faec15121b5a,HY13_SEQ_02__ebv__EBV_IEDB_81b4d6bacdc7__s2,HY13_SEQ_02,2,2.0,complete,raw_calculations/apbs/HY13_SEQ_02/HY13_SEQ_02__ebv__EBV_IEDB_81b4d6bacdc7__s2/eps2/hla_only.stderr.txt,raw_calculations/apbs/HY13_SEQ_02/HY13_SEQ_02__ebv__EBV_IEDB_81b4d6bacdc7__s2/eps2/hla_only.stdout.txt
ebv,EBV_IEDB_81b4d6bacdc7,ubuntu@sha256:2edbbc5dc405e9612ba3584ce95480277e3eb374407b5505fe26f17df77c7dbc,17092827,transient_deleted_after_checksum_and_sampling,877df3698c628235dad1b4be5c7b4da7af0b5371779521a395ffee77569c01c5,0,full,raw_calculations/apbs/HY13_SEQ_02/HY13_SEQ_02__ebv__EBV_IEDB_81b4d6bacdc7__s2/eps4/full.in,3ccafa72be4c3a621c5c57c88aa1e9ee55cd1399b910230497c463db29183e8a,HY13_SEQ_02__ebv__EBV_IEDB_81b4d6bacdc7__s2,HY13_SEQ_02,2,4.0,complete,raw_calculations/apbs/HY13_SEQ_02/HY13_SEQ_02__ebv__EBV_IEDB_81b4d6bacdc7__s2/eps4/full.stderr.txt,raw_calculations/apbs/HY13_SEQ_02/HY13_SEQ_02__ebv__EBV_IEDB_81b4d6bacdc7__s2/eps4/full.stdout.txt
ebv,EBV_IEDB_81b4d6bacdc7,ubuntu@sha256:2edbbc5dc405e9612ba3584ce95480277e3eb374407b5505fe26f17df77c7dbc,17060755,transient_deleted_after_checksum_and_sampling,e18a8420fd3b0fb120bb479ffa82c7aa0a2fa207eb7c41bac7250376aa4afd30,0,hla_only,raw_calculations/apbs/HY13_SEQ_02/HY13_SEQ_02__ebv__EBV_IEDB_81b4d6bacdc7__s2/eps4/hla_only.in,888e9a4f691f173c485afcf565e43a52c885a1b82bbd81950817b5f22c301218,HY13_SEQ_02__ebv__EBV_IEDB_81b4d6bacdc7__s2,HY13_SEQ_02,2,4.0,complete,raw_calculations/apbs/HY13_SEQ_02/HY13_SEQ_02__ebv__EBV_IEDB_81b4d6bacdc7__s2/eps4/hla_only.stderr.txt,raw_calculations/apbs/HY13_SEQ_02/HY13_SEQ_02__ebv__EBV_IEDB_81b4d6bacdc7__s2/eps4/hla_only.stdout.txt
ebv,EBV_IEDB_81b4d6bacdc7,ubuntu@sha256:2edbbc5dc405e9612ba3584ce95480277e3eb374407b5505fe26f17df77c7dbc,17109779,transient_deleted_after_checksum_and_sampling,0c518dbd49872837ee6784de8cc82f03ccde45b59e37070921de7c3c50c5e473,0,full,raw_calculations/apbs/HY13_SEQ_02/HY13_SEQ_02__ebv__EBV_IEDB_81b4d6bacdc7__s2/eps8/full.in,ee844964d9f00f2c21031465f1e2e45b077377646e9f18497d550a70a6c9c98b,HY13_SEQ_02__ebv__EBV_IEDB_81b4d6bacdc7__s2,HY13_SEQ_02,2,8.0,complete,raw_calculations/apbs/HY13_SEQ_02/HY13_SEQ_02__ebv__EBV_IEDB_81b4d6bacdc7__s2/eps8/full.stderr.txt,raw_calculations/apbs/HY13_SEQ_02/HY13_SEQ_02__ebv__EBV_IEDB_81b4d6bacdc7__s2/eps8/full.stdout.txt
ebv,EBV_IEDB_81b4d6bacdc7,ubuntu@sha256:2edbbc5dc405e9612ba3584ce95480277e3eb374407b5505fe26f17df77c7dbc,17078684,transient_deleted_after_checksum_and_sampling,6743fae146483101047f9624910f467ecb80e5e753d5473c608634417bf9ce4c,0,hla_only,raw_calculations/apbs/HY13_SEQ_02/HY13_SEQ_02__ebv__EBV_IEDB_81b4d6bacdc7__s2/eps8/hla_only.in,4408a4bce7586488d999ab8469ed9aaadad2ef03f89dc0f358503194c082e89a,HY13_SEQ_02__ebv__EBV_IEDB_81b4d6bacdc7__s2,HY13_SEQ_02,2,8.0,complete,raw_calculations/apbs/HY13_SEQ_02/HY13_SEQ_02__ebv__EBV_IEDB_81b4d6bacdc7__s2/eps8/hla_only.stderr.txt,raw_calculations/apbs/HY13_SEQ_02/HY13_SEQ_02__ebv__EBV_IEDB_81b4d6bacdc7__s2/eps8/hla_only.stdout.txt
ebv,EBV_IEDB_81b4d6bacdc7,ubuntu@sha256:2edbbc5dc405e9612ba3584ce95480277e3eb374407b5505fe26f17df77c7dbc,17104764,transient_deleted_after_checksum_and_sampling,aaf65fd077940f790ef64025509af816a84d6b4674ec6e53d31e047e43a14013,0,full,raw_calculations/apbs/HY13_SEQ_02/HY13_SEQ_02__ebv__EBV_IEDB_81b4d6bacdc7__s3/eps2/full.in,95177227527972988cfb447652ce79bda1935f1330e51a95bb653af26993457d,HY13_SEQ_02__ebv__EBV_IEDB_81b4d6bacdc7__s3,HY13_SEQ_02,3,2.0,complete,raw_calculations/apbs/HY13_SEQ_02/HY13_SEQ_02__ebv__EBV_IEDB_81b4d6bacdc7__s3/eps2/full.stderr.txt,raw_calculations/apbs/HY13_SEQ_02/HY13_SEQ_02__ebv__EBV_IEDB_81b4d6bacdc7__s3/eps2/full.stdout.txt
ebv,EBV_IEDB_81b4d6bacdc7,ubuntu@sha256:2edbbc5dc405e9612ba3584ce95480277e3eb374407b5505fe26f17df77c7dbc,17081694,transient_deleted_after_checksum_and_sampling,4956782886335583094484b52471591c4e0c7f3f516e239bf89a7905ed31315c,0,hla_only,raw_calculations/apbs/HY13_SEQ_02/HY13_SEQ_02__ebv__EBV_IEDB_81b4d6bacdc7__s3/eps2/hla_only.in,dff1ac74ee22274e6a32a06da788f20ffca655fccd86df1fe2fcd5f02a592382,HY13_SEQ_02__ebv__EBV_IEDB_81b4d6bacdc7__s3,HY13_SEQ_02,3,2.0,complete,raw_calculations/apbs/HY13_SEQ_02/HY13_SEQ_02__ebv__EBV_IEDB_81b4d6bacdc7__s3/eps2/hla_only.stderr.txt,raw_calculations/apbs/HY13_SEQ_02/HY13_SEQ_02__ebv__EBV_IEDB_81b4d6bacdc7__s3/eps2/hla_only.stdout.txt
ebv,EBV_IEDB_81b4d6bacdc7,ubuntu@sha256:2edbbc5dc405e9612ba3584ce95480277e3eb374407b5505fe26f17df77c7dbc,17114031,transient_deleted_after_checksum_and_sampling,977a744895feae65cf1730ce739cbd1c2b9c27d6b338a0199e9139fbb42e8752,0,full,raw_calculations/apbs/HY13_SEQ_02/HY13_SEQ_02__ebv__EBV_IEDB_81b4d6bacdc7__s3/eps4/full.in,768cc9e23f166cfdd0da006d3cc40f6061d59b804a1845327bd0d0eef4a08420,HY13_SEQ_02__ebv__EBV_IEDB_81b4d6bacdc7__s3,HY13_SEQ_02,3,4.0,complete,raw_calculations/apbs/HY13_SEQ_02/HY13_SEQ_02__ebv__EBV_IEDB_81b4d6bacdc7__s3/eps4/full.stderr.txt,raw_calculations/apbs/HY13_SEQ_02/HY13_SEQ_02__ebv__EBV_IEDB_81b4d6bacdc7__s3/eps4/full.stdout.txt
ebv,EBV_IEDB_81b4d6bacdc7,ubuntu@sha256:2edbbc5dc405e9612ba3584ce95480277e3eb374407b5505fe26f17df77c7dbc,17094458,transient_deleted_after_checksum_and_sampling,b08765175813db249c74a46ba24cc726e6863a2bb6bd1e261c9aa9833215f3a1,0,hla_only,raw_calculations/apbs/HY13_SEQ_02/HY13_SEQ_02__ebv__EBV_IEDB_81b4d6bacdc7__s3/eps4/hla_only.in,1af80c96f5c44cbace88b2f43762da9e379f162ae8a2e88d03706e271818f245,HY13_SEQ_02__ebv__EBV_IEDB_81b4d6bacdc7__s3,HY13_SEQ_02,3,4.0,complete,raw_calculations/apbs/HY13_SEQ_02/HY13_SEQ_02__ebv__EBV_IEDB_81b4d6bacdc7__s3/eps4/hla_only.stderr.txt,raw_calculations/apbs/HY13_SEQ_02/HY13_SEQ_02__ebv__EBV_IEDB_81b4d6bacdc7__s3/eps4/hla_only.stdout.txt
ebv,EBV_IEDB_81b4d6bacdc7,ubuntu@sha256:2edbbc5dc405e9612ba3584ce95480277e3eb374407b5505fe26f17df77c7dbc,17130118,transient_deleted_after_checksum_and_sampling,34f8253b061d6da6c6ceb9e1dabf523eedbe09fe3cf62b11dfe0a9ce32e4886a,0,full,raw_calculations/apbs/HY13_SEQ_02/HY13_SEQ_02__ebv__EBV_IEDB_81b4d6bacdc7__s3/eps8/full.in,21be17ec46a7d18d6fe4bb1e91b669af7129f4504949ad7ae46c21a2039219b6,HY13_SEQ_02__ebv__EBV_IEDB_81b4d6bacdc7__s3,HY13_SEQ_02,3,8.0,complete,raw_calculations/apbs/HY13_SEQ_02/HY13_SEQ_02__ebv__EBV_IEDB_81b4d6bacdc7__s3/eps8/full.stderr.txt,raw_calculations/apbs/HY13_SEQ_02/HY13_SEQ_02__ebv__EBV_IEDB_81b4d6bacdc7__s3/eps8/full.stdout.txt
ebv,EBV_IEDB_81b4d6bacdc7,ubuntu@sha256:2edbbc5dc405e9612ba3584ce95480277e3eb374407b5505fe26f17df77c7dbc,17113135,transient_deleted_after_checksum_and_sampling,89dc5d2495bf2f73ee75a82eea4745d60b8870e7ae648a8453bc3c578a5756fc,0,hla_only,raw_calculations/apbs/HY13_SEQ_02/HY13_SEQ_02__ebv__EBV_IEDB_81b4d6bacdc7__s3/eps8/hla_only.in,07307e97ef67822915a366990767e59aca598fe41a8001f57032b9110bd2429e,HY13_SEQ_02__ebv__EBV_IEDB_81b4d6bacdc7__s3,HY13_SEQ_02,3,8.0,complete,raw_calculations/apbs/HY13_SEQ_02/HY13_SEQ_02__ebv__EBV_IEDB_81b4d6bacdc7__s3/eps8/hla_only.stderr.txt,raw_calculations/apbs/HY13_SEQ_02/HY13_SEQ_02__ebv__EBV_IEDB_81b4d6bacdc7__s3/eps8/hla_only.stdout.txt
ebv,EBV_IEDB_81b4d6bacdc7,ubuntu@sha256:2edbbc5dc405e9612ba3584ce95480277e3eb374407b5505fe26f17df77c7dbc,17112758,transient_deleted_after_checksum_and_sampling,f97a431c841a4b2edfb6d341c33124c37bfb1279aab09f0b9be74491f8669f0e,0,full,raw_calculations/apbs/HY13_SEQ_02/HY13_SEQ_02__ebv__EBV_IEDB_81b4d6bacdc7__s4/eps2/full.in,de35175c61dcb31bce85867a145a7b4016807ad9a76e4d8300c7c4f3c3d046f6,HY13_SEQ_02__ebv__EBV_IEDB_81b4d6bacdc7__s4,HY13_SEQ_02,4,2.0,complete,raw_calculations/apbs/HY13_SEQ_02/HY13_SEQ_02__ebv__EBV_IEDB_81b4d6bacdc7__s4/eps2/full.stderr.txt,raw_calculations/apbs/HY13_SEQ_02/HY13_SEQ_02__ebv__EBV_IEDB_81b4d6bacdc7__s4/eps2/full.stdout.txt
ebv,EBV_IEDB_81b4d6bacdc7,ubuntu@sha256:2edbbc5dc405e9612ba3584ce95480277e3eb374407b5505fe26f17df77c7dbc,17062978,transient_deleted_after_checksum_and_sampling,e2e8c623f2e6025af6355bcca7ff8b38779f3a37e5d5f5db18a954c64dddb59a,0,hla_only,raw_calculations/apbs/HY13_SEQ_02/HY13_SEQ_02__ebv__EBV_IEDB_81b4d6bacdc7__s4/eps2/hla_only.in,105e4b8538b4bd7fed1e2bfd7e5731a1ba10710ae774f9d99da7057d7adc9add,HY13_SEQ_02__ebv__EBV_IEDB_81b4d6bacdc7__s4,HY13_SEQ_02,4,2.0,complete,raw_calculations/apbs/HY13_SEQ_02/HY13_SEQ_02__ebv__EBV_IEDB_81b4d6bacdc7__s4/eps2/hla_only.stderr.txt,raw_calculations/apbs/HY13_SEQ_02/HY13_SEQ_02__ebv__EBV_IEDB_81b4d6bacdc7__s4/eps2/hla_only.stdout.txt
ebv,EBV_IEDB_81b4d6bacdc7,ubuntu@sha256:2edbbc5dc405e9612ba3584ce95480277e3eb374407b5505fe26f17df77c7dbc,17124610,transient_deleted_after_checksum_and_sampling,819e182d69def75a2c79e5f69afd49f72a626976d03b09ea30bda16e8327a7ed,0,full,raw_calculations/apbs/HY13_SEQ_02/HY13_SEQ_02__ebv__EBV_IEDB_81b4d6bacdc7__s4/eps4/full.in,1db07df41e234845453fba8a2ce2feb88330e7ccaca86e641a39b9f60dc733f2,HY13_SEQ_02__ebv__EBV_IEDB_81b4d6bacdc7__s4,HY13_SEQ_02,4,4.0,complete,raw_calculations/apbs/HY13_SEQ_02/HY13_SEQ_02__ebv__EBV_IEDB_81b4d6bacdc7__s4/eps4/full.stderr.txt,raw_calculations/apbs/HY13_SEQ_02/HY13_SEQ_02__ebv__EBV_IEDB_81b4d6bacdc7__s4/eps4/full.stdout.txt
ebv,EBV_IEDB_81b4d6bacdc7,ubuntu@sha256:2edbbc5dc405e9612ba3584ce95480277e3eb374407b5505fe26f17df77c7dbc,17075445,transient_deleted_after_checksum_and_sampling,d8122aeb76e2cf42bd575dad3520b030a2587d17c3d838ae41136f4be672fa50,0,hla_only,raw_calculations/apbs/HY13_SEQ_02/HY13_SEQ_02__ebv__EBV_IEDB_81b4d6bacdc7__s4/eps4/hla_only.in,4f9312f84e06092c84f06b1c5fbe93de3cf7941b16a9d8dea14e3a69f1aa2c36,HY13_SEQ_02__ebv__EBV_IEDB_81b4d6bacdc7__s4,HY13_SEQ_02,4,4.0,complete,raw_calculations/apbs/HY13_SEQ_02/HY13_SEQ_02__ebv__EBV_IEDB_81b4d6bacdc7__s4/eps4/hla_only.stderr.txt,raw_calculations/apbs/HY13_SEQ_02/HY13_SEQ_02__ebv__EBV_IEDB_81b4d6bacdc7__s4/eps4/hla_only.stdout.txt
ebv,EBV_IEDB_81b4d6bacdc7,ubuntu@sha256:2edbbc5dc405e9612ba3584ce95480277e3eb374407b5505fe26f17df77c7dbc,17143787,transient_deleted_after_checksum_and_sampling,bc651f366bb014fe0abe392f8b4e283b243c072242150e32b61ce8258f175273,0,full,raw_calculations/apbs/HY13_SEQ_02/HY13_SEQ_02__ebv__EBV_IEDB_81b4d6bacdc7__s4/eps8/full.in,b4ff3845dd63e132b226da1295f36a6aae52f8f31a22edec7ee7f8ad3a6360a7,HY13_SEQ_02__ebv__EBV_IEDB_81b4d6bacdc7__s4,HY13_SEQ_02,4,8.0,complete,raw_calculations/apbs/HY13_SEQ_02/HY13_SEQ_02__ebv__EBV_IEDB_81b4d6bacdc7__s4/eps8/full.stderr.txt,raw_calculations/apbs/HY13_SEQ_02/HY13_SEQ_02__ebv__EBV_IEDB_81b4d6bacdc7__s4/eps8/full.stdout.txt
ebv,EBV_IEDB_81b4d6bacdc7,ubuntu@sha256:2edbbc5dc405e9612ba3584ce95480277e3eb374407b5505fe26f17df77c7dbc,17093420,transient_deleted_after_checksum_and_sampling,1fdc6d93689b62ea4f19067cc01501530dfae11ec25242c194ab92c6cf8291bf,0,hla_only,raw_calculations/apbs/HY13_SEQ_02/HY13_SEQ_02__ebv__EBV_IEDB_81b4d6bacdc7__s4/eps8/hla_only.in,1bae8d408115c6bb412316b6d9c9c332b44746365be36eae8830f54d8e93e36e,HY13_SEQ_02__ebv__EBV_IEDB_81b4d6bacdc7__s4,HY13_SEQ_02,4,8.0,complete,raw_calculations/apbs/HY13_SEQ_02/HY13_SEQ_02__ebv__EBV_IEDB_81b4d6bacdc7__s4/eps8/hla_only.stderr.txt,raw_calculations/apbs/HY13_SEQ_02/HY13_SEQ_02__ebv__EBV_IEDB_81b4d6bacdc7__s4/eps8/hla_only.stdout.txt
self,SELF_CANON_CNP_0272_0286,ubuntu@sha256:2edbbc5dc405e9612ba3584ce95480277e3eb374407b5505fe26f17df77c7dbc,16936003,transient_deleted_after_checksum_and_sampling,63c3bb2464fa3d6c7c0931a46301e29238266733cc00a31cd60e5a44ada911c3,0,full,raw_calculations/apbs/HY13_SEQ_02/HY13_SEQ_02__self__SELF_CANON_CNP_0272_0286__s0/eps2/full.in,4b4613bd124e5d76252722408220060261bd96de32ecb53f53f776314d4d2250,HY13_SEQ_02__self__SELF_CANON_CNP_0272_0286__s0,HY13_SEQ_02,0,2.0,complete,raw_calculations/apbs/HY13_SEQ_02/HY13_SEQ_02__self__SELF_CANON_CNP_0272_0286__s0/eps2/full.stderr.txt,raw_calculations/apbs/HY13_SEQ_02/HY13_SEQ_02__self__SELF_CANON_CNP_0272_0286__s0/eps2/full.stdout.txt
self,SELF_CANON_CNP_0272_0286,ubuntu@sha256:2edbbc5dc405e9612ba3584ce95480277e3eb374407b5505fe26f17df77c7dbc,17080846,transient_deleted_after_checksum_and_sampling,3418919853f31da023e7fdd7b4bf5e25707af54033b86b78557595c1fe8d7ef9,0,hla_only,raw_calculations/apbs/HY13_SEQ_02/HY13_SEQ_02__self__SELF_CANON_CNP_0272_0286__s0/eps2/hla_only.in,83a59f47f5600a196cd761992077c017bd8d4aa6ac30a618e727b4ea0ee298ec,HY13_SEQ_02__self__SELF_CANON_CNP_0272_0286__s0,HY13_SEQ_02,0,2.0,complete,raw_calculations/apbs/HY13_SEQ_02/HY13_SEQ_02__self__SELF_CANON_CNP_0272_0286__s0/eps2/hla_only.stderr.txt,raw_calculations/apbs/HY13_SEQ_02/HY13_SEQ_02__self__SELF_CANON_CNP_0272_0286__s0/eps2/hla_only.stdout.txt
self,SELF_CANON_CNP_0272_0286,ubuntu@sha256:2edbbc5dc405e9612ba3584ce95480277e3eb374407b5505fe26f17df77c7dbc,16945200,transient_deleted_after_checksum_and_sampling,342e2abf71f9b37662e304ef3959606a6fbfdcf4bb310b4e0652d63cb4673da2,0,full,raw_calculations/apbs/HY13_SEQ_02/HY13_SEQ_02__self__SELF_CANON_CNP_0272_0286__s0/eps4/full.in,8a74254a6a32e45d7ba74482d86727e1d610e6ec688d233037dc2f613a34d30d,HY13_SEQ_02__self__SELF_CANON_CNP_0272_0286__s0,HY13_SEQ_02,0,4.0,complete,raw_calculations/apbs/HY13_SEQ_02/HY13_SEQ_02__self__SELF_CANON_CNP_0272_0286__s0/eps4/full.stderr.txt,raw_calculations/apbs/HY13_SEQ_02/HY13_SEQ_02__self__SELF_CANON_CNP_0272_0286__s0/eps4/full.stdout.txt
self,SELF_CANON_CNP_0272_0286,ubuntu@sha256:2edbbc5dc405e9612ba3584ce95480277e3eb374407b5505fe26f17df77c7dbc,17094091,transient_deleted_after_checksum_and_sampling,b2776f4424862711b8b7f954e16d14d44d8434b81ea84a254e7d8a9b32c15a16,0,hla_only,raw_calculations/apbs/HY13_SEQ_02/HY13_SEQ_02__self__SELF_CANON_CNP_0272_0286__s0/eps4/hla_only.in,b6dfe1e5d9765ad7f731f03e9d59f3af722b6ca3e39b67b6005b51f494b75475,HY13_SEQ_02__self__SELF_CANON_CNP_0272_0286__s0,HY13_SEQ_02,0,4.0,complete,raw_calculations/apbs/HY13_SEQ_02/HY13_SEQ_02__self__SELF_CANON_CNP_0272_0286__s0/eps4/hla_only.stderr.txt,raw_calculations/apbs/HY13_SEQ_02/HY13_SEQ_02__self__SELF_CANON_CNP_0272_0286__s0/eps4/hla_only.stdout.txt
self,SELF_CANON_CNP_0272_0286,ubuntu@sha256:2edbbc5dc405e9612ba3584ce95480277e3eb374407b5505fe26f17df77c7dbc,16963275,transient_deleted_after_checksum_and_sampling,ecf8791285e82ff8c758911f32f1ed0caac02ebc17f6241603a2ddc0b356e4af,0,full,raw_calculations/apbs/HY13_SEQ_02/HY13_SEQ_02__self__SELF_CANON_CNP_0272_0286__s0/eps8/full.in,9d53827be990c1559cafb8d23143fdf5d1a25de6343739385ad2b0f7f2e681ae,HY13_SEQ_02__self__SELF_CANON_CNP_0272_0286__s0,HY13_SEQ_02,0,8.0,complete,raw_calculations/apbs/HY13_SEQ_02/HY13_SEQ_02__self__SELF_CANON_CNP_0272_0286__s0/eps8/full.stderr.txt,raw_calculations/apbs/HY13_SEQ_02/HY13_SEQ_02__self__SELF_CANON_CNP_0272_0286__s0/eps8/full.stdout.txt
self,SELF_CANON_CNP_0272_0286,ubuntu@sha256:2edbbc5dc405e9612ba3584ce95480277e3eb374407b5505fe26f17df77c7dbc,17113506,transient_deleted_after_checksum_and_sampling,78b8d3ffab5b1834d0162474244b3e19080c62bc6b9edf0fa36ef9f5d53120c2,0,hla_only,raw_calculations/apbs/HY13_SEQ_02/HY13_SEQ_02__self__SELF_CANON_CNP_0272_0286__s0/eps8/hla_only.in,d5088c961240077b74b162b9009a3b09a9520af17cb89d06121de551de5ea213,HY13_SEQ_02__self__SELF_CANON_CNP_0272_0286__s0,HY13_SEQ_02,0,8.0,complete,raw_calculations/apbs/HY13_SEQ_02/HY13_SEQ_02__self__SELF_CANON_CNP_0272_0286__s0/eps8/hla_only.stderr.txt,raw_calculations/apbs/HY13_SEQ_02/HY13_SEQ_02__self__SELF_CANON_CNP_0272_0286__s0/eps8/hla_only.stdout.txt
self,SELF_CANON_CNP_0272_0286,ubuntu@sha256:2edbbc5dc405e9612ba3584ce95480277e3eb374407b5505fe26f17df77c7dbc,16850841,transient_deleted_after_checksum_and_sampling,fc74df67a051ec29c1d7117ca75778a161fd0a2b772e438126b927ac4ad1fe66,0,full,raw_calculations/apbs/HY13_SEQ_02/HY13_SEQ_02__self__SELF_CANON_CNP_0272_0286__s1/eps2/full.in,a67625642e096b2586f69e977b51db268ccaf007bc81493a160c60361297d144,HY13_SEQ_02__self__SELF_CANON_CNP_0272_0286__s1,HY13_SEQ_02,1,2.0,complete,raw_calculations/apbs/HY13_SEQ_02/HY13_SEQ_02__self__SELF_CANON_CNP_0272_0286__s1/eps2/full.stderr.txt,raw_calculations/apbs/HY13_SEQ_02/HY13_SEQ_02__self__SELF_CANON_CNP_0272_0286__s1/eps2/full.stdout.txt
self,SELF_CANON_CNP_0272_0286,ubuntu@sha256:2edbbc5dc405e9612ba3584ce95480277e3eb374407b5505fe26f17df77c7dbc,17041433,transient_deleted_after_checksum_and_sampling,6fe6f9943e8cbcb55bad8cd73dfd3ff4c582583b5fb8ea40b0f65a1bf3b4c1c4,0,hla_only,raw_calculations/apbs/HY13_SEQ_02/HY13_SEQ_02__self__SELF_CANON_CNP_0272_0286__s1/eps2/hla_only.in,10899c2b5c295a5afbb1ce7b117f18f436de720935da34dea6567659235e9e83,HY13_SEQ_02__self__SELF_CANON_CNP_0272_0286__s1,HY13_SEQ_02,1,2.0,complete,raw_calculations/apbs/HY13_SEQ_02/HY13_SEQ_02__self__SELF_CANON_CNP_0272_0286__s1/eps2/hla_only.stderr.txt,raw_calculations/apbs/HY13_SEQ_02/HY13_SEQ_02__self__SELF_CANON_CNP_0272_0286__s1/eps2/hla_only.stdout.txt
self,SELF_CANON_CNP_0272_0286,ubuntu@sha256:2edbbc5dc405e9612ba3584ce95480277e3eb374407b5505fe26f17df77c7dbc,16863431,transient_deleted_after_checksum_and_sampling,432e789456b74e12272ab7f742d9108e920f9f3f4246a8f774e8af1077b30b35,0,full,raw_calculations/apbs/HY13_SEQ_02/HY13_SEQ_02__self__SELF_CANON_CNP_0272_0286__s1/eps4/full.in,a13c87c04a8fcc095bcd8fab92e4d28a48ceb4118d8e3fac80be34a49d758569,HY13_SEQ_02__self__SELF_CANON_CNP_0272_0286__s1,HY13_SEQ_02,1,4.0,complete,raw_calculations/apbs/HY13_SEQ_02/HY13_SEQ_02__self__SELF_CANON_CNP_0272_0286__s1/eps4/full.stderr.txt,raw_calculations/apbs/HY13_SEQ_02/HY13_SEQ_02__self__SELF_CANON_CNP_0272_0286__s1/eps4/full.stdout.txt
self,SELF_CANON_CNP_0272_0286,ubuntu@sha256:2edbbc5dc405e9612ba3584ce95480277e3eb374407b5505fe26f17df77c7dbc,17054192,transient_deleted_after_checksum_and_sampling,ec77aed68cc47b4753da4cbdf545f7a60bc492b9952328b868ef63b379b56fd6,0,hla_only,raw_calculations/apbs/HY13_SEQ_02/HY13_SEQ_02__self__SELF_CANON_CNP_0272_0286__s1/eps4/hla_only.in,9403801f239f35b906c13f115dccf01d650ea625c11417bba3b6f3bdc4a0e480,HY13_SEQ_02__self__SELF_CANON_CNP_0272_0286__s1,HY13_SEQ_02,1,4.0,complete,raw_calculations/apbs/HY13_SEQ_02/HY13_SEQ_02__self__SELF_CANON_CNP_0272_0286__s1/eps4/hla_only.stderr.txt,raw_calculations/apbs/HY13_SEQ_02/HY13_SEQ_02__self__SELF_CANON_CNP_0272_0286__s1/eps4/hla_only.stdout.txt
self,SELF_CANON_CNP_0272_0286,ubuntu@sha256:2edbbc5dc405e9612ba3584ce95480277e3eb374407b5505fe26f17df77c7dbc,16882748,transient_deleted_after_checksum_and_sampling,ced33e2dc349bc58ca70cfebbc4c25266fa9384fccdaf8d47c49f04003ad3cf5,0,full,raw_calculations/apbs/HY13_SEQ_02/HY13_SEQ_02__self__SELF_CANON_CNP_0272_0286__s1/eps8/full.in,ee52ec06b3542445cbb8d04964cc2d7a8c1891eb1f11db73be787ef206564852,HY13_SEQ_02__self__SELF_CANON_CNP_0272_0286__s1,HY13_SEQ_02,1,8.0,complete,raw_calculations/apbs/HY13_SEQ_02/HY13_SEQ_02__self__SELF_CANON_CNP_0272_0286__s1/eps8/full.stderr.txt,raw_calculations/apbs/HY13_SEQ_02/HY13_SEQ_02__self__SELF_CANON_CNP_0272_0286__s1/eps8/full.stdout.txt
self,SELF_CANON_CNP_0272_0286,ubuntu@sha256:2edbbc5dc405e9612ba3584ce95480277e3eb374407b5505fe26f17df77c7dbc,17073349,transient_deleted_after_checksum_and_sampling,054f948eb74e5cb3e6f5cd435792c409279a7ce5241d385bbc42b86e04ce22f1,0,hla_only,raw_calculations/apbs/HY13_SEQ_02/HY13_SEQ_02__self__SELF_CANON_CNP_0272_0286__s1/eps8/hla_only.in,c666b9e1aa6e62b12ed4a33c32b45831ca34ae267348f377944344728c26c10a,HY13_SEQ_02__self__SELF_CANON_CNP_0272_0286__s1,HY13_SEQ_02,1,8.0,complete,raw_calculations/apbs/HY13_SEQ_02/HY13_SEQ_02__self__SELF_CANON_CNP_0272_0286__s1/eps8/hla_only.stderr.txt,raw_calculations/apbs/HY13_SEQ_02/HY13_SEQ_02__self__SELF_CANON_CNP_0272_0286__s1/eps8/hla_only.stdout.txt
self,SELF_CANON_CNP_0272_0286,ubuntu@sha256:2edbbc5dc405e9612ba3584ce95480277e3eb374407b5505fe26f17df77c7dbc,16922189,transient_deleted_after_checksum_and_sampling,d29c0754c4b458d1737f2faf6ed9bbf7d64ee5f687810c7675312f830dbfc816,0,full,raw_calculations/apbs/HY13_SEQ_02/HY13_SEQ_02__self__SELF_CANON_CNP_0272_0286__s2/eps2/full.in,0905eea3c59b24275ea6873c7d0eb20fdc177fea511d8feed07a9243d02c1212,HY13_SEQ_02__self__SELF_CANON_CNP_0272_0286__s2,HY13_SEQ_02,2,2.0,complete,raw_calculations/apbs/HY13_SEQ_02/HY13_SEQ_02__self__SELF_CANON_CNP_0272_0286__s2/eps2/full.stderr.txt,raw_calculations/apbs/HY13_SEQ_02/HY13_SEQ_02__self__SELF_CANON_CNP_0272_0286__s2/eps2/full.stdout.txt
self,SELF_CANON_CNP_0272_0286,ubuntu@sha256:2edbbc5dc405e9612ba3584ce95480277e3eb374407b5505fe26f17df77c7dbc,17064156,transient_deleted_after_checksum_and_sampling,ed1f64a344f36aa7311b253861e394c6cc185b75f7b51198377b010cf967c3fc,0,hla_only,raw_calculations/apbs/HY13_SEQ_02/HY13_SEQ_02__self__SELF_CANON_CNP_0272_0286__s2/eps2/hla_only.in,680aee9c58b2554420d4b403d3581084f88512aec742b50dd67f6c7b509a9e66,HY13_SEQ_02__self__SELF_CANON_CNP_0272_0286__s2,HY13_SEQ_02,2,2.0,complete,raw_calculations/apbs/HY13_SEQ_02/HY13_SEQ_02__self__SELF_CANON_CNP_0272_0286__s2/eps2/hla_only.stderr.txt,raw_calculations/apbs/HY13_SEQ_02/HY13_SEQ_02__self__SELF_CANON_CNP_0272_0286__s2/eps2/hla_only.stdout.txt
self,SELF_CANON_CNP_0272_0286,ubuntu@sha256:2edbbc5dc405e9612ba3584ce95480277e3eb374407b5505fe26f17df77c7dbc,16928539,transient_deleted_after_checksum_and_sampling,c776914752d08ae63c469277653a1b3dac7abcf9589ca2acbf73537cac4f2438,0,full,raw_calculations/apbs/HY13_SEQ_02/HY13_SEQ_02__self__SELF_CANON_CNP_0272_0286__s2/eps4/full.in,a69f25b6aabc907acaff2483410ac2117c8d123c6acf5b0af5cd5c08eccfd87d,HY13_SEQ_02__self__SELF_CANON_CNP_0272_0286__s2,HY13_SEQ_02,2,4.0,complete,raw_calculations/apbs/HY13_SEQ_02/HY13_SEQ_02__self__SELF_CANON_CNP_0272_0286__s2/eps4/full.stderr.txt,raw_calculations/apbs/HY13_SEQ_02/HY13_SEQ_02__self__SELF_CANON_CNP_0272_0286__s2/eps4/full.stdout.txt
self,SELF_CANON_CNP_0272_0286,ubuntu@sha256:2edbbc5dc405e9612ba3584ce95480277e3eb374407b5505fe26f17df77c7dbc,17076230,transient_deleted_after_checksum_and_sampling,6b190fd4c30ebfbaca7af7f0fe6a0a9cee6b6c3c359002d1e6b45fa72acce541,0,hla_only,raw_calculations/apbs/HY13_SEQ_02/HY13_SEQ_02__self__SELF_CANON_CNP_0272_0286__s2/eps4/hla_only.in,df4d15a637aa8af555c11b57aba763eb5731f9afde55a3d24645fd81d621b038,HY13_SEQ_02__self__SELF_CANON_CNP_0272_0286__s2,HY13_SEQ_02,2,4.0,complete,raw_calculations/apbs/HY13_SEQ_02/HY13_SEQ_02__self__SELF_CANON_CNP_0272_0286__s2/eps4/hla_only.stderr.txt,raw_calculations/apbs/HY13_SEQ_02/HY13_SEQ_02__self__SELF_CANON_CNP_0272_0286__s2/eps4/hla_only.stdout.txt
self,SELF_CANON_CNP_0272_0286,ubuntu@sha256:2edbbc5dc405e9612ba3584ce95480277e3eb374407b5505fe26f17df77c7dbc,16941441,transient_deleted_after_checksum_and_sampling,ea618a56dca518ec12b391f5994775bf47026e870f12cbaa402f00d0648ff538,0,full,raw_calculations/apbs/HY13_SEQ_02/HY13_SEQ_02__self__SELF_CANON_CNP_0272_0286__s2/eps8/full.in,49726337d6583c7352e81b40484f8d57501915134c7e374b023555ad05fdaadd,HY13_SEQ_02__self__SELF_CANON_CNP_0272_0286__s2,HY13_SEQ_02,2,8.0,complete,raw_calculations/apbs/HY13_SEQ_02/HY13_SEQ_02__self__SELF_CANON_CNP_0272_0286__s2/eps8/full.stderr.txt,raw_calculations/apbs/HY13_SEQ_02/HY13_SEQ_02__self__SELF_CANON_CNP_0272_0286__s2/eps8/full.stdout.txt
self,SELF_CANON_CNP_0272_0286,ubuntu@sha256:2edbbc5dc405e9612ba3584ce95480277e3eb374407b5505fe26f17df77c7dbc,17094738,transient_deleted_after_checksum_and_sampling,3889e9dd8690f99ebfba8f6572bc44bfade58e307493aafa65c23a789f537109,0,hla_only,raw_calculations/apbs/HY13_SEQ_02/HY13_SEQ_02__self__SELF_CANON_CNP_0272_0286__s2/eps8/hla_only.in,3b6aba3ae9f291e38090e10a27b053c1e4784632e285561b07ef940e072bb1be,HY13_SEQ_02__self__SELF_CANON_CNP_0272_0286__s2,HY13_SEQ_02,2,8.0,complete,raw_calculations/apbs/HY13_SEQ_02/HY13_SEQ_02__self__SELF_CANON_CNP_0272_0286__s2/eps8/hla_only.stderr.txt,raw_calculations/apbs/HY13_SEQ_02/HY13_SEQ_02__self__SELF_CANON_CNP_0272_0286__s2/eps8/hla_only.stdout.txt
self,SELF_CANON_CNP_0272_0286,ubuntu@sha256:2edbbc5dc405e9612ba3584ce95480277e3eb374407b5505fe26f17df77c7dbc,17072697,transient_deleted_after_checksum_and_sampling,893806eff7637c338cbf29a01f895caad2c9dd8f69c9ed9972e81b51651150cf,0,full,raw_calculations/apbs/HY13_SEQ_02/HY13_SEQ_02__self__SELF_CANON_CNP_0272_0286__s3/eps2/full.in,f96fc391ceb98eb7706369f551c836feef3184f9ddb081892c62c201c5f1ffb5,HY13_SEQ_02__self__SELF_CANON_CNP_0272_0286__s3,HY13_SEQ_02,3,2.0,complete,raw_calculations/apbs/HY13_SEQ_02/HY13_SEQ_02__self__SELF_CANON_CNP_0272_0286__s3/eps2/full.stderr.txt,raw_calculations/apbs/HY13_SEQ_02/HY13_SEQ_02__self__SELF_CANON_CNP_0272_0286__s3/eps2/full.stdout.txt
self,SELF_CANON_CNP_0272_0286,ubuntu@sha256:2edbbc5dc405e9612ba3584ce95480277e3eb374407b5505fe26f17df77c7dbc,17084980,transient_deleted_after_checksum_and_sampling,e60a98e8d8fdcc56e2d042750ba4f2f06592904f447f951b0c274bdc78241fb1,0,hla_only,raw_calculations/apbs/HY13_SEQ_02/HY13_SEQ_02__self__SELF_CANON_CNP_0272_0286__s3/eps2/hla_only.in,2569a974df502fe07e03a47d062da410d0448a128897208c94ecc7924354246b,HY13_SEQ_02__self__SELF_CANON_CNP_0272_0286__s3,HY13_SEQ_02,3,2.0,complete,raw_calculations/apbs/HY13_SEQ_02/HY13_SEQ_02__self__SELF_CANON_CNP_0272_0286__s3/eps2/hla_only.stderr.txt,raw_calculations/apbs/HY13_SEQ_02/HY13_SEQ_02__self__SELF_CANON_CNP_0272_0286__s3/eps2/hla_only.stdout.txt
self,SELF_CANON_CNP_0272_0286,ubuntu@sha256:2edbbc5dc405e9612ba3584ce95480277e3eb374407b5505fe26f17df77c7dbc,17082648,transient_deleted_after_checksum_and_sampling,50903b68fcc5697ac776e76416c2a72edcc80bc2221766a5bf1db40987f73b23,0,full,raw_calculations/apbs/HY13_SEQ_02/HY13_SEQ_02__self__SELF_CANON_CNP_0272_0286__s3/eps4/full.in,237380bc66d0d1e0c3d02306c19f843aeb38169f7665e6a3d1b2709d73a02082,HY13_SEQ_02__self__SELF_CANON_CNP_0272_0286__s3,HY13_SEQ_02,3,4.0,complete,raw_calculations/apbs/HY13_SEQ_02/HY13_SEQ_02__self__SELF_CANON_CNP_0272_0286__s3/eps4/full.stderr.txt,raw_calculations/apbs/HY13_SEQ_02/HY13_SEQ_02__self__SELF_CANON_CNP_0272_0286__s3/eps4/full.stdout.txt
self,SELF_CANON_CNP_0272_0286,ubuntu@sha256:2edbbc5dc405e9612ba3584ce95480277e3eb374407b5505fe26f17df77c7dbc,17098506,transient_deleted_after_checksum_and_sampling,587bb75e4e8a2644c7f349fda4f24da9f0aab8b19e462ecbebd52d17a872f46a,0,hla_only,raw_calculations/apbs/HY13_SEQ_02/HY13_SEQ_02__self__SELF_CANON_CNP_0272_0286__s3/eps4/hla_only.in,1577b5327b6c15ba37c8068d5b6e985e8258b617282a0fac7b2dfb41ddd52027,HY13_SEQ_02__self__SELF_CANON_CNP_0272_0286__s3,HY13_SEQ_02,3,4.0,complete,raw_calculations/apbs/HY13_SEQ_02/HY13_SEQ_02__self__SELF_CANON_CNP_0272_0286__s3/eps4/hla_only.stderr.txt,raw_calculations/apbs/HY13_SEQ_02/HY13_SEQ_02__self__SELF_CANON_CNP_0272_0286__s3/eps4/hla_only.stdout.txt
self,SELF_CANON_CNP_0272_0286,ubuntu@sha256:2edbbc5dc405e9612ba3584ce95480277e3eb374407b5505fe26f17df77c7dbc,17098835,transient_deleted_after_checksum_and_sampling,832fb77960bb284e2a9e39cbb3e6a5c86305e3256c9c6ab29a426fb20f96cfbb,0,full,raw_calculations/apbs/HY13_SEQ_02/HY13_SEQ_02__self__SELF_CANON_CNP_0272_0286__s3/eps8/full.in,21a0ca1b008d94f16a9b99abd253a4d5623754b97829dd303b92a471068181e5,HY13_SEQ_02__self__SELF_CANON_CNP_0272_0286__s3,HY13_SEQ_02,3,8.0,complete,raw_calculations/apbs/HY13_SEQ_02/HY13_SEQ_02__self__SELF_CANON_CNP_0272_0286__s3/eps8/full.stderr.txt,raw_calculations/apbs/HY13_SEQ_02/HY13_SEQ_02__self__SELF_CANON_CNP_0272_0286__s3/eps8/full.stdout.txt
self,SELF_CANON_CNP_0272_0286,ubuntu@sha256:2edbbc5dc405e9612ba3584ce95480277e3eb374407b5505fe26f17df77c7dbc,17118415,transient_deleted_after_checksum_and_sampling,fc7b1b6bb6f0d9e735b93bbed93469833c4df9f035f2be04c1e3694cf72ae661,0,hla_only,raw_calculations/apbs/HY13_SEQ_02/HY13_SEQ_02__self__SELF_CANON_CNP_0272_0286__s3/eps8/hla_only.in,507970adf396aec81799fb34a244331f16287db39ab3f912340cc1f065f577ab,HY13_SEQ_02__self__SELF_CANON_CNP_0272_0286__s3,HY13_SEQ_02,3,8.0,complete,raw_calculations/apbs/HY13_SEQ_02/HY13_SEQ_02__self__SELF_CANON_CNP_0272_0286__s3/eps8/hla_only.stderr.txt,raw_calculations/apbs/HY13_SEQ_02/HY13_SEQ_02__self__SELF_CANON_CNP_0272_0286__s3/eps8/hla_only.stdout.txt
self,SELF_CANON_CNP_0272_0286,ubuntu@sha256:2edbbc5dc405e9612ba3584ce95480277e3eb374407b5505fe26f17df77c7dbc,16858807,transient_deleted_after_checksum_and_sampling,2b56948d13227606fb3fa8964d8dece3eac6dd0e5ae9f521080562d2323421c0,0,full,raw_calculations/apbs/HY13_SEQ_02/HY13_SEQ_02__self__SELF_CANON_CNP_0272_0286__s4/eps2/full.in,94b653ae88db61534805159d82968827a11f9af5ffad21f2cf4f9f59233f834d,HY13_SEQ_02__self__SELF_CANON_CNP_0272_0286__s4,HY13_SEQ_02,4,2.0,complete,raw_calculations/apbs/HY13_SEQ_02/HY13_SEQ_02__self__SELF_CANON_CNP_0272_0286__s4/eps2/full.stderr.txt,raw_calculations/apbs/HY13_SEQ_02/HY13_SEQ_02__self__SELF_CANON_CNP_0272_0286__s4/eps2/full.stdout.txt
self,SELF_CANON_CNP_0272_0286,ubuntu@sha256:2edbbc5dc405e9612ba3584ce95480277e3eb374407b5505fe26f17df77c7dbc,17061554,transient_deleted_after_checksum_and_sampling,e5a850f6aa46c2ea2afb56d8c6c445fe738684634b073eced379b5552c0be7d6,0,hla_only,raw_calculations/apbs/HY13_SEQ_02/HY13_SEQ_02__self__SELF_CANON_CNP_0272_0286__s4/eps2/hla_only.in,11d93f6a81c378e662ebb5be83c74c31e02326ca59f0858f4b4e581928e88d19,HY13_SEQ_02__self__SELF_CANON_CNP_0272_0286__s4,HY13_SEQ_02,4,2.0,complete,raw_calculations/apbs/HY13_SEQ_02/HY13_SEQ_02__self__SELF_CANON_CNP_0272_0286__s4/eps2/hla_only.stderr.txt,raw_calculations/apbs/HY13_SEQ_02/HY13_SEQ_02__self__SELF_CANON_CNP_0272_0286__s4/eps2/hla_only.stdout.txt
self,SELF_CANON_CNP_0272_0286,ubuntu@sha256:2edbbc5dc405e9612ba3584ce95480277e3eb374407b5505fe26f17df77c7dbc,16863206,transient_deleted_after_checksum_and_sampling,faa569de5a40574d5e9fe9da6004910d015b3dfa02b8646690103e06663bf2b0,0,full,raw_calculations/apbs/HY13_SEQ_02/HY13_SEQ_02__self__SELF_CANON_CNP_0272_0286__s4/eps4/full.in,369d167eeeeb30df81fa9a23a007acd9ddeb53d027a6d50bd87459491e4e4c60,HY13_SEQ_02__self__SELF_CANON_CNP_0272_0286__s4,HY13_SEQ_02,4,4.0,complete,raw_calculations/apbs/HY13_SEQ_02/HY13_SEQ_02__self__SELF_CANON_CNP_0272_0286__s4/eps4/full.stderr.txt,raw_calculations/apbs/HY13_SEQ_02/HY13_SEQ_02__self__SELF_CANON_CNP_0272_0286__s4/eps4/full.stdout.txt
self,SELF_CANON_CNP_0272_0286,ubuntu@sha256:2edbbc5dc405e9612ba3584ce95480277e3eb374407b5505fe26f17df77c7dbc,17074057,transient_deleted_after_checksum_and_sampling,1c7b5cdf4df0c3815dc4e5f597f85e1f98cbadee17715738f96a866c5428ee20,0,hla_only,raw_calculations/apbs/HY13_SEQ_02/HY13_SEQ_02__self__SELF_CANON_CNP_0272_0286__s4/eps4/hla_only.in,1451882baf756737c85dc4477608b5053c2a34bf5c513a8e6d395c8bdfce69a7,HY13_SEQ_02__self__SELF_CANON_CNP_0272_0286__s4,HY13_SEQ_02,4,4.0,complete,raw_calculations/apbs/HY13_SEQ_02/HY13_SEQ_02__self__SELF_CANON_CNP_0272_0286__s4/eps4/hla_only.stderr.txt,raw_calculations/apbs/HY13_SEQ_02/HY13_SEQ_02__self__SELF_CANON_CNP_0272_0286__s4/eps4/hla_only.stdout.txt
self,SELF_CANON_CNP_0272_0286,ubuntu@sha256:2edbbc5dc405e9612ba3584ce95480277e3eb374407b5505fe26f17df77c7dbc,16871445,transient_deleted_after_checksum_and_sampling,2725fd7fd385e1fc4972f6f1f777133519570c640f6ac446bc47474b3f30d1c5,0,full,raw_calculations/apbs/HY13_SEQ_02/HY13_SEQ_02__self__SELF_CANON_CNP_0272_0286__s4/eps8/full.in,ee26b0f71332fcbbd92807d7747ed7ea71c8b2821b993137060e7e795f2e219e,HY13_SEQ_02__self__SELF_CANON_CNP_0272_0286__s4,HY13_SEQ_02,4,8.0,complete,raw_calculations/apbs/HY13_SEQ_02/HY13_SEQ_02__self__SELF_CANON_CNP_0272_0286__s4/eps8/full.stderr.txt,raw_calculations/apbs/HY13_SEQ_02/HY13_SEQ_02__self__SELF_CANON_CNP_0272_0286__s4/eps8/full.stdout.txt
self,SELF_CANON_CNP_0272_0286,ubuntu@sha256:2edbbc5dc405e9612ba3584ce95480277e3eb374407b5505fe26f17df77c7dbc,17092512,transient_deleted_after_checksum_and_sampling,077649705aa0a407a30f69547df4647c2ce14d5e389769ba565d06a1ab7c8b65,0,hla_only,raw_calculations/apbs/HY13_SEQ_02/HY13_SEQ_02__self__SELF_CANON_CNP_0272_0286__s4/eps8/hla_only.in,20eb2ae3bc93b387f78ca821519482023ae5762237f60f3a1f7b1f4358a53f56,HY13_SEQ_02__self__SELF_CANON_CNP_0272_0286__s4,HY13_SEQ_02,4,8.0,complete,raw_calculations/apbs/HY13_SEQ_02/HY13_SEQ_02__self__SELF_CANON_CNP_0272_0286__s4/eps8/hla_only.stderr.txt,raw_calculations/apbs/HY13_SEQ_02/HY13_SEQ_02__self__SELF_CANON_CNP_0272_0286__s4/eps8/hla_only.stdout.txt
self,SELF_CANON_CRYAB_0001_0015,ubuntu@sha256:2edbbc5dc405e9612ba3584ce95480277e3eb374407b5505fe26f17df77c7dbc,17031597,transient_deleted_after_checksum_and_sampling,36f71ac0b243a2739d928575fc538b716c1495b743126ef7042a7b97318a9c64,0,full,raw_calculations/apbs/HY13_SEQ_02/HY13_SEQ_02__self__SELF_CANON_CRYAB_0001_0015__s0/eps2/full.in,0f26fb459b21735e8d46ae18d1516dda12a938bf00a615b2dae5235af95852ab,HY13_SEQ_02__self__SELF_CANON_CRYAB_0001_0015__s0,HY13_SEQ_02,0,2.0,complete,raw_calculations/apbs/HY13_SEQ_02/HY13_SEQ_02__self__SELF_CANON_CRYAB_0001_0015__s0/eps2/full.stderr.txt,raw_calculations/apbs/HY13_SEQ_02/HY13_SEQ_02__self__SELF_CANON_CRYAB_0001_0015__s0/eps2/full.stdout.txt
self,SELF_CANON_CRYAB_0001_0015,ubuntu@sha256:2edbbc5dc405e9612ba3584ce95480277e3eb374407b5505fe26f17df77c7dbc,17074375,transient_deleted_after_checksum_and_sampling,987e35f663aee290f4c4a219bbdb955fdd0a5799556b29915448dcadb9a9ff51,0,hla_only,raw_calculations/apbs/HY13_SEQ_02/HY13_SEQ_02__self__SELF_CANON_CRYAB_0001_0015__s0/eps2/hla_only.in,8167e70b8f1aee24ca4926bda9746e314d22f078af054f7512c5696d0eddc3f9,HY13_SEQ_02__self__SELF_CANON_CRYAB_0001_0015__s0,HY13_SEQ_02,0,2.0,complete,raw_calculations/apbs/HY13_SEQ_02/HY13_SEQ_02__self__SELF_CANON_CRYAB_0001_0015__s0/eps2/hla_only.stderr.txt,raw_calculations/apbs/HY13_SEQ_02/HY13_SEQ_02__self__SELF_CANON_CRYAB_0001_0015__s0/eps2/hla_only.stdout.txt
self,SELF_CANON_CRYAB_0001_0015,ubuntu@sha256:2edbbc5dc405e9612ba3584ce95480277e3eb374407b5505fe26f17df77c7dbc,17042661,transient_deleted_after_checksum_and_sampling,024b16d81b130ea5c62c1574a780ff28be7ca6cf4c6461168650f133b8c8e13b,0,full,raw_calculations/apbs/HY13_SEQ_02/HY13_SEQ_02__self__SELF_CANON_CRYAB_0001_0015__s0/eps4/full.in,5662dca553e68a7d4e929a4af5b778af4e344d7434b39b5b0aa7b9ffd28dfd91,HY13_SEQ_02__self__SELF_CANON_CRYAB_0001_0015__s0,HY13_SEQ_02,0,4.0,complete,raw_calculations/apbs/HY13_SEQ_02/HY13_SEQ_02__self__SELF_CANON_CRYAB_0001_0015__s0/eps4/full.stderr.txt,raw_calculations/apbs/HY13_SEQ_02/HY13_SEQ_02__self__SELF_CANON_CRYAB_0001_0015__s0/eps4/full.stdout.txt
self,SELF_CANON_CRYAB_0001_0015,ubuntu@sha256:2edbbc5dc405e9612ba3584ce95480277e3eb374407b5505fe26f17df77c7dbc,17088555,transient_deleted_after_checksum_and_sampling,42a4f2cc2d600a612e502ccb95c6c03c33c32ec1704a9d2eab46726cc1f41765,0,hla_only,raw_calculations/apbs/HY13_SEQ_02/HY13_SEQ_02__self__SELF_CANON_CRYAB_0001_0015__s0/eps4/hla_only.in,593850d93cd1cbcd20d7fc6510aa49af08abefd46b4795dc2098786fd6c24247,HY13_SEQ_02__self__SELF_CANON_CRYAB_0001_0015__s0,HY13_SEQ_02,0,4.0,complete,raw_calculations/apbs/HY13_SEQ_02/HY13_SEQ_02__self__SELF_CANON_CRYAB_0001_0015__s0/eps4/hla_only.stderr.txt,raw_calculations/apbs/HY13_SEQ_02/HY13_SEQ_02__self__SELF_CANON_CRYAB_0001_0015__s0/eps4/hla_only.stdout.txt
self,SELF_CANON_CRYAB_0001_0015,ubuntu@sha256:2edbbc5dc405e9612ba3584ce95480277e3eb374407b5505fe26f17df77c7dbc,17059296,transient_deleted_after_checksum_and_sampling,738365fac7563e5d22316ee8a0507ad4b970568fdb36beebe8c61e55703b38c0,0,full,raw_calculations/apbs/HY13_SEQ_02/HY13_SEQ_02__self__SELF_CANON_CRYAB_0001_0015__s0/eps8/full.in,de4594b9e06207215691a07ff36c05f8abf7fca428c5da7c2cf7ac93862f754b,HY13_SEQ_02__self__SELF_CANON_CRYAB_0001_0015__s0,HY13_SEQ_02,0,8.0,complete,raw_calculations/apbs/HY13_SEQ_02/HY13_SEQ_02__self__SELF_CANON_CRYAB_0001_0015__s0/eps8/full.stderr.txt,raw_calculations/apbs/HY13_SEQ_02/HY13_SEQ_02__self__SELF_CANON_CRYAB_0001_0015__s0/eps8/full.stdout.txt
self,SELF_CANON_CRYAB_0001_0015,ubuntu@sha256:2edbbc5dc405e9612ba3584ce95480277e3eb374407b5505fe26f17df77c7dbc,17108801,transient_deleted_after_checksum_and_sampling,ebe61c0191b44d1be64a1a6b671c0adf12b716ba8621dd880195d38fb8fb843f,0,hla_only,raw_calculations/apbs/HY13_SEQ_02/HY13_SEQ_02__self__SELF_CANON_CRYAB_0001_0015__s0/eps8/hla_only.in,9790a8d8e1db9f220efef7738b7998c3dc26529821d22e94de22c92a448f98d1,HY13_SEQ_02__self__SELF_CANON_CRYAB_0001_0015__s0,HY13_SEQ_02,0,8.0,complete,raw_calculations/apbs/HY13_SEQ_02/HY13_SEQ_02__self__SELF_CANON_CRYAB_0001_0015__s0/eps8/hla_only.stderr.txt,raw_calculations/apbs/HY13_SEQ_02/HY13_SEQ_02__self__SELF_CANON_CRYAB_0001_0015__s0/eps8/hla_only.stdout.txt
self,SELF_CANON_CRYAB_0001_0015,ubuntu@sha256:2edbbc5dc405e9612ba3584ce95480277e3eb374407b5505fe26f17df77c7dbc,17080295,transient_deleted_after_checksum_and_sampling,60379de19bebbf705f31cf38d8c18f60068bc0c599ec4d0871592ac18caeadc4,0,full,raw_calculations/apbs/HY13_SEQ_02/HY13_SEQ_02__self__SELF_CANON_CRYAB_0001_0015__s1/eps2/full.in,dfeae9656709bbe89eb0833f030771b17258de202b2461696c0395b9d98ff9e7,HY13_SEQ_02__self__SELF_CANON_CRYAB_0001_0015__s1,HY13_SEQ_02,1,2.0,complete,raw_calculations/apbs/HY13_SEQ_02/HY13_SEQ_02__self__SELF_CANON_CRYAB_0001_0015__s1/eps2/full.stderr.txt,raw_calculations/apbs/HY13_SEQ_02/HY13_SEQ_02__self__SELF_CANON_CRYAB_0001_0015__s1/eps2/full.stdout.txt
self,SELF_CANON_CRYAB_0001_0015,ubuntu@sha256:2edbbc5dc405e9612ba3584ce95480277e3eb374407b5505fe26f17df77c7dbc,17049480,transient_deleted_after_checksum_and_sampling,bbd1625955ebd1a7c206355b5d9533256b0ef6a63ac0041f14482cc4273f2169,0,hla_only,raw_calculations/apbs/HY13_SEQ_02/HY13_SEQ_02__self__SELF_CANON_CRYAB_0001_0015__s1/eps2/hla_only.in,52c2b4ee10b8ab63ae1a6d819b8d18fc92a66735d700b8a820aefad8c8f121a6,HY13_SEQ_02__self__SELF_CANON_CRYAB_0001_0015__s1,HY13_SEQ_02,1,2.0,complete,raw_calculations/apbs/HY13_SEQ_02/HY13_SEQ_02__self__SELF_CANON_CRYAB_0001_0015__s1/eps2/hla_only.stderr.txt,raw_calculations/apbs/HY13_SEQ_02/HY13_SEQ_02__self__SELF_CANON_CRYAB_0001_0015__s1/eps2/hla_only.stdout.txt
self,SELF_CANON_CRYAB_0001_0015,ubuntu@sha256:2edbbc5dc405e9612ba3584ce95480277e3eb374407b5505fe26f17df77c7dbc,17090161,transient_deleted_after_checksum_and_sampling,58afd54d9c6218b47add4f3010487e6829e702d50658543d0514e07243c21b34,0,full,raw_calculations/apbs/HY13_SEQ_02/HY13_SEQ_02__self__SELF_CANON_CRYAB_0001_0015__s1/eps4/full.in,baefa47c20cfb0c6f73ac06ada7f6ee005085b74aa472917e9ee7425ef5c80a0,HY13_SEQ_02__self__SELF_CANON_CRYAB_0001_0015__s1,HY13_SEQ_02,1,4.0,complete,raw_calculations/apbs/HY13_SEQ_02/HY13_SEQ_02__self__SELF_CANON_CRYAB_0001_0015__s1/eps4/full.stderr.txt,raw_calculations/apbs/HY13_SEQ_02/HY13_SEQ_02__self__SELF_CANON_CRYAB_0001_0015__s1/eps4/full.stdout.txt
self,SELF_CANON_CRYAB_0001_0015,ubuntu@sha256:2edbbc5dc405e9612ba3584ce95480277e3eb374407b5505fe26f17df77c7dbc,17063047,transient_deleted_after_checksum_and_sampling,ebf0dcc7f1bb82153fca896c788ad692ee36fd228b49d0544af999ba7e08e256,0,hla_only,raw_calculations/apbs/HY13_SEQ_02/HY13_SEQ_02__self__SELF_CANON_CRYAB_0001_0015__s1/eps4/hla_only.in,f6a8e6b15a33a0a4c3103455372d0e8b8ae90aeb6e03bc608e22e101c500e7eb,HY13_SEQ_02__self__SELF_CANON_CRYAB_0001_0015__s1,HY13_SEQ_02,1,4.0,complete,raw_calculations/apbs/HY13_SEQ_02/HY13_SEQ_02__self__SELF_CANON_CRYAB_0001_0015__s1/eps4/hla_only.stderr.txt,raw_calculations/apbs/HY13_SEQ_02/HY13_SEQ_02__self__SELF_CANON_CRYAB_0001_0015__s1/eps4/hla_only.stdout.txt
self,SELF_CANON_CRYAB_0001_0015,ubuntu@sha256:2edbbc5dc405e9612ba3584ce95480277e3eb374407b5505fe26f17df77c7dbc,17106373,transient_deleted_after_checksum_and_sampling,8a60cad4f4cb5f24ecf13f1745eaba09cb28e00723403bf68a34879eefc9e424,0,full,raw_calculations/apbs/HY13_SEQ_02/HY13_SEQ_02__self__SELF_CANON_CRYAB_0001_0015__s1/eps8/full.in,4ba7e708495ba8e70992183a4ec211ec5142570328102bd610790f9d6d864636,HY13_SEQ_02__self__SELF_CANON_CRYAB_0001_0015__s1,HY13_SEQ_02,1,8.0,complete,raw_calculations/apbs/HY13_SEQ_02/HY13_SEQ_02__self__SELF_CANON_CRYAB_0001_0015__s1/eps8/full.stderr.txt,raw_calculations/apbs/HY13_SEQ_02/HY13_SEQ_02__self__SELF_CANON_CRYAB_0001_0015__s1/eps8/full.stdout.txt
self,SELF_CANON_CRYAB_0001_0015,ubuntu@sha256:2edbbc5dc405e9612ba3584ce95480277e3eb374407b5505fe26f17df77c7dbc,17082479,transient_deleted_after_checksum_and_sampling,c6b3c2da49c05c81bf0746928b9308552ed70811fc64808f799164207e490d79,0,hla_only,raw_calculations/apbs/HY13_SEQ_02/HY13_SEQ_02__self__SELF_CANON_CRYAB_0001_0015__s1/eps8/hla_only.in,b5bff556e713bee1011e2d0a21da7e43f9279b54edac7b4d0d161856f1078124,HY13_SEQ_02__self__SELF_CANON_CRYAB_0001_0015__s1,HY13_SEQ_02,1,8.0,complete,raw_calculations/apbs/HY13_SEQ_02/HY13_SEQ_02__self__SELF_CANON_CRYAB_0001_0015__s1/eps8/hla_only.stderr.txt,raw_calculations/apbs/HY13_SEQ_02/HY13_SEQ_02__self__SELF_CANON_CRYAB_0001_0015__s1/eps8/hla_only.stdout.txt
self,SELF_CANON_CRYAB_0001_0015,ubuntu@sha256:2edbbc5dc405e9612ba3584ce95480277e3eb374407b5505fe26f17df77c7dbc,17015789,transient_deleted_after_checksum_and_sampling,e11da46c3e9fd9a4bc5fffe42f0628cb44489c6d3f5832b380d1b2a9734c1d2c,0,full,raw_calculations/apbs/HY13_SEQ_02/HY13_SEQ_02__self__SELF_CANON_CRYAB_0001_0015__s2/eps2/full.in,469156f20e2673cadfee7252dfda9e04b101cd91292a236724b05b0cfb72c0e9,HY13_SEQ_02__self__SELF_CANON_CRYAB_0001_0015__s2,HY13_SEQ_02,2,2.0,complete,raw_calculations/apbs/HY13_SEQ_02/HY13_SEQ_02__self__SELF_CANON_CRYAB_0001_0015__s2/eps2/full.stderr.txt,raw_calculations/apbs/HY13_SEQ_02/HY13_SEQ_02__self__SELF_CANON_CRYAB_0001_0015__s2/eps2/full.stdout.txt
self,SELF_CANON_CRYAB_0001_0015,ubuntu@sha256:2edbbc5dc405e9612ba3584ce95480277e3eb374407b5505fe26f17df77c7dbc,17053807,transient_deleted_after_checksum_and_sampling,0beb1e48b69b0cbd7039077128934971a5375f66e956609d0a33bb1d867decfa,0,hla_only,raw_calculations/apbs/HY13_SEQ_02/HY13_SEQ_02__self__SELF_CANON_CRYAB_0001_0015__s2/eps2/hla_only.in,a82a2b53a90b192fc8971ffc723d8da6b42ea7e013a8e1b837d8fc99ee4b39a5,HY13_SEQ_02__self__SELF_CANON_CRYAB_0001_0015__s2,HY13_SEQ_02,2,2.0,complete,raw_calculations/apbs/HY13_SEQ_02/HY13_SEQ_02__self__SELF_CANON_CRYAB_0001_0015__s2/eps2/hla_only.stderr.txt,raw_calculations/apbs/HY13_SEQ_02/HY13_SEQ_02__self__SELF_CANON_CRYAB_0001_0015__s2/eps2/hla_only.stdout.txt
self,SELF_CANON_CRYAB_0001_0015,ubuntu@sha256:2edbbc5dc405e9612ba3584ce95480277e3eb374407b5505fe26f17df77c7dbc,17023556,transient_deleted_after_checksum_and_sampling,a01a4957d7147eb9962ac2655509d5ed62696cfa3bfb49ede4470092521a5a04,0,full,raw_calculations/apbs/HY13_SEQ_02/HY13_SEQ_02__self__SELF_CANON_CRYAB_0001_0015__s2/eps4/full.in,4e5ad78cd5367b7937950e136b86bea8e7ef73f2b185761a39c3b5459729468a,HY13_SEQ_02__self__SELF_CANON_CRYAB_0001_0015__s2,HY13_SEQ_02,2,4.0,complete,raw_calculations/apbs/HY13_SEQ_02/HY13_SEQ_02__self__SELF_CANON_CRYAB_0001_0015__s2/eps4/full.stderr.txt,raw_calculations/apbs/HY13_SEQ_02/HY13_SEQ_02__self__SELF_CANON_CRYAB_0001_0015__s2/eps4/full.stdout.txt
self,SELF_CANON_CRYAB_0001_0015,ubuntu@sha256:2edbbc5dc405e9612ba3584ce95480277e3eb374407b5505fe26f17df77c7dbc,17066648,transient_deleted_after_checksum_and_sampling,234d0bd08373f13641dd562af85f69220a932cca544738a33f0a0311f9c2e1f2,0,hla_only,raw_calculations/apbs/HY13_SEQ_02/HY13_SEQ_02__self__SELF_CANON_CRYAB_0001_0015__s2/eps4/hla_only.in,9ac2bb02dd63bd1d4922377dfc4186761d79eabb2cc967a9c3e447037180a154,HY13_SEQ_02__self__SELF_CANON_CRYAB_0001_0015__s2,HY13_SEQ_02,2,4.0,complete,raw_calculations/apbs/HY13_SEQ_02/HY13_SEQ_02__self__SELF_CANON_CRYAB_0001_0015__s2/eps4/hla_only.stderr.txt,raw_calculations/apbs/HY13_SEQ_02/HY13_SEQ_02__self__SELF_CANON_CRYAB_0001_0015__s2/eps4/hla_only.stdout.txt
self,SELF_CANON_CRYAB_0001_0015,ubuntu@sha256:2edbbc5dc405e9612ba3584ce95480277e3eb374407b5505fe26f17df77c7dbc,17038268,transient_deleted_after_checksum_and_sampling,dae32a274901193b7240c96fe2e0a0f2bdfe5ce13127888d9e28d5a5740f97c3,0,full,raw_calculations/apbs/HY13_SEQ_02/HY13_SEQ_02__self__SELF_CANON_CRYAB_0001_0015__s2/eps8/full.in,9b02a81ffb1bc90d5da69446aed4fa74ec6b1f73cda74bc5db4c3bfc20da21aa,HY13_SEQ_02__self__SELF_CANON_CRYAB_0001_0015__s2,HY13_SEQ_02,2,8.0,complete,raw_calculations/apbs/HY13_SEQ_02/HY13_SEQ_02__self__SELF_CANON_CRYAB_0001_0015__s2/eps8/full.stderr.txt,raw_calculations/apbs/HY13_SEQ_02/HY13_SEQ_02__self__SELF_CANON_CRYAB_0001_0015__s2/eps8/full.stdout.txt
self,SELF_CANON_CRYAB_0001_0015,ubuntu@sha256:2edbbc5dc405e9612ba3584ce95480277e3eb374407b5505fe26f17df77c7dbc,17085905,transient_deleted_after_checksum_and_sampling,ba234a0c832138b962e164aa78849f83aeece9316528b86f4a32657a00284ece,0,hla_only,raw_calculations/apbs/HY13_SEQ_02/HY13_SEQ_02__self__SELF_CANON_CRYAB_0001_0015__s2/eps8/hla_only.in,f02caedf5696ff220cd002434a996caa61f5973ed6efd9b47813045aa1ba3ce9,HY13_SEQ_02__self__SELF_CANON_CRYAB_0001_0015__s2,HY13_SEQ_02,2,8.0,complete,raw_calculations/apbs/HY13_SEQ_02/HY13_SEQ_02__self__SELF_CANON_CRYAB_0001_0015__s2/eps8/hla_only.stderr.txt,raw_calculations/apbs/HY13_SEQ_02/HY13_SEQ_02__self__SELF_CANON_CRYAB_0001_0015__s2/eps8/hla_only.stdout.txt
self,SELF_CANON_CRYAB_0001_0015,ubuntu@sha256:2edbbc5dc405e9612ba3584ce95480277e3eb374407b5505fe26f17df77c7dbc,17064323,transient_deleted_after_checksum_and_sampling,7ac49c21ec2caad9587f8090b008dcadf3ff0ab15cbdc864c1e39f78b7fbd363,0,full,raw_calculations/apbs/HY13_SEQ_02/HY13_SEQ_02__self__SELF_CANON_CRYAB_0001_0015__s3/eps2/full.in,20b8181c0ff17ceb747b904bb1da23174af0204b3cd76dd2eb45cb36c77bd90f,HY13_SEQ_02__self__SELF_CANON_CRYAB_0001_0015__s3,HY13_SEQ_02,3,2.0,complete,raw_calculations/apbs/HY13_SEQ_02/HY13_SEQ_02__self__SELF_CANON_CRYAB_0001_0015__s3/eps2/full.stderr.txt,raw_calculations/apbs/HY13_SEQ_02/HY13_SEQ_02__self__SELF_CANON_CRYAB_0001_0015__s3/eps2/full.stdout.txt
self,SELF_CANON_CRYAB_0001_0015,ubuntu@sha256:2edbbc5dc405e9612ba3584ce95480277e3eb374407b5505fe26f17df77c7dbc,17044821,transient_deleted_after_checksum_and_sampling,359b67d5376741b6a257e4b557edf08a72745c4d0e4ee47eb614643008ed1235,0,hla_only,raw_calculations/apbs/HY13_SEQ_02/HY13_SEQ_02__self__SELF_CANON_CRYAB_0001_0015__s3/eps2/hla_only.in,112730f9096be68846387fdbb90a9ceb4500c72b8b243ff1c4e76669d71f622b,HY13_SEQ_02__self__SELF_CANON_CRYAB_0001_0015__s3,HY13_SEQ_02,3,2.0,complete,raw_calculations/apbs/HY13_SEQ_02/HY13_SEQ_02__self__SELF_CANON_CRYAB_0001_0015__s3/eps2/hla_only.stderr.txt,raw_calculations/apbs/HY13_SEQ_02/HY13_SEQ_02__self__SELF_CANON_CRYAB_0001_0015__s3/eps2/hla_only.stdout.txt
self,SELF_CANON_CRYAB_0001_0015,ubuntu@sha256:2edbbc5dc405e9612ba3584ce95480277e3eb374407b5505fe26f17df77c7dbc,17076868,transient_deleted_after_checksum_and_sampling,d4a65147844d0c22b1038bf6e7c996900c60ba4cc84f0a5a63ade46f0cf92618,0,full,raw_calculations/apbs/HY13_SEQ_02/HY13_SEQ_02__self__SELF_CANON_CRYAB_0001_0015__s3/eps4/full.in,547e6f233b2212ec878ea01b104a3ca39370952ac74e8d1ff0f9e4de9e5d017d,HY13_SEQ_02__self__SELF_CANON_CRYAB_0001_0015__s3,HY13_SEQ_02,3,4.0,complete,raw_calculations/apbs/HY13_SEQ_02/HY13_SEQ_02__self__SELF_CANON_CRYAB_0001_0015__s3/eps4/full.stderr.txt,raw_calculations/apbs/HY13_SEQ_02/HY13_SEQ_02__self__SELF_CANON_CRYAB_0001_0015__s3/eps4/full.stdout.txt
self,SELF_CANON_CRYAB_0001_0015,ubuntu@sha256:2edbbc5dc405e9612ba3584ce95480277e3eb374407b5505fe26f17df77c7dbc,17056354,transient_deleted_after_checksum_and_sampling,c1a4018619831e7e8744c2f74d0081b8550e3fc8a42ce3a8a87943c16e3e813f,0,hla_only,raw_calculations/apbs/HY13_SEQ_02/HY13_SEQ_02__self__SELF_CANON_CRYAB_0001_0015__s3/eps4/hla_only.in,cda4f916b01f53bbd7f0c95a67e472609576f79b09b1d025f02b84fc00499f8f,HY13_SEQ_02__self__SELF_CANON_CRYAB_0001_0015__s3,HY13_SEQ_02,3,4.0,complete,raw_calculations/apbs/HY13_SEQ_02/HY13_SEQ_02__self__SELF_CANON_CRYAB_0001_0015__s3/eps4/hla_only.stderr.txt,raw_calculations/apbs/HY13_SEQ_02/HY13_SEQ_02__self__SELF_CANON_CRYAB_0001_0015__s3/eps4/hla_only.stdout.txt
self,SELF_CANON_CRYAB_0001_0015,ubuntu@sha256:2edbbc5dc405e9612ba3584ce95480277e3eb374407b5505fe26f17df77c7dbc,17094215,transient_deleted_after_checksum_and_sampling,f92464434e4804be09ad60d8311c24a46796bddf83bf4564aef05f3ecdf6a7ea,0,full,raw_calculations/apbs/HY13_SEQ_02/HY13_SEQ_02__self__SELF_CANON_CRYAB_0001_0015__s3/eps8/full.in,f1b7c480748dc0c81e5fca0ca254e1a01be98179908afc896eadf97d4bf52dc5,HY13_SEQ_02__self__SELF_CANON_CRYAB_0001_0015__s3,HY13_SEQ_02,3,8.0,complete,raw_calculations/apbs/HY13_SEQ_02/HY13_SEQ_02__self__SELF_CANON_CRYAB_0001_0015__s3/eps8/full.stderr.txt,raw_calculations/apbs/HY13_SEQ_02/HY13_SEQ_02__self__SELF_CANON_CRYAB_0001_0015__s3/eps8/full.stdout.txt
self,SELF_CANON_CRYAB_0001_0015,ubuntu@sha256:2edbbc5dc405e9612ba3584ce95480277e3eb374407b5505fe26f17df77c7dbc,17073880,transient_deleted_after_checksum_and_sampling,fc045a53f2f4d03780fab78123578e6b4d6b0b83433ac02160aa7623ac75d7d5,0,hla_only,raw_calculations/apbs/HY13_SEQ_02/HY13_SEQ_02__self__SELF_CANON_CRYAB_0001_0015__s3/eps8/hla_only.in,eed16c1d0844adabafad1713836d078cf628e881d3c052594274f719721f2d12,HY13_SEQ_02__self__SELF_CANON_CRYAB_0001_0015__s3,HY13_SEQ_02,3,8.0,complete,raw_calculations/apbs/HY13_SEQ_02/HY13_SEQ_02__self__SELF_CANON_CRYAB_0001_0015__s3/eps8/hla_only.stderr.txt,raw_calculations/apbs/HY13_SEQ_02/HY13_SEQ_02__self__SELF_CANON_CRYAB_0001_0015__s3/eps8/hla_only.stdout.txt
self,SELF_CANON_CRYAB_0001_0015,ubuntu@sha256:2edbbc5dc405e9612ba3584ce95480277e3eb374407b5505fe26f17df77c7dbc,16948977,transient_deleted_after_checksum_and_sampling,d10a7a2ea44a68137260ec7d6302e1a04ecc0ddf961d3f5ebbc5cc94bb3d201b,0,full,raw_calculations/apbs/HY13_SEQ_02/HY13_SEQ_02__self__SELF_CANON_CRYAB_0001_0015__s4/eps2/full.in,ab6534f0aeaf5961af9dc3b6635189f11ffe026303c4b86fa98a337ee0b102b2,HY13_SEQ_02__self__SELF_CANON_CRYAB_0001_0015__s4,HY13_SEQ_02,4,2.0,complete,raw_calculations/apbs/HY13_SEQ_02/HY13_SEQ_02__self__SELF_CANON_CRYAB_0001_0015__s4/eps2/full.stderr.txt,raw_calculations/apbs/HY13_SEQ_02/HY13_SEQ_02__self__SELF_CANON_CRYAB_0001_0015__s4/eps2/full.stdout.txt
self,SELF_CANON_CRYAB_0001_0015,ubuntu@sha256:2edbbc5dc405e9612ba3584ce95480277e3eb374407b5505fe26f17df77c7dbc,17044512,transient_deleted_after_checksum_and_sampling,61c3dae33e252f3308819090620997c7e8d3d5e2670f45fe6b85a4d0b616d1db,0,hla_only,raw_calculations/apbs/HY13_SEQ_02/HY13_SEQ_02__self__SELF_CANON_CRYAB_0001_0015__s4/eps2/hla_only.in,37932451dc5b25512269b96cfe97edbe4bfdf99abbfb6829ee739da1a78784f1,HY13_SEQ_02__self__SELF_CANON_CRYAB_0001_0015__s4,HY13_SEQ_02,4,2.0,complete,raw_calculations/apbs/HY13_SEQ_02/HY13_SEQ_02__self__SELF_CANON_CRYAB_0001_0015__s4/eps2/hla_only.stderr.txt,raw_calculations/apbs/HY13_SEQ_02/HY13_SEQ_02__self__SELF_CANON_CRYAB_0001_0015__s4/eps2/hla_only.stdout.txt
self,SELF_CANON_CRYAB_0001_0015,ubuntu@sha256:2edbbc5dc405e9612ba3584ce95480277e3eb374407b5505fe26f17df77c7dbc,16956760,transient_deleted_after_checksum_and_sampling,a99a9ac9d0ee9afbedb8f38b6e34b391c1225af4d4535eda2274a8e47926f99c,0,full,raw_calculations/apbs/HY13_SEQ_02/HY13_SEQ_02__self__SELF_CANON_CRYAB_0001_0015__s4/eps4/full.in,3b9e19f4baa91acd857033c2794074f11adfb161853c4a9fc12ad1d1635f4229,HY13_SEQ_02__self__SELF_CANON_CRYAB_0001_0015__s4,HY13_SEQ_02,4,4.0,complete,raw_calculations/apbs/HY13_SEQ_02/HY13_SEQ_02__self__SELF_CANON_CRYAB_0001_0015__s4/eps4/full.stderr.txt,raw_calculations/apbs/HY13_SEQ_02/HY13_SEQ_02__self__SELF_CANON_CRYAB_0001_0015__s4/eps4/full.stdout.txt
self,SELF_CANON_CRYAB_0001_0015,ubuntu@sha256:2edbbc5dc405e9612ba3584ce95480277e3eb374407b5505fe26f17df77c7dbc,17056809,transient_deleted_after_checksum_and_sampling,b2a2d6b9a57afa0d336c7c5fcd11f517bee7754090d0cbe5d66f04d9a4ef288d,0,hla_only,raw_calculations/apbs/HY13_SEQ_02/HY13_SEQ_02__self__SELF_CANON_CRYAB_0001_0015__s4/eps4/hla_only.in,391ea60e29985f3b188ee0856b999d96eb09a5896c885951e921d66b25e1f9b5,HY13_SEQ_02__self__SELF_CANON_CRYAB_0001_0015__s4,HY13_SEQ_02,4,4.0,complete,raw_calculations/apbs/HY13_SEQ_02/HY13_SEQ_02__self__SELF_CANON_CRYAB_0001_0015__s4/eps4/hla_only.stderr.txt,raw_calculations/apbs/HY13_SEQ_02/HY13_SEQ_02__self__SELF_CANON_CRYAB_0001_0015__s4/eps4/hla_only.stdout.txt
self,SELF_CANON_CRYAB_0001_0015,ubuntu@sha256:2edbbc5dc405e9612ba3584ce95480277e3eb374407b5505fe26f17df77c7dbc,16970856,transient_deleted_after_checksum_and_sampling,0f51b762d5506998535495de8427f148faed36b9682048d65b60f36e9a71785a,0,full,raw_calculations/apbs/HY13_SEQ_02/HY13_SEQ_02__self__SELF_CANON_CRYAB_0001_0015__s4/eps8/full.in,fe3c55e74898291ca6becf45abdffee9c3cce0ab56781c64a28625ee3eebb71c,HY13_SEQ_02__self__SELF_CANON_CRYAB_0001_0015__s4,HY13_SEQ_02,4,8.0,complete,raw_calculations/apbs/HY13_SEQ_02/HY13_SEQ_02__self__SELF_CANON_CRYAB_0001_0015__s4/eps8/full.stderr.txt,raw_calculations/apbs/HY13_SEQ_02/HY13_SEQ_02__self__SELF_CANON_CRYAB_0001_0015__s4/eps8/full.stdout.txt
self,SELF_CANON_CRYAB_0001_0015,ubuntu@sha256:2edbbc5dc405e9612ba3584ce95480277e3eb374407b5505fe26f17df77c7dbc,17075505,transient_deleted_after_checksum_and_sampling,fc53eaa5d393ba7f51a30337282480506f4569d9bdb70e352a5ac3fb9e8be63d,0,hla_only,raw_calculations/apbs/HY13_SEQ_02/HY13_SEQ_02__self__SELF_CANON_CRYAB_0001_0015__s4/eps8/hla_only.in,592fc4184c28f0cd73c8d2bb9cdaefcd8471d961b87a9a01ecd43d1bab51720b,HY13_SEQ_02__self__SELF_CANON_CRYAB_0001_0015__s4,HY13_SEQ_02,4,8.0,complete,raw_calculations/apbs/HY13_SEQ_02/HY13_SEQ_02__self__SELF_CANON_CRYAB_0001_0015__s4/eps8/hla_only.stderr.txt,raw_calculations/apbs/HY13_SEQ_02/HY13_SEQ_02__self__SELF_CANON_CRYAB_0001_0015__s4/eps8/hla_only.stdout.txt
self,SELF_CANON_TALDO1_0108_0122,ubuntu@sha256:2edbbc5dc405e9612ba3584ce95480277e3eb374407b5505fe26f17df77c7dbc,17064135,transient_deleted_after_checksum_and_sampling,fca3973abbfc0992c5027d1feb204b84d3ae58cffe8c3e3b95c2e0fd7cc60a52,0,full,raw_calculations/apbs/HY13_SEQ_02/HY13_SEQ_02__self__SELF_CANON_TALDO1_0108_0122__s0/eps2/full.in,06e89286c66f6574d6c5c0ec62d3f2e947148bb96d2c8f2d84141988e7fc2067,HY13_SEQ_02__self__SELF_CANON_TALDO1_0108_0122__s0,HY13_SEQ_02,0,2.0,complete,raw_calculations/apbs/HY13_SEQ_02/HY13_SEQ_02__self__SELF_CANON_TALDO1_0108_0122__s0/eps2/full.stderr.txt,raw_calculations/apbs/HY13_SEQ_02/HY13_SEQ_02__self__SELF_CANON_TALDO1_0108_0122__s0/eps2/full.stdout.txt
self,SELF_CANON_TALDO1_0108_0122,ubuntu@sha256:2edbbc5dc405e9612ba3584ce95480277e3eb374407b5505fe26f17df77c7dbc,17050445,transient_deleted_after_checksum_and_sampling,6be5afc148ccd1f01cbfc00e33a4f9d4669d888d4d650395c72a63da94f0794c,0,hla_only,raw_calculations/apbs/HY13_SEQ_02/HY13_SEQ_02__self__SELF_CANON_TALDO1_0108_0122__s0/eps2/hla_only.in,811b27d9ce567f7644d9abb036fb3066ca609b06d241f125645021acf2903dfc,HY13_SEQ_02__self__SELF_CANON_TALDO1_0108_0122__s0,HY13_SEQ_02,0,2.0,complete,raw_calculations/apbs/HY13_SEQ_02/HY13_SEQ_02__self__SELF_CANON_TALDO1_0108_0122__s0/eps2/hla_only.stderr.txt,raw_calculations/apbs/HY13_SEQ_02/HY13_SEQ_02__self__SELF_CANON_TALDO1_0108_0122__s0/eps2/hla_only.stdout.txt
self,SELF_CANON_TALDO1_0108_0122,ubuntu@sha256:2edbbc5dc405e9612ba3584ce95480277e3eb374407b5505fe26f17df77c7dbc,17073601,transient_deleted_after_checksum_and_sampling,18f2ce6c15a9efea5504f357ba8ed9d6a48b071042d8e936c4a6f9018035ef50,0,full,raw_calculations/apbs/HY13_SEQ_02/HY13_SEQ_02__self__SELF_CANON_TALDO1_0108_0122__s0/eps4/full.in,173d6bef5205eafca5efdc5a189c2b3b99c394f6b2e0ffe9042496aa86bf799b,HY13_SEQ_02__self__SELF_CANON_TALDO1_0108_0122__s0,HY13_SEQ_02,0,4.0,complete,raw_calculations/apbs/HY13_SEQ_02/HY13_SEQ_02__self__SELF_CANON_TALDO1_0108_0122__s0/eps4/full.stderr.txt,raw_calculations/apbs/HY13_SEQ_02/HY13_SEQ_02__self__SELF_CANON_TALDO1_0108_0122__s0/eps4/full.stdout.txt
self,SELF_CANON_TALDO1_0108_0122,ubuntu@sha256:2edbbc5dc405e9612ba3584ce95480277e3eb374407b5505fe26f17df77c7dbc,17062644,transient_deleted_after_checksum_and_sampling,9718a4214f4b4ff77b2060f38c9f35ae37585f071bcb2a1cc786ab65715715d6,0,hla_only,raw_calculations/apbs/HY13_SEQ_02/HY13_SEQ_02__self__SELF_CANON_TALDO1_0108_0122__s0/eps4/hla_only.in,1ebf5641c8931da1d16cfba49107431d62bab251147c136f3358d4ea148ca4ff,HY13_SEQ_02__self__SELF_CANON_TALDO1_0108_0122__s0,HY13_SEQ_02,0,4.0,complete,raw_calculations/apbs/HY13_SEQ_02/HY13_SEQ_02__self__SELF_CANON_TALDO1_0108_0122__s0/eps4/hla_only.stderr.txt,raw_calculations/apbs/HY13_SEQ_02/HY13_SEQ_02__self__SELF_CANON_TALDO1_0108_0122__s0/eps4/hla_only.stdout.txt
self,SELF_CANON_TALDO1_0108_0122,ubuntu@sha256:2edbbc5dc405e9612ba3584ce95480277e3eb374407b5505fe26f17df77c7dbc,17088799,transient_deleted_after_checksum_and_sampling,526e9b63daa4f7e0a367593240c05ed8064919c43462907f9b2493c7f00df673,0,full,raw_calculations/apbs/HY13_SEQ_02/HY13_SEQ_02__self__SELF_CANON_TALDO1_0108_0122__s0/eps8/full.in,591b818f80994a2152955c74aa943995ea7bdb002473f869a0e599d3ae526f94,HY13_SEQ_02__self__SELF_CANON_TALDO1_0108_0122__s0,HY13_SEQ_02,0,8.0,complete,raw_calculations/apbs/HY13_SEQ_02/HY13_SEQ_02__self__SELF_CANON_TALDO1_0108_0122__s0/eps8/full.stderr.txt,raw_calculations/apbs/HY13_SEQ_02/HY13_SEQ_02__self__SELF_CANON_TALDO1_0108_0122__s0/eps8/full.stdout.txt
self,SELF_CANON_TALDO1_0108_0122,ubuntu@sha256:2edbbc5dc405e9612ba3584ce95480277e3eb374407b5505fe26f17df77c7dbc,17080691,transient_deleted_after_checksum_and_sampling,fc33a1993284a3becddc162ea6c2cd93e3a39175a35c40d057b569ed58fb6c27,0,hla_only,raw_calculations/apbs/HY13_SEQ_02/HY13_SEQ_02__self__SELF_CANON_TALDO1_0108_0122__s0/eps8/hla_only.in,59541a59a441420ab89136c2c3fae7524806741aa23dbbe55943002f630f3828,HY13_SEQ_02__self__SELF_CANON_TALDO1_0108_0122__s0,HY13_SEQ_02,0,8.0,complete,raw_calculations/apbs/HY13_SEQ_02/HY13_SEQ_02__self__SELF_CANON_TALDO1_0108_0122__s0/eps8/hla_only.stderr.txt,raw_calculations/apbs/HY13_SEQ_02/HY13_SEQ_02__self__SELF_CANON_TALDO1_0108_0122__s0/eps8/hla_only.stdout.txt
self,SELF_CANON_TALDO1_0108_0122,ubuntu@sha256:2edbbc5dc405e9612ba3584ce95480277e3eb374407b5505fe26f17df77c7dbc,16931254,transient_deleted_after_checksum_and_sampling,7a5a578a81d5c9309f5c1b1bed731d783893ab1966199ba55a367632b0dd53b6,0,full,raw_calculations/apbs/HY13_SEQ_02/HY13_SEQ_02__self__SELF_CANON_TALDO1_0108_0122__s1/eps2/full.in,8f6e471060165dc62991f1203006ba21d895c010f47723bf98a2cda474f80a5f,HY13_SEQ_02__self__SELF_CANON_TALDO1_0108_0122__s1,HY13_SEQ_02,1,2.0,complete,raw_calculations/apbs/HY13_SEQ_02/HY13_SEQ_02__self__SELF_CANON_TALDO1_0108_0122__s1/eps2/full.stderr.txt,raw_calculations/apbs/HY13_SEQ_02/HY13_SEQ_02__self__SELF_CANON_TALDO1_0108_0122__s1/eps2/full.stdout.txt
self,SELF_CANON_TALDO1_0108_0122,ubuntu@sha256:2edbbc5dc405e9612ba3584ce95480277e3eb374407b5505fe26f17df77c7dbc,17012905,transient_deleted_after_checksum_and_sampling,5fec556a37fba4ad1390cc0a5223e1e56f439965aab5b055e729ea5b6c71951d,0,hla_only,raw_calculations/apbs/HY13_SEQ_02/HY13_SEQ_02__self__SELF_CANON_TALDO1_0108_0122__s1/eps2/hla_only.in,a75f6c9639c577857c4efa7cc0c8c853a584ed6cf86dd39218d96d9a19308e19,HY13_SEQ_02__self__SELF_CANON_TALDO1_0108_0122__s1,HY13_SEQ_02,1,2.0,complete,raw_calculations/apbs/HY13_SEQ_02/HY13_SEQ_02__self__SELF_CANON_TALDO1_0108_0122__s1/eps2/hla_only.stderr.txt,raw_calculations/apbs/HY13_SEQ_02/HY13_SEQ_02__self__SELF_CANON_TALDO1_0108_0122__s1/eps2/hla_only.stdout.txt
self,SELF_CANON_TALDO1_0108_0122,ubuntu@sha256:2edbbc5dc405e9612ba3584ce95480277e3eb374407b5505fe26f17df77c7dbc,16939584,transient_deleted_after_checksum_and_sampling,0a822f220f89c1927cf06f8bc447b9fed1ab42555bfb86933d5e0e7e7d4fa0ae,0,full,raw_calculations/apbs/HY13_SEQ_02/HY13_SEQ_02__self__SELF_CANON_TALDO1_0108_0122__s1/eps4/full.in,567e820acbafe25318353c790daf4ab3d10af10a6820d38c6dd1eb2d11afdf82,HY13_SEQ_02__self__SELF_CANON_TALDO1_0108_0122__s1,HY13_SEQ_02,1,4.0,complete,raw_calculations/apbs/HY13_SEQ_02/HY13_SEQ_02__self__SELF_CANON_TALDO1_0108_0122__s1/eps4/full.stderr.txt,raw_calculations/apbs/HY13_SEQ_02/HY13_SEQ_02__self__SELF_CANON_TALDO1_0108_0122__s1/eps4/full.stdout.txt
self,SELF_CANON_TALDO1_0108_0122,ubuntu@sha256:2edbbc5dc405e9612ba3584ce95480277e3eb374407b5505fe26f17df77c7dbc,17025629,transient_deleted_after_checksum_and_sampling,8370f5ece7fc2fd15a23eb4f3ee33be07f7375711b11033f023ff0f7e4710823,0,hla_only,raw_calculations/apbs/HY13_SEQ_02/HY13_SEQ_02__self__SELF_CANON_TALDO1_0108_0122__s1/eps4/hla_only.in,c19292374e32465dcfca0d898078f75de33e76e1099a71d74fe2560689387c6c,HY13_SEQ_02__self__SELF_CANON_TALDO1_0108_0122__s1,HY13_SEQ_02,1,4.0,complete,raw_calculations/apbs/HY13_SEQ_02/HY13_SEQ_02__self__SELF_CANON_TALDO1_0108_0122__s1/eps4/hla_only.stderr.txt,raw_calculations/apbs/HY13_SEQ_02/HY13_SEQ_02__self__SELF_CANON_TALDO1_0108_0122__s1/eps4/hla_only.stdout.txt
self,SELF_CANON_TALDO1_0108_0122,ubuntu@sha256:2edbbc5dc405e9612ba3584ce95480277e3eb374407b5505fe26f17df77c7dbc,16955098,transient_deleted_after_checksum_and_sampling,86f5eee4cb7a02aa27c4c95cdf279f50b6a84319fa73cea0b72da21aaa79b8be,0,full,raw_calculations/apbs/HY13_SEQ_02/HY13_SEQ_02__self__SELF_CANON_TALDO1_0108_0122__s1/eps8/full.in,e0ef8733e4156520872c065a361531ec66b9eb0e05877fbd9db12c212b64a545,HY13_SEQ_02__self__SELF_CANON_TALDO1_0108_0122__s1,HY13_SEQ_02,1,8.0,complete,raw_calculations/apbs/HY13_SEQ_02/HY13_SEQ_02__self__SELF_CANON_TALDO1_0108_0122__s1/eps8/full.stderr.txt,raw_calculations/apbs/HY13_SEQ_02/HY13_SEQ_02__self__SELF_CANON_TALDO1_0108_0122__s1/eps8/full.stdout.txt
self,SELF_CANON_TALDO1_0108_0122,ubuntu@sha256:2edbbc5dc405e9612ba3584ce95480277e3eb374407b5505fe26f17df77c7dbc,17042955,transient_deleted_after_checksum_and_sampling,9f834a4d734fd43553a079c55c173c1b9df77334174558aba44ded7e6cd65c47,0,hla_only,raw_calculations/apbs/HY13_SEQ_02/HY13_SEQ_02__self__SELF_CANON_TALDO1_0108_0122__s1/eps8/hla_only.in,d4eeb63ed14b4b8ac0d7ce0a6e7a6ff1566cc702bc49067aeff78c44eb5c3b19,HY13_SEQ_02__self__SELF_CANON_TALDO1_0108_0122__s1,HY13_SEQ_02,1,8.0,complete,raw_calculations/apbs/HY13_SEQ_02/HY13_SEQ_02__self__SELF_CANON_TALDO1_0108_0122__s1/eps8/hla_only.stderr.txt,raw_calculations/apbs/HY13_SEQ_02/HY13_SEQ_02__self__SELF_CANON_TALDO1_0108_0122__s1/eps8/hla_only.stdout.txt
self,SELF_CANON_TALDO1_0108_0122,ubuntu@sha256:2edbbc5dc405e9612ba3584ce95480277e3eb374407b5505fe26f17df77c7dbc,17063395,transient_deleted_after_checksum_and_sampling,08f28f4bb57d82a130830126adbc18dfabcf5a5d95506f9af94a2b42a801e342,0,full,raw_calculations/apbs/HY13_SEQ_02/HY13_SEQ_02__self__SELF_CANON_TALDO1_0108_0122__s2/eps2/full.in,ded31461a2056d3745f922ef20f5feabb97abc8fba509c3202594d39c571d04a,HY13_SEQ_02__self__SELF_CANON_TALDO1_0108_0122__s2,HY13_SEQ_02,2,2.0,complete,raw_calculations/apbs/HY13_SEQ_02/HY13_SEQ_02__self__SELF_CANON_TALDO1_0108_0122__s2/eps2/full.stderr.txt,raw_calculations/apbs/HY13_SEQ_02/HY13_SEQ_02__self__SELF_CANON_TALDO1_0108_0122__s2/eps2/full.stdout.txt
self,SELF_CANON_TALDO1_0108_0122,ubuntu@sha256:2edbbc5dc405e9612ba3584ce95480277e3eb374407b5505fe26f17df77c7dbc,17056599,transient_deleted_after_checksum_and_sampling,9427e6fa8ce7111436db95cbdd7c39375fc0bf343f33addedec5dd9b7891e65e,0,hla_only,raw_calculations/apbs/HY13_SEQ_02/HY13_SEQ_02__self__SELF_CANON_TALDO1_0108_0122__s2/eps2/hla_only.in,164405106ba18f885e075dd1d281c64d91fa8dcdc83c3cb859e5fac7a9e15eea,HY13_SEQ_02__self__SELF_CANON_TALDO1_0108_0122__s2,HY13_SEQ_02,2,2.0,complete,raw_calculations/apbs/HY13_SEQ_02/HY13_SEQ_02__self__SELF_CANON_TALDO1_0108_0122__s2/eps2/hla_only.stderr.txt,raw_calculations/apbs/HY13_SEQ_02/HY13_SEQ_02__self__SELF_CANON_TALDO1_0108_0122__s2/eps2/hla_only.stdout.txt
self,SELF_CANON_TALDO1_0108_0122,ubuntu@sha256:2edbbc5dc405e9612ba3584ce95480277e3eb374407b5505fe26f17df77c7dbc,17074555,transient_deleted_after_checksum_and_sampling,e6b4fce16d682281600d6321ac0efc452982130d3c55b36358bf38796a90f14a,0,full,raw_calculations/apbs/HY13_SEQ_02/HY13_SEQ_02__self__SELF_CANON_TALDO1_0108_0122__s2/eps4/full.in,73f946af05301932c956383d3336a728b30498d51139f0d754ca38c02bd8d2eb,HY13_SEQ_02__self__SELF_CANON_TALDO1_0108_0122__s2,HY13_SEQ_02,2,4.0,complete,raw_calculations/apbs/HY13_SEQ_02/HY13_SEQ_02__self__SELF_CANON_TALDO1_0108_0122__s2/eps4/full.stderr.txt,raw_calculations/apbs/HY13_SEQ_02/HY13_SEQ_02__self__SELF_CANON_TALDO1_0108_0122__s2/eps4/full.stdout.txt
self,SELF_CANON_TALDO1_0108_0122,ubuntu@sha256:2edbbc5dc405e9612ba3584ce95480277e3eb374407b5505fe26f17df77c7dbc,17068902,transient_deleted_after_checksum_and_sampling,a9886d0c73418bab48d521321d51dd6a09c234a87d96b86cd9e6df8fa97d2adb,0,hla_only,raw_calculations/apbs/HY13_SEQ_02/HY13_SEQ_02__self__SELF_CANON_TALDO1_0108_0122__s2/eps4/hla_only.in,01d8c78dd29b558adcf985d8764812573d924ba60fd55dba9bc4039c343e1b69,HY13_SEQ_02__self__SELF_CANON_TALDO1_0108_0122__s2,HY13_SEQ_02,2,4.0,complete,raw_calculations/apbs/HY13_SEQ_02/HY13_SEQ_02__self__SELF_CANON_TALDO1_0108_0122__s2/eps4/hla_only.stderr.txt,raw_calculations/apbs/HY13_SEQ_02/HY13_SEQ_02__self__SELF_CANON_TALDO1_0108_0122__s2/eps4/hla_only.stdout.txt
self,SELF_CANON_TALDO1_0108_0122,ubuntu@sha256:2edbbc5dc405e9612ba3584ce95480277e3eb374407b5505fe26f17df77c7dbc,17091953,transient_deleted_after_checksum_and_sampling,d60f9c1c2700417d0e78ca6761dd52fc72448ab1da4d2e2395d4982323596991,0,full,raw_calculations/apbs/HY13_SEQ_02/HY13_SEQ_02__self__SELF_CANON_TALDO1_0108_0122__s2/eps8/full.in,0420ad91c3e35c18f23914f66bf6c1259dc5356afaf1b8a1f8c40ff9175e7b7c,HY13_SEQ_02__self__SELF_CANON_TALDO1_0108_0122__s2,HY13_SEQ_02,2,8.0,complete,raw_calculations/apbs/HY13_SEQ_02/HY13_SEQ_02__self__SELF_CANON_TALDO1_0108_0122__s2/eps8/full.stderr.txt,raw_calculations/apbs/HY13_SEQ_02/HY13_SEQ_02__self__SELF_CANON_TALDO1_0108_0122__s2/eps8/full.stdout.txt
self,SELF_CANON_TALDO1_0108_0122,ubuntu@sha256:2edbbc5dc405e9612ba3584ce95480277e3eb374407b5505fe26f17df77c7dbc,17086413,transient_deleted_after_checksum_and_sampling,b75434ca57f55f1633b31973b9e6a6aa62e2b0d1d4bc480f0f9788f1cf406d64,0,hla_only,raw_calculations/apbs/HY13_SEQ_02/HY13_SEQ_02__self__SELF_CANON_TALDO1_0108_0122__s2/eps8/hla_only.in,f41134626bcef1f818d70cff77186c97101fd4b0b9caf030559ce6aac7834a93,HY13_SEQ_02__self__SELF_CANON_TALDO1_0108_0122__s2,HY13_SEQ_02,2,8.0,complete,raw_calculations/apbs/HY13_SEQ_02/HY13_SEQ_02__self__SELF_CANON_TALDO1_0108_0122__s2/eps8/hla_only.stderr.txt,raw_calculations/apbs/HY13_SEQ_02/HY13_SEQ_02__self__SELF_CANON_TALDO1_0108_0122__s2/eps8/hla_only.stdout.txt
self,SELF_CANON_TALDO1_0108_0122,ubuntu@sha256:2edbbc5dc405e9612ba3584ce95480277e3eb374407b5505fe26f17df77c7dbc,17111640,transient_deleted_after_checksum_and_sampling,38e6306b35c0fd6f4f47ba5915aa2328221d0a0a3789856fde2fe5f2f5f0ad17,0,full,raw_calculations/apbs/HY13_SEQ_02/HY13_SEQ_02__self__SELF_CANON_TALDO1_0108_0122__s3/eps2/full.in,e71aaa7ee2bed17b9e07b7d4e976c705c11aea3310ec4787a331a9f0bf614f1c,HY13_SEQ_02__self__SELF_CANON_TALDO1_0108_0122__s3,HY13_SEQ_02,3,2.0,complete,raw_calculations/apbs/HY13_SEQ_02/HY13_SEQ_02__self__SELF_CANON_TALDO1_0108_0122__s3/eps2/full.stderr.txt,raw_calculations/apbs/HY13_SEQ_02/HY13_SEQ_02__self__SELF_CANON_TALDO1_0108_0122__s3/eps2/full.stdout.txt
self,SELF_CANON_TALDO1_0108_0122,ubuntu@sha256:2edbbc5dc405e9612ba3584ce95480277e3eb374407b5505fe26f17df77c7dbc,17083685,transient_deleted_after_checksum_and_sampling,3ba6bbe3d455c68243caaf66ca55b194a1356482993fe56e5db531ed2eb5a865,0,hla_only,raw_calculations/apbs/HY13_SEQ_02/HY13_SEQ_02__self__SELF_CANON_TALDO1_0108_0122__s3/eps2/hla_only.in,5f31fde590dd9c7bf4fe3a788fe3f427b59d4846fe73121d9b8e5ad669acffd5,HY13_SEQ_02__self__SELF_CANON_TALDO1_0108_0122__s3,HY13_SEQ_02,3,2.0,complete,raw_calculations/apbs/HY13_SEQ_02/HY13_SEQ_02__self__SELF_CANON_TALDO1_0108_0122__s3/eps2/hla_only.stderr.txt,raw_calculations/apbs/HY13_SEQ_02/HY13_SEQ_02__self__SELF_CANON_TALDO1_0108_0122__s3/eps2/hla_only.stdout.txt
self,SELF_CANON_TALDO1_0108_0122,ubuntu@sha256:2edbbc5dc405e9612ba3584ce95480277e3eb374407b5505fe26f17df77c7dbc,17123655,transient_deleted_after_checksum_and_sampling,332dbd45d5a21819030c082d15b01c56997174d8da623b27028286f4bfdf6ae8,0,full,raw_calculations/apbs/HY13_SEQ_02/HY13_SEQ_02__self__SELF_CANON_TALDO1_0108_0122__s3/eps4/full.in,d06fca59e54d389923d01635b53b13ec768b2dce6c5cbc1eaffd1a3fdb746acc,HY13_SEQ_02__self__SELF_CANON_TALDO1_0108_0122__s3,HY13_SEQ_02,3,4.0,complete,raw_calculations/apbs/HY13_SEQ_02/HY13_SEQ_02__self__SELF_CANON_TALDO1_0108_0122__s3/eps4/full.stderr.txt,raw_calculations/apbs/HY13_SEQ_02/HY13_SEQ_02__self__SELF_CANON_TALDO1_0108_0122__s3/eps4/full.stdout.txt
self,SELF_CANON_TALDO1_0108_0122,ubuntu@sha256:2edbbc5dc405e9612ba3584ce95480277e3eb374407b5505fe26f17df77c7dbc,17097486,transient_deleted_after_checksum_and_sampling,32e31ff14e7866708e8799ee9d58278c7d5212716f9bc8f852342d6b56796bf9,0,hla_only,raw_calculations/apbs/HY13_SEQ_02/HY13_SEQ_02__self__SELF_CANON_TALDO1_0108_0122__s3/eps4/hla_only.in,de97edfcdfdc2cd3d58fbc4933f27697c54f95c2f2c6729626bd9bee22094c42,HY13_SEQ_02__self__SELF_CANON_TALDO1_0108_0122__s3,HY13_SEQ_02,3,4.0,complete,raw_calculations/apbs/HY13_SEQ_02/HY13_SEQ_02__self__SELF_CANON_TALDO1_0108_0122__s3/eps4/hla_only.stderr.txt,raw_calculations/apbs/HY13_SEQ_02/HY13_SEQ_02__self__SELF_CANON_TALDO1_0108_0122__s3/eps4/hla_only.stdout.txt
self,SELF_CANON_TALDO1_0108_0122,ubuntu@sha256:2edbbc5dc405e9612ba3584ce95480277e3eb374407b5505fe26f17df77c7dbc,17142693,transient_deleted_after_checksum_and_sampling,b07bd380b05dcccf9f1da63d1b835674e51ff764a6bd7a108727d70feacd8679,0,full,raw_calculations/apbs/HY13_SEQ_02/HY13_SEQ_02__self__SELF_CANON_TALDO1_0108_0122__s3/eps8/full.in,0031d37beb9a930f80ba13289cf3ee4306fc4125ea813b8074155cb1d10e3d5c,HY13_SEQ_02__self__SELF_CANON_TALDO1_0108_0122__s3,HY13_SEQ_02,3,8.0,complete,raw_calculations/apbs/HY13_SEQ_02/HY13_SEQ_02__self__SELF_CANON_TALDO1_0108_0122__s3/eps8/full.stderr.txt,raw_calculations/apbs/HY13_SEQ_02/HY13_SEQ_02__self__SELF_CANON_TALDO1_0108_0122__s3/eps8/full.stdout.txt
self,SELF_CANON_TALDO1_0108_0122,ubuntu@sha256:2edbbc5dc405e9612ba3584ce95480277e3eb374407b5505fe26f17df77c7dbc,17117032,transient_deleted_after_checksum_and_sampling,7acc2e983fbe7a1c4a2699194be93266d00f59ee13fc3557ef3501a8a562b22b,0,hla_only,raw_calculations/apbs/HY13_SEQ_02/HY13_SEQ_02__self__SELF_CANON_TALDO1_0108_0122__s3/eps8/hla_only.in,cbeef558fe214ce136c2d98f5ad3b64377ddeb774f7a255e8f323fd78610014d,HY13_SEQ_02__self__SELF_CANON_TALDO1_0108_0122__s3,HY13_SEQ_02,3,8.0,complete,raw_calculations/apbs/HY13_SEQ_02/HY13_SEQ_02__self__SELF_CANON_TALDO1_0108_0122__s3/eps8/hla_only.stderr.txt,raw_calculations/apbs/HY13_SEQ_02/HY13_SEQ_02__self__SELF_CANON_TALDO1_0108_0122__s3/eps8/hla_only.stdout.txt
self,SELF_CANON_TALDO1_0108_0122,ubuntu@sha256:2edbbc5dc405e9612ba3584ce95480277e3eb374407b5505fe26f17df77c7dbc,17022200,transient_deleted_after_checksum_and_sampling,ef5391d5790aa3245d81c0c4c330715dbb14f29cd0ebe553e8f04fa8b9a0b3f0,0,full,raw_calculations/apbs/HY13_SEQ_02/HY13_SEQ_02__self__SELF_CANON_TALDO1_0108_0122__s4/eps2/full.in,62c39f5ac59fc2bf96ba28afe5a0626838a4fc901be57e4f66d23ec27009a75d,HY13_SEQ_02__self__SELF_CANON_TALDO1_0108_0122__s4,HY13_SEQ_02,4,2.0,complete,raw_calculations/apbs/HY13_SEQ_02/HY13_SEQ_02__self__SELF_CANON_TALDO1_0108_0122__s4/eps2/full.stderr.txt,raw_calculations/apbs/HY13_SEQ_02/HY13_SEQ_02__self__SELF_CANON_TALDO1_0108_0122__s4/eps2/full.stdout.txt
self,SELF_CANON_TALDO1_0108_0122,ubuntu@sha256:2edbbc5dc405e9612ba3584ce95480277e3eb374407b5505fe26f17df77c7dbc,17056099,transient_deleted_after_checksum_and_sampling,641d55f85ff0367dea216033c4b3c00219099c22eb119f8c35e0a7a6c56978b0,0,hla_only,raw_calculations/apbs/HY13_SEQ_02/HY13_SEQ_02__self__SELF_CANON_TALDO1_0108_0122__s4/eps2/hla_only.in,1d9915ea175c40243f6bf72f5fec3eb1d0459d4db4ec784597dc7af7843234cc,HY13_SEQ_02__self__SELF_CANON_TALDO1_0108_0122__s4,HY13_SEQ_02,4,2.0,complete,raw_calculations/apbs/HY13_SEQ_02/HY13_SEQ_02__self__SELF_CANON_TALDO1_0108_0122__s4/eps2/hla_only.stderr.txt,raw_calculations/apbs/HY13_SEQ_02/HY13_SEQ_02__self__SELF_CANON_TALDO1_0108_0122__s4/eps2/hla_only.stdout.txt
self,SELF_CANON_TALDO1_0108_0122,ubuntu@sha256:2edbbc5dc405e9612ba3584ce95480277e3eb374407b5505fe26f17df77c7dbc,17032875,transient_deleted_after_checksum_and_sampling,0abbbc5b1c55cccd97bc000f3eb124c873e9752d26281297c62ca96447aeec53,0,full,raw_calculations/apbs/HY13_SEQ_02/HY13_SEQ_02__self__SELF_CANON_TALDO1_0108_0122__s4/eps4/full.in,c4d73d3926057b4af8ed2deba05ac0213ecd68d40ef69234081c7e564df2669e,HY13_SEQ_02__self__SELF_CANON_TALDO1_0108_0122__s4,HY13_SEQ_02,4,4.0,complete,raw_calculations/apbs/HY13_SEQ_02/HY13_SEQ_02__self__SELF_CANON_TALDO1_0108_0122__s4/eps4/full.stderr.txt,raw_calculations/apbs/HY13_SEQ_02/HY13_SEQ_02__self__SELF_CANON_TALDO1_0108_0122__s4/eps4/full.stdout.txt
self,SELF_CANON_TALDO1_0108_0122,ubuntu@sha256:2edbbc5dc405e9612ba3584ce95480277e3eb374407b5505fe26f17df77c7dbc,17069779,transient_deleted_after_checksum_and_sampling,d110e96efdf2585dbbfbafadc169d67eaf3a02f487b79f9116c022e2490806e9,0,hla_only,raw_calculations/apbs/HY13_SEQ_02/HY13_SEQ_02__self__SELF_CANON_TALDO1_0108_0122__s4/eps4/hla_only.in,d9fac7f3415a5fbe5ef14b188fca57792ffe26bd7bd28a7f315d6034c04b678a,HY13_SEQ_02__self__SELF_CANON_TALDO1_0108_0122__s4,HY13_SEQ_02,4,4.0,complete,raw_calculations/apbs/HY13_SEQ_02/HY13_SEQ_02__self__SELF_CANON_TALDO1_0108_0122__s4/eps4/hla_only.stderr.txt,raw_calculations/apbs/HY13_SEQ_02/HY13_SEQ_02__self__SELF_CANON_TALDO1_0108_0122__s4/eps4/hla_only.stdout.txt
self,SELF_CANON_TALDO1_0108_0122,ubuntu@sha256:2edbbc5dc405e9612ba3584ce95480277e3eb374407b5505fe26f17df77c7dbc,17049772,transient_deleted_after_checksum_and_sampling,280f3b8247f2e7ba3873100e160877a8e5e642e34b49fd66dd7534fc804feb29,0,full,raw_calculations/apbs/HY13_SEQ_02/HY13_SEQ_02__self__SELF_CANON_TALDO1_0108_0122__s4/eps8/full.in,096f7ed5ef8046be21c6e39a849fcc520cbef16bef36caf14001de21e8997e2f,HY13_SEQ_02__self__SELF_CANON_TALDO1_0108_0122__s4,HY13_SEQ_02,4,8.0,complete,raw_calculations/apbs/HY13_SEQ_02/HY13_SEQ_02__self__SELF_CANON_TALDO1_0108_0122__s4/eps8/full.stderr.txt,raw_calculations/apbs/HY13_SEQ_02/HY13_SEQ_02__self__SELF_CANON_TALDO1_0108_0122__s4/eps8/full.stdout.txt
self,SELF_CANON_TALDO1_0108_0122,ubuntu@sha256:2edbbc5dc405e9612ba3584ce95480277e3eb374407b5505fe26f17df77c7dbc,17090416,transient_deleted_after_checksum_and_sampling,705f461fc69ad1879a56964a9c80835754157457d508c29e5152f95b63e433a4,0,hla_only,raw_calculations/apbs/HY13_SEQ_02/HY13_SEQ_02__self__SELF_CANON_TALDO1_0108_0122__s4/eps8/hla_only.in,7c0095a83cd082cdc9a02610414b07ea600efeb7a2188c26c1fe13c7cd14fc20,HY13_SEQ_02__self__SELF_CANON_TALDO1_0108_0122__s4,HY13_SEQ_02,4,8.0,complete,raw_calculations/apbs/HY13_SEQ_02/HY13_SEQ_02__self__SELF_CANON_TALDO1_0108_0122__s4/eps8/hla_only.stderr.txt,raw_calculations/apbs/HY13_SEQ_02/HY13_SEQ_02__self__SELF_CANON_TALDO1_0108_0122__s4/eps8/hla_only.stdout.txt
self,SELF_CANON_TALDO1_0216_0230,ubuntu@sha256:2edbbc5dc405e9612ba3584ce95480277e3eb374407b5505fe26f17df77c7dbc,16847114,transient_deleted_after_checksum_and_sampling,f222c860699e4e36ab58abd096bb8812310606cf3cefb02b86d837ebbf84dfbd,0,full,raw_calculations/apbs/HY13_SEQ_02/HY13_SEQ_02__self__SELF_CANON_TALDO1_0216_0230__s0/eps2/full.in,438067227e927c73d24ef9c7b66323983a5100cdc99dd0c4baae9787cff9e522,HY13_SEQ_02__self__SELF_CANON_TALDO1_0216_0230__s0,HY13_SEQ_02,0,2.0,complete,raw_calculations/apbs/HY13_SEQ_02/HY13_SEQ_02__self__SELF_CANON_TALDO1_0216_0230__s0/eps2/full.stderr.txt,raw_calculations/apbs/HY13_SEQ_02/HY13_SEQ_02__self__SELF_CANON_TALDO1_0216_0230__s0/eps2/full.stdout.txt
self,SELF_CANON_TALDO1_0216_0230,ubuntu@sha256:2edbbc5dc405e9612ba3584ce95480277e3eb374407b5505fe26f17df77c7dbc,17040338,transient_deleted_after_checksum_and_sampling,f718b8fd92fab9ca1bd61a8f737adeefd234321e8f1b2c620773128d1c7682d6,0,hla_only,raw_calculations/apbs/HY13_SEQ_02/HY13_SEQ_02__self__SELF_CANON_TALDO1_0216_0230__s0/eps2/hla_only.in,c767a83a722c7ab2ca35cb4c3893340efe0396945afb176140668598c9d0061e,HY13_SEQ_02__self__SELF_CANON_TALDO1_0216_0230__s0,HY13_SEQ_02,0,2.0,complete,raw_calculations/apbs/HY13_SEQ_02/HY13_SEQ_02__self__SELF_CANON_TALDO1_0216_0230__s0/eps2/hla_only.stderr.txt,raw_calculations/apbs/HY13_SEQ_02/HY13_SEQ_02__self__SELF_CANON_TALDO1_0216_0230__s0/eps2/hla_only.stdout.txt
self,SELF_CANON_TALDO1_0216_0230,ubuntu@sha256:2edbbc5dc405e9612ba3584ce95480277e3eb374407b5505fe26f17df77c7dbc,16855447,transient_deleted_after_checksum_and_sampling,1c69337cdd00e252dffcadf3530541b467fd5c33ac5fdc38c3a1fd88adb64155,0,full,raw_calculations/apbs/HY13_SEQ_02/HY13_SEQ_02__self__SELF_CANON_TALDO1_0216_0230__s0/eps4/full.in,d793e803cf9dad6a2ebb352bc05fb4759bc58236c9d58c391241fe1b4541fa79,HY13_SEQ_02__self__SELF_CANON_TALDO1_0216_0230__s0,HY13_SEQ_02,0,4.0,complete,raw_calculations/apbs/HY13_SEQ_02/HY13_SEQ_02__self__SELF_CANON_TALDO1_0216_0230__s0/eps4/full.stderr.txt,raw_calculations/apbs/HY13_SEQ_02/HY13_SEQ_02__self__SELF_CANON_TALDO1_0216_0230__s0/eps4/full.stdout.txt
self,SELF_CANON_TALDO1_0216_0230,ubuntu@sha256:2edbbc5dc405e9612ba3584ce95480277e3eb374407b5505fe26f17df77c7dbc,17054088,transient_deleted_after_checksum_and_sampling,a6a7ed43775874d153ec0548562d07dd543f308bf0fbdfc240daf8f5ec50650d,0,hla_only,raw_calculations/apbs/HY13_SEQ_02/HY13_SEQ_02__self__SELF_CANON_TALDO1_0216_0230__s0/eps4/hla_only.in,0799a4c84d8049879f5b7dd08b9ed9b79b8d843ce0e4f9ad6ad950d668c94812,HY13_SEQ_02__self__SELF_CANON_TALDO1_0216_0230__s0,HY13_SEQ_02,0,4.0,complete,raw_calculations/apbs/HY13_SEQ_02/HY13_SEQ_02__self__SELF_CANON_TALDO1_0216_0230__s0/eps4/hla_only.stderr.txt,raw_calculations/apbs/HY13_SEQ_02/HY13_SEQ_02__self__SELF_CANON_TALDO1_0216_0230__s0/eps4/hla_only.stdout.txt
self,SELF_CANON_TALDO1_0216_0230,ubuntu@sha256:2edbbc5dc405e9612ba3584ce95480277e3eb374407b5505fe26f17df77c7dbc,16868786,transient_deleted_after_checksum_and_sampling,d3355cf5bd3f454ef433b4c12ae47d7e77edc0464d634863382b1f764a0b1b6e,0,full,raw_calculations/apbs/HY13_SEQ_02/HY13_SEQ_02__self__SELF_CANON_TALDO1_0216_0230__s0/eps8/full.in,f443e098d254418d04294c0d128877c6a34583e1e863cc716832d83adbb88cd2,HY13_SEQ_02__self__SELF_CANON_TALDO1_0216_0230__s0,HY13_SEQ_02,0,8.0,complete,raw_calculations/apbs/HY13_SEQ_02/HY13_SEQ_02__self__SELF_CANON_TALDO1_0216_0230__s0/eps8/full.stderr.txt,raw_calculations/apbs/HY13_SEQ_02/HY13_SEQ_02__self__SELF_CANON_TALDO1_0216_0230__s0/eps8/full.stdout.txt
self,SELF_CANON_TALDO1_0216_0230,ubuntu@sha256:2edbbc5dc405e9612ba3584ce95480277e3eb374407b5505fe26f17df77c7dbc,17073648,transient_deleted_after_checksum_and_sampling,c6235aeb6fe4af852106ea481efe301a29d68879461541d1669d858b91fef78d,0,hla_only,raw_calculations/apbs/HY13_SEQ_02/HY13_SEQ_02__self__SELF_CANON_TALDO1_0216_0230__s0/eps8/hla_only.in,519cc002d01d393de1364c54858348862980698f76e05a8ef9debf414781a49a,HY13_SEQ_02__self__SELF_CANON_TALDO1_0216_0230__s0,HY13_SEQ_02,0,8.0,complete,raw_calculations/apbs/HY13_SEQ_02/HY13_SEQ_02__self__SELF_CANON_TALDO1_0216_0230__s0/eps8/hla_only.stderr.txt,raw_calculations/apbs/HY13_SEQ_02/HY13_SEQ_02__self__SELF_CANON_TALDO1_0216_0230__s0/eps8/hla_only.stdout.txt
self,SELF_CANON_TALDO1_0216_0230,ubuntu@sha256:2edbbc5dc405e9612ba3584ce95480277e3eb374407b5505fe26f17df77c7dbc,16856450,transient_deleted_after_checksum_and_sampling,bd4d6f4a7d31480e4fd375edc4e7f5d3723d9439df337d2cf789f70e01aa917d,0,full,raw_calculations/apbs/HY13_SEQ_02/HY13_SEQ_02__self__SELF_CANON_TALDO1_0216_0230__s1/eps2/full.in,b174f8c017ac9f6214f8fe26ad9cf7069e654f25031ce0bfbd0a915c80bb3af4,HY13_SEQ_02__self__SELF_CANON_TALDO1_0216_0230__s1,HY13_SEQ_02,1,2.0,complete,raw_calculations/apbs/HY13_SEQ_02/HY13_SEQ_02__self__SELF_CANON_TALDO1_0216_0230__s1/eps2/full.stderr.txt,raw_calculations/apbs/HY13_SEQ_02/HY13_SEQ_02__self__SELF_CANON_TALDO1_0216_0230__s1/eps2/full.stdout.txt
self,SELF_CANON_TALDO1_0216_0230,ubuntu@sha256:2edbbc5dc405e9612ba3584ce95480277e3eb374407b5505fe26f17df77c7dbc,17072945,transient_deleted_after_checksum_and_sampling,299e39aa58a75c4b6c2593736aecbd681f03f98faa05be8e38960596178b77ba,0,hla_only,raw_calculations/apbs/HY13_SEQ_02/HY13_SEQ_02__self__SELF_CANON_TALDO1_0216_0230__s1/eps2/hla_only.in,d04388492ec4a7fed6034d5fd26b7016c9c6af848e3a4e1005c20ea4bf4a4810,HY13_SEQ_02__self__SELF_CANON_TALDO1_0216_0230__s1,HY13_SEQ_02,1,2.0,complete,raw_calculations/apbs/HY13_SEQ_02/HY13_SEQ_02__self__SELF_CANON_TALDO1_0216_0230__s1/eps2/hla_only.stderr.txt,raw_calculations/apbs/HY13_SEQ_02/HY13_SEQ_02__self__SELF_CANON_TALDO1_0216_0230__s1/eps2/hla_only.stdout.txt
self,SELF_CANON_TALDO1_0216_0230,ubuntu@sha256:2edbbc5dc405e9612ba3584ce95480277e3eb374407b5505fe26f17df77c7dbc,16864832,transient_deleted_after_checksum_and_sampling,5409559f88b6024594b2282df7cb6adaeb94eb61183821c774105acb289cf1c4,0,full,raw_calculations/apbs/HY13_SEQ_02/HY13_SEQ_02__self__SELF_CANON_TALDO1_0216_0230__s1/eps4/full.in,8b87f899a2058ca1ef2f93b990cc68ac5ad1aa59156bc5c9651bf0dfdff3f068,HY13_SEQ_02__self__SELF_CANON_TALDO1_0216_0230__s1,HY13_SEQ_02,1,4.0,complete,raw_calculations/apbs/HY13_SEQ_02/HY13_SEQ_02__self__SELF_CANON_TALDO1_0216_0230__s1/eps4/full.stderr.txt,raw_calculations/apbs/HY13_SEQ_02/HY13_SEQ_02__self__SELF_CANON_TALDO1_0216_0230__s1/eps4/full.stdout.txt
self,SELF_CANON_TALDO1_0216_0230,ubuntu@sha256:2edbbc5dc405e9612ba3584ce95480277e3eb374407b5505fe26f17df77c7dbc,17086837,transient_deleted_after_checksum_and_sampling,fd8b29ec9f5a68190eb2ae81ee9fddb43099f660071ef8738f09713c913cd521,0,hla_only,raw_calculations/apbs/HY13_SEQ_02/HY13_SEQ_02__self__SELF_CANON_TALDO1_0216_0230__s1/eps4/hla_only.in,edfd4c16f7324209a5f4b2d23d93682fdfa7b819e55fb7507111649207fec9b0,HY13_SEQ_02__self__SELF_CANON_TALDO1_0216_0230__s1,HY13_SEQ_02,1,4.0,complete,raw_calculations/apbs/HY13_SEQ_02/HY13_SEQ_02__self__SELF_CANON_TALDO1_0216_0230__s1/eps4/hla_only.stderr.txt,raw_calculations/apbs/HY13_SEQ_02/HY13_SEQ_02__self__SELF_CANON_TALDO1_0216_0230__s1/eps4/hla_only.stdout.txt
self,SELF_CANON_TALDO1_0216_0230,ubuntu@sha256:2edbbc5dc405e9612ba3584ce95480277e3eb374407b5505fe26f17df77c7dbc,16878833,transient_deleted_after_checksum_and_sampling,990918301d02aec50f146df3283a579e33eb731fa53fc5382f6bbf859b096c44,0,full,raw_calculations/apbs/HY13_SEQ_02/HY13_SEQ_02__self__SELF_CANON_TALDO1_0216_0230__s1/eps8/full.in,7ca92f147bf95f635cf69d018d3faf8238901dd9628ba8a62c16d9f04bd3f8af,HY13_SEQ_02__self__SELF_CANON_TALDO1_0216_0230__s1,HY13_SEQ_02,1,8.0,complete,raw_calculations/apbs/HY13_SEQ_02/HY13_SEQ_02__self__SELF_CANON_TALDO1_0216_0230__s1/eps8/full.stderr.txt,raw_calculations/apbs/HY13_SEQ_02/HY13_SEQ_02__self__SELF_CANON_TALDO1_0216_0230__s1/eps8/full.stdout.txt
self,SELF_CANON_TALDO1_0216_0230,ubuntu@sha256:2edbbc5dc405e9612ba3584ce95480277e3eb374407b5505fe26f17df77c7dbc,17106451,transient_deleted_after_checksum_and_sampling,8eeb7dd5e354f46041e35f6c856888c5a91070cf8c245a40e5a602875600dcc1,0,hla_only,raw_calculations/apbs/HY13_SEQ_02/HY13_SEQ_02__self__SELF_CANON_TALDO1_0216_0230__s1/eps8/hla_only.in,df777bd9ae2d92e28aa4a1f1465ff49a573f6b10ce39ecd4b06ee74a3f5c0ae2,HY13_SEQ_02__self__SELF_CANON_TALDO1_0216_0230__s1,HY13_SEQ_02,1,8.0,complete,raw_calculations/apbs/HY13_SEQ_02/HY13_SEQ_02__self__SELF_CANON_TALDO1_0216_0230__s1/eps8/hla_only.stderr.txt,raw_calculations/apbs/HY13_SEQ_02/HY13_SEQ_02__self__SELF_CANON_TALDO1_0216_0230__s1/eps8/hla_only.stdout.txt
self,SELF_CANON_TALDO1_0216_0230,ubuntu@sha256:2edbbc5dc405e9612ba3584ce95480277e3eb374407b5505fe26f17df77c7dbc,16964394,transient_deleted_after_checksum_and_sampling,8bf535d6425a47f4fcfd5983edfc73388ac9594fb549ce08392ef2c41e1f225a,0,full,raw_calculations/apbs/HY13_SEQ_02/HY13_SEQ_02__self__SELF_CANON_TALDO1_0216_0230__s2/eps2/full.in,df78f8a043be698b4c3da70e4a3383b632b8fb3109cfe1035b574481f21f2181,HY13_SEQ_02__self__SELF_CANON_TALDO1_0216_0230__s2,HY13_SEQ_02,2,2.0,complete,raw_calculations/apbs/HY13_SEQ_02/HY13_SEQ_02__self__SELF_CANON_TALDO1_0216_0230__s2/eps2/full.stderr.txt,raw_calculations/apbs/HY13_SEQ_02/HY13_SEQ_02__self__SELF_CANON_TALDO1_0216_0230__s2/eps2/full.stdout.txt
self,SELF_CANON_TALDO1_0216_0230,ubuntu@sha256:2edbbc5dc405e9612ba3584ce95480277e3eb374407b5505fe26f17df77c7dbc,17045543,transient_deleted_after_checksum_and_sampling,18086f92adfcf4bb324eb6f852552ac4b05f870151ff45690b784e34fbf09b2b,0,hla_only,raw_calculations/apbs/HY13_SEQ_02/HY13_SEQ_02__self__SELF_CANON_TALDO1_0216_0230__s2/eps2/hla_only.in,7553c76ca95c70f46223cf7f0bd009ac2288fd362024ea33955beca2f4c7915a,HY13_SEQ_02__self__SELF_CANON_TALDO1_0216_0230__s2,HY13_SEQ_02,2,2.0,complete,raw_calculations/apbs/HY13_SEQ_02/HY13_SEQ_02__self__SELF_CANON_TALDO1_0216_0230__s2/eps2/hla_only.stderr.txt,raw_calculations/apbs/HY13_SEQ_02/HY13_SEQ_02__self__SELF_CANON_TALDO1_0216_0230__s2/eps2/hla_only.stdout.txt
self,SELF_CANON_TALDO1_0216_0230,ubuntu@sha256:2edbbc5dc405e9612ba3584ce95480277e3eb374407b5505fe26f17df77c7dbc,16976899,transient_deleted_after_checksum_and_sampling,aeff32ebf166ffc1c9c05e9d17a4cd5b51a5519e9156679c6e051ea9b9513352,0,full,raw_calculations/apbs/HY13_SEQ_02/HY13_SEQ_02__self__SELF_CANON_TALDO1_0216_0230__s2/eps4/full.in,aaf48971d5517d4491e43d6a908469c35afde8445ff3aca4a9f76cdfbeb75a4c,HY13_SEQ_02__self__SELF_CANON_TALDO1_0216_0230__s2,HY13_SEQ_02,2,4.0,complete,raw_calculations/apbs/HY13_SEQ_02/HY13_SEQ_02__self__SELF_CANON_TALDO1_0216_0230__s2/eps4/full.stderr.txt,raw_calculations/apbs/HY13_SEQ_02/HY13_SEQ_02__self__SELF_CANON_TALDO1_0216_0230__s2/eps4/full.stdout.txt
self,SELF_CANON_TALDO1_0216_0230,ubuntu@sha256:2edbbc5dc405e9612ba3584ce95480277e3eb374407b5505fe26f17df77c7dbc,17060297,transient_deleted_after_checksum_and_sampling,d4c929544a0240e55f226f06e1865288fe74e664f01a8283613031712ba96222,0,hla_only,raw_calculations/apbs/HY13_SEQ_02/HY13_SEQ_02__self__SELF_CANON_TALDO1_0216_0230__s2/eps4/hla_only.in,69f59524fd759694177018f08abfc8a241c9e07ff2835d662326bd895baab7f0,HY13_SEQ_02__self__SELF_CANON_TALDO1_0216_0230__s2,HY13_SEQ_02,2,4.0,complete,raw_calculations/apbs/HY13_SEQ_02/HY13_SEQ_02__self__SELF_CANON_TALDO1_0216_0230__s2/eps4/hla_only.stderr.txt,raw_calculations/apbs/HY13_SEQ_02/HY13_SEQ_02__self__SELF_CANON_TALDO1_0216_0230__s2/eps4/hla_only.stdout.txt
self,SELF_CANON_TALDO1_0216_0230,ubuntu@sha256:2edbbc5dc405e9612ba3584ce95480277e3eb374407b5505fe26f17df77c7dbc,16995220,transient_deleted_after_checksum_and_sampling,518789fb9ee5e6a6c73d60bcb0d99d364d2a8a67c6f9cecbad5c54c0a7313f39,0,full,raw_calculations/apbs/HY13_SEQ_02/HY13_SEQ_02__self__SELF_CANON_TALDO1_0216_0230__s2/eps8/full.in,9c013d04db2690a8d67cf4a2919fc104208a0c2a7b05e2c36db4cbb3330f18ad,HY13_SEQ_02__self__SELF_CANON_TALDO1_0216_0230__s2,HY13_SEQ_02,2,8.0,complete,raw_calculations/apbs/HY13_SEQ_02/HY13_SEQ_02__self__SELF_CANON_TALDO1_0216_0230__s2/eps8/full.stderr.txt,raw_calculations/apbs/HY13_SEQ_02/HY13_SEQ_02__self__SELF_CANON_TALDO1_0216_0230__s2/eps8/full.stdout.txt
self,SELF_CANON_TALDO1_0216_0230,ubuntu@sha256:2edbbc5dc405e9612ba3584ce95480277e3eb374407b5505fe26f17df77c7dbc,17082466,transient_deleted_after_checksum_and_sampling,cc169a7026c75c2267dba85b08bc5801a37e00b148351731496e408711dadbca,0,hla_only,raw_calculations/apbs/HY13_SEQ_02/HY13_SEQ_02__self__SELF_CANON_TALDO1_0216_0230__s2/eps8/hla_only.in,c4999e518a49d4597d0814bc93dbab099f8abe32b058ed55ca8d578908cdddce,HY13_SEQ_02__self__SELF_CANON_TALDO1_0216_0230__s2,HY13_SEQ_02,2,8.0,complete,raw_calculations/apbs/HY13_SEQ_02/HY13_SEQ_02__self__SELF_CANON_TALDO1_0216_0230__s2/eps8/hla_only.stderr.txt,raw_calculations/apbs/HY13_SEQ_02/HY13_SEQ_02__self__SELF_CANON_TALDO1_0216_0230__s2/eps8/hla_only.stdout.txt
self,SELF_CANON_TALDO1_0216_0230,ubuntu@sha256:2edbbc5dc405e9612ba3584ce95480277e3eb374407b5505fe26f17df77c7dbc,16890414,transient_deleted_after_checksum_and_sampling,d7cb8f2c348d759a23f2288abbc2eef8c69b21388176058c248a6bed9da1f693,0,full,raw_calculations/apbs/HY13_SEQ_02/HY13_SEQ_02__self__SELF_CANON_TALDO1_0216_0230__s3/eps2/full.in,3268873706c00c888150fe783667dc126ceea2f08adb13e0a2b0ea0ed6502904,HY13_SEQ_02__self__SELF_CANON_TALDO1_0216_0230__s3,HY13_SEQ_02,3,2.0,complete,raw_calculations/apbs/HY13_SEQ_02/HY13_SEQ_02__self__SELF_CANON_TALDO1_0216_0230__s3/eps2/full.stderr.txt,raw_calculations/apbs/HY13_SEQ_02/HY13_SEQ_02__self__SELF_CANON_TALDO1_0216_0230__s3/eps2/full.stdout.txt
self,SELF_CANON_TALDO1_0216_0230,ubuntu@sha256:2edbbc5dc405e9612ba3584ce95480277e3eb374407b5505fe26f17df77c7dbc,17048159,transient_deleted_after_checksum_and_sampling,b5dfe185b167695df9cd4e24d9f9afc443e5a8be06997cdc244dbf160abf638f,0,hla_only,raw_calculations/apbs/HY13_SEQ_02/HY13_SEQ_02__self__SELF_CANON_TALDO1_0216_0230__s3/eps2/hla_only.in,4dacb431579608a803f0676a073427294e46c4762db7db674e7a758f6c0fbfe2,HY13_SEQ_02__self__SELF_CANON_TALDO1_0216_0230__s3,HY13_SEQ_02,3,2.0,complete,raw_calculations/apbs/HY13_SEQ_02/HY13_SEQ_02__self__SELF_CANON_TALDO1_0216_0230__s3/eps2/hla_only.stderr.txt,raw_calculations/apbs/HY13_SEQ_02/HY13_SEQ_02__self__SELF_CANON_TALDO1_0216_0230__s3/eps2/hla_only.stdout.txt
self,SELF_CANON_TALDO1_0216_0230,ubuntu@sha256:2edbbc5dc405e9612ba3584ce95480277e3eb374407b5505fe26f17df77c7dbc,16896744,transient_deleted_after_checksum_and_sampling,a8d439a2aba744b699b9ad73b52c3924f1889293df68aab65466587ce06dc17c,0,full,raw_calculations/apbs/HY13_SEQ_02/HY13_SEQ_02__self__SELF_CANON_TALDO1_0216_0230__s3/eps4/full.in,9740c2d66e49c8393f107c3d9c111cb20b4b01e5f0bb522bfe197fe55aa622a4,HY13_SEQ_02__self__SELF_CANON_TALDO1_0216_0230__s3,HY13_SEQ_02,3,4.0,complete,raw_calculations/apbs/HY13_SEQ_02/HY13_SEQ_02__self__SELF_CANON_TALDO1_0216_0230__s3/eps4/full.stderr.txt,raw_calculations/apbs/HY13_SEQ_02/HY13_SEQ_02__self__SELF_CANON_TALDO1_0216_0230__s3/eps4/full.stdout.txt
self,SELF_CANON_TALDO1_0216_0230,ubuntu@sha256:2edbbc5dc405e9612ba3584ce95480277e3eb374407b5505fe26f17df77c7dbc,17060158,transient_deleted_after_checksum_and_sampling,b3f841066aff28552769d6d1ede5f10ca6e89721320a4ba9baa558b04a147c7f,0,hla_only,raw_calculations/apbs/HY13_SEQ_02/HY13_SEQ_02__self__SELF_CANON_TALDO1_0216_0230__s3/eps4/hla_only.in,a6766d9fe78f093b068e30580e78831c5092adb12870d2f92cfc8b7d7671a844,HY13_SEQ_02__self__SELF_CANON_TALDO1_0216_0230__s3,HY13_SEQ_02,3,4.0,complete,raw_calculations/apbs/HY13_SEQ_02/HY13_SEQ_02__self__SELF_CANON_TALDO1_0216_0230__s3/eps4/hla_only.stderr.txt,raw_calculations/apbs/HY13_SEQ_02/HY13_SEQ_02__self__SELF_CANON_TALDO1_0216_0230__s3/eps4/hla_only.stdout.txt
self,SELF_CANON_TALDO1_0216_0230,ubuntu@sha256:2edbbc5dc405e9612ba3584ce95480277e3eb374407b5505fe26f17df77c7dbc,16908074,transient_deleted_after_checksum_and_sampling,59e4459d49702884d1f347a8586c697f3338d07be4132d76faf5b48c24c2d799,0,full,raw_calculations/apbs/HY13_SEQ_02/HY13_SEQ_02__self__SELF_CANON_TALDO1_0216_0230__s3/eps8/full.in,cb84074d05ac1e67ad825573daeac56459ce6515dc594c06b83048f6b98fe4be,HY13_SEQ_02__self__SELF_CANON_TALDO1_0216_0230__s3,HY13_SEQ_02,3,8.0,complete,raw_calculations/apbs/HY13_SEQ_02/HY13_SEQ_02__self__SELF_CANON_TALDO1_0216_0230__s3/eps8/full.stderr.txt,raw_calculations/apbs/HY13_SEQ_02/HY13_SEQ_02__self__SELF_CANON_TALDO1_0216_0230__s3/eps8/full.stdout.txt
self,SELF_CANON_TALDO1_0216_0230,ubuntu@sha256:2edbbc5dc405e9612ba3584ce95480277e3eb374407b5505fe26f17df77c7dbc,17078086,transient_deleted_after_checksum_and_sampling,9a97084c3fe544d5aa7db8953b0a06596ae4ef104497279bc5069e020c1ba272,0,hla_only,raw_calculations/apbs/HY13_SEQ_02/HY13_SEQ_02__self__SELF_CANON_TALDO1_0216_0230__s3/eps8/hla_only.in,1fd0abec9abbe5b5d87efb4f92d41c2cf19cad5fe14bba8e1c688a4060ad9886,HY13_SEQ_02__self__SELF_CANON_TALDO1_0216_0230__s3,HY13_SEQ_02,3,8.0,complete,raw_calculations/apbs/HY13_SEQ_02/HY13_SEQ_02__self__SELF_CANON_TALDO1_0216_0230__s3/eps8/hla_only.stderr.txt,raw_calculations/apbs/HY13_SEQ_02/HY13_SEQ_02__self__SELF_CANON_TALDO1_0216_0230__s3/eps8/hla_only.stdout.txt
self,SELF_CANON_TALDO1_0216_0230,ubuntu@sha256:2edbbc5dc405e9612ba3584ce95480277e3eb374407b5505fe26f17df77c7dbc,16887312,transient_deleted_after_checksum_and_sampling,0fa1ac79287a9b5fefd9b160a87a991f29aa9430203eb6968975d23f8e5d7a8e,0,full,raw_calculations/apbs/HY13_SEQ_02/HY13_SEQ_02__self__SELF_CANON_TALDO1_0216_0230__s4/eps2/full.in,d221b9cbd08d4a0a04f1fb4ecc5b649a0ce34a06372d4330bea26b48dd87868b,HY13_SEQ_02__self__SELF_CANON_TALDO1_0216_0230__s4,HY13_SEQ_02,4,2.0,complete,raw_calculations/apbs/HY13_SEQ_02/HY13_SEQ_02__self__SELF_CANON_TALDO1_0216_0230__s4/eps2/full.stderr.txt,raw_calculations/apbs/HY13_SEQ_02/HY13_SEQ_02__self__SELF_CANON_TALDO1_0216_0230__s4/eps2/full.stdout.txt
self,SELF_CANON_TALDO1_0216_0230,ubuntu@sha256:2edbbc5dc405e9612ba3584ce95480277e3eb374407b5505fe26f17df77c7dbc,17072970,transient_deleted_after_checksum_and_sampling,f8d9e73ff9f491e8e53819c31235b6dae7192454fbbbabd847da73aaca90ed86,0,hla_only,raw_calculations/apbs/HY13_SEQ_02/HY13_SEQ_02__self__SELF_CANON_TALDO1_0216_0230__s4/eps2/hla_only.in,764ba8910a1c32d0b1c4ca9ddd70a7e75f7f2b5ce84e0633455d69bd4e91a4e0,HY13_SEQ_02__self__SELF_CANON_TALDO1_0216_0230__s4,HY13_SEQ_02,4,2.0,complete,raw_calculations/apbs/HY13_SEQ_02/HY13_SEQ_02__self__SELF_CANON_TALDO1_0216_0230__s4/eps2/hla_only.stderr.txt,raw_calculations/apbs/HY13_SEQ_02/HY13_SEQ_02__self__SELF_CANON_TALDO1_0216_0230__s4/eps2/hla_only.stdout.txt
self,SELF_CANON_TALDO1_0216_0230,ubuntu@sha256:2edbbc5dc405e9612ba3584ce95480277e3eb374407b5505fe26f17df77c7dbc,16897113,transient_deleted_after_checksum_and_sampling,bfe5d9e63572086ea1a6940ed915a363dc611190832d818bb5a89da826d3f44d,0,full,raw_calculations/apbs/HY13_SEQ_02/HY13_SEQ_02__self__SELF_CANON_TALDO1_0216_0230__s4/eps4/full.in,d1e625e5f2d754031d5e060a76b9e2d2dbf202248f8c47bee438e1b5a4e816e5,HY13_SEQ_02__self__SELF_CANON_TALDO1_0216_0230__s4,HY13_SEQ_02,4,4.0,complete,raw_calculations/apbs/HY13_SEQ_02/HY13_SEQ_02__self__SELF_CANON_TALDO1_0216_0230__s4/eps4/full.stderr.txt,raw_calculations/apbs/HY13_SEQ_02/HY13_SEQ_02__self__SELF_CANON_TALDO1_0216_0230__s4/eps4/full.stdout.txt
self,SELF_CANON_TALDO1_0216_0230,ubuntu@sha256:2edbbc5dc405e9612ba3584ce95480277e3eb374407b5505fe26f17df77c7dbc,17087914,transient_deleted_after_checksum_and_sampling,678ef7e097d67b4e7f6597e110e71712fc2c3feb8ad8b6c96923b7ca06198f83,0,hla_only,raw_calculations/apbs/HY13_SEQ_02/HY13_SEQ_02__self__SELF_CANON_TALDO1_0216_0230__s4/eps4/hla_only.in,8e9d52cd511341cf9944eec19442f6c152a3da47dd4ba7460f643b33613b7751,HY13_SEQ_02__self__SELF_CANON_TALDO1_0216_0230__s4,HY13_SEQ_02,4,4.0,complete,raw_calculations/apbs/HY13_SEQ_02/HY13_SEQ_02__self__SELF_CANON_TALDO1_0216_0230__s4/eps4/hla_only.stderr.txt,raw_calculations/apbs/HY13_SEQ_02/HY13_SEQ_02__self__SELF_CANON_TALDO1_0216_0230__s4/eps4/hla_only.stdout.txt
self,SELF_CANON_TALDO1_0216_0230,ubuntu@sha256:2edbbc5dc405e9612ba3584ce95480277e3eb374407b5505fe26f17df77c7dbc,16912612,transient_deleted_after_checksum_and_sampling,10f69ff7bd265163cbadc1ee2cb47b0c76f0f629ea9e3df6e7d3e58cecbc6c59,0,full,raw_calculations/apbs/HY13_SEQ_02/HY13_SEQ_02__self__SELF_CANON_TALDO1_0216_0230__s4/eps8/full.in,ac83b3553a970d936c6b005ddd3f323c35f446ae3049bf3c4304638c4d30ea86,HY13_SEQ_02__self__SELF_CANON_TALDO1_0216_0230__s4,HY13_SEQ_02,4,8.0,complete,raw_calculations/apbs/HY13_SEQ_02/HY13_SEQ_02__self__SELF_CANON_TALDO1_0216_0230__s4/eps8/full.stderr.txt,raw_calculations/apbs/HY13_SEQ_02/HY13_SEQ_02__self__SELF_CANON_TALDO1_0216_0230__s4/eps8/full.stdout.txt
self,SELF_CANON_TALDO1_0216_0230,ubuntu@sha256:2edbbc5dc405e9612ba3584ce95480277e3eb374407b5505fe26f17df77c7dbc,17109508,transient_deleted_after_checksum_and_sampling,4458bd014429dde4ac97d9705d8644e7fc493f36340a0d24a60f6d56822f6246,0,hla_only,raw_calculations/apbs/HY13_SEQ_02/HY13_SEQ_02__self__SELF_CANON_TALDO1_0216_0230__s4/eps8/hla_only.in,4e9523cda40ba79be2691ba0c893968bb5a394f50c5f5b2278d3551e9d222f14,HY13_SEQ_02__self__SELF_CANON_TALDO1_0216_0230__s4,HY13_SEQ_02,4,8.0,complete,raw_calculations/apbs/HY13_SEQ_02/HY13_SEQ_02__self__SELF_CANON_TALDO1_0216_0230__s4/eps8/hla_only.stderr.txt,raw_calculations/apbs/HY13_SEQ_02/HY13_SEQ_02__self__SELF_CANON_TALDO1_0216_0230__s4/eps8/hla_only.stdout.txt
self,SELF_IEDB_18eebcfe8ed0,ubuntu@sha256:2edbbc5dc405e9612ba3584ce95480277e3eb374407b5505fe26f17df77c7dbc,16986609,transient_deleted_after_checksum_and_sampling,40dfaa447e5a7f6ce3a47e66b7d1c7286cd22d2f296f1a37c9ddc1511c85aa2a,0,full,raw_calculations/apbs/HY13_SEQ_02/HY13_SEQ_02__self__SELF_IEDB_18eebcfe8ed0__s0/eps2/full.in,753323ce5baefbe982865cb5bc73103b3e48aecae3e8eb18b74517cd33be8628,HY13_SEQ_02__self__SELF_IEDB_18eebcfe8ed0__s0,HY13_SEQ_02,0,2.0,complete,raw_calculations/apbs/HY13_SEQ_02/HY13_SEQ_02__self__SELF_IEDB_18eebcfe8ed0__s0/eps2/full.stderr.txt,raw_calculations/apbs/HY13_SEQ_02/HY13_SEQ_02__self__SELF_IEDB_18eebcfe8ed0__s0/eps2/full.stdout.txt
self,SELF_IEDB_18eebcfe8ed0,ubuntu@sha256:2edbbc5dc405e9612ba3584ce95480277e3eb374407b5505fe26f17df77c7dbc,17068065,transient_deleted_after_checksum_and_sampling,7f131f7414abcf1aa36a77a246a1ad4b84239c72c6ac1149840b2b7fd49dbd1a,0,hla_only,raw_calculations/apbs/HY13_SEQ_02/HY13_SEQ_02__self__SELF_IEDB_18eebcfe8ed0__s0/eps2/hla_only.in,aafc513a4a6d787c2e0346714fdf0a5df1c4ac199a6a6aa1860aa689a4278f1c,HY13_SEQ_02__self__SELF_IEDB_18eebcfe8ed0__s0,HY13_SEQ_02,0,2.0,complete,raw_calculations/apbs/HY13_SEQ_02/HY13_SEQ_02__self__SELF_IEDB_18eebcfe8ed0__s0/eps2/hla_only.stderr.txt,raw_calculations/apbs/HY13_SEQ_02/HY13_SEQ_02__self__SELF_IEDB_18eebcfe8ed0__s0/eps2/hla_only.stdout.txt
self,SELF_IEDB_18eebcfe8ed0,ubuntu@sha256:2edbbc5dc405e9612ba3584ce95480277e3eb374407b5505fe26f17df77c7dbc,16996489,transient_deleted_after_checksum_and_sampling,3f52c7a010c5c28f81195b8a0090f3749aba155eb1a00bf923baa0012a8777d4,0,full,raw_calculations/apbs/HY13_SEQ_02/HY13_SEQ_02__self__SELF_IEDB_18eebcfe8ed0__s0/eps4/full.in,3e31cfa58d9c46438fae0efea0177122f97ce01896e4dfae04df545da23cf19f,HY13_SEQ_02__self__SELF_IEDB_18eebcfe8ed0__s0,HY13_SEQ_02,0,4.0,complete,raw_calculations/apbs/HY13_SEQ_02/HY13_SEQ_02__self__SELF_IEDB_18eebcfe8ed0__s0/eps4/full.stderr.txt,raw_calculations/apbs/HY13_SEQ_02/HY13_SEQ_02__self__SELF_IEDB_18eebcfe8ed0__s0/eps4/full.stdout.txt
self,SELF_IEDB_18eebcfe8ed0,ubuntu@sha256:2edbbc5dc405e9612ba3584ce95480277e3eb374407b5505fe26f17df77c7dbc,17080226,transient_deleted_after_checksum_and_sampling,97a6ca98cfdad030c5da9392149d7be24e84db9cb03b950eb2807a6558a958e9,0,hla_only,raw_calculations/apbs/HY13_SEQ_02/HY13_SEQ_02__self__SELF_IEDB_18eebcfe8ed0__s0/eps4/hla_only.in,9f905d40182c8e460d67ef282b2821bd1b03c7dc6e1c9e1f071f7bd81c2afa45,HY13_SEQ_02__self__SELF_IEDB_18eebcfe8ed0__s0,HY13_SEQ_02,0,4.0,complete,raw_calculations/apbs/HY13_SEQ_02/HY13_SEQ_02__self__SELF_IEDB_18eebcfe8ed0__s0/eps4/hla_only.stderr.txt,raw_calculations/apbs/HY13_SEQ_02/HY13_SEQ_02__self__SELF_IEDB_18eebcfe8ed0__s0/eps4/hla_only.stdout.txt
self,SELF_IEDB_18eebcfe8ed0,ubuntu@sha256:2edbbc5dc405e9612ba3584ce95480277e3eb374407b5505fe26f17df77c7dbc,17011247,transient_deleted_after_checksum_and_sampling,ccd655e01185fd05430d3b0b7bb6977630d0753f01ffd12609edd156792865a2,0,full,raw_calculations/apbs/HY13_SEQ_02/HY13_SEQ_02__self__SELF_IEDB_18eebcfe8ed0__s0/eps8/full.in,5880ff243b942cdd75ef90a3e43c009e5e4013da394d3fe4b38c8d020fd03de3,HY13_SEQ_02__self__SELF_IEDB_18eebcfe8ed0__s0,HY13_SEQ_02,0,8.0,complete,raw_calculations/apbs/HY13_SEQ_02/HY13_SEQ_02__self__SELF_IEDB_18eebcfe8ed0__s0/eps8/full.stderr.txt,raw_calculations/apbs/HY13_SEQ_02/HY13_SEQ_02__self__SELF_IEDB_18eebcfe8ed0__s0/eps8/full.stdout.txt
self,SELF_IEDB_18eebcfe8ed0,ubuntu@sha256:2edbbc5dc405e9612ba3584ce95480277e3eb374407b5505fe26f17df77c7dbc,17098458,transient_deleted_after_checksum_and_sampling,8aba7097ecabe75f8c503e4ca38b1d3a51809fc6271efbb53e7dc2d0c9c7c93e,0,hla_only,raw_calculations/apbs/HY13_SEQ_02/HY13_SEQ_02__self__SELF_IEDB_18eebcfe8ed0__s0/eps8/hla_only.in,ce9bc5436e8c9d34593a790c90a9b7c0c8839af47cf458a84b790f3dd55f0216,HY13_SEQ_02__self__SELF_IEDB_18eebcfe8ed0__s0,HY13_SEQ_02,0,8.0,complete,raw_calculations/apbs/HY13_SEQ_02/HY13_SEQ_02__self__SELF_IEDB_18eebcfe8ed0__s0/eps8/hla_only.stderr.txt,raw_calculations/apbs/HY13_SEQ_02/HY13_SEQ_02__self__SELF_IEDB_18eebcfe8ed0__s0/eps8/hla_only.stdout.txt
self,SELF_IEDB_18eebcfe8ed0,ubuntu@sha256:2edbbc5dc405e9612ba3584ce95480277e3eb374407b5505fe26f17df77c7dbc,17045266,transient_deleted_after_checksum_and_sampling,017a062114c0585fa8a71947e0638564c17bab99a4ade92bf16ee5df62111994,0,full,raw_calculations/apbs/HY13_SEQ_02/HY13_SEQ_02__self__SELF_IEDB_18eebcfe8ed0__s1/eps2/full.in,0a8a56583ded0006e8d6872db1fc524c4cfaaff5866ce401aebc47e5d3c74dc8,HY13_SEQ_02__self__SELF_IEDB_18eebcfe8ed0__s1,HY13_SEQ_02,1,2.0,complete,raw_calculations/apbs/HY13_SEQ_02/HY13_SEQ_02__self__SELF_IEDB_18eebcfe8ed0__s1/eps2/full.stderr.txt,raw_calculations/apbs/HY13_SEQ_02/HY13_SEQ_02__self__SELF_IEDB_18eebcfe8ed0__s1/eps2/full.stdout.txt
self,SELF_IEDB_18eebcfe8ed0,ubuntu@sha256:2edbbc5dc405e9612ba3584ce95480277e3eb374407b5505fe26f17df77c7dbc,17060396,transient_deleted_after_checksum_and_sampling,1cc80282cf2aaf9c5f978d175b04976aea1fafa494b13366f67f7b127e42b2b6,0,hla_only,raw_calculations/apbs/HY13_SEQ_02/HY13_SEQ_02__self__SELF_IEDB_18eebcfe8ed0__s1/eps2/hla_only.in,045e59353d090b38ba1e5febb8b7b6d831b7606a32917bb9f1a7fc0578c6c8db,HY13_SEQ_02__self__SELF_IEDB_18eebcfe8ed0__s1,HY13_SEQ_02,1,2.0,complete,raw_calculations/apbs/HY13_SEQ_02/HY13_SEQ_02__self__SELF_IEDB_18eebcfe8ed0__s1/eps2/hla_only.stderr.txt,raw_calculations/apbs/HY13_SEQ_02/HY13_SEQ_02__self__SELF_IEDB_18eebcfe8ed0__s1/eps2/hla_only.stdout.txt
self,SELF_IEDB_18eebcfe8ed0,ubuntu@sha256:2edbbc5dc405e9612ba3584ce95480277e3eb374407b5505fe26f17df77c7dbc,17056354,transient_deleted_after_checksum_and_sampling,335303395a10efbdbc206d6e25e46955abd43ce0c10a3aa1261ad193bc5f4764,0,full,raw_calculations/apbs/HY13_SEQ_02/HY13_SEQ_02__self__SELF_IEDB_18eebcfe8ed0__s1/eps4/full.in,9f57c02f25ddc3367f3f81ea5cc5fabd97b4e788a000267a5937bf403c28e9b8,HY13_SEQ_02__self__SELF_IEDB_18eebcfe8ed0__s1,HY13_SEQ_02,1,4.0,complete,raw_calculations/apbs/HY13_SEQ_02/HY13_SEQ_02__self__SELF_IEDB_18eebcfe8ed0__s1/eps4/full.stderr.txt,raw_calculations/apbs/HY13_SEQ_02/HY13_SEQ_02__self__SELF_IEDB_18eebcfe8ed0__s1/eps4/full.stdout.txt
self,SELF_IEDB_18eebcfe8ed0,ubuntu@sha256:2edbbc5dc405e9612ba3584ce95480277e3eb374407b5505fe26f17df77c7dbc,17073276,transient_deleted_after_checksum_and_sampling,2b83f3222c981e3a6cb425b0f06722496c35ecdf133732a63f96a67c75fea478,0,hla_only,raw_calculations/apbs/HY13_SEQ_02/HY13_SEQ_02__self__SELF_IEDB_18eebcfe8ed0__s1/eps4/hla_only.in,0bab72dda5923bcddc80c4661ffad6522234fcdabc04416a6aabb6f112ec80f0,HY13_SEQ_02__self__SELF_IEDB_18eebcfe8ed0__s1,HY13_SEQ_02,1,4.0,complete,raw_calculations/apbs/HY13_SEQ_02/HY13_SEQ_02__self__SELF_IEDB_18eebcfe8ed0__s1/eps4/hla_only.stderr.txt,raw_calculations/apbs/HY13_SEQ_02/HY13_SEQ_02__self__SELF_IEDB_18eebcfe8ed0__s1/eps4/hla_only.stdout.txt
self,SELF_IEDB_18eebcfe8ed0,ubuntu@sha256:2edbbc5dc405e9612ba3584ce95480277e3eb374407b5505fe26f17df77c7dbc,17073398,transient_deleted_after_checksum_and_sampling,f7af95c5614d5fd83399776ab8f35c7f640aa4c121a4bc4ccc1212686a979410,0,full,raw_calculations/apbs/HY13_SEQ_02/HY13_SEQ_02__self__SELF_IEDB_18eebcfe8ed0__s1/eps8/full.in,c20cd4266633b2f637ee6c289f1cd1bcbbccbbac50cd3f61d2fadfdf84d5656c,HY13_SEQ_02__self__SELF_IEDB_18eebcfe8ed0__s1,HY13_SEQ_02,1,8.0,complete,raw_calculations/apbs/HY13_SEQ_02/HY13_SEQ_02__self__SELF_IEDB_18eebcfe8ed0__s1/eps8/full.stderr.txt,raw_calculations/apbs/HY13_SEQ_02/HY13_SEQ_02__self__SELF_IEDB_18eebcfe8ed0__s1/eps8/full.stdout.txt
self,SELF_IEDB_18eebcfe8ed0,ubuntu@sha256:2edbbc5dc405e9612ba3584ce95480277e3eb374407b5505fe26f17df77c7dbc,17092012,transient_deleted_after_checksum_and_sampling,465afdd46613c200bbff652824930ec5555df8fbd3ea3f252363be80f7fede2d,0,hla_only,raw_calculations/apbs/HY13_SEQ_02/HY13_SEQ_02__self__SELF_IEDB_18eebcfe8ed0__s1/eps8/hla_only.in,a332e1a639007632c73c8366dfeadcdcf69bf727c0927484fe97709e28ce07c5,HY13_SEQ_02__self__SELF_IEDB_18eebcfe8ed0__s1,HY13_SEQ_02,1,8.0,complete,raw_calculations/apbs/HY13_SEQ_02/HY13_SEQ_02__self__SELF_IEDB_18eebcfe8ed0__s1/eps8/hla_only.stderr.txt,raw_calculations/apbs/HY13_SEQ_02/HY13_SEQ_02__self__SELF_IEDB_18eebcfe8ed0__s1/eps8/hla_only.stdout.txt
self,SELF_IEDB_18eebcfe8ed0,ubuntu@sha256:2edbbc5dc405e9612ba3584ce95480277e3eb374407b5505fe26f17df77c7dbc,16972999,transient_deleted_after_checksum_and_sampling,18d40ef8bdc75167768c20ec2b67b4cfd34c464989d58895e95c443a523de86b,0,full,raw_calculations/apbs/HY13_SEQ_02/HY13_SEQ_02__self__SELF_IEDB_18eebcfe8ed0__s2/eps2/full.in,9c2024ac1c5a42576f73eea7bc22f8b60eae4ec0412022fcf560bd865cdccb4f,HY13_SEQ_02__self__SELF_IEDB_18eebcfe8ed0__s2,HY13_SEQ_02,2,2.0,complete,raw_calculations/apbs/HY13_SEQ_02/HY13_SEQ_02__self__SELF_IEDB_18eebcfe8ed0__s2/eps2/full.stderr.txt,raw_calculations/apbs/HY13_SEQ_02/HY13_SEQ_02__self__SELF_IEDB_18eebcfe8ed0__s2/eps2/full.stdout.txt
self,SELF_IEDB_18eebcfe8ed0,ubuntu@sha256:2edbbc5dc405e9612ba3584ce95480277e3eb374407b5505fe26f17df77c7dbc,17060612,transient_deleted_after_checksum_and_sampling,424f359556f6bfe2cc9db7a8e24fd7c8ebb4636448b084fe4c206e0165c14aba,0,hla_only,raw_calculations/apbs/HY13_SEQ_02/HY13_SEQ_02__self__SELF_IEDB_18eebcfe8ed0__s2/eps2/hla_only.in,3709df31ba8a2cb0d13ea7b9dc228c52d9414eabfecec559824ff554a2818a85,HY13_SEQ_02__self__SELF_IEDB_18eebcfe8ed0__s2,HY13_SEQ_02,2,2.0,complete,raw_calculations/apbs/HY13_SEQ_02/HY13_SEQ_02__self__SELF_IEDB_18eebcfe8ed0__s2/eps2/hla_only.stderr.txt,raw_calculations/apbs/HY13_SEQ_02/HY13_SEQ_02__self__SELF_IEDB_18eebcfe8ed0__s2/eps2/hla_only.stdout.txt
self,SELF_IEDB_18eebcfe8ed0,ubuntu@sha256:2edbbc5dc405e9612ba3584ce95480277e3eb374407b5505fe26f17df77c7dbc,16982885,transient_deleted_after_checksum_and_sampling,7b17a9f9a440153501a51596958f04d8ebb0b4f59a9e2ba2035b53308681385a,0,full,raw_calculations/apbs/HY13_SEQ_02/HY13_SEQ_02__self__SELF_IEDB_18eebcfe8ed0__s2/eps4/full.in,05bf0de010e1edcc924ead1c0a3f7b407440c2642bbd8fd2f40265dfe7b585fd,HY13_SEQ_02__self__SELF_IEDB_18eebcfe8ed0__s2,HY13_SEQ_02,2,4.0,complete,raw_calculations/apbs/HY13_SEQ_02/HY13_SEQ_02__self__SELF_IEDB_18eebcfe8ed0__s2/eps4/full.stderr.txt,raw_calculations/apbs/HY13_SEQ_02/HY13_SEQ_02__self__SELF_IEDB_18eebcfe8ed0__s2/eps4/full.stdout.txt
self,SELF_IEDB_18eebcfe8ed0,ubuntu@sha256:2edbbc5dc405e9612ba3584ce95480277e3eb374407b5505fe26f17df77c7dbc,17073730,transient_deleted_after_checksum_and_sampling,c063ac38b52cb66d629b8035b6fce7aa6630def16c4f0b548796f6cda785e749,0,hla_only,raw_calculations/apbs/HY13_SEQ_02/HY13_SEQ_02__self__SELF_IEDB_18eebcfe8ed0__s2/eps4/hla_only.in,150621ebbb3df867307a0ea20be70a48814669304c557a753a215709ce72b613,HY13_SEQ_02__self__SELF_IEDB_18eebcfe8ed0__s2,HY13_SEQ_02,2,4.0,complete,raw_calculations/apbs/HY13_SEQ_02/HY13_SEQ_02__self__SELF_IEDB_18eebcfe8ed0__s2/eps4/hla_only.stderr.txt,raw_calculations/apbs/HY13_SEQ_02/HY13_SEQ_02__self__SELF_IEDB_18eebcfe8ed0__s2/eps4/hla_only.stdout.txt
self,SELF_IEDB_18eebcfe8ed0,ubuntu@sha256:2edbbc5dc405e9612ba3584ce95480277e3eb374407b5505fe26f17df77c7dbc,16998203,transient_deleted_after_checksum_and_sampling,d4e510ba16744a138d3d577c12b834ccab1a6562fdac99129d6e301169230c3b,0,full,raw_calculations/apbs/HY13_SEQ_02/HY13_SEQ_02__self__SELF_IEDB_18eebcfe8ed0__s2/eps8/full.in,2689229a7bc0e4cb10d410851660ed7dfb6f45058c51dd0ccacf5fe298e52b50,HY13_SEQ_02__self__SELF_IEDB_18eebcfe8ed0__s2,HY13_SEQ_02,2,8.0,complete,raw_calculations/apbs/HY13_SEQ_02/HY13_SEQ_02__self__SELF_IEDB_18eebcfe8ed0__s2/eps8/full.stderr.txt,raw_calculations/apbs/HY13_SEQ_02/HY13_SEQ_02__self__SELF_IEDB_18eebcfe8ed0__s2/eps8/full.stdout.txt
self,SELF_IEDB_18eebcfe8ed0,ubuntu@sha256:2edbbc5dc405e9612ba3584ce95480277e3eb374407b5505fe26f17df77c7dbc,17092609,transient_deleted_after_checksum_and_sampling,d0abc41dd3c45f07ece6f4f7270e806c356ec58bffdf9eefb61506b3ad2fc035,0,hla_only,raw_calculations/apbs/HY13_SEQ_02/HY13_SEQ_02__self__SELF_IEDB_18eebcfe8ed0__s2/eps8/hla_only.in,e88ed17b29909a8c32d4abeb1ab1d7a8fd1457707a58f3fe348f2bd70e765a28,HY13_SEQ_02__self__SELF_IEDB_18eebcfe8ed0__s2,HY13_SEQ_02,2,8.0,complete,raw_calculations/apbs/HY13_SEQ_02/HY13_SEQ_02__self__SELF_IEDB_18eebcfe8ed0__s2/eps8/hla_only.stderr.txt,raw_calculations/apbs/HY13_SEQ_02/HY13_SEQ_02__self__SELF_IEDB_18eebcfe8ed0__s2/eps8/hla_only.stdout.txt
self,SELF_IEDB_18eebcfe8ed0,ubuntu@sha256:2edbbc5dc405e9612ba3584ce95480277e3eb374407b5505fe26f17df77c7dbc,16985607,transient_deleted_after_checksum_and_sampling,f4f71a55eb7f49c36ad6cd7404b14054c7869b1a1a2ef814ddcde48b16b836cf,0,full,raw_calculations/apbs/HY13_SEQ_02/HY13_SEQ_02__self__SELF_IEDB_18eebcfe8ed0__s3/eps2/full.in,522928e97347c90935cdd5caa24e98217460065fdf257b5c3b6a47d6dcaff205,HY13_SEQ_02__self__SELF_IEDB_18eebcfe8ed0__s3,HY13_SEQ_02,3,2.0,complete,raw_calculations/apbs/HY13_SEQ_02/HY13_SEQ_02__self__SELF_IEDB_18eebcfe8ed0__s3/eps2/full.stderr.txt,raw_calculations/apbs/HY13_SEQ_02/HY13_SEQ_02__self__SELF_IEDB_18eebcfe8ed0__s3/eps2/full.stdout.txt
self,SELF_IEDB_18eebcfe8ed0,ubuntu@sha256:2edbbc5dc405e9612ba3584ce95480277e3eb374407b5505fe26f17df77c7dbc,17053555,transient_deleted_after_checksum_and_sampling,08d7ca34398b27a4f584c34faac604168c53523351723cd210c462c84631409f,0,hla_only,raw_calculations/apbs/HY13_SEQ_02/HY13_SEQ_02__self__SELF_IEDB_18eebcfe8ed0__s3/eps2/hla_only.in,40877d055c3ac526f381462b4760680530936c3f68deadcbf0c4329564a318db,HY13_SEQ_02__self__SELF_IEDB_18eebcfe8ed0__s3,HY13_SEQ_02,3,2.0,complete,raw_calculations/apbs/HY13_SEQ_02/HY13_SEQ_02__self__SELF_IEDB_18eebcfe8ed0__s3/eps2/hla_only.stderr.txt,raw_calculations/apbs/HY13_SEQ_02/HY13_SEQ_02__self__SELF_IEDB_18eebcfe8ed0__s3/eps2/hla_only.stdout.txt
self,SELF_IEDB_18eebcfe8ed0,ubuntu@sha256:2edbbc5dc405e9612ba3584ce95480277e3eb374407b5505fe26f17df77c7dbc,16996859,transient_deleted_after_checksum_and_sampling,8b139ce024e389e6ad46948acfb9fac9c314b30200301568994a3740503fe2f3,0,full,raw_calculations/apbs/HY13_SEQ_02/HY13_SEQ_02__self__SELF_IEDB_18eebcfe8ed0__s3/eps4/full.in,2d0b7ea595b8bac292232fa6510f6957ff50c7385d242c2f10834b6cbcee39c2,HY13_SEQ_02__self__SELF_IEDB_18eebcfe8ed0__s3,HY13_SEQ_02,3,4.0,complete,raw_calculations/apbs/HY13_SEQ_02/HY13_SEQ_02__self__SELF_IEDB_18eebcfe8ed0__s3/eps4/full.stderr.txt,raw_calculations/apbs/HY13_SEQ_02/HY13_SEQ_02__self__SELF_IEDB_18eebcfe8ed0__s3/eps4/full.stdout.txt
self,SELF_IEDB_18eebcfe8ed0,ubuntu@sha256:2edbbc5dc405e9612ba3584ce95480277e3eb374407b5505fe26f17df77c7dbc,17067321,transient_deleted_after_checksum_and_sampling,76052e3f3268a6fce8ed9f8e3f64a594eb4d1358f1ec03a98bbf900501d220ee,0,hla_only,raw_calculations/apbs/HY13_SEQ_02/HY13_SEQ_02__self__SELF_IEDB_18eebcfe8ed0__s3/eps4/hla_only.in,fe2addd86b537b6ce9560abc59c904753812946a76a75620d09a898ee499dcc1,HY13_SEQ_02__self__SELF_IEDB_18eebcfe8ed0__s3,HY13_SEQ_02,3,4.0,complete,raw_calculations/apbs/HY13_SEQ_02/HY13_SEQ_02__self__SELF_IEDB_18eebcfe8ed0__s3/eps4/hla_only.stderr.txt,raw_calculations/apbs/HY13_SEQ_02/HY13_SEQ_02__self__SELF_IEDB_18eebcfe8ed0__s3/eps4/hla_only.stdout.txt
self,SELF_IEDB_18eebcfe8ed0,ubuntu@sha256:2edbbc5dc405e9612ba3584ce95480277e3eb374407b5505fe26f17df77c7dbc,17012649,transient_deleted_after_checksum_and_sampling,9ec706d2cd694310260749b853dcdd4b1840642923afff764d9e928cb7cf3942,0,full,raw_calculations/apbs/HY13_SEQ_02/HY13_SEQ_02__self__SELF_IEDB_18eebcfe8ed0__s3/eps8/full.in,650c368dff4b6a2befd3dfdd989d569fbbf6b3f654a25c0bce50ee43ddab15c3,HY13_SEQ_02__self__SELF_IEDB_18eebcfe8ed0__s3,HY13_SEQ_02,3,8.0,complete,raw_calculations/apbs/HY13_SEQ_02/HY13_SEQ_02__self__SELF_IEDB_18eebcfe8ed0__s3/eps8/full.stderr.txt,raw_calculations/apbs/HY13_SEQ_02/HY13_SEQ_02__self__SELF_IEDB_18eebcfe8ed0__s3/eps8/full.stdout.txt
self,SELF_IEDB_18eebcfe8ed0,ubuntu@sha256:2edbbc5dc405e9612ba3584ce95480277e3eb374407b5505fe26f17df77c7dbc,17087583,transient_deleted_after_checksum_and_sampling,e68249e84fdf39838810f68c3c23937b696a486bd5d1de0744babb3e23e884d7,0,hla_only,raw_calculations/apbs/HY13_SEQ_02/HY13_SEQ_02__self__SELF_IEDB_18eebcfe8ed0__s3/eps8/hla_only.in,7d6f701d93fd2c8e77ecedb9f0a2f61838ac90ea9004f31ce6d20a63fd994988,HY13_SEQ_02__self__SELF_IEDB_18eebcfe8ed0__s3,HY13_SEQ_02,3,8.0,complete,raw_calculations/apbs/HY13_SEQ_02/HY13_SEQ_02__self__SELF_IEDB_18eebcfe8ed0__s3/eps8/hla_only.stderr.txt,raw_calculations/apbs/HY13_SEQ_02/HY13_SEQ_02__self__SELF_IEDB_18eebcfe8ed0__s3/eps8/hla_only.stdout.txt
self,SELF_IEDB_18eebcfe8ed0,ubuntu@sha256:2edbbc5dc405e9612ba3584ce95480277e3eb374407b5505fe26f17df77c7dbc,17029841,transient_deleted_after_checksum_and_sampling,0b3fa4dd2b89fe29c87c49021367d2adaa772e5e2fe47cb95b4fd4d6baf9e072,0,full,raw_calculations/apbs/HY13_SEQ_02/HY13_SEQ_02__self__SELF_IEDB_18eebcfe8ed0__s4/eps2/full.in,b48d940d6e9f59a766b687193b3d232c4cf4f9ace4fafa7900a37ebdff423665,HY13_SEQ_02__self__SELF_IEDB_18eebcfe8ed0__s4,HY13_SEQ_02,4,2.0,complete,raw_calculations/apbs/HY13_SEQ_02/HY13_SEQ_02__self__SELF_IEDB_18eebcfe8ed0__s4/eps2/full.stderr.txt,raw_calculations/apbs/HY13_SEQ_02/HY13_SEQ_02__self__SELF_IEDB_18eebcfe8ed0__s4/eps2/full.stdout.txt
self,SELF_IEDB_18eebcfe8ed0,ubuntu@sha256:2edbbc5dc405e9612ba3584ce95480277e3eb374407b5505fe26f17df77c7dbc,17067232,transient_deleted_after_checksum_and_sampling,ecb845752091c2f372cdd5248412b92816290eb7f3c92eaa76f48b2d7957ec39,0,hla_only,raw_calculations/apbs/HY13_SEQ_02/HY13_SEQ_02__self__SELF_IEDB_18eebcfe8ed0__s4/eps2/hla_only.in,1dcf3c6e01a19efd37298c2ba1233ab6a5982060390a9f69d2a0a2039e240c06,HY13_SEQ_02__self__SELF_IEDB_18eebcfe8ed0__s4,HY13_SEQ_02,4,2.0,complete,raw_calculations/apbs/HY13_SEQ_02/HY13_SEQ_02__self__SELF_IEDB_18eebcfe8ed0__s4/eps2/hla_only.stderr.txt,raw_calculations/apbs/HY13_SEQ_02/HY13_SEQ_02__self__SELF_IEDB_18eebcfe8ed0__s4/eps2/hla_only.stdout.txt
self,SELF_IEDB_18eebcfe8ed0,ubuntu@sha256:2edbbc5dc405e9612ba3584ce95480277e3eb374407b5505fe26f17df77c7dbc,17041729,transient_deleted_after_checksum_and_sampling,5bfa0e4a734102799d2f867b7fae4516c836316f7d22bccd6bdee1429bee6422,0,full,raw_calculations/apbs/HY13_SEQ_02/HY13_SEQ_02__self__SELF_IEDB_18eebcfe8ed0__s4/eps4/full.in,962da28e761fdbed141c35eb811ea8e21b06c895b2c88e6f3d33244c93115718,HY13_SEQ_02__self__SELF_IEDB_18eebcfe8ed0__s4,HY13_SEQ_02,4,4.0,complete,raw_calculations/apbs/HY13_SEQ_02/HY13_SEQ_02__self__SELF_IEDB_18eebcfe8ed0__s4/eps4/full.stderr.txt,raw_calculations/apbs/HY13_SEQ_02/HY13_SEQ_02__self__SELF_IEDB_18eebcfe8ed0__s4/eps4/full.stdout.txt
self,SELF_IEDB_18eebcfe8ed0,ubuntu@sha256:2edbbc5dc405e9612ba3584ce95480277e3eb374407b5505fe26f17df77c7dbc,17080622,transient_deleted_after_checksum_and_sampling,ea3cb3c224edcce01a9a5e171fa55fdbe82e0d12c60c25374b482edb88c11886,0,hla_only,raw_calculations/apbs/HY13_SEQ_02/HY13_SEQ_02__self__SELF_IEDB_18eebcfe8ed0__s4/eps4/hla_only.in,a3b7c58cfde6994a8bc95e014374c791f858b10f77de34c6d2c8d74a6095252a,HY13_SEQ_02__self__SELF_IEDB_18eebcfe8ed0__s4,HY13_SEQ_02,4,4.0,complete,raw_calculations/apbs/HY13_SEQ_02/HY13_SEQ_02__self__SELF_IEDB_18eebcfe8ed0__s4/eps4/hla_only.stderr.txt,raw_calculations/apbs/HY13_SEQ_02/HY13_SEQ_02__self__SELF_IEDB_18eebcfe8ed0__s4/eps4/hla_only.stdout.txt
self,SELF_IEDB_18eebcfe8ed0,ubuntu@sha256:2edbbc5dc405e9612ba3584ce95480277e3eb374407b5505fe26f17df77c7dbc,17059528,transient_deleted_after_checksum_and_sampling,e658696f44ba49703d65b589299ac26e469b882d015c253f4c5b3e0aa1aa4433,0,full,raw_calculations/apbs/HY13_SEQ_02/HY13_SEQ_02__self__SELF_IEDB_18eebcfe8ed0__s4/eps8/full.in,da816c6c0912b7332b8c489a135fcc210e9dd4904f63719fe3e2b13f11181f0d,HY13_SEQ_02__self__SELF_IEDB_18eebcfe8ed0__s4,HY13_SEQ_02,4,8.0,complete,raw_calculations/apbs/HY13_SEQ_02/HY13_SEQ_02__self__SELF_IEDB_18eebcfe8ed0__s4/eps8/full.stderr.txt,raw_calculations/apbs/HY13_SEQ_02/HY13_SEQ_02__self__SELF_IEDB_18eebcfe8ed0__s4/eps8/full.stdout.txt
self,SELF_IEDB_18eebcfe8ed0,ubuntu@sha256:2edbbc5dc405e9612ba3584ce95480277e3eb374407b5505fe26f17df77c7dbc,17100198,transient_deleted_after_checksum_and_sampling,7e90de143a238b72a2e3e969cb6efa674a7b047ca55bb78ab135d114acf05880,0,hla_only,raw_calculations/apbs/HY13_SEQ_02/HY13_SEQ_02__self__SELF_IEDB_18eebcfe8ed0__s4/eps8/hla_only.in,708cc07e8441c664dc80e5fcf1e59ed2343949a4060132db91b71efa7bc620df,HY13_SEQ_02__self__SELF_IEDB_18eebcfe8ed0__s4,HY13_SEQ_02,4,8.0,complete,raw_calculations/apbs/HY13_SEQ_02/HY13_SEQ_02__self__SELF_IEDB_18eebcfe8ed0__s4/eps8/hla_only.stderr.txt,raw_calculations/apbs/HY13_SEQ_02/HY13_SEQ_02__self__SELF_IEDB_18eebcfe8ed0__s4/eps8/hla_only.stdout.txt
self,SELF_IEDB_e8f1f840deb4,ubuntu@sha256:2edbbc5dc405e9612ba3584ce95480277e3eb374407b5505fe26f17df77c7dbc,17031096,transient_deleted_after_checksum_and_sampling,f04313277668f79113274fb8c23e03e06ed282ebdc63f0009502e5f3b21648db,0,full,raw_calculations/apbs/HY13_SEQ_02/HY13_SEQ_02__self__SELF_IEDB_e8f1f840deb4__s0/eps2/full.in,0c5fa7713cea4c501d2c6197c4f1fb5569f1e3ac17b0319bb01cf489c09f2cda,HY13_SEQ_02__self__SELF_IEDB_e8f1f840deb4__s0,HY13_SEQ_02,0,2.0,complete,raw_calculations/apbs/HY13_SEQ_02/HY13_SEQ_02__self__SELF_IEDB_e8f1f840deb4__s0/eps2/full.stderr.txt,raw_calculations/apbs/HY13_SEQ_02/HY13_SEQ_02__self__SELF_IEDB_e8f1f840deb4__s0/eps2/full.stdout.txt
self,SELF_IEDB_e8f1f840deb4,ubuntu@sha256:2edbbc5dc405e9612ba3584ce95480277e3eb374407b5505fe26f17df77c7dbc,17085617,transient_deleted_after_checksum_and_sampling,b92007f5587e7ea169cb19814fa043589f4b3b5e53aba6f1f0117fe862450937,0,hla_only,raw_calculations/apbs/HY13_SEQ_02/HY13_SEQ_02__self__SELF_IEDB_e8f1f840deb4__s0/eps2/hla_only.in,40979b122f358d62195cb91ef9ba8bab41c09ec27dd1f3b358d81ecc4bf39fdb,HY13_SEQ_02__self__SELF_IEDB_e8f1f840deb4__s0,HY13_SEQ_02,0,2.0,complete,raw_calculations/apbs/HY13_SEQ_02/HY13_SEQ_02__self__SELF_IEDB_e8f1f840deb4__s0/eps2/hla_only.stderr.txt,raw_calculations/apbs/HY13_SEQ_02/HY13_SEQ_02__self__SELF_IEDB_e8f1f840deb4__s0/eps2/hla_only.stdout.txt
self,SELF_IEDB_e8f1f840deb4,ubuntu@sha256:2edbbc5dc405e9612ba3584ce95480277e3eb374407b5505fe26f17df77c7dbc,17043358,transient_deleted_after_checksum_and_sampling,4eb5237f82f93644cbfcf41a2324e1f13026851f2eb225f345f82c7c1cc1c820,0,full,raw_calculations/apbs/HY13_SEQ_02/HY13_SEQ_02__self__SELF_IEDB_e8f1f840deb4__s0/eps4/full.in,16c1232f08f720fa91b0cc8d5d6a45910dbca9ab48f747aff144b562dadb5d7d,HY13_SEQ_02__self__SELF_IEDB_e8f1f840deb4__s0,HY13_SEQ_02,0,4.0,complete,raw_calculations/apbs/HY13_SEQ_02/HY13_SEQ_02__self__SELF_IEDB_e8f1f840deb4__s0/eps4/full.stderr.txt,raw_calculations/apbs/HY13_SEQ_02/HY13_SEQ_02__self__SELF_IEDB_e8f1f840deb4__s0/eps4/full.stdout.txt
self,SELF_IEDB_e8f1f840deb4,ubuntu@sha256:2edbbc5dc405e9612ba3584ce95480277e3eb374407b5505fe26f17df77c7dbc,17099359,transient_deleted_after_checksum_and_sampling,6e3ee0a2746faf91cc56ae8797cc41352330b4c5d47ee82445759c4091c96fe9,0,hla_only,raw_calculations/apbs/HY13_SEQ_02/HY13_SEQ_02__self__SELF_IEDB_e8f1f840deb4__s0/eps4/hla_only.in,7e021d753b911d94d23463a81e77bb2fc7c57ffd98a7f8be12ad965554c4d7b3,HY13_SEQ_02__self__SELF_IEDB_e8f1f840deb4__s0,HY13_SEQ_02,0,4.0,complete,raw_calculations/apbs/HY13_SEQ_02/HY13_SEQ_02__self__SELF_IEDB_e8f1f840deb4__s0/eps4/hla_only.stderr.txt,raw_calculations/apbs/HY13_SEQ_02/HY13_SEQ_02__self__SELF_IEDB_e8f1f840deb4__s0/eps4/hla_only.stdout.txt
self,SELF_IEDB_e8f1f840deb4,ubuntu@sha256:2edbbc5dc405e9612ba3584ce95480277e3eb374407b5505fe26f17df77c7dbc,17062444,transient_deleted_after_checksum_and_sampling,b06d287002779a6eadf03f11f9d807e4c7f7be56b00c0bfb5a90058a7fdaa1d1,0,full,raw_calculations/apbs/HY13_SEQ_02/HY13_SEQ_02__self__SELF_IEDB_e8f1f840deb4__s0/eps8/full.in,48cad90018ab3f74b8b35440a7619cb81ccbf707ba1ca1d10000e8b59560e5b6,HY13_SEQ_02__self__SELF_IEDB_e8f1f840deb4__s0,HY13_SEQ_02,0,8.0,complete,raw_calculations/apbs/HY13_SEQ_02/HY13_SEQ_02__self__SELF_IEDB_e8f1f840deb4__s0/eps8/full.stderr.txt,raw_calculations/apbs/HY13_SEQ_02/HY13_SEQ_02__self__SELF_IEDB_e8f1f840deb4__s0/eps8/full.stdout.txt
self,SELF_IEDB_e8f1f840deb4,ubuntu@sha256:2edbbc5dc405e9612ba3584ce95480277e3eb374407b5505fe26f17df77c7dbc,17119158,transient_deleted_after_checksum_and_sampling,4c1a86d7a5d997bdc18bd247df0c8d198aa0b0126f845c632c3b054271b69ead,0,hla_only,raw_calculations/apbs/HY13_SEQ_02/HY13_SEQ_02__self__SELF_IEDB_e8f1f840deb4__s0/eps8/hla_only.in,3bf7f32d51fe4bdcb981e3dc34a3114a07aaf78c81b23d897b16a2a32acec0a2,HY13_SEQ_02__self__SELF_IEDB_e8f1f840deb4__s0,HY13_SEQ_02,0,8.0,complete,raw_calculations/apbs/HY13_SEQ_02/HY13_SEQ_02__self__SELF_IEDB_e8f1f840deb4__s0/eps8/hla_only.stderr.txt,raw_calculations/apbs/HY13_SEQ_02/HY13_SEQ_02__self__SELF_IEDB_e8f1f840deb4__s0/eps8/hla_only.stdout.txt
self,SELF_IEDB_e8f1f840deb4,ubuntu@sha256:2edbbc5dc405e9612ba3584ce95480277e3eb374407b5505fe26f17df77c7dbc,17001604,transient_deleted_after_checksum_and_sampling,0ac171732cc754c15d0ced0a9f1449a8521aa214bb3dd8e711f9abc3dafa557c,0,full,raw_calculations/apbs/HY13_SEQ_02/HY13_SEQ_02__self__SELF_IEDB_e8f1f840deb4__s1/eps2/full.in,db369591675c1039c826ae4b8e3dfc60fed3454646e04a5c2da314ac0461405c,HY13_SEQ_02__self__SELF_IEDB_e8f1f840deb4__s1,HY13_SEQ_02,1,2.0,complete,raw_calculations/apbs/HY13_SEQ_02/HY13_SEQ_02__self__SELF_IEDB_e8f1f840deb4__s1/eps2/full.stderr.txt,raw_calculations/apbs/HY13_SEQ_02/HY13_SEQ_02__self__SELF_IEDB_e8f1f840deb4__s1/eps2/full.stdout.txt
self,SELF_IEDB_e8f1f840deb4,ubuntu@sha256:2edbbc5dc405e9612ba3584ce95480277e3eb374407b5505fe26f17df77c7dbc,17060960,transient_deleted_after_checksum_and_sampling,30986e82a4a63c27b7233b6830f836891b6b7cfc2a1151bd6a3ffb72cc5fd394,0,hla_only,raw_calculations/apbs/HY13_SEQ_02/HY13_SEQ_02__self__SELF_IEDB_e8f1f840deb4__s1/eps2/hla_only.in,ce216c20d405f2dc374d730e094ac4adc38c96b2926cedcb3f906e9975211871,HY13_SEQ_02__self__SELF_IEDB_e8f1f840deb4__s1,HY13_SEQ_02,1,2.0,complete,raw_calculations/apbs/HY13_SEQ_02/HY13_SEQ_02__self__SELF_IEDB_e8f1f840deb4__s1/eps2/hla_only.stderr.txt,raw_calculations/apbs/HY13_SEQ_02/HY13_SEQ_02__self__SELF_IEDB_e8f1f840deb4__s1/eps2/hla_only.stdout.txt
self,SELF_IEDB_e8f1f840deb4,ubuntu@sha256:2edbbc5dc405e9612ba3584ce95480277e3eb374407b5505fe26f17df77c7dbc,17012728,transient_deleted_after_checksum_and_sampling,ab1b1a993a9dce9f2286e33f041e6e3282a354f993dd72b5f55052f0a9e78ca4,0,full,raw_calculations/apbs/HY13_SEQ_02/HY13_SEQ_02__self__SELF_IEDB_e8f1f840deb4__s1/eps4/full.in,1c10ea7ffa627c173a08f26c8d94e569978c5a00251bd5c6c5fbbb3aa47f5e16,HY13_SEQ_02__self__SELF_IEDB_e8f1f840deb4__s1,HY13_SEQ_02,1,4.0,complete,raw_calculations/apbs/HY13_SEQ_02/HY13_SEQ_02__self__SELF_IEDB_e8f1f840deb4__s1/eps4/full.stderr.txt,raw_calculations/apbs/HY13_SEQ_02/HY13_SEQ_02__self__SELF_IEDB_e8f1f840deb4__s1/eps4/full.stdout.txt
self,SELF_IEDB_e8f1f840deb4,ubuntu@sha256:2edbbc5dc405e9612ba3584ce95480277e3eb374407b5505fe26f17df77c7dbc,17074020,transient_deleted_after_checksum_and_sampling,67921484ace24e82f7dfac606927c5df9e348c0b4ff098e3cd80e0ed89c41bbc,0,hla_only,raw_calculations/apbs/HY13_SEQ_02/HY13_SEQ_02__self__SELF_IEDB_e8f1f840deb4__s1/eps4/hla_only.in,c6661845b8b23a5e5b8f540b4d72d9d346335324957be771fef5164a382c8dfe,HY13_SEQ_02__self__SELF_IEDB_e8f1f840deb4__s1,HY13_SEQ_02,1,4.0,complete,raw_calculations/apbs/HY13_SEQ_02/HY13_SEQ_02__self__SELF_IEDB_e8f1f840deb4__s1/eps4/hla_only.stderr.txt,raw_calculations/apbs/HY13_SEQ_02/HY13_SEQ_02__self__SELF_IEDB_e8f1f840deb4__s1/eps4/hla_only.stdout.txt
self,SELF_IEDB_e8f1f840deb4,ubuntu@sha256:2edbbc5dc405e9612ba3584ce95480277e3eb374407b5505fe26f17df77c7dbc,17030673,transient_deleted_after_checksum_and_sampling,46f09d647b51f5f5f1b65f3f2d3c4032a09de5c506e86401be941a6d8fde35cc,0,full,raw_calculations/apbs/HY13_SEQ_02/HY13_SEQ_02__self__SELF_IEDB_e8f1f840deb4__s1/eps8/full.in,a1086d2e697b53b93264e299816e768fa1d653b85eac3b72189e74a575464424,HY13_SEQ_02__self__SELF_IEDB_e8f1f840deb4__s1,HY13_SEQ_02,1,8.0,complete,raw_calculations/apbs/HY13_SEQ_02/HY13_SEQ_02__self__SELF_IEDB_e8f1f840deb4__s1/eps8/full.stderr.txt,raw_calculations/apbs/HY13_SEQ_02/HY13_SEQ_02__self__SELF_IEDB_e8f1f840deb4__s1/eps8/full.stdout.txt
self,SELF_IEDB_e8f1f840deb4,ubuntu@sha256:2edbbc5dc405e9612ba3584ce95480277e3eb374407b5505fe26f17df77c7dbc,17093593,transient_deleted_after_checksum_and_sampling,c64ba1520ec51f58e62b514f0ac5c7eb0d98a4ab8c7bcf5801b08d85f0a90d83,0,hla_only,raw_calculations/apbs/HY13_SEQ_02/HY13_SEQ_02__self__SELF_IEDB_e8f1f840deb4__s1/eps8/hla_only.in,26efdd55659fe21c82cc6ce1b9de0dc551714512f82948376828cc97726250e0,HY13_SEQ_02__self__SELF_IEDB_e8f1f840deb4__s1,HY13_SEQ_02,1,8.0,complete,raw_calculations/apbs/HY13_SEQ_02/HY13_SEQ_02__self__SELF_IEDB_e8f1f840deb4__s1/eps8/hla_only.stderr.txt,raw_calculations/apbs/HY13_SEQ_02/HY13_SEQ_02__self__SELF_IEDB_e8f1f840deb4__s1/eps8/hla_only.stdout.txt
self,SELF_IEDB_e8f1f840deb4,ubuntu@sha256:2edbbc5dc405e9612ba3584ce95480277e3eb374407b5505fe26f17df77c7dbc,17015731,transient_deleted_after_checksum_and_sampling,81d9e5976590f0918defedec5135bd9109413247f6c5741b45726327e4bbb704,0,full,raw_calculations/apbs/HY13_SEQ_02/HY13_SEQ_02__self__SELF_IEDB_e8f1f840deb4__s2/eps2/full.in,9dd29b27f3974acb32ee0b1b39313be4abec69dc4dff10a6ffd5f52f68eeb20b,HY13_SEQ_02__self__SELF_IEDB_e8f1f840deb4__s2,HY13_SEQ_02,2,2.0,complete,raw_calculations/apbs/HY13_SEQ_02/HY13_SEQ_02__self__SELF_IEDB_e8f1f840deb4__s2/eps2/full.stderr.txt,raw_calculations/apbs/HY13_SEQ_02/HY13_SEQ_02__self__SELF_IEDB_e8f1f840deb4__s2/eps2/full.stdout.txt
self,SELF_IEDB_e8f1f840deb4,ubuntu@sha256:2edbbc5dc405e9612ba3584ce95480277e3eb374407b5505fe26f17df77c7dbc,17073330,transient_deleted_after_checksum_and_sampling,92713580a845a42a42f075b346317cbd5cf56f0605639a9c4794f0746d755501,0,hla_only,raw_calculations/apbs/HY13_SEQ_02/HY13_SEQ_02__self__SELF_IEDB_e8f1f840deb4__s2/eps2/hla_only.in,06a30f2f9a1f504f1f459b218868dde7046dbc5a2d18316f1c6db45d5d0dcb36,HY13_SEQ_02__self__SELF_IEDB_e8f1f840deb4__s2,HY13_SEQ_02,2,2.0,complete,raw_calculations/apbs/HY13_SEQ_02/HY13_SEQ_02__self__SELF_IEDB_e8f1f840deb4__s2/eps2/hla_only.stderr.txt,raw_calculations/apbs/HY13_SEQ_02/HY13_SEQ_02__self__SELF_IEDB_e8f1f840deb4__s2/eps2/hla_only.stdout.txt
self,SELF_IEDB_e8f1f840deb4,ubuntu@sha256:2edbbc5dc405e9612ba3584ce95480277e3eb374407b5505fe26f17df77c7dbc,17029038,transient_deleted_after_checksum_and_sampling,5dfa37a3f56d5038bb742236f7f7edb82fd8b63b48e41efc8267b30d643803ba,0,full,raw_calculations/apbs/HY13_SEQ_02/HY13_SEQ_02__self__SELF_IEDB_e8f1f840deb4__s2/eps4/full.in,c6579cafe19a55d9257b532d99991fb4bc25189f58c26d8818580df830ab1058,HY13_SEQ_02__self__SELF_IEDB_e8f1f840deb4__s2,HY13_SEQ_02,2,4.0,complete,raw_calculations/apbs/HY13_SEQ_02/HY13_SEQ_02__self__SELF_IEDB_e8f1f840deb4__s2/eps4/full.stderr.txt,raw_calculations/apbs/HY13_SEQ_02/HY13_SEQ_02__self__SELF_IEDB_e8f1f840deb4__s2/eps4/full.stdout.txt
self,SELF_IEDB_e8f1f840deb4,ubuntu@sha256:2edbbc5dc405e9612ba3584ce95480277e3eb374407b5505fe26f17df77c7dbc,17086595,transient_deleted_after_checksum_and_sampling,13e833b5bf373a52e6f2b3d6ef74814f915f19a45bbf06e77b4f23ac6d52eaaf,0,hla_only,raw_calculations/apbs/HY13_SEQ_02/HY13_SEQ_02__self__SELF_IEDB_e8f1f840deb4__s2/eps4/hla_only.in,a4798f958489086ff575c2fadb4759770b9acc22c6d1b233f0653080ba897b7b,HY13_SEQ_02__self__SELF_IEDB_e8f1f840deb4__s2,HY13_SEQ_02,2,4.0,complete,raw_calculations/apbs/HY13_SEQ_02/HY13_SEQ_02__self__SELF_IEDB_e8f1f840deb4__s2/eps4/hla_only.stderr.txt,raw_calculations/apbs/HY13_SEQ_02/HY13_SEQ_02__self__SELF_IEDB_e8f1f840deb4__s2/eps4/hla_only.stdout.txt
self,SELF_IEDB_e8f1f840deb4,ubuntu@sha256:2edbbc5dc405e9612ba3584ce95480277e3eb374407b5505fe26f17df77c7dbc,17048451,transient_deleted_after_checksum_and_sampling,fd5cba0532685c3e3ba4d0373a5aec4c0de52b1df9a26f7abaf883fdcda1ccc3,0,full,raw_calculations/apbs/HY13_SEQ_02/HY13_SEQ_02__self__SELF_IEDB_e8f1f840deb4__s2/eps8/full.in,4043ba4462693ec19c01ba7072c72ce524f55ddfecad6d5a7e2b12fc7c8e2bc6,HY13_SEQ_02__self__SELF_IEDB_e8f1f840deb4__s2,HY13_SEQ_02,2,8.0,complete,raw_calculations/apbs/HY13_SEQ_02/HY13_SEQ_02__self__SELF_IEDB_e8f1f840deb4__s2/eps8/full.stderr.txt,raw_calculations/apbs/HY13_SEQ_02/HY13_SEQ_02__self__SELF_IEDB_e8f1f840deb4__s2/eps8/full.stdout.txt
self,SELF_IEDB_e8f1f840deb4,ubuntu@sha256:2edbbc5dc405e9612ba3584ce95480277e3eb374407b5505fe26f17df77c7dbc,17105828,transient_deleted_after_checksum_and_sampling,a58cebeeacf4504185b5885e5be04c6b35e62b4fec0e8dd07b43e124a58c4f88,0,hla_only,raw_calculations/apbs/HY13_SEQ_02/HY13_SEQ_02__self__SELF_IEDB_e8f1f840deb4__s2/eps8/hla_only.in,f711f8d95bfd712139f3a65bdbf9d8c213a176797ff52161e22da7c552db7697,HY13_SEQ_02__self__SELF_IEDB_e8f1f840deb4__s2,HY13_SEQ_02,2,8.0,complete,raw_calculations/apbs/HY13_SEQ_02/HY13_SEQ_02__self__SELF_IEDB_e8f1f840deb4__s2/eps8/hla_only.stderr.txt,raw_calculations/apbs/HY13_SEQ_02/HY13_SEQ_02__self__SELF_IEDB_e8f1f840deb4__s2/eps8/hla_only.stdout.txt
self,SELF_IEDB_e8f1f840deb4,ubuntu@sha256:2edbbc5dc405e9612ba3584ce95480277e3eb374407b5505fe26f17df77c7dbc,16976898,transient_deleted_after_checksum_and_sampling,f2586435e0f11931b0a38d8893bc0d5b7f86489bd95d351d30cf66fb4691ac12,0,full,raw_calculations/apbs/HY13_SEQ_02/HY13_SEQ_02__self__SELF_IEDB_e8f1f840deb4__s3/eps2/full.in,790afed92bf4f00f63ea144b692da3c56d710340718b057b86116a549621ddae,HY13_SEQ_02__self__SELF_IEDB_e8f1f840deb4__s3,HY13_SEQ_02,3,2.0,complete,raw_calculations/apbs/HY13_SEQ_02/HY13_SEQ_02__self__SELF_IEDB_e8f1f840deb4__s3/eps2/full.stderr.txt,raw_calculations/apbs/HY13_SEQ_02/HY13_SEQ_02__self__SELF_IEDB_e8f1f840deb4__s3/eps2/full.stdout.txt
self,SELF_IEDB_e8f1f840deb4,ubuntu@sha256:2edbbc5dc405e9612ba3584ce95480277e3eb374407b5505fe26f17df77c7dbc,17057117,transient_deleted_after_checksum_and_sampling,3541805d40445a1c0acd0d58adf494cb3cc4218eb20298750eab7162f3c17cfe,0,hla_only,raw_calculations/apbs/HY13_SEQ_02/HY13_SEQ_02__self__SELF_IEDB_e8f1f840deb4__s3/eps2/hla_only.in,41cae55fcb160fe1aff5861bf22560359ca5a1edafeabdc6937811eddc95aa63,HY13_SEQ_02__self__SELF_IEDB_e8f1f840deb4__s3,HY13_SEQ_02,3,2.0,complete,raw_calculations/apbs/HY13_SEQ_02/HY13_SEQ_02__self__SELF_IEDB_e8f1f840deb4__s3/eps2/hla_only.stderr.txt,raw_calculations/apbs/HY13_SEQ_02/HY13_SEQ_02__self__SELF_IEDB_e8f1f840deb4__s3/eps2/hla_only.stdout.txt
self,SELF_IEDB_e8f1f840deb4,ubuntu@sha256:2edbbc5dc405e9612ba3584ce95480277e3eb374407b5505fe26f17df77c7dbc,16988238,transient_deleted_after_checksum_and_sampling,777d1077526c1b9884b41e61aab15ab97f1120741d57a9adfcacbfbadb81c62b,0,full,raw_calculations/apbs/HY13_SEQ_02/HY13_SEQ_02__self__SELF_IEDB_e8f1f840deb4__s3/eps4/full.in,ee0d7c25d8aef728039377dc71416385d45c3be81ab14f21efb7999c9cd5ca16,HY13_SEQ_02__self__SELF_IEDB_e8f1f840deb4__s3,HY13_SEQ_02,3,4.0,complete,raw_calculations/apbs/HY13_SEQ_02/HY13_SEQ_02__self__SELF_IEDB_e8f1f840deb4__s3/eps4/full.stderr.txt,raw_calculations/apbs/HY13_SEQ_02/HY13_SEQ_02__self__SELF_IEDB_e8f1f840deb4__s3/eps4/full.stdout.txt
self,SELF_IEDB_e8f1f840deb4,ubuntu@sha256:2edbbc5dc405e9612ba3584ce95480277e3eb374407b5505fe26f17df77c7dbc,17069127,transient_deleted_after_checksum_and_sampling,bc9541b555be06f0c5d0f8336f98791c604fab497dd5dcc5ec49ebf8cd3899cd,0,hla_only,raw_calculations/apbs/HY13_SEQ_02/HY13_SEQ_02__self__SELF_IEDB_e8f1f840deb4__s3/eps4/hla_only.in,5c7c7dce1ba2d3e5f58973b3d22ff5d351cd2422c868e08115ce215b16d03b1a,HY13_SEQ_02__self__SELF_IEDB_e8f1f840deb4__s3,HY13_SEQ_02,3,4.0,complete,raw_calculations/apbs/HY13_SEQ_02/HY13_SEQ_02__self__SELF_IEDB_e8f1f840deb4__s3/eps4/hla_only.stderr.txt,raw_calculations/apbs/HY13_SEQ_02/HY13_SEQ_02__self__SELF_IEDB_e8f1f840deb4__s3/eps4/hla_only.stdout.txt
self,SELF_IEDB_e8f1f840deb4,ubuntu@sha256:2edbbc5dc405e9612ba3584ce95480277e3eb374407b5505fe26f17df77c7dbc,17006469,transient_deleted_after_checksum_and_sampling,740cc9c724a6bbac104ab0251831ced5dea5d7158cedee62eded42cef9988b8a,0,full,raw_calculations/apbs/HY13_SEQ_02/HY13_SEQ_02__self__SELF_IEDB_e8f1f840deb4__s3/eps8/full.in,a2fa1d14a5c6ca5f30fa30f168f7bfe694758979955683fc9b823223a20ffcac,HY13_SEQ_02__self__SELF_IEDB_e8f1f840deb4__s3,HY13_SEQ_02,3,8.0,complete,raw_calculations/apbs/HY13_SEQ_02/HY13_SEQ_02__self__SELF_IEDB_e8f1f840deb4__s3/eps8/full.stderr.txt,raw_calculations/apbs/HY13_SEQ_02/HY13_SEQ_02__self__SELF_IEDB_e8f1f840deb4__s3/eps8/full.stdout.txt
self,SELF_IEDB_e8f1f840deb4,ubuntu@sha256:2edbbc5dc405e9612ba3584ce95480277e3eb374407b5505fe26f17df77c7dbc,17087412,transient_deleted_after_checksum_and_sampling,e85a4b061ec1a078c5d021e1d107206aec95147a35c678693e2fbe0b80a8abff,0,hla_only,raw_calculations/apbs/HY13_SEQ_02/HY13_SEQ_02__self__SELF_IEDB_e8f1f840deb4__s3/eps8/hla_only.in,d9d4a1d01ceda806c682f3bc09a70c1214db0b2f11d73b7e144e5fde2a0fdff0,HY13_SEQ_02__self__SELF_IEDB_e8f1f840deb4__s3,HY13_SEQ_02,3,8.0,complete,raw_calculations/apbs/HY13_SEQ_02/HY13_SEQ_02__self__SELF_IEDB_e8f1f840deb4__s3/eps8/hla_only.stderr.txt,raw_calculations/apbs/HY13_SEQ_02/HY13_SEQ_02__self__SELF_IEDB_e8f1f840deb4__s3/eps8/hla_only.stdout.txt
self,SELF_IEDB_e8f1f840deb4,ubuntu@sha256:2edbbc5dc405e9612ba3584ce95480277e3eb374407b5505fe26f17df77c7dbc,16987849,transient_deleted_after_checksum_and_sampling,e693a0266abab425298920b86b7ba2844442e8de83763d0efe29bf4120ab5328,0,full,raw_calculations/apbs/HY13_SEQ_02/HY13_SEQ_02__self__SELF_IEDB_e8f1f840deb4__s4/eps2/full.in,f3640b4a54d65e128909e427747bd06cb2612b3256c112f9625065542bbc4cb7,HY13_SEQ_02__self__SELF_IEDB_e8f1f840deb4__s4,HY13_SEQ_02,4,2.0,complete,raw_calculations/apbs/HY13_SEQ_02/HY13_SEQ_02__self__SELF_IEDB_e8f1f840deb4__s4/eps2/full.stderr.txt,raw_calculations/apbs/HY13_SEQ_02/HY13_SEQ_02__self__SELF_IEDB_e8f1f840deb4__s4/eps2/full.stdout.txt
self,SELF_IEDB_e8f1f840deb4,ubuntu@sha256:2edbbc5dc405e9612ba3584ce95480277e3eb374407b5505fe26f17df77c7dbc,17046169,transient_deleted_after_checksum_and_sampling,1d3c45832f6cdfc347406c3376235e810820374b8588a1a0b80d6e9e45e82a82,0,hla_only,raw_calculations/apbs/HY13_SEQ_02/HY13_SEQ_02__self__SELF_IEDB_e8f1f840deb4__s4/eps2/hla_only.in,4f154b9d9a68338c101316bf9f828831e5bb0f1b67e01f0487f067593b99bf6e,HY13_SEQ_02__self__SELF_IEDB_e8f1f840deb4__s4,HY13_SEQ_02,4,2.0,complete,raw_calculations/apbs/HY13_SEQ_02/HY13_SEQ_02__self__SELF_IEDB_e8f1f840deb4__s4/eps2/hla_only.stderr.txt,raw_calculations/apbs/HY13_SEQ_02/HY13_SEQ_02__self__SELF_IEDB_e8f1f840deb4__s4/eps2/hla_only.stdout.txt
self,SELF_IEDB_e8f1f840deb4,ubuntu@sha256:2edbbc5dc405e9612ba3584ce95480277e3eb374407b5505fe26f17df77c7dbc,16999861,transient_deleted_after_checksum_and_sampling,6ebc3fad2d40aea45245d7fb9e23d861819dd410c83dbd181cc009d3305bff7a,0,full,raw_calculations/apbs/HY13_SEQ_02/HY13_SEQ_02__self__SELF_IEDB_e8f1f840deb4__s4/eps4/full.in,ca94f4da3e1c386601e68971ba3b2a321cc403a2d3d20e954c306e9faabae110,HY13_SEQ_02__self__SELF_IEDB_e8f1f840deb4__s4,HY13_SEQ_02,4,4.0,complete,raw_calculations/apbs/HY13_SEQ_02/HY13_SEQ_02__self__SELF_IEDB_e8f1f840deb4__s4/eps4/full.stderr.txt,raw_calculations/apbs/HY13_SEQ_02/HY13_SEQ_02__self__SELF_IEDB_e8f1f840deb4__s4/eps4/full.stdout.txt
self,SELF_IEDB_e8f1f840deb4,ubuntu@sha256:2edbbc5dc405e9612ba3584ce95480277e3eb374407b5505fe26f17df77c7dbc,17059889,transient_deleted_after_checksum_and_sampling,e1b89c7d6b2befa24efe943ccc223137cbaf0bba62d096aded9132f3fb85b00f,0,hla_only,raw_calculations/apbs/HY13_SEQ_02/HY13_SEQ_02__self__SELF_IEDB_e8f1f840deb4__s4/eps4/hla_only.in,71d13792b6845c8cfbb277a4543504839b02251f6a4f427329fa2aba0f4fb9ad,HY13_SEQ_02__self__SELF_IEDB_e8f1f840deb4__s4,HY13_SEQ_02,4,4.0,complete,raw_calculations/apbs/HY13_SEQ_02/HY13_SEQ_02__self__SELF_IEDB_e8f1f840deb4__s4/eps4/hla_only.stderr.txt,raw_calculations/apbs/HY13_SEQ_02/HY13_SEQ_02__self__SELF_IEDB_e8f1f840deb4__s4/eps4/hla_only.stdout.txt
self,SELF_IEDB_e8f1f840deb4,ubuntu@sha256:2edbbc5dc405e9612ba3584ce95480277e3eb374407b5505fe26f17df77c7dbc,17018703,transient_deleted_after_checksum_and_sampling,4c33cf49bc6e6de2f6f40a07037796f07cdc042aaa525471f2aeeb53cb0b325c,0,full,raw_calculations/apbs/HY13_SEQ_02/HY13_SEQ_02__self__SELF_IEDB_e8f1f840deb4__s4/eps8/full.in,ad2b779982141647cc91ea3fcc2026e68def838dcaad0463502deb7b5bf9b919,HY13_SEQ_02__self__SELF_IEDB_e8f1f840deb4__s4,HY13_SEQ_02,4,8.0,complete,raw_calculations/apbs/HY13_SEQ_02/HY13_SEQ_02__self__SELF_IEDB_e8f1f840deb4__s4/eps8/full.stderr.txt,raw_calculations/apbs/HY13_SEQ_02/HY13_SEQ_02__self__SELF_IEDB_e8f1f840deb4__s4/eps8/full.stdout.txt
self,SELF_IEDB_e8f1f840deb4,ubuntu@sha256:2edbbc5dc405e9612ba3584ce95480277e3eb374407b5505fe26f17df77c7dbc,17079857,transient_deleted_after_checksum_and_sampling,657fe8c46dd1eaf952140aa1aa24ac98b870c753291b9f03deedb13c7bcbce1f,0,hla_only,raw_calculations/apbs/HY13_SEQ_02/HY13_SEQ_02__self__SELF_IEDB_e8f1f840deb4__s4/eps8/hla_only.in,5adf184db0c85df68ba866d26bf7e028945b788636ad7026f256351076826f64,HY13_SEQ_02__self__SELF_IEDB_e8f1f840deb4__s4,HY13_SEQ_02,4,8.0,complete,raw_calculations/apbs/HY13_SEQ_02/HY13_SEQ_02__self__SELF_IEDB_e8f1f840deb4__s4/eps8/hla_only.stderr.txt,raw_calculations/apbs/HY13_SEQ_02/HY13_SEQ_02__self__SELF_IEDB_e8f1f840deb4__s4/eps8/hla_only.stdout.txt
ebv,EBV_IEDB_156b80230e03,ubuntu@sha256:2edbbc5dc405e9612ba3584ce95480277e3eb374407b5505fe26f17df77c7dbc,12758236,transient_deleted_after_checksum_and_sampling,e5d52407e8e0092169ced577820d443ffcd4208e1897536de8f3a1a1bd545693,0,full,raw_calculations/apbs/HY15_SEQ_02/HY15_SEQ_02__ebv__EBV_IEDB_156b80230e03__s0/eps2/full.in,5af783e7aac1e26a8b2090cadc6fc0b5303eb4c689d1ef89c941b61a91290e54,HY15_SEQ_02__ebv__EBV_IEDB_156b80230e03__s0,HY15_SEQ_02,0,2.0,complete,raw_calculations/apbs/HY15_SEQ_02/HY15_SEQ_02__ebv__EBV_IEDB_156b80230e03__s0/eps2/full.stderr.txt,raw_calculations/apbs/HY15_SEQ_02/HY15_SEQ_02__ebv__EBV_IEDB_156b80230e03__s0/eps2/full.stdout.txt
ebv,EBV_IEDB_156b80230e03,ubuntu@sha256:2edbbc5dc405e9612ba3584ce95480277e3eb374407b5505fe26f17df77c7dbc,12862132,transient_deleted_after_checksum_and_sampling,d7a9f6df6b183ea92df2a7881999ee24c6336c5e80dcb7f4ab7a910b89dc641e,0,hla_only,raw_calculations/apbs/HY15_SEQ_02/HY15_SEQ_02__ebv__EBV_IEDB_156b80230e03__s0/eps2/hla_only.in,3cc70d4365405baf964dc44043a9309ac5db3315c91de2d62db55ae5d38f89c3,HY15_SEQ_02__ebv__EBV_IEDB_156b80230e03__s0,HY15_SEQ_02,0,2.0,complete,raw_calculations/apbs/HY15_SEQ_02/HY15_SEQ_02__ebv__EBV_IEDB_156b80230e03__s0/eps2/hla_only.stderr.txt,raw_calculations/apbs/HY15_SEQ_02/HY15_SEQ_02__ebv__EBV_IEDB_156b80230e03__s0/eps2/hla_only.stdout.txt
ebv,EBV_IEDB_156b80230e03,ubuntu@sha256:2edbbc5dc405e9612ba3584ce95480277e3eb374407b5505fe26f17df77c7dbc,12767562,transient_deleted_after_checksum_and_sampling,36b62f8bf3e70b319bb545cc1b65520c8895d5279f14712af181e345bd9c5965,0,full,raw_calculations/apbs/HY15_SEQ_02/HY15_SEQ_02__ebv__EBV_IEDB_156b80230e03__s0/eps4/full.in,198689510cce587bd6a43fa739ce290f591faf1c115f5c3437b8ecd804e5fb20,HY15_SEQ_02__ebv__EBV_IEDB_156b80230e03__s0,HY15_SEQ_02,0,4.0,complete,raw_calculations/apbs/HY15_SEQ_02/HY15_SEQ_02__ebv__EBV_IEDB_156b80230e03__s0/eps4/full.stderr.txt,raw_calculations/apbs/HY15_SEQ_02/HY15_SEQ_02__ebv__EBV_IEDB_156b80230e03__s0/eps4/full.stdout.txt
ebv,EBV_IEDB_156b80230e03,ubuntu@sha256:2edbbc5dc405e9612ba3584ce95480277e3eb374407b5505fe26f17df77c7dbc,12872266,transient_deleted_after_checksum_and_sampling,a1caf39dddb95d559968b3788994af66e415956b6b0cbc8dfb0f692c9c516c5d,0,hla_only,raw_calculations/apbs/HY15_SEQ_02/HY15_SEQ_02__ebv__EBV_IEDB_156b80230e03__s0/eps4/hla_only.in,21966ddcf364c2794ad40d9b982a6f8a1a62c6de6ab77813d7f3d8f86773f365,HY15_SEQ_02__ebv__EBV_IEDB_156b80230e03__s0,HY15_SEQ_02,0,4.0,complete,raw_calculations/apbs/HY15_SEQ_02/HY15_SEQ_02__ebv__EBV_IEDB_156b80230e03__s0/eps4/hla_only.stderr.txt,raw_calculations/apbs/HY15_SEQ_02/HY15_SEQ_02__ebv__EBV_IEDB_156b80230e03__s0/eps4/hla_only.stdout.txt
ebv,EBV_IEDB_156b80230e03,ubuntu@sha256:2edbbc5dc405e9612ba3584ce95480277e3eb374407b5505fe26f17df77c7dbc,12781042,transient_deleted_after_checksum_and_sampling,d705a63130a66cac1e3f7315f567e8fd7ef7e0e7e9ab82e700745b08bb59a49d,0,full,raw_calculations/apbs/HY15_SEQ_02/HY15_SEQ_02__ebv__EBV_IEDB_156b80230e03__s0/eps8/full.in,f8ec4e9a9d21cd4fbe755a4f3eb4ebb958c0d57ed1ceb466b1f4bf326e220d99,HY15_SEQ_02__ebv__EBV_IEDB_156b80230e03__s0,HY15_SEQ_02,0,8.0,complete,raw_calculations/apbs/HY15_SEQ_02/HY15_SEQ_02__ebv__EBV_IEDB_156b80230e03__s0/eps8/full.stderr.txt,raw_calculations/apbs/HY15_SEQ_02/HY15_SEQ_02__ebv__EBV_IEDB_156b80230e03__s0/eps8/full.stdout.txt
ebv,EBV_IEDB_156b80230e03,ubuntu@sha256:2edbbc5dc405e9612ba3584ce95480277e3eb374407b5505fe26f17df77c7dbc,12886816,transient_deleted_after_checksum_and_sampling,3b6cef534fd595cad62f39417b03670dfbc087e1a96f939d0a2d27945a387706,0,hla_only,raw_calculations/apbs/HY15_SEQ_02/HY15_SEQ_02__ebv__EBV_IEDB_156b80230e03__s0/eps8/hla_only.in,d12d0a67e315f2f7f9e8c9dffa09fcfe549fa4cb31424d0ba61453be5b06e4ca,HY15_SEQ_02__ebv__EBV_IEDB_156b80230e03__s0,HY15_SEQ_02,0,8.0,complete,raw_calculations/apbs/HY15_SEQ_02/HY15_SEQ_02__ebv__EBV_IEDB_156b80230e03__s0/eps8/hla_only.stderr.txt,raw_calculations/apbs/HY15_SEQ_02/HY15_SEQ_02__ebv__EBV_IEDB_156b80230e03__s0/eps8/hla_only.stdout.txt
ebv,EBV_IEDB_156b80230e03,ubuntu@sha256:2edbbc5dc405e9612ba3584ce95480277e3eb374407b5505fe26f17df77c7dbc,12785730,transient_deleted_after_checksum_and_sampling,1309d28238d99cc001723ba30d8708879f1019410f99cd038ea0490bf7d61bfa,0,full,raw_calculations/apbs/HY15_SEQ_02/HY15_SEQ_02__ebv__EBV_IEDB_156b80230e03__s1/eps2/full.in,0dcb197e62914436de259619f6dbab2c035c839bc6d344f800e08c089e58c0ed,HY15_SEQ_02__ebv__EBV_IEDB_156b80230e03__s1,HY15_SEQ_02,1,2.0,complete,raw_calculations/apbs/HY15_SEQ_02/HY15_SEQ_02__ebv__EBV_IEDB_156b80230e03__s1/eps2/full.stderr.txt,raw_calculations/apbs/HY15_SEQ_02/HY15_SEQ_02__ebv__EBV_IEDB_156b80230e03__s1/eps2/full.stdout.txt
ebv,EBV_IEDB_156b80230e03,ubuntu@sha256:2edbbc5dc405e9612ba3584ce95480277e3eb374407b5505fe26f17df77c7dbc,12870059,transient_deleted_after_checksum_and_sampling,e57ed040f2d446b70ac075421e8e7100a5eb3066ea3d23d5717b1f23fa606d7c,0,hla_only,raw_calculations/apbs/HY15_SEQ_02/HY15_SEQ_02__ebv__EBV_IEDB_156b80230e03__s1/eps2/hla_only.in,0075ded9fddc19e2776844bfc06fec6926b5d9df1a0bac760d488b2d56570042,HY15_SEQ_02__ebv__EBV_IEDB_156b80230e03__s1,HY15_SEQ_02,1,2.0,complete,raw_calculations/apbs/HY15_SEQ_02/HY15_SEQ_02__ebv__EBV_IEDB_156b80230e03__s1/eps2/hla_only.stderr.txt,raw_calculations/apbs/HY15_SEQ_02/HY15_SEQ_02__ebv__EBV_IEDB_156b80230e03__s1/eps2/hla_only.stdout.txt
ebv,EBV_IEDB_156b80230e03,ubuntu@sha256:2edbbc5dc405e9612ba3584ce95480277e3eb374407b5505fe26f17df77c7dbc,12798124,transient_deleted_after_checksum_and_sampling,ad91f2f56238340f90e6a49dc6a63e2343b9965e3ec0e5ea2ec37c9b3852ba07,0,full,raw_calculations/apbs/HY15_SEQ_02/HY15_SEQ_02__ebv__EBV_IEDB_156b80230e03__s1/eps4/full.in,0298c914db505ce8ce608fcaf22dd66f92bb1a20b511779a47ef2648831a4bdb,HY15_SEQ_02__ebv__EBV_IEDB_156b80230e03__s1,HY15_SEQ_02,1,4.0,complete,raw_calculations/apbs/HY15_SEQ_02/HY15_SEQ_02__ebv__EBV_IEDB_156b80230e03__s1/eps4/full.stderr.txt,raw_calculations/apbs/HY15_SEQ_02/HY15_SEQ_02__ebv__EBV_IEDB_156b80230e03__s1/eps4/full.stdout.txt
ebv,EBV_IEDB_156b80230e03,ubuntu@sha256:2edbbc5dc405e9612ba3584ce95480277e3eb374407b5505fe26f17df77c7dbc,12881483,transient_deleted_after_checksum_and_sampling,dfdfd765a4c46bcbf8d5feea8f7c2e4974db01fa52a6c2acc2462a4d0836bffb,0,hla_only,raw_calculations/apbs/HY15_SEQ_02/HY15_SEQ_02__ebv__EBV_IEDB_156b80230e03__s1/eps4/hla_only.in,3e08a45f42346d2f39f218f582b9448f39d7d49d2d70472e58958a4fc38698f2,HY15_SEQ_02__ebv__EBV_IEDB_156b80230e03__s1,HY15_SEQ_02,1,4.0,complete,raw_calculations/apbs/HY15_SEQ_02/HY15_SEQ_02__ebv__EBV_IEDB_156b80230e03__s1/eps4/hla_only.stderr.txt,raw_calculations/apbs/HY15_SEQ_02/HY15_SEQ_02__ebv__EBV_IEDB_156b80230e03__s1/eps4/hla_only.stdout.txt
ebv,EBV_IEDB_156b80230e03,ubuntu@sha256:2edbbc5dc405e9612ba3584ce95480277e3eb374407b5505fe26f17df77c7dbc,12818369,transient_deleted_after_checksum_and_sampling,1ca7623f19f2e8d25581f33b3a36ae509caeffeeedc0cfecac87df08d20ff0ab,0,full,raw_calculations/apbs/HY15_SEQ_02/HY15_SEQ_02__ebv__EBV_IEDB_156b80230e03__s1/eps8/full.in,9a083423505134920923a3a3f9869470c5c4ebd8735446a1932d7d413dee324b,HY15_SEQ_02__ebv__EBV_IEDB_156b80230e03__s1,HY15_SEQ_02,1,8.0,complete,raw_calculations/apbs/HY15_SEQ_02/HY15_SEQ_02__ebv__EBV_IEDB_156b80230e03__s1/eps8/full.stderr.txt,raw_calculations/apbs/HY15_SEQ_02/HY15_SEQ_02__ebv__EBV_IEDB_156b80230e03__s1/eps8/full.stdout.txt
ebv,EBV_IEDB_156b80230e03,ubuntu@sha256:2edbbc5dc405e9612ba3584ce95480277e3eb374407b5505fe26f17df77c7dbc,12898617,transient_deleted_after_checksum_and_sampling,812fc98b0d5641948a08f418617cefdcaada4a6036ba18a57c75621894262e81,0,hla_only,raw_calculations/apbs/HY15_SEQ_02/HY15_SEQ_02__ebv__EBV_IEDB_156b80230e03__s1/eps8/hla_only.in,2ef7c96f1ecba37fa6465484343681cfba4f13756c97de5abfc02b58652b6c5d,HY15_SEQ_02__ebv__EBV_IEDB_156b80230e03__s1,HY15_SEQ_02,1,8.0,complete,raw_calculations/apbs/HY15_SEQ_02/HY15_SEQ_02__ebv__EBV_IEDB_156b80230e03__s1/eps8/hla_only.stderr.txt,raw_calculations/apbs/HY15_SEQ_02/HY15_SEQ_02__ebv__EBV_IEDB_156b80230e03__s1/eps8/hla_only.stdout.txt
ebv,EBV_IEDB_156b80230e03,ubuntu@sha256:2edbbc5dc405e9612ba3584ce95480277e3eb374407b5505fe26f17df77c7dbc,12778807,transient_deleted_after_checksum_and_sampling,41db2dd11fbed060e01a48ea1081fb8f13705a04921950ee36fa8751bf2885ea,0,full,raw_calculations/apbs/HY15_SEQ_02/HY15_SEQ_02__ebv__EBV_IEDB_156b80230e03__s2/eps2/full.in,fcc726156778aa356017efc997e4e81c39b9f657be04f4f7a30864f6d32f3bc5,HY15_SEQ_02__ebv__EBV_IEDB_156b80230e03__s2,HY15_SEQ_02,2,2.0,complete,raw_calculations/apbs/HY15_SEQ_02/HY15_SEQ_02__ebv__EBV_IEDB_156b80230e03__s2/eps2/full.stderr.txt,raw_calculations/apbs/HY15_SEQ_02/HY15_SEQ_02__ebv__EBV_IEDB_156b80230e03__s2/eps2/full.stdout.txt
ebv,EBV_IEDB_156b80230e03,ubuntu@sha256:2edbbc5dc405e9612ba3584ce95480277e3eb374407b5505fe26f17df77c7dbc,12877747,transient_deleted_after_checksum_and_sampling,06faa29f99b153164885557d19d652bd04dedc8aa9b4168991a77849ac957bf8,0,hla_only,raw_calculations/apbs/HY15_SEQ_02/HY15_SEQ_02__ebv__EBV_IEDB_156b80230e03__s2/eps2/hla_only.in,c7fe216154b261e064397dbd98b9b7bd4eea6224536e5ab86273767d4659ebb6,HY15_SEQ_02__ebv__EBV_IEDB_156b80230e03__s2,HY15_SEQ_02,2,2.0,complete,raw_calculations/apbs/HY15_SEQ_02/HY15_SEQ_02__ebv__EBV_IEDB_156b80230e03__s2/eps2/hla_only.stderr.txt,raw_calculations/apbs/HY15_SEQ_02/HY15_SEQ_02__ebv__EBV_IEDB_156b80230e03__s2/eps2/hla_only.stdout.txt
ebv,EBV_IEDB_156b80230e03,ubuntu@sha256:2edbbc5dc405e9612ba3584ce95480277e3eb374407b5505fe26f17df77c7dbc,12789366,transient_deleted_after_checksum_and_sampling,efd29a322a8ca09cdf9ef04ae4f69169fd63a0a7c818021c50e93c03adfa6e7e,0,full,raw_calculations/apbs/HY15_SEQ_02/HY15_SEQ_02__ebv__EBV_IEDB_156b80230e03__s2/eps4/full.in,057aaab00ca3ebe51cf9a3becdd4aef1d7f874e49124b6adc0ef8cb360782df5,HY15_SEQ_02__ebv__EBV_IEDB_156b80230e03__s2,HY15_SEQ_02,2,4.0,complete,raw_calculations/apbs/HY15_SEQ_02/HY15_SEQ_02__ebv__EBV_IEDB_156b80230e03__s2/eps4/full.stderr.txt,raw_calculations/apbs/HY15_SEQ_02/HY15_SEQ_02__ebv__EBV_IEDB_156b80230e03__s2/eps4/full.stdout.txt
ebv,EBV_IEDB_156b80230e03,ubuntu@sha256:2edbbc5dc405e9612ba3584ce95480277e3eb374407b5505fe26f17df77c7dbc,12890932,transient_deleted_after_checksum_and_sampling,f3c1f0d2e241b8b6ba21c00157b1e8d48df017d5ee050587c6e79c1537e63840,0,hla_only,raw_calculations/apbs/HY15_SEQ_02/HY15_SEQ_02__ebv__EBV_IEDB_156b80230e03__s2/eps4/hla_only.in,edb25400c47f9c8dc6073a91d0be84e79c53bdf0f3b2a9cf22b479072ef49025,HY15_SEQ_02__ebv__EBV_IEDB_156b80230e03__s2,HY15_SEQ_02,2,4.0,complete,raw_calculations/apbs/HY15_SEQ_02/HY15_SEQ_02__ebv__EBV_IEDB_156b80230e03__s2/eps4/hla_only.stderr.txt,raw_calculations/apbs/HY15_SEQ_02/HY15_SEQ_02__ebv__EBV_IEDB_156b80230e03__s2/eps4/hla_only.stdout.txt
ebv,EBV_IEDB_156b80230e03,ubuntu@sha256:2edbbc5dc405e9612ba3584ce95480277e3eb374407b5505fe26f17df77c7dbc,12806354,transient_deleted_after_checksum_and_sampling,66e07674e12867068c0b273b09b24f8c384a0c4fc2443b3ca14ec4e0a9c15ee1,0,full,raw_calculations/apbs/HY15_SEQ_02/HY15_SEQ_02__ebv__EBV_IEDB_156b80230e03__s2/eps8/full.in,43971b0515b1a829c0ed3ac045a0f32cf41b9a4b71dd1fb9be9503fe7ab85e3a,HY15_SEQ_02__ebv__EBV_IEDB_156b80230e03__s2,HY15_SEQ_02,2,8.0,complete,raw_calculations/apbs/HY15_SEQ_02/HY15_SEQ_02__ebv__EBV_IEDB_156b80230e03__s2/eps8/full.stderr.txt,raw_calculations/apbs/HY15_SEQ_02/HY15_SEQ_02__ebv__EBV_IEDB_156b80230e03__s2/eps8/full.stdout.txt
ebv,EBV_IEDB_156b80230e03,ubuntu@sha256:2edbbc5dc405e9612ba3584ce95480277e3eb374407b5505fe26f17df77c7dbc,12908917,transient_deleted_after_checksum_and_sampling,4d267e0d967ba2ce56aec42dc95e58922c00e6497dfcd64c63e53b37cb07b49b,0,hla_only,raw_calculations/apbs/HY15_SEQ_02/HY15_SEQ_02__ebv__EBV_IEDB_156b80230e03__s2/eps8/hla_only.in,ade41235824c5808817494756cb36a3e2fe01041462fbe9023ba7a1d5e0778c4,HY15_SEQ_02__ebv__EBV_IEDB_156b80230e03__s2,HY15_SEQ_02,2,8.0,complete,raw_calculations/apbs/HY15_SEQ_02/HY15_SEQ_02__ebv__EBV_IEDB_156b80230e03__s2/eps8/hla_only.stderr.txt,raw_calculations/apbs/HY15_SEQ_02/HY15_SEQ_02__ebv__EBV_IEDB_156b80230e03__s2/eps8/hla_only.stdout.txt
ebv,EBV_IEDB_156b80230e03,ubuntu@sha256:2edbbc5dc405e9612ba3584ce95480277e3eb374407b5505fe26f17df77c7dbc,12770656,transient_deleted_after_checksum_and_sampling,38d0fea6ac6e6cec726ac0bbaf4d2139a73541707636f3d9866b425e83f942b9,0,full,raw_calculations/apbs/HY15_SEQ_02/HY15_SEQ_02__ebv__EBV_IEDB_156b80230e03__s3/eps2/full.in,9e9f875cb4a16c8ae19f6906a2b383fcafa78f50364068c23aa76b7db6bb6878,HY15_SEQ_02__ebv__EBV_IEDB_156b80230e03__s3,HY15_SEQ_02,3,2.0,complete,raw_calculations/apbs/HY15_SEQ_02/HY15_SEQ_02__ebv__EBV_IEDB_156b80230e03__s3/eps2/full.stderr.txt,raw_calculations/apbs/HY15_SEQ_02/HY15_SEQ_02__ebv__EBV_IEDB_156b80230e03__s3/eps2/full.stdout.txt
ebv,EBV_IEDB_156b80230e03,ubuntu@sha256:2edbbc5dc405e9612ba3584ce95480277e3eb374407b5505fe26f17df77c7dbc,12870206,transient_deleted_after_checksum_and_sampling,0bd7937b9afdfba89d3e09f0b069657987cb0c08b59da864d153a89daa127fb1,0,hla_only,raw_calculations/apbs/HY15_SEQ_02/HY15_SEQ_02__ebv__EBV_IEDB_156b80230e03__s3/eps2/hla_only.in,6da02738551d882996135d804d661d536936cdb093a181e2f4f55baa6f25bff7,HY15_SEQ_02__ebv__EBV_IEDB_156b80230e03__s3,HY15_SEQ_02,3,2.0,complete,raw_calculations/apbs/HY15_SEQ_02/HY15_SEQ_02__ebv__EBV_IEDB_156b80230e03__s3/eps2/hla_only.stderr.txt,raw_calculations/apbs/HY15_SEQ_02/HY15_SEQ_02__ebv__EBV_IEDB_156b80230e03__s3/eps2/hla_only.stdout.txt
ebv,EBV_IEDB_156b80230e03,ubuntu@sha256:2edbbc5dc405e9612ba3584ce95480277e3eb374407b5505fe26f17df77c7dbc,12778951,transient_deleted_after_checksum_and_sampling,79dcfb8dc9642e07d6a90acd7a50e8b91be09e533fb56361bd6e4fdc905b51a7,0,full,raw_calculations/apbs/HY15_SEQ_02/HY15_SEQ_02__ebv__EBV_IEDB_156b80230e03__s3/eps4/full.in,54f9add987efc1d1c93cb1ed5bf7c1068cf21dc82b7256a6fda16d2701295c58,HY15_SEQ_02__ebv__EBV_IEDB_156b80230e03__s3,HY15_SEQ_02,3,4.0,complete,raw_calculations/apbs/HY15_SEQ_02/HY15_SEQ_02__ebv__EBV_IEDB_156b80230e03__s3/eps4/full.stderr.txt,raw_calculations/apbs/HY15_SEQ_02/HY15_SEQ_02__ebv__EBV_IEDB_156b80230e03__s3/eps4/full.stdout.txt
ebv,EBV_IEDB_156b80230e03,ubuntu@sha256:2edbbc5dc405e9612ba3584ce95480277e3eb374407b5505fe26f17df77c7dbc,12880649,transient_deleted_after_checksum_and_sampling,222b6333a0f0e3bbd832b7a43d69d3c16d827b726d52851e67a61f17188eb7ef,0,hla_only,raw_calculations/apbs/HY15_SEQ_02/HY15_SEQ_02__ebv__EBV_IEDB_156b80230e03__s3/eps4/hla_only.in,1662ab12feacec6917dfcf9c798e58566a2b7044f19741f07dc9bacb349f4c8a,HY15_SEQ_02__ebv__EBV_IEDB_156b80230e03__s3,HY15_SEQ_02,3,4.0,complete,raw_calculations/apbs/HY15_SEQ_02/HY15_SEQ_02__ebv__EBV_IEDB_156b80230e03__s3/eps4/hla_only.stderr.txt,raw_calculations/apbs/HY15_SEQ_02/HY15_SEQ_02__ebv__EBV_IEDB_156b80230e03__s3/eps4/hla_only.stdout.txt
ebv,EBV_IEDB_156b80230e03,ubuntu@sha256:2edbbc5dc405e9612ba3584ce95480277e3eb374407b5505fe26f17df77c7dbc,12792350,transient_deleted_after_checksum_and_sampling,abdbd9b83d115728e03266a42b7572d130a641466c3d9cbb6ec64723b6d9dd66,0,full,raw_calculations/apbs/HY15_SEQ_02/HY15_SEQ_02__ebv__EBV_IEDB_156b80230e03__s3/eps8/full.in,6914e5ea7d0e4580497452a8964f56cd8505df02c2b53b46f8d23a7adebfbed6,HY15_SEQ_02__ebv__EBV_IEDB_156b80230e03__s3,HY15_SEQ_02,3,8.0,complete,raw_calculations/apbs/HY15_SEQ_02/HY15_SEQ_02__ebv__EBV_IEDB_156b80230e03__s3/eps8/full.stderr.txt,raw_calculations/apbs/HY15_SEQ_02/HY15_SEQ_02__ebv__EBV_IEDB_156b80230e03__s3/eps8/full.stdout.txt
ebv,EBV_IEDB_156b80230e03,ubuntu@sha256:2edbbc5dc405e9612ba3584ce95480277e3eb374407b5505fe26f17df77c7dbc,12895155,transient_deleted_after_checksum_and_sampling,516860ee45e23c2b2d377dd582dc71128d7c05e01b65e9f7157def428e842cce,0,hla_only,raw_calculations/apbs/HY15_SEQ_02/HY15_SEQ_02__ebv__EBV_IEDB_156b80230e03__s3/eps8/hla_only.in,3f6506734117adf56af4aba4564288345f74bc024b87db865ce0e1bb77fbf8eb,HY15_SEQ_02__ebv__EBV_IEDB_156b80230e03__s3,HY15_SEQ_02,3,8.0,complete,raw_calculations/apbs/HY15_SEQ_02/HY15_SEQ_02__ebv__EBV_IEDB_156b80230e03__s3/eps8/hla_only.stderr.txt,raw_calculations/apbs/HY15_SEQ_02/HY15_SEQ_02__ebv__EBV_IEDB_156b80230e03__s3/eps8/hla_only.stdout.txt
ebv,EBV_IEDB_156b80230e03,ubuntu@sha256:2edbbc5dc405e9612ba3584ce95480277e3eb374407b5505fe26f17df77c7dbc,12714000,transient_deleted_after_checksum_and_sampling,8dfa4552f70649336878c69cb478990d9d4daa64218b42fe41a0942d00b11c5c,0,full,raw_calculations/apbs/HY15_SEQ_02/HY15_SEQ_02__ebv__EBV_IEDB_156b80230e03__s4/eps2/full.in,904fac574dfcdf1655edaea526fd5685700ea207829b70124074731027902f09,HY15_SEQ_02__ebv__EBV_IEDB_156b80230e03__s4,HY15_SEQ_02,4,2.0,complete,raw_calculations/apbs/HY15_SEQ_02/HY15_SEQ_02__ebv__EBV_IEDB_156b80230e03__s4/eps2/full.stderr.txt,raw_calculations/apbs/HY15_SEQ_02/HY15_SEQ_02__ebv__EBV_IEDB_156b80230e03__s4/eps2/full.stdout.txt
ebv,EBV_IEDB_156b80230e03,ubuntu@sha256:2edbbc5dc405e9612ba3584ce95480277e3eb374407b5505fe26f17df77c7dbc,12854250,transient_deleted_after_checksum_and_sampling,82dc747d14dfd30bdd0dbf41af07021da6c7749ed145c08417947e61ce5f22e4,0,hla_only,raw_calculations/apbs/HY15_SEQ_02/HY15_SEQ_02__ebv__EBV_IEDB_156b80230e03__s4/eps2/hla_only.in,b96018338ff111b263312ecc51588d13e8ab9993b45c62f84ff53c80d281cc44,HY15_SEQ_02__ebv__EBV_IEDB_156b80230e03__s4,HY15_SEQ_02,4,2.0,complete,raw_calculations/apbs/HY15_SEQ_02/HY15_SEQ_02__ebv__EBV_IEDB_156b80230e03__s4/eps2/hla_only.stderr.txt,raw_calculations/apbs/HY15_SEQ_02/HY15_SEQ_02__ebv__EBV_IEDB_156b80230e03__s4/eps2/hla_only.stdout.txt
ebv,EBV_IEDB_156b80230e03,ubuntu@sha256:2edbbc5dc405e9612ba3584ce95480277e3eb374407b5505fe26f17df77c7dbc,12719385,transient_deleted_after_checksum_and_sampling,1c52c3273781e82a0d1247db395d0272d92c2e0b935e6db24eb568c252d8acb0,0,full,raw_calculations/apbs/HY15_SEQ_02/HY15_SEQ_02__ebv__EBV_IEDB_156b80230e03__s4/eps4/full.in,87821abcdf08f9a3800255e44f89583046fe19aea5d57a6ea96255f0b8e9a170,HY15_SEQ_02__ebv__EBV_IEDB_156b80230e03__s4,HY15_SEQ_02,4,4.0,complete,raw_calculations/apbs/HY15_SEQ_02/HY15_SEQ_02__ebv__EBV_IEDB_156b80230e03__s4/eps4/full.stderr.txt,raw_calculations/apbs/HY15_SEQ_02/HY15_SEQ_02__ebv__EBV_IEDB_156b80230e03__s4/eps4/full.stdout.txt
ebv,EBV_IEDB_156b80230e03,ubuntu@sha256:2edbbc5dc405e9612ba3584ce95480277e3eb374407b5505fe26f17df77c7dbc,12862722,transient_deleted_after_checksum_and_sampling,b43ae4e9fe574b55eb1109810975858b59e2dee52da75e491f8bac3cd749500b,0,hla_only,raw_calculations/apbs/HY15_SEQ_02/HY15_SEQ_02__ebv__EBV_IEDB_156b80230e03__s4/eps4/hla_only.in,b2f44935a61d845a8c4eafc95675cb90a04655bf38d19a1ef3bf2830be6e06cb,HY15_SEQ_02__ebv__EBV_IEDB_156b80230e03__s4,HY15_SEQ_02,4,4.0,complete,raw_calculations/apbs/HY15_SEQ_02/HY15_SEQ_02__ebv__EBV_IEDB_156b80230e03__s4/eps4/hla_only.stderr.txt,raw_calculations/apbs/HY15_SEQ_02/HY15_SEQ_02__ebv__EBV_IEDB_156b80230e03__s4/eps4/hla_only.stdout.txt
ebv,EBV_IEDB_156b80230e03,ubuntu@sha256:2edbbc5dc405e9612ba3584ce95480277e3eb374407b5505fe26f17df77c7dbc,12729098,transient_deleted_after_checksum_and_sampling,ad09895a90cfcc884acb910a79c8ce64d6cdc79a1c025fa098936151dc03cbf4,0,full,raw_calculations/apbs/HY15_SEQ_02/HY15_SEQ_02__ebv__EBV_IEDB_156b80230e03__s4/eps8/full.in,fc6aaa5134402a3b84bec5d335940d1efb260cf34487d0660eeb8b8f3407009b,HY15_SEQ_02__ebv__EBV_IEDB_156b80230e03__s4,HY15_SEQ_02,4,8.0,complete,raw_calculations/apbs/HY15_SEQ_02/HY15_SEQ_02__ebv__EBV_IEDB_156b80230e03__s4/eps8/full.stderr.txt,raw_calculations/apbs/HY15_SEQ_02/HY15_SEQ_02__ebv__EBV_IEDB_156b80230e03__s4/eps8/full.stdout.txt
ebv,EBV_IEDB_156b80230e03,ubuntu@sha256:2edbbc5dc405e9612ba3584ce95480277e3eb374407b5505fe26f17df77c7dbc,12876021,transient_deleted_after_checksum_and_sampling,1b5db57f2183a2d0f353c39f99faffd895aaff785fa8758afe38c289c179814e,0,hla_only,raw_calculations/apbs/HY15_SEQ_02/HY15_SEQ_02__ebv__EBV_IEDB_156b80230e03__s4/eps8/hla_only.in,cde69806ba48d8673c4b71dbe224fc0791c1d096967d857063476d24d52c3e1f,HY15_SEQ_02__ebv__EBV_IEDB_156b80230e03__s4,HY15_SEQ_02,4,8.0,complete,raw_calculations/apbs/HY15_SEQ_02/HY15_SEQ_02__ebv__EBV_IEDB_156b80230e03__s4/eps8/hla_only.stderr.txt,raw_calculations/apbs/HY15_SEQ_02/HY15_SEQ_02__ebv__EBV_IEDB_156b80230e03__s4/eps8/hla_only.stdout.txt
ebv,EBV_IEDB_1a9b8e312086,ubuntu@sha256:2edbbc5dc405e9612ba3584ce95480277e3eb374407b5505fe26f17df77c7dbc,12760370,transient_deleted_after_checksum_and_sampling,e18fe94551b9d29a988fb83e22f9322ed74f6a49df37d5770366bf3763d006d7,0,full,raw_calculations/apbs/HY15_SEQ_02/HY15_SEQ_02__ebv__EBV_IEDB_1a9b8e312086__s0/eps2/full.in,694e41e084cb4b6545b516dddee22fe4b1a083d0551d67046f17f5ee7871e5db,HY15_SEQ_02__ebv__EBV_IEDB_1a9b8e312086__s0,HY15_SEQ_02,0,2.0,complete,raw_calculations/apbs/HY15_SEQ_02/HY15_SEQ_02__ebv__EBV_IEDB_1a9b8e312086__s0/eps2/full.stderr.txt,raw_calculations/apbs/HY15_SEQ_02/HY15_SEQ_02__ebv__EBV_IEDB_1a9b8e312086__s0/eps2/full.stdout.txt
ebv,EBV_IEDB_1a9b8e312086,ubuntu@sha256:2edbbc5dc405e9612ba3584ce95480277e3eb374407b5505fe26f17df77c7dbc,12872287,transient_deleted_after_checksum_and_sampling,33b47f7e6d77cf56ab8f24b2c6f18033f5c42bfca7a73768888fcc4127c6c950,0,hla_only,raw_calculations/apbs/HY15_SEQ_02/HY15_SEQ_02__ebv__EBV_IEDB_1a9b8e312086__s0/eps2/hla_only.in,148e439a0eb693fb65cf684728afa54181b828a46debc51418dd762872a1edbf,HY15_SEQ_02__ebv__EBV_IEDB_1a9b8e312086__s0,HY15_SEQ_02,0,2.0,complete,raw_calculations/apbs/HY15_SEQ_02/HY15_SEQ_02__ebv__EBV_IEDB_1a9b8e312086__s0/eps2/hla_only.stderr.txt,raw_calculations/apbs/HY15_SEQ_02/HY15_SEQ_02__ebv__EBV_IEDB_1a9b8e312086__s0/eps2/hla_only.stdout.txt
ebv,EBV_IEDB_1a9b8e312086,ubuntu@sha256:2edbbc5dc405e9612ba3584ce95480277e3eb374407b5505fe26f17df77c7dbc,12771418,transient_deleted_after_checksum_and_sampling,3b2eb94014685491acfa5b63085346887acb8b7e6b86b43758a35b70c137e2a8,0,full,raw_calculations/apbs/HY15_SEQ_02/HY15_SEQ_02__ebv__EBV_IEDB_1a9b8e312086__s0/eps4/full.in,31539acc2c1b174d5f4f88fdb8fcc307f65f61d92f829a82f905680965f91b56,HY15_SEQ_02__ebv__EBV_IEDB_1a9b8e312086__s0,HY15_SEQ_02,0,4.0,complete,raw_calculations/apbs/HY15_SEQ_02/HY15_SEQ_02__ebv__EBV_IEDB_1a9b8e312086__s0/eps4/full.stderr.txt,raw_calculations/apbs/HY15_SEQ_02/HY15_SEQ_02__ebv__EBV_IEDB_1a9b8e312086__s0/eps4/full.stdout.txt
ebv,EBV_IEDB_1a9b8e312086,ubuntu@sha256:2edbbc5dc405e9612ba3584ce95480277e3eb374407b5505fe26f17df77c7dbc,12884371,transient_deleted_after_checksum_and_sampling,64c10d6c8147f3d09beea7c132b03b3434807e635086df39770197e874341469,0,hla_only,raw_calculations/apbs/HY15_SEQ_02/HY15_SEQ_02__ebv__EBV_IEDB_1a9b8e312086__s0/eps4/hla_only.in,2c92fce19337bd979e7bbce22d4c8b23364d7fe68a2e1930774f735f72076eef,HY15_SEQ_02__ebv__EBV_IEDB_1a9b8e312086__s0,HY15_SEQ_02,0,4.0,complete,raw_calculations/apbs/HY15_SEQ_02/HY15_SEQ_02__ebv__EBV_IEDB_1a9b8e312086__s0/eps4/hla_only.stderr.txt,raw_calculations/apbs/HY15_SEQ_02/HY15_SEQ_02__ebv__EBV_IEDB_1a9b8e312086__s0/eps4/hla_only.stdout.txt
ebv,EBV_IEDB_1a9b8e312086,ubuntu@sha256:2edbbc5dc405e9612ba3584ce95480277e3eb374407b5505fe26f17df77c7dbc,12788842,transient_deleted_after_checksum_and_sampling,b596093f9ee2a0be4056b3866d1d56da4dc358738957137fe641ef8df3e4acc6,0,full,raw_calculations/apbs/HY15_SEQ_02/HY15_SEQ_02__ebv__EBV_IEDB_1a9b8e312086__s0/eps8/full.in,eaeca156ceff81f71b51221c90dbeebe29d485f562d18c8149e343b055a9d617,HY15_SEQ_02__ebv__EBV_IEDB_1a9b8e312086__s0,HY15_SEQ_02,0,8.0,complete,raw_calculations/apbs/HY15_SEQ_02/HY15_SEQ_02__ebv__EBV_IEDB_1a9b8e312086__s0/eps8/full.stderr.txt,raw_calculations/apbs/HY15_SEQ_02/HY15_SEQ_02__ebv__EBV_IEDB_1a9b8e312086__s0/eps8/full.stdout.txt
ebv,EBV_IEDB_1a9b8e312086,ubuntu@sha256:2edbbc5dc405e9612ba3584ce95480277e3eb374407b5505fe26f17df77c7dbc,12902817,transient_deleted_after_checksum_and_sampling,e3ba1e8aba0cc2a3e236a8235b33ddc9dec41e54ccfc701c55c7deada8062257,0,hla_only,raw_calculations/apbs/HY15_SEQ_02/HY15_SEQ_02__ebv__EBV_IEDB_1a9b8e312086__s0/eps8/hla_only.in,dd1bb894da0e0f1f8e4d205d564db60ca884029918066acf12a85ecc0a635aee,HY15_SEQ_02__ebv__EBV_IEDB_1a9b8e312086__s0,HY15_SEQ_02,0,8.0,complete,raw_calculations/apbs/HY15_SEQ_02/HY15_SEQ_02__ebv__EBV_IEDB_1a9b8e312086__s0/eps8/hla_only.stderr.txt,raw_calculations/apbs/HY15_SEQ_02/HY15_SEQ_02__ebv__EBV_IEDB_1a9b8e312086__s0/eps8/hla_only.stdout.txt
ebv,EBV_IEDB_1a9b8e312086,ubuntu@sha256:2edbbc5dc405e9612ba3584ce95480277e3eb374407b5505fe26f17df77c7dbc,12790623,transient_deleted_after_checksum_and_sampling,353ca7942088810c1f5ece30d0cc9768f7aadf355c28e5160c20723a31949430,0,full,raw_calculations/apbs/HY15_SEQ_02/HY15_SEQ_02__ebv__EBV_IEDB_1a9b8e312086__s1/eps2/full.in,4ab69e793d12cdd69bec5c8c3eb7037454ad653073ac02ceee37a580f24efee9,HY15_SEQ_02__ebv__EBV_IEDB_1a9b8e312086__s1,HY15_SEQ_02,1,2.0,complete,raw_calculations/apbs/HY15_SEQ_02/HY15_SEQ_02__ebv__EBV_IEDB_1a9b8e312086__s1/eps2/full.stderr.txt,raw_calculations/apbs/HY15_SEQ_02/HY15_SEQ_02__ebv__EBV_IEDB_1a9b8e312086__s1/eps2/full.stdout.txt
ebv,EBV_IEDB_1a9b8e312086,ubuntu@sha256:2edbbc5dc405e9612ba3584ce95480277e3eb374407b5505fe26f17df77c7dbc,12886958,transient_deleted_after_checksum_and_sampling,6531be1dd92a708ce61031db2bc36a5a34d802a96db9944ae66a3fc22acd3921,0,hla_only,raw_calculations/apbs/HY15_SEQ_02/HY15_SEQ_02__ebv__EBV_IEDB_1a9b8e312086__s1/eps2/hla_only.in,372d90c530f8fd479ee6cff86ae0f371f2a936e460d008c040e2235f26d866b4,HY15_SEQ_02__ebv__EBV_IEDB_1a9b8e312086__s1,HY15_SEQ_02,1,2.0,complete,raw_calculations/apbs/HY15_SEQ_02/HY15_SEQ_02__ebv__EBV_IEDB_1a9b8e312086__s1/eps2/hla_only.stderr.txt,raw_calculations/apbs/HY15_SEQ_02/HY15_SEQ_02__ebv__EBV_IEDB_1a9b8e312086__s1/eps2/hla_only.stdout.txt
ebv,EBV_IEDB_1a9b8e312086,ubuntu@sha256:2edbbc5dc405e9612ba3584ce95480277e3eb374407b5505fe26f17df77c7dbc,12804372,transient_deleted_after_checksum_and_sampling,f8a67cb6ce1690189fe74495b64f94a3f5b9616f2457d7829e7e52b35ff2dc05,0,full,raw_calculations/apbs/HY15_SEQ_02/HY15_SEQ_02__ebv__EBV_IEDB_1a9b8e312086__s1/eps4/full.in,cc1e1992fa06e6749998104e59b89e9cf6cc65ae45483885a02273f585387714,HY15_SEQ_02__ebv__EBV_IEDB_1a9b8e312086__s1,HY15_SEQ_02,1,4.0,complete,raw_calculations/apbs/HY15_SEQ_02/HY15_SEQ_02__ebv__EBV_IEDB_1a9b8e312086__s1/eps4/full.stderr.txt,raw_calculations/apbs/HY15_SEQ_02/HY15_SEQ_02__ebv__EBV_IEDB_1a9b8e312086__s1/eps4/full.stdout.txt
ebv,EBV_IEDB_1a9b8e312086,ubuntu@sha256:2edbbc5dc405e9612ba3584ce95480277e3eb374407b5505fe26f17df77c7dbc,12900332,transient_deleted_after_checksum_and_sampling,c656b20925559645af5e025f13849e5fd6bc35e3680050156a22f69fb0b0e7e8,0,hla_only,raw_calculations/apbs/HY15_SEQ_02/HY15_SEQ_02__ebv__EBV_IEDB_1a9b8e312086__s1/eps4/hla_only.in,22f72e392f7f0bd14502719385d1df968ec47f5b1267904f961b23cce6a6dd80,HY15_SEQ_02__ebv__EBV_IEDB_1a9b8e312086__s1,HY15_SEQ_02,1,4.0,complete,raw_calculations/apbs/HY15_SEQ_02/HY15_SEQ_02__ebv__EBV_IEDB_1a9b8e312086__s1/eps4/hla_only.stderr.txt,raw_calculations/apbs/HY15_SEQ_02/HY15_SEQ_02__ebv__EBV_IEDB_1a9b8e312086__s1/eps4/hla_only.stdout.txt
ebv,EBV_IEDB_1a9b8e312086,ubuntu@sha256:2edbbc5dc405e9612ba3584ce95480277e3eb374407b5505fe26f17df77c7dbc,12822837,transient_deleted_after_checksum_and_sampling,6c3a6db1fbdda546148406fcbd42e44d6ddbe6a0a3bb72b4f690488847431622,0,full,raw_calculations/apbs/HY15_SEQ_02/HY15_SEQ_02__ebv__EBV_IEDB_1a9b8e312086__s1/eps8/full.in,0ec841f26b7e4deea3c4e15de75f03b164ce1f02503c008748c7506ed451e596,HY15_SEQ_02__ebv__EBV_IEDB_1a9b8e312086__s1,HY15_SEQ_02,1,8.0,complete,raw_calculations/apbs/HY15_SEQ_02/HY15_SEQ_02__ebv__EBV_IEDB_1a9b8e312086__s1/eps8/full.stderr.txt,raw_calculations/apbs/HY15_SEQ_02/HY15_SEQ_02__ebv__EBV_IEDB_1a9b8e312086__s1/eps8/full.stdout.txt
ebv,EBV_IEDB_1a9b8e312086,ubuntu@sha256:2edbbc5dc405e9612ba3584ce95480277e3eb374407b5505fe26f17df77c7dbc,12918922,transient_deleted_after_checksum_and_sampling,c681ad3e043dee353b2da5591feea27d49774e335a289b1cd61e2600e69df41e,0,hla_only,raw_calculations/apbs/HY15_SEQ_02/HY15_SEQ_02__ebv__EBV_IEDB_1a9b8e312086__s1/eps8/hla_only.in,b735d36711fe60e21a0da277648a1afb8351297fbe5ad87d2732be7fa246406b,HY15_SEQ_02__ebv__EBV_IEDB_1a9b8e312086__s1,HY15_SEQ_02,1,8.0,complete,raw_calculations/apbs/HY15_SEQ_02/HY15_SEQ_02__ebv__EBV_IEDB_1a9b8e312086__s1/eps8/hla_only.stderr.txt,raw_calculations/apbs/HY15_SEQ_02/HY15_SEQ_02__ebv__EBV_IEDB_1a9b8e312086__s1/eps8/hla_only.stdout.txt
ebv,EBV_IEDB_1a9b8e312086,ubuntu@sha256:2edbbc5dc405e9612ba3584ce95480277e3eb374407b5505fe26f17df77c7dbc,12772480,transient_deleted_after_checksum_and_sampling,ad3d12240354a3297590a381b7ebb93242a614e261ad08ebcead8ce31feb08bf,0,full,raw_calculations/apbs/HY15_SEQ_02/HY15_SEQ_02__ebv__EBV_IEDB_1a9b8e312086__s2/eps2/full.in,5b8cbef0a6502a32e704dbb38ac8f6b32b14be74c800c58702c58aef997e6ac0,HY15_SEQ_02__ebv__EBV_IEDB_1a9b8e312086__s2,HY15_SEQ_02,2,2.0,complete,raw_calculations/apbs/HY15_SEQ_02/HY15_SEQ_02__ebv__EBV_IEDB_1a9b8e312086__s2/eps2/full.stderr.txt,raw_calculations/apbs/HY15_SEQ_02/HY15_SEQ_02__ebv__EBV_IEDB_1a9b8e312086__s2/eps2/full.stdout.txt
ebv,EBV_IEDB_1a9b8e312086,ubuntu@sha256:2edbbc5dc405e9612ba3584ce95480277e3eb374407b5505fe26f17df77c7dbc,12879488,transient_deleted_after_checksum_and_sampling,60b3fab1e61a20285a29fc10bca233c2e254871400adcbbc4d811004823b0de2,0,hla_only,raw_calculations/apbs/HY15_SEQ_02/HY15_SEQ_02__ebv__EBV_IEDB_1a9b8e312086__s2/eps2/hla_only.in,76e13f91463ddae08a60e590ee2a0079e57682a81ef5312243bc74eb6478b83e,HY15_SEQ_02__ebv__EBV_IEDB_1a9b8e312086__s2,HY15_SEQ_02,2,2.0,complete,raw_calculations/apbs/HY15_SEQ_02/HY15_SEQ_02__ebv__EBV_IEDB_1a9b8e312086__s2/eps2/hla_only.stderr.txt,raw_calculations/apbs/HY15_SEQ_02/HY15_SEQ_02__ebv__EBV_IEDB_1a9b8e312086__s2/eps2/hla_only.stdout.txt
ebv,EBV_IEDB_1a9b8e312086,ubuntu@sha256:2edbbc5dc405e9612ba3584ce95480277e3eb374407b5505fe26f17df77c7dbc,12784306,transient_deleted_after_checksum_and_sampling,aea6830caacc482e7e11400d81ab0f167081acc8aad1ec35563def4f0505e26f,0,full,raw_calculations/apbs/HY15_SEQ_02/HY15_SEQ_02__ebv__EBV_IEDB_1a9b8e312086__s2/eps4/full.in,5a0c53be940f502a9d5484e8cf4d2a8c748f3ccd41704b675bdb6718472811bf,HY15_SEQ_02__ebv__EBV_IEDB_1a9b8e312086__s2,HY15_SEQ_02,2,4.0,complete,raw_calculations/apbs/HY15_SEQ_02/HY15_SEQ_02__ebv__EBV_IEDB_1a9b8e312086__s2/eps4/full.stderr.txt,raw_calculations/apbs/HY15_SEQ_02/HY15_SEQ_02__ebv__EBV_IEDB_1a9b8e312086__s2/eps4/full.stdout.txt
ebv,EBV_IEDB_1a9b8e312086,ubuntu@sha256:2edbbc5dc405e9612ba3584ce95480277e3eb374407b5505fe26f17df77c7dbc,12892651,transient_deleted_after_checksum_and_sampling,f8b3f5a9ae77b61910e60fa2d505a70e97b2e08123830b0f149ccd2284d6ca37,0,hla_only,raw_calculations/apbs/HY15_SEQ_02/HY15_SEQ_02__ebv__EBV_IEDB_1a9b8e312086__s2/eps4/hla_only.in,9b73dd4fb84e4805ae8dc10acfece12c1eb3cfaec02f8584dab5b03520f4695a,HY15_SEQ_02__ebv__EBV_IEDB_1a9b8e312086__s2,HY15_SEQ_02,2,4.0,complete,raw_calculations/apbs/HY15_SEQ_02/HY15_SEQ_02__ebv__EBV_IEDB_1a9b8e312086__s2/eps4/hla_only.stderr.txt,raw_calculations/apbs/HY15_SEQ_02/HY15_SEQ_02__ebv__EBV_IEDB_1a9b8e312086__s2/eps4/hla_only.stdout.txt
ebv,EBV_IEDB_1a9b8e312086,ubuntu@sha256:2edbbc5dc405e9612ba3584ce95480277e3eb374407b5505fe26f17df77c7dbc,12803112,transient_deleted_after_checksum_and_sampling,4b857d4224c992393fcf1754ce12c21a01982939f52f3f40ae324f17eb8ce68e,0,full,raw_calculations/apbs/HY15_SEQ_02/HY15_SEQ_02__ebv__EBV_IEDB_1a9b8e312086__s2/eps8/full.in,af6ae66aa3f772d81ef46684a000a32b7415abe59d70ced970c789d046335037,HY15_SEQ_02__ebv__EBV_IEDB_1a9b8e312086__s2,HY15_SEQ_02,2,8.0,complete,raw_calculations/apbs/HY15_SEQ_02/HY15_SEQ_02__ebv__EBV_IEDB_1a9b8e312086__s2/eps8/full.stderr.txt,raw_calculations/apbs/HY15_SEQ_02/HY15_SEQ_02__ebv__EBV_IEDB_1a9b8e312086__s2/eps8/full.stdout.txt
ebv,EBV_IEDB_1a9b8e312086,ubuntu@sha256:2edbbc5dc405e9612ba3584ce95480277e3eb374407b5505fe26f17df77c7dbc,12912002,transient_deleted_after_checksum_and_sampling,f227d80c0c3c1a35f5ca315c69e8d32b559620be66c97aec1c4da3bcc9e5a714,0,hla_only,raw_calculations/apbs/HY15_SEQ_02/HY15_SEQ_02__ebv__EBV_IEDB_1a9b8e312086__s2/eps8/hla_only.in,46273183227fbd54fce7b13a02c0b7048ff2d056d90ea219421662f1d0297bab,HY15_SEQ_02__ebv__EBV_IEDB_1a9b8e312086__s2,HY15_SEQ_02,2,8.0,complete,raw_calculations/apbs/HY15_SEQ_02/HY15_SEQ_02__ebv__EBV_IEDB_1a9b8e312086__s2/eps8/hla_only.stderr.txt,raw_calculations/apbs/HY15_SEQ_02/HY15_SEQ_02__ebv__EBV_IEDB_1a9b8e312086__s2/eps8/hla_only.stdout.txt
ebv,EBV_IEDB_1a9b8e312086,ubuntu@sha256:2edbbc5dc405e9612ba3584ce95480277e3eb374407b5505fe26f17df77c7dbc,12763608,transient_deleted_after_checksum_and_sampling,961413531779870b1917897e04c0bedbad845f92d6da053d27a26cdb75f9bf51,0,full,raw_calculations/apbs/HY15_SEQ_02/HY15_SEQ_02__ebv__EBV_IEDB_1a9b8e312086__s3/eps2/full.in,c4367fdbc5a821fed464182a21a5157561044d105f6ff61083e7879e5f309fc8,HY15_SEQ_02__ebv__EBV_IEDB_1a9b8e312086__s3,HY15_SEQ_02,3,2.0,complete,raw_calculations/apbs/HY15_SEQ_02/HY15_SEQ_02__ebv__EBV_IEDB_1a9b8e312086__s3/eps2/full.stderr.txt,raw_calculations/apbs/HY15_SEQ_02/HY15_SEQ_02__ebv__EBV_IEDB_1a9b8e312086__s3/eps2/full.stdout.txt
ebv,EBV_IEDB_1a9b8e312086,ubuntu@sha256:2edbbc5dc405e9612ba3584ce95480277e3eb374407b5505fe26f17df77c7dbc,12865103,transient_deleted_after_checksum_and_sampling,f594db9671a94d5d30aefe66864cbc137e28ab32c9c8848eb2d85bdee3aadb46,0,hla_only,raw_calculations/apbs/HY15_SEQ_02/HY15_SEQ_02__ebv__EBV_IEDB_1a9b8e312086__s3/eps2/hla_only.in,e179543837a37d77f8b87267bebed9b1556257ced8545e0ffcf81324ccb2bf88,HY15_SEQ_02__ebv__EBV_IEDB_1a9b8e312086__s3,HY15_SEQ_02,3,2.0,complete,raw_calculations/apbs/HY15_SEQ_02/HY15_SEQ_02__ebv__EBV_IEDB_1a9b8e312086__s3/eps2/hla_only.stderr.txt,raw_calculations/apbs/HY15_SEQ_02/HY15_SEQ_02__ebv__EBV_IEDB_1a9b8e312086__s3/eps2/hla_only.stdout.txt
ebv,EBV_IEDB_1a9b8e312086,ubuntu@sha256:2edbbc5dc405e9612ba3584ce95480277e3eb374407b5505fe26f17df77c7dbc,12771753,transient_deleted_after_checksum_and_sampling,70140637a41a3095922d191c1e2b2cb9cc9fa553d2d8558c5385c8d0d2eade02,0,full,raw_calculations/apbs/HY15_SEQ_02/HY15_SEQ_02__ebv__EBV_IEDB_1a9b8e312086__s3/eps4/full.in,4033ecc17ffe9ee71b951a6f21d7adaa4f08ad7a32150fbefc75b78087693fbd,HY15_SEQ_02__ebv__EBV_IEDB_1a9b8e312086__s3,HY15_SEQ_02,3,4.0,complete,raw_calculations/apbs/HY15_SEQ_02/HY15_SEQ_02__ebv__EBV_IEDB_1a9b8e312086__s3/eps4/full.stderr.txt,raw_calculations/apbs/HY15_SEQ_02/HY15_SEQ_02__ebv__EBV_IEDB_1a9b8e312086__s3/eps4/full.stdout.txt
ebv,EBV_IEDB_1a9b8e312086,ubuntu@sha256:2edbbc5dc405e9612ba3584ce95480277e3eb374407b5505fe26f17df77c7dbc,12875622,transient_deleted_after_checksum_and_sampling,5a8ad008f7345f565e33223f4dd1e844d0f9c89326d3617463d1babfa70fab2f,0,hla_only,raw_calculations/apbs/HY15_SEQ_02/HY15_SEQ_02__ebv__EBV_IEDB_1a9b8e312086__s3/eps4/hla_only.in,b26774f6ac6cc8675b1e030c4a8720118f7dcdc7bf2321b70903c4ced30cc901,HY15_SEQ_02__ebv__EBV_IEDB_1a9b8e312086__s3,HY15_SEQ_02,3,4.0,complete,raw_calculations/apbs/HY15_SEQ_02/HY15_SEQ_02__ebv__EBV_IEDB_1a9b8e312086__s3/eps4/hla_only.stderr.txt,raw_calculations/apbs/HY15_SEQ_02/HY15_SEQ_02__ebv__EBV_IEDB_1a9b8e312086__s3/eps4/hla_only.stdout.txt
ebv,EBV_IEDB_1a9b8e312086,ubuntu@sha256:2edbbc5dc405e9612ba3584ce95480277e3eb374407b5505fe26f17df77c7dbc,12784298,transient_deleted_after_checksum_and_sampling,8ae1b638851430b422e7f198c9e9dfe4a91e4476832c06dc3bede49d1116f57d,0,full,raw_calculations/apbs/HY15_SEQ_02/HY15_SEQ_02__ebv__EBV_IEDB_1a9b8e312086__s3/eps8/full.in,79389900e7b728a53c0e6d4da763cee7e6eb787ab23249e3ff53b3bb1314e0f4,HY15_SEQ_02__ebv__EBV_IEDB_1a9b8e312086__s3,HY15_SEQ_02,3,8.0,complete,raw_calculations/apbs/HY15_SEQ_02/HY15_SEQ_02__ebv__EBV_IEDB_1a9b8e312086__s3/eps8/full.stderr.txt,raw_calculations/apbs/HY15_SEQ_02/HY15_SEQ_02__ebv__EBV_IEDB_1a9b8e312086__s3/eps8/full.stdout.txt
ebv,EBV_IEDB_1a9b8e312086,ubuntu@sha256:2edbbc5dc405e9612ba3584ce95480277e3eb374407b5505fe26f17df77c7dbc,12890844,transient_deleted_after_checksum_and_sampling,bc8219e83ee8b97c49c986568da4b85cb62633c6531d34218818f2f6b6a524cd,0,hla_only,raw_calculations/apbs/HY15_SEQ_02/HY15_SEQ_02__ebv__EBV_IEDB_1a9b8e312086__s3/eps8/hla_only.in,fc05f38b375cec8ef36cddb86ad032a5d580404a2adda6a932332e8c4990b073,HY15_SEQ_02__ebv__EBV_IEDB_1a9b8e312086__s3,HY15_SEQ_02,3,8.0,complete,raw_calculations/apbs/HY15_SEQ_02/HY15_SEQ_02__ebv__EBV_IEDB_1a9b8e312086__s3/eps8/hla_only.stderr.txt,raw_calculations/apbs/HY15_SEQ_02/HY15_SEQ_02__ebv__EBV_IEDB_1a9b8e312086__s3/eps8/hla_only.stdout.txt
ebv,EBV_IEDB_1a9b8e312086,ubuntu@sha256:2edbbc5dc405e9612ba3584ce95480277e3eb374407b5505fe26f17df77c7dbc,12752772,transient_deleted_after_checksum_and_sampling,f594b6cfc7fad04118cef003c4f79d60f2a4ce389d6e4fd7e0ed16900220e7a9,0,full,raw_calculations/apbs/HY15_SEQ_02/HY15_SEQ_02__ebv__EBV_IEDB_1a9b8e312086__s4/eps2/full.in,c54c30fbb4ceb0da0744ca9b9eaaed1f4ccff59ab599e531995c58b4bc9994ff,HY15_SEQ_02__ebv__EBV_IEDB_1a9b8e312086__s4,HY15_SEQ_02,4,2.0,complete,raw_calculations/apbs/HY15_SEQ_02/HY15_SEQ_02__ebv__EBV_IEDB_1a9b8e312086__s4/eps2/full.stderr.txt,raw_calculations/apbs/HY15_SEQ_02/HY15_SEQ_02__ebv__EBV_IEDB_1a9b8e312086__s4/eps2/full.stdout.txt
ebv,EBV_IEDB_1a9b8e312086,ubuntu@sha256:2edbbc5dc405e9612ba3584ce95480277e3eb374407b5505fe26f17df77c7dbc,12860021,transient_deleted_after_checksum_and_sampling,43fcd00b49f2d2bee4cfdddbec2c3541422b677b7e0ddeba9a40cf45eb7b8f3e,0,hla_only,raw_calculations/apbs/HY15_SEQ_02/HY15_SEQ_02__ebv__EBV_IEDB_1a9b8e312086__s4/eps2/hla_only.in,ea2ea6d5b206946e427974e006e5420a78352b7b6d32f14ebd8e1870a65b4641,HY15_SEQ_02__ebv__EBV_IEDB_1a9b8e312086__s4,HY15_SEQ_02,4,2.0,complete,raw_calculations/apbs/HY15_SEQ_02/HY15_SEQ_02__ebv__EBV_IEDB_1a9b8e312086__s4/eps2/hla_only.stderr.txt,raw_calculations/apbs/HY15_SEQ_02/HY15_SEQ_02__ebv__EBV_IEDB_1a9b8e312086__s4/eps2/hla_only.stdout.txt
ebv,EBV_IEDB_1a9b8e312086,ubuntu@sha256:2edbbc5dc405e9612ba3584ce95480277e3eb374407b5505fe26f17df77c7dbc,12760757,transient_deleted_after_checksum_and_sampling,b72ff5d1a131a231b208c55a375dda23c1dcbbf2d75977233e009fc1c2fca6fc,0,full,raw_calculations/apbs/HY15_SEQ_02/HY15_SEQ_02__ebv__EBV_IEDB_1a9b8e312086__s4/eps4/full.in,b00ff162f6d2264d18e35c051ba48de7d46668707760948295ed12dd7ef3f974,HY15_SEQ_02__ebv__EBV_IEDB_1a9b8e312086__s4,HY15_SEQ_02,4,4.0,complete,raw_calculations/apbs/HY15_SEQ_02/HY15_SEQ_02__ebv__EBV_IEDB_1a9b8e312086__s4/eps4/full.stderr.txt,raw_calculations/apbs/HY15_SEQ_02/HY15_SEQ_02__ebv__EBV_IEDB_1a9b8e312086__s4/eps4/full.stdout.txt
ebv,EBV_IEDB_1a9b8e312086,ubuntu@sha256:2edbbc5dc405e9612ba3584ce95480277e3eb374407b5505fe26f17df77c7dbc,12870385,transient_deleted_after_checksum_and_sampling,ebd852c6ddc49a04b52839a99a3fc7c1db5c096b0e5d56c3e3996fb1b2cbe94e,0,hla_only,raw_calculations/apbs/HY15_SEQ_02/HY15_SEQ_02__ebv__EBV_IEDB_1a9b8e312086__s4/eps4/hla_only.in,daba55ac5baa6f11907c6fdfdd3cca488f36b7e25457701b0bce2b04901c194e,HY15_SEQ_02__ebv__EBV_IEDB_1a9b8e312086__s4,HY15_SEQ_02,4,4.0,complete,raw_calculations/apbs/HY15_SEQ_02/HY15_SEQ_02__ebv__EBV_IEDB_1a9b8e312086__s4/eps4/hla_only.stderr.txt,raw_calculations/apbs/HY15_SEQ_02/HY15_SEQ_02__ebv__EBV_IEDB_1a9b8e312086__s4/eps4/hla_only.stdout.txt
ebv,EBV_IEDB_1a9b8e312086,ubuntu@sha256:2edbbc5dc405e9612ba3584ce95480277e3eb374407b5505fe26f17df77c7dbc,12773963,transient_deleted_after_checksum_and_sampling,299871473f3b97f03ef71b83f41b41793efedb33daeb0fadb52fbbb4f3e55675,0,full,raw_calculations/apbs/HY15_SEQ_02/HY15_SEQ_02__ebv__EBV_IEDB_1a9b8e312086__s4/eps8/full.in,81f83b5947b4d57ecae820db215300f3ea1e934acde9b1699890451e0d1fe411,HY15_SEQ_02__ebv__EBV_IEDB_1a9b8e312086__s4,HY15_SEQ_02,4,8.0,complete,raw_calculations/apbs/HY15_SEQ_02/HY15_SEQ_02__ebv__EBV_IEDB_1a9b8e312086__s4/eps8/full.stderr.txt,raw_calculations/apbs/HY15_SEQ_02/HY15_SEQ_02__ebv__EBV_IEDB_1a9b8e312086__s4/eps8/full.stdout.txt
ebv,EBV_IEDB_1a9b8e312086,ubuntu@sha256:2edbbc5dc405e9612ba3584ce95480277e3eb374407b5505fe26f17df77c7dbc,12886267,transient_deleted_after_checksum_and_sampling,9849183b116e4adc3e54834b322db3b3af19232bde54976455aa8861305561cf,0,hla_only,raw_calculations/apbs/HY15_SEQ_02/HY15_SEQ_02__ebv__EBV_IEDB_1a9b8e312086__s4/eps8/hla_only.in,3dcf8b4fd5286ca450163004cbe4f26af7d56b4bddd629660b3f0deeb24225b8,HY15_SEQ_02__ebv__EBV_IEDB_1a9b8e312086__s4,HY15_SEQ_02,4,8.0,complete,raw_calculations/apbs/HY15_SEQ_02/HY15_SEQ_02__ebv__EBV_IEDB_1a9b8e312086__s4/eps8/hla_only.stderr.txt,raw_calculations/apbs/HY15_SEQ_02/HY15_SEQ_02__ebv__EBV_IEDB_1a9b8e312086__s4/eps8/hla_only.stdout.txt
ebv,EBV_IEDB_339d4044147d,ubuntu@sha256:2edbbc5dc405e9612ba3584ce95480277e3eb374407b5505fe26f17df77c7dbc,12828778,transient_deleted_after_checksum_and_sampling,d73abc1c41aee1f56026ad9f9baec95e2668ff5e1e6be579ae1152864c9c6ab9,0,full,raw_calculations/apbs/HY15_SEQ_02/HY15_SEQ_02__ebv__EBV_IEDB_339d4044147d__s0/eps2/full.in,3235189858c58ac47d5165d021f5848b34ee23ee19a25cf15efd482c17e879e3,HY15_SEQ_02__ebv__EBV_IEDB_339d4044147d__s0,HY15_SEQ_02,0,2.0,complete,raw_calculations/apbs/HY15_SEQ_02/HY15_SEQ_02__ebv__EBV_IEDB_339d4044147d__s0/eps2/full.stderr.txt,raw_calculations/apbs/HY15_SEQ_02/HY15_SEQ_02__ebv__EBV_IEDB_339d4044147d__s0/eps2/full.stdout.txt
ebv,EBV_IEDB_339d4044147d,ubuntu@sha256:2edbbc5dc405e9612ba3584ce95480277e3eb374407b5505fe26f17df77c7dbc,12857656,transient_deleted_after_checksum_and_sampling,744961ad6814b109d37b73ef6096deba5349a5f907d583f1e72d69e98706cbfc,0,hla_only,raw_calculations/apbs/HY15_SEQ_02/HY15_SEQ_02__ebv__EBV_IEDB_339d4044147d__s0/eps2/hla_only.in,bd96af1fe8070967c34d330338b27c572e509f4d16349bfaf9e65765aa46e347,HY15_SEQ_02__ebv__EBV_IEDB_339d4044147d__s0,HY15_SEQ_02,0,2.0,complete,raw_calculations/apbs/HY15_SEQ_02/HY15_SEQ_02__ebv__EBV_IEDB_339d4044147d__s0/eps2/hla_only.stderr.txt,raw_calculations/apbs/HY15_SEQ_02/HY15_SEQ_02__ebv__EBV_IEDB_339d4044147d__s0/eps2/hla_only.stdout.txt
ebv,EBV_IEDB_339d4044147d,ubuntu@sha256:2edbbc5dc405e9612ba3584ce95480277e3eb374407b5505fe26f17df77c7dbc,12838533,transient_deleted_after_checksum_and_sampling,b320d59a87740b72dad324ed52891e2e68f8d2fa8cb4d7e3c2833f4a8a38ec86,0,full,raw_calculations/apbs/HY15_SEQ_02/HY15_SEQ_02__ebv__EBV_IEDB_339d4044147d__s0/eps4/full.in,61d152be2dfd3bef00f80c81aa483ee31637c9401b8faa4f2f2d6119252afd91,HY15_SEQ_02__ebv__EBV_IEDB_339d4044147d__s0,HY15_SEQ_02,0,4.0,complete,raw_calculations/apbs/HY15_SEQ_02/HY15_SEQ_02__ebv__EBV_IEDB_339d4044147d__s0/eps4/full.stderr.txt,raw_calculations/apbs/HY15_SEQ_02/HY15_SEQ_02__ebv__EBV_IEDB_339d4044147d__s0/eps4/full.stdout.txt
ebv,EBV_IEDB_339d4044147d,ubuntu@sha256:2edbbc5dc405e9612ba3584ce95480277e3eb374407b5505fe26f17df77c7dbc,12867732,transient_deleted_after_checksum_and_sampling,2be9cbae03482c9a72591380cef0a5f8715239b53b51313c42fe489771eaf17e,0,hla_only,raw_calculations/apbs/HY15_SEQ_02/HY15_SEQ_02__ebv__EBV_IEDB_339d4044147d__s0/eps4/hla_only.in,738ff2bf83cd986a8bb39400f95e55f9d6206c026725862e618df32d38f966f5,HY15_SEQ_02__ebv__EBV_IEDB_339d4044147d__s0,HY15_SEQ_02,0,4.0,complete,raw_calculations/apbs/HY15_SEQ_02/HY15_SEQ_02__ebv__EBV_IEDB_339d4044147d__s0/eps4/hla_only.stderr.txt,raw_calculations/apbs/HY15_SEQ_02/HY15_SEQ_02__ebv__EBV_IEDB_339d4044147d__s0/eps4/hla_only.stdout.txt
ebv,EBV_IEDB_339d4044147d,ubuntu@sha256:2edbbc5dc405e9612ba3584ce95480277e3eb374407b5505fe26f17df77c7dbc,12854570,transient_deleted_after_checksum_and_sampling,dbf81f4a1abc02d7d10d253960ec3c0ef98e5486a566b54e1fa68d0ed7ff27c6,0,full,raw_calculations/apbs/HY15_SEQ_02/HY15_SEQ_02__ebv__EBV_IEDB_339d4044147d__s0/eps8/full.in,4e9fee62b6966aa721f2b28ff004a69eb8a2ab692285288db939bfab6a6103f9,HY15_SEQ_02__ebv__EBV_IEDB_339d4044147d__s0,HY15_SEQ_02,0,8.0,complete,raw_calculations/apbs/HY15_SEQ_02/HY15_SEQ_02__ebv__EBV_IEDB_339d4044147d__s0/eps8/full.stderr.txt,raw_calculations/apbs/HY15_SEQ_02/HY15_SEQ_02__ebv__EBV_IEDB_339d4044147d__s0/eps8/full.stdout.txt
ebv,EBV_IEDB_339d4044147d,ubuntu@sha256:2edbbc5dc405e9612ba3584ce95480277e3eb374407b5505fe26f17df77c7dbc,12882881,transient_deleted_after_checksum_and_sampling,0ec8290b99149b7fe1e629391c73bcfb18a8a6865ad1ecbe1af86a60dbe699fd,0,hla_only,raw_calculations/apbs/HY15_SEQ_02/HY15_SEQ_02__ebv__EBV_IEDB_339d4044147d__s0/eps8/hla_only.in,ecf7adb645fcd0f9348fa3adaf09b1c56f388de3df6a79ad89839a39fbbb4cfe,HY15_SEQ_02__ebv__EBV_IEDB_339d4044147d__s0,HY15_SEQ_02,0,8.0,complete,raw_calculations/apbs/HY15_SEQ_02/HY15_SEQ_02__ebv__EBV_IEDB_339d4044147d__s0/eps8/hla_only.stderr.txt,raw_calculations/apbs/HY15_SEQ_02/HY15_SEQ_02__ebv__EBV_IEDB_339d4044147d__s0/eps8/hla_only.stdout.txt
ebv,EBV_IEDB_339d4044147d,ubuntu@sha256:2edbbc5dc405e9612ba3584ce95480277e3eb374407b5505fe26f17df77c7dbc,12857638,transient_deleted_after_checksum_and_sampling,e8c3189fec429019bfd71f4ac4eab8e0ed4dec0734b97fb1e1f61279b54cebb8,0,full,raw_calculations/apbs/HY15_SEQ_02/HY15_SEQ_02__ebv__EBV_IEDB_339d4044147d__s1/eps2/full.in,79b857aba88782b00de28e119e0b63d9f61f77b32e13c5521864c2d56d08e978,HY15_SEQ_02__ebv__EBV_IEDB_339d4044147d__s1,HY15_SEQ_02,1,2.0,complete,raw_calculations/apbs/HY15_SEQ_02/HY15_SEQ_02__ebv__EBV_IEDB_339d4044147d__s1/eps2/full.stderr.txt,raw_calculations/apbs/HY15_SEQ_02/HY15_SEQ_02__ebv__EBV_IEDB_339d4044147d__s1/eps2/full.stdout.txt
ebv,EBV_IEDB_339d4044147d,ubuntu@sha256:2edbbc5dc405e9612ba3584ce95480277e3eb374407b5505fe26f17df77c7dbc,12879887,transient_deleted_after_checksum_and_sampling,bde297bb0a856580fb5386712c8e45528f356ed85e8a781bd3f5d18fe5683413,0,hla_only,raw_calculations/apbs/HY15_SEQ_02/HY15_SEQ_02__ebv__EBV_IEDB_339d4044147d__s1/eps2/hla_only.in,8cb6293b6b8e2081e2d697ab6e87e719f0398a250a0aa39cd094fd011e1481b3,HY15_SEQ_02__ebv__EBV_IEDB_339d4044147d__s1,HY15_SEQ_02,1,2.0,complete,raw_calculations/apbs/HY15_SEQ_02/HY15_SEQ_02__ebv__EBV_IEDB_339d4044147d__s1/eps2/hla_only.stderr.txt,raw_calculations/apbs/HY15_SEQ_02/HY15_SEQ_02__ebv__EBV_IEDB_339d4044147d__s1/eps2/hla_only.stdout.txt
ebv,EBV_IEDB_339d4044147d,ubuntu@sha256:2edbbc5dc405e9612ba3584ce95480277e3eb374407b5505fe26f17df77c7dbc,12869011,transient_deleted_after_checksum_and_sampling,8580ef9a741946cd1c2d9341d651e087efcc84b5dc3275ec91b6b59e0a420cb0,0,full,raw_calculations/apbs/HY15_SEQ_02/HY15_SEQ_02__ebv__EBV_IEDB_339d4044147d__s1/eps4/full.in,092979cc4b287cf13cc0571a5f28bae1e673b5b694ab61e033ce9463daafb0f5,HY15_SEQ_02__ebv__EBV_IEDB_339d4044147d__s1,HY15_SEQ_02,1,4.0,complete,raw_calculations/apbs/HY15_SEQ_02/HY15_SEQ_02__ebv__EBV_IEDB_339d4044147d__s1/eps4/full.stderr.txt,raw_calculations/apbs/HY15_SEQ_02/HY15_SEQ_02__ebv__EBV_IEDB_339d4044147d__s1/eps4/full.stdout.txt
ebv,EBV_IEDB_339d4044147d,ubuntu@sha256:2edbbc5dc405e9612ba3584ce95480277e3eb374407b5505fe26f17df77c7dbc,12890922,transient_deleted_after_checksum_and_sampling,52c53da3ec850f99beeb162b4a0605124d73c7eb6101bbaea5d4b0dfa11a0494,0,hla_only,raw_calculations/apbs/HY15_SEQ_02/HY15_SEQ_02__ebv__EBV_IEDB_339d4044147d__s1/eps4/hla_only.in,d86fb33ee349a38653ace28787bf4cf4b3852ce4458c5953f9a2fb7fca37112f,HY15_SEQ_02__ebv__EBV_IEDB_339d4044147d__s1,HY15_SEQ_02,1,4.0,complete,raw_calculations/apbs/HY15_SEQ_02/HY15_SEQ_02__ebv__EBV_IEDB_339d4044147d__s1/eps4/hla_only.stderr.txt,raw_calculations/apbs/HY15_SEQ_02/HY15_SEQ_02__ebv__EBV_IEDB_339d4044147d__s1/eps4/hla_only.stdout.txt
ebv,EBV_IEDB_339d4044147d,ubuntu@sha256:2edbbc5dc405e9612ba3584ce95480277e3eb374407b5505fe26f17df77c7dbc,12888685,transient_deleted_after_checksum_and_sampling,bbf58618aaee6d850eee5c02bb70e4139710ff8ff07f07999115c9f4dd876a32,0,full,raw_calculations/apbs/HY15_SEQ_02/HY15_SEQ_02__ebv__EBV_IEDB_339d4044147d__s1/eps8/full.in,181f46d11e45ef8299c3540db5f9c1fb74ca386e46b480c218d3aa4cfe397c80,HY15_SEQ_02__ebv__EBV_IEDB_339d4044147d__s1,HY15_SEQ_02,1,8.0,complete,raw_calculations/apbs/HY15_SEQ_02/HY15_SEQ_02__ebv__EBV_IEDB_339d4044147d__s1/eps8/full.stderr.txt,raw_calculations/apbs/HY15_SEQ_02/HY15_SEQ_02__ebv__EBV_IEDB_339d4044147d__s1/eps8/full.stdout.txt
ebv,EBV_IEDB_339d4044147d,ubuntu@sha256:2edbbc5dc405e9612ba3584ce95480277e3eb374407b5505fe26f17df77c7dbc,12907963,transient_deleted_after_checksum_and_sampling,8d43d79f3c71a5025814b54d2339e115eda4b34593b09db1e3e09ecd931ef9b4,0,hla_only,raw_calculations/apbs/HY15_SEQ_02/HY15_SEQ_02__ebv__EBV_IEDB_339d4044147d__s1/eps8/hla_only.in,eaeaf5f1c4340207ee207b566234e41ea52fe6e70c6be96969a401d73ce15eb8,HY15_SEQ_02__ebv__EBV_IEDB_339d4044147d__s1,HY15_SEQ_02,1,8.0,complete,raw_calculations/apbs/HY15_SEQ_02/HY15_SEQ_02__ebv__EBV_IEDB_339d4044147d__s1/eps8/hla_only.stderr.txt,raw_calculations/apbs/HY15_SEQ_02/HY15_SEQ_02__ebv__EBV_IEDB_339d4044147d__s1/eps8/hla_only.stdout.txt
ebv,EBV_IEDB_339d4044147d,ubuntu@sha256:2edbbc5dc405e9612ba3584ce95480277e3eb374407b5505fe26f17df77c7dbc,12824020,transient_deleted_after_checksum_and_sampling,82c527051c0821f28d822b242d67a876607c74a2e36b3ba97189fdc05fd63a10,0,full,raw_calculations/apbs/HY15_SEQ_02/HY15_SEQ_02__ebv__EBV_IEDB_339d4044147d__s2/eps2/full.in,7125157043fc2ece5b27c114f464b4da480b6738bd3543fa402ded86a808e499,HY15_SEQ_02__ebv__EBV_IEDB_339d4044147d__s2,HY15_SEQ_02,2,2.0,complete,raw_calculations/apbs/HY15_SEQ_02/HY15_SEQ_02__ebv__EBV_IEDB_339d4044147d__s2/eps2/full.stderr.txt,raw_calculations/apbs/HY15_SEQ_02/HY15_SEQ_02__ebv__EBV_IEDB_339d4044147d__s2/eps2/full.stdout.txt
ebv,EBV_IEDB_339d4044147d,ubuntu@sha256:2edbbc5dc405e9612ba3584ce95480277e3eb374407b5505fe26f17df77c7dbc,12854956,transient_deleted_after_checksum_and_sampling,f7c04d272f7bdddaeaafaac9b8e0bb5d01daa9fe1dcd6dd9db1da47f45e81757,0,hla_only,raw_calculations/apbs/HY15_SEQ_02/HY15_SEQ_02__ebv__EBV_IEDB_339d4044147d__s2/eps2/hla_only.in,076e24f2a6f2bb284a82f8cb49abf383a23761869add4dd7dd58778fed72fa70,HY15_SEQ_02__ebv__EBV_IEDB_339d4044147d__s2,HY15_SEQ_02,2,2.0,complete,raw_calculations/apbs/HY15_SEQ_02/HY15_SEQ_02__ebv__EBV_IEDB_339d4044147d__s2/eps2/hla_only.stderr.txt,raw_calculations/apbs/HY15_SEQ_02/HY15_SEQ_02__ebv__EBV_IEDB_339d4044147d__s2/eps2/hla_only.stdout.txt
ebv,EBV_IEDB_339d4044147d,ubuntu@sha256:2edbbc5dc405e9612ba3584ce95480277e3eb374407b5505fe26f17df77c7dbc,12833921,transient_deleted_after_checksum_and_sampling,0fee1c9f1dae868782b81708ad68c756b7d4c350c8ea56af1440b1c0009b57fe,0,full,raw_calculations/apbs/HY15_SEQ_02/HY15_SEQ_02__ebv__EBV_IEDB_339d4044147d__s2/eps4/full.in,98234c534877bbc2b3eaed2f69539fb7e3b030b3d148d495d5169a1b26624466,HY15_SEQ_02__ebv__EBV_IEDB_339d4044147d__s2,HY15_SEQ_02,2,4.0,complete,raw_calculations/apbs/HY15_SEQ_02/HY15_SEQ_02__ebv__EBV_IEDB_339d4044147d__s2/eps4/full.stderr.txt,raw_calculations/apbs/HY15_SEQ_02/HY15_SEQ_02__ebv__EBV_IEDB_339d4044147d__s2/eps4/full.stdout.txt
ebv,EBV_IEDB_339d4044147d,ubuntu@sha256:2edbbc5dc405e9612ba3584ce95480277e3eb374407b5505fe26f17df77c7dbc,12864908,transient_deleted_after_checksum_and_sampling,9db1d53f6eeb8e874299727ca999668ed5f247cc10d5cf287968ff770117c518,0,hla_only,raw_calculations/apbs/HY15_SEQ_02/HY15_SEQ_02__ebv__EBV_IEDB_339d4044147d__s2/eps4/hla_only.in,ccf04945bce4088f873e73a51afb8cf261151220ee7623e00a23abe1f83d78a0,HY15_SEQ_02__ebv__EBV_IEDB_339d4044147d__s2,HY15_SEQ_02,2,4.0,complete,raw_calculations/apbs/HY15_SEQ_02/HY15_SEQ_02__ebv__EBV_IEDB_339d4044147d__s2/eps4/hla_only.stderr.txt,raw_calculations/apbs/HY15_SEQ_02/HY15_SEQ_02__ebv__EBV_IEDB_339d4044147d__s2/eps4/hla_only.stdout.txt
ebv,EBV_IEDB_339d4044147d,ubuntu@sha256:2edbbc5dc405e9612ba3584ce95480277e3eb374407b5505fe26f17df77c7dbc,12849658,transient_deleted_after_checksum_and_sampling,244824675fc152c972213d0480802a3634be357b6982f168183e43b6f254bf97,0,full,raw_calculations/apbs/HY15_SEQ_02/HY15_SEQ_02__ebv__EBV_IEDB_339d4044147d__s2/eps8/full.in,0360190b5b92e21c30b51856e8000ce5bce7088b6bc38e8f58a3d0d6bed22fec,HY15_SEQ_02__ebv__EBV_IEDB_339d4044147d__s2,HY15_SEQ_02,2,8.0,complete,raw_calculations/apbs/HY15_SEQ_02/HY15_SEQ_02__ebv__EBV_IEDB_339d4044147d__s2/eps8/full.stderr.txt,raw_calculations/apbs/HY15_SEQ_02/HY15_SEQ_02__ebv__EBV_IEDB_339d4044147d__s2/eps8/full.stdout.txt
ebv,EBV_IEDB_339d4044147d,ubuntu@sha256:2edbbc5dc405e9612ba3584ce95480277e3eb374407b5505fe26f17df77c7dbc,12879927,transient_deleted_after_checksum_and_sampling,837e5b5b39452b7ce46538a1f66acdd33ee7310a96e7b7dd77a48abd7f16ea5e,0,hla_only,raw_calculations/apbs/HY15_SEQ_02/HY15_SEQ_02__ebv__EBV_IEDB_339d4044147d__s2/eps8/hla_only.in,ddb034b16476b991c129f1b2e14afdf16af751ccf1840d5d38d7d200d2482f06,HY15_SEQ_02__ebv__EBV_IEDB_339d4044147d__s2,HY15_SEQ_02,2,8.0,complete,raw_calculations/apbs/HY15_SEQ_02/HY15_SEQ_02__ebv__EBV_IEDB_339d4044147d__s2/eps8/hla_only.stderr.txt,raw_calculations/apbs/HY15_SEQ_02/HY15_SEQ_02__ebv__EBV_IEDB_339d4044147d__s2/eps8/hla_only.stdout.txt
ebv,EBV_IEDB_339d4044147d,ubuntu@sha256:2edbbc5dc405e9612ba3584ce95480277e3eb374407b5505fe26f17df77c7dbc,12812348,transient_deleted_after_checksum_and_sampling,db34b389e9e910d14ed69ad08c2d5301e357f46ebd9aca1257daca5779bcb776,0,full,raw_calculations/apbs/HY15_SEQ_02/HY15_SEQ_02__ebv__EBV_IEDB_339d4044147d__s3/eps2/full.in,e68f1599f3c1418d5104147dfb72d9f0f9d2fc6de7d4e53314468b39db389338,HY15_SEQ_02__ebv__EBV_IEDB_339d4044147d__s3,HY15_SEQ_02,3,2.0,complete,raw_calculations/apbs/HY15_SEQ_02/HY15_SEQ_02__ebv__EBV_IEDB_339d4044147d__s3/eps2/full.stderr.txt,raw_calculations/apbs/HY15_SEQ_02/HY15_SEQ_02__ebv__EBV_IEDB_339d4044147d__s3/eps2/full.stdout.txt
ebv,EBV_IEDB_339d4044147d,ubuntu@sha256:2edbbc5dc405e9612ba3584ce95480277e3eb374407b5505fe26f17df77c7dbc,12856815,transient_deleted_after_checksum_and_sampling,3e7ab1189fee94e8d91c457241d57369fe067a57070c5509737343cf8b1dcad7,0,hla_only,raw_calculations/apbs/HY15_SEQ_02/HY15_SEQ_02__ebv__EBV_IEDB_339d4044147d__s3/eps2/hla_only.in,100bfc93608744f5f5e620e96c21a02ce0fd9146e09e85bfaded4a4c860cd716,HY15_SEQ_02__ebv__EBV_IEDB_339d4044147d__s3,HY15_SEQ_02,3,2.0,complete,raw_calculations/apbs/HY15_SEQ_02/HY15_SEQ_02__ebv__EBV_IEDB_339d4044147d__s3/eps2/hla_only.stderr.txt,raw_calculations/apbs/HY15_SEQ_02/HY15_SEQ_02__ebv__EBV_IEDB_339d4044147d__s3/eps2/hla_only.stdout.txt
ebv,EBV_IEDB_339d4044147d,ubuntu@sha256:2edbbc5dc405e9612ba3584ce95480277e3eb374407b5505fe26f17df77c7dbc,12821844,transient_deleted_after_checksum_and_sampling,974805b29191fc58767f3445129bdcedfc4e78aba3030572ff697e3ebe02a0a9,0,full,raw_calculations/apbs/HY15_SEQ_02/HY15_SEQ_02__ebv__EBV_IEDB_339d4044147d__s3/eps4/full.in,99667b4837f23e22160c1838b23b09cb192aef7e9416552cc201da1c472b233c,HY15_SEQ_02__ebv__EBV_IEDB_339d4044147d__s3,HY15_SEQ_02,3,4.0,complete,raw_calculations/apbs/HY15_SEQ_02/HY15_SEQ_02__ebv__EBV_IEDB_339d4044147d__s3/eps4/full.stderr.txt,raw_calculations/apbs/HY15_SEQ_02/HY15_SEQ_02__ebv__EBV_IEDB_339d4044147d__s3/eps4/full.stdout.txt
ebv,EBV_IEDB_339d4044147d,ubuntu@sha256:2edbbc5dc405e9612ba3584ce95480277e3eb374407b5505fe26f17df77c7dbc,12868458,transient_deleted_after_checksum_and_sampling,ff4c749ec5d7b20211c85d55b40865ec0102d55fd00f7235b97a3be251e344f9,0,hla_only,raw_calculations/apbs/HY15_SEQ_02/HY15_SEQ_02__ebv__EBV_IEDB_339d4044147d__s3/eps4/hla_only.in,73d4333ebb00e373e41094e2e58df1a12354a2ff4853bb3790fcbc7be60426d6,HY15_SEQ_02__ebv__EBV_IEDB_339d4044147d__s3,HY15_SEQ_02,3,4.0,complete,raw_calculations/apbs/HY15_SEQ_02/HY15_SEQ_02__ebv__EBV_IEDB_339d4044147d__s3/eps4/hla_only.stderr.txt,raw_calculations/apbs/HY15_SEQ_02/HY15_SEQ_02__ebv__EBV_IEDB_339d4044147d__s3/eps4/hla_only.stdout.txt
ebv,EBV_IEDB_339d4044147d,ubuntu@sha256:2edbbc5dc405e9612ba3584ce95480277e3eb374407b5505fe26f17df77c7dbc,12836240,transient_deleted_after_checksum_and_sampling,4cd01a30f43b8f212456c1727aff9c6b1b3f711d553357926c14df90ebb55ef7,0,full,raw_calculations/apbs/HY15_SEQ_02/HY15_SEQ_02__ebv__EBV_IEDB_339d4044147d__s3/eps8/full.in,cf2e7cc0cfe43e0dcc94345b7515ffeb15fb4d81eaeb59ffc8d9e6fe3305d674,HY15_SEQ_02__ebv__EBV_IEDB_339d4044147d__s3,HY15_SEQ_02,3,8.0,complete,raw_calculations/apbs/HY15_SEQ_02/HY15_SEQ_02__ebv__EBV_IEDB_339d4044147d__s3/eps8/full.stderr.txt,raw_calculations/apbs/HY15_SEQ_02/HY15_SEQ_02__ebv__EBV_IEDB_339d4044147d__s3/eps8/full.stdout.txt
ebv,EBV_IEDB_339d4044147d,ubuntu@sha256:2edbbc5dc405e9612ba3584ce95480277e3eb374407b5505fe26f17df77c7dbc,12885101,transient_deleted_after_checksum_and_sampling,54e7bef1b322716d808e6278d0f7ee18417371051c0d11b114f151eb56435b73,0,hla_only,raw_calculations/apbs/HY15_SEQ_02/HY15_SEQ_02__ebv__EBV_IEDB_339d4044147d__s3/eps8/hla_only.in,19062fc3723749db53022c7f277fbcde92a60a37c17731812c4833d6dd1a01df,HY15_SEQ_02__ebv__EBV_IEDB_339d4044147d__s3,HY15_SEQ_02,3,8.0,complete,raw_calculations/apbs/HY15_SEQ_02/HY15_SEQ_02__ebv__EBV_IEDB_339d4044147d__s3/eps8/hla_only.stderr.txt,raw_calculations/apbs/HY15_SEQ_02/HY15_SEQ_02__ebv__EBV_IEDB_339d4044147d__s3/eps8/hla_only.stdout.txt
ebv,EBV_IEDB_339d4044147d,ubuntu@sha256:2edbbc5dc405e9612ba3584ce95480277e3eb374407b5505fe26f17df77c7dbc,12850903,transient_deleted_after_checksum_and_sampling,606280cfc8dffe4aad11edb013ea0c22f56700595f059c6edda1c5688f65defa,0,full,raw_calculations/apbs/HY15_SEQ_02/HY15_SEQ_02__ebv__EBV_IEDB_339d4044147d__s4/eps2/full.in,aa834824585e75196b7bedb9367e4a187f34b3606052caab39b2c61080ac67e5,HY15_SEQ_02__ebv__EBV_IEDB_339d4044147d__s4,HY15_SEQ_02,4,2.0,complete,raw_calculations/apbs/HY15_SEQ_02/HY15_SEQ_02__ebv__EBV_IEDB_339d4044147d__s4/eps2/full.stderr.txt,raw_calculations/apbs/HY15_SEQ_02/HY15_SEQ_02__ebv__EBV_IEDB_339d4044147d__s4/eps2/full.stdout.txt
ebv,EBV_IEDB_339d4044147d,ubuntu@sha256:2edbbc5dc405e9612ba3584ce95480277e3eb374407b5505fe26f17df77c7dbc,12872789,transient_deleted_after_checksum_and_sampling,b4d92a581b00c87461a96a620c7da97a55840d56d8a46d4e6433cf169e2ef662,0,hla_only,raw_calculations/apbs/HY15_SEQ_02/HY15_SEQ_02__ebv__EBV_IEDB_339d4044147d__s4/eps2/hla_only.in,1a96abda37ee46f29c5172dadc0e8050cc0a75d86633123fadf130a4893e0db7,HY15_SEQ_02__ebv__EBV_IEDB_339d4044147d__s4,HY15_SEQ_02,4,2.0,complete,raw_calculations/apbs/HY15_SEQ_02/HY15_SEQ_02__ebv__EBV_IEDB_339d4044147d__s4/eps2/hla_only.stderr.txt,raw_calculations/apbs/HY15_SEQ_02/HY15_SEQ_02__ebv__EBV_IEDB_339d4044147d__s4/eps2/hla_only.stdout.txt
ebv,EBV_IEDB_339d4044147d,ubuntu@sha256:2edbbc5dc405e9612ba3584ce95480277e3eb374407b5505fe26f17df77c7dbc,12862449,transient_deleted_after_checksum_and_sampling,d2152db97e1e3781670c16335c5e6aa22e6ee2e1f330648cfde842e6d536c131,0,full,raw_calculations/apbs/HY15_SEQ_02/HY15_SEQ_02__ebv__EBV_IEDB_339d4044147d__s4/eps4/full.in,d67cfb2988d78883a408a4553e9a39b10a8e2dc23949b41158cda1dba5cce823,HY15_SEQ_02__ebv__EBV_IEDB_339d4044147d__s4,HY15_SEQ_02,4,4.0,complete,raw_calculations/apbs/HY15_SEQ_02/HY15_SEQ_02__ebv__EBV_IEDB_339d4044147d__s4/eps4/full.stderr.txt,raw_calculations/apbs/HY15_SEQ_02/HY15_SEQ_02__ebv__EBV_IEDB_339d4044147d__s4/eps4/full.stdout.txt
ebv,EBV_IEDB_339d4044147d,ubuntu@sha256:2edbbc5dc405e9612ba3584ce95480277e3eb374407b5505fe26f17df77c7dbc,12882856,transient_deleted_after_checksum_and_sampling,cf123e262dc9a41ce98a14001fd83adb8a14d0cdab069df311a6b6345995550f,0,hla_only,raw_calculations/apbs/HY15_SEQ_02/HY15_SEQ_02__ebv__EBV_IEDB_339d4044147d__s4/eps4/hla_only.in,70079a0cda2d94c00cbdeebcacfa870f8e651a65cb5d97916692d16893261234,HY15_SEQ_02__ebv__EBV_IEDB_339d4044147d__s4,HY15_SEQ_02,4,4.0,complete,raw_calculations/apbs/HY15_SEQ_02/HY15_SEQ_02__ebv__EBV_IEDB_339d4044147d__s4/eps4/hla_only.stderr.txt,raw_calculations/apbs/HY15_SEQ_02/HY15_SEQ_02__ebv__EBV_IEDB_339d4044147d__s4/eps4/hla_only.stdout.txt
ebv,EBV_IEDB_339d4044147d,ubuntu@sha256:2edbbc5dc405e9612ba3584ce95480277e3eb374407b5505fe26f17df77c7dbc,12879143,transient_deleted_after_checksum_and_sampling,d50c6fab216ae3bf9a4a614691c59c4741f68e7505ad66b012db75749f40d5e6,0,full,raw_calculations/apbs/HY15_SEQ_02/HY15_SEQ_02__ebv__EBV_IEDB_339d4044147d__s4/eps8/full.in,f50cf67eaf1fea6fd7127ad06acfe5d76d58c70c8bf15ceda56a12bf0959b291,HY15_SEQ_02__ebv__EBV_IEDB_339d4044147d__s4,HY15_SEQ_02,4,8.0,complete,raw_calculations/apbs/HY15_SEQ_02/HY15_SEQ_02__ebv__EBV_IEDB_339d4044147d__s4/eps8/full.stderr.txt,raw_calculations/apbs/HY15_SEQ_02/HY15_SEQ_02__ebv__EBV_IEDB_339d4044147d__s4/eps8/full.stdout.txt
ebv,EBV_IEDB_339d4044147d,ubuntu@sha256:2edbbc5dc405e9612ba3584ce95480277e3eb374407b5505fe26f17df77c7dbc,12898586,transient_deleted_after_checksum_and_sampling,74dcba61dd0208d8aa227a55b5a8f919150495f345ab6c51cfc2e66d68692db3,0,hla_only,raw_calculations/apbs/HY15_SEQ_02/HY15_SEQ_02__ebv__EBV_IEDB_339d4044147d__s4/eps8/hla_only.in,5c5aa2dc8d08a3731cde2469bc3532edbaf3e7732a415691825cfe3d0012195c,HY15_SEQ_02__ebv__EBV_IEDB_339d4044147d__s4,HY15_SEQ_02,4,8.0,complete,raw_calculations/apbs/HY15_SEQ_02/HY15_SEQ_02__ebv__EBV_IEDB_339d4044147d__s4/eps8/hla_only.stderr.txt,raw_calculations/apbs/HY15_SEQ_02/HY15_SEQ_02__ebv__EBV_IEDB_339d4044147d__s4/eps8/hla_only.stdout.txt
ebv,EBV_IEDB_35bb9c18fac4,ubuntu@sha256:2edbbc5dc405e9612ba3584ce95480277e3eb374407b5505fe26f17df77c7dbc,12794477,transient_deleted_after_checksum_and_sampling,2e21f39550512e5a2bf0f23db797a84d59806a98fbbcb04cdf29f9531911a8b5,0,full,raw_calculations/apbs/HY15_SEQ_02/HY15_SEQ_02__ebv__EBV_IEDB_35bb9c18fac4__s0/eps2/full.in,6db4907f97955feae47d1ef969badaa8d78e02bc523d267502a771c43bd588b4,HY15_SEQ_02__ebv__EBV_IEDB_35bb9c18fac4__s0,HY15_SEQ_02,0,2.0,complete,raw_calculations/apbs/HY15_SEQ_02/HY15_SEQ_02__ebv__EBV_IEDB_35bb9c18fac4__s0/eps2/full.stderr.txt,raw_calculations/apbs/HY15_SEQ_02/HY15_SEQ_02__ebv__EBV_IEDB_35bb9c18fac4__s0/eps2/full.stdout.txt
ebv,EBV_IEDB_35bb9c18fac4,ubuntu@sha256:2edbbc5dc405e9612ba3584ce95480277e3eb374407b5505fe26f17df77c7dbc,12883035,transient_deleted_after_checksum_and_sampling,7c61b1333721e8907d6efb54443cbf15aa78dbc7f6bf23ed59a0a7c87a6af32e,0,hla_only,raw_calculations/apbs/HY15_SEQ_02/HY15_SEQ_02__ebv__EBV_IEDB_35bb9c18fac4__s0/eps2/hla_only.in,b0c702fa710f79755ca8ca112b790846d1b0dab5a9f7ca6750ec910b535976a5,HY15_SEQ_02__ebv__EBV_IEDB_35bb9c18fac4__s0,HY15_SEQ_02,0,2.0,complete,raw_calculations/apbs/HY15_SEQ_02/HY15_SEQ_02__ebv__EBV_IEDB_35bb9c18fac4__s0/eps2/hla_only.stderr.txt,raw_calculations/apbs/HY15_SEQ_02/HY15_SEQ_02__ebv__EBV_IEDB_35bb9c18fac4__s0/eps2/hla_only.stdout.txt
ebv,EBV_IEDB_35bb9c18fac4,ubuntu@sha256:2edbbc5dc405e9612ba3584ce95480277e3eb374407b5505fe26f17df77c7dbc,12804775,transient_deleted_after_checksum_and_sampling,1f892e437767b7a4c1b2c63a4dffa96a46a44561a597428a26f472c562f9b912,0,full,raw_calculations/apbs/HY15_SEQ_02/HY15_SEQ_02__ebv__EBV_IEDB_35bb9c18fac4__s0/eps4/full.in,9a34f78bdd6e8f5bd646fe8441d261d8e7fecb6970ce820df31ee784674c7a9e,HY15_SEQ_02__ebv__EBV_IEDB_35bb9c18fac4__s0,HY15_SEQ_02,0,4.0,complete,raw_calculations/apbs/HY15_SEQ_02/HY15_SEQ_02__ebv__EBV_IEDB_35bb9c18fac4__s0/eps4/full.stderr.txt,raw_calculations/apbs/HY15_SEQ_02/HY15_SEQ_02__ebv__EBV_IEDB_35bb9c18fac4__s0/eps4/full.stdout.txt
ebv,EBV_IEDB_35bb9c18fac4,ubuntu@sha256:2edbbc5dc405e9612ba3584ce95480277e3eb374407b5505fe26f17df77c7dbc,12895481,transient_deleted_after_checksum_and_sampling,363ed85b292c576ae7b886047520fbde7ebb30d6b2aaa1dc44e4622d4c389c64,0,hla_only,raw_calculations/apbs/HY15_SEQ_02/HY15_SEQ_02__ebv__EBV_IEDB_35bb9c18fac4__s0/eps4/hla_only.in,adc0e2487476607dabeaa89dc32d251ccabac3027c6098522cbf950b6ef8879a,HY15_SEQ_02__ebv__EBV_IEDB_35bb9c18fac4__s0,HY15_SEQ_02,0,4.0,complete,raw_calculations/apbs/HY15_SEQ_02/HY15_SEQ_02__ebv__EBV_IEDB_35bb9c18fac4__s0/eps4/hla_only.stderr.txt,raw_calculations/apbs/HY15_SEQ_02/HY15_SEQ_02__ebv__EBV_IEDB_35bb9c18fac4__s0/eps4/hla_only.stdout.txt
ebv,EBV_IEDB_35bb9c18fac4,ubuntu@sha256:2edbbc5dc405e9612ba3584ce95480277e3eb374407b5505fe26f17df77c7dbc,12820778,transient_deleted_after_checksum_and_sampling,6d33771175a772903aed8ae1527e1f515625d4c1d54cf6fc2c820bd2cd2db2b5,0,full,raw_calculations/apbs/HY15_SEQ_02/HY15_SEQ_02__ebv__EBV_IEDB_35bb9c18fac4__s0/eps8/full.in,9f52561d95e2c136ab92cc3c96dbc0c84668b79235b0f0ba0b3aba84042fa9fa,HY15_SEQ_02__ebv__EBV_IEDB_35bb9c18fac4__s0,HY15_SEQ_02,0,8.0,complete,raw_calculations/apbs/HY15_SEQ_02/HY15_SEQ_02__ebv__EBV_IEDB_35bb9c18fac4__s0/eps8/full.stderr.txt,raw_calculations/apbs/HY15_SEQ_02/HY15_SEQ_02__ebv__EBV_IEDB_35bb9c18fac4__s0/eps8/full.stdout.txt
ebv,EBV_IEDB_35bb9c18fac4,ubuntu@sha256:2edbbc5dc405e9612ba3584ce95480277e3eb374407b5505fe26f17df77c7dbc,12913594,transient_deleted_after_checksum_and_sampling,2f03de18ed0ae3ddc55d6e90e9c60c3927972568c9593fd26692e89f9822a019,0,hla_only,raw_calculations/apbs/HY15_SEQ_02/HY15_SEQ_02__ebv__EBV_IEDB_35bb9c18fac4__s0/eps8/hla_only.in,6f706d48f086b771f17c7552cd2a519910b35523294e3da4334db37b04aa413f,HY15_SEQ_02__ebv__EBV_IEDB_35bb9c18fac4__s0,HY15_SEQ_02,0,8.0,complete,raw_calculations/apbs/HY15_SEQ_02/HY15_SEQ_02__ebv__EBV_IEDB_35bb9c18fac4__s0/eps8/hla_only.stderr.txt,raw_calculations/apbs/HY15_SEQ_02/HY15_SEQ_02__ebv__EBV_IEDB_35bb9c18fac4__s0/eps8/hla_only.stdout.txt
ebv,EBV_IEDB_35bb9c18fac4,ubuntu@sha256:2edbbc5dc405e9612ba3584ce95480277e3eb374407b5505fe26f17df77c7dbc,12743873,transient_deleted_after_checksum_and_sampling,06c452ac21bbea3315b763eb1beca6b65f9acf41b6f9e52ce2b45629a6dd013d,0,full,raw_calculations/apbs/HY15_SEQ_02/HY15_SEQ_02__ebv__EBV_IEDB_35bb9c18fac4__s1/eps2/full.in,50b5a5ca29225b3a7b60d565b1edbc0538ea9d3b796cf9c3fd1bcde3b08686b0,HY15_SEQ_02__ebv__EBV_IEDB_35bb9c18fac4__s1,HY15_SEQ_02,1,2.0,complete,raw_calculations/apbs/HY15_SEQ_02/HY15_SEQ_02__ebv__EBV_IEDB_35bb9c18fac4__s1/eps2/full.stderr.txt,raw_calculations/apbs/HY15_SEQ_02/HY15_SEQ_02__ebv__EBV_IEDB_35bb9c18fac4__s1/eps2/full.stdout.txt
ebv,EBV_IEDB_35bb9c18fac4,ubuntu@sha256:2edbbc5dc405e9612ba3584ce95480277e3eb374407b5505fe26f17df77c7dbc,12869761,transient_deleted_after_checksum_and_sampling,698a7e1efeea61b1c234e68f81da82b7f91583815e8490ef8d3db23599284d64,0,hla_only,raw_calculations/apbs/HY15_SEQ_02/HY15_SEQ_02__ebv__EBV_IEDB_35bb9c18fac4__s1/eps2/hla_only.in,cf086cbdea368523a0964f668da92b9c327e0ffc8afe1176c4be3588111cda1f,HY15_SEQ_02__ebv__EBV_IEDB_35bb9c18fac4__s1,HY15_SEQ_02,1,2.0,complete,raw_calculations/apbs/HY15_SEQ_02/HY15_SEQ_02__ebv__EBV_IEDB_35bb9c18fac4__s1/eps2/hla_only.stderr.txt,raw_calculations/apbs/HY15_SEQ_02/HY15_SEQ_02__ebv__EBV_IEDB_35bb9c18fac4__s1/eps2/hla_only.stdout.txt
ebv,EBV_IEDB_35bb9c18fac4,ubuntu@sha256:2edbbc5dc405e9612ba3584ce95480277e3eb374407b5505fe26f17df77c7dbc,12752653,transient_deleted_after_checksum_and_sampling,3dbac3fe3a30a83377790c09a5f9f4a1e1535b369f83750e2d8fdccec3ed5395,0,full,raw_calculations/apbs/HY15_SEQ_02/HY15_SEQ_02__ebv__EBV_IEDB_35bb9c18fac4__s1/eps4/full.in,2b2a88feedce46b16524deb4bdc09d2c6328f86db0348ed3ccb1b7249b82811e,HY15_SEQ_02__ebv__EBV_IEDB_35bb9c18fac4__s1,HY15_SEQ_02,1,4.0,complete,raw_calculations/apbs/HY15_SEQ_02/HY15_SEQ_02__ebv__EBV_IEDB_35bb9c18fac4__s1/eps4/full.stderr.txt,raw_calculations/apbs/HY15_SEQ_02/HY15_SEQ_02__ebv__EBV_IEDB_35bb9c18fac4__s1/eps4/full.stdout.txt
ebv,EBV_IEDB_35bb9c18fac4,ubuntu@sha256:2edbbc5dc405e9612ba3584ce95480277e3eb374407b5505fe26f17df77c7dbc,12880870,transient_deleted_after_checksum_and_sampling,82228ac8bbda85b8539ec9de8f931d8a3fc1fc986ea8024aabb4000bd4d97830,0,hla_only,raw_calculations/apbs/HY15_SEQ_02/HY15_SEQ_02__ebv__EBV_IEDB_35bb9c18fac4__s1/eps4/hla_only.in,d2ced7b01b735b25acf1c82821b1928168877f3393d985c96952c9ff29387e5c,HY15_SEQ_02__ebv__EBV_IEDB_35bb9c18fac4__s1,HY15_SEQ_02,1,4.0,complete,raw_calculations/apbs/HY15_SEQ_02/HY15_SEQ_02__ebv__EBV_IEDB_35bb9c18fac4__s1/eps4/hla_only.stderr.txt,raw_calculations/apbs/HY15_SEQ_02/HY15_SEQ_02__ebv__EBV_IEDB_35bb9c18fac4__s1/eps4/hla_only.stdout.txt
ebv,EBV_IEDB_35bb9c18fac4,ubuntu@sha256:2edbbc5dc405e9612ba3584ce95480277e3eb374407b5505fe26f17df77c7dbc,12767231,transient_deleted_after_checksum_and_sampling,86f5cfb63dfed13ec662fffe3c5d5c899e164354b14826fc5b3bb21524a16391,0,full,raw_calculations/apbs/HY15_SEQ_02/HY15_SEQ_02__ebv__EBV_IEDB_35bb9c18fac4__s1/eps8/full.in,fb03cbae83e1b40a299cc8436e9ed3811494473908e58c6ee52ed4752428d242,HY15_SEQ_02__ebv__EBV_IEDB_35bb9c18fac4__s1,HY15_SEQ_02,1,8.0,complete,raw_calculations/apbs/HY15_SEQ_02/HY15_SEQ_02__ebv__EBV_IEDB_35bb9c18fac4__s1/eps8/full.stderr.txt,raw_calculations/apbs/HY15_SEQ_02/HY15_SEQ_02__ebv__EBV_IEDB_35bb9c18fac4__s1/eps8/full.stdout.txt
ebv,EBV_IEDB_35bb9c18fac4,ubuntu@sha256:2edbbc5dc405e9612ba3584ce95480277e3eb374407b5505fe26f17df77c7dbc,12897595,transient_deleted_after_checksum_and_sampling,47628953f0ec035b213f851bb753832846e80e3934d37f54966faa69ee00315b,0,hla_only,raw_calculations/apbs/HY15_SEQ_02/HY15_SEQ_02__ebv__EBV_IEDB_35bb9c18fac4__s1/eps8/hla_only.in,ec0513cc8f2ff9a7149893fd987d3c1c7a4d9ee2978a8e86f15106015b42289e,HY15_SEQ_02__ebv__EBV_IEDB_35bb9c18fac4__s1,HY15_SEQ_02,1,8.0,complete,raw_calculations/apbs/HY15_SEQ_02/HY15_SEQ_02__ebv__EBV_IEDB_35bb9c18fac4__s1/eps8/hla_only.stderr.txt,raw_calculations/apbs/HY15_SEQ_02/HY15_SEQ_02__ebv__EBV_IEDB_35bb9c18fac4__s1/eps8/hla_only.stdout.txt
ebv,EBV_IEDB_35bb9c18fac4,ubuntu@sha256:2edbbc5dc405e9612ba3584ce95480277e3eb374407b5505fe26f17df77c7dbc,12752018,transient_deleted_after_checksum_and_sampling,9bcabee64b590a3f72e19a1abdd070f6998a603486562974b2d490f2b3624220,0,full,raw_calculations/apbs/HY15_SEQ_02/HY15_SEQ_02__ebv__EBV_IEDB_35bb9c18fac4__s2/eps2/full.in,13cfb46e12c91e7fe86d6569265c93cbd1bf1d5dcb2bbfa4313c9f600c8315a0,HY15_SEQ_02__ebv__EBV_IEDB_35bb9c18fac4__s2,HY15_SEQ_02,2,2.0,complete,raw_calculations/apbs/HY15_SEQ_02/HY15_SEQ_02__ebv__EBV_IEDB_35bb9c18fac4__s2/eps2/full.stderr.txt,raw_calculations/apbs/HY15_SEQ_02/HY15_SEQ_02__ebv__EBV_IEDB_35bb9c18fac4__s2/eps2/full.stdout.txt
ebv,EBV_IEDB_35bb9c18fac4,ubuntu@sha256:2edbbc5dc405e9612ba3584ce95480277e3eb374407b5505fe26f17df77c7dbc,12858539,transient_deleted_after_checksum_and_sampling,b733da7e08e20fe36203d5f0a9cd2f000f8b3976ca6b82d7141f078b366920f4,0,hla_only,raw_calculations/apbs/HY15_SEQ_02/HY15_SEQ_02__ebv__EBV_IEDB_35bb9c18fac4__s2/eps2/hla_only.in,eabd842e893f1802f8d2524ea9c877bfef70523a40d5d90dd3f88bd8e2047329,HY15_SEQ_02__ebv__EBV_IEDB_35bb9c18fac4__s2,HY15_SEQ_02,2,2.0,complete,raw_calculations/apbs/HY15_SEQ_02/HY15_SEQ_02__ebv__EBV_IEDB_35bb9c18fac4__s2/eps2/hla_only.stderr.txt,raw_calculations/apbs/HY15_SEQ_02/HY15_SEQ_02__ebv__EBV_IEDB_35bb9c18fac4__s2/eps2/hla_only.stdout.txt
ebv,EBV_IEDB_35bb9c18fac4,ubuntu@sha256:2edbbc5dc405e9612ba3584ce95480277e3eb374407b5505fe26f17df77c7dbc,12759848,transient_deleted_after_checksum_and_sampling,9c6ff37c259b12372be42dca7e8671517c7d0fc1c98da03b58495c1becc2fb1c,0,full,raw_calculations/apbs/HY15_SEQ_02/HY15_SEQ_02__ebv__EBV_IEDB_35bb9c18fac4__s2/eps4/full.in,3411e998b52c4030a5b7aaa219f5cf2f14eeeaa5ff5e311a8cd0ffaf47e0a0b8,HY15_SEQ_02__ebv__EBV_IEDB_35bb9c18fac4__s2,HY15_SEQ_02,2,4.0,complete,raw_calculations/apbs/HY15_SEQ_02/HY15_SEQ_02__ebv__EBV_IEDB_35bb9c18fac4__s2/eps4/full.stderr.txt,raw_calculations/apbs/HY15_SEQ_02/HY15_SEQ_02__ebv__EBV_IEDB_35bb9c18fac4__s2/eps4/full.stdout.txt
ebv,EBV_IEDB_35bb9c18fac4,ubuntu@sha256:2edbbc5dc405e9612ba3584ce95480277e3eb374407b5505fe26f17df77c7dbc,12868673,transient_deleted_after_checksum_and_sampling,5fef9b4f47637376db9c74c27045ce8473cc7eb7361a33fe56a9b96a66061585,0,hla_only,raw_calculations/apbs/HY15_SEQ_02/HY15_SEQ_02__ebv__EBV_IEDB_35bb9c18fac4__s2/eps4/hla_only.in,2e50f13787df37f6f70ac600117097f0ffcb40378e4af82f1bc407b34f9d3a32,HY15_SEQ_02__ebv__EBV_IEDB_35bb9c18fac4__s2,HY15_SEQ_02,2,4.0,complete,raw_calculations/apbs/HY15_SEQ_02/HY15_SEQ_02__ebv__EBV_IEDB_35bb9c18fac4__s2/eps4/hla_only.stderr.txt,raw_calculations/apbs/HY15_SEQ_02/HY15_SEQ_02__ebv__EBV_IEDB_35bb9c18fac4__s2/eps4/hla_only.stdout.txt
ebv,EBV_IEDB_35bb9c18fac4,ubuntu@sha256:2edbbc5dc405e9612ba3584ce95480277e3eb374407b5505fe26f17df77c7dbc,12772338,transient_deleted_after_checksum_and_sampling,c324c3f95a96989073b1c72b1b57f42b026488b783255829c5a9f61955c0c803,0,full,raw_calculations/apbs/HY15_SEQ_02/HY15_SEQ_02__ebv__EBV_IEDB_35bb9c18fac4__s2/eps8/full.in,3649440f6179ed12c5e9279b198bb509ee3a5c99fd9452f0f66c04414240b6ae,HY15_SEQ_02__ebv__EBV_IEDB_35bb9c18fac4__s2,HY15_SEQ_02,2,8.0,complete,raw_calculations/apbs/HY15_SEQ_02/HY15_SEQ_02__ebv__EBV_IEDB_35bb9c18fac4__s2/eps8/full.stderr.txt,raw_calculations/apbs/HY15_SEQ_02/HY15_SEQ_02__ebv__EBV_IEDB_35bb9c18fac4__s2/eps8/full.stdout.txt
ebv,EBV_IEDB_35bb9c18fac4,ubuntu@sha256:2edbbc5dc405e9612ba3584ce95480277e3eb374407b5505fe26f17df77c7dbc,12883702,transient_deleted_after_checksum_and_sampling,d5f4bd8bca19b1a6df8ced3e6f4950c3ba39c0871eacb3406cfdfb7c23a99ed7,0,hla_only,raw_calculations/apbs/HY15_SEQ_02/HY15_SEQ_02__ebv__EBV_IEDB_35bb9c18fac4__s2/eps8/hla_only.in,27ae1299d07b7ab875158291bafd997c5a983870d8b4aaa99d73ce345940f0ea,HY15_SEQ_02__ebv__EBV_IEDB_35bb9c18fac4__s2,HY15_SEQ_02,2,8.0,complete,raw_calculations/apbs/HY15_SEQ_02/HY15_SEQ_02__ebv__EBV_IEDB_35bb9c18fac4__s2/eps8/hla_only.stderr.txt,raw_calculations/apbs/HY15_SEQ_02/HY15_SEQ_02__ebv__EBV_IEDB_35bb9c18fac4__s2/eps8/hla_only.stdout.txt
ebv,EBV_IEDB_35bb9c18fac4,ubuntu@sha256:2edbbc5dc405e9612ba3584ce95480277e3eb374407b5505fe26f17df77c7dbc,12719012,transient_deleted_after_checksum_and_sampling,986c4d682a70f52cfb1465f01f72ac2c943f327114848cc332f32eecc9e2e089,0,full,raw_calculations/apbs/HY15_SEQ_02/HY15_SEQ_02__ebv__EBV_IEDB_35bb9c18fac4__s3/eps2/full.in,4980a9452cde1f6e72803d880b4550b0d3f3abef2af4b0389d41d77085bc476d,HY15_SEQ_02__ebv__EBV_IEDB_35bb9c18fac4__s3,HY15_SEQ_02,3,2.0,complete,raw_calculations/apbs/HY15_SEQ_02/HY15_SEQ_02__ebv__EBV_IEDB_35bb9c18fac4__s3/eps2/full.stderr.txt,raw_calculations/apbs/HY15_SEQ_02/HY15_SEQ_02__ebv__EBV_IEDB_35bb9c18fac4__s3/eps2/full.stdout.txt
ebv,EBV_IEDB_35bb9c18fac4,ubuntu@sha256:2edbbc5dc405e9612ba3584ce95480277e3eb374407b5505fe26f17df77c7dbc,12843055,transient_deleted_after_checksum_and_sampling,cacb071f95f91602cef4e8881124730c4fe479536a7c5bd2ac3980db0e46cacd,0,hla_only,raw_calculations/apbs/HY15_SEQ_02/HY15_SEQ_02__ebv__EBV_IEDB_35bb9c18fac4__s3/eps2/hla_only.in,183cdda2fabb8dbbf261b2df76c87a0fafeef3d97752000c1b21be0648d12c3d,HY15_SEQ_02__ebv__EBV_IEDB_35bb9c18fac4__s3,HY15_SEQ_02,3,2.0,complete,raw_calculations/apbs/HY15_SEQ_02/HY15_SEQ_02__ebv__EBV_IEDB_35bb9c18fac4__s3/eps2/hla_only.stderr.txt,raw_calculations/apbs/HY15_SEQ_02/HY15_SEQ_02__ebv__EBV_IEDB_35bb9c18fac4__s3/eps2/hla_only.stdout.txt
ebv,EBV_IEDB_35bb9c18fac4,ubuntu@sha256:2edbbc5dc405e9612ba3584ce95480277e3eb374407b5505fe26f17df77c7dbc,12724183,transient_deleted_after_checksum_and_sampling,df6a86c42c26aaf959f0aea6f9b7cd70dfc12de43aae1c555eb8dd0d704544da,0,full,raw_calculations/apbs/HY15_SEQ_02/HY15_SEQ_02__ebv__EBV_IEDB_35bb9c18fac4__s3/eps4/full.in,97a8c931a9e58261df63f6e47057e5209c546e1b01910d207a277db9f02ea816,HY15_SEQ_02__ebv__EBV_IEDB_35bb9c18fac4__s3,HY15_SEQ_02,3,4.0,complete,raw_calculations/apbs/HY15_SEQ_02/HY15_SEQ_02__ebv__EBV_IEDB_35bb9c18fac4__s3/eps4/full.stderr.txt,raw_calculations/apbs/HY15_SEQ_02/HY15_SEQ_02__ebv__EBV_IEDB_35bb9c18fac4__s3/eps4/full.stdout.txt
ebv,EBV_IEDB_35bb9c18fac4,ubuntu@sha256:2edbbc5dc405e9612ba3584ce95480277e3eb374407b5505fe26f17df77c7dbc,12851053,transient_deleted_after_checksum_and_sampling,b0bc02381fc8efafccfff9b7c7e851c47b0a184e7b6842b01a5aabfdbd105bc4,0,hla_only,raw_calculations/apbs/HY15_SEQ_02/HY15_SEQ_02__ebv__EBV_IEDB_35bb9c18fac4__s3/eps4/hla_only.in,901c6b4f7863a1b6a228d09724ce6486d9cb81f6ec89ccdb59c7d85f21ff0ddf,HY15_SEQ_02__ebv__EBV_IEDB_35bb9c18fac4__s3,HY15_SEQ_02,3,4.0,complete,raw_calculations/apbs/HY15_SEQ_02/HY15_SEQ_02__ebv__EBV_IEDB_35bb9c18fac4__s3/eps4/hla_only.stderr.txt,raw_calculations/apbs/HY15_SEQ_02/HY15_SEQ_02__ebv__EBV_IEDB_35bb9c18fac4__s3/eps4/hla_only.stdout.txt
ebv,EBV_IEDB_35bb9c18fac4,ubuntu@sha256:2edbbc5dc405e9612ba3584ce95480277e3eb374407b5505fe26f17df77c7dbc,12733918,transient_deleted_after_checksum_and_sampling,c2e319aa8aecc9df6555fcb7b713d868cba7cd498310c76a27d7b0f7aac5225e,0,full,raw_calculations/apbs/HY15_SEQ_02/HY15_SEQ_02__ebv__EBV_IEDB_35bb9c18fac4__s3/eps8/full.in,63ae738b6df2497a1f557951f0de3aa68eb74ce5b071ac08d4e2a4aa0038cfb2,HY15_SEQ_02__ebv__EBV_IEDB_35bb9c18fac4__s3,HY15_SEQ_02,3,8.0,complete,raw_calculations/apbs/HY15_SEQ_02/HY15_SEQ_02__ebv__EBV_IEDB_35bb9c18fac4__s3/eps8/full.stderr.txt,raw_calculations/apbs/HY15_SEQ_02/HY15_SEQ_02__ebv__EBV_IEDB_35bb9c18fac4__s3/eps8/full.stdout.txt
ebv,EBV_IEDB_35bb9c18fac4,ubuntu@sha256:2edbbc5dc405e9612ba3584ce95480277e3eb374407b5505fe26f17df77c7dbc,12863925,transient_deleted_after_checksum_and_sampling,cce60061f35883da2b03984875e1c587c73902a358a1fde419fb31accc5eaf12,0,hla_only,raw_calculations/apbs/HY15_SEQ_02/HY15_SEQ_02__ebv__EBV_IEDB_35bb9c18fac4__s3/eps8/hla_only.in,944ab2f952d10b932349c0b76740cfd303a560f44a6d8f62b7a8132744e04f0a,HY15_SEQ_02__ebv__EBV_IEDB_35bb9c18fac4__s3,HY15_SEQ_02,3,8.0,complete,raw_calculations/apbs/HY15_SEQ_02/HY15_SEQ_02__ebv__EBV_IEDB_35bb9c18fac4__s3/eps8/hla_only.stderr.txt,raw_calculations/apbs/HY15_SEQ_02/HY15_SEQ_02__ebv__EBV_IEDB_35bb9c18fac4__s3/eps8/hla_only.stdout.txt
ebv,EBV_IEDB_35bb9c18fac4,ubuntu@sha256:2edbbc5dc405e9612ba3584ce95480277e3eb374407b5505fe26f17df77c7dbc,12763650,transient_deleted_after_checksum_and_sampling,f50cfe84187b5ff29896e418ecb8e19a8f1e2de402ce48944221d08caeaf5d17,0,full,raw_calculations/apbs/HY15_SEQ_02/HY15_SEQ_02__ebv__EBV_IEDB_35bb9c18fac4__s4/eps2/full.in,a8de5f15034ef4e0212ccba3003fa9c2dfee7b7ead52dc28f2b0dac3da68c3a5,HY15_SEQ_02__ebv__EBV_IEDB_35bb9c18fac4__s4,HY15_SEQ_02,4,2.0,complete,raw_calculations/apbs/HY15_SEQ_02/HY15_SEQ_02__ebv__EBV_IEDB_35bb9c18fac4__s4/eps2/full.stderr.txt,raw_calculations/apbs/HY15_SEQ_02/HY15_SEQ_02__ebv__EBV_IEDB_35bb9c18fac4__s4/eps2/full.stdout.txt
ebv,EBV_IEDB_35bb9c18fac4,ubuntu@sha256:2edbbc5dc405e9612ba3584ce95480277e3eb374407b5505fe26f17df77c7dbc,12881413,transient_deleted_after_checksum_and_sampling,896e81fcb8e61529802be3891d02bb671c41a59f6c16f04cc54113fe71f743fb,0,hla_only,raw_calculations/apbs/HY15_SEQ_02/HY15_SEQ_02__ebv__EBV_IEDB_35bb9c18fac4__s4/eps2/hla_only.in,369410867a9f8cef47be9ae5bac9ff7f368d94a0abbce510933369fda1de36b9,HY15_SEQ_02__ebv__EBV_IEDB_35bb9c18fac4__s4,HY15_SEQ_02,4,2.0,complete,raw_calculations/apbs/HY15_SEQ_02/HY15_SEQ_02__ebv__EBV_IEDB_35bb9c18fac4__s4/eps2/hla_only.stderr.txt,raw_calculations/apbs/HY15_SEQ_02/HY15_SEQ_02__ebv__EBV_IEDB_35bb9c18fac4__s4/eps2/hla_only.stdout.txt
ebv,EBV_IEDB_35bb9c18fac4,ubuntu@sha256:2edbbc5dc405e9612ba3584ce95480277e3eb374407b5505fe26f17df77c7dbc,12773796,transient_deleted_after_checksum_and_sampling,823eac664bf30af76e54887d73dcd6b5b959876ea005cf324c729658a161950d,0,full,raw_calculations/apbs/HY15_SEQ_02/HY15_SEQ_02__ebv__EBV_IEDB_35bb9c18fac4__s4/eps4/full.in,8d7f8f160d5c03901789ff63944ecd9342a07974e87f7a471f31b2d2f3341e81,HY15_SEQ_02__ebv__EBV_IEDB_35bb9c18fac4__s4,HY15_SEQ_02,4,4.0,complete,raw_calculations/apbs/HY15_SEQ_02/HY15_SEQ_02__ebv__EBV_IEDB_35bb9c18fac4__s4/eps4/full.stderr.txt,raw_calculations/apbs/HY15_SEQ_02/HY15_SEQ_02__ebv__EBV_IEDB_35bb9c18fac4__s4/eps4/full.stdout.txt
ebv,EBV_IEDB_35bb9c18fac4,ubuntu@sha256:2edbbc5dc405e9612ba3584ce95480277e3eb374407b5505fe26f17df77c7dbc,12892433,transient_deleted_after_checksum_and_sampling,4c50c8b13c4355631a52a0a95ea34488c24e4386f0f882903cf7b6df81d26dd4,0,hla_only,raw_calculations/apbs/HY15_SEQ_02/HY15_SEQ_02__ebv__EBV_IEDB_35bb9c18fac4__s4/eps4/hla_only.in,06d747eabdaac738dbe444a43c6598adb1e0b2282847d41a7980eaf5e7ec4c5e,HY15_SEQ_02__ebv__EBV_IEDB_35bb9c18fac4__s4,HY15_SEQ_02,4,4.0,complete,raw_calculations/apbs/HY15_SEQ_02/HY15_SEQ_02__ebv__EBV_IEDB_35bb9c18fac4__s4/eps4/hla_only.stderr.txt,raw_calculations/apbs/HY15_SEQ_02/HY15_SEQ_02__ebv__EBV_IEDB_35bb9c18fac4__s4/eps4/hla_only.stdout.txt
ebv,EBV_IEDB_35bb9c18fac4,ubuntu@sha256:2edbbc5dc405e9612ba3584ce95480277e3eb374407b5505fe26f17df77c7dbc,12790307,transient_deleted_after_checksum_and_sampling,1d8552bb862ca9d990df194bec1cb82f0dfdec237f5698a6bdf1f32a877c4122,0,full,raw_calculations/apbs/HY15_SEQ_02/HY15_SEQ_02__ebv__EBV_IEDB_35bb9c18fac4__s4/eps8/full.in,e79e5e9f8b434740d96812f742b3a9e603f1fc5bd8c819a435771000cbd60afe,HY15_SEQ_02__ebv__EBV_IEDB_35bb9c18fac4__s4,HY15_SEQ_02,4,8.0,complete,raw_calculations/apbs/HY15_SEQ_02/HY15_SEQ_02__ebv__EBV_IEDB_35bb9c18fac4__s4/eps8/full.stderr.txt,raw_calculations/apbs/HY15_SEQ_02/HY15_SEQ_02__ebv__EBV_IEDB_35bb9c18fac4__s4/eps8/full.stdout.txt
ebv,EBV_IEDB_35bb9c18fac4,ubuntu@sha256:2edbbc5dc405e9612ba3584ce95480277e3eb374407b5505fe26f17df77c7dbc,12909169,transient_deleted_after_checksum_and_sampling,888610bee3e14f7f245f3461fd8f01e52117f378a42f658e080a648ea27b4a55,0,hla_only,raw_calculations/apbs/HY15_SEQ_02/HY15_SEQ_02__ebv__EBV_IEDB_35bb9c18fac4__s4/eps8/hla_only.in,7b3d60536a17a697187b2344be36e7cc806da58038d1e486293402a6de9559a4,HY15_SEQ_02__ebv__EBV_IEDB_35bb9c18fac4__s4,HY15_SEQ_02,4,8.0,complete,raw_calculations/apbs/HY15_SEQ_02/HY15_SEQ_02__ebv__EBV_IEDB_35bb9c18fac4__s4/eps8/hla_only.stderr.txt,raw_calculations/apbs/HY15_SEQ_02/HY15_SEQ_02__ebv__EBV_IEDB_35bb9c18fac4__s4/eps8/hla_only.stdout.txt
ebv,EBV_IEDB_c617263cff31,ubuntu@sha256:2edbbc5dc405e9612ba3584ce95480277e3eb374407b5505fe26f17df77c7dbc,12768995,transient_deleted_after_checksum_and_sampling,324640db324704cfef45617556b4d941f57c3b1da435093d63da7db9feb0e86d,0,full,raw_calculations/apbs/HY15_SEQ_02/HY15_SEQ_02__ebv__EBV_IEDB_c617263cff31__s0/eps2/full.in,c99100a13f9ab4d03143b776d9dcb4a6210b9dcf6e183547a8e47da98bffe207,HY15_SEQ_02__ebv__EBV_IEDB_c617263cff31__s0,HY15_SEQ_02,0,2.0,complete,raw_calculations/apbs/HY15_SEQ_02/HY15_SEQ_02__ebv__EBV_IEDB_c617263cff31__s0/eps2/full.stderr.txt,raw_calculations/apbs/HY15_SEQ_02/HY15_SEQ_02__ebv__EBV_IEDB_c617263cff31__s0/eps2/full.stdout.txt
ebv,EBV_IEDB_c617263cff31,ubuntu@sha256:2edbbc5dc405e9612ba3584ce95480277e3eb374407b5505fe26f17df77c7dbc,12880568,transient_deleted_after_checksum_and_sampling,867be7df245d2343076de5128132ac89d0484f2abe17b4022894bb7688cfb53c,0,hla_only,raw_calculations/apbs/HY15_SEQ_02/HY15_SEQ_02__ebv__EBV_IEDB_c617263cff31__s0/eps2/hla_only.in,2184c1b0ac8a4a3bd1902a4dc10962b81cf2ef9a9f0a2dc286a8394b8606eb4a,HY15_SEQ_02__ebv__EBV_IEDB_c617263cff31__s0,HY15_SEQ_02,0,2.0,complete,raw_calculations/apbs/HY15_SEQ_02/HY15_SEQ_02__ebv__EBV_IEDB_c617263cff31__s0/eps2/hla_only.stderr.txt,raw_calculations/apbs/HY15_SEQ_02/HY15_SEQ_02__ebv__EBV_IEDB_c617263cff31__s0/eps2/hla_only.stdout.txt
ebv,EBV_IEDB_c617263cff31,ubuntu@sha256:2edbbc5dc405e9612ba3584ce95480277e3eb374407b5505fe26f17df77c7dbc,12778502,transient_deleted_after_checksum_and_sampling,560594580f6d5f064af90d0bc7242d18c9c4dc7e293520f93bce845e492a57a0,0,full,raw_calculations/apbs/HY15_SEQ_02/HY15_SEQ_02__ebv__EBV_IEDB_c617263cff31__s0/eps4/full.in,ea58730c84ca013f8d4b6ca79f347e2b7851211662e55aa7ec2fd36633952d94,HY15_SEQ_02__ebv__EBV_IEDB_c617263cff31__s0,HY15_SEQ_02,0,4.0,complete,raw_calculations/apbs/HY15_SEQ_02/HY15_SEQ_02__ebv__EBV_IEDB_c617263cff31__s0/eps4/full.stderr.txt,raw_calculations/apbs/HY15_SEQ_02/HY15_SEQ_02__ebv__EBV_IEDB_c617263cff31__s0/eps4/full.stdout.txt
ebv,EBV_IEDB_c617263cff31,ubuntu@sha256:2edbbc5dc405e9612ba3584ce95480277e3eb374407b5505fe26f17df77c7dbc,12890844,transient_deleted_after_checksum_and_sampling,86ddb57dd94e6329af5adebed2b881121a2149cd176189467b0973eded3fe278,0,hla_only,raw_calculations/apbs/HY15_SEQ_02/HY15_SEQ_02__ebv__EBV_IEDB_c617263cff31__s0/eps4/hla_only.in,02944e21191dc30619a67686b869ba6b892c1ad2f23d6f5684165df97bfdc45e,HY15_SEQ_02__ebv__EBV_IEDB_c617263cff31__s0,HY15_SEQ_02,0,4.0,complete,raw_calculations/apbs/HY15_SEQ_02/HY15_SEQ_02__ebv__EBV_IEDB_c617263cff31__s0/eps4/hla_only.stderr.txt,raw_calculations/apbs/HY15_SEQ_02/HY15_SEQ_02__ebv__EBV_IEDB_c617263cff31__s0/eps4/hla_only.stdout.txt
ebv,EBV_IEDB_c617263cff31,ubuntu@sha256:2edbbc5dc405e9612ba3584ce95480277e3eb374407b5505fe26f17df77c7dbc,12795538,transient_deleted_after_checksum_and_sampling,cb9e9bf532618105fb8262c2047b89ed4abad75ee48849df830f11990548eecc,0,full,raw_calculations/apbs/HY15_SEQ_02/HY15_SEQ_02__ebv__EBV_IEDB_c617263cff31__s0/eps8/full.in,aaaba0546f70c9e6b6afbead2418b61f18429d058d5b49b55b23caf66e2a97a1,HY15_SEQ_02__ebv__EBV_IEDB_c617263cff31__s0,HY15_SEQ_02,0,8.0,complete,raw_calculations/apbs/HY15_SEQ_02/HY15_SEQ_02__ebv__EBV_IEDB_c617263cff31__s0/eps8/full.stderr.txt,raw_calculations/apbs/HY15_SEQ_02/HY15_SEQ_02__ebv__EBV_IEDB_c617263cff31__s0/eps8/full.stdout.txt
ebv,EBV_IEDB_c617263cff31,ubuntu@sha256:2edbbc5dc405e9612ba3584ce95480277e3eb374407b5505fe26f17df77c7dbc,12906652,transient_deleted_after_checksum_and_sampling,cf812adb212b87ec146bdaffb71c81edf8053655e112ae1ad6b13548ed0b4283,0,hla_only,raw_calculations/apbs/HY15_SEQ_02/HY15_SEQ_02__ebv__EBV_IEDB_c617263cff31__s0/eps8/hla_only.in,ede0759fa17d1622f4abeb6ddf592df04ca7395e47d19f2e8a28715636cadb5e,HY15_SEQ_02__ebv__EBV_IEDB_c617263cff31__s0,HY15_SEQ_02,0,8.0,complete,raw_calculations/apbs/HY15_SEQ_02/HY15_SEQ_02__ebv__EBV_IEDB_c617263cff31__s0/eps8/hla_only.stderr.txt,raw_calculations/apbs/HY15_SEQ_02/HY15_SEQ_02__ebv__EBV_IEDB_c617263cff31__s0/eps8/hla_only.stdout.txt
ebv,EBV_IEDB_c617263cff31,ubuntu@sha256:2edbbc5dc405e9612ba3584ce95480277e3eb374407b5505fe26f17df77c7dbc,12773975,transient_deleted_after_checksum_and_sampling,a5d8a52fc396d02abd97fdeb9c0d882578255071d1c7543353478fc4b95673af,0,full,raw_calculations/apbs/HY15_SEQ_02/HY15_SEQ_02__ebv__EBV_IEDB_c617263cff31__s1/eps2/full.in,d612e75540a778e275227682a8b58360044215f4caefe4300b8231a197ca5598,HY15_SEQ_02__ebv__EBV_IEDB_c617263cff31__s1,HY15_SEQ_02,1,2.0,complete,raw_calculations/apbs/HY15_SEQ_02/HY15_SEQ_02__ebv__EBV_IEDB_c617263cff31__s1/eps2/full.stderr.txt,raw_calculations/apbs/HY15_SEQ_02/HY15_SEQ_02__ebv__EBV_IEDB_c617263cff31__s1/eps2/full.stdout.txt
ebv,EBV_IEDB_c617263cff31,ubuntu@sha256:2edbbc5dc405e9612ba3584ce95480277e3eb374407b5505fe26f17df77c7dbc,12871268,transient_deleted_after_checksum_and_sampling,e32ea43c43d8de24f380109bcab1940036e733749979269db3a32ced70ac5b0d,0,hla_only,raw_calculations/apbs/HY15_SEQ_02/HY15_SEQ_02__ebv__EBV_IEDB_c617263cff31__s1/eps2/hla_only.in,184963d9f68a75669fa96b1ae9d1ea4c97e3cb60975f8de5d118d2f1d6f35bc0,HY15_SEQ_02__ebv__EBV_IEDB_c617263cff31__s1,HY15_SEQ_02,1,2.0,complete,raw_calculations/apbs/HY15_SEQ_02/HY15_SEQ_02__ebv__EBV_IEDB_c617263cff31__s1/eps2/hla_only.stderr.txt,raw_calculations/apbs/HY15_SEQ_02/HY15_SEQ_02__ebv__EBV_IEDB_c617263cff31__s1/eps2/hla_only.stdout.txt
ebv,EBV_IEDB_c617263cff31,ubuntu@sha256:2edbbc5dc405e9612ba3584ce95480277e3eb374407b5505fe26f17df77c7dbc,12782163,transient_deleted_after_checksum_and_sampling,078e181792f5858043e2c0c89f3031d453b9e2351314af01caf79a1a3ea59545,0,full,raw_calculations/apbs/HY15_SEQ_02/HY15_SEQ_02__ebv__EBV_IEDB_c617263cff31__s1/eps4/full.in,8b522f68dbafb5d683bc8b4dd83e3bd9d3cf75fb11eeac85bb8736b7afad5fdc,HY15_SEQ_02__ebv__EBV_IEDB_c617263cff31__s1,HY15_SEQ_02,1,4.0,complete,raw_calculations/apbs/HY15_SEQ_02/HY15_SEQ_02__ebv__EBV_IEDB_c617263cff31__s1/eps4/full.stderr.txt,raw_calculations/apbs/HY15_SEQ_02/HY15_SEQ_02__ebv__EBV_IEDB_c617263cff31__s1/eps4/full.stdout.txt
ebv,EBV_IEDB_c617263cff31,ubuntu@sha256:2edbbc5dc405e9612ba3584ce95480277e3eb374407b5505fe26f17df77c7dbc,12880792,transient_deleted_after_checksum_and_sampling,05ce0344b5eb7346317912d7c9e4fbfac6f1ff49693aca66fa148a74b1533eda,0,hla_only,raw_calculations/apbs/HY15_SEQ_02/HY15_SEQ_02__ebv__EBV_IEDB_c617263cff31__s1/eps4/hla_only.in,2d9e1c1af20bccf072219d6383637bec36889cb462559bd70228be99020c6f63,HY15_SEQ_02__ebv__EBV_IEDB_c617263cff31__s1,HY15_SEQ_02,1,4.0,complete,raw_calculations/apbs/HY15_SEQ_02/HY15_SEQ_02__ebv__EBV_IEDB_c617263cff31__s1/eps4/hla_only.stderr.txt,raw_calculations/apbs/HY15_SEQ_02/HY15_SEQ_02__ebv__EBV_IEDB_c617263cff31__s1/eps4/hla_only.stdout.txt
ebv,EBV_IEDB_c617263cff31,ubuntu@sha256:2edbbc5dc405e9612ba3584ce95480277e3eb374407b5505fe26f17df77c7dbc,12795017,transient_deleted_after_checksum_and_sampling,1ab158490cda9b22deeba0613ea14c1c62c31bf354518557c811e527929ed83f,0,full,raw_calculations/apbs/HY15_SEQ_02/HY15_SEQ_02__ebv__EBV_IEDB_c617263cff31__s1/eps8/full.in,d717a8ae39f7f4d29795cf705f5b56c064b842f524ce18ff1acac78496a67787,HY15_SEQ_02__ebv__EBV_IEDB_c617263cff31__s1,HY15_SEQ_02,1,8.0,complete,raw_calculations/apbs/HY15_SEQ_02/HY15_SEQ_02__ebv__EBV_IEDB_c617263cff31__s1/eps8/full.stderr.txt,raw_calculations/apbs/HY15_SEQ_02/HY15_SEQ_02__ebv__EBV_IEDB_c617263cff31__s1/eps8/full.stdout.txt
ebv,EBV_IEDB_c617263cff31,ubuntu@sha256:2edbbc5dc405e9612ba3584ce95480277e3eb374407b5505fe26f17df77c7dbc,12894623,transient_deleted_after_checksum_and_sampling,f0768b83ad30e5d52308cd183d485e541193ecc3c1363ba933c7ac84d08a5770,0,hla_only,raw_calculations/apbs/HY15_SEQ_02/HY15_SEQ_02__ebv__EBV_IEDB_c617263cff31__s1/eps8/hla_only.in,0e0a8bdef5c13eedd22e51dc7f2d7949594b750c47445038934f6579df6d5077,HY15_SEQ_02__ebv__EBV_IEDB_c617263cff31__s1,HY15_SEQ_02,1,8.0,complete,raw_calculations/apbs/HY15_SEQ_02/HY15_SEQ_02__ebv__EBV_IEDB_c617263cff31__s1/eps8/hla_only.stderr.txt,raw_calculations/apbs/HY15_SEQ_02/HY15_SEQ_02__ebv__EBV_IEDB_c617263cff31__s1/eps8/hla_only.stdout.txt
ebv,EBV_IEDB_c617263cff31,ubuntu@sha256:2edbbc5dc405e9612ba3584ce95480277e3eb374407b5505fe26f17df77c7dbc,12795921,transient_deleted_after_checksum_and_sampling,cff06eda450b9e1daeca9f4652c68d355f57fe7b4d53ed6120f613032357680a,0,full,raw_calculations/apbs/HY15_SEQ_02/HY15_SEQ_02__ebv__EBV_IEDB_c617263cff31__s2/eps2/full.in,fbcb286bddec71ac165b53b293b6f1c89e1ef89acdd35590d7a11f87c2a7dafb,HY15_SEQ_02__ebv__EBV_IEDB_c617263cff31__s2,HY15_SEQ_02,2,2.0,complete,raw_calculations/apbs/HY15_SEQ_02/HY15_SEQ_02__ebv__EBV_IEDB_c617263cff31__s2/eps2/full.stderr.txt,raw_calculations/apbs/HY15_SEQ_02/HY15_SEQ_02__ebv__EBV_IEDB_c617263cff31__s2/eps2/full.stdout.txt
ebv,EBV_IEDB_c617263cff31,ubuntu@sha256:2edbbc5dc405e9612ba3584ce95480277e3eb374407b5505fe26f17df77c7dbc,12890476,transient_deleted_after_checksum_and_sampling,6255f4b59880014615db6aea9d7e5fa9ba3587459aa470698d512f64c68932e4,0,hla_only,raw_calculations/apbs/HY15_SEQ_02/HY15_SEQ_02__ebv__EBV_IEDB_c617263cff31__s2/eps2/hla_only.in,3ee70722335c01aedbb560a8bbbb66be15a1d3ad6f2cc691dbaa1c2c335348e5,HY15_SEQ_02__ebv__EBV_IEDB_c617263cff31__s2,HY15_SEQ_02,2,2.0,complete,raw_calculations/apbs/HY15_SEQ_02/HY15_SEQ_02__ebv__EBV_IEDB_c617263cff31__s2/eps2/hla_only.stderr.txt,raw_calculations/apbs/HY15_SEQ_02/HY15_SEQ_02__ebv__EBV_IEDB_c617263cff31__s2/eps2/hla_only.stdout.txt
ebv,EBV_IEDB_c617263cff31,ubuntu@sha256:2edbbc5dc405e9612ba3584ce95480277e3eb374407b5505fe26f17df77c7dbc,12805713,transient_deleted_after_checksum_and_sampling,46bf2a63db3839099d6987e34fefb097d45431d7aa956cf3f23ccc106a4a6bfc,0,full,raw_calculations/apbs/HY15_SEQ_02/HY15_SEQ_02__ebv__EBV_IEDB_c617263cff31__s2/eps4/full.in,3e44a491041a19ae3775d1d7ea7d5c9425589816859b05577037312d40802dbb,HY15_SEQ_02__ebv__EBV_IEDB_c617263cff31__s2,HY15_SEQ_02,2,4.0,complete,raw_calculations/apbs/HY15_SEQ_02/HY15_SEQ_02__ebv__EBV_IEDB_c617263cff31__s2/eps4/full.stderr.txt,raw_calculations/apbs/HY15_SEQ_02/HY15_SEQ_02__ebv__EBV_IEDB_c617263cff31__s2/eps4/full.stdout.txt
ebv,EBV_IEDB_c617263cff31,ubuntu@sha256:2edbbc5dc405e9612ba3584ce95480277e3eb374407b5505fe26f17df77c7dbc,12902223,transient_deleted_after_checksum_and_sampling,2b05615d6647216d1eb8589ca7a4ba286df73459e1589f15efa637bf2fde5e02,0,hla_only,raw_calculations/apbs/HY15_SEQ_02/HY15_SEQ_02__ebv__EBV_IEDB_c617263cff31__s2/eps4/hla_only.in,086458717b2b3dbe4c3f6952fe4f22eb971f0c0858fcb0a0d2c51dcf3bc2b0b7,HY15_SEQ_02__ebv__EBV_IEDB_c617263cff31__s2,HY15_SEQ_02,2,4.0,complete,raw_calculations/apbs/HY15_SEQ_02/HY15_SEQ_02__ebv__EBV_IEDB_c617263cff31__s2/eps4/hla_only.stderr.txt,raw_calculations/apbs/HY15_SEQ_02/HY15_SEQ_02__ebv__EBV_IEDB_c617263cff31__s2/eps4/hla_only.stdout.txt
ebv,EBV_IEDB_c617263cff31,ubuntu@sha256:2edbbc5dc405e9612ba3584ce95480277e3eb374407b5505fe26f17df77c7dbc,12822141,transient_deleted_after_checksum_and_sampling,6a85187f30e5a3bbcb89785162703d714de5ed361dce741c77428a1d71919141,0,full,raw_calculations/apbs/HY15_SEQ_02/HY15_SEQ_02__ebv__EBV_IEDB_c617263cff31__s2/eps8/full.in,c1fc6f93f7d36ed564c98c7e49b14d296fd1272095126cdfa236fa7a7d665467,HY15_SEQ_02__ebv__EBV_IEDB_c617263cff31__s2,HY15_SEQ_02,2,8.0,complete,raw_calculations/apbs/HY15_SEQ_02/HY15_SEQ_02__ebv__EBV_IEDB_c617263cff31__s2/eps8/full.stderr.txt,raw_calculations/apbs/HY15_SEQ_02/HY15_SEQ_02__ebv__EBV_IEDB_c617263cff31__s2/eps8/full.stdout.txt
ebv,EBV_IEDB_c617263cff31,ubuntu@sha256:2edbbc5dc405e9612ba3584ce95480277e3eb374407b5505fe26f17df77c7dbc,12919578,transient_deleted_after_checksum_and_sampling,b70b2d5828eb8fcc22c586b13c304377a4ccb7f8585c8d49cd2dfa9077c37f44,0,hla_only,raw_calculations/apbs/HY15_SEQ_02/HY15_SEQ_02__ebv__EBV_IEDB_c617263cff31__s2/eps8/hla_only.in,8c5c4d55533a312e9fd92e94a159934115490ddff0d98918cbbfea7b2acf5857,HY15_SEQ_02__ebv__EBV_IEDB_c617263cff31__s2,HY15_SEQ_02,2,8.0,complete,raw_calculations/apbs/HY15_SEQ_02/HY15_SEQ_02__ebv__EBV_IEDB_c617263cff31__s2/eps8/hla_only.stderr.txt,raw_calculations/apbs/HY15_SEQ_02/HY15_SEQ_02__ebv__EBV_IEDB_c617263cff31__s2/eps8/hla_only.stdout.txt
ebv,EBV_IEDB_c617263cff31,ubuntu@sha256:2edbbc5dc405e9612ba3584ce95480277e3eb374407b5505fe26f17df77c7dbc,12809843,transient_deleted_after_checksum_and_sampling,4631e2e118d15ce5317bcecd8b86f0701738eaadb9904bc7b8164fb87fee5bc7,0,full,raw_calculations/apbs/HY15_SEQ_02/HY15_SEQ_02__ebv__EBV_IEDB_c617263cff31__s3/eps2/full.in,60920a4fb337b970823b1091be037c995c2ddd31101de09592558a200c06c44c,HY15_SEQ_02__ebv__EBV_IEDB_c617263cff31__s3,HY15_SEQ_02,3,2.0,complete,raw_calculations/apbs/HY15_SEQ_02/HY15_SEQ_02__ebv__EBV_IEDB_c617263cff31__s3/eps2/full.stderr.txt,raw_calculations/apbs/HY15_SEQ_02/HY15_SEQ_02__ebv__EBV_IEDB_c617263cff31__s3/eps2/full.stdout.txt
ebv,EBV_IEDB_c617263cff31,ubuntu@sha256:2edbbc5dc405e9612ba3584ce95480277e3eb374407b5505fe26f17df77c7dbc,12884237,transient_deleted_after_checksum_and_sampling,d7dd5c26eef011622c53c2469f65238dea0a28e8c0f121b582c5b9dede7e3059,0,hla_only,raw_calculations/apbs/HY15_SEQ_02/HY15_SEQ_02__ebv__EBV_IEDB_c617263cff31__s3/eps2/hla_only.in,b1c0f1d584d897bb31f544ed663e7406fa229c3e3708000a486a26082858fee4,HY15_SEQ_02__ebv__EBV_IEDB_c617263cff31__s3,HY15_SEQ_02,3,2.0,complete,raw_calculations/apbs/HY15_SEQ_02/HY15_SEQ_02__ebv__EBV_IEDB_c617263cff31__s3/eps2/hla_only.stderr.txt,raw_calculations/apbs/HY15_SEQ_02/HY15_SEQ_02__ebv__EBV_IEDB_c617263cff31__s3/eps2/hla_only.stdout.txt
ebv,EBV_IEDB_c617263cff31,ubuntu@sha256:2edbbc5dc405e9612ba3584ce95480277e3eb374407b5505fe26f17df77c7dbc,12823100,transient_deleted_after_checksum_and_sampling,233279dc2c131a6251375d46289df8528a3ff888214cfce12b1b7f9cacf2a7a8,0,full,raw_calculations/apbs/HY15_SEQ_02/HY15_SEQ_02__ebv__EBV_IEDB_c617263cff31__s3/eps4/full.in,69f09f4da1283e39363be2ad05ebab63802e0f3af53160945457f317b8d5c438,HY15_SEQ_02__ebv__EBV_IEDB_c617263cff31__s3,HY15_SEQ_02,3,4.0,complete,raw_calculations/apbs/HY15_SEQ_02/HY15_SEQ_02__ebv__EBV_IEDB_c617263cff31__s3/eps4/full.stderr.txt,raw_calculations/apbs/HY15_SEQ_02/HY15_SEQ_02__ebv__EBV_IEDB_c617263cff31__s3/eps4/full.stdout.txt
ebv,EBV_IEDB_c617263cff31,ubuntu@sha256:2edbbc5dc405e9612ba3584ce95480277e3eb374407b5505fe26f17df77c7dbc,12898451,transient_deleted_after_checksum_and_sampling,ecf82388121ed044730e0e5d909d2fc7c550c294c1ac4d86f299bcf50201737d,0,hla_only,raw_calculations/apbs/HY15_SEQ_02/HY15_SEQ_02__ebv__EBV_IEDB_c617263cff31__s3/eps4/hla_only.in,efc830e4159aaccaca326ac1f837492db56d1c6a9d06410f3b924ec58a359371,HY15_SEQ_02__ebv__EBV_IEDB_c617263cff31__s3,HY15_SEQ_02,3,4.0,complete,raw_calculations/apbs/HY15_SEQ_02/HY15_SEQ_02__ebv__EBV_IEDB_c617263cff31__s3/eps4/hla_only.stderr.txt,raw_calculations/apbs/HY15_SEQ_02/HY15_SEQ_02__ebv__EBV_IEDB_c617263cff31__s3/eps4/hla_only.stdout.txt
ebv,EBV_IEDB_c617263cff31,ubuntu@sha256:2edbbc5dc405e9612ba3584ce95480277e3eb374407b5505fe26f17df77c7dbc,12841574,transient_deleted_after_checksum_and_sampling,2d60c73688b59fc4adf3c36f8baa55697b763080b40df5854749d023c4116828,0,full,raw_calculations/apbs/HY15_SEQ_02/HY15_SEQ_02__ebv__EBV_IEDB_c617263cff31__s3/eps8/full.in,68d13cf0ba8cd9f06a84d6b5d9c42eb756421f74369fa6e0516a6d7909672dea,HY15_SEQ_02__ebv__EBV_IEDB_c617263cff31__s3,HY15_SEQ_02,3,8.0,complete,raw_calculations/apbs/HY15_SEQ_02/HY15_SEQ_02__ebv__EBV_IEDB_c617263cff31__s3/eps8/full.stderr.txt,raw_calculations/apbs/HY15_SEQ_02/HY15_SEQ_02__ebv__EBV_IEDB_c617263cff31__s3/eps8/full.stdout.txt
ebv,EBV_IEDB_c617263cff31,ubuntu@sha256:2edbbc5dc405e9612ba3584ce95480277e3eb374407b5505fe26f17df77c7dbc,12918695,transient_deleted_after_checksum_and_sampling,66160a17b9992431d6298cf8e0ce1c15ffc57992a97c0305947a763312be0671,0,hla_only,raw_calculations/apbs/HY15_SEQ_02/HY15_SEQ_02__ebv__EBV_IEDB_c617263cff31__s3/eps8/hla_only.in,9933a2d30613cee518b9bb7ec220386e26347fa50e03cbb3a27c25017514926b,HY15_SEQ_02__ebv__EBV_IEDB_c617263cff31__s3,HY15_SEQ_02,3,8.0,complete,raw_calculations/apbs/HY15_SEQ_02/HY15_SEQ_02__ebv__EBV_IEDB_c617263cff31__s3/eps8/hla_only.stderr.txt,raw_calculations/apbs/HY15_SEQ_02/HY15_SEQ_02__ebv__EBV_IEDB_c617263cff31__s3/eps8/hla_only.stdout.txt
ebv,EBV_IEDB_c617263cff31,ubuntu@sha256:2edbbc5dc405e9612ba3584ce95480277e3eb374407b5505fe26f17df77c7dbc,12775147,transient_deleted_after_checksum_and_sampling,283e185a728ff6e7bf413682c5fd2b2094168dba90d507ad3ff607dfc4281b04,0,full,raw_calculations/apbs/HY15_SEQ_02/HY15_SEQ_02__ebv__EBV_IEDB_c617263cff31__s4/eps2/full.in,036cde8d2c4de0b9e921bd4bcc4812ca9645ab04963c8297e1d0033886bedb98,HY15_SEQ_02__ebv__EBV_IEDB_c617263cff31__s4,HY15_SEQ_02,4,2.0,complete,raw_calculations/apbs/HY15_SEQ_02/HY15_SEQ_02__ebv__EBV_IEDB_c617263cff31__s4/eps2/full.stderr.txt,raw_calculations/apbs/HY15_SEQ_02/HY15_SEQ_02__ebv__EBV_IEDB_c617263cff31__s4/eps2/full.stdout.txt
ebv,EBV_IEDB_c617263cff31,ubuntu@sha256:2edbbc5dc405e9612ba3584ce95480277e3eb374407b5505fe26f17df77c7dbc,12871676,transient_deleted_after_checksum_and_sampling,d748564a22d36c6dec0ec5b53a3301af82e06c1ec0636f678393a0b92a11c248,0,hla_only,raw_calculations/apbs/HY15_SEQ_02/HY15_SEQ_02__ebv__EBV_IEDB_c617263cff31__s4/eps2/hla_only.in,48329eeb220052de2d84ac347e2d6d84eb7c71446171603986f20f9eb8aa79bc,HY15_SEQ_02__ebv__EBV_IEDB_c617263cff31__s4,HY15_SEQ_02,4,2.0,complete,raw_calculations/apbs/HY15_SEQ_02/HY15_SEQ_02__ebv__EBV_IEDB_c617263cff31__s4/eps2/hla_only.stderr.txt,raw_calculations/apbs/HY15_SEQ_02/HY15_SEQ_02__ebv__EBV_IEDB_c617263cff31__s4/eps2/hla_only.stdout.txt
ebv,EBV_IEDB_c617263cff31,ubuntu@sha256:2edbbc5dc405e9612ba3584ce95480277e3eb374407b5505fe26f17df77c7dbc,12783870,transient_deleted_after_checksum_and_sampling,25034e6bd481f19ed1c9787b4f0d381592245b310c31c58f7b8b4c9af877c74c,0,full,raw_calculations/apbs/HY15_SEQ_02/HY15_SEQ_02__ebv__EBV_IEDB_c617263cff31__s4/eps4/full.in,31da512aa9623f200db69258f2f23878353ea80106bc0fa87a6ddea0506e0674,HY15_SEQ_02__ebv__EBV_IEDB_c617263cff31__s4,HY15_SEQ_02,4,4.0,complete,raw_calculations/apbs/HY15_SEQ_02/HY15_SEQ_02__ebv__EBV_IEDB_c617263cff31__s4/eps4/full.stderr.txt,raw_calculations/apbs/HY15_SEQ_02/HY15_SEQ_02__ebv__EBV_IEDB_c617263cff31__s4/eps4/full.stdout.txt
ebv,EBV_IEDB_c617263cff31,ubuntu@sha256:2edbbc5dc405e9612ba3584ce95480277e3eb374407b5505fe26f17df77c7dbc,12882477,transient_deleted_after_checksum_and_sampling,2b857185425d0a1f945269d2df50c7174f0e651897da3f51a6916dfa107a4c17,0,hla_only,raw_calculations/apbs/HY15_SEQ_02/HY15_SEQ_02__ebv__EBV_IEDB_c617263cff31__s4/eps4/hla_only.in,012fc0f5e0e0afa799bd84197332a5a567c8bb481b90d285da29bb02d4456a59,HY15_SEQ_02__ebv__EBV_IEDB_c617263cff31__s4,HY15_SEQ_02,4,4.0,complete,raw_calculations/apbs/HY15_SEQ_02/HY15_SEQ_02__ebv__EBV_IEDB_c617263cff31__s4/eps4/hla_only.stderr.txt,raw_calculations/apbs/HY15_SEQ_02/HY15_SEQ_02__ebv__EBV_IEDB_c617263cff31__s4/eps4/hla_only.stdout.txt
ebv,EBV_IEDB_c617263cff31,ubuntu@sha256:2edbbc5dc405e9612ba3584ce95480277e3eb374407b5505fe26f17df77c7dbc,12798090,transient_deleted_after_checksum_and_sampling,4ef9126532957d83d36ef507ddd197efdaf87669afe17e1b4f15ba6ddc340085,0,full,raw_calculations/apbs/HY15_SEQ_02/HY15_SEQ_02__ebv__EBV_IEDB_c617263cff31__s4/eps8/full.in,8bc12a478c8085259e8d879cee045f4da74a4969ec086ebb7f7f1aadd83bf488,HY15_SEQ_02__ebv__EBV_IEDB_c617263cff31__s4,HY15_SEQ_02,4,8.0,complete,raw_calculations/apbs/HY15_SEQ_02/HY15_SEQ_02__ebv__EBV_IEDB_c617263cff31__s4/eps8/full.stderr.txt,raw_calculations/apbs/HY15_SEQ_02/HY15_SEQ_02__ebv__EBV_IEDB_c617263cff31__s4/eps8/full.stdout.txt
ebv,EBV_IEDB_c617263cff31,ubuntu@sha256:2edbbc5dc405e9612ba3584ce95480277e3eb374407b5505fe26f17df77c7dbc,12897896,transient_deleted_after_checksum_and_sampling,b3b1d411823b72817e5a90b778d0a2742e894259e951991b5c1dc5d0ed573f7d,0,hla_only,raw_calculations/apbs/HY15_SEQ_02/HY15_SEQ_02__ebv__EBV_IEDB_c617263cff31__s4/eps8/hla_only.in,5cfffc201adf5c7835217c5becb87a1d2bf4da87afa9ee51c4fcc309caa63705,HY15_SEQ_02__ebv__EBV_IEDB_c617263cff31__s4,HY15_SEQ_02,4,8.0,complete,raw_calculations/apbs/HY15_SEQ_02/HY15_SEQ_02__ebv__EBV_IEDB_c617263cff31__s4/eps8/hla_only.stderr.txt,raw_calculations/apbs/HY15_SEQ_02/HY15_SEQ_02__ebv__EBV_IEDB_c617263cff31__s4/eps8/hla_only.stdout.txt
ebv,EBV_IEDB_ce143ad82ead,ubuntu@sha256:2edbbc5dc405e9612ba3584ce95480277e3eb374407b5505fe26f17df77c7dbc,12821736,transient_deleted_after_checksum_and_sampling,f26fb70e1cc44686469e8e2578e5b411dd7e3fa6b9ee6f1877241c0d468a7403,0,full,raw_calculations/apbs/HY15_SEQ_02/HY15_SEQ_02__ebv__EBV_IEDB_ce143ad82ead__s0/eps2/full.in,cc2b5b76e8708b3e37092fd4380e818af521935b10621958244e79b4bec8e310,HY15_SEQ_02__ebv__EBV_IEDB_ce143ad82ead__s0,HY15_SEQ_02,0,2.0,complete,raw_calculations/apbs/HY15_SEQ_02/HY15_SEQ_02__ebv__EBV_IEDB_ce143ad82ead__s0/eps2/full.stderr.txt,raw_calculations/apbs/HY15_SEQ_02/HY15_SEQ_02__ebv__EBV_IEDB_ce143ad82ead__s0/eps2/full.stdout.txt
ebv,EBV_IEDB_ce143ad82ead,ubuntu@sha256:2edbbc5dc405e9612ba3584ce95480277e3eb374407b5505fe26f17df77c7dbc,12862299,transient_deleted_after_checksum_and_sampling,0e0b70a20afe9296e3820aff2e0e75591bf2605dfc8113f29649060c6ba21032,0,hla_only,raw_calculations/apbs/HY15_SEQ_02/HY15_SEQ_02__ebv__EBV_IEDB_ce143ad82ead__s0/eps2/hla_only.in,e0339c8f6f67e348c02c1d9489dae1dc6a19f4b60e892cb27fd043a5569758c2,HY15_SEQ_02__ebv__EBV_IEDB_ce143ad82ead__s0,HY15_SEQ_02,0,2.0,complete,raw_calculations/apbs/HY15_SEQ_02/HY15_SEQ_02__ebv__EBV_IEDB_ce143ad82ead__s0/eps2/hla_only.stderr.txt,raw_calculations/apbs/HY15_SEQ_02/HY15_SEQ_02__ebv__EBV_IEDB_ce143ad82ead__s0/eps2/hla_only.stdout.txt
ebv,EBV_IEDB_ce143ad82ead,ubuntu@sha256:2edbbc5dc405e9612ba3584ce95480277e3eb374407b5505fe26f17df77c7dbc,12831411,transient_deleted_after_checksum_and_sampling,d2af59a3b681d604b6bdca5b8dba69ec3e3923e6f9b89222f74866e59b769c4c,0,full,raw_calculations/apbs/HY15_SEQ_02/HY15_SEQ_02__ebv__EBV_IEDB_ce143ad82ead__s0/eps4/full.in,52770dc512b8e7e6ff69ac0f10fb3df2c99011f6bc2737f4c1a010b5fb4527a3,HY15_SEQ_02__ebv__EBV_IEDB_ce143ad82ead__s0,HY15_SEQ_02,0,4.0,complete,raw_calculations/apbs/HY15_SEQ_02/HY15_SEQ_02__ebv__EBV_IEDB_ce143ad82ead__s0/eps4/full.stderr.txt,raw_calculations/apbs/HY15_SEQ_02/HY15_SEQ_02__ebv__EBV_IEDB_ce143ad82ead__s0/eps4/full.stdout.txt
ebv,EBV_IEDB_ce143ad82ead,ubuntu@sha256:2edbbc5dc405e9612ba3584ce95480277e3eb374407b5505fe26f17df77c7dbc,12872797,transient_deleted_after_checksum_and_sampling,4a742887062a7c536ded419f91668f4ff945780d6eb8e119ad933a7582272041,0,hla_only,raw_calculations/apbs/HY15_SEQ_02/HY15_SEQ_02__ebv__EBV_IEDB_ce143ad82ead__s0/eps4/hla_only.in,b9f7eaf203b233683021fd283e925f0cc3ea8824fd7b49f42a2e1c26b1796e3c,HY15_SEQ_02__ebv__EBV_IEDB_ce143ad82ead__s0,HY15_SEQ_02,0,4.0,complete,raw_calculations/apbs/HY15_SEQ_02/HY15_SEQ_02__ebv__EBV_IEDB_ce143ad82ead__s0/eps4/hla_only.stderr.txt,raw_calculations/apbs/HY15_SEQ_02/HY15_SEQ_02__ebv__EBV_IEDB_ce143ad82ead__s0/eps4/hla_only.stdout.txt
ebv,EBV_IEDB_ce143ad82ead,ubuntu@sha256:2edbbc5dc405e9612ba3584ce95480277e3eb374407b5505fe26f17df77c7dbc,12847987,transient_deleted_after_checksum_and_sampling,9867eff62afd564791f0fba644a4c78bb2c5b42ccbe0557d8ec218c350f3f5ef,0,full,raw_calculations/apbs/HY15_SEQ_02/HY15_SEQ_02__ebv__EBV_IEDB_ce143ad82ead__s0/eps8/full.in,db0bfb8894a777b15b7649d5d7ca0bbc7e73e0f67afacf5969c089bbc4f717dc,HY15_SEQ_02__ebv__EBV_IEDB_ce143ad82ead__s0,HY15_SEQ_02,0,8.0,complete,raw_calculations/apbs/HY15_SEQ_02/HY15_SEQ_02__ebv__EBV_IEDB_ce143ad82ead__s0/eps8/full.stderr.txt,raw_calculations/apbs/HY15_SEQ_02/HY15_SEQ_02__ebv__EBV_IEDB_ce143ad82ead__s0/eps8/full.stdout.txt
ebv,EBV_IEDB_ce143ad82ead,ubuntu@sha256:2edbbc5dc405e9612ba3584ce95480277e3eb374407b5505fe26f17df77c7dbc,12888870,transient_deleted_after_checksum_and_sampling,fac467435bcf393caa90fd97c445faf7b05102328d3dadddff1f22cb7ea93fe9,0,hla_only,raw_calculations/apbs/HY15_SEQ_02/HY15_SEQ_02__ebv__EBV_IEDB_ce143ad82ead__s0/eps8/hla_only.in,90b48186645d52fdced8a26357d428d20f5e14af7221e238320a5525ee36dc06,HY15_SEQ_02__ebv__EBV_IEDB_ce143ad82ead__s0,HY15_SEQ_02,0,8.0,complete,raw_calculations/apbs/HY15_SEQ_02/HY15_SEQ_02__ebv__EBV_IEDB_ce143ad82ead__s0/eps8/hla_only.stderr.txt,raw_calculations/apbs/HY15_SEQ_02/HY15_SEQ_02__ebv__EBV_IEDB_ce143ad82ead__s0/eps8/hla_only.stdout.txt
ebv,EBV_IEDB_ce143ad82ead,ubuntu@sha256:2edbbc5dc405e9612ba3584ce95480277e3eb374407b5505fe26f17df77c7dbc,12812566,transient_deleted_after_checksum_and_sampling,3dc4074acead3095da9669f99362607f1addf377d78350ae78572f2905032601,0,full,raw_calculations/apbs/HY15_SEQ_02/HY15_SEQ_02__ebv__EBV_IEDB_ce143ad82ead__s1/eps2/full.in,120f267913ec1c6f3672e799992068718cbd2cf56c02f434f4b243b6a82ed01a,HY15_SEQ_02__ebv__EBV_IEDB_ce143ad82ead__s1,HY15_SEQ_02,1,2.0,complete,raw_calculations/apbs/HY15_SEQ_02/HY15_SEQ_02__ebv__EBV_IEDB_ce143ad82ead__s1/eps2/full.stderr.txt,raw_calculations/apbs/HY15_SEQ_02/HY15_SEQ_02__ebv__EBV_IEDB_ce143ad82ead__s1/eps2/full.stdout.txt
ebv,EBV_IEDB_ce143ad82ead,ubuntu@sha256:2edbbc5dc405e9612ba3584ce95480277e3eb374407b5505fe26f17df77c7dbc,12886657,transient_deleted_after_checksum_and_sampling,036dcea7759de748062397a925158a387fc4fc19f7a07f0638f987147c444f43,0,hla_only,raw_calculations/apbs/HY15_SEQ_02/HY15_SEQ_02__ebv__EBV_IEDB_ce143ad82ead__s1/eps2/hla_only.in,282c043381cc04475a0494ecc0499b4ff7163f8cbb5eb964a6ec35fa2e38edea,HY15_SEQ_02__ebv__EBV_IEDB_ce143ad82ead__s1,HY15_SEQ_02,1,2.0,complete,raw_calculations/apbs/HY15_SEQ_02/HY15_SEQ_02__ebv__EBV_IEDB_ce143ad82ead__s1/eps2/hla_only.stderr.txt,raw_calculations/apbs/HY15_SEQ_02/HY15_SEQ_02__ebv__EBV_IEDB_ce143ad82ead__s1/eps2/hla_only.stdout.txt
ebv,EBV_IEDB_ce143ad82ead,ubuntu@sha256:2edbbc5dc405e9612ba3584ce95480277e3eb374407b5505fe26f17df77c7dbc,12827495,transient_deleted_after_checksum_and_sampling,fed30685b227e43fd189c5aca3507e88d6806a4edcf93459a7215568450a362e,0,full,raw_calculations/apbs/HY15_SEQ_02/HY15_SEQ_02__ebv__EBV_IEDB_ce143ad82ead__s1/eps4/full.in,228153cb22db2985df8c6f2fb95d69faafc6c0a769c592ea4a91c1b5fbb89b81,HY15_SEQ_02__ebv__EBV_IEDB_ce143ad82ead__s1,HY15_SEQ_02,1,4.0,complete,raw_calculations/apbs/HY15_SEQ_02/HY15_SEQ_02__ebv__EBV_IEDB_ce143ad82ead__s1/eps4/full.stderr.txt,raw_calculations/apbs/HY15_SEQ_02/HY15_SEQ_02__ebv__EBV_IEDB_ce143ad82ead__s1/eps4/full.stdout.txt
ebv,EBV_IEDB_ce143ad82ead,ubuntu@sha256:2edbbc5dc405e9612ba3584ce95480277e3eb374407b5505fe26f17df77c7dbc,12900401,transient_deleted_after_checksum_and_sampling,f768f4de80c6f023e320d5300af7f3833f3794484e48a75209d1686ea5865e88,0,hla_only,raw_calculations/apbs/HY15_SEQ_02/HY15_SEQ_02__ebv__EBV_IEDB_ce143ad82ead__s1/eps4/hla_only.in,b9a4c137fc88853af3a73226aa4407c19d1378366a72b3b61e13d2a8cd798551,HY15_SEQ_02__ebv__EBV_IEDB_ce143ad82ead__s1,HY15_SEQ_02,1,4.0,complete,raw_calculations/apbs/HY15_SEQ_02/HY15_SEQ_02__ebv__EBV_IEDB_ce143ad82ead__s1/eps4/hla_only.stderr.txt,raw_calculations/apbs/HY15_SEQ_02/HY15_SEQ_02__ebv__EBV_IEDB_ce143ad82ead__s1/eps4/hla_only.stdout.txt
ebv,EBV_IEDB_ce143ad82ead,ubuntu@sha256:2edbbc5dc405e9612ba3584ce95480277e3eb374407b5505fe26f17df77c7dbc,12849164,transient_deleted_after_checksum_and_sampling,a366451b72bdda9da24ebb6c025d189b8a05e421b311a606d15d71220f1cc2e1,0,full,raw_calculations/apbs/HY15_SEQ_02/HY15_SEQ_02__ebv__EBV_IEDB_ce143ad82ead__s1/eps8/full.in,4ba8758793e276d320c847324183a50e21b86f71a76ee924ff4303eb5fbe436e,HY15_SEQ_02__ebv__EBV_IEDB_ce143ad82ead__s1,HY15_SEQ_02,1,8.0,complete,raw_calculations/apbs/HY15_SEQ_02/HY15_SEQ_02__ebv__EBV_IEDB_ce143ad82ead__s1/eps8/full.stderr.txt,raw_calculations/apbs/HY15_SEQ_02/HY15_SEQ_02__ebv__EBV_IEDB_ce143ad82ead__s1/eps8/full.stdout.txt
ebv,EBV_IEDB_ce143ad82ead,ubuntu@sha256:2edbbc5dc405e9612ba3584ce95480277e3eb374407b5505fe26f17df77c7dbc,12919383,transient_deleted_after_checksum_and_sampling,505baf55df0608362657acadd2f7533ed3925447b8611a47b7a4f6b955301a91,0,hla_only,raw_calculations/apbs/HY15_SEQ_02/HY15_SEQ_02__ebv__EBV_IEDB_ce143ad82ead__s1/eps8/hla_only.in,45da857263278da8aea0b9cee7111355d000fd9fa8cfbe636ca3b0a9860d3754,HY15_SEQ_02__ebv__EBV_IEDB_ce143ad82ead__s1,HY15_SEQ_02,1,8.0,complete,raw_calculations/apbs/HY15_SEQ_02/HY15_SEQ_02__ebv__EBV_IEDB_ce143ad82ead__s1/eps8/hla_only.stderr.txt,raw_calculations/apbs/HY15_SEQ_02/HY15_SEQ_02__ebv__EBV_IEDB_ce143ad82ead__s1/eps8/hla_only.stdout.txt
ebv,EBV_IEDB_ce143ad82ead,ubuntu@sha256:2edbbc5dc405e9612ba3584ce95480277e3eb374407b5505fe26f17df77c7dbc,12804553,transient_deleted_after_checksum_and_sampling,872c4e03126b9fd95832c2196a78e6eba26a9a206cd49fbe2cea204c3f5dddf1,0,full,raw_calculations/apbs/HY15_SEQ_02/HY15_SEQ_02__ebv__EBV_IEDB_ce143ad82ead__s2/eps2/full.in,07ea4cba0ae98286ccb18973b0e2fb6eb01e8c8969806a444a7b13bf875fa8ea,HY15_SEQ_02__ebv__EBV_IEDB_ce143ad82ead__s2,HY15_SEQ_02,2,2.0,complete,raw_calculations/apbs/HY15_SEQ_02/HY15_SEQ_02__ebv__EBV_IEDB_ce143ad82ead__s2/eps2/full.stderr.txt,raw_calculations/apbs/HY15_SEQ_02/HY15_SEQ_02__ebv__EBV_IEDB_ce143ad82ead__s2/eps2/full.stdout.txt
ebv,EBV_IEDB_ce143ad82ead,ubuntu@sha256:2edbbc5dc405e9612ba3584ce95480277e3eb374407b5505fe26f17df77c7dbc,12872032,transient_deleted_after_checksum_and_sampling,d20f59516725c49c41e8feb9a8ce4f971374db1a4ceff5a0366c248c96492433,0,hla_only,raw_calculations/apbs/HY15_SEQ_02/HY15_SEQ_02__ebv__EBV_IEDB_ce143ad82ead__s2/eps2/hla_only.in,ff41042b85043db8cfd38cb79f5e0f6d4574308615f91f352e4c3c6fe7bdf8e4,HY15_SEQ_02__ebv__EBV_IEDB_ce143ad82ead__s2,HY15_SEQ_02,2,2.0,complete,raw_calculations/apbs/HY15_SEQ_02/HY15_SEQ_02__ebv__EBV_IEDB_ce143ad82ead__s2/eps2/hla_only.stderr.txt,raw_calculations/apbs/HY15_SEQ_02/HY15_SEQ_02__ebv__EBV_IEDB_ce143ad82ead__s2/eps2/hla_only.stdout.txt
ebv,EBV_IEDB_ce143ad82ead,ubuntu@sha256:2edbbc5dc405e9612ba3584ce95480277e3eb374407b5505fe26f17df77c7dbc,12813860,transient_deleted_after_checksum_and_sampling,9fb1454754e1a7136732defdd8803cc55cbd68aff9d5cf3edd34ea7b70a42c9d,0,full,raw_calculations/apbs/HY15_SEQ_02/HY15_SEQ_02__ebv__EBV_IEDB_ce143ad82ead__s2/eps4/full.in,81e094cd8d0b148f1d659ce8e61246dd12dc931a0a95af5d2fea478456ac0103,HY15_SEQ_02__ebv__EBV_IEDB_ce143ad82ead__s2,HY15_SEQ_02,2,4.0,complete,raw_calculations/apbs/HY15_SEQ_02/HY15_SEQ_02__ebv__EBV_IEDB_ce143ad82ead__s2/eps4/full.stderr.txt,raw_calculations/apbs/HY15_SEQ_02/HY15_SEQ_02__ebv__EBV_IEDB_ce143ad82ead__s2/eps4/full.stdout.txt
ebv,EBV_IEDB_ce143ad82ead,ubuntu@sha256:2edbbc5dc405e9612ba3584ce95480277e3eb374407b5505fe26f17df77c7dbc,12882434,transient_deleted_after_checksum_and_sampling,ecf83d818f2059b8f580a453d46d4f037ba3ada78c889d78437e9bbb214eb511,0,hla_only,raw_calculations/apbs/HY15_SEQ_02/HY15_SEQ_02__ebv__EBV_IEDB_ce143ad82ead__s2/eps4/hla_only.in,7130aba084804cf9e02188f1e094e0a01ace2d313700139c8ad187c0c1587729,HY15_SEQ_02__ebv__EBV_IEDB_ce143ad82ead__s2,HY15_SEQ_02,2,4.0,complete,raw_calculations/apbs/HY15_SEQ_02/HY15_SEQ_02__ebv__EBV_IEDB_ce143ad82ead__s2/eps4/hla_only.stderr.txt,raw_calculations/apbs/HY15_SEQ_02/HY15_SEQ_02__ebv__EBV_IEDB_ce143ad82ead__s2/eps4/hla_only.stdout.txt
ebv,EBV_IEDB_ce143ad82ead,ubuntu@sha256:2edbbc5dc405e9612ba3584ce95480277e3eb374407b5505fe26f17df77c7dbc,12829147,transient_deleted_after_checksum_and_sampling,393a681419ff2d467e4b23ff4d6a850a95c468d107aebcdce45ac2fd5cfcafd3,0,full,raw_calculations/apbs/HY15_SEQ_02/HY15_SEQ_02__ebv__EBV_IEDB_ce143ad82ead__s2/eps8/full.in,3dac8e79aab51c8813d8e457fd5d41f7956b24d90276f47f03bdc4627871bd4f,HY15_SEQ_02__ebv__EBV_IEDB_ce143ad82ead__s2,HY15_SEQ_02,2,8.0,complete,raw_calculations/apbs/HY15_SEQ_02/HY15_SEQ_02__ebv__EBV_IEDB_ce143ad82ead__s2/eps8/full.stderr.txt,raw_calculations/apbs/HY15_SEQ_02/HY15_SEQ_02__ebv__EBV_IEDB_ce143ad82ead__s2/eps8/full.stdout.txt
ebv,EBV_IEDB_ce143ad82ead,ubuntu@sha256:2edbbc5dc405e9612ba3584ce95480277e3eb374407b5505fe26f17df77c7dbc,12897035,transient_deleted_after_checksum_and_sampling,5b6bcb03decb1aabfb64a5d934d2ee2d5915fe883b1cc03511bca7f3789cfb23,0,hla_only,raw_calculations/apbs/HY15_SEQ_02/HY15_SEQ_02__ebv__EBV_IEDB_ce143ad82ead__s2/eps8/hla_only.in,56e85958208520b73e414dbae7e243465ee74899d0bfa6921b1a293e42054d89,HY15_SEQ_02__ebv__EBV_IEDB_ce143ad82ead__s2,HY15_SEQ_02,2,8.0,complete,raw_calculations/apbs/HY15_SEQ_02/HY15_SEQ_02__ebv__EBV_IEDB_ce143ad82ead__s2/eps8/hla_only.stderr.txt,raw_calculations/apbs/HY15_SEQ_02/HY15_SEQ_02__ebv__EBV_IEDB_ce143ad82ead__s2/eps8/hla_only.stdout.txt
ebv,EBV_IEDB_ce143ad82ead,ubuntu@sha256:2edbbc5dc405e9612ba3584ce95480277e3eb374407b5505fe26f17df77c7dbc,12821878,transient_deleted_after_checksum_and_sampling,e26ac0d6380d36d004cf354dcdc0c18974dd869a602d010a68681e9aba49ed67,0,full,raw_calculations/apbs/HY15_SEQ_02/HY15_SEQ_02__ebv__EBV_IEDB_ce143ad82ead__s3/eps2/full.in,d6fb8389222ca497d01cf69eedf93d8c346c7b9ced1abcb2a6721b41fcf69ce7,HY15_SEQ_02__ebv__EBV_IEDB_ce143ad82ead__s3,HY15_SEQ_02,3,2.0,complete,raw_calculations/apbs/HY15_SEQ_02/HY15_SEQ_02__ebv__EBV_IEDB_ce143ad82ead__s3/eps2/full.stderr.txt,raw_calculations/apbs/HY15_SEQ_02/HY15_SEQ_02__ebv__EBV_IEDB_ce143ad82ead__s3/eps2/full.stdout.txt
ebv,EBV_IEDB_ce143ad82ead,ubuntu@sha256:2edbbc5dc405e9612ba3584ce95480277e3eb374407b5505fe26f17df77c7dbc,12891925,transient_deleted_after_checksum_and_sampling,d516801d843dbdca3380399b1859c14c39e87c7ab40eb5e0fd3089955ab4da41,0,hla_only,raw_calculations/apbs/HY15_SEQ_02/HY15_SEQ_02__ebv__EBV_IEDB_ce143ad82ead__s3/eps2/hla_only.in,ed03436edca288c5523ffce63e8ea1a67efde11d0a0a438378fee032b0b71624,HY15_SEQ_02__ebv__EBV_IEDB_ce143ad82ead__s3,HY15_SEQ_02,3,2.0,complete,raw_calculations/apbs/HY15_SEQ_02/HY15_SEQ_02__ebv__EBV_IEDB_ce143ad82ead__s3/eps2/hla_only.stderr.txt,raw_calculations/apbs/HY15_SEQ_02/HY15_SEQ_02__ebv__EBV_IEDB_ce143ad82ead__s3/eps2/hla_only.stdout.txt
ebv,EBV_IEDB_ce143ad82ead,ubuntu@sha256:2edbbc5dc405e9612ba3584ce95480277e3eb374407b5505fe26f17df77c7dbc,12834089,transient_deleted_after_checksum_and_sampling,b3fa960894bd5f3f080880c2bc19a3551d8aa6ae767bce9984febb4088128972,0,full,raw_calculations/apbs/HY15_SEQ_02/HY15_SEQ_02__ebv__EBV_IEDB_ce143ad82ead__s3/eps4/full.in,ca00501122e9103f24cbebd0b427189aeb77e95fdf08bc0df1fc15134e49cea1,HY15_SEQ_02__ebv__EBV_IEDB_ce143ad82ead__s3,HY15_SEQ_02,3,4.0,complete,raw_calculations/apbs/HY15_SEQ_02/HY15_SEQ_02__ebv__EBV_IEDB_ce143ad82ead__s3/eps4/full.stderr.txt,raw_calculations/apbs/HY15_SEQ_02/HY15_SEQ_02__ebv__EBV_IEDB_ce143ad82ead__s3/eps4/full.stdout.txt
ebv,EBV_IEDB_ce143ad82ead,ubuntu@sha256:2edbbc5dc405e9612ba3584ce95480277e3eb374407b5505fe26f17df77c7dbc,12904078,transient_deleted_after_checksum_and_sampling,172dfa46ae18d7a68d80d1203452186cbaff02922878778cc487e11ed88efa75,0,hla_only,raw_calculations/apbs/HY15_SEQ_02/HY15_SEQ_02__ebv__EBV_IEDB_ce143ad82ead__s3/eps4/hla_only.in,ace9af8c5fc7ba5e81ea3faad4872bb974d2f68525d0d6d4afd927e8669323c6,HY15_SEQ_02__ebv__EBV_IEDB_ce143ad82ead__s3,HY15_SEQ_02,3,4.0,complete,raw_calculations/apbs/HY15_SEQ_02/HY15_SEQ_02__ebv__EBV_IEDB_ce143ad82ead__s3/eps4/hla_only.stderr.txt,raw_calculations/apbs/HY15_SEQ_02/HY15_SEQ_02__ebv__EBV_IEDB_ce143ad82ead__s3/eps4/hla_only.stdout.txt
ebv,EBV_IEDB_ce143ad82ead,ubuntu@sha256:2edbbc5dc405e9612ba3584ce95480277e3eb374407b5505fe26f17df77c7dbc,12854179,transient_deleted_after_checksum_and_sampling,e61d732bbcb4d30c67cb854c8d72bad834e850344c7d4879175fae5791b49e86,0,full,raw_calculations/apbs/HY15_SEQ_02/HY15_SEQ_02__ebv__EBV_IEDB_ce143ad82ead__s3/eps8/full.in,667f92bfad1ddc71e4967c65741bf5494ee6d495dcdf36a8f5ac20d51c72410a,HY15_SEQ_02__ebv__EBV_IEDB_ce143ad82ead__s3,HY15_SEQ_02,3,8.0,complete,raw_calculations/apbs/HY15_SEQ_02/HY15_SEQ_02__ebv__EBV_IEDB_ce143ad82ead__s3/eps8/full.stderr.txt,raw_calculations/apbs/HY15_SEQ_02/HY15_SEQ_02__ebv__EBV_IEDB_ce143ad82ead__s3/eps8/full.stdout.txt
ebv,EBV_IEDB_ce143ad82ead,ubuntu@sha256:2edbbc5dc405e9612ba3584ce95480277e3eb374407b5505fe26f17df77c7dbc,12922045,transient_deleted_after_checksum_and_sampling,e31ca03c348bc7c3656e63feb104ef362eef2967b5ae9133f52e7c8a2d1e7698,0,hla_only,raw_calculations/apbs/HY15_SEQ_02/HY15_SEQ_02__ebv__EBV_IEDB_ce143ad82ead__s3/eps8/hla_only.in,cf48e96617c8c04ef2e34aef17b24b5e920b2c43a7506f9bced8cc94d0bb254a,HY15_SEQ_02__ebv__EBV_IEDB_ce143ad82ead__s3,HY15_SEQ_02,3,8.0,complete,raw_calculations/apbs/HY15_SEQ_02/HY15_SEQ_02__ebv__EBV_IEDB_ce143ad82ead__s3/eps8/hla_only.stderr.txt,raw_calculations/apbs/HY15_SEQ_02/HY15_SEQ_02__ebv__EBV_IEDB_ce143ad82ead__s3/eps8/hla_only.stdout.txt
ebv,EBV_IEDB_ce143ad82ead,ubuntu@sha256:2edbbc5dc405e9612ba3584ce95480277e3eb374407b5505fe26f17df77c7dbc,12774239,transient_deleted_after_checksum_and_sampling,16f06544f17c71419a37cebad39aff880047210db477e2539821079c938c8c1c,0,full,raw_calculations/apbs/HY15_SEQ_02/HY15_SEQ_02__ebv__EBV_IEDB_ce143ad82ead__s4/eps2/full.in,84fefbf2320cd1a545f2321fd7462d3dd3154afa7b446eb7e0122c7ef92dc352,HY15_SEQ_02__ebv__EBV_IEDB_ce143ad82ead__s4,HY15_SEQ_02,4,2.0,complete,raw_calculations/apbs/HY15_SEQ_02/HY15_SEQ_02__ebv__EBV_IEDB_ce143ad82ead__s4/eps2/full.stderr.txt,raw_calculations/apbs/HY15_SEQ_02/HY15_SEQ_02__ebv__EBV_IEDB_ce143ad82ead__s4/eps2/full.stdout.txt
ebv,EBV_IEDB_ce143ad82ead,ubuntu@sha256:2edbbc5dc405e9612ba3584ce95480277e3eb374407b5505fe26f17df77c7dbc,12872989,transient_deleted_after_checksum_and_sampling,97b54db487ab73c9038aca4cae2637ed8b0ed34ca945dd3f5b2c20efeb209b9f,0,hla_only,raw_calculations/apbs/HY15_SEQ_02/HY15_SEQ_02__ebv__EBV_IEDB_ce143ad82ead__s4/eps2/hla_only.in,bd975733aa4ebf767649d6cd61c53257b4af93e34b9cdb4503f2137770b38b03,HY15_SEQ_02__ebv__EBV_IEDB_ce143ad82ead__s4,HY15_SEQ_02,4,2.0,complete,raw_calculations/apbs/HY15_SEQ_02/HY15_SEQ_02__ebv__EBV_IEDB_ce143ad82ead__s4/eps2/hla_only.stderr.txt,raw_calculations/apbs/HY15_SEQ_02/HY15_SEQ_02__ebv__EBV_IEDB_ce143ad82ead__s4/eps2/hla_only.stdout.txt
ebv,EBV_IEDB_ce143ad82ead,ubuntu@sha256:2edbbc5dc405e9612ba3584ce95480277e3eb374407b5505fe26f17df77c7dbc,12784374,transient_deleted_after_checksum_and_sampling,356a0719f38f684e81ca37e9724b0426aee2ece9649292a2d61e9c305abdfe0b,0,full,raw_calculations/apbs/HY15_SEQ_02/HY15_SEQ_02__ebv__EBV_IEDB_ce143ad82ead__s4/eps4/full.in,9ce97178464b73f379955ecd3d438d221a1854a2593a4bdb23887d46a00670c5,HY15_SEQ_02__ebv__EBV_IEDB_ce143ad82ead__s4,HY15_SEQ_02,4,4.0,complete,raw_calculations/apbs/HY15_SEQ_02/HY15_SEQ_02__ebv__EBV_IEDB_ce143ad82ead__s4/eps4/full.stderr.txt,raw_calculations/apbs/HY15_SEQ_02/HY15_SEQ_02__ebv__EBV_IEDB_ce143ad82ead__s4/eps4/full.stdout.txt
ebv,EBV_IEDB_ce143ad82ead,ubuntu@sha256:2edbbc5dc405e9612ba3584ce95480277e3eb374407b5505fe26f17df77c7dbc,12883274,transient_deleted_after_checksum_and_sampling,00dcc35f6c20284baca114aa1616a25e62cedd54c0656b8df1b0100d2b05960c,0,hla_only,raw_calculations/apbs/HY15_SEQ_02/HY15_SEQ_02__ebv__EBV_IEDB_ce143ad82ead__s4/eps4/hla_only.in,8118ef9e8abd22c8567f0416e8a5b56923c00ce2d654a5a20865ce33f50e9167,HY15_SEQ_02__ebv__EBV_IEDB_ce143ad82ead__s4,HY15_SEQ_02,4,4.0,complete,raw_calculations/apbs/HY15_SEQ_02/HY15_SEQ_02__ebv__EBV_IEDB_ce143ad82ead__s4/eps4/hla_only.stderr.txt,raw_calculations/apbs/HY15_SEQ_02/HY15_SEQ_02__ebv__EBV_IEDB_ce143ad82ead__s4/eps4/hla_only.stdout.txt
ebv,EBV_IEDB_ce143ad82ead,ubuntu@sha256:2edbbc5dc405e9612ba3584ce95480277e3eb374407b5505fe26f17df77c7dbc,12800511,transient_deleted_after_checksum_and_sampling,49f2d6f9e2221c94304a125231630d4adbc09d0926e2aa90415374ae057863bf,0,full,raw_calculations/apbs/HY15_SEQ_02/HY15_SEQ_02__ebv__EBV_IEDB_ce143ad82ead__s4/eps8/full.in,033c2c62d28d77c333fa94a9f4ce0d1cc6f18feac0efefad38a5065fb45bc57f,HY15_SEQ_02__ebv__EBV_IEDB_ce143ad82ead__s4,HY15_SEQ_02,4,8.0,complete,raw_calculations/apbs/HY15_SEQ_02/HY15_SEQ_02__ebv__EBV_IEDB_ce143ad82ead__s4/eps8/full.stderr.txt,raw_calculations/apbs/HY15_SEQ_02/HY15_SEQ_02__ebv__EBV_IEDB_ce143ad82ead__s4/eps8/full.stdout.txt
ebv,EBV_IEDB_ce143ad82ead,ubuntu@sha256:2edbbc5dc405e9612ba3584ce95480277e3eb374407b5505fe26f17df77c7dbc,12897815,transient_deleted_after_checksum_and_sampling,f6c42e7f5475b4e43a5ef5549a1862dbe4fe72beccf97c26303ef0f14d8072cc,0,hla_only,raw_calculations/apbs/HY15_SEQ_02/HY15_SEQ_02__ebv__EBV_IEDB_ce143ad82ead__s4/eps8/hla_only.in,3cafc9cdbb72ef3f61822d987ed59e1e94db209eaf820ceb25bd3b1ab4e332e0,HY15_SEQ_02__ebv__EBV_IEDB_ce143ad82ead__s4,HY15_SEQ_02,4,8.0,complete,raw_calculations/apbs/HY15_SEQ_02/HY15_SEQ_02__ebv__EBV_IEDB_ce143ad82ead__s4/eps8/hla_only.stderr.txt,raw_calculations/apbs/HY15_SEQ_02/HY15_SEQ_02__ebv__EBV_IEDB_ce143ad82ead__s4/eps8/hla_only.stdout.txt
self,SELF_CANON_CLDN11_0065_0079,ubuntu@sha256:2edbbc5dc405e9612ba3584ce95480277e3eb374407b5505fe26f17df77c7dbc,12847069,transient_deleted_after_checksum_and_sampling,739ee229631b69e06ad5f034c43f4aa94343552738fce1c3a1c59b3fc63f01f6,0,full,raw_calculations/apbs/HY15_SEQ_02/HY15_SEQ_02__self__SELF_CANON_CLDN11_0065_0079__s0/eps2/full.in,c8d1277280c89f53053be12b7c237cb4b796e6f47a4543bfc64610dd136240e2,HY15_SEQ_02__self__SELF_CANON_CLDN11_0065_0079__s0,HY15_SEQ_02,0,2.0,complete,raw_calculations/apbs/HY15_SEQ_02/HY15_SEQ_02__self__SELF_CANON_CLDN11_0065_0079__s0/eps2/full.stderr.txt,raw_calculations/apbs/HY15_SEQ_02/HY15_SEQ_02__self__SELF_CANON_CLDN11_0065_0079__s0/eps2/full.stdout.txt
self,SELF_CANON_CLDN11_0065_0079,ubuntu@sha256:2edbbc5dc405e9612ba3584ce95480277e3eb374407b5505fe26f17df77c7dbc,12866235,transient_deleted_after_checksum_and_sampling,ff5bec437758986740bf93603035e19e67b172d614788fd810fb4e9807f07aff,0,hla_only,raw_calculations/apbs/HY15_SEQ_02/HY15_SEQ_02__self__SELF_CANON_CLDN11_0065_0079__s0/eps2/hla_only.in,760e7ea5f96773bf2a0762ebbbf87e5a00219b16c396d987b8a809656c079ad4,HY15_SEQ_02__self__SELF_CANON_CLDN11_0065_0079__s0,HY15_SEQ_02,0,2.0,complete,raw_calculations/apbs/HY15_SEQ_02/HY15_SEQ_02__self__SELF_CANON_CLDN11_0065_0079__s0/eps2/hla_only.stderr.txt,raw_calculations/apbs/HY15_SEQ_02/HY15_SEQ_02__self__SELF_CANON_CLDN11_0065_0079__s0/eps2/hla_only.stdout.txt
self,SELF_CANON_CLDN11_0065_0079,ubuntu@sha256:2edbbc5dc405e9612ba3584ce95480277e3eb374407b5505fe26f17df77c7dbc,12858419,transient_deleted_after_checksum_and_sampling,913a3c58dfad1f0cfe25f2ff216a5641ba8ad00414c7b4435c354a25a02e5af9,0,full,raw_calculations/apbs/HY15_SEQ_02/HY15_SEQ_02__self__SELF_CANON_CLDN11_0065_0079__s0/eps4/full.in,4ed1c1621cd642b1f10dc738a42439392c0748b69e481fa4f222ae15013f48d9,HY15_SEQ_02__self__SELF_CANON_CLDN11_0065_0079__s0,HY15_SEQ_02,0,4.0,complete,raw_calculations/apbs/HY15_SEQ_02/HY15_SEQ_02__self__SELF_CANON_CLDN11_0065_0079__s0/eps4/full.stderr.txt,raw_calculations/apbs/HY15_SEQ_02/HY15_SEQ_02__self__SELF_CANON_CLDN11_0065_0079__s0/eps4/full.stdout.txt
self,SELF_CANON_CLDN11_0065_0079,ubuntu@sha256:2edbbc5dc405e9612ba3584ce95480277e3eb374407b5505fe26f17df77c7dbc,12875290,transient_deleted_after_checksum_and_sampling,26e703cb2ba90b78a6d97313012d8499d1532ae44834c53c4378e6f6c0a65c20,0,hla_only,raw_calculations/apbs/HY15_SEQ_02/HY15_SEQ_02__self__SELF_CANON_CLDN11_0065_0079__s0/eps4/hla_only.in,8bd1ba4cb4b94d2c2ac8b8802124d9b8f3fa58c50f79bcd11bc18c9236bc830c,HY15_SEQ_02__self__SELF_CANON_CLDN11_0065_0079__s0,HY15_SEQ_02,0,4.0,complete,raw_calculations/apbs/HY15_SEQ_02/HY15_SEQ_02__self__SELF_CANON_CLDN11_0065_0079__s0/eps4/hla_only.stderr.txt,raw_calculations/apbs/HY15_SEQ_02/HY15_SEQ_02__self__SELF_CANON_CLDN11_0065_0079__s0/eps4/hla_only.stdout.txt
self,SELF_CANON_CLDN11_0065_0079,ubuntu@sha256:2edbbc5dc405e9612ba3584ce95480277e3eb374407b5505fe26f17df77c7dbc,12875700,transient_deleted_after_checksum_and_sampling,5a92a3bddc3378b57a6eb4ccfa01a3640a56d789e23e2c0f7ebbb073519df678,0,full,raw_calculations/apbs/HY15_SEQ_02/HY15_SEQ_02__self__SELF_CANON_CLDN11_0065_0079__s0/eps8/full.in,3d2cab504c02f4fcd948189fe1b9c24751a1a4b5a969bd2eeb4577ee2335e3e1,HY15_SEQ_02__self__SELF_CANON_CLDN11_0065_0079__s0,HY15_SEQ_02,0,8.0,complete,raw_calculations/apbs/HY15_SEQ_02/HY15_SEQ_02__self__SELF_CANON_CLDN11_0065_0079__s0/eps8/full.stderr.txt,raw_calculations/apbs/HY15_SEQ_02/HY15_SEQ_02__self__SELF_CANON_CLDN11_0065_0079__s0/eps8/full.stdout.txt
self,SELF_CANON_CLDN11_0065_0079,ubuntu@sha256:2edbbc5dc405e9612ba3584ce95480277e3eb374407b5505fe26f17df77c7dbc,12890308,transient_deleted_after_checksum_and_sampling,e25b9566e77bab07c5918b18b1e6c045c314d4f0f386d06b0b17c937653e9534,0,hla_only,raw_calculations/apbs/HY15_SEQ_02/HY15_SEQ_02__self__SELF_CANON_CLDN11_0065_0079__s0/eps8/hla_only.in,170f65cc48aaa654a53e30aa911d8f2138003a004cf517c57f08f7c09edd0445,HY15_SEQ_02__self__SELF_CANON_CLDN11_0065_0079__s0,HY15_SEQ_02,0,8.0,complete,raw_calculations/apbs/HY15_SEQ_02/HY15_SEQ_02__self__SELF_CANON_CLDN11_0065_0079__s0/eps8/hla_only.stderr.txt,raw_calculations/apbs/HY15_SEQ_02/HY15_SEQ_02__self__SELF_CANON_CLDN11_0065_0079__s0/eps8/hla_only.stdout.txt
self,SELF_CANON_CLDN11_0065_0079,ubuntu@sha256:2edbbc5dc405e9612ba3584ce95480277e3eb374407b5505fe26f17df77c7dbc,12838790,transient_deleted_after_checksum_and_sampling,2678a7b53cae14a71be09447e42b1ef595e94748308354f78cf2a31a124b3cae,0,full,raw_calculations/apbs/HY15_SEQ_02/HY15_SEQ_02__self__SELF_CANON_CLDN11_0065_0079__s1/eps2/full.in,947bc67c26886bef895348d20682cea92fff654fc48a432e1e601fc7305edefa,HY15_SEQ_02__self__SELF_CANON_CLDN11_0065_0079__s1,HY15_SEQ_02,1,2.0,complete,raw_calculations/apbs/HY15_SEQ_02/HY15_SEQ_02__self__SELF_CANON_CLDN11_0065_0079__s1/eps2/full.stderr.txt,raw_calculations/apbs/HY15_SEQ_02/HY15_SEQ_02__self__SELF_CANON_CLDN11_0065_0079__s1/eps2/full.stdout.txt
self,SELF_CANON_CLDN11_0065_0079,ubuntu@sha256:2edbbc5dc405e9612ba3584ce95480277e3eb374407b5505fe26f17df77c7dbc,12862902,transient_deleted_after_checksum_and_sampling,65b02ba679e17967e31c3beb211db35c97bb06edfa7245ae9858b4ca542b74ab,0,hla_only,raw_calculations/apbs/HY15_SEQ_02/HY15_SEQ_02__self__SELF_CANON_CLDN11_0065_0079__s1/eps2/hla_only.in,17682f47a6f4700b95cab3adc0d9fdfcbf13b4bfa8c93b755c8d8672caeb4941,HY15_SEQ_02__self__SELF_CANON_CLDN11_0065_0079__s1,HY15_SEQ_02,1,2.0,complete,raw_calculations/apbs/HY15_SEQ_02/HY15_SEQ_02__self__SELF_CANON_CLDN11_0065_0079__s1/eps2/hla_only.stderr.txt,raw_calculations/apbs/HY15_SEQ_02/HY15_SEQ_02__self__SELF_CANON_CLDN11_0065_0079__s1/eps2/hla_only.stdout.txt
self,SELF_CANON_CLDN11_0065_0079,ubuntu@sha256:2edbbc5dc405e9612ba3584ce95480277e3eb374407b5505fe26f17df77c7dbc,12851527,transient_deleted_after_checksum_and_sampling,e89424ff141e808b9c077868a24d49d59a66eb0e5417b8d2a8fd55c0150860fb,0,full,raw_calculations/apbs/HY15_SEQ_02/HY15_SEQ_02__self__SELF_CANON_CLDN11_0065_0079__s1/eps4/full.in,db7bc8ff30654a51c49b7623962d7ec2f3e95a161a549c9ebcc25b098ae363aa,HY15_SEQ_02__self__SELF_CANON_CLDN11_0065_0079__s1,HY15_SEQ_02,1,4.0,complete,raw_calculations/apbs/HY15_SEQ_02/HY15_SEQ_02__self__SELF_CANON_CLDN11_0065_0079__s1/eps4/full.stderr.txt,raw_calculations/apbs/HY15_SEQ_02/HY15_SEQ_02__self__SELF_CANON_CLDN11_0065_0079__s1/eps4/full.stdout.txt
self,SELF_CANON_CLDN11_0065_0079,ubuntu@sha256:2edbbc5dc405e9612ba3584ce95480277e3eb374407b5505fe26f17df77c7dbc,12872181,transient_deleted_after_checksum_and_sampling,4cf52cd0d6415eeb716307ebf632897e8bb02c1e5bce6e374770a0adeecb2916,0,hla_only,raw_calculations/apbs/HY15_SEQ_02/HY15_SEQ_02__self__SELF_CANON_CLDN11_0065_0079__s1/eps4/hla_only.in,3a8b9059770cc73b40662da1306909c1961591284ab497df33eee7fb26c5fb58,HY15_SEQ_02__self__SELF_CANON_CLDN11_0065_0079__s1,HY15_SEQ_02,1,4.0,complete,raw_calculations/apbs/HY15_SEQ_02/HY15_SEQ_02__self__SELF_CANON_CLDN11_0065_0079__s1/eps4/hla_only.stderr.txt,raw_calculations/apbs/HY15_SEQ_02/HY15_SEQ_02__self__SELF_CANON_CLDN11_0065_0079__s1/eps4/hla_only.stdout.txt
self,SELF_CANON_CLDN11_0065_0079,ubuntu@sha256:2edbbc5dc405e9612ba3584ce95480277e3eb374407b5505fe26f17df77c7dbc,12870230,transient_deleted_after_checksum_and_sampling,54590b02c3c27f50bf1fdc5ce79b16ecffb95078c3fd7101458fd5a6841f377c,0,full,raw_calculations/apbs/HY15_SEQ_02/HY15_SEQ_02__self__SELF_CANON_CLDN11_0065_0079__s1/eps8/full.in,7022525e8b81fa08e5527b21b7e882192c6570a7668a718fc8da5577c73a839f,HY15_SEQ_02__self__SELF_CANON_CLDN11_0065_0079__s1,HY15_SEQ_02,1,8.0,complete,raw_calculations/apbs/HY15_SEQ_02/HY15_SEQ_02__self__SELF_CANON_CLDN11_0065_0079__s1/eps8/full.stderr.txt,raw_calculations/apbs/HY15_SEQ_02/HY15_SEQ_02__self__SELF_CANON_CLDN11_0065_0079__s1/eps8/full.stdout.txt
self,SELF_CANON_CLDN11_0065_0079,ubuntu@sha256:2edbbc5dc405e9612ba3584ce95480277e3eb374407b5505fe26f17df77c7dbc,12885960,transient_deleted_after_checksum_and_sampling,e196107d903e79cd323d18a73908dc1b2b8232bc09bd28a21a9118a694fb7a9b,0,hla_only,raw_calculations/apbs/HY15_SEQ_02/HY15_SEQ_02__self__SELF_CANON_CLDN11_0065_0079__s1/eps8/hla_only.in,4d99e316ea37cd7db1f7760d62db21a315081b1a1854d24b9e7dde4d0a09d1cd,HY15_SEQ_02__self__SELF_CANON_CLDN11_0065_0079__s1,HY15_SEQ_02,1,8.0,complete,raw_calculations/apbs/HY15_SEQ_02/HY15_SEQ_02__self__SELF_CANON_CLDN11_0065_0079__s1/eps8/hla_only.stderr.txt,raw_calculations/apbs/HY15_SEQ_02/HY15_SEQ_02__self__SELF_CANON_CLDN11_0065_0079__s1/eps8/hla_only.stdout.txt
self,SELF_CANON_CLDN11_0065_0079,ubuntu@sha256:2edbbc5dc405e9612ba3584ce95480277e3eb374407b5505fe26f17df77c7dbc,12866630,transient_deleted_after_checksum_and_sampling,0de7a6839673f1e5e609d12d6151dca6bf976bb00320adb9759c7b33306db6f4,0,full,raw_calculations/apbs/HY15_SEQ_02/HY15_SEQ_02__self__SELF_CANON_CLDN11_0065_0079__s2/eps2/full.in,da2fb08b1f6a3e7bcce621de1ae9002ad63d889f7b839cff6d703c98fef72266,HY15_SEQ_02__self__SELF_CANON_CLDN11_0065_0079__s2,HY15_SEQ_02,2,2.0,complete,raw_calculations/apbs/HY15_SEQ_02/HY15_SEQ_02__self__SELF_CANON_CLDN11_0065_0079__s2/eps2/full.stderr.txt,raw_calculations/apbs/HY15_SEQ_02/HY15_SEQ_02__self__SELF_CANON_CLDN11_0065_0079__s2/eps2/full.stdout.txt
self,SELF_CANON_CLDN11_0065_0079,ubuntu@sha256:2edbbc5dc405e9612ba3584ce95480277e3eb374407b5505fe26f17df77c7dbc,12877465,transient_deleted_after_checksum_and_sampling,d546408bdfe4cf0ea64fef97f8adf483a25f9a2676c5ba5899ede917703e0816,0,hla_only,raw_calculations/apbs/HY15_SEQ_02/HY15_SEQ_02__self__SELF_CANON_CLDN11_0065_0079__s2/eps2/hla_only.in,3ad13916ea69084aeb9f8b6bde305aeb0b8030f63228f2caa5e54fc31f06dfe8,HY15_SEQ_02__self__SELF_CANON_CLDN11_0065_0079__s2,HY15_SEQ_02,2,2.0,complete,raw_calculations/apbs/HY15_SEQ_02/HY15_SEQ_02__self__SELF_CANON_CLDN11_0065_0079__s2/eps2/hla_only.stderr.txt,raw_calculations/apbs/HY15_SEQ_02/HY15_SEQ_02__self__SELF_CANON_CLDN11_0065_0079__s2/eps2/hla_only.stdout.txt
self,SELF_CANON_CLDN11_0065_0079,ubuntu@sha256:2edbbc5dc405e9612ba3584ce95480277e3eb374407b5505fe26f17df77c7dbc,12881631,transient_deleted_after_checksum_and_sampling,132c766b20b93c49e1ec8be7e26a3c8a4a1827b91a8a0231a0c1d3db8a47c866,0,full,raw_calculations/apbs/HY15_SEQ_02/HY15_SEQ_02__self__SELF_CANON_CLDN11_0065_0079__s2/eps4/full.in,2fd2ea8d52eb5982e202d860f5019808dae0d393b27f0b51748a2a9e27a826fa,HY15_SEQ_02__self__SELF_CANON_CLDN11_0065_0079__s2,HY15_SEQ_02,2,4.0,complete,raw_calculations/apbs/HY15_SEQ_02/HY15_SEQ_02__self__SELF_CANON_CLDN11_0065_0079__s2/eps4/full.stderr.txt,raw_calculations/apbs/HY15_SEQ_02/HY15_SEQ_02__self__SELF_CANON_CLDN11_0065_0079__s2/eps4/full.stdout.txt
self,SELF_CANON_CLDN11_0065_0079,ubuntu@sha256:2edbbc5dc405e9612ba3584ce95480277e3eb374407b5505fe26f17df77c7dbc,12889640,transient_deleted_after_checksum_and_sampling,28428a3fd6ec39ace1168ce22ecd7e149fde9f1a2fca56905aad686a870a3302,0,hla_only,raw_calculations/apbs/HY15_SEQ_02/HY15_SEQ_02__self__SELF_CANON_CLDN11_0065_0079__s2/eps4/hla_only.in,b119cc756050d985f08e18915a14c8a068a23f8eed6288573a7a4caa13d38c6c,HY15_SEQ_02__self__SELF_CANON_CLDN11_0065_0079__s2,HY15_SEQ_02,2,4.0,complete,raw_calculations/apbs/HY15_SEQ_02/HY15_SEQ_02__self__SELF_CANON_CLDN11_0065_0079__s2/eps4/hla_only.stderr.txt,raw_calculations/apbs/HY15_SEQ_02/HY15_SEQ_02__self__SELF_CANON_CLDN11_0065_0079__s2/eps4/hla_only.stdout.txt
self,SELF_CANON_CLDN11_0065_0079,ubuntu@sha256:2edbbc5dc405e9612ba3584ce95480277e3eb374407b5505fe26f17df77c7dbc,12900805,transient_deleted_after_checksum_and_sampling,afba22787da2ac2f022e4aca299bd706ccbf5c65c59c2f3f1bd3a33b04fe3108,0,full,raw_calculations/apbs/HY15_SEQ_02/HY15_SEQ_02__self__SELF_CANON_CLDN11_0065_0079__s2/eps8/full.in,8cb679f1ed21f2cb9ba9ca8210bde54b7b87b6367f896ffdb4e6dd767e980010,HY15_SEQ_02__self__SELF_CANON_CLDN11_0065_0079__s2,HY15_SEQ_02,2,8.0,complete,raw_calculations/apbs/HY15_SEQ_02/HY15_SEQ_02__self__SELF_CANON_CLDN11_0065_0079__s2/eps8/full.stderr.txt,raw_calculations/apbs/HY15_SEQ_02/HY15_SEQ_02__self__SELF_CANON_CLDN11_0065_0079__s2/eps8/full.stdout.txt
self,SELF_CANON_CLDN11_0065_0079,ubuntu@sha256:2edbbc5dc405e9612ba3584ce95480277e3eb374407b5505fe26f17df77c7dbc,12906957,transient_deleted_after_checksum_and_sampling,f5eadc21589f6126741a808c0182f46853255b31cb135c83699494517f26fb13,0,hla_only,raw_calculations/apbs/HY15_SEQ_02/HY15_SEQ_02__self__SELF_CANON_CLDN11_0065_0079__s2/eps8/hla_only.in,73ee27234cbbfd012d2414850569f0d8502e554462758896cc3a4d76b828cf64,HY15_SEQ_02__self__SELF_CANON_CLDN11_0065_0079__s2,HY15_SEQ_02,2,8.0,complete,raw_calculations/apbs/HY15_SEQ_02/HY15_SEQ_02__self__SELF_CANON_CLDN11_0065_0079__s2/eps8/hla_only.stderr.txt,raw_calculations/apbs/HY15_SEQ_02/HY15_SEQ_02__self__SELF_CANON_CLDN11_0065_0079__s2/eps8/hla_only.stdout.txt
self,SELF_CANON_CLDN11_0065_0079,ubuntu@sha256:2edbbc5dc405e9612ba3584ce95480277e3eb374407b5505fe26f17df77c7dbc,12838598,transient_deleted_after_checksum_and_sampling,75b21a68ff7293d33f0389784a30228d376713f6f114367069acf496b863897a,0,full,raw_calculations/apbs/HY15_SEQ_02/HY15_SEQ_02__self__SELF_CANON_CLDN11_0065_0079__s3/eps2/full.in,11b8d4e16cb9b569d225cafc2748509e359441b707400bd99cce835c7ddf7a92,HY15_SEQ_02__self__SELF_CANON_CLDN11_0065_0079__s3,HY15_SEQ_02,3,2.0,complete,raw_calculations/apbs/HY15_SEQ_02/HY15_SEQ_02__self__SELF_CANON_CLDN11_0065_0079__s3/eps2/full.stderr.txt,raw_calculations/apbs/HY15_SEQ_02/HY15_SEQ_02__self__SELF_CANON_CLDN11_0065_0079__s3/eps2/full.stdout.txt
self,SELF_CANON_CLDN11_0065_0079,ubuntu@sha256:2edbbc5dc405e9612ba3584ce95480277e3eb374407b5505fe26f17df77c7dbc,12858226,transient_deleted_after_checksum_and_sampling,54d018578a1f320fdc43027b1527dc0c7852543948bd579066aa72df73f47bb5,0,hla_only,raw_calculations/apbs/HY15_SEQ_02/HY15_SEQ_02__self__SELF_CANON_CLDN11_0065_0079__s3/eps2/hla_only.in,8ff0cbd708255f93146df3b8aed70070fec03912e56f98ab66730b2ca9a58231,HY15_SEQ_02__self__SELF_CANON_CLDN11_0065_0079__s3,HY15_SEQ_02,3,2.0,complete,raw_calculations/apbs/HY15_SEQ_02/HY15_SEQ_02__self__SELF_CANON_CLDN11_0065_0079__s3/eps2/hla_only.stderr.txt,raw_calculations/apbs/HY15_SEQ_02/HY15_SEQ_02__self__SELF_CANON_CLDN11_0065_0079__s3/eps2/hla_only.stdout.txt
self,SELF_CANON_CLDN11_0065_0079,ubuntu@sha256:2edbbc5dc405e9612ba3584ce95480277e3eb374407b5505fe26f17df77c7dbc,12851361,transient_deleted_after_checksum_and_sampling,428b6e946c25905ba04364b0f8fae1031a119e2eb327a883214ddaf6342f427f,0,full,raw_calculations/apbs/HY15_SEQ_02/HY15_SEQ_02__self__SELF_CANON_CLDN11_0065_0079__s3/eps4/full.in,3cd5cfa36231c589a414618c4dacab355537b1f64c54b215fb748efd5aa6050d,HY15_SEQ_02__self__SELF_CANON_CLDN11_0065_0079__s3,HY15_SEQ_02,3,4.0,complete,raw_calculations/apbs/HY15_SEQ_02/HY15_SEQ_02__self__SELF_CANON_CLDN11_0065_0079__s3/eps4/full.stderr.txt,raw_calculations/apbs/HY15_SEQ_02/HY15_SEQ_02__self__SELF_CANON_CLDN11_0065_0079__s3/eps4/full.stdout.txt
self,SELF_CANON_CLDN11_0065_0079,ubuntu@sha256:2edbbc5dc405e9612ba3584ce95480277e3eb374407b5505fe26f17df77c7dbc,12868814,transient_deleted_after_checksum_and_sampling,d679eae7bfc238bbeb2b940f09e77bfa44f9d0aa43780e4336ad4be5fc4ff557,0,hla_only,raw_calculations/apbs/HY15_SEQ_02/HY15_SEQ_02__self__SELF_CANON_CLDN11_0065_0079__s3/eps4/hla_only.in,037ff02cee56764d1189063b265b731ad27ac2ad474009780e80ad9df20061a2,HY15_SEQ_02__self__SELF_CANON_CLDN11_0065_0079__s3,HY15_SEQ_02,3,4.0,complete,raw_calculations/apbs/HY15_SEQ_02/HY15_SEQ_02__self__SELF_CANON_CLDN11_0065_0079__s3/eps4/hla_only.stderr.txt,raw_calculations/apbs/HY15_SEQ_02/HY15_SEQ_02__self__SELF_CANON_CLDN11_0065_0079__s3/eps4/hla_only.stdout.txt
self,SELF_CANON_CLDN11_0065_0079,ubuntu@sha256:2edbbc5dc405e9612ba3584ce95480277e3eb374407b5505fe26f17df77c7dbc,12869338,transient_deleted_after_checksum_and_sampling,9ae1f2339c02b58b4727dbcf62ba061845174f5fe268cab4aa9351455aa286ca,0,full,raw_calculations/apbs/HY15_SEQ_02/HY15_SEQ_02__self__SELF_CANON_CLDN11_0065_0079__s3/eps8/full.in,5d77bf3f29de0fe2f68497ef7f148c74edcbe0704354cc8664e9c2ecdb83fba3,HY15_SEQ_02__self__SELF_CANON_CLDN11_0065_0079__s3,HY15_SEQ_02,3,8.0,complete,raw_calculations/apbs/HY15_SEQ_02/HY15_SEQ_02__self__SELF_CANON_CLDN11_0065_0079__s3/eps8/full.stderr.txt,raw_calculations/apbs/HY15_SEQ_02/HY15_SEQ_02__self__SELF_CANON_CLDN11_0065_0079__s3/eps8/full.stdout.txt
self,SELF_CANON_CLDN11_0065_0079,ubuntu@sha256:2edbbc5dc405e9612ba3584ce95480277e3eb374407b5505fe26f17df77c7dbc,12884417,transient_deleted_after_checksum_and_sampling,7671786b8955624699ba84aef7328e70f7095c72a39b68ccb0548b9caf171dd0,0,hla_only,raw_calculations/apbs/HY15_SEQ_02/HY15_SEQ_02__self__SELF_CANON_CLDN11_0065_0079__s3/eps8/hla_only.in,be4f97d666f1b56b4447c7a8e33edda20ecf7ef6503362654730a45b4ed69e2d,HY15_SEQ_02__self__SELF_CANON_CLDN11_0065_0079__s3,HY15_SEQ_02,3,8.0,complete,raw_calculations/apbs/HY15_SEQ_02/HY15_SEQ_02__self__SELF_CANON_CLDN11_0065_0079__s3/eps8/hla_only.stderr.txt,raw_calculations/apbs/HY15_SEQ_02/HY15_SEQ_02__self__SELF_CANON_CLDN11_0065_0079__s3/eps8/hla_only.stdout.txt
self,SELF_CANON_CLDN11_0065_0079,ubuntu@sha256:2edbbc5dc405e9612ba3584ce95480277e3eb374407b5505fe26f17df77c7dbc,12849445,transient_deleted_after_checksum_and_sampling,ff78555b8bb294ee2253793e71362a47eda0f0acff87bce55334827a1cd61db3,0,full,raw_calculations/apbs/HY15_SEQ_02/HY15_SEQ_02__self__SELF_CANON_CLDN11_0065_0079__s4/eps2/full.in,3a7ca13b3f70355abc87cdb92671c8fe2a17a8bb097dc64227ef1a9cdb3868a6,HY15_SEQ_02__self__SELF_CANON_CLDN11_0065_0079__s4,HY15_SEQ_02,4,2.0,complete,raw_calculations/apbs/HY15_SEQ_02/HY15_SEQ_02__self__SELF_CANON_CLDN11_0065_0079__s4/eps2/full.stderr.txt,raw_calculations/apbs/HY15_SEQ_02/HY15_SEQ_02__self__SELF_CANON_CLDN11_0065_0079__s4/eps2/full.stdout.txt
self,SELF_CANON_CLDN11_0065_0079,ubuntu@sha256:2edbbc5dc405e9612ba3584ce95480277e3eb374407b5505fe26f17df77c7dbc,12868551,transient_deleted_after_checksum_and_sampling,08ffda7fb717c3e15e2b6ba9ec4cf723877b5bda0949d3c570efd67898d4b1fe,0,hla_only,raw_calculations/apbs/HY15_SEQ_02/HY15_SEQ_02__self__SELF_CANON_CLDN11_0065_0079__s4/eps2/hla_only.in,572cc50827834bfda0ddd07dbdb60b4684c677e5779359ea1e3b72b01a5dba1c,HY15_SEQ_02__self__SELF_CANON_CLDN11_0065_0079__s4,HY15_SEQ_02,4,2.0,complete,raw_calculations/apbs/HY15_SEQ_02/HY15_SEQ_02__self__SELF_CANON_CLDN11_0065_0079__s4/eps2/hla_only.stderr.txt,raw_calculations/apbs/HY15_SEQ_02/HY15_SEQ_02__self__SELF_CANON_CLDN11_0065_0079__s4/eps2/hla_only.stdout.txt
self,SELF_CANON_CLDN11_0065_0079,ubuntu@sha256:2edbbc5dc405e9612ba3584ce95480277e3eb374407b5505fe26f17df77c7dbc,12864335,transient_deleted_after_checksum_and_sampling,d8f9cf41b435cd148be75e515617f182aa4e349cb5915f4207fa22c88fea104c,0,full,raw_calculations/apbs/HY15_SEQ_02/HY15_SEQ_02__self__SELF_CANON_CLDN11_0065_0079__s4/eps4/full.in,69c136622d9589c1a1077fa03ca24fcc75c8f69895fd2b289263d1e680c5dcad,HY15_SEQ_02__self__SELF_CANON_CLDN11_0065_0079__s4,HY15_SEQ_02,4,4.0,complete,raw_calculations/apbs/HY15_SEQ_02/HY15_SEQ_02__self__SELF_CANON_CLDN11_0065_0079__s4/eps4/full.stderr.txt,raw_calculations/apbs/HY15_SEQ_02/HY15_SEQ_02__self__SELF_CANON_CLDN11_0065_0079__s4/eps4/full.stdout.txt
self,SELF_CANON_CLDN11_0065_0079,ubuntu@sha256:2edbbc5dc405e9612ba3584ce95480277e3eb374407b5505fe26f17df77c7dbc,12879248,transient_deleted_after_checksum_and_sampling,7ff20392421bd728fa2d67590a13eecd272427e177dff67cca05237efa812a04,0,hla_only,raw_calculations/apbs/HY15_SEQ_02/HY15_SEQ_02__self__SELF_CANON_CLDN11_0065_0079__s4/eps4/hla_only.in,35aa5c7d58f12056526502b7616a2495744dbde85ca647467827260d4659380d,HY15_SEQ_02__self__SELF_CANON_CLDN11_0065_0079__s4,HY15_SEQ_02,4,4.0,complete,raw_calculations/apbs/HY15_SEQ_02/HY15_SEQ_02__self__SELF_CANON_CLDN11_0065_0079__s4/eps4/hla_only.stderr.txt,raw_calculations/apbs/HY15_SEQ_02/HY15_SEQ_02__self__SELF_CANON_CLDN11_0065_0079__s4/eps4/hla_only.stdout.txt
self,SELF_CANON_CLDN11_0065_0079,ubuntu@sha256:2edbbc5dc405e9612ba3584ce95480277e3eb374407b5505fe26f17df77c7dbc,12884034,transient_deleted_after_checksum_and_sampling,a1a9ed74ccb40abb32e3241ea26d5be6e1fec38d2b8e21ae2961d185aeef5bc7,0,full,raw_calculations/apbs/HY15_SEQ_02/HY15_SEQ_02__self__SELF_CANON_CLDN11_0065_0079__s4/eps8/full.in,84e83298c686c0f96d9dd68652489ad666e41f4510bc549289e31a7aa6deb0fe,HY15_SEQ_02__self__SELF_CANON_CLDN11_0065_0079__s4,HY15_SEQ_02,4,8.0,complete,raw_calculations/apbs/HY15_SEQ_02/HY15_SEQ_02__self__SELF_CANON_CLDN11_0065_0079__s4/eps8/full.stderr.txt,raw_calculations/apbs/HY15_SEQ_02/HY15_SEQ_02__self__SELF_CANON_CLDN11_0065_0079__s4/eps8/full.stdout.txt
self,SELF_CANON_CLDN11_0065_0079,ubuntu@sha256:2edbbc5dc405e9612ba3584ce95480277e3eb374407b5505fe26f17df77c7dbc,12895081,transient_deleted_after_checksum_and_sampling,21075aad39ce6792b27e77bd34a20fbe82edc5a80bb689392276cd7cb90c3228,0,hla_only,raw_calculations/apbs/HY15_SEQ_02/HY15_SEQ_02__self__SELF_CANON_CLDN11_0065_0079__s4/eps8/hla_only.in,24c342f1b71182dbf4306115e427877b248e0d5107b81e6aa83af8b3a9e353fa,HY15_SEQ_02__self__SELF_CANON_CLDN11_0065_0079__s4,HY15_SEQ_02,4,8.0,complete,raw_calculations/apbs/HY15_SEQ_02/HY15_SEQ_02__self__SELF_CANON_CLDN11_0065_0079__s4/eps8/hla_only.stderr.txt,raw_calculations/apbs/HY15_SEQ_02/HY15_SEQ_02__self__SELF_CANON_CLDN11_0065_0079__s4/eps8/hla_only.stdout.txt
self,SELF_CANON_CNP_0272_0286,ubuntu@sha256:2edbbc5dc405e9612ba3584ce95480277e3eb374407b5505fe26f17df77c7dbc,12751064,transient_deleted_after_checksum_and_sampling,fc2581eed53cbe8f80f9cc95bd27adaa541e9e8bf0b1074414526549d59650be,0,full,raw_calculations/apbs/HY15_SEQ_02/HY15_SEQ_02__self__SELF_CANON_CNP_0272_0286__s0/eps2/full.in,2ac9c31eb64c1e273ff8b70d43a88d712cda0ae0b88e1569c2bb2f682f9cc280,HY15_SEQ_02__self__SELF_CANON_CNP_0272_0286__s0,HY15_SEQ_02,0,2.0,complete,raw_calculations/apbs/HY15_SEQ_02/HY15_SEQ_02__self__SELF_CANON_CNP_0272_0286__s0/eps2/full.stderr.txt,raw_calculations/apbs/HY15_SEQ_02/HY15_SEQ_02__self__SELF_CANON_CNP_0272_0286__s0/eps2/full.stdout.txt
self,SELF_CANON_CNP_0272_0286,ubuntu@sha256:2edbbc5dc405e9612ba3584ce95480277e3eb374407b5505fe26f17df77c7dbc,12875475,transient_deleted_after_checksum_and_sampling,bb6bf222abacb6661b9d497720edf6ef7978f53d5f92796153fddd46ca4c90fd,0,hla_only,raw_calculations/apbs/HY15_SEQ_02/HY15_SEQ_02__self__SELF_CANON_CNP_0272_0286__s0/eps2/hla_only.in,52896cd7aa315d85f9caafb883e77d5b4a6728d9db7571bdbcdde154837d930b,HY15_SEQ_02__self__SELF_CANON_CNP_0272_0286__s0,HY15_SEQ_02,0,2.0,complete,raw_calculations/apbs/HY15_SEQ_02/HY15_SEQ_02__self__SELF_CANON_CNP_0272_0286__s0/eps2/hla_only.stderr.txt,raw_calculations/apbs/HY15_SEQ_02/HY15_SEQ_02__self__SELF_CANON_CNP_0272_0286__s0/eps2/hla_only.stdout.txt
self,SELF_CANON_CNP_0272_0286,ubuntu@sha256:2edbbc5dc405e9612ba3584ce95480277e3eb374407b5505fe26f17df77c7dbc,12757153,transient_deleted_after_checksum_and_sampling,a001004d3fa5c9acfbd6122c52b9022c57acec9d3b3f4f8bbc8efad4fd2b12f4,0,full,raw_calculations/apbs/HY15_SEQ_02/HY15_SEQ_02__self__SELF_CANON_CNP_0272_0286__s0/eps4/full.in,942af35969643cbcca38b5f52ecf8860a8db2c8dfd0ef64ff5507ddc7858803c,HY15_SEQ_02__self__SELF_CANON_CNP_0272_0286__s0,HY15_SEQ_02,0,4.0,complete,raw_calculations/apbs/HY15_SEQ_02/HY15_SEQ_02__self__SELF_CANON_CNP_0272_0286__s0/eps4/full.stderr.txt,raw_calculations/apbs/HY15_SEQ_02/HY15_SEQ_02__self__SELF_CANON_CNP_0272_0286__s0/eps4/full.stdout.txt
self,SELF_CANON_CNP_0272_0286,ubuntu@sha256:2edbbc5dc405e9612ba3584ce95480277e3eb374407b5505fe26f17df77c7dbc,12887410,transient_deleted_after_checksum_and_sampling,dfd0859d4a2f56084819d2fc8541bfdc2b08ef86271e15ca8d3a1b102a9b94ba,0,hla_only,raw_calculations/apbs/HY15_SEQ_02/HY15_SEQ_02__self__SELF_CANON_CNP_0272_0286__s0/eps4/hla_only.in,2910e41d31604aabf3e7192f1b82897668fcfa0c5f452661aacc6409f848779e,HY15_SEQ_02__self__SELF_CANON_CNP_0272_0286__s0,HY15_SEQ_02,0,4.0,complete,raw_calculations/apbs/HY15_SEQ_02/HY15_SEQ_02__self__SELF_CANON_CNP_0272_0286__s0/eps4/hla_only.stderr.txt,raw_calculations/apbs/HY15_SEQ_02/HY15_SEQ_02__self__SELF_CANON_CNP_0272_0286__s0/eps4/hla_only.stdout.txt
self,SELF_CANON_CNP_0272_0286,ubuntu@sha256:2edbbc5dc405e9612ba3584ce95480277e3eb374407b5505fe26f17df77c7dbc,12767516,transient_deleted_after_checksum_and_sampling,5596ea399d243e69045825f30d8a197d7d00de8afe1ca9f16d005ed07252da6c,0,full,raw_calculations/apbs/HY15_SEQ_02/HY15_SEQ_02__self__SELF_CANON_CNP_0272_0286__s0/eps8/full.in,0d0e6cc868b838b412cf9ba80ceeac402329b4962bfd9e86f1588c4bf4c4995e,HY15_SEQ_02__self__SELF_CANON_CNP_0272_0286__s0,HY15_SEQ_02,0,8.0,complete,raw_calculations/apbs/HY15_SEQ_02/HY15_SEQ_02__self__SELF_CANON_CNP_0272_0286__s0/eps8/full.stderr.txt,raw_calculations/apbs/HY15_SEQ_02/HY15_SEQ_02__self__SELF_CANON_CNP_0272_0286__s0/eps8/full.stdout.txt
self,SELF_CANON_CNP_0272_0286,ubuntu@sha256:2edbbc5dc405e9612ba3584ce95480277e3eb374407b5505fe26f17df77c7dbc,12904364,transient_deleted_after_checksum_and_sampling,b354a73e3dc376a3cbac7a3e9b3ebefd23448c5c71a0bec9472aea00919f3965,0,hla_only,raw_calculations/apbs/HY15_SEQ_02/HY15_SEQ_02__self__SELF_CANON_CNP_0272_0286__s0/eps8/hla_only.in,2bf3c973eb7cf8627f8da1ba5d32ee9b77d606fa45b5532d836159a3acb1d1c8,HY15_SEQ_02__self__SELF_CANON_CNP_0272_0286__s0,HY15_SEQ_02,0,8.0,complete,raw_calculations/apbs/HY15_SEQ_02/HY15_SEQ_02__self__SELF_CANON_CNP_0272_0286__s0/eps8/hla_only.stderr.txt,raw_calculations/apbs/HY15_SEQ_02/HY15_SEQ_02__self__SELF_CANON_CNP_0272_0286__s0/eps8/hla_only.stdout.txt
self,SELF_CANON_CNP_0272_0286,ubuntu@sha256:2edbbc5dc405e9612ba3584ce95480277e3eb374407b5505fe26f17df77c7dbc,12732923,transient_deleted_after_checksum_and_sampling,79b839cc3f3206f33db09e0b37a11d14a95b0f4d2382d40e303fba1561b32181,0,full,raw_calculations/apbs/HY15_SEQ_02/HY15_SEQ_02__self__SELF_CANON_CNP_0272_0286__s1/eps2/full.in,e31c7920c7d13974be9604fc08f6a317328e2fc5fdf7d100213f71d1ddec1b0a,HY15_SEQ_02__self__SELF_CANON_CNP_0272_0286__s1,HY15_SEQ_02,1,2.0,complete,raw_calculations/apbs/HY15_SEQ_02/HY15_SEQ_02__self__SELF_CANON_CNP_0272_0286__s1/eps2/full.stderr.txt,raw_calculations/apbs/HY15_SEQ_02/HY15_SEQ_02__self__SELF_CANON_CNP_0272_0286__s1/eps2/full.stdout.txt
self,SELF_CANON_CNP_0272_0286,ubuntu@sha256:2edbbc5dc405e9612ba3584ce95480277e3eb374407b5505fe26f17df77c7dbc,12858291,transient_deleted_after_checksum_and_sampling,1b6a9610787ddfd06e9f02b96181e79bc5eceed86a77480bb7572c0436a4bac8,0,hla_only,raw_calculations/apbs/HY15_SEQ_02/HY15_SEQ_02__self__SELF_CANON_CNP_0272_0286__s1/eps2/hla_only.in,d8afeec1664a86cba22e531d555aa104630ca04bd34754d5070711a3d35fe9b3,HY15_SEQ_02__self__SELF_CANON_CNP_0272_0286__s1,HY15_SEQ_02,1,2.0,complete,raw_calculations/apbs/HY15_SEQ_02/HY15_SEQ_02__self__SELF_CANON_CNP_0272_0286__s1/eps2/hla_only.stderr.txt,raw_calculations/apbs/HY15_SEQ_02/HY15_SEQ_02__self__SELF_CANON_CNP_0272_0286__s1/eps2/hla_only.stdout.txt
self,SELF_CANON_CNP_0272_0286,ubuntu@sha256:2edbbc5dc405e9612ba3584ce95480277e3eb374407b5505fe26f17df77c7dbc,12740699,transient_deleted_after_checksum_and_sampling,32fa129910f315c3ef76e03fd4209a037c70f8305037f9f23d0faef54451b1e7,0,full,raw_calculations/apbs/HY15_SEQ_02/HY15_SEQ_02__self__SELF_CANON_CNP_0272_0286__s1/eps4/full.in,890e2c7d13d72162a914f55a9e2ce99ba6ff35a6f9b58ea29e08f5bda3090bfd,HY15_SEQ_02__self__SELF_CANON_CNP_0272_0286__s1,HY15_SEQ_02,1,4.0,complete,raw_calculations/apbs/HY15_SEQ_02/HY15_SEQ_02__self__SELF_CANON_CNP_0272_0286__s1/eps4/full.stderr.txt,raw_calculations/apbs/HY15_SEQ_02/HY15_SEQ_02__self__SELF_CANON_CNP_0272_0286__s1/eps4/full.stdout.txt
self,SELF_CANON_CNP_0272_0286,ubuntu@sha256:2edbbc5dc405e9612ba3584ce95480277e3eb374407b5505fe26f17df77c7dbc,12870072,transient_deleted_after_checksum_and_sampling,53ff17ba19ab9b8ae9055686fb9057654ec9a431738f266445a250520967e73c,0,hla_only,raw_calculations/apbs/HY15_SEQ_02/HY15_SEQ_02__self__SELF_CANON_CNP_0272_0286__s1/eps4/hla_only.in,656c91441320bf2a5153249a1e32ffbe671b4eead5dab65705b1185ae1e9ad70,HY15_SEQ_02__self__SELF_CANON_CNP_0272_0286__s1,HY15_SEQ_02,1,4.0,complete,raw_calculations/apbs/HY15_SEQ_02/HY15_SEQ_02__self__SELF_CANON_CNP_0272_0286__s1/eps4/hla_only.stderr.txt,raw_calculations/apbs/HY15_SEQ_02/HY15_SEQ_02__self__SELF_CANON_CNP_0272_0286__s1/eps4/hla_only.stdout.txt
self,SELF_CANON_CNP_0272_0286,ubuntu@sha256:2edbbc5dc405e9612ba3584ce95480277e3eb374407b5505fe26f17df77c7dbc,12752865,transient_deleted_after_checksum_and_sampling,780df17ba949af882a29c7fe79fa7e94c5279c4fc54fbbbc6d7e14a2a3e160cc,0,full,raw_calculations/apbs/HY15_SEQ_02/HY15_SEQ_02__self__SELF_CANON_CNP_0272_0286__s1/eps8/full.in,c89b12c7bb1228c6169b3280171f0dbc30e256188b0c17c14ba0764572ee9f52,HY15_SEQ_02__self__SELF_CANON_CNP_0272_0286__s1,HY15_SEQ_02,1,8.0,complete,raw_calculations/apbs/HY15_SEQ_02/HY15_SEQ_02__self__SELF_CANON_CNP_0272_0286__s1/eps8/full.stderr.txt,raw_calculations/apbs/HY15_SEQ_02/HY15_SEQ_02__self__SELF_CANON_CNP_0272_0286__s1/eps8/full.stdout.txt
self,SELF_CANON_CNP_0272_0286,ubuntu@sha256:2edbbc5dc405e9612ba3584ce95480277e3eb374407b5505fe26f17df77c7dbc,12886543,transient_deleted_after_checksum_and_sampling,284b233615ea9d75b6c9ea82df18d531987cf3d50b89dc283d3a938162450c5e,0,hla_only,raw_calculations/apbs/HY15_SEQ_02/HY15_SEQ_02__self__SELF_CANON_CNP_0272_0286__s1/eps8/hla_only.in,a6a7126b46b8ec4401161f6339241bd9fab36ceb6a8918625b2bae6df5e789a2,HY15_SEQ_02__self__SELF_CANON_CNP_0272_0286__s1,HY15_SEQ_02,1,8.0,complete,raw_calculations/apbs/HY15_SEQ_02/HY15_SEQ_02__self__SELF_CANON_CNP_0272_0286__s1/eps8/hla_only.stderr.txt,raw_calculations/apbs/HY15_SEQ_02/HY15_SEQ_02__self__SELF_CANON_CNP_0272_0286__s1/eps8/hla_only.stdout.txt
self,SELF_CANON_CNP_0272_0286,ubuntu@sha256:2edbbc5dc405e9612ba3584ce95480277e3eb374407b5505fe26f17df77c7dbc,12759652,transient_deleted_after_checksum_and_sampling,2d463729d2a406b58202ac2c8c2224a5ddcbc200fd2acd630249cb40e9275bf8,0,full,raw_calculations/apbs/HY15_SEQ_02/HY15_SEQ_02__self__SELF_CANON_CNP_0272_0286__s2/eps2/full.in,ebe8548425375374d17cac1addf2e140cefa026e81c4d5eb493d98cff19a73cd,HY15_SEQ_02__self__SELF_CANON_CNP_0272_0286__s2,HY15_SEQ_02,2,2.0,complete,raw_calculations/apbs/HY15_SEQ_02/HY15_SEQ_02__self__SELF_CANON_CNP_0272_0286__s2/eps2/full.stderr.txt,raw_calculations/apbs/HY15_SEQ_02/HY15_SEQ_02__self__SELF_CANON_CNP_0272_0286__s2/eps2/full.stdout.txt
self,SELF_CANON_CNP_0272_0286,ubuntu@sha256:2edbbc5dc405e9612ba3584ce95480277e3eb374407b5505fe26f17df77c7dbc,12878350,transient_deleted_after_checksum_and_sampling,6d49c5153cdfc593c8b84f6918634b56a65073163b95041acad5f2efe329b1c5,0,hla_only,raw_calculations/apbs/HY15_SEQ_02/HY15_SEQ_02__self__SELF_CANON_CNP_0272_0286__s2/eps2/hla_only.in,0a16299bea5f8587ea5d831be365d6baa5435968a3457d2d09f40c3fa8ad8ba2,HY15_SEQ_02__self__SELF_CANON_CNP_0272_0286__s2,HY15_SEQ_02,2,2.0,complete,raw_calculations/apbs/HY15_SEQ_02/HY15_SEQ_02__self__SELF_CANON_CNP_0272_0286__s2/eps2/hla_only.stderr.txt,raw_calculations/apbs/HY15_SEQ_02/HY15_SEQ_02__self__SELF_CANON_CNP_0272_0286__s2/eps2/hla_only.stdout.txt
self,SELF_CANON_CNP_0272_0286,ubuntu@sha256:2edbbc5dc405e9612ba3584ce95480277e3eb374407b5505fe26f17df77c7dbc,12767505,transient_deleted_after_checksum_and_sampling,eff8a7147e6d4e7e53fadf48e80db2c0195a5d62b923dd90b85ce4258026624b,0,full,raw_calculations/apbs/HY15_SEQ_02/HY15_SEQ_02__self__SELF_CANON_CNP_0272_0286__s2/eps4/full.in,02ab91d3bac424f07a4356fe40bb2e4d4086e67480424a844ad3eb25b688c26a,HY15_SEQ_02__self__SELF_CANON_CNP_0272_0286__s2,HY15_SEQ_02,2,4.0,complete,raw_calculations/apbs/HY15_SEQ_02/HY15_SEQ_02__self__SELF_CANON_CNP_0272_0286__s2/eps4/full.stderr.txt,raw_calculations/apbs/HY15_SEQ_02/HY15_SEQ_02__self__SELF_CANON_CNP_0272_0286__s2/eps4/full.stdout.txt
self,SELF_CANON_CNP_0272_0286,ubuntu@sha256:2edbbc5dc405e9612ba3584ce95480277e3eb374407b5505fe26f17df77c7dbc,12891218,transient_deleted_after_checksum_and_sampling,9471770fecab9cd99eb5edcb94dbfc603beb3a66f305c30f30700fac2b72e9aa,0,hla_only,raw_calculations/apbs/HY15_SEQ_02/HY15_SEQ_02__self__SELF_CANON_CNP_0272_0286__s2/eps4/hla_only.in,14ac315ba317fc19bc8b6744d17580852eee500b341067f6257e3d8cbb78199e,HY15_SEQ_02__self__SELF_CANON_CNP_0272_0286__s2,HY15_SEQ_02,2,4.0,complete,raw_calculations/apbs/HY15_SEQ_02/HY15_SEQ_02__self__SELF_CANON_CNP_0272_0286__s2/eps4/hla_only.stderr.txt,raw_calculations/apbs/HY15_SEQ_02/HY15_SEQ_02__self__SELF_CANON_CNP_0272_0286__s2/eps4/hla_only.stdout.txt
self,SELF_CANON_CNP_0272_0286,ubuntu@sha256:2edbbc5dc405e9612ba3584ce95480277e3eb374407b5505fe26f17df77c7dbc,12778861,transient_deleted_after_checksum_and_sampling,11511731b564b26878fd7ee42b79a3d553c9c9760b93a2b454ccf8160fa3a36a,0,full,raw_calculations/apbs/HY15_SEQ_02/HY15_SEQ_02__self__SELF_CANON_CNP_0272_0286__s2/eps8/full.in,729513c3ca2b67a8e3c2e425474df021ace49b6b34b3fb9b0f1fa00b4a48a874,HY15_SEQ_02__self__SELF_CANON_CNP_0272_0286__s2,HY15_SEQ_02,2,8.0,complete,raw_calculations/apbs/HY15_SEQ_02/HY15_SEQ_02__self__SELF_CANON_CNP_0272_0286__s2/eps8/full.stderr.txt,raw_calculations/apbs/HY15_SEQ_02/HY15_SEQ_02__self__SELF_CANON_CNP_0272_0286__s2/eps8/full.stdout.txt
self,SELF_CANON_CNP_0272_0286,ubuntu@sha256:2edbbc5dc405e9612ba3584ce95480277e3eb374407b5505fe26f17df77c7dbc,12908615,transient_deleted_after_checksum_and_sampling,787cb387b4e42360ff51ff6644cbbee73cc789cb584ae403f95f7ec76e433cb5,0,hla_only,raw_calculations/apbs/HY15_SEQ_02/HY15_SEQ_02__self__SELF_CANON_CNP_0272_0286__s2/eps8/hla_only.in,3d4cdcc6c274279aaa228791cc7f31cfe3d681aea9d5890398d11f7174e3bdf9,HY15_SEQ_02__self__SELF_CANON_CNP_0272_0286__s2,HY15_SEQ_02,2,8.0,complete,raw_calculations/apbs/HY15_SEQ_02/HY15_SEQ_02__self__SELF_CANON_CNP_0272_0286__s2/eps8/hla_only.stderr.txt,raw_calculations/apbs/HY15_SEQ_02/HY15_SEQ_02__self__SELF_CANON_CNP_0272_0286__s2/eps8/hla_only.stdout.txt
self,SELF_CANON_CNP_0272_0286,ubuntu@sha256:2edbbc5dc405e9612ba3584ce95480277e3eb374407b5505fe26f17df77c7dbc,12747113,transient_deleted_after_checksum_and_sampling,be887a44ef30d09fadcf9b7c4b45a2c0b50450c41fce4c411dd500a2d58e870c,0,full,raw_calculations/apbs/HY15_SEQ_02/HY15_SEQ_02__self__SELF_CANON_CNP_0272_0286__s3/eps2/full.in,87fc286fdd3e0d1bc1a4746bafdfc24e330f7da28be1bc98a1bbf3decc8ce9ef,HY15_SEQ_02__self__SELF_CANON_CNP_0272_0286__s3,HY15_SEQ_02,3,2.0,complete,raw_calculations/apbs/HY15_SEQ_02/HY15_SEQ_02__self__SELF_CANON_CNP_0272_0286__s3/eps2/full.stderr.txt,raw_calculations/apbs/HY15_SEQ_02/HY15_SEQ_02__self__SELF_CANON_CNP_0272_0286__s3/eps2/full.stdout.txt
self,SELF_CANON_CNP_0272_0286,ubuntu@sha256:2edbbc5dc405e9612ba3584ce95480277e3eb374407b5505fe26f17df77c7dbc,12884508,transient_deleted_after_checksum_and_sampling,97f0405f61387992eb526bd151a5faebc8423f4ae57bb50af9810d52a1363ecf,0,hla_only,raw_calculations/apbs/HY15_SEQ_02/HY15_SEQ_02__self__SELF_CANON_CNP_0272_0286__s3/eps2/hla_only.in,8fead4c6f373ba9660c3fee942256cde9d4b085ff47d2a6dc81a0eb15bbf3db5,HY15_SEQ_02__self__SELF_CANON_CNP_0272_0286__s3,HY15_SEQ_02,3,2.0,complete,raw_calculations/apbs/HY15_SEQ_02/HY15_SEQ_02__self__SELF_CANON_CNP_0272_0286__s3/eps2/hla_only.stderr.txt,raw_calculations/apbs/HY15_SEQ_02/HY15_SEQ_02__self__SELF_CANON_CNP_0272_0286__s3/eps2/hla_only.stdout.txt
self,SELF_CANON_CNP_0272_0286,ubuntu@sha256:2edbbc5dc405e9612ba3584ce95480277e3eb374407b5505fe26f17df77c7dbc,12756603,transient_deleted_after_checksum_and_sampling,8259b5a22f68cf6f4d9c9f76c7247bc43235d02ec94145d6e150d4ce88a9c5b5,0,full,raw_calculations/apbs/HY15_SEQ_02/HY15_SEQ_02__self__SELF_CANON_CNP_0272_0286__s3/eps4/full.in,2e555e099f4e31b7d724b491abeb31c4a24e56867983ebd8f5f98559b3dbd70c,HY15_SEQ_02__self__SELF_CANON_CNP_0272_0286__s3,HY15_SEQ_02,3,4.0,complete,raw_calculations/apbs/HY15_SEQ_02/HY15_SEQ_02__self__SELF_CANON_CNP_0272_0286__s3/eps4/full.stderr.txt,raw_calculations/apbs/HY15_SEQ_02/HY15_SEQ_02__self__SELF_CANON_CNP_0272_0286__s3/eps4/full.stdout.txt
self,SELF_CANON_CNP_0272_0286,ubuntu@sha256:2edbbc5dc405e9612ba3584ce95480277e3eb374407b5505fe26f17df77c7dbc,12896840,transient_deleted_after_checksum_and_sampling,bb9b563bf642e2b946a6ecb11a453afaa6599a0f23cf3bb70a1eda64f61934e7,0,hla_only,raw_calculations/apbs/HY15_SEQ_02/HY15_SEQ_02__self__SELF_CANON_CNP_0272_0286__s3/eps4/hla_only.in,712079a729b293462cead94869f79764892008ce4cae42405b3fdd688a922f93,HY15_SEQ_02__self__SELF_CANON_CNP_0272_0286__s3,HY15_SEQ_02,3,4.0,complete,raw_calculations/apbs/HY15_SEQ_02/HY15_SEQ_02__self__SELF_CANON_CNP_0272_0286__s3/eps4/hla_only.stderr.txt,raw_calculations/apbs/HY15_SEQ_02/HY15_SEQ_02__self__SELF_CANON_CNP_0272_0286__s3/eps4/hla_only.stdout.txt
self,SELF_CANON_CNP_0272_0286,ubuntu@sha256:2edbbc5dc405e9612ba3584ce95480277e3eb374407b5505fe26f17df77c7dbc,12771967,transient_deleted_after_checksum_and_sampling,412bd83b7e6a046407eeaf4719b22b71ef320f3ed4f14f5384ad8b5cf671d0cf,0,full,raw_calculations/apbs/HY15_SEQ_02/HY15_SEQ_02__self__SELF_CANON_CNP_0272_0286__s3/eps8/full.in,8f975ddc4dc7719628503cf58ab68dc3362160396e7788a9256fa7794e390dc0,HY15_SEQ_02__self__SELF_CANON_CNP_0272_0286__s3,HY15_SEQ_02,3,8.0,complete,raw_calculations/apbs/HY15_SEQ_02/HY15_SEQ_02__self__SELF_CANON_CNP_0272_0286__s3/eps8/full.stderr.txt,raw_calculations/apbs/HY15_SEQ_02/HY15_SEQ_02__self__SELF_CANON_CNP_0272_0286__s3/eps8/full.stdout.txt
self,SELF_CANON_CNP_0272_0286,ubuntu@sha256:2edbbc5dc405e9612ba3584ce95480277e3eb374407b5505fe26f17df77c7dbc,12914902,transient_deleted_after_checksum_and_sampling,50871fae9f67873d0cfe080ce059dd6c27f56b78bc6afb28dfeabde8b6ed2e42,0,hla_only,raw_calculations/apbs/HY15_SEQ_02/HY15_SEQ_02__self__SELF_CANON_CNP_0272_0286__s3/eps8/hla_only.in,0dfaaa01e4680e40bce8745a08b16e6dc3eda0e33ad64b1b68e93c50f3321dda,HY15_SEQ_02__self__SELF_CANON_CNP_0272_0286__s3,HY15_SEQ_02,3,8.0,complete,raw_calculations/apbs/HY15_SEQ_02/HY15_SEQ_02__self__SELF_CANON_CNP_0272_0286__s3/eps8/hla_only.stderr.txt,raw_calculations/apbs/HY15_SEQ_02/HY15_SEQ_02__self__SELF_CANON_CNP_0272_0286__s3/eps8/hla_only.stdout.txt
self,SELF_CANON_CNP_0272_0286,ubuntu@sha256:2edbbc5dc405e9612ba3584ce95480277e3eb374407b5505fe26f17df77c7dbc,12709831,transient_deleted_after_checksum_and_sampling,e476dd774cce6aa525e98999a544fab8ccaf17bf4479bd602755cf09766f9790,0,full,raw_calculations/apbs/HY15_SEQ_02/HY15_SEQ_02__self__SELF_CANON_CNP_0272_0286__s4/eps2/full.in,e4bca79e5e772a1f3ffa56f0cf04e358a1e56eecd98c657f2866d5aa2ec46500,HY15_SEQ_02__self__SELF_CANON_CNP_0272_0286__s4,HY15_SEQ_02,4,2.0,complete,raw_calculations/apbs/HY15_SEQ_02/HY15_SEQ_02__self__SELF_CANON_CNP_0272_0286__s4/eps2/full.stderr.txt,raw_calculations/apbs/HY15_SEQ_02/HY15_SEQ_02__self__SELF_CANON_CNP_0272_0286__s4/eps2/full.stdout.txt
self,SELF_CANON_CNP_0272_0286,ubuntu@sha256:2edbbc5dc405e9612ba3584ce95480277e3eb374407b5505fe26f17df77c7dbc,12874690,transient_deleted_after_checksum_and_sampling,e309f205261b6b549570cf0b463575028fb679b3e6cb61d40ae97a8a244a0004,0,hla_only,raw_calculations/apbs/HY15_SEQ_02/HY15_SEQ_02__self__SELF_CANON_CNP_0272_0286__s4/eps2/hla_only.in,00b9437d870eb9fa93d0bdc19f6c8925bff8f22ab79bae45edd41e20fcf3d93b,HY15_SEQ_02__self__SELF_CANON_CNP_0272_0286__s4,HY15_SEQ_02,4,2.0,complete,raw_calculations/apbs/HY15_SEQ_02/HY15_SEQ_02__self__SELF_CANON_CNP_0272_0286__s4/eps2/hla_only.stderr.txt,raw_calculations/apbs/HY15_SEQ_02/HY15_SEQ_02__self__SELF_CANON_CNP_0272_0286__s4/eps2/hla_only.stdout.txt
self,SELF_CANON_CNP_0272_0286,ubuntu@sha256:2edbbc5dc405e9612ba3584ce95480277e3eb374407b5505fe26f17df77c7dbc,12716940,transient_deleted_after_checksum_and_sampling,423af6ab4fb22d7aded370df1245b27362763fef258bf1929206c0fc602db767,0,full,raw_calculations/apbs/HY15_SEQ_02/HY15_SEQ_02__self__SELF_CANON_CNP_0272_0286__s4/eps4/full.in,dc7b891d06bb7ad2fb424e444512d726ec3e45823ca17838814ad0aed29feac0,HY15_SEQ_02__self__SELF_CANON_CNP_0272_0286__s4,HY15_SEQ_02,4,4.0,complete,raw_calculations/apbs/HY15_SEQ_02/HY15_SEQ_02__self__SELF_CANON_CNP_0272_0286__s4/eps4/full.stderr.txt,raw_calculations/apbs/HY15_SEQ_02/HY15_SEQ_02__self__SELF_CANON_CNP_0272_0286__s4/eps4/full.stdout.txt
self,SELF_CANON_CNP_0272_0286,ubuntu@sha256:2edbbc5dc405e9612ba3584ce95480277e3eb374407b5505fe26f17df77c7dbc,12885737,transient_deleted_after_checksum_and_sampling,23bab1629faef7a5ae184c4207c3eec2bf77813dcda271840f0c9b3cc0d03bcc,0,hla_only,raw_calculations/apbs/HY15_SEQ_02/HY15_SEQ_02__self__SELF_CANON_CNP_0272_0286__s4/eps4/hla_only.in,a54eae67f8e8a66e76869ddea56a2535d0050c6cda0c4bd177f54766162d3e69,HY15_SEQ_02__self__SELF_CANON_CNP_0272_0286__s4,HY15_SEQ_02,4,4.0,complete,raw_calculations/apbs/HY15_SEQ_02/HY15_SEQ_02__self__SELF_CANON_CNP_0272_0286__s4/eps4/hla_only.stderr.txt,raw_calculations/apbs/HY15_SEQ_02/HY15_SEQ_02__self__SELF_CANON_CNP_0272_0286__s4/eps4/hla_only.stdout.txt
self,SELF_CANON_CNP_0272_0286,ubuntu@sha256:2edbbc5dc405e9612ba3584ce95480277e3eb374407b5505fe26f17df77c7dbc,12729125,transient_deleted_after_checksum_and_sampling,13ae50da2f8b05bce2f639a96c0b03338e89690fcef18fca8c4dc3aab10ee9c2,0,full,raw_calculations/apbs/HY15_SEQ_02/HY15_SEQ_02__self__SELF_CANON_CNP_0272_0286__s4/eps8/full.in,5f7b8e5302b25dae1c3de186abb03fecd679ef26bb57c3b0a19edee1ff8b649a,HY15_SEQ_02__self__SELF_CANON_CNP_0272_0286__s4,HY15_SEQ_02,4,8.0,complete,raw_calculations/apbs/HY15_SEQ_02/HY15_SEQ_02__self__SELF_CANON_CNP_0272_0286__s4/eps8/full.stderr.txt,raw_calculations/apbs/HY15_SEQ_02/HY15_SEQ_02__self__SELF_CANON_CNP_0272_0286__s4/eps8/full.stdout.txt
self,SELF_CANON_CNP_0272_0286,ubuntu@sha256:2edbbc5dc405e9612ba3584ce95480277e3eb374407b5505fe26f17df77c7dbc,12901952,transient_deleted_after_checksum_and_sampling,eb03e7cdd485d82106dd4bc3e6b95f70f7d1df60b85d40cf2caf89e05ef0175f,0,hla_only,raw_calculations/apbs/HY15_SEQ_02/HY15_SEQ_02__self__SELF_CANON_CNP_0272_0286__s4/eps8/hla_only.in,6d2514b086c82df214223f691c19c8cad1dd330467fc366a93591ddce504a0d4,HY15_SEQ_02__self__SELF_CANON_CNP_0272_0286__s4,HY15_SEQ_02,4,8.0,complete,raw_calculations/apbs/HY15_SEQ_02/HY15_SEQ_02__self__SELF_CANON_CNP_0272_0286__s4/eps8/hla_only.stderr.txt,raw_calculations/apbs/HY15_SEQ_02/HY15_SEQ_02__self__SELF_CANON_CNP_0272_0286__s4/eps8/hla_only.stdout.txt
self,SELF_CANON_CRYAB_0001_0015,ubuntu@sha256:2edbbc5dc405e9612ba3584ce95480277e3eb374407b5505fe26f17df77c7dbc,12795481,transient_deleted_after_checksum_and_sampling,16d905ac18357300f701e73d21502a4017ee5e4f9e3e150791336608a21fbf08,0,full,raw_calculations/apbs/HY15_SEQ_02/HY15_SEQ_02__self__SELF_CANON_CRYAB_0001_0015__s0/eps2/full.in,fef7826b4dda06fc8dc040cdcf16f7b68f54d12f0c82a428c973037ce3cb3dd0,HY15_SEQ_02__self__SELF_CANON_CRYAB_0001_0015__s0,HY15_SEQ_02,0,2.0,complete,raw_calculations/apbs/HY15_SEQ_02/HY15_SEQ_02__self__SELF_CANON_CRYAB_0001_0015__s0/eps2/full.stderr.txt,raw_calculations/apbs/HY15_SEQ_02/HY15_SEQ_02__self__SELF_CANON_CRYAB_0001_0015__s0/eps2/full.stdout.txt
self,SELF_CANON_CRYAB_0001_0015,ubuntu@sha256:2edbbc5dc405e9612ba3584ce95480277e3eb374407b5505fe26f17df77c7dbc,12894419,transient_deleted_after_checksum_and_sampling,d337d7d756a52eb49150506c80b5e56d4f003fc4db80ce56b48b752cf86711e7,0,hla_only,raw_calculations/apbs/HY15_SEQ_02/HY15_SEQ_02__self__SELF_CANON_CRYAB_0001_0015__s0/eps2/hla_only.in,e78a3558b6654c90e316c7a4f837887d94bccf7ad5753ad0cc98aee62ad0e87b,HY15_SEQ_02__self__SELF_CANON_CRYAB_0001_0015__s0,HY15_SEQ_02,0,2.0,complete,raw_calculations/apbs/HY15_SEQ_02/HY15_SEQ_02__self__SELF_CANON_CRYAB_0001_0015__s0/eps2/hla_only.stderr.txt,raw_calculations/apbs/HY15_SEQ_02/HY15_SEQ_02__self__SELF_CANON_CRYAB_0001_0015__s0/eps2/hla_only.stdout.txt
self,SELF_CANON_CRYAB_0001_0015,ubuntu@sha256:2edbbc5dc405e9612ba3584ce95480277e3eb374407b5505fe26f17df77c7dbc,12808162,transient_deleted_after_checksum_and_sampling,8ea2de2186297817e694134d3dc188c55cc8e450238a89aeece4cfe5e458c1b5,0,full,raw_calculations/apbs/HY15_SEQ_02/HY15_SEQ_02__self__SELF_CANON_CRYAB_0001_0015__s0/eps4/full.in,e7ee70124bd26025392bcf12c77427fb59ddba573c6afd235fd69305319f6db2,HY15_SEQ_02__self__SELF_CANON_CRYAB_0001_0015__s0,HY15_SEQ_02,0,4.0,complete,raw_calculations/apbs/HY15_SEQ_02/HY15_SEQ_02__self__SELF_CANON_CRYAB_0001_0015__s0/eps4/full.stderr.txt,raw_calculations/apbs/HY15_SEQ_02/HY15_SEQ_02__self__SELF_CANON_CRYAB_0001_0015__s0/eps4/full.stdout.txt
self,SELF_CANON_CRYAB_0001_0015,ubuntu@sha256:2edbbc5dc405e9612ba3584ce95480277e3eb374407b5505fe26f17df77c7dbc,12906572,transient_deleted_after_checksum_and_sampling,50d1163c3b1ac1bc377d6b22adf25e3c9a52831185c24e9b7297cc12e427dd7e,0,hla_only,raw_calculations/apbs/HY15_SEQ_02/HY15_SEQ_02__self__SELF_CANON_CRYAB_0001_0015__s0/eps4/hla_only.in,18b934c9f1b02542830a28ddd16134b72cf489514f0c64c0b20e592ab10bb821,HY15_SEQ_02__self__SELF_CANON_CRYAB_0001_0015__s0,HY15_SEQ_02,0,4.0,complete,raw_calculations/apbs/HY15_SEQ_02/HY15_SEQ_02__self__SELF_CANON_CRYAB_0001_0015__s0/eps4/hla_only.stderr.txt,raw_calculations/apbs/HY15_SEQ_02/HY15_SEQ_02__self__SELF_CANON_CRYAB_0001_0015__s0/eps4/hla_only.stdout.txt
self,SELF_CANON_CRYAB_0001_0015,ubuntu@sha256:2edbbc5dc405e9612ba3584ce95480277e3eb374407b5505fe26f17df77c7dbc,12827962,transient_deleted_after_checksum_and_sampling,0df63a77b90d61b4cdec1f07f32eef841ed9fb727e48d48c0649261c12fcc012,0,full,raw_calculations/apbs/HY15_SEQ_02/HY15_SEQ_02__self__SELF_CANON_CRYAB_0001_0015__s0/eps8/full.in,092d815749401ca5550c8af9170c1af942ff3e5c2a9b52e116cc4430c1dbfd27,HY15_SEQ_02__self__SELF_CANON_CRYAB_0001_0015__s0,HY15_SEQ_02,0,8.0,complete,raw_calculations/apbs/HY15_SEQ_02/HY15_SEQ_02__self__SELF_CANON_CRYAB_0001_0015__s0/eps8/full.stderr.txt,raw_calculations/apbs/HY15_SEQ_02/HY15_SEQ_02__self__SELF_CANON_CRYAB_0001_0015__s0/eps8/full.stdout.txt
self,SELF_CANON_CRYAB_0001_0015,ubuntu@sha256:2edbbc5dc405e9612ba3584ce95480277e3eb374407b5505fe26f17df77c7dbc,12924439,transient_deleted_after_checksum_and_sampling,a7f939726ad5ea81d3a93a2505cf06b8ad673f29e0a0dc52d33cef9248780a03,0,hla_only,raw_calculations/apbs/HY15_SEQ_02/HY15_SEQ_02__self__SELF_CANON_CRYAB_0001_0015__s0/eps8/hla_only.in,e247dca11bf5fa39f34c2c89cfb4a8f8d032f1d002ebce42b3cc93ca3230c1dd,HY15_SEQ_02__self__SELF_CANON_CRYAB_0001_0015__s0,HY15_SEQ_02,0,8.0,complete,raw_calculations/apbs/HY15_SEQ_02/HY15_SEQ_02__self__SELF_CANON_CRYAB_0001_0015__s0/eps8/hla_only.stderr.txt,raw_calculations/apbs/HY15_SEQ_02/HY15_SEQ_02__self__SELF_CANON_CRYAB_0001_0015__s0/eps8/hla_only.stdout.txt
self,SELF_CANON_CRYAB_0001_0015,ubuntu@sha256:2edbbc5dc405e9612ba3584ce95480277e3eb374407b5505fe26f17df77c7dbc,12825718,transient_deleted_after_checksum_and_sampling,dafe412c4a4cb5b0d7f9910b6f1209cf2a22f84176e49867ebd5753de82b4d46,0,full,raw_calculations/apbs/HY15_SEQ_02/HY15_SEQ_02__self__SELF_CANON_CRYAB_0001_0015__s1/eps2/full.in,a966fb78b218f1bbe693f36a35f2b33dcb571a495507ebdb59deaef83eeeab5a,HY15_SEQ_02__self__SELF_CANON_CRYAB_0001_0015__s1,HY15_SEQ_02,1,2.0,complete,raw_calculations/apbs/HY15_SEQ_02/HY15_SEQ_02__self__SELF_CANON_CRYAB_0001_0015__s1/eps2/full.stderr.txt,raw_calculations/apbs/HY15_SEQ_02/HY15_SEQ_02__self__SELF_CANON_CRYAB_0001_0015__s1/eps2/full.stdout.txt
self,SELF_CANON_CRYAB_0001_0015,ubuntu@sha256:2edbbc5dc405e9612ba3584ce95480277e3eb374407b5505fe26f17df77c7dbc,12874718,transient_deleted_after_checksum_and_sampling,af8799f652fa91117ace1a058b99bab99b86960ed0546a52cd053d8d2ba1854d,0,hla_only,raw_calculations/apbs/HY15_SEQ_02/HY15_SEQ_02__self__SELF_CANON_CRYAB_0001_0015__s1/eps2/hla_only.in,86ed0d5fa0f9abe92f4275a03e1d4aec2b409549ad4b9a7a88aa9f29d91e78bc,HY15_SEQ_02__self__SELF_CANON_CRYAB_0001_0015__s1,HY15_SEQ_02,1,2.0,complete,raw_calculations/apbs/HY15_SEQ_02/HY15_SEQ_02__self__SELF_CANON_CRYAB_0001_0015__s1/eps2/hla_only.stderr.txt,raw_calculations/apbs/HY15_SEQ_02/HY15_SEQ_02__self__SELF_CANON_CRYAB_0001_0015__s1/eps2/hla_only.stdout.txt
self,SELF_CANON_CRYAB_0001_0015,ubuntu@sha256:2edbbc5dc405e9612ba3584ce95480277e3eb374407b5505fe26f17df77c7dbc,12836311,transient_deleted_after_checksum_and_sampling,2ef174565904bdbda21ed3aafcbb6e8ebc7daaeb10c8060c88f14a63b607bd32,0,full,raw_calculations/apbs/HY15_SEQ_02/HY15_SEQ_02__self__SELF_CANON_CRYAB_0001_0015__s1/eps4/full.in,96889f1afa06224eba7b62218fd3e5c9092c9f0a9b90b27eb35c8bdccaf0df09,HY15_SEQ_02__self__SELF_CANON_CRYAB_0001_0015__s1,HY15_SEQ_02,1,4.0,complete,raw_calculations/apbs/HY15_SEQ_02/HY15_SEQ_02__self__SELF_CANON_CRYAB_0001_0015__s1/eps4/full.stderr.txt,raw_calculations/apbs/HY15_SEQ_02/HY15_SEQ_02__self__SELF_CANON_CRYAB_0001_0015__s1/eps4/full.stdout.txt
self,SELF_CANON_CRYAB_0001_0015,ubuntu@sha256:2edbbc5dc405e9612ba3584ce95480277e3eb374407b5505fe26f17df77c7dbc,12886929,transient_deleted_after_checksum_and_sampling,512f0eb3dbd74d84d97f7cbd75782dead8efe0db4d480e87ee218d1f328948da,0,hla_only,raw_calculations/apbs/HY15_SEQ_02/HY15_SEQ_02__self__SELF_CANON_CRYAB_0001_0015__s1/eps4/hla_only.in,297520bc1beeefc0dc5e19381c7a5a0fd34e7815eb6542280da1d69397f8dc0a,HY15_SEQ_02__self__SELF_CANON_CRYAB_0001_0015__s1,HY15_SEQ_02,1,4.0,complete,raw_calculations/apbs/HY15_SEQ_02/HY15_SEQ_02__self__SELF_CANON_CRYAB_0001_0015__s1/eps4/hla_only.stderr.txt,raw_calculations/apbs/HY15_SEQ_02/HY15_SEQ_02__self__SELF_CANON_CRYAB_0001_0015__s1/eps4/hla_only.stdout.txt
self,SELF_CANON_CRYAB_0001_0015,ubuntu@sha256:2edbbc5dc405e9612ba3584ce95480277e3eb374407b5505fe26f17df77c7dbc,12851857,transient_deleted_after_checksum_and_sampling,000f99fa1367cc344854751b45a4428eb138556dd9c1e45651714ab9301cfd49,0,full,raw_calculations/apbs/HY15_SEQ_02/HY15_SEQ_02__self__SELF_CANON_CRYAB_0001_0015__s1/eps8/full.in,d2bb52ba5fd2a836a61960b9cd87facb7959aa01dc51285cc991f65e6c4dd61c,HY15_SEQ_02__self__SELF_CANON_CRYAB_0001_0015__s1,HY15_SEQ_02,1,8.0,complete,raw_calculations/apbs/HY15_SEQ_02/HY15_SEQ_02__self__SELF_CANON_CRYAB_0001_0015__s1/eps8/full.stderr.txt,raw_calculations/apbs/HY15_SEQ_02/HY15_SEQ_02__self__SELF_CANON_CRYAB_0001_0015__s1/eps8/full.stdout.txt
self,SELF_CANON_CRYAB_0001_0015,ubuntu@sha256:2edbbc5dc405e9612ba3584ce95480277e3eb374407b5505fe26f17df77c7dbc,12904578,transient_deleted_after_checksum_and_sampling,ea075994ba20a43e77b8a02533efb6f5708ff144a62ab6f2e7b47820299315e2,0,hla_only,raw_calculations/apbs/HY15_SEQ_02/HY15_SEQ_02__self__SELF_CANON_CRYAB_0001_0015__s1/eps8/hla_only.in,2e99ecbacf186816b297904adcd9c6392a5b0f3f74a6b5fe2e6f9680efd58a1a,HY15_SEQ_02__self__SELF_CANON_CRYAB_0001_0015__s1,HY15_SEQ_02,1,8.0,complete,raw_calculations/apbs/HY15_SEQ_02/HY15_SEQ_02__self__SELF_CANON_CRYAB_0001_0015__s1/eps8/hla_only.stderr.txt,raw_calculations/apbs/HY15_SEQ_02/HY15_SEQ_02__self__SELF_CANON_CRYAB_0001_0015__s1/eps8/hla_only.stdout.txt
self,SELF_CANON_CRYAB_0001_0015,ubuntu@sha256:2edbbc5dc405e9612ba3584ce95480277e3eb374407b5505fe26f17df77c7dbc,12804850,transient_deleted_after_checksum_and_sampling,a1fdc419f550f6b157ff4f362c039b461d0baa9ec2c98594982a691c771b61ae,0,full,raw_calculations/apbs/HY15_SEQ_02/HY15_SEQ_02__self__SELF_CANON_CRYAB_0001_0015__s2/eps2/full.in,8f860a4b233f2a3225435f04702b530f18e2fa2bd016d2d8523cfa06653d4973,HY15_SEQ_02__self__SELF_CANON_CRYAB_0001_0015__s2,HY15_SEQ_02,2,2.0,complete,raw_calculations/apbs/HY15_SEQ_02/HY15_SEQ_02__self__SELF_CANON_CRYAB_0001_0015__s2/eps2/full.stderr.txt,raw_calculations/apbs/HY15_SEQ_02/HY15_SEQ_02__self__SELF_CANON_CRYAB_0001_0015__s2/eps2/full.stdout.txt
self,SELF_CANON_CRYAB_0001_0015,ubuntu@sha256:2edbbc5dc405e9612ba3584ce95480277e3eb374407b5505fe26f17df77c7dbc,12858335,transient_deleted_after_checksum_and_sampling,eb24cede5f997dc5d7222724055016ebf6480e32d7649eb28dc81c43e50523ac,0,hla_only,raw_calculations/apbs/HY15_SEQ_02/HY15_SEQ_02__self__SELF_CANON_CRYAB_0001_0015__s2/eps2/hla_only.in,57d18fb897474a2a2dbd0b76ebbc7ff2588a0f05e543e6f588ba5636d66c955f,HY15_SEQ_02__self__SELF_CANON_CRYAB_0001_0015__s2,HY15_SEQ_02,2,2.0,complete,raw_calculations/apbs/HY15_SEQ_02/HY15_SEQ_02__self__SELF_CANON_CRYAB_0001_0015__s2/eps2/hla_only.stderr.txt,raw_calculations/apbs/HY15_SEQ_02/HY15_SEQ_02__self__SELF_CANON_CRYAB_0001_0015__s2/eps2/hla_only.stdout.txt
self,SELF_CANON_CRYAB_0001_0015,ubuntu@sha256:2edbbc5dc405e9612ba3584ce95480277e3eb374407b5505fe26f17df77c7dbc,12813912,transient_deleted_after_checksum_and_sampling,614bba053d945f0efaef57b4ac0171787e50663e59ed6fb1f9303310fd281f67,0,full,raw_calculations/apbs/HY15_SEQ_02/HY15_SEQ_02__self__SELF_CANON_CRYAB_0001_0015__s2/eps4/full.in,6aac4743a33797be5759fa342e56a54458cc3e44982126b6cd02937398ff11c8,HY15_SEQ_02__self__SELF_CANON_CRYAB_0001_0015__s2,HY15_SEQ_02,2,4.0,complete,raw_calculations/apbs/HY15_SEQ_02/HY15_SEQ_02__self__SELF_CANON_CRYAB_0001_0015__s2/eps4/full.stderr.txt,raw_calculations/apbs/HY15_SEQ_02/HY15_SEQ_02__self__SELF_CANON_CRYAB_0001_0015__s2/eps4/full.stdout.txt
self,SELF_CANON_CRYAB_0001_0015,ubuntu@sha256:2edbbc5dc405e9612ba3584ce95480277e3eb374407b5505fe26f17df77c7dbc,12870275,transient_deleted_after_checksum_and_sampling,53533aa654481ef00975c8a7c3b9ea1dbf5bd7cbc71d0b110dfe7b2d13f36246,0,hla_only,raw_calculations/apbs/HY15_SEQ_02/HY15_SEQ_02__self__SELF_CANON_CRYAB_0001_0015__s2/eps4/hla_only.in,18cd7da8065928173aa8cf3ef3c46cf4b1d273aeec92712fa0e04cbe58722989,HY15_SEQ_02__self__SELF_CANON_CRYAB_0001_0015__s2,HY15_SEQ_02,2,4.0,complete,raw_calculations/apbs/HY15_SEQ_02/HY15_SEQ_02__self__SELF_CANON_CRYAB_0001_0015__s2/eps4/hla_only.stderr.txt,raw_calculations/apbs/HY15_SEQ_02/HY15_SEQ_02__self__SELF_CANON_CRYAB_0001_0015__s2/eps4/hla_only.stdout.txt
self,SELF_CANON_CRYAB_0001_0015,ubuntu@sha256:2edbbc5dc405e9612ba3584ce95480277e3eb374407b5505fe26f17df77c7dbc,12829327,transient_deleted_after_checksum_and_sampling,bf6957a9bf4c007921d689c6e216e22e07c862baab2a18319d7795ad6c2bd2fa,0,full,raw_calculations/apbs/HY15_SEQ_02/HY15_SEQ_02__self__SELF_CANON_CRYAB_0001_0015__s2/eps8/full.in,cd696fbe012bcf1f7cf953ac43087a6d08b4954d019489ff45a70df207e16f7a,HY15_SEQ_02__self__SELF_CANON_CRYAB_0001_0015__s2,HY15_SEQ_02,2,8.0,complete,raw_calculations/apbs/HY15_SEQ_02/HY15_SEQ_02__self__SELF_CANON_CRYAB_0001_0015__s2/eps8/full.stderr.txt,raw_calculations/apbs/HY15_SEQ_02/HY15_SEQ_02__self__SELF_CANON_CRYAB_0001_0015__s2/eps8/full.stdout.txt
self,SELF_CANON_CRYAB_0001_0015,ubuntu@sha256:2edbbc5dc405e9612ba3584ce95480277e3eb374407b5505fe26f17df77c7dbc,12886954,transient_deleted_after_checksum_and_sampling,da0d5ac1c595f18fc03dd7785dcb42bdd0dfc116bd1f96d72ba428484699b293,0,hla_only,raw_calculations/apbs/HY15_SEQ_02/HY15_SEQ_02__self__SELF_CANON_CRYAB_0001_0015__s2/eps8/hla_only.in,5283316ff6309a9d4288e22d99b6a04974ed19fdc82b1a06a8f6b33a876ba797,HY15_SEQ_02__self__SELF_CANON_CRYAB_0001_0015__s2,HY15_SEQ_02,2,8.0,complete,raw_calculations/apbs/HY15_SEQ_02/HY15_SEQ_02__self__SELF_CANON_CRYAB_0001_0015__s2/eps8/hla_only.stderr.txt,raw_calculations/apbs/HY15_SEQ_02/HY15_SEQ_02__self__SELF_CANON_CRYAB_0001_0015__s2/eps8/hla_only.stdout.txt
self,SELF_CANON_CRYAB_0001_0015,ubuntu@sha256:2edbbc5dc405e9612ba3584ce95480277e3eb374407b5505fe26f17df77c7dbc,12828142,transient_deleted_after_checksum_and_sampling,f3994d1a423dfc63ef8cad01270f99d92f4bb9d75ff590c621bbee580d1f0c8b,0,full,raw_calculations/apbs/HY15_SEQ_02/HY15_SEQ_02__self__SELF_CANON_CRYAB_0001_0015__s3/eps2/full.in,c82b90b0dd553ebf1ac44c2e85f675341b81fd10e6a5967b85e1c26585f584a1,HY15_SEQ_02__self__SELF_CANON_CRYAB_0001_0015__s3,HY15_SEQ_02,3,2.0,complete,raw_calculations/apbs/HY15_SEQ_02/HY15_SEQ_02__self__SELF_CANON_CRYAB_0001_0015__s3/eps2/full.stderr.txt,raw_calculations/apbs/HY15_SEQ_02/HY15_SEQ_02__self__SELF_CANON_CRYAB_0001_0015__s3/eps2/full.stdout.txt
self,SELF_CANON_CRYAB_0001_0015,ubuntu@sha256:2edbbc5dc405e9612ba3584ce95480277e3eb374407b5505fe26f17df77c7dbc,12873476,transient_deleted_after_checksum_and_sampling,204521cf12b9d8c9f0a958c69ba1ccd259fe4d929ec9313b61f2e830e134a002,0,hla_only,raw_calculations/apbs/HY15_SEQ_02/HY15_SEQ_02__self__SELF_CANON_CRYAB_0001_0015__s3/eps2/hla_only.in,f25818759adb5ff861568b8d851612cbd1e5fc6ccc6e55ec06387d9ff1ae9ef4,HY15_SEQ_02__self__SELF_CANON_CRYAB_0001_0015__s3,HY15_SEQ_02,3,2.0,complete,raw_calculations/apbs/HY15_SEQ_02/HY15_SEQ_02__self__SELF_CANON_CRYAB_0001_0015__s3/eps2/hla_only.stderr.txt,raw_calculations/apbs/HY15_SEQ_02/HY15_SEQ_02__self__SELF_CANON_CRYAB_0001_0015__s3/eps2/hla_only.stdout.txt
self,SELF_CANON_CRYAB_0001_0015,ubuntu@sha256:2edbbc5dc405e9612ba3584ce95480277e3eb374407b5505fe26f17df77c7dbc,12837611,transient_deleted_after_checksum_and_sampling,d2ebc0394e37356500f5118e9af4d6efc9545a92ae152c89cec32716debe30ec,0,full,raw_calculations/apbs/HY15_SEQ_02/HY15_SEQ_02__self__SELF_CANON_CRYAB_0001_0015__s3/eps4/full.in,48c00ad02a9698c0c263e06c8a0a9f1ddf0d58f6832f9a23dac2457d7d4b35d6,HY15_SEQ_02__self__SELF_CANON_CRYAB_0001_0015__s3,HY15_SEQ_02,3,4.0,complete,raw_calculations/apbs/HY15_SEQ_02/HY15_SEQ_02__self__SELF_CANON_CRYAB_0001_0015__s3/eps4/full.stderr.txt,raw_calculations/apbs/HY15_SEQ_02/HY15_SEQ_02__self__SELF_CANON_CRYAB_0001_0015__s3/eps4/full.stdout.txt
self,SELF_CANON_CRYAB_0001_0015,ubuntu@sha256:2edbbc5dc405e9612ba3584ce95480277e3eb374407b5505fe26f17df77c7dbc,12884942,transient_deleted_after_checksum_and_sampling,0b3986bc8ce0f3a0db6ae73cd79e7ddf3aa8b3466657d7ef9e85fc5c5e8bd71b,0,hla_only,raw_calculations/apbs/HY15_SEQ_02/HY15_SEQ_02__self__SELF_CANON_CRYAB_0001_0015__s3/eps4/hla_only.in,e0780747e745a0f9f3cee2fc51df1d4744e68dd3c87d31d5b76bcc19407d64f8,HY15_SEQ_02__self__SELF_CANON_CRYAB_0001_0015__s3,HY15_SEQ_02,3,4.0,complete,raw_calculations/apbs/HY15_SEQ_02/HY15_SEQ_02__self__SELF_CANON_CRYAB_0001_0015__s3/eps4/hla_only.stderr.txt,raw_calculations/apbs/HY15_SEQ_02/HY15_SEQ_02__self__SELF_CANON_CRYAB_0001_0015__s3/eps4/hla_only.stdout.txt
self,SELF_CANON_CRYAB_0001_0015,ubuntu@sha256:2edbbc5dc405e9612ba3584ce95480277e3eb374407b5505fe26f17df77c7dbc,12852873,transient_deleted_after_checksum_and_sampling,4d6eaf5be612b0b22cc0bd1f4a25bb3c1f6b20cfbf6793f746f8421ff3131d74,0,full,raw_calculations/apbs/HY15_SEQ_02/HY15_SEQ_02__self__SELF_CANON_CRYAB_0001_0015__s3/eps8/full.in,33401e0f0ff505dd7029c61674ab229ee6cb513ddfbf11a347dfe0ab5eea066e,HY15_SEQ_02__self__SELF_CANON_CRYAB_0001_0015__s3,HY15_SEQ_02,3,8.0,complete,raw_calculations/apbs/HY15_SEQ_02/HY15_SEQ_02__self__SELF_CANON_CRYAB_0001_0015__s3/eps8/full.stderr.txt,raw_calculations/apbs/HY15_SEQ_02/HY15_SEQ_02__self__SELF_CANON_CRYAB_0001_0015__s3/eps8/full.stdout.txt
self,SELF_CANON_CRYAB_0001_0015,ubuntu@sha256:2edbbc5dc405e9612ba3584ce95480277e3eb374407b5505fe26f17df77c7dbc,12901359,transient_deleted_after_checksum_and_sampling,dbd3daf6a91a6d3d7227eed018894b488ff693610974993a50da97d5263f4c9f,0,hla_only,raw_calculations/apbs/HY15_SEQ_02/HY15_SEQ_02__self__SELF_CANON_CRYAB_0001_0015__s3/eps8/hla_only.in,41ec921af685f537e86d202d97ce0a6dc0a10617deedbabe83f678680f4f03ff,HY15_SEQ_02__self__SELF_CANON_CRYAB_0001_0015__s3,HY15_SEQ_02,3,8.0,complete,raw_calculations/apbs/HY15_SEQ_02/HY15_SEQ_02__self__SELF_CANON_CRYAB_0001_0015__s3/eps8/hla_only.stderr.txt,raw_calculations/apbs/HY15_SEQ_02/HY15_SEQ_02__self__SELF_CANON_CRYAB_0001_0015__s3/eps8/hla_only.stdout.txt
self,SELF_CANON_CRYAB_0001_0015,ubuntu@sha256:2edbbc5dc405e9612ba3584ce95480277e3eb374407b5505fe26f17df77c7dbc,12823668,transient_deleted_after_checksum_and_sampling,06a32bfc61568a17ee34123fea006cee37a9826840d2d6956a8fe27439ebf1f9,0,full,raw_calculations/apbs/HY15_SEQ_02/HY15_SEQ_02__self__SELF_CANON_CRYAB_0001_0015__s4/eps2/full.in,d2a60d08a06ecf7184c521b1d4cc0bcc7f44806aa8093aeea161bea7f1dc302a,HY15_SEQ_02__self__SELF_CANON_CRYAB_0001_0015__s4,HY15_SEQ_02,4,2.0,complete,raw_calculations/apbs/HY15_SEQ_02/HY15_SEQ_02__self__SELF_CANON_CRYAB_0001_0015__s4/eps2/full.stderr.txt,raw_calculations/apbs/HY15_SEQ_02/HY15_SEQ_02__self__SELF_CANON_CRYAB_0001_0015__s4/eps2/full.stdout.txt
self,SELF_CANON_CRYAB_0001_0015,ubuntu@sha256:2edbbc5dc405e9612ba3584ce95480277e3eb374407b5505fe26f17df77c7dbc,12873561,transient_deleted_after_checksum_and_sampling,e32c3b66d1bd5c6b11dff70afac84a8eef3b4818b096914d4e2f5cba74df2e22,0,hla_only,raw_calculations/apbs/HY15_SEQ_02/HY15_SEQ_02__self__SELF_CANON_CRYAB_0001_0015__s4/eps2/hla_only.in,2a7f5b795c868a52c21660527a56ac1e01241a999bb2e96a1afe60ac85433f7d,HY15_SEQ_02__self__SELF_CANON_CRYAB_0001_0015__s4,HY15_SEQ_02,4,2.0,complete,raw_calculations/apbs/HY15_SEQ_02/HY15_SEQ_02__self__SELF_CANON_CRYAB_0001_0015__s4/eps2/hla_only.stderr.txt,raw_calculations/apbs/HY15_SEQ_02/HY15_SEQ_02__self__SELF_CANON_CRYAB_0001_0015__s4/eps2/hla_only.stdout.txt
self,SELF_CANON_CRYAB_0001_0015,ubuntu@sha256:2edbbc5dc405e9612ba3584ce95480277e3eb374407b5505fe26f17df77c7dbc,12829947,transient_deleted_after_checksum_and_sampling,49fcc5c2d9cdf206eacdd21c3138d797ffa914d8c9091c8bac3d018ddf595b5b,0,full,raw_calculations/apbs/HY15_SEQ_02/HY15_SEQ_02__self__SELF_CANON_CRYAB_0001_0015__s4/eps4/full.in,3d467e816aea78adc8fec7175e7211f5a7924278cd3b0f52a333675ac1f8d25f,HY15_SEQ_02__self__SELF_CANON_CRYAB_0001_0015__s4,HY15_SEQ_02,4,4.0,complete,raw_calculations/apbs/HY15_SEQ_02/HY15_SEQ_02__self__SELF_CANON_CRYAB_0001_0015__s4/eps4/full.stderr.txt,raw_calculations/apbs/HY15_SEQ_02/HY15_SEQ_02__self__SELF_CANON_CRYAB_0001_0015__s4/eps4/full.stdout.txt
self,SELF_CANON_CRYAB_0001_0015,ubuntu@sha256:2edbbc5dc405e9612ba3584ce95480277e3eb374407b5505fe26f17df77c7dbc,12883093,transient_deleted_after_checksum_and_sampling,48a95e37c9d9d46f4fc53bb192dd141fb595907b2ec6cf1d8cc22657596a1ecb,0,hla_only,raw_calculations/apbs/HY15_SEQ_02/HY15_SEQ_02__self__SELF_CANON_CRYAB_0001_0015__s4/eps4/hla_only.in,72e429b3635f309028e8e7fecd2db2b87064015d716138ce08cee29936449752,HY15_SEQ_02__self__SELF_CANON_CRYAB_0001_0015__s4,HY15_SEQ_02,4,4.0,complete,raw_calculations/apbs/HY15_SEQ_02/HY15_SEQ_02__self__SELF_CANON_CRYAB_0001_0015__s4/eps4/hla_only.stderr.txt,raw_calculations/apbs/HY15_SEQ_02/HY15_SEQ_02__self__SELF_CANON_CRYAB_0001_0015__s4/eps4/hla_only.stdout.txt
self,SELF_CANON_CRYAB_0001_0015,ubuntu@sha256:2edbbc5dc405e9612ba3584ce95480277e3eb374407b5505fe26f17df77c7dbc,12841147,transient_deleted_after_checksum_and_sampling,23a69e47fb531a6dc8ca15e22f476470d7b2395805df3b24a9432860ae1d6958,0,full,raw_calculations/apbs/HY15_SEQ_02/HY15_SEQ_02__self__SELF_CANON_CRYAB_0001_0015__s4/eps8/full.in,1f427d4c0821f9b1b1b231fd1b54a3a38bf2e5f82a812e94511a1fe9ff3fea92,HY15_SEQ_02__self__SELF_CANON_CRYAB_0001_0015__s4,HY15_SEQ_02,4,8.0,complete,raw_calculations/apbs/HY15_SEQ_02/HY15_SEQ_02__self__SELF_CANON_CRYAB_0001_0015__s4/eps8/full.stderr.txt,raw_calculations/apbs/HY15_SEQ_02/HY15_SEQ_02__self__SELF_CANON_CRYAB_0001_0015__s4/eps8/full.stdout.txt
self,SELF_CANON_CRYAB_0001_0015,ubuntu@sha256:2edbbc5dc405e9612ba3584ce95480277e3eb374407b5505fe26f17df77c7dbc,12897672,transient_deleted_after_checksum_and_sampling,ab378fd3bd35131daf5f5d2c33b45649d467f295461217c8609bbad53546631f,0,hla_only,raw_calculations/apbs/HY15_SEQ_02/HY15_SEQ_02__self__SELF_CANON_CRYAB_0001_0015__s4/eps8/hla_only.in,a792c8524e7acbfe3d6f75f7a036b4a88b0b296943883b44cf862b527ecd3c12,HY15_SEQ_02__self__SELF_CANON_CRYAB_0001_0015__s4,HY15_SEQ_02,4,8.0,complete,raw_calculations/apbs/HY15_SEQ_02/HY15_SEQ_02__self__SELF_CANON_CRYAB_0001_0015__s4/eps8/hla_only.stderr.txt,raw_calculations/apbs/HY15_SEQ_02/HY15_SEQ_02__self__SELF_CANON_CRYAB_0001_0015__s4/eps8/hla_only.stdout.txt
self,SELF_CANON_TALDO1_0216_0230,ubuntu@sha256:2edbbc5dc405e9612ba3584ce95480277e3eb374407b5505fe26f17df77c7dbc,12631775,transient_deleted_after_checksum_and_sampling,cb495fa7300c9562a6d99867c97ca1b130ec4a5bcb0302690e1d1136d0e05ef6,0,full,raw_calculations/apbs/HY15_SEQ_02/HY15_SEQ_02__self__SELF_CANON_TALDO1_0216_0230__s0/eps2/full.in,8ecd39d7a0771a46218f81a50f381492e24a3f07d5e2565c31f336e5f6f23b25,HY15_SEQ_02__self__SELF_CANON_TALDO1_0216_0230__s0,HY15_SEQ_02,0,2.0,complete,raw_calculations/apbs/HY15_SEQ_02/HY15_SEQ_02__self__SELF_CANON_TALDO1_0216_0230__s0/eps2/full.stderr.txt,raw_calculations/apbs/HY15_SEQ_02/HY15_SEQ_02__self__SELF_CANON_TALDO1_0216_0230__s0/eps2/full.stdout.txt
self,SELF_CANON_TALDO1_0216_0230,ubuntu@sha256:2edbbc5dc405e9612ba3584ce95480277e3eb374407b5505fe26f17df77c7dbc,12876422,transient_deleted_after_checksum_and_sampling,32b6e9a6e30392e805b7392ed5b4ea78bcbda45d95f73ddf6a6ebad2f846bd42,0,hla_only,raw_calculations/apbs/HY15_SEQ_02/HY15_SEQ_02__self__SELF_CANON_TALDO1_0216_0230__s0/eps2/hla_only.in,cf028fbfb27e6f42a834878c40df0cd3e10391c1d728361c88ffa7b2cd5b2204,HY15_SEQ_02__self__SELF_CANON_TALDO1_0216_0230__s0,HY15_SEQ_02,0,2.0,complete,raw_calculations/apbs/HY15_SEQ_02/HY15_SEQ_02__self__SELF_CANON_TALDO1_0216_0230__s0/eps2/hla_only.stderr.txt,raw_calculations/apbs/HY15_SEQ_02/HY15_SEQ_02__self__SELF_CANON_TALDO1_0216_0230__s0/eps2/hla_only.stdout.txt
self,SELF_CANON_TALDO1_0216_0230,ubuntu@sha256:2edbbc5dc405e9612ba3584ce95480277e3eb374407b5505fe26f17df77c7dbc,12642505,transient_deleted_after_checksum_and_sampling,3582e16c4c8813f30f4dc94fac67db9b35fe5109cf83bb9c99af6067c8a95f2b,0,full,raw_calculations/apbs/HY15_SEQ_02/HY15_SEQ_02__self__SELF_CANON_TALDO1_0216_0230__s0/eps4/full.in,627417ae51aae3fde4d473607ba48137d602c1d33e025a34ebf7537afd784203,HY15_SEQ_02__self__SELF_CANON_TALDO1_0216_0230__s0,HY15_SEQ_02,0,4.0,complete,raw_calculations/apbs/HY15_SEQ_02/HY15_SEQ_02__self__SELF_CANON_TALDO1_0216_0230__s0/eps4/full.stderr.txt,raw_calculations/apbs/HY15_SEQ_02/HY15_SEQ_02__self__SELF_CANON_TALDO1_0216_0230__s0/eps4/full.stdout.txt
self,SELF_CANON_TALDO1_0216_0230,ubuntu@sha256:2edbbc5dc405e9612ba3584ce95480277e3eb374407b5505fe26f17df77c7dbc,12889200,transient_deleted_after_checksum_and_sampling,c0050d2368d5fab9f1e8828349bf0c444c97b948cdb125ed16c9f7bf0523dd86,0,hla_only,raw_calculations/apbs/HY15_SEQ_02/HY15_SEQ_02__self__SELF_CANON_TALDO1_0216_0230__s0/eps4/hla_only.in,d7af65d15aefe3da0fdd46aff5e1ba0c950a5203d630716f3c6981af052c270a,HY15_SEQ_02__self__SELF_CANON_TALDO1_0216_0230__s0,HY15_SEQ_02,0,4.0,complete,raw_calculations/apbs/HY15_SEQ_02/HY15_SEQ_02__self__SELF_CANON_TALDO1_0216_0230__s0/eps4/hla_only.stderr.txt,raw_calculations/apbs/HY15_SEQ_02/HY15_SEQ_02__self__SELF_CANON_TALDO1_0216_0230__s0/eps4/hla_only.stdout.txt
self,SELF_CANON_TALDO1_0216_0230,ubuntu@sha256:2edbbc5dc405e9612ba3584ce95480277e3eb374407b5505fe26f17df77c7dbc,12658357,transient_deleted_after_checksum_and_sampling,4cb1b4e048900028de40578ebdcd9f63fcb77022fcfdf1366d5a514dfa95d299,0,full,raw_calculations/apbs/HY15_SEQ_02/HY15_SEQ_02__self__SELF_CANON_TALDO1_0216_0230__s0/eps8/full.in,763a1f7becbc25675a427cdc00f54a062f40b21d53f316f875be657e02512dd9,HY15_SEQ_02__self__SELF_CANON_TALDO1_0216_0230__s0,HY15_SEQ_02,0,8.0,complete,raw_calculations/apbs/HY15_SEQ_02/HY15_SEQ_02__self__SELF_CANON_TALDO1_0216_0230__s0/eps8/full.stderr.txt,raw_calculations/apbs/HY15_SEQ_02/HY15_SEQ_02__self__SELF_CANON_TALDO1_0216_0230__s0/eps8/full.stdout.txt
self,SELF_CANON_TALDO1_0216_0230,ubuntu@sha256:2edbbc5dc405e9612ba3584ce95480277e3eb374407b5505fe26f17df77c7dbc,12908666,transient_deleted_after_checksum_and_sampling,44e210029e7514f4ffcbf7ae6a3c8fbca85eef89712ea56d8903c1cb674abff7,0,hla_only,raw_calculations/apbs/HY15_SEQ_02/HY15_SEQ_02__self__SELF_CANON_TALDO1_0216_0230__s0/eps8/hla_only.in,bf4e29228aaad18d3a31fefe5d31a08d050db2dfd6cd9a48ed9cfe483831a7da,HY15_SEQ_02__self__SELF_CANON_TALDO1_0216_0230__s0,HY15_SEQ_02,0,8.0,complete,raw_calculations/apbs/HY15_SEQ_02/HY15_SEQ_02__self__SELF_CANON_TALDO1_0216_0230__s0/eps8/hla_only.stderr.txt,raw_calculations/apbs/HY15_SEQ_02/HY15_SEQ_02__self__SELF_CANON_TALDO1_0216_0230__s0/eps8/hla_only.stdout.txt
self,SELF_CANON_TALDO1_0216_0230,ubuntu@sha256:2edbbc5dc405e9612ba3584ce95480277e3eb374407b5505fe26f17df77c7dbc,12626179,transient_deleted_after_checksum_and_sampling,ee9e30b4bead32197f0058444affd29aa65a65c8afb9d84af73efe44c0c7d78c,0,full,raw_calculations/apbs/HY15_SEQ_02/HY15_SEQ_02__self__SELF_CANON_TALDO1_0216_0230__s1/eps2/full.in,fd20235adfbb106b2d55352e1d6f81a34873df0ba78227014bf6ec38190e5e4f,HY15_SEQ_02__self__SELF_CANON_TALDO1_0216_0230__s1,HY15_SEQ_02,1,2.0,complete,raw_calculations/apbs/HY15_SEQ_02/HY15_SEQ_02__self__SELF_CANON_TALDO1_0216_0230__s1/eps2/full.stderr.txt,raw_calculations/apbs/HY15_SEQ_02/HY15_SEQ_02__self__SELF_CANON_TALDO1_0216_0230__s1/eps2/full.stdout.txt
self,SELF_CANON_TALDO1_0216_0230,ubuntu@sha256:2edbbc5dc405e9612ba3584ce95480277e3eb374407b5505fe26f17df77c7dbc,12871686,transient_deleted_after_checksum_and_sampling,24c5127b554d04491d74b031822f1f7802fe285810bf56b662187adf577b9b7f,0,hla_only,raw_calculations/apbs/HY15_SEQ_02/HY15_SEQ_02__self__SELF_CANON_TALDO1_0216_0230__s1/eps2/hla_only.in,f87b64b3537287e09b4de1aa85922d5205d9659193de5d74ebaa8cdce39871e3,HY15_SEQ_02__self__SELF_CANON_TALDO1_0216_0230__s1,HY15_SEQ_02,1,2.0,complete,raw_calculations/apbs/HY15_SEQ_02/HY15_SEQ_02__self__SELF_CANON_TALDO1_0216_0230__s1/eps2/hla_only.stderr.txt,raw_calculations/apbs/HY15_SEQ_02/HY15_SEQ_02__self__SELF_CANON_TALDO1_0216_0230__s1/eps2/hla_only.stdout.txt
self,SELF_CANON_TALDO1_0216_0230,ubuntu@sha256:2edbbc5dc405e9612ba3584ce95480277e3eb374407b5505fe26f17df77c7dbc,12632474,transient_deleted_after_checksum_and_sampling,d7a80d6cde1b5afe02d8c282100ce6da3707d32389e1dce12a5ff5f33224fd1d,0,full,raw_calculations/apbs/HY15_SEQ_02/HY15_SEQ_02__self__SELF_CANON_TALDO1_0216_0230__s1/eps4/full.in,3be243f1f650d922d43f403f82ceb30eb3f4d740d74689f3c599ad92e67e886a,HY15_SEQ_02__self__SELF_CANON_TALDO1_0216_0230__s1,HY15_SEQ_02,1,4.0,complete,raw_calculations/apbs/HY15_SEQ_02/HY15_SEQ_02__self__SELF_CANON_TALDO1_0216_0230__s1/eps4/full.stderr.txt,raw_calculations/apbs/HY15_SEQ_02/HY15_SEQ_02__self__SELF_CANON_TALDO1_0216_0230__s1/eps4/full.stdout.txt
self,SELF_CANON_TALDO1_0216_0230,ubuntu@sha256:2edbbc5dc405e9612ba3584ce95480277e3eb374407b5505fe26f17df77c7dbc,12882707,transient_deleted_after_checksum_and_sampling,4989b765ad9d37d31cb7cb489e330d94cb27d1b68d1d241796e7c2ebb0e35df7,0,hla_only,raw_calculations/apbs/HY15_SEQ_02/HY15_SEQ_02__self__SELF_CANON_TALDO1_0216_0230__s1/eps4/hla_only.in,1c2a35f44062b1078bc595890ac19a8d41165504b7e3e38a725de58f5d978816,HY15_SEQ_02__self__SELF_CANON_TALDO1_0216_0230__s1,HY15_SEQ_02,1,4.0,complete,raw_calculations/apbs/HY15_SEQ_02/HY15_SEQ_02__self__SELF_CANON_TALDO1_0216_0230__s1/eps4/hla_only.stderr.txt,raw_calculations/apbs/HY15_SEQ_02/HY15_SEQ_02__self__SELF_CANON_TALDO1_0216_0230__s1/eps4/hla_only.stdout.txt
self,SELF_CANON_TALDO1_0216_0230,ubuntu@sha256:2edbbc5dc405e9612ba3584ce95480277e3eb374407b5505fe26f17df77c7dbc,12642076,transient_deleted_after_checksum_and_sampling,b626f154e7c873651aa374a074737465e19ae47e0aab5a31f79db5bbc0e82dfc,0,full,raw_calculations/apbs/HY15_SEQ_02/HY15_SEQ_02__self__SELF_CANON_TALDO1_0216_0230__s1/eps8/full.in,6e1d2ef927e57ccde7b62f8aa91f5422054df61e436169b5983df4df6f73a846,HY15_SEQ_02__self__SELF_CANON_TALDO1_0216_0230__s1,HY15_SEQ_02,1,8.0,complete,raw_calculations/apbs/HY15_SEQ_02/HY15_SEQ_02__self__SELF_CANON_TALDO1_0216_0230__s1/eps8/full.stderr.txt,raw_calculations/apbs/HY15_SEQ_02/HY15_SEQ_02__self__SELF_CANON_TALDO1_0216_0230__s1/eps8/full.stdout.txt
self,SELF_CANON_TALDO1_0216_0230,ubuntu@sha256:2edbbc5dc405e9612ba3584ce95480277e3eb374407b5505fe26f17df77c7dbc,12898737,transient_deleted_after_checksum_and_sampling,784a96d02aa20a54cae716834f20733e6dc94fef94d715357df58ab4c777341d,0,hla_only,raw_calculations/apbs/HY15_SEQ_02/HY15_SEQ_02__self__SELF_CANON_TALDO1_0216_0230__s1/eps8/hla_only.in,bc3d4a18e0fcc307c90000449b4a835ae0287c41148552ff8425834df05da31b,HY15_SEQ_02__self__SELF_CANON_TALDO1_0216_0230__s1,HY15_SEQ_02,1,8.0,complete,raw_calculations/apbs/HY15_SEQ_02/HY15_SEQ_02__self__SELF_CANON_TALDO1_0216_0230__s1/eps8/hla_only.stderr.txt,raw_calculations/apbs/HY15_SEQ_02/HY15_SEQ_02__self__SELF_CANON_TALDO1_0216_0230__s1/eps8/hla_only.stdout.txt
self,SELF_CANON_TALDO1_0216_0230,ubuntu@sha256:2edbbc5dc405e9612ba3584ce95480277e3eb374407b5505fe26f17df77c7dbc,12621100,transient_deleted_after_checksum_and_sampling,0ae144445089953aff96519374a7d84d3824da630272a0ee725fbc7678275a8b,0,full,raw_calculations/apbs/HY15_SEQ_02/HY15_SEQ_02__self__SELF_CANON_TALDO1_0216_0230__s2/eps2/full.in,d51c0fe18235d59574ce87a38a935ffbf29201f267b323507598e1e9301a3daf,HY15_SEQ_02__self__SELF_CANON_TALDO1_0216_0230__s2,HY15_SEQ_02,2,2.0,complete,raw_calculations/apbs/HY15_SEQ_02/HY15_SEQ_02__self__SELF_CANON_TALDO1_0216_0230__s2/eps2/full.stderr.txt,raw_calculations/apbs/HY15_SEQ_02/HY15_SEQ_02__self__SELF_CANON_TALDO1_0216_0230__s2/eps2/full.stdout.txt
self,SELF_CANON_TALDO1_0216_0230,ubuntu@sha256:2edbbc5dc405e9612ba3584ce95480277e3eb374407b5505fe26f17df77c7dbc,12867580,transient_deleted_after_checksum_and_sampling,640ac900fc143fbc3b1322dbac97bd5804f0fd4359f08adc480ae388274ebff6,0,hla_only,raw_calculations/apbs/HY15_SEQ_02/HY15_SEQ_02__self__SELF_CANON_TALDO1_0216_0230__s2/eps2/hla_only.in,c450367e9dcb97335c3e2a0ddf6e677c34264063d8d4e203adf16be7c75b37b4,HY15_SEQ_02__self__SELF_CANON_TALDO1_0216_0230__s2,HY15_SEQ_02,2,2.0,complete,raw_calculations/apbs/HY15_SEQ_02/HY15_SEQ_02__self__SELF_CANON_TALDO1_0216_0230__s2/eps2/hla_only.stderr.txt,raw_calculations/apbs/HY15_SEQ_02/HY15_SEQ_02__self__SELF_CANON_TALDO1_0216_0230__s2/eps2/hla_only.stdout.txt
self,SELF_CANON_TALDO1_0216_0230,ubuntu@sha256:2edbbc5dc405e9612ba3584ce95480277e3eb374407b5505fe26f17df77c7dbc,12625955,transient_deleted_after_checksum_and_sampling,17eea2d4657e0d30cf4372317c7aba72bd9b431b39f150223d69804faba36ce7,0,full,raw_calculations/apbs/HY15_SEQ_02/HY15_SEQ_02__self__SELF_CANON_TALDO1_0216_0230__s2/eps4/full.in,9483ae18374bc582b903b2b6370b35b54a9a5d623a039a3a466a8c6e99e1db1b,HY15_SEQ_02__self__SELF_CANON_TALDO1_0216_0230__s2,HY15_SEQ_02,2,4.0,complete,raw_calculations/apbs/HY15_SEQ_02/HY15_SEQ_02__self__SELF_CANON_TALDO1_0216_0230__s2/eps4/full.stderr.txt,raw_calculations/apbs/HY15_SEQ_02/HY15_SEQ_02__self__SELF_CANON_TALDO1_0216_0230__s2/eps4/full.stdout.txt
self,SELF_CANON_TALDO1_0216_0230,ubuntu@sha256:2edbbc5dc405e9612ba3584ce95480277e3eb374407b5505fe26f17df77c7dbc,12877782,transient_deleted_after_checksum_and_sampling,04d8f66df4e46727a06b40fbf11f021c5d09798503bdb8a961913938fc3b6deb,0,hla_only,raw_calculations/apbs/HY15_SEQ_02/HY15_SEQ_02__self__SELF_CANON_TALDO1_0216_0230__s2/eps4/hla_only.in,2964d4addb392880f12f3b4cd674cc294ed4c3c51c3649b1017300ae2a74aa90,HY15_SEQ_02__self__SELF_CANON_TALDO1_0216_0230__s2,HY15_SEQ_02,2,4.0,complete,raw_calculations/apbs/HY15_SEQ_02/HY15_SEQ_02__self__SELF_CANON_TALDO1_0216_0230__s2/eps4/hla_only.stderr.txt,raw_calculations/apbs/HY15_SEQ_02/HY15_SEQ_02__self__SELF_CANON_TALDO1_0216_0230__s2/eps4/hla_only.stdout.txt
self,SELF_CANON_TALDO1_0216_0230,ubuntu@sha256:2edbbc5dc405e9612ba3584ce95480277e3eb374407b5505fe26f17df77c7dbc,12633390,transient_deleted_after_checksum_and_sampling,8a1d2028bcfe2a4d7df1afaa7b67717815669b69580c30d15eda358bb3ab5b02,0,full,raw_calculations/apbs/HY15_SEQ_02/HY15_SEQ_02__self__SELF_CANON_TALDO1_0216_0230__s2/eps8/full.in,3f667c315b2ddd29807c085d3b6518c4a9d32797712503cc6ce56991fda2f613,HY15_SEQ_02__self__SELF_CANON_TALDO1_0216_0230__s2,HY15_SEQ_02,2,8.0,complete,raw_calculations/apbs/HY15_SEQ_02/HY15_SEQ_02__self__SELF_CANON_TALDO1_0216_0230__s2/eps8/full.stderr.txt,raw_calculations/apbs/HY15_SEQ_02/HY15_SEQ_02__self__SELF_CANON_TALDO1_0216_0230__s2/eps8/full.stdout.txt
self,SELF_CANON_TALDO1_0216_0230,ubuntu@sha256:2edbbc5dc405e9612ba3584ce95480277e3eb374407b5505fe26f17df77c7dbc,12893266,transient_deleted_after_checksum_and_sampling,b9ec7ceea04779dfd34d605ca83994a8daa1f9ad407b2fe369bf73e1e10f72f1,0,hla_only,raw_calculations/apbs/HY15_SEQ_02/HY15_SEQ_02__self__SELF_CANON_TALDO1_0216_0230__s2/eps8/hla_only.in,4ab3520de730b00a14a6e0a41d2196e7ab3fca6943afa909afcb54e09e05536c,HY15_SEQ_02__self__SELF_CANON_TALDO1_0216_0230__s2,HY15_SEQ_02,2,8.0,complete,raw_calculations/apbs/HY15_SEQ_02/HY15_SEQ_02__self__SELF_CANON_TALDO1_0216_0230__s2/eps8/hla_only.stderr.txt,raw_calculations/apbs/HY15_SEQ_02/HY15_SEQ_02__self__SELF_CANON_TALDO1_0216_0230__s2/eps8/hla_only.stdout.txt
self,SELF_CANON_TALDO1_0216_0230,ubuntu@sha256:2edbbc5dc405e9612ba3584ce95480277e3eb374407b5505fe26f17df77c7dbc,12624465,transient_deleted_after_checksum_and_sampling,72f9173197faa5af75fbe84631f4608ddd438abeaf4cb547a2b26ba56d2fe335,0,full,raw_calculations/apbs/HY15_SEQ_02/HY15_SEQ_02__self__SELF_CANON_TALDO1_0216_0230__s3/eps2/full.in,2e3af9d8c38111c2f59607eaa80bb89fc0ccf21df795b80831cb587a3ecfce7e,HY15_SEQ_02__self__SELF_CANON_TALDO1_0216_0230__s3,HY15_SEQ_02,3,2.0,complete,raw_calculations/apbs/HY15_SEQ_02/HY15_SEQ_02__self__SELF_CANON_TALDO1_0216_0230__s3/eps2/full.stderr.txt,raw_calculations/apbs/HY15_SEQ_02/HY15_SEQ_02__self__SELF_CANON_TALDO1_0216_0230__s3/eps2/full.stdout.txt
self,SELF_CANON_TALDO1_0216_0230,ubuntu@sha256:2edbbc5dc405e9612ba3584ce95480277e3eb374407b5505fe26f17df77c7dbc,12869470,transient_deleted_after_checksum_and_sampling,ea80a1da378c10ea15ceac7f197a187973b49abe6bf44a1d29f5620de73b69f1,0,hla_only,raw_calculations/apbs/HY15_SEQ_02/HY15_SEQ_02__self__SELF_CANON_TALDO1_0216_0230__s3/eps2/hla_only.in,549773b78f95002794dfa8cbe09a80ce5ff7ab63c5e6e3006b0b13bc63d63bbd,HY15_SEQ_02__self__SELF_CANON_TALDO1_0216_0230__s3,HY15_SEQ_02,3,2.0,complete,raw_calculations/apbs/HY15_SEQ_02/HY15_SEQ_02__self__SELF_CANON_TALDO1_0216_0230__s3/eps2/hla_only.stderr.txt,raw_calculations/apbs/HY15_SEQ_02/HY15_SEQ_02__self__SELF_CANON_TALDO1_0216_0230__s3/eps2/hla_only.stdout.txt
self,SELF_CANON_TALDO1_0216_0230,ubuntu@sha256:2edbbc5dc405e9612ba3584ce95480277e3eb374407b5505fe26f17df77c7dbc,12628307,transient_deleted_after_checksum_and_sampling,e02b2987af960f7d7c00323c7caf2715e6474999d1af98bde9a8f1dc83d775f4,0,full,raw_calculations/apbs/HY15_SEQ_02/HY15_SEQ_02__self__SELF_CANON_TALDO1_0216_0230__s3/eps4/full.in,6c1eda8dd66d5a5d3eb23df0aa362fe8eba5ccfb715ba670119d34d7b16607a5,HY15_SEQ_02__self__SELF_CANON_TALDO1_0216_0230__s3,HY15_SEQ_02,3,4.0,complete,raw_calculations/apbs/HY15_SEQ_02/HY15_SEQ_02__self__SELF_CANON_TALDO1_0216_0230__s3/eps4/full.stderr.txt,raw_calculations/apbs/HY15_SEQ_02/HY15_SEQ_02__self__SELF_CANON_TALDO1_0216_0230__s3/eps4/full.stdout.txt
self,SELF_CANON_TALDO1_0216_0230,ubuntu@sha256:2edbbc5dc405e9612ba3584ce95480277e3eb374407b5505fe26f17df77c7dbc,12879252,transient_deleted_after_checksum_and_sampling,9b851aad0dc9127bf67709c0cb4baa54cc0741c8b749816ac9ba2211bcfb5d12,0,hla_only,raw_calculations/apbs/HY15_SEQ_02/HY15_SEQ_02__self__SELF_CANON_TALDO1_0216_0230__s3/eps4/hla_only.in,e80a1e6135612cc0c088da7e25397d9358803ca0507bf5ade8b309a9cbc57209,HY15_SEQ_02__self__SELF_CANON_TALDO1_0216_0230__s3,HY15_SEQ_02,3,4.0,complete,raw_calculations/apbs/HY15_SEQ_02/HY15_SEQ_02__self__SELF_CANON_TALDO1_0216_0230__s3/eps4/hla_only.stderr.txt,raw_calculations/apbs/HY15_SEQ_02/HY15_SEQ_02__self__SELF_CANON_TALDO1_0216_0230__s3/eps4/hla_only.stdout.txt
self,SELF_CANON_TALDO1_0216_0230,ubuntu@sha256:2edbbc5dc405e9612ba3584ce95480277e3eb374407b5505fe26f17df77c7dbc,12634595,transient_deleted_after_checksum_and_sampling,5600f21c9cee12847d8a482775f37bde9a0379806dad04f6c50d9c713f9d9ac9,0,full,raw_calculations/apbs/HY15_SEQ_02/HY15_SEQ_02__self__SELF_CANON_TALDO1_0216_0230__s3/eps8/full.in,b2b8ad4aeff195b2213721b6bcabe8ed9d1b79fea1c469c9572dd8a3ae66f2a9,HY15_SEQ_02__self__SELF_CANON_TALDO1_0216_0230__s3,HY15_SEQ_02,3,8.0,complete,raw_calculations/apbs/HY15_SEQ_02/HY15_SEQ_02__self__SELF_CANON_TALDO1_0216_0230__s3/eps8/full.stderr.txt,raw_calculations/apbs/HY15_SEQ_02/HY15_SEQ_02__self__SELF_CANON_TALDO1_0216_0230__s3/eps8/full.stdout.txt
self,SELF_CANON_TALDO1_0216_0230,ubuntu@sha256:2edbbc5dc405e9612ba3584ce95480277e3eb374407b5505fe26f17df77c7dbc,12893319,transient_deleted_after_checksum_and_sampling,f60da2f54346e5860a55d6bfaaa7c27958ba2ceddf0ae3e1bc6ed9da0e2edf74,0,hla_only,raw_calculations/apbs/HY15_SEQ_02/HY15_SEQ_02__self__SELF_CANON_TALDO1_0216_0230__s3/eps8/hla_only.in,7ff97a01ec3751d41d1eee355aa2943087e4196107f5ff61bd6f8a423b954ea6,HY15_SEQ_02__self__SELF_CANON_TALDO1_0216_0230__s3,HY15_SEQ_02,3,8.0,complete,raw_calculations/apbs/HY15_SEQ_02/HY15_SEQ_02__self__SELF_CANON_TALDO1_0216_0230__s3/eps8/hla_only.stderr.txt,raw_calculations/apbs/HY15_SEQ_02/HY15_SEQ_02__self__SELF_CANON_TALDO1_0216_0230__s3/eps8/hla_only.stdout.txt
self,SELF_CANON_TALDO1_0216_0230,ubuntu@sha256:2edbbc5dc405e9612ba3584ce95480277e3eb374407b5505fe26f17df77c7dbc,12671791,transient_deleted_after_checksum_and_sampling,6952e28c9bf7598f3cc67277330496984fdead0ebdc228930fc1e600a702729f,0,full,raw_calculations/apbs/HY15_SEQ_02/HY15_SEQ_02__self__SELF_CANON_TALDO1_0216_0230__s4/eps2/full.in,16377544903f5c536520fe80f93e92293818af28d893a839fd18a41606e31dc9,HY15_SEQ_02__self__SELF_CANON_TALDO1_0216_0230__s4,HY15_SEQ_02,4,2.0,complete,raw_calculations/apbs/HY15_SEQ_02/HY15_SEQ_02__self__SELF_CANON_TALDO1_0216_0230__s4/eps2/full.stderr.txt,raw_calculations/apbs/HY15_SEQ_02/HY15_SEQ_02__self__SELF_CANON_TALDO1_0216_0230__s4/eps2/full.stdout.txt
self,SELF_CANON_TALDO1_0216_0230,ubuntu@sha256:2edbbc5dc405e9612ba3584ce95480277e3eb374407b5505fe26f17df77c7dbc,12864323,transient_deleted_after_checksum_and_sampling,cfdd994f4a83fca02a18ffe90f294cd581d6ad7df30d9bd2d76dd0385c85e36c,0,hla_only,raw_calculations/apbs/HY15_SEQ_02/HY15_SEQ_02__self__SELF_CANON_TALDO1_0216_0230__s4/eps2/hla_only.in,5dec6bc05314ec72832720dc08dad27f9cccf16103b3a58011a1ec8aedd62cc8,HY15_SEQ_02__self__SELF_CANON_TALDO1_0216_0230__s4,HY15_SEQ_02,4,2.0,complete,raw_calculations/apbs/HY15_SEQ_02/HY15_SEQ_02__self__SELF_CANON_TALDO1_0216_0230__s4/eps2/hla_only.stderr.txt,raw_calculations/apbs/HY15_SEQ_02/HY15_SEQ_02__self__SELF_CANON_TALDO1_0216_0230__s4/eps2/hla_only.stdout.txt
self,SELF_CANON_TALDO1_0216_0230,ubuntu@sha256:2edbbc5dc405e9612ba3584ce95480277e3eb374407b5505fe26f17df77c7dbc,12679888,transient_deleted_after_checksum_and_sampling,d1d5a610f98a7dbb668b7a80612241e2afed1c65bc0f62c054c14de44860ad70,0,full,raw_calculations/apbs/HY15_SEQ_02/HY15_SEQ_02__self__SELF_CANON_TALDO1_0216_0230__s4/eps4/full.in,4e166ed216cff28731df4f3d994388612981dae2cb2000d6a15554bacd692543,HY15_SEQ_02__self__SELF_CANON_TALDO1_0216_0230__s4,HY15_SEQ_02,4,4.0,complete,raw_calculations/apbs/HY15_SEQ_02/HY15_SEQ_02__self__SELF_CANON_TALDO1_0216_0230__s4/eps4/full.stderr.txt,raw_calculations/apbs/HY15_SEQ_02/HY15_SEQ_02__self__SELF_CANON_TALDO1_0216_0230__s4/eps4/full.stdout.txt
self,SELF_CANON_TALDO1_0216_0230,ubuntu@sha256:2edbbc5dc405e9612ba3584ce95480277e3eb374407b5505fe26f17df77c7dbc,12875351,transient_deleted_after_checksum_and_sampling,9949fd3bee661c6d25f3a1cf1bcb4aa5596bc489da48c27fffcf6caa5fda0bb9,0,hla_only,raw_calculations/apbs/HY15_SEQ_02/HY15_SEQ_02__self__SELF_CANON_TALDO1_0216_0230__s4/eps4/hla_only.in,e51bdf1d68445fb8c2a0b40452b331562ed70b619c0baaae868c2b71322c3dab,HY15_SEQ_02__self__SELF_CANON_TALDO1_0216_0230__s4,HY15_SEQ_02,4,4.0,complete,raw_calculations/apbs/HY15_SEQ_02/HY15_SEQ_02__self__SELF_CANON_TALDO1_0216_0230__s4/eps4/hla_only.stderr.txt,raw_calculations/apbs/HY15_SEQ_02/HY15_SEQ_02__self__SELF_CANON_TALDO1_0216_0230__s4/eps4/hla_only.stdout.txt
self,SELF_CANON_TALDO1_0216_0230,ubuntu@sha256:2edbbc5dc405e9612ba3584ce95480277e3eb374407b5505fe26f17df77c7dbc,12693647,transient_deleted_after_checksum_and_sampling,acebaa83322a9b8e7a2f6b743a5313aabfabdb5d47e9ebbd06eb2f7007da3a59,0,full,raw_calculations/apbs/HY15_SEQ_02/HY15_SEQ_02__self__SELF_CANON_TALDO1_0216_0230__s4/eps8/full.in,ed38d297f071cd373227acc828beba53de65588c7899d90c661d1a252172c384,HY15_SEQ_02__self__SELF_CANON_TALDO1_0216_0230__s4,HY15_SEQ_02,4,8.0,complete,raw_calculations/apbs/HY15_SEQ_02/HY15_SEQ_02__self__SELF_CANON_TALDO1_0216_0230__s4/eps8/full.stderr.txt,raw_calculations/apbs/HY15_SEQ_02/HY15_SEQ_02__self__SELF_CANON_TALDO1_0216_0230__s4/eps8/full.stdout.txt
self,SELF_CANON_TALDO1_0216_0230,ubuntu@sha256:2edbbc5dc405e9612ba3584ce95480277e3eb374407b5505fe26f17df77c7dbc,12892186,transient_deleted_after_checksum_and_sampling,97f14eb5e77c43ff411a5fa499993563a2e140417c8bd79fc62d322cf338d2bf,0,hla_only,raw_calculations/apbs/HY15_SEQ_02/HY15_SEQ_02__self__SELF_CANON_TALDO1_0216_0230__s4/eps8/hla_only.in,997d9a650661c517d7e81958fb68f689215826d4daea343f627ca03ed5b0b8c7,HY15_SEQ_02__self__SELF_CANON_TALDO1_0216_0230__s4,HY15_SEQ_02,4,8.0,complete,raw_calculations/apbs/HY15_SEQ_02/HY15_SEQ_02__self__SELF_CANON_TALDO1_0216_0230__s4/eps8/hla_only.stderr.txt,raw_calculations/apbs/HY15_SEQ_02/HY15_SEQ_02__self__SELF_CANON_TALDO1_0216_0230__s4/eps8/hla_only.stdout.txt
self,SELF_IEDB_18eebcfe8ed0,ubuntu@sha256:2edbbc5dc405e9612ba3584ce95480277e3eb374407b5505fe26f17df77c7dbc,12802308,transient_deleted_after_checksum_and_sampling,e6feb8754ce57fe3c77d1ff6a2f1876de1bd98c081d62ec36d575c70dc924b8f,0,full,raw_calculations/apbs/HY15_SEQ_02/HY15_SEQ_02__self__SELF_IEDB_18eebcfe8ed0__s0/eps2/full.in,f04ae7f91d5fbfa9b0d8a423c71de90bb5917da289731129f74bd99de5f1b815,HY15_SEQ_02__self__SELF_IEDB_18eebcfe8ed0__s0,HY15_SEQ_02,0,2.0,complete,raw_calculations/apbs/HY15_SEQ_02/HY15_SEQ_02__self__SELF_IEDB_18eebcfe8ed0__s0/eps2/full.stderr.txt,raw_calculations/apbs/HY15_SEQ_02/HY15_SEQ_02__self__SELF_IEDB_18eebcfe8ed0__s0/eps2/full.stdout.txt
self,SELF_IEDB_18eebcfe8ed0,ubuntu@sha256:2edbbc5dc405e9612ba3584ce95480277e3eb374407b5505fe26f17df77c7dbc,12876286,transient_deleted_after_checksum_and_sampling,de8928e4ebede33291d5e3b3edcef4d41018a89d020271e7d3cd2bf1342f062f,0,hla_only,raw_calculations/apbs/HY15_SEQ_02/HY15_SEQ_02__self__SELF_IEDB_18eebcfe8ed0__s0/eps2/hla_only.in,04b87662b2888b5a446408c1a58c591ae1d99d88dbb24226919799517bcbfe11,HY15_SEQ_02__self__SELF_IEDB_18eebcfe8ed0__s0,HY15_SEQ_02,0,2.0,complete,raw_calculations/apbs/HY15_SEQ_02/HY15_SEQ_02__self__SELF_IEDB_18eebcfe8ed0__s0/eps2/hla_only.stderr.txt,raw_calculations/apbs/HY15_SEQ_02/HY15_SEQ_02__self__SELF_IEDB_18eebcfe8ed0__s0/eps2/hla_only.stdout.txt
self,SELF_IEDB_18eebcfe8ed0,ubuntu@sha256:2edbbc5dc405e9612ba3584ce95480277e3eb374407b5505fe26f17df77c7dbc,12811414,transient_deleted_after_checksum_and_sampling,a9cc5d21fbb14bf5587b5cd543c1f2468bcb83e4f09243cde0085e90bbc79f60,0,full,raw_calculations/apbs/HY15_SEQ_02/HY15_SEQ_02__self__SELF_IEDB_18eebcfe8ed0__s0/eps4/full.in,c36fd491703e9b7b801bd20cf162156a42c97809c282a849ed93089b2a7112b4,HY15_SEQ_02__self__SELF_IEDB_18eebcfe8ed0__s0,HY15_SEQ_02,0,4.0,complete,raw_calculations/apbs/HY15_SEQ_02/HY15_SEQ_02__self__SELF_IEDB_18eebcfe8ed0__s0/eps4/full.stderr.txt,raw_calculations/apbs/HY15_SEQ_02/HY15_SEQ_02__self__SELF_IEDB_18eebcfe8ed0__s0/eps4/full.stdout.txt
self,SELF_IEDB_18eebcfe8ed0,ubuntu@sha256:2edbbc5dc405e9612ba3584ce95480277e3eb374407b5505fe26f17df77c7dbc,12887860,transient_deleted_after_checksum_and_sampling,eb316eff3c2e5bd41d495b5fee16ad6d380315b08eecc0c3ad10964d92f84fea,0,hla_only,raw_calculations/apbs/HY15_SEQ_02/HY15_SEQ_02__self__SELF_IEDB_18eebcfe8ed0__s0/eps4/hla_only.in,b6fb48e2fe4a3d4754716c8e9539df3c9e2e5cf9078e5ce2ba1e9159e41b9bcf,HY15_SEQ_02__self__SELF_IEDB_18eebcfe8ed0__s0,HY15_SEQ_02,0,4.0,complete,raw_calculations/apbs/HY15_SEQ_02/HY15_SEQ_02__self__SELF_IEDB_18eebcfe8ed0__s0/eps4/hla_only.stderr.txt,raw_calculations/apbs/HY15_SEQ_02/HY15_SEQ_02__self__SELF_IEDB_18eebcfe8ed0__s0/eps4/hla_only.stdout.txt
self,SELF_IEDB_18eebcfe8ed0,ubuntu@sha256:2edbbc5dc405e9612ba3584ce95480277e3eb374407b5505fe26f17df77c7dbc,12827364,transient_deleted_after_checksum_and_sampling,46ff93e5d804c7c91cfe815b3773b116d96779ea35f8eff81a55bd388790913b,0,full,raw_calculations/apbs/HY15_SEQ_02/HY15_SEQ_02__self__SELF_IEDB_18eebcfe8ed0__s0/eps8/full.in,73c5b428cd2016ea509e8298831bb0375833b508df6774b9fc1fd1cdce688820,HY15_SEQ_02__self__SELF_IEDB_18eebcfe8ed0__s0,HY15_SEQ_02,0,8.0,complete,raw_calculations/apbs/HY15_SEQ_02/HY15_SEQ_02__self__SELF_IEDB_18eebcfe8ed0__s0/eps8/full.stderr.txt,raw_calculations/apbs/HY15_SEQ_02/HY15_SEQ_02__self__SELF_IEDB_18eebcfe8ed0__s0/eps8/full.stdout.txt
self,SELF_IEDB_18eebcfe8ed0,ubuntu@sha256:2edbbc5dc405e9612ba3584ce95480277e3eb374407b5505fe26f17df77c7dbc,12905334,transient_deleted_after_checksum_and_sampling,d505ebb75d918bf80b39150cadef32fac5bfb6663bb394ac3d8e9cc5f91cdfb5,0,hla_only,raw_calculations/apbs/HY15_SEQ_02/HY15_SEQ_02__self__SELF_IEDB_18eebcfe8ed0__s0/eps8/hla_only.in,ccafa5882a5e71fed9ad4dd54707cd71cba30f8aed84a89c561ebdd16dcb6021,HY15_SEQ_02__self__SELF_IEDB_18eebcfe8ed0__s0,HY15_SEQ_02,0,8.0,complete,raw_calculations/apbs/HY15_SEQ_02/HY15_SEQ_02__self__SELF_IEDB_18eebcfe8ed0__s0/eps8/hla_only.stderr.txt,raw_calculations/apbs/HY15_SEQ_02/HY15_SEQ_02__self__SELF_IEDB_18eebcfe8ed0__s0/eps8/hla_only.stdout.txt
self,SELF_IEDB_18eebcfe8ed0,ubuntu@sha256:2edbbc5dc405e9612ba3584ce95480277e3eb374407b5505fe26f17df77c7dbc,12793951,transient_deleted_after_checksum_and_sampling,5364d85da356166dbc33fddbe4eb0661b8c8fcf8d19e76c4ab03b92bd1d2037a,0,full,raw_calculations/apbs/HY15_SEQ_02/HY15_SEQ_02__self__SELF_IEDB_18eebcfe8ed0__s1/eps2/full.in,7cf334dd54766dd128959de9062905fd14b9814329bf3f6482b5da57fc369f3a,HY15_SEQ_02__self__SELF_IEDB_18eebcfe8ed0__s1,HY15_SEQ_02,1,2.0,complete,raw_calculations/apbs/HY15_SEQ_02/HY15_SEQ_02__self__SELF_IEDB_18eebcfe8ed0__s1/eps2/full.stderr.txt,raw_calculations/apbs/HY15_SEQ_02/HY15_SEQ_02__self__SELF_IEDB_18eebcfe8ed0__s1/eps2/full.stdout.txt
self,SELF_IEDB_18eebcfe8ed0,ubuntu@sha256:2edbbc5dc405e9612ba3584ce95480277e3eb374407b5505fe26f17df77c7dbc,12865323,transient_deleted_after_checksum_and_sampling,5b6b9720cc1098d3efd273e0fee6a3fd0757087283e73137a4299db78caa2b42,0,hla_only,raw_calculations/apbs/HY15_SEQ_02/HY15_SEQ_02__self__SELF_IEDB_18eebcfe8ed0__s1/eps2/hla_only.in,7d359546995df3fae3b4cf0cbac2140d046087245f3aa5205496df841390d136,HY15_SEQ_02__self__SELF_IEDB_18eebcfe8ed0__s1,HY15_SEQ_02,1,2.0,complete,raw_calculations/apbs/HY15_SEQ_02/HY15_SEQ_02__self__SELF_IEDB_18eebcfe8ed0__s1/eps2/hla_only.stderr.txt,raw_calculations/apbs/HY15_SEQ_02/HY15_SEQ_02__self__SELF_IEDB_18eebcfe8ed0__s1/eps2/hla_only.stdout.txt
self,SELF_IEDB_18eebcfe8ed0,ubuntu@sha256:2edbbc5dc405e9612ba3584ce95480277e3eb374407b5505fe26f17df77c7dbc,12802387,transient_deleted_after_checksum_and_sampling,9675975fa0579e89d29a85b7406f9d3362a422b051b928a108fd2943ab007849,0,full,raw_calculations/apbs/HY15_SEQ_02/HY15_SEQ_02__self__SELF_IEDB_18eebcfe8ed0__s1/eps4/full.in,f9e77db8d9e4199750977aa62dcbcd13e56380fe37410227c057670ae5a24cba,HY15_SEQ_02__self__SELF_IEDB_18eebcfe8ed0__s1,HY15_SEQ_02,1,4.0,complete,raw_calculations/apbs/HY15_SEQ_02/HY15_SEQ_02__self__SELF_IEDB_18eebcfe8ed0__s1/eps4/full.stderr.txt,raw_calculations/apbs/HY15_SEQ_02/HY15_SEQ_02__self__SELF_IEDB_18eebcfe8ed0__s1/eps4/full.stdout.txt
self,SELF_IEDB_18eebcfe8ed0,ubuntu@sha256:2edbbc5dc405e9612ba3584ce95480277e3eb374407b5505fe26f17df77c7dbc,12875500,transient_deleted_after_checksum_and_sampling,975e7874215d508a0f6106236a9f79333f4e374d2ca04ec843d9c39c144f3fe3,0,hla_only,raw_calculations/apbs/HY15_SEQ_02/HY15_SEQ_02__self__SELF_IEDB_18eebcfe8ed0__s1/eps4/hla_only.in,cb0d771a27b021ab3f63a1046b5c937c65afc5e59dd48266361115d53adacf72,HY15_SEQ_02__self__SELF_IEDB_18eebcfe8ed0__s1,HY15_SEQ_02,1,4.0,complete,raw_calculations/apbs/HY15_SEQ_02/HY15_SEQ_02__self__SELF_IEDB_18eebcfe8ed0__s1/eps4/hla_only.stderr.txt,raw_calculations/apbs/HY15_SEQ_02/HY15_SEQ_02__self__SELF_IEDB_18eebcfe8ed0__s1/eps4/hla_only.stdout.txt
self,SELF_IEDB_18eebcfe8ed0,ubuntu@sha256:2edbbc5dc405e9612ba3584ce95480277e3eb374407b5505fe26f17df77c7dbc,12816669,transient_deleted_after_checksum_and_sampling,f86e3b97880ece05b5765d68e94543021e4341bf862fa920938397fa8576a3d4,0,full,raw_calculations/apbs/HY15_SEQ_02/HY15_SEQ_02__self__SELF_IEDB_18eebcfe8ed0__s1/eps8/full.in,f5aa08378795cdaf44217bd7e449416c591e88e4bc64810f6d962d0c05437e6b,HY15_SEQ_02__self__SELF_IEDB_18eebcfe8ed0__s1,HY15_SEQ_02,1,8.0,complete,raw_calculations/apbs/HY15_SEQ_02/HY15_SEQ_02__self__SELF_IEDB_18eebcfe8ed0__s1/eps8/full.stderr.txt,raw_calculations/apbs/HY15_SEQ_02/HY15_SEQ_02__self__SELF_IEDB_18eebcfe8ed0__s1/eps8/full.stdout.txt
self,SELF_IEDB_18eebcfe8ed0,ubuntu@sha256:2edbbc5dc405e9612ba3584ce95480277e3eb374407b5505fe26f17df77c7dbc,12890654,transient_deleted_after_checksum_and_sampling,660d891c71bea8718a55ff08fd9fbb5e3f681d8d8067ba63cc025d9c47b5fd28,0,hla_only,raw_calculations/apbs/HY15_SEQ_02/HY15_SEQ_02__self__SELF_IEDB_18eebcfe8ed0__s1/eps8/hla_only.in,9c8bdf1373dc13536d1be5a401ca97f062930458cb638dd9ec8c84b950856f51,HY15_SEQ_02__self__SELF_IEDB_18eebcfe8ed0__s1,HY15_SEQ_02,1,8.0,complete,raw_calculations/apbs/HY15_SEQ_02/HY15_SEQ_02__self__SELF_IEDB_18eebcfe8ed0__s1/eps8/hla_only.stderr.txt,raw_calculations/apbs/HY15_SEQ_02/HY15_SEQ_02__self__SELF_IEDB_18eebcfe8ed0__s1/eps8/hla_only.stdout.txt
self,SELF_IEDB_18eebcfe8ed0,ubuntu@sha256:2edbbc5dc405e9612ba3584ce95480277e3eb374407b5505fe26f17df77c7dbc,12825015,transient_deleted_after_checksum_and_sampling,f4e1c7111ccfc65490ff6000999eeb609fee9548547b1101f6deb3aee91b8da4,0,full,raw_calculations/apbs/HY15_SEQ_02/HY15_SEQ_02__self__SELF_IEDB_18eebcfe8ed0__s2/eps2/full.in,6acbdf44a55d9dbee08db30830c1f21ee4e51e2fd1c0d85c97051455b8ec947b,HY15_SEQ_02__self__SELF_IEDB_18eebcfe8ed0__s2,HY15_SEQ_02,2,2.0,complete,raw_calculations/apbs/HY15_SEQ_02/HY15_SEQ_02__self__SELF_IEDB_18eebcfe8ed0__s2/eps2/full.stderr.txt,raw_calculations/apbs/HY15_SEQ_02/HY15_SEQ_02__self__SELF_IEDB_18eebcfe8ed0__s2/eps2/full.stdout.txt
self,SELF_IEDB_18eebcfe8ed0,ubuntu@sha256:2edbbc5dc405e9612ba3584ce95480277e3eb374407b5505fe26f17df77c7dbc,12877508,transient_deleted_after_checksum_and_sampling,f7691ec18b20e7ee78714eee2a4d98163037cfb6ee34a9d94307871070642560,0,hla_only,raw_calculations/apbs/HY15_SEQ_02/HY15_SEQ_02__self__SELF_IEDB_18eebcfe8ed0__s2/eps2/hla_only.in,fb56850ad26acfded688653222da50478ded54d631236506bcd472dc638ccca6,HY15_SEQ_02__self__SELF_IEDB_18eebcfe8ed0__s2,HY15_SEQ_02,2,2.0,complete,raw_calculations/apbs/HY15_SEQ_02/HY15_SEQ_02__self__SELF_IEDB_18eebcfe8ed0__s2/eps2/hla_only.stderr.txt,raw_calculations/apbs/HY15_SEQ_02/HY15_SEQ_02__self__SELF_IEDB_18eebcfe8ed0__s2/eps2/hla_only.stdout.txt
self,SELF_IEDB_18eebcfe8ed0,ubuntu@sha256:2edbbc5dc405e9612ba3584ce95480277e3eb374407b5505fe26f17df77c7dbc,12835768,transient_deleted_after_checksum_and_sampling,d3f556d8017dd0fea9098be28b37cb26778b9036e64490f722d485cfea0788fe,0,full,raw_calculations/apbs/HY15_SEQ_02/HY15_SEQ_02__self__SELF_IEDB_18eebcfe8ed0__s2/eps4/full.in,87c4794f133e556f84b7bf6daab55fce828cf26d18104e23e715fe41f97779da,HY15_SEQ_02__self__SELF_IEDB_18eebcfe8ed0__s2,HY15_SEQ_02,2,4.0,complete,raw_calculations/apbs/HY15_SEQ_02/HY15_SEQ_02__self__SELF_IEDB_18eebcfe8ed0__s2/eps4/full.stderr.txt,raw_calculations/apbs/HY15_SEQ_02/HY15_SEQ_02__self__SELF_IEDB_18eebcfe8ed0__s2/eps4/full.stdout.txt
self,SELF_IEDB_18eebcfe8ed0,ubuntu@sha256:2edbbc5dc405e9612ba3584ce95480277e3eb374407b5505fe26f17df77c7dbc,12889803,transient_deleted_after_checksum_and_sampling,38c20352e14a6852dda43ffb726c19ae4974459508e6a76a1db7f44bc6220f80,0,hla_only,raw_calculations/apbs/HY15_SEQ_02/HY15_SEQ_02__self__SELF_IEDB_18eebcfe8ed0__s2/eps4/hla_only.in,e5fa95cea93835176f9acfe973f4585463e29a051dcd499f23025b326ec904b0,HY15_SEQ_02__self__SELF_IEDB_18eebcfe8ed0__s2,HY15_SEQ_02,2,4.0,complete,raw_calculations/apbs/HY15_SEQ_02/HY15_SEQ_02__self__SELF_IEDB_18eebcfe8ed0__s2/eps4/hla_only.stderr.txt,raw_calculations/apbs/HY15_SEQ_02/HY15_SEQ_02__self__SELF_IEDB_18eebcfe8ed0__s2/eps4/hla_only.stdout.txt
self,SELF_IEDB_18eebcfe8ed0,ubuntu@sha256:2edbbc5dc405e9612ba3584ce95480277e3eb374407b5505fe26f17df77c7dbc,12850487,transient_deleted_after_checksum_and_sampling,99964e338dc996f69a776fa51c3257b9dc70cc6d6fc688fa5e2b1b5729f63e56,0,full,raw_calculations/apbs/HY15_SEQ_02/HY15_SEQ_02__self__SELF_IEDB_18eebcfe8ed0__s2/eps8/full.in,a018dea2cd2961b889558d3ca7b88b7f35baf8de3e49cfa94131843deddddf05,HY15_SEQ_02__self__SELF_IEDB_18eebcfe8ed0__s2,HY15_SEQ_02,2,8.0,complete,raw_calculations/apbs/HY15_SEQ_02/HY15_SEQ_02__self__SELF_IEDB_18eebcfe8ed0__s2/eps8/full.stderr.txt,raw_calculations/apbs/HY15_SEQ_02/HY15_SEQ_02__self__SELF_IEDB_18eebcfe8ed0__s2/eps8/full.stdout.txt
self,SELF_IEDB_18eebcfe8ed0,ubuntu@sha256:2edbbc5dc405e9612ba3584ce95480277e3eb374407b5505fe26f17df77c7dbc,12906790,transient_deleted_after_checksum_and_sampling,3c0fe3a57e341070bf44db7b6c1cfbc1c97b2429b8e651ee6da3aeaf73954452,0,hla_only,raw_calculations/apbs/HY15_SEQ_02/HY15_SEQ_02__self__SELF_IEDB_18eebcfe8ed0__s2/eps8/hla_only.in,7598675218934f4f0161733136ba22229c3c8287cd79ee0f6a51027c34d648a1,HY15_SEQ_02__self__SELF_IEDB_18eebcfe8ed0__s2,HY15_SEQ_02,2,8.0,complete,raw_calculations/apbs/HY15_SEQ_02/HY15_SEQ_02__self__SELF_IEDB_18eebcfe8ed0__s2/eps8/hla_only.stderr.txt,raw_calculations/apbs/HY15_SEQ_02/HY15_SEQ_02__self__SELF_IEDB_18eebcfe8ed0__s2/eps8/hla_only.stdout.txt
self,SELF_IEDB_18eebcfe8ed0,ubuntu@sha256:2edbbc5dc405e9612ba3584ce95480277e3eb374407b5505fe26f17df77c7dbc,12802441,transient_deleted_after_checksum_and_sampling,d7a965e8bcbb585fb3e717e9bb2eb59a1e49a074b1aa1ef187f0386019c4304a,0,full,raw_calculations/apbs/HY15_SEQ_02/HY15_SEQ_02__self__SELF_IEDB_18eebcfe8ed0__s3/eps2/full.in,7e926549a0e5f0215236433a9f13f522531fa9d4e255dfd53760d9e4b8a78796,HY15_SEQ_02__self__SELF_IEDB_18eebcfe8ed0__s3,HY15_SEQ_02,3,2.0,complete,raw_calculations/apbs/HY15_SEQ_02/HY15_SEQ_02__self__SELF_IEDB_18eebcfe8ed0__s3/eps2/full.stderr.txt,raw_calculations/apbs/HY15_SEQ_02/HY15_SEQ_02__self__SELF_IEDB_18eebcfe8ed0__s3/eps2/full.stdout.txt
self,SELF_IEDB_18eebcfe8ed0,ubuntu@sha256:2edbbc5dc405e9612ba3584ce95480277e3eb374407b5505fe26f17df77c7dbc,12876348,transient_deleted_after_checksum_and_sampling,1d456e91947b1f819e0ff67d52c0152ff5fb9cf44409efd5a233c503ea03513b,0,hla_only,raw_calculations/apbs/HY15_SEQ_02/HY15_SEQ_02__self__SELF_IEDB_18eebcfe8ed0__s3/eps2/hla_only.in,4d9c21346b100ebc2aeccbc103046040a01d7b466ad2057563d195aeb9df8c69,HY15_SEQ_02__self__SELF_IEDB_18eebcfe8ed0__s3,HY15_SEQ_02,3,2.0,complete,raw_calculations/apbs/HY15_SEQ_02/HY15_SEQ_02__self__SELF_IEDB_18eebcfe8ed0__s3/eps2/hla_only.stderr.txt,raw_calculations/apbs/HY15_SEQ_02/HY15_SEQ_02__self__SELF_IEDB_18eebcfe8ed0__s3/eps2/hla_only.stdout.txt
self,SELF_IEDB_18eebcfe8ed0,ubuntu@sha256:2edbbc5dc405e9612ba3584ce95480277e3eb374407b5505fe26f17df77c7dbc,12812968,transient_deleted_after_checksum_and_sampling,bdeb3d6b456ca3e88b4e8bd9b0fbd5cf11300ee221d9b10ddea986ffa42ecf96,0,full,raw_calculations/apbs/HY15_SEQ_02/HY15_SEQ_02__self__SELF_IEDB_18eebcfe8ed0__s3/eps4/full.in,2828e563f8819fc83b6c8941676f1a8c7b407491821a18c1b951651161783ba1,HY15_SEQ_02__self__SELF_IEDB_18eebcfe8ed0__s3,HY15_SEQ_02,3,4.0,complete,raw_calculations/apbs/HY15_SEQ_02/HY15_SEQ_02__self__SELF_IEDB_18eebcfe8ed0__s3/eps4/full.stderr.txt,raw_calculations/apbs/HY15_SEQ_02/HY15_SEQ_02__self__SELF_IEDB_18eebcfe8ed0__s3/eps4/full.stdout.txt
self,SELF_IEDB_18eebcfe8ed0,ubuntu@sha256:2edbbc5dc405e9612ba3584ce95480277e3eb374407b5505fe26f17df77c7dbc,12887184,transient_deleted_after_checksum_and_sampling,4f5ea9b4f8889c664fdc5bb44f4496ae07c4831faf6c4c6e462ed3b8919f3b2f,0,hla_only,raw_calculations/apbs/HY15_SEQ_02/HY15_SEQ_02__self__SELF_IEDB_18eebcfe8ed0__s3/eps4/hla_only.in,58604e04185fbb289e641eb7112934c9b47ebe55e997427a2ef318f71962274a,HY15_SEQ_02__self__SELF_IEDB_18eebcfe8ed0__s3,HY15_SEQ_02,3,4.0,complete,raw_calculations/apbs/HY15_SEQ_02/HY15_SEQ_02__self__SELF_IEDB_18eebcfe8ed0__s3/eps4/hla_only.stderr.txt,raw_calculations/apbs/HY15_SEQ_02/HY15_SEQ_02__self__SELF_IEDB_18eebcfe8ed0__s3/eps4/hla_only.stdout.txt
self,SELF_IEDB_18eebcfe8ed0,ubuntu@sha256:2edbbc5dc405e9612ba3584ce95480277e3eb374407b5505fe26f17df77c7dbc,12831332,transient_deleted_after_checksum_and_sampling,5e5746bfede16354debb266669c0fd134e1b6f2942486d4e732640fea692a19a,0,full,raw_calculations/apbs/HY15_SEQ_02/HY15_SEQ_02__self__SELF_IEDB_18eebcfe8ed0__s3/eps8/full.in,981397a909b6345548142f840460559ba35481b57c35bffc6ee36926bc95ad58,HY15_SEQ_02__self__SELF_IEDB_18eebcfe8ed0__s3,HY15_SEQ_02,3,8.0,complete,raw_calculations/apbs/HY15_SEQ_02/HY15_SEQ_02__self__SELF_IEDB_18eebcfe8ed0__s3/eps8/full.stderr.txt,raw_calculations/apbs/HY15_SEQ_02/HY15_SEQ_02__self__SELF_IEDB_18eebcfe8ed0__s3/eps8/full.stdout.txt
self,SELF_IEDB_18eebcfe8ed0,ubuntu@sha256:2edbbc5dc405e9612ba3584ce95480277e3eb374407b5505fe26f17df77c7dbc,12903919,transient_deleted_after_checksum_and_sampling,3120774e8c30f0195ed87f7928f1ceb845eb6cbc4949237778514a9c1ad71955,0,hla_only,raw_calculations/apbs/HY15_SEQ_02/HY15_SEQ_02__self__SELF_IEDB_18eebcfe8ed0__s3/eps8/hla_only.in,6ca696d9fcb9b23465abe9b5abd4b2ad59f88815e48844ce372379b21261f9f9,HY15_SEQ_02__self__SELF_IEDB_18eebcfe8ed0__s3,HY15_SEQ_02,3,8.0,complete,raw_calculations/apbs/HY15_SEQ_02/HY15_SEQ_02__self__SELF_IEDB_18eebcfe8ed0__s3/eps8/hla_only.stderr.txt,raw_calculations/apbs/HY15_SEQ_02/HY15_SEQ_02__self__SELF_IEDB_18eebcfe8ed0__s3/eps8/hla_only.stdout.txt
self,SELF_IEDB_18eebcfe8ed0,ubuntu@sha256:2edbbc5dc405e9612ba3584ce95480277e3eb374407b5505fe26f17df77c7dbc,12823297,transient_deleted_after_checksum_and_sampling,71f23e580baf2d3a1cf61a400a3f3a951ecdcd20e925951660960166e8e9e28a,0,full,raw_calculations/apbs/HY15_SEQ_02/HY15_SEQ_02__self__SELF_IEDB_18eebcfe8ed0__s4/eps2/full.in,37df6c38383405bd3fc5173ff3826741f207309eb4052075f9ca8d0fefd00879,HY15_SEQ_02__self__SELF_IEDB_18eebcfe8ed0__s4,HY15_SEQ_02,4,2.0,complete,raw_calculations/apbs/HY15_SEQ_02/HY15_SEQ_02__self__SELF_IEDB_18eebcfe8ed0__s4/eps2/full.stderr.txt,raw_calculations/apbs/HY15_SEQ_02/HY15_SEQ_02__self__SELF_IEDB_18eebcfe8ed0__s4/eps2/full.stdout.txt
self,SELF_IEDB_18eebcfe8ed0,ubuntu@sha256:2edbbc5dc405e9612ba3584ce95480277e3eb374407b5505fe26f17df77c7dbc,12873842,transient_deleted_after_checksum_and_sampling,8a5434feb7c75c8290660804fc524da626265ed656904c3592bdfd25209a1101,0,hla_only,raw_calculations/apbs/HY15_SEQ_02/HY15_SEQ_02__self__SELF_IEDB_18eebcfe8ed0__s4/eps2/hla_only.in,a659c2a45cdcf72c159919e9b2db39cf764cece6cc16dc25a5a7345536783ced,HY15_SEQ_02__self__SELF_IEDB_18eebcfe8ed0__s4,HY15_SEQ_02,4,2.0,complete,raw_calculations/apbs/HY15_SEQ_02/HY15_SEQ_02__self__SELF_IEDB_18eebcfe8ed0__s4/eps2/hla_only.stderr.txt,raw_calculations/apbs/HY15_SEQ_02/HY15_SEQ_02__self__SELF_IEDB_18eebcfe8ed0__s4/eps2/hla_only.stdout.txt
self,SELF_IEDB_18eebcfe8ed0,ubuntu@sha256:2edbbc5dc405e9612ba3584ce95480277e3eb374407b5505fe26f17df77c7dbc,12832927,transient_deleted_after_checksum_and_sampling,311a15fd11002f789471327701e49531f90eadf3ea5d7fb7e6fce1fa4dd04121,0,full,raw_calculations/apbs/HY15_SEQ_02/HY15_SEQ_02__self__SELF_IEDB_18eebcfe8ed0__s4/eps4/full.in,3df589933734b235b072c1b9a25e9777860ef18b09d43bf34f10147691345ea8,HY15_SEQ_02__self__SELF_IEDB_18eebcfe8ed0__s4,HY15_SEQ_02,4,4.0,complete,raw_calculations/apbs/HY15_SEQ_02/HY15_SEQ_02__self__SELF_IEDB_18eebcfe8ed0__s4/eps4/full.stderr.txt,raw_calculations/apbs/HY15_SEQ_02/HY15_SEQ_02__self__SELF_IEDB_18eebcfe8ed0__s4/eps4/full.stdout.txt
self,SELF_IEDB_18eebcfe8ed0,ubuntu@sha256:2edbbc5dc405e9612ba3584ce95480277e3eb374407b5505fe26f17df77c7dbc,12885499,transient_deleted_after_checksum_and_sampling,58ced343bc1476e31189338e3f5aca58a8491930da792eda6d9fbfe1c67e077b,0,hla_only,raw_calculations/apbs/HY15_SEQ_02/HY15_SEQ_02__self__SELF_IEDB_18eebcfe8ed0__s4/eps4/hla_only.in,73dc68ab3f1a09c80e068b5f61b4c79ddd56d0856d01ad53d0923d51a9559fbf,HY15_SEQ_02__self__SELF_IEDB_18eebcfe8ed0__s4,HY15_SEQ_02,4,4.0,complete,raw_calculations/apbs/HY15_SEQ_02/HY15_SEQ_02__self__SELF_IEDB_18eebcfe8ed0__s4/eps4/hla_only.stderr.txt,raw_calculations/apbs/HY15_SEQ_02/HY15_SEQ_02__self__SELF_IEDB_18eebcfe8ed0__s4/eps4/hla_only.stdout.txt
self,SELF_IEDB_18eebcfe8ed0,ubuntu@sha256:2edbbc5dc405e9612ba3584ce95480277e3eb374407b5505fe26f17df77c7dbc,12848729,transient_deleted_after_checksum_and_sampling,1fdc20a14dfe88502facc4362bc39bb130c0a4481863d56847f3444662d1b794,0,full,raw_calculations/apbs/HY15_SEQ_02/HY15_SEQ_02__self__SELF_IEDB_18eebcfe8ed0__s4/eps8/full.in,2720e992fd0f773d5d3270b7ac8e6ca66287d0b43a51724d62af840b81686232,HY15_SEQ_02__self__SELF_IEDB_18eebcfe8ed0__s4,HY15_SEQ_02,4,8.0,complete,raw_calculations/apbs/HY15_SEQ_02/HY15_SEQ_02__self__SELF_IEDB_18eebcfe8ed0__s4/eps8/full.stderr.txt,raw_calculations/apbs/HY15_SEQ_02/HY15_SEQ_02__self__SELF_IEDB_18eebcfe8ed0__s4/eps8/full.stdout.txt
self,SELF_IEDB_18eebcfe8ed0,ubuntu@sha256:2edbbc5dc405e9612ba3584ce95480277e3eb374407b5505fe26f17df77c7dbc,12902309,transient_deleted_after_checksum_and_sampling,5c4345767f837dbaa23311c9d4bcca00f5726bfbb03f315c74696078150bee48,0,hla_only,raw_calculations/apbs/HY15_SEQ_02/HY15_SEQ_02__self__SELF_IEDB_18eebcfe8ed0__s4/eps8/hla_only.in,b21508ad0498495459d677a021f4b93101319696c8f7ecb53c1b34b4b37373fa,HY15_SEQ_02__self__SELF_IEDB_18eebcfe8ed0__s4,HY15_SEQ_02,4,8.0,complete,raw_calculations/apbs/HY15_SEQ_02/HY15_SEQ_02__self__SELF_IEDB_18eebcfe8ed0__s4/eps8/hla_only.stderr.txt,raw_calculations/apbs/HY15_SEQ_02/HY15_SEQ_02__self__SELF_IEDB_18eebcfe8ed0__s4/eps8/hla_only.stdout.txt
self,SELF_IEDB_e8f1f840deb4,ubuntu@sha256:2edbbc5dc405e9612ba3584ce95480277e3eb374407b5505fe26f17df77c7dbc,12764194,transient_deleted_after_checksum_and_sampling,81d5f36457bd2aa7e4d3507bd1ef00113226c45f6e0768689a18a24fbb6f90e2,0,full,raw_calculations/apbs/HY15_SEQ_02/HY15_SEQ_02__self__SELF_IEDB_e8f1f840deb4__s0/eps2/full.in,47e8462178fa24ee3e27b04b6fa7a1ed10306e2abb305f93961db982adbbcb5c,HY15_SEQ_02__self__SELF_IEDB_e8f1f840deb4__s0,HY15_SEQ_02,0,2.0,complete,raw_calculations/apbs/HY15_SEQ_02/HY15_SEQ_02__self__SELF_IEDB_e8f1f840deb4__s0/eps2/full.stderr.txt,raw_calculations/apbs/HY15_SEQ_02/HY15_SEQ_02__self__SELF_IEDB_e8f1f840deb4__s0/eps2/full.stdout.txt
self,SELF_IEDB_e8f1f840deb4,ubuntu@sha256:2edbbc5dc405e9612ba3584ce95480277e3eb374407b5505fe26f17df77c7dbc,12859100,transient_deleted_after_checksum_and_sampling,8aa53f67cf0f6adf728235d61afe22c3f1e08fd72ae325c1095f25877e86d841,0,hla_only,raw_calculations/apbs/HY15_SEQ_02/HY15_SEQ_02__self__SELF_IEDB_e8f1f840deb4__s0/eps2/hla_only.in,611f79e6d90443349545e2bcf3f00122257d5706ee40aa901b025353564ca3e6,HY15_SEQ_02__self__SELF_IEDB_e8f1f840deb4__s0,HY15_SEQ_02,0,2.0,complete,raw_calculations/apbs/HY15_SEQ_02/HY15_SEQ_02__self__SELF_IEDB_e8f1f840deb4__s0/eps2/hla_only.stderr.txt,raw_calculations/apbs/HY15_SEQ_02/HY15_SEQ_02__self__SELF_IEDB_e8f1f840deb4__s0/eps2/hla_only.stdout.txt
self,SELF_IEDB_e8f1f840deb4,ubuntu@sha256:2edbbc5dc405e9612ba3584ce95480277e3eb374407b5505fe26f17df77c7dbc,12773233,transient_deleted_after_checksum_and_sampling,1892cf6d36dc45ddd02faadba9c53d9d4cb1ecf810d2ea18122c7c9eda2bfc33,0,full,raw_calculations/apbs/HY15_SEQ_02/HY15_SEQ_02__self__SELF_IEDB_e8f1f840deb4__s0/eps4/full.in,c5de000a07dbb2593d5b61bc26cde1358c77781cfa16cb2f01c46fee190defb8,HY15_SEQ_02__self__SELF_IEDB_e8f1f840deb4__s0,HY15_SEQ_02,0,4.0,complete,raw_calculations/apbs/HY15_SEQ_02/HY15_SEQ_02__self__SELF_IEDB_e8f1f840deb4__s0/eps4/full.stderr.txt,raw_calculations/apbs/HY15_SEQ_02/HY15_SEQ_02__self__SELF_IEDB_e8f1f840deb4__s0/eps4/full.stdout.txt
self,SELF_IEDB_e8f1f840deb4,ubuntu@sha256:2edbbc5dc405e9612ba3584ce95480277e3eb374407b5505fe26f17df77c7dbc,12869071,transient_deleted_after_checksum_and_sampling,9a138f1510a19f1dec61ad99e817a020ccd8dc11b96ba67b539ab5b3073b0616,0,hla_only,raw_calculations/apbs/HY15_SEQ_02/HY15_SEQ_02__self__SELF_IEDB_e8f1f840deb4__s0/eps4/hla_only.in,1917806565e49b40d3cfca3a445725649dedbb1334a15a417e7796d1ea4f2284,HY15_SEQ_02__self__SELF_IEDB_e8f1f840deb4__s0,HY15_SEQ_02,0,4.0,complete,raw_calculations/apbs/HY15_SEQ_02/HY15_SEQ_02__self__SELF_IEDB_e8f1f840deb4__s0/eps4/hla_only.stderr.txt,raw_calculations/apbs/HY15_SEQ_02/HY15_SEQ_02__self__SELF_IEDB_e8f1f840deb4__s0/eps4/hla_only.stdout.txt
self,SELF_IEDB_e8f1f840deb4,ubuntu@sha256:2edbbc5dc405e9612ba3584ce95480277e3eb374407b5505fe26f17df77c7dbc,12787488,transient_deleted_after_checksum_and_sampling,7af6f15d0ddec1189214460c360c54b53f870e2c10a3e5cbf7458fd64b90060d,0,full,raw_calculations/apbs/HY15_SEQ_02/HY15_SEQ_02__self__SELF_IEDB_e8f1f840deb4__s0/eps8/full.in,da13b1f7a770e283d55d05bd67ca4908a19a4b39a5abe3b672ebb92e4831d7e5,HY15_SEQ_02__self__SELF_IEDB_e8f1f840deb4__s0,HY15_SEQ_02,0,8.0,complete,raw_calculations/apbs/HY15_SEQ_02/HY15_SEQ_02__self__SELF_IEDB_e8f1f840deb4__s0/eps8/full.stderr.txt,raw_calculations/apbs/HY15_SEQ_02/HY15_SEQ_02__self__SELF_IEDB_e8f1f840deb4__s0/eps8/full.stdout.txt
self,SELF_IEDB_e8f1f840deb4,ubuntu@sha256:2edbbc5dc405e9612ba3584ce95480277e3eb374407b5505fe26f17df77c7dbc,12883800,transient_deleted_after_checksum_and_sampling,cccc19d1528bbf375e1b11ef346d2ae2c486b004f7ab51892d8baa5d26ef7289,0,hla_only,raw_calculations/apbs/HY15_SEQ_02/HY15_SEQ_02__self__SELF_IEDB_e8f1f840deb4__s0/eps8/hla_only.in,246a3c74784417e715010cfaa2268a1d53f6f63407ffa043675e7ca79cc8b87d,HY15_SEQ_02__self__SELF_IEDB_e8f1f840deb4__s0,HY15_SEQ_02,0,8.0,complete,raw_calculations/apbs/HY15_SEQ_02/HY15_SEQ_02__self__SELF_IEDB_e8f1f840deb4__s0/eps8/hla_only.stderr.txt,raw_calculations/apbs/HY15_SEQ_02/HY15_SEQ_02__self__SELF_IEDB_e8f1f840deb4__s0/eps8/hla_only.stdout.txt
self,SELF_IEDB_e8f1f840deb4,ubuntu@sha256:2edbbc5dc405e9612ba3584ce95480277e3eb374407b5505fe26f17df77c7dbc,12812855,transient_deleted_after_checksum_and_sampling,3a252334949d46a7f5f37c8aea51649f23222729a5b465a651c42d075ddf16a4,0,full,raw_calculations/apbs/HY15_SEQ_02/HY15_SEQ_02__self__SELF_IEDB_e8f1f840deb4__s1/eps2/full.in,d2977f5b52472066ad14bc965b1ccf965d0752fc72c11f6ea8a672f2f936097e,HY15_SEQ_02__self__SELF_IEDB_e8f1f840deb4__s1,HY15_SEQ_02,1,2.0,complete,raw_calculations/apbs/HY15_SEQ_02/HY15_SEQ_02__self__SELF_IEDB_e8f1f840deb4__s1/eps2/full.stderr.txt,raw_calculations/apbs/HY15_SEQ_02/HY15_SEQ_02__self__SELF_IEDB_e8f1f840deb4__s1/eps2/full.stdout.txt
self,SELF_IEDB_e8f1f840deb4,ubuntu@sha256:2edbbc5dc405e9612ba3584ce95480277e3eb374407b5505fe26f17df77c7dbc,12888430,transient_deleted_after_checksum_and_sampling,aa992520b5deb6968421cd20d8087b3f43847dd6b8ebf1ad5a6e0a26e96d88e3,0,hla_only,raw_calculations/apbs/HY15_SEQ_02/HY15_SEQ_02__self__SELF_IEDB_e8f1f840deb4__s1/eps2/hla_only.in,9a9398b4846642ef92758292b7a9753892b9dd2d697e555dc769a92fe139f804,HY15_SEQ_02__self__SELF_IEDB_e8f1f840deb4__s1,HY15_SEQ_02,1,2.0,complete,raw_calculations/apbs/HY15_SEQ_02/HY15_SEQ_02__self__SELF_IEDB_e8f1f840deb4__s1/eps2/hla_only.stderr.txt,raw_calculations/apbs/HY15_SEQ_02/HY15_SEQ_02__self__SELF_IEDB_e8f1f840deb4__s1/eps2/hla_only.stdout.txt
self,SELF_IEDB_e8f1f840deb4,ubuntu@sha256:2edbbc5dc405e9612ba3584ce95480277e3eb374407b5505fe26f17df77c7dbc,12823244,transient_deleted_after_checksum_and_sampling,0a2fc233b0049e06dd2cc149fb039e8ad7f6d950ac9d01dd7875a6cf8801bf2d,0,full,raw_calculations/apbs/HY15_SEQ_02/HY15_SEQ_02__self__SELF_IEDB_e8f1f840deb4__s1/eps4/full.in,797c664986f857bfd876ca1f041f53130d984bd8751c1673dee55a31ad258e1c,HY15_SEQ_02__self__SELF_IEDB_e8f1f840deb4__s1,HY15_SEQ_02,1,4.0,complete,raw_calculations/apbs/HY15_SEQ_02/HY15_SEQ_02__self__SELF_IEDB_e8f1f840deb4__s1/eps4/full.stderr.txt,raw_calculations/apbs/HY15_SEQ_02/HY15_SEQ_02__self__SELF_IEDB_e8f1f840deb4__s1/eps4/full.stdout.txt
self,SELF_IEDB_e8f1f840deb4,ubuntu@sha256:2edbbc5dc405e9612ba3584ce95480277e3eb374407b5505fe26f17df77c7dbc,12899123,transient_deleted_after_checksum_and_sampling,99cde507ad980d093e3babe39df4831287b5fe56e92aeada4719d83861f3f779,0,hla_only,raw_calculations/apbs/HY15_SEQ_02/HY15_SEQ_02__self__SELF_IEDB_e8f1f840deb4__s1/eps4/hla_only.in,22030b44f14f7b6496f2af88c90db3e52a08eea27708f11ddaf32cf566590729,HY15_SEQ_02__self__SELF_IEDB_e8f1f840deb4__s1,HY15_SEQ_02,1,4.0,complete,raw_calculations/apbs/HY15_SEQ_02/HY15_SEQ_02__self__SELF_IEDB_e8f1f840deb4__s1/eps4/hla_only.stderr.txt,raw_calculations/apbs/HY15_SEQ_02/HY15_SEQ_02__self__SELF_IEDB_e8f1f840deb4__s1/eps4/hla_only.stdout.txt
self,SELF_IEDB_e8f1f840deb4,ubuntu@sha256:2edbbc5dc405e9612ba3584ce95480277e3eb374407b5505fe26f17df77c7dbc,12839718,transient_deleted_after_checksum_and_sampling,ef4a5c91f04d647a1295c9bb56cfc29efce148c73669af57378fb4079312df22,0,full,raw_calculations/apbs/HY15_SEQ_02/HY15_SEQ_02__self__SELF_IEDB_e8f1f840deb4__s1/eps8/full.in,6678276b665d4b55566d584ef8b82b2d0e7119b4fc3e1a8ece3167101180a83f,HY15_SEQ_02__self__SELF_IEDB_e8f1f840deb4__s1,HY15_SEQ_02,1,8.0,complete,raw_calculations/apbs/HY15_SEQ_02/HY15_SEQ_02__self__SELF_IEDB_e8f1f840deb4__s1/eps8/full.stderr.txt,raw_calculations/apbs/HY15_SEQ_02/HY15_SEQ_02__self__SELF_IEDB_e8f1f840deb4__s1/eps8/full.stdout.txt
self,SELF_IEDB_e8f1f840deb4,ubuntu@sha256:2edbbc5dc405e9612ba3584ce95480277e3eb374407b5505fe26f17df77c7dbc,12915692,transient_deleted_after_checksum_and_sampling,e880c37d6feb71eecb7da5a629d43bdbe640db613635416c0e0ac464967bdfc0,0,hla_only,raw_calculations/apbs/HY15_SEQ_02/HY15_SEQ_02__self__SELF_IEDB_e8f1f840deb4__s1/eps8/hla_only.in,aaa8c583c8e7d3b5b71d4e01bbdfc5fd56acbc95ca25dbe8f69bf681e6432939,HY15_SEQ_02__self__SELF_IEDB_e8f1f840deb4__s1,HY15_SEQ_02,1,8.0,complete,raw_calculations/apbs/HY15_SEQ_02/HY15_SEQ_02__self__SELF_IEDB_e8f1f840deb4__s1/eps8/hla_only.stderr.txt,raw_calculations/apbs/HY15_SEQ_02/HY15_SEQ_02__self__SELF_IEDB_e8f1f840deb4__s1/eps8/hla_only.stdout.txt
self,SELF_IEDB_e8f1f840deb4,ubuntu@sha256:2edbbc5dc405e9612ba3584ce95480277e3eb374407b5505fe26f17df77c7dbc,12794950,transient_deleted_after_checksum_and_sampling,8a2968049e4b8931ddc76f8efd738a369189824d9fada6d96c0c085db4e9f48a,0,full,raw_calculations/apbs/HY15_SEQ_02/HY15_SEQ_02__self__SELF_IEDB_e8f1f840deb4__s2/eps2/full.in,a9cd660e967a800c079ea90a27378a4a97494c44a35621090c59aeb7ca86ab90,HY15_SEQ_02__self__SELF_IEDB_e8f1f840deb4__s2,HY15_SEQ_02,2,2.0,complete,raw_calculations/apbs/HY15_SEQ_02/HY15_SEQ_02__self__SELF_IEDB_e8f1f840deb4__s2/eps2/full.stderr.txt,raw_calculations/apbs/HY15_SEQ_02/HY15_SEQ_02__self__SELF_IEDB_e8f1f840deb4__s2/eps2/full.stdout.txt
self,SELF_IEDB_e8f1f840deb4,ubuntu@sha256:2edbbc5dc405e9612ba3584ce95480277e3eb374407b5505fe26f17df77c7dbc,12869478,transient_deleted_after_checksum_and_sampling,340aec0c76664cfad7dce2ab20ce22c485918be193f47a26896a463e116b0615,0,hla_only,raw_calculations/apbs/HY15_SEQ_02/HY15_SEQ_02__self__SELF_IEDB_e8f1f840deb4__s2/eps2/hla_only.in,1770d8f7d07480d30831ffd3b5de3827ee8554e4ed0955d8670b24b336a11a7e,HY15_SEQ_02__self__SELF_IEDB_e8f1f840deb4__s2,HY15_SEQ_02,2,2.0,complete,raw_calculations/apbs/HY15_SEQ_02/HY15_SEQ_02__self__SELF_IEDB_e8f1f840deb4__s2/eps2/hla_only.stderr.txt,raw_calculations/apbs/HY15_SEQ_02/HY15_SEQ_02__self__SELF_IEDB_e8f1f840deb4__s2/eps2/hla_only.stdout.txt
self,SELF_IEDB_e8f1f840deb4,ubuntu@sha256:2edbbc5dc405e9612ba3584ce95480277e3eb374407b5505fe26f17df77c7dbc,12803660,transient_deleted_after_checksum_and_sampling,9c5f75dc5da7a08befe7efa4b8b721eddaced87af3ba914269d1d0c409634a54,0,full,raw_calculations/apbs/HY15_SEQ_02/HY15_SEQ_02__self__SELF_IEDB_e8f1f840deb4__s2/eps4/full.in,99eb1be354933be21c58fde39dc75463020d25a5feb3a315f85d4f3f098b8dad,HY15_SEQ_02__self__SELF_IEDB_e8f1f840deb4__s2,HY15_SEQ_02,2,4.0,complete,raw_calculations/apbs/HY15_SEQ_02/HY15_SEQ_02__self__SELF_IEDB_e8f1f840deb4__s2/eps4/full.stderr.txt,raw_calculations/apbs/HY15_SEQ_02/HY15_SEQ_02__self__SELF_IEDB_e8f1f840deb4__s2/eps4/full.stdout.txt
self,SELF_IEDB_e8f1f840deb4,ubuntu@sha256:2edbbc5dc405e9612ba3584ce95480277e3eb374407b5505fe26f17df77c7dbc,12879163,transient_deleted_after_checksum_and_sampling,4882fda688c4cd1b995c413815b8aa8792e6ab9d741d445c3d7bca89ec6650be,0,hla_only,raw_calculations/apbs/HY15_SEQ_02/HY15_SEQ_02__self__SELF_IEDB_e8f1f840deb4__s2/eps4/hla_only.in,dc17986b84d1d52f34cfc6f42e475c2961aa797f63d06c1d5c86e5be9f39df75,HY15_SEQ_02__self__SELF_IEDB_e8f1f840deb4__s2,HY15_SEQ_02,2,4.0,complete,raw_calculations/apbs/HY15_SEQ_02/HY15_SEQ_02__self__SELF_IEDB_e8f1f840deb4__s2/eps4/hla_only.stderr.txt,raw_calculations/apbs/HY15_SEQ_02/HY15_SEQ_02__self__SELF_IEDB_e8f1f840deb4__s2/eps4/hla_only.stdout.txt
self,SELF_IEDB_e8f1f840deb4,ubuntu@sha256:2edbbc5dc405e9612ba3584ce95480277e3eb374407b5505fe26f17df77c7dbc,12816996,transient_deleted_after_checksum_and_sampling,daf8c942b416a9785963926e0a454e03e74ca75bb0af38df8d4d98409cd10c0e,0,full,raw_calculations/apbs/HY15_SEQ_02/HY15_SEQ_02__self__SELF_IEDB_e8f1f840deb4__s2/eps8/full.in,fad4139d95328a160c3f657eb7a4cb57ea1e0e4a7f0ab101e9ee5cf59fd57cf7,HY15_SEQ_02__self__SELF_IEDB_e8f1f840deb4__s2,HY15_SEQ_02,2,8.0,complete,raw_calculations/apbs/HY15_SEQ_02/HY15_SEQ_02__self__SELF_IEDB_e8f1f840deb4__s2/eps8/full.stderr.txt,raw_calculations/apbs/HY15_SEQ_02/HY15_SEQ_02__self__SELF_IEDB_e8f1f840deb4__s2/eps8/full.stdout.txt
self,SELF_IEDB_e8f1f840deb4,ubuntu@sha256:2edbbc5dc405e9612ba3584ce95480277e3eb374407b5505fe26f17df77c7dbc,12892875,transient_deleted_after_checksum_and_sampling,2444c9eba111474f73113b1b6712bb4215276b6e012592c12e4fa0fc726b264f,0,hla_only,raw_calculations/apbs/HY15_SEQ_02/HY15_SEQ_02__self__SELF_IEDB_e8f1f840deb4__s2/eps8/hla_only.in,164fdca355c6a9308861b2a103e83b942c9d9dba3231b4258253be8b569b4e2e,HY15_SEQ_02__self__SELF_IEDB_e8f1f840deb4__s2,HY15_SEQ_02,2,8.0,complete,raw_calculations/apbs/HY15_SEQ_02/HY15_SEQ_02__self__SELF_IEDB_e8f1f840deb4__s2/eps8/hla_only.stderr.txt,raw_calculations/apbs/HY15_SEQ_02/HY15_SEQ_02__self__SELF_IEDB_e8f1f840deb4__s2/eps8/hla_only.stdout.txt
self,SELF_IEDB_e8f1f840deb4,ubuntu@sha256:2edbbc5dc405e9612ba3584ce95480277e3eb374407b5505fe26f17df77c7dbc,12690942,transient_deleted_after_checksum_and_sampling,cbe27c1b652f7b4062630ec91673ca33635b1b4fc022c7c62d55a32f9388689c,0,full,raw_calculations/apbs/HY15_SEQ_02/HY15_SEQ_02__self__SELF_IEDB_e8f1f840deb4__s3/eps2/full.in,d9dfec049f185ccfc753da34f5c5ec4ddf3dac03ace825b70843f6c93685d550,HY15_SEQ_02__self__SELF_IEDB_e8f1f840deb4__s3,HY15_SEQ_02,3,2.0,complete,raw_calculations/apbs/HY15_SEQ_02/HY15_SEQ_02__self__SELF_IEDB_e8f1f840deb4__s3/eps2/full.stderr.txt,raw_calculations/apbs/HY15_SEQ_02/HY15_SEQ_02__self__SELF_IEDB_e8f1f840deb4__s3/eps2/full.stdout.txt
self,SELF_IEDB_e8f1f840deb4,ubuntu@sha256:2edbbc5dc405e9612ba3584ce95480277e3eb374407b5505fe26f17df77c7dbc,12841368,transient_deleted_after_checksum_and_sampling,da0596a9660a63b48599d4f2eff81fed324587600864ec745ddd6bf3bc4782b7,0,hla_only,raw_calculations/apbs/HY15_SEQ_02/HY15_SEQ_02__self__SELF_IEDB_e8f1f840deb4__s3/eps2/hla_only.in,f396ac8365416b70d12f538170899f6296ee0159dfc22095d65a428ce6f33c2b,HY15_SEQ_02__self__SELF_IEDB_e8f1f840deb4__s3,HY15_SEQ_02,3,2.0,complete,raw_calculations/apbs/HY15_SEQ_02/HY15_SEQ_02__self__SELF_IEDB_e8f1f840deb4__s3/eps2/hla_only.stderr.txt,raw_calculations/apbs/HY15_SEQ_02/HY15_SEQ_02__self__SELF_IEDB_e8f1f840deb4__s3/eps2/hla_only.stdout.txt
self,SELF_IEDB_e8f1f840deb4,ubuntu@sha256:2edbbc5dc405e9612ba3584ce95480277e3eb374407b5505fe26f17df77c7dbc,12699516,transient_deleted_after_checksum_and_sampling,5fb2b9e636c4afd5568346a1a7f241e9b33ec76311163108a458cf4d237bcfc0,0,full,raw_calculations/apbs/HY15_SEQ_02/HY15_SEQ_02__self__SELF_IEDB_e8f1f840deb4__s3/eps4/full.in,1a999b8109a4f7ed2baf1688d6484f85b7703738dedff18f8a40ced015b501b8,HY15_SEQ_02__self__SELF_IEDB_e8f1f840deb4__s3,HY15_SEQ_02,3,4.0,complete,raw_calculations/apbs/HY15_SEQ_02/HY15_SEQ_02__self__SELF_IEDB_e8f1f840deb4__s3/eps4/full.stderr.txt,raw_calculations/apbs/HY15_SEQ_02/HY15_SEQ_02__self__SELF_IEDB_e8f1f840deb4__s3/eps4/full.stdout.txt
self,SELF_IEDB_e8f1f840deb4,ubuntu@sha256:2edbbc5dc405e9612ba3584ce95480277e3eb374407b5505fe26f17df77c7dbc,12852769,transient_deleted_after_checksum_and_sampling,8f4eb711b97ef9d65a30eafec9da310449563cbcb0c1c0aa85da8a54e5afd509,0,hla_only,raw_calculations/apbs/HY15_SEQ_02/HY15_SEQ_02__self__SELF_IEDB_e8f1f840deb4__s3/eps4/hla_only.in,c67fbe59bb5c3537dd99affbd958414e31229c6f9f4a0e79e807ed2b06e2e86e,HY15_SEQ_02__self__SELF_IEDB_e8f1f840deb4__s3,HY15_SEQ_02,3,4.0,complete,raw_calculations/apbs/HY15_SEQ_02/HY15_SEQ_02__self__SELF_IEDB_e8f1f840deb4__s3/eps4/hla_only.stderr.txt,raw_calculations/apbs/HY15_SEQ_02/HY15_SEQ_02__self__SELF_IEDB_e8f1f840deb4__s3/eps4/hla_only.stdout.txt
self,SELF_IEDB_e8f1f840deb4,ubuntu@sha256:2edbbc5dc405e9612ba3584ce95480277e3eb374407b5505fe26f17df77c7dbc,12713191,transient_deleted_after_checksum_and_sampling,03b89b3d7a724d217ca392c9488ae8a906385fa855744475399c6dbcc2d5f8e7,0,full,raw_calculations/apbs/HY15_SEQ_02/HY15_SEQ_02__self__SELF_IEDB_e8f1f840deb4__s3/eps8/full.in,3270274218ddefdfcce4451ba1444c061fe4b3ede20e5c3c54ba25f81c48250a,HY15_SEQ_02__self__SELF_IEDB_e8f1f840deb4__s3,HY15_SEQ_02,3,8.0,complete,raw_calculations/apbs/HY15_SEQ_02/HY15_SEQ_02__self__SELF_IEDB_e8f1f840deb4__s3/eps8/full.stderr.txt,raw_calculations/apbs/HY15_SEQ_02/HY15_SEQ_02__self__SELF_IEDB_e8f1f840deb4__s3/eps8/full.stdout.txt
self,SELF_IEDB_e8f1f840deb4,ubuntu@sha256:2edbbc5dc405e9612ba3584ce95480277e3eb374407b5505fe26f17df77c7dbc,12868093,transient_deleted_after_checksum_and_sampling,5b2375dfa37acdd1a2d1ff1cda7c98f8a4aa64235f7c8cb23847cc1e4e00781d,0,hla_only,raw_calculations/apbs/HY15_SEQ_02/HY15_SEQ_02__self__SELF_IEDB_e8f1f840deb4__s3/eps8/hla_only.in,f8dcb35d928c1ef8bcb42c9efd25110a7e1905075c8c808282be4974aad5a85b,HY15_SEQ_02__self__SELF_IEDB_e8f1f840deb4__s3,HY15_SEQ_02,3,8.0,complete,raw_calculations/apbs/HY15_SEQ_02/HY15_SEQ_02__self__SELF_IEDB_e8f1f840deb4__s3/eps8/hla_only.stderr.txt,raw_calculations/apbs/HY15_SEQ_02/HY15_SEQ_02__self__SELF_IEDB_e8f1f840deb4__s3/eps8/hla_only.stdout.txt
self,SELF_IEDB_e8f1f840deb4,ubuntu@sha256:2edbbc5dc405e9612ba3584ce95480277e3eb374407b5505fe26f17df77c7dbc,12778778,transient_deleted_after_checksum_and_sampling,6c78dbf54b905af2e169e720849b921798304f3251ac328acf4861d73d5114e0,0,full,raw_calculations/apbs/HY15_SEQ_02/HY15_SEQ_02__self__SELF_IEDB_e8f1f840deb4__s4/eps2/full.in,cdf195a221d00f700442aa8bd4417e43fda6e13555aecbf52d887a90eba1d71f,HY15_SEQ_02__self__SELF_IEDB_e8f1f840deb4__s4,HY15_SEQ_02,4,2.0,complete,raw_calculations/apbs/HY15_SEQ_02/HY15_SEQ_02__self__SELF_IEDB_e8f1f840deb4__s4/eps2/full.stderr.txt,raw_calculations/apbs/HY15_SEQ_02/HY15_SEQ_02__self__SELF_IEDB_e8f1f840deb4__s4/eps2/full.stdout.txt
self,SELF_IEDB_e8f1f840deb4,ubuntu@sha256:2edbbc5dc405e9612ba3584ce95480277e3eb374407b5505fe26f17df77c7dbc,12881358,transient_deleted_after_checksum_and_sampling,584e1061e4df0bc4b1d83d529aa598f21f73540d6c9909f6dca980b920f3bef7,0,hla_only,raw_calculations/apbs/HY15_SEQ_02/HY15_SEQ_02__self__SELF_IEDB_e8f1f840deb4__s4/eps2/hla_only.in,336a584dbb064bc42ccda924fceedd433dd5c4c94a0093479faac60a0cc1a587,HY15_SEQ_02__self__SELF_IEDB_e8f1f840deb4__s4,HY15_SEQ_02,4,2.0,complete,raw_calculations/apbs/HY15_SEQ_02/HY15_SEQ_02__self__SELF_IEDB_e8f1f840deb4__s4/eps2/hla_only.stderr.txt,raw_calculations/apbs/HY15_SEQ_02/HY15_SEQ_02__self__SELF_IEDB_e8f1f840deb4__s4/eps2/hla_only.stdout.txt
self,SELF_IEDB_e8f1f840deb4,ubuntu@sha256:2edbbc5dc405e9612ba3584ce95480277e3eb374407b5505fe26f17df77c7dbc,12792009,transient_deleted_after_checksum_and_sampling,3bb74142e987235d94786318d39892f54d14b7588261e1d284e17962b6205ec7,0,full,raw_calculations/apbs/HY15_SEQ_02/HY15_SEQ_02__self__SELF_IEDB_e8f1f840deb4__s4/eps4/full.in,d4b17275928642c99f10898312cb5ea7580f8c4996646e4fa28dd1633bf9c348,HY15_SEQ_02__self__SELF_IEDB_e8f1f840deb4__s4,HY15_SEQ_02,4,4.0,complete,raw_calculations/apbs/HY15_SEQ_02/HY15_SEQ_02__self__SELF_IEDB_e8f1f840deb4__s4/eps4/full.stderr.txt,raw_calculations/apbs/HY15_SEQ_02/HY15_SEQ_02__self__SELF_IEDB_e8f1f840deb4__s4/eps4/full.stdout.txt
self,SELF_IEDB_e8f1f840deb4,ubuntu@sha256:2edbbc5dc405e9612ba3584ce95480277e3eb374407b5505fe26f17df77c7dbc,12893201,transient_deleted_after_checksum_and_sampling,0f7a5d10a9c2bef43f43772f826f42e0db15f506f8a7b51c694db23b74091109,0,hla_only,raw_calculations/apbs/HY15_SEQ_02/HY15_SEQ_02__self__SELF_IEDB_e8f1f840deb4__s4/eps4/hla_only.in,8963729c79a70bf410734706e116ccab2aec05fa3efe547be9796f8b9023d357,HY15_SEQ_02__self__SELF_IEDB_e8f1f840deb4__s4,HY15_SEQ_02,4,4.0,complete,raw_calculations/apbs/HY15_SEQ_02/HY15_SEQ_02__self__SELF_IEDB_e8f1f840deb4__s4/eps4/hla_only.stderr.txt,raw_calculations/apbs/HY15_SEQ_02/HY15_SEQ_02__self__SELF_IEDB_e8f1f840deb4__s4/eps4/hla_only.stdout.txt
self,SELF_IEDB_e8f1f840deb4,ubuntu@sha256:2edbbc5dc405e9612ba3584ce95480277e3eb374407b5505fe26f17df77c7dbc,12811820,transient_deleted_after_checksum_and_sampling,6a1ced4b7e8fbc8def522d1a25a3dde6fb157b51a8e2ac7e2b22abcb5f4222ad,0,full,raw_calculations/apbs/HY15_SEQ_02/HY15_SEQ_02__self__SELF_IEDB_e8f1f840deb4__s4/eps8/full.in,e329dcb4d2d5fe1fdf2c1a6f3d752420fbc97cd0145b86a2b1820542e9bdd0b9,HY15_SEQ_02__self__SELF_IEDB_e8f1f840deb4__s4,HY15_SEQ_02,4,8.0,complete,raw_calculations/apbs/HY15_SEQ_02/HY15_SEQ_02__self__SELF_IEDB_e8f1f840deb4__s4/eps8/full.stderr.txt,raw_calculations/apbs/HY15_SEQ_02/HY15_SEQ_02__self__SELF_IEDB_e8f1f840deb4__s4/eps8/full.stdout.txt
self,SELF_IEDB_e8f1f840deb4,ubuntu@sha256:2edbbc5dc405e9612ba3584ce95480277e3eb374407b5505fe26f17df77c7dbc,12910704,transient_deleted_after_checksum_and_sampling,5ff61c75bd43d784e5b09e73ec815017e9d8960ca8d77233d9ebb9cd62cc9ebe,0,hla_only,raw_calculations/apbs/HY15_SEQ_02/HY15_SEQ_02__self__SELF_IEDB_e8f1f840deb4__s4/eps8/hla_only.in,fe9012a9dd57b2a2bcc6848ce6bbca0cf3fa8ef1547e36f7d69571019d27196a,HY15_SEQ_02__self__SELF_IEDB_e8f1f840deb4__s4,HY15_SEQ_02,4,8.0,complete,raw_calculations/apbs/HY15_SEQ_02/HY15_SEQ_02__self__SELF_IEDB_e8f1f840deb4__s4/eps8/hla_only.stderr.txt,raw_calculations/apbs/HY15_SEQ_02/HY15_SEQ_02__self__SELF_IEDB_e8f1f840deb4__s4/eps8/hla_only.stdout.txt
