pair_id,ebv_candidate_id,target_human_candidate_id,background_candidate_id,stratum_length,analysis_layer,binding_bin,selection_order,background_predicted_core,ebv_job_key,ebv_sample_index,background_job_key,background_sample_index,hla_groove_ca_rmsd_A,core_p1_p9_ca_rmsd_A,anchor_ca_rmsd_A,candidate_exposed_ca_rmsd_A,interpretation
EBV_TCELL_2268934::HUMAN_MYELIN_112226,EBV_TCELL_2268934,HUMAN_MYELIN_112226,HUMAN_BACKGROUND_113506,21,primary_exact_bin_length_pm1,weak,1,LDELGSKGL,EBV_TCELL_2268934|3|VTTFVHYANFHNYFVPN,0,HUMAN_BACKGROUND_113506|s04|GYTIPTCRKLDELGSKGLWAD,0,0.227362,21.604174,21.362149,21.79586,Frozen score-blind pMHC comparison; technical samples are not biological replicates.
EBV_TCELL_2268934::HUMAN_MYELIN_112226,EBV_TCELL_2268934,HUMAN_MYELIN_112226,HUMAN_BACKGROUND_113506,21,primary_exact_bin_length_pm1,weak,1,LDELGSKGL,EBV_TCELL_2268934|3|VTTFVHYANFHNYFVPN,0,HUMAN_BACKGROUND_113506|s04|GYTIPTCRKLDELGSKGLWAD,1,0.226703,20.917892,20.904073,20.928941,Frozen score-blind pMHC comparison; technical samples are not biological replicates.
EBV_TCELL_2268934::HUMAN_MYELIN_112226,EBV_TCELL_2268934,HUMAN_MYELIN_112226,HUMAN_BACKGROUND_113506,21,primary_exact_bin_length_pm1,weak,1,LDELGSKGL,EBV_TCELL_2268934|3|VTTFVHYANFHNYFVPN,0,HUMAN_BACKGROUND_113506|s04|GYTIPTCRKLDELGSKGLWAD,2,0.246691,14.094463,14.559329,13.711227,Frozen score-blind pMHC comparison; technical samples are not biological replicates.
EBV_TCELL_2268934::HUMAN_MYELIN_112226,EBV_TCELL_2268934,HUMAN_MYELIN_112226,HUMAN_BACKGROUND_113506,21,primary_exact_bin_length_pm1,weak,1,LDELGSKGL,EBV_TCELL_2268934|3|VTTFVHYANFHNYFVPN,0,HUMAN_BACKGROUND_113506|s04|GYTIPTCRKLDELGSKGLWAD,3,0.25511,20.99413,20.800507,21.147752,Frozen score-blind pMHC comparison; technical samples are not biological replicates.
EBV_TCELL_2268934::HUMAN_MYELIN_112226,EBV_TCELL_2268934,HUMAN_MYELIN_112226,HUMAN_BACKGROUND_113506,21,primary_exact_bin_length_pm1,weak,1,LDELGSKGL,EBV_TCELL_2268934|3|VTTFVHYANFHNYFVPN,0,HUMAN_BACKGROUND_113506|s04|GYTIPTCRKLDELGSKGLWAD,4,0.247203,8.294357,8.51937,8.109853,Frozen score-blind pMHC comparison; technical samples are not biological replicates.
EBV_TCELL_2268934::HUMAN_MYELIN_112226,EBV_TCELL_2268934,HUMAN_MYELIN_112226,HUMAN_BACKGROUND_113506,21,primary_exact_bin_length_pm1,weak,1,LDELGSKGL,EBV_TCELL_2268934|3|VTTFVHYANFHNYFVPN,1,HUMAN_BACKGROUND_113506|s04|GYTIPTCRKLDELGSKGLWAD,0,0.307478,21.628919,21.390246,21.817977,Frozen score-blind pMHC comparison; technical samples are not biological replicates.
EBV_TCELL_2268934::HUMAN_MYELIN_112226,EBV_TCELL_2268934,HUMAN_MYELIN_112226,HUMAN_BACKGROUND_113506,21,primary_exact_bin_length_pm1,weak,1,LDELGSKGL,EBV_TCELL_2268934|3|VTTFVHYANFHNYFVPN,1,HUMAN_BACKGROUND_113506|s04|GYTIPTCRKLDELGSKGLWAD,1,0.27893,20.933489,20.925005,20.940274,Frozen score-blind pMHC comparison; technical samples are not biological replicates.
EBV_TCELL_2268934::HUMAN_MYELIN_112226,EBV_TCELL_2268934,HUMAN_MYELIN_112226,HUMAN_BACKGROUND_113506,21,primary_exact_bin_length_pm1,weak,1,LDELGSKGL,EBV_TCELL_2268934|3|VTTFVHYANFHNYFVPN,1,HUMAN_BACKGROUND_113506|s04|GYTIPTCRKLDELGSKGLWAD,2,0.325209,14.092895,14.559345,13.708312,Frozen score-blind pMHC comparison; technical samples are not biological replicates.
EBV_TCELL_2268934::HUMAN_MYELIN_112226,EBV_TCELL_2268934,HUMAN_MYELIN_112226,HUMAN_BACKGROUND_113506,21,primary_exact_bin_length_pm1,weak,1,LDELGSKGL,EBV_TCELL_2268934|3|VTTFVHYANFHNYFVPN,1,HUMAN_BACKGROUND_113506|s04|GYTIPTCRKLDELGSKGLWAD,3,0.31452,21.01554,20.826488,21.165565,Frozen score-blind pMHC comparison; technical samples are not biological replicates.
EBV_TCELL_2268934::HUMAN_MYELIN_112226,EBV_TCELL_2268934,HUMAN_MYELIN_112226,HUMAN_BACKGROUND_113506,21,primary_exact_bin_length_pm1,weak,1,LDELGSKGL,EBV_TCELL_2268934|3|VTTFVHYANFHNYFVPN,1,HUMAN_BACKGROUND_113506|s04|GYTIPTCRKLDELGSKGLWAD,4,0.31731,8.316721,8.533542,8.139107,Frozen score-blind pMHC comparison; technical samples are not biological replicates.
EBV_TCELL_2268934::HUMAN_MYELIN_112226,EBV_TCELL_2268934,HUMAN_MYELIN_112226,HUMAN_BACKGROUND_113506,21,primary_exact_bin_length_pm1,weak,1,LDELGSKGL,EBV_TCELL_2268934|3|VTTFVHYANFHNYFVPN,2,HUMAN_BACKGROUND_113506|s04|GYTIPTCRKLDELGSKGLWAD,0,0.234182,21.615178,21.375645,21.804909,Frozen score-blind pMHC comparison; technical samples are not biological replicates.
EBV_TCELL_2268934::HUMAN_MYELIN_112226,EBV_TCELL_2268934,HUMAN_MYELIN_112226,HUMAN_BACKGROUND_113506,21,primary_exact_bin_length_pm1,weak,1,LDELGSKGL,EBV_TCELL_2268934|3|VTTFVHYANFHNYFVPN,2,HUMAN_BACKGROUND_113506|s04|GYTIPTCRKLDELGSKGLWAD,1,0.231498,20.914183,20.904025,20.922306,Frozen score-blind pMHC comparison; technical samples are not biological replicates.
EBV_TCELL_2268934::HUMAN_MYELIN_112226,EBV_TCELL_2268934,HUMAN_MYELIN_112226,HUMAN_BACKGROUND_113506,21,primary_exact_bin_length_pm1,weak,1,LDELGSKGL,EBV_TCELL_2268934|3|VTTFVHYANFHNYFVPN,2,HUMAN_BACKGROUND_113506|s04|GYTIPTCRKLDELGSKGLWAD,2,0.258504,14.081365,14.543954,13.700052,Frozen score-blind pMHC comparison; technical samples are not biological replicates.
EBV_TCELL_2268934::HUMAN_MYELIN_112226,EBV_TCELL_2268934,HUMAN_MYELIN_112226,HUMAN_BACKGROUND_113506,21,primary_exact_bin_length_pm1,weak,1,LDELGSKGL,EBV_TCELL_2268934|3|VTTFVHYANFHNYFVPN,2,HUMAN_BACKGROUND_113506|s04|GYTIPTCRKLDELGSKGLWAD,3,0.263014,20.997234,20.809584,21.146156,Frozen score-blind pMHC comparison; technical samples are not biological replicates.
EBV_TCELL_2268934::HUMAN_MYELIN_112226,EBV_TCELL_2268934,HUMAN_MYELIN_112226,HUMAN_BACKGROUND_113506,21,primary_exact_bin_length_pm1,weak,1,LDELGSKGL,EBV_TCELL_2268934|3|VTTFVHYANFHNYFVPN,2,HUMAN_BACKGROUND_113506|s04|GYTIPTCRKLDELGSKGLWAD,4,0.256551,8.297212,8.512317,8.121026,Frozen score-blind pMHC comparison; technical samples are not biological replicates.
EBV_TCELL_2268934::HUMAN_MYELIN_112226,EBV_TCELL_2268934,HUMAN_MYELIN_112226,HUMAN_BACKGROUND_113506,21,primary_exact_bin_length_pm1,weak,1,LDELGSKGL,EBV_TCELL_2268934|3|VTTFVHYANFHNYFVPN,3,HUMAN_BACKGROUND_113506|s04|GYTIPTCRKLDELGSKGLWAD,0,0.189914,21.633928,21.395439,21.822843,Frozen score-blind pMHC comparison; technical samples are not biological replicates.
EBV_TCELL_2268934::HUMAN_MYELIN_112226,EBV_TCELL_2268934,HUMAN_MYELIN_112226,HUMAN_BACKGROUND_113506,21,primary_exact_bin_length_pm1,weak,1,LDELGSKGL,EBV_TCELL_2268934|3|VTTFVHYANFHNYFVPN,3,HUMAN_BACKGROUND_113506|s04|GYTIPTCRKLDELGSKGLWAD,1,0.1802,20.935887,20.927007,20.942987,Frozen score-blind pMHC comparison; technical samples are not biological replicates.
EBV_TCELL_2268934::HUMAN_MYELIN_112226,EBV_TCELL_2268934,HUMAN_MYELIN_112226,HUMAN_BACKGROUND_113506,21,primary_exact_bin_length_pm1,weak,1,LDELGSKGL,EBV_TCELL_2268934|3|VTTFVHYANFHNYFVPN,3,HUMAN_BACKGROUND_113506|s04|GYTIPTCRKLDELGSKGLWAD,2,0.213299,14.103416,14.562335,13.725237,Frozen score-blind pMHC comparison; technical samples are not biological replicates.
EBV_TCELL_2268934::HUMAN_MYELIN_112226,EBV_TCELL_2268934,HUMAN_MYELIN_112226,HUMAN_BACKGROUND_113506,21,primary_exact_bin_length_pm1,weak,1,LDELGSKGL,EBV_TCELL_2268934|3|VTTFVHYANFHNYFVPN,3,HUMAN_BACKGROUND_113506|s04|GYTIPTCRKLDELGSKGLWAD,3,0.213209,21.015183,20.826546,21.164883,Frozen score-blind pMHC comparison; technical samples are not biological replicates.
EBV_TCELL_2268934::HUMAN_MYELIN_112226,EBV_TCELL_2268934,HUMAN_MYELIN_112226,HUMAN_BACKGROUND_113506,21,primary_exact_bin_length_pm1,weak,1,LDELGSKGL,EBV_TCELL_2268934|3|VTTFVHYANFHNYFVPN,3,HUMAN_BACKGROUND_113506|s04|GYTIPTCRKLDELGSKGLWAD,4,0.205449,8.312106,8.525001,8.137781,Frozen score-blind pMHC comparison; technical samples are not biological replicates.
EBV_TCELL_2268934::HUMAN_MYELIN_112226,EBV_TCELL_2268934,HUMAN_MYELIN_112226,HUMAN_BACKGROUND_113506,21,primary_exact_bin_length_pm1,weak,1,LDELGSKGL,EBV_TCELL_2268934|3|VTTFVHYANFHNYFVPN,4,HUMAN_BACKGROUND_113506|s04|GYTIPTCRKLDELGSKGLWAD,0,0.154315,22.548164,22.097713,22.902147,Frozen score-blind pMHC comparison; technical samples are not biological replicates.
EBV_TCELL_2268934::HUMAN_MYELIN_112226,EBV_TCELL_2268934,HUMAN_MYELIN_112226,HUMAN_BACKGROUND_113506,21,primary_exact_bin_length_pm1,weak,1,LDELGSKGL,EBV_TCELL_2268934|3|VTTFVHYANFHNYFVPN,4,HUMAN_BACKGROUND_113506|s04|GYTIPTCRKLDELGSKGLWAD,1,0.185219,21.694905,21.42478,21.908607,Frozen score-blind pMHC comparison; technical samples are not biological replicates.
EBV_TCELL_2268934::HUMAN_MYELIN_112226,EBV_TCELL_2268934,HUMAN_MYELIN_112226,HUMAN_BACKGROUND_113506,21,primary_exact_bin_length_pm1,weak,1,LDELGSKGL,EBV_TCELL_2268934|3|VTTFVHYANFHNYFVPN,4,HUMAN_BACKGROUND_113506|s04|GYTIPTCRKLDELGSKGLWAD,2,0.183202,14.463097,14.717102,14.256635,Frozen score-blind pMHC comparison; technical samples are not biological replicates.
EBV_TCELL_2268934::HUMAN_MYELIN_112226,EBV_TCELL_2268934,HUMAN_MYELIN_112226,HUMAN_BACKGROUND_113506,21,primary_exact_bin_length_pm1,weak,1,LDELGSKGL,EBV_TCELL_2268934|3|VTTFVHYANFHNYFVPN,4,HUMAN_BACKGROUND_113506|s04|GYTIPTCRKLDELGSKGLWAD,3,0.204827,21.786154,21.449721,22.051606,Frozen score-blind pMHC comparison; technical samples are not biological replicates.
EBV_TCELL_2268934::HUMAN_MYELIN_112226,EBV_TCELL_2268934,HUMAN_MYELIN_112226,HUMAN_BACKGROUND_113506,21,primary_exact_bin_length_pm1,weak,1,LDELGSKGL,EBV_TCELL_2268934|3|VTTFVHYANFHNYFVPN,4,HUMAN_BACKGROUND_113506|s04|GYTIPTCRKLDELGSKGLWAD,4,0.19276,9.166664,9.110831,9.211088,Frozen score-blind pMHC comparison; technical samples are not biological replicates.
EBV_TCELL_2268934::HUMAN_MYELIN_112226,EBV_TCELL_2268934,HUMAN_MYELIN_112226,HUMAN_BACKGROUND_113618,21,primary_exact_bin_length_pm1,weak,2,VAKYRRAQL,EBV_TCELL_2268934|3|VTTFVHYANFHNYFVPN,0,HUMAN_BACKGROUND_113618|s04|LPCIRMGQEPGVAKYRRAQLA,0,0.255395,18.125356,18.343445,17.948976,Frozen score-blind pMHC comparison; technical samples are not biological replicates.
EBV_TCELL_2268934::HUMAN_MYELIN_112226,EBV_TCELL_2268934,HUMAN_MYELIN_112226,HUMAN_BACKGROUND_113618,21,primary_exact_bin_length_pm1,weak,2,VAKYRRAQL,EBV_TCELL_2268934|3|VTTFVHYANFHNYFVPN,0,HUMAN_BACKGROUND_113618|s04|LPCIRMGQEPGVAKYRRAQLA,1,0.222512,22.027294,21.923256,22.110172,Frozen score-blind pMHC comparison; technical samples are not biological replicates.
EBV_TCELL_2268934::HUMAN_MYELIN_112226,EBV_TCELL_2268934,HUMAN_MYELIN_112226,HUMAN_BACKGROUND_113618,21,primary_exact_bin_length_pm1,weak,2,VAKYRRAQL,EBV_TCELL_2268934|3|VTTFVHYANFHNYFVPN,0,HUMAN_BACKGROUND_113618|s04|LPCIRMGQEPGVAKYRRAQLA,2,0.274362,22.460758,22.256977,22.622462,Frozen score-blind pMHC comparison; technical samples are not biological replicates.
EBV_TCELL_2268934::HUMAN_MYELIN_112226,EBV_TCELL_2268934,HUMAN_MYELIN_112226,HUMAN_BACKGROUND_113618,21,primary_exact_bin_length_pm1,weak,2,VAKYRRAQL,EBV_TCELL_2268934|3|VTTFVHYANFHNYFVPN,0,HUMAN_BACKGROUND_113618|s04|LPCIRMGQEPGVAKYRRAQLA,3,0.250778,23.504917,23.825307,23.245425,Frozen score-blind pMHC comparison; technical samples are not biological replicates.
EBV_TCELL_2268934::HUMAN_MYELIN_112226,EBV_TCELL_2268934,HUMAN_MYELIN_112226,HUMAN_BACKGROUND_113618,21,primary_exact_bin_length_pm1,weak,2,VAKYRRAQL,EBV_TCELL_2268934|3|VTTFVHYANFHNYFVPN,0,HUMAN_BACKGROUND_113618|s04|LPCIRMGQEPGVAKYRRAQLA,4,0.232142,23.45807,23.709909,23.254635,Frozen score-blind pMHC comparison; technical samples are not biological replicates.
EBV_TCELL_2268934::HUMAN_MYELIN_112226,EBV_TCELL_2268934,HUMAN_MYELIN_112226,HUMAN_BACKGROUND_113618,21,primary_exact_bin_length_pm1,weak,2,VAKYRRAQL,EBV_TCELL_2268934|3|VTTFVHYANFHNYFVPN,1,HUMAN_BACKGROUND_113618|s04|LPCIRMGQEPGVAKYRRAQLA,0,0.276306,18.109022,18.335177,17.926043,Frozen score-blind pMHC comparison; technical samples are not biological replicates.
EBV_TCELL_2268934::HUMAN_MYELIN_112226,EBV_TCELL_2268934,HUMAN_MYELIN_112226,HUMAN_BACKGROUND_113618,21,primary_exact_bin_length_pm1,weak,2,VAKYRRAQL,EBV_TCELL_2268934|3|VTTFVHYANFHNYFVPN,1,HUMAN_BACKGROUND_113618|s04|LPCIRMGQEPGVAKYRRAQLA,1,0.23293,22.051087,21.95085,22.13095,Frozen score-blind pMHC comparison; technical samples are not biological replicates.
EBV_TCELL_2268934::HUMAN_MYELIN_112226,EBV_TCELL_2268934,HUMAN_MYELIN_112226,HUMAN_BACKGROUND_113618,21,primary_exact_bin_length_pm1,weak,2,VAKYRRAQL,EBV_TCELL_2268934|3|VTTFVHYANFHNYFVPN,1,HUMAN_BACKGROUND_113618|s04|LPCIRMGQEPGVAKYRRAQLA,2,0.279936,22.482987,22.281305,22.643039,Frozen score-blind pMHC comparison; technical samples are not biological replicates.
EBV_TCELL_2268934::HUMAN_MYELIN_112226,EBV_TCELL_2268934,HUMAN_MYELIN_112226,HUMAN_BACKGROUND_113618,21,primary_exact_bin_length_pm1,weak,2,VAKYRRAQL,EBV_TCELL_2268934|3|VTTFVHYANFHNYFVPN,1,HUMAN_BACKGROUND_113618|s04|LPCIRMGQEPGVAKYRRAQLA,3,0.239235,23.521924,23.847999,23.257772,Frozen score-blind pMHC comparison; technical samples are not biological replicates.
EBV_TCELL_2268934::HUMAN_MYELIN_112226,EBV_TCELL_2268934,HUMAN_MYELIN_112226,HUMAN_BACKGROUND_113618,21,primary_exact_bin_length_pm1,weak,2,VAKYRRAQL,EBV_TCELL_2268934|3|VTTFVHYANFHNYFVPN,1,HUMAN_BACKGROUND_113618|s04|LPCIRMGQEPGVAKYRRAQLA,4,0.242125,23.477816,23.735965,23.269235,Frozen score-blind pMHC comparison; technical samples are not biological replicates.
EBV_TCELL_2268934::HUMAN_MYELIN_112226,EBV_TCELL_2268934,HUMAN_MYELIN_112226,HUMAN_BACKGROUND_113618,21,primary_exact_bin_length_pm1,weak,2,VAKYRRAQL,EBV_TCELL_2268934|3|VTTFVHYANFHNYFVPN,2,HUMAN_BACKGROUND_113618|s04|LPCIRMGQEPGVAKYRRAQLA,0,0.253448,18.108692,18.321585,17.936559,Frozen score-blind pMHC comparison; technical samples are not biological replicates.
EBV_TCELL_2268934::HUMAN_MYELIN_112226,EBV_TCELL_2268934,HUMAN_MYELIN_112226,HUMAN_BACKGROUND_113618,21,primary_exact_bin_length_pm1,weak,2,VAKYRRAQL,EBV_TCELL_2268934|3|VTTFVHYANFHNYFVPN,2,HUMAN_BACKGROUND_113618|s04|LPCIRMGQEPGVAKYRRAQLA,1,0.214035,22.031338,21.933105,22.109609,Frozen score-blind pMHC comparison; technical samples are not biological replicates.
EBV_TCELL_2268934::HUMAN_MYELIN_112226,EBV_TCELL_2268934,HUMAN_MYELIN_112226,HUMAN_BACKGROUND_113618,21,primary_exact_bin_length_pm1,weak,2,VAKYRRAQL,EBV_TCELL_2268934|3|VTTFVHYANFHNYFVPN,2,HUMAN_BACKGROUND_113618|s04|LPCIRMGQEPGVAKYRRAQLA,2,0.267123,22.466373,22.263671,22.627227,Frozen score-blind pMHC comparison; technical samples are not biological replicates.
EBV_TCELL_2268934::HUMAN_MYELIN_112226,EBV_TCELL_2268934,HUMAN_MYELIN_112226,HUMAN_BACKGROUND_113618,21,primary_exact_bin_length_pm1,weak,2,VAKYRRAQL,EBV_TCELL_2268934|3|VTTFVHYANFHNYFVPN,2,HUMAN_BACKGROUND_113618|s04|LPCIRMGQEPGVAKYRRAQLA,3,0.240371,23.498932,23.817024,23.241324,Frozen score-blind pMHC comparison; technical samples are not biological replicates.
EBV_TCELL_2268934::HUMAN_MYELIN_112226,EBV_TCELL_2268934,HUMAN_MYELIN_112226,HUMAN_BACKGROUND_113618,21,primary_exact_bin_length_pm1,weak,2,VAKYRRAQL,EBV_TCELL_2268934|3|VTTFVHYANFHNYFVPN,2,HUMAN_BACKGROUND_113618|s04|LPCIRMGQEPGVAKYRRAQLA,4,0.229947,23.455043,23.70602,23.252312,Frozen score-blind pMHC comparison; technical samples are not biological replicates.
EBV_TCELL_2268934::HUMAN_MYELIN_112226,EBV_TCELL_2268934,HUMAN_MYELIN_112226,HUMAN_BACKGROUND_113618,21,primary_exact_bin_length_pm1,weak,2,VAKYRRAQL,EBV_TCELL_2268934|3|VTTFVHYANFHNYFVPN,3,HUMAN_BACKGROUND_113618|s04|LPCIRMGQEPGVAKYRRAQLA,0,0.221822,18.136351,18.348271,17.965015,Frozen score-blind pMHC comparison; technical samples are not biological replicates.
EBV_TCELL_2268934::HUMAN_MYELIN_112226,EBV_TCELL_2268934,HUMAN_MYELIN_112226,HUMAN_BACKGROUND_113618,21,primary_exact_bin_length_pm1,weak,2,VAKYRRAQL,EBV_TCELL_2268934|3|VTTFVHYANFHNYFVPN,3,HUMAN_BACKGROUND_113618|s04|LPCIRMGQEPGVAKYRRAQLA,1,0.198961,22.047524,21.948562,22.126374,Frozen score-blind pMHC comparison; technical samples are not biological replicates.
EBV_TCELL_2268934::HUMAN_MYELIN_112226,EBV_TCELL_2268934,HUMAN_MYELIN_112226,HUMAN_BACKGROUND_113618,21,primary_exact_bin_length_pm1,weak,2,VAKYRRAQL,EBV_TCELL_2268934|3|VTTFVHYANFHNYFVPN,3,HUMAN_BACKGROUND_113618|s04|LPCIRMGQEPGVAKYRRAQLA,2,0.239973,22.486946,22.285347,22.646933,Frozen score-blind pMHC comparison; technical samples are not biological replicates.
EBV_TCELL_2268934::HUMAN_MYELIN_112226,EBV_TCELL_2268934,HUMAN_MYELIN_112226,HUMAN_BACKGROUND_113618,21,primary_exact_bin_length_pm1,weak,2,VAKYRRAQL,EBV_TCELL_2268934|3|VTTFVHYANFHNYFVPN,3,HUMAN_BACKGROUND_113618|s04|LPCIRMGQEPGVAKYRRAQLA,3,0.22274,23.521985,23.838922,23.265328,Frozen score-blind pMHC comparison; technical samples are not biological replicates.
EBV_TCELL_2268934::HUMAN_MYELIN_112226,EBV_TCELL_2268934,HUMAN_MYELIN_112226,HUMAN_BACKGROUND_113618,21,primary_exact_bin_length_pm1,weak,2,VAKYRRAQL,EBV_TCELL_2268934|3|VTTFVHYANFHNYFVPN,3,HUMAN_BACKGROUND_113618|s04|LPCIRMGQEPGVAKYRRAQLA,4,0.20822,23.477357,23.727257,23.275505,Frozen score-blind pMHC comparison; technical samples are not biological replicates.
EBV_TCELL_2268934::HUMAN_MYELIN_112226,EBV_TCELL_2268934,HUMAN_MYELIN_112226,HUMAN_BACKGROUND_113618,21,primary_exact_bin_length_pm1,weak,2,VAKYRRAQL,EBV_TCELL_2268934|3|VTTFVHYANFHNYFVPN,4,HUMAN_BACKGROUND_113618|s04|LPCIRMGQEPGVAKYRRAQLA,0,0.227574,18.114519,18.028891,18.182731,Frozen score-blind pMHC comparison; technical samples are not biological replicates.
EBV_TCELL_2268934::HUMAN_MYELIN_112226,EBV_TCELL_2268934,HUMAN_MYELIN_112226,HUMAN_BACKGROUND_113618,21,primary_exact_bin_length_pm1,weak,2,VAKYRRAQL,EBV_TCELL_2268934|3|VTTFVHYANFHNYFVPN,4,HUMAN_BACKGROUND_113618|s04|LPCIRMGQEPGVAKYRRAQLA,1,0.23235,22.898071,22.646138,23.09764,Frozen score-blind pMHC comparison; technical samples are not biological replicates.
EBV_TCELL_2268934::HUMAN_MYELIN_112226,EBV_TCELL_2268934,HUMAN_MYELIN_112226,HUMAN_BACKGROUND_113618,21,primary_exact_bin_length_pm1,weak,2,VAKYRRAQL,EBV_TCELL_2268934|3|VTTFVHYANFHNYFVPN,4,HUMAN_BACKGROUND_113618|s04|LPCIRMGQEPGVAKYRRAQLA,2,0.27587,23.224124,22.797163,23.560123,Frozen score-blind pMHC comparison; technical samples are not biological replicates.
EBV_TCELL_2268934::HUMAN_MYELIN_112226,EBV_TCELL_2268934,HUMAN_MYELIN_112226,HUMAN_BACKGROUND_113618,21,primary_exact_bin_length_pm1,weak,2,VAKYRRAQL,EBV_TCELL_2268934|3|VTTFVHYANFHNYFVPN,4,HUMAN_BACKGROUND_113618|s04|LPCIRMGQEPGVAKYRRAQLA,3,0.277315,24.094569,24.095964,24.093453,Frozen score-blind pMHC comparison; technical samples are not biological replicates.
EBV_TCELL_2268934::HUMAN_MYELIN_112226,EBV_TCELL_2268934,HUMAN_MYELIN_112226,HUMAN_BACKGROUND_113618,21,primary_exact_bin_length_pm1,weak,2,VAKYRRAQL,EBV_TCELL_2268934|3|VTTFVHYANFHNYFVPN,4,HUMAN_BACKGROUND_113618|s04|LPCIRMGQEPGVAKYRRAQLA,4,0.248745,24.154616,24.101881,24.19672,Frozen score-blind pMHC comparison; technical samples are not biological replicates.
EBV_TCELL_2268934::HUMAN_MYELIN_112226,EBV_TCELL_2268934,HUMAN_MYELIN_112226,HUMAN_BACKGROUND_175481,21,primary_exact_bin_length_pm1,weak,3,FLVYSNKCQ,EBV_TCELL_2268934|3|VTTFVHYANFHNYFVPN,0,HUMAN_BACKGROUND_175481|s04|LHAGMSTLFLVYSNKCQTPLG,0,0.292784,0.248898,0.224758,0.266641,Frozen score-blind pMHC comparison; technical samples are not biological replicates.
EBV_TCELL_2268934::HUMAN_MYELIN_112226,EBV_TCELL_2268934,HUMAN_MYELIN_112226,HUMAN_BACKGROUND_175481,21,primary_exact_bin_length_pm1,weak,3,FLVYSNKCQ,EBV_TCELL_2268934|3|VTTFVHYANFHNYFVPN,0,HUMAN_BACKGROUND_175481|s04|LHAGMSTLFLVYSNKCQTPLG,1,0.299472,0.25451,0.258365,0.251384,Frozen score-blind pMHC comparison; technical samples are not biological replicates.
EBV_TCELL_2268934::HUMAN_MYELIN_112226,EBV_TCELL_2268934,HUMAN_MYELIN_112226,HUMAN_BACKGROUND_175481,21,primary_exact_bin_length_pm1,weak,3,FLVYSNKCQ,EBV_TCELL_2268934|3|VTTFVHYANFHNYFVPN,0,HUMAN_BACKGROUND_175481|s04|LHAGMSTLFLVYSNKCQTPLG,2,0.26527,0.234712,0.242324,0.22844,Frozen score-blind pMHC comparison; technical samples are not biological replicates.
EBV_TCELL_2268934::HUMAN_MYELIN_112226,EBV_TCELL_2268934,HUMAN_MYELIN_112226,HUMAN_BACKGROUND_175481,21,primary_exact_bin_length_pm1,weak,3,FLVYSNKCQ,EBV_TCELL_2268934|3|VTTFVHYANFHNYFVPN,0,HUMAN_BACKGROUND_175481|s04|LHAGMSTLFLVYSNKCQTPLG,3,0.271457,0.252849,0.257069,0.249423,Frozen score-blind pMHC comparison; technical samples are not biological replicates.
EBV_TCELL_2268934::HUMAN_MYELIN_112226,EBV_TCELL_2268934,HUMAN_MYELIN_112226,HUMAN_BACKGROUND_175481,21,primary_exact_bin_length_pm1,weak,3,FLVYSNKCQ,EBV_TCELL_2268934|3|VTTFVHYANFHNYFVPN,0,HUMAN_BACKGROUND_175481|s04|LHAGMSTLFLVYSNKCQTPLG,4,0.266128,0.232719,0.218946,0.243176,Frozen score-blind pMHC comparison; technical samples are not biological replicates.
EBV_TCELL_2268934::HUMAN_MYELIN_112226,EBV_TCELL_2268934,HUMAN_MYELIN_112226,HUMAN_BACKGROUND_175481,21,primary_exact_bin_length_pm1,weak,3,FLVYSNKCQ,EBV_TCELL_2268934|3|VTTFVHYANFHNYFVPN,1,HUMAN_BACKGROUND_175481|s04|LHAGMSTLFLVYSNKCQTPLG,0,0.375002,0.293862,0.253759,0.322373,Frozen score-blind pMHC comparison; technical samples are not biological replicates.
EBV_TCELL_2268934::HUMAN_MYELIN_112226,EBV_TCELL_2268934,HUMAN_MYELIN_112226,HUMAN_BACKGROUND_175481,21,primary_exact_bin_length_pm1,weak,3,FLVYSNKCQ,EBV_TCELL_2268934|3|VTTFVHYANFHNYFVPN,1,HUMAN_BACKGROUND_175481|s04|LHAGMSTLFLVYSNKCQTPLG,1,0.364196,0.28399,0.271307,0.293743,Frozen score-blind pMHC comparison; technical samples are not biological replicates.
EBV_TCELL_2268934::HUMAN_MYELIN_112226,EBV_TCELL_2268934,HUMAN_MYELIN_112226,HUMAN_BACKGROUND_175481,21,primary_exact_bin_length_pm1,weak,3,FLVYSNKCQ,EBV_TCELL_2268934|3|VTTFVHYANFHNYFVPN,1,HUMAN_BACKGROUND_175481|s04|LHAGMSTLFLVYSNKCQTPLG,2,0.327821,0.247282,0.245593,0.248625,Frozen score-blind pMHC comparison; technical samples are not biological replicates.
EBV_TCELL_2268934::HUMAN_MYELIN_112226,EBV_TCELL_2268934,HUMAN_MYELIN_112226,HUMAN_BACKGROUND_175481,21,primary_exact_bin_length_pm1,weak,3,FLVYSNKCQ,EBV_TCELL_2268934|3|VTTFVHYANFHNYFVPN,1,HUMAN_BACKGROUND_175481|s04|LHAGMSTLFLVYSNKCQTPLG,3,0.348468,0.272859,0.263818,0.279881,Frozen score-blind pMHC comparison; technical samples are not biological replicates.
EBV_TCELL_2268934::HUMAN_MYELIN_112226,EBV_TCELL_2268934,HUMAN_MYELIN_112226,HUMAN_BACKGROUND_175481,21,primary_exact_bin_length_pm1,weak,3,FLVYSNKCQ,EBV_TCELL_2268934|3|VTTFVHYANFHNYFVPN,1,HUMAN_BACKGROUND_175481|s04|LHAGMSTLFLVYSNKCQTPLG,4,0.344928,0.257703,0.230481,0.277564,Frozen score-blind pMHC comparison; technical samples are not biological replicates.
EBV_TCELL_2268934::HUMAN_MYELIN_112226,EBV_TCELL_2268934,HUMAN_MYELIN_112226,HUMAN_BACKGROUND_175481,21,primary_exact_bin_length_pm1,weak,3,FLVYSNKCQ,EBV_TCELL_2268934|3|VTTFVHYANFHNYFVPN,2,HUMAN_BACKGROUND_175481|s04|LHAGMSTLFLVYSNKCQTPLG,0,0.300925,0.284717,0.261963,0.301687,Frozen score-blind pMHC comparison; technical samples are not biological replicates.
EBV_TCELL_2268934::HUMAN_MYELIN_112226,EBV_TCELL_2268934,HUMAN_MYELIN_112226,HUMAN_BACKGROUND_175481,21,primary_exact_bin_length_pm1,weak,3,FLVYSNKCQ,EBV_TCELL_2268934|3|VTTFVHYANFHNYFVPN,2,HUMAN_BACKGROUND_175481|s04|LHAGMSTLFLVYSNKCQTPLG,1,0.296706,0.272985,0.268315,0.276665,Frozen score-blind pMHC comparison; technical samples are not biological replicates.
EBV_TCELL_2268934::HUMAN_MYELIN_112226,EBV_TCELL_2268934,HUMAN_MYELIN_112226,HUMAN_BACKGROUND_175481,21,primary_exact_bin_length_pm1,weak,3,FLVYSNKCQ,EBV_TCELL_2268934|3|VTTFVHYANFHNYFVPN,2,HUMAN_BACKGROUND_175481|s04|LHAGMSTLFLVYSNKCQTPLG,2,0.261783,0.22209,0.217239,0.225897,Frozen score-blind pMHC comparison; technical samples are not biological replicates.
EBV_TCELL_2268934::HUMAN_MYELIN_112226,EBV_TCELL_2268934,HUMAN_MYELIN_112226,HUMAN_BACKGROUND_175481,21,primary_exact_bin_length_pm1,weak,3,FLVYSNKCQ,EBV_TCELL_2268934|3|VTTFVHYANFHNYFVPN,2,HUMAN_BACKGROUND_175481|s04|LHAGMSTLFLVYSNKCQTPLG,3,0.278364,0.266278,0.268172,0.264753,Frozen score-blind pMHC comparison; technical samples are not biological replicates.
EBV_TCELL_2268934::HUMAN_MYELIN_112226,EBV_TCELL_2268934,HUMAN_MYELIN_112226,HUMAN_BACKGROUND_175481,21,primary_exact_bin_length_pm1,weak,3,FLVYSNKCQ,EBV_TCELL_2268934|3|VTTFVHYANFHNYFVPN,2,HUMAN_BACKGROUND_175481|s04|LHAGMSTLFLVYSNKCQTPLG,4,0.271941,0.225132,0.209094,0.237183,Frozen score-blind pMHC comparison; technical samples are not biological replicates.
EBV_TCELL_2268934::HUMAN_MYELIN_112226,EBV_TCELL_2268934,HUMAN_MYELIN_112226,HUMAN_BACKGROUND_175481,21,primary_exact_bin_length_pm1,weak,3,FLVYSNKCQ,EBV_TCELL_2268934|3|VTTFVHYANFHNYFVPN,3,HUMAN_BACKGROUND_175481|s04|LHAGMSTLFLVYSNKCQTPLG,0,0.283354,0.280793,0.26681,0.291497,Frozen score-blind pMHC comparison; technical samples are not biological replicates.
EBV_TCELL_2268934::HUMAN_MYELIN_112226,EBV_TCELL_2268934,HUMAN_MYELIN_112226,HUMAN_BACKGROUND_175481,21,primary_exact_bin_length_pm1,weak,3,FLVYSNKCQ,EBV_TCELL_2268934|3|VTTFVHYANFHNYFVPN,3,HUMAN_BACKGROUND_175481|s04|LHAGMSTLFLVYSNKCQTPLG,1,0.27057,0.279312,0.281036,0.277926,Frozen score-blind pMHC comparison; technical samples are not biological replicates.
EBV_TCELL_2268934::HUMAN_MYELIN_112226,EBV_TCELL_2268934,HUMAN_MYELIN_112226,HUMAN_BACKGROUND_175481,21,primary_exact_bin_length_pm1,weak,3,FLVYSNKCQ,EBV_TCELL_2268934|3|VTTFVHYANFHNYFVPN,3,HUMAN_BACKGROUND_175481|s04|LHAGMSTLFLVYSNKCQTPLG,2,0.206696,0.234922,0.233141,0.236337,Frozen score-blind pMHC comparison; technical samples are not biological replicates.
EBV_TCELL_2268934::HUMAN_MYELIN_112226,EBV_TCELL_2268934,HUMAN_MYELIN_112226,HUMAN_BACKGROUND_175481,21,primary_exact_bin_length_pm1,weak,3,FLVYSNKCQ,EBV_TCELL_2268934|3|VTTFVHYANFHNYFVPN,3,HUMAN_BACKGROUND_175481|s04|LHAGMSTLFLVYSNKCQTPLG,3,0.247789,0.271956,0.280657,0.26479,Frozen score-blind pMHC comparison; technical samples are not biological replicates.
EBV_TCELL_2268934::HUMAN_MYELIN_112226,EBV_TCELL_2268934,HUMAN_MYELIN_112226,HUMAN_BACKGROUND_175481,21,primary_exact_bin_length_pm1,weak,3,FLVYSNKCQ,EBV_TCELL_2268934|3|VTTFVHYANFHNYFVPN,3,HUMAN_BACKGROUND_175481|s04|LHAGMSTLFLVYSNKCQTPLG,4,0.234569,0.229793,0.222384,0.235552,Frozen score-blind pMHC comparison; technical samples are not biological replicates.
EBV_TCELL_2268934::HUMAN_MYELIN_112226,EBV_TCELL_2268934,HUMAN_MYELIN_112226,HUMAN_BACKGROUND_175481,21,primary_exact_bin_length_pm1,weak,3,FLVYSNKCQ,EBV_TCELL_2268934|3|VTTFVHYANFHNYFVPN,4,HUMAN_BACKGROUND_175481|s04|LHAGMSTLFLVYSNKCQTPLG,0,0.197107,2.088268,1.962932,2.183362,Frozen score-blind pMHC comparison; technical samples are not biological replicates.
EBV_TCELL_2268934::HUMAN_MYELIN_112226,EBV_TCELL_2268934,HUMAN_MYELIN_112226,HUMAN_BACKGROUND_175481,21,primary_exact_bin_length_pm1,weak,3,FLVYSNKCQ,EBV_TCELL_2268934|3|VTTFVHYANFHNYFVPN,4,HUMAN_BACKGROUND_175481|s04|LHAGMSTLFLVYSNKCQTPLG,1,0.203486,2.085295,1.93451,2.198489,Frozen score-blind pMHC comparison; technical samples are not biological replicates.
EBV_TCELL_2268934::HUMAN_MYELIN_112226,EBV_TCELL_2268934,HUMAN_MYELIN_112226,HUMAN_BACKGROUND_175481,21,primary_exact_bin_length_pm1,weak,3,FLVYSNKCQ,EBV_TCELL_2268934|3|VTTFVHYANFHNYFVPN,4,HUMAN_BACKGROUND_175481|s04|LHAGMSTLFLVYSNKCQTPLG,2,0.182008,2.079505,1.91828,2.199994,Frozen score-blind pMHC comparison; technical samples are not biological replicates.
EBV_TCELL_2268934::HUMAN_MYELIN_112226,EBV_TCELL_2268934,HUMAN_MYELIN_112226,HUMAN_BACKGROUND_175481,21,primary_exact_bin_length_pm1,weak,3,FLVYSNKCQ,EBV_TCELL_2268934|3|VTTFVHYANFHNYFVPN,4,HUMAN_BACKGROUND_175481|s04|LHAGMSTLFLVYSNKCQTPLG,3,0.186913,2.108078,1.93558,2.236517,Frozen score-blind pMHC comparison; technical samples are not biological replicates.
EBV_TCELL_2268934::HUMAN_MYELIN_112226,EBV_TCELL_2268934,HUMAN_MYELIN_112226,HUMAN_BACKGROUND_175481,21,primary_exact_bin_length_pm1,weak,3,FLVYSNKCQ,EBV_TCELL_2268934|3|VTTFVHYANFHNYFVPN,4,HUMAN_BACKGROUND_175481|s04|LHAGMSTLFLVYSNKCQTPLG,4,0.183116,2.119928,1.941822,2.252295,Frozen score-blind pMHC comparison; technical samples are not biological replicates.
EBV_TCELL_2268934::HUMAN_MYELIN_112226,EBV_TCELL_2268934,HUMAN_MYELIN_112226,HUMAN_BACKGROUND_175502,21,primary_exact_bin_length_pm1,weak,4,VKSLLTSMY,EBV_TCELL_2268934|3|VTTFVHYANFHNYFVPN,0,HUMAN_BACKGROUND_175502|s04|TGVTTQGVKSLLTSMYVKEFL,0,0.214541,0.879936,0.707521,0.996619,Frozen score-blind pMHC comparison; technical samples are not biological replicates.
EBV_TCELL_2268934::HUMAN_MYELIN_112226,EBV_TCELL_2268934,HUMAN_MYELIN_112226,HUMAN_BACKGROUND_175502,21,primary_exact_bin_length_pm1,weak,4,VKSLLTSMY,EBV_TCELL_2268934|3|VTTFVHYANFHNYFVPN,0,HUMAN_BACKGROUND_175502|s04|TGVTTQGVKSLLTSMYVKEFL,1,0.245619,2.823631,2.50522,3.054554,Frozen score-blind pMHC comparison; technical samples are not biological replicates.
EBV_TCELL_2268934::HUMAN_MYELIN_112226,EBV_TCELL_2268934,HUMAN_MYELIN_112226,HUMAN_BACKGROUND_175502,21,primary_exact_bin_length_pm1,weak,4,VKSLLTSMY,EBV_TCELL_2268934|3|VTTFVHYANFHNYFVPN,0,HUMAN_BACKGROUND_175502|s04|TGVTTQGVKSLLTSMYVKEFL,2,0.341361,1.000201,0.847897,1.107059,Frozen score-blind pMHC comparison; technical samples are not biological replicates.
EBV_TCELL_2268934::HUMAN_MYELIN_112226,EBV_TCELL_2268934,HUMAN_MYELIN_112226,HUMAN_BACKGROUND_175502,21,primary_exact_bin_length_pm1,weak,4,VKSLLTSMY,EBV_TCELL_2268934|3|VTTFVHYANFHNYFVPN,0,HUMAN_BACKGROUND_175502|s04|TGVTTQGVKSLLTSMYVKEFL,3,0.285386,2.876624,2.408323,3.20233,Frozen score-blind pMHC comparison; technical samples are not biological replicates.
EBV_TCELL_2268934::HUMAN_MYELIN_112226,EBV_TCELL_2268934,HUMAN_MYELIN_112226,HUMAN_BACKGROUND_175502,21,primary_exact_bin_length_pm1,weak,4,VKSLLTSMY,EBV_TCELL_2268934|3|VTTFVHYANFHNYFVPN,0,HUMAN_BACKGROUND_175502|s04|TGVTTQGVKSLLTSMYVKEFL,4,0.248698,2.529751,2.613458,2.460736,Frozen score-blind pMHC comparison; technical samples are not biological replicates.
EBV_TCELL_2268934::HUMAN_MYELIN_112226,EBV_TCELL_2268934,HUMAN_MYELIN_112226,HUMAN_BACKGROUND_175502,21,primary_exact_bin_length_pm1,weak,4,VKSLLTSMY,EBV_TCELL_2268934|3|VTTFVHYANFHNYFVPN,1,HUMAN_BACKGROUND_175502|s04|TGVTTQGVKSLLTSMYVKEFL,0,0.253265,0.944834,0.775408,1.061072,Frozen score-blind pMHC comparison; technical samples are not biological replicates.
EBV_TCELL_2268934::HUMAN_MYELIN_112226,EBV_TCELL_2268934,HUMAN_MYELIN_112226,HUMAN_BACKGROUND_175502,21,primary_exact_bin_length_pm1,weak,4,VKSLLTSMY,EBV_TCELL_2268934|3|VTTFVHYANFHNYFVPN,1,HUMAN_BACKGROUND_175502|s04|TGVTTQGVKSLLTSMYVKEFL,1,0.289063,2.791228,2.445045,3.039921,Frozen score-blind pMHC comparison; technical samples are not biological replicates.
EBV_TCELL_2268934::HUMAN_MYELIN_112226,EBV_TCELL_2268934,HUMAN_MYELIN_112226,HUMAN_BACKGROUND_175502,21,primary_exact_bin_length_pm1,weak,4,VKSLLTSMY,EBV_TCELL_2268934|3|VTTFVHYANFHNYFVPN,1,HUMAN_BACKGROUND_175502|s04|TGVTTQGVKSLLTSMYVKEFL,2,0.339392,1.042274,0.888737,1.150444,Frozen score-blind pMHC comparison; technical samples are not biological replicates.
EBV_TCELL_2268934::HUMAN_MYELIN_112226,EBV_TCELL_2268934,HUMAN_MYELIN_112226,HUMAN_BACKGROUND_175502,21,primary_exact_bin_length_pm1,weak,4,VKSLLTSMY,EBV_TCELL_2268934|3|VTTFVHYANFHNYFVPN,1,HUMAN_BACKGROUND_175502|s04|TGVTTQGVKSLLTSMYVKEFL,3,0.305667,2.848594,2.348329,3.19286,Frozen score-blind pMHC comparison; technical samples are not biological replicates.
EBV_TCELL_2268934::HUMAN_MYELIN_112226,EBV_TCELL_2268934,HUMAN_MYELIN_112226,HUMAN_BACKGROUND_175502,21,primary_exact_bin_length_pm1,weak,4,VKSLLTSMY,EBV_TCELL_2268934|3|VTTFVHYANFHNYFVPN,1,HUMAN_BACKGROUND_175502|s04|TGVTTQGVKSLLTSMYVKEFL,4,0.294739,2.478537,2.534248,2.43305,Frozen score-blind pMHC comparison; technical samples are not biological replicates.
EBV_TCELL_2268934::HUMAN_MYELIN_112226,EBV_TCELL_2268934,HUMAN_MYELIN_112226,HUMAN_BACKGROUND_175502,21,primary_exact_bin_length_pm1,weak,4,VKSLLTSMY,EBV_TCELL_2268934|3|VTTFVHYANFHNYFVPN,2,HUMAN_BACKGROUND_175502|s04|TGVTTQGVKSLLTSMYVKEFL,0,0.198551,0.895971,0.742734,1.001824,Frozen score-blind pMHC comparison; technical samples are not biological replicates.
EBV_TCELL_2268934::HUMAN_MYELIN_112226,EBV_TCELL_2268934,HUMAN_MYELIN_112226,HUMAN_BACKGROUND_175502,21,primary_exact_bin_length_pm1,weak,4,VKSLLTSMY,EBV_TCELL_2268934|3|VTTFVHYANFHNYFVPN,2,HUMAN_BACKGROUND_175502|s04|TGVTTQGVKSLLTSMYVKEFL,1,0.243421,2.809464,2.464709,3.057406,Frozen score-blind pMHC comparison; technical samples are not biological replicates.
EBV_TCELL_2268934::HUMAN_MYELIN_112226,EBV_TCELL_2268934,HUMAN_MYELIN_112226,HUMAN_BACKGROUND_175502,21,primary_exact_bin_length_pm1,weak,4,VKSLLTSMY,EBV_TCELL_2268934|3|VTTFVHYANFHNYFVPN,2,HUMAN_BACKGROUND_175502|s04|TGVTTQGVKSLLTSMYVKEFL,2,0.332941,1.000972,0.86448,1.098017,Frozen score-blind pMHC comparison; technical samples are not biological replicates.
EBV_TCELL_2268934::HUMAN_MYELIN_112226,EBV_TCELL_2268934,HUMAN_MYELIN_112226,HUMAN_BACKGROUND_175502,21,primary_exact_bin_length_pm1,weak,4,VKSLLTSMY,EBV_TCELL_2268934|3|VTTFVHYANFHNYFVPN,2,HUMAN_BACKGROUND_175502|s04|TGVTTQGVKSLLTSMYVKEFL,3,0.281431,2.864961,2.370043,3.206356,Frozen score-blind pMHC comparison; technical samples are not biological replicates.
EBV_TCELL_2268934::HUMAN_MYELIN_112226,EBV_TCELL_2268934,HUMAN_MYELIN_112226,HUMAN_BACKGROUND_175502,21,primary_exact_bin_length_pm1,weak,4,VKSLLTSMY,EBV_TCELL_2268934|3|VTTFVHYANFHNYFVPN,2,HUMAN_BACKGROUND_175502|s04|TGVTTQGVKSLLTSMYVKEFL,4,0.25054,2.504816,2.54272,2.474074,Frozen score-blind pMHC comparison; technical samples are not biological replicates.
EBV_TCELL_2268934::HUMAN_MYELIN_112226,EBV_TCELL_2268934,HUMAN_MYELIN_112226,HUMAN_BACKGROUND_175502,21,primary_exact_bin_length_pm1,weak,4,VKSLLTSMY,EBV_TCELL_2268934|3|VTTFVHYANFHNYFVPN,3,HUMAN_BACKGROUND_175502|s04|TGVTTQGVKSLLTSMYVKEFL,0,0.188404,0.863876,0.734973,0.954546,Frozen score-blind pMHC comparison; technical samples are not biological replicates.
EBV_TCELL_2268934::HUMAN_MYELIN_112226,EBV_TCELL_2268934,HUMAN_MYELIN_112226,HUMAN_BACKGROUND_175502,21,primary_exact_bin_length_pm1,weak,4,VKSLLTSMY,EBV_TCELL_2268934|3|VTTFVHYANFHNYFVPN,3,HUMAN_BACKGROUND_175502|s04|TGVTTQGVKSLLTSMYVKEFL,1,0.190528,2.798074,2.477433,3.030257,Frozen score-blind pMHC comparison; technical samples are not biological replicates.
EBV_TCELL_2268934::HUMAN_MYELIN_112226,EBV_TCELL_2268934,HUMAN_MYELIN_112226,HUMAN_BACKGROUND_175502,21,primary_exact_bin_length_pm1,weak,4,VKSLLTSMY,EBV_TCELL_2268934|3|VTTFVHYANFHNYFVPN,3,HUMAN_BACKGROUND_175502|s04|TGVTTQGVKSLLTSMYVKEFL,2,0.269487,0.978371,0.871803,1.05591,Frozen score-blind pMHC comparison; technical samples are not biological replicates.
EBV_TCELL_2268934::HUMAN_MYELIN_112226,EBV_TCELL_2268934,HUMAN_MYELIN_112226,HUMAN_BACKGROUND_175502,21,primary_exact_bin_length_pm1,weak,4,VKSLLTSMY,EBV_TCELL_2268934|3|VTTFVHYANFHNYFVPN,3,HUMAN_BACKGROUND_175502|s04|TGVTTQGVKSLLTSMYVKEFL,3,0.233303,2.851775,2.382826,3.177488,Frozen score-blind pMHC comparison; technical samples are not biological replicates.
EBV_TCELL_2268934::HUMAN_MYELIN_112226,EBV_TCELL_2268934,HUMAN_MYELIN_112226,HUMAN_BACKGROUND_175502,21,primary_exact_bin_length_pm1,weak,4,VKSLLTSMY,EBV_TCELL_2268934|3|VTTFVHYANFHNYFVPN,3,HUMAN_BACKGROUND_175502|s04|TGVTTQGVKSLLTSMYVKEFL,4,0.20651,2.501596,2.556165,2.457069,Frozen score-blind pMHC comparison; technical samples are not biological replicates.
EBV_TCELL_2268934::HUMAN_MYELIN_112226,EBV_TCELL_2268934,HUMAN_MYELIN_112226,HUMAN_BACKGROUND_175502,21,primary_exact_bin_length_pm1,weak,4,VKSLLTSMY,EBV_TCELL_2268934|3|VTTFVHYANFHNYFVPN,4,HUMAN_BACKGROUND_175502|s04|TGVTTQGVKSLLTSMYVKEFL,0,0.191538,2.631373,2.307012,2.864537,Frozen score-blind pMHC comparison; technical samples are not biological replicates.
EBV_TCELL_2268934::HUMAN_MYELIN_112226,EBV_TCELL_2268934,HUMAN_MYELIN_112226,HUMAN_BACKGROUND_175502,21,primary_exact_bin_length_pm1,weak,4,VKSLLTSMY,EBV_TCELL_2268934|3|VTTFVHYANFHNYFVPN,4,HUMAN_BACKGROUND_175502|s04|TGVTTQGVKSLLTSMYVKEFL,1,0.205847,2.366792,1.578656,2.844177,Frozen score-blind pMHC comparison; technical samples are not biological replicates.
EBV_TCELL_2268934::HUMAN_MYELIN_112226,EBV_TCELL_2268934,HUMAN_MYELIN_112226,HUMAN_BACKGROUND_175502,21,primary_exact_bin_length_pm1,weak,4,VKSLLTSMY,EBV_TCELL_2268934|3|VTTFVHYANFHNYFVPN,4,HUMAN_BACKGROUND_175502|s04|TGVTTQGVKSLLTSMYVKEFL,2,0.328285,2.676472,2.364685,2.901882,Frozen score-blind pMHC comparison; technical samples are not biological replicates.
EBV_TCELL_2268934::HUMAN_MYELIN_112226,EBV_TCELL_2268934,HUMAN_MYELIN_112226,HUMAN_BACKGROUND_175502,21,primary_exact_bin_length_pm1,weak,4,VKSLLTSMY,EBV_TCELL_2268934|3|VTTFVHYANFHNYFVPN,4,HUMAN_BACKGROUND_175502|s04|TGVTTQGVKSLLTSMYVKEFL,3,0.263775,2.559827,1.671785,3.091763,Frozen score-blind pMHC comparison; technical samples are not biological replicates.
EBV_TCELL_2268934::HUMAN_MYELIN_112226,EBV_TCELL_2268934,HUMAN_MYELIN_112226,HUMAN_BACKGROUND_175502,21,primary_exact_bin_length_pm1,weak,4,VKSLLTSMY,EBV_TCELL_2268934|3|VTTFVHYANFHNYFVPN,4,HUMAN_BACKGROUND_175502|s04|TGVTTQGVKSLLTSMYVKEFL,4,0.209992,1.744355,1.867741,1.638971,Frozen score-blind pMHC comparison; technical samples are not biological replicates.
EBV_TCELL_2268934::HUMAN_MYELIN_112226,EBV_TCELL_2268934,HUMAN_MYELIN_112226,HUMAN_BACKGROUND_1952879,21,primary_exact_bin_length_pm1,weak,5,VVHYRKWIK,EBV_TCELL_2268934|3|VTTFVHYANFHNYFVPN,0,HUMAN_BACKGROUND_1952879|s04|SLYTKVVHYRKWIKDTIVANP,0,0.336973,1.972999,1.993547,1.956404,Frozen score-blind pMHC comparison; technical samples are not biological replicates.
EBV_TCELL_2268934::HUMAN_MYELIN_112226,EBV_TCELL_2268934,HUMAN_MYELIN_112226,HUMAN_BACKGROUND_1952879,21,primary_exact_bin_length_pm1,weak,5,VVHYRKWIK,EBV_TCELL_2268934|3|VTTFVHYANFHNYFVPN,0,HUMAN_BACKGROUND_1952879|s04|SLYTKVVHYRKWIKDTIVANP,1,0.304395,9.473053,9.544621,9.415407,Frozen score-blind pMHC comparison; technical samples are not biological replicates.
EBV_TCELL_2268934::HUMAN_MYELIN_112226,EBV_TCELL_2268934,HUMAN_MYELIN_112226,HUMAN_BACKGROUND_1952879,21,primary_exact_bin_length_pm1,weak,5,VVHYRKWIK,EBV_TCELL_2268934|3|VTTFVHYANFHNYFVPN,0,HUMAN_BACKGROUND_1952879|s04|SLYTKVVHYRKWIKDTIVANP,2,0.289353,9.511602,9.592586,9.446314,Frozen score-blind pMHC comparison; technical samples are not biological replicates.
EBV_TCELL_2268934::HUMAN_MYELIN_112226,EBV_TCELL_2268934,HUMAN_MYELIN_112226,HUMAN_BACKGROUND_1952879,21,primary_exact_bin_length_pm1,weak,5,VVHYRKWIK,EBV_TCELL_2268934|3|VTTFVHYANFHNYFVPN,0,HUMAN_BACKGROUND_1952879|s04|SLYTKVVHYRKWIKDTIVANP,3,0.310346,9.410171,9.344221,9.462599,Frozen score-blind pMHC comparison; technical samples are not biological replicates.
EBV_TCELL_2268934::HUMAN_MYELIN_112226,EBV_TCELL_2268934,HUMAN_MYELIN_112226,HUMAN_BACKGROUND_1952879,21,primary_exact_bin_length_pm1,weak,5,VVHYRKWIK,EBV_TCELL_2268934|3|VTTFVHYANFHNYFVPN,0,HUMAN_BACKGROUND_1952879|s04|SLYTKVVHYRKWIKDTIVANP,4,0.304043,6.863104,7.191083,6.588977,Frozen score-blind pMHC comparison; technical samples are not biological replicates.
EBV_TCELL_2268934::HUMAN_MYELIN_112226,EBV_TCELL_2268934,HUMAN_MYELIN_112226,HUMAN_BACKGROUND_1952879,21,primary_exact_bin_length_pm1,weak,5,VVHYRKWIK,EBV_TCELL_2268934|3|VTTFVHYANFHNYFVPN,1,HUMAN_BACKGROUND_1952879|s04|SLYTKVVHYRKWIKDTIVANP,0,0.428942,2.011579,2.001434,2.019658,Frozen score-blind pMHC comparison; technical samples are not biological replicates.
EBV_TCELL_2268934::HUMAN_MYELIN_112226,EBV_TCELL_2268934,HUMAN_MYELIN_112226,HUMAN_BACKGROUND_1952879,21,primary_exact_bin_length_pm1,weak,5,VVHYRKWIK,EBV_TCELL_2268934|3|VTTFVHYANFHNYFVPN,1,HUMAN_BACKGROUND_1952879|s04|SLYTKVVHYRKWIKDTIVANP,1,0.376299,9.452456,9.511041,9.405325,Frozen score-blind pMHC comparison; technical samples are not biological replicates.
EBV_TCELL_2268934::HUMAN_MYELIN_112226,EBV_TCELL_2268934,HUMAN_MYELIN_112226,HUMAN_BACKGROUND_1952879,21,primary_exact_bin_length_pm1,weak,5,VVHYRKWIK,EBV_TCELL_2268934|3|VTTFVHYANFHNYFVPN,1,HUMAN_BACKGROUND_1952879|s04|SLYTKVVHYRKWIKDTIVANP,2,0.3629,9.491946,9.560248,9.436948,Frozen score-blind pMHC comparison; technical samples are not biological replicates.
EBV_TCELL_2268934::HUMAN_MYELIN_112226,EBV_TCELL_2268934,HUMAN_MYELIN_112226,HUMAN_BACKGROUND_1952879,21,primary_exact_bin_length_pm1,weak,5,VVHYRKWIK,EBV_TCELL_2268934|3|VTTFVHYANFHNYFVPN,1,HUMAN_BACKGROUND_1952879|s04|SLYTKVVHYRKWIKDTIVANP,3,0.384553,9.392073,9.315411,9.452954,Frozen score-blind pMHC comparison; technical samples are not biological replicates.
EBV_TCELL_2268934::HUMAN_MYELIN_112226,EBV_TCELL_2268934,HUMAN_MYELIN_112226,HUMAN_BACKGROUND_1952879,21,primary_exact_bin_length_pm1,weak,5,VVHYRKWIK,EBV_TCELL_2268934|3|VTTFVHYANFHNYFVPN,1,HUMAN_BACKGROUND_1952879|s04|SLYTKVVHYRKWIKDTIVANP,4,0.324118,6.831365,7.13908,6.574833,Frozen score-blind pMHC comparison; technical samples are not biological replicates.
EBV_TCELL_2268934::HUMAN_MYELIN_112226,EBV_TCELL_2268934,HUMAN_MYELIN_112226,HUMAN_BACKGROUND_1952879,21,primary_exact_bin_length_pm1,weak,5,VVHYRKWIK,EBV_TCELL_2268934|3|VTTFVHYANFHNYFVPN,2,HUMAN_BACKGROUND_1952879|s04|SLYTKVVHYRKWIKDTIVANP,0,0.3517,1.973076,1.942755,1.997001,Frozen score-blind pMHC comparison; technical samples are not biological replicates.
EBV_TCELL_2268934::HUMAN_MYELIN_112226,EBV_TCELL_2268934,HUMAN_MYELIN_112226,HUMAN_BACKGROUND_1952879,21,primary_exact_bin_length_pm1,weak,5,VVHYRKWIK,EBV_TCELL_2268934|3|VTTFVHYANFHNYFVPN,2,HUMAN_BACKGROUND_1952879|s04|SLYTKVVHYRKWIKDTIVANP,1,0.316171,9.461809,9.532282,9.40505,Frozen score-blind pMHC comparison; technical samples are not biological replicates.
EBV_TCELL_2268934::HUMAN_MYELIN_112226,EBV_TCELL_2268934,HUMAN_MYELIN_112226,HUMAN_BACKGROUND_1952879,21,primary_exact_bin_length_pm1,weak,5,VVHYRKWIK,EBV_TCELL_2268934|3|VTTFVHYANFHNYFVPN,2,HUMAN_BACKGROUND_1952879|s04|SLYTKVVHYRKWIKDTIVANP,2,0.297558,9.501388,9.581279,9.436989,Frozen score-blind pMHC comparison; technical samples are not biological replicates.
EBV_TCELL_2268934::HUMAN_MYELIN_112226,EBV_TCELL_2268934,HUMAN_MYELIN_112226,HUMAN_BACKGROUND_1952879,21,primary_exact_bin_length_pm1,weak,5,VVHYRKWIK,EBV_TCELL_2268934|3|VTTFVHYANFHNYFVPN,2,HUMAN_BACKGROUND_1952879|s04|SLYTKVVHYRKWIKDTIVANP,3,0.323906,9.401105,9.336734,9.452286,Frozen score-blind pMHC comparison; technical samples are not biological replicates.
EBV_TCELL_2268934::HUMAN_MYELIN_112226,EBV_TCELL_2268934,HUMAN_MYELIN_112226,HUMAN_BACKGROUND_1952879,21,primary_exact_bin_length_pm1,weak,5,VVHYRKWIK,EBV_TCELL_2268934|3|VTTFVHYANFHNYFVPN,2,HUMAN_BACKGROUND_1952879|s04|SLYTKVVHYRKWIKDTIVANP,4,0.299761,6.841897,7.149706,6.585298,Frozen score-blind pMHC comparison; technical samples are not biological replicates.
EBV_TCELL_2268934::HUMAN_MYELIN_112226,EBV_TCELL_2268934,HUMAN_MYELIN_112226,HUMAN_BACKGROUND_1952879,21,primary_exact_bin_length_pm1,weak,5,VVHYRKWIK,EBV_TCELL_2268934|3|VTTFVHYANFHNYFVPN,3,HUMAN_BACKGROUND_1952879|s04|SLYTKVVHYRKWIKDTIVANP,0,0.31296,1.966729,1.947835,1.981715,Frozen score-blind pMHC comparison; technical samples are not biological replicates.
EBV_TCELL_2268934::HUMAN_MYELIN_112226,EBV_TCELL_2268934,HUMAN_MYELIN_112226,HUMAN_BACKGROUND_1952879,21,primary_exact_bin_length_pm1,weak,5,VVHYRKWIK,EBV_TCELL_2268934|3|VTTFVHYANFHNYFVPN,3,HUMAN_BACKGROUND_1952879|s04|SLYTKVVHYRKWIKDTIVANP,1,0.265147,9.439436,9.511891,9.381069,Frozen score-blind pMHC comparison; technical samples are not biological replicates.
EBV_TCELL_2268934::HUMAN_MYELIN_112226,EBV_TCELL_2268934,HUMAN_MYELIN_112226,HUMAN_BACKGROUND_1952879,21,primary_exact_bin_length_pm1,weak,5,VVHYRKWIK,EBV_TCELL_2268934|3|VTTFVHYANFHNYFVPN,3,HUMAN_BACKGROUND_1952879|s04|SLYTKVVHYRKWIKDTIVANP,2,0.236149,9.478625,9.560495,9.412616,Frozen score-blind pMHC comparison; technical samples are not biological replicates.
EBV_TCELL_2268934::HUMAN_MYELIN_112226,EBV_TCELL_2268934,HUMAN_MYELIN_112226,HUMAN_BACKGROUND_1952879,21,primary_exact_bin_length_pm1,weak,5,VVHYRKWIK,EBV_TCELL_2268934|3|VTTFVHYANFHNYFVPN,3,HUMAN_BACKGROUND_1952879|s04|SLYTKVVHYRKWIKDTIVANP,3,0.279079,9.377823,9.315155,9.427659,Frozen score-blind pMHC comparison; technical samples are not biological replicates.
EBV_TCELL_2268934::HUMAN_MYELIN_112226,EBV_TCELL_2268934,HUMAN_MYELIN_112226,HUMAN_BACKGROUND_1952879,21,primary_exact_bin_length_pm1,weak,5,VVHYRKWIK,EBV_TCELL_2268934|3|VTTFVHYANFHNYFVPN,3,HUMAN_BACKGROUND_1952879|s04|SLYTKVVHYRKWIKDTIVANP,4,0.251914,6.824223,7.135635,6.564464,Frozen score-blind pMHC comparison; technical samples are not biological replicates.
EBV_TCELL_2268934::HUMAN_MYELIN_112226,EBV_TCELL_2268934,HUMAN_MYELIN_112226,HUMAN_BACKGROUND_1952879,21,primary_exact_bin_length_pm1,weak,5,VVHYRKWIK,EBV_TCELL_2268934|3|VTTFVHYANFHNYFVPN,4,HUMAN_BACKGROUND_1952879|s04|SLYTKVVHYRKWIKDTIVANP,0,0.230262,3.301414,2.778833,3.666235,Frozen score-blind pMHC comparison; technical samples are not biological replicates.
EBV_TCELL_2268934::HUMAN_MYELIN_112226,EBV_TCELL_2268934,HUMAN_MYELIN_112226,HUMAN_BACKGROUND_1952879,21,primary_exact_bin_length_pm1,weak,5,VVHYRKWIK,EBV_TCELL_2268934|3|VTTFVHYANFHNYFVPN,4,HUMAN_BACKGROUND_1952879|s04|SLYTKVVHYRKWIKDTIVANP,1,0.21653,8.898951,9.060654,8.767442,Frozen score-blind pMHC comparison; technical samples are not biological replicates.
EBV_TCELL_2268934::HUMAN_MYELIN_112226,EBV_TCELL_2268934,HUMAN_MYELIN_112226,HUMAN_BACKGROUND_1952879,21,primary_exact_bin_length_pm1,weak,5,VVHYRKWIK,EBV_TCELL_2268934|3|VTTFVHYANFHNYFVPN,4,HUMAN_BACKGROUND_1952879|s04|SLYTKVVHYRKWIKDTIVANP,2,0.198228,8.933513,9.098195,8.799549,Frozen score-blind pMHC comparison; technical samples are not biological replicates.
EBV_TCELL_2268934::HUMAN_MYELIN_112226,EBV_TCELL_2268934,HUMAN_MYELIN_112226,HUMAN_BACKGROUND_1952879,21,primary_exact_bin_length_pm1,weak,5,VVHYRKWIK,EBV_TCELL_2268934|3|VTTFVHYANFHNYFVPN,4,HUMAN_BACKGROUND_1952879|s04|SLYTKVVHYRKWIKDTIVANP,3,0.230163,8.824794,8.877852,8.782116,Frozen score-blind pMHC comparison; technical samples are not biological replicates.
EBV_TCELL_2268934::HUMAN_MYELIN_112226,EBV_TCELL_2268934,HUMAN_MYELIN_112226,HUMAN_BACKGROUND_1952879,21,primary_exact_bin_length_pm1,weak,5,VVHYRKWIK,EBV_TCELL_2268934|3|VTTFVHYANFHNYFVPN,4,HUMAN_BACKGROUND_1952879|s04|SLYTKVVHYRKWIKDTIVANP,4,0.268818,5.976752,6.365825,5.646223,Frozen score-blind pMHC comparison; technical samples are not biological replicates.
EBV_TCELL_149795::HUMAN_MYELIN_116079,EBV_TCELL_149795,HUMAN_MYELIN_116079,HUMAN_BACKGROUND_113135,23,primary_exact_bin_length_pm1,weak,1,SSPLRGPGA,EBV_TCELL_149795|3|LDLDFGQLTPHTKAVYQPRG,0,HUMAN_BACKGROUND_113135|s04|QRPPQKSKQQPRSSPLRGPGASR,0,0.194269,6.928257,6.465776,7.277111,Frozen score-blind pMHC comparison; technical samples are not biological replicates.
EBV_TCELL_149795::HUMAN_MYELIN_116079,EBV_TCELL_149795,HUMAN_MYELIN_116079,HUMAN_BACKGROUND_113135,23,primary_exact_bin_length_pm1,weak,1,SSPLRGPGA,EBV_TCELL_149795|3|LDLDFGQLTPHTKAVYQPRG,0,HUMAN_BACKGROUND_113135|s04|QRPPQKSKQQPRSSPLRGPGASR,1,0.175562,27.82681,27.650279,27.967232,Frozen score-blind pMHC comparison; technical samples are not biological replicates.
EBV_TCELL_149795::HUMAN_MYELIN_116079,EBV_TCELL_149795,HUMAN_MYELIN_116079,HUMAN_BACKGROUND_113135,23,primary_exact_bin_length_pm1,weak,1,SSPLRGPGA,EBV_TCELL_149795|3|LDLDFGQLTPHTKAVYQPRG,0,HUMAN_BACKGROUND_113135|s04|QRPPQKSKQQPRSSPLRGPGASR,2,0.194007,27.980665,28.177406,27.82227,Frozen score-blind pMHC comparison; technical samples are not biological replicates.
EBV_TCELL_149795::HUMAN_MYELIN_116079,EBV_TCELL_149795,HUMAN_MYELIN_116079,HUMAN_BACKGROUND_113135,23,primary_exact_bin_length_pm1,weak,1,SSPLRGPGA,EBV_TCELL_149795|3|LDLDFGQLTPHTKAVYQPRG,0,HUMAN_BACKGROUND_113135|s04|QRPPQKSKQQPRSSPLRGPGASR,3,0.245718,27.865011,27.833786,27.889965,Frozen score-blind pMHC comparison; technical samples are not biological replicates.
EBV_TCELL_149795::HUMAN_MYELIN_116079,EBV_TCELL_149795,HUMAN_MYELIN_116079,HUMAN_BACKGROUND_113135,23,primary_exact_bin_length_pm1,weak,1,SSPLRGPGA,EBV_TCELL_149795|3|LDLDFGQLTPHTKAVYQPRG,0,HUMAN_BACKGROUND_113135|s04|QRPPQKSKQQPRSSPLRGPGASR,4,0.301169,5.10142,5.160053,5.054024,Frozen score-blind pMHC comparison; technical samples are not biological replicates.
EBV_TCELL_149795::HUMAN_MYELIN_116079,EBV_TCELL_149795,HUMAN_MYELIN_116079,HUMAN_BACKGROUND_113135,23,primary_exact_bin_length_pm1,weak,1,SSPLRGPGA,EBV_TCELL_149795|3|LDLDFGQLTPHTKAVYQPRG,1,HUMAN_BACKGROUND_113135|s04|QRPPQKSKQQPRSSPLRGPGASR,0,0.183537,6.706133,6.068242,7.175734,Frozen score-blind pMHC comparison; technical samples are not biological replicates.
EBV_TCELL_149795::HUMAN_MYELIN_116079,EBV_TCELL_149795,HUMAN_MYELIN_116079,HUMAN_BACKGROUND_113135,23,primary_exact_bin_length_pm1,weak,1,SSPLRGPGA,EBV_TCELL_149795|3|LDLDFGQLTPHTKAVYQPRG,1,HUMAN_BACKGROUND_113135|s04|QRPPQKSKQQPRSSPLRGPGASR,1,0.187645,27.883777,27.598615,28.109825,Frozen score-blind pMHC comparison; technical samples are not biological replicates.
EBV_TCELL_149795::HUMAN_MYELIN_116079,EBV_TCELL_149795,HUMAN_MYELIN_116079,HUMAN_BACKGROUND_113135,23,primary_exact_bin_length_pm1,weak,1,SSPLRGPGA,EBV_TCELL_149795|3|LDLDFGQLTPHTKAVYQPRG,1,HUMAN_BACKGROUND_113135|s04|QRPPQKSKQQPRSSPLRGPGASR,2,0.187991,28.009564,28.059262,27.969741,Frozen score-blind pMHC comparison; technical samples are not biological replicates.
EBV_TCELL_149795::HUMAN_MYELIN_116079,EBV_TCELL_149795,HUMAN_MYELIN_116079,HUMAN_BACKGROUND_113135,23,primary_exact_bin_length_pm1,weak,1,SSPLRGPGA,EBV_TCELL_149795|3|LDLDFGQLTPHTKAVYQPRG,1,HUMAN_BACKGROUND_113135|s04|QRPPQKSKQQPRSSPLRGPGASR,3,0.223815,27.920143,27.779018,28.032532,Frozen score-blind pMHC comparison; technical samples are not biological replicates.
EBV_TCELL_149795::HUMAN_MYELIN_116079,EBV_TCELL_149795,HUMAN_MYELIN_116079,HUMAN_BACKGROUND_113135,23,primary_exact_bin_length_pm1,weak,1,SSPLRGPGA,EBV_TCELL_149795|3|LDLDFGQLTPHTKAVYQPRG,1,HUMAN_BACKGROUND_113135|s04|QRPPQKSKQQPRSSPLRGPGASR,4,0.302939,5.127697,5.105225,5.145603,Frozen score-blind pMHC comparison; technical samples are not biological replicates.
EBV_TCELL_149795::HUMAN_MYELIN_116079,EBV_TCELL_149795,HUMAN_MYELIN_116079,HUMAN_BACKGROUND_113135,23,primary_exact_bin_length_pm1,weak,1,SSPLRGPGA,EBV_TCELL_149795|3|LDLDFGQLTPHTKAVYQPRG,2,HUMAN_BACKGROUND_113135|s04|QRPPQKSKQQPRSSPLRGPGASR,0,0.156074,21.570941,21.780892,21.401498,Frozen score-blind pMHC comparison; technical samples are not biological replicates.
EBV_TCELL_149795::HUMAN_MYELIN_116079,EBV_TCELL_149795,HUMAN_MYELIN_116079,HUMAN_BACKGROUND_113135,23,primary_exact_bin_length_pm1,weak,1,SSPLRGPGA,EBV_TCELL_149795|3|LDLDFGQLTPHTKAVYQPRG,2,HUMAN_BACKGROUND_113135|s04|QRPPQKSKQQPRSSPLRGPGASR,1,0.172894,12.148984,11.708225,12.490397,Frozen score-blind pMHC comparison; technical samples are not biological replicates.
EBV_TCELL_149795::HUMAN_MYELIN_116079,EBV_TCELL_149795,HUMAN_MYELIN_116079,HUMAN_BACKGROUND_113135,23,primary_exact_bin_length_pm1,weak,1,SSPLRGPGA,EBV_TCELL_149795|3|LDLDFGQLTPHTKAVYQPRG,2,HUMAN_BACKGROUND_113135|s04|QRPPQKSKQQPRSSPLRGPGASR,2,0.183085,11.970295,11.5765,12.276238,Frozen score-blind pMHC comparison; technical samples are not biological replicates.
EBV_TCELL_149795::HUMAN_MYELIN_116079,EBV_TCELL_149795,HUMAN_MYELIN_116079,HUMAN_BACKGROUND_113135,23,primary_exact_bin_length_pm1,weak,1,SSPLRGPGA,EBV_TCELL_149795|3|LDLDFGQLTPHTKAVYQPRG,2,HUMAN_BACKGROUND_113135|s04|QRPPQKSKQQPRSSPLRGPGASR,3,0.201635,12.155366,11.697907,12.509293,Frozen score-blind pMHC comparison; technical samples are not biological replicates.
EBV_TCELL_149795::HUMAN_MYELIN_116079,EBV_TCELL_149795,HUMAN_MYELIN_116079,HUMAN_BACKGROUND_113135,23,primary_exact_bin_length_pm1,weak,1,SSPLRGPGA,EBV_TCELL_149795|3|LDLDFGQLTPHTKAVYQPRG,2,HUMAN_BACKGROUND_113135|s04|QRPPQKSKQQPRSSPLRGPGASR,4,0.25898,17.668006,19.211514,16.328484,Frozen score-blind pMHC comparison; technical samples are not biological replicates.
EBV_TCELL_149795::HUMAN_MYELIN_116079,EBV_TCELL_149795,HUMAN_MYELIN_116079,HUMAN_BACKGROUND_113135,23,primary_exact_bin_length_pm1,weak,1,SSPLRGPGA,EBV_TCELL_149795|3|LDLDFGQLTPHTKAVYQPRG,3,HUMAN_BACKGROUND_113135|s04|QRPPQKSKQQPRSSPLRGPGASR,0,0.143592,24.063539,24.427299,23.768524,Frozen score-blind pMHC comparison; technical samples are not biological replicates.
EBV_TCELL_149795::HUMAN_MYELIN_116079,EBV_TCELL_149795,HUMAN_MYELIN_116079,HUMAN_BACKGROUND_113135,23,primary_exact_bin_length_pm1,weak,1,SSPLRGPGA,EBV_TCELL_149795|3|LDLDFGQLTPHTKAVYQPRG,3,HUMAN_BACKGROUND_113135|s04|QRPPQKSKQQPRSSPLRGPGASR,1,0.151697,9.03186,8.783824,9.225489,Frozen score-blind pMHC comparison; technical samples are not biological replicates.
EBV_TCELL_149795::HUMAN_MYELIN_116079,EBV_TCELL_149795,HUMAN_MYELIN_116079,HUMAN_BACKGROUND_113135,23,primary_exact_bin_length_pm1,weak,1,SSPLRGPGA,EBV_TCELL_149795|3|LDLDFGQLTPHTKAVYQPRG,3,HUMAN_BACKGROUND_113135|s04|QRPPQKSKQQPRSSPLRGPGASR,2,0.185006,8.847311,8.574382,9.059737,Frozen score-blind pMHC comparison; technical samples are not biological replicates.
EBV_TCELL_149795::HUMAN_MYELIN_116079,EBV_TCELL_149795,HUMAN_MYELIN_116079,HUMAN_BACKGROUND_113135,23,primary_exact_bin_length_pm1,weak,1,SSPLRGPGA,EBV_TCELL_149795|3|LDLDFGQLTPHTKAVYQPRG,3,HUMAN_BACKGROUND_113135|s04|QRPPQKSKQQPRSSPLRGPGASR,3,0.2074,9.003388,8.715102,9.227535,Frozen score-blind pMHC comparison; technical samples are not biological replicates.
EBV_TCELL_149795::HUMAN_MYELIN_116079,EBV_TCELL_149795,HUMAN_MYELIN_116079,HUMAN_BACKGROUND_113135,23,primary_exact_bin_length_pm1,weak,1,SSPLRGPGA,EBV_TCELL_149795|3|LDLDFGQLTPHTKAVYQPRG,3,HUMAN_BACKGROUND_113135|s04|QRPPQKSKQQPRSSPLRGPGASR,4,0.236943,19.487787,21.131812,18.065164,Frozen score-blind pMHC comparison; technical samples are not biological replicates.
EBV_TCELL_149795::HUMAN_MYELIN_116079,EBV_TCELL_149795,HUMAN_MYELIN_116079,HUMAN_BACKGROUND_113135,23,primary_exact_bin_length_pm1,weak,1,SSPLRGPGA,EBV_TCELL_149795|3|LDLDFGQLTPHTKAVYQPRG,4,HUMAN_BACKGROUND_113135|s04|QRPPQKSKQQPRSSPLRGPGASR,0,0.168917,24.050797,24.382908,23.781769,Frozen score-blind pMHC comparison; technical samples are not biological replicates.
EBV_TCELL_149795::HUMAN_MYELIN_116079,EBV_TCELL_149795,HUMAN_MYELIN_116079,HUMAN_BACKGROUND_113135,23,primary_exact_bin_length_pm1,weak,1,SSPLRGPGA,EBV_TCELL_149795|3|LDLDFGQLTPHTKAVYQPRG,4,HUMAN_BACKGROUND_113135|s04|QRPPQKSKQQPRSSPLRGPGASR,1,0.15645,9.005117,8.813261,9.155709,Frozen score-blind pMHC comparison; technical samples are not biological replicates.
EBV_TCELL_149795::HUMAN_MYELIN_116079,EBV_TCELL_149795,HUMAN_MYELIN_116079,HUMAN_BACKGROUND_113135,23,primary_exact_bin_length_pm1,weak,1,SSPLRGPGA,EBV_TCELL_149795|3|LDLDFGQLTPHTKAVYQPRG,4,HUMAN_BACKGROUND_113135|s04|QRPPQKSKQQPRSSPLRGPGASR,2,0.196622,8.78142,8.520445,8.984744,Frozen score-blind pMHC comparison; technical samples are not biological replicates.
EBV_TCELL_149795::HUMAN_MYELIN_116079,EBV_TCELL_149795,HUMAN_MYELIN_116079,HUMAN_BACKGROUND_113135,23,primary_exact_bin_length_pm1,weak,1,SSPLRGPGA,EBV_TCELL_149795|3|LDLDFGQLTPHTKAVYQPRG,4,HUMAN_BACKGROUND_113135|s04|QRPPQKSKQQPRSSPLRGPGASR,3,0.228138,8.967785,8.736415,9.148669,Frozen score-blind pMHC comparison; technical samples are not biological replicates.
EBV_TCELL_149795::HUMAN_MYELIN_116079,EBV_TCELL_149795,HUMAN_MYELIN_116079,HUMAN_BACKGROUND_113135,23,primary_exact_bin_length_pm1,weak,1,SSPLRGPGA,EBV_TCELL_149795|3|LDLDFGQLTPHTKAVYQPRG,4,HUMAN_BACKGROUND_113135|s04|QRPPQKSKQQPRSSPLRGPGASR,4,0.262333,19.46577,21.076015,18.07458,Frozen score-blind pMHC comparison; technical samples are not biological replicates.
EBV_TCELL_149795::HUMAN_MYELIN_116079,EBV_TCELL_149795,HUMAN_MYELIN_116079,HUMAN_BACKGROUND_113135,23,primary_exact_bin_length_pm1,weak,1,SSPLRGPGA,EBV_TCELL_149795|355905527|LDLDFGQLTPHTKAVYQPRG,0,HUMAN_BACKGROUND_113135|s04|QRPPQKSKQQPRSSPLRGPGASR,0,0.180434,7.246055,6.753545,7.617169,Frozen score-blind pMHC comparison; technical samples are not biological replicates.
EBV_TCELL_149795::HUMAN_MYELIN_116079,EBV_TCELL_149795,HUMAN_MYELIN_116079,HUMAN_BACKGROUND_113135,23,primary_exact_bin_length_pm1,weak,1,SSPLRGPGA,EBV_TCELL_149795|355905527|LDLDFGQLTPHTKAVYQPRG,0,HUMAN_BACKGROUND_113135|s04|QRPPQKSKQQPRSSPLRGPGASR,1,0.132255,27.698568,27.362006,27.9649,Frozen score-blind pMHC comparison; technical samples are not biological replicates.
EBV_TCELL_149795::HUMAN_MYELIN_116079,EBV_TCELL_149795,HUMAN_MYELIN_116079,HUMAN_BACKGROUND_113135,23,primary_exact_bin_length_pm1,weak,1,SSPLRGPGA,EBV_TCELL_149795|355905527|LDLDFGQLTPHTKAVYQPRG,0,HUMAN_BACKGROUND_113135|s04|QRPPQKSKQQPRSSPLRGPGASR,2,0.173854,27.786354,27.747313,27.817547,Frozen score-blind pMHC comparison; technical samples are not biological replicates.
EBV_TCELL_149795::HUMAN_MYELIN_116079,EBV_TCELL_149795,HUMAN_MYELIN_116079,HUMAN_BACKGROUND_113135,23,primary_exact_bin_length_pm1,weak,1,SSPLRGPGA,EBV_TCELL_149795|355905527|LDLDFGQLTPHTKAVYQPRG,0,HUMAN_BACKGROUND_113135|s04|QRPPQKSKQQPRSSPLRGPGASR,3,0.209657,27.725291,27.527872,27.88222,Frozen score-blind pMHC comparison; technical samples are not biological replicates.
EBV_TCELL_149795::HUMAN_MYELIN_116079,EBV_TCELL_149795,HUMAN_MYELIN_116079,HUMAN_BACKGROUND_113135,23,primary_exact_bin_length_pm1,weak,1,SSPLRGPGA,EBV_TCELL_149795|355905527|LDLDFGQLTPHTKAVYQPRG,0,HUMAN_BACKGROUND_113135|s04|QRPPQKSKQQPRSSPLRGPGASR,4,0.238769,5.133476,5.169925,5.104129,Frozen score-blind pMHC comparison; technical samples are not biological replicates.
EBV_TCELL_149795::HUMAN_MYELIN_116079,EBV_TCELL_149795,HUMAN_MYELIN_116079,HUMAN_BACKGROUND_113135,23,primary_exact_bin_length_pm1,weak,1,SSPLRGPGA,EBV_TCELL_149795|355905527|LDLDFGQLTPHTKAVYQPRG,1,HUMAN_BACKGROUND_113135|s04|QRPPQKSKQQPRSSPLRGPGASR,0,0.229724,6.62621,6.02941,7.067457,Frozen score-blind pMHC comparison; technical samples are not biological replicates.
EBV_TCELL_149795::HUMAN_MYELIN_116079,EBV_TCELL_149795,HUMAN_MYELIN_116079,HUMAN_BACKGROUND_113135,23,primary_exact_bin_length_pm1,weak,1,SSPLRGPGA,EBV_TCELL_149795|355905527|LDLDFGQLTPHTKAVYQPRG,1,HUMAN_BACKGROUND_113135|s04|QRPPQKSKQQPRSSPLRGPGASR,1,0.193384,27.542298,27.307587,27.728637,Frozen score-blind pMHC comparison; technical samples are not biological replicates.
EBV_TCELL_149795::HUMAN_MYELIN_116079,EBV_TCELL_149795,HUMAN_MYELIN_116079,HUMAN_BACKGROUND_113135,23,primary_exact_bin_length_pm1,weak,1,SSPLRGPGA,EBV_TCELL_149795|355905527|LDLDFGQLTPHTKAVYQPRG,1,HUMAN_BACKGROUND_113135|s04|QRPPQKSKQQPRSSPLRGPGASR,2,0.215344,27.676937,27.791468,27.58497,Frozen score-blind pMHC comparison; technical samples are not biological replicates.
EBV_TCELL_149795::HUMAN_MYELIN_116079,EBV_TCELL_149795,HUMAN_MYELIN_116079,HUMAN_BACKGROUND_113135,23,primary_exact_bin_length_pm1,weak,1,SSPLRGPGA,EBV_TCELL_149795|355905527|LDLDFGQLTPHTKAVYQPRG,1,HUMAN_BACKGROUND_113135|s04|QRPPQKSKQQPRSSPLRGPGASR,3,0.276531,27.565106,27.487274,27.627214,Frozen score-blind pMHC comparison; technical samples are not biological replicates.
EBV_TCELL_149795::HUMAN_MYELIN_116079,EBV_TCELL_149795,HUMAN_MYELIN_116079,HUMAN_BACKGROUND_113135,23,primary_exact_bin_length_pm1,weak,1,SSPLRGPGA,EBV_TCELL_149795|355905527|LDLDFGQLTPHTKAVYQPRG,1,HUMAN_BACKGROUND_113135|s04|QRPPQKSKQQPRSSPLRGPGASR,4,0.333062,4.872233,4.630942,5.056984,Frozen score-blind pMHC comparison; technical samples are not biological replicates.
EBV_TCELL_149795::HUMAN_MYELIN_116079,EBV_TCELL_149795,HUMAN_MYELIN_116079,HUMAN_BACKGROUND_113135,23,primary_exact_bin_length_pm1,weak,1,SSPLRGPGA,EBV_TCELL_149795|355905527|LDLDFGQLTPHTKAVYQPRG,2,HUMAN_BACKGROUND_113135|s04|QRPPQKSKQQPRSSPLRGPGASR,0,0.145341,19.48164,20.044286,19.019543,Frozen score-blind pMHC comparison; technical samples are not biological replicates.
EBV_TCELL_149795::HUMAN_MYELIN_116079,EBV_TCELL_149795,HUMAN_MYELIN_116079,HUMAN_BACKGROUND_113135,23,primary_exact_bin_length_pm1,weak,1,SSPLRGPGA,EBV_TCELL_149795|355905527|LDLDFGQLTPHTKAVYQPRG,2,HUMAN_BACKGROUND_113135|s04|QRPPQKSKQQPRSSPLRGPGASR,1,0.149871,14.446825,14.042923,14.761993,Frozen score-blind pMHC comparison; technical samples are not biological replicates.
EBV_TCELL_149795::HUMAN_MYELIN_116079,EBV_TCELL_149795,HUMAN_MYELIN_116079,HUMAN_BACKGROUND_113135,23,primary_exact_bin_length_pm1,weak,1,SSPLRGPGA,EBV_TCELL_149795|355905527|LDLDFGQLTPHTKAVYQPRG,2,HUMAN_BACKGROUND_113135|s04|QRPPQKSKQQPRSSPLRGPGASR,2,0.18299,14.321288,14.0033,14.570683,Frozen score-blind pMHC comparison; technical samples are not biological replicates.
EBV_TCELL_149795::HUMAN_MYELIN_116079,EBV_TCELL_149795,HUMAN_MYELIN_116079,HUMAN_BACKGROUND_113135,23,primary_exact_bin_length_pm1,weak,1,SSPLRGPGA,EBV_TCELL_149795|355905527|LDLDFGQLTPHTKAVYQPRG,2,HUMAN_BACKGROUND_113135|s04|QRPPQKSKQQPRSSPLRGPGASR,3,0.214939,14.449718,14.038838,14.770194,Frozen score-blind pMHC comparison; technical samples are not biological replicates.
EBV_TCELL_149795::HUMAN_MYELIN_116079,EBV_TCELL_149795,HUMAN_MYELIN_116079,HUMAN_BACKGROUND_113135,23,primary_exact_bin_length_pm1,weak,1,SSPLRGPGA,EBV_TCELL_149795|355905527|LDLDFGQLTPHTKAVYQPRG,2,HUMAN_BACKGROUND_113135|s04|QRPPQKSKQQPRSSPLRGPGASR,4,0.251226,16.422773,18.359759,14.690433,Frozen score-blind pMHC comparison; technical samples are not biological replicates.
EBV_TCELL_149795::HUMAN_MYELIN_116079,EBV_TCELL_149795,HUMAN_MYELIN_116079,HUMAN_BACKGROUND_113135,23,primary_exact_bin_length_pm1,weak,1,SSPLRGPGA,EBV_TCELL_149795|355905527|LDLDFGQLTPHTKAVYQPRG,3,HUMAN_BACKGROUND_113135|s04|QRPPQKSKQQPRSSPLRGPGASR,0,0.131861,14.758322,14.188528,15.198784,Frozen score-blind pMHC comparison; technical samples are not biological replicates.
EBV_TCELL_149795::HUMAN_MYELIN_116079,EBV_TCELL_149795,HUMAN_MYELIN_116079,HUMAN_BACKGROUND_113135,23,primary_exact_bin_length_pm1,weak,1,SSPLRGPGA,EBV_TCELL_149795|355905527|LDLDFGQLTPHTKAVYQPRG,3,HUMAN_BACKGROUND_113135|s04|QRPPQKSKQQPRSSPLRGPGASR,1,0.177973,20.067712,20.225304,19.940743,Frozen score-blind pMHC comparison; technical samples are not biological replicates.
EBV_TCELL_149795::HUMAN_MYELIN_116079,EBV_TCELL_149795,HUMAN_MYELIN_116079,HUMAN_BACKGROUND_113135,23,primary_exact_bin_length_pm1,weak,1,SSPLRGPGA,EBV_TCELL_149795|355905527|LDLDFGQLTPHTKAVYQPRG,3,HUMAN_BACKGROUND_113135|s04|QRPPQKSKQQPRSSPLRGPGASR,2,0.176082,20.208892,20.67936,19.824481,Frozen score-blind pMHC comparison; technical samples are not biological replicates.
EBV_TCELL_149795::HUMAN_MYELIN_116079,EBV_TCELL_149795,HUMAN_MYELIN_116079,HUMAN_BACKGROUND_113135,23,primary_exact_bin_length_pm1,weak,1,SSPLRGPGA,EBV_TCELL_149795|355905527|LDLDFGQLTPHTKAVYQPRG,3,HUMAN_BACKGROUND_113135|s04|QRPPQKSKQQPRSSPLRGPGASR,3,0.165613,20.112716,20.415996,19.866759,Frozen score-blind pMHC comparison; technical samples are not biological replicates.
EBV_TCELL_149795::HUMAN_MYELIN_116079,EBV_TCELL_149795,HUMAN_MYELIN_116079,HUMAN_BACKGROUND_113135,23,primary_exact_bin_length_pm1,weak,1,SSPLRGPGA,EBV_TCELL_149795|355905527|LDLDFGQLTPHTKAVYQPRG,3,HUMAN_BACKGROUND_113135|s04|QRPPQKSKQQPRSSPLRGPGASR,4,0.208966,6.396681,6.347827,6.435497,Frozen score-blind pMHC comparison; technical samples are not biological replicates.
EBV_TCELL_149795::HUMAN_MYELIN_116079,EBV_TCELL_149795,HUMAN_MYELIN_116079,HUMAN_BACKGROUND_113135,23,primary_exact_bin_length_pm1,weak,1,SSPLRGPGA,EBV_TCELL_149795|355905527|LDLDFGQLTPHTKAVYQPRG,4,HUMAN_BACKGROUND_113135|s04|QRPPQKSKQQPRSSPLRGPGASR,0,0.167362,19.828595,20.500462,19.274247,Frozen score-blind pMHC comparison; technical samples are not biological replicates.
EBV_TCELL_149795::HUMAN_MYELIN_116079,EBV_TCELL_149795,HUMAN_MYELIN_116079,HUMAN_BACKGROUND_113135,23,primary_exact_bin_length_pm1,weak,1,SSPLRGPGA,EBV_TCELL_149795|355905527|LDLDFGQLTPHTKAVYQPRG,4,HUMAN_BACKGROUND_113135|s04|QRPPQKSKQQPRSSPLRGPGASR,1,0.196602,13.511737,12.806568,14.050413,Frozen score-blind pMHC comparison; technical samples are not biological replicates.
EBV_TCELL_149795::HUMAN_MYELIN_116079,EBV_TCELL_149795,HUMAN_MYELIN_116079,HUMAN_BACKGROUND_113135,23,primary_exact_bin_length_pm1,weak,1,SSPLRGPGA,EBV_TCELL_149795|355905527|LDLDFGQLTPHTKAVYQPRG,4,HUMAN_BACKGROUND_113135|s04|QRPPQKSKQQPRSSPLRGPGASR,2,0.222088,13.376785,12.780225,13.835525,Frozen score-blind pMHC comparison; technical samples are not biological replicates.
EBV_TCELL_149795::HUMAN_MYELIN_116079,EBV_TCELL_149795,HUMAN_MYELIN_116079,HUMAN_BACKGROUND_113135,23,primary_exact_bin_length_pm1,weak,1,SSPLRGPGA,EBV_TCELL_149795|355905527|LDLDFGQLTPHTKAVYQPRG,4,HUMAN_BACKGROUND_113135|s04|QRPPQKSKQQPRSSPLRGPGASR,3,0.211666,13.526906,12.823197,14.064544,Frozen score-blind pMHC comparison; technical samples are not biological replicates.
EBV_TCELL_149795::HUMAN_MYELIN_116079,EBV_TCELL_149795,HUMAN_MYELIN_116079,HUMAN_BACKGROUND_113135,23,primary_exact_bin_length_pm1,weak,1,SSPLRGPGA,EBV_TCELL_149795|355905527|LDLDFGQLTPHTKAVYQPRG,4,HUMAN_BACKGROUND_113135|s04|QRPPQKSKQQPRSSPLRGPGASR,4,0.212549,16.216389,18.140175,14.494673,Frozen score-blind pMHC comparison; technical samples are not biological replicates.
EBV_TCELL_149795::HUMAN_MYELIN_116079,EBV_TCELL_149795,HUMAN_MYELIN_116079,HUMAN_BACKGROUND_115806,23,primary_exact_bin_length_pm1,weak,2,WICCACQKT,EBV_TCELL_149795|3|LDLDFGQLTPHTKAVYQPRG,0,HUMAN_BACKGROUND_115806|s04|KEEDWICCACQKTRTSRRAKPPQ,0,0.384173,14.346744,14.194008,14.467772,Frozen score-blind pMHC comparison; technical samples are not biological replicates.
EBV_TCELL_149795::HUMAN_MYELIN_116079,EBV_TCELL_149795,HUMAN_MYELIN_116079,HUMAN_BACKGROUND_115806,23,primary_exact_bin_length_pm1,weak,2,WICCACQKT,EBV_TCELL_149795|3|LDLDFGQLTPHTKAVYQPRG,0,HUMAN_BACKGROUND_115806|s04|KEEDWICCACQKTRTSRRAKPPQ,1,0.287518,14.52564,14.413979,14.614354,Frozen score-blind pMHC comparison; technical samples are not biological replicates.
EBV_TCELL_149795::HUMAN_MYELIN_116079,EBV_TCELL_149795,HUMAN_MYELIN_116079,HUMAN_BACKGROUND_115806,23,primary_exact_bin_length_pm1,weak,2,WICCACQKT,EBV_TCELL_149795|3|LDLDFGQLTPHTKAVYQPRG,0,HUMAN_BACKGROUND_115806|s04|KEEDWICCACQKTRTSRRAKPPQ,2,0.296369,14.327851,14.19708,14.431615,Frozen score-blind pMHC comparison; technical samples are not biological replicates.
EBV_TCELL_149795::HUMAN_MYELIN_116079,EBV_TCELL_149795,HUMAN_MYELIN_116079,HUMAN_BACKGROUND_115806,23,primary_exact_bin_length_pm1,weak,2,WICCACQKT,EBV_TCELL_149795|3|LDLDFGQLTPHTKAVYQPRG,0,HUMAN_BACKGROUND_115806|s04|KEEDWICCACQKTRTSRRAKPPQ,3,0.323944,14.724948,14.45856,14.934639,Frozen score-blind pMHC comparison; technical samples are not biological replicates.
EBV_TCELL_149795::HUMAN_MYELIN_116079,EBV_TCELL_149795,HUMAN_MYELIN_116079,HUMAN_BACKGROUND_115806,23,primary_exact_bin_length_pm1,weak,2,WICCACQKT,EBV_TCELL_149795|3|LDLDFGQLTPHTKAVYQPRG,0,HUMAN_BACKGROUND_115806|s04|KEEDWICCACQKTRTSRRAKPPQ,4,0.308756,14.916111,14.731658,15.062047,Frozen score-blind pMHC comparison; technical samples are not biological replicates.
EBV_TCELL_149795::HUMAN_MYELIN_116079,EBV_TCELL_149795,HUMAN_MYELIN_116079,HUMAN_BACKGROUND_115806,23,primary_exact_bin_length_pm1,weak,2,WICCACQKT,EBV_TCELL_149795|3|LDLDFGQLTPHTKAVYQPRG,1,HUMAN_BACKGROUND_115806|s04|KEEDWICCACQKTRTSRRAKPPQ,0,0.358607,14.403991,14.191563,14.571703,Frozen score-blind pMHC comparison; technical samples are not biological replicates.
EBV_TCELL_149795::HUMAN_MYELIN_116079,EBV_TCELL_149795,HUMAN_MYELIN_116079,HUMAN_BACKGROUND_115806,23,primary_exact_bin_length_pm1,weak,2,WICCACQKT,EBV_TCELL_149795|3|LDLDFGQLTPHTKAVYQPRG,1,HUMAN_BACKGROUND_115806|s04|KEEDWICCACQKTRTSRRAKPPQ,1,0.255027,14.568012,14.389873,14.70897,Frozen score-blind pMHC comparison; technical samples are not biological replicates.
EBV_TCELL_149795::HUMAN_MYELIN_116079,EBV_TCELL_149795,HUMAN_MYELIN_116079,HUMAN_BACKGROUND_115806,23,primary_exact_bin_length_pm1,weak,2,WICCACQKT,EBV_TCELL_149795|3|LDLDFGQLTPHTKAVYQPRG,1,HUMAN_BACKGROUND_115806|s04|KEEDWICCACQKTRTSRRAKPPQ,2,0.296456,14.380239,14.19072,14.530075,Frozen score-blind pMHC comparison; technical samples are not biological replicates.
EBV_TCELL_149795::HUMAN_MYELIN_116079,EBV_TCELL_149795,HUMAN_MYELIN_116079,HUMAN_BACKGROUND_115806,23,primary_exact_bin_length_pm1,weak,2,WICCACQKT,EBV_TCELL_149795|3|LDLDFGQLTPHTKAVYQPRG,1,HUMAN_BACKGROUND_115806|s04|KEEDWICCACQKTRTSRRAKPPQ,3,0.289296,14.778753,14.466186,15.024126,Frozen score-blind pMHC comparison; technical samples are not biological replicates.
EBV_TCELL_149795::HUMAN_MYELIN_116079,EBV_TCELL_149795,HUMAN_MYELIN_116079,HUMAN_BACKGROUND_115806,23,primary_exact_bin_length_pm1,weak,2,WICCACQKT,EBV_TCELL_149795|3|LDLDFGQLTPHTKAVYQPRG,1,HUMAN_BACKGROUND_115806|s04|KEEDWICCACQKTRTSRRAKPPQ,4,0.30472,14.970098,14.735076,15.155493,Frozen score-blind pMHC comparison; technical samples are not biological replicates.
EBV_TCELL_149795::HUMAN_MYELIN_116079,EBV_TCELL_149795,HUMAN_MYELIN_116079,HUMAN_BACKGROUND_115806,23,primary_exact_bin_length_pm1,weak,2,WICCACQKT,EBV_TCELL_149795|3|LDLDFGQLTPHTKAVYQPRG,2,HUMAN_BACKGROUND_115806|s04|KEEDWICCACQKTRTSRRAKPPQ,0,0.339628,13.540727,15.475191,11.766353,Frozen score-blind pMHC comparison; technical samples are not biological replicates.
EBV_TCELL_149795::HUMAN_MYELIN_116079,EBV_TCELL_149795,HUMAN_MYELIN_116079,HUMAN_BACKGROUND_115806,23,primary_exact_bin_length_pm1,weak,2,WICCACQKT,EBV_TCELL_149795|3|LDLDFGQLTPHTKAVYQPRG,2,HUMAN_BACKGROUND_115806|s04|KEEDWICCACQKTRTSRRAKPPQ,1,0.241141,13.494783,15.43151,11.717136,Frozen score-blind pMHC comparison; technical samples are not biological replicates.
EBV_TCELL_149795::HUMAN_MYELIN_116079,EBV_TCELL_149795,HUMAN_MYELIN_116079,HUMAN_BACKGROUND_115806,23,primary_exact_bin_length_pm1,weak,2,WICCACQKT,EBV_TCELL_149795|3|LDLDFGQLTPHTKAVYQPRG,2,HUMAN_BACKGROUND_115806|s04|KEEDWICCACQKTRTSRRAKPPQ,2,0.263216,13.519689,15.482241,11.715278,Frozen score-blind pMHC comparison; technical samples are not biological replicates.
EBV_TCELL_149795::HUMAN_MYELIN_116079,EBV_TCELL_149795,HUMAN_MYELIN_116079,HUMAN_BACKGROUND_115806,23,primary_exact_bin_length_pm1,weak,2,WICCACQKT,EBV_TCELL_149795|3|LDLDFGQLTPHTKAVYQPRG,2,HUMAN_BACKGROUND_115806|s04|KEEDWICCACQKTRTSRRAKPPQ,3,0.269453,13.329514,15.339018,11.471195,Frozen score-blind pMHC comparison; technical samples are not biological replicates.
EBV_TCELL_149795::HUMAN_MYELIN_116079,EBV_TCELL_149795,HUMAN_MYELIN_116079,HUMAN_BACKGROUND_115806,23,primary_exact_bin_length_pm1,weak,2,WICCACQKT,EBV_TCELL_149795|3|LDLDFGQLTPHTKAVYQPRG,2,HUMAN_BACKGROUND_115806|s04|KEEDWICCACQKTRTSRRAKPPQ,4,0.26701,13.260251,15.228863,11.444083,Frozen score-blind pMHC comparison; technical samples are not biological replicates.
EBV_TCELL_149795::HUMAN_MYELIN_116079,EBV_TCELL_149795,HUMAN_MYELIN_116079,HUMAN_BACKGROUND_115806,23,primary_exact_bin_length_pm1,weak,2,WICCACQKT,EBV_TCELL_149795|3|LDLDFGQLTPHTKAVYQPRG,3,HUMAN_BACKGROUND_115806|s04|KEEDWICCACQKTRTSRRAKPPQ,0,0.329508,13.709615,15.834204,11.736216,Frozen score-blind pMHC comparison; technical samples are not biological replicates.
EBV_TCELL_149795::HUMAN_MYELIN_116079,EBV_TCELL_149795,HUMAN_MYELIN_116079,HUMAN_BACKGROUND_115806,23,primary_exact_bin_length_pm1,weak,2,WICCACQKT,EBV_TCELL_149795|3|LDLDFGQLTPHTKAVYQPRG,3,HUMAN_BACKGROUND_115806|s04|KEEDWICCACQKTRTSRRAKPPQ,1,0.22644,13.632426,15.750879,11.663847,Frozen score-blind pMHC comparison; technical samples are not biological replicates.
EBV_TCELL_149795::HUMAN_MYELIN_116079,EBV_TCELL_149795,HUMAN_MYELIN_116079,HUMAN_BACKGROUND_115806,23,primary_exact_bin_length_pm1,weak,2,WICCACQKT,EBV_TCELL_149795|3|LDLDFGQLTPHTKAVYQPRG,3,HUMAN_BACKGROUND_115806|s04|KEEDWICCACQKTRTSRRAKPPQ,2,0.232581,13.685607,15.835988,11.683736,Frozen score-blind pMHC comparison; technical samples are not biological replicates.
EBV_TCELL_149795::HUMAN_MYELIN_116079,EBV_TCELL_149795,HUMAN_MYELIN_116079,HUMAN_BACKGROUND_115806,23,primary_exact_bin_length_pm1,weak,2,WICCACQKT,EBV_TCELL_149795|3|LDLDFGQLTPHTKAVYQPRG,3,HUMAN_BACKGROUND_115806|s04|KEEDWICCACQKTRTSRRAKPPQ,3,0.250291,13.436858,15.641125,11.369812,Frozen score-blind pMHC comparison; technical samples are not biological replicates.
EBV_TCELL_149795::HUMAN_MYELIN_116079,EBV_TCELL_149795,HUMAN_MYELIN_116079,HUMAN_BACKGROUND_115806,23,primary_exact_bin_length_pm1,weak,2,WICCACQKT,EBV_TCELL_149795|3|LDLDFGQLTPHTKAVYQPRG,3,HUMAN_BACKGROUND_115806|s04|KEEDWICCACQKTRTSRRAKPPQ,4,0.24075,13.318518,15.477738,11.29783,Frozen score-blind pMHC comparison; technical samples are not biological replicates.
EBV_TCELL_149795::HUMAN_MYELIN_116079,EBV_TCELL_149795,HUMAN_MYELIN_116079,HUMAN_BACKGROUND_115806,23,primary_exact_bin_length_pm1,weak,2,WICCACQKT,EBV_TCELL_149795|3|LDLDFGQLTPHTKAVYQPRG,4,HUMAN_BACKGROUND_115806|s04|KEEDWICCACQKTRTSRRAKPPQ,0,0.372336,13.690757,15.845786,11.683969,Frozen score-blind pMHC comparison; technical samples are not biological replicates.
EBV_TCELL_149795::HUMAN_MYELIN_116079,EBV_TCELL_149795,HUMAN_MYELIN_116079,HUMAN_BACKGROUND_115806,23,primary_exact_bin_length_pm1,weak,2,WICCACQKT,EBV_TCELL_149795|3|LDLDFGQLTPHTKAVYQPRG,4,HUMAN_BACKGROUND_115806|s04|KEEDWICCACQKTRTSRRAKPPQ,1,0.266764,13.61194,15.757759,11.613236,Frozen score-blind pMHC comparison; technical samples are not biological replicates.
EBV_TCELL_149795::HUMAN_MYELIN_116079,EBV_TCELL_149795,HUMAN_MYELIN_116079,HUMAN_BACKGROUND_115806,23,primary_exact_bin_length_pm1,weak,2,WICCACQKT,EBV_TCELL_149795|3|LDLDFGQLTPHTKAVYQPRG,4,HUMAN_BACKGROUND_115806|s04|KEEDWICCACQKTRTSRRAKPPQ,2,0.274129,13.666396,15.843772,11.634715,Frozen score-blind pMHC comparison; technical samples are not biological replicates.
EBV_TCELL_149795::HUMAN_MYELIN_116079,EBV_TCELL_149795,HUMAN_MYELIN_116079,HUMAN_BACKGROUND_115806,23,primary_exact_bin_length_pm1,weak,2,WICCACQKT,EBV_TCELL_149795|3|LDLDFGQLTPHTKAVYQPRG,4,HUMAN_BACKGROUND_115806|s04|KEEDWICCACQKTRTSRRAKPPQ,3,0.294703,13.418748,15.651268,11.32004,Frozen score-blind pMHC comparison; technical samples are not biological replicates.
EBV_TCELL_149795::HUMAN_MYELIN_116079,EBV_TCELL_149795,HUMAN_MYELIN_116079,HUMAN_BACKGROUND_115806,23,primary_exact_bin_length_pm1,weak,2,WICCACQKT,EBV_TCELL_149795|3|LDLDFGQLTPHTKAVYQPRG,4,HUMAN_BACKGROUND_115806|s04|KEEDWICCACQKTRTSRRAKPPQ,4,0.289814,13.300026,15.488631,11.246559,Frozen score-blind pMHC comparison; technical samples are not biological replicates.
EBV_TCELL_149795::HUMAN_MYELIN_116079,EBV_TCELL_149795,HUMAN_MYELIN_116079,HUMAN_BACKGROUND_115806,23,primary_exact_bin_length_pm1,weak,2,WICCACQKT,EBV_TCELL_149795|355905527|LDLDFGQLTPHTKAVYQPRG,0,HUMAN_BACKGROUND_115806|s04|KEEDWICCACQKTRTSRRAKPPQ,0,0.36575,14.470097,14.357539,14.559516,Frozen score-blind pMHC comparison; technical samples are not biological replicates.
EBV_TCELL_149795::HUMAN_MYELIN_116079,EBV_TCELL_149795,HUMAN_MYELIN_116079,HUMAN_BACKGROUND_115806,23,primary_exact_bin_length_pm1,weak,2,WICCACQKT,EBV_TCELL_149795|355905527|LDLDFGQLTPHTKAVYQPRG,0,HUMAN_BACKGROUND_115806|s04|KEEDWICCACQKTRTSRRAKPPQ,1,0.271832,14.641929,14.559747,14.707343,Frozen score-blind pMHC comparison; technical samples are not biological replicates.
EBV_TCELL_149795::HUMAN_MYELIN_116079,EBV_TCELL_149795,HUMAN_MYELIN_116079,HUMAN_BACKGROUND_115806,23,primary_exact_bin_length_pm1,weak,2,WICCACQKT,EBV_TCELL_149795|355905527|LDLDFGQLTPHTKAVYQPRG,0,HUMAN_BACKGROUND_115806|s04|KEEDWICCACQKTRTSRRAKPPQ,2,0.267517,14.437571,14.335793,14.518479,Frozen score-blind pMHC comparison; technical samples are not biological replicates.
EBV_TCELL_149795::HUMAN_MYELIN_116079,EBV_TCELL_149795,HUMAN_MYELIN_116079,HUMAN_BACKGROUND_115806,23,primary_exact_bin_length_pm1,weak,2,WICCACQKT,EBV_TCELL_149795|355905527|LDLDFGQLTPHTKAVYQPRG,0,HUMAN_BACKGROUND_115806|s04|KEEDWICCACQKTRTSRRAKPPQ,3,0.296861,14.825822,14.588484,15.012991,Frozen score-blind pMHC comparison; technical samples are not biological replicates.
EBV_TCELL_149795::HUMAN_MYELIN_116079,EBV_TCELL_149795,HUMAN_MYELIN_116079,HUMAN_BACKGROUND_115806,23,primary_exact_bin_length_pm1,weak,2,WICCACQKT,EBV_TCELL_149795|355905527|LDLDFGQLTPHTKAVYQPRG,0,HUMAN_BACKGROUND_115806|s04|KEEDWICCACQKTRTSRRAKPPQ,4,0.274716,15.016043,14.85508,15.143582,Frozen score-blind pMHC comparison; technical samples are not biological replicates.
EBV_TCELL_149795::HUMAN_MYELIN_116079,EBV_TCELL_149795,HUMAN_MYELIN_116079,HUMAN_BACKGROUND_115806,23,primary_exact_bin_length_pm1,weak,2,WICCACQKT,EBV_TCELL_149795|355905527|LDLDFGQLTPHTKAVYQPRG,1,HUMAN_BACKGROUND_115806|s04|KEEDWICCACQKTRTSRRAKPPQ,0,0.41734,13.997212,13.842813,14.119516,Frozen score-blind pMHC comparison; technical samples are not biological replicates.
EBV_TCELL_149795::HUMAN_MYELIN_116079,EBV_TCELL_149795,HUMAN_MYELIN_116079,HUMAN_BACKGROUND_115806,23,primary_exact_bin_length_pm1,weak,2,WICCACQKT,EBV_TCELL_149795|355905527|LDLDFGQLTPHTKAVYQPRG,1,HUMAN_BACKGROUND_115806|s04|KEEDWICCACQKTRTSRRAKPPQ,1,0.292903,14.171745,14.048486,14.269585,Frozen score-blind pMHC comparison; technical samples are not biological replicates.
EBV_TCELL_149795::HUMAN_MYELIN_116079,EBV_TCELL_149795,HUMAN_MYELIN_116079,HUMAN_BACKGROUND_115806,23,primary_exact_bin_length_pm1,weak,2,WICCACQKT,EBV_TCELL_149795|355905527|LDLDFGQLTPHTKAVYQPRG,1,HUMAN_BACKGROUND_115806|s04|KEEDWICCACQKTRTSRRAKPPQ,2,0.331737,13.982575,13.849631,14.088027,Frozen score-blind pMHC comparison; technical samples are not biological replicates.
EBV_TCELL_149795::HUMAN_MYELIN_116079,EBV_TCELL_149795,HUMAN_MYELIN_116079,HUMAN_BACKGROUND_115806,23,primary_exact_bin_length_pm1,weak,2,WICCACQKT,EBV_TCELL_149795|355905527|LDLDFGQLTPHTKAVYQPRG,1,HUMAN_BACKGROUND_115806|s04|KEEDWICCACQKTRTSRRAKPPQ,3,0.335937,14.378946,14.108464,14.591722,Frozen score-blind pMHC comparison; technical samples are not biological replicates.
EBV_TCELL_149795::HUMAN_MYELIN_116079,EBV_TCELL_149795,HUMAN_MYELIN_116079,HUMAN_BACKGROUND_115806,23,primary_exact_bin_length_pm1,weak,2,WICCACQKT,EBV_TCELL_149795|355905527|LDLDFGQLTPHTKAVYQPRG,1,HUMAN_BACKGROUND_115806|s04|KEEDWICCACQKTRTSRRAKPPQ,4,0.340633,14.571017,14.380062,14.721997,Frozen score-blind pMHC comparison; technical samples are not biological replicates.
EBV_TCELL_149795::HUMAN_MYELIN_116079,EBV_TCELL_149795,HUMAN_MYELIN_116079,HUMAN_BACKGROUND_115806,23,primary_exact_bin_length_pm1,weak,2,WICCACQKT,EBV_TCELL_149795|355905527|LDLDFGQLTPHTKAVYQPRG,2,HUMAN_BACKGROUND_115806|s04|KEEDWICCACQKTRTSRRAKPPQ,0,0.34901,13.722992,15.893558,11.700118,Frozen score-blind pMHC comparison; technical samples are not biological replicates.
EBV_TCELL_149795::HUMAN_MYELIN_116079,EBV_TCELL_149795,HUMAN_MYELIN_116079,HUMAN_BACKGROUND_115806,23,primary_exact_bin_length_pm1,weak,2,WICCACQKT,EBV_TCELL_149795|355905527|LDLDFGQLTPHTKAVYQPRG,2,HUMAN_BACKGROUND_115806|s04|KEEDWICCACQKTRTSRRAKPPQ,1,0.236677,13.718304,15.902195,11.680819,Frozen score-blind pMHC comparison; technical samples are not biological replicates.
EBV_TCELL_149795::HUMAN_MYELIN_116079,EBV_TCELL_149795,HUMAN_MYELIN_116079,HUMAN_BACKGROUND_115806,23,primary_exact_bin_length_pm1,weak,2,WICCACQKT,EBV_TCELL_149795|355905527|LDLDFGQLTPHTKAVYQPRG,2,HUMAN_BACKGROUND_115806|s04|KEEDWICCACQKTRTSRRAKPPQ,2,0.257283,13.719612,15.923215,11.660658,Frozen score-blind pMHC comparison; technical samples are not biological replicates.
EBV_TCELL_149795::HUMAN_MYELIN_116079,EBV_TCELL_149795,HUMAN_MYELIN_116079,HUMAN_BACKGROUND_115806,23,primary_exact_bin_length_pm1,weak,2,WICCACQKT,EBV_TCELL_149795|355905527|LDLDFGQLTPHTKAVYQPRG,2,HUMAN_BACKGROUND_115806|s04|KEEDWICCACQKTRTSRRAKPPQ,3,0.256622,13.606302,15.787388,11.569068,Frozen score-blind pMHC comparison; technical samples are not biological replicates.
EBV_TCELL_149795::HUMAN_MYELIN_116079,EBV_TCELL_149795,HUMAN_MYELIN_116079,HUMAN_BACKGROUND_115806,23,primary_exact_bin_length_pm1,weak,2,WICCACQKT,EBV_TCELL_149795|355905527|LDLDFGQLTPHTKAVYQPRG,2,HUMAN_BACKGROUND_115806|s04|KEEDWICCACQKTRTSRRAKPPQ,4,0.258373,13.562713,15.730098,11.53933,Frozen score-blind pMHC comparison; technical samples are not biological replicates.
EBV_TCELL_149795::HUMAN_MYELIN_116079,EBV_TCELL_149795,HUMAN_MYELIN_116079,HUMAN_BACKGROUND_115806,23,primary_exact_bin_length_pm1,weak,2,WICCACQKT,EBV_TCELL_149795|355905527|LDLDFGQLTPHTKAVYQPRG,3,HUMAN_BACKGROUND_115806|s04|KEEDWICCACQKTRTSRRAKPPQ,0,0.274765,6.696784,6.614737,6.761705,Frozen score-blind pMHC comparison; technical samples are not biological replicates.
EBV_TCELL_149795::HUMAN_MYELIN_116079,EBV_TCELL_149795,HUMAN_MYELIN_116079,HUMAN_BACKGROUND_115806,23,primary_exact_bin_length_pm1,weak,2,WICCACQKT,EBV_TCELL_149795|355905527|LDLDFGQLTPHTKAVYQPRG,3,HUMAN_BACKGROUND_115806|s04|KEEDWICCACQKTRTSRRAKPPQ,1,0.202886,6.76891,6.753613,6.781122,Frozen score-blind pMHC comparison; technical samples are not biological replicates.
EBV_TCELL_149795::HUMAN_MYELIN_116079,EBV_TCELL_149795,HUMAN_MYELIN_116079,HUMAN_BACKGROUND_115806,23,primary_exact_bin_length_pm1,weak,2,WICCACQKT,EBV_TCELL_149795|355905527|LDLDFGQLTPHTKAVYQPRG,3,HUMAN_BACKGROUND_115806|s04|KEEDWICCACQKTRTSRRAKPPQ,2,0.210457,6.550119,6.476461,6.608455,Frozen score-blind pMHC comparison; technical samples are not biological replicates.
EBV_TCELL_149795::HUMAN_MYELIN_116079,EBV_TCELL_149795,HUMAN_MYELIN_116079,HUMAN_BACKGROUND_115806,23,primary_exact_bin_length_pm1,weak,2,WICCACQKT,EBV_TCELL_149795|355905527|LDLDFGQLTPHTKAVYQPRG,3,HUMAN_BACKGROUND_115806|s04|KEEDWICCACQKTRTSRRAKPPQ,3,0.22264,6.892745,6.735778,7.01579,Frozen score-blind pMHC comparison; technical samples are not biological replicates.
EBV_TCELL_149795::HUMAN_MYELIN_116079,EBV_TCELL_149795,HUMAN_MYELIN_116079,HUMAN_BACKGROUND_115806,23,primary_exact_bin_length_pm1,weak,2,WICCACQKT,EBV_TCELL_149795|355905527|LDLDFGQLTPHTKAVYQPRG,3,HUMAN_BACKGROUND_115806|s04|KEEDWICCACQKTRTSRRAKPPQ,4,0.22633,7.062938,6.97083,7.135768,Frozen score-blind pMHC comparison; technical samples are not biological replicates.
EBV_TCELL_149795::HUMAN_MYELIN_116079,EBV_TCELL_149795,HUMAN_MYELIN_116079,HUMAN_BACKGROUND_115806,23,primary_exact_bin_length_pm1,weak,2,WICCACQKT,EBV_TCELL_149795|355905527|LDLDFGQLTPHTKAVYQPRG,4,HUMAN_BACKGROUND_115806|s04|KEEDWICCACQKTRTSRRAKPPQ,0,0.316757,12.902377,15.177362,10.740882,Frozen score-blind pMHC comparison; technical samples are not biological replicates.
EBV_TCELL_149795::HUMAN_MYELIN_116079,EBV_TCELL_149795,HUMAN_MYELIN_116079,HUMAN_BACKGROUND_115806,23,primary_exact_bin_length_pm1,weak,2,WICCACQKT,EBV_TCELL_149795|355905527|LDLDFGQLTPHTKAVYQPRG,4,HUMAN_BACKGROUND_115806|s04|KEEDWICCACQKTRTSRRAKPPQ,1,0.234542,12.898359,15.171632,10.738671,Frozen score-blind pMHC comparison; technical samples are not biological replicates.
EBV_TCELL_149795::HUMAN_MYELIN_116079,EBV_TCELL_149795,HUMAN_MYELIN_116079,HUMAN_BACKGROUND_115806,23,primary_exact_bin_length_pm1,weak,2,WICCACQKT,EBV_TCELL_149795|355905527|LDLDFGQLTPHTKAVYQPRG,4,HUMAN_BACKGROUND_115806|s04|KEEDWICCACQKTRTSRRAKPPQ,2,0.220508,12.901874,15.200905,10.713124,Frozen score-blind pMHC comparison; technical samples are not biological replicates.
EBV_TCELL_149795::HUMAN_MYELIN_116079,EBV_TCELL_149795,HUMAN_MYELIN_116079,HUMAN_BACKGROUND_115806,23,primary_exact_bin_length_pm1,weak,2,WICCACQKT,EBV_TCELL_149795|355905527|LDLDFGQLTPHTKAVYQPRG,4,HUMAN_BACKGROUND_115806|s04|KEEDWICCACQKTRTSRRAKPPQ,3,0.222613,12.760225,15.036476,10.59271,Frozen score-blind pMHC comparison; technical samples are not biological replicates.
EBV_TCELL_149795::HUMAN_MYELIN_116079,EBV_TCELL_149795,HUMAN_MYELIN_116079,HUMAN_BACKGROUND_115806,23,primary_exact_bin_length_pm1,weak,2,WICCACQKT,EBV_TCELL_149795|355905527|LDLDFGQLTPHTKAVYQPRG,4,HUMAN_BACKGROUND_115806|s04|KEEDWICCACQKTRTSRRAKPPQ,4,0.220436,12.721155,14.970254,10.583157,Frozen score-blind pMHC comparison; technical samples are not biological replicates.
EBV_TCELL_149795::HUMAN_MYELIN_116079,EBV_TCELL_149795,HUMAN_MYELIN_116079,HUMAN_BACKGROUND_423208,23,primary_exact_bin_length_pm1,weak,3,FYYTAGSSS,EBV_TCELL_149795|3|LDLDFGQLTPHTKAVYQPRG,0,HUMAN_BACKGROUND_423208|s04|AGDAQAFGENRFYYTAGSSSPTH,0,0.248071,4.266227,4.302344,4.237111,Frozen score-blind pMHC comparison; technical samples are not biological replicates.
EBV_TCELL_149795::HUMAN_MYELIN_116079,EBV_TCELL_149795,HUMAN_MYELIN_116079,HUMAN_BACKGROUND_423208,23,primary_exact_bin_length_pm1,weak,3,FYYTAGSSS,EBV_TCELL_149795|3|LDLDFGQLTPHTKAVYQPRG,0,HUMAN_BACKGROUND_423208|s04|AGDAQAFGENRFYYTAGSSSPTH,1,0.178867,5.27051,5.054742,5.436962,Frozen score-blind pMHC comparison; technical samples are not biological replicates.
EBV_TCELL_149795::HUMAN_MYELIN_116079,EBV_TCELL_149795,HUMAN_MYELIN_116079,HUMAN_BACKGROUND_423208,23,primary_exact_bin_length_pm1,weak,3,FYYTAGSSS,EBV_TCELL_149795|3|LDLDFGQLTPHTKAVYQPRG,0,HUMAN_BACKGROUND_423208|s04|AGDAQAFGENRFYYTAGSSSPTH,2,0.177733,5.056902,5.413788,4.752134,Frozen score-blind pMHC comparison; technical samples are not biological replicates.
EBV_TCELL_149795::HUMAN_MYELIN_116079,EBV_TCELL_149795,HUMAN_MYELIN_116079,HUMAN_BACKGROUND_423208,23,primary_exact_bin_length_pm1,weak,3,FYYTAGSSS,EBV_TCELL_149795|3|LDLDFGQLTPHTKAVYQPRG,0,HUMAN_BACKGROUND_423208|s04|AGDAQAFGENRFYYTAGSSSPTH,3,0.202944,4.41102,4.831068,4.043686,Frozen score-blind pMHC comparison; technical samples are not biological replicates.
EBV_TCELL_149795::HUMAN_MYELIN_116079,EBV_TCELL_149795,HUMAN_MYELIN_116079,HUMAN_BACKGROUND_423208,23,primary_exact_bin_length_pm1,weak,3,FYYTAGSSS,EBV_TCELL_149795|3|LDLDFGQLTPHTKAVYQPRG,0,HUMAN_BACKGROUND_423208|s04|AGDAQAFGENRFYYTAGSSSPTH,4,0.209259,2.455835,2.729176,2.212986,Frozen score-blind pMHC comparison; technical samples are not biological replicates.
EBV_TCELL_149795::HUMAN_MYELIN_116079,EBV_TCELL_149795,HUMAN_MYELIN_116079,HUMAN_BACKGROUND_423208,23,primary_exact_bin_length_pm1,weak,3,FYYTAGSSS,EBV_TCELL_149795|3|LDLDFGQLTPHTKAVYQPRG,1,HUMAN_BACKGROUND_423208|s04|AGDAQAFGENRFYYTAGSSSPTH,0,0.284033,4.267721,4.291319,4.248749,Frozen score-blind pMHC comparison; technical samples are not biological replicates.
EBV_TCELL_149795::HUMAN_MYELIN_116079,EBV_TCELL_149795,HUMAN_MYELIN_116079,HUMAN_BACKGROUND_423208,23,primary_exact_bin_length_pm1,weak,3,FYYTAGSSS,EBV_TCELL_149795|3|LDLDFGQLTPHTKAVYQPRG,1,HUMAN_BACKGROUND_423208|s04|AGDAQAFGENRFYYTAGSSSPTH,1,0.168593,5.454138,5.643808,5.297515,Frozen score-blind pMHC comparison; technical samples are not biological replicates.
EBV_TCELL_149795::HUMAN_MYELIN_116079,EBV_TCELL_149795,HUMAN_MYELIN_116079,HUMAN_BACKGROUND_423208,23,primary_exact_bin_length_pm1,weak,3,FYYTAGSSS,EBV_TCELL_149795|3|LDLDFGQLTPHTKAVYQPRG,1,HUMAN_BACKGROUND_423208|s04|AGDAQAFGENRFYYTAGSSSPTH,2,0.173946,4.976612,5.338606,4.666843,Frozen score-blind pMHC comparison; technical samples are not biological replicates.
EBV_TCELL_149795::HUMAN_MYELIN_116079,EBV_TCELL_149795,HUMAN_MYELIN_116079,HUMAN_BACKGROUND_423208,23,primary_exact_bin_length_pm1,weak,3,FYYTAGSSS,EBV_TCELL_149795|3|LDLDFGQLTPHTKAVYQPRG,1,HUMAN_BACKGROUND_423208|s04|AGDAQAFGENRFYYTAGSSSPTH,3,0.209498,4.669857,5.424552,3.963964,Frozen score-blind pMHC comparison; technical samples are not biological replicates.
EBV_TCELL_149795::HUMAN_MYELIN_116079,EBV_TCELL_149795,HUMAN_MYELIN_116079,HUMAN_BACKGROUND_423208,23,primary_exact_bin_length_pm1,weak,3,FYYTAGSSS,EBV_TCELL_149795|3|LDLDFGQLTPHTKAVYQPRG,1,HUMAN_BACKGROUND_423208|s04|AGDAQAFGENRFYYTAGSSSPTH,4,0.2154,2.715109,3.177782,2.278296,Frozen score-blind pMHC comparison; technical samples are not biological replicates.
EBV_TCELL_149795::HUMAN_MYELIN_116079,EBV_TCELL_149795,HUMAN_MYELIN_116079,HUMAN_BACKGROUND_423208,23,primary_exact_bin_length_pm1,weak,3,FYYTAGSSS,EBV_TCELL_149795|3|LDLDFGQLTPHTKAVYQPRG,2,HUMAN_BACKGROUND_423208|s04|AGDAQAFGENRFYYTAGSSSPTH,0,0.219122,18.581118,20.473967,16.915013,Frozen score-blind pMHC comparison; technical samples are not biological replicates.
EBV_TCELL_149795::HUMAN_MYELIN_116079,EBV_TCELL_149795,HUMAN_MYELIN_116079,HUMAN_BACKGROUND_423208,23,primary_exact_bin_length_pm1,weak,3,FYYTAGSSS,EBV_TCELL_149795|3|LDLDFGQLTPHTKAVYQPRG,2,HUMAN_BACKGROUND_423208|s04|AGDAQAFGENRFYYTAGSSSPTH,1,0.157067,22.960339,24.167398,21.946945,Frozen score-blind pMHC comparison; technical samples are not biological replicates.
EBV_TCELL_149795::HUMAN_MYELIN_116079,EBV_TCELL_149795,HUMAN_MYELIN_116079,HUMAN_BACKGROUND_423208,23,primary_exact_bin_length_pm1,weak,3,FYYTAGSSS,EBV_TCELL_149795|3|LDLDFGQLTPHTKAVYQPRG,2,HUMAN_BACKGROUND_423208|s04|AGDAQAFGENRFYYTAGSSSPTH,2,0.17425,21.972918,22.782957,21.302721,Frozen score-blind pMHC comparison; technical samples are not biological replicates.
EBV_TCELL_149795::HUMAN_MYELIN_116079,EBV_TCELL_149795,HUMAN_MYELIN_116079,HUMAN_BACKGROUND_423208,23,primary_exact_bin_length_pm1,weak,3,FYYTAGSSS,EBV_TCELL_149795|3|LDLDFGQLTPHTKAVYQPRG,2,HUMAN_BACKGROUND_423208|s04|AGDAQAFGENRFYYTAGSSSPTH,3,0.199788,21.11386,21.089884,21.133021,Frozen score-blind pMHC comparison; technical samples are not biological replicates.
EBV_TCELL_149795::HUMAN_MYELIN_116079,EBV_TCELL_149795,HUMAN_MYELIN_116079,HUMAN_BACKGROUND_423208,23,primary_exact_bin_length_pm1,weak,3,FYYTAGSSS,EBV_TCELL_149795|3|LDLDFGQLTPHTKAVYQPRG,2,HUMAN_BACKGROUND_423208|s04|AGDAQAFGENRFYYTAGSSSPTH,4,0.188553,20.321694,21.47795,19.347,Frozen score-blind pMHC comparison; technical samples are not biological replicates.
EBV_TCELL_149795::HUMAN_MYELIN_116079,EBV_TCELL_149795,HUMAN_MYELIN_116079,HUMAN_BACKGROUND_423208,23,primary_exact_bin_length_pm1,weak,3,FYYTAGSSS,EBV_TCELL_149795|3|LDLDFGQLTPHTKAVYQPRG,3,HUMAN_BACKGROUND_423208|s04|AGDAQAFGENRFYYTAGSSSPTH,0,0.189274,20.419856,22.339193,18.743407,Frozen score-blind pMHC comparison; technical samples are not biological replicates.
EBV_TCELL_149795::HUMAN_MYELIN_116079,EBV_TCELL_149795,HUMAN_MYELIN_116079,HUMAN_BACKGROUND_423208,23,primary_exact_bin_length_pm1,weak,3,FYYTAGSSS,EBV_TCELL_149795|3|LDLDFGQLTPHTKAVYQPRG,3,HUMAN_BACKGROUND_423208|s04|AGDAQAFGENRFYYTAGSSSPTH,1,0.155035,25.434184,26.739299,24.339757,Frozen score-blind pMHC comparison; technical samples are not biological replicates.
EBV_TCELL_149795::HUMAN_MYELIN_116079,EBV_TCELL_149795,HUMAN_MYELIN_116079,HUMAN_BACKGROUND_423208,23,primary_exact_bin_length_pm1,weak,3,FYYTAGSSS,EBV_TCELL_149795|3|LDLDFGQLTPHTKAVYQPRG,3,HUMAN_BACKGROUND_423208|s04|AGDAQAFGENRFYYTAGSSSPTH,2,0.14444,24.367512,25.303113,23.592333,Frozen score-blind pMHC comparison; technical samples are not biological replicates.
EBV_TCELL_149795::HUMAN_MYELIN_116079,EBV_TCELL_149795,HUMAN_MYELIN_116079,HUMAN_BACKGROUND_423208,23,primary_exact_bin_length_pm1,weak,3,FYYTAGSSS,EBV_TCELL_149795|3|LDLDFGQLTPHTKAVYQPRG,3,HUMAN_BACKGROUND_423208|s04|AGDAQAFGENRFYYTAGSSSPTH,3,0.151223,23.563728,23.602185,23.532918,Frozen score-blind pMHC comparison; technical samples are not biological replicates.
EBV_TCELL_149795::HUMAN_MYELIN_116079,EBV_TCELL_149795,HUMAN_MYELIN_116079,HUMAN_BACKGROUND_423208,23,primary_exact_bin_length_pm1,weak,3,FYYTAGSSS,EBV_TCELL_149795|3|LDLDFGQLTPHTKAVYQPRG,3,HUMAN_BACKGROUND_423208|s04|AGDAQAFGENRFYYTAGSSSPTH,4,0.162745,22.651275,23.889095,21.61003,Frozen score-blind pMHC comparison; technical samples are not biological replicates.
EBV_TCELL_149795::HUMAN_MYELIN_116079,EBV_TCELL_149795,HUMAN_MYELIN_116079,HUMAN_BACKGROUND_423208,23,primary_exact_bin_length_pm1,weak,3,FYYTAGSSS,EBV_TCELL_149795|3|LDLDFGQLTPHTKAVYQPRG,4,HUMAN_BACKGROUND_423208|s04|AGDAQAFGENRFYYTAGSSSPTH,0,0.216457,20.392163,22.265162,18.7596,Frozen score-blind pMHC comparison; technical samples are not biological replicates.
EBV_TCELL_149795::HUMAN_MYELIN_116079,EBV_TCELL_149795,HUMAN_MYELIN_116079,HUMAN_BACKGROUND_423208,23,primary_exact_bin_length_pm1,weak,3,FYYTAGSSS,EBV_TCELL_149795|3|LDLDFGQLTPHTKAVYQPRG,4,HUMAN_BACKGROUND_423208|s04|AGDAQAFGENRFYYTAGSSSPTH,1,0.155438,25.444747,26.739947,24.359054,Frozen score-blind pMHC comparison; technical samples are not biological replicates.
EBV_TCELL_149795::HUMAN_MYELIN_116079,EBV_TCELL_149795,HUMAN_MYELIN_116079,HUMAN_BACKGROUND_423208,23,primary_exact_bin_length_pm1,weak,3,FYYTAGSSS,EBV_TCELL_149795|3|LDLDFGQLTPHTKAVYQPRG,4,HUMAN_BACKGROUND_423208|s04|AGDAQAFGENRFYYTAGSSSPTH,2,0.156078,24.372229,25.293556,23.609296,Frozen score-blind pMHC comparison; technical samples are not biological replicates.
EBV_TCELL_149795::HUMAN_MYELIN_116079,EBV_TCELL_149795,HUMAN_MYELIN_116079,HUMAN_BACKGROUND_423208,23,primary_exact_bin_length_pm1,weak,3,FYYTAGSSS,EBV_TCELL_149795|3|LDLDFGQLTPHTKAVYQPRG,4,HUMAN_BACKGROUND_423208|s04|AGDAQAFGENRFYYTAGSSSPTH,3,0.172325,23.577552,23.610675,23.551021,Frozen score-blind pMHC comparison; technical samples are not biological replicates.
EBV_TCELL_149795::HUMAN_MYELIN_116079,EBV_TCELL_149795,HUMAN_MYELIN_116079,HUMAN_BACKGROUND_423208,23,primary_exact_bin_length_pm1,weak,3,FYYTAGSSS,EBV_TCELL_149795|3|LDLDFGQLTPHTKAVYQPRG,4,HUMAN_BACKGROUND_423208|s04|AGDAQAFGENRFYYTAGSSSPTH,4,0.180243,22.653991,23.868045,21.633749,Frozen score-blind pMHC comparison; technical samples are not biological replicates.
EBV_TCELL_149795::HUMAN_MYELIN_116079,EBV_TCELL_149795,HUMAN_MYELIN_116079,HUMAN_BACKGROUND_423208,23,primary_exact_bin_length_pm1,weak,3,FYYTAGSSS,EBV_TCELL_149795|355905527|LDLDFGQLTPHTKAVYQPRG,0,HUMAN_BACKGROUND_423208|s04|AGDAQAFGENRFYYTAGSSSPTH,0,0.213293,4.054698,3.806398,4.242888,Frozen score-blind pMHC comparison; technical samples are not biological replicates.
EBV_TCELL_149795::HUMAN_MYELIN_116079,EBV_TCELL_149795,HUMAN_MYELIN_116079,HUMAN_BACKGROUND_423208,23,primary_exact_bin_length_pm1,weak,3,FYYTAGSSS,EBV_TCELL_149795|355905527|LDLDFGQLTPHTKAVYQPRG,0,HUMAN_BACKGROUND_423208|s04|AGDAQAFGENRFYYTAGSSSPTH,1,0.139794,5.82618,6.169058,5.536609,Frozen score-blind pMHC comparison; technical samples are not biological replicates.
EBV_TCELL_149795::HUMAN_MYELIN_116079,EBV_TCELL_149795,HUMAN_MYELIN_116079,HUMAN_BACKGROUND_423208,23,primary_exact_bin_length_pm1,weak,3,FYYTAGSSS,EBV_TCELL_149795|355905527|LDLDFGQLTPHTKAVYQPRG,0,HUMAN_BACKGROUND_423208|s04|AGDAQAFGENRFYYTAGSSSPTH,2,0.128484,5.880702,6.768924,5.059063,Frozen score-blind pMHC comparison; technical samples are not biological replicates.
EBV_TCELL_149795::HUMAN_MYELIN_116079,EBV_TCELL_149795,HUMAN_MYELIN_116079,HUMAN_BACKGROUND_423208,23,primary_exact_bin_length_pm1,weak,3,FYYTAGSSS,EBV_TCELL_149795|355905527|LDLDFGQLTPHTKAVYQPRG,0,HUMAN_BACKGROUND_423208|s04|AGDAQAFGENRFYYTAGSSSPTH,3,0.141706,4.904025,5.699545,4.159468,Frozen score-blind pMHC comparison; technical samples are not biological replicates.
EBV_TCELL_149795::HUMAN_MYELIN_116079,EBV_TCELL_149795,HUMAN_MYELIN_116079,HUMAN_BACKGROUND_423208,23,primary_exact_bin_length_pm1,weak,3,FYYTAGSSS,EBV_TCELL_149795|355905527|LDLDFGQLTPHTKAVYQPRG,0,HUMAN_BACKGROUND_423208|s04|AGDAQAFGENRFYYTAGSSSPTH,4,0.150672,3.236809,3.994071,2.469089,Frozen score-blind pMHC comparison; technical samples are not biological replicates.
EBV_TCELL_149795::HUMAN_MYELIN_116079,EBV_TCELL_149795,HUMAN_MYELIN_116079,HUMAN_BACKGROUND_423208,23,primary_exact_bin_length_pm1,weak,3,FYYTAGSSS,EBV_TCELL_149795|355905527|LDLDFGQLTPHTKAVYQPRG,1,HUMAN_BACKGROUND_423208|s04|AGDAQAFGENRFYYTAGSSSPTH,0,0.303901,4.151621,3.987265,4.278563,Frozen score-blind pMHC comparison; technical samples are not biological replicates.
EBV_TCELL_149795::HUMAN_MYELIN_116079,EBV_TCELL_149795,HUMAN_MYELIN_116079,HUMAN_BACKGROUND_423208,23,primary_exact_bin_length_pm1,weak,3,FYYTAGSSS,EBV_TCELL_149795|355905527|LDLDFGQLTPHTKAVYQPRG,1,HUMAN_BACKGROUND_423208|s04|AGDAQAFGENRFYYTAGSSSPTH,1,0.184591,5.44258,5.498215,5.397659,Frozen score-blind pMHC comparison; technical samples are not biological replicates.
EBV_TCELL_149795::HUMAN_MYELIN_116079,EBV_TCELL_149795,HUMAN_MYELIN_116079,HUMAN_BACKGROUND_423208,23,primary_exact_bin_length_pm1,weak,3,FYYTAGSSS,EBV_TCELL_149795|355905527|LDLDFGQLTPHTKAVYQPRG,1,HUMAN_BACKGROUND_423208|s04|AGDAQAFGENRFYYTAGSSSPTH,2,0.179463,4.956586,5.268413,4.692227,Frozen score-blind pMHC comparison; technical samples are not biological replicates.
EBV_TCELL_149795::HUMAN_MYELIN_116079,EBV_TCELL_149795,HUMAN_MYELIN_116079,HUMAN_BACKGROUND_423208,23,primary_exact_bin_length_pm1,weak,3,FYYTAGSSS,EBV_TCELL_149795|355905527|LDLDFGQLTPHTKAVYQPRG,1,HUMAN_BACKGROUND_423208|s04|AGDAQAFGENRFYYTAGSSSPTH,3,0.205575,4.588846,5.170654,4.063863,Frozen score-blind pMHC comparison; technical samples are not biological replicates.
EBV_TCELL_149795::HUMAN_MYELIN_116079,EBV_TCELL_149795,HUMAN_MYELIN_116079,HUMAN_BACKGROUND_423208,23,primary_exact_bin_length_pm1,weak,3,FYYTAGSSS,EBV_TCELL_149795|355905527|LDLDFGQLTPHTKAVYQPRG,1,HUMAN_BACKGROUND_423208|s04|AGDAQAFGENRFYYTAGSSSPTH,4,0.230117,2.664825,2.933293,2.428777,Frozen score-blind pMHC comparison; technical samples are not biological replicates.
EBV_TCELL_149795::HUMAN_MYELIN_116079,EBV_TCELL_149795,HUMAN_MYELIN_116079,HUMAN_BACKGROUND_423208,23,primary_exact_bin_length_pm1,weak,3,FYYTAGSSS,EBV_TCELL_149795|355905527|LDLDFGQLTPHTKAVYQPRG,2,HUMAN_BACKGROUND_423208|s04|AGDAQAFGENRFYYTAGSSSPTH,0,0.203153,17.313492,19.476108,15.365793,Frozen score-blind pMHC comparison; technical samples are not biological replicates.
EBV_TCELL_149795::HUMAN_MYELIN_116079,EBV_TCELL_149795,HUMAN_MYELIN_116079,HUMAN_BACKGROUND_423208,23,primary_exact_bin_length_pm1,weak,3,FYYTAGSSS,EBV_TCELL_149795|355905527|LDLDFGQLTPHTKAVYQPRG,2,HUMAN_BACKGROUND_423208|s04|AGDAQAFGENRFYYTAGSSSPTH,1,0.149971,20.924271,22.417904,19.64778,Frozen score-blind pMHC comparison; technical samples are not biological replicates.
EBV_TCELL_149795::HUMAN_MYELIN_116079,EBV_TCELL_149795,HUMAN_MYELIN_116079,HUMAN_BACKGROUND_423208,23,primary_exact_bin_length_pm1,weak,3,FYYTAGSSS,EBV_TCELL_149795|355905527|LDLDFGQLTPHTKAVYQPRG,2,HUMAN_BACKGROUND_423208|s04|AGDAQAFGENRFYYTAGSSSPTH,2,0.152829,19.993401,21.255069,18.923598,Frozen score-blind pMHC comparison; technical samples are not biological replicates.
EBV_TCELL_149795::HUMAN_MYELIN_116079,EBV_TCELL_149795,HUMAN_MYELIN_116079,HUMAN_BACKGROUND_423208,23,primary_exact_bin_length_pm1,weak,3,FYYTAGSSS,EBV_TCELL_149795|355905527|LDLDFGQLTPHTKAVYQPRG,2,HUMAN_BACKGROUND_423208|s04|AGDAQAFGENRFYYTAGSSSPTH,3,0.151196,19.132238,19.381635,18.930354,Frozen score-blind pMHC comparison; technical samples are not biological replicates.
EBV_TCELL_149795::HUMAN_MYELIN_116079,EBV_TCELL_149795,HUMAN_MYELIN_116079,HUMAN_BACKGROUND_423208,23,primary_exact_bin_length_pm1,weak,3,FYYTAGSSS,EBV_TCELL_149795|355905527|LDLDFGQLTPHTKAVYQPRG,2,HUMAN_BACKGROUND_423208|s04|AGDAQAFGENRFYYTAGSSSPTH,4,0.176219,18.492124,19.988288,17.201752,Frozen score-blind pMHC comparison; technical samples are not biological replicates.
EBV_TCELL_149795::HUMAN_MYELIN_116079,EBV_TCELL_149795,HUMAN_MYELIN_116079,HUMAN_BACKGROUND_423208,23,primary_exact_bin_length_pm1,weak,3,FYYTAGSSS,EBV_TCELL_149795|355905527|LDLDFGQLTPHTKAVYQPRG,3,HUMAN_BACKGROUND_423208|s04|AGDAQAFGENRFYYTAGSSSPTH,0,0.197343,6.660496,6.821251,6.529042,Frozen score-blind pMHC comparison; technical samples are not biological replicates.
EBV_TCELL_149795::HUMAN_MYELIN_116079,EBV_TCELL_149795,HUMAN_MYELIN_116079,HUMAN_BACKGROUND_423208,23,primary_exact_bin_length_pm1,weak,3,FYYTAGSSS,EBV_TCELL_149795|355905527|LDLDFGQLTPHTKAVYQPRG,3,HUMAN_BACKGROUND_423208|s04|AGDAQAFGENRFYYTAGSSSPTH,1,0.153585,14.619406,14.658964,14.587681,Frozen score-blind pMHC comparison; technical samples are not biological replicates.
EBV_TCELL_149795::HUMAN_MYELIN_116079,EBV_TCELL_149795,HUMAN_MYELIN_116079,HUMAN_BACKGROUND_423208,23,primary_exact_bin_length_pm1,weak,3,FYYTAGSSS,EBV_TCELL_149795|355905527|LDLDFGQLTPHTKAVYQPRG,3,HUMAN_BACKGROUND_423208|s04|AGDAQAFGENRFYYTAGSSSPTH,2,0.16583,13.905764,14.063783,13.778044,Frozen score-blind pMHC comparison; technical samples are not biological replicates.
EBV_TCELL_149795::HUMAN_MYELIN_116079,EBV_TCELL_149795,HUMAN_MYELIN_116079,HUMAN_BACKGROUND_423208,23,primary_exact_bin_length_pm1,weak,3,FYYTAGSSS,EBV_TCELL_149795|355905527|LDLDFGQLTPHTKAVYQPRG,3,HUMAN_BACKGROUND_423208|s04|AGDAQAFGENRFYYTAGSSSPTH,3,0.206048,13.194247,12.919726,13.409818,Frozen score-blind pMHC comparison; technical samples are not biological replicates.
EBV_TCELL_149795::HUMAN_MYELIN_116079,EBV_TCELL_149795,HUMAN_MYELIN_116079,HUMAN_BACKGROUND_423208,23,primary_exact_bin_length_pm1,weak,3,FYYTAGSSS,EBV_TCELL_149795|355905527|LDLDFGQLTPHTKAVYQPRG,3,HUMAN_BACKGROUND_423208|s04|AGDAQAFGENRFYYTAGSSSPTH,4,0.158622,11.490946,11.695772,11.324418,Frozen score-blind pMHC comparison; technical samples are not biological replicates.
EBV_TCELL_149795::HUMAN_MYELIN_116079,EBV_TCELL_149795,HUMAN_MYELIN_116079,HUMAN_BACKGROUND_423208,23,primary_exact_bin_length_pm1,weak,3,FYYTAGSSS,EBV_TCELL_149795|355905527|LDLDFGQLTPHTKAVYQPRG,4,HUMAN_BACKGROUND_423208|s04|AGDAQAFGENRFYYTAGSSSPTH,0,0.147152,17.099472,19.316356,15.093317,Frozen score-blind pMHC comparison; technical samples are not biological replicates.
EBV_TCELL_149795::HUMAN_MYELIN_116079,EBV_TCELL_149795,HUMAN_MYELIN_116079,HUMAN_BACKGROUND_423208,23,primary_exact_bin_length_pm1,weak,3,FYYTAGSSS,EBV_TCELL_149795|355905527|LDLDFGQLTPHTKAVYQPRG,4,HUMAN_BACKGROUND_423208|s04|AGDAQAFGENRFYYTAGSSSPTH,1,0.165868,21.255117,22.859316,19.878767,Frozen score-blind pMHC comparison; technical samples are not biological replicates.
EBV_TCELL_149795::HUMAN_MYELIN_116079,EBV_TCELL_149795,HUMAN_MYELIN_116079,HUMAN_BACKGROUND_423208,23,primary_exact_bin_length_pm1,weak,3,FYYTAGSSS,EBV_TCELL_149795|355905527|LDLDFGQLTPHTKAVYQPRG,4,HUMAN_BACKGROUND_423208|s04|AGDAQAFGENRFYYTAGSSSPTH,2,0.174799,20.287856,21.569697,19.200868,Frozen score-blind pMHC comparison; technical samples are not biological replicates.
EBV_TCELL_149795::HUMAN_MYELIN_116079,EBV_TCELL_149795,HUMAN_MYELIN_116079,HUMAN_BACKGROUND_423208,23,primary_exact_bin_length_pm1,weak,3,FYYTAGSSS,EBV_TCELL_149795|355905527|LDLDFGQLTPHTKAVYQPRG,4,HUMAN_BACKGROUND_423208|s04|AGDAQAFGENRFYYTAGSSSPTH,3,0.174521,19.378475,19.708833,19.110077,Frozen score-blind pMHC comparison; technical samples are not biological replicates.
EBV_TCELL_149795::HUMAN_MYELIN_116079,EBV_TCELL_149795,HUMAN_MYELIN_116079,HUMAN_BACKGROUND_423208,23,primary_exact_bin_length_pm1,weak,3,FYYTAGSSS,EBV_TCELL_149795|355905527|LDLDFGQLTPHTKAVYQPRG,4,HUMAN_BACKGROUND_423208|s04|AGDAQAFGENRFYYTAGSSSPTH,4,0.174533,18.666246,20.186333,17.354576,Frozen score-blind pMHC comparison; technical samples are not biological replicates.
EBV_TCELL_149795::HUMAN_MYELIN_116079,EBV_TCELL_149795,HUMAN_MYELIN_116079,HUMAN_BACKGROUND_113128,23,primary_exact_bin_length_pm1,weak,4,IHCCPPFTF,EBV_TCELL_149795|3|LDLDFGQLTPHTKAVYQPRG,0,HUMAN_BACKGROUND_113128|s04|QKYSEHFSIHCCPPFTFLNSKK,0,0.251513,4.084097,4.11561,4.058711,Frozen score-blind pMHC comparison; technical samples are not biological replicates.
EBV_TCELL_149795::HUMAN_MYELIN_116079,EBV_TCELL_149795,HUMAN_MYELIN_116079,HUMAN_BACKGROUND_113128,23,primary_exact_bin_length_pm1,weak,4,IHCCPPFTF,EBV_TCELL_149795|3|LDLDFGQLTPHTKAVYQPRG,0,HUMAN_BACKGROUND_113128|s04|QKYSEHFSIHCCPPFTFLNSKK,1,0.220953,9.979054,10.256285,9.751595,Frozen score-blind pMHC comparison; technical samples are not biological replicates.
EBV_TCELL_149795::HUMAN_MYELIN_116079,EBV_TCELL_149795,HUMAN_MYELIN_116079,HUMAN_BACKGROUND_113128,23,primary_exact_bin_length_pm1,weak,4,IHCCPPFTF,EBV_TCELL_149795|3|LDLDFGQLTPHTKAVYQPRG,0,HUMAN_BACKGROUND_113128|s04|QKYSEHFSIHCCPPFTFLNSKK,2,0.193606,9.90968,10.196918,9.673751,Frozen score-blind pMHC comparison; technical samples are not biological replicates.
EBV_TCELL_149795::HUMAN_MYELIN_116079,EBV_TCELL_149795,HUMAN_MYELIN_116079,HUMAN_BACKGROUND_113128,23,primary_exact_bin_length_pm1,weak,4,IHCCPPFTF,EBV_TCELL_149795|3|LDLDFGQLTPHTKAVYQPRG,0,HUMAN_BACKGROUND_113128|s04|QKYSEHFSIHCCPPFTFLNSKK,3,0.159262,4.024472,3.997587,4.045851,Frozen score-blind pMHC comparison; technical samples are not biological replicates.
EBV_TCELL_149795::HUMAN_MYELIN_116079,EBV_TCELL_149795,HUMAN_MYELIN_116079,HUMAN_BACKGROUND_113128,23,primary_exact_bin_length_pm1,weak,4,IHCCPPFTF,EBV_TCELL_149795|3|LDLDFGQLTPHTKAVYQPRG,0,HUMAN_BACKGROUND_113128|s04|QKYSEHFSIHCCPPFTFLNSKK,4,0.180251,7.055067,7.301303,6.85171,Frozen score-blind pMHC comparison; technical samples are not biological replicates.
EBV_TCELL_149795::HUMAN_MYELIN_116079,EBV_TCELL_149795,HUMAN_MYELIN_116079,HUMAN_BACKGROUND_113128,23,primary_exact_bin_length_pm1,weak,4,IHCCPPFTF,EBV_TCELL_149795|3|LDLDFGQLTPHTKAVYQPRG,1,HUMAN_BACKGROUND_113128|s04|QKYSEHFSIHCCPPFTFLNSKK,0,0.262639,4.256109,4.470733,4.076282,Frozen score-blind pMHC comparison; technical samples are not biological replicates.
EBV_TCELL_149795::HUMAN_MYELIN_116079,EBV_TCELL_149795,HUMAN_MYELIN_116079,HUMAN_BACKGROUND_113128,23,primary_exact_bin_length_pm1,weak,4,IHCCPPFTF,EBV_TCELL_149795|3|LDLDFGQLTPHTKAVYQPRG,1,HUMAN_BACKGROUND_113128|s04|QKYSEHFSIHCCPPFTFLNSKK,1,0.145443,10.025175,10.260461,9.832893,Frozen score-blind pMHC comparison; technical samples are not biological replicates.
EBV_TCELL_149795::HUMAN_MYELIN_116079,EBV_TCELL_149795,HUMAN_MYELIN_116079,HUMAN_BACKGROUND_113128,23,primary_exact_bin_length_pm1,weak,4,IHCCPPFTF,EBV_TCELL_149795|3|LDLDFGQLTPHTKAVYQPRG,1,HUMAN_BACKGROUND_113128|s04|QKYSEHFSIHCCPPFTFLNSKK,2,0.159822,9.94712,10.188817,9.749449,Frozen score-blind pMHC comparison; technical samples are not biological replicates.
EBV_TCELL_149795::HUMAN_MYELIN_116079,EBV_TCELL_149795,HUMAN_MYELIN_116079,HUMAN_BACKGROUND_113128,23,primary_exact_bin_length_pm1,weak,4,IHCCPPFTF,EBV_TCELL_149795|3|LDLDFGQLTPHTKAVYQPRG,1,HUMAN_BACKGROUND_113128|s04|QKYSEHFSIHCCPPFTFLNSKK,3,0.204547,4.18024,4.375422,4.017271,Frozen score-blind pMHC comparison; technical samples are not biological replicates.
EBV_TCELL_149795::HUMAN_MYELIN_116079,EBV_TCELL_149795,HUMAN_MYELIN_116079,HUMAN_BACKGROUND_113128,23,primary_exact_bin_length_pm1,weak,4,IHCCPPFTF,EBV_TCELL_149795|3|LDLDFGQLTPHTKAVYQPRG,1,HUMAN_BACKGROUND_113128|s04|QKYSEHFSIHCCPPFTFLNSKK,4,0.224672,7.15018,7.4469,6.903628,Frozen score-blind pMHC comparison; technical samples are not biological replicates.
EBV_TCELL_149795::HUMAN_MYELIN_116079,EBV_TCELL_149795,HUMAN_MYELIN_116079,HUMAN_BACKGROUND_113128,23,primary_exact_bin_length_pm1,weak,4,IHCCPPFTF,EBV_TCELL_149795|3|LDLDFGQLTPHTKAVYQPRG,2,HUMAN_BACKGROUND_113128|s04|QKYSEHFSIHCCPPFTFLNSKK,0,0.200339,18.543609,20.287571,17.020263,Frozen score-blind pMHC comparison; technical samples are not biological replicates.
EBV_TCELL_149795::HUMAN_MYELIN_116079,EBV_TCELL_149795,HUMAN_MYELIN_116079,HUMAN_BACKGROUND_113128,23,primary_exact_bin_length_pm1,weak,4,IHCCPPFTF,EBV_TCELL_149795|3|LDLDFGQLTPHTKAVYQPRG,2,HUMAN_BACKGROUND_113128|s04|QKYSEHFSIHCCPPFTFLNSKK,1,0.232489,16.374736,18.426693,14.525947,Frozen score-blind pMHC comparison; technical samples are not biological replicates.
EBV_TCELL_149795::HUMAN_MYELIN_116079,EBV_TCELL_149795,HUMAN_MYELIN_116079,HUMAN_BACKGROUND_113128,23,primary_exact_bin_length_pm1,weak,4,IHCCPPFTF,EBV_TCELL_149795|3|LDLDFGQLTPHTKAVYQPRG,2,HUMAN_BACKGROUND_113128|s04|QKYSEHFSIHCCPPFTFLNSKK,2,0.207065,16.316631,18.365204,14.470447,Frozen score-blind pMHC comparison; technical samples are not biological replicates.
EBV_TCELL_149795::HUMAN_MYELIN_116079,EBV_TCELL_149795,HUMAN_MYELIN_116079,HUMAN_BACKGROUND_113128,23,primary_exact_bin_length_pm1,weak,4,IHCCPPFTF,EBV_TCELL_149795|3|LDLDFGQLTPHTKAVYQPRG,2,HUMAN_BACKGROUND_113128|s04|QKYSEHFSIHCCPPFTFLNSKK,3,0.162554,18.676159,20.270291,17.295384,Frozen score-blind pMHC comparison; technical samples are not biological replicates.
EBV_TCELL_149795::HUMAN_MYELIN_116079,EBV_TCELL_149795,HUMAN_MYELIN_116079,HUMAN_BACKGROUND_113128,23,primary_exact_bin_length_pm1,weak,4,IHCCPPFTF,EBV_TCELL_149795|3|LDLDFGQLTPHTKAVYQPRG,2,HUMAN_BACKGROUND_113128|s04|QKYSEHFSIHCCPPFTFLNSKK,4,0.182099,15.847089,17.379376,14.50518,Frozen score-blind pMHC comparison; technical samples are not biological replicates.
EBV_TCELL_149795::HUMAN_MYELIN_116079,EBV_TCELL_149795,HUMAN_MYELIN_116079,HUMAN_BACKGROUND_113128,23,primary_exact_bin_length_pm1,weak,4,IHCCPPFTF,EBV_TCELL_149795|3|LDLDFGQLTPHTKAVYQPRG,3,HUMAN_BACKGROUND_113128|s04|QKYSEHFSIHCCPPFTFLNSKK,0,0.188942,20.375279,22.151581,18.834001,Frozen score-blind pMHC comparison; technical samples are not biological replicates.
EBV_TCELL_149795::HUMAN_MYELIN_116079,EBV_TCELL_149795,HUMAN_MYELIN_116079,HUMAN_BACKGROUND_113128,23,primary_exact_bin_length_pm1,weak,4,IHCCPPFTF,EBV_TCELL_149795|3|LDLDFGQLTPHTKAVYQPRG,3,HUMAN_BACKGROUND_113128|s04|QKYSEHFSIHCCPPFTFLNSKK,1,0.239324,17.292684,19.369611,15.43117,Frozen score-blind pMHC comparison; technical samples are not biological replicates.
EBV_TCELL_149795::HUMAN_MYELIN_116079,EBV_TCELL_149795,HUMAN_MYELIN_116079,HUMAN_BACKGROUND_113128,23,primary_exact_bin_length_pm1,weak,4,IHCCPPFTF,EBV_TCELL_149795|3|LDLDFGQLTPHTKAVYQPRG,3,HUMAN_BACKGROUND_113128|s04|QKYSEHFSIHCCPPFTFLNSKK,2,0.19549,17.254392,19.32045,15.403292,Frozen score-blind pMHC comparison; technical samples are not biological replicates.
EBV_TCELL_149795::HUMAN_MYELIN_116079,EBV_TCELL_149795,HUMAN_MYELIN_116079,HUMAN_BACKGROUND_113128,23,primary_exact_bin_length_pm1,weak,4,IHCCPPFTF,EBV_TCELL_149795|3|LDLDFGQLTPHTKAVYQPRG,3,HUMAN_BACKGROUND_113128|s04|QKYSEHFSIHCCPPFTFLNSKK,3,0.127032,20.524512,22.163431,19.112455,Frozen score-blind pMHC comparison; technical samples are not biological replicates.
EBV_TCELL_149795::HUMAN_MYELIN_116079,EBV_TCELL_149795,HUMAN_MYELIN_116079,HUMAN_BACKGROUND_113128,23,primary_exact_bin_length_pm1,weak,4,IHCCPPFTF,EBV_TCELL_149795|3|LDLDFGQLTPHTKAVYQPRG,3,HUMAN_BACKGROUND_113128|s04|QKYSEHFSIHCCPPFTFLNSKK,4,0.140778,17.487212,19.076048,16.103668,Frozen score-blind pMHC comparison; technical samples are not biological replicates.
EBV_TCELL_149795::HUMAN_MYELIN_116079,EBV_TCELL_149795,HUMAN_MYELIN_116079,HUMAN_BACKGROUND_113128,23,primary_exact_bin_length_pm1,weak,4,IHCCPPFTF,EBV_TCELL_149795|3|LDLDFGQLTPHTKAVYQPRG,4,HUMAN_BACKGROUND_113128|s04|QKYSEHFSIHCCPPFTFLNSKK,0,0.217687,20.362785,22.112611,18.84631,Frozen score-blind pMHC comparison; technical samples are not biological replicates.
EBV_TCELL_149795::HUMAN_MYELIN_116079,EBV_TCELL_149795,HUMAN_MYELIN_116079,HUMAN_BACKGROUND_113128,23,primary_exact_bin_length_pm1,weak,4,IHCCPPFTF,EBV_TCELL_149795|3|LDLDFGQLTPHTKAVYQPRG,4,HUMAN_BACKGROUND_113128|s04|QKYSEHFSIHCCPPFTFLNSKK,1,0.227715,17.247161,19.282147,15.427094,Frozen score-blind pMHC comparison; technical samples are not biological replicates.
EBV_TCELL_149795::HUMAN_MYELIN_116079,EBV_TCELL_149795,HUMAN_MYELIN_116079,HUMAN_BACKGROUND_113128,23,primary_exact_bin_length_pm1,weak,4,IHCCPPFTF,EBV_TCELL_149795|3|LDLDFGQLTPHTKAVYQPRG,4,HUMAN_BACKGROUND_113128|s04|QKYSEHFSIHCCPPFTFLNSKK,2,0.192201,17.208043,19.230375,15.40014,Frozen score-blind pMHC comparison; technical samples are not biological replicates.
EBV_TCELL_149795::HUMAN_MYELIN_116079,EBV_TCELL_149795,HUMAN_MYELIN_116079,HUMAN_BACKGROUND_113128,23,primary_exact_bin_length_pm1,weak,4,IHCCPPFTF,EBV_TCELL_149795|3|LDLDFGQLTPHTKAVYQPRG,4,HUMAN_BACKGROUND_113128|s04|QKYSEHFSIHCCPPFTFLNSKK,3,0.112837,20.514174,22.127389,19.125881,Frozen score-blind pMHC comparison; technical samples are not biological replicates.
EBV_TCELL_149795::HUMAN_MYELIN_116079,EBV_TCELL_149795,HUMAN_MYELIN_116079,HUMAN_BACKGROUND_113128,23,primary_exact_bin_length_pm1,weak,4,IHCCPPFTF,EBV_TCELL_149795|3|LDLDFGQLTPHTKAVYQPRG,4,HUMAN_BACKGROUND_113128|s04|QKYSEHFSIHCCPPFTFLNSKK,4,0.14288,17.482752,19.047921,16.121578,Frozen score-blind pMHC comparison; technical samples are not biological replicates.
EBV_TCELL_149795::HUMAN_MYELIN_116079,EBV_TCELL_149795,HUMAN_MYELIN_116079,HUMAN_BACKGROUND_113128,23,primary_exact_bin_length_pm1,weak,4,IHCCPPFTF,EBV_TCELL_149795|355905527|LDLDFGQLTPHTKAVYQPRG,0,HUMAN_BACKGROUND_113128|s04|QKYSEHFSIHCCPPFTFLNSKK,0,0.20728,4.167863,4.279651,4.076225,Frozen score-blind pMHC comparison; technical samples are not biological replicates.
EBV_TCELL_149795::HUMAN_MYELIN_116079,EBV_TCELL_149795,HUMAN_MYELIN_116079,HUMAN_BACKGROUND_113128,23,primary_exact_bin_length_pm1,weak,4,IHCCPPFTF,EBV_TCELL_149795|355905527|LDLDFGQLTPHTKAVYQPRG,0,HUMAN_BACKGROUND_113128|s04|QKYSEHFSIHCCPPFTFLNSKK,1,0.256991,9.726118,9.76218,9.697172,Frozen score-blind pMHC comparison; technical samples are not biological replicates.
EBV_TCELL_149795::HUMAN_MYELIN_116079,EBV_TCELL_149795,HUMAN_MYELIN_116079,HUMAN_BACKGROUND_113128,23,primary_exact_bin_length_pm1,weak,4,IHCCPPFTF,EBV_TCELL_149795|355905527|LDLDFGQLTPHTKAVYQPRG,0,HUMAN_BACKGROUND_113128|s04|QKYSEHFSIHCCPPFTFLNSKK,2,0.171909,9.655574,9.6959,9.623192,Frozen score-blind pMHC comparison; technical samples are not biological replicates.
EBV_TCELL_149795::HUMAN_MYELIN_116079,EBV_TCELL_149795,HUMAN_MYELIN_116079,HUMAN_BACKGROUND_113128,23,primary_exact_bin_length_pm1,weak,4,IHCCPPFTF,EBV_TCELL_149795|355905527|LDLDFGQLTPHTKAVYQPRG,0,HUMAN_BACKGROUND_113128|s04|QKYSEHFSIHCCPPFTFLNSKK,3,0.127852,4.161093,4.264868,4.076172,Frozen score-blind pMHC comparison; technical samples are not biological replicates.
EBV_TCELL_149795::HUMAN_MYELIN_116079,EBV_TCELL_149795,HUMAN_MYELIN_116079,HUMAN_BACKGROUND_113128,23,primary_exact_bin_length_pm1,weak,4,IHCCPPFTF,EBV_TCELL_149795|355905527|LDLDFGQLTPHTKAVYQPRG,0,HUMAN_BACKGROUND_113128|s04|QKYSEHFSIHCCPPFTFLNSKK,4,0.142076,7.088062,7.391476,6.835641,Frozen score-blind pMHC comparison; technical samples are not biological replicates.
EBV_TCELL_149795::HUMAN_MYELIN_116079,EBV_TCELL_149795,HUMAN_MYELIN_116079,HUMAN_BACKGROUND_113128,23,primary_exact_bin_length_pm1,weak,4,IHCCPPFTF,EBV_TCELL_149795|355905527|LDLDFGQLTPHTKAVYQPRG,1,HUMAN_BACKGROUND_113128|s04|QKYSEHFSIHCCPPFTFLNSKK,0,0.289406,4.015987,3.941409,4.074666,Frozen score-blind pMHC comparison; technical samples are not biological replicates.
EBV_TCELL_149795::HUMAN_MYELIN_116079,EBV_TCELL_149795,HUMAN_MYELIN_116079,HUMAN_BACKGROUND_113128,23,primary_exact_bin_length_pm1,weak,4,IHCCPPFTF,EBV_TCELL_149795|355905527|LDLDFGQLTPHTKAVYQPRG,1,HUMAN_BACKGROUND_113128|s04|QKYSEHFSIHCCPPFTFLNSKK,1,0.138398,9.744564,9.941657,9.583972,Frozen score-blind pMHC comparison; technical samples are not biological replicates.
EBV_TCELL_149795::HUMAN_MYELIN_116079,EBV_TCELL_149795,HUMAN_MYELIN_116079,HUMAN_BACKGROUND_113128,23,primary_exact_bin_length_pm1,weak,4,IHCCPPFTF,EBV_TCELL_149795|355905527|LDLDFGQLTPHTKAVYQPRG,1,HUMAN_BACKGROUND_113128|s04|QKYSEHFSIHCCPPFTFLNSKK,2,0.179802,9.667866,9.868689,9.504154,Frozen score-blind pMHC comparison; technical samples are not biological replicates.
EBV_TCELL_149795::HUMAN_MYELIN_116079,EBV_TCELL_149795,HUMAN_MYELIN_116079,HUMAN_BACKGROUND_113128,23,primary_exact_bin_length_pm1,weak,4,IHCCPPFTF,EBV_TCELL_149795|355905527|LDLDFGQLTPHTKAVYQPRG,1,HUMAN_BACKGROUND_113128|s04|QKYSEHFSIHCCPPFTFLNSKK,3,0.197522,3.946583,3.805436,4.055965,Frozen score-blind pMHC comparison; technical samples are not biological replicates.
EBV_TCELL_149795::HUMAN_MYELIN_116079,EBV_TCELL_149795,HUMAN_MYELIN_116079,HUMAN_BACKGROUND_113128,23,primary_exact_bin_length_pm1,weak,4,IHCCPPFTF,EBV_TCELL_149795|355905527|LDLDFGQLTPHTKAVYQPRG,1,HUMAN_BACKGROUND_113128|s04|QKYSEHFSIHCCPPFTFLNSKK,4,0.20109,6.888006,7.029188,6.772941,Frozen score-blind pMHC comparison; technical samples are not biological replicates.
EBV_TCELL_149795::HUMAN_MYELIN_116079,EBV_TCELL_149795,HUMAN_MYELIN_116079,HUMAN_BACKGROUND_113128,23,primary_exact_bin_length_pm1,weak,4,IHCCPPFTF,EBV_TCELL_149795|355905527|LDLDFGQLTPHTKAVYQPRG,2,HUMAN_BACKGROUND_113128|s04|QKYSEHFSIHCCPPFTFLNSKK,0,0.199771,17.214531,19.1995,15.443947,Frozen score-blind pMHC comparison; technical samples are not biological replicates.
EBV_TCELL_149795::HUMAN_MYELIN_116079,EBV_TCELL_149795,HUMAN_MYELIN_116079,HUMAN_BACKGROUND_113128,23,primary_exact_bin_length_pm1,weak,4,IHCCPPFTF,EBV_TCELL_149795|355905527|LDLDFGQLTPHTKAVYQPRG,2,HUMAN_BACKGROUND_113128|s04|QKYSEHFSIHCCPPFTFLNSKK,1,0.20913,15.928984,18.154834,13.893889,Frozen score-blind pMHC comparison; technical samples are not biological replicates.
EBV_TCELL_149795::HUMAN_MYELIN_116079,EBV_TCELL_149795,HUMAN_MYELIN_116079,HUMAN_BACKGROUND_113128,23,primary_exact_bin_length_pm1,weak,4,IHCCPPFTF,EBV_TCELL_149795|355905527|LDLDFGQLTPHTKAVYQPRG,2,HUMAN_BACKGROUND_113128|s04|QKYSEHFSIHCCPPFTFLNSKK,2,0.185935,15.860025,18.092244,13.816992,Frozen score-blind pMHC comparison; technical samples are not biological replicates.
EBV_TCELL_149795::HUMAN_MYELIN_116079,EBV_TCELL_149795,HUMAN_MYELIN_116079,HUMAN_BACKGROUND_113128,23,primary_exact_bin_length_pm1,weak,4,IHCCPPFTF,EBV_TCELL_149795|355905527|LDLDFGQLTPHTKAVYQPRG,2,HUMAN_BACKGROUND_113128|s04|QKYSEHFSIHCCPPFTFLNSKK,3,0.121831,17.319681,19.181165,15.672102,Frozen score-blind pMHC comparison; technical samples are not biological replicates.
EBV_TCELL_149795::HUMAN_MYELIN_116079,EBV_TCELL_149795,HUMAN_MYELIN_116079,HUMAN_BACKGROUND_113128,23,primary_exact_bin_length_pm1,weak,4,IHCCPPFTF,EBV_TCELL_149795|355905527|LDLDFGQLTPHTKAVYQPRG,2,HUMAN_BACKGROUND_113128|s04|QKYSEHFSIHCCPPFTFLNSKK,4,0.145194,14.841431,16.566073,13.301681,Frozen score-blind pMHC comparison; technical samples are not biological replicates.
EBV_TCELL_149795::HUMAN_MYELIN_116079,EBV_TCELL_149795,HUMAN_MYELIN_116079,HUMAN_BACKGROUND_113128,23,primary_exact_bin_length_pm1,weak,4,IHCCPPFTF,EBV_TCELL_149795|355905527|LDLDFGQLTPHTKAVYQPRG,3,HUMAN_BACKGROUND_113128|s04|QKYSEHFSIHCCPPFTFLNSKK,0,0.171386,6.634026,6.70308,6.578261,Frozen score-blind pMHC comparison; technical samples are not biological replicates.
EBV_TCELL_149795::HUMAN_MYELIN_116079,EBV_TCELL_149795,HUMAN_MYELIN_116079,HUMAN_BACKGROUND_113128,23,primary_exact_bin_length_pm1,weak,4,IHCCPPFTF,EBV_TCELL_149795|355905527|LDLDFGQLTPHTKAVYQPRG,3,HUMAN_BACKGROUND_113128|s04|QKYSEHFSIHCCPPFTFLNSKK,1,0.25758,0.705502,0.676392,0.727952,Frozen score-blind pMHC comparison; technical samples are not biological replicates.
EBV_TCELL_149795::HUMAN_MYELIN_116079,EBV_TCELL_149795,HUMAN_MYELIN_116079,HUMAN_BACKGROUND_113128,23,primary_exact_bin_length_pm1,weak,4,IHCCPPFTF,EBV_TCELL_149795|355905527|LDLDFGQLTPHTKAVYQPRG,3,HUMAN_BACKGROUND_113128|s04|QKYSEHFSIHCCPPFTFLNSKK,2,0.186251,0.713971,0.682231,0.738382,Frozen score-blind pMHC comparison; technical samples are not biological replicates.
EBV_TCELL_149795::HUMAN_MYELIN_116079,EBV_TCELL_149795,HUMAN_MYELIN_116079,HUMAN_BACKGROUND_113128,23,primary_exact_bin_length_pm1,weak,4,IHCCPPFTF,EBV_TCELL_149795|355905527|LDLDFGQLTPHTKAVYQPRG,3,HUMAN_BACKGROUND_113128|s04|QKYSEHFSIHCCPPFTFLNSKK,3,0.173823,6.863315,6.83265,6.887749,Frozen score-blind pMHC comparison; technical samples are not biological replicates.
EBV_TCELL_149795::HUMAN_MYELIN_116079,EBV_TCELL_149795,HUMAN_MYELIN_116079,HUMAN_BACKGROUND_113128,23,primary_exact_bin_length_pm1,weak,4,IHCCPPFTF,EBV_TCELL_149795|355905527|LDLDFGQLTPHTKAVYQPRG,3,HUMAN_BACKGROUND_113128|s04|QKYSEHFSIHCCPPFTFLNSKK,4,0.201024,5.089991,5.693887,4.54952,Frozen score-blind pMHC comparison; technical samples are not biological replicates.
EBV_TCELL_149795::HUMAN_MYELIN_116079,EBV_TCELL_149795,HUMAN_MYELIN_116079,HUMAN_BACKGROUND_113128,23,primary_exact_bin_length_pm1,weak,4,IHCCPPFTF,EBV_TCELL_149795|355905527|LDLDFGQLTPHTKAVYQPRG,4,HUMAN_BACKGROUND_113128|s04|QKYSEHFSIHCCPPFTFLNSKK,0,0.146408,17.01021,19.084514,15.147611,Frozen score-blind pMHC comparison; technical samples are not biological replicates.
EBV_TCELL_149795::HUMAN_MYELIN_116079,EBV_TCELL_149795,HUMAN_MYELIN_116079,HUMAN_BACKGROUND_113128,23,primary_exact_bin_length_pm1,weak,4,IHCCPPFTF,EBV_TCELL_149795|355905527|LDLDFGQLTPHTKAVYQPRG,4,HUMAN_BACKGROUND_113128|s04|QKYSEHFSIHCCPPFTFLNSKK,1,0.279291,15.297481,17.56551,13.205512,Frozen score-blind pMHC comparison; technical samples are not biological replicates.
EBV_TCELL_149795::HUMAN_MYELIN_116079,EBV_TCELL_149795,HUMAN_MYELIN_116079,HUMAN_BACKGROUND_113128,23,primary_exact_bin_length_pm1,weak,4,IHCCPPFTF,EBV_TCELL_149795|355905527|LDLDFGQLTPHTKAVYQPRG,4,HUMAN_BACKGROUND_113128|s04|QKYSEHFSIHCCPPFTFLNSKK,2,0.230478,15.232669,17.504282,13.135512,Frozen score-blind pMHC comparison; technical samples are not biological replicates.
EBV_TCELL_149795::HUMAN_MYELIN_116079,EBV_TCELL_149795,HUMAN_MYELIN_116079,HUMAN_BACKGROUND_113128,23,primary_exact_bin_length_pm1,weak,4,IHCCPPFTF,EBV_TCELL_149795|355905527|LDLDFGQLTPHTKAVYQPRG,4,HUMAN_BACKGROUND_113128|s04|QKYSEHFSIHCCPPFTFLNSKK,3,0.123272,17.129812,19.052371,15.420133,Frozen score-blind pMHC comparison; technical samples are not biological replicates.
EBV_TCELL_149795::HUMAN_MYELIN_116079,EBV_TCELL_149795,HUMAN_MYELIN_116079,HUMAN_BACKGROUND_113128,23,primary_exact_bin_length_pm1,weak,4,IHCCPPFTF,EBV_TCELL_149795|355905527|LDLDFGQLTPHTKAVYQPRG,4,HUMAN_BACKGROUND_113128|s04|QKYSEHFSIHCCPPFTFLNSKK,4,0.157752,14.431895,16.194266,12.849119,Frozen score-blind pMHC comparison; technical samples are not biological replicates.
EBV_TCELL_149795::HUMAN_MYELIN_116079,EBV_TCELL_149795,HUMAN_MYELIN_116079,HUMAN_BACKGROUND_2183652,23,primary_exact_bin_length_pm1,weak,5,ITSLISSVV,EBV_TCELL_149795|3|LDLDFGQLTPHTKAVYQPRG,0,HUMAN_BACKGROUND_2183652|s04|VTITNRFEQAFITSLISSVVKM,0,0.235274,4.466459,4.609098,4.34898,Frozen score-blind pMHC comparison; technical samples are not biological replicates.
EBV_TCELL_149795::HUMAN_MYELIN_116079,EBV_TCELL_149795,HUMAN_MYELIN_116079,HUMAN_BACKGROUND_2183652,23,primary_exact_bin_length_pm1,weak,5,ITSLISSVV,EBV_TCELL_149795|3|LDLDFGQLTPHTKAVYQPRG,0,HUMAN_BACKGROUND_2183652|s04|VTITNRFEQAFITSLISSVVKM,1,0.193273,3.997998,3.991274,4.00337,Frozen score-blind pMHC comparison; technical samples are not biological replicates.
EBV_TCELL_149795::HUMAN_MYELIN_116079,EBV_TCELL_149795,HUMAN_MYELIN_116079,HUMAN_BACKGROUND_2183652,23,primary_exact_bin_length_pm1,weak,5,ITSLISSVV,EBV_TCELL_149795|3|LDLDFGQLTPHTKAVYQPRG,0,HUMAN_BACKGROUND_2183652|s04|VTITNRFEQAFITSLISSVVKM,2,0.225713,5.232433,5.103037,5.333691,Frozen score-blind pMHC comparison; technical samples are not biological replicates.
EBV_TCELL_149795::HUMAN_MYELIN_116079,EBV_TCELL_149795,HUMAN_MYELIN_116079,HUMAN_BACKGROUND_2183652,23,primary_exact_bin_length_pm1,weak,5,ITSLISSVV,EBV_TCELL_149795|3|LDLDFGQLTPHTKAVYQPRG,0,HUMAN_BACKGROUND_2183652|s04|VTITNRFEQAFITSLISSVVKM,3,0.163683,6.547493,6.777586,6.357425,Frozen score-blind pMHC comparison; technical samples are not biological replicates.
EBV_TCELL_149795::HUMAN_MYELIN_116079,EBV_TCELL_149795,HUMAN_MYELIN_116079,HUMAN_BACKGROUND_2183652,23,primary_exact_bin_length_pm1,weak,5,ITSLISSVV,EBV_TCELL_149795|3|LDLDFGQLTPHTKAVYQPRG,0,HUMAN_BACKGROUND_2183652|s04|VTITNRFEQAFITSLISSVVKM,4,0.206744,5.2669,5.284652,5.252656,Frozen score-blind pMHC comparison; technical samples are not biological replicates.
EBV_TCELL_149795::HUMAN_MYELIN_116079,EBV_TCELL_149795,HUMAN_MYELIN_116079,HUMAN_BACKGROUND_2183652,23,primary_exact_bin_length_pm1,weak,5,ITSLISSVV,EBV_TCELL_149795|3|LDLDFGQLTPHTKAVYQPRG,1,HUMAN_BACKGROUND_2183652|s04|VTITNRFEQAFITSLISSVVKM,0,0.177289,4.370268,4.431149,4.320946,Frozen score-blind pMHC comparison; technical samples are not biological replicates.
EBV_TCELL_149795::HUMAN_MYELIN_116079,EBV_TCELL_149795,HUMAN_MYELIN_116079,HUMAN_BACKGROUND_2183652,23,primary_exact_bin_length_pm1,weak,5,ITSLISSVV,EBV_TCELL_149795|3|LDLDFGQLTPHTKAVYQPRG,1,HUMAN_BACKGROUND_2183652|s04|VTITNRFEQAFITSLISSVVKM,1,0.169175,3.998566,4.049208,3.957586,Frozen score-blind pMHC comparison; technical samples are not biological replicates.
EBV_TCELL_149795::HUMAN_MYELIN_116079,EBV_TCELL_149795,HUMAN_MYELIN_116079,HUMAN_BACKGROUND_2183652,23,primary_exact_bin_length_pm1,weak,5,ITSLISSVV,EBV_TCELL_149795|3|LDLDFGQLTPHTKAVYQPRG,1,HUMAN_BACKGROUND_2183652|s04|VTITNRFEQAFITSLISSVVKM,2,0.193058,5.288095,5.409781,5.188692,Frozen score-blind pMHC comparison; technical samples are not biological replicates.
EBV_TCELL_149795::HUMAN_MYELIN_116079,EBV_TCELL_149795,HUMAN_MYELIN_116079,HUMAN_BACKGROUND_2183652,23,primary_exact_bin_length_pm1,weak,5,ITSLISSVV,EBV_TCELL_149795|3|LDLDFGQLTPHTKAVYQPRG,1,HUMAN_BACKGROUND_2183652|s04|VTITNRFEQAFITSLISSVVKM,3,0.143301,6.547313,6.622348,6.48666,Frozen score-blind pMHC comparison; technical samples are not biological replicates.
EBV_TCELL_149795::HUMAN_MYELIN_116079,EBV_TCELL_149795,HUMAN_MYELIN_116079,HUMAN_BACKGROUND_2183652,23,primary_exact_bin_length_pm1,weak,5,ITSLISSVV,EBV_TCELL_149795|3|LDLDFGQLTPHTKAVYQPRG,1,HUMAN_BACKGROUND_2183652|s04|VTITNRFEQAFITSLISSVVKM,4,0.186609,5.305226,5.20138,5.386862,Frozen score-blind pMHC comparison; technical samples are not biological replicates.
EBV_TCELL_149795::HUMAN_MYELIN_116079,EBV_TCELL_149795,HUMAN_MYELIN_116079,HUMAN_BACKGROUND_2183652,23,primary_exact_bin_length_pm1,weak,5,ITSLISSVV,EBV_TCELL_149795|3|LDLDFGQLTPHTKAVYQPRG,2,HUMAN_BACKGROUND_2183652|s04|VTITNRFEQAFITSLISSVVKM,0,0.185762,22.585026,23.985419,21.398829,Frozen score-blind pMHC comparison; technical samples are not biological replicates.
EBV_TCELL_149795::HUMAN_MYELIN_116079,EBV_TCELL_149795,HUMAN_MYELIN_116079,HUMAN_BACKGROUND_2183652,23,primary_exact_bin_length_pm1,weak,5,ITSLISSVV,EBV_TCELL_149795|3|LDLDFGQLTPHTKAVYQPRG,2,HUMAN_BACKGROUND_2183652|s04|VTITNRFEQAFITSLISSVVKM,1,0.144638,22.436076,23.81907,21.265018,Frozen score-blind pMHC comparison; technical samples are not biological replicates.
EBV_TCELL_149795::HUMAN_MYELIN_116079,EBV_TCELL_149795,HUMAN_MYELIN_116079,HUMAN_BACKGROUND_2183652,23,primary_exact_bin_length_pm1,weak,5,ITSLISSVV,EBV_TCELL_149795|3|LDLDFGQLTPHTKAVYQPRG,2,HUMAN_BACKGROUND_2183652|s04|VTITNRFEQAFITSLISSVVKM,2,0.181989,23.557345,24.867156,22.454553,Frozen score-blind pMHC comparison; technical samples are not biological replicates.
EBV_TCELL_149795::HUMAN_MYELIN_116079,EBV_TCELL_149795,HUMAN_MYELIN_116079,HUMAN_BACKGROUND_2183652,23,primary_exact_bin_length_pm1,weak,5,ITSLISSVV,EBV_TCELL_149795|3|LDLDFGQLTPHTKAVYQPRG,2,HUMAN_BACKGROUND_2183652|s04|VTITNRFEQAFITSLISSVVKM,3,0.144347,17.327901,19.171718,15.697683,Frozen score-blind pMHC comparison; technical samples are not biological replicates.
EBV_TCELL_149795::HUMAN_MYELIN_116079,EBV_TCELL_149795,HUMAN_MYELIN_116079,HUMAN_BACKGROUND_2183652,23,primary_exact_bin_length_pm1,weak,5,ITSLISSVV,EBV_TCELL_149795|3|LDLDFGQLTPHTKAVYQPRG,2,HUMAN_BACKGROUND_2183652|s04|VTITNRFEQAFITSLISSVVKM,4,0.168454,16.149577,17.873077,14.625265,Frozen score-blind pMHC comparison; technical samples are not biological replicates.
EBV_TCELL_149795::HUMAN_MYELIN_116079,EBV_TCELL_149795,HUMAN_MYELIN_116079,HUMAN_BACKGROUND_2183652,23,primary_exact_bin_length_pm1,weak,5,ITSLISSVV,EBV_TCELL_149795|3|LDLDFGQLTPHTKAVYQPRG,3,HUMAN_BACKGROUND_2183652|s04|VTITNRFEQAFITSLISSVVKM,0,0.184928,25.060965,26.592578,23.764708,Frozen score-blind pMHC comparison; technical samples are not biological replicates.
EBV_TCELL_149795::HUMAN_MYELIN_116079,EBV_TCELL_149795,HUMAN_MYELIN_116079,HUMAN_BACKGROUND_2183652,23,primary_exact_bin_length_pm1,weak,5,ITSLISSVV,EBV_TCELL_149795|3|LDLDFGQLTPHTKAVYQPRG,3,HUMAN_BACKGROUND_2183652|s04|VTITNRFEQAFITSLISSVVKM,1,0.148723,24.87088,26.396951,23.579017,Frozen score-blind pMHC comparison; technical samples are not biological replicates.
EBV_TCELL_149795::HUMAN_MYELIN_116079,EBV_TCELL_149795,HUMAN_MYELIN_116079,HUMAN_BACKGROUND_2183652,23,primary_exact_bin_length_pm1,weak,5,ITSLISSVV,EBV_TCELL_149795|3|LDLDFGQLTPHTKAVYQPRG,3,HUMAN_BACKGROUND_2183652|s04|VTITNRFEQAFITSLISSVVKM,2,0.184982,26.061251,27.469995,24.876884,Frozen score-blind pMHC comparison; technical samples are not biological replicates.
EBV_TCELL_149795::HUMAN_MYELIN_116079,EBV_TCELL_149795,HUMAN_MYELIN_116079,HUMAN_BACKGROUND_2183652,23,primary_exact_bin_length_pm1,weak,5,ITSLISSVV,EBV_TCELL_149795|3|LDLDFGQLTPHTKAVYQPRG,3,HUMAN_BACKGROUND_2183652|s04|VTITNRFEQAFITSLISSVVKM,3,0.144345,18.818953,20.711649,17.1551,Frozen score-blind pMHC comparison; technical samples are not biological replicates.
EBV_TCELL_149795::HUMAN_MYELIN_116079,EBV_TCELL_149795,HUMAN_MYELIN_116079,HUMAN_BACKGROUND_2183652,23,primary_exact_bin_length_pm1,weak,5,ITSLISSVV,EBV_TCELL_149795|3|LDLDFGQLTPHTKAVYQPRG,3,HUMAN_BACKGROUND_2183652|s04|VTITNRFEQAFITSLISSVVKM,4,0.177825,18.186133,19.876804,16.710892,Frozen score-blind pMHC comparison; technical samples are not biological replicates.
EBV_TCELL_149795::HUMAN_MYELIN_116079,EBV_TCELL_149795,HUMAN_MYELIN_116079,HUMAN_BACKGROUND_2183652,23,primary_exact_bin_length_pm1,weak,5,ITSLISSVV,EBV_TCELL_149795|3|LDLDFGQLTPHTKAVYQPRG,4,HUMAN_BACKGROUND_2183652|s04|VTITNRFEQAFITSLISSVVKM,0,0.230562,25.050846,26.535245,23.796752,Frozen score-blind pMHC comparison; technical samples are not biological replicates.
EBV_TCELL_149795::HUMAN_MYELIN_116079,EBV_TCELL_149795,HUMAN_MYELIN_116079,HUMAN_BACKGROUND_2183652,23,primary_exact_bin_length_pm1,weak,5,ITSLISSVV,EBV_TCELL_149795|3|LDLDFGQLTPHTKAVYQPRG,4,HUMAN_BACKGROUND_2183652|s04|VTITNRFEQAFITSLISSVVKM,1,0.175419,24.868892,26.359004,23.609185,Frozen score-blind pMHC comparison; technical samples are not biological replicates.
EBV_TCELL_149795::HUMAN_MYELIN_116079,EBV_TCELL_149795,HUMAN_MYELIN_116079,HUMAN_BACKGROUND_2183652,23,primary_exact_bin_length_pm1,weak,5,ITSLISSVV,EBV_TCELL_149795|3|LDLDFGQLTPHTKAVYQPRG,4,HUMAN_BACKGROUND_2183652|s04|VTITNRFEQAFITSLISSVVKM,2,0.210793,26.061411,27.444144,24.9,Frozen score-blind pMHC comparison; technical samples are not biological replicates.
EBV_TCELL_149795::HUMAN_MYELIN_116079,EBV_TCELL_149795,HUMAN_MYELIN_116079,HUMAN_BACKGROUND_2183652,23,primary_exact_bin_length_pm1,weak,5,ITSLISSVV,EBV_TCELL_149795|3|LDLDFGQLTPHTKAVYQPRG,4,HUMAN_BACKGROUND_2183652|s04|VTITNRFEQAFITSLISSVVKM,3,0.140974,18.784143,20.629869,17.165256,Frozen score-blind pMHC comparison; technical samples are not biological replicates.
EBV_TCELL_149795::HUMAN_MYELIN_116079,EBV_TCELL_149795,HUMAN_MYELIN_116079,HUMAN_BACKGROUND_2183652,23,primary_exact_bin_length_pm1,weak,5,ITSLISSVV,EBV_TCELL_149795|3|LDLDFGQLTPHTKAVYQPRG,4,HUMAN_BACKGROUND_2183652|s04|VTITNRFEQAFITSLISSVVKM,4,0.198777,18.164467,19.813816,16.728309,Frozen score-blind pMHC comparison; technical samples are not biological replicates.
EBV_TCELL_149795::HUMAN_MYELIN_116079,EBV_TCELL_149795,HUMAN_MYELIN_116079,HUMAN_BACKGROUND_2183652,23,primary_exact_bin_length_pm1,weak,5,ITSLISSVV,EBV_TCELL_149795|355905527|LDLDFGQLTPHTKAVYQPRG,0,HUMAN_BACKGROUND_2183652|s04|VTITNRFEQAFITSLISSVVKM,0,0.230452,4.44707,4.55227,4.361084,Frozen score-blind pMHC comparison; technical samples are not biological replicates.
EBV_TCELL_149795::HUMAN_MYELIN_116079,EBV_TCELL_149795,HUMAN_MYELIN_116079,HUMAN_BACKGROUND_2183652,23,primary_exact_bin_length_pm1,weak,5,ITSLISSVV,EBV_TCELL_149795|355905527|LDLDFGQLTPHTKAVYQPRG,0,HUMAN_BACKGROUND_2183652|s04|VTITNRFEQAFITSLISSVVKM,1,0.178238,4.232816,4.482674,4.021768,Frozen score-blind pMHC comparison; technical samples are not biological replicates.
EBV_TCELL_149795::HUMAN_MYELIN_116079,EBV_TCELL_149795,HUMAN_MYELIN_116079,HUMAN_BACKGROUND_2183652,23,primary_exact_bin_length_pm1,weak,5,ITSLISSVV,EBV_TCELL_149795|355905527|LDLDFGQLTPHTKAVYQPRG,0,HUMAN_BACKGROUND_2183652|s04|VTITNRFEQAFITSLISSVVKM,2,0.192927,5.515577,5.685606,5.375683,Frozen score-blind pMHC comparison; technical samples are not biological replicates.
EBV_TCELL_149795::HUMAN_MYELIN_116079,EBV_TCELL_149795,HUMAN_MYELIN_116079,HUMAN_BACKGROUND_2183652,23,primary_exact_bin_length_pm1,weak,5,ITSLISSVV,EBV_TCELL_149795|355905527|LDLDFGQLTPHTKAVYQPRG,0,HUMAN_BACKGROUND_2183652|s04|VTITNRFEQAFITSLISSVVKM,3,0.164871,6.374796,6.405089,6.350458,Frozen score-blind pMHC comparison; technical samples are not biological replicates.
EBV_TCELL_149795::HUMAN_MYELIN_116079,EBV_TCELL_149795,HUMAN_MYELIN_116079,HUMAN_BACKGROUND_2183652,23,primary_exact_bin_length_pm1,weak,5,ITSLISSVV,EBV_TCELL_149795|355905527|LDLDFGQLTPHTKAVYQPRG,0,HUMAN_BACKGROUND_2183652|s04|VTITNRFEQAFITSLISSVVKM,4,0.168794,5.086322,4.942754,5.198322,Frozen score-blind pMHC comparison; technical samples are not biological replicates.
EBV_TCELL_149795::HUMAN_MYELIN_116079,EBV_TCELL_149795,HUMAN_MYELIN_116079,HUMAN_BACKGROUND_2183652,23,primary_exact_bin_length_pm1,weak,5,ITSLISSVV,EBV_TCELL_149795|355905527|LDLDFGQLTPHTKAVYQPRG,1,HUMAN_BACKGROUND_2183652|s04|VTITNRFEQAFITSLISSVVKM,0,0.243725,4.745073,4.590534,4.865171,Frozen score-blind pMHC comparison; technical samples are not biological replicates.
EBV_TCELL_149795::HUMAN_MYELIN_116079,EBV_TCELL_149795,HUMAN_MYELIN_116079,HUMAN_BACKGROUND_2183652,23,primary_exact_bin_length_pm1,weak,5,ITSLISSVV,EBV_TCELL_149795|355905527|LDLDFGQLTPHTKAVYQPRG,1,HUMAN_BACKGROUND_2183652|s04|VTITNRFEQAFITSLISSVVKM,1,0.211501,4.324125,4.110517,4.487696,Frozen score-blind pMHC comparison; technical samples are not biological replicates.
EBV_TCELL_149795::HUMAN_MYELIN_116079,EBV_TCELL_149795,HUMAN_MYELIN_116079,HUMAN_BACKGROUND_2183652,23,primary_exact_bin_length_pm1,weak,5,ITSLISSVV,EBV_TCELL_149795|355905527|LDLDFGQLTPHTKAVYQPRG,1,HUMAN_BACKGROUND_2183652|s04|VTITNRFEQAFITSLISSVVKM,2,0.246387,5.475821,5.477306,5.474633,Frozen score-blind pMHC comparison; technical samples are not biological replicates.
EBV_TCELL_149795::HUMAN_MYELIN_116079,EBV_TCELL_149795,HUMAN_MYELIN_116079,HUMAN_BACKGROUND_2183652,23,primary_exact_bin_length_pm1,weak,5,ITSLISSVV,EBV_TCELL_149795|355905527|LDLDFGQLTPHTKAVYQPRG,1,HUMAN_BACKGROUND_2183652|s04|VTITNRFEQAFITSLISSVVKM,3,0.14448,6.344395,6.331664,6.354561,Frozen score-blind pMHC comparison; technical samples are not biological replicates.
EBV_TCELL_149795::HUMAN_MYELIN_116079,EBV_TCELL_149795,HUMAN_MYELIN_116079,HUMAN_BACKGROUND_2183652,23,primary_exact_bin_length_pm1,weak,5,ITSLISSVV,EBV_TCELL_149795|355905527|LDLDFGQLTPHTKAVYQPRG,1,HUMAN_BACKGROUND_2183652|s04|VTITNRFEQAFITSLISSVVKM,4,0.23769,5.112032,4.960206,5.23032,Frozen score-blind pMHC comparison; technical samples are not biological replicates.
EBV_TCELL_149795::HUMAN_MYELIN_116079,EBV_TCELL_149795,HUMAN_MYELIN_116079,HUMAN_BACKGROUND_2183652,23,primary_exact_bin_length_pm1,weak,5,ITSLISSVV,EBV_TCELL_149795|355905527|LDLDFGQLTPHTKAVYQPRG,2,HUMAN_BACKGROUND_2183652|s04|VTITNRFEQAFITSLISSVVKM,0,0.182235,20.719022,22.392315,19.276088,Frozen score-blind pMHC comparison; technical samples are not biological replicates.
EBV_TCELL_149795::HUMAN_MYELIN_116079,EBV_TCELL_149795,HUMAN_MYELIN_116079,HUMAN_BACKGROUND_2183652,23,primary_exact_bin_length_pm1,weak,5,ITSLISSVV,EBV_TCELL_149795|355905527|LDLDFGQLTPHTKAVYQPRG,2,HUMAN_BACKGROUND_2183652|s04|VTITNRFEQAFITSLISSVVKM,1,0.138483,20.589894,22.25989,19.149322,Frozen score-blind pMHC comparison; technical samples are not biological replicates.
EBV_TCELL_149795::HUMAN_MYELIN_116079,EBV_TCELL_149795,HUMAN_MYELIN_116079,HUMAN_BACKGROUND_2183652,23,primary_exact_bin_length_pm1,weak,5,ITSLISSVV,EBV_TCELL_149795|355905527|LDLDFGQLTPHTKAVYQPRG,2,HUMAN_BACKGROUND_2183652|s04|VTITNRFEQAFITSLISSVVKM,2,0.177784,21.589981,23.187234,20.221545,Frozen score-blind pMHC comparison; technical samples are not biological replicates.
EBV_TCELL_149795::HUMAN_MYELIN_116079,EBV_TCELL_149795,HUMAN_MYELIN_116079,HUMAN_BACKGROUND_2183652,23,primary_exact_bin_length_pm1,weak,5,ITSLISSVV,EBV_TCELL_149795|355905527|LDLDFGQLTPHTKAVYQPRG,2,HUMAN_BACKGROUND_2183652|s04|VTITNRFEQAFITSLISSVVKM,3,0.138823,16.364202,18.489282,14.440705,Frozen score-blind pMHC comparison; technical samples are not biological replicates.
EBV_TCELL_149795::HUMAN_MYELIN_116079,EBV_TCELL_149795,HUMAN_MYELIN_116079,HUMAN_BACKGROUND_2183652,23,primary_exact_bin_length_pm1,weak,5,ITSLISSVV,EBV_TCELL_149795|355905527|LDLDFGQLTPHTKAVYQPRG,2,HUMAN_BACKGROUND_2183652|s04|VTITNRFEQAFITSLISSVVKM,4,0.184361,14.797713,16.776814,12.999267,Frozen score-blind pMHC comparison; technical samples are not biological replicates.
EBV_TCELL_149795::HUMAN_MYELIN_116079,EBV_TCELL_149795,HUMAN_MYELIN_116079,HUMAN_BACKGROUND_2183652,23,primary_exact_bin_length_pm1,weak,5,ITSLISSVV,EBV_TCELL_149795|355905527|LDLDFGQLTPHTKAVYQPRG,3,HUMAN_BACKGROUND_2183652|s04|VTITNRFEQAFITSLISSVVKM,0,0.174224,13.608188,13.652094,13.57296,Frozen score-blind pMHC comparison; technical samples are not biological replicates.
EBV_TCELL_149795::HUMAN_MYELIN_116079,EBV_TCELL_149795,HUMAN_MYELIN_116079,HUMAN_BACKGROUND_2183652,23,primary_exact_bin_length_pm1,weak,5,ITSLISSVV,EBV_TCELL_149795|355905527|LDLDFGQLTPHTKAVYQPRG,3,HUMAN_BACKGROUND_2183652|s04|VTITNRFEQAFITSLISSVVKM,1,0.128339,13.239822,13.306181,13.186494,Frozen score-blind pMHC comparison; technical samples are not biological replicates.
EBV_TCELL_149795::HUMAN_MYELIN_116079,EBV_TCELL_149795,HUMAN_MYELIN_116079,HUMAN_BACKGROUND_2183652,23,primary_exact_bin_length_pm1,weak,5,ITSLISSVV,EBV_TCELL_149795|355905527|LDLDFGQLTPHTKAVYQPRG,3,HUMAN_BACKGROUND_2183652|s04|VTITNRFEQAFITSLISSVVKM,2,0.160415,14.758063,14.755607,14.760028,Frozen score-blind pMHC comparison; technical samples are not biological replicates.
EBV_TCELL_149795::HUMAN_MYELIN_116079,EBV_TCELL_149795,HUMAN_MYELIN_116079,HUMAN_BACKGROUND_2183652,23,primary_exact_bin_length_pm1,weak,5,ITSLISSVV,EBV_TCELL_149795|355905527|LDLDFGQLTPHTKAVYQPRG,3,HUMAN_BACKGROUND_2183652|s04|VTITNRFEQAFITSLISSVVKM,3,0.183485,4.283979,4.295503,4.274738,Frozen score-blind pMHC comparison; technical samples are not biological replicates.
EBV_TCELL_149795::HUMAN_MYELIN_116079,EBV_TCELL_149795,HUMAN_MYELIN_116079,HUMAN_BACKGROUND_2183652,23,primary_exact_bin_length_pm1,weak,5,ITSLISSVV,EBV_TCELL_149795|355905527|LDLDFGQLTPHTKAVYQPRG,3,HUMAN_BACKGROUND_2183652|s04|VTITNRFEQAFITSLISSVVKM,4,0.140171,6.888137,7.197412,6.630339,Frozen score-blind pMHC comparison; technical samples are not biological replicates.
EBV_TCELL_149795::HUMAN_MYELIN_116079,EBV_TCELL_149795,HUMAN_MYELIN_116079,HUMAN_BACKGROUND_2183652,23,primary_exact_bin_length_pm1,weak,5,ITSLISSVV,EBV_TCELL_149795|355905527|LDLDFGQLTPHTKAVYQPRG,4,HUMAN_BACKGROUND_2183652|s04|VTITNRFEQAFITSLISSVVKM,0,0.21796,20.888472,22.624188,19.388341,Frozen score-blind pMHC comparison; technical samples are not biological replicates.
EBV_TCELL_149795::HUMAN_MYELIN_116079,EBV_TCELL_149795,HUMAN_MYELIN_116079,HUMAN_BACKGROUND_2183652,23,primary_exact_bin_length_pm1,weak,5,ITSLISSVV,EBV_TCELL_149795|355905527|LDLDFGQLTPHTKAVYQPRG,4,HUMAN_BACKGROUND_2183652|s04|VTITNRFEQAFITSLISSVVKM,1,0.161977,20.739865,22.469341,19.244703,Frozen score-blind pMHC comparison; technical samples are not biological replicates.
EBV_TCELL_149795::HUMAN_MYELIN_116079,EBV_TCELL_149795,HUMAN_MYELIN_116079,HUMAN_BACKGROUND_2183652,23,primary_exact_bin_length_pm1,weak,5,ITSLISSVV,EBV_TCELL_149795|355905527|LDLDFGQLTPHTKAVYQPRG,4,HUMAN_BACKGROUND_2183652|s04|VTITNRFEQAFITSLISSVVKM,2,0.18956,21.861338,23.554945,20.405496,Frozen score-blind pMHC comparison; technical samples are not biological replicates.
EBV_TCELL_149795::HUMAN_MYELIN_116079,EBV_TCELL_149795,HUMAN_MYELIN_116079,HUMAN_BACKGROUND_2183652,23,primary_exact_bin_length_pm1,weak,5,ITSLISSVV,EBV_TCELL_149795|355905527|LDLDFGQLTPHTKAVYQPRG,4,HUMAN_BACKGROUND_2183652|s04|VTITNRFEQAFITSLISSVVKM,3,0.188717,15.957347,18.096935,14.012394,Frozen score-blind pMHC comparison; technical samples are not biological replicates.
EBV_TCELL_149795::HUMAN_MYELIN_116079,EBV_TCELL_149795,HUMAN_MYELIN_116079,HUMAN_BACKGROUND_2183652,23,primary_exact_bin_length_pm1,weak,5,ITSLISSVV,EBV_TCELL_149795|355905527|LDLDFGQLTPHTKAVYQPRG,4,HUMAN_BACKGROUND_2183652|s04|VTITNRFEQAFITSLISSVVKM,4,0.187966,14.616348,16.707696,12.697638,Frozen score-blind pMHC comparison; technical samples are not biological replicates.
EBV_TCELL_119155::HUMAN_MYELIN_112037,EBV_TCELL_119155,HUMAN_MYELIN_112037,HUMAN_BACKGROUND_423369,25,primary_exact_bin_length_pm1,weak,1,WVVTCGYTI,EBV_TCELL_119155|1773241610|FIEFVGWLCKKDHTHIREWF,0,HUMAN_BACKGROUND_423369|s04|IVTTSTNDWVVTCGYTIPTCRKLDE,0,0.182037,10.63808,11.779197,9.628299,Frozen score-blind pMHC comparison; technical samples are not biological replicates.
EBV_TCELL_119155::HUMAN_MYELIN_112037,EBV_TCELL_119155,HUMAN_MYELIN_112037,HUMAN_BACKGROUND_423369,25,primary_exact_bin_length_pm1,weak,1,WVVTCGYTI,EBV_TCELL_119155|1773241610|FIEFVGWLCKKDHTHIREWF,0,HUMAN_BACKGROUND_423369|s04|IVTTSTNDWVVTCGYTIPTCRKLDE,1,0.164654,8.685072,8.848936,8.55172,Frozen score-blind pMHC comparison; technical samples are not biological replicates.
EBV_TCELL_119155::HUMAN_MYELIN_112037,EBV_TCELL_119155,HUMAN_MYELIN_112037,HUMAN_BACKGROUND_423369,25,primary_exact_bin_length_pm1,weak,1,WVVTCGYTI,EBV_TCELL_119155|1773241610|FIEFVGWLCKKDHTHIREWF,0,HUMAN_BACKGROUND_423369|s04|IVTTSTNDWVVTCGYTIPTCRKLDE,2,0.161372,9.721584,10.488967,9.061005,Frozen score-blind pMHC comparison; technical samples are not biological replicates.
EBV_TCELL_119155::HUMAN_MYELIN_112037,EBV_TCELL_119155,HUMAN_MYELIN_112037,HUMAN_BACKGROUND_423369,25,primary_exact_bin_length_pm1,weak,1,WVVTCGYTI,EBV_TCELL_119155|1773241610|FIEFVGWLCKKDHTHIREWF,0,HUMAN_BACKGROUND_423369|s04|IVTTSTNDWVVTCGYTIPTCRKLDE,3,0.182541,8.453062,8.150219,8.687739,Frozen score-blind pMHC comparison; technical samples are not biological replicates.
EBV_TCELL_119155::HUMAN_MYELIN_112037,EBV_TCELL_119155,HUMAN_MYELIN_112037,HUMAN_BACKGROUND_423369,25,primary_exact_bin_length_pm1,weak,1,WVVTCGYTI,EBV_TCELL_119155|1773241610|FIEFVGWLCKKDHTHIREWF,0,HUMAN_BACKGROUND_423369|s04|IVTTSTNDWVVTCGYTIPTCRKLDE,4,0.163011,13.478525,15.252235,11.870241,Frozen score-blind pMHC comparison; technical samples are not biological replicates.
EBV_TCELL_119155::HUMAN_MYELIN_112037,EBV_TCELL_119155,HUMAN_MYELIN_112037,HUMAN_BACKGROUND_423369,25,primary_exact_bin_length_pm1,weak,1,WVVTCGYTI,EBV_TCELL_119155|1773241610|FIEFVGWLCKKDHTHIREWF,1,HUMAN_BACKGROUND_423369|s04|IVTTSTNDWVVTCGYTIPTCRKLDE,0,0.175242,10.469628,11.733366,9.336278,Frozen score-blind pMHC comparison; technical samples are not biological replicates.
EBV_TCELL_119155::HUMAN_MYELIN_112037,EBV_TCELL_119155,HUMAN_MYELIN_112037,HUMAN_BACKGROUND_423369,25,primary_exact_bin_length_pm1,weak,1,WVVTCGYTI,EBV_TCELL_119155|1773241610|FIEFVGWLCKKDHTHIREWF,1,HUMAN_BACKGROUND_423369|s04|IVTTSTNDWVVTCGYTIPTCRKLDE,1,0.195096,8.013111,8.28394,7.789671,Frozen score-blind pMHC comparison; technical samples are not biological replicates.
EBV_TCELL_119155::HUMAN_MYELIN_112037,EBV_TCELL_119155,HUMAN_MYELIN_112037,HUMAN_BACKGROUND_423369,25,primary_exact_bin_length_pm1,weak,1,WVVTCGYTI,EBV_TCELL_119155|1773241610|FIEFVGWLCKKDHTHIREWF,1,HUMAN_BACKGROUND_423369|s04|IVTTSTNDWVVTCGYTIPTCRKLDE,2,0.184109,9.320896,10.25319,8.501767,Frozen score-blind pMHC comparison; technical samples are not biological replicates.
EBV_TCELL_119155::HUMAN_MYELIN_112037,EBV_TCELL_119155,HUMAN_MYELIN_112037,HUMAN_BACKGROUND_423369,25,primary_exact_bin_length_pm1,weak,1,WVVTCGYTI,EBV_TCELL_119155|1773241610|FIEFVGWLCKKDHTHIREWF,1,HUMAN_BACKGROUND_423369|s04|IVTTSTNDWVVTCGYTIPTCRKLDE,3,0.205762,9.024334,8.62248,9.333367,Frozen score-blind pMHC comparison; technical samples are not biological replicates.
EBV_TCELL_119155::HUMAN_MYELIN_112037,EBV_TCELL_119155,HUMAN_MYELIN_112037,HUMAN_BACKGROUND_423369,25,primary_exact_bin_length_pm1,weak,1,WVVTCGYTI,EBV_TCELL_119155|1773241610|FIEFVGWLCKKDHTHIREWF,1,HUMAN_BACKGROUND_423369|s04|IVTTSTNDWVVTCGYTIPTCRKLDE,4,0.186022,13.527423,15.352707,11.866745,Frozen score-blind pMHC comparison; technical samples are not biological replicates.
EBV_TCELL_119155::HUMAN_MYELIN_112037,EBV_TCELL_119155,HUMAN_MYELIN_112037,HUMAN_BACKGROUND_423369,25,primary_exact_bin_length_pm1,weak,1,WVVTCGYTI,EBV_TCELL_119155|1773241610|FIEFVGWLCKKDHTHIREWF,2,HUMAN_BACKGROUND_423369|s04|IVTTSTNDWVVTCGYTIPTCRKLDE,0,0.234882,10.37031,11.535269,9.334241,Frozen score-blind pMHC comparison; technical samples are not biological replicates.
EBV_TCELL_119155::HUMAN_MYELIN_112037,EBV_TCELL_119155,HUMAN_MYELIN_112037,HUMAN_BACKGROUND_423369,25,primary_exact_bin_length_pm1,weak,1,WVVTCGYTI,EBV_TCELL_119155|1773241610|FIEFVGWLCKKDHTHIREWF,2,HUMAN_BACKGROUND_423369|s04|IVTTSTNDWVVTCGYTIPTCRKLDE,1,0.158291,8.242181,8.494892,8.034291,Frozen score-blind pMHC comparison; technical samples are not biological replicates.
EBV_TCELL_119155::HUMAN_MYELIN_112037,EBV_TCELL_119155,HUMAN_MYELIN_112037,HUMAN_BACKGROUND_423369,25,primary_exact_bin_length_pm1,weak,1,WVVTCGYTI,EBV_TCELL_119155|1773241610|FIEFVGWLCKKDHTHIREWF,2,HUMAN_BACKGROUND_423369|s04|IVTTSTNDWVVTCGYTIPTCRKLDE,2,0.146505,9.354719,10.179008,8.638844,Frozen score-blind pMHC comparison; technical samples are not biological replicates.
EBV_TCELL_119155::HUMAN_MYELIN_112037,EBV_TCELL_119155,HUMAN_MYELIN_112037,HUMAN_BACKGROUND_423369,25,primary_exact_bin_length_pm1,weak,1,WVVTCGYTI,EBV_TCELL_119155|1773241610|FIEFVGWLCKKDHTHIREWF,2,HUMAN_BACKGROUND_423369|s04|IVTTSTNDWVVTCGYTIPTCRKLDE,3,0.177426,8.719435,8.263524,9.067674,Frozen score-blind pMHC comparison; technical samples are not biological replicates.
EBV_TCELL_119155::HUMAN_MYELIN_112037,EBV_TCELL_119155,HUMAN_MYELIN_112037,HUMAN_BACKGROUND_423369,25,primary_exact_bin_length_pm1,weak,1,WVVTCGYTI,EBV_TCELL_119155|1773241610|FIEFVGWLCKKDHTHIREWF,2,HUMAN_BACKGROUND_423369|s04|IVTTSTNDWVVTCGYTIPTCRKLDE,4,0.165173,13.231059,14.952591,11.672433,Frozen score-blind pMHC comparison; technical samples are not biological replicates.
EBV_TCELL_119155::HUMAN_MYELIN_112037,EBV_TCELL_119155,HUMAN_MYELIN_112037,HUMAN_BACKGROUND_423369,25,primary_exact_bin_length_pm1,weak,1,WVVTCGYTI,EBV_TCELL_119155|1773241610|FIEFVGWLCKKDHTHIREWF,3,HUMAN_BACKGROUND_423369|s04|IVTTSTNDWVVTCGYTIPTCRKLDE,0,0.255163,13.982783,14.102759,13.886055,Frozen score-blind pMHC comparison; technical samples are not biological replicates.
EBV_TCELL_119155::HUMAN_MYELIN_112037,EBV_TCELL_119155,HUMAN_MYELIN_112037,HUMAN_BACKGROUND_423369,25,primary_exact_bin_length_pm1,weak,1,WVVTCGYTI,EBV_TCELL_119155|1773241610|FIEFVGWLCKKDHTHIREWF,3,HUMAN_BACKGROUND_423369|s04|IVTTSTNDWVVTCGYTIPTCRKLDE,1,0.255549,17.110976,16.82094,17.339512,Frozen score-blind pMHC comparison; technical samples are not biological replicates.
EBV_TCELL_119155::HUMAN_MYELIN_112037,EBV_TCELL_119155,HUMAN_MYELIN_112037,HUMAN_BACKGROUND_423369,25,primary_exact_bin_length_pm1,weak,1,WVVTCGYTI,EBV_TCELL_119155|1773241610|FIEFVGWLCKKDHTHIREWF,3,HUMAN_BACKGROUND_423369|s04|IVTTSTNDWVVTCGYTIPTCRKLDE,2,0.250488,15.252266,14.948718,15.490823,Frozen score-blind pMHC comparison; technical samples are not biological replicates.
EBV_TCELL_119155::HUMAN_MYELIN_112037,EBV_TCELL_119155,HUMAN_MYELIN_112037,HUMAN_BACKGROUND_423369,25,primary_exact_bin_length_pm1,weak,1,WVVTCGYTI,EBV_TCELL_119155|1773241610|FIEFVGWLCKKDHTHIREWF,3,HUMAN_BACKGROUND_423369|s04|IVTTSTNDWVVTCGYTIPTCRKLDE,3,0.28816,4.284949,3.972555,4.519344,Frozen score-blind pMHC comparison; technical samples are not biological replicates.
EBV_TCELL_119155::HUMAN_MYELIN_112037,EBV_TCELL_119155,HUMAN_MYELIN_112037,HUMAN_BACKGROUND_423369,25,primary_exact_bin_length_pm1,weak,1,WVVTCGYTI,EBV_TCELL_119155|1773241610|FIEFVGWLCKKDHTHIREWF,3,HUMAN_BACKGROUND_423369|s04|IVTTSTNDWVVTCGYTIPTCRKLDE,4,0.236477,14.142363,15.137602,13.292629,Frozen score-blind pMHC comparison; technical samples are not biological replicates.
EBV_TCELL_119155::HUMAN_MYELIN_112037,EBV_TCELL_119155,HUMAN_MYELIN_112037,HUMAN_BACKGROUND_423369,25,primary_exact_bin_length_pm1,weak,1,WVVTCGYTI,EBV_TCELL_119155|1773241610|FIEFVGWLCKKDHTHIREWF,4,HUMAN_BACKGROUND_423369|s04|IVTTSTNDWVVTCGYTIPTCRKLDE,0,0.199613,14.610979,15.085142,14.22027,Frozen score-blind pMHC comparison; technical samples are not biological replicates.
EBV_TCELL_119155::HUMAN_MYELIN_112037,EBV_TCELL_119155,HUMAN_MYELIN_112037,HUMAN_BACKGROUND_423369,25,primary_exact_bin_length_pm1,weak,1,WVVTCGYTI,EBV_TCELL_119155|1773241610|FIEFVGWLCKKDHTHIREWF,4,HUMAN_BACKGROUND_423369|s04|IVTTSTNDWVVTCGYTIPTCRKLDE,1,0.135043,17.737668,17.764187,17.716424,Frozen score-blind pMHC comparison; technical samples are not biological replicates.
EBV_TCELL_119155::HUMAN_MYELIN_112037,EBV_TCELL_119155,HUMAN_MYELIN_112037,HUMAN_BACKGROUND_423369,25,primary_exact_bin_length_pm1,weak,1,WVVTCGYTI,EBV_TCELL_119155|1773241610|FIEFVGWLCKKDHTHIREWF,4,HUMAN_BACKGROUND_423369|s04|IVTTSTNDWVVTCGYTIPTCRKLDE,2,0.150676,15.873433,15.919182,15.836738,Frozen score-blind pMHC comparison; technical samples are not biological replicates.
EBV_TCELL_119155::HUMAN_MYELIN_112037,EBV_TCELL_119155,HUMAN_MYELIN_112037,HUMAN_BACKGROUND_423369,25,primary_exact_bin_length_pm1,weak,1,WVVTCGYTI,EBV_TCELL_119155|1773241610|FIEFVGWLCKKDHTHIREWF,4,HUMAN_BACKGROUND_423369|s04|IVTTSTNDWVVTCGYTIPTCRKLDE,3,0.172352,5.803143,5.959648,5.674833,Frozen score-blind pMHC comparison; technical samples are not biological replicates.
EBV_TCELL_119155::HUMAN_MYELIN_112037,EBV_TCELL_119155,HUMAN_MYELIN_112037,HUMAN_BACKGROUND_423369,25,primary_exact_bin_length_pm1,weak,1,WVVTCGYTI,EBV_TCELL_119155|1773241610|FIEFVGWLCKKDHTHIREWF,4,HUMAN_BACKGROUND_423369|s04|IVTTSTNDWVVTCGYTIPTCRKLDE,4,0.147719,14.992274,16.65226,13.518311,Frozen score-blind pMHC comparison; technical samples are not biological replicates.
EBV_TCELL_1862913::HUMAN_MYELIN_112037,EBV_TCELL_1862913,HUMAN_MYELIN_112037,HUMAN_BACKGROUND_423369,25,primary_exact_bin_length_pm1,weak,1,WVVTCGYTI,EBV_TCELL_1862913|15|NILRIYYSPSIMHRYAVVQP,0,HUMAN_BACKGROUND_423369|s04|IVTTSTNDWVVTCGYTIPTCRKLDE,0,0.188769,10.83256,11.911346,9.885126,Frozen score-blind pMHC comparison; technical samples are not biological replicates.
EBV_TCELL_1862913::HUMAN_MYELIN_112037,EBV_TCELL_1862913,HUMAN_MYELIN_112037,HUMAN_BACKGROUND_423369,25,primary_exact_bin_length_pm1,weak,1,WVVTCGYTI,EBV_TCELL_1862913|15|NILRIYYSPSIMHRYAVVQP,0,HUMAN_BACKGROUND_423369|s04|IVTTSTNDWVVTCGYTIPTCRKLDE,1,0.213636,8.854257,8.909556,8.809767,Frozen score-blind pMHC comparison; technical samples are not biological replicates.
EBV_TCELL_1862913::HUMAN_MYELIN_112037,EBV_TCELL_1862913,HUMAN_MYELIN_112037,HUMAN_BACKGROUND_423369,25,primary_exact_bin_length_pm1,weak,1,WVVTCGYTI,EBV_TCELL_1862913|15|NILRIYYSPSIMHRYAVVQP,0,HUMAN_BACKGROUND_423369|s04|IVTTSTNDWVVTCGYTIPTCRKLDE,2,0.208045,9.94451,10.59833,9.388729,Frozen score-blind pMHC comparison; technical samples are not biological replicates.
EBV_TCELL_1862913::HUMAN_MYELIN_112037,EBV_TCELL_1862913,HUMAN_MYELIN_112037,HUMAN_BACKGROUND_423369,25,primary_exact_bin_length_pm1,weak,1,WVVTCGYTI,EBV_TCELL_1862913|15|NILRIYYSPSIMHRYAVVQP,0,HUMAN_BACKGROUND_423369|s04|IVTTSTNDWVVTCGYTIPTCRKLDE,3,0.216796,8.360148,7.915794,8.699304,Frozen score-blind pMHC comparison; technical samples are not biological replicates.
EBV_TCELL_1862913::HUMAN_MYELIN_112037,EBV_TCELL_1862913,HUMAN_MYELIN_112037,HUMAN_BACKGROUND_423369,25,primary_exact_bin_length_pm1,weak,1,WVVTCGYTI,EBV_TCELL_1862913|15|NILRIYYSPSIMHRYAVVQP,0,HUMAN_BACKGROUND_423369|s04|IVTTSTNDWVVTCGYTIPTCRKLDE,4,0.207155,13.436233,14.970395,12.069303,Frozen score-blind pMHC comparison; technical samples are not biological replicates.
EBV_TCELL_1862913::HUMAN_MYELIN_112037,EBV_TCELL_1862913,HUMAN_MYELIN_112037,HUMAN_BACKGROUND_423369,25,primary_exact_bin_length_pm1,weak,1,WVVTCGYTI,EBV_TCELL_1862913|15|NILRIYYSPSIMHRYAVVQP,1,HUMAN_BACKGROUND_423369|s04|IVTTSTNDWVVTCGYTIPTCRKLDE,0,0.432717,10.700238,11.829204,9.702944,Frozen score-blind pMHC comparison; technical samples are not biological replicates.
EBV_TCELL_1862913::HUMAN_MYELIN_112037,EBV_TCELL_1862913,HUMAN_MYELIN_112037,HUMAN_BACKGROUND_423369,25,primary_exact_bin_length_pm1,weak,1,WVVTCGYTI,EBV_TCELL_1862913|15|NILRIYYSPSIMHRYAVVQP,1,HUMAN_BACKGROUND_423369|s04|IVTTSTNDWVVTCGYTIPTCRKLDE,1,0.278342,8.876636,9.083482,8.707621,Frozen score-blind pMHC comparison; technical samples are not biological replicates.
EBV_TCELL_1862913::HUMAN_MYELIN_112037,EBV_TCELL_1862913,HUMAN_MYELIN_112037,HUMAN_BACKGROUND_423369,25,primary_exact_bin_length_pm1,weak,1,WVVTCGYTI,EBV_TCELL_1862913|15|NILRIYYSPSIMHRYAVVQP,1,HUMAN_BACKGROUND_423369|s04|IVTTSTNDWVVTCGYTIPTCRKLDE,2,0.294282,9.833513,10.598343,9.175862,Frozen score-blind pMHC comparison; technical samples are not biological replicates.
EBV_TCELL_1862913::HUMAN_MYELIN_112037,EBV_TCELL_1862913,HUMAN_MYELIN_112037,HUMAN_BACKGROUND_423369,25,primary_exact_bin_length_pm1,weak,1,WVVTCGYTI,EBV_TCELL_1862913|15|NILRIYYSPSIMHRYAVVQP,1,HUMAN_BACKGROUND_423369|s04|IVTTSTNDWVVTCGYTIPTCRKLDE,3,0.24227,8.046278,7.633092,8.36214,Frozen score-blind pMHC comparison; technical samples are not biological replicates.
EBV_TCELL_1862913::HUMAN_MYELIN_112037,EBV_TCELL_1862913,HUMAN_MYELIN_112037,HUMAN_BACKGROUND_423369,25,primary_exact_bin_length_pm1,weak,1,WVVTCGYTI,EBV_TCELL_1862913|15|NILRIYYSPSIMHRYAVVQP,1,HUMAN_BACKGROUND_423369|s04|IVTTSTNDWVVTCGYTIPTCRKLDE,4,0.297389,13.421723,15.135112,11.874319,Frozen score-blind pMHC comparison; technical samples are not biological replicates.
EBV_TCELL_1862913::HUMAN_MYELIN_112037,EBV_TCELL_1862913,HUMAN_MYELIN_112037,HUMAN_BACKGROUND_423369,25,primary_exact_bin_length_pm1,weak,1,WVVTCGYTI,EBV_TCELL_1862913|15|NILRIYYSPSIMHRYAVVQP,2,HUMAN_BACKGROUND_423369|s04|IVTTSTNDWVVTCGYTIPTCRKLDE,0,0.177614,12.334985,12.81199,11.939668,Frozen score-blind pMHC comparison; technical samples are not biological replicates.
EBV_TCELL_1862913::HUMAN_MYELIN_112037,EBV_TCELL_1862913,HUMAN_MYELIN_112037,HUMAN_BACKGROUND_423369,25,primary_exact_bin_length_pm1,weak,1,WVVTCGYTI,EBV_TCELL_1862913|15|NILRIYYSPSIMHRYAVVQP,2,HUMAN_BACKGROUND_423369|s04|IVTTSTNDWVVTCGYTIPTCRKLDE,1,0.18765,21.59583,22.641348,20.721469,Frozen score-blind pMHC comparison; technical samples are not biological replicates.
EBV_TCELL_1862913::HUMAN_MYELIN_112037,EBV_TCELL_1862913,HUMAN_MYELIN_112037,HUMAN_BACKGROUND_423369,25,primary_exact_bin_length_pm1,weak,1,WVVTCGYTI,EBV_TCELL_1862913|15|NILRIYYSPSIMHRYAVVQP,2,HUMAN_BACKGROUND_423369|s04|IVTTSTNDWVVTCGYTIPTCRKLDE,2,0.176485,15.841707,16.077797,15.650271,Frozen score-blind pMHC comparison; technical samples are not biological replicates.
EBV_TCELL_1862913::HUMAN_MYELIN_112037,EBV_TCELL_1862913,HUMAN_MYELIN_112037,HUMAN_BACKGROUND_423369,25,primary_exact_bin_length_pm1,weak,1,WVVTCGYTI,EBV_TCELL_1862913|15|NILRIYYSPSIMHRYAVVQP,2,HUMAN_BACKGROUND_423369|s04|IVTTSTNDWVVTCGYTIPTCRKLDE,3,0.186084,13.669913,15.547112,11.957826,Frozen score-blind pMHC comparison; technical samples are not biological replicates.
EBV_TCELL_1862913::HUMAN_MYELIN_112037,EBV_TCELL_1862913,HUMAN_MYELIN_112037,HUMAN_BACKGROUND_423369,25,primary_exact_bin_length_pm1,weak,1,WVVTCGYTI,EBV_TCELL_1862913|15|NILRIYYSPSIMHRYAVVQP,2,HUMAN_BACKGROUND_423369|s04|IVTTSTNDWVVTCGYTIPTCRKLDE,4,0.189404,7.416457,7.881347,7.022421,Frozen score-blind pMHC comparison; technical samples are not biological replicates.
EBV_TCELL_1862913::HUMAN_MYELIN_112037,EBV_TCELL_1862913,HUMAN_MYELIN_112037,HUMAN_BACKGROUND_423369,25,primary_exact_bin_length_pm1,weak,1,WVVTCGYTI,EBV_TCELL_1862913|15|NILRIYYSPSIMHRYAVVQP,3,HUMAN_BACKGROUND_423369|s04|IVTTSTNDWVVTCGYTIPTCRKLDE,0,0.178772,10.413798,11.398393,9.553337,Frozen score-blind pMHC comparison; technical samples are not biological replicates.
EBV_TCELL_1862913::HUMAN_MYELIN_112037,EBV_TCELL_1862913,HUMAN_MYELIN_112037,HUMAN_BACKGROUND_423369,25,primary_exact_bin_length_pm1,weak,1,WVVTCGYTI,EBV_TCELL_1862913|15|NILRIYYSPSIMHRYAVVQP,3,HUMAN_BACKGROUND_423369|s04|IVTTSTNDWVVTCGYTIPTCRKLDE,1,0.162519,8.203435,8.137201,8.256039,Frozen score-blind pMHC comparison; technical samples are not biological replicates.
EBV_TCELL_1862913::HUMAN_MYELIN_112037,EBV_TCELL_1862913,HUMAN_MYELIN_112037,HUMAN_BACKGROUND_423369,25,primary_exact_bin_length_pm1,weak,1,WVVTCGYTI,EBV_TCELL_1862913|15|NILRIYYSPSIMHRYAVVQP,3,HUMAN_BACKGROUND_423369|s04|IVTTSTNDWVVTCGYTIPTCRKLDE,2,0.162369,9.388393,9.979829,8.886949,Frozen score-blind pMHC comparison; technical samples are not biological replicates.
EBV_TCELL_1862913::HUMAN_MYELIN_112037,EBV_TCELL_1862913,HUMAN_MYELIN_112037,HUMAN_BACKGROUND_423369,25,primary_exact_bin_length_pm1,weak,1,WVVTCGYTI,EBV_TCELL_1862913|15|NILRIYYSPSIMHRYAVVQP,3,HUMAN_BACKGROUND_423369|s04|IVTTSTNDWVVTCGYTIPTCRKLDE,3,0.169727,8.548713,8.223855,8.799969,Frozen score-blind pMHC comparison; technical samples are not biological replicates.
EBV_TCELL_1862913::HUMAN_MYELIN_112037,EBV_TCELL_1862913,HUMAN_MYELIN_112037,HUMAN_BACKGROUND_423369,25,primary_exact_bin_length_pm1,weak,1,WVVTCGYTI,EBV_TCELL_1862913|15|NILRIYYSPSIMHRYAVVQP,3,HUMAN_BACKGROUND_423369|s04|IVTTSTNDWVVTCGYTIPTCRKLDE,4,0.169837,12.823319,14.000771,11.797043,Frozen score-blind pMHC comparison; technical samples are not biological replicates.
EBV_TCELL_1862913::HUMAN_MYELIN_112037,EBV_TCELL_1862913,HUMAN_MYELIN_112037,HUMAN_BACKGROUND_423369,25,primary_exact_bin_length_pm1,weak,1,WVVTCGYTI,EBV_TCELL_1862913|15|NILRIYYSPSIMHRYAVVQP,4,HUMAN_BACKGROUND_423369|s04|IVTTSTNDWVVTCGYTIPTCRKLDE,0,0.260803,10.779373,11.971244,9.721226,Frozen score-blind pMHC comparison; technical samples are not biological replicates.
EBV_TCELL_1862913::HUMAN_MYELIN_112037,EBV_TCELL_1862913,HUMAN_MYELIN_112037,HUMAN_BACKGROUND_423369,25,primary_exact_bin_length_pm1,weak,1,WVVTCGYTI,EBV_TCELL_1862913|15|NILRIYYSPSIMHRYAVVQP,4,HUMAN_BACKGROUND_423369|s04|IVTTSTNDWVVTCGYTIPTCRKLDE,1,0.173185,8.746559,9.058485,8.488769,Frozen score-blind pMHC comparison; technical samples are not biological replicates.
EBV_TCELL_1862913::HUMAN_MYELIN_112037,EBV_TCELL_1862913,HUMAN_MYELIN_112037,HUMAN_BACKGROUND_423369,25,primary_exact_bin_length_pm1,weak,1,WVVTCGYTI,EBV_TCELL_1862913|15|NILRIYYSPSIMHRYAVVQP,4,HUMAN_BACKGROUND_423369|s04|IVTTSTNDWVVTCGYTIPTCRKLDE,2,0.178538,9.838209,10.686219,9.1031,Frozen score-blind pMHC comparison; technical samples are not biological replicates.
EBV_TCELL_1862913::HUMAN_MYELIN_112037,EBV_TCELL_1862913,HUMAN_MYELIN_112037,HUMAN_BACKGROUND_423369,25,primary_exact_bin_length_pm1,weak,1,WVVTCGYTI,EBV_TCELL_1862913|15|NILRIYYSPSIMHRYAVVQP,4,HUMAN_BACKGROUND_423369|s04|IVTTSTNDWVVTCGYTIPTCRKLDE,3,0.168894,8.244234,7.811179,8.574946,Frozen score-blind pMHC comparison; technical samples are not biological replicates.
EBV_TCELL_1862913::HUMAN_MYELIN_112037,EBV_TCELL_1862913,HUMAN_MYELIN_112037,HUMAN_BACKGROUND_423369,25,primary_exact_bin_length_pm1,weak,1,WVVTCGYTI,EBV_TCELL_1862913|15|NILRIYYSPSIMHRYAVVQP,4,HUMAN_BACKGROUND_423369|s04|IVTTSTNDWVVTCGYTIPTCRKLDE,4,0.173782,13.412672,14.985713,12.006761,Frozen score-blind pMHC comparison; technical samples are not biological replicates.
EBV_TCELL_1862913::HUMAN_MYELIN_112037,EBV_TCELL_1862913,HUMAN_MYELIN_112037,HUMAN_BACKGROUND_423369,25,primary_exact_bin_length_pm1,weak,1,WVVTCGYTI,EBV_TCELL_1862913|2|NILRIYYSPSIMHRYAVVQP,0,HUMAN_BACKGROUND_423369|s04|IVTTSTNDWVVTCGYTIPTCRKLDE,0,0.171079,10.64913,11.730368,9.697728,Frozen score-blind pMHC comparison; technical samples are not biological replicates.
EBV_TCELL_1862913::HUMAN_MYELIN_112037,EBV_TCELL_1862913,HUMAN_MYELIN_112037,HUMAN_BACKGROUND_423369,25,primary_exact_bin_length_pm1,weak,1,WVVTCGYTI,EBV_TCELL_1862913|2|NILRIYYSPSIMHRYAVVQP,0,HUMAN_BACKGROUND_423369|s04|IVTTSTNDWVVTCGYTIPTCRKLDE,1,0.127791,8.675241,8.789362,8.582853,Frozen score-blind pMHC comparison; technical samples are not biological replicates.
EBV_TCELL_1862913::HUMAN_MYELIN_112037,EBV_TCELL_1862913,HUMAN_MYELIN_112037,HUMAN_BACKGROUND_423369,25,primary_exact_bin_length_pm1,weak,1,WVVTCGYTI,EBV_TCELL_1862913|2|NILRIYYSPSIMHRYAVVQP,0,HUMAN_BACKGROUND_423369|s04|IVTTSTNDWVVTCGYTIPTCRKLDE,2,0.121098,9.72458,10.418717,9.131359,Frozen score-blind pMHC comparison; technical samples are not biological replicates.
EBV_TCELL_1862913::HUMAN_MYELIN_112037,EBV_TCELL_1862913,HUMAN_MYELIN_112037,HUMAN_BACKGROUND_423369,25,primary_exact_bin_length_pm1,weak,1,WVVTCGYTI,EBV_TCELL_1862913|2|NILRIYYSPSIMHRYAVVQP,0,HUMAN_BACKGROUND_423369|s04|IVTTSTNDWVVTCGYTIPTCRKLDE,3,0.147709,8.190895,7.97326,8.360925,Frozen score-blind pMHC comparison; technical samples are not biological replicates.
EBV_TCELL_1862913::HUMAN_MYELIN_112037,EBV_TCELL_1862913,HUMAN_MYELIN_112037,HUMAN_BACKGROUND_423369,25,primary_exact_bin_length_pm1,weak,1,WVVTCGYTI,EBV_TCELL_1862913|2|NILRIYYSPSIMHRYAVVQP,0,HUMAN_BACKGROUND_423369|s04|IVTTSTNDWVVTCGYTIPTCRKLDE,4,0.143909,13.241745,14.821267,11.827209,Frozen score-blind pMHC comparison; technical samples are not biological replicates.
EBV_TCELL_1862913::HUMAN_MYELIN_112037,EBV_TCELL_1862913,HUMAN_MYELIN_112037,HUMAN_BACKGROUND_423369,25,primary_exact_bin_length_pm1,weak,1,WVVTCGYTI,EBV_TCELL_1862913|2|NILRIYYSPSIMHRYAVVQP,1,HUMAN_BACKGROUND_423369|s04|IVTTSTNDWVVTCGYTIPTCRKLDE,0,0.182602,13.024797,14.226551,11.976887,Frozen score-blind pMHC comparison; technical samples are not biological replicates.
EBV_TCELL_1862913::HUMAN_MYELIN_112037,EBV_TCELL_1862913,HUMAN_MYELIN_112037,HUMAN_BACKGROUND_423369,25,primary_exact_bin_length_pm1,weak,1,WVVTCGYTI,EBV_TCELL_1862913|2|NILRIYYSPSIMHRYAVVQP,1,HUMAN_BACKGROUND_423369|s04|IVTTSTNDWVVTCGYTIPTCRKLDE,1,0.154335,3.568364,4.292823,2.859569,Frozen score-blind pMHC comparison; technical samples are not biological replicates.
EBV_TCELL_1862913::HUMAN_MYELIN_112037,EBV_TCELL_1862913,HUMAN_MYELIN_112037,HUMAN_BACKGROUND_423369,25,primary_exact_bin_length_pm1,weak,1,WVVTCGYTI,EBV_TCELL_1862913|2|NILRIYYSPSIMHRYAVVQP,1,HUMAN_BACKGROUND_423369|s04|IVTTSTNDWVVTCGYTIPTCRKLDE,2,0.153198,9.828611,11.038896,8.740542,Frozen score-blind pMHC comparison; technical samples are not biological replicates.
EBV_TCELL_1862913::HUMAN_MYELIN_112037,EBV_TCELL_1862913,HUMAN_MYELIN_112037,HUMAN_BACKGROUND_423369,25,primary_exact_bin_length_pm1,weak,1,WVVTCGYTI,EBV_TCELL_1862913|2|NILRIYYSPSIMHRYAVVQP,1,HUMAN_BACKGROUND_423369|s04|IVTTSTNDWVVTCGYTIPTCRKLDE,3,0.16467,16.472696,15.998521,16.842427,Frozen score-blind pMHC comparison; technical samples are not biological replicates.
EBV_TCELL_1862913::HUMAN_MYELIN_112037,EBV_TCELL_1862913,HUMAN_MYELIN_112037,HUMAN_BACKGROUND_423369,25,primary_exact_bin_length_pm1,weak,1,WVVTCGYTI,EBV_TCELL_1862913|2|NILRIYYSPSIMHRYAVVQP,1,HUMAN_BACKGROUND_423369|s04|IVTTSTNDWVVTCGYTIPTCRKLDE,4,0.149752,17.280872,18.640402,16.110857,Frozen score-blind pMHC comparison; technical samples are not biological replicates.
EBV_TCELL_1862913::HUMAN_MYELIN_112037,EBV_TCELL_1862913,HUMAN_MYELIN_112037,HUMAN_BACKGROUND_423369,25,primary_exact_bin_length_pm1,weak,1,WVVTCGYTI,EBV_TCELL_1862913|2|NILRIYYSPSIMHRYAVVQP,2,HUMAN_BACKGROUND_423369|s04|IVTTSTNDWVVTCGYTIPTCRKLDE,0,0.171534,10.596162,11.77546,9.548424,Frozen score-blind pMHC comparison; technical samples are not biological replicates.
EBV_TCELL_1862913::HUMAN_MYELIN_112037,EBV_TCELL_1862913,HUMAN_MYELIN_112037,HUMAN_BACKGROUND_423369,25,primary_exact_bin_length_pm1,weak,1,WVVTCGYTI,EBV_TCELL_1862913|2|NILRIYYSPSIMHRYAVVQP,2,HUMAN_BACKGROUND_423369|s04|IVTTSTNDWVVTCGYTIPTCRKLDE,1,0.180913,8.534183,8.730807,8.37356,Frozen score-blind pMHC comparison; technical samples are not biological replicates.
EBV_TCELL_1862913::HUMAN_MYELIN_112037,EBV_TCELL_1862913,HUMAN_MYELIN_112037,HUMAN_BACKGROUND_423369,25,primary_exact_bin_length_pm1,weak,1,WVVTCGYTI,EBV_TCELL_1862913|2|NILRIYYSPSIMHRYAVVQP,2,HUMAN_BACKGROUND_423369|s04|IVTTSTNDWVVTCGYTIPTCRKLDE,2,0.17133,9.642732,10.440614,8.953377,Frozen score-blind pMHC comparison; technical samples are not biological replicates.
EBV_TCELL_1862913::HUMAN_MYELIN_112037,EBV_TCELL_1862913,HUMAN_MYELIN_112037,HUMAN_BACKGROUND_423369,25,primary_exact_bin_length_pm1,weak,1,WVVTCGYTI,EBV_TCELL_1862913|2|NILRIYYSPSIMHRYAVVQP,2,HUMAN_BACKGROUND_423369|s04|IVTTSTNDWVVTCGYTIPTCRKLDE,3,0.205179,8.287762,7.991712,8.517196,Frozen score-blind pMHC comparison; technical samples are not biological replicates.
EBV_TCELL_1862913::HUMAN_MYELIN_112037,EBV_TCELL_1862913,HUMAN_MYELIN_112037,HUMAN_BACKGROUND_423369,25,primary_exact_bin_length_pm1,weak,1,WVVTCGYTI,EBV_TCELL_1862913|2|NILRIYYSPSIMHRYAVVQP,2,HUMAN_BACKGROUND_423369|s04|IVTTSTNDWVVTCGYTIPTCRKLDE,4,0.163135,13.144661,14.705233,11.747882,Frozen score-blind pMHC comparison; technical samples are not biological replicates.
EBV_TCELL_1862913::HUMAN_MYELIN_112037,EBV_TCELL_1862913,HUMAN_MYELIN_112037,HUMAN_BACKGROUND_423369,25,primary_exact_bin_length_pm1,weak,1,WVVTCGYTI,EBV_TCELL_1862913|2|NILRIYYSPSIMHRYAVVQP,3,HUMAN_BACKGROUND_423369|s04|IVTTSTNDWVVTCGYTIPTCRKLDE,0,0.184915,10.529729,11.39685,9.780838,Frozen score-blind pMHC comparison; technical samples are not biological replicates.
EBV_TCELL_1862913::HUMAN_MYELIN_112037,EBV_TCELL_1862913,HUMAN_MYELIN_112037,HUMAN_BACKGROUND_423369,25,primary_exact_bin_length_pm1,weak,1,WVVTCGYTI,EBV_TCELL_1862913|2|NILRIYYSPSIMHRYAVVQP,3,HUMAN_BACKGROUND_423369|s04|IVTTSTNDWVVTCGYTIPTCRKLDE,1,0.190219,8.758342,8.610388,8.874929,Frozen score-blind pMHC comparison; technical samples are not biological replicates.
EBV_TCELL_1862913::HUMAN_MYELIN_112037,EBV_TCELL_1862913,HUMAN_MYELIN_112037,HUMAN_BACKGROUND_423369,25,primary_exact_bin_length_pm1,weak,1,WVVTCGYTI,EBV_TCELL_1862913|2|NILRIYYSPSIMHRYAVVQP,3,HUMAN_BACKGROUND_423369|s04|IVTTSTNDWVVTCGYTIPTCRKLDE,2,0.18677,9.645286,10.026186,9.329376,Frozen score-blind pMHC comparison; technical samples are not biological replicates.
EBV_TCELL_1862913::HUMAN_MYELIN_112037,EBV_TCELL_1862913,HUMAN_MYELIN_112037,HUMAN_BACKGROUND_423369,25,primary_exact_bin_length_pm1,weak,1,WVVTCGYTI,EBV_TCELL_1862913|2|NILRIYYSPSIMHRYAVVQP,3,HUMAN_BACKGROUND_423369|s04|IVTTSTNDWVVTCGYTIPTCRKLDE,3,0.221005,8.105516,7.896585,8.268862,Frozen score-blind pMHC comparison; technical samples are not biological replicates.
EBV_TCELL_1862913::HUMAN_MYELIN_112037,EBV_TCELL_1862913,HUMAN_MYELIN_112037,HUMAN_BACKGROUND_423369,25,primary_exact_bin_length_pm1,weak,1,WVVTCGYTI,EBV_TCELL_1862913|2|NILRIYYSPSIMHRYAVVQP,3,HUMAN_BACKGROUND_423369|s04|IVTTSTNDWVVTCGYTIPTCRKLDE,4,0.182568,13.148871,14.557036,11.902992,Frozen score-blind pMHC comparison; technical samples are not biological replicates.
EBV_TCELL_1862913::HUMAN_MYELIN_112037,EBV_TCELL_1862913,HUMAN_MYELIN_112037,HUMAN_BACKGROUND_423369,25,primary_exact_bin_length_pm1,weak,1,WVVTCGYTI,EBV_TCELL_1862913|2|NILRIYYSPSIMHRYAVVQP,4,HUMAN_BACKGROUND_423369|s04|IVTTSTNDWVVTCGYTIPTCRKLDE,0,0.124751,10.821826,12.008249,9.769495,Frozen score-blind pMHC comparison; technical samples are not biological replicates.
EBV_TCELL_1862913::HUMAN_MYELIN_112037,EBV_TCELL_1862913,HUMAN_MYELIN_112037,HUMAN_BACKGROUND_423369,25,primary_exact_bin_length_pm1,weak,1,WVVTCGYTI,EBV_TCELL_1862913|2|NILRIYYSPSIMHRYAVVQP,4,HUMAN_BACKGROUND_423369|s04|IVTTSTNDWVVTCGYTIPTCRKLDE,1,0.19652,8.937066,9.137966,8.773035,Frozen score-blind pMHC comparison; technical samples are not biological replicates.
EBV_TCELL_1862913::HUMAN_MYELIN_112037,EBV_TCELL_1862913,HUMAN_MYELIN_112037,HUMAN_BACKGROUND_423369,25,primary_exact_bin_length_pm1,weak,1,WVVTCGYTI,EBV_TCELL_1862913|2|NILRIYYSPSIMHRYAVVQP,4,HUMAN_BACKGROUND_423369|s04|IVTTSTNDWVVTCGYTIPTCRKLDE,2,0.180888,9.958692,10.744898,9.281903,Frozen score-blind pMHC comparison; technical samples are not biological replicates.
EBV_TCELL_1862913::HUMAN_MYELIN_112037,EBV_TCELL_1862913,HUMAN_MYELIN_112037,HUMAN_BACKGROUND_423369,25,primary_exact_bin_length_pm1,weak,1,WVVTCGYTI,EBV_TCELL_1862913|2|NILRIYYSPSIMHRYAVVQP,4,HUMAN_BACKGROUND_423369|s04|IVTTSTNDWVVTCGYTIPTCRKLDE,3,0.220053,8.333551,7.970897,8.612687,Frozen score-blind pMHC comparison; technical samples are not biological replicates.
EBV_TCELL_1862913::HUMAN_MYELIN_112037,EBV_TCELL_1862913,HUMAN_MYELIN_112037,HUMAN_BACKGROUND_423369,25,primary_exact_bin_length_pm1,weak,1,WVVTCGYTI,EBV_TCELL_1862913|2|NILRIYYSPSIMHRYAVVQP,4,HUMAN_BACKGROUND_423369|s04|IVTTSTNDWVVTCGYTIPTCRKLDE,4,0.195268,13.476819,15.192519,11.927878,Frozen score-blind pMHC comparison; technical samples are not biological replicates.
EBV_TCELL_119155::HUMAN_MYELIN_112037,EBV_TCELL_119155,HUMAN_MYELIN_112037,HUMAN_BACKGROUND_2258889,25,primary_exact_bin_length_pm1,weak,2,YLHVEGGNF,EBV_TCELL_119155|1773241610|FIEFVGWLCKKDHTHIREWF,0,HUMAN_BACKGROUND_2258889|s04|RLRSQTVSTRYLHVEGGNFHASSQQ,0,0.164754,27.291713,26.989552,27.531054,Frozen score-blind pMHC comparison; technical samples are not biological replicates.
EBV_TCELL_119155::HUMAN_MYELIN_112037,EBV_TCELL_119155,HUMAN_MYELIN_112037,HUMAN_BACKGROUND_2258889,25,primary_exact_bin_length_pm1,weak,2,YLHVEGGNF,EBV_TCELL_119155|1773241610|FIEFVGWLCKKDHTHIREWF,0,HUMAN_BACKGROUND_2258889|s04|RLRSQTVSTRYLHVEGGNFHASSQQ,1,0.167354,27.933922,27.66804,28.144819,Frozen score-blind pMHC comparison; technical samples are not biological replicates.
EBV_TCELL_119155::HUMAN_MYELIN_112037,EBV_TCELL_119155,HUMAN_MYELIN_112037,HUMAN_BACKGROUND_2258889,25,primary_exact_bin_length_pm1,weak,2,YLHVEGGNF,EBV_TCELL_119155|1773241610|FIEFVGWLCKKDHTHIREWF,0,HUMAN_BACKGROUND_2258889|s04|RLRSQTVSTRYLHVEGGNFHASSQQ,2,0.146125,27.181152,26.940651,27.37203,Frozen score-blind pMHC comparison; technical samples are not biological replicates.
EBV_TCELL_119155::HUMAN_MYELIN_112037,EBV_TCELL_119155,HUMAN_MYELIN_112037,HUMAN_BACKGROUND_2258889,25,primary_exact_bin_length_pm1,weak,2,YLHVEGGNF,EBV_TCELL_119155|1773241610|FIEFVGWLCKKDHTHIREWF,0,HUMAN_BACKGROUND_2258889|s04|RLRSQTVSTRYLHVEGGNFHASSQQ,3,0.201708,27.000713,26.794254,27.164751,Frozen score-blind pMHC comparison; technical samples are not biological replicates.
EBV_TCELL_119155::HUMAN_MYELIN_112037,EBV_TCELL_119155,HUMAN_MYELIN_112037,HUMAN_BACKGROUND_2258889,25,primary_exact_bin_length_pm1,weak,2,YLHVEGGNF,EBV_TCELL_119155|1773241610|FIEFVGWLCKKDHTHIREWF,0,HUMAN_BACKGROUND_2258889|s04|RLRSQTVSTRYLHVEGGNFHASSQQ,4,0.153023,27.283687,26.954227,27.544418,Frozen score-blind pMHC comparison; technical samples are not biological replicates.
EBV_TCELL_119155::HUMAN_MYELIN_112037,EBV_TCELL_119155,HUMAN_MYELIN_112037,HUMAN_BACKGROUND_2258889,25,primary_exact_bin_length_pm1,weak,2,YLHVEGGNF,EBV_TCELL_119155|1773241610|FIEFVGWLCKKDHTHIREWF,1,HUMAN_BACKGROUND_2258889|s04|RLRSQTVSTRYLHVEGGNFHASSQQ,0,0.160732,27.930512,27.609575,28.184631,Frozen score-blind pMHC comparison; technical samples are not biological replicates.
EBV_TCELL_119155::HUMAN_MYELIN_112037,EBV_TCELL_119155,HUMAN_MYELIN_112037,HUMAN_BACKGROUND_2258889,25,primary_exact_bin_length_pm1,weak,2,YLHVEGGNF,EBV_TCELL_119155|1773241610|FIEFVGWLCKKDHTHIREWF,1,HUMAN_BACKGROUND_2258889|s04|RLRSQTVSTRYLHVEGGNFHASSQQ,1,0.176757,28.585886,28.303203,28.810035,Frozen score-blind pMHC comparison; technical samples are not biological replicates.
EBV_TCELL_119155::HUMAN_MYELIN_112037,EBV_TCELL_119155,HUMAN_MYELIN_112037,HUMAN_BACKGROUND_2258889,25,primary_exact_bin_length_pm1,weak,2,YLHVEGGNF,EBV_TCELL_119155|1773241610|FIEFVGWLCKKDHTHIREWF,1,HUMAN_BACKGROUND_2258889|s04|RLRSQTVSTRYLHVEGGNFHASSQQ,2,0.17677,27.824102,27.572003,28.024149,Frozen score-blind pMHC comparison; technical samples are not biological replicates.
EBV_TCELL_119155::HUMAN_MYELIN_112037,EBV_TCELL_119155,HUMAN_MYELIN_112037,HUMAN_BACKGROUND_2258889,25,primary_exact_bin_length_pm1,weak,2,YLHVEGGNF,EBV_TCELL_119155|1773241610|FIEFVGWLCKKDHTHIREWF,1,HUMAN_BACKGROUND_2258889|s04|RLRSQTVSTRYLHVEGGNFHASSQQ,3,0.220577,27.626895,27.406021,27.802331,Frozen score-blind pMHC comparison; technical samples are not biological replicates.
EBV_TCELL_119155::HUMAN_MYELIN_112037,EBV_TCELL_119155,HUMAN_MYELIN_112037,HUMAN_BACKGROUND_2258889,25,primary_exact_bin_length_pm1,weak,2,YLHVEGGNF,EBV_TCELL_119155|1773241610|FIEFVGWLCKKDHTHIREWF,1,HUMAN_BACKGROUND_2258889|s04|RLRSQTVSTRYLHVEGGNFHASSQQ,4,0.166794,27.920032,27.561177,28.203829,Frozen score-blind pMHC comparison; technical samples are not biological replicates.
EBV_TCELL_119155::HUMAN_MYELIN_112037,EBV_TCELL_119155,HUMAN_MYELIN_112037,HUMAN_BACKGROUND_2258889,25,primary_exact_bin_length_pm1,weak,2,YLHVEGGNF,EBV_TCELL_119155|1773241610|FIEFVGWLCKKDHTHIREWF,2,HUMAN_BACKGROUND_2258889|s04|RLRSQTVSTRYLHVEGGNFHASSQQ,0,0.160082,27.648977,27.238923,27.972693,Frozen score-blind pMHC comparison; technical samples are not biological replicates.
EBV_TCELL_119155::HUMAN_MYELIN_112037,EBV_TCELL_119155,HUMAN_MYELIN_112037,HUMAN_BACKGROUND_2258889,25,primary_exact_bin_length_pm1,weak,2,YLHVEGGNF,EBV_TCELL_119155|1773241610|FIEFVGWLCKKDHTHIREWF,2,HUMAN_BACKGROUND_2258889|s04|RLRSQTVSTRYLHVEGGNFHASSQQ,1,0.156227,28.311204,27.932109,28.610863,Frozen score-blind pMHC comparison; technical samples are not biological replicates.
EBV_TCELL_119155::HUMAN_MYELIN_112037,EBV_TCELL_119155,HUMAN_MYELIN_112037,HUMAN_BACKGROUND_2258889,25,primary_exact_bin_length_pm1,weak,2,YLHVEGGNF,EBV_TCELL_119155|1773241610|FIEFVGWLCKKDHTHIREWF,2,HUMAN_BACKGROUND_2258889|s04|RLRSQTVSTRYLHVEGGNFHASSQQ,2,0.152513,27.542552,27.198609,27.814645,Frozen score-blind pMHC comparison; technical samples are not biological replicates.
EBV_TCELL_119155::HUMAN_MYELIN_112037,EBV_TCELL_119155,HUMAN_MYELIN_112037,HUMAN_BACKGROUND_2258889,25,primary_exact_bin_length_pm1,weak,2,YLHVEGGNF,EBV_TCELL_119155|1773241610|FIEFVGWLCKKDHTHIREWF,2,HUMAN_BACKGROUND_2258889|s04|RLRSQTVSTRYLHVEGGNFHASSQQ,3,0.168462,27.336253,27.029925,27.578865,Frozen score-blind pMHC comparison; technical samples are not biological replicates.
EBV_TCELL_119155::HUMAN_MYELIN_112037,EBV_TCELL_119155,HUMAN_MYELIN_112037,HUMAN_BACKGROUND_2258889,25,primary_exact_bin_length_pm1,weak,2,YLHVEGGNF,EBV_TCELL_119155|1773241610|FIEFVGWLCKKDHTHIREWF,2,HUMAN_BACKGROUND_2258889|s04|RLRSQTVSTRYLHVEGGNFHASSQQ,4,0.182576,27.648559,27.195583,28.005666,Frozen score-blind pMHC comparison; technical samples are not biological replicates.
EBV_TCELL_119155::HUMAN_MYELIN_112037,EBV_TCELL_119155,HUMAN_MYELIN_112037,HUMAN_BACKGROUND_2258889,25,primary_exact_bin_length_pm1,weak,2,YLHVEGGNF,EBV_TCELL_119155|1773241610|FIEFVGWLCKKDHTHIREWF,3,HUMAN_BACKGROUND_2258889|s04|RLRSQTVSTRYLHVEGGNFHASSQQ,0,0.226993,18.738874,18.708626,18.763037,Frozen score-blind pMHC comparison; technical samples are not biological replicates.
EBV_TCELL_119155::HUMAN_MYELIN_112037,EBV_TCELL_119155,HUMAN_MYELIN_112037,HUMAN_BACKGROUND_2258889,25,primary_exact_bin_length_pm1,weak,2,YLHVEGGNF,EBV_TCELL_119155|1773241610|FIEFVGWLCKKDHTHIREWF,3,HUMAN_BACKGROUND_2258889|s04|RLRSQTVSTRYLHVEGGNFHASSQQ,1,0.253424,19.334204,19.36487,19.309636,Frozen score-blind pMHC comparison; technical samples are not biological replicates.
EBV_TCELL_119155::HUMAN_MYELIN_112037,EBV_TCELL_119155,HUMAN_MYELIN_112037,HUMAN_BACKGROUND_2258889,25,primary_exact_bin_length_pm1,weak,2,YLHVEGGNF,EBV_TCELL_119155|1773241610|FIEFVGWLCKKDHTHIREWF,3,HUMAN_BACKGROUND_2258889|s04|RLRSQTVSTRYLHVEGGNFHASSQQ,2,0.226335,18.649447,18.670285,18.63276,Frozen score-blind pMHC comparison; technical samples are not biological replicates.
EBV_TCELL_119155::HUMAN_MYELIN_112037,EBV_TCELL_119155,HUMAN_MYELIN_112037,HUMAN_BACKGROUND_2258889,25,primary_exact_bin_length_pm1,weak,2,YLHVEGGNF,EBV_TCELL_119155|1773241610|FIEFVGWLCKKDHTHIREWF,3,HUMAN_BACKGROUND_2258889|s04|RLRSQTVSTRYLHVEGGNFHASSQQ,3,0.264994,18.546488,18.549308,18.544232,Frozen score-blind pMHC comparison; technical samples are not biological replicates.
EBV_TCELL_119155::HUMAN_MYELIN_112037,EBV_TCELL_119155,HUMAN_MYELIN_112037,HUMAN_BACKGROUND_2258889,25,primary_exact_bin_length_pm1,weak,2,YLHVEGGNF,EBV_TCELL_119155|1773241610|FIEFVGWLCKKDHTHIREWF,3,HUMAN_BACKGROUND_2258889|s04|RLRSQTVSTRYLHVEGGNFHASSQQ,4,0.219345,18.6782,18.661782,18.691324,Frozen score-blind pMHC comparison; technical samples are not biological replicates.
EBV_TCELL_119155::HUMAN_MYELIN_112037,EBV_TCELL_119155,HUMAN_MYELIN_112037,HUMAN_BACKGROUND_2258889,25,primary_exact_bin_length_pm1,weak,2,YLHVEGGNF,EBV_TCELL_119155|1773241610|FIEFVGWLCKKDHTHIREWF,4,HUMAN_BACKGROUND_2258889|s04|RLRSQTVSTRYLHVEGGNFHASSQQ,0,0.121542,18.599723,18.69731,18.521284,Frozen score-blind pMHC comparison; technical samples are not biological replicates.
EBV_TCELL_119155::HUMAN_MYELIN_112037,EBV_TCELL_119155,HUMAN_MYELIN_112037,HUMAN_BACKGROUND_2258889,25,primary_exact_bin_length_pm1,weak,2,YLHVEGGNF,EBV_TCELL_119155|1773241610|FIEFVGWLCKKDHTHIREWF,4,HUMAN_BACKGROUND_2258889|s04|RLRSQTVSTRYLHVEGGNFHASSQQ,1,0.139075,19.056406,19.161267,18.972099,Frozen score-blind pMHC comparison; technical samples are not biological replicates.
EBV_TCELL_119155::HUMAN_MYELIN_112037,EBV_TCELL_119155,HUMAN_MYELIN_112037,HUMAN_BACKGROUND_2258889,25,primary_exact_bin_length_pm1,weak,2,YLHVEGGNF,EBV_TCELL_119155|1773241610|FIEFVGWLCKKDHTHIREWF,4,HUMAN_BACKGROUND_2258889|s04|RLRSQTVSTRYLHVEGGNFHASSQQ,2,0.133907,18.437684,18.581315,18.321969,Frozen score-blind pMHC comparison; technical samples are not biological replicates.
EBV_TCELL_119155::HUMAN_MYELIN_112037,EBV_TCELL_119155,HUMAN_MYELIN_112037,HUMAN_BACKGROUND_2258889,25,primary_exact_bin_length_pm1,weak,2,YLHVEGGNF,EBV_TCELL_119155|1773241610|FIEFVGWLCKKDHTHIREWF,4,HUMAN_BACKGROUND_2258889|s04|RLRSQTVSTRYLHVEGGNFHASSQQ,3,0.182123,18.409011,18.603244,18.252136,Frozen score-blind pMHC comparison; technical samples are not biological replicates.
EBV_TCELL_119155::HUMAN_MYELIN_112037,EBV_TCELL_119155,HUMAN_MYELIN_112037,HUMAN_BACKGROUND_2258889,25,primary_exact_bin_length_pm1,weak,2,YLHVEGGNF,EBV_TCELL_119155|1773241610|FIEFVGWLCKKDHTHIREWF,4,HUMAN_BACKGROUND_2258889|s04|RLRSQTVSTRYLHVEGGNFHASSQQ,4,0.129126,18.572149,18.661646,18.500239,Frozen score-blind pMHC comparison; technical samples are not biological replicates.
EBV_TCELL_1862913::HUMAN_MYELIN_112037,EBV_TCELL_1862913,HUMAN_MYELIN_112037,HUMAN_BACKGROUND_2258889,25,primary_exact_bin_length_pm1,weak,2,YLHVEGGNF,EBV_TCELL_1862913|15|NILRIYYSPSIMHRYAVVQP,0,HUMAN_BACKGROUND_2258889|s04|RLRSQTVSTRYLHVEGGNFHASSQQ,0,0.17674,27.286472,26.864169,27.619665,Frozen score-blind pMHC comparison; technical samples are not biological replicates.
EBV_TCELL_1862913::HUMAN_MYELIN_112037,EBV_TCELL_1862913,HUMAN_MYELIN_112037,HUMAN_BACKGROUND_2258889,25,primary_exact_bin_length_pm1,weak,2,YLHVEGGNF,EBV_TCELL_1862913|15|NILRIYYSPSIMHRYAVVQP,0,HUMAN_BACKGROUND_2258889|s04|RLRSQTVSTRYLHVEGGNFHASSQQ,1,0.201787,27.978952,27.576923,28.296463,Frozen score-blind pMHC comparison; technical samples are not biological replicates.
EBV_TCELL_1862913::HUMAN_MYELIN_112037,EBV_TCELL_1862913,HUMAN_MYELIN_112037,HUMAN_BACKGROUND_2258889,25,primary_exact_bin_length_pm1,weak,2,YLHVEGGNF,EBV_TCELL_1862913|15|NILRIYYSPSIMHRYAVVQP,0,HUMAN_BACKGROUND_2258889|s04|RLRSQTVSTRYLHVEGGNFHASSQQ,2,0.177407,27.194923,26.843822,27.472574,Frozen score-blind pMHC comparison; technical samples are not biological replicates.
EBV_TCELL_1862913::HUMAN_MYELIN_112037,EBV_TCELL_1862913,HUMAN_MYELIN_112037,HUMAN_BACKGROUND_2258889,25,primary_exact_bin_length_pm1,weak,2,YLHVEGGNF,EBV_TCELL_1862913|15|NILRIYYSPSIMHRYAVVQP,0,HUMAN_BACKGROUND_2258889|s04|RLRSQTVSTRYLHVEGGNFHASSQQ,3,0.213638,26.970482,26.663272,27.213752,Frozen score-blind pMHC comparison; technical samples are not biological replicates.
EBV_TCELL_1862913::HUMAN_MYELIN_112037,EBV_TCELL_1862913,HUMAN_MYELIN_112037,HUMAN_BACKGROUND_2258889,25,primary_exact_bin_length_pm1,weak,2,YLHVEGGNF,EBV_TCELL_1862913|15|NILRIYYSPSIMHRYAVVQP,0,HUMAN_BACKGROUND_2258889|s04|RLRSQTVSTRYLHVEGGNFHASSQQ,4,0.184309,27.306998,26.806971,27.700521,Frozen score-blind pMHC comparison; technical samples are not biological replicates.
EBV_TCELL_1862913::HUMAN_MYELIN_112037,EBV_TCELL_1862913,HUMAN_MYELIN_112037,HUMAN_BACKGROUND_2258889,25,primary_exact_bin_length_pm1,weak,2,YLHVEGGNF,EBV_TCELL_1862913|15|NILRIYYSPSIMHRYAVVQP,1,HUMAN_BACKGROUND_2258889|s04|RLRSQTVSTRYLHVEGGNFHASSQQ,0,0.335369,27.052766,26.687386,27.341555,Frozen score-blind pMHC comparison; technical samples are not biological replicates.
EBV_TCELL_1862913::HUMAN_MYELIN_112037,EBV_TCELL_1862913,HUMAN_MYELIN_112037,HUMAN_BACKGROUND_2258889,25,primary_exact_bin_length_pm1,weak,2,YLHVEGGNF,EBV_TCELL_1862913|15|NILRIYYSPSIMHRYAVVQP,1,HUMAN_BACKGROUND_2258889|s04|RLRSQTVSTRYLHVEGGNFHASSQQ,1,0.299987,27.72156,27.389814,27.984125,Frozen score-blind pMHC comparison; technical samples are not biological replicates.
EBV_TCELL_1862913::HUMAN_MYELIN_112037,EBV_TCELL_1862913,HUMAN_MYELIN_112037,HUMAN_BACKGROUND_2258889,25,primary_exact_bin_length_pm1,weak,2,YLHVEGGNF,EBV_TCELL_1862913|15|NILRIYYSPSIMHRYAVVQP,1,HUMAN_BACKGROUND_2258889|s04|RLRSQTVSTRYLHVEGGNFHASSQQ,2,0.303854,26.958813,26.662067,27.193878,Frozen score-blind pMHC comparison; technical samples are not biological replicates.
EBV_TCELL_1862913::HUMAN_MYELIN_112037,EBV_TCELL_1862913,HUMAN_MYELIN_112037,HUMAN_BACKGROUND_2258889,25,primary_exact_bin_length_pm1,weak,2,YLHVEGGNF,EBV_TCELL_1862913|15|NILRIYYSPSIMHRYAVVQP,1,HUMAN_BACKGROUND_2258889|s04|RLRSQTVSTRYLHVEGGNFHASSQQ,3,0.27391,26.754876,26.493836,26.961888,Frozen score-blind pMHC comparison; technical samples are not biological replicates.
EBV_TCELL_1862913::HUMAN_MYELIN_112037,EBV_TCELL_1862913,HUMAN_MYELIN_112037,HUMAN_BACKGROUND_2258889,25,primary_exact_bin_length_pm1,weak,2,YLHVEGGNF,EBV_TCELL_1862913|15|NILRIYYSPSIMHRYAVVQP,1,HUMAN_BACKGROUND_2258889|s04|RLRSQTVSTRYLHVEGGNFHASSQQ,4,0.330084,27.047666,26.632346,27.375386,Frozen score-blind pMHC comparison; technical samples are not biological replicates.
EBV_TCELL_1862913::HUMAN_MYELIN_112037,EBV_TCELL_1862913,HUMAN_MYELIN_112037,HUMAN_BACKGROUND_2258889,25,primary_exact_bin_length_pm1,weak,2,YLHVEGGNF,EBV_TCELL_1862913|15|NILRIYYSPSIMHRYAVVQP,2,HUMAN_BACKGROUND_2258889|s04|RLRSQTVSTRYLHVEGGNFHASSQQ,0,0.153989,20.575067,20.716424,20.461277,Frozen score-blind pMHC comparison; technical samples are not biological replicates.
EBV_TCELL_1862913::HUMAN_MYELIN_112037,EBV_TCELL_1862913,HUMAN_MYELIN_112037,HUMAN_BACKGROUND_2258889,25,primary_exact_bin_length_pm1,weak,2,YLHVEGGNF,EBV_TCELL_1862913|15|NILRIYYSPSIMHRYAVVQP,2,HUMAN_BACKGROUND_2258889|s04|RLRSQTVSTRYLHVEGGNFHASSQQ,1,0.166791,21.601126,21.759883,21.473274,Frozen score-blind pMHC comparison; technical samples are not biological replicates.
EBV_TCELL_1862913::HUMAN_MYELIN_112037,EBV_TCELL_1862913,HUMAN_MYELIN_112037,HUMAN_BACKGROUND_2258889,25,primary_exact_bin_length_pm1,weak,2,YLHVEGGNF,EBV_TCELL_1862913|15|NILRIYYSPSIMHRYAVVQP,2,HUMAN_BACKGROUND_2258889|s04|RLRSQTVSTRYLHVEGGNFHASSQQ,2,0.166955,20.522022,20.741763,20.344521,Frozen score-blind pMHC comparison; technical samples are not biological replicates.
EBV_TCELL_1862913::HUMAN_MYELIN_112037,EBV_TCELL_1862913,HUMAN_MYELIN_112037,HUMAN_BACKGROUND_2258889,25,primary_exact_bin_length_pm1,weak,2,YLHVEGGNF,EBV_TCELL_1862913|15|NILRIYYSPSIMHRYAVVQP,2,HUMAN_BACKGROUND_2258889|s04|RLRSQTVSTRYLHVEGGNFHASSQQ,3,0.208301,19.919559,20.117491,19.759785,Frozen score-blind pMHC comparison; technical samples are not biological replicates.
EBV_TCELL_1862913::HUMAN_MYELIN_112037,EBV_TCELL_1862913,HUMAN_MYELIN_112037,HUMAN_BACKGROUND_2258889,25,primary_exact_bin_length_pm1,weak,2,YLHVEGGNF,EBV_TCELL_1862913|15|NILRIYYSPSIMHRYAVVQP,2,HUMAN_BACKGROUND_2258889|s04|RLRSQTVSTRYLHVEGGNFHASSQQ,4,0.15526,20.762597,20.88049,20.667799,Frozen score-blind pMHC comparison; technical samples are not biological replicates.
EBV_TCELL_1862913::HUMAN_MYELIN_112037,EBV_TCELL_1862913,HUMAN_MYELIN_112037,HUMAN_BACKGROUND_2258889,25,primary_exact_bin_length_pm1,weak,2,YLHVEGGNF,EBV_TCELL_1862913|15|NILRIYYSPSIMHRYAVVQP,3,HUMAN_BACKGROUND_2258889|s04|RLRSQTVSTRYLHVEGGNFHASSQQ,0,0.140308,27.696982,27.540731,27.821351,Frozen score-blind pMHC comparison; technical samples are not biological replicates.
EBV_TCELL_1862913::HUMAN_MYELIN_112037,EBV_TCELL_1862913,HUMAN_MYELIN_112037,HUMAN_BACKGROUND_2258889,25,primary_exact_bin_length_pm1,weak,2,YLHVEGGNF,EBV_TCELL_1862913|15|NILRIYYSPSIMHRYAVVQP,3,HUMAN_BACKGROUND_2258889|s04|RLRSQTVSTRYLHVEGGNFHASSQQ,1,0.155332,28.422677,28.387395,28.450871,Frozen score-blind pMHC comparison; technical samples are not biological replicates.
EBV_TCELL_1862913::HUMAN_MYELIN_112037,EBV_TCELL_1862913,HUMAN_MYELIN_112037,HUMAN_BACKGROUND_2258889,25,primary_exact_bin_length_pm1,weak,2,YLHVEGGNF,EBV_TCELL_1862913|15|NILRIYYSPSIMHRYAVVQP,3,HUMAN_BACKGROUND_2258889|s04|RLRSQTVSTRYLHVEGGNFHASSQQ,2,0.150326,27.636883,27.577162,27.684567,Frozen score-blind pMHC comparison; technical samples are not biological replicates.
EBV_TCELL_1862913::HUMAN_MYELIN_112037,EBV_TCELL_1862913,HUMAN_MYELIN_112037,HUMAN_BACKGROUND_2258889,25,primary_exact_bin_length_pm1,weak,2,YLHVEGGNF,EBV_TCELL_1862913|15|NILRIYYSPSIMHRYAVVQP,3,HUMAN_BACKGROUND_2258889|s04|RLRSQTVSTRYLHVEGGNFHASSQQ,3,0.177891,27.39318,27.294938,27.471521,Frozen score-blind pMHC comparison; technical samples are not biological replicates.
EBV_TCELL_1862913::HUMAN_MYELIN_112037,EBV_TCELL_1862913,HUMAN_MYELIN_112037,HUMAN_BACKGROUND_2258889,25,primary_exact_bin_length_pm1,weak,2,YLHVEGGNF,EBV_TCELL_1862913|15|NILRIYYSPSIMHRYAVVQP,3,HUMAN_BACKGROUND_2258889|s04|RLRSQTVSTRYLHVEGGNFHASSQQ,4,0.135367,27.657949,27.481996,27.79791,Frozen score-blind pMHC comparison; technical samples are not biological replicates.
EBV_TCELL_1862913::HUMAN_MYELIN_112037,EBV_TCELL_1862913,HUMAN_MYELIN_112037,HUMAN_BACKGROUND_2258889,25,primary_exact_bin_length_pm1,weak,2,YLHVEGGNF,EBV_TCELL_1862913|15|NILRIYYSPSIMHRYAVVQP,4,HUMAN_BACKGROUND_2258889|s04|RLRSQTVSTRYLHVEGGNFHASSQQ,0,0.17147,27.396368,27.000589,27.70892,Frozen score-blind pMHC comparison; technical samples are not biological replicates.
EBV_TCELL_1862913::HUMAN_MYELIN_112037,EBV_TCELL_1862913,HUMAN_MYELIN_112037,HUMAN_BACKGROUND_2258889,25,primary_exact_bin_length_pm1,weak,2,YLHVEGGNF,EBV_TCELL_1862913|15|NILRIYYSPSIMHRYAVVQP,4,HUMAN_BACKGROUND_2258889|s04|RLRSQTVSTRYLHVEGGNFHASSQQ,1,0.174984,28.106073,27.772558,28.370061,Frozen score-blind pMHC comparison; technical samples are not biological replicates.
EBV_TCELL_1862913::HUMAN_MYELIN_112037,EBV_TCELL_1862913,HUMAN_MYELIN_112037,HUMAN_BACKGROUND_2258889,25,primary_exact_bin_length_pm1,weak,2,YLHVEGGNF,EBV_TCELL_1862913|15|NILRIYYSPSIMHRYAVVQP,4,HUMAN_BACKGROUND_2258889|s04|RLRSQTVSTRYLHVEGGNFHASSQQ,2,0.17431,27.325376,27.019194,27.567873,Frozen score-blind pMHC comparison; technical samples are not biological replicates.
EBV_TCELL_1862913::HUMAN_MYELIN_112037,EBV_TCELL_1862913,HUMAN_MYELIN_112037,HUMAN_BACKGROUND_2258889,25,primary_exact_bin_length_pm1,weak,2,YLHVEGGNF,EBV_TCELL_1862913|15|NILRIYYSPSIMHRYAVVQP,4,HUMAN_BACKGROUND_2258889|s04|RLRSQTVSTRYLHVEGGNFHASSQQ,3,0.158217,27.082203,26.782964,27.319235,Frozen score-blind pMHC comparison; technical samples are not biological replicates.
EBV_TCELL_1862913::HUMAN_MYELIN_112037,EBV_TCELL_1862913,HUMAN_MYELIN_112037,HUMAN_BACKGROUND_2258889,25,primary_exact_bin_length_pm1,weak,2,YLHVEGGNF,EBV_TCELL_1862913|15|NILRIYYSPSIMHRYAVVQP,4,HUMAN_BACKGROUND_2258889|s04|RLRSQTVSTRYLHVEGGNFHASSQQ,4,0.173281,27.381552,26.915853,27.748484,Frozen score-blind pMHC comparison; technical samples are not biological replicates.
EBV_TCELL_1862913::HUMAN_MYELIN_112037,EBV_TCELL_1862913,HUMAN_MYELIN_112037,HUMAN_BACKGROUND_2258889,25,primary_exact_bin_length_pm1,weak,2,YLHVEGGNF,EBV_TCELL_1862913|2|NILRIYYSPSIMHRYAVVQP,0,HUMAN_BACKGROUND_2258889|s04|RLRSQTVSTRYLHVEGGNFHASSQQ,0,0.14492,27.290729,26.896422,27.602119,Frozen score-blind pMHC comparison; technical samples are not biological replicates.
EBV_TCELL_1862913::HUMAN_MYELIN_112037,EBV_TCELL_1862913,HUMAN_MYELIN_112037,HUMAN_BACKGROUND_2258889,25,primary_exact_bin_length_pm1,weak,2,YLHVEGGNF,EBV_TCELL_1862913|2|NILRIYYSPSIMHRYAVVQP,0,HUMAN_BACKGROUND_2258889|s04|RLRSQTVSTRYLHVEGGNFHASSQQ,1,0.135,27.966078,27.592556,28.261341,Frozen score-blind pMHC comparison; technical samples are not biological replicates.
EBV_TCELL_1862913::HUMAN_MYELIN_112037,EBV_TCELL_1862913,HUMAN_MYELIN_112037,HUMAN_BACKGROUND_2258889,25,primary_exact_bin_length_pm1,weak,2,YLHVEGGNF,EBV_TCELL_1862913|2|NILRIYYSPSIMHRYAVVQP,0,HUMAN_BACKGROUND_2258889|s04|RLRSQTVSTRYLHVEGGNFHASSQQ,2,0.135774,27.206895,26.869954,27.473473,Frozen score-blind pMHC comparison; technical samples are not biological replicates.
EBV_TCELL_1862913::HUMAN_MYELIN_112037,EBV_TCELL_1862913,HUMAN_MYELIN_112037,HUMAN_BACKGROUND_2258889,25,primary_exact_bin_length_pm1,weak,2,YLHVEGGNF,EBV_TCELL_1862913|2|NILRIYYSPSIMHRYAVVQP,0,HUMAN_BACKGROUND_2258889|s04|RLRSQTVSTRYLHVEGGNFHASSQQ,3,0.183604,27.008782,26.71934,27.238121,Frozen score-blind pMHC comparison; technical samples are not biological replicates.
EBV_TCELL_1862913::HUMAN_MYELIN_112037,EBV_TCELL_1862913,HUMAN_MYELIN_112037,HUMAN_BACKGROUND_2258889,25,primary_exact_bin_length_pm1,weak,2,YLHVEGGNF,EBV_TCELL_1862913|2|NILRIYYSPSIMHRYAVVQP,0,HUMAN_BACKGROUND_2258889|s04|RLRSQTVSTRYLHVEGGNFHASSQQ,4,0.130589,27.269572,26.850169,27.600507,Frozen score-blind pMHC comparison; technical samples are not biological replicates.
EBV_TCELL_1862913::HUMAN_MYELIN_112037,EBV_TCELL_1862913,HUMAN_MYELIN_112037,HUMAN_BACKGROUND_2258889,25,primary_exact_bin_length_pm1,weak,2,YLHVEGGNF,EBV_TCELL_1862913|2|NILRIYYSPSIMHRYAVVQP,1,HUMAN_BACKGROUND_2258889|s04|RLRSQTVSTRYLHVEGGNFHASSQQ,0,0.169549,35.581319,35.01012,36.031759,Frozen score-blind pMHC comparison; technical samples are not biological replicates.
EBV_TCELL_1862913::HUMAN_MYELIN_112037,EBV_TCELL_1862913,HUMAN_MYELIN_112037,HUMAN_BACKGROUND_2258889,25,primary_exact_bin_length_pm1,weak,2,YLHVEGGNF,EBV_TCELL_1862913|2|NILRIYYSPSIMHRYAVVQP,1,HUMAN_BACKGROUND_2258889|s04|RLRSQTVSTRYLHVEGGNFHASSQQ,1,0.164019,36.328208,35.831619,36.720644,Frozen score-blind pMHC comparison; technical samples are not biological replicates.
EBV_TCELL_1862913::HUMAN_MYELIN_112037,EBV_TCELL_1862913,HUMAN_MYELIN_112037,HUMAN_BACKGROUND_2258889,25,primary_exact_bin_length_pm1,weak,2,YLHVEGGNF,EBV_TCELL_1862913|2|NILRIYYSPSIMHRYAVVQP,1,HUMAN_BACKGROUND_2258889|s04|RLRSQTVSTRYLHVEGGNFHASSQQ,2,0.158871,35.506264,35.020546,35.890105,Frozen score-blind pMHC comparison; technical samples are not biological replicates.
EBV_TCELL_1862913::HUMAN_MYELIN_112037,EBV_TCELL_1862913,HUMAN_MYELIN_112037,HUMAN_BACKGROUND_2258889,25,primary_exact_bin_length_pm1,weak,2,YLHVEGGNF,EBV_TCELL_1862913|2|NILRIYYSPSIMHRYAVVQP,1,HUMAN_BACKGROUND_2258889|s04|RLRSQTVSTRYLHVEGGNFHASSQQ,3,0.212794,35.254146,34.78157,35.627694,Frozen score-blind pMHC comparison; technical samples are not biological replicates.
EBV_TCELL_1862913::HUMAN_MYELIN_112037,EBV_TCELL_1862913,HUMAN_MYELIN_112037,HUMAN_BACKGROUND_2258889,25,primary_exact_bin_length_pm1,weak,2,YLHVEGGNF,EBV_TCELL_1862913|2|NILRIYYSPSIMHRYAVVQP,1,HUMAN_BACKGROUND_2258889|s04|RLRSQTVSTRYLHVEGGNFHASSQQ,4,0.135676,35.579738,34.976792,36.054836,Frozen score-blind pMHC comparison; technical samples are not biological replicates.
EBV_TCELL_1862913::HUMAN_MYELIN_112037,EBV_TCELL_1862913,HUMAN_MYELIN_112037,HUMAN_BACKGROUND_2258889,25,primary_exact_bin_length_pm1,weak,2,YLHVEGGNF,EBV_TCELL_1862913|2|NILRIYYSPSIMHRYAVVQP,2,HUMAN_BACKGROUND_2258889|s04|RLRSQTVSTRYLHVEGGNFHASSQQ,0,0.161433,27.488809,27.108023,27.789682,Frozen score-blind pMHC comparison; technical samples are not biological replicates.
EBV_TCELL_1862913::HUMAN_MYELIN_112037,EBV_TCELL_1862913,HUMAN_MYELIN_112037,HUMAN_BACKGROUND_2258889,25,primary_exact_bin_length_pm1,weak,2,YLHVEGGNF,EBV_TCELL_1862913|2|NILRIYYSPSIMHRYAVVQP,2,HUMAN_BACKGROUND_2258889|s04|RLRSQTVSTRYLHVEGGNFHASSQQ,1,0.182765,28.225963,27.897638,28.485899,Frozen score-blind pMHC comparison; technical samples are not biological replicates.
EBV_TCELL_1862913::HUMAN_MYELIN_112037,EBV_TCELL_1862913,HUMAN_MYELIN_112037,HUMAN_BACKGROUND_2258889,25,primary_exact_bin_length_pm1,weak,2,YLHVEGGNF,EBV_TCELL_1862913|2|NILRIYYSPSIMHRYAVVQP,2,HUMAN_BACKGROUND_2258889|s04|RLRSQTVSTRYLHVEGGNFHASSQQ,2,0.172156,27.423312,27.122707,27.661444,Frozen score-blind pMHC comparison; technical samples are not biological replicates.
EBV_TCELL_1862913::HUMAN_MYELIN_112037,EBV_TCELL_1862913,HUMAN_MYELIN_112037,HUMAN_BACKGROUND_2258889,25,primary_exact_bin_length_pm1,weak,2,YLHVEGGNF,EBV_TCELL_1862913|2|NILRIYYSPSIMHRYAVVQP,2,HUMAN_BACKGROUND_2258889|s04|RLRSQTVSTRYLHVEGGNFHASSQQ,3,0.222137,27.161547,26.871238,27.391579,Frozen score-blind pMHC comparison; technical samples are not biological replicates.
EBV_TCELL_1862913::HUMAN_MYELIN_112037,EBV_TCELL_1862913,HUMAN_MYELIN_112037,HUMAN_BACKGROUND_2258889,25,primary_exact_bin_length_pm1,weak,2,YLHVEGGNF,EBV_TCELL_1862913|2|NILRIYYSPSIMHRYAVVQP,2,HUMAN_BACKGROUND_2258889|s04|RLRSQTVSTRYLHVEGGNFHASSQQ,4,0.147682,27.486511,27.032848,27.84412,Frozen score-blind pMHC comparison; technical samples are not biological replicates.
EBV_TCELL_1862913::HUMAN_MYELIN_112037,EBV_TCELL_1862913,HUMAN_MYELIN_112037,HUMAN_BACKGROUND_2258889,25,primary_exact_bin_length_pm1,weak,2,YLHVEGGNF,EBV_TCELL_1862913|2|NILRIYYSPSIMHRYAVVQP,3,HUMAN_BACKGROUND_2258889|s04|RLRSQTVSTRYLHVEGGNFHASSQQ,0,0.165829,27.152356,26.789366,27.439291,Frozen score-blind pMHC comparison; technical samples are not biological replicates.
EBV_TCELL_1862913::HUMAN_MYELIN_112037,EBV_TCELL_1862913,HUMAN_MYELIN_112037,HUMAN_BACKGROUND_2258889,25,primary_exact_bin_length_pm1,weak,2,YLHVEGGNF,EBV_TCELL_1862913|2|NILRIYYSPSIMHRYAVVQP,3,HUMAN_BACKGROUND_2258889|s04|RLRSQTVSTRYLHVEGGNFHASSQQ,1,0.195263,27.882462,27.576463,28.124864,Frozen score-blind pMHC comparison; technical samples are not biological replicates.
EBV_TCELL_1862913::HUMAN_MYELIN_112037,EBV_TCELL_1862913,HUMAN_MYELIN_112037,HUMAN_BACKGROUND_2258889,25,primary_exact_bin_length_pm1,weak,2,YLHVEGGNF,EBV_TCELL_1862913|2|NILRIYYSPSIMHRYAVVQP,3,HUMAN_BACKGROUND_2258889|s04|RLRSQTVSTRYLHVEGGNFHASSQQ,2,0.188233,27.078327,26.794877,27.302968,Frozen score-blind pMHC comparison; technical samples are not biological replicates.
EBV_TCELL_1862913::HUMAN_MYELIN_112037,EBV_TCELL_1862913,HUMAN_MYELIN_112037,HUMAN_BACKGROUND_2258889,25,primary_exact_bin_length_pm1,weak,2,YLHVEGGNF,EBV_TCELL_1862913|2|NILRIYYSPSIMHRYAVVQP,3,HUMAN_BACKGROUND_2258889|s04|RLRSQTVSTRYLHVEGGNFHASSQQ,3,0.223379,26.818841,26.539578,27.040175,Frozen score-blind pMHC comparison; technical samples are not biological replicates.
EBV_TCELL_1862913::HUMAN_MYELIN_112037,EBV_TCELL_1862913,HUMAN_MYELIN_112037,HUMAN_BACKGROUND_2258889,25,primary_exact_bin_length_pm1,weak,2,YLHVEGGNF,EBV_TCELL_1862913|2|NILRIYYSPSIMHRYAVVQP,3,HUMAN_BACKGROUND_2258889|s04|RLRSQTVSTRYLHVEGGNFHASSQQ,4,0.169335,27.164611,26.728995,27.508137,Frozen score-blind pMHC comparison; technical samples are not biological replicates.
EBV_TCELL_1862913::HUMAN_MYELIN_112037,EBV_TCELL_1862913,HUMAN_MYELIN_112037,HUMAN_BACKGROUND_2258889,25,primary_exact_bin_length_pm1,weak,2,YLHVEGGNF,EBV_TCELL_1862913|2|NILRIYYSPSIMHRYAVVQP,4,HUMAN_BACKGROUND_2258889|s04|RLRSQTVSTRYLHVEGGNFHASSQQ,0,0.177645,27.220149,26.937656,27.44405,Frozen score-blind pMHC comparison; technical samples are not biological replicates.
EBV_TCELL_1862913::HUMAN_MYELIN_112037,EBV_TCELL_1862913,HUMAN_MYELIN_112037,HUMAN_BACKGROUND_2258889,25,primary_exact_bin_length_pm1,weak,2,YLHVEGGNF,EBV_TCELL_1862913|2|NILRIYYSPSIMHRYAVVQP,4,HUMAN_BACKGROUND_2258889|s04|RLRSQTVSTRYLHVEGGNFHASSQQ,1,0.186298,27.907749,27.685387,28.084371,Frozen score-blind pMHC comparison; technical samples are not biological replicates.
EBV_TCELL_1862913::HUMAN_MYELIN_112037,EBV_TCELL_1862913,HUMAN_MYELIN_112037,HUMAN_BACKGROUND_2258889,25,primary_exact_bin_length_pm1,weak,2,YLHVEGGNF,EBV_TCELL_1862913|2|NILRIYYSPSIMHRYAVVQP,4,HUMAN_BACKGROUND_2258889|s04|RLRSQTVSTRYLHVEGGNFHASSQQ,2,0.188497,27.128586,26.929108,27.287118,Frozen score-blind pMHC comparison; technical samples are not biological replicates.
EBV_TCELL_1862913::HUMAN_MYELIN_112037,EBV_TCELL_1862913,HUMAN_MYELIN_112037,HUMAN_BACKGROUND_2258889,25,primary_exact_bin_length_pm1,weak,2,YLHVEGGNF,EBV_TCELL_1862913|2|NILRIYYSPSIMHRYAVVQP,4,HUMAN_BACKGROUND_2258889|s04|RLRSQTVSTRYLHVEGGNFHASSQQ,3,0.2529,26.903233,26.708789,27.057782,Frozen score-blind pMHC comparison; technical samples are not biological replicates.
EBV_TCELL_1862913::HUMAN_MYELIN_112037,EBV_TCELL_1862913,HUMAN_MYELIN_112037,HUMAN_BACKGROUND_2258889,25,primary_exact_bin_length_pm1,weak,2,YLHVEGGNF,EBV_TCELL_1862913|2|NILRIYYSPSIMHRYAVVQP,4,HUMAN_BACKGROUND_2258889|s04|RLRSQTVSTRYLHVEGGNFHASSQQ,4,0.169603,27.219114,26.868702,27.496228,Frozen score-blind pMHC comparison; technical samples are not biological replicates.
EBV_TCELL_119155::HUMAN_MYELIN_112037,EBV_TCELL_119155,HUMAN_MYELIN_112037,HUMAN_BACKGROUND_113164,25,primary_exact_bin_length_pm1,weak,3,WICCACQKT,EBV_TCELL_119155|1773241610|FIEFVGWLCKKDHTHIREWF,0,HUMAN_BACKGROUND_113164|s04|SGCFYQKKEEDWICCACQKTRTSR,0,0.161558,8.14061,8.271803,8.034114,Frozen score-blind pMHC comparison; technical samples are not biological replicates.
EBV_TCELL_119155::HUMAN_MYELIN_112037,EBV_TCELL_119155,HUMAN_MYELIN_112037,HUMAN_BACKGROUND_113164,25,primary_exact_bin_length_pm1,weak,3,WICCACQKT,EBV_TCELL_119155|1773241610|FIEFVGWLCKKDHTHIREWF,0,HUMAN_BACKGROUND_113164|s04|SGCFYQKKEEDWICCACQKTRTSR,1,0.178339,4.69061,5.1072,4.328566,Frozen score-blind pMHC comparison; technical samples are not biological replicates.
EBV_TCELL_119155::HUMAN_MYELIN_112037,EBV_TCELL_119155,HUMAN_MYELIN_112037,HUMAN_BACKGROUND_113164,25,primary_exact_bin_length_pm1,weak,3,WICCACQKT,EBV_TCELL_119155|1773241610|FIEFVGWLCKKDHTHIREWF,0,HUMAN_BACKGROUND_113164|s04|SGCFYQKKEEDWICCACQKTRTSR,2,0.176165,6.749879,8.123691,5.405004,Frozen score-blind pMHC comparison; technical samples are not biological replicates.
EBV_TCELL_119155::HUMAN_MYELIN_112037,EBV_TCELL_119155,HUMAN_MYELIN_112037,HUMAN_BACKGROUND_113164,25,primary_exact_bin_length_pm1,weak,3,WICCACQKT,EBV_TCELL_119155|1773241610|FIEFVGWLCKKDHTHIREWF,0,HUMAN_BACKGROUND_113164|s04|SGCFYQKKEEDWICCACQKTRTSR,3,0.177988,4.699825,4.977628,4.465157,Frozen score-blind pMHC comparison; technical samples are not biological replicates.
EBV_TCELL_119155::HUMAN_MYELIN_112037,EBV_TCELL_119155,HUMAN_MYELIN_112037,HUMAN_BACKGROUND_113164,25,primary_exact_bin_length_pm1,weak,3,WICCACQKT,EBV_TCELL_119155|1773241610|FIEFVGWLCKKDHTHIREWF,0,HUMAN_BACKGROUND_113164|s04|SGCFYQKKEEDWICCACQKTRTSR,4,0.157084,18.229714,19.888485,16.785081,Frozen score-blind pMHC comparison; technical samples are not biological replicates.
EBV_TCELL_119155::HUMAN_MYELIN_112037,EBV_TCELL_119155,HUMAN_MYELIN_112037,HUMAN_BACKGROUND_113164,25,primary_exact_bin_length_pm1,weak,3,WICCACQKT,EBV_TCELL_119155|1773241610|FIEFVGWLCKKDHTHIREWF,1,HUMAN_BACKGROUND_113164|s04|SGCFYQKKEEDWICCACQKTRTSR,0,0.182057,8.643053,8.758052,8.549939,Frozen score-blind pMHC comparison; technical samples are not biological replicates.
EBV_TCELL_119155::HUMAN_MYELIN_112037,EBV_TCELL_119155,HUMAN_MYELIN_112037,HUMAN_BACKGROUND_113164,25,primary_exact_bin_length_pm1,weak,3,WICCACQKT,EBV_TCELL_119155|1773241610|FIEFVGWLCKKDHTHIREWF,1,HUMAN_BACKGROUND_113164|s04|SGCFYQKKEEDWICCACQKTRTSR,1,0.23418,4.826318,5.191926,4.512553,Frozen score-blind pMHC comparison; technical samples are not biological replicates.
EBV_TCELL_119155::HUMAN_MYELIN_112037,EBV_TCELL_119155,HUMAN_MYELIN_112037,HUMAN_BACKGROUND_113164,25,primary_exact_bin_length_pm1,weak,3,WICCACQKT,EBV_TCELL_119155|1773241610|FIEFVGWLCKKDHTHIREWF,1,HUMAN_BACKGROUND_113164|s04|SGCFYQKKEEDWICCACQKTRTSR,2,0.226703,7.027629,8.410458,5.684098,Frozen score-blind pMHC comparison; technical samples are not biological replicates.
EBV_TCELL_119155::HUMAN_MYELIN_112037,EBV_TCELL_119155,HUMAN_MYELIN_112037,HUMAN_BACKGROUND_113164,25,primary_exact_bin_length_pm1,weak,3,WICCACQKT,EBV_TCELL_119155|1773241610|FIEFVGWLCKKDHTHIREWF,1,HUMAN_BACKGROUND_113164|s04|SGCFYQKKEEDWICCACQKTRTSR,3,0.216106,4.852795,5.091795,4.652763,Frozen score-blind pMHC comparison; technical samples are not biological replicates.
EBV_TCELL_119155::HUMAN_MYELIN_112037,EBV_TCELL_119155,HUMAN_MYELIN_112037,HUMAN_BACKGROUND_113164,25,primary_exact_bin_length_pm1,weak,3,WICCACQKT,EBV_TCELL_119155|1773241610|FIEFVGWLCKKDHTHIREWF,1,HUMAN_BACKGROUND_113164|s04|SGCFYQKKEEDWICCACQKTRTSR,4,0.188492,18.502673,20.175065,17.047036,Frozen score-blind pMHC comparison; technical samples are not biological replicates.
EBV_TCELL_119155::HUMAN_MYELIN_112037,EBV_TCELL_119155,HUMAN_MYELIN_112037,HUMAN_BACKGROUND_113164,25,primary_exact_bin_length_pm1,weak,3,WICCACQKT,EBV_TCELL_119155|1773241610|FIEFVGWLCKKDHTHIREWF,2,HUMAN_BACKGROUND_113164|s04|SGCFYQKKEEDWICCACQKTRTSR,0,0.165589,8.522481,8.571297,8.483225,Frozen score-blind pMHC comparison; technical samples are not biological replicates.
EBV_TCELL_119155::HUMAN_MYELIN_112037,EBV_TCELL_119155,HUMAN_MYELIN_112037,HUMAN_BACKGROUND_113164,25,primary_exact_bin_length_pm1,weak,3,WICCACQKT,EBV_TCELL_119155|1773241610|FIEFVGWLCKKDHTHIREWF,2,HUMAN_BACKGROUND_113164|s04|SGCFYQKKEEDWICCACQKTRTSR,1,0.181687,4.875769,5.205244,4.595212,Frozen score-blind pMHC comparison; technical samples are not biological replicates.
EBV_TCELL_119155::HUMAN_MYELIN_112037,EBV_TCELL_119155,HUMAN_MYELIN_112037,HUMAN_BACKGROUND_113164,25,primary_exact_bin_length_pm1,weak,3,WICCACQKT,EBV_TCELL_119155|1773241610|FIEFVGWLCKKDHTHIREWF,2,HUMAN_BACKGROUND_113164|s04|SGCFYQKKEEDWICCACQKTRTSR,2,0.184761,6.978342,8.309963,5.693037,Frozen score-blind pMHC comparison; technical samples are not biological replicates.
EBV_TCELL_119155::HUMAN_MYELIN_112037,EBV_TCELL_119155,HUMAN_MYELIN_112037,HUMAN_BACKGROUND_113164,25,primary_exact_bin_length_pm1,weak,3,WICCACQKT,EBV_TCELL_119155|1773241610|FIEFVGWLCKKDHTHIREWF,2,HUMAN_BACKGROUND_113164|s04|SGCFYQKKEEDWICCACQKTRTSR,3,0.184399,4.913058,5.112602,4.747388,Frozen score-blind pMHC comparison; technical samples are not biological replicates.
EBV_TCELL_119155::HUMAN_MYELIN_112037,EBV_TCELL_119155,HUMAN_MYELIN_112037,HUMAN_BACKGROUND_113164,25,primary_exact_bin_length_pm1,weak,3,WICCACQKT,EBV_TCELL_119155|1773241610|FIEFVGWLCKKDHTHIREWF,2,HUMAN_BACKGROUND_113164|s04|SGCFYQKKEEDWICCACQKTRTSR,4,0.194348,18.152609,19.680523,16.830704,Frozen score-blind pMHC comparison; technical samples are not biological replicates.
EBV_TCELL_119155::HUMAN_MYELIN_112037,EBV_TCELL_119155,HUMAN_MYELIN_112037,HUMAN_BACKGROUND_113164,25,primary_exact_bin_length_pm1,weak,3,WICCACQKT,EBV_TCELL_119155|1773241610|FIEFVGWLCKKDHTHIREWF,3,HUMAN_BACKGROUND_113164|s04|SGCFYQKKEEDWICCACQKTRTSR,0,0.250516,5.471712,5.152867,5.713993,Frozen score-blind pMHC comparison; technical samples are not biological replicates.
EBV_TCELL_119155::HUMAN_MYELIN_112037,EBV_TCELL_119155,HUMAN_MYELIN_112037,HUMAN_BACKGROUND_113164,25,primary_exact_bin_length_pm1,weak,3,WICCACQKT,EBV_TCELL_119155|1773241610|FIEFVGWLCKKDHTHIREWF,3,HUMAN_BACKGROUND_113164|s04|SGCFYQKKEEDWICCACQKTRTSR,1,0.306458,8.012355,7.891179,8.107991,Frozen score-blind pMHC comparison; technical samples are not biological replicates.
EBV_TCELL_119155::HUMAN_MYELIN_112037,EBV_TCELL_119155,HUMAN_MYELIN_112037,HUMAN_BACKGROUND_113164,25,primary_exact_bin_length_pm1,weak,3,WICCACQKT,EBV_TCELL_119155|1773241610|FIEFVGWLCKKDHTHIREWF,3,HUMAN_BACKGROUND_113164|s04|SGCFYQKKEEDWICCACQKTRTSR,2,0.259417,7.805582,7.884728,7.741683,Frozen score-blind pMHC comparison; technical samples are not biological replicates.
EBV_TCELL_119155::HUMAN_MYELIN_112037,EBV_TCELL_119155,HUMAN_MYELIN_112037,HUMAN_BACKGROUND_113164,25,primary_exact_bin_length_pm1,weak,3,WICCACQKT,EBV_TCELL_119155|1773241610|FIEFVGWLCKKDHTHIREWF,3,HUMAN_BACKGROUND_113164|s04|SGCFYQKKEEDWICCACQKTRTSR,3,0.273857,7.99382,7.79812,8.146996,Frozen score-blind pMHC comparison; technical samples are not biological replicates.
EBV_TCELL_119155::HUMAN_MYELIN_112037,EBV_TCELL_119155,HUMAN_MYELIN_112037,HUMAN_BACKGROUND_113164,25,primary_exact_bin_length_pm1,weak,3,WICCACQKT,EBV_TCELL_119155|1773241610|FIEFVGWLCKKDHTHIREWF,3,HUMAN_BACKGROUND_113164|s04|SGCFYQKKEEDWICCACQKTRTSR,4,0.210501,15.511762,17.197812,14.017659,Frozen score-blind pMHC comparison; technical samples are not biological replicates.
EBV_TCELL_119155::HUMAN_MYELIN_112037,EBV_TCELL_119155,HUMAN_MYELIN_112037,HUMAN_BACKGROUND_113164,25,primary_exact_bin_length_pm1,weak,3,WICCACQKT,EBV_TCELL_119155|1773241610|FIEFVGWLCKKDHTHIREWF,4,HUMAN_BACKGROUND_113164|s04|SGCFYQKKEEDWICCACQKTRTSR,0,0.180847,5.35517,5.586026,5.163058,Frozen score-blind pMHC comparison; technical samples are not biological replicates.
EBV_TCELL_119155::HUMAN_MYELIN_112037,EBV_TCELL_119155,HUMAN_MYELIN_112037,HUMAN_BACKGROUND_113164,25,primary_exact_bin_length_pm1,weak,3,WICCACQKT,EBV_TCELL_119155|1773241610|FIEFVGWLCKKDHTHIREWF,4,HUMAN_BACKGROUND_113164|s04|SGCFYQKKEEDWICCACQKTRTSR,1,0.189356,8.273486,8.57349,8.025411,Frozen score-blind pMHC comparison; technical samples are not biological replicates.
EBV_TCELL_119155::HUMAN_MYELIN_112037,EBV_TCELL_119155,HUMAN_MYELIN_112037,HUMAN_BACKGROUND_113164,25,primary_exact_bin_length_pm1,weak,3,WICCACQKT,EBV_TCELL_119155|1773241610|FIEFVGWLCKKDHTHIREWF,4,HUMAN_BACKGROUND_113164|s04|SGCFYQKKEEDWICCACQKTRTSR,2,0.212658,8.016148,8.404686,7.691198,Frozen score-blind pMHC comparison; technical samples are not biological replicates.
EBV_TCELL_119155::HUMAN_MYELIN_112037,EBV_TCELL_119155,HUMAN_MYELIN_112037,HUMAN_BACKGROUND_113164,25,primary_exact_bin_length_pm1,weak,3,WICCACQKT,EBV_TCELL_119155|1773241610|FIEFVGWLCKKDHTHIREWF,4,HUMAN_BACKGROUND_113164|s04|SGCFYQKKEEDWICCACQKTRTSR,3,0.201109,8.115555,8.364934,7.910393,Frozen score-blind pMHC comparison; technical samples are not biological replicates.
EBV_TCELL_119155::HUMAN_MYELIN_112037,EBV_TCELL_119155,HUMAN_MYELIN_112037,HUMAN_BACKGROUND_113164,25,primary_exact_bin_length_pm1,weak,3,WICCACQKT,EBV_TCELL_119155|1773241610|FIEFVGWLCKKDHTHIREWF,4,HUMAN_BACKGROUND_113164|s04|SGCFYQKKEEDWICCACQKTRTSR,4,0.13784,15.885522,18.053843,13.909588,Frozen score-blind pMHC comparison; technical samples are not biological replicates.
EBV_TCELL_1862913::HUMAN_MYELIN_112037,EBV_TCELL_1862913,HUMAN_MYELIN_112037,HUMAN_BACKGROUND_113164,25,primary_exact_bin_length_pm1,weak,3,WICCACQKT,EBV_TCELL_1862913|15|NILRIYYSPSIMHRYAVVQP,0,HUMAN_BACKGROUND_113164|s04|SGCFYQKKEEDWICCACQKTRTSR,0,0.186438,8.37804,8.236807,8.489335,Frozen score-blind pMHC comparison; technical samples are not biological replicates.
EBV_TCELL_1862913::HUMAN_MYELIN_112037,EBV_TCELL_1862913,HUMAN_MYELIN_112037,HUMAN_BACKGROUND_113164,25,primary_exact_bin_length_pm1,weak,3,WICCACQKT,EBV_TCELL_1862913|15|NILRIYYSPSIMHRYAVVQP,0,HUMAN_BACKGROUND_113164|s04|SGCFYQKKEEDWICCACQKTRTSR,1,0.262617,4.798996,4.998776,4.632973,Frozen score-blind pMHC comparison; technical samples are not biological replicates.
EBV_TCELL_1862913::HUMAN_MYELIN_112037,EBV_TCELL_1862913,HUMAN_MYELIN_112037,HUMAN_BACKGROUND_113164,25,primary_exact_bin_length_pm1,weak,3,WICCACQKT,EBV_TCELL_1862913|15|NILRIYYSPSIMHRYAVVQP,0,HUMAN_BACKGROUND_113164|s04|SGCFYQKKEEDWICCACQKTRTSR,2,0.234049,7.110574,8.295962,5.995839,Frozen score-blind pMHC comparison; technical samples are not biological replicates.
EBV_TCELL_1862913::HUMAN_MYELIN_112037,EBV_TCELL_1862913,HUMAN_MYELIN_112037,HUMAN_BACKGROUND_113164,25,primary_exact_bin_length_pm1,weak,3,WICCACQKT,EBV_TCELL_1862913|15|NILRIYYSPSIMHRYAVVQP,0,HUMAN_BACKGROUND_113164|s04|SGCFYQKKEEDWICCACQKTRTSR,3,0.229501,4.911892,4.946159,4.884304,Frozen score-blind pMHC comparison; technical samples are not biological replicates.
EBV_TCELL_1862913::HUMAN_MYELIN_112037,EBV_TCELL_1862913,HUMAN_MYELIN_112037,HUMAN_BACKGROUND_113164,25,primary_exact_bin_length_pm1,weak,3,WICCACQKT,EBV_TCELL_1862913|15|NILRIYYSPSIMHRYAVVQP,0,HUMAN_BACKGROUND_113164|s04|SGCFYQKKEEDWICCACQKTRTSR,4,0.192666,18.329206,19.816775,17.045936,Frozen score-blind pMHC comparison; technical samples are not biological replicates.
EBV_TCELL_1862913::HUMAN_MYELIN_112037,EBV_TCELL_1862913,HUMAN_MYELIN_112037,HUMAN_BACKGROUND_113164,25,primary_exact_bin_length_pm1,weak,3,WICCACQKT,EBV_TCELL_1862913|15|NILRIYYSPSIMHRYAVVQP,1,HUMAN_BACKGROUND_113164|s04|SGCFYQKKEEDWICCACQKTRTSR,0,0.252621,7.950368,7.964132,7.93934,Frozen score-blind pMHC comparison; technical samples are not biological replicates.
EBV_TCELL_1862913::HUMAN_MYELIN_112037,EBV_TCELL_1862913,HUMAN_MYELIN_112037,HUMAN_BACKGROUND_113164,25,primary_exact_bin_length_pm1,weak,3,WICCACQKT,EBV_TCELL_1862913|15|NILRIYYSPSIMHRYAVVQP,1,HUMAN_BACKGROUND_113164|s04|SGCFYQKKEEDWICCACQKTRTSR,1,0.20655,4.445234,4.789981,4.148861,Frozen score-blind pMHC comparison; technical samples are not biological replicates.
EBV_TCELL_1862913::HUMAN_MYELIN_112037,EBV_TCELL_1862913,HUMAN_MYELIN_112037,HUMAN_BACKGROUND_113164,25,primary_exact_bin_length_pm1,weak,3,WICCACQKT,EBV_TCELL_1862913|15|NILRIYYSPSIMHRYAVVQP,1,HUMAN_BACKGROUND_113164|s04|SGCFYQKKEEDWICCACQKTRTSR,2,0.233011,6.789074,8.108853,5.510168,Frozen score-blind pMHC comparison; technical samples are not biological replicates.
EBV_TCELL_1862913::HUMAN_MYELIN_112037,EBV_TCELL_1862913,HUMAN_MYELIN_112037,HUMAN_BACKGROUND_113164,25,primary_exact_bin_length_pm1,weak,3,WICCACQKT,EBV_TCELL_1862913|15|NILRIYYSPSIMHRYAVVQP,1,HUMAN_BACKGROUND_113164|s04|SGCFYQKKEEDWICCACQKTRTSR,3,0.222147,4.543392,4.73155,4.387059,Frozen score-blind pMHC comparison; technical samples are not biological replicates.
EBV_TCELL_1862913::HUMAN_MYELIN_112037,EBV_TCELL_1862913,HUMAN_MYELIN_112037,HUMAN_BACKGROUND_113164,25,primary_exact_bin_length_pm1,weak,3,WICCACQKT,EBV_TCELL_1862913|15|NILRIYYSPSIMHRYAVVQP,1,HUMAN_BACKGROUND_113164|s04|SGCFYQKKEEDWICCACQKTRTSR,4,0.318346,18.231558,19.864695,16.811204,Frozen score-blind pMHC comparison; technical samples are not biological replicates.
EBV_TCELL_1862913::HUMAN_MYELIN_112037,EBV_TCELL_1862913,HUMAN_MYELIN_112037,HUMAN_BACKGROUND_113164,25,primary_exact_bin_length_pm1,weak,3,WICCACQKT,EBV_TCELL_1862913|15|NILRIYYSPSIMHRYAVVQP,2,HUMAN_BACKGROUND_113164|s04|SGCFYQKKEEDWICCACQKTRTSR,0,0.18344,15.88038,18.002998,13.951677,Frozen score-blind pMHC comparison; technical samples are not biological replicates.
EBV_TCELL_1862913::HUMAN_MYELIN_112037,EBV_TCELL_1862913,HUMAN_MYELIN_112037,HUMAN_BACKGROUND_113164,25,primary_exact_bin_length_pm1,weak,3,WICCACQKT,EBV_TCELL_1862913|15|NILRIYYSPSIMHRYAVVQP,2,HUMAN_BACKGROUND_113164|s04|SGCFYQKKEEDWICCACQKTRTSR,1,0.23625,17.53889,19.457197,15.837828,Frozen score-blind pMHC comparison; technical samples are not biological replicates.
EBV_TCELL_1862913::HUMAN_MYELIN_112037,EBV_TCELL_1862913,HUMAN_MYELIN_112037,HUMAN_BACKGROUND_113164,25,primary_exact_bin_length_pm1,weak,3,WICCACQKT,EBV_TCELL_1862913|15|NILRIYYSPSIMHRYAVVQP,2,HUMAN_BACKGROUND_113164|s04|SGCFYQKKEEDWICCACQKTRTSR,2,0.231465,14.51293,15.522358,13.651752,Frozen score-blind pMHC comparison; technical samples are not biological replicates.
EBV_TCELL_1862913::HUMAN_MYELIN_112037,EBV_TCELL_1862913,HUMAN_MYELIN_112037,HUMAN_BACKGROUND_113164,25,primary_exact_bin_length_pm1,weak,3,WICCACQKT,EBV_TCELL_1862913|15|NILRIYYSPSIMHRYAVVQP,2,HUMAN_BACKGROUND_113164|s04|SGCFYQKKEEDWICCACQKTRTSR,3,0.232843,17.366664,19.372557,15.577069,Frozen score-blind pMHC comparison; technical samples are not biological replicates.
EBV_TCELL_1862913::HUMAN_MYELIN_112037,EBV_TCELL_1862913,HUMAN_MYELIN_112037,HUMAN_BACKGROUND_113164,25,primary_exact_bin_length_pm1,weak,3,WICCACQKT,EBV_TCELL_1862913|15|NILRIYYSPSIMHRYAVVQP,2,HUMAN_BACKGROUND_113164|s04|SGCFYQKKEEDWICCACQKTRTSR,4,0.184367,2.861983,3.657806,2.009991,Frozen score-blind pMHC comparison; technical samples are not biological replicates.
EBV_TCELL_1862913::HUMAN_MYELIN_112037,EBV_TCELL_1862913,HUMAN_MYELIN_112037,HUMAN_BACKGROUND_113164,25,primary_exact_bin_length_pm1,weak,3,WICCACQKT,EBV_TCELL_1862913|15|NILRIYYSPSIMHRYAVVQP,3,HUMAN_BACKGROUND_113164|s04|SGCFYQKKEEDWICCACQKTRTSR,0,0.147753,8.957093,9.509387,8.489428,Frozen score-blind pMHC comparison; technical samples are not biological replicates.
EBV_TCELL_1862913::HUMAN_MYELIN_112037,EBV_TCELL_1862913,HUMAN_MYELIN_112037,HUMAN_BACKGROUND_113164,25,primary_exact_bin_length_pm1,weak,3,WICCACQKT,EBV_TCELL_1862913|15|NILRIYYSPSIMHRYAVVQP,3,HUMAN_BACKGROUND_113164|s04|SGCFYQKKEEDWICCACQKTRTSR,1,0.19501,5.587675,6.291347,4.953277,Frozen score-blind pMHC comparison; technical samples are not biological replicates.
EBV_TCELL_1862913::HUMAN_MYELIN_112037,EBV_TCELL_1862913,HUMAN_MYELIN_112037,HUMAN_BACKGROUND_113164,25,primary_exact_bin_length_pm1,weak,3,WICCACQKT,EBV_TCELL_1862913|15|NILRIYYSPSIMHRYAVVQP,3,HUMAN_BACKGROUND_113164|s04|SGCFYQKKEEDWICCACQKTRTSR,2,0.185184,7.615197,9.204126,6.05074,Frozen score-blind pMHC comparison; technical samples are not biological replicates.
EBV_TCELL_1862913::HUMAN_MYELIN_112037,EBV_TCELL_1862913,HUMAN_MYELIN_112037,HUMAN_BACKGROUND_113164,25,primary_exact_bin_length_pm1,weak,3,WICCACQKT,EBV_TCELL_1862913|15|NILRIYYSPSIMHRYAVVQP,3,HUMAN_BACKGROUND_113164|s04|SGCFYQKKEEDWICCACQKTRTSR,3,0.188935,5.765761,6.42058,5.182676,Frozen score-blind pMHC comparison; technical samples are not biological replicates.
EBV_TCELL_1862913::HUMAN_MYELIN_112037,EBV_TCELL_1862913,HUMAN_MYELIN_112037,HUMAN_BACKGROUND_113164,25,primary_exact_bin_length_pm1,weak,3,WICCACQKT,EBV_TCELL_1862913|15|NILRIYYSPSIMHRYAVVQP,3,HUMAN_BACKGROUND_113164|s04|SGCFYQKKEEDWICCACQKTRTSR,4,0.169036,18.191544,19.667547,16.91828,Frozen score-blind pMHC comparison; technical samples are not biological replicates.
EBV_TCELL_1862913::HUMAN_MYELIN_112037,EBV_TCELL_1862913,HUMAN_MYELIN_112037,HUMAN_BACKGROUND_113164,25,primary_exact_bin_length_pm1,weak,3,WICCACQKT,EBV_TCELL_1862913|15|NILRIYYSPSIMHRYAVVQP,4,HUMAN_BACKGROUND_113164|s04|SGCFYQKKEEDWICCACQKTRTSR,0,0.135703,8.487915,8.611491,8.387743,Frozen score-blind pMHC comparison; technical samples are not biological replicates.
EBV_TCELL_1862913::HUMAN_MYELIN_112037,EBV_TCELL_1862913,HUMAN_MYELIN_112037,HUMAN_BACKGROUND_113164,25,primary_exact_bin_length_pm1,weak,3,WICCACQKT,EBV_TCELL_1862913|15|NILRIYYSPSIMHRYAVVQP,4,HUMAN_BACKGROUND_113164|s04|SGCFYQKKEEDWICCACQKTRTSR,1,0.183641,4.859355,5.34504,4.432656,Frozen score-blind pMHC comparison; technical samples are not biological replicates.
EBV_TCELL_1862913::HUMAN_MYELIN_112037,EBV_TCELL_1862913,HUMAN_MYELIN_112037,HUMAN_BACKGROUND_113164,25,primary_exact_bin_length_pm1,weak,3,WICCACQKT,EBV_TCELL_1862913|15|NILRIYYSPSIMHRYAVVQP,4,HUMAN_BACKGROUND_113164|s04|SGCFYQKKEEDWICCACQKTRTSR,2,0.14798,7.252134,8.650682,5.899217,Frozen score-blind pMHC comparison; technical samples are not biological replicates.
EBV_TCELL_1862913::HUMAN_MYELIN_112037,EBV_TCELL_1862913,HUMAN_MYELIN_112037,HUMAN_BACKGROUND_113164,25,primary_exact_bin_length_pm1,weak,3,WICCACQKT,EBV_TCELL_1862913|15|NILRIYYSPSIMHRYAVVQP,4,HUMAN_BACKGROUND_113164|s04|SGCFYQKKEEDWICCACQKTRTSR,3,0.146932,5.010356,5.346248,4.72448,Frozen score-blind pMHC comparison; technical samples are not biological replicates.
EBV_TCELL_1862913::HUMAN_MYELIN_112037,EBV_TCELL_1862913,HUMAN_MYELIN_112037,HUMAN_BACKGROUND_113164,25,primary_exact_bin_length_pm1,weak,3,WICCACQKT,EBV_TCELL_1862913|15|NILRIYYSPSIMHRYAVVQP,4,HUMAN_BACKGROUND_113164|s04|SGCFYQKKEEDWICCACQKTRTSR,4,0.172514,18.446013,20.039119,17.064779,Frozen score-blind pMHC comparison; technical samples are not biological replicates.
EBV_TCELL_1862913::HUMAN_MYELIN_112037,EBV_TCELL_1862913,HUMAN_MYELIN_112037,HUMAN_BACKGROUND_113164,25,primary_exact_bin_length_pm1,weak,3,WICCACQKT,EBV_TCELL_1862913|2|NILRIYYSPSIMHRYAVVQP,0,HUMAN_BACKGROUND_113164|s04|SGCFYQKKEEDWICCACQKTRTSR,0,0.135651,8.449072,8.306162,8.561683,Frozen score-blind pMHC comparison; technical samples are not biological replicates.
EBV_TCELL_1862913::HUMAN_MYELIN_112037,EBV_TCELL_1862913,HUMAN_MYELIN_112037,HUMAN_BACKGROUND_113164,25,primary_exact_bin_length_pm1,weak,3,WICCACQKT,EBV_TCELL_1862913|2|NILRIYYSPSIMHRYAVVQP,0,HUMAN_BACKGROUND_113164|s04|SGCFYQKKEEDWICCACQKTRTSR,1,0.1619,5.049461,5.332112,4.8114,Frozen score-blind pMHC comparison; technical samples are not biological replicates.
EBV_TCELL_1862913::HUMAN_MYELIN_112037,EBV_TCELL_1862913,HUMAN_MYELIN_112037,HUMAN_BACKGROUND_113164,25,primary_exact_bin_length_pm1,weak,3,WICCACQKT,EBV_TCELL_1862913|2|NILRIYYSPSIMHRYAVVQP,0,HUMAN_BACKGROUND_113164|s04|SGCFYQKKEEDWICCACQKTRTSR,2,0.155218,7.111725,8.321183,5.970281,Frozen score-blind pMHC comparison; technical samples are not biological replicates.
EBV_TCELL_1862913::HUMAN_MYELIN_112037,EBV_TCELL_1862913,HUMAN_MYELIN_112037,HUMAN_BACKGROUND_113164,25,primary_exact_bin_length_pm1,weak,3,WICCACQKT,EBV_TCELL_1862913|2|NILRIYYSPSIMHRYAVVQP,0,HUMAN_BACKGROUND_113164|s04|SGCFYQKKEEDWICCACQKTRTSR,3,0.163593,5.205521,5.278964,5.146012,Frozen score-blind pMHC comparison; technical samples are not biological replicates.
EBV_TCELL_1862913::HUMAN_MYELIN_112037,EBV_TCELL_1862913,HUMAN_MYELIN_112037,HUMAN_BACKGROUND_113164,25,primary_exact_bin_length_pm1,weak,3,WICCACQKT,EBV_TCELL_1862913|2|NILRIYYSPSIMHRYAVVQP,0,HUMAN_BACKGROUND_113164|s04|SGCFYQKKEEDWICCACQKTRTSR,4,0.156097,18.205965,19.747285,16.87183,Frozen score-blind pMHC comparison; technical samples are not biological replicates.
EBV_TCELL_1862913::HUMAN_MYELIN_112037,EBV_TCELL_1862913,HUMAN_MYELIN_112037,HUMAN_BACKGROUND_113164,25,primary_exact_bin_length_pm1,weak,3,WICCACQKT,EBV_TCELL_1862913|2|NILRIYYSPSIMHRYAVVQP,1,HUMAN_BACKGROUND_113164|s04|SGCFYQKKEEDWICCACQKTRTSR,0,0.145609,15.838498,15.714976,15.936627,Frozen score-blind pMHC comparison; technical samples are not biological replicates.
EBV_TCELL_1862913::HUMAN_MYELIN_112037,EBV_TCELL_1862913,HUMAN_MYELIN_112037,HUMAN_BACKGROUND_113164,25,primary_exact_bin_length_pm1,weak,3,WICCACQKT,EBV_TCELL_1862913|2|NILRIYYSPSIMHRYAVVQP,1,HUMAN_BACKGROUND_113164|s04|SGCFYQKKEEDWICCACQKTRTSR,1,0.198725,11.4958,11.431821,11.546727,Frozen score-blind pMHC comparison; technical samples are not biological replicates.
EBV_TCELL_1862913::HUMAN_MYELIN_112037,EBV_TCELL_1862913,HUMAN_MYELIN_112037,HUMAN_BACKGROUND_113164,25,primary_exact_bin_length_pm1,weak,3,WICCACQKT,EBV_TCELL_1862913|2|NILRIYYSPSIMHRYAVVQP,1,HUMAN_BACKGROUND_113164|s04|SGCFYQKKEEDWICCACQKTRTSR,2,0.144823,13.388049,14.237566,12.667483,Frozen score-blind pMHC comparison; technical samples are not biological replicates.
EBV_TCELL_1862913::HUMAN_MYELIN_112037,EBV_TCELL_1862913,HUMAN_MYELIN_112037,HUMAN_BACKGROUND_113164,25,primary_exact_bin_length_pm1,weak,3,WICCACQKT,EBV_TCELL_1862913|2|NILRIYYSPSIMHRYAVVQP,1,HUMAN_BACKGROUND_113164|s04|SGCFYQKKEEDWICCACQKTRTSR,3,0.165821,11.626079,11.544272,11.691112,Frozen score-blind pMHC comparison; technical samples are not biological replicates.
EBV_TCELL_1862913::HUMAN_MYELIN_112037,EBV_TCELL_1862913,HUMAN_MYELIN_112037,HUMAN_BACKGROUND_113164,25,primary_exact_bin_length_pm1,weak,3,WICCACQKT,EBV_TCELL_1862913|2|NILRIYYSPSIMHRYAVVQP,1,HUMAN_BACKGROUND_113164|s04|SGCFYQKKEEDWICCACQKTRTSR,4,0.150011,23.936578,25.23765,22.842425,Frozen score-blind pMHC comparison; technical samples are not biological replicates.
EBV_TCELL_1862913::HUMAN_MYELIN_112037,EBV_TCELL_1862913,HUMAN_MYELIN_112037,HUMAN_BACKGROUND_113164,25,primary_exact_bin_length_pm1,weak,3,WICCACQKT,EBV_TCELL_1862913|2|NILRIYYSPSIMHRYAVVQP,2,HUMAN_BACKGROUND_113164|s04|SGCFYQKKEEDWICCACQKTRTSR,0,0.189614,8.768474,8.824913,8.723059,Frozen score-blind pMHC comparison; technical samples are not biological replicates.
EBV_TCELL_1862913::HUMAN_MYELIN_112037,EBV_TCELL_1862913,HUMAN_MYELIN_112037,HUMAN_BACKGROUND_113164,25,primary_exact_bin_length_pm1,weak,3,WICCACQKT,EBV_TCELL_1862913|2|NILRIYYSPSIMHRYAVVQP,2,HUMAN_BACKGROUND_113164|s04|SGCFYQKKEEDWICCACQKTRTSR,1,0.238168,5.149696,5.482963,4.866679,Frozen score-blind pMHC comparison; technical samples are not biological replicates.
EBV_TCELL_1862913::HUMAN_MYELIN_112037,EBV_TCELL_1862913,HUMAN_MYELIN_112037,HUMAN_BACKGROUND_113164,25,primary_exact_bin_length_pm1,weak,3,WICCACQKT,EBV_TCELL_1862913|2|NILRIYYSPSIMHRYAVVQP,2,HUMAN_BACKGROUND_113164|s04|SGCFYQKKEEDWICCACQKTRTSR,2,0.201216,7.265401,8.535158,6.061004,Frozen score-blind pMHC comparison; technical samples are not biological replicates.
EBV_TCELL_1862913::HUMAN_MYELIN_112037,EBV_TCELL_1862913,HUMAN_MYELIN_112037,HUMAN_BACKGROUND_113164,25,primary_exact_bin_length_pm1,weak,3,WICCACQKT,EBV_TCELL_1862913|2|NILRIYYSPSIMHRYAVVQP,2,HUMAN_BACKGROUND_113164|s04|SGCFYQKKEEDWICCACQKTRTSR,3,0.20826,5.292317,5.423172,5.185256,Frozen score-blind pMHC comparison; technical samples are not biological replicates.
EBV_TCELL_1862913::HUMAN_MYELIN_112037,EBV_TCELL_1862913,HUMAN_MYELIN_112037,HUMAN_BACKGROUND_113164,25,primary_exact_bin_length_pm1,weak,3,WICCACQKT,EBV_TCELL_1862913|2|NILRIYYSPSIMHRYAVVQP,2,HUMAN_BACKGROUND_113164|s04|SGCFYQKKEEDWICCACQKTRTSR,4,0.166918,18.270642,19.799068,16.948951,Frozen score-blind pMHC comparison; technical samples are not biological replicates.
EBV_TCELL_1862913::HUMAN_MYELIN_112037,EBV_TCELL_1862913,HUMAN_MYELIN_112037,HUMAN_BACKGROUND_113164,25,primary_exact_bin_length_pm1,weak,3,WICCACQKT,EBV_TCELL_1862913|2|NILRIYYSPSIMHRYAVVQP,3,HUMAN_BACKGROUND_113164|s04|SGCFYQKKEEDWICCACQKTRTSR,0,0.207091,8.186053,8.031691,8.307478,Frozen score-blind pMHC comparison; technical samples are not biological replicates.
EBV_TCELL_1862913::HUMAN_MYELIN_112037,EBV_TCELL_1862913,HUMAN_MYELIN_112037,HUMAN_BACKGROUND_113164,25,primary_exact_bin_length_pm1,weak,3,WICCACQKT,EBV_TCELL_1862913|2|NILRIYYSPSIMHRYAVVQP,3,HUMAN_BACKGROUND_113164|s04|SGCFYQKKEEDWICCACQKTRTSR,1,0.263099,4.617441,4.637535,4.601302,Frozen score-blind pMHC comparison; technical samples are not biological replicates.
EBV_TCELL_1862913::HUMAN_MYELIN_112037,EBV_TCELL_1862913,HUMAN_MYELIN_112037,HUMAN_BACKGROUND_113164,25,primary_exact_bin_length_pm1,weak,3,WICCACQKT,EBV_TCELL_1862913|2|NILRIYYSPSIMHRYAVVQP,3,HUMAN_BACKGROUND_113164|s04|SGCFYQKKEEDWICCACQKTRTSR,2,0.223004,6.688924,7.534766,5.925952,Frozen score-blind pMHC comparison; technical samples are not biological replicates.
EBV_TCELL_1862913::HUMAN_MYELIN_112037,EBV_TCELL_1862913,HUMAN_MYELIN_112037,HUMAN_BACKGROUND_113164,25,primary_exact_bin_length_pm1,weak,3,WICCACQKT,EBV_TCELL_1862913|2|NILRIYYSPSIMHRYAVVQP,3,HUMAN_BACKGROUND_113164|s04|SGCFYQKKEEDWICCACQKTRTSR,3,0.234303,4.685946,4.435727,4.876886,Frozen score-blind pMHC comparison; technical samples are not biological replicates.
EBV_TCELL_1862913::HUMAN_MYELIN_112037,EBV_TCELL_1862913,HUMAN_MYELIN_112037,HUMAN_BACKGROUND_113164,25,primary_exact_bin_length_pm1,weak,3,WICCACQKT,EBV_TCELL_1862913|2|NILRIYYSPSIMHRYAVVQP,3,HUMAN_BACKGROUND_113164|s04|SGCFYQKKEEDWICCACQKTRTSR,4,0.19356,18.147784,19.594663,16.901333,Frozen score-blind pMHC comparison; technical samples are not biological replicates.
EBV_TCELL_1862913::HUMAN_MYELIN_112037,EBV_TCELL_1862913,HUMAN_MYELIN_112037,HUMAN_BACKGROUND_113164,25,primary_exact_bin_length_pm1,weak,3,WICCACQKT,EBV_TCELL_1862913|2|NILRIYYSPSIMHRYAVVQP,4,HUMAN_BACKGROUND_113164|s04|SGCFYQKKEEDWICCACQKTRTSR,0,0.207921,8.251337,8.453559,8.085919,Frozen score-blind pMHC comparison; technical samples are not biological replicates.
EBV_TCELL_1862913::HUMAN_MYELIN_112037,EBV_TCELL_1862913,HUMAN_MYELIN_112037,HUMAN_BACKGROUND_113164,25,primary_exact_bin_length_pm1,weak,3,WICCACQKT,EBV_TCELL_1862913|2|NILRIYYSPSIMHRYAVVQP,4,HUMAN_BACKGROUND_113164|s04|SGCFYQKKEEDWICCACQKTRTSR,1,0.248918,4.713937,5.085513,4.394112,Frozen score-blind pMHC comparison; technical samples are not biological replicates.
EBV_TCELL_1862913::HUMAN_MYELIN_112037,EBV_TCELL_1862913,HUMAN_MYELIN_112037,HUMAN_BACKGROUND_113164,25,primary_exact_bin_length_pm1,weak,3,WICCACQKT,EBV_TCELL_1862913|2|NILRIYYSPSIMHRYAVVQP,4,HUMAN_BACKGROUND_113164|s04|SGCFYQKKEEDWICCACQKTRTSR,2,0.234795,6.883263,8.197846,5.614179,Frozen score-blind pMHC comparison; technical samples are not biological replicates.
EBV_TCELL_1862913::HUMAN_MYELIN_112037,EBV_TCELL_1862913,HUMAN_MYELIN_112037,HUMAN_BACKGROUND_113164,25,primary_exact_bin_length_pm1,weak,3,WICCACQKT,EBV_TCELL_1862913|2|NILRIYYSPSIMHRYAVVQP,4,HUMAN_BACKGROUND_113164|s04|SGCFYQKKEEDWICCACQKTRTSR,3,0.242773,4.730547,4.929903,4.564799,Frozen score-blind pMHC comparison; technical samples are not biological replicates.
EBV_TCELL_1862913::HUMAN_MYELIN_112037,EBV_TCELL_1862913,HUMAN_MYELIN_112037,HUMAN_BACKGROUND_113164,25,primary_exact_bin_length_pm1,weak,3,WICCACQKT,EBV_TCELL_1862913|2|NILRIYYSPSIMHRYAVVQP,4,HUMAN_BACKGROUND_113164|s04|SGCFYQKKEEDWICCACQKTRTSR,4,0.201914,18.303936,19.99141,16.832591,Frozen score-blind pMHC comparison; technical samples are not biological replicates.
EBV_TCELL_119155::HUMAN_MYELIN_117032,EBV_TCELL_119155,HUMAN_MYELIN_117032,HUMAN_BACKGROUND_141561,32,length_sensitivity_exact_bin_pm7,weak,1,LRGYHQYAY,EBV_TCELL_119155|1773241610|FIEFVGWLCKKDHTHIREWF,0,HUMAN_BACKGROUND_141561|s04|SHTVQRMYGCDVGSDWRFLRGYHQYAYDG,0,0.242114,18.766051,18.894342,18.662784,Frozen score-blind pMHC comparison; technical samples are not biological replicates.
EBV_TCELL_119155::HUMAN_MYELIN_117032,EBV_TCELL_119155,HUMAN_MYELIN_117032,HUMAN_BACKGROUND_141561,32,length_sensitivity_exact_bin_pm7,weak,1,LRGYHQYAY,EBV_TCELL_119155|1773241610|FIEFVGWLCKKDHTHIREWF,0,HUMAN_BACKGROUND_141561|s04|SHTVQRMYGCDVGSDWRFLRGYHQYAYDG,1,0.255283,18.7361,18.842231,18.65076,Frozen score-blind pMHC comparison; technical samples are not biological replicates.
EBV_TCELL_119155::HUMAN_MYELIN_117032,EBV_TCELL_119155,HUMAN_MYELIN_117032,HUMAN_BACKGROUND_141561,32,length_sensitivity_exact_bin_pm7,weak,1,LRGYHQYAY,EBV_TCELL_119155|1773241610|FIEFVGWLCKKDHTHIREWF,0,HUMAN_BACKGROUND_141561|s04|SHTVQRMYGCDVGSDWRFLRGYHQYAYDG,2,0.176898,11.51696,11.244961,11.730018,Frozen score-blind pMHC comparison; technical samples are not biological replicates.
EBV_TCELL_119155::HUMAN_MYELIN_117032,EBV_TCELL_119155,HUMAN_MYELIN_117032,HUMAN_BACKGROUND_141561,32,length_sensitivity_exact_bin_pm7,weak,1,LRGYHQYAY,EBV_TCELL_119155|1773241610|FIEFVGWLCKKDHTHIREWF,0,HUMAN_BACKGROUND_141561|s04|SHTVQRMYGCDVGSDWRFLRGYHQYAYDG,3,0.20644,16.666455,18.537865,15.002178,Frozen score-blind pMHC comparison; technical samples are not biological replicates.
EBV_TCELL_119155::HUMAN_MYELIN_117032,EBV_TCELL_119155,HUMAN_MYELIN_117032,HUMAN_BACKGROUND_141561,32,length_sensitivity_exact_bin_pm7,weak,1,LRGYHQYAY,EBV_TCELL_119155|1773241610|FIEFVGWLCKKDHTHIREWF,0,HUMAN_BACKGROUND_141561|s04|SHTVQRMYGCDVGSDWRFLRGYHQYAYDG,4,0.194407,37.58902,37.545297,37.623961,Frozen score-blind pMHC comparison; technical samples are not biological replicates.
EBV_TCELL_119155::HUMAN_MYELIN_117032,EBV_TCELL_119155,HUMAN_MYELIN_117032,HUMAN_BACKGROUND_141561,32,length_sensitivity_exact_bin_pm7,weak,1,LRGYHQYAY,EBV_TCELL_119155|1773241610|FIEFVGWLCKKDHTHIREWF,1,HUMAN_BACKGROUND_141561|s04|SHTVQRMYGCDVGSDWRFLRGYHQYAYDG,0,0.27355,19.414628,19.512878,19.335669,Frozen score-blind pMHC comparison; technical samples are not biological replicates.
EBV_TCELL_119155::HUMAN_MYELIN_117032,EBV_TCELL_119155,HUMAN_MYELIN_117032,HUMAN_BACKGROUND_141561,32,length_sensitivity_exact_bin_pm7,weak,1,LRGYHQYAY,EBV_TCELL_119155|1773241610|FIEFVGWLCKKDHTHIREWF,1,HUMAN_BACKGROUND_141561|s04|SHTVQRMYGCDVGSDWRFLRGYHQYAYDG,1,0.285209,19.39725,19.485074,19.326702,Frozen score-blind pMHC comparison; technical samples are not biological replicates.
EBV_TCELL_119155::HUMAN_MYELIN_117032,EBV_TCELL_119155,HUMAN_MYELIN_117032,HUMAN_BACKGROUND_141561,32,length_sensitivity_exact_bin_pm7,weak,1,LRGYHQYAY,EBV_TCELL_119155|1773241610|FIEFVGWLCKKDHTHIREWF,1,HUMAN_BACKGROUND_141561|s04|SHTVQRMYGCDVGSDWRFLRGYHQYAYDG,2,0.179591,12.206301,11.920629,12.430112,Frozen score-blind pMHC comparison; technical samples are not biological replicates.
EBV_TCELL_119155::HUMAN_MYELIN_117032,EBV_TCELL_119155,HUMAN_MYELIN_117032,HUMAN_BACKGROUND_141561,32,length_sensitivity_exact_bin_pm7,weak,1,LRGYHQYAY,EBV_TCELL_119155|1773241610|FIEFVGWLCKKDHTHIREWF,1,HUMAN_BACKGROUND_141561|s04|SHTVQRMYGCDVGSDWRFLRGYHQYAYDG,3,0.235911,16.580849,18.455909,14.912,Frozen score-blind pMHC comparison; technical samples are not biological replicates.
EBV_TCELL_119155::HUMAN_MYELIN_117032,EBV_TCELL_119155,HUMAN_MYELIN_117032,HUMAN_BACKGROUND_141561,32,length_sensitivity_exact_bin_pm7,weak,1,LRGYHQYAY,EBV_TCELL_119155|1773241610|FIEFVGWLCKKDHTHIREWF,1,HUMAN_BACKGROUND_141561|s04|SHTVQRMYGCDVGSDWRFLRGYHQYAYDG,4,0.220509,38.203227,38.174201,38.226432,Frozen score-blind pMHC comparison; technical samples are not biological replicates.
EBV_TCELL_119155::HUMAN_MYELIN_117032,EBV_TCELL_119155,HUMAN_MYELIN_117032,HUMAN_BACKGROUND_141561,32,length_sensitivity_exact_bin_pm7,weak,1,LRGYHQYAY,EBV_TCELL_119155|1773241610|FIEFVGWLCKKDHTHIREWF,2,HUMAN_BACKGROUND_141561|s04|SHTVQRMYGCDVGSDWRFLRGYHQYAYDG,0,0.214977,19.258169,19.305465,19.220248,Frozen score-blind pMHC comparison; technical samples are not biological replicates.
EBV_TCELL_119155::HUMAN_MYELIN_117032,EBV_TCELL_119155,HUMAN_MYELIN_117032,HUMAN_BACKGROUND_141561,32,length_sensitivity_exact_bin_pm7,weak,1,LRGYHQYAY,EBV_TCELL_119155|1773241610|FIEFVGWLCKKDHTHIREWF,2,HUMAN_BACKGROUND_141561|s04|SHTVQRMYGCDVGSDWRFLRGYHQYAYDG,1,0.216465,19.236661,19.267659,19.211827,Frozen score-blind pMHC comparison; technical samples are not biological replicates.
EBV_TCELL_119155::HUMAN_MYELIN_117032,EBV_TCELL_119155,HUMAN_MYELIN_117032,HUMAN_BACKGROUND_141561,32,length_sensitivity_exact_bin_pm7,weak,1,LRGYHQYAY,EBV_TCELL_119155|1773241610|FIEFVGWLCKKDHTHIREWF,2,HUMAN_BACKGROUND_141561|s04|SHTVQRMYGCDVGSDWRFLRGYHQYAYDG,2,0.161602,12.016263,11.696918,12.265753,Frozen score-blind pMHC comparison; technical samples are not biological replicates.
EBV_TCELL_119155::HUMAN_MYELIN_117032,EBV_TCELL_119155,HUMAN_MYELIN_117032,HUMAN_BACKGROUND_141561,32,length_sensitivity_exact_bin_pm7,weak,1,LRGYHQYAY,EBV_TCELL_119155|1773241610|FIEFVGWLCKKDHTHIREWF,2,HUMAN_BACKGROUND_141561|s04|SHTVQRMYGCDVGSDWRFLRGYHQYAYDG,3,0.197513,16.285038,18.080853,14.691175,Frozen score-blind pMHC comparison; technical samples are not biological replicates.
EBV_TCELL_119155::HUMAN_MYELIN_117032,EBV_TCELL_119155,HUMAN_MYELIN_117032,HUMAN_BACKGROUND_141561,32,length_sensitivity_exact_bin_pm7,weak,1,LRGYHQYAY,EBV_TCELL_119155|1773241610|FIEFVGWLCKKDHTHIREWF,2,HUMAN_BACKGROUND_141561|s04|SHTVQRMYGCDVGSDWRFLRGYHQYAYDG,4,0.174254,38.013213,37.895019,38.107504,Frozen score-blind pMHC comparison; technical samples are not biological replicates.
EBV_TCELL_119155::HUMAN_MYELIN_117032,EBV_TCELL_119155,HUMAN_MYELIN_117032,HUMAN_BACKGROUND_141561,32,length_sensitivity_exact_bin_pm7,weak,1,LRGYHQYAY,EBV_TCELL_119155|1773241610|FIEFVGWLCKKDHTHIREWF,3,HUMAN_BACKGROUND_141561|s04|SHTVQRMYGCDVGSDWRFLRGYHQYAYDG,0,0.330242,10.288267,10.452129,10.155274,Frozen score-blind pMHC comparison; technical samples are not biological replicates.
EBV_TCELL_119155::HUMAN_MYELIN_117032,EBV_TCELL_119155,HUMAN_MYELIN_117032,HUMAN_BACKGROUND_141561,32,length_sensitivity_exact_bin_pm7,weak,1,LRGYHQYAY,EBV_TCELL_119155|1773241610|FIEFVGWLCKKDHTHIREWF,3,HUMAN_BACKGROUND_141561|s04|SHTVQRMYGCDVGSDWRFLRGYHQYAYDG,1,0.3422,10.226843,10.418214,10.071128,Frozen score-blind pMHC comparison; technical samples are not biological replicates.
EBV_TCELL_119155::HUMAN_MYELIN_117032,EBV_TCELL_119155,HUMAN_MYELIN_117032,HUMAN_BACKGROUND_141561,32,length_sensitivity_exact_bin_pm7,weak,1,LRGYHQYAY,EBV_TCELL_119155|1773241610|FIEFVGWLCKKDHTHIREWF,3,HUMAN_BACKGROUND_141561|s04|SHTVQRMYGCDVGSDWRFLRGYHQYAYDG,2,0.275633,3.893622,3.530094,4.161643,Frozen score-blind pMHC comparison; technical samples are not biological replicates.
EBV_TCELL_119155::HUMAN_MYELIN_117032,EBV_TCELL_119155,HUMAN_MYELIN_117032,HUMAN_BACKGROUND_141561,32,length_sensitivity_exact_bin_pm7,weak,1,LRGYHQYAY,EBV_TCELL_119155|1773241610|FIEFVGWLCKKDHTHIREWF,3,HUMAN_BACKGROUND_141561|s04|SHTVQRMYGCDVGSDWRFLRGYHQYAYDG,3,0.309771,16.932214,18.395869,15.663122,Frozen score-blind pMHC comparison; technical samples are not biological replicates.
EBV_TCELL_119155::HUMAN_MYELIN_117032,EBV_TCELL_119155,HUMAN_MYELIN_117032,HUMAN_BACKGROUND_141561,32,length_sensitivity_exact_bin_pm7,weak,1,LRGYHQYAY,EBV_TCELL_119155|1773241610|FIEFVGWLCKKDHTHIREWF,3,HUMAN_BACKGROUND_141561|s04|SHTVQRMYGCDVGSDWRFLRGYHQYAYDG,4,0.281869,29.021944,29.063258,28.98885,Frozen score-blind pMHC comparison; technical samples are not biological replicates.
EBV_TCELL_119155::HUMAN_MYELIN_117032,EBV_TCELL_119155,HUMAN_MYELIN_117032,HUMAN_BACKGROUND_141561,32,length_sensitivity_exact_bin_pm7,weak,1,LRGYHQYAY,EBV_TCELL_119155|1773241610|FIEFVGWLCKKDHTHIREWF,4,HUMAN_BACKGROUND_141561|s04|SHTVQRMYGCDVGSDWRFLRGYHQYAYDG,0,0.24997,9.183372,9.3216,9.071272,Frozen score-blind pMHC comparison; technical samples are not biological replicates.
EBV_TCELL_119155::HUMAN_MYELIN_117032,EBV_TCELL_119155,HUMAN_MYELIN_117032,HUMAN_BACKGROUND_141561,32,length_sensitivity_exact_bin_pm7,weak,1,LRGYHQYAY,EBV_TCELL_119155|1773241610|FIEFVGWLCKKDHTHIREWF,4,HUMAN_BACKGROUND_141561|s04|SHTVQRMYGCDVGSDWRFLRGYHQYAYDG,1,0.241082,9.125391,9.238021,9.034277,Frozen score-blind pMHC comparison; technical samples are not biological replicates.
EBV_TCELL_119155::HUMAN_MYELIN_117032,EBV_TCELL_119155,HUMAN_MYELIN_117032,HUMAN_BACKGROUND_141561,32,length_sensitivity_exact_bin_pm7,weak,1,LRGYHQYAY,EBV_TCELL_119155|1773241610|FIEFVGWLCKKDHTHIREWF,4,HUMAN_BACKGROUND_141561|s04|SHTVQRMYGCDVGSDWRFLRGYHQYAYDG,2,0.170839,2.714727,2.672092,2.748359,Frozen score-blind pMHC comparison; technical samples are not biological replicates.
EBV_TCELL_119155::HUMAN_MYELIN_117032,EBV_TCELL_119155,HUMAN_MYELIN_117032,HUMAN_BACKGROUND_141561,32,length_sensitivity_exact_bin_pm7,weak,1,LRGYHQYAY,EBV_TCELL_119155|1773241610|FIEFVGWLCKKDHTHIREWF,4,HUMAN_BACKGROUND_141561|s04|SHTVQRMYGCDVGSDWRFLRGYHQYAYDG,3,0.193277,18.039621,20.08438,16.219261,Frozen score-blind pMHC comparison; technical samples are not biological replicates.
EBV_TCELL_119155::HUMAN_MYELIN_117032,EBV_TCELL_119155,HUMAN_MYELIN_117032,HUMAN_BACKGROUND_141561,32,length_sensitivity_exact_bin_pm7,weak,1,LRGYHQYAY,EBV_TCELL_119155|1773241610|FIEFVGWLCKKDHTHIREWF,4,HUMAN_BACKGROUND_141561|s04|SHTVQRMYGCDVGSDWRFLRGYHQYAYDG,4,0.183287,28.251366,28.284517,28.224818,Frozen score-blind pMHC comparison; technical samples are not biological replicates.
EBV_TCELL_149795::HUMAN_MYELIN_117032,EBV_TCELL_149795,HUMAN_MYELIN_117032,HUMAN_BACKGROUND_141561,32,length_sensitivity_exact_bin_pm7,weak,1,LRGYHQYAY,EBV_TCELL_149795|3|LDLDFGQLTPHTKAVYQPRG,0,HUMAN_BACKGROUND_141561|s04|SHTVQRMYGCDVGSDWRFLRGYHQYAYDG,0,0.236427,1.007325,0.944236,1.055084,Frozen score-blind pMHC comparison; technical samples are not biological replicates.
EBV_TCELL_149795::HUMAN_MYELIN_117032,EBV_TCELL_149795,HUMAN_MYELIN_117032,HUMAN_BACKGROUND_141561,32,length_sensitivity_exact_bin_pm7,weak,1,LRGYHQYAY,EBV_TCELL_149795|3|LDLDFGQLTPHTKAVYQPRG,0,HUMAN_BACKGROUND_141561|s04|SHTVQRMYGCDVGSDWRFLRGYHQYAYDG,1,0.246702,1.075092,0.930022,1.178358,Frozen score-blind pMHC comparison; technical samples are not biological replicates.
EBV_TCELL_149795::HUMAN_MYELIN_117032,EBV_TCELL_149795,HUMAN_MYELIN_117032,HUMAN_BACKGROUND_141561,32,length_sensitivity_exact_bin_pm7,weak,1,LRGYHQYAY,EBV_TCELL_149795|3|LDLDFGQLTPHTKAVYQPRG,0,HUMAN_BACKGROUND_141561|s04|SHTVQRMYGCDVGSDWRFLRGYHQYAYDG,2,0.158951,8.260418,8.729101,7.865389,Frozen score-blind pMHC comparison; technical samples are not biological replicates.
EBV_TCELL_149795::HUMAN_MYELIN_117032,EBV_TCELL_149795,HUMAN_MYELIN_117032,HUMAN_BACKGROUND_141561,32,length_sensitivity_exact_bin_pm7,weak,1,LRGYHQYAY,EBV_TCELL_149795|3|LDLDFGQLTPHTKAVYQPRG,0,HUMAN_BACKGROUND_141561|s04|SHTVQRMYGCDVGSDWRFLRGYHQYAYDG,3,0.200459,23.031612,24.623017,21.674521,Frozen score-blind pMHC comparison; technical samples are not biological replicates.
EBV_TCELL_149795::HUMAN_MYELIN_117032,EBV_TCELL_149795,HUMAN_MYELIN_117032,HUMAN_BACKGROUND_141561,32,length_sensitivity_exact_bin_pm7,weak,1,LRGYHQYAY,EBV_TCELL_149795|3|LDLDFGQLTPHTKAVYQPRG,0,HUMAN_BACKGROUND_141561|s04|SHTVQRMYGCDVGSDWRFLRGYHQYAYDG,4,0.20833,18.836956,18.722496,18.928026,Frozen score-blind pMHC comparison; technical samples are not biological replicates.
EBV_TCELL_149795::HUMAN_MYELIN_117032,EBV_TCELL_149795,HUMAN_MYELIN_117032,HUMAN_BACKGROUND_141561,32,length_sensitivity_exact_bin_pm7,weak,1,LRGYHQYAY,EBV_TCELL_149795|3|LDLDFGQLTPHTKAVYQPRG,1,HUMAN_BACKGROUND_141561|s04|SHTVQRMYGCDVGSDWRFLRGYHQYAYDG,0,0.22062,1.125213,1.276319,0.987823,Frozen score-blind pMHC comparison; technical samples are not biological replicates.
EBV_TCELL_149795::HUMAN_MYELIN_117032,EBV_TCELL_149795,HUMAN_MYELIN_117032,HUMAN_BACKGROUND_141561,32,length_sensitivity_exact_bin_pm7,weak,1,LRGYHQYAY,EBV_TCELL_149795|3|LDLDFGQLTPHTKAVYQPRG,1,HUMAN_BACKGROUND_141561|s04|SHTVQRMYGCDVGSDWRFLRGYHQYAYDG,1,0.243385,1.500452,1.795862,1.213401,Frozen score-blind pMHC comparison; technical samples are not biological replicates.
EBV_TCELL_149795::HUMAN_MYELIN_117032,EBV_TCELL_149795,HUMAN_MYELIN_117032,HUMAN_BACKGROUND_141561,32,length_sensitivity_exact_bin_pm7,weak,1,LRGYHQYAY,EBV_TCELL_149795|3|LDLDFGQLTPHTKAVYQPRG,1,HUMAN_BACKGROUND_141561|s04|SHTVQRMYGCDVGSDWRFLRGYHQYAYDG,2,0.215879,8.305272,8.735944,7.943942,Frozen score-blind pMHC comparison; technical samples are not biological replicates.
EBV_TCELL_149795::HUMAN_MYELIN_117032,EBV_TCELL_149795,HUMAN_MYELIN_117032,HUMAN_BACKGROUND_141561,32,length_sensitivity_exact_bin_pm7,weak,1,LRGYHQYAY,EBV_TCELL_149795|3|LDLDFGQLTPHTKAVYQPRG,1,HUMAN_BACKGROUND_141561|s04|SHTVQRMYGCDVGSDWRFLRGYHQYAYDG,3,0.217138,23.001879,24.467999,21.757968,Frozen score-blind pMHC comparison; technical samples are not biological replicates.
EBV_TCELL_149795::HUMAN_MYELIN_117032,EBV_TCELL_149795,HUMAN_MYELIN_117032,HUMAN_BACKGROUND_141561,32,length_sensitivity_exact_bin_pm7,weak,1,LRGYHQYAY,EBV_TCELL_149795|3|LDLDFGQLTPHTKAVYQPRG,1,HUMAN_BACKGROUND_141561|s04|SHTVQRMYGCDVGSDWRFLRGYHQYAYDG,4,0.190188,18.813559,18.810554,18.815963,Frozen score-blind pMHC comparison; technical samples are not biological replicates.
EBV_TCELL_149795::HUMAN_MYELIN_117032,EBV_TCELL_149795,HUMAN_MYELIN_117032,HUMAN_BACKGROUND_141561,32,length_sensitivity_exact_bin_pm7,weak,1,LRGYHQYAY,EBV_TCELL_149795|3|LDLDFGQLTPHTKAVYQPRG,2,HUMAN_BACKGROUND_141561|s04|SHTVQRMYGCDVGSDWRFLRGYHQYAYDG,0,0.186451,20.214866,21.808627,18.843049,Frozen score-blind pMHC comparison; technical samples are not biological replicates.
EBV_TCELL_149795::HUMAN_MYELIN_117032,EBV_TCELL_149795,HUMAN_MYELIN_117032,HUMAN_BACKGROUND_141561,32,length_sensitivity_exact_bin_pm7,weak,1,LRGYHQYAY,EBV_TCELL_149795|3|LDLDFGQLTPHTKAVYQPRG,2,HUMAN_BACKGROUND_141561|s04|SHTVQRMYGCDVGSDWRFLRGYHQYAYDG,1,0.212026,20.116687,21.721562,18.734059,Frozen score-blind pMHC comparison; technical samples are not biological replicates.
EBV_TCELL_149795::HUMAN_MYELIN_117032,EBV_TCELL_149795,HUMAN_MYELIN_117032,HUMAN_BACKGROUND_141561,32,length_sensitivity_exact_bin_pm7,weak,1,LRGYHQYAY,EBV_TCELL_149795|3|LDLDFGQLTPHTKAVYQPRG,2,HUMAN_BACKGROUND_141561|s04|SHTVQRMYGCDVGSDWRFLRGYHQYAYDG,2,0.177408,15.790726,17.577926,14.199926,Frozen score-blind pMHC comparison; technical samples are not biological replicates.
EBV_TCELL_149795::HUMAN_MYELIN_117032,EBV_TCELL_149795,HUMAN_MYELIN_117032,HUMAN_BACKGROUND_141561,32,length_sensitivity_exact_bin_pm7,weak,1,LRGYHQYAY,EBV_TCELL_149795|3|LDLDFGQLTPHTKAVYQPRG,2,HUMAN_BACKGROUND_141561|s04|SHTVQRMYGCDVGSDWRFLRGYHQYAYDG,3,0.179908,8.564583,8.463937,8.644255,Frozen score-blind pMHC comparison; technical samples are not biological replicates.
EBV_TCELL_149795::HUMAN_MYELIN_117032,EBV_TCELL_149795,HUMAN_MYELIN_117032,HUMAN_BACKGROUND_141561,32,length_sensitivity_exact_bin_pm7,weak,1,LRGYHQYAY,EBV_TCELL_149795|3|LDLDFGQLTPHTKAVYQPRG,2,HUMAN_BACKGROUND_141561|s04|SHTVQRMYGCDVGSDWRFLRGYHQYAYDG,4,0.181831,33.729252,34.289545,33.274225,Frozen score-blind pMHC comparison; technical samples are not biological replicates.
EBV_TCELL_149795::HUMAN_MYELIN_117032,EBV_TCELL_149795,HUMAN_MYELIN_117032,HUMAN_BACKGROUND_141561,32,length_sensitivity_exact_bin_pm7,weak,1,LRGYHQYAY,EBV_TCELL_149795|3|LDLDFGQLTPHTKAVYQPRG,3,HUMAN_BACKGROUND_141561|s04|SHTVQRMYGCDVGSDWRFLRGYHQYAYDG,0,0.172759,22.312076,23.956301,20.903785,Frozen score-blind pMHC comparison; technical samples are not biological replicates.
EBV_TCELL_149795::HUMAN_MYELIN_117032,EBV_TCELL_149795,HUMAN_MYELIN_117032,HUMAN_BACKGROUND_141561,32,length_sensitivity_exact_bin_pm7,weak,1,LRGYHQYAY,EBV_TCELL_149795|3|LDLDFGQLTPHTKAVYQPRG,3,HUMAN_BACKGROUND_141561|s04|SHTVQRMYGCDVGSDWRFLRGYHQYAYDG,1,0.193805,22.213751,23.850233,20.812121,Frozen score-blind pMHC comparison; technical samples are not biological replicates.
EBV_TCELL_149795::HUMAN_MYELIN_117032,EBV_TCELL_149795,HUMAN_MYELIN_117032,HUMAN_BACKGROUND_141561,32,length_sensitivity_exact_bin_pm7,weak,1,LRGYHQYAY,EBV_TCELL_149795|3|LDLDFGQLTPHTKAVYQPRG,3,HUMAN_BACKGROUND_141561|s04|SHTVQRMYGCDVGSDWRFLRGYHQYAYDG,2,0.146236,17.124429,18.892796,15.565754,Frozen score-blind pMHC comparison; technical samples are not biological replicates.
EBV_TCELL_149795::HUMAN_MYELIN_117032,EBV_TCELL_149795,HUMAN_MYELIN_117032,HUMAN_BACKGROUND_141561,32,length_sensitivity_exact_bin_pm7,weak,1,LRGYHQYAY,EBV_TCELL_149795|3|LDLDFGQLTPHTKAVYQPRG,3,HUMAN_BACKGROUND_141561|s04|SHTVQRMYGCDVGSDWRFLRGYHQYAYDG,3,0.161171,8.266054,8.865539,7.753163,Frozen score-blind pMHC comparison; technical samples are not biological replicates.
EBV_TCELL_149795::HUMAN_MYELIN_117032,EBV_TCELL_149795,HUMAN_MYELIN_117032,HUMAN_BACKGROUND_141561,32,length_sensitivity_exact_bin_pm7,weak,1,LRGYHQYAY,EBV_TCELL_149795|3|LDLDFGQLTPHTKAVYQPRG,3,HUMAN_BACKGROUND_141561|s04|SHTVQRMYGCDVGSDWRFLRGYHQYAYDG,4,0.159378,36.666804,37.461396,36.018511,Frozen score-blind pMHC comparison; technical samples are not biological replicates.
EBV_TCELL_149795::HUMAN_MYELIN_117032,EBV_TCELL_149795,HUMAN_MYELIN_117032,HUMAN_BACKGROUND_141561,32,length_sensitivity_exact_bin_pm7,weak,1,LRGYHQYAY,EBV_TCELL_149795|3|LDLDFGQLTPHTKAVYQPRG,4,HUMAN_BACKGROUND_141561|s04|SHTVQRMYGCDVGSDWRFLRGYHQYAYDG,0,0.211239,22.300608,23.910546,20.923658,Frozen score-blind pMHC comparison; technical samples are not biological replicates.
EBV_TCELL_149795::HUMAN_MYELIN_117032,EBV_TCELL_149795,HUMAN_MYELIN_117032,HUMAN_BACKGROUND_141561,32,length_sensitivity_exact_bin_pm7,weak,1,LRGYHQYAY,EBV_TCELL_149795|3|LDLDFGQLTPHTKAVYQPRG,4,HUMAN_BACKGROUND_141561|s04|SHTVQRMYGCDVGSDWRFLRGYHQYAYDG,1,0.219007,22.20167,23.807259,20.828274,Frozen score-blind pMHC comparison; technical samples are not biological replicates.
EBV_TCELL_149795::HUMAN_MYELIN_117032,EBV_TCELL_149795,HUMAN_MYELIN_117032,HUMAN_BACKGROUND_141561,32,length_sensitivity_exact_bin_pm7,weak,1,LRGYHQYAY,EBV_TCELL_149795|3|LDLDFGQLTPHTKAVYQPRG,4,HUMAN_BACKGROUND_141561|s04|SHTVQRMYGCDVGSDWRFLRGYHQYAYDG,2,0.157549,17.082937,18.805203,15.568545,Frozen score-blind pMHC comparison; technical samples are not biological replicates.
EBV_TCELL_149795::HUMAN_MYELIN_117032,EBV_TCELL_149795,HUMAN_MYELIN_117032,HUMAN_BACKGROUND_141561,32,length_sensitivity_exact_bin_pm7,weak,1,LRGYHQYAY,EBV_TCELL_149795|3|LDLDFGQLTPHTKAVYQPRG,4,HUMAN_BACKGROUND_141561|s04|SHTVQRMYGCDVGSDWRFLRGYHQYAYDG,3,0.185335,8.294376,8.952223,7.727882,Frozen score-blind pMHC comparison; technical samples are not biological replicates.
EBV_TCELL_149795::HUMAN_MYELIN_117032,EBV_TCELL_149795,HUMAN_MYELIN_117032,HUMAN_BACKGROUND_141561,32,length_sensitivity_exact_bin_pm7,weak,1,LRGYHQYAY,EBV_TCELL_149795|3|LDLDFGQLTPHTKAVYQPRG,4,HUMAN_BACKGROUND_141561|s04|SHTVQRMYGCDVGSDWRFLRGYHQYAYDG,4,0.188896,36.691637,37.466145,36.060055,Frozen score-blind pMHC comparison; technical samples are not biological replicates.
EBV_TCELL_149795::HUMAN_MYELIN_117032,EBV_TCELL_149795,HUMAN_MYELIN_117032,HUMAN_BACKGROUND_141561,32,length_sensitivity_exact_bin_pm7,weak,1,LRGYHQYAY,EBV_TCELL_149795|355905527|LDLDFGQLTPHTKAVYQPRG,0,HUMAN_BACKGROUND_141561|s04|SHTVQRMYGCDVGSDWRFLRGYHQYAYDG,0,0.194739,1.626271,2.183282,0.973235,Frozen score-blind pMHC comparison; technical samples are not biological replicates.
EBV_TCELL_149795::HUMAN_MYELIN_117032,EBV_TCELL_149795,HUMAN_MYELIN_117032,HUMAN_BACKGROUND_141561,32,length_sensitivity_exact_bin_pm7,weak,1,LRGYHQYAY,EBV_TCELL_149795|355905527|LDLDFGQLTPHTKAVYQPRG,0,HUMAN_BACKGROUND_141561|s04|SHTVQRMYGCDVGSDWRFLRGYHQYAYDG,1,0.186776,1.536789,2.020656,0.992297,Frozen score-blind pMHC comparison; technical samples are not biological replicates.
EBV_TCELL_149795::HUMAN_MYELIN_117032,EBV_TCELL_149795,HUMAN_MYELIN_117032,HUMAN_BACKGROUND_141561,32,length_sensitivity_exact_bin_pm7,weak,1,LRGYHQYAY,EBV_TCELL_149795|355905527|LDLDFGQLTPHTKAVYQPRG,0,HUMAN_BACKGROUND_141561|s04|SHTVQRMYGCDVGSDWRFLRGYHQYAYDG,2,0.137499,8.006903,8.235011,7.819628,Frozen score-blind pMHC comparison; technical samples are not biological replicates.
EBV_TCELL_149795::HUMAN_MYELIN_117032,EBV_TCELL_149795,HUMAN_MYELIN_117032,HUMAN_BACKGROUND_141561,32,length_sensitivity_exact_bin_pm7,weak,1,LRGYHQYAY,EBV_TCELL_149795|355905527|LDLDFGQLTPHTKAVYQPRG,0,HUMAN_BACKGROUND_141561|s04|SHTVQRMYGCDVGSDWRFLRGYHQYAYDG,3,0.142139,22.984441,24.470621,21.72241,Frozen score-blind pMHC comparison; technical samples are not biological replicates.
EBV_TCELL_149795::HUMAN_MYELIN_117032,EBV_TCELL_149795,HUMAN_MYELIN_117032,HUMAN_BACKGROUND_141561,32,length_sensitivity_exact_bin_pm7,weak,1,LRGYHQYAY,EBV_TCELL_149795|355905527|LDLDFGQLTPHTKAVYQPRG,0,HUMAN_BACKGROUND_141561|s04|SHTVQRMYGCDVGSDWRFLRGYHQYAYDG,4,0.14446,19.128176,19.335626,18.960582,Frozen score-blind pMHC comparison; technical samples are not biological replicates.
EBV_TCELL_149795::HUMAN_MYELIN_117032,EBV_TCELL_149795,HUMAN_MYELIN_117032,HUMAN_BACKGROUND_141561,32,length_sensitivity_exact_bin_pm7,weak,1,LRGYHQYAY,EBV_TCELL_149795|355905527|LDLDFGQLTPHTKAVYQPRG,1,HUMAN_BACKGROUND_141561|s04|SHTVQRMYGCDVGSDWRFLRGYHQYAYDG,0,0.26013,1.045041,0.873179,1.164408,Frozen score-blind pMHC comparison; technical samples are not biological replicates.
EBV_TCELL_149795::HUMAN_MYELIN_117032,EBV_TCELL_149795,HUMAN_MYELIN_117032,HUMAN_BACKGROUND_141561,32,length_sensitivity_exact_bin_pm7,weak,1,LRGYHQYAY,EBV_TCELL_149795|355905527|LDLDFGQLTPHTKAVYQPRG,1,HUMAN_BACKGROUND_141561|s04|SHTVQRMYGCDVGSDWRFLRGYHQYAYDG,1,0.281272,1.202348,1.281813,1.134776,Frozen score-blind pMHC comparison; technical samples are not biological replicates.
EBV_TCELL_149795::HUMAN_MYELIN_117032,EBV_TCELL_149795,HUMAN_MYELIN_117032,HUMAN_BACKGROUND_141561,32,length_sensitivity_exact_bin_pm7,weak,1,LRGYHQYAY,EBV_TCELL_149795|355905527|LDLDFGQLTPHTKAVYQPRG,1,HUMAN_BACKGROUND_141561|s04|SHTVQRMYGCDVGSDWRFLRGYHQYAYDG,2,0.192961,8.000429,8.385279,7.678675,Frozen score-blind pMHC comparison; technical samples are not biological replicates.
EBV_TCELL_149795::HUMAN_MYELIN_117032,EBV_TCELL_149795,HUMAN_MYELIN_117032,HUMAN_BACKGROUND_141561,32,length_sensitivity_exact_bin_pm7,weak,1,LRGYHQYAY,EBV_TCELL_149795|355905527|LDLDFGQLTPHTKAVYQPRG,1,HUMAN_BACKGROUND_141561|s04|SHTVQRMYGCDVGSDWRFLRGYHQYAYDG,3,0.23697,22.63642,24.165516,21.33438,Frozen score-blind pMHC comparison; technical samples are not biological replicates.
EBV_TCELL_149795::HUMAN_MYELIN_117032,EBV_TCELL_149795,HUMAN_MYELIN_117032,HUMAN_BACKGROUND_141561,32,length_sensitivity_exact_bin_pm7,weak,1,LRGYHQYAY,EBV_TCELL_149795|355905527|LDLDFGQLTPHTKAVYQPRG,1,HUMAN_BACKGROUND_141561|s04|SHTVQRMYGCDVGSDWRFLRGYHQYAYDG,4,0.212544,18.991311,18.925974,19.043419,Frozen score-blind pMHC comparison; technical samples are not biological replicates.
EBV_TCELL_149795::HUMAN_MYELIN_117032,EBV_TCELL_149795,HUMAN_MYELIN_117032,HUMAN_BACKGROUND_141561,32,length_sensitivity_exact_bin_pm7,weak,1,LRGYHQYAY,EBV_TCELL_149795|355905527|LDLDFGQLTPHTKAVYQPRG,2,HUMAN_BACKGROUND_141561|s04|SHTVQRMYGCDVGSDWRFLRGYHQYAYDG,0,0.191396,18.618622,20.497026,16.966824,Frozen score-blind pMHC comparison; technical samples are not biological replicates.
EBV_TCELL_149795::HUMAN_MYELIN_117032,EBV_TCELL_149795,HUMAN_MYELIN_117032,HUMAN_BACKGROUND_141561,32,length_sensitivity_exact_bin_pm7,weak,1,LRGYHQYAY,EBV_TCELL_149795|355905527|LDLDFGQLTPHTKAVYQPRG,2,HUMAN_BACKGROUND_141561|s04|SHTVQRMYGCDVGSDWRFLRGYHQYAYDG,1,0.207015,18.49767,20.363403,16.857054,Frozen score-blind pMHC comparison; technical samples are not biological replicates.
EBV_TCELL_149795::HUMAN_MYELIN_117032,EBV_TCELL_149795,HUMAN_MYELIN_117032,HUMAN_BACKGROUND_141561,32,length_sensitivity_exact_bin_pm7,weak,1,LRGYHQYAY,EBV_TCELL_149795|355905527|LDLDFGQLTPHTKAVYQPRG,2,HUMAN_BACKGROUND_141561|s04|SHTVQRMYGCDVGSDWRFLRGYHQYAYDG,2,0.169622,15.098164,17.19605,13.181613,Frozen score-blind pMHC comparison; technical samples are not biological replicates.
EBV_TCELL_149795::HUMAN_MYELIN_117032,EBV_TCELL_149795,HUMAN_MYELIN_117032,HUMAN_BACKGROUND_141561,32,length_sensitivity_exact_bin_pm7,weak,1,LRGYHQYAY,EBV_TCELL_149795|355905527|LDLDFGQLTPHTKAVYQPRG,2,HUMAN_BACKGROUND_141561|s04|SHTVQRMYGCDVGSDWRFLRGYHQYAYDG,3,0.162754,10.173327,11.009863,9.450935,Frozen score-blind pMHC comparison; technical samples are not biological replicates.
EBV_TCELL_149795::HUMAN_MYELIN_117032,EBV_TCELL_149795,HUMAN_MYELIN_117032,HUMAN_BACKGROUND_141561,32,length_sensitivity_exact_bin_pm7,weak,1,LRGYHQYAY,EBV_TCELL_149795|355905527|LDLDFGQLTPHTKAVYQPRG,2,HUMAN_BACKGROUND_141561|s04|SHTVQRMYGCDVGSDWRFLRGYHQYAYDG,4,0.157238,31.268102,32.113497,30.57496,Frozen score-blind pMHC comparison; technical samples are not biological replicates.
EBV_TCELL_149795::HUMAN_MYELIN_117032,EBV_TCELL_149795,HUMAN_MYELIN_117032,HUMAN_BACKGROUND_141561,32,length_sensitivity_exact_bin_pm7,weak,1,LRGYHQYAY,EBV_TCELL_149795|355905527|LDLDFGQLTPHTKAVYQPRG,3,HUMAN_BACKGROUND_141561|s04|SHTVQRMYGCDVGSDWRFLRGYHQYAYDG,0,0.149499,9.477415,9.616816,9.364401,Frozen score-blind pMHC comparison; technical samples are not biological replicates.
EBV_TCELL_149795::HUMAN_MYELIN_117032,EBV_TCELL_149795,HUMAN_MYELIN_117032,HUMAN_BACKGROUND_141561,32,length_sensitivity_exact_bin_pm7,weak,1,LRGYHQYAY,EBV_TCELL_149795|355905527|LDLDFGQLTPHTKAVYQPRG,3,HUMAN_BACKGROUND_141561|s04|SHTVQRMYGCDVGSDWRFLRGYHQYAYDG,1,0.154492,9.413947,9.530114,9.31997,Frozen score-blind pMHC comparison; technical samples are not biological replicates.
EBV_TCELL_149795::HUMAN_MYELIN_117032,EBV_TCELL_149795,HUMAN_MYELIN_117032,HUMAN_BACKGROUND_141561,32,length_sensitivity_exact_bin_pm7,weak,1,LRGYHQYAY,EBV_TCELL_149795|355905527|LDLDFGQLTPHTKAVYQPRG,3,HUMAN_BACKGROUND_141561|s04|SHTVQRMYGCDVGSDWRFLRGYHQYAYDG,2,0.182349,2.788713,2.704402,2.85437,Frozen score-blind pMHC comparison; technical samples are not biological replicates.
EBV_TCELL_149795::HUMAN_MYELIN_117032,EBV_TCELL_149795,HUMAN_MYELIN_117032,HUMAN_BACKGROUND_141561,32,length_sensitivity_exact_bin_pm7,weak,1,LRGYHQYAY,EBV_TCELL_149795|355905527|LDLDFGQLTPHTKAVYQPRG,3,HUMAN_BACKGROUND_141561|s04|SHTVQRMYGCDVGSDWRFLRGYHQYAYDG,3,0.161018,17.736983,19.83102,15.863969,Frozen score-blind pMHC comparison; technical samples are not biological replicates.
EBV_TCELL_149795::HUMAN_MYELIN_117032,EBV_TCELL_149795,HUMAN_MYELIN_117032,HUMAN_BACKGROUND_141561,32,length_sensitivity_exact_bin_pm7,weak,1,LRGYHQYAY,EBV_TCELL_149795|355905527|LDLDFGQLTPHTKAVYQPRG,3,HUMAN_BACKGROUND_141561|s04|SHTVQRMYGCDVGSDWRFLRGYHQYAYDG,4,0.167439,28.489332,28.529805,28.456913,Frozen score-blind pMHC comparison; technical samples are not biological replicates.
EBV_TCELL_149795::HUMAN_MYELIN_117032,EBV_TCELL_149795,HUMAN_MYELIN_117032,HUMAN_BACKGROUND_141561,32,length_sensitivity_exact_bin_pm7,weak,1,LRGYHQYAY,EBV_TCELL_149795|355905527|LDLDFGQLTPHTKAVYQPRG,4,HUMAN_BACKGROUND_141561|s04|SHTVQRMYGCDVGSDWRFLRGYHQYAYDG,0,0.174266,18.652792,20.600302,16.934285,Frozen score-blind pMHC comparison; technical samples are not biological replicates.
EBV_TCELL_149795::HUMAN_MYELIN_117032,EBV_TCELL_149795,HUMAN_MYELIN_117032,HUMAN_BACKGROUND_141561,32,length_sensitivity_exact_bin_pm7,weak,1,LRGYHQYAY,EBV_TCELL_149795|355905527|LDLDFGQLTPHTKAVYQPRG,4,HUMAN_BACKGROUND_141561|s04|SHTVQRMYGCDVGSDWRFLRGYHQYAYDG,1,0.187045,18.53115,20.464607,16.825166,Frozen score-blind pMHC comparison; technical samples are not biological replicates.
EBV_TCELL_149795::HUMAN_MYELIN_117032,EBV_TCELL_149795,HUMAN_MYELIN_117032,HUMAN_BACKGROUND_141561,32,length_sensitivity_exact_bin_pm7,weak,1,LRGYHQYAY,EBV_TCELL_149795|355905527|LDLDFGQLTPHTKAVYQPRG,4,HUMAN_BACKGROUND_141561|s04|SHTVQRMYGCDVGSDWRFLRGYHQYAYDG,2,0.187369,14.530676,16.645741,12.585246,Frozen score-blind pMHC comparison; technical samples are not biological replicates.
EBV_TCELL_149795::HUMAN_MYELIN_117032,EBV_TCELL_149795,HUMAN_MYELIN_117032,HUMAN_BACKGROUND_141561,32,length_sensitivity_exact_bin_pm7,weak,1,LRGYHQYAY,EBV_TCELL_149795|355905527|LDLDFGQLTPHTKAVYQPRG,4,HUMAN_BACKGROUND_141561|s04|SHTVQRMYGCDVGSDWRFLRGYHQYAYDG,3,0.16313,9.498887,9.683589,9.348498,Frozen score-blind pMHC comparison; technical samples are not biological replicates.
EBV_TCELL_149795::HUMAN_MYELIN_117032,EBV_TCELL_149795,HUMAN_MYELIN_117032,HUMAN_BACKGROUND_141561,32,length_sensitivity_exact_bin_pm7,weak,1,LRGYHQYAY,EBV_TCELL_149795|355905527|LDLDFGQLTPHTKAVYQPRG,4,HUMAN_BACKGROUND_141561|s04|SHTVQRMYGCDVGSDWRFLRGYHQYAYDG,4,0.166022,32.048085,32.912525,31.339369,Frozen score-blind pMHC comparison; technical samples are not biological replicates.
EBV_TCELL_1862913::HUMAN_MYELIN_117032,EBV_TCELL_1862913,HUMAN_MYELIN_117032,HUMAN_BACKGROUND_141561,32,length_sensitivity_exact_bin_pm7,weak,1,LRGYHQYAY,EBV_TCELL_1862913|15|NILRIYYSPSIMHRYAVVQP,0,HUMAN_BACKGROUND_141561|s04|SHTVQRMYGCDVGSDWRFLRGYHQYAYDG,0,0.269809,18.97819,19.025177,18.940516,Frozen score-blind pMHC comparison; technical samples are not biological replicates.
EBV_TCELL_1862913::HUMAN_MYELIN_117032,EBV_TCELL_1862913,HUMAN_MYELIN_117032,HUMAN_BACKGROUND_141561,32,length_sensitivity_exact_bin_pm7,weak,1,LRGYHQYAY,EBV_TCELL_1862913|15|NILRIYYSPSIMHRYAVVQP,0,HUMAN_BACKGROUND_141561|s04|SHTVQRMYGCDVGSDWRFLRGYHQYAYDG,1,0.29618,18.977706,19.006616,18.954546,Frozen score-blind pMHC comparison; technical samples are not biological replicates.
EBV_TCELL_1862913::HUMAN_MYELIN_117032,EBV_TCELL_1862913,HUMAN_MYELIN_117032,HUMAN_BACKGROUND_141561,32,length_sensitivity_exact_bin_pm7,weak,1,LRGYHQYAY,EBV_TCELL_1862913|15|NILRIYYSPSIMHRYAVVQP,0,HUMAN_BACKGROUND_141561|s04|SHTVQRMYGCDVGSDWRFLRGYHQYAYDG,2,0.213316,11.892685,11.548156,12.161283,Frozen score-blind pMHC comparison; technical samples are not biological replicates.
EBV_TCELL_1862913::HUMAN_MYELIN_117032,EBV_TCELL_1862913,HUMAN_MYELIN_117032,HUMAN_BACKGROUND_141561,32,length_sensitivity_exact_bin_pm7,weak,1,LRGYHQYAY,EBV_TCELL_1862913|15|NILRIYYSPSIMHRYAVVQP,0,HUMAN_BACKGROUND_141561|s04|SHTVQRMYGCDVGSDWRFLRGYHQYAYDG,3,0.256661,16.233045,17.951251,14.714728,Frozen score-blind pMHC comparison; technical samples are not biological replicates.
EBV_TCELL_1862913::HUMAN_MYELIN_117032,EBV_TCELL_1862913,HUMAN_MYELIN_117032,HUMAN_BACKGROUND_141561,32,length_sensitivity_exact_bin_pm7,weak,1,LRGYHQYAY,EBV_TCELL_1862913|15|NILRIYYSPSIMHRYAVVQP,0,HUMAN_BACKGROUND_141561|s04|SHTVQRMYGCDVGSDWRFLRGYHQYAYDG,4,0.225694,37.709631,37.591524,37.803851,Frozen score-blind pMHC comparison; technical samples are not biological replicates.
EBV_TCELL_1862913::HUMAN_MYELIN_117032,EBV_TCELL_1862913,HUMAN_MYELIN_117032,HUMAN_BACKGROUND_141561,32,length_sensitivity_exact_bin_pm7,weak,1,LRGYHQYAY,EBV_TCELL_1862913|15|NILRIYYSPSIMHRYAVVQP,1,HUMAN_BACKGROUND_141561|s04|SHTVQRMYGCDVGSDWRFLRGYHQYAYDG,0,0.190984,18.639901,18.654102,18.628532,Frozen score-blind pMHC comparison; technical samples are not biological replicates.
EBV_TCELL_1862913::HUMAN_MYELIN_117032,EBV_TCELL_1862913,HUMAN_MYELIN_117032,HUMAN_BACKGROUND_141561,32,length_sensitivity_exact_bin_pm7,weak,1,LRGYHQYAY,EBV_TCELL_1862913|15|NILRIYYSPSIMHRYAVVQP,1,HUMAN_BACKGROUND_141561|s04|SHTVQRMYGCDVGSDWRFLRGYHQYAYDG,1,0.176919,18.625561,18.63004,18.621978,Frozen score-blind pMHC comparison; technical samples are not biological replicates.
EBV_TCELL_1862913::HUMAN_MYELIN_117032,EBV_TCELL_1862913,HUMAN_MYELIN_117032,HUMAN_BACKGROUND_141561,32,length_sensitivity_exact_bin_pm7,weak,1,LRGYHQYAY,EBV_TCELL_1862913|15|NILRIYYSPSIMHRYAVVQP,1,HUMAN_BACKGROUND_141561|s04|SHTVQRMYGCDVGSDWRFLRGYHQYAYDG,2,0.323582,11.43205,11.083259,11.703601,Frozen score-blind pMHC comparison; technical samples are not biological replicates.
EBV_TCELL_1862913::HUMAN_MYELIN_117032,EBV_TCELL_1862913,HUMAN_MYELIN_117032,HUMAN_BACKGROUND_141561,32,length_sensitivity_exact_bin_pm7,weak,1,LRGYHQYAY,EBV_TCELL_1862913|15|NILRIYYSPSIMHRYAVVQP,1,HUMAN_BACKGROUND_141561|s04|SHTVQRMYGCDVGSDWRFLRGYHQYAYDG,3,0.214625,16.330775,18.176846,14.687797,Frozen score-blind pMHC comparison; technical samples are not biological replicates.
EBV_TCELL_1862913::HUMAN_MYELIN_117032,EBV_TCELL_1862913,HUMAN_MYELIN_117032,HUMAN_BACKGROUND_141561,32,length_sensitivity_exact_bin_pm7,weak,1,LRGYHQYAY,EBV_TCELL_1862913|15|NILRIYYSPSIMHRYAVVQP,1,HUMAN_BACKGROUND_141561|s04|SHTVQRMYGCDVGSDWRFLRGYHQYAYDG,4,0.247071,37.423505,37.282811,37.535681,Frozen score-blind pMHC comparison; technical samples are not biological replicates.
EBV_TCELL_1862913::HUMAN_MYELIN_117032,EBV_TCELL_1862913,HUMAN_MYELIN_117032,HUMAN_BACKGROUND_141561,32,length_sensitivity_exact_bin_pm7,weak,1,LRGYHQYAY,EBV_TCELL_1862913|15|NILRIYYSPSIMHRYAVVQP,2,HUMAN_BACKGROUND_141561|s04|SHTVQRMYGCDVGSDWRFLRGYHQYAYDG,0,0.26037,18.930828,20.629313,17.453435,Frozen score-blind pMHC comparison; technical samples are not biological replicates.
EBV_TCELL_1862913::HUMAN_MYELIN_117032,EBV_TCELL_1862913,HUMAN_MYELIN_117032,HUMAN_BACKGROUND_141561,32,length_sensitivity_exact_bin_pm7,weak,1,LRGYHQYAY,EBV_TCELL_1862913|15|NILRIYYSPSIMHRYAVVQP,2,HUMAN_BACKGROUND_141561|s04|SHTVQRMYGCDVGSDWRFLRGYHQYAYDG,1,0.272145,18.8165,20.509319,17.343687,Frozen score-blind pMHC comparison; technical samples are not biological replicates.
EBV_TCELL_1862913::HUMAN_MYELIN_117032,EBV_TCELL_1862913,HUMAN_MYELIN_117032,HUMAN_BACKGROUND_141561,32,length_sensitivity_exact_bin_pm7,weak,1,LRGYHQYAY,EBV_TCELL_1862913|15|NILRIYYSPSIMHRYAVVQP,2,HUMAN_BACKGROUND_141561|s04|SHTVQRMYGCDVGSDWRFLRGYHQYAYDG,2,0.153784,15.245247,17.175644,13.503681,Frozen score-blind pMHC comparison; technical samples are not biological replicates.
EBV_TCELL_1862913::HUMAN_MYELIN_117032,EBV_TCELL_1862913,HUMAN_MYELIN_117032,HUMAN_BACKGROUND_141561,32,length_sensitivity_exact_bin_pm7,weak,1,LRGYHQYAY,EBV_TCELL_1862913|15|NILRIYYSPSIMHRYAVVQP,2,HUMAN_BACKGROUND_141561|s04|SHTVQRMYGCDVGSDWRFLRGYHQYAYDG,3,0.232814,9.508412,10.459162,8.673093,Frozen score-blind pMHC comparison; technical samples are not biological replicates.
EBV_TCELL_1862913::HUMAN_MYELIN_117032,EBV_TCELL_1862913,HUMAN_MYELIN_117032,HUMAN_BACKGROUND_141561,32,length_sensitivity_exact_bin_pm7,weak,1,LRGYHQYAY,EBV_TCELL_1862913|15|NILRIYYSPSIMHRYAVVQP,2,HUMAN_BACKGROUND_141561|s04|SHTVQRMYGCDVGSDWRFLRGYHQYAYDG,4,0.219491,31.596418,32.29338,31.027579,Frozen score-blind pMHC comparison; technical samples are not biological replicates.
EBV_TCELL_1862913::HUMAN_MYELIN_117032,EBV_TCELL_1862913,HUMAN_MYELIN_117032,HUMAN_BACKGROUND_141561,32,length_sensitivity_exact_bin_pm7,weak,1,LRGYHQYAY,EBV_TCELL_1862913|15|NILRIYYSPSIMHRYAVVQP,3,HUMAN_BACKGROUND_141561|s04|SHTVQRMYGCDVGSDWRFLRGYHQYAYDG,0,0.222109,19.769755,20.409069,19.243017,Frozen score-blind pMHC comparison; technical samples are not biological replicates.
EBV_TCELL_1862913::HUMAN_MYELIN_117032,EBV_TCELL_1862913,HUMAN_MYELIN_117032,HUMAN_BACKGROUND_141561,32,length_sensitivity_exact_bin_pm7,weak,1,LRGYHQYAY,EBV_TCELL_1862913|15|NILRIYYSPSIMHRYAVVQP,3,HUMAN_BACKGROUND_141561|s04|SHTVQRMYGCDVGSDWRFLRGYHQYAYDG,1,0.248123,19.748804,20.407267,19.205787,Frozen score-blind pMHC comparison; technical samples are not biological replicates.
EBV_TCELL_1862913::HUMAN_MYELIN_117032,EBV_TCELL_1862913,HUMAN_MYELIN_117032,HUMAN_BACKGROUND_141561,32,length_sensitivity_exact_bin_pm7,weak,1,LRGYHQYAY,EBV_TCELL_1862913|15|NILRIYYSPSIMHRYAVVQP,3,HUMAN_BACKGROUND_141561|s04|SHTVQRMYGCDVGSDWRFLRGYHQYAYDG,2,0.175467,12.520135,12.859261,12.242071,Frozen score-blind pMHC comparison; technical samples are not biological replicates.
EBV_TCELL_1862913::HUMAN_MYELIN_117032,EBV_TCELL_1862913,HUMAN_MYELIN_117032,HUMAN_BACKGROUND_141561,32,length_sensitivity_exact_bin_pm7,weak,1,LRGYHQYAY,EBV_TCELL_1862913|15|NILRIYYSPSIMHRYAVVQP,3,HUMAN_BACKGROUND_141561|s04|SHTVQRMYGCDVGSDWRFLRGYHQYAYDG,3,0.201769,15.71841,16.705485,14.881685,Frozen score-blind pMHC comparison; technical samples are not biological replicates.
EBV_TCELL_1862913::HUMAN_MYELIN_117032,EBV_TCELL_1862913,HUMAN_MYELIN_117032,HUMAN_BACKGROUND_141561,32,length_sensitivity_exact_bin_pm7,weak,1,LRGYHQYAY,EBV_TCELL_1862913|15|NILRIYYSPSIMHRYAVVQP,3,HUMAN_BACKGROUND_141561|s04|SHTVQRMYGCDVGSDWRFLRGYHQYAYDG,4,0.1874,38.396614,38.708983,38.144877,Frozen score-blind pMHC comparison; technical samples are not biological replicates.
EBV_TCELL_1862913::HUMAN_MYELIN_117032,EBV_TCELL_1862913,HUMAN_MYELIN_117032,HUMAN_BACKGROUND_141561,32,length_sensitivity_exact_bin_pm7,weak,1,LRGYHQYAY,EBV_TCELL_1862913|15|NILRIYYSPSIMHRYAVVQP,4,HUMAN_BACKGROUND_141561|s04|SHTVQRMYGCDVGSDWRFLRGYHQYAYDG,0,0.169311,19.149201,19.232359,19.082413,Frozen score-blind pMHC comparison; technical samples are not biological replicates.
EBV_TCELL_1862913::HUMAN_MYELIN_117032,EBV_TCELL_1862913,HUMAN_MYELIN_117032,HUMAN_BACKGROUND_141561,32,length_sensitivity_exact_bin_pm7,weak,1,LRGYHQYAY,EBV_TCELL_1862913|15|NILRIYYSPSIMHRYAVVQP,4,HUMAN_BACKGROUND_141561|s04|SHTVQRMYGCDVGSDWRFLRGYHQYAYDG,1,0.199504,19.158096,19.267013,19.070514,Frozen score-blind pMHC comparison; technical samples are not biological replicates.
EBV_TCELL_1862913::HUMAN_MYELIN_117032,EBV_TCELL_1862913,HUMAN_MYELIN_117032,HUMAN_BACKGROUND_141561,32,length_sensitivity_exact_bin_pm7,weak,1,LRGYHQYAY,EBV_TCELL_1862913|15|NILRIYYSPSIMHRYAVVQP,4,HUMAN_BACKGROUND_141561|s04|SHTVQRMYGCDVGSDWRFLRGYHQYAYDG,2,0.190584,12.021843,11.866742,12.144497,Frozen score-blind pMHC comparison; technical samples are not biological replicates.
EBV_TCELL_1862913::HUMAN_MYELIN_117032,EBV_TCELL_1862913,HUMAN_MYELIN_117032,HUMAN_BACKGROUND_141561,32,length_sensitivity_exact_bin_pm7,weak,1,LRGYHQYAY,EBV_TCELL_1862913|15|NILRIYYSPSIMHRYAVVQP,4,HUMAN_BACKGROUND_141561|s04|SHTVQRMYGCDVGSDWRFLRGYHQYAYDG,3,0.179951,16.014364,17.638078,14.585826,Frozen score-blind pMHC comparison; technical samples are not biological replicates.
EBV_TCELL_1862913::HUMAN_MYELIN_117032,EBV_TCELL_1862913,HUMAN_MYELIN_117032,HUMAN_BACKGROUND_141561,32,length_sensitivity_exact_bin_pm7,weak,1,LRGYHQYAY,EBV_TCELL_1862913|15|NILRIYYSPSIMHRYAVVQP,4,HUMAN_BACKGROUND_141561|s04|SHTVQRMYGCDVGSDWRFLRGYHQYAYDG,4,0.159926,37.850912,37.721743,37.953931,Frozen score-blind pMHC comparison; technical samples are not biological replicates.
EBV_TCELL_1862913::HUMAN_MYELIN_117032,EBV_TCELL_1862913,HUMAN_MYELIN_117032,HUMAN_BACKGROUND_141561,32,length_sensitivity_exact_bin_pm7,weak,1,LRGYHQYAY,EBV_TCELL_1862913|2|NILRIYYSPSIMHRYAVVQP,0,HUMAN_BACKGROUND_141561|s04|SHTVQRMYGCDVGSDWRFLRGYHQYAYDG,0,0.206794,19.133538,19.144339,19.124893,Frozen score-blind pMHC comparison; technical samples are not biological replicates.
EBV_TCELL_1862913::HUMAN_MYELIN_117032,EBV_TCELL_1862913,HUMAN_MYELIN_117032,HUMAN_BACKGROUND_141561,32,length_sensitivity_exact_bin_pm7,weak,1,LRGYHQYAY,EBV_TCELL_1862913|2|NILRIYYSPSIMHRYAVVQP,0,HUMAN_BACKGROUND_141561|s04|SHTVQRMYGCDVGSDWRFLRGYHQYAYDG,1,0.216324,19.089995,19.096127,19.085088,Frozen score-blind pMHC comparison; technical samples are not biological replicates.
EBV_TCELL_1862913::HUMAN_MYELIN_117032,EBV_TCELL_1862913,HUMAN_MYELIN_117032,HUMAN_BACKGROUND_141561,32,length_sensitivity_exact_bin_pm7,weak,1,LRGYHQYAY,EBV_TCELL_1862913|2|NILRIYYSPSIMHRYAVVQP,0,HUMAN_BACKGROUND_141561|s04|SHTVQRMYGCDVGSDWRFLRGYHQYAYDG,2,0.164328,11.909072,11.613988,12.139976,Frozen score-blind pMHC comparison; technical samples are not biological replicates.
EBV_TCELL_1862913::HUMAN_MYELIN_117032,EBV_TCELL_1862913,HUMAN_MYELIN_117032,HUMAN_BACKGROUND_141561,32,length_sensitivity_exact_bin_pm7,weak,1,LRGYHQYAY,EBV_TCELL_1862913|2|NILRIYYSPSIMHRYAVVQP,0,HUMAN_BACKGROUND_141561|s04|SHTVQRMYGCDVGSDWRFLRGYHQYAYDG,3,0.179,16.0961,17.910335,14.481985,Frozen score-blind pMHC comparison; technical samples are not biological replicates.
EBV_TCELL_1862913::HUMAN_MYELIN_117032,EBV_TCELL_1862913,HUMAN_MYELIN_117032,HUMAN_BACKGROUND_141561,32,length_sensitivity_exact_bin_pm7,weak,1,LRGYHQYAY,EBV_TCELL_1862913|2|NILRIYYSPSIMHRYAVVQP,0,HUMAN_BACKGROUND_141561|s04|SHTVQRMYGCDVGSDWRFLRGYHQYAYDG,4,0.168511,37.855725,37.67466,37.999957,Frozen score-blind pMHC comparison; technical samples are not biological replicates.
EBV_TCELL_1862913::HUMAN_MYELIN_117032,EBV_TCELL_1862913,HUMAN_MYELIN_117032,HUMAN_BACKGROUND_141561,32,length_sensitivity_exact_bin_pm7,weak,1,LRGYHQYAY,EBV_TCELL_1862913|2|NILRIYYSPSIMHRYAVVQP,1,HUMAN_BACKGROUND_141561|s04|SHTVQRMYGCDVGSDWRFLRGYHQYAYDG,0,0.228353,27.368772,27.362199,27.374029,Frozen score-blind pMHC comparison; technical samples are not biological replicates.
EBV_TCELL_1862913::HUMAN_MYELIN_117032,EBV_TCELL_1862913,HUMAN_MYELIN_117032,HUMAN_BACKGROUND_141561,32,length_sensitivity_exact_bin_pm7,weak,1,LRGYHQYAY,EBV_TCELL_1862913|2|NILRIYYSPSIMHRYAVVQP,1,HUMAN_BACKGROUND_141561|s04|SHTVQRMYGCDVGSDWRFLRGYHQYAYDG,1,0.241467,27.355473,27.327281,27.378007,Frozen score-blind pMHC comparison; technical samples are not biological replicates.
EBV_TCELL_1862913::HUMAN_MYELIN_117032,EBV_TCELL_1862913,HUMAN_MYELIN_117032,HUMAN_BACKGROUND_141561,32,length_sensitivity_exact_bin_pm7,weak,1,LRGYHQYAY,EBV_TCELL_1862913|2|NILRIYYSPSIMHRYAVVQP,1,HUMAN_BACKGROUND_141561|s04|SHTVQRMYGCDVGSDWRFLRGYHQYAYDG,2,0.18841,20.104566,19.604589,20.495767,Frozen score-blind pMHC comparison; technical samples are not biological replicates.
EBV_TCELL_1862913::HUMAN_MYELIN_117032,EBV_TCELL_1862913,HUMAN_MYELIN_117032,HUMAN_BACKGROUND_141561,32,length_sensitivity_exact_bin_pm7,weak,1,LRGYHQYAY,EBV_TCELL_1862913|2|NILRIYYSPSIMHRYAVVQP,1,HUMAN_BACKGROUND_141561|s04|SHTVQRMYGCDVGSDWRFLRGYHQYAYDG,3,0.200194,19.778453,21.052715,18.696617,Frozen score-blind pMHC comparison; technical samples are not biological replicates.
EBV_TCELL_1862913::HUMAN_MYELIN_117032,EBV_TCELL_1862913,HUMAN_MYELIN_117032,HUMAN_BACKGROUND_141561,32,length_sensitivity_exact_bin_pm7,weak,1,LRGYHQYAY,EBV_TCELL_1862913|2|NILRIYYSPSIMHRYAVVQP,1,HUMAN_BACKGROUND_141561|s04|SHTVQRMYGCDVGSDWRFLRGYHQYAYDG,4,0.188959,45.971325,45.835878,46.079396,Frozen score-blind pMHC comparison; technical samples are not biological replicates.
EBV_TCELL_1862913::HUMAN_MYELIN_117032,EBV_TCELL_1862913,HUMAN_MYELIN_117032,HUMAN_BACKGROUND_141561,32,length_sensitivity_exact_bin_pm7,weak,1,LRGYHQYAY,EBV_TCELL_1862913|2|NILRIYYSPSIMHRYAVVQP,2,HUMAN_BACKGROUND_141561|s04|SHTVQRMYGCDVGSDWRFLRGYHQYAYDG,0,0.270889,19.394731,19.442806,19.356186,Frozen score-blind pMHC comparison; technical samples are not biological replicates.
EBV_TCELL_1862913::HUMAN_MYELIN_117032,EBV_TCELL_1862913,HUMAN_MYELIN_117032,HUMAN_BACKGROUND_141561,32,length_sensitivity_exact_bin_pm7,weak,1,LRGYHQYAY,EBV_TCELL_1862913|2|NILRIYYSPSIMHRYAVVQP,2,HUMAN_BACKGROUND_141561|s04|SHTVQRMYGCDVGSDWRFLRGYHQYAYDG,1,0.281094,19.405664,19.475602,19.349532,Frozen score-blind pMHC comparison; technical samples are not biological replicates.
EBV_TCELL_1862913::HUMAN_MYELIN_117032,EBV_TCELL_1862913,HUMAN_MYELIN_117032,HUMAN_BACKGROUND_141561,32,length_sensitivity_exact_bin_pm7,weak,1,LRGYHQYAY,EBV_TCELL_1862913|2|NILRIYYSPSIMHRYAVVQP,2,HUMAN_BACKGROUND_141561|s04|SHTVQRMYGCDVGSDWRFLRGYHQYAYDG,2,0.209656,12.246663,12.012967,12.430457,Frozen score-blind pMHC comparison; technical samples are not biological replicates.
EBV_TCELL_1862913::HUMAN_MYELIN_117032,EBV_TCELL_1862913,HUMAN_MYELIN_117032,HUMAN_BACKGROUND_141561,32,length_sensitivity_exact_bin_pm7,weak,1,LRGYHQYAY,EBV_TCELL_1862913|2|NILRIYYSPSIMHRYAVVQP,2,HUMAN_BACKGROUND_141561|s04|SHTVQRMYGCDVGSDWRFLRGYHQYAYDG,3,0.245109,15.783057,17.515195,14.246514,Frozen score-blind pMHC comparison; technical samples are not biological replicates.
EBV_TCELL_1862913::HUMAN_MYELIN_117032,EBV_TCELL_1862913,HUMAN_MYELIN_117032,HUMAN_BACKGROUND_141561,32,length_sensitivity_exact_bin_pm7,weak,1,LRGYHQYAY,EBV_TCELL_1862913|2|NILRIYYSPSIMHRYAVVQP,2,HUMAN_BACKGROUND_141561|s04|SHTVQRMYGCDVGSDWRFLRGYHQYAYDG,4,0.216657,38.058482,37.911234,38.175872,Frozen score-blind pMHC comparison; technical samples are not biological replicates.
EBV_TCELL_1862913::HUMAN_MYELIN_117032,EBV_TCELL_1862913,HUMAN_MYELIN_117032,HUMAN_BACKGROUND_141561,32,length_sensitivity_exact_bin_pm7,weak,1,LRGYHQYAY,EBV_TCELL_1862913|2|NILRIYYSPSIMHRYAVVQP,3,HUMAN_BACKGROUND_141561|s04|SHTVQRMYGCDVGSDWRFLRGYHQYAYDG,0,0.286141,18.93525,18.972604,18.905314,Frozen score-blind pMHC comparison; technical samples are not biological replicates.
EBV_TCELL_1862913::HUMAN_MYELIN_117032,EBV_TCELL_1862913,HUMAN_MYELIN_117032,HUMAN_BACKGROUND_141561,32,length_sensitivity_exact_bin_pm7,weak,1,LRGYHQYAY,EBV_TCELL_1862913|2|NILRIYYSPSIMHRYAVVQP,3,HUMAN_BACKGROUND_141561|s04|SHTVQRMYGCDVGSDWRFLRGYHQYAYDG,1,0.300833,18.947869,18.997841,18.907796,Frozen score-blind pMHC comparison; technical samples are not biological replicates.
EBV_TCELL_1862913::HUMAN_MYELIN_117032,EBV_TCELL_1862913,HUMAN_MYELIN_117032,HUMAN_BACKGROUND_141561,32,length_sensitivity_exact_bin_pm7,weak,1,LRGYHQYAY,EBV_TCELL_1862913|2|NILRIYYSPSIMHRYAVVQP,3,HUMAN_BACKGROUND_141561|s04|SHTVQRMYGCDVGSDWRFLRGYHQYAYDG,2,0.228991,11.764758,11.444042,12.015169,Frozen score-blind pMHC comparison; technical samples are not biological replicates.
EBV_TCELL_1862913::HUMAN_MYELIN_117032,EBV_TCELL_1862913,HUMAN_MYELIN_117032,HUMAN_BACKGROUND_141561,32,length_sensitivity_exact_bin_pm7,weak,1,LRGYHQYAY,EBV_TCELL_1862913|2|NILRIYYSPSIMHRYAVVQP,3,HUMAN_BACKGROUND_141561|s04|SHTVQRMYGCDVGSDWRFLRGYHQYAYDG,3,0.265987,15.893715,17.562269,14.420529,Frozen score-blind pMHC comparison; technical samples are not biological replicates.
EBV_TCELL_1862913::HUMAN_MYELIN_117032,EBV_TCELL_1862913,HUMAN_MYELIN_117032,HUMAN_BACKGROUND_141561,32,length_sensitivity_exact_bin_pm7,weak,1,LRGYHQYAY,EBV_TCELL_1862913|2|NILRIYYSPSIMHRYAVVQP,3,HUMAN_BACKGROUND_141561|s04|SHTVQRMYGCDVGSDWRFLRGYHQYAYDG,4,0.226145,37.620053,37.448838,37.756465,Frozen score-blind pMHC comparison; technical samples are not biological replicates.
EBV_TCELL_1862913::HUMAN_MYELIN_117032,EBV_TCELL_1862913,HUMAN_MYELIN_117032,HUMAN_BACKGROUND_141561,32,length_sensitivity_exact_bin_pm7,weak,1,LRGYHQYAY,EBV_TCELL_1862913|2|NILRIYYSPSIMHRYAVVQP,4,HUMAN_BACKGROUND_141561|s04|SHTVQRMYGCDVGSDWRFLRGYHQYAYDG,0,0.299284,18.753474,18.880139,18.651523,Frozen score-blind pMHC comparison; technical samples are not biological replicates.
EBV_TCELL_1862913::HUMAN_MYELIN_117032,EBV_TCELL_1862913,HUMAN_MYELIN_117032,HUMAN_BACKGROUND_141561,32,length_sensitivity_exact_bin_pm7,weak,1,LRGYHQYAY,EBV_TCELL_1862913|2|NILRIYYSPSIMHRYAVVQP,4,HUMAN_BACKGROUND_141561|s04|SHTVQRMYGCDVGSDWRFLRGYHQYAYDG,1,0.312761,18.768634,18.908127,18.656288,Frozen score-blind pMHC comparison; technical samples are not biological replicates.
EBV_TCELL_1862913::HUMAN_MYELIN_117032,EBV_TCELL_1862913,HUMAN_MYELIN_117032,HUMAN_BACKGROUND_141561,32,length_sensitivity_exact_bin_pm7,weak,1,LRGYHQYAY,EBV_TCELL_1862913|2|NILRIYYSPSIMHRYAVVQP,4,HUMAN_BACKGROUND_141561|s04|SHTVQRMYGCDVGSDWRFLRGYHQYAYDG,2,0.188091,11.633722,11.436856,11.788847,Frozen score-blind pMHC comparison; technical samples are not biological replicates.
EBV_TCELL_1862913::HUMAN_MYELIN_117032,EBV_TCELL_1862913,HUMAN_MYELIN_117032,HUMAN_BACKGROUND_141561,32,length_sensitivity_exact_bin_pm7,weak,1,LRGYHQYAY,EBV_TCELL_1862913|2|NILRIYYSPSIMHRYAVVQP,4,HUMAN_BACKGROUND_141561|s04|SHTVQRMYGCDVGSDWRFLRGYHQYAYDG,3,0.260335,16.466648,18.234106,14.90251,Frozen score-blind pMHC comparison; technical samples are not biological replicates.
EBV_TCELL_1862913::HUMAN_MYELIN_117032,EBV_TCELL_1862913,HUMAN_MYELIN_117032,HUMAN_BACKGROUND_141561,32,length_sensitivity_exact_bin_pm7,weak,1,LRGYHQYAY,EBV_TCELL_1862913|2|NILRIYYSPSIMHRYAVVQP,4,HUMAN_BACKGROUND_141561|s04|SHTVQRMYGCDVGSDWRFLRGYHQYAYDG,4,0.245707,37.551643,37.507468,37.586946,Frozen score-blind pMHC comparison; technical samples are not biological replicates.
EBV_TCELL_2268741::HUMAN_MYELIN_117032,EBV_TCELL_2268741,HUMAN_MYELIN_117032,HUMAN_BACKGROUND_141561,32,length_sensitivity_exact_bin_pm7,weak,1,LRGYHQYAY,EBV_TCELL_2268741|2|IMNILRIYYSPSIM,0,HUMAN_BACKGROUND_141561|s04|SHTVQRMYGCDVGSDWRFLRGYHQYAYDG,0,0.255316,9.514277,9.591286,9.452219,Frozen score-blind pMHC comparison; technical samples are not biological replicates.
EBV_TCELL_2268741::HUMAN_MYELIN_117032,EBV_TCELL_2268741,HUMAN_MYELIN_117032,HUMAN_BACKGROUND_141561,32,length_sensitivity_exact_bin_pm7,weak,1,LRGYHQYAY,EBV_TCELL_2268741|2|IMNILRIYYSPSIM,0,HUMAN_BACKGROUND_141561|s04|SHTVQRMYGCDVGSDWRFLRGYHQYAYDG,1,0.256599,9.468261,9.528233,9.420009,Frozen score-blind pMHC comparison; technical samples are not biological replicates.
EBV_TCELL_2268741::HUMAN_MYELIN_117032,EBV_TCELL_2268741,HUMAN_MYELIN_117032,HUMAN_BACKGROUND_141561,32,length_sensitivity_exact_bin_pm7,weak,1,LRGYHQYAY,EBV_TCELL_2268741|2|IMNILRIYYSPSIM,0,HUMAN_BACKGROUND_141561|s04|SHTVQRMYGCDVGSDWRFLRGYHQYAYDG,2,0.355667,2.97645,2.865587,3.062252,Frozen score-blind pMHC comparison; technical samples are not biological replicates.
EBV_TCELL_2268741::HUMAN_MYELIN_117032,EBV_TCELL_2268741,HUMAN_MYELIN_117032,HUMAN_BACKGROUND_141561,32,length_sensitivity_exact_bin_pm7,weak,1,LRGYHQYAY,EBV_TCELL_2268741|2|IMNILRIYYSPSIM,0,HUMAN_BACKGROUND_141561|s04|SHTVQRMYGCDVGSDWRFLRGYHQYAYDG,3,0.270404,17.882738,20.008505,15.979798,Frozen score-blind pMHC comparison; technical samples are not biological replicates.
EBV_TCELL_2268741::HUMAN_MYELIN_117032,EBV_TCELL_2268741,HUMAN_MYELIN_117032,HUMAN_BACKGROUND_141561,32,length_sensitivity_exact_bin_pm7,weak,1,LRGYHQYAY,EBV_TCELL_2268741|2|IMNILRIYYSPSIM,0,HUMAN_BACKGROUND_141561|s04|SHTVQRMYGCDVGSDWRFLRGYHQYAYDG,4,0.311279,28.582229,28.601515,28.566792,Frozen score-blind pMHC comparison; technical samples are not biological replicates.
EBV_TCELL_2268741::HUMAN_MYELIN_117032,EBV_TCELL_2268741,HUMAN_MYELIN_117032,HUMAN_BACKGROUND_141561,32,length_sensitivity_exact_bin_pm7,weak,1,LRGYHQYAY,EBV_TCELL_2268741|2|IMNILRIYYSPSIM,1,HUMAN_BACKGROUND_141561|s04|SHTVQRMYGCDVGSDWRFLRGYHQYAYDG,0,0.159427,9.44679,9.623236,9.303224,Frozen score-blind pMHC comparison; technical samples are not biological replicates.
EBV_TCELL_2268741::HUMAN_MYELIN_117032,EBV_TCELL_2268741,HUMAN_MYELIN_117032,HUMAN_BACKGROUND_141561,32,length_sensitivity_exact_bin_pm7,weak,1,LRGYHQYAY,EBV_TCELL_2268741|2|IMNILRIYYSPSIM,1,HUMAN_BACKGROUND_141561|s04|SHTVQRMYGCDVGSDWRFLRGYHQYAYDG,1,0.185849,9.391875,9.548488,9.264679,Frozen score-blind pMHC comparison; technical samples are not biological replicates.
EBV_TCELL_2268741::HUMAN_MYELIN_117032,EBV_TCELL_2268741,HUMAN_MYELIN_117032,HUMAN_BACKGROUND_141561,32,length_sensitivity_exact_bin_pm7,weak,1,LRGYHQYAY,EBV_TCELL_2268741|2|IMNILRIYYSPSIM,1,HUMAN_BACKGROUND_141561|s04|SHTVQRMYGCDVGSDWRFLRGYHQYAYDG,2,0.227584,2.935008,2.859291,2.994203,Frozen score-blind pMHC comparison; technical samples are not biological replicates.
EBV_TCELL_2268741::HUMAN_MYELIN_117032,EBV_TCELL_2268741,HUMAN_MYELIN_117032,HUMAN_BACKGROUND_141561,32,length_sensitivity_exact_bin_pm7,weak,1,LRGYHQYAY,EBV_TCELL_2268741|2|IMNILRIYYSPSIM,1,HUMAN_BACKGROUND_141561|s04|SHTVQRMYGCDVGSDWRFLRGYHQYAYDG,3,0.185822,17.963227,20.01548,16.134559,Frozen score-blind pMHC comparison; technical samples are not biological replicates.
EBV_TCELL_2268741::HUMAN_MYELIN_117032,EBV_TCELL_2268741,HUMAN_MYELIN_117032,HUMAN_BACKGROUND_141561,32,length_sensitivity_exact_bin_pm7,weak,1,LRGYHQYAY,EBV_TCELL_2268741|2|IMNILRIYYSPSIM,1,HUMAN_BACKGROUND_141561|s04|SHTVQRMYGCDVGSDWRFLRGYHQYAYDG,4,0.18132,28.503413,28.599144,28.426596,Frozen score-blind pMHC comparison; technical samples are not biological replicates.
EBV_TCELL_2268741::HUMAN_MYELIN_117032,EBV_TCELL_2268741,HUMAN_MYELIN_117032,HUMAN_BACKGROUND_141561,32,length_sensitivity_exact_bin_pm7,weak,1,LRGYHQYAY,EBV_TCELL_2268741|2|IMNILRIYYSPSIM,2,HUMAN_BACKGROUND_141561|s04|SHTVQRMYGCDVGSDWRFLRGYHQYAYDG,0,0.171389,9.492044,9.576141,9.424226,Frozen score-blind pMHC comparison; technical samples are not biological replicates.
EBV_TCELL_2268741::HUMAN_MYELIN_117032,EBV_TCELL_2268741,HUMAN_MYELIN_117032,HUMAN_BACKGROUND_141561,32,length_sensitivity_exact_bin_pm7,weak,1,LRGYHQYAY,EBV_TCELL_2268741|2|IMNILRIYYSPSIM,2,HUMAN_BACKGROUND_141561|s04|SHTVQRMYGCDVGSDWRFLRGYHQYAYDG,1,0.181074,9.438618,9.498591,9.390364,Frozen score-blind pMHC comparison; technical samples are not biological replicates.
EBV_TCELL_2268741::HUMAN_MYELIN_117032,EBV_TCELL_2268741,HUMAN_MYELIN_117032,HUMAN_BACKGROUND_141561,32,length_sensitivity_exact_bin_pm7,weak,1,LRGYHQYAY,EBV_TCELL_2268741|2|IMNILRIYYSPSIM,2,HUMAN_BACKGROUND_141561|s04|SHTVQRMYGCDVGSDWRFLRGYHQYAYDG,2,0.256092,2.953413,2.820451,3.055619,Frozen score-blind pMHC comparison; technical samples are not biological replicates.
EBV_TCELL_2268741::HUMAN_MYELIN_117032,EBV_TCELL_2268741,HUMAN_MYELIN_117032,HUMAN_BACKGROUND_141561,32,length_sensitivity_exact_bin_pm7,weak,1,LRGYHQYAY,EBV_TCELL_2268741|2|IMNILRIYYSPSIM,2,HUMAN_BACKGROUND_141561|s04|SHTVQRMYGCDVGSDWRFLRGYHQYAYDG,3,0.18341,17.904268,20.041168,15.990445,Frozen score-blind pMHC comparison; technical samples are not biological replicates.
EBV_TCELL_2268741::HUMAN_MYELIN_117032,EBV_TCELL_2268741,HUMAN_MYELIN_117032,HUMAN_BACKGROUND_141561,32,length_sensitivity_exact_bin_pm7,weak,1,LRGYHQYAY,EBV_TCELL_2268741|2|IMNILRIYYSPSIM,2,HUMAN_BACKGROUND_141561|s04|SHTVQRMYGCDVGSDWRFLRGYHQYAYDG,4,0.207071,28.556069,28.574467,28.541342,Frozen score-blind pMHC comparison; technical samples are not biological replicates.
EBV_TCELL_2268741::HUMAN_MYELIN_117032,EBV_TCELL_2268741,HUMAN_MYELIN_117032,HUMAN_BACKGROUND_141561,32,length_sensitivity_exact_bin_pm7,weak,1,LRGYHQYAY,EBV_TCELL_2268741|2|IMNILRIYYSPSIM,3,HUMAN_BACKGROUND_141561|s04|SHTVQRMYGCDVGSDWRFLRGYHQYAYDG,0,0.155503,9.444975,9.534306,9.372897,Frozen score-blind pMHC comparison; technical samples are not biological replicates.
EBV_TCELL_2268741::HUMAN_MYELIN_117032,EBV_TCELL_2268741,HUMAN_MYELIN_117032,HUMAN_BACKGROUND_141561,32,length_sensitivity_exact_bin_pm7,weak,1,LRGYHQYAY,EBV_TCELL_2268741|2|IMNILRIYYSPSIM,3,HUMAN_BACKGROUND_141561|s04|SHTVQRMYGCDVGSDWRFLRGYHQYAYDG,1,0.179088,9.389786,9.451458,9.340154,Frozen score-blind pMHC comparison; technical samples are not biological replicates.
EBV_TCELL_2268741::HUMAN_MYELIN_117032,EBV_TCELL_2268741,HUMAN_MYELIN_117032,HUMAN_BACKGROUND_141561,32,length_sensitivity_exact_bin_pm7,weak,1,LRGYHQYAY,EBV_TCELL_2268741|2|IMNILRIYYSPSIM,3,HUMAN_BACKGROUND_141561|s04|SHTVQRMYGCDVGSDWRFLRGYHQYAYDG,2,0.205211,2.922498,2.777133,3.033779,Frozen score-blind pMHC comparison; technical samples are not biological replicates.
EBV_TCELL_2268741::HUMAN_MYELIN_117032,EBV_TCELL_2268741,HUMAN_MYELIN_117032,HUMAN_BACKGROUND_141561,32,length_sensitivity_exact_bin_pm7,weak,1,LRGYHQYAY,EBV_TCELL_2268741|2|IMNILRIYYSPSIM,3,HUMAN_BACKGROUND_141561|s04|SHTVQRMYGCDVGSDWRFLRGYHQYAYDG,3,0.15488,17.918829,20.053955,16.006969,Frozen score-blind pMHC comparison; technical samples are not biological replicates.
EBV_TCELL_2268741::HUMAN_MYELIN_117032,EBV_TCELL_2268741,HUMAN_MYELIN_117032,HUMAN_BACKGROUND_141561,32,length_sensitivity_exact_bin_pm7,weak,1,LRGYHQYAY,EBV_TCELL_2268741|2|IMNILRIYYSPSIM,3,HUMAN_BACKGROUND_141561|s04|SHTVQRMYGCDVGSDWRFLRGYHQYAYDG,4,0.174227,28.504405,28.522957,28.489555,Frozen score-blind pMHC comparison; technical samples are not biological replicates.
EBV_TCELL_2268741::HUMAN_MYELIN_117032,EBV_TCELL_2268741,HUMAN_MYELIN_117032,HUMAN_BACKGROUND_141561,32,length_sensitivity_exact_bin_pm7,weak,1,LRGYHQYAY,EBV_TCELL_2268741|2|IMNILRIYYSPSIM,4,HUMAN_BACKGROUND_141561|s04|SHTVQRMYGCDVGSDWRFLRGYHQYAYDG,0,0.152315,9.527347,9.631242,9.443409,Frozen score-blind pMHC comparison; technical samples are not biological replicates.
EBV_TCELL_2268741::HUMAN_MYELIN_117032,EBV_TCELL_2268741,HUMAN_MYELIN_117032,HUMAN_BACKGROUND_141561,32,length_sensitivity_exact_bin_pm7,weak,1,LRGYHQYAY,EBV_TCELL_2268741|2|IMNILRIYYSPSIM,4,HUMAN_BACKGROUND_141561|s04|SHTVQRMYGCDVGSDWRFLRGYHQYAYDG,1,0.16744,9.476416,9.5591,9.409746,Frozen score-blind pMHC comparison; technical samples are not biological replicates.
EBV_TCELL_2268741::HUMAN_MYELIN_117032,EBV_TCELL_2268741,HUMAN_MYELIN_117032,HUMAN_BACKGROUND_141561,32,length_sensitivity_exact_bin_pm7,weak,1,LRGYHQYAY,EBV_TCELL_2268741|2|IMNILRIYYSPSIM,4,HUMAN_BACKGROUND_141561|s04|SHTVQRMYGCDVGSDWRFLRGYHQYAYDG,2,0.253472,2.976216,2.834665,3.084783,Frozen score-blind pMHC comparison; technical samples are not biological replicates.
EBV_TCELL_2268741::HUMAN_MYELIN_117032,EBV_TCELL_2268741,HUMAN_MYELIN_117032,HUMAN_BACKGROUND_141561,32,length_sensitivity_exact_bin_pm7,weak,1,LRGYHQYAY,EBV_TCELL_2268741|2|IMNILRIYYSPSIM,4,HUMAN_BACKGROUND_141561|s04|SHTVQRMYGCDVGSDWRFLRGYHQYAYDG,3,0.167939,17.886868,19.999923,15.996704,Frozen score-blind pMHC comparison; technical samples are not biological replicates.
EBV_TCELL_2268741::HUMAN_MYELIN_117032,EBV_TCELL_2268741,HUMAN_MYELIN_117032,HUMAN_BACKGROUND_141561,32,length_sensitivity_exact_bin_pm7,weak,1,LRGYHQYAY,EBV_TCELL_2268741|2|IMNILRIYYSPSIM,4,HUMAN_BACKGROUND_141561|s04|SHTVQRMYGCDVGSDWRFLRGYHQYAYDG,4,0.188995,28.591513,28.628003,28.562288,Frozen score-blind pMHC comparison; technical samples are not biological replicates.
EBV_TCELL_119155::HUMAN_MYELIN_117032,EBV_TCELL_119155,HUMAN_MYELIN_117032,HUMAN_BACKGROUND_423369,32,length_sensitivity_exact_bin_pm7,weak,2,WVVTCGYTI,EBV_TCELL_119155|1773241610|FIEFVGWLCKKDHTHIREWF,0,HUMAN_BACKGROUND_423369|s04|IVTTSTNDWVVTCGYTIPTCRKLDE,0,0.182037,10.63808,11.779197,9.628299,Frozen score-blind pMHC comparison; technical samples are not biological replicates.
EBV_TCELL_119155::HUMAN_MYELIN_117032,EBV_TCELL_119155,HUMAN_MYELIN_117032,HUMAN_BACKGROUND_423369,32,length_sensitivity_exact_bin_pm7,weak,2,WVVTCGYTI,EBV_TCELL_119155|1773241610|FIEFVGWLCKKDHTHIREWF,0,HUMAN_BACKGROUND_423369|s04|IVTTSTNDWVVTCGYTIPTCRKLDE,1,0.164654,8.685072,8.848936,8.55172,Frozen score-blind pMHC comparison; technical samples are not biological replicates.
EBV_TCELL_119155::HUMAN_MYELIN_117032,EBV_TCELL_119155,HUMAN_MYELIN_117032,HUMAN_BACKGROUND_423369,32,length_sensitivity_exact_bin_pm7,weak,2,WVVTCGYTI,EBV_TCELL_119155|1773241610|FIEFVGWLCKKDHTHIREWF,0,HUMAN_BACKGROUND_423369|s04|IVTTSTNDWVVTCGYTIPTCRKLDE,2,0.161372,9.721584,10.488967,9.061005,Frozen score-blind pMHC comparison; technical samples are not biological replicates.
EBV_TCELL_119155::HUMAN_MYELIN_117032,EBV_TCELL_119155,HUMAN_MYELIN_117032,HUMAN_BACKGROUND_423369,32,length_sensitivity_exact_bin_pm7,weak,2,WVVTCGYTI,EBV_TCELL_119155|1773241610|FIEFVGWLCKKDHTHIREWF,0,HUMAN_BACKGROUND_423369|s04|IVTTSTNDWVVTCGYTIPTCRKLDE,3,0.182541,8.453062,8.150219,8.687739,Frozen score-blind pMHC comparison; technical samples are not biological replicates.
EBV_TCELL_119155::HUMAN_MYELIN_117032,EBV_TCELL_119155,HUMAN_MYELIN_117032,HUMAN_BACKGROUND_423369,32,length_sensitivity_exact_bin_pm7,weak,2,WVVTCGYTI,EBV_TCELL_119155|1773241610|FIEFVGWLCKKDHTHIREWF,0,HUMAN_BACKGROUND_423369|s04|IVTTSTNDWVVTCGYTIPTCRKLDE,4,0.163011,13.478525,15.252235,11.870241,Frozen score-blind pMHC comparison; technical samples are not biological replicates.
EBV_TCELL_119155::HUMAN_MYELIN_117032,EBV_TCELL_119155,HUMAN_MYELIN_117032,HUMAN_BACKGROUND_423369,32,length_sensitivity_exact_bin_pm7,weak,2,WVVTCGYTI,EBV_TCELL_119155|1773241610|FIEFVGWLCKKDHTHIREWF,1,HUMAN_BACKGROUND_423369|s04|IVTTSTNDWVVTCGYTIPTCRKLDE,0,0.175242,10.469628,11.733366,9.336278,Frozen score-blind pMHC comparison; technical samples are not biological replicates.
EBV_TCELL_119155::HUMAN_MYELIN_117032,EBV_TCELL_119155,HUMAN_MYELIN_117032,HUMAN_BACKGROUND_423369,32,length_sensitivity_exact_bin_pm7,weak,2,WVVTCGYTI,EBV_TCELL_119155|1773241610|FIEFVGWLCKKDHTHIREWF,1,HUMAN_BACKGROUND_423369|s04|IVTTSTNDWVVTCGYTIPTCRKLDE,1,0.195096,8.013111,8.28394,7.789671,Frozen score-blind pMHC comparison; technical samples are not biological replicates.
EBV_TCELL_119155::HUMAN_MYELIN_117032,EBV_TCELL_119155,HUMAN_MYELIN_117032,HUMAN_BACKGROUND_423369,32,length_sensitivity_exact_bin_pm7,weak,2,WVVTCGYTI,EBV_TCELL_119155|1773241610|FIEFVGWLCKKDHTHIREWF,1,HUMAN_BACKGROUND_423369|s04|IVTTSTNDWVVTCGYTIPTCRKLDE,2,0.184109,9.320896,10.25319,8.501767,Frozen score-blind pMHC comparison; technical samples are not biological replicates.
EBV_TCELL_119155::HUMAN_MYELIN_117032,EBV_TCELL_119155,HUMAN_MYELIN_117032,HUMAN_BACKGROUND_423369,32,length_sensitivity_exact_bin_pm7,weak,2,WVVTCGYTI,EBV_TCELL_119155|1773241610|FIEFVGWLCKKDHTHIREWF,1,HUMAN_BACKGROUND_423369|s04|IVTTSTNDWVVTCGYTIPTCRKLDE,3,0.205762,9.024334,8.62248,9.333367,Frozen score-blind pMHC comparison; technical samples are not biological replicates.
EBV_TCELL_119155::HUMAN_MYELIN_117032,EBV_TCELL_119155,HUMAN_MYELIN_117032,HUMAN_BACKGROUND_423369,32,length_sensitivity_exact_bin_pm7,weak,2,WVVTCGYTI,EBV_TCELL_119155|1773241610|FIEFVGWLCKKDHTHIREWF,1,HUMAN_BACKGROUND_423369|s04|IVTTSTNDWVVTCGYTIPTCRKLDE,4,0.186022,13.527423,15.352707,11.866745,Frozen score-blind pMHC comparison; technical samples are not biological replicates.
EBV_TCELL_119155::HUMAN_MYELIN_117032,EBV_TCELL_119155,HUMAN_MYELIN_117032,HUMAN_BACKGROUND_423369,32,length_sensitivity_exact_bin_pm7,weak,2,WVVTCGYTI,EBV_TCELL_119155|1773241610|FIEFVGWLCKKDHTHIREWF,2,HUMAN_BACKGROUND_423369|s04|IVTTSTNDWVVTCGYTIPTCRKLDE,0,0.234882,10.37031,11.535269,9.334241,Frozen score-blind pMHC comparison; technical samples are not biological replicates.
EBV_TCELL_119155::HUMAN_MYELIN_117032,EBV_TCELL_119155,HUMAN_MYELIN_117032,HUMAN_BACKGROUND_423369,32,length_sensitivity_exact_bin_pm7,weak,2,WVVTCGYTI,EBV_TCELL_119155|1773241610|FIEFVGWLCKKDHTHIREWF,2,HUMAN_BACKGROUND_423369|s04|IVTTSTNDWVVTCGYTIPTCRKLDE,1,0.158291,8.242181,8.494892,8.034291,Frozen score-blind pMHC comparison; technical samples are not biological replicates.
EBV_TCELL_119155::HUMAN_MYELIN_117032,EBV_TCELL_119155,HUMAN_MYELIN_117032,HUMAN_BACKGROUND_423369,32,length_sensitivity_exact_bin_pm7,weak,2,WVVTCGYTI,EBV_TCELL_119155|1773241610|FIEFVGWLCKKDHTHIREWF,2,HUMAN_BACKGROUND_423369|s04|IVTTSTNDWVVTCGYTIPTCRKLDE,2,0.146505,9.354719,10.179008,8.638844,Frozen score-blind pMHC comparison; technical samples are not biological replicates.
EBV_TCELL_119155::HUMAN_MYELIN_117032,EBV_TCELL_119155,HUMAN_MYELIN_117032,HUMAN_BACKGROUND_423369,32,length_sensitivity_exact_bin_pm7,weak,2,WVVTCGYTI,EBV_TCELL_119155|1773241610|FIEFVGWLCKKDHTHIREWF,2,HUMAN_BACKGROUND_423369|s04|IVTTSTNDWVVTCGYTIPTCRKLDE,3,0.177426,8.719435,8.263524,9.067674,Frozen score-blind pMHC comparison; technical samples are not biological replicates.
EBV_TCELL_119155::HUMAN_MYELIN_117032,EBV_TCELL_119155,HUMAN_MYELIN_117032,HUMAN_BACKGROUND_423369,32,length_sensitivity_exact_bin_pm7,weak,2,WVVTCGYTI,EBV_TCELL_119155|1773241610|FIEFVGWLCKKDHTHIREWF,2,HUMAN_BACKGROUND_423369|s04|IVTTSTNDWVVTCGYTIPTCRKLDE,4,0.165173,13.231059,14.952591,11.672433,Frozen score-blind pMHC comparison; technical samples are not biological replicates.
EBV_TCELL_119155::HUMAN_MYELIN_117032,EBV_TCELL_119155,HUMAN_MYELIN_117032,HUMAN_BACKGROUND_423369,32,length_sensitivity_exact_bin_pm7,weak,2,WVVTCGYTI,EBV_TCELL_119155|1773241610|FIEFVGWLCKKDHTHIREWF,3,HUMAN_BACKGROUND_423369|s04|IVTTSTNDWVVTCGYTIPTCRKLDE,0,0.255163,13.982783,14.102759,13.886055,Frozen score-blind pMHC comparison; technical samples are not biological replicates.
EBV_TCELL_119155::HUMAN_MYELIN_117032,EBV_TCELL_119155,HUMAN_MYELIN_117032,HUMAN_BACKGROUND_423369,32,length_sensitivity_exact_bin_pm7,weak,2,WVVTCGYTI,EBV_TCELL_119155|1773241610|FIEFVGWLCKKDHTHIREWF,3,HUMAN_BACKGROUND_423369|s04|IVTTSTNDWVVTCGYTIPTCRKLDE,1,0.255549,17.110976,16.82094,17.339512,Frozen score-blind pMHC comparison; technical samples are not biological replicates.
EBV_TCELL_119155::HUMAN_MYELIN_117032,EBV_TCELL_119155,HUMAN_MYELIN_117032,HUMAN_BACKGROUND_423369,32,length_sensitivity_exact_bin_pm7,weak,2,WVVTCGYTI,EBV_TCELL_119155|1773241610|FIEFVGWLCKKDHTHIREWF,3,HUMAN_BACKGROUND_423369|s04|IVTTSTNDWVVTCGYTIPTCRKLDE,2,0.250488,15.252266,14.948718,15.490823,Frozen score-blind pMHC comparison; technical samples are not biological replicates.
EBV_TCELL_119155::HUMAN_MYELIN_117032,EBV_TCELL_119155,HUMAN_MYELIN_117032,HUMAN_BACKGROUND_423369,32,length_sensitivity_exact_bin_pm7,weak,2,WVVTCGYTI,EBV_TCELL_119155|1773241610|FIEFVGWLCKKDHTHIREWF,3,HUMAN_BACKGROUND_423369|s04|IVTTSTNDWVVTCGYTIPTCRKLDE,3,0.28816,4.284949,3.972555,4.519344,Frozen score-blind pMHC comparison; technical samples are not biological replicates.
EBV_TCELL_119155::HUMAN_MYELIN_117032,EBV_TCELL_119155,HUMAN_MYELIN_117032,HUMAN_BACKGROUND_423369,32,length_sensitivity_exact_bin_pm7,weak,2,WVVTCGYTI,EBV_TCELL_119155|1773241610|FIEFVGWLCKKDHTHIREWF,3,HUMAN_BACKGROUND_423369|s04|IVTTSTNDWVVTCGYTIPTCRKLDE,4,0.236477,14.142363,15.137602,13.292629,Frozen score-blind pMHC comparison; technical samples are not biological replicates.
EBV_TCELL_119155::HUMAN_MYELIN_117032,EBV_TCELL_119155,HUMAN_MYELIN_117032,HUMAN_BACKGROUND_423369,32,length_sensitivity_exact_bin_pm7,weak,2,WVVTCGYTI,EBV_TCELL_119155|1773241610|FIEFVGWLCKKDHTHIREWF,4,HUMAN_BACKGROUND_423369|s04|IVTTSTNDWVVTCGYTIPTCRKLDE,0,0.199613,14.610979,15.085142,14.22027,Frozen score-blind pMHC comparison; technical samples are not biological replicates.
EBV_TCELL_119155::HUMAN_MYELIN_117032,EBV_TCELL_119155,HUMAN_MYELIN_117032,HUMAN_BACKGROUND_423369,32,length_sensitivity_exact_bin_pm7,weak,2,WVVTCGYTI,EBV_TCELL_119155|1773241610|FIEFVGWLCKKDHTHIREWF,4,HUMAN_BACKGROUND_423369|s04|IVTTSTNDWVVTCGYTIPTCRKLDE,1,0.135043,17.737668,17.764187,17.716424,Frozen score-blind pMHC comparison; technical samples are not biological replicates.
EBV_TCELL_119155::HUMAN_MYELIN_117032,EBV_TCELL_119155,HUMAN_MYELIN_117032,HUMAN_BACKGROUND_423369,32,length_sensitivity_exact_bin_pm7,weak,2,WVVTCGYTI,EBV_TCELL_119155|1773241610|FIEFVGWLCKKDHTHIREWF,4,HUMAN_BACKGROUND_423369|s04|IVTTSTNDWVVTCGYTIPTCRKLDE,2,0.150676,15.873433,15.919182,15.836738,Frozen score-blind pMHC comparison; technical samples are not biological replicates.
EBV_TCELL_119155::HUMAN_MYELIN_117032,EBV_TCELL_119155,HUMAN_MYELIN_117032,HUMAN_BACKGROUND_423369,32,length_sensitivity_exact_bin_pm7,weak,2,WVVTCGYTI,EBV_TCELL_119155|1773241610|FIEFVGWLCKKDHTHIREWF,4,HUMAN_BACKGROUND_423369|s04|IVTTSTNDWVVTCGYTIPTCRKLDE,3,0.172352,5.803143,5.959648,5.674833,Frozen score-blind pMHC comparison; technical samples are not biological replicates.
EBV_TCELL_119155::HUMAN_MYELIN_117032,EBV_TCELL_119155,HUMAN_MYELIN_117032,HUMAN_BACKGROUND_423369,32,length_sensitivity_exact_bin_pm7,weak,2,WVVTCGYTI,EBV_TCELL_119155|1773241610|FIEFVGWLCKKDHTHIREWF,4,HUMAN_BACKGROUND_423369|s04|IVTTSTNDWVVTCGYTIPTCRKLDE,4,0.147719,14.992274,16.65226,13.518311,Frozen score-blind pMHC comparison; technical samples are not biological replicates.
EBV_TCELL_149795::HUMAN_MYELIN_117032,EBV_TCELL_149795,HUMAN_MYELIN_117032,HUMAN_BACKGROUND_423369,32,length_sensitivity_exact_bin_pm7,weak,2,WVVTCGYTI,EBV_TCELL_149795|3|LDLDFGQLTPHTKAVYQPRG,0,HUMAN_BACKGROUND_423369|s04|IVTTSTNDWVVTCGYTIPTCRKLDE,0,0.224834,21.952697,21.940425,21.962511,Frozen score-blind pMHC comparison; technical samples are not biological replicates.
EBV_TCELL_149795::HUMAN_MYELIN_117032,EBV_TCELL_149795,HUMAN_MYELIN_117032,HUMAN_BACKGROUND_423369,32,length_sensitivity_exact_bin_pm7,weak,2,WVVTCGYTI,EBV_TCELL_149795|3|LDLDFGQLTPHTKAVYQPRG,0,HUMAN_BACKGROUND_423369|s04|IVTTSTNDWVVTCGYTIPTCRKLDE,1,0.184294,26.801535,26.749206,26.843325,Frozen score-blind pMHC comparison; technical samples are not biological replicates.
EBV_TCELL_149795::HUMAN_MYELIN_117032,EBV_TCELL_149795,HUMAN_MYELIN_117032,HUMAN_BACKGROUND_423369,32,length_sensitivity_exact_bin_pm7,weak,2,WVVTCGYTI,EBV_TCELL_149795|3|LDLDFGQLTPHTKAVYQPRG,0,HUMAN_BACKGROUND_423369|s04|IVTTSTNDWVVTCGYTIPTCRKLDE,2,0.16861,23.930187,23.604084,24.187904,Frozen score-blind pMHC comparison; technical samples are not biological replicates.
EBV_TCELL_149795::HUMAN_MYELIN_117032,EBV_TCELL_149795,HUMAN_MYELIN_117032,HUMAN_BACKGROUND_423369,32,length_sensitivity_exact_bin_pm7,weak,2,WVVTCGYTI,EBV_TCELL_149795|3|LDLDFGQLTPHTKAVYQPRG,0,HUMAN_BACKGROUND_423369|s04|IVTTSTNDWVVTCGYTIPTCRKLDE,3,0.182762,13.482803,13.903883,13.136224,Frozen score-blind pMHC comparison; technical samples are not biological replicates.
EBV_TCELL_149795::HUMAN_MYELIN_117032,EBV_TCELL_149795,HUMAN_MYELIN_117032,HUMAN_BACKGROUND_423369,32,length_sensitivity_exact_bin_pm7,weak,2,WVVTCGYTI,EBV_TCELL_149795|3|LDLDFGQLTPHTKAVYQPRG,0,HUMAN_BACKGROUND_423369|s04|IVTTSTNDWVVTCGYTIPTCRKLDE,4,0.192873,20.978196,22.186162,19.959255,Frozen score-blind pMHC comparison; technical samples are not biological replicates.
EBV_TCELL_149795::HUMAN_MYELIN_117032,EBV_TCELL_149795,HUMAN_MYELIN_117032,HUMAN_BACKGROUND_423369,32,length_sensitivity_exact_bin_pm7,weak,2,WVVTCGYTI,EBV_TCELL_149795|3|LDLDFGQLTPHTKAVYQPRG,1,HUMAN_BACKGROUND_423369|s04|IVTTSTNDWVVTCGYTIPTCRKLDE,0,0.224594,22.003671,21.9226,22.068313,Frozen score-blind pMHC comparison; technical samples are not biological replicates.
EBV_TCELL_149795::HUMAN_MYELIN_117032,EBV_TCELL_149795,HUMAN_MYELIN_117032,HUMAN_BACKGROUND_423369,32,length_sensitivity_exact_bin_pm7,weak,2,WVVTCGYTI,EBV_TCELL_149795|3|LDLDFGQLTPHTKAVYQPRG,1,HUMAN_BACKGROUND_423369|s04|IVTTSTNDWVVTCGYTIPTCRKLDE,1,0.180471,26.800986,26.67874,26.898383,Frozen score-blind pMHC comparison; technical samples are not biological replicates.
EBV_TCELL_149795::HUMAN_MYELIN_117032,EBV_TCELL_149795,HUMAN_MYELIN_117032,HUMAN_BACKGROUND_423369,32,length_sensitivity_exact_bin_pm7,weak,2,WVVTCGYTI,EBV_TCELL_149795|3|LDLDFGQLTPHTKAVYQPRG,1,HUMAN_BACKGROUND_423369|s04|IVTTSTNDWVVTCGYTIPTCRKLDE,2,0.174845,23.952543,23.56512,24.258027,Frozen score-blind pMHC comparison; technical samples are not biological replicates.
EBV_TCELL_149795::HUMAN_MYELIN_117032,EBV_TCELL_149795,HUMAN_MYELIN_117032,HUMAN_BACKGROUND_423369,32,length_sensitivity_exact_bin_pm7,weak,2,WVVTCGYTI,EBV_TCELL_149795|3|LDLDFGQLTPHTKAVYQPRG,1,HUMAN_BACKGROUND_423369|s04|IVTTSTNDWVVTCGYTIPTCRKLDE,3,0.190902,13.475107,13.785114,13.221869,Frozen score-blind pMHC comparison; technical samples are not biological replicates.
EBV_TCELL_149795::HUMAN_MYELIN_117032,EBV_TCELL_149795,HUMAN_MYELIN_117032,HUMAN_BACKGROUND_423369,32,length_sensitivity_exact_bin_pm7,weak,2,WVVTCGYTI,EBV_TCELL_149795|3|LDLDFGQLTPHTKAVYQPRG,1,HUMAN_BACKGROUND_423369|s04|IVTTSTNDWVVTCGYTIPTCRKLDE,4,0.170909,21.009262,22.111777,20.08372,Frozen score-blind pMHC comparison; technical samples are not biological replicates.
EBV_TCELL_149795::HUMAN_MYELIN_117032,EBV_TCELL_149795,HUMAN_MYELIN_117032,HUMAN_BACKGROUND_423369,32,length_sensitivity_exact_bin_pm7,weak,2,WVVTCGYTI,EBV_TCELL_149795|3|LDLDFGQLTPHTKAVYQPRG,2,HUMAN_BACKGROUND_423369|s04|IVTTSTNDWVVTCGYTIPTCRKLDE,0,0.24255,10.919001,11.313402,10.592912,Frozen score-blind pMHC comparison; technical samples are not biological replicates.
EBV_TCELL_149795::HUMAN_MYELIN_117032,EBV_TCELL_149795,HUMAN_MYELIN_117032,HUMAN_BACKGROUND_423369,32,length_sensitivity_exact_bin_pm7,weak,2,WVVTCGYTI,EBV_TCELL_149795|3|LDLDFGQLTPHTKAVYQPRG,2,HUMAN_BACKGROUND_423369|s04|IVTTSTNDWVVTCGYTIPTCRKLDE,1,0.184359,19.846019,20.77444,19.070768,Frozen score-blind pMHC comparison; technical samples are not biological replicates.
EBV_TCELL_149795::HUMAN_MYELIN_117032,EBV_TCELL_149795,HUMAN_MYELIN_117032,HUMAN_BACKGROUND_423369,32,length_sensitivity_exact_bin_pm7,weak,2,WVVTCGYTI,EBV_TCELL_149795|3|LDLDFGQLTPHTKAVYQPRG,2,HUMAN_BACKGROUND_423369|s04|IVTTSTNDWVVTCGYTIPTCRKLDE,2,0.181444,14.212359,14.293099,14.147434,Frozen score-blind pMHC comparison; technical samples are not biological replicates.
EBV_TCELL_149795::HUMAN_MYELIN_117032,EBV_TCELL_149795,HUMAN_MYELIN_117032,HUMAN_BACKGROUND_423369,32,length_sensitivity_exact_bin_pm7,weak,2,WVVTCGYTI,EBV_TCELL_149795|3|LDLDFGQLTPHTKAVYQPRG,2,HUMAN_BACKGROUND_423369|s04|IVTTSTNDWVVTCGYTIPTCRKLDE,3,0.164372,13.671339,15.216937,12.295762,Frozen score-blind pMHC comparison; technical samples are not biological replicates.
EBV_TCELL_149795::HUMAN_MYELIN_117032,EBV_TCELL_149795,HUMAN_MYELIN_117032,HUMAN_BACKGROUND_423369,32,length_sensitivity_exact_bin_pm7,weak,2,WVVTCGYTI,EBV_TCELL_149795|3|LDLDFGQLTPHTKAVYQPRG,2,HUMAN_BACKGROUND_423369|s04|IVTTSTNDWVVTCGYTIPTCRKLDE,4,0.194723,5.665409,5.710014,5.629471,Frozen score-blind pMHC comparison; technical samples are not biological replicates.
EBV_TCELL_149795::HUMAN_MYELIN_117032,EBV_TCELL_149795,HUMAN_MYELIN_117032,HUMAN_BACKGROUND_423369,32,length_sensitivity_exact_bin_pm7,weak,2,WVVTCGYTI,EBV_TCELL_149795|3|LDLDFGQLTPHTKAVYQPRG,3,HUMAN_BACKGROUND_423369|s04|IVTTSTNDWVVTCGYTIPTCRKLDE,0,0.238438,9.511601,10.711348,8.429745,Frozen score-blind pMHC comparison; technical samples are not biological replicates.
EBV_TCELL_149795::HUMAN_MYELIN_117032,EBV_TCELL_149795,HUMAN_MYELIN_117032,HUMAN_BACKGROUND_423369,32,length_sensitivity_exact_bin_pm7,weak,2,WVVTCGYTI,EBV_TCELL_149795|3|LDLDFGQLTPHTKAVYQPRG,3,HUMAN_BACKGROUND_423369|s04|IVTTSTNDWVVTCGYTIPTCRKLDE,1,0.157738,18.098497,19.577223,16.822186,Frozen score-blind pMHC comparison; technical samples are not biological replicates.
EBV_TCELL_149795::HUMAN_MYELIN_117032,EBV_TCELL_149795,HUMAN_MYELIN_117032,HUMAN_BACKGROUND_423369,32,length_sensitivity_exact_bin_pm7,weak,2,WVVTCGYTI,EBV_TCELL_149795|3|LDLDFGQLTPHTKAVYQPRG,3,HUMAN_BACKGROUND_423369|s04|IVTTSTNDWVVTCGYTIPTCRKLDE,2,0.172526,12.584723,13.39128,11.900182,Frozen score-blind pMHC comparison; technical samples are not biological replicates.
EBV_TCELL_149795::HUMAN_MYELIN_117032,EBV_TCELL_149795,HUMAN_MYELIN_117032,HUMAN_BACKGROUND_423369,32,length_sensitivity_exact_bin_pm7,weak,2,WVVTCGYTI,EBV_TCELL_149795|3|LDLDFGQLTPHTKAVYQPRG,3,HUMAN_BACKGROUND_423369|s04|IVTTSTNDWVVTCGYTIPTCRKLDE,3,0.142793,14.036309,15.660002,12.587447,Frozen score-blind pMHC comparison; technical samples are not biological replicates.
EBV_TCELL_149795::HUMAN_MYELIN_117032,EBV_TCELL_149795,HUMAN_MYELIN_117032,HUMAN_BACKGROUND_423369,32,length_sensitivity_exact_bin_pm7,weak,2,WVVTCGYTI,EBV_TCELL_149795|3|LDLDFGQLTPHTKAVYQPRG,3,HUMAN_BACKGROUND_423369|s04|IVTTSTNDWVVTCGYTIPTCRKLDE,4,0.17555,4.202959,4.420721,4.020266,Frozen score-blind pMHC comparison; technical samples are not biological replicates.
EBV_TCELL_149795::HUMAN_MYELIN_117032,EBV_TCELL_149795,HUMAN_MYELIN_117032,HUMAN_BACKGROUND_423369,32,length_sensitivity_exact_bin_pm7,weak,2,WVVTCGYTI,EBV_TCELL_149795|3|LDLDFGQLTPHTKAVYQPRG,4,HUMAN_BACKGROUND_423369|s04|IVTTSTNDWVVTCGYTIPTCRKLDE,0,0.197848,9.474027,10.611093,8.45498,Frozen score-blind pMHC comparison; technical samples are not biological replicates.
EBV_TCELL_149795::HUMAN_MYELIN_117032,EBV_TCELL_149795,HUMAN_MYELIN_117032,HUMAN_BACKGROUND_423369,32,length_sensitivity_exact_bin_pm7,weak,2,WVVTCGYTI,EBV_TCELL_149795|3|LDLDFGQLTPHTKAVYQPRG,4,HUMAN_BACKGROUND_423369|s04|IVTTSTNDWVVTCGYTIPTCRKLDE,1,0.164178,18.068488,19.504155,16.832018,Frozen score-blind pMHC comparison; technical samples are not biological replicates.
EBV_TCELL_149795::HUMAN_MYELIN_117032,EBV_TCELL_149795,HUMAN_MYELIN_117032,HUMAN_BACKGROUND_423369,32,length_sensitivity_exact_bin_pm7,weak,2,WVVTCGYTI,EBV_TCELL_149795|3|LDLDFGQLTPHTKAVYQPRG,4,HUMAN_BACKGROUND_423369|s04|IVTTSTNDWVVTCGYTIPTCRKLDE,2,0.162921,12.559549,13.29822,11.935744,Frozen score-blind pMHC comparison; technical samples are not biological replicates.
EBV_TCELL_149795::HUMAN_MYELIN_117032,EBV_TCELL_149795,HUMAN_MYELIN_117032,HUMAN_BACKGROUND_423369,32,length_sensitivity_exact_bin_pm7,weak,2,WVVTCGYTI,EBV_TCELL_149795|3|LDLDFGQLTPHTKAVYQPRG,4,HUMAN_BACKGROUND_423369|s04|IVTTSTNDWVVTCGYTIPTCRKLDE,3,0.147975,13.987314,15.598825,12.54999,Frozen score-blind pMHC comparison; technical samples are not biological replicates.
EBV_TCELL_149795::HUMAN_MYELIN_117032,EBV_TCELL_149795,HUMAN_MYELIN_117032,HUMAN_BACKGROUND_423369,32,length_sensitivity_exact_bin_pm7,weak,2,WVVTCGYTI,EBV_TCELL_149795|3|LDLDFGQLTPHTKAVYQPRG,4,HUMAN_BACKGROUND_423369|s04|IVTTSTNDWVVTCGYTIPTCRKLDE,4,0.183908,4.216038,4.427564,4.038849,Frozen score-blind pMHC comparison; technical samples are not biological replicates.
EBV_TCELL_149795::HUMAN_MYELIN_117032,EBV_TCELL_149795,HUMAN_MYELIN_117032,HUMAN_BACKGROUND_423369,32,length_sensitivity_exact_bin_pm7,weak,2,WVVTCGYTI,EBV_TCELL_149795|355905527|LDLDFGQLTPHTKAVYQPRG,0,HUMAN_BACKGROUND_423369|s04|IVTTSTNDWVVTCGYTIPTCRKLDE,0,0.234888,21.73439,21.478598,21.936876,Frozen score-blind pMHC comparison; technical samples are not biological replicates.
EBV_TCELL_149795::HUMAN_MYELIN_117032,EBV_TCELL_149795,HUMAN_MYELIN_117032,HUMAN_BACKGROUND_423369,32,length_sensitivity_exact_bin_pm7,weak,2,WVVTCGYTI,EBV_TCELL_149795|355905527|LDLDFGQLTPHTKAVYQPRG,0,HUMAN_BACKGROUND_423369|s04|IVTTSTNDWVVTCGYTIPTCRKLDE,1,0.138218,26.603132,26.327802,26.821361,Frozen score-blind pMHC comparison; technical samples are not biological replicates.
EBV_TCELL_149795::HUMAN_MYELIN_117032,EBV_TCELL_149795,HUMAN_MYELIN_117032,HUMAN_BACKGROUND_423369,32,length_sensitivity_exact_bin_pm7,weak,2,WVVTCGYTI,EBV_TCELL_149795|355905527|LDLDFGQLTPHTKAVYQPRG,0,HUMAN_BACKGROUND_423369|s04|IVTTSTNDWVVTCGYTIPTCRKLDE,2,0.141264,23.722578,23.155823,24.166414,Frozen score-blind pMHC comparison; technical samples are not biological replicates.
EBV_TCELL_149795::HUMAN_MYELIN_117032,EBV_TCELL_149795,HUMAN_MYELIN_117032,HUMAN_BACKGROUND_423369,32,length_sensitivity_exact_bin_pm7,weak,2,WVVTCGYTI,EBV_TCELL_149795|355905527|LDLDFGQLTPHTKAVYQPRG,0,HUMAN_BACKGROUND_423369|s04|IVTTSTNDWVVTCGYTIPTCRKLDE,3,0.11148,13.448302,13.727094,13.221036,Frozen score-blind pMHC comparison; technical samples are not biological replicates.
EBV_TCELL_149795::HUMAN_MYELIN_117032,EBV_TCELL_149795,HUMAN_MYELIN_117032,HUMAN_BACKGROUND_423369,32,length_sensitivity_exact_bin_pm7,weak,2,WVVTCGYTI,EBV_TCELL_149795|355905527|LDLDFGQLTPHTKAVYQPRG,0,HUMAN_BACKGROUND_423369|s04|IVTTSTNDWVVTCGYTIPTCRKLDE,4,0.166505,20.795159,21.821892,19.935737,Frozen score-blind pMHC comparison; technical samples are not biological replicates.
EBV_TCELL_149795::HUMAN_MYELIN_117032,EBV_TCELL_149795,HUMAN_MYELIN_117032,HUMAN_BACKGROUND_423369,32,length_sensitivity_exact_bin_pm7,weak,2,WVVTCGYTI,EBV_TCELL_149795|355905527|LDLDFGQLTPHTKAVYQPRG,1,HUMAN_BACKGROUND_423369|s04|IVTTSTNDWVVTCGYTIPTCRKLDE,0,0.153596,21.703311,21.62493,21.765812,Frozen score-blind pMHC comparison; technical samples are not biological replicates.
EBV_TCELL_149795::HUMAN_MYELIN_117032,EBV_TCELL_149795,HUMAN_MYELIN_117032,HUMAN_BACKGROUND_423369,32,length_sensitivity_exact_bin_pm7,weak,2,WVVTCGYTI,EBV_TCELL_149795|355905527|LDLDFGQLTPHTKAVYQPRG,1,HUMAN_BACKGROUND_423369|s04|IVTTSTNDWVVTCGYTIPTCRKLDE,1,0.174398,26.567313,26.430821,26.676004,Frozen score-blind pMHC comparison; technical samples are not biological replicates.
EBV_TCELL_149795::HUMAN_MYELIN_117032,EBV_TCELL_149795,HUMAN_MYELIN_117032,HUMAN_BACKGROUND_423369,32,length_sensitivity_exact_bin_pm7,weak,2,WVVTCGYTI,EBV_TCELL_149795|355905527|LDLDFGQLTPHTKAVYQPRG,1,HUMAN_BACKGROUND_423369|s04|IVTTSTNDWVVTCGYTIPTCRKLDE,2,0.173337,23.689306,23.290041,24.003936,Frozen score-blind pMHC comparison; technical samples are not biological replicates.
EBV_TCELL_149795::HUMAN_MYELIN_117032,EBV_TCELL_149795,HUMAN_MYELIN_117032,HUMAN_BACKGROUND_423369,32,length_sensitivity_exact_bin_pm7,weak,2,WVVTCGYTI,EBV_TCELL_149795|355905527|LDLDFGQLTPHTKAVYQPRG,1,HUMAN_BACKGROUND_423369|s04|IVTTSTNDWVVTCGYTIPTCRKLDE,3,0.200432,13.0824,13.450199,12.780542,Frozen score-blind pMHC comparison; technical samples are not biological replicates.
EBV_TCELL_149795::HUMAN_MYELIN_117032,EBV_TCELL_149795,HUMAN_MYELIN_117032,HUMAN_BACKGROUND_423369,32,length_sensitivity_exact_bin_pm7,weak,2,WVVTCGYTI,EBV_TCELL_149795|355905527|LDLDFGQLTPHTKAVYQPRG,1,HUMAN_BACKGROUND_423369|s04|IVTTSTNDWVVTCGYTIPTCRKLDE,4,0.173546,20.712346,21.841262,19.762837,Frozen score-blind pMHC comparison; technical samples are not biological replicates.
EBV_TCELL_149795::HUMAN_MYELIN_117032,EBV_TCELL_149795,HUMAN_MYELIN_117032,HUMAN_BACKGROUND_423369,32,length_sensitivity_exact_bin_pm7,weak,2,WVVTCGYTI,EBV_TCELL_149795|355905527|LDLDFGQLTPHTKAVYQPRG,2,HUMAN_BACKGROUND_423369|s04|IVTTSTNDWVVTCGYTIPTCRKLDE,0,0.228133,12.574899,13.197651,12.053554,Frozen score-blind pMHC comparison; technical samples are not biological replicates.
EBV_TCELL_149795::HUMAN_MYELIN_117032,EBV_TCELL_149795,HUMAN_MYELIN_117032,HUMAN_BACKGROUND_423369,32,length_sensitivity_exact_bin_pm7,weak,2,WVVTCGYTI,EBV_TCELL_149795|355905527|LDLDFGQLTPHTKAVYQPRG,2,HUMAN_BACKGROUND_423369|s04|IVTTSTNDWVVTCGYTIPTCRKLDE,1,0.155615,21.739659,22.846867,20.811523,Frozen score-blind pMHC comparison; technical samples are not biological replicates.
EBV_TCELL_149795::HUMAN_MYELIN_117032,EBV_TCELL_149795,HUMAN_MYELIN_117032,HUMAN_BACKGROUND_423369,32,length_sensitivity_exact_bin_pm7,weak,2,WVVTCGYTI,EBV_TCELL_149795|355905527|LDLDFGQLTPHTKAVYQPRG,2,HUMAN_BACKGROUND_423369|s04|IVTTSTNDWVVTCGYTIPTCRKLDE,2,0.164482,16.055834,16.405754,15.770309,Frozen score-blind pMHC comparison; technical samples are not biological replicates.
EBV_TCELL_149795::HUMAN_MYELIN_117032,EBV_TCELL_149795,HUMAN_MYELIN_117032,HUMAN_BACKGROUND_423369,32,length_sensitivity_exact_bin_pm7,weak,2,WVVTCGYTI,EBV_TCELL_149795|355905527|LDLDFGQLTPHTKAVYQPRG,2,HUMAN_BACKGROUND_423369|s04|IVTTSTNDWVVTCGYTIPTCRKLDE,3,0.159262,13.771155,15.65401,12.05496,Frozen score-blind pMHC comparison; technical samples are not biological replicates.
EBV_TCELL_149795::HUMAN_MYELIN_117032,EBV_TCELL_149795,HUMAN_MYELIN_117032,HUMAN_BACKGROUND_423369,32,length_sensitivity_exact_bin_pm7,weak,2,WVVTCGYTI,EBV_TCELL_149795|355905527|LDLDFGQLTPHTKAVYQPRG,2,HUMAN_BACKGROUND_423369|s04|IVTTSTNDWVVTCGYTIPTCRKLDE,4,0.171241,7.643017,8.2196,7.148343,Frozen score-blind pMHC comparison; technical samples are not biological replicates.
EBV_TCELL_149795::HUMAN_MYELIN_117032,EBV_TCELL_149795,HUMAN_MYELIN_117032,HUMAN_BACKGROUND_423369,32,length_sensitivity_exact_bin_pm7,weak,2,WVVTCGYTI,EBV_TCELL_149795|355905527|LDLDFGQLTPHTKAVYQPRG,3,HUMAN_BACKGROUND_423369|s04|IVTTSTNDWVVTCGYTIPTCRKLDE,0,0.277443,14.36207,14.853226,13.956706,Frozen score-blind pMHC comparison; technical samples are not biological replicates.
EBV_TCELL_149795::HUMAN_MYELIN_117032,EBV_TCELL_149795,HUMAN_MYELIN_117032,HUMAN_BACKGROUND_423369,32,length_sensitivity_exact_bin_pm7,weak,2,WVVTCGYTI,EBV_TCELL_149795|355905527|LDLDFGQLTPHTKAVYQPRG,3,HUMAN_BACKGROUND_423369|s04|IVTTSTNDWVVTCGYTIPTCRKLDE,1,0.173192,17.539719,17.551394,17.530374,Frozen score-blind pMHC comparison; technical samples are not biological replicates.
EBV_TCELL_149795::HUMAN_MYELIN_117032,EBV_TCELL_149795,HUMAN_MYELIN_117032,HUMAN_BACKGROUND_423369,32,length_sensitivity_exact_bin_pm7,weak,2,WVVTCGYTI,EBV_TCELL_149795|355905527|LDLDFGQLTPHTKAVYQPRG,3,HUMAN_BACKGROUND_423369|s04|IVTTSTNDWVVTCGYTIPTCRKLDE,2,0.174475,15.646418,15.683306,15.616845,Frozen score-blind pMHC comparison; technical samples are not biological replicates.
EBV_TCELL_149795::HUMAN_MYELIN_117032,EBV_TCELL_149795,HUMAN_MYELIN_117032,HUMAN_BACKGROUND_423369,32,length_sensitivity_exact_bin_pm7,weak,2,WVVTCGYTI,EBV_TCELL_149795|355905527|LDLDFGQLTPHTKAVYQPRG,3,HUMAN_BACKGROUND_423369|s04|IVTTSTNDWVVTCGYTIPTCRKLDE,3,0.134504,5.455698,5.653237,5.292361,Frozen score-blind pMHC comparison; technical samples are not biological replicates.
EBV_TCELL_149795::HUMAN_MYELIN_117032,EBV_TCELL_149795,HUMAN_MYELIN_117032,HUMAN_BACKGROUND_423369,32,length_sensitivity_exact_bin_pm7,weak,2,WVVTCGYTI,EBV_TCELL_149795|355905527|LDLDFGQLTPHTKAVYQPRG,3,HUMAN_BACKGROUND_423369|s04|IVTTSTNDWVVTCGYTIPTCRKLDE,4,0.188682,14.72708,16.377756,13.2594,Frozen score-blind pMHC comparison; technical samples are not biological replicates.
EBV_TCELL_149795::HUMAN_MYELIN_117032,EBV_TCELL_149795,HUMAN_MYELIN_117032,HUMAN_BACKGROUND_423369,32,length_sensitivity_exact_bin_pm7,weak,2,WVVTCGYTI,EBV_TCELL_149795|355905527|LDLDFGQLTPHTKAVYQPRG,4,HUMAN_BACKGROUND_423369|s04|IVTTSTNDWVVTCGYTIPTCRKLDE,0,0.281474,11.56771,11.604997,11.537794,Frozen score-blind pMHC comparison; technical samples are not biological replicates.
EBV_TCELL_149795::HUMAN_MYELIN_117032,EBV_TCELL_149795,HUMAN_MYELIN_117032,HUMAN_BACKGROUND_423369,32,length_sensitivity_exact_bin_pm7,weak,2,WVVTCGYTI,EBV_TCELL_149795|355905527|LDLDFGQLTPHTKAVYQPRG,4,HUMAN_BACKGROUND_423369|s04|IVTTSTNDWVVTCGYTIPTCRKLDE,1,0.189534,20.413013,21.130636,19.820216,Frozen score-blind pMHC comparison; technical samples are not biological replicates.
EBV_TCELL_149795::HUMAN_MYELIN_117032,EBV_TCELL_149795,HUMAN_MYELIN_117032,HUMAN_BACKGROUND_423369,32,length_sensitivity_exact_bin_pm7,weak,2,WVVTCGYTI,EBV_TCELL_149795|355905527|LDLDFGQLTPHTKAVYQPRG,4,HUMAN_BACKGROUND_423369|s04|IVTTSTNDWVVTCGYTIPTCRKLDE,2,0.194129,14.898223,14.678359,15.071806,Frozen score-blind pMHC comparison; technical samples are not biological replicates.
EBV_TCELL_149795::HUMAN_MYELIN_117032,EBV_TCELL_149795,HUMAN_MYELIN_117032,HUMAN_BACKGROUND_423369,32,length_sensitivity_exact_bin_pm7,weak,2,WVVTCGYTI,EBV_TCELL_149795|355905527|LDLDFGQLTPHTKAVYQPRG,4,HUMAN_BACKGROUND_423369|s04|IVTTSTNDWVVTCGYTIPTCRKLDE,3,0.160028,12.974753,14.867769,11.232948,Frozen score-blind pMHC comparison; technical samples are not biological replicates.
EBV_TCELL_149795::HUMAN_MYELIN_117032,EBV_TCELL_149795,HUMAN_MYELIN_117032,HUMAN_BACKGROUND_423369,32,length_sensitivity_exact_bin_pm7,weak,2,WVVTCGYTI,EBV_TCELL_149795|355905527|LDLDFGQLTPHTKAVYQPRG,4,HUMAN_BACKGROUND_423369|s04|IVTTSTNDWVVTCGYTIPTCRKLDE,4,0.208173,6.733912,7.028459,6.488654,Frozen score-blind pMHC comparison; technical samples are not biological replicates.
EBV_TCELL_1862913::HUMAN_MYELIN_117032,EBV_TCELL_1862913,HUMAN_MYELIN_117032,HUMAN_BACKGROUND_423369,32,length_sensitivity_exact_bin_pm7,weak,2,WVVTCGYTI,EBV_TCELL_1862913|15|NILRIYYSPSIMHRYAVVQP,0,HUMAN_BACKGROUND_423369|s04|IVTTSTNDWVVTCGYTIPTCRKLDE,0,0.188769,10.83256,11.911346,9.885126,Frozen score-blind pMHC comparison; technical samples are not biological replicates.
EBV_TCELL_1862913::HUMAN_MYELIN_117032,EBV_TCELL_1862913,HUMAN_MYELIN_117032,HUMAN_BACKGROUND_423369,32,length_sensitivity_exact_bin_pm7,weak,2,WVVTCGYTI,EBV_TCELL_1862913|15|NILRIYYSPSIMHRYAVVQP,0,HUMAN_BACKGROUND_423369|s04|IVTTSTNDWVVTCGYTIPTCRKLDE,1,0.213636,8.854257,8.909556,8.809767,Frozen score-blind pMHC comparison; technical samples are not biological replicates.
EBV_TCELL_1862913::HUMAN_MYELIN_117032,EBV_TCELL_1862913,HUMAN_MYELIN_117032,HUMAN_BACKGROUND_423369,32,length_sensitivity_exact_bin_pm7,weak,2,WVVTCGYTI,EBV_TCELL_1862913|15|NILRIYYSPSIMHRYAVVQP,0,HUMAN_BACKGROUND_423369|s04|IVTTSTNDWVVTCGYTIPTCRKLDE,2,0.208045,9.94451,10.59833,9.388729,Frozen score-blind pMHC comparison; technical samples are not biological replicates.
EBV_TCELL_1862913::HUMAN_MYELIN_117032,EBV_TCELL_1862913,HUMAN_MYELIN_117032,HUMAN_BACKGROUND_423369,32,length_sensitivity_exact_bin_pm7,weak,2,WVVTCGYTI,EBV_TCELL_1862913|15|NILRIYYSPSIMHRYAVVQP,0,HUMAN_BACKGROUND_423369|s04|IVTTSTNDWVVTCGYTIPTCRKLDE,3,0.216796,8.360148,7.915794,8.699304,Frozen score-blind pMHC comparison; technical samples are not biological replicates.
EBV_TCELL_1862913::HUMAN_MYELIN_117032,EBV_TCELL_1862913,HUMAN_MYELIN_117032,HUMAN_BACKGROUND_423369,32,length_sensitivity_exact_bin_pm7,weak,2,WVVTCGYTI,EBV_TCELL_1862913|15|NILRIYYSPSIMHRYAVVQP,0,HUMAN_BACKGROUND_423369|s04|IVTTSTNDWVVTCGYTIPTCRKLDE,4,0.207155,13.436233,14.970395,12.069303,Frozen score-blind pMHC comparison; technical samples are not biological replicates.
EBV_TCELL_1862913::HUMAN_MYELIN_117032,EBV_TCELL_1862913,HUMAN_MYELIN_117032,HUMAN_BACKGROUND_423369,32,length_sensitivity_exact_bin_pm7,weak,2,WVVTCGYTI,EBV_TCELL_1862913|15|NILRIYYSPSIMHRYAVVQP,1,HUMAN_BACKGROUND_423369|s04|IVTTSTNDWVVTCGYTIPTCRKLDE,0,0.432717,10.700238,11.829204,9.702944,Frozen score-blind pMHC comparison; technical samples are not biological replicates.
EBV_TCELL_1862913::HUMAN_MYELIN_117032,EBV_TCELL_1862913,HUMAN_MYELIN_117032,HUMAN_BACKGROUND_423369,32,length_sensitivity_exact_bin_pm7,weak,2,WVVTCGYTI,EBV_TCELL_1862913|15|NILRIYYSPSIMHRYAVVQP,1,HUMAN_BACKGROUND_423369|s04|IVTTSTNDWVVTCGYTIPTCRKLDE,1,0.278342,8.876636,9.083482,8.707621,Frozen score-blind pMHC comparison; technical samples are not biological replicates.
EBV_TCELL_1862913::HUMAN_MYELIN_117032,EBV_TCELL_1862913,HUMAN_MYELIN_117032,HUMAN_BACKGROUND_423369,32,length_sensitivity_exact_bin_pm7,weak,2,WVVTCGYTI,EBV_TCELL_1862913|15|NILRIYYSPSIMHRYAVVQP,1,HUMAN_BACKGROUND_423369|s04|IVTTSTNDWVVTCGYTIPTCRKLDE,2,0.294282,9.833513,10.598343,9.175862,Frozen score-blind pMHC comparison; technical samples are not biological replicates.
EBV_TCELL_1862913::HUMAN_MYELIN_117032,EBV_TCELL_1862913,HUMAN_MYELIN_117032,HUMAN_BACKGROUND_423369,32,length_sensitivity_exact_bin_pm7,weak,2,WVVTCGYTI,EBV_TCELL_1862913|15|NILRIYYSPSIMHRYAVVQP,1,HUMAN_BACKGROUND_423369|s04|IVTTSTNDWVVTCGYTIPTCRKLDE,3,0.24227,8.046278,7.633092,8.36214,Frozen score-blind pMHC comparison; technical samples are not biological replicates.
EBV_TCELL_1862913::HUMAN_MYELIN_117032,EBV_TCELL_1862913,HUMAN_MYELIN_117032,HUMAN_BACKGROUND_423369,32,length_sensitivity_exact_bin_pm7,weak,2,WVVTCGYTI,EBV_TCELL_1862913|15|NILRIYYSPSIMHRYAVVQP,1,HUMAN_BACKGROUND_423369|s04|IVTTSTNDWVVTCGYTIPTCRKLDE,4,0.297389,13.421723,15.135112,11.874319,Frozen score-blind pMHC comparison; technical samples are not biological replicates.
EBV_TCELL_1862913::HUMAN_MYELIN_117032,EBV_TCELL_1862913,HUMAN_MYELIN_117032,HUMAN_BACKGROUND_423369,32,length_sensitivity_exact_bin_pm7,weak,2,WVVTCGYTI,EBV_TCELL_1862913|15|NILRIYYSPSIMHRYAVVQP,2,HUMAN_BACKGROUND_423369|s04|IVTTSTNDWVVTCGYTIPTCRKLDE,0,0.177614,12.334985,12.81199,11.939668,Frozen score-blind pMHC comparison; technical samples are not biological replicates.
EBV_TCELL_1862913::HUMAN_MYELIN_117032,EBV_TCELL_1862913,HUMAN_MYELIN_117032,HUMAN_BACKGROUND_423369,32,length_sensitivity_exact_bin_pm7,weak,2,WVVTCGYTI,EBV_TCELL_1862913|15|NILRIYYSPSIMHRYAVVQP,2,HUMAN_BACKGROUND_423369|s04|IVTTSTNDWVVTCGYTIPTCRKLDE,1,0.18765,21.59583,22.641348,20.721469,Frozen score-blind pMHC comparison; technical samples are not biological replicates.
EBV_TCELL_1862913::HUMAN_MYELIN_117032,EBV_TCELL_1862913,HUMAN_MYELIN_117032,HUMAN_BACKGROUND_423369,32,length_sensitivity_exact_bin_pm7,weak,2,WVVTCGYTI,EBV_TCELL_1862913|15|NILRIYYSPSIMHRYAVVQP,2,HUMAN_BACKGROUND_423369|s04|IVTTSTNDWVVTCGYTIPTCRKLDE,2,0.176485,15.841707,16.077797,15.650271,Frozen score-blind pMHC comparison; technical samples are not biological replicates.
EBV_TCELL_1862913::HUMAN_MYELIN_117032,EBV_TCELL_1862913,HUMAN_MYELIN_117032,HUMAN_BACKGROUND_423369,32,length_sensitivity_exact_bin_pm7,weak,2,WVVTCGYTI,EBV_TCELL_1862913|15|NILRIYYSPSIMHRYAVVQP,2,HUMAN_BACKGROUND_423369|s04|IVTTSTNDWVVTCGYTIPTCRKLDE,3,0.186084,13.669913,15.547112,11.957826,Frozen score-blind pMHC comparison; technical samples are not biological replicates.
EBV_TCELL_1862913::HUMAN_MYELIN_117032,EBV_TCELL_1862913,HUMAN_MYELIN_117032,HUMAN_BACKGROUND_423369,32,length_sensitivity_exact_bin_pm7,weak,2,WVVTCGYTI,EBV_TCELL_1862913|15|NILRIYYSPSIMHRYAVVQP,2,HUMAN_BACKGROUND_423369|s04|IVTTSTNDWVVTCGYTIPTCRKLDE,4,0.189404,7.416457,7.881347,7.022421,Frozen score-blind pMHC comparison; technical samples are not biological replicates.
EBV_TCELL_1862913::HUMAN_MYELIN_117032,EBV_TCELL_1862913,HUMAN_MYELIN_117032,HUMAN_BACKGROUND_423369,32,length_sensitivity_exact_bin_pm7,weak,2,WVVTCGYTI,EBV_TCELL_1862913|15|NILRIYYSPSIMHRYAVVQP,3,HUMAN_BACKGROUND_423369|s04|IVTTSTNDWVVTCGYTIPTCRKLDE,0,0.178772,10.413798,11.398393,9.553337,Frozen score-blind pMHC comparison; technical samples are not biological replicates.
EBV_TCELL_1862913::HUMAN_MYELIN_117032,EBV_TCELL_1862913,HUMAN_MYELIN_117032,HUMAN_BACKGROUND_423369,32,length_sensitivity_exact_bin_pm7,weak,2,WVVTCGYTI,EBV_TCELL_1862913|15|NILRIYYSPSIMHRYAVVQP,3,HUMAN_BACKGROUND_423369|s04|IVTTSTNDWVVTCGYTIPTCRKLDE,1,0.162519,8.203435,8.137201,8.256039,Frozen score-blind pMHC comparison; technical samples are not biological replicates.
EBV_TCELL_1862913::HUMAN_MYELIN_117032,EBV_TCELL_1862913,HUMAN_MYELIN_117032,HUMAN_BACKGROUND_423369,32,length_sensitivity_exact_bin_pm7,weak,2,WVVTCGYTI,EBV_TCELL_1862913|15|NILRIYYSPSIMHRYAVVQP,3,HUMAN_BACKGROUND_423369|s04|IVTTSTNDWVVTCGYTIPTCRKLDE,2,0.162369,9.388393,9.979829,8.886949,Frozen score-blind pMHC comparison; technical samples are not biological replicates.
EBV_TCELL_1862913::HUMAN_MYELIN_117032,EBV_TCELL_1862913,HUMAN_MYELIN_117032,HUMAN_BACKGROUND_423369,32,length_sensitivity_exact_bin_pm7,weak,2,WVVTCGYTI,EBV_TCELL_1862913|15|NILRIYYSPSIMHRYAVVQP,3,HUMAN_BACKGROUND_423369|s04|IVTTSTNDWVVTCGYTIPTCRKLDE,3,0.169727,8.548713,8.223855,8.799969,Frozen score-blind pMHC comparison; technical samples are not biological replicates.
EBV_TCELL_1862913::HUMAN_MYELIN_117032,EBV_TCELL_1862913,HUMAN_MYELIN_117032,HUMAN_BACKGROUND_423369,32,length_sensitivity_exact_bin_pm7,weak,2,WVVTCGYTI,EBV_TCELL_1862913|15|NILRIYYSPSIMHRYAVVQP,3,HUMAN_BACKGROUND_423369|s04|IVTTSTNDWVVTCGYTIPTCRKLDE,4,0.169837,12.823319,14.000771,11.797043,Frozen score-blind pMHC comparison; technical samples are not biological replicates.
EBV_TCELL_1862913::HUMAN_MYELIN_117032,EBV_TCELL_1862913,HUMAN_MYELIN_117032,HUMAN_BACKGROUND_423369,32,length_sensitivity_exact_bin_pm7,weak,2,WVVTCGYTI,EBV_TCELL_1862913|15|NILRIYYSPSIMHRYAVVQP,4,HUMAN_BACKGROUND_423369|s04|IVTTSTNDWVVTCGYTIPTCRKLDE,0,0.260803,10.779373,11.971244,9.721226,Frozen score-blind pMHC comparison; technical samples are not biological replicates.
EBV_TCELL_1862913::HUMAN_MYELIN_117032,EBV_TCELL_1862913,HUMAN_MYELIN_117032,HUMAN_BACKGROUND_423369,32,length_sensitivity_exact_bin_pm7,weak,2,WVVTCGYTI,EBV_TCELL_1862913|15|NILRIYYSPSIMHRYAVVQP,4,HUMAN_BACKGROUND_423369|s04|IVTTSTNDWVVTCGYTIPTCRKLDE,1,0.173185,8.746559,9.058485,8.488769,Frozen score-blind pMHC comparison; technical samples are not biological replicates.
EBV_TCELL_1862913::HUMAN_MYELIN_117032,EBV_TCELL_1862913,HUMAN_MYELIN_117032,HUMAN_BACKGROUND_423369,32,length_sensitivity_exact_bin_pm7,weak,2,WVVTCGYTI,EBV_TCELL_1862913|15|NILRIYYSPSIMHRYAVVQP,4,HUMAN_BACKGROUND_423369|s04|IVTTSTNDWVVTCGYTIPTCRKLDE,2,0.178538,9.838209,10.686219,9.1031,Frozen score-blind pMHC comparison; technical samples are not biological replicates.
EBV_TCELL_1862913::HUMAN_MYELIN_117032,EBV_TCELL_1862913,HUMAN_MYELIN_117032,HUMAN_BACKGROUND_423369,32,length_sensitivity_exact_bin_pm7,weak,2,WVVTCGYTI,EBV_TCELL_1862913|15|NILRIYYSPSIMHRYAVVQP,4,HUMAN_BACKGROUND_423369|s04|IVTTSTNDWVVTCGYTIPTCRKLDE,3,0.168894,8.244234,7.811179,8.574946,Frozen score-blind pMHC comparison; technical samples are not biological replicates.
EBV_TCELL_1862913::HUMAN_MYELIN_117032,EBV_TCELL_1862913,HUMAN_MYELIN_117032,HUMAN_BACKGROUND_423369,32,length_sensitivity_exact_bin_pm7,weak,2,WVVTCGYTI,EBV_TCELL_1862913|15|NILRIYYSPSIMHRYAVVQP,4,HUMAN_BACKGROUND_423369|s04|IVTTSTNDWVVTCGYTIPTCRKLDE,4,0.173782,13.412672,14.985713,12.006761,Frozen score-blind pMHC comparison; technical samples are not biological replicates.
EBV_TCELL_1862913::HUMAN_MYELIN_117032,EBV_TCELL_1862913,HUMAN_MYELIN_117032,HUMAN_BACKGROUND_423369,32,length_sensitivity_exact_bin_pm7,weak,2,WVVTCGYTI,EBV_TCELL_1862913|2|NILRIYYSPSIMHRYAVVQP,0,HUMAN_BACKGROUND_423369|s04|IVTTSTNDWVVTCGYTIPTCRKLDE,0,0.171079,10.64913,11.730368,9.697728,Frozen score-blind pMHC comparison; technical samples are not biological replicates.
EBV_TCELL_1862913::HUMAN_MYELIN_117032,EBV_TCELL_1862913,HUMAN_MYELIN_117032,HUMAN_BACKGROUND_423369,32,length_sensitivity_exact_bin_pm7,weak,2,WVVTCGYTI,EBV_TCELL_1862913|2|NILRIYYSPSIMHRYAVVQP,0,HUMAN_BACKGROUND_423369|s04|IVTTSTNDWVVTCGYTIPTCRKLDE,1,0.127791,8.675241,8.789362,8.582853,Frozen score-blind pMHC comparison; technical samples are not biological replicates.
EBV_TCELL_1862913::HUMAN_MYELIN_117032,EBV_TCELL_1862913,HUMAN_MYELIN_117032,HUMAN_BACKGROUND_423369,32,length_sensitivity_exact_bin_pm7,weak,2,WVVTCGYTI,EBV_TCELL_1862913|2|NILRIYYSPSIMHRYAVVQP,0,HUMAN_BACKGROUND_423369|s04|IVTTSTNDWVVTCGYTIPTCRKLDE,2,0.121098,9.72458,10.418717,9.131359,Frozen score-blind pMHC comparison; technical samples are not biological replicates.
EBV_TCELL_1862913::HUMAN_MYELIN_117032,EBV_TCELL_1862913,HUMAN_MYELIN_117032,HUMAN_BACKGROUND_423369,32,length_sensitivity_exact_bin_pm7,weak,2,WVVTCGYTI,EBV_TCELL_1862913|2|NILRIYYSPSIMHRYAVVQP,0,HUMAN_BACKGROUND_423369|s04|IVTTSTNDWVVTCGYTIPTCRKLDE,3,0.147709,8.190895,7.97326,8.360925,Frozen score-blind pMHC comparison; technical samples are not biological replicates.
EBV_TCELL_1862913::HUMAN_MYELIN_117032,EBV_TCELL_1862913,HUMAN_MYELIN_117032,HUMAN_BACKGROUND_423369,32,length_sensitivity_exact_bin_pm7,weak,2,WVVTCGYTI,EBV_TCELL_1862913|2|NILRIYYSPSIMHRYAVVQP,0,HUMAN_BACKGROUND_423369|s04|IVTTSTNDWVVTCGYTIPTCRKLDE,4,0.143909,13.241745,14.821267,11.827209,Frozen score-blind pMHC comparison; technical samples are not biological replicates.
EBV_TCELL_1862913::HUMAN_MYELIN_117032,EBV_TCELL_1862913,HUMAN_MYELIN_117032,HUMAN_BACKGROUND_423369,32,length_sensitivity_exact_bin_pm7,weak,2,WVVTCGYTI,EBV_TCELL_1862913|2|NILRIYYSPSIMHRYAVVQP,1,HUMAN_BACKGROUND_423369|s04|IVTTSTNDWVVTCGYTIPTCRKLDE,0,0.182602,13.024797,14.226551,11.976887,Frozen score-blind pMHC comparison; technical samples are not biological replicates.
EBV_TCELL_1862913::HUMAN_MYELIN_117032,EBV_TCELL_1862913,HUMAN_MYELIN_117032,HUMAN_BACKGROUND_423369,32,length_sensitivity_exact_bin_pm7,weak,2,WVVTCGYTI,EBV_TCELL_1862913|2|NILRIYYSPSIMHRYAVVQP,1,HUMAN_BACKGROUND_423369|s04|IVTTSTNDWVVTCGYTIPTCRKLDE,1,0.154335,3.568364,4.292823,2.859569,Frozen score-blind pMHC comparison; technical samples are not biological replicates.
EBV_TCELL_1862913::HUMAN_MYELIN_117032,EBV_TCELL_1862913,HUMAN_MYELIN_117032,HUMAN_BACKGROUND_423369,32,length_sensitivity_exact_bin_pm7,weak,2,WVVTCGYTI,EBV_TCELL_1862913|2|NILRIYYSPSIMHRYAVVQP,1,HUMAN_BACKGROUND_423369|s04|IVTTSTNDWVVTCGYTIPTCRKLDE,2,0.153198,9.828611,11.038896,8.740542,Frozen score-blind pMHC comparison; technical samples are not biological replicates.
EBV_TCELL_1862913::HUMAN_MYELIN_117032,EBV_TCELL_1862913,HUMAN_MYELIN_117032,HUMAN_BACKGROUND_423369,32,length_sensitivity_exact_bin_pm7,weak,2,WVVTCGYTI,EBV_TCELL_1862913|2|NILRIYYSPSIMHRYAVVQP,1,HUMAN_BACKGROUND_423369|s04|IVTTSTNDWVVTCGYTIPTCRKLDE,3,0.16467,16.472696,15.998521,16.842427,Frozen score-blind pMHC comparison; technical samples are not biological replicates.
EBV_TCELL_1862913::HUMAN_MYELIN_117032,EBV_TCELL_1862913,HUMAN_MYELIN_117032,HUMAN_BACKGROUND_423369,32,length_sensitivity_exact_bin_pm7,weak,2,WVVTCGYTI,EBV_TCELL_1862913|2|NILRIYYSPSIMHRYAVVQP,1,HUMAN_BACKGROUND_423369|s04|IVTTSTNDWVVTCGYTIPTCRKLDE,4,0.149752,17.280872,18.640402,16.110857,Frozen score-blind pMHC comparison; technical samples are not biological replicates.
EBV_TCELL_1862913::HUMAN_MYELIN_117032,EBV_TCELL_1862913,HUMAN_MYELIN_117032,HUMAN_BACKGROUND_423369,32,length_sensitivity_exact_bin_pm7,weak,2,WVVTCGYTI,EBV_TCELL_1862913|2|NILRIYYSPSIMHRYAVVQP,2,HUMAN_BACKGROUND_423369|s04|IVTTSTNDWVVTCGYTIPTCRKLDE,0,0.171534,10.596162,11.77546,9.548424,Frozen score-blind pMHC comparison; technical samples are not biological replicates.
EBV_TCELL_1862913::HUMAN_MYELIN_117032,EBV_TCELL_1862913,HUMAN_MYELIN_117032,HUMAN_BACKGROUND_423369,32,length_sensitivity_exact_bin_pm7,weak,2,WVVTCGYTI,EBV_TCELL_1862913|2|NILRIYYSPSIMHRYAVVQP,2,HUMAN_BACKGROUND_423369|s04|IVTTSTNDWVVTCGYTIPTCRKLDE,1,0.180913,8.534183,8.730807,8.37356,Frozen score-blind pMHC comparison; technical samples are not biological replicates.
EBV_TCELL_1862913::HUMAN_MYELIN_117032,EBV_TCELL_1862913,HUMAN_MYELIN_117032,HUMAN_BACKGROUND_423369,32,length_sensitivity_exact_bin_pm7,weak,2,WVVTCGYTI,EBV_TCELL_1862913|2|NILRIYYSPSIMHRYAVVQP,2,HUMAN_BACKGROUND_423369|s04|IVTTSTNDWVVTCGYTIPTCRKLDE,2,0.17133,9.642732,10.440614,8.953377,Frozen score-blind pMHC comparison; technical samples are not biological replicates.
EBV_TCELL_1862913::HUMAN_MYELIN_117032,EBV_TCELL_1862913,HUMAN_MYELIN_117032,HUMAN_BACKGROUND_423369,32,length_sensitivity_exact_bin_pm7,weak,2,WVVTCGYTI,EBV_TCELL_1862913|2|NILRIYYSPSIMHRYAVVQP,2,HUMAN_BACKGROUND_423369|s04|IVTTSTNDWVVTCGYTIPTCRKLDE,3,0.205179,8.287762,7.991712,8.517196,Frozen score-blind pMHC comparison; technical samples are not biological replicates.
EBV_TCELL_1862913::HUMAN_MYELIN_117032,EBV_TCELL_1862913,HUMAN_MYELIN_117032,HUMAN_BACKGROUND_423369,32,length_sensitivity_exact_bin_pm7,weak,2,WVVTCGYTI,EBV_TCELL_1862913|2|NILRIYYSPSIMHRYAVVQP,2,HUMAN_BACKGROUND_423369|s04|IVTTSTNDWVVTCGYTIPTCRKLDE,4,0.163135,13.144661,14.705233,11.747882,Frozen score-blind pMHC comparison; technical samples are not biological replicates.
EBV_TCELL_1862913::HUMAN_MYELIN_117032,EBV_TCELL_1862913,HUMAN_MYELIN_117032,HUMAN_BACKGROUND_423369,32,length_sensitivity_exact_bin_pm7,weak,2,WVVTCGYTI,EBV_TCELL_1862913|2|NILRIYYSPSIMHRYAVVQP,3,HUMAN_BACKGROUND_423369|s04|IVTTSTNDWVVTCGYTIPTCRKLDE,0,0.184915,10.529729,11.39685,9.780838,Frozen score-blind pMHC comparison; technical samples are not biological replicates.
EBV_TCELL_1862913::HUMAN_MYELIN_117032,EBV_TCELL_1862913,HUMAN_MYELIN_117032,HUMAN_BACKGROUND_423369,32,length_sensitivity_exact_bin_pm7,weak,2,WVVTCGYTI,EBV_TCELL_1862913|2|NILRIYYSPSIMHRYAVVQP,3,HUMAN_BACKGROUND_423369|s04|IVTTSTNDWVVTCGYTIPTCRKLDE,1,0.190219,8.758342,8.610388,8.874929,Frozen score-blind pMHC comparison; technical samples are not biological replicates.
EBV_TCELL_1862913::HUMAN_MYELIN_117032,EBV_TCELL_1862913,HUMAN_MYELIN_117032,HUMAN_BACKGROUND_423369,32,length_sensitivity_exact_bin_pm7,weak,2,WVVTCGYTI,EBV_TCELL_1862913|2|NILRIYYSPSIMHRYAVVQP,3,HUMAN_BACKGROUND_423369|s04|IVTTSTNDWVVTCGYTIPTCRKLDE,2,0.18677,9.645286,10.026186,9.329376,Frozen score-blind pMHC comparison; technical samples are not biological replicates.
EBV_TCELL_1862913::HUMAN_MYELIN_117032,EBV_TCELL_1862913,HUMAN_MYELIN_117032,HUMAN_BACKGROUND_423369,32,length_sensitivity_exact_bin_pm7,weak,2,WVVTCGYTI,EBV_TCELL_1862913|2|NILRIYYSPSIMHRYAVVQP,3,HUMAN_BACKGROUND_423369|s04|IVTTSTNDWVVTCGYTIPTCRKLDE,3,0.221005,8.105516,7.896585,8.268862,Frozen score-blind pMHC comparison; technical samples are not biological replicates.
EBV_TCELL_1862913::HUMAN_MYELIN_117032,EBV_TCELL_1862913,HUMAN_MYELIN_117032,HUMAN_BACKGROUND_423369,32,length_sensitivity_exact_bin_pm7,weak,2,WVVTCGYTI,EBV_TCELL_1862913|2|NILRIYYSPSIMHRYAVVQP,3,HUMAN_BACKGROUND_423369|s04|IVTTSTNDWVVTCGYTIPTCRKLDE,4,0.182568,13.148871,14.557036,11.902992,Frozen score-blind pMHC comparison; technical samples are not biological replicates.
EBV_TCELL_1862913::HUMAN_MYELIN_117032,EBV_TCELL_1862913,HUMAN_MYELIN_117032,HUMAN_BACKGROUND_423369,32,length_sensitivity_exact_bin_pm7,weak,2,WVVTCGYTI,EBV_TCELL_1862913|2|NILRIYYSPSIMHRYAVVQP,4,HUMAN_BACKGROUND_423369|s04|IVTTSTNDWVVTCGYTIPTCRKLDE,0,0.124751,10.821826,12.008249,9.769495,Frozen score-blind pMHC comparison; technical samples are not biological replicates.
EBV_TCELL_1862913::HUMAN_MYELIN_117032,EBV_TCELL_1862913,HUMAN_MYELIN_117032,HUMAN_BACKGROUND_423369,32,length_sensitivity_exact_bin_pm7,weak,2,WVVTCGYTI,EBV_TCELL_1862913|2|NILRIYYSPSIMHRYAVVQP,4,HUMAN_BACKGROUND_423369|s04|IVTTSTNDWVVTCGYTIPTCRKLDE,1,0.19652,8.937066,9.137966,8.773035,Frozen score-blind pMHC comparison; technical samples are not biological replicates.
EBV_TCELL_1862913::HUMAN_MYELIN_117032,EBV_TCELL_1862913,HUMAN_MYELIN_117032,HUMAN_BACKGROUND_423369,32,length_sensitivity_exact_bin_pm7,weak,2,WVVTCGYTI,EBV_TCELL_1862913|2|NILRIYYSPSIMHRYAVVQP,4,HUMAN_BACKGROUND_423369|s04|IVTTSTNDWVVTCGYTIPTCRKLDE,2,0.180888,9.958692,10.744898,9.281903,Frozen score-blind pMHC comparison; technical samples are not biological replicates.
EBV_TCELL_1862913::HUMAN_MYELIN_117032,EBV_TCELL_1862913,HUMAN_MYELIN_117032,HUMAN_BACKGROUND_423369,32,length_sensitivity_exact_bin_pm7,weak,2,WVVTCGYTI,EBV_TCELL_1862913|2|NILRIYYSPSIMHRYAVVQP,4,HUMAN_BACKGROUND_423369|s04|IVTTSTNDWVVTCGYTIPTCRKLDE,3,0.220053,8.333551,7.970897,8.612687,Frozen score-blind pMHC comparison; technical samples are not biological replicates.
EBV_TCELL_1862913::HUMAN_MYELIN_117032,EBV_TCELL_1862913,HUMAN_MYELIN_117032,HUMAN_BACKGROUND_423369,32,length_sensitivity_exact_bin_pm7,weak,2,WVVTCGYTI,EBV_TCELL_1862913|2|NILRIYYSPSIMHRYAVVQP,4,HUMAN_BACKGROUND_423369|s04|IVTTSTNDWVVTCGYTIPTCRKLDE,4,0.195268,13.476819,15.192519,11.927878,Frozen score-blind pMHC comparison; technical samples are not biological replicates.
EBV_TCELL_2268741::HUMAN_MYELIN_117032,EBV_TCELL_2268741,HUMAN_MYELIN_117032,HUMAN_BACKGROUND_423369,32,length_sensitivity_exact_bin_pm7,weak,2,WVVTCGYTI,EBV_TCELL_2268741|2|IMNILRIYYSPSIM,0,HUMAN_BACKGROUND_423369|s04|IVTTSTNDWVVTCGYTIPTCRKLDE,0,0.469746,14.415362,14.986007,13.94204,Frozen score-blind pMHC comparison; technical samples are not biological replicates.
EBV_TCELL_2268741::HUMAN_MYELIN_117032,EBV_TCELL_2268741,HUMAN_MYELIN_117032,HUMAN_BACKGROUND_423369,32,length_sensitivity_exact_bin_pm7,weak,2,WVVTCGYTI,EBV_TCELL_2268741|2|IMNILRIYYSPSIM,0,HUMAN_BACKGROUND_423369|s04|IVTTSTNDWVVTCGYTIPTCRKLDE,1,0.346521,17.410533,17.498906,17.33951,Frozen score-blind pMHC comparison; technical samples are not biological replicates.
EBV_TCELL_2268741::HUMAN_MYELIN_117032,EBV_TCELL_2268741,HUMAN_MYELIN_117032,HUMAN_BACKGROUND_423369,32,length_sensitivity_exact_bin_pm7,weak,2,WVVTCGYTI,EBV_TCELL_2268741|2|IMNILRIYYSPSIM,0,HUMAN_BACKGROUND_423369|s04|IVTTSTNDWVVTCGYTIPTCRKLDE,2,0.361443,15.610391,15.746216,15.500875,Frozen score-blind pMHC comparison; technical samples are not biological replicates.
EBV_TCELL_2268741::HUMAN_MYELIN_117032,EBV_TCELL_2268741,HUMAN_MYELIN_117032,HUMAN_BACKGROUND_423369,32,length_sensitivity_exact_bin_pm7,weak,2,WVVTCGYTI,EBV_TCELL_2268741|2|IMNILRIYYSPSIM,0,HUMAN_BACKGROUND_423369|s04|IVTTSTNDWVVTCGYTIPTCRKLDE,3,0.313271,5.50121,5.74495,5.29815,Frozen score-blind pMHC comparison; technical samples are not biological replicates.
EBV_TCELL_2268741::HUMAN_MYELIN_117032,EBV_TCELL_2268741,HUMAN_MYELIN_117032,HUMAN_BACKGROUND_423369,32,length_sensitivity_exact_bin_pm7,weak,2,WVVTCGYTI,EBV_TCELL_2268741|2|IMNILRIYYSPSIM,0,HUMAN_BACKGROUND_423369|s04|IVTTSTNDWVVTCGYTIPTCRKLDE,4,0.37913,14.845167,16.543051,13.332072,Frozen score-blind pMHC comparison; technical samples are not biological replicates.
EBV_TCELL_2268741::HUMAN_MYELIN_117032,EBV_TCELL_2268741,HUMAN_MYELIN_117032,HUMAN_BACKGROUND_423369,32,length_sensitivity_exact_bin_pm7,weak,2,WVVTCGYTI,EBV_TCELL_2268741|2|IMNILRIYYSPSIM,1,HUMAN_BACKGROUND_423369|s04|IVTTSTNDWVVTCGYTIPTCRKLDE,0,0.343083,14.54877,15.002736,14.175134,Frozen score-blind pMHC comparison; technical samples are not biological replicates.
EBV_TCELL_2268741::HUMAN_MYELIN_117032,EBV_TCELL_2268741,HUMAN_MYELIN_117032,HUMAN_BACKGROUND_423369,32,length_sensitivity_exact_bin_pm7,weak,2,WVVTCGYTI,EBV_TCELL_2268741|2|IMNILRIYYSPSIM,1,HUMAN_BACKGROUND_423369|s04|IVTTSTNDWVVTCGYTIPTCRKLDE,1,0.226403,17.534909,17.524644,17.543116,Frozen score-blind pMHC comparison; technical samples are not biological replicates.
EBV_TCELL_2268741::HUMAN_MYELIN_117032,EBV_TCELL_2268741,HUMAN_MYELIN_117032,HUMAN_BACKGROUND_423369,32,length_sensitivity_exact_bin_pm7,weak,2,WVVTCGYTI,EBV_TCELL_2268741|2|IMNILRIYYSPSIM,1,HUMAN_BACKGROUND_423369|s04|IVTTSTNDWVVTCGYTIPTCRKLDE,2,0.241879,15.746983,15.768631,15.729642,Frozen score-blind pMHC comparison; technical samples are not biological replicates.
EBV_TCELL_2268741::HUMAN_MYELIN_117032,EBV_TCELL_2268741,HUMAN_MYELIN_117032,HUMAN_BACKGROUND_423369,32,length_sensitivity_exact_bin_pm7,weak,2,WVVTCGYTI,EBV_TCELL_2268741|2|IMNILRIYYSPSIM,1,HUMAN_BACKGROUND_423369|s04|IVTTSTNDWVVTCGYTIPTCRKLDE,3,0.199625,5.578463,5.850542,5.350849,Frozen score-blind pMHC comparison; technical samples are not biological replicates.
EBV_TCELL_2268741::HUMAN_MYELIN_117032,EBV_TCELL_2268741,HUMAN_MYELIN_117032,HUMAN_BACKGROUND_423369,32,length_sensitivity_exact_bin_pm7,weak,2,WVVTCGYTI,EBV_TCELL_2268741|2|IMNILRIYYSPSIM,1,HUMAN_BACKGROUND_423369|s04|IVTTSTNDWVVTCGYTIPTCRKLDE,4,0.251033,14.970607,16.554377,13.57116,Frozen score-blind pMHC comparison; technical samples are not biological replicates.
EBV_TCELL_2268741::HUMAN_MYELIN_117032,EBV_TCELL_2268741,HUMAN_MYELIN_117032,HUMAN_BACKGROUND_423369,32,length_sensitivity_exact_bin_pm7,weak,2,WVVTCGYTI,EBV_TCELL_2268741|2|IMNILRIYYSPSIM,2,HUMAN_BACKGROUND_423369|s04|IVTTSTNDWVVTCGYTIPTCRKLDE,0,0.354179,14.442466,15.006764,13.974631,Frozen score-blind pMHC comparison; technical samples are not biological replicates.
EBV_TCELL_2268741::HUMAN_MYELIN_117032,EBV_TCELL_2268741,HUMAN_MYELIN_117032,HUMAN_BACKGROUND_423369,32,length_sensitivity_exact_bin_pm7,weak,2,WVVTCGYTI,EBV_TCELL_2268741|2|IMNILRIYYSPSIM,2,HUMAN_BACKGROUND_423369|s04|IVTTSTNDWVVTCGYTIPTCRKLDE,1,0.242385,17.444209,17.524818,17.379453,Frozen score-blind pMHC comparison; technical samples are not biological replicates.
EBV_TCELL_2268741::HUMAN_MYELIN_117032,EBV_TCELL_2268741,HUMAN_MYELIN_117032,HUMAN_BACKGROUND_423369,32,length_sensitivity_exact_bin_pm7,weak,2,WVVTCGYTI,EBV_TCELL_2268741|2|IMNILRIYYSPSIM,2,HUMAN_BACKGROUND_423369|s04|IVTTSTNDWVVTCGYTIPTCRKLDE,2,0.25328,15.643528,15.770671,15.541065,Frozen score-blind pMHC comparison; technical samples are not biological replicates.
EBV_TCELL_2268741::HUMAN_MYELIN_117032,EBV_TCELL_2268741,HUMAN_MYELIN_117032,HUMAN_BACKGROUND_423369,32,length_sensitivity_exact_bin_pm7,weak,2,WVVTCGYTI,EBV_TCELL_2268741|2|IMNILRIYYSPSIM,2,HUMAN_BACKGROUND_423369|s04|IVTTSTNDWVVTCGYTIPTCRKLDE,3,0.20955,5.521295,5.802794,5.285312,Frozen score-blind pMHC comparison; technical samples are not biological replicates.
EBV_TCELL_2268741::HUMAN_MYELIN_117032,EBV_TCELL_2268741,HUMAN_MYELIN_117032,HUMAN_BACKGROUND_423369,32,length_sensitivity_exact_bin_pm7,weak,2,WVVTCGYTI,EBV_TCELL_2268741|2|IMNILRIYYSPSIM,2,HUMAN_BACKGROUND_423369|s04|IVTTSTNDWVVTCGYTIPTCRKLDE,4,0.26167,14.875121,16.569351,13.365998,Frozen score-blind pMHC comparison; technical samples are not biological replicates.
EBV_TCELL_2268741::HUMAN_MYELIN_117032,EBV_TCELL_2268741,HUMAN_MYELIN_117032,HUMAN_BACKGROUND_423369,32,length_sensitivity_exact_bin_pm7,weak,2,WVVTCGYTI,EBV_TCELL_2268741|2|IMNILRIYYSPSIM,3,HUMAN_BACKGROUND_423369|s04|IVTTSTNDWVVTCGYTIPTCRKLDE,0,0.285719,14.482475,15.032501,14.026934,Frozen score-blind pMHC comparison; technical samples are not biological replicates.
EBV_TCELL_2268741::HUMAN_MYELIN_117032,EBV_TCELL_2268741,HUMAN_MYELIN_117032,HUMAN_BACKGROUND_423369,32,length_sensitivity_exact_bin_pm7,weak,2,WVVTCGYTI,EBV_TCELL_2268741|2|IMNILRIYYSPSIM,3,HUMAN_BACKGROUND_423369|s04|IVTTSTNDWVVTCGYTIPTCRKLDE,1,0.186641,17.48885,17.559415,17.432192,Frozen score-blind pMHC comparison; technical samples are not biological replicates.
EBV_TCELL_2268741::HUMAN_MYELIN_117032,EBV_TCELL_2268741,HUMAN_MYELIN_117032,HUMAN_BACKGROUND_423369,32,length_sensitivity_exact_bin_pm7,weak,2,WVVTCGYTI,EBV_TCELL_2268741|2|IMNILRIYYSPSIM,3,HUMAN_BACKGROUND_423369|s04|IVTTSTNDWVVTCGYTIPTCRKLDE,2,0.200924,15.685756,15.799406,15.59424,Frozen score-blind pMHC comparison; technical samples are not biological replicates.
EBV_TCELL_2268741::HUMAN_MYELIN_117032,EBV_TCELL_2268741,HUMAN_MYELIN_117032,HUMAN_BACKGROUND_423369,32,length_sensitivity_exact_bin_pm7,weak,2,WVVTCGYTI,EBV_TCELL_2268741|2|IMNILRIYYSPSIM,3,HUMAN_BACKGROUND_423369|s04|IVTTSTNDWVVTCGYTIPTCRKLDE,3,0.168284,5.559058,5.850177,5.314693,Frozen score-blind pMHC comparison; technical samples are not biological replicates.
EBV_TCELL_2268741::HUMAN_MYELIN_117032,EBV_TCELL_2268741,HUMAN_MYELIN_117032,HUMAN_BACKGROUND_423369,32,length_sensitivity_exact_bin_pm7,weak,2,WVVTCGYTI,EBV_TCELL_2268741|2|IMNILRIYYSPSIM,3,HUMAN_BACKGROUND_423369|s04|IVTTSTNDWVVTCGYTIPTCRKLDE,4,0.21692,14.915341,16.602732,13.413454,Frozen score-blind pMHC comparison; technical samples are not biological replicates.
EBV_TCELL_2268741::HUMAN_MYELIN_117032,EBV_TCELL_2268741,HUMAN_MYELIN_117032,HUMAN_BACKGROUND_423369,32,length_sensitivity_exact_bin_pm7,weak,2,WVVTCGYTI,EBV_TCELL_2268741|2|IMNILRIYYSPSIM,4,HUMAN_BACKGROUND_423369|s04|IVTTSTNDWVVTCGYTIPTCRKLDE,0,0.347938,14.409953,14.951856,13.961294,Frozen score-blind pMHC comparison; technical samples are not biological replicates.
EBV_TCELL_2268741::HUMAN_MYELIN_117032,EBV_TCELL_2268741,HUMAN_MYELIN_117032,HUMAN_BACKGROUND_423369,32,length_sensitivity_exact_bin_pm7,weak,2,WVVTCGYTI,EBV_TCELL_2268741|2|IMNILRIYYSPSIM,4,HUMAN_BACKGROUND_423369|s04|IVTTSTNDWVVTCGYTIPTCRKLDE,1,0.223512,17.409101,17.471598,17.358942,Frozen score-blind pMHC comparison; technical samples are not biological replicates.
EBV_TCELL_2268741::HUMAN_MYELIN_117032,EBV_TCELL_2268741,HUMAN_MYELIN_117032,HUMAN_BACKGROUND_423369,32,length_sensitivity_exact_bin_pm7,weak,2,WVVTCGYTI,EBV_TCELL_2268741|2|IMNILRIYYSPSIM,4,HUMAN_BACKGROUND_423369|s04|IVTTSTNDWVVTCGYTIPTCRKLDE,2,0.243726,15.609431,15.715254,15.524253,Frozen score-blind pMHC comparison; technical samples are not biological replicates.
EBV_TCELL_2268741::HUMAN_MYELIN_117032,EBV_TCELL_2268741,HUMAN_MYELIN_117032,HUMAN_BACKGROUND_423369,32,length_sensitivity_exact_bin_pm7,weak,2,WVVTCGYTI,EBV_TCELL_2268741|2|IMNILRIYYSPSIM,4,HUMAN_BACKGROUND_423369|s04|IVTTSTNDWVVTCGYTIPTCRKLDE,3,0.197399,5.502685,5.768642,5.280283,Frozen score-blind pMHC comparison; technical samples are not biological replicates.
EBV_TCELL_2268741::HUMAN_MYELIN_117032,EBV_TCELL_2268741,HUMAN_MYELIN_117032,HUMAN_BACKGROUND_423369,32,length_sensitivity_exact_bin_pm7,weak,2,WVVTCGYTI,EBV_TCELL_2268741|2|IMNILRIYYSPSIM,4,HUMAN_BACKGROUND_423369|s04|IVTTSTNDWVVTCGYTIPTCRKLDE,4,0.250585,14.846009,16.513262,13.363267,Frozen score-blind pMHC comparison; technical samples are not biological replicates.
EBV_TCELL_119155::HUMAN_MYELIN_117032,EBV_TCELL_119155,HUMAN_MYELIN_117032,HUMAN_BACKGROUND_2258889,32,length_sensitivity_exact_bin_pm7,weak,3,YLHVEGGNF,EBV_TCELL_119155|1773241610|FIEFVGWLCKKDHTHIREWF,0,HUMAN_BACKGROUND_2258889|s04|RLRSQTVSTRYLHVEGGNFHASSQQ,0,0.164754,27.291713,26.989552,27.531054,Frozen score-blind pMHC comparison; technical samples are not biological replicates.
EBV_TCELL_119155::HUMAN_MYELIN_117032,EBV_TCELL_119155,HUMAN_MYELIN_117032,HUMAN_BACKGROUND_2258889,32,length_sensitivity_exact_bin_pm7,weak,3,YLHVEGGNF,EBV_TCELL_119155|1773241610|FIEFVGWLCKKDHTHIREWF,0,HUMAN_BACKGROUND_2258889|s04|RLRSQTVSTRYLHVEGGNFHASSQQ,1,0.167354,27.933922,27.66804,28.144819,Frozen score-blind pMHC comparison; technical samples are not biological replicates.
EBV_TCELL_119155::HUMAN_MYELIN_117032,EBV_TCELL_119155,HUMAN_MYELIN_117032,HUMAN_BACKGROUND_2258889,32,length_sensitivity_exact_bin_pm7,weak,3,YLHVEGGNF,EBV_TCELL_119155|1773241610|FIEFVGWLCKKDHTHIREWF,0,HUMAN_BACKGROUND_2258889|s04|RLRSQTVSTRYLHVEGGNFHASSQQ,2,0.146125,27.181152,26.940651,27.37203,Frozen score-blind pMHC comparison; technical samples are not biological replicates.
EBV_TCELL_119155::HUMAN_MYELIN_117032,EBV_TCELL_119155,HUMAN_MYELIN_117032,HUMAN_BACKGROUND_2258889,32,length_sensitivity_exact_bin_pm7,weak,3,YLHVEGGNF,EBV_TCELL_119155|1773241610|FIEFVGWLCKKDHTHIREWF,0,HUMAN_BACKGROUND_2258889|s04|RLRSQTVSTRYLHVEGGNFHASSQQ,3,0.201708,27.000713,26.794254,27.164751,Frozen score-blind pMHC comparison; technical samples are not biological replicates.
EBV_TCELL_119155::HUMAN_MYELIN_117032,EBV_TCELL_119155,HUMAN_MYELIN_117032,HUMAN_BACKGROUND_2258889,32,length_sensitivity_exact_bin_pm7,weak,3,YLHVEGGNF,EBV_TCELL_119155|1773241610|FIEFVGWLCKKDHTHIREWF,0,HUMAN_BACKGROUND_2258889|s04|RLRSQTVSTRYLHVEGGNFHASSQQ,4,0.153023,27.283687,26.954227,27.544418,Frozen score-blind pMHC comparison; technical samples are not biological replicates.
EBV_TCELL_119155::HUMAN_MYELIN_117032,EBV_TCELL_119155,HUMAN_MYELIN_117032,HUMAN_BACKGROUND_2258889,32,length_sensitivity_exact_bin_pm7,weak,3,YLHVEGGNF,EBV_TCELL_119155|1773241610|FIEFVGWLCKKDHTHIREWF,1,HUMAN_BACKGROUND_2258889|s04|RLRSQTVSTRYLHVEGGNFHASSQQ,0,0.160732,27.930512,27.609575,28.184631,Frozen score-blind pMHC comparison; technical samples are not biological replicates.
EBV_TCELL_119155::HUMAN_MYELIN_117032,EBV_TCELL_119155,HUMAN_MYELIN_117032,HUMAN_BACKGROUND_2258889,32,length_sensitivity_exact_bin_pm7,weak,3,YLHVEGGNF,EBV_TCELL_119155|1773241610|FIEFVGWLCKKDHTHIREWF,1,HUMAN_BACKGROUND_2258889|s04|RLRSQTVSTRYLHVEGGNFHASSQQ,1,0.176757,28.585886,28.303203,28.810035,Frozen score-blind pMHC comparison; technical samples are not biological replicates.
EBV_TCELL_119155::HUMAN_MYELIN_117032,EBV_TCELL_119155,HUMAN_MYELIN_117032,HUMAN_BACKGROUND_2258889,32,length_sensitivity_exact_bin_pm7,weak,3,YLHVEGGNF,EBV_TCELL_119155|1773241610|FIEFVGWLCKKDHTHIREWF,1,HUMAN_BACKGROUND_2258889|s04|RLRSQTVSTRYLHVEGGNFHASSQQ,2,0.17677,27.824102,27.572003,28.024149,Frozen score-blind pMHC comparison; technical samples are not biological replicates.
EBV_TCELL_119155::HUMAN_MYELIN_117032,EBV_TCELL_119155,HUMAN_MYELIN_117032,HUMAN_BACKGROUND_2258889,32,length_sensitivity_exact_bin_pm7,weak,3,YLHVEGGNF,EBV_TCELL_119155|1773241610|FIEFVGWLCKKDHTHIREWF,1,HUMAN_BACKGROUND_2258889|s04|RLRSQTVSTRYLHVEGGNFHASSQQ,3,0.220577,27.626895,27.406021,27.802331,Frozen score-blind pMHC comparison; technical samples are not biological replicates.
EBV_TCELL_119155::HUMAN_MYELIN_117032,EBV_TCELL_119155,HUMAN_MYELIN_117032,HUMAN_BACKGROUND_2258889,32,length_sensitivity_exact_bin_pm7,weak,3,YLHVEGGNF,EBV_TCELL_119155|1773241610|FIEFVGWLCKKDHTHIREWF,1,HUMAN_BACKGROUND_2258889|s04|RLRSQTVSTRYLHVEGGNFHASSQQ,4,0.166794,27.920032,27.561177,28.203829,Frozen score-blind pMHC comparison; technical samples are not biological replicates.
EBV_TCELL_119155::HUMAN_MYELIN_117032,EBV_TCELL_119155,HUMAN_MYELIN_117032,HUMAN_BACKGROUND_2258889,32,length_sensitivity_exact_bin_pm7,weak,3,YLHVEGGNF,EBV_TCELL_119155|1773241610|FIEFVGWLCKKDHTHIREWF,2,HUMAN_BACKGROUND_2258889|s04|RLRSQTVSTRYLHVEGGNFHASSQQ,0,0.160082,27.648977,27.238923,27.972693,Frozen score-blind pMHC comparison; technical samples are not biological replicates.
EBV_TCELL_119155::HUMAN_MYELIN_117032,EBV_TCELL_119155,HUMAN_MYELIN_117032,HUMAN_BACKGROUND_2258889,32,length_sensitivity_exact_bin_pm7,weak,3,YLHVEGGNF,EBV_TCELL_119155|1773241610|FIEFVGWLCKKDHTHIREWF,2,HUMAN_BACKGROUND_2258889|s04|RLRSQTVSTRYLHVEGGNFHASSQQ,1,0.156227,28.311204,27.932109,28.610863,Frozen score-blind pMHC comparison; technical samples are not biological replicates.
EBV_TCELL_119155::HUMAN_MYELIN_117032,EBV_TCELL_119155,HUMAN_MYELIN_117032,HUMAN_BACKGROUND_2258889,32,length_sensitivity_exact_bin_pm7,weak,3,YLHVEGGNF,EBV_TCELL_119155|1773241610|FIEFVGWLCKKDHTHIREWF,2,HUMAN_BACKGROUND_2258889|s04|RLRSQTVSTRYLHVEGGNFHASSQQ,2,0.152513,27.542552,27.198609,27.814645,Frozen score-blind pMHC comparison; technical samples are not biological replicates.
EBV_TCELL_119155::HUMAN_MYELIN_117032,EBV_TCELL_119155,HUMAN_MYELIN_117032,HUMAN_BACKGROUND_2258889,32,length_sensitivity_exact_bin_pm7,weak,3,YLHVEGGNF,EBV_TCELL_119155|1773241610|FIEFVGWLCKKDHTHIREWF,2,HUMAN_BACKGROUND_2258889|s04|RLRSQTVSTRYLHVEGGNFHASSQQ,3,0.168462,27.336253,27.029925,27.578865,Frozen score-blind pMHC comparison; technical samples are not biological replicates.
EBV_TCELL_119155::HUMAN_MYELIN_117032,EBV_TCELL_119155,HUMAN_MYELIN_117032,HUMAN_BACKGROUND_2258889,32,length_sensitivity_exact_bin_pm7,weak,3,YLHVEGGNF,EBV_TCELL_119155|1773241610|FIEFVGWLCKKDHTHIREWF,2,HUMAN_BACKGROUND_2258889|s04|RLRSQTVSTRYLHVEGGNFHASSQQ,4,0.182576,27.648559,27.195583,28.005666,Frozen score-blind pMHC comparison; technical samples are not biological replicates.
EBV_TCELL_119155::HUMAN_MYELIN_117032,EBV_TCELL_119155,HUMAN_MYELIN_117032,HUMAN_BACKGROUND_2258889,32,length_sensitivity_exact_bin_pm7,weak,3,YLHVEGGNF,EBV_TCELL_119155|1773241610|FIEFVGWLCKKDHTHIREWF,3,HUMAN_BACKGROUND_2258889|s04|RLRSQTVSTRYLHVEGGNFHASSQQ,0,0.226993,18.738874,18.708626,18.763037,Frozen score-blind pMHC comparison; technical samples are not biological replicates.
EBV_TCELL_119155::HUMAN_MYELIN_117032,EBV_TCELL_119155,HUMAN_MYELIN_117032,HUMAN_BACKGROUND_2258889,32,length_sensitivity_exact_bin_pm7,weak,3,YLHVEGGNF,EBV_TCELL_119155|1773241610|FIEFVGWLCKKDHTHIREWF,3,HUMAN_BACKGROUND_2258889|s04|RLRSQTVSTRYLHVEGGNFHASSQQ,1,0.253424,19.334204,19.36487,19.309636,Frozen score-blind pMHC comparison; technical samples are not biological replicates.
EBV_TCELL_119155::HUMAN_MYELIN_117032,EBV_TCELL_119155,HUMAN_MYELIN_117032,HUMAN_BACKGROUND_2258889,32,length_sensitivity_exact_bin_pm7,weak,3,YLHVEGGNF,EBV_TCELL_119155|1773241610|FIEFVGWLCKKDHTHIREWF,3,HUMAN_BACKGROUND_2258889|s04|RLRSQTVSTRYLHVEGGNFHASSQQ,2,0.226335,18.649447,18.670285,18.63276,Frozen score-blind pMHC comparison; technical samples are not biological replicates.
EBV_TCELL_119155::HUMAN_MYELIN_117032,EBV_TCELL_119155,HUMAN_MYELIN_117032,HUMAN_BACKGROUND_2258889,32,length_sensitivity_exact_bin_pm7,weak,3,YLHVEGGNF,EBV_TCELL_119155|1773241610|FIEFVGWLCKKDHTHIREWF,3,HUMAN_BACKGROUND_2258889|s04|RLRSQTVSTRYLHVEGGNFHASSQQ,3,0.264994,18.546488,18.549308,18.544232,Frozen score-blind pMHC comparison; technical samples are not biological replicates.
EBV_TCELL_119155::HUMAN_MYELIN_117032,EBV_TCELL_119155,HUMAN_MYELIN_117032,HUMAN_BACKGROUND_2258889,32,length_sensitivity_exact_bin_pm7,weak,3,YLHVEGGNF,EBV_TCELL_119155|1773241610|FIEFVGWLCKKDHTHIREWF,3,HUMAN_BACKGROUND_2258889|s04|RLRSQTVSTRYLHVEGGNFHASSQQ,4,0.219345,18.6782,18.661782,18.691324,Frozen score-blind pMHC comparison; technical samples are not biological replicates.
EBV_TCELL_119155::HUMAN_MYELIN_117032,EBV_TCELL_119155,HUMAN_MYELIN_117032,HUMAN_BACKGROUND_2258889,32,length_sensitivity_exact_bin_pm7,weak,3,YLHVEGGNF,EBV_TCELL_119155|1773241610|FIEFVGWLCKKDHTHIREWF,4,HUMAN_BACKGROUND_2258889|s04|RLRSQTVSTRYLHVEGGNFHASSQQ,0,0.121542,18.599723,18.69731,18.521284,Frozen score-blind pMHC comparison; technical samples are not biological replicates.
EBV_TCELL_119155::HUMAN_MYELIN_117032,EBV_TCELL_119155,HUMAN_MYELIN_117032,HUMAN_BACKGROUND_2258889,32,length_sensitivity_exact_bin_pm7,weak,3,YLHVEGGNF,EBV_TCELL_119155|1773241610|FIEFVGWLCKKDHTHIREWF,4,HUMAN_BACKGROUND_2258889|s04|RLRSQTVSTRYLHVEGGNFHASSQQ,1,0.139075,19.056406,19.161267,18.972099,Frozen score-blind pMHC comparison; technical samples are not biological replicates.
EBV_TCELL_119155::HUMAN_MYELIN_117032,EBV_TCELL_119155,HUMAN_MYELIN_117032,HUMAN_BACKGROUND_2258889,32,length_sensitivity_exact_bin_pm7,weak,3,YLHVEGGNF,EBV_TCELL_119155|1773241610|FIEFVGWLCKKDHTHIREWF,4,HUMAN_BACKGROUND_2258889|s04|RLRSQTVSTRYLHVEGGNFHASSQQ,2,0.133907,18.437684,18.581315,18.321969,Frozen score-blind pMHC comparison; technical samples are not biological replicates.
EBV_TCELL_119155::HUMAN_MYELIN_117032,EBV_TCELL_119155,HUMAN_MYELIN_117032,HUMAN_BACKGROUND_2258889,32,length_sensitivity_exact_bin_pm7,weak,3,YLHVEGGNF,EBV_TCELL_119155|1773241610|FIEFVGWLCKKDHTHIREWF,4,HUMAN_BACKGROUND_2258889|s04|RLRSQTVSTRYLHVEGGNFHASSQQ,3,0.182123,18.409011,18.603244,18.252136,Frozen score-blind pMHC comparison; technical samples are not biological replicates.
EBV_TCELL_119155::HUMAN_MYELIN_117032,EBV_TCELL_119155,HUMAN_MYELIN_117032,HUMAN_BACKGROUND_2258889,32,length_sensitivity_exact_bin_pm7,weak,3,YLHVEGGNF,EBV_TCELL_119155|1773241610|FIEFVGWLCKKDHTHIREWF,4,HUMAN_BACKGROUND_2258889|s04|RLRSQTVSTRYLHVEGGNFHASSQQ,4,0.129126,18.572149,18.661646,18.500239,Frozen score-blind pMHC comparison; technical samples are not biological replicates.
EBV_TCELL_149795::HUMAN_MYELIN_117032,EBV_TCELL_149795,HUMAN_MYELIN_117032,HUMAN_BACKGROUND_2258889,32,length_sensitivity_exact_bin_pm7,weak,3,YLHVEGGNF,EBV_TCELL_149795|3|LDLDFGQLTPHTKAVYQPRG,0,HUMAN_BACKGROUND_2258889|s04|RLRSQTVSTRYLHVEGGNFHASSQQ,0,0.197036,11.137555,11.583745,10.767299,Frozen score-blind pMHC comparison; technical samples are not biological replicates.
EBV_TCELL_149795::HUMAN_MYELIN_117032,EBV_TCELL_149795,HUMAN_MYELIN_117032,HUMAN_BACKGROUND_2258889,32,length_sensitivity_exact_bin_pm7,weak,3,YLHVEGGNF,EBV_TCELL_149795|3|LDLDFGQLTPHTKAVYQPRG,0,HUMAN_BACKGROUND_2258889|s04|RLRSQTVSTRYLHVEGGNFHASSQQ,1,0.169793,11.122391,11.511897,10.800676,Frozen score-blind pMHC comparison; technical samples are not biological replicates.
EBV_TCELL_149795::HUMAN_MYELIN_117032,EBV_TCELL_149795,HUMAN_MYELIN_117032,HUMAN_BACKGROUND_2258889,32,length_sensitivity_exact_bin_pm7,weak,3,YLHVEGGNF,EBV_TCELL_149795|3|LDLDFGQLTPHTKAVYQPRG,0,HUMAN_BACKGROUND_2258889|s04|RLRSQTVSTRYLHVEGGNFHASSQQ,2,0.17552,10.87483,11.373591,10.45871,Frozen score-blind pMHC comparison; technical samples are not biological replicates.
EBV_TCELL_149795::HUMAN_MYELIN_117032,EBV_TCELL_149795,HUMAN_MYELIN_117032,HUMAN_BACKGROUND_2258889,32,length_sensitivity_exact_bin_pm7,weak,3,YLHVEGGNF,EBV_TCELL_149795|3|LDLDFGQLTPHTKAVYQPRG,0,HUMAN_BACKGROUND_2258889|s04|RLRSQTVSTRYLHVEGGNFHASSQQ,3,0.224818,11.22817,11.814257,10.73629,Frozen score-blind pMHC comparison; technical samples are not biological replicates.
EBV_TCELL_149795::HUMAN_MYELIN_117032,EBV_TCELL_149795,HUMAN_MYELIN_117032,HUMAN_BACKGROUND_2258889,32,length_sensitivity_exact_bin_pm7,weak,3,YLHVEGGNF,EBV_TCELL_149795|3|LDLDFGQLTPHTKAVYQPRG,0,HUMAN_BACKGROUND_2258889|s04|RLRSQTVSTRYLHVEGGNFHASSQQ,4,0.178764,11.077537,11.499289,10.728205,Frozen score-blind pMHC comparison; technical samples are not biological replicates.
EBV_TCELL_149795::HUMAN_MYELIN_117032,EBV_TCELL_149795,HUMAN_MYELIN_117032,HUMAN_BACKGROUND_2258889,32,length_sensitivity_exact_bin_pm7,weak,3,YLHVEGGNF,EBV_TCELL_149795|3|LDLDFGQLTPHTKAVYQPRG,1,HUMAN_BACKGROUND_2258889|s04|RLRSQTVSTRYLHVEGGNFHASSQQ,0,0.172949,11.159172,11.656799,10.74449,Frozen score-blind pMHC comparison; technical samples are not biological replicates.
EBV_TCELL_149795::HUMAN_MYELIN_117032,EBV_TCELL_149795,HUMAN_MYELIN_117032,HUMAN_BACKGROUND_2258889,32,length_sensitivity_exact_bin_pm7,weak,3,YLHVEGGNF,EBV_TCELL_149795|3|LDLDFGQLTPHTKAVYQPRG,1,HUMAN_BACKGROUND_2258889|s04|RLRSQTVSTRYLHVEGGNFHASSQQ,1,0.176912,11.185288,11.697556,10.757925,Frozen score-blind pMHC comparison; technical samples are not biological replicates.
EBV_TCELL_149795::HUMAN_MYELIN_117032,EBV_TCELL_149795,HUMAN_MYELIN_117032,HUMAN_BACKGROUND_2258889,32,length_sensitivity_exact_bin_pm7,weak,3,YLHVEGGNF,EBV_TCELL_149795|3|LDLDFGQLTPHTKAVYQPRG,1,HUMAN_BACKGROUND_2258889|s04|RLRSQTVSTRYLHVEGGNFHASSQQ,2,0.165299,10.918013,11.493067,10.435178,Frozen score-blind pMHC comparison; technical samples are not biological replicates.
EBV_TCELL_149795::HUMAN_MYELIN_117032,EBV_TCELL_149795,HUMAN_MYELIN_117032,HUMAN_BACKGROUND_2258889,32,length_sensitivity_exact_bin_pm7,weak,3,YLHVEGGNF,EBV_TCELL_149795|3|LDLDFGQLTPHTKAVYQPRG,1,HUMAN_BACKGROUND_2258889|s04|RLRSQTVSTRYLHVEGGNFHASSQQ,3,0.189331,11.216468,11.811722,10.716485,Frozen score-blind pMHC comparison; technical samples are not biological replicates.
EBV_TCELL_149795::HUMAN_MYELIN_117032,EBV_TCELL_149795,HUMAN_MYELIN_117032,HUMAN_BACKGROUND_2258889,32,length_sensitivity_exact_bin_pm7,weak,3,YLHVEGGNF,EBV_TCELL_149795|3|LDLDFGQLTPHTKAVYQPRG,1,HUMAN_BACKGROUND_2258889|s04|RLRSQTVSTRYLHVEGGNFHASSQQ,4,0.158033,11.085567,11.53901,10.708997,Frozen score-blind pMHC comparison; technical samples are not biological replicates.
EBV_TCELL_149795::HUMAN_MYELIN_117032,EBV_TCELL_149795,HUMAN_MYELIN_117032,HUMAN_BACKGROUND_2258889,32,length_sensitivity_exact_bin_pm7,weak,3,YLHVEGGNF,EBV_TCELL_149795|3|LDLDFGQLTPHTKAVYQPRG,2,HUMAN_BACKGROUND_2258889|s04|RLRSQTVSTRYLHVEGGNFHASSQQ,0,0.20174,22.69035,22.50838,22.834882,Frozen score-blind pMHC comparison; technical samples are not biological replicates.
EBV_TCELL_149795::HUMAN_MYELIN_117032,EBV_TCELL_149795,HUMAN_MYELIN_117032,HUMAN_BACKGROUND_2258889,32,length_sensitivity_exact_bin_pm7,weak,3,YLHVEGGNF,EBV_TCELL_149795|3|LDLDFGQLTPHTKAVYQPRG,2,HUMAN_BACKGROUND_2258889|s04|RLRSQTVSTRYLHVEGGNFHASSQQ,1,0.181777,23.676163,23.572743,23.758575,Frozen score-blind pMHC comparison; technical samples are not biological replicates.
EBV_TCELL_149795::HUMAN_MYELIN_117032,EBV_TCELL_149795,HUMAN_MYELIN_117032,HUMAN_BACKGROUND_2258889,32,length_sensitivity_exact_bin_pm7,weak,3,YLHVEGGNF,EBV_TCELL_149795|3|LDLDFGQLTPHTKAVYQPRG,2,HUMAN_BACKGROUND_2258889|s04|RLRSQTVSTRYLHVEGGNFHASSQQ,2,0.18476,22.62665,22.55531,22.68356,Frozen score-blind pMHC comparison; technical samples are not biological replicates.
EBV_TCELL_149795::HUMAN_MYELIN_117032,EBV_TCELL_149795,HUMAN_MYELIN_117032,HUMAN_BACKGROUND_2258889,32,length_sensitivity_exact_bin_pm7,weak,3,YLHVEGGNF,EBV_TCELL_149795|3|LDLDFGQLTPHTKAVYQPRG,2,HUMAN_BACKGROUND_2258889|s04|RLRSQTVSTRYLHVEGGNFHASSQQ,3,0.202369,22.054891,21.923992,22.159053,Frozen score-blind pMHC comparison; technical samples are not biological replicates.
EBV_TCELL_149795::HUMAN_MYELIN_117032,EBV_TCELL_149795,HUMAN_MYELIN_117032,HUMAN_BACKGROUND_2258889,32,length_sensitivity_exact_bin_pm7,weak,3,YLHVEGGNF,EBV_TCELL_149795|3|LDLDFGQLTPHTKAVYQPRG,2,HUMAN_BACKGROUND_2258889|s04|RLRSQTVSTRYLHVEGGNFHASSQQ,4,0.183636,22.839565,22.634602,23.002219,Frozen score-blind pMHC comparison; technical samples are not biological replicates.
EBV_TCELL_149795::HUMAN_MYELIN_117032,EBV_TCELL_149795,HUMAN_MYELIN_117032,HUMAN_BACKGROUND_2258889,32,length_sensitivity_exact_bin_pm7,weak,3,YLHVEGGNF,EBV_TCELL_149795|3|LDLDFGQLTPHTKAVYQPRG,3,HUMAN_BACKGROUND_2258889|s04|RLRSQTVSTRYLHVEGGNFHASSQQ,0,0.179417,25.401857,25.516809,25.30952,Frozen score-blind pMHC comparison; technical samples are not biological replicates.
EBV_TCELL_149795::HUMAN_MYELIN_117032,EBV_TCELL_149795,HUMAN_MYELIN_117032,HUMAN_BACKGROUND_2258889,32,length_sensitivity_exact_bin_pm7,weak,3,YLHVEGGNF,EBV_TCELL_149795|3|LDLDFGQLTPHTKAVYQPRG,3,HUMAN_BACKGROUND_2258889|s04|RLRSQTVSTRYLHVEGGNFHASSQQ,1,0.166972,26.41187,26.572998,26.282256,Frozen score-blind pMHC comparison; technical samples are not biological replicates.
EBV_TCELL_149795::HUMAN_MYELIN_117032,EBV_TCELL_149795,HUMAN_MYELIN_117032,HUMAN_BACKGROUND_2258889,32,length_sensitivity_exact_bin_pm7,weak,3,YLHVEGGNF,EBV_TCELL_149795|3|LDLDFGQLTPHTKAVYQPRG,3,HUMAN_BACKGROUND_2258889|s04|RLRSQTVSTRYLHVEGGNFHASSQQ,2,0.171556,25.363896,25.562198,25.204131,Frozen score-blind pMHC comparison; technical samples are not biological replicates.
EBV_TCELL_149795::HUMAN_MYELIN_117032,EBV_TCELL_149795,HUMAN_MYELIN_117032,HUMAN_BACKGROUND_2258889,32,length_sensitivity_exact_bin_pm7,weak,3,YLHVEGGNF,EBV_TCELL_149795|3|LDLDFGQLTPHTKAVYQPRG,3,HUMAN_BACKGROUND_2258889|s04|RLRSQTVSTRYLHVEGGNFHASSQQ,3,0.180445,24.790477,24.940271,24.669988,Frozen score-blind pMHC comparison; technical samples are not biological replicates.
EBV_TCELL_149795::HUMAN_MYELIN_117032,EBV_TCELL_149795,HUMAN_MYELIN_117032,HUMAN_BACKGROUND_2258889,32,length_sensitivity_exact_bin_pm7,weak,3,YLHVEGGNF,EBV_TCELL_149795|3|LDLDFGQLTPHTKAVYQPRG,3,HUMAN_BACKGROUND_2258889|s04|RLRSQTVSTRYLHVEGGNFHASSQQ,4,0.181233,25.538555,25.647445,25.451107,Frozen score-blind pMHC comparison; technical samples are not biological replicates.
EBV_TCELL_149795::HUMAN_MYELIN_117032,EBV_TCELL_149795,HUMAN_MYELIN_117032,HUMAN_BACKGROUND_2258889,32,length_sensitivity_exact_bin_pm7,weak,3,YLHVEGGNF,EBV_TCELL_149795|3|LDLDFGQLTPHTKAVYQPRG,4,HUMAN_BACKGROUND_2258889|s04|RLRSQTVSTRYLHVEGGNFHASSQQ,0,0.183787,25.421595,25.557842,25.312071,Frozen score-blind pMHC comparison; technical samples are not biological replicates.
EBV_TCELL_149795::HUMAN_MYELIN_117032,EBV_TCELL_149795,HUMAN_MYELIN_117032,HUMAN_BACKGROUND_2258889,32,length_sensitivity_exact_bin_pm7,weak,3,YLHVEGGNF,EBV_TCELL_149795|3|LDLDFGQLTPHTKAVYQPRG,4,HUMAN_BACKGROUND_2258889|s04|RLRSQTVSTRYLHVEGGNFHASSQQ,1,0.157452,26.436914,26.621325,26.288453,Frozen score-blind pMHC comparison; technical samples are not biological replicates.
EBV_TCELL_149795::HUMAN_MYELIN_117032,EBV_TCELL_149795,HUMAN_MYELIN_117032,HUMAN_BACKGROUND_2258889,32,length_sensitivity_exact_bin_pm7,weak,3,YLHVEGGNF,EBV_TCELL_149795|3|LDLDFGQLTPHTKAVYQPRG,4,HUMAN_BACKGROUND_2258889|s04|RLRSQTVSTRYLHVEGGNFHASSQQ,2,0.160369,25.384254,25.602064,25.20865,Frozen score-blind pMHC comparison; technical samples are not biological replicates.
EBV_TCELL_149795::HUMAN_MYELIN_117032,EBV_TCELL_149795,HUMAN_MYELIN_117032,HUMAN_BACKGROUND_2258889,32,length_sensitivity_exact_bin_pm7,weak,3,YLHVEGGNF,EBV_TCELL_149795|3|LDLDFGQLTPHTKAVYQPRG,4,HUMAN_BACKGROUND_2258889|s04|RLRSQTVSTRYLHVEGGNFHASSQQ,3,0.211579,24.80394,24.96769,24.672159,Frozen score-blind pMHC comparison; technical samples are not biological replicates.
EBV_TCELL_149795::HUMAN_MYELIN_117032,EBV_TCELL_149795,HUMAN_MYELIN_117032,HUMAN_BACKGROUND_2258889,32,length_sensitivity_exact_bin_pm7,weak,3,YLHVEGGNF,EBV_TCELL_149795|3|LDLDFGQLTPHTKAVYQPRG,4,HUMAN_BACKGROUND_2258889|s04|RLRSQTVSTRYLHVEGGNFHASSQQ,4,0.175811,25.558165,25.689544,25.452574,Frozen score-blind pMHC comparison; technical samples are not biological replicates.
EBV_TCELL_149795::HUMAN_MYELIN_117032,EBV_TCELL_149795,HUMAN_MYELIN_117032,HUMAN_BACKGROUND_2258889,32,length_sensitivity_exact_bin_pm7,weak,3,YLHVEGGNF,EBV_TCELL_149795|355905527|LDLDFGQLTPHTKAVYQPRG,0,HUMAN_BACKGROUND_2258889|s04|RLRSQTVSTRYLHVEGGNFHASSQQ,0,0.165399,11.491547,12.156478,10.930517,Frozen score-blind pMHC comparison; technical samples are not biological replicates.
EBV_TCELL_149795::HUMAN_MYELIN_117032,EBV_TCELL_149795,HUMAN_MYELIN_117032,HUMAN_BACKGROUND_2258889,32,length_sensitivity_exact_bin_pm7,weak,3,YLHVEGGNF,EBV_TCELL_149795|355905527|LDLDFGQLTPHTKAVYQPRG,0,HUMAN_BACKGROUND_2258889|s04|RLRSQTVSTRYLHVEGGNFHASSQQ,1,0.12793,11.496139,12.162274,10.934051,Frozen score-blind pMHC comparison; technical samples are not biological replicates.
EBV_TCELL_149795::HUMAN_MYELIN_117032,EBV_TCELL_149795,HUMAN_MYELIN_117032,HUMAN_BACKGROUND_2258889,32,length_sensitivity_exact_bin_pm7,weak,3,YLHVEGGNF,EBV_TCELL_149795|355905527|LDLDFGQLTPHTKAVYQPRG,0,HUMAN_BACKGROUND_2258889|s04|RLRSQTVSTRYLHVEGGNFHASSQQ,2,0.159892,11.200796,11.89791,10.610179,Frozen score-blind pMHC comparison; technical samples are not biological replicates.
EBV_TCELL_149795::HUMAN_MYELIN_117032,EBV_TCELL_149795,HUMAN_MYELIN_117032,HUMAN_BACKGROUND_2258889,32,length_sensitivity_exact_bin_pm7,weak,3,YLHVEGGNF,EBV_TCELL_149795|355905527|LDLDFGQLTPHTKAVYQPRG,0,HUMAN_BACKGROUND_2258889|s04|RLRSQTVSTRYLHVEGGNFHASSQQ,3,0.17817,11.498147,12.215539,10.890262,Frozen score-blind pMHC comparison; technical samples are not biological replicates.
EBV_TCELL_149795::HUMAN_MYELIN_117032,EBV_TCELL_149795,HUMAN_MYELIN_117032,HUMAN_BACKGROUND_2258889,32,length_sensitivity_exact_bin_pm7,weak,3,YLHVEGGNF,EBV_TCELL_149795|355905527|LDLDFGQLTPHTKAVYQPRG,0,HUMAN_BACKGROUND_2258889|s04|RLRSQTVSTRYLHVEGGNFHASSQQ,4,0.167903,11.453101,12.137977,10.874188,Frozen score-blind pMHC comparison; technical samples are not biological replicates.
EBV_TCELL_149795::HUMAN_MYELIN_117032,EBV_TCELL_149795,HUMAN_MYELIN_117032,HUMAN_BACKGROUND_2258889,32,length_sensitivity_exact_bin_pm7,weak,3,YLHVEGGNF,EBV_TCELL_149795|355905527|LDLDFGQLTPHTKAVYQPRG,1,HUMAN_BACKGROUND_2258889|s04|RLRSQTVSTRYLHVEGGNFHASSQQ,0,0.169237,11.006314,11.536772,10.562784,Frozen score-blind pMHC comparison; technical samples are not biological replicates.
EBV_TCELL_149795::HUMAN_MYELIN_117032,EBV_TCELL_149795,HUMAN_MYELIN_117032,HUMAN_BACKGROUND_2258889,32,length_sensitivity_exact_bin_pm7,weak,3,YLHVEGGNF,EBV_TCELL_149795|355905527|LDLDFGQLTPHTKAVYQPRG,1,HUMAN_BACKGROUND_2258889|s04|RLRSQTVSTRYLHVEGGNFHASSQQ,1,0.180061,11.084218,11.598715,10.654747,Frozen score-blind pMHC comparison; technical samples are not biological replicates.
EBV_TCELL_149795::HUMAN_MYELIN_117032,EBV_TCELL_149795,HUMAN_MYELIN_117032,HUMAN_BACKGROUND_2258889,32,length_sensitivity_exact_bin_pm7,weak,3,YLHVEGGNF,EBV_TCELL_149795|355905527|LDLDFGQLTPHTKAVYQPRG,1,HUMAN_BACKGROUND_2258889|s04|RLRSQTVSTRYLHVEGGNFHASSQQ,2,0.184558,10.787012,11.371039,10.295965,Frozen score-blind pMHC comparison; technical samples are not biological replicates.
EBV_TCELL_149795::HUMAN_MYELIN_117032,EBV_TCELL_149795,HUMAN_MYELIN_117032,HUMAN_BACKGROUND_2258889,32,length_sensitivity_exact_bin_pm7,weak,3,YLHVEGGNF,EBV_TCELL_149795|355905527|LDLDFGQLTPHTKAVYQPRG,1,HUMAN_BACKGROUND_2258889|s04|RLRSQTVSTRYLHVEGGNFHASSQQ,3,0.23145,11.061486,11.685496,10.535701,Frozen score-blind pMHC comparison; technical samples are not biological replicates.
EBV_TCELL_149795::HUMAN_MYELIN_117032,EBV_TCELL_149795,HUMAN_MYELIN_117032,HUMAN_BACKGROUND_2258889,32,length_sensitivity_exact_bin_pm7,weak,3,YLHVEGGNF,EBV_TCELL_149795|355905527|LDLDFGQLTPHTKAVYQPRG,1,HUMAN_BACKGROUND_2258889|s04|RLRSQTVSTRYLHVEGGNFHASSQQ,4,0.154794,10.92169,11.433781,10.494041,Frozen score-blind pMHC comparison; technical samples are not biological replicates.
EBV_TCELL_149795::HUMAN_MYELIN_117032,EBV_TCELL_149795,HUMAN_MYELIN_117032,HUMAN_BACKGROUND_2258889,32,length_sensitivity_exact_bin_pm7,weak,3,YLHVEGGNF,EBV_TCELL_149795|355905527|LDLDFGQLTPHTKAVYQPRG,2,HUMAN_BACKGROUND_2258889|s04|RLRSQTVSTRYLHVEGGNFHASSQQ,0,0.177454,20.364195,20.608261,20.166815,Frozen score-blind pMHC comparison; technical samples are not biological replicates.
EBV_TCELL_149795::HUMAN_MYELIN_117032,EBV_TCELL_149795,HUMAN_MYELIN_117032,HUMAN_BACKGROUND_2258889,32,length_sensitivity_exact_bin_pm7,weak,3,YLHVEGGNF,EBV_TCELL_149795|355905527|LDLDFGQLTPHTKAVYQPRG,2,HUMAN_BACKGROUND_2258889|s04|RLRSQTVSTRYLHVEGGNFHASSQQ,1,0.16812,21.331135,21.571527,21.136853,Frozen score-blind pMHC comparison; technical samples are not biological replicates.
EBV_TCELL_149795::HUMAN_MYELIN_117032,EBV_TCELL_149795,HUMAN_MYELIN_117032,HUMAN_BACKGROUND_2258889,32,length_sensitivity_exact_bin_pm7,weak,3,YLHVEGGNF,EBV_TCELL_149795|355905527|LDLDFGQLTPHTKAVYQPRG,2,HUMAN_BACKGROUND_2258889|s04|RLRSQTVSTRYLHVEGGNFHASSQQ,2,0.160892,20.287281,20.598482,20.034841,Frozen score-blind pMHC comparison; technical samples are not biological replicates.
EBV_TCELL_149795::HUMAN_MYELIN_117032,EBV_TCELL_149795,HUMAN_MYELIN_117032,HUMAN_BACKGROUND_2258889,32,length_sensitivity_exact_bin_pm7,weak,3,YLHVEGGNF,EBV_TCELL_149795|355905527|LDLDFGQLTPHTKAVYQPRG,2,HUMAN_BACKGROUND_2258889|s04|RLRSQTVSTRYLHVEGGNFHASSQQ,3,0.189102,19.708051,19.998532,19.472546,Frozen score-blind pMHC comparison; technical samples are not biological replicates.
EBV_TCELL_149795::HUMAN_MYELIN_117032,EBV_TCELL_149795,HUMAN_MYELIN_117032,HUMAN_BACKGROUND_2258889,32,length_sensitivity_exact_bin_pm7,weak,3,YLHVEGGNF,EBV_TCELL_149795|355905527|LDLDFGQLTPHTKAVYQPRG,2,HUMAN_BACKGROUND_2258889|s04|RLRSQTVSTRYLHVEGGNFHASSQQ,4,0.170859,20.549607,20.784385,20.359834,Frozen score-blind pMHC comparison; technical samples are not biological replicates.
EBV_TCELL_149795::HUMAN_MYELIN_117032,EBV_TCELL_149795,HUMAN_MYELIN_117032,HUMAN_BACKGROUND_2258889,32,length_sensitivity_exact_bin_pm7,weak,3,YLHVEGGNF,EBV_TCELL_149795|355905527|LDLDFGQLTPHTKAVYQPRG,3,HUMAN_BACKGROUND_2258889|s04|RLRSQTVSTRYLHVEGGNFHASSQQ,0,0.192547,18.749442,18.881583,18.643055,Frozen score-blind pMHC comparison; technical samples are not biological replicates.
EBV_TCELL_149795::HUMAN_MYELIN_117032,EBV_TCELL_149795,HUMAN_MYELIN_117032,HUMAN_BACKGROUND_2258889,32,length_sensitivity_exact_bin_pm7,weak,3,YLHVEGGNF,EBV_TCELL_149795|355905527|LDLDFGQLTPHTKAVYQPRG,3,HUMAN_BACKGROUND_2258889|s04|RLRSQTVSTRYLHVEGGNFHASSQQ,1,0.172331,19.23221,19.361705,19.127983,Frozen score-blind pMHC comparison; technical samples are not biological replicates.
EBV_TCELL_149795::HUMAN_MYELIN_117032,EBV_TCELL_149795,HUMAN_MYELIN_117032,HUMAN_BACKGROUND_2258889,32,length_sensitivity_exact_bin_pm7,weak,3,YLHVEGGNF,EBV_TCELL_149795|355905527|LDLDFGQLTPHTKAVYQPRG,3,HUMAN_BACKGROUND_2258889|s04|RLRSQTVSTRYLHVEGGNFHASSQQ,2,0.168991,18.589515,18.764934,18.447979,Frozen score-blind pMHC comparison; technical samples are not biological replicates.
EBV_TCELL_149795::HUMAN_MYELIN_117032,EBV_TCELL_149795,HUMAN_MYELIN_117032,HUMAN_BACKGROUND_2258889,32,length_sensitivity_exact_bin_pm7,weak,3,YLHVEGGNF,EBV_TCELL_149795|355905527|LDLDFGQLTPHTKAVYQPRG,3,HUMAN_BACKGROUND_2258889|s04|RLRSQTVSTRYLHVEGGNFHASSQQ,3,0.164492,18.525507,18.748076,18.345508,Frozen score-blind pMHC comparison; technical samples are not biological replicates.
EBV_TCELL_149795::HUMAN_MYELIN_117032,EBV_TCELL_149795,HUMAN_MYELIN_117032,HUMAN_BACKGROUND_2258889,32,length_sensitivity_exact_bin_pm7,weak,3,YLHVEGGNF,EBV_TCELL_149795|355905527|LDLDFGQLTPHTKAVYQPRG,3,HUMAN_BACKGROUND_2258889|s04|RLRSQTVSTRYLHVEGGNFHASSQQ,4,0.194597,18.738073,18.85266,18.645896,Frozen score-blind pMHC comparison; technical samples are not biological replicates.
EBV_TCELL_149795::HUMAN_MYELIN_117032,EBV_TCELL_149795,HUMAN_MYELIN_117032,HUMAN_BACKGROUND_2258889,32,length_sensitivity_exact_bin_pm7,weak,3,YLHVEGGNF,EBV_TCELL_149795|355905527|LDLDFGQLTPHTKAVYQPRG,4,HUMAN_BACKGROUND_2258889|s04|RLRSQTVSTRYLHVEGGNFHASSQQ,0,0.221563,20.998018,21.325258,20.732508,Frozen score-blind pMHC comparison; technical samples are not biological replicates.
EBV_TCELL_149795::HUMAN_MYELIN_117032,EBV_TCELL_149795,HUMAN_MYELIN_117032,HUMAN_BACKGROUND_2258889,32,length_sensitivity_exact_bin_pm7,weak,3,YLHVEGGNF,EBV_TCELL_149795|355905527|LDLDFGQLTPHTKAVYQPRG,4,HUMAN_BACKGROUND_2258889|s04|RLRSQTVSTRYLHVEGGNFHASSQQ,1,0.206574,21.936887,22.301369,21.640881,Frozen score-blind pMHC comparison; technical samples are not biological replicates.
EBV_TCELL_149795::HUMAN_MYELIN_117032,EBV_TCELL_149795,HUMAN_MYELIN_117032,HUMAN_BACKGROUND_2258889,32,length_sensitivity_exact_bin_pm7,weak,3,YLHVEGGNF,EBV_TCELL_149795|355905527|LDLDFGQLTPHTKAVYQPRG,4,HUMAN_BACKGROUND_2258889|s04|RLRSQTVSTRYLHVEGGNFHASSQQ,2,0.200449,20.904098,21.315372,20.569159,Frozen score-blind pMHC comparison; technical samples are not biological replicates.
EBV_TCELL_149795::HUMAN_MYELIN_117032,EBV_TCELL_149795,HUMAN_MYELIN_117032,HUMAN_BACKGROUND_2258889,32,length_sensitivity_exact_bin_pm7,weak,3,YLHVEGGNF,EBV_TCELL_149795|355905527|LDLDFGQLTPHTKAVYQPRG,4,HUMAN_BACKGROUND_2258889|s04|RLRSQTVSTRYLHVEGGNFHASSQQ,3,0.200978,20.359102,20.725146,20.061459,Frozen score-blind pMHC comparison; technical samples are not biological replicates.
EBV_TCELL_149795::HUMAN_MYELIN_117032,EBV_TCELL_149795,HUMAN_MYELIN_117032,HUMAN_BACKGROUND_2258889,32,length_sensitivity_exact_bin_pm7,weak,3,YLHVEGGNF,EBV_TCELL_149795|355905527|LDLDFGQLTPHTKAVYQPRG,4,HUMAN_BACKGROUND_2258889|s04|RLRSQTVSTRYLHVEGGNFHASSQQ,4,0.230068,21.16976,21.485648,20.913615,Frozen score-blind pMHC comparison; technical samples are not biological replicates.
EBV_TCELL_1862913::HUMAN_MYELIN_117032,EBV_TCELL_1862913,HUMAN_MYELIN_117032,HUMAN_BACKGROUND_2258889,32,length_sensitivity_exact_bin_pm7,weak,3,YLHVEGGNF,EBV_TCELL_1862913|15|NILRIYYSPSIMHRYAVVQP,0,HUMAN_BACKGROUND_2258889|s04|RLRSQTVSTRYLHVEGGNFHASSQQ,0,0.17674,27.286472,26.864169,27.619665,Frozen score-blind pMHC comparison; technical samples are not biological replicates.
EBV_TCELL_1862913::HUMAN_MYELIN_117032,EBV_TCELL_1862913,HUMAN_MYELIN_117032,HUMAN_BACKGROUND_2258889,32,length_sensitivity_exact_bin_pm7,weak,3,YLHVEGGNF,EBV_TCELL_1862913|15|NILRIYYSPSIMHRYAVVQP,0,HUMAN_BACKGROUND_2258889|s04|RLRSQTVSTRYLHVEGGNFHASSQQ,1,0.201787,27.978952,27.576923,28.296463,Frozen score-blind pMHC comparison; technical samples are not biological replicates.
EBV_TCELL_1862913::HUMAN_MYELIN_117032,EBV_TCELL_1862913,HUMAN_MYELIN_117032,HUMAN_BACKGROUND_2258889,32,length_sensitivity_exact_bin_pm7,weak,3,YLHVEGGNF,EBV_TCELL_1862913|15|NILRIYYSPSIMHRYAVVQP,0,HUMAN_BACKGROUND_2258889|s04|RLRSQTVSTRYLHVEGGNFHASSQQ,2,0.177407,27.194923,26.843822,27.472574,Frozen score-blind pMHC comparison; technical samples are not biological replicates.
EBV_TCELL_1862913::HUMAN_MYELIN_117032,EBV_TCELL_1862913,HUMAN_MYELIN_117032,HUMAN_BACKGROUND_2258889,32,length_sensitivity_exact_bin_pm7,weak,3,YLHVEGGNF,EBV_TCELL_1862913|15|NILRIYYSPSIMHRYAVVQP,0,HUMAN_BACKGROUND_2258889|s04|RLRSQTVSTRYLHVEGGNFHASSQQ,3,0.213638,26.970482,26.663272,27.213752,Frozen score-blind pMHC comparison; technical samples are not biological replicates.
EBV_TCELL_1862913::HUMAN_MYELIN_117032,EBV_TCELL_1862913,HUMAN_MYELIN_117032,HUMAN_BACKGROUND_2258889,32,length_sensitivity_exact_bin_pm7,weak,3,YLHVEGGNF,EBV_TCELL_1862913|15|NILRIYYSPSIMHRYAVVQP,0,HUMAN_BACKGROUND_2258889|s04|RLRSQTVSTRYLHVEGGNFHASSQQ,4,0.184309,27.306998,26.806971,27.700521,Frozen score-blind pMHC comparison; technical samples are not biological replicates.
EBV_TCELL_1862913::HUMAN_MYELIN_117032,EBV_TCELL_1862913,HUMAN_MYELIN_117032,HUMAN_BACKGROUND_2258889,32,length_sensitivity_exact_bin_pm7,weak,3,YLHVEGGNF,EBV_TCELL_1862913|15|NILRIYYSPSIMHRYAVVQP,1,HUMAN_BACKGROUND_2258889|s04|RLRSQTVSTRYLHVEGGNFHASSQQ,0,0.335369,27.052766,26.687386,27.341555,Frozen score-blind pMHC comparison; technical samples are not biological replicates.
EBV_TCELL_1862913::HUMAN_MYELIN_117032,EBV_TCELL_1862913,HUMAN_MYELIN_117032,HUMAN_BACKGROUND_2258889,32,length_sensitivity_exact_bin_pm7,weak,3,YLHVEGGNF,EBV_TCELL_1862913|15|NILRIYYSPSIMHRYAVVQP,1,HUMAN_BACKGROUND_2258889|s04|RLRSQTVSTRYLHVEGGNFHASSQQ,1,0.299987,27.72156,27.389814,27.984125,Frozen score-blind pMHC comparison; technical samples are not biological replicates.
EBV_TCELL_1862913::HUMAN_MYELIN_117032,EBV_TCELL_1862913,HUMAN_MYELIN_117032,HUMAN_BACKGROUND_2258889,32,length_sensitivity_exact_bin_pm7,weak,3,YLHVEGGNF,EBV_TCELL_1862913|15|NILRIYYSPSIMHRYAVVQP,1,HUMAN_BACKGROUND_2258889|s04|RLRSQTVSTRYLHVEGGNFHASSQQ,2,0.303854,26.958813,26.662067,27.193878,Frozen score-blind pMHC comparison; technical samples are not biological replicates.
EBV_TCELL_1862913::HUMAN_MYELIN_117032,EBV_TCELL_1862913,HUMAN_MYELIN_117032,HUMAN_BACKGROUND_2258889,32,length_sensitivity_exact_bin_pm7,weak,3,YLHVEGGNF,EBV_TCELL_1862913|15|NILRIYYSPSIMHRYAVVQP,1,HUMAN_BACKGROUND_2258889|s04|RLRSQTVSTRYLHVEGGNFHASSQQ,3,0.27391,26.754876,26.493836,26.961888,Frozen score-blind pMHC comparison; technical samples are not biological replicates.
EBV_TCELL_1862913::HUMAN_MYELIN_117032,EBV_TCELL_1862913,HUMAN_MYELIN_117032,HUMAN_BACKGROUND_2258889,32,length_sensitivity_exact_bin_pm7,weak,3,YLHVEGGNF,EBV_TCELL_1862913|15|NILRIYYSPSIMHRYAVVQP,1,HUMAN_BACKGROUND_2258889|s04|RLRSQTVSTRYLHVEGGNFHASSQQ,4,0.330084,27.047666,26.632346,27.375386,Frozen score-blind pMHC comparison; technical samples are not biological replicates.
EBV_TCELL_1862913::HUMAN_MYELIN_117032,EBV_TCELL_1862913,HUMAN_MYELIN_117032,HUMAN_BACKGROUND_2258889,32,length_sensitivity_exact_bin_pm7,weak,3,YLHVEGGNF,EBV_TCELL_1862913|15|NILRIYYSPSIMHRYAVVQP,2,HUMAN_BACKGROUND_2258889|s04|RLRSQTVSTRYLHVEGGNFHASSQQ,0,0.153989,20.575067,20.716424,20.461277,Frozen score-blind pMHC comparison; technical samples are not biological replicates.
EBV_TCELL_1862913::HUMAN_MYELIN_117032,EBV_TCELL_1862913,HUMAN_MYELIN_117032,HUMAN_BACKGROUND_2258889,32,length_sensitivity_exact_bin_pm7,weak,3,YLHVEGGNF,EBV_TCELL_1862913|15|NILRIYYSPSIMHRYAVVQP,2,HUMAN_BACKGROUND_2258889|s04|RLRSQTVSTRYLHVEGGNFHASSQQ,1,0.166791,21.601126,21.759883,21.473274,Frozen score-blind pMHC comparison; technical samples are not biological replicates.
EBV_TCELL_1862913::HUMAN_MYELIN_117032,EBV_TCELL_1862913,HUMAN_MYELIN_117032,HUMAN_BACKGROUND_2258889,32,length_sensitivity_exact_bin_pm7,weak,3,YLHVEGGNF,EBV_TCELL_1862913|15|NILRIYYSPSIMHRYAVVQP,2,HUMAN_BACKGROUND_2258889|s04|RLRSQTVSTRYLHVEGGNFHASSQQ,2,0.166955,20.522022,20.741763,20.344521,Frozen score-blind pMHC comparison; technical samples are not biological replicates.
EBV_TCELL_1862913::HUMAN_MYELIN_117032,EBV_TCELL_1862913,HUMAN_MYELIN_117032,HUMAN_BACKGROUND_2258889,32,length_sensitivity_exact_bin_pm7,weak,3,YLHVEGGNF,EBV_TCELL_1862913|15|NILRIYYSPSIMHRYAVVQP,2,HUMAN_BACKGROUND_2258889|s04|RLRSQTVSTRYLHVEGGNFHASSQQ,3,0.208301,19.919559,20.117491,19.759785,Frozen score-blind pMHC comparison; technical samples are not biological replicates.
EBV_TCELL_1862913::HUMAN_MYELIN_117032,EBV_TCELL_1862913,HUMAN_MYELIN_117032,HUMAN_BACKGROUND_2258889,32,length_sensitivity_exact_bin_pm7,weak,3,YLHVEGGNF,EBV_TCELL_1862913|15|NILRIYYSPSIMHRYAVVQP,2,HUMAN_BACKGROUND_2258889|s04|RLRSQTVSTRYLHVEGGNFHASSQQ,4,0.15526,20.762597,20.88049,20.667799,Frozen score-blind pMHC comparison; technical samples are not biological replicates.
EBV_TCELL_1862913::HUMAN_MYELIN_117032,EBV_TCELL_1862913,HUMAN_MYELIN_117032,HUMAN_BACKGROUND_2258889,32,length_sensitivity_exact_bin_pm7,weak,3,YLHVEGGNF,EBV_TCELL_1862913|15|NILRIYYSPSIMHRYAVVQP,3,HUMAN_BACKGROUND_2258889|s04|RLRSQTVSTRYLHVEGGNFHASSQQ,0,0.140308,27.696982,27.540731,27.821351,Frozen score-blind pMHC comparison; technical samples are not biological replicates.
EBV_TCELL_1862913::HUMAN_MYELIN_117032,EBV_TCELL_1862913,HUMAN_MYELIN_117032,HUMAN_BACKGROUND_2258889,32,length_sensitivity_exact_bin_pm7,weak,3,YLHVEGGNF,EBV_TCELL_1862913|15|NILRIYYSPSIMHRYAVVQP,3,HUMAN_BACKGROUND_2258889|s04|RLRSQTVSTRYLHVEGGNFHASSQQ,1,0.155332,28.422677,28.387395,28.450871,Frozen score-blind pMHC comparison; technical samples are not biological replicates.
EBV_TCELL_1862913::HUMAN_MYELIN_117032,EBV_TCELL_1862913,HUMAN_MYELIN_117032,HUMAN_BACKGROUND_2258889,32,length_sensitivity_exact_bin_pm7,weak,3,YLHVEGGNF,EBV_TCELL_1862913|15|NILRIYYSPSIMHRYAVVQP,3,HUMAN_BACKGROUND_2258889|s04|RLRSQTVSTRYLHVEGGNFHASSQQ,2,0.150326,27.636883,27.577162,27.684567,Frozen score-blind pMHC comparison; technical samples are not biological replicates.
EBV_TCELL_1862913::HUMAN_MYELIN_117032,EBV_TCELL_1862913,HUMAN_MYELIN_117032,HUMAN_BACKGROUND_2258889,32,length_sensitivity_exact_bin_pm7,weak,3,YLHVEGGNF,EBV_TCELL_1862913|15|NILRIYYSPSIMHRYAVVQP,3,HUMAN_BACKGROUND_2258889|s04|RLRSQTVSTRYLHVEGGNFHASSQQ,3,0.177891,27.39318,27.294938,27.471521,Frozen score-blind pMHC comparison; technical samples are not biological replicates.
EBV_TCELL_1862913::HUMAN_MYELIN_117032,EBV_TCELL_1862913,HUMAN_MYELIN_117032,HUMAN_BACKGROUND_2258889,32,length_sensitivity_exact_bin_pm7,weak,3,YLHVEGGNF,EBV_TCELL_1862913|15|NILRIYYSPSIMHRYAVVQP,3,HUMAN_BACKGROUND_2258889|s04|RLRSQTVSTRYLHVEGGNFHASSQQ,4,0.135367,27.657949,27.481996,27.79791,Frozen score-blind pMHC comparison; technical samples are not biological replicates.
EBV_TCELL_1862913::HUMAN_MYELIN_117032,EBV_TCELL_1862913,HUMAN_MYELIN_117032,HUMAN_BACKGROUND_2258889,32,length_sensitivity_exact_bin_pm7,weak,3,YLHVEGGNF,EBV_TCELL_1862913|15|NILRIYYSPSIMHRYAVVQP,4,HUMAN_BACKGROUND_2258889|s04|RLRSQTVSTRYLHVEGGNFHASSQQ,0,0.17147,27.396368,27.000589,27.70892,Frozen score-blind pMHC comparison; technical samples are not biological replicates.
EBV_TCELL_1862913::HUMAN_MYELIN_117032,EBV_TCELL_1862913,HUMAN_MYELIN_117032,HUMAN_BACKGROUND_2258889,32,length_sensitivity_exact_bin_pm7,weak,3,YLHVEGGNF,EBV_TCELL_1862913|15|NILRIYYSPSIMHRYAVVQP,4,HUMAN_BACKGROUND_2258889|s04|RLRSQTVSTRYLHVEGGNFHASSQQ,1,0.174984,28.106073,27.772558,28.370061,Frozen score-blind pMHC comparison; technical samples are not biological replicates.
EBV_TCELL_1862913::HUMAN_MYELIN_117032,EBV_TCELL_1862913,HUMAN_MYELIN_117032,HUMAN_BACKGROUND_2258889,32,length_sensitivity_exact_bin_pm7,weak,3,YLHVEGGNF,EBV_TCELL_1862913|15|NILRIYYSPSIMHRYAVVQP,4,HUMAN_BACKGROUND_2258889|s04|RLRSQTVSTRYLHVEGGNFHASSQQ,2,0.17431,27.325376,27.019194,27.567873,Frozen score-blind pMHC comparison; technical samples are not biological replicates.
EBV_TCELL_1862913::HUMAN_MYELIN_117032,EBV_TCELL_1862913,HUMAN_MYELIN_117032,HUMAN_BACKGROUND_2258889,32,length_sensitivity_exact_bin_pm7,weak,3,YLHVEGGNF,EBV_TCELL_1862913|15|NILRIYYSPSIMHRYAVVQP,4,HUMAN_BACKGROUND_2258889|s04|RLRSQTVSTRYLHVEGGNFHASSQQ,3,0.158217,27.082203,26.782964,27.319235,Frozen score-blind pMHC comparison; technical samples are not biological replicates.
EBV_TCELL_1862913::HUMAN_MYELIN_117032,EBV_TCELL_1862913,HUMAN_MYELIN_117032,HUMAN_BACKGROUND_2258889,32,length_sensitivity_exact_bin_pm7,weak,3,YLHVEGGNF,EBV_TCELL_1862913|15|NILRIYYSPSIMHRYAVVQP,4,HUMAN_BACKGROUND_2258889|s04|RLRSQTVSTRYLHVEGGNFHASSQQ,4,0.173281,27.381552,26.915853,27.748484,Frozen score-blind pMHC comparison; technical samples are not biological replicates.
EBV_TCELL_1862913::HUMAN_MYELIN_117032,EBV_TCELL_1862913,HUMAN_MYELIN_117032,HUMAN_BACKGROUND_2258889,32,length_sensitivity_exact_bin_pm7,weak,3,YLHVEGGNF,EBV_TCELL_1862913|2|NILRIYYSPSIMHRYAVVQP,0,HUMAN_BACKGROUND_2258889|s04|RLRSQTVSTRYLHVEGGNFHASSQQ,0,0.14492,27.290729,26.896422,27.602119,Frozen score-blind pMHC comparison; technical samples are not biological replicates.
EBV_TCELL_1862913::HUMAN_MYELIN_117032,EBV_TCELL_1862913,HUMAN_MYELIN_117032,HUMAN_BACKGROUND_2258889,32,length_sensitivity_exact_bin_pm7,weak,3,YLHVEGGNF,EBV_TCELL_1862913|2|NILRIYYSPSIMHRYAVVQP,0,HUMAN_BACKGROUND_2258889|s04|RLRSQTVSTRYLHVEGGNFHASSQQ,1,0.135,27.966078,27.592556,28.261341,Frozen score-blind pMHC comparison; technical samples are not biological replicates.
EBV_TCELL_1862913::HUMAN_MYELIN_117032,EBV_TCELL_1862913,HUMAN_MYELIN_117032,HUMAN_BACKGROUND_2258889,32,length_sensitivity_exact_bin_pm7,weak,3,YLHVEGGNF,EBV_TCELL_1862913|2|NILRIYYSPSIMHRYAVVQP,0,HUMAN_BACKGROUND_2258889|s04|RLRSQTVSTRYLHVEGGNFHASSQQ,2,0.135774,27.206895,26.869954,27.473473,Frozen score-blind pMHC comparison; technical samples are not biological replicates.
EBV_TCELL_1862913::HUMAN_MYELIN_117032,EBV_TCELL_1862913,HUMAN_MYELIN_117032,HUMAN_BACKGROUND_2258889,32,length_sensitivity_exact_bin_pm7,weak,3,YLHVEGGNF,EBV_TCELL_1862913|2|NILRIYYSPSIMHRYAVVQP,0,HUMAN_BACKGROUND_2258889|s04|RLRSQTVSTRYLHVEGGNFHASSQQ,3,0.183604,27.008782,26.71934,27.238121,Frozen score-blind pMHC comparison; technical samples are not biological replicates.
EBV_TCELL_1862913::HUMAN_MYELIN_117032,EBV_TCELL_1862913,HUMAN_MYELIN_117032,HUMAN_BACKGROUND_2258889,32,length_sensitivity_exact_bin_pm7,weak,3,YLHVEGGNF,EBV_TCELL_1862913|2|NILRIYYSPSIMHRYAVVQP,0,HUMAN_BACKGROUND_2258889|s04|RLRSQTVSTRYLHVEGGNFHASSQQ,4,0.130589,27.269572,26.850169,27.600507,Frozen score-blind pMHC comparison; technical samples are not biological replicates.
EBV_TCELL_1862913::HUMAN_MYELIN_117032,EBV_TCELL_1862913,HUMAN_MYELIN_117032,HUMAN_BACKGROUND_2258889,32,length_sensitivity_exact_bin_pm7,weak,3,YLHVEGGNF,EBV_TCELL_1862913|2|NILRIYYSPSIMHRYAVVQP,1,HUMAN_BACKGROUND_2258889|s04|RLRSQTVSTRYLHVEGGNFHASSQQ,0,0.169549,35.581319,35.01012,36.031759,Frozen score-blind pMHC comparison; technical samples are not biological replicates.
EBV_TCELL_1862913::HUMAN_MYELIN_117032,EBV_TCELL_1862913,HUMAN_MYELIN_117032,HUMAN_BACKGROUND_2258889,32,length_sensitivity_exact_bin_pm7,weak,3,YLHVEGGNF,EBV_TCELL_1862913|2|NILRIYYSPSIMHRYAVVQP,1,HUMAN_BACKGROUND_2258889|s04|RLRSQTVSTRYLHVEGGNFHASSQQ,1,0.164019,36.328208,35.831619,36.720644,Frozen score-blind pMHC comparison; technical samples are not biological replicates.
EBV_TCELL_1862913::HUMAN_MYELIN_117032,EBV_TCELL_1862913,HUMAN_MYELIN_117032,HUMAN_BACKGROUND_2258889,32,length_sensitivity_exact_bin_pm7,weak,3,YLHVEGGNF,EBV_TCELL_1862913|2|NILRIYYSPSIMHRYAVVQP,1,HUMAN_BACKGROUND_2258889|s04|RLRSQTVSTRYLHVEGGNFHASSQQ,2,0.158871,35.506264,35.020546,35.890105,Frozen score-blind pMHC comparison; technical samples are not biological replicates.
EBV_TCELL_1862913::HUMAN_MYELIN_117032,EBV_TCELL_1862913,HUMAN_MYELIN_117032,HUMAN_BACKGROUND_2258889,32,length_sensitivity_exact_bin_pm7,weak,3,YLHVEGGNF,EBV_TCELL_1862913|2|NILRIYYSPSIMHRYAVVQP,1,HUMAN_BACKGROUND_2258889|s04|RLRSQTVSTRYLHVEGGNFHASSQQ,3,0.212794,35.254146,34.78157,35.627694,Frozen score-blind pMHC comparison; technical samples are not biological replicates.
EBV_TCELL_1862913::HUMAN_MYELIN_117032,EBV_TCELL_1862913,HUMAN_MYELIN_117032,HUMAN_BACKGROUND_2258889,32,length_sensitivity_exact_bin_pm7,weak,3,YLHVEGGNF,EBV_TCELL_1862913|2|NILRIYYSPSIMHRYAVVQP,1,HUMAN_BACKGROUND_2258889|s04|RLRSQTVSTRYLHVEGGNFHASSQQ,4,0.135676,35.579738,34.976792,36.054836,Frozen score-blind pMHC comparison; technical samples are not biological replicates.
EBV_TCELL_1862913::HUMAN_MYELIN_117032,EBV_TCELL_1862913,HUMAN_MYELIN_117032,HUMAN_BACKGROUND_2258889,32,length_sensitivity_exact_bin_pm7,weak,3,YLHVEGGNF,EBV_TCELL_1862913|2|NILRIYYSPSIMHRYAVVQP,2,HUMAN_BACKGROUND_2258889|s04|RLRSQTVSTRYLHVEGGNFHASSQQ,0,0.161433,27.488809,27.108023,27.789682,Frozen score-blind pMHC comparison; technical samples are not biological replicates.
EBV_TCELL_1862913::HUMAN_MYELIN_117032,EBV_TCELL_1862913,HUMAN_MYELIN_117032,HUMAN_BACKGROUND_2258889,32,length_sensitivity_exact_bin_pm7,weak,3,YLHVEGGNF,EBV_TCELL_1862913|2|NILRIYYSPSIMHRYAVVQP,2,HUMAN_BACKGROUND_2258889|s04|RLRSQTVSTRYLHVEGGNFHASSQQ,1,0.182765,28.225963,27.897638,28.485899,Frozen score-blind pMHC comparison; technical samples are not biological replicates.
EBV_TCELL_1862913::HUMAN_MYELIN_117032,EBV_TCELL_1862913,HUMAN_MYELIN_117032,HUMAN_BACKGROUND_2258889,32,length_sensitivity_exact_bin_pm7,weak,3,YLHVEGGNF,EBV_TCELL_1862913|2|NILRIYYSPSIMHRYAVVQP,2,HUMAN_BACKGROUND_2258889|s04|RLRSQTVSTRYLHVEGGNFHASSQQ,2,0.172156,27.423312,27.122707,27.661444,Frozen score-blind pMHC comparison; technical samples are not biological replicates.
EBV_TCELL_1862913::HUMAN_MYELIN_117032,EBV_TCELL_1862913,HUMAN_MYELIN_117032,HUMAN_BACKGROUND_2258889,32,length_sensitivity_exact_bin_pm7,weak,3,YLHVEGGNF,EBV_TCELL_1862913|2|NILRIYYSPSIMHRYAVVQP,2,HUMAN_BACKGROUND_2258889|s04|RLRSQTVSTRYLHVEGGNFHASSQQ,3,0.222137,27.161547,26.871238,27.391579,Frozen score-blind pMHC comparison; technical samples are not biological replicates.
EBV_TCELL_1862913::HUMAN_MYELIN_117032,EBV_TCELL_1862913,HUMAN_MYELIN_117032,HUMAN_BACKGROUND_2258889,32,length_sensitivity_exact_bin_pm7,weak,3,YLHVEGGNF,EBV_TCELL_1862913|2|NILRIYYSPSIMHRYAVVQP,2,HUMAN_BACKGROUND_2258889|s04|RLRSQTVSTRYLHVEGGNFHASSQQ,4,0.147682,27.486511,27.032848,27.84412,Frozen score-blind pMHC comparison; technical samples are not biological replicates.
EBV_TCELL_1862913::HUMAN_MYELIN_117032,EBV_TCELL_1862913,HUMAN_MYELIN_117032,HUMAN_BACKGROUND_2258889,32,length_sensitivity_exact_bin_pm7,weak,3,YLHVEGGNF,EBV_TCELL_1862913|2|NILRIYYSPSIMHRYAVVQP,3,HUMAN_BACKGROUND_2258889|s04|RLRSQTVSTRYLHVEGGNFHASSQQ,0,0.165829,27.152356,26.789366,27.439291,Frozen score-blind pMHC comparison; technical samples are not biological replicates.
EBV_TCELL_1862913::HUMAN_MYELIN_117032,EBV_TCELL_1862913,HUMAN_MYELIN_117032,HUMAN_BACKGROUND_2258889,32,length_sensitivity_exact_bin_pm7,weak,3,YLHVEGGNF,EBV_TCELL_1862913|2|NILRIYYSPSIMHRYAVVQP,3,HUMAN_BACKGROUND_2258889|s04|RLRSQTVSTRYLHVEGGNFHASSQQ,1,0.195263,27.882462,27.576463,28.124864,Frozen score-blind pMHC comparison; technical samples are not biological replicates.
EBV_TCELL_1862913::HUMAN_MYELIN_117032,EBV_TCELL_1862913,HUMAN_MYELIN_117032,HUMAN_BACKGROUND_2258889,32,length_sensitivity_exact_bin_pm7,weak,3,YLHVEGGNF,EBV_TCELL_1862913|2|NILRIYYSPSIMHRYAVVQP,3,HUMAN_BACKGROUND_2258889|s04|RLRSQTVSTRYLHVEGGNFHASSQQ,2,0.188233,27.078327,26.794877,27.302968,Frozen score-blind pMHC comparison; technical samples are not biological replicates.
EBV_TCELL_1862913::HUMAN_MYELIN_117032,EBV_TCELL_1862913,HUMAN_MYELIN_117032,HUMAN_BACKGROUND_2258889,32,length_sensitivity_exact_bin_pm7,weak,3,YLHVEGGNF,EBV_TCELL_1862913|2|NILRIYYSPSIMHRYAVVQP,3,HUMAN_BACKGROUND_2258889|s04|RLRSQTVSTRYLHVEGGNFHASSQQ,3,0.223379,26.818841,26.539578,27.040175,Frozen score-blind pMHC comparison; technical samples are not biological replicates.
EBV_TCELL_1862913::HUMAN_MYELIN_117032,EBV_TCELL_1862913,HUMAN_MYELIN_117032,HUMAN_BACKGROUND_2258889,32,length_sensitivity_exact_bin_pm7,weak,3,YLHVEGGNF,EBV_TCELL_1862913|2|NILRIYYSPSIMHRYAVVQP,3,HUMAN_BACKGROUND_2258889|s04|RLRSQTVSTRYLHVEGGNFHASSQQ,4,0.169335,27.164611,26.728995,27.508137,Frozen score-blind pMHC comparison; technical samples are not biological replicates.
EBV_TCELL_1862913::HUMAN_MYELIN_117032,EBV_TCELL_1862913,HUMAN_MYELIN_117032,HUMAN_BACKGROUND_2258889,32,length_sensitivity_exact_bin_pm7,weak,3,YLHVEGGNF,EBV_TCELL_1862913|2|NILRIYYSPSIMHRYAVVQP,4,HUMAN_BACKGROUND_2258889|s04|RLRSQTVSTRYLHVEGGNFHASSQQ,0,0.177645,27.220149,26.937656,27.44405,Frozen score-blind pMHC comparison; technical samples are not biological replicates.
EBV_TCELL_1862913::HUMAN_MYELIN_117032,EBV_TCELL_1862913,HUMAN_MYELIN_117032,HUMAN_BACKGROUND_2258889,32,length_sensitivity_exact_bin_pm7,weak,3,YLHVEGGNF,EBV_TCELL_1862913|2|NILRIYYSPSIMHRYAVVQP,4,HUMAN_BACKGROUND_2258889|s04|RLRSQTVSTRYLHVEGGNFHASSQQ,1,0.186298,27.907749,27.685387,28.084371,Frozen score-blind pMHC comparison; technical samples are not biological replicates.
EBV_TCELL_1862913::HUMAN_MYELIN_117032,EBV_TCELL_1862913,HUMAN_MYELIN_117032,HUMAN_BACKGROUND_2258889,32,length_sensitivity_exact_bin_pm7,weak,3,YLHVEGGNF,EBV_TCELL_1862913|2|NILRIYYSPSIMHRYAVVQP,4,HUMAN_BACKGROUND_2258889|s04|RLRSQTVSTRYLHVEGGNFHASSQQ,2,0.188497,27.128586,26.929108,27.287118,Frozen score-blind pMHC comparison; technical samples are not biological replicates.
EBV_TCELL_1862913::HUMAN_MYELIN_117032,EBV_TCELL_1862913,HUMAN_MYELIN_117032,HUMAN_BACKGROUND_2258889,32,length_sensitivity_exact_bin_pm7,weak,3,YLHVEGGNF,EBV_TCELL_1862913|2|NILRIYYSPSIMHRYAVVQP,4,HUMAN_BACKGROUND_2258889|s04|RLRSQTVSTRYLHVEGGNFHASSQQ,3,0.2529,26.903233,26.708789,27.057782,Frozen score-blind pMHC comparison; technical samples are not biological replicates.
EBV_TCELL_1862913::HUMAN_MYELIN_117032,EBV_TCELL_1862913,HUMAN_MYELIN_117032,HUMAN_BACKGROUND_2258889,32,length_sensitivity_exact_bin_pm7,weak,3,YLHVEGGNF,EBV_TCELL_1862913|2|NILRIYYSPSIMHRYAVVQP,4,HUMAN_BACKGROUND_2258889|s04|RLRSQTVSTRYLHVEGGNFHASSQQ,4,0.169603,27.219114,26.868702,27.496228,Frozen score-blind pMHC comparison; technical samples are not biological replicates.
EBV_TCELL_2268741::HUMAN_MYELIN_117032,EBV_TCELL_2268741,HUMAN_MYELIN_117032,HUMAN_BACKGROUND_2258889,32,length_sensitivity_exact_bin_pm7,weak,3,YLHVEGGNF,EBV_TCELL_2268741|2|IMNILRIYYSPSIM,0,HUMAN_BACKGROUND_2258889|s04|RLRSQTVSTRYLHVEGGNFHASSQQ,0,0.391915,18.870254,18.978487,18.783219,Frozen score-blind pMHC comparison; technical samples are not biological replicates.
EBV_TCELL_2268741::HUMAN_MYELIN_117032,EBV_TCELL_2268741,HUMAN_MYELIN_117032,HUMAN_BACKGROUND_2258889,32,length_sensitivity_exact_bin_pm7,weak,3,YLHVEGGNF,EBV_TCELL_2268741|2|IMNILRIYYSPSIM,0,HUMAN_BACKGROUND_2258889|s04|RLRSQTVSTRYLHVEGGNFHASSQQ,1,0.359686,19.345186,19.454085,19.257623,Frozen score-blind pMHC comparison; technical samples are not biological replicates.
EBV_TCELL_2268741::HUMAN_MYELIN_117032,EBV_TCELL_2268741,HUMAN_MYELIN_117032,HUMAN_BACKGROUND_2258889,32,length_sensitivity_exact_bin_pm7,weak,3,YLHVEGGNF,EBV_TCELL_2268741|2|IMNILRIYYSPSIM,0,HUMAN_BACKGROUND_2258889|s04|RLRSQTVSTRYLHVEGGNFHASSQQ,2,0.359448,18.715336,18.870851,18.589986,Frozen score-blind pMHC comparison; technical samples are not biological replicates.
EBV_TCELL_2268741::HUMAN_MYELIN_117032,EBV_TCELL_2268741,HUMAN_MYELIN_117032,HUMAN_BACKGROUND_2258889,32,length_sensitivity_exact_bin_pm7,weak,3,YLHVEGGNF,EBV_TCELL_2268741|2|IMNILRIYYSPSIM,0,HUMAN_BACKGROUND_2258889|s04|RLRSQTVSTRYLHVEGGNFHASSQQ,3,0.33809,18.672744,18.879682,18.505528,Frozen score-blind pMHC comparison; technical samples are not biological replicates.
EBV_TCELL_2268741::HUMAN_MYELIN_117032,EBV_TCELL_2268741,HUMAN_MYELIN_117032,HUMAN_BACKGROUND_2258889,32,length_sensitivity_exact_bin_pm7,weak,3,YLHVEGGNF,EBV_TCELL_2268741|2|IMNILRIYYSPSIM,0,HUMAN_BACKGROUND_2258889|s04|RLRSQTVSTRYLHVEGGNFHASSQQ,4,0.390715,18.846002,18.936361,18.773401,Frozen score-blind pMHC comparison; technical samples are not biological replicates.
EBV_TCELL_2268741::HUMAN_MYELIN_117032,EBV_TCELL_2268741,HUMAN_MYELIN_117032,HUMAN_BACKGROUND_2258889,32,length_sensitivity_exact_bin_pm7,weak,3,YLHVEGGNF,EBV_TCELL_2268741|2|IMNILRIYYSPSIM,1,HUMAN_BACKGROUND_2258889|s04|RLRSQTVSTRYLHVEGGNFHASSQQ,0,0.247596,18.79494,18.979466,18.646004,Frozen score-blind pMHC comparison; technical samples are not biological replicates.
EBV_TCELL_2268741::HUMAN_MYELIN_117032,EBV_TCELL_2268741,HUMAN_MYELIN_117032,HUMAN_BACKGROUND_2258889,32,length_sensitivity_exact_bin_pm7,weak,3,YLHVEGGNF,EBV_TCELL_2268741|2|IMNILRIYYSPSIM,1,HUMAN_BACKGROUND_2258889|s04|RLRSQTVSTRYLHVEGGNFHASSQQ,1,0.237793,19.267248,19.455904,19.114983,Frozen score-blind pMHC comparison; technical samples are not biological replicates.
EBV_TCELL_2268741::HUMAN_MYELIN_117032,EBV_TCELL_2268741,HUMAN_MYELIN_117032,HUMAN_BACKGROUND_2258889,32,length_sensitivity_exact_bin_pm7,weak,3,YLHVEGGNF,EBV_TCELL_2268741|2|IMNILRIYYSPSIM,1,HUMAN_BACKGROUND_2258889|s04|RLRSQTVSTRYLHVEGGNFHASSQQ,2,0.230816,18.637589,18.862927,18.455338,Frozen score-blind pMHC comparison; technical samples are not biological replicates.
EBV_TCELL_2268741::HUMAN_MYELIN_117032,EBV_TCELL_2268741,HUMAN_MYELIN_117032,HUMAN_BACKGROUND_2258889,32,length_sensitivity_exact_bin_pm7,weak,3,YLHVEGGNF,EBV_TCELL_2268741|2|IMNILRIYYSPSIM,1,HUMAN_BACKGROUND_2258889|s04|RLRSQTVSTRYLHVEGGNFHASSQQ,3,0.194611,18.593244,18.856447,18.379969,Frozen score-blind pMHC comparison; technical samples are not biological replicates.
EBV_TCELL_2268741::HUMAN_MYELIN_117032,EBV_TCELL_2268741,HUMAN_MYELIN_117032,HUMAN_BACKGROUND_2258889,32,length_sensitivity_exact_bin_pm7,weak,3,YLHVEGGNF,EBV_TCELL_2268741|2|IMNILRIYYSPSIM,1,HUMAN_BACKGROUND_2258889|s04|RLRSQTVSTRYLHVEGGNFHASSQQ,4,0.261988,18.770855,18.946149,18.629432,Frozen score-blind pMHC comparison; technical samples are not biological replicates.
EBV_TCELL_2268741::HUMAN_MYELIN_117032,EBV_TCELL_2268741,HUMAN_MYELIN_117032,HUMAN_BACKGROUND_2258889,32,length_sensitivity_exact_bin_pm7,weak,3,YLHVEGGNF,EBV_TCELL_2268741|2|IMNILRIYYSPSIM,2,HUMAN_BACKGROUND_2258889|s04|RLRSQTVSTRYLHVEGGNFHASSQQ,0,0.277033,18.841305,18.951293,18.75285,Frozen score-blind pMHC comparison; technical samples are not biological replicates.
EBV_TCELL_2268741::HUMAN_MYELIN_117032,EBV_TCELL_2268741,HUMAN_MYELIN_117032,HUMAN_BACKGROUND_2258889,32,length_sensitivity_exact_bin_pm7,weak,3,YLHVEGGNF,EBV_TCELL_2268741|2|IMNILRIYYSPSIM,2,HUMAN_BACKGROUND_2258889|s04|RLRSQTVSTRYLHVEGGNFHASSQQ,1,0.257705,19.314217,19.419886,19.229264,Frozen score-blind pMHC comparison; technical samples are not biological replicates.
EBV_TCELL_2268741::HUMAN_MYELIN_117032,EBV_TCELL_2268741,HUMAN_MYELIN_117032,HUMAN_BACKGROUND_2258889,32,length_sensitivity_exact_bin_pm7,weak,3,YLHVEGGNF,EBV_TCELL_2268741|2|IMNILRIYYSPSIM,2,HUMAN_BACKGROUND_2258889|s04|RLRSQTVSTRYLHVEGGNFHASSQQ,2,0.243887,18.684937,18.838474,18.561194,Frozen score-blind pMHC comparison; technical samples are not biological replicates.
EBV_TCELL_2268741::HUMAN_MYELIN_117032,EBV_TCELL_2268741,HUMAN_MYELIN_117032,HUMAN_BACKGROUND_2258889,32,length_sensitivity_exact_bin_pm7,weak,3,YLHVEGGNF,EBV_TCELL_2268741|2|IMNILRIYYSPSIM,2,HUMAN_BACKGROUND_2258889|s04|RLRSQTVSTRYLHVEGGNFHASSQQ,3,0.233509,18.645415,18.85377,18.47704,Frozen score-blind pMHC comparison; technical samples are not biological replicates.
EBV_TCELL_2268741::HUMAN_MYELIN_117032,EBV_TCELL_2268741,HUMAN_MYELIN_117032,HUMAN_BACKGROUND_2258889,32,length_sensitivity_exact_bin_pm7,weak,3,YLHVEGGNF,EBV_TCELL_2268741|2|IMNILRIYYSPSIM,2,HUMAN_BACKGROUND_2258889|s04|RLRSQTVSTRYLHVEGGNFHASSQQ,4,0.270397,18.818896,18.913966,18.742492,Frozen score-blind pMHC comparison; technical samples are not biological replicates.
EBV_TCELL_2268741::HUMAN_MYELIN_117032,EBV_TCELL_2268741,HUMAN_MYELIN_117032,HUMAN_BACKGROUND_2258889,32,length_sensitivity_exact_bin_pm7,weak,3,YLHVEGGNF,EBV_TCELL_2268741|2|IMNILRIYYSPSIM,3,HUMAN_BACKGROUND_2258889|s04|RLRSQTVSTRYLHVEGGNFHASSQQ,0,0.21496,18.8014,18.911259,18.713049,Frozen score-blind pMHC comparison; technical samples are not biological replicates.
EBV_TCELL_2268741::HUMAN_MYELIN_117032,EBV_TCELL_2268741,HUMAN_MYELIN_117032,HUMAN_BACKGROUND_2258889,32,length_sensitivity_exact_bin_pm7,weak,3,YLHVEGGNF,EBV_TCELL_2268741|2|IMNILRIYYSPSIM,3,HUMAN_BACKGROUND_2258889|s04|RLRSQTVSTRYLHVEGGNFHASSQQ,1,0.198199,19.272195,19.375324,19.189292,Frozen score-blind pMHC comparison; technical samples are not biological replicates.
EBV_TCELL_2268741::HUMAN_MYELIN_117032,EBV_TCELL_2268741,HUMAN_MYELIN_117032,HUMAN_BACKGROUND_2258889,32,length_sensitivity_exact_bin_pm7,weak,3,YLHVEGGNF,EBV_TCELL_2268741|2|IMNILRIYYSPSIM,3,HUMAN_BACKGROUND_2258889|s04|RLRSQTVSTRYLHVEGGNFHASSQQ,2,0.197558,18.643331,18.795407,18.520771,Frozen score-blind pMHC comparison; technical samples are not biological replicates.
EBV_TCELL_2268741::HUMAN_MYELIN_117032,EBV_TCELL_2268741,HUMAN_MYELIN_117032,HUMAN_BACKGROUND_2258889,32,length_sensitivity_exact_bin_pm7,weak,3,YLHVEGGNF,EBV_TCELL_2268741|2|IMNILRIYYSPSIM,3,HUMAN_BACKGROUND_2258889|s04|RLRSQTVSTRYLHVEGGNFHASSQQ,3,0.196618,18.603795,18.811821,18.435684,Frozen score-blind pMHC comparison; technical samples are not biological replicates.
EBV_TCELL_2268741::HUMAN_MYELIN_117032,EBV_TCELL_2268741,HUMAN_MYELIN_117032,HUMAN_BACKGROUND_2258889,32,length_sensitivity_exact_bin_pm7,weak,3,YLHVEGGNF,EBV_TCELL_2268741|2|IMNILRIYYSPSIM,3,HUMAN_BACKGROUND_2258889|s04|RLRSQTVSTRYLHVEGGNFHASSQQ,4,0.213557,18.78109,18.87555,18.705178,Frozen score-blind pMHC comparison; technical samples are not biological replicates.
EBV_TCELL_2268741::HUMAN_MYELIN_117032,EBV_TCELL_2268741,HUMAN_MYELIN_117032,HUMAN_BACKGROUND_2258889,32,length_sensitivity_exact_bin_pm7,weak,3,YLHVEGGNF,EBV_TCELL_2268741|2|IMNILRIYYSPSIM,4,HUMAN_BACKGROUND_2258889|s04|RLRSQTVSTRYLHVEGGNFHASSQQ,0,0.263077,18.869571,18.990042,18.772638,Frozen score-blind pMHC comparison; technical samples are not biological replicates.
EBV_TCELL_2268741::HUMAN_MYELIN_117032,EBV_TCELL_2268741,HUMAN_MYELIN_117032,HUMAN_BACKGROUND_2258889,32,length_sensitivity_exact_bin_pm7,weak,3,YLHVEGGNF,EBV_TCELL_2268741|2|IMNILRIYYSPSIM,4,HUMAN_BACKGROUND_2258889|s04|RLRSQTVSTRYLHVEGGNFHASSQQ,1,0.242462,19.346493,19.467548,19.249101,Frozen score-blind pMHC comparison; technical samples are not biological replicates.
EBV_TCELL_2268741::HUMAN_MYELIN_117032,EBV_TCELL_2268741,HUMAN_MYELIN_117032,HUMAN_BACKGROUND_2258889,32,length_sensitivity_exact_bin_pm7,weak,3,YLHVEGGNF,EBV_TCELL_2268741|2|IMNILRIYYSPSIM,4,HUMAN_BACKGROUND_2258889|s04|RLRSQTVSTRYLHVEGGNFHASSQQ,2,0.232757,18.714395,18.878613,18.581976,Frozen score-blind pMHC comparison; technical samples are not biological replicates.
EBV_TCELL_2268741::HUMAN_MYELIN_117032,EBV_TCELL_2268741,HUMAN_MYELIN_117032,HUMAN_BACKGROUND_2258889,32,length_sensitivity_exact_bin_pm7,weak,3,YLHVEGGNF,EBV_TCELL_2268741|2|IMNILRIYYSPSIM,4,HUMAN_BACKGROUND_2258889|s04|RLRSQTVSTRYLHVEGGNFHASSQQ,3,0.215508,18.671833,18.885345,18.49925,Frozen score-blind pMHC comparison; technical samples are not biological replicates.
EBV_TCELL_2268741::HUMAN_MYELIN_117032,EBV_TCELL_2268741,HUMAN_MYELIN_117032,HUMAN_BACKGROUND_2258889,32,length_sensitivity_exact_bin_pm7,weak,3,YLHVEGGNF,EBV_TCELL_2268741|2|IMNILRIYYSPSIM,4,HUMAN_BACKGROUND_2258889|s04|RLRSQTVSTRYLHVEGGNFHASSQQ,4,0.260206,18.846255,18.953115,18.760329,Frozen score-blind pMHC comparison; technical samples are not biological replicates.
