canonical_fixed_pqr,canonical_fixed_pqr_sha256,canonical_pqr,canonical_pqr_sha256,fixed_pqr,fixed_pqr_sha256,hla_charge_donor_model_key,model_key,peptide_modal_charge_donor_model_key,replaced_atom_count,status,total_atom_count
raw_calculations/canonical_fixed_charge/pdb_HY2E11_BALF5.pqr,f37eedee99bd68ad8109b0cedbd4ef241bce417e96539b029ea687256b955f63,raw_calculations/canonical_pqr/pdb_HY2E11_BALF5.pqr,f37eedee99bd68ad8109b0cedbd4ef241bce417e96539b029ea687256b955f63,raw_calculations/fixed_charge/pdb_HY2E11_BALF5.pqr,5464d412ed519909d2335e6d58f50b8d8d96683035db68e0937a4bc5748d13fb,pdb|HY2E11_BALF5,pdb|HY2E11_BALF5,pdb|HY2E11_BALF5,6166,complete,6166
raw_calculations/canonical_fixed_charge/pdb_HY2E11_MBP.pqr,f3336e8b0ffbbc202aa8f5bc87c87d73d3815a97101b52910fc04ca7b54dd9b5,raw_calculations/canonical_pqr/pdb_HY2E11_MBP.pqr,f3336e8b0ffbbc202aa8f5bc87c87d73d3815a97101b52910fc04ca7b54dd9b5,raw_calculations/fixed_charge/pdb_HY2E11_MBP.pqr,b975644a3f5c1271869d8ef2fd4b092ecc90a2b572f76240353d479095a5d1e4,pdb|HY2E11_MBP,pdb|HY2E11_MBP,pdb|HY2E11_MBP,6221,complete,6221
raw_calculations/canonical_fixed_charge/pdb_OB1A12_ENGA.pqr,fa915085750f08bf5f92dcb70493e002eb8f00e680a7cae5991394fcb8ca9fd5,raw_calculations/canonical_pqr/pdb_OB1A12_ENGA.pqr,48d5dc481c5f8b9407527646c8fd435fbfa5dd969d2c6b8c031ccc995b14c6db,raw_calculations/fixed_charge/pdb_OB1A12_ENGA.pqr,8ebc1b03f6d7787d2b7e941b0b17e6b7c96efa9a77c9495eb06601b64f9bdb4a,pdb|HY2E11_MBP,pdb|OB1A12_ENGA,pdb|OB1A12_ENGA,8197,complete,9872
raw_calculations/canonical_fixed_charge/pdb_OB1A12_MBP.pqr,6ca0e367f80976e39da1a4e5149f9091c97d12565a4e0643bc2742f813f15639,raw_calculations/canonical_pqr/pdb_OB1A12_MBP.pqr,450fd6bea7c78f4c724898686013074d438d395e3c887cdfc0988b7f93090f7d,raw_calculations/fixed_charge/pdb_OB1A12_MBP.pqr,87d2cc897383ac42a02ace93224656ff098bb269a66057432f7d9718ba02f76f,pdb|HY2E11_MBP,pdb|OB1A12_MBP,pdb|OB1A12_MBP,5492,complete,6033
raw_calculations/canonical_fixed_charge/pdb_HY1B11_UL15.pqr,df7fa510aa540af59e254f1e3f73a864d4f7cb23eabedd969c694f81fb7d830e,raw_calculations/canonical_pqr/pdb_HY1B11_UL15.pqr,666920db08f2eeaadea9813c27f86a9ef216e82b4c55040fa484a61fa4d5504b,raw_calculations/fixed_charge/pdb_HY1B11_UL15.pqr,7c1bca74bdc17a74661f14fd521b1638ab5c6a54fc676367e3dc6a521c3e293d,pdb|HY1B11_MBP,pdb|HY1B11_UL15,pdb|HY1B11_UL15,8489,complete,9677
raw_calculations/canonical_fixed_charge/pdb_HY1B11_PMM.pqr,9c3a728a24706ebd13fc3fc55613cc497515343966dd3720760af9752ea3a406,raw_calculations/canonical_pqr/pdb_HY1B11_PMM.pqr,84072f6c51920bd178b606e38db27e2c9bcd409be4fe01e52dfb1e1050c4111a,raw_calculations/fixed_charge/pdb_HY1B11_PMM.pqr,f417df2bdbb7970046c4b5db6c292f8990b226ba80f914b3adf8a871b1fd4562,pdb|HY1B11_MBP,pdb|HY1B11_PMM,pdb|HY1B11_PMM,9723,complete,9728
raw_calculations/canonical_fixed_charge/pdb_HY1B11_MBP.pqr,a15042040e5c39681cca6ec2273add35813cbd64c8c9e5e3de635ac614f1b407,raw_calculations/canonical_pqr/pdb_HY1B11_MBP.pqr,a15042040e5c39681cca6ec2273add35813cbd64c8c9e5e3de635ac614f1b407,raw_calculations/fixed_charge/pdb_HY1B11_MBP.pqr,a718429342901bcca91f41a336f5e78070808ed23cbf78b6c498ab423fa584b9,pdb|HY1B11_MBP,pdb|HY1B11_MBP,pdb|HY1B11_MBP,9723,complete,9723
raw_calculations/canonical_fixed_charge/pdb_PDB_DRB5_MBP_ALT_1FV1.pqr,6152002c7855b252c8eaf51842ce0953ad3686d2b09327bd67e7f75c7023579d,raw_calculations/canonical_pqr/pdb_PDB_DRB5_MBP_ALT_1FV1.pqr,bc97f51c9a2591cd7cd5428c652bbe7f12b7eb6366d5d1d09f3af9536fe188d1,raw_calculations/fixed_charge/pdb_PDB_DRB5_MBP_ALT_1FV1.pqr,433e9e274b5628c2a5c1a3ce0ce60d0240c349cfde4a3f996302f2d15ec18ea2,pdb|HY2E11_BALF5,pdb|PDB_DRB5_MBP_ALT_1FV1,pdb|PDB_DRB5_MBP_ALT_1FV1,4983,complete,6262
raw_calculations/canonical_fixed_charge/pdb_PDB_DR15_ALPHA3_5V4M.pqr,165830078ff0b6de3ad8196bffd61ea9618702924691eee510078e03f58c244b,raw_calculations/canonical_pqr/pdb_PDB_DR15_ALPHA3_5V4M.pqr,c5e80781948fc7518cac97c10370ed4fa4798c60a4fc2f6d2d3f159273ed2e4c,raw_calculations/fixed_charge/pdb_PDB_DR15_ALPHA3_5V4M.pqr,f5c49ad8f925a5c5f29a4188aba0c0c1b20698541bfbb08e708af5d4b0332a49,pdb|HY2E11_MBP,pdb|PDB_DR15_ALPHA3_5V4M,pdb|PDB_DR15_ALPHA3_5V4M,3661,complete,6097
raw_calculations/canonical_fixed_charge/pdb_PDB_DR15_GDP_6CPO.pqr,b7b387303c911801037da58467668da811f5491819307fe781b96f25c4052807,raw_calculations/canonical_pqr/pdb_PDB_DR15_GDP_6CPO.pqr,6e99e1130cace7bb252613325ac7a433a9b600ae4e9e78f405e660ac7e98bf07,raw_calculations/fixed_charge/pdb_PDB_DR15_GDP_6CPO.pqr,2330513cbf83b9277bed1a526ad23ccdbd93eaaa4a782c8ba78e3095634898f6,pdb|HY2E11_MBP,pdb|PDB_DR15_GDP_6CPO,pdb|PDB_DR15_GDP_6CPO,3699,complete,6131
raw_calculations/canonical_fixed_charge/af_271828_V2PMHC_059a1481886fcb83_m0.pqr,d8a95906fedec8d9b22d5a8e72ca7a24c90f6d0c33dd0c3a9265e2a4d24d301d,raw_calculations/canonical_pqr/af_271828_V2PMHC_059a1481886fcb83_m0.pqr,d8a95906fedec8d9b22d5a8e72ca7a24c90f6d0c33dd0c3a9265e2a4d24d301d,raw_calculations/fixed_charge/af_271828_V2PMHC_059a1481886fcb83_m0.pqr,eae70e2cc96554c129fdd60c02afb18aaed0bf877bdef19f571218e7c96f0b55,af|271828|V2PMHC_059a1481886fcb83|m0,af|271828|V2PMHC_059a1481886fcb83|m0,af|271828|V2PMHC_059a1481886fcb83|m0,6173,complete,6173
raw_calculations/canonical_fixed_charge/af_271828_V2PMHC_059a1481886fcb83_m1.pqr,7384bd0a043541ecdd93580c496e8966f0931db00fba4fda916c7af216ad1ab5,raw_calculations/canonical_pqr/af_271828_V2PMHC_059a1481886fcb83_m1.pqr,7384bd0a043541ecdd93580c496e8966f0931db00fba4fda916c7af216ad1ab5,raw_calculations/fixed_charge/af_271828_V2PMHC_059a1481886fcb83_m1.pqr,162ff795278ce23f757e2277cc51e85c28ff78c2c1fcdc29b98db4a685dcfc7c,af|271828|V2PMHC_059a1481886fcb83|m0,af|271828|V2PMHC_059a1481886fcb83|m1,af|271828|V2PMHC_059a1481886fcb83|m0,6173,complete,6173
raw_calculations/canonical_fixed_charge/af_271828_V2PMHC_059a1481886fcb83_m2.pqr,100b395ed4f49f45c298bdd776f6aaa6f5b6e4d10403c10a25b634279f8827f0,raw_calculations/canonical_pqr/af_271828_V2PMHC_059a1481886fcb83_m2.pqr,3a0b398a1fe583c0e85689331367576eea1deb6f737709422941659ea686f7c2,raw_calculations/fixed_charge/af_271828_V2PMHC_059a1481886fcb83_m2.pqr,0c8ab008710d4248694efc4e281645bda5711083f53ee6186f81cb895b62f0f8,af|271828|V2PMHC_059a1481886fcb83|m0,af|271828|V2PMHC_059a1481886fcb83|m2,af|271828|V2PMHC_059a1481886fcb83|m0,6170,complete,6172
raw_calculations/canonical_fixed_charge/af_271828_V2PMHC_059a1481886fcb83_m3.pqr,5d9a31199e01a2520c8b6f9caa754ec9e0c05da80f4813de50f33f84857432e0,raw_calculations/canonical_pqr/af_271828_V2PMHC_059a1481886fcb83_m3.pqr,7d976df6cf604bf335d7f24732caa836c16b0c0818843e7609aa6b2c682be029,raw_calculations/fixed_charge/af_271828_V2PMHC_059a1481886fcb83_m3.pqr,f14c4c4a2cd0b3fdd564d6176fe4a5df07886b4b4177986d7f60da78fffaa240,af|271828|V2PMHC_059a1481886fcb83|m0,af|271828|V2PMHC_059a1481886fcb83|m3,af|271828|V2PMHC_059a1481886fcb83|m0,6171,complete,6173
raw_calculations/canonical_fixed_charge/af_271828_V2PMHC_059a1481886fcb83_m4.pqr,d58e20771b3f0fb1aec489c344d2c4b621ae95db6773336ddf6a798873dedc36,raw_calculations/canonical_pqr/af_271828_V2PMHC_059a1481886fcb83_m4.pqr,d58e20771b3f0fb1aec489c344d2c4b621ae95db6773336ddf6a798873dedc36,raw_calculations/fixed_charge/af_271828_V2PMHC_059a1481886fcb83_m4.pqr,b96dfad87017e963a304ce82107e38334dc58ed4808703d750877ea61d168b96,af|271828|V2PMHC_059a1481886fcb83|m0,af|271828|V2PMHC_059a1481886fcb83|m4,af|271828|V2PMHC_059a1481886fcb83|m0,6173,complete,6173
raw_calculations/canonical_fixed_charge/af_314159_V2PMHC_059a1481886fcb83_m0.pqr,8e5c480b486a4c5a536611ce641ea99124b5a80d634373b4de04cd2855d627d5,raw_calculations/canonical_pqr/af_314159_V2PMHC_059a1481886fcb83_m0.pqr,8e5c480b486a4c5a536611ce641ea99124b5a80d634373b4de04cd2855d627d5,raw_calculations/fixed_charge/af_314159_V2PMHC_059a1481886fcb83_m0.pqr,dde36fa47481a5f83a557a2b8ea0d970cdbdfcdc442da30d613b85513d3a83c2,af|314159|V2PMHC_059a1481886fcb83|m0,af|314159|V2PMHC_059a1481886fcb83|m0,af|314159|V2PMHC_059a1481886fcb83|m0,6172,complete,6172
raw_calculations/canonical_fixed_charge/af_314159_V2PMHC_059a1481886fcb83_m1.pqr,1f5c08afe2c6b179b8e6ddb9030db0a3e301cdc77764a83108cd2ffc70bafbaa,raw_calculations/canonical_pqr/af_314159_V2PMHC_059a1481886fcb83_m1.pqr,b64120d985046d917be065062309c299f5ac579ac31462ab8d3109996afeab91,raw_calculations/fixed_charge/af_314159_V2PMHC_059a1481886fcb83_m1.pqr,af22f768180e3b30e1a2b542abdb978c279c312c773bafe9d4de6067d04ebe03,af|314159|V2PMHC_059a1481886fcb83|m0,af|314159|V2PMHC_059a1481886fcb83|m1,af|314159|V2PMHC_059a1481886fcb83|m0,6171,complete,6172
raw_calculations/canonical_fixed_charge/af_314159_V2PMHC_059a1481886fcb83_m2.pqr,f5b33105765f9cde65fc123b4c307c01735290ab2748c3e8dac481df05d6bfb3,raw_calculations/canonical_pqr/af_314159_V2PMHC_059a1481886fcb83_m2.pqr,c33e8228533d4f2fc60f725031aaec388dcf6cd3da86bd7702ae06bf17c36cbc,raw_calculations/fixed_charge/af_314159_V2PMHC_059a1481886fcb83_m2.pqr,46d3f21c510f830d075a52e923d4eab0529125d003111d17cbfcf0fcd6b64df1,af|314159|V2PMHC_059a1481886fcb83|m0,af|314159|V2PMHC_059a1481886fcb83|m2,af|314159|V2PMHC_059a1481886fcb83|m0,6171,complete,6172
raw_calculations/canonical_fixed_charge/af_314159_V2PMHC_059a1481886fcb83_m3.pqr,ff9174c2ea0c48081f1e0f55ee756f2b15a3b24cb75c9f7a800d19069cc7a528,raw_calculations/canonical_pqr/af_314159_V2PMHC_059a1481886fcb83_m3.pqr,db963ae688682c349115bbb25e0018fc03e9a8fbb75f95501abaf8874726b8f9,raw_calculations/fixed_charge/af_314159_V2PMHC_059a1481886fcb83_m3.pqr,ee10f380a71e1d2fd1fc3e0ad00c0e0886416e970814bff87edd260f7d88594e,af|314159|V2PMHC_059a1481886fcb83|m0,af|314159|V2PMHC_059a1481886fcb83|m3,af|314159|V2PMHC_059a1481886fcb83|m0,6170,complete,6172
raw_calculations/canonical_fixed_charge/af_314159_V2PMHC_059a1481886fcb83_m4.pqr,8bd660825ed20bbada2f5b10853aaf8bf3b9e7a8e0a505c7d8277bec252f3146,raw_calculations/canonical_pqr/af_314159_V2PMHC_059a1481886fcb83_m4.pqr,bd51107e94ae2a3e531416222ac2aeb85038b2d7b5ba08a160757f5812944d6a,raw_calculations/fixed_charge/af_314159_V2PMHC_059a1481886fcb83_m4.pqr,e2d86686e9c7ecf9a74b230178510323d77d9f71d5f94d0881bd13789330aac0,af|314159|V2PMHC_059a1481886fcb83|m0,af|314159|V2PMHC_059a1481886fcb83|m4,af|314159|V2PMHC_059a1481886fcb83|m0,6171,complete,6172
raw_calculations/canonical_fixed_charge/af_271828_V2PMHC_09f27211b3e8bfb0_m0.pqr,1977f0c3e5bdb946984b7a0c51b89f9196edec6f7102e4d6ca5d46c5dd889db4,raw_calculations/canonical_pqr/af_271828_V2PMHC_09f27211b3e8bfb0_m0.pqr,dec29139c23fcfdca8e89e59cabebbce876e7d54212535a0016f4e976aeb2ebd,raw_calculations/fixed_charge/af_271828_V2PMHC_09f27211b3e8bfb0_m0.pqr,8727bdc37e16985200e8ab2ea61a16f614c3726cba4fd4bacff167597652f98f,af|271828|V2PMHC_059a1481886fcb83|m0,af|271828|V2PMHC_09f27211b3e8bfb0|m0,af|271828|V2PMHC_09f27211b3e8bfb0|m0,6158,complete,6160
raw_calculations/canonical_fixed_charge/af_271828_V2PMHC_09f27211b3e8bfb0_m1.pqr,ee4f186301aaa820437ffa44cd4c31d1a46ae2002f37a8f219573f69f91fdab8,raw_calculations/canonical_pqr/af_271828_V2PMHC_09f27211b3e8bfb0_m1.pqr,6dbc926eeba5d88471b0bba0a9b8705202cbef79e5cf2fb29c65f59e1e4b539e,raw_calculations/fixed_charge/af_271828_V2PMHC_09f27211b3e8bfb0_m1.pqr,5a12260e942bd245ef3aefc002c5b94a2572c95a20f412ab5a3586cafe6ab09a,af|271828|V2PMHC_059a1481886fcb83|m0,af|271828|V2PMHC_09f27211b3e8bfb0|m1,af|271828|V2PMHC_09f27211b3e8bfb0|m0,6160,complete,6160
raw_calculations/canonical_fixed_charge/af_271828_V2PMHC_09f27211b3e8bfb0_m2.pqr,376abd58362b0a73c5f52c5d2c845bab9b889dbf3ea38ef2f7cd8150e85b6810,raw_calculations/canonical_pqr/af_271828_V2PMHC_09f27211b3e8bfb0_m2.pqr,0034289854d980ad8b811e123e38a11c00e22d4bca2bf69a1dbaf2ca8e80ebe6,raw_calculations/fixed_charge/af_271828_V2PMHC_09f27211b3e8bfb0_m2.pqr,83509987a80a992614bf5883c2eccce2d2f626b9d7a0f6b21c8296c364ddd0ce,af|271828|V2PMHC_059a1481886fcb83|m0,af|271828|V2PMHC_09f27211b3e8bfb0|m2,af|271828|V2PMHC_09f27211b3e8bfb0|m0,6161,complete,6162
raw_calculations/canonical_fixed_charge/af_271828_V2PMHC_09f27211b3e8bfb0_m3.pqr,49386ada3522bbf2f510de47dcddafab2ec07f89ac3e60af7107ee59758afc82,raw_calculations/canonical_pqr/af_271828_V2PMHC_09f27211b3e8bfb0_m3.pqr,49386ada3522bbf2f510de47dcddafab2ec07f89ac3e60af7107ee59758afc82,raw_calculations/fixed_charge/af_271828_V2PMHC_09f27211b3e8bfb0_m3.pqr,b62459ee3b15559ce89012c8729a26aeb813203b2dddfcf95e8a8d4fefa2b7a7,af|271828|V2PMHC_059a1481886fcb83|m0,af|271828|V2PMHC_09f27211b3e8bfb0|m3,af|271828|V2PMHC_09f27211b3e8bfb0|m0,6161,complete,6161
raw_calculations/canonical_fixed_charge/af_271828_V2PMHC_09f27211b3e8bfb0_m4.pqr,e41676df36513aedc7e6f39cd98e782b86336b975bd4d3905a40f6b4bd1f7b3a,raw_calculations/canonical_pqr/af_271828_V2PMHC_09f27211b3e8bfb0_m4.pqr,3734b7c2e595889c488c876c1b0c56fcf89816ce5905dcf58bb3ca6aa34c72a2,raw_calculations/fixed_charge/af_271828_V2PMHC_09f27211b3e8bfb0_m4.pqr,01a5f6940a83d8572497b2fa3162657336defd13f679ed65992f5d6054ad86f2,af|271828|V2PMHC_059a1481886fcb83|m0,af|271828|V2PMHC_09f27211b3e8bfb0|m4,af|271828|V2PMHC_09f27211b3e8bfb0|m0,6160,complete,6161
raw_calculations/canonical_fixed_charge/af_314159_V2PMHC_09f27211b3e8bfb0_m0.pqr,2b73d4282d703f3df61322e06878922951195e350574600f0f04ea20284121ee,raw_calculations/canonical_pqr/af_314159_V2PMHC_09f27211b3e8bfb0_m0.pqr,2b73d4282d703f3df61322e06878922951195e350574600f0f04ea20284121ee,raw_calculations/fixed_charge/af_314159_V2PMHC_09f27211b3e8bfb0_m0.pqr,46f72a3b24ff69efde0fca3caabb684b003116fbe32e4bc6fc30a8ce52d813b2,af|314159|V2PMHC_059a1481886fcb83|m0,af|314159|V2PMHC_09f27211b3e8bfb0|m0,af|314159|V2PMHC_09f27211b3e8bfb0|m0,6160,complete,6160
raw_calculations/canonical_fixed_charge/af_314159_V2PMHC_09f27211b3e8bfb0_m1.pqr,3eebb575dd1cfd13c7dc05b376e722b2c797e83d873e770de8bc6a599fa7e2b7,raw_calculations/canonical_pqr/af_314159_V2PMHC_09f27211b3e8bfb0_m1.pqr,c922c44ab3cf602c477d258253a14178f8bfe09f6d5cca04df06cdf46e782175,raw_calculations/fixed_charge/af_314159_V2PMHC_09f27211b3e8bfb0_m1.pqr,e46a77e293a25d6933c3234a3c08480b2d0dd2d40270d4d65a7ffc4a5c4a7c5e,af|314159|V2PMHC_059a1481886fcb83|m0,af|314159|V2PMHC_09f27211b3e8bfb0|m1,af|314159|V2PMHC_09f27211b3e8bfb0|m0,6159,complete,6161
raw_calculations/canonical_fixed_charge/af_314159_V2PMHC_09f27211b3e8bfb0_m2.pqr,082a0d0718cb694a1e2dd08362460efd83431aadf0d76722123eaacaf3c8403d,raw_calculations/canonical_pqr/af_314159_V2PMHC_09f27211b3e8bfb0_m2.pqr,082a0d0718cb694a1e2dd08362460efd83431aadf0d76722123eaacaf3c8403d,raw_calculations/fixed_charge/af_314159_V2PMHC_09f27211b3e8bfb0_m2.pqr,dab7b5673362568a728cd2115c38ca4e53cc896a55c2d9b0ee6d312a4cb74582,af|314159|V2PMHC_059a1481886fcb83|m0,af|314159|V2PMHC_09f27211b3e8bfb0|m2,af|314159|V2PMHC_09f27211b3e8bfb0|m0,6160,complete,6160
raw_calculations/canonical_fixed_charge/af_314159_V2PMHC_09f27211b3e8bfb0_m3.pqr,f12904d5bb7f07b2b2f3e3beda6144b758d484fa69e3f3bc36cd1e50659981a1,raw_calculations/canonical_pqr/af_314159_V2PMHC_09f27211b3e8bfb0_m3.pqr,bdca7d28b000cd44deaef16a7e6a68849074743c8c9459e247267289ff19ff15,raw_calculations/fixed_charge/af_314159_V2PMHC_09f27211b3e8bfb0_m3.pqr,ea8539bb96d9c78147220762dea9482e4ccac53efe130ed52836361e84e4085c,af|314159|V2PMHC_059a1481886fcb83|m0,af|314159|V2PMHC_09f27211b3e8bfb0|m3,af|314159|V2PMHC_09f27211b3e8bfb0|m0,6158,complete,6160
raw_calculations/canonical_fixed_charge/af_314159_V2PMHC_09f27211b3e8bfb0_m4.pqr,cc543a61c67a119cb34025a0ee5f4925e2596e3f15da70aaf31948e0a4da9b3e,raw_calculations/canonical_pqr/af_314159_V2PMHC_09f27211b3e8bfb0_m4.pqr,46a5da00adc87bc39900b81804c0204b5fc10fd2e21c2716f41cf360aabdcee4,raw_calculations/fixed_charge/af_314159_V2PMHC_09f27211b3e8bfb0_m4.pqr,b8a2a5592e9e918950d3d2dcaf1b582305867ff39c95023e6b3cd55931ddda9a,af|314159|V2PMHC_059a1481886fcb83|m0,af|314159|V2PMHC_09f27211b3e8bfb0|m4,af|314159|V2PMHC_09f27211b3e8bfb0|m0,6158,complete,6160
raw_calculations/canonical_fixed_charge/af_271828_V2PMHC_0c99052ea98ebd84_m0.pqr,bdda85a1f0f799c11bc191491c5ab72b577401ab269b0d45ea017d5edd4ac502,raw_calculations/canonical_pqr/af_271828_V2PMHC_0c99052ea98ebd84_m0.pqr,bdda85a1f0f799c11bc191491c5ab72b577401ab269b0d45ea017d5edd4ac502,raw_calculations/fixed_charge/af_271828_V2PMHC_0c99052ea98ebd84_m0.pqr,f996c6b65883cc6887ffcd211284396169080f0c3133d936d37ef324233f23bc,af|271828|V2PMHC_059a1481886fcb83|m0,af|271828|V2PMHC_0c99052ea98ebd84|m0,af|271828|V2PMHC_0c99052ea98ebd84|m0,6161,complete,6161
raw_calculations/canonical_fixed_charge/af_271828_V2PMHC_0c99052ea98ebd84_m1.pqr,0e549cd58cfd72c027d1a1a88b41943ada869f552313b67b50947d16fd62226d,raw_calculations/canonical_pqr/af_271828_V2PMHC_0c99052ea98ebd84_m1.pqr,29d6b4afc87c3433474d4e1c56b06ca718738b86c50c67a009a52761c3fa99c0,raw_calculations/fixed_charge/af_271828_V2PMHC_0c99052ea98ebd84_m1.pqr,6860d1e82617bcb8697d16908d4b78d9ab3560202f009dd5e140de1ff294ebf6,af|271828|V2PMHC_059a1481886fcb83|m0,af|271828|V2PMHC_0c99052ea98ebd84|m1,af|271828|V2PMHC_0c99052ea98ebd84|m0,6160,complete,6161
raw_calculations/canonical_fixed_charge/af_271828_V2PMHC_0c99052ea98ebd84_m2.pqr,01fcae0c8f97507eaf99f3a64e299df912e6e640a2be8697e6bcef2c458fd70f,raw_calculations/canonical_pqr/af_271828_V2PMHC_0c99052ea98ebd84_m2.pqr,01fcae0c8f97507eaf99f3a64e299df912e6e640a2be8697e6bcef2c458fd70f,raw_calculations/fixed_charge/af_271828_V2PMHC_0c99052ea98ebd84_m2.pqr,9f2a7495d862e8365a910f73d9e95bff4dee176d1a70f671691005b6c3968a8d,af|271828|V2PMHC_059a1481886fcb83|m0,af|271828|V2PMHC_0c99052ea98ebd84|m2,af|271828|V2PMHC_0c99052ea98ebd84|m0,6161,complete,6161
raw_calculations/canonical_fixed_charge/af_271828_V2PMHC_0c99052ea98ebd84_m3.pqr,13c13cfb4eb5081b5dfc427fdf5deab558e8016e5f4d8b1b71b9ea7bcba5febf,raw_calculations/canonical_pqr/af_271828_V2PMHC_0c99052ea98ebd84_m3.pqr,1ee0a2ae8ae7a081107715df1dd17260830e9fbf2f30d14f58a4e1be67b03dc6,raw_calculations/fixed_charge/af_271828_V2PMHC_0c99052ea98ebd84_m3.pqr,4cfb2d575bc47ea173d708e76d50fb0d7030131ca16d63d616177e183c6f9ca8,af|271828|V2PMHC_059a1481886fcb83|m0,af|271828|V2PMHC_0c99052ea98ebd84|m3,af|271828|V2PMHC_0c99052ea98ebd84|m0,6160,complete,6162
raw_calculations/canonical_fixed_charge/af_271828_V2PMHC_0c99052ea98ebd84_m4.pqr,d0a2bb4bc0b463bc8adf9372c17c3362131252d0f7ddb8f8c75799060360e67a,raw_calculations/canonical_pqr/af_271828_V2PMHC_0c99052ea98ebd84_m4.pqr,e3d4ecb588851ed2f60d1f193503e8c6e8b9e3db6652a164224b39ab818679a8,raw_calculations/fixed_charge/af_271828_V2PMHC_0c99052ea98ebd84_m4.pqr,a5e56faa233383199ff2a4d6ede6112b79f631e6d9abdfa8c99b9633eed84752,af|271828|V2PMHC_059a1481886fcb83|m0,af|271828|V2PMHC_0c99052ea98ebd84|m4,af|271828|V2PMHC_0c99052ea98ebd84|m0,6158,complete,6160
raw_calculations/canonical_fixed_charge/af_314159_V2PMHC_0c99052ea98ebd84_m0.pqr,399c606bcd22d0fb02b5070efc741052b9d8490112ba64c63edaf1e9ca73b3c1,raw_calculations/canonical_pqr/af_314159_V2PMHC_0c99052ea98ebd84_m0.pqr,399c606bcd22d0fb02b5070efc741052b9d8490112ba64c63edaf1e9ca73b3c1,raw_calculations/fixed_charge/af_314159_V2PMHC_0c99052ea98ebd84_m0.pqr,9af8a19bfe5b49253957730803f9be8d26bfb356dca3faf592a27e2a3ed3684f,af|314159|V2PMHC_059a1481886fcb83|m0,af|314159|V2PMHC_0c99052ea98ebd84|m0,af|314159|V2PMHC_0c99052ea98ebd84|m0,6160,complete,6160
raw_calculations/canonical_fixed_charge/af_314159_V2PMHC_0c99052ea98ebd84_m1.pqr,fd2e0374f4ad535fb87a84cf12b2f412d4769c410c4b1bb3c41e7b90617a2ac0,raw_calculations/canonical_pqr/af_314159_V2PMHC_0c99052ea98ebd84_m1.pqr,3808c6e3393c8f01f9d53919fb87a1df760f1bb68fae8ee4d5f8f54dfcbc4483,raw_calculations/fixed_charge/af_314159_V2PMHC_0c99052ea98ebd84_m1.pqr,b14e506fc6e825e0a154a67e501d6cb5b31615ef18531f5390ab9d32f9007b9c,af|314159|V2PMHC_059a1481886fcb83|m0,af|314159|V2PMHC_0c99052ea98ebd84|m1,af|314159|V2PMHC_0c99052ea98ebd84|m0,6160,complete,6161
raw_calculations/canonical_fixed_charge/af_314159_V2PMHC_0c99052ea98ebd84_m2.pqr,8c0c330ea8b0f6a65d9e50aca902c6199a20871bf8a8a5b277a95882e4193ae7,raw_calculations/canonical_pqr/af_314159_V2PMHC_0c99052ea98ebd84_m2.pqr,8c0c330ea8b0f6a65d9e50aca902c6199a20871bf8a8a5b277a95882e4193ae7,raw_calculations/fixed_charge/af_314159_V2PMHC_0c99052ea98ebd84_m2.pqr,c9e9c5e9dff1cf2a8608b5261fd62aec71ee0533208594a8daf4f5a5a3bb9905,af|314159|V2PMHC_059a1481886fcb83|m0,af|314159|V2PMHC_0c99052ea98ebd84|m2,af|314159|V2PMHC_0c99052ea98ebd84|m0,6160,complete,6160
raw_calculations/canonical_fixed_charge/af_314159_V2PMHC_0c99052ea98ebd84_m3.pqr,72a558fc4ec671f66dc585138ea19cba81c3de996579146283a6ed02d8110f2b,raw_calculations/canonical_pqr/af_314159_V2PMHC_0c99052ea98ebd84_m3.pqr,99d9e031f986503254991f904ca2fcef724410c2f66300e198b87f290369a166,raw_calculations/fixed_charge/af_314159_V2PMHC_0c99052ea98ebd84_m3.pqr,3aeb79950e20a1362f4dd4d55fc54f40e50d8c4a202be533a07598a75c10d5fa,af|314159|V2PMHC_059a1481886fcb83|m0,af|314159|V2PMHC_0c99052ea98ebd84|m3,af|314159|V2PMHC_0c99052ea98ebd84|m0,6159,complete,6161
raw_calculations/canonical_fixed_charge/af_314159_V2PMHC_0c99052ea98ebd84_m4.pqr,33710bc18273797f86203fe9692f3034e013d641803612e5ca6dc34024fe4202,raw_calculations/canonical_pqr/af_314159_V2PMHC_0c99052ea98ebd84_m4.pqr,f89667eb10b14203857ceea36c62fb223a8d00c953859fd917a028c272e2187f,raw_calculations/fixed_charge/af_314159_V2PMHC_0c99052ea98ebd84_m4.pqr,bb48f5ddefa45b4a4a07394e920a3d27d932bdedf3db9ab73cc19a73b908d417,af|314159|V2PMHC_059a1481886fcb83|m0,af|314159|V2PMHC_0c99052ea98ebd84|m4,af|314159|V2PMHC_0c99052ea98ebd84|m0,6157,complete,6160
raw_calculations/canonical_fixed_charge/af_271828_V2PMHC_124e901945f0164d_m0.pqr,d8fc08e8ba72c966527d078617c94e5e1b167f98afd8706b96db5f3cac4f2fb3,raw_calculations/canonical_pqr/af_271828_V2PMHC_124e901945f0164d_m0.pqr,664beda9cb1820a5b3d294986e6cee737e1346fcf987c5267ca3df8c9dfb41e8,raw_calculations/fixed_charge/af_271828_V2PMHC_124e901945f0164d_m0.pqr,11e36b6b8de818feeef99b015d75d6724da1d67f62db6787d65901a67e78d3ed,af|271828|V2PMHC_059a1481886fcb83|m0,af|271828|V2PMHC_124e901945f0164d|m0,af|271828|V2PMHC_124e901945f0164d|m0,6157,complete,6158
raw_calculations/canonical_fixed_charge/af_271828_V2PMHC_124e901945f0164d_m1.pqr,1df4a7eaa7c60da7d076b68f5c4aa1d0798a89bc4fbaafa0f7e73a1415d85b5b,raw_calculations/canonical_pqr/af_271828_V2PMHC_124e901945f0164d_m1.pqr,e2391fb8fd6253dc15f8399340dfc1847301c2900c6afd0c89905710774c56df,raw_calculations/fixed_charge/af_271828_V2PMHC_124e901945f0164d_m1.pqr,d798e030ba42980c264674426ea5ddfcccdc1359a159c7f493717fed0972a1a1,af|271828|V2PMHC_059a1481886fcb83|m0,af|271828|V2PMHC_124e901945f0164d|m1,af|271828|V2PMHC_124e901945f0164d|m0,6158,complete,6159
raw_calculations/canonical_fixed_charge/af_271828_V2PMHC_124e901945f0164d_m2.pqr,6f0a3a984bdc29347b2f35f623f85e85f31200c79444cfaffaebba64b7c9fc3f,raw_calculations/canonical_pqr/af_271828_V2PMHC_124e901945f0164d_m2.pqr,62326233eded9106ac2b7efee6a2d8991f95261b71cd5b82bc85e0e5f2ef2524,raw_calculations/fixed_charge/af_271828_V2PMHC_124e901945f0164d_m2.pqr,6fb736e5444226bf36a2db923a05fbe4cd91b9d360f4eef0c08b5e9889cd4562,af|271828|V2PMHC_059a1481886fcb83|m0,af|271828|V2PMHC_124e901945f0164d|m2,af|271828|V2PMHC_124e901945f0164d|m0,6157,complete,6158
raw_calculations/canonical_fixed_charge/af_271828_V2PMHC_124e901945f0164d_m3.pqr,c90996dab0ef2abf325c290e8e35e31195623b5de43cafa61f5e2f24a6488d0c,raw_calculations/canonical_pqr/af_271828_V2PMHC_124e901945f0164d_m3.pqr,07809f5eeff80d39d373b24382a1ef6464620a6089c720022f00545d315a7df4,raw_calculations/fixed_charge/af_271828_V2PMHC_124e901945f0164d_m3.pqr,fb63d2c37871e5e3ab337266d6b75b449b400da3bb4b923f9bea9432ce8921bf,af|271828|V2PMHC_059a1481886fcb83|m0,af|271828|V2PMHC_124e901945f0164d|m3,af|271828|V2PMHC_124e901945f0164d|m0,6158,complete,6159
raw_calculations/canonical_fixed_charge/af_271828_V2PMHC_124e901945f0164d_m4.pqr,2c7a6ca9227b783d87bee930815ded78be570c55c658f726138a4a0f62736c0f,raw_calculations/canonical_pqr/af_271828_V2PMHC_124e901945f0164d_m4.pqr,2c7a6ca9227b783d87bee930815ded78be570c55c658f726138a4a0f62736c0f,raw_calculations/fixed_charge/af_271828_V2PMHC_124e901945f0164d_m4.pqr,34bc39adf8b52a180aa3db1e45fc18df28ece1333ed029c0542292137a93b45b,af|271828|V2PMHC_059a1481886fcb83|m0,af|271828|V2PMHC_124e901945f0164d|m4,af|271828|V2PMHC_124e901945f0164d|m0,6159,complete,6159
raw_calculations/canonical_fixed_charge/af_314159_V2PMHC_124e901945f0164d_m0.pqr,0c4b677083f615365a493a2a3545a8ec97dd1dd34a52e4355b28904422cc69db,raw_calculations/canonical_pqr/af_314159_V2PMHC_124e901945f0164d_m0.pqr,3f8553720c7d1028e21662c208a586f258904fa8008f2019ecc205bd19d65f8d,raw_calculations/fixed_charge/af_314159_V2PMHC_124e901945f0164d_m0.pqr,f1d2d384c4905bd47c0bae2ba855fda0e03f610371ef8c7d4e90ecf306ef6407,af|314159|V2PMHC_059a1481886fcb83|m0,af|314159|V2PMHC_124e901945f0164d|m0,af|314159|V2PMHC_124e901945f0164d|m0,6157,complete,6159
raw_calculations/canonical_fixed_charge/af_314159_V2PMHC_124e901945f0164d_m1.pqr,41826bf8f5751a460c95b5e9afaf23ea96b854a7dca23d8c51a76a4922ac9c0a,raw_calculations/canonical_pqr/af_314159_V2PMHC_124e901945f0164d_m1.pqr,d515758434c6cf4b1f566f3f73f2049256df5ed38bf6f8277e5d5c7493744e56,raw_calculations/fixed_charge/af_314159_V2PMHC_124e901945f0164d_m1.pqr,2bcf8a133adc7f64a6d74f14def50d6ebf815b021b400c736e306043f73ebd2f,af|314159|V2PMHC_059a1481886fcb83|m0,af|314159|V2PMHC_124e901945f0164d|m1,af|314159|V2PMHC_124e901945f0164d|m0,6158,complete,6159
raw_calculations/canonical_fixed_charge/af_314159_V2PMHC_124e901945f0164d_m2.pqr,76c6553f137c4e414425af8225a3da73503573961f1baf9e20b12eba8d46b4b9,raw_calculations/canonical_pqr/af_314159_V2PMHC_124e901945f0164d_m2.pqr,b8253dcf19fef95c53ba9c90353db68952b578f9fa3502581c5fa2cb92c25523,raw_calculations/fixed_charge/af_314159_V2PMHC_124e901945f0164d_m2.pqr,b7a7f27fc3d50dd04a9c4ff7d408f00505a7157cec99884f5cf1cfdba0b415ef,af|314159|V2PMHC_059a1481886fcb83|m0,af|314159|V2PMHC_124e901945f0164d|m2,af|314159|V2PMHC_124e901945f0164d|m0,6156,complete,6158
raw_calculations/canonical_fixed_charge/af_314159_V2PMHC_124e901945f0164d_m3.pqr,6d759768627f370988808ab22c56c661511c06bc1a06a7394162dee3108e2328,raw_calculations/canonical_pqr/af_314159_V2PMHC_124e901945f0164d_m3.pqr,6d759768627f370988808ab22c56c661511c06bc1a06a7394162dee3108e2328,raw_calculations/fixed_charge/af_314159_V2PMHC_124e901945f0164d_m3.pqr,87ca04ee4a4ab388f0227d14af317d9136ae6208188ecc4cb0697e6b77ed1402,af|314159|V2PMHC_059a1481886fcb83|m0,af|314159|V2PMHC_124e901945f0164d|m3,af|314159|V2PMHC_124e901945f0164d|m0,6158,complete,6158
raw_calculations/canonical_fixed_charge/af_314159_V2PMHC_124e901945f0164d_m4.pqr,ae011796c86c9094a1dbaef4f3af12d1f69f54dfa94a31319e1d627b57ea5d29,raw_calculations/canonical_pqr/af_314159_V2PMHC_124e901945f0164d_m4.pqr,a92d76b664186ffee45a6f0a6fdf7c205a910b0225ffd70fe203e266d53e8ff6,raw_calculations/fixed_charge/af_314159_V2PMHC_124e901945f0164d_m4.pqr,1e512c5a1405df2bbcae402db5f94f2fe26c3b115d72c33a2f0a69ab9d51bd95,af|314159|V2PMHC_059a1481886fcb83|m0,af|314159|V2PMHC_124e901945f0164d|m4,af|314159|V2PMHC_124e901945f0164d|m0,6156,complete,6158
raw_calculations/canonical_fixed_charge/af_271828_V2PMHC_22a556e2d6178849_m0.pqr,9aa0fc4d834055304894674f481c9a001cab001655f1da6d0b1c0eab8999663c,raw_calculations/canonical_pqr/af_271828_V2PMHC_22a556e2d6178849_m0.pqr,a219d58db417e90d7ae5ad713715b867e899de0aa80a59c3f623125fec47f57e,raw_calculations/fixed_charge/af_271828_V2PMHC_22a556e2d6178849_m0.pqr,b5693cc0b2dc1c0c6ec867ae8b788527a3b056682dacd5e8d7a405f96187df55,af|271828|V2PMHC_059a1481886fcb83|m0,af|271828|V2PMHC_22a556e2d6178849|m0,af|271828|V2PMHC_22a556e2d6178849|m0,6157,complete,6158
raw_calculations/canonical_fixed_charge/af_271828_V2PMHC_22a556e2d6178849_m1.pqr,20a5a306eb0cc04475ed3b27b59b4c6b0a0f921d6f517944353cfc5d994cbd96,raw_calculations/canonical_pqr/af_271828_V2PMHC_22a556e2d6178849_m1.pqr,9caaeb63fd3479aa616d0542695c0f6a71f2221b9f89e1a7e8f6b05c44a2bf31,raw_calculations/fixed_charge/af_271828_V2PMHC_22a556e2d6178849_m1.pqr,72323c23e17761f47dcc8daebd632e56632a3c6c7e8b0d4bbb104eee8b968469,af|271828|V2PMHC_059a1481886fcb83|m0,af|271828|V2PMHC_22a556e2d6178849|m1,af|271828|V2PMHC_22a556e2d6178849|m0,6157,complete,6158
raw_calculations/canonical_fixed_charge/af_271828_V2PMHC_22a556e2d6178849_m2.pqr,9cf5ffec44ff29410161bab4a9c1af4535018e9eeb0e4685effa417c0980201b,raw_calculations/canonical_pqr/af_271828_V2PMHC_22a556e2d6178849_m2.pqr,485abe6422a71fb2d008219c440b1019e9846b4e95a6a96e66d8e21bdcc93092,raw_calculations/fixed_charge/af_271828_V2PMHC_22a556e2d6178849_m2.pqr,77cd6404cdab4d18d6dd486c944c52059a92ce68a470916aa4cf3eea9303d6e5,af|271828|V2PMHC_059a1481886fcb83|m0,af|271828|V2PMHC_22a556e2d6178849|m2,af|271828|V2PMHC_22a556e2d6178849|m0,6158,complete,6159
raw_calculations/canonical_fixed_charge/af_271828_V2PMHC_22a556e2d6178849_m3.pqr,454d931fcd7bc59f0d9178b40c72fde061af07f2a09cdd7ffb41bc0b17144fe3,raw_calculations/canonical_pqr/af_271828_V2PMHC_22a556e2d6178849_m3.pqr,fffdb7e7d9b98d58a8e8a2f50af9f7a3621863ab1b6348f112412226b08526d6,raw_calculations/fixed_charge/af_271828_V2PMHC_22a556e2d6178849_m3.pqr,7c207eb0a2cd60f5ae7dcaf08a81d58840dffd233d32f6fe5c272bb8efae163f,af|271828|V2PMHC_059a1481886fcb83|m0,af|271828|V2PMHC_22a556e2d6178849|m3,af|271828|V2PMHC_22a556e2d6178849|m0,6157,complete,6158
raw_calculations/canonical_fixed_charge/af_271828_V2PMHC_22a556e2d6178849_m4.pqr,5df20e2eef165294b3608ec0df2876d065c9ee0263f301925c127964da277e58,raw_calculations/canonical_pqr/af_271828_V2PMHC_22a556e2d6178849_m4.pqr,1b303b156e1d68d9d8ebb2427705d05b9b957e95280b16abc26339f816c8faa7,raw_calculations/fixed_charge/af_271828_V2PMHC_22a556e2d6178849_m4.pqr,9b67f54c9b0567934a0b7f7202d2485da9ed840fc69f00fc9740178397c60568,af|271828|V2PMHC_059a1481886fcb83|m0,af|271828|V2PMHC_22a556e2d6178849|m4,af|271828|V2PMHC_22a556e2d6178849|m0,6157,complete,6158
raw_calculations/canonical_fixed_charge/af_314159_V2PMHC_22a556e2d6178849_m0.pqr,3ccb43a5659835dd932d0749e39e724d3308189536bf3258b93cdc75dd980c8d,raw_calculations/canonical_pqr/af_314159_V2PMHC_22a556e2d6178849_m0.pqr,1744cabd2d731fee5085dae0a28ec3a6c35b35555dfa49402e66c72d7391ba4d,raw_calculations/fixed_charge/af_314159_V2PMHC_22a556e2d6178849_m0.pqr,cad8545747364790371e8dff0e8890a45f0c144d3a235c80a2d654c4c3038c4e,af|314159|V2PMHC_059a1481886fcb83|m0,af|314159|V2PMHC_22a556e2d6178849|m0,af|314159|V2PMHC_22a556e2d6178849|m1,6157,complete,6158
raw_calculations/canonical_fixed_charge/af_314159_V2PMHC_22a556e2d6178849_m1.pqr,2b76a838ea907168f81a2d87bdd9de03acad4b845bac1a0b619563e3e2bb3ec5,raw_calculations/canonical_pqr/af_314159_V2PMHC_22a556e2d6178849_m1.pqr,37968f64bda2343a002b060ac4988b0729c491a21e1cb7473627fd6e74b09f53,raw_calculations/fixed_charge/af_314159_V2PMHC_22a556e2d6178849_m1.pqr,2a432679422c778c0695100c212d3c46edf73a5117100f2462434bd1dc617093,af|314159|V2PMHC_059a1481886fcb83|m0,af|314159|V2PMHC_22a556e2d6178849|m1,af|314159|V2PMHC_22a556e2d6178849|m1,6157,complete,6159
raw_calculations/canonical_fixed_charge/af_314159_V2PMHC_22a556e2d6178849_m2.pqr,639a4bfdc042e1b7e0d838be6ff54ec5f5422267312e290a5cc2e100678b25ab,raw_calculations/canonical_pqr/af_314159_V2PMHC_22a556e2d6178849_m2.pqr,63c03e14ea598e724ff7d7f2032080b95ab21745773d2d2039fd76d71388f571,raw_calculations/fixed_charge/af_314159_V2PMHC_22a556e2d6178849_m2.pqr,7278762fa42933624cf6fabe59e3a35a70ecac78079322d6ea0eda6e73830c02,af|314159|V2PMHC_059a1481886fcb83|m0,af|314159|V2PMHC_22a556e2d6178849|m2,af|314159|V2PMHC_22a556e2d6178849|m1,6155,complete,6157
raw_calculations/canonical_fixed_charge/af_314159_V2PMHC_22a556e2d6178849_m3.pqr,7149895c3ad1ec1ed71a67bd7c973f8cd199d14465d46dcc09777104372c53d8,raw_calculations/canonical_pqr/af_314159_V2PMHC_22a556e2d6178849_m3.pqr,21aa55bcfe7c54cc5ee9b6bb6ccc90c404292d796a9efe47e4fc8fc270d57d0d,raw_calculations/fixed_charge/af_314159_V2PMHC_22a556e2d6178849_m3.pqr,1b0c61e96bd1781b6b619824d44a875024d05c82e556154221f702e726559678,af|314159|V2PMHC_059a1481886fcb83|m0,af|314159|V2PMHC_22a556e2d6178849|m3,af|314159|V2PMHC_22a556e2d6178849|m1,6156,complete,6158
raw_calculations/canonical_fixed_charge/af_314159_V2PMHC_22a556e2d6178849_m4.pqr,8afb6faf8af0abf1cb89fa193033d5a4166bc02b5e485ea05682ab557ae4dc26,raw_calculations/canonical_pqr/af_314159_V2PMHC_22a556e2d6178849_m4.pqr,c9eb2588eb74ed1e5b0cf533bc3fcc934b070e055631d51c44b7fddfe058ba43,raw_calculations/fixed_charge/af_314159_V2PMHC_22a556e2d6178849_m4.pqr,9625bf17ece72121d1355adf69061a1258a61d8d32ccc118d7f5faa34b6d2b4c,af|314159|V2PMHC_059a1481886fcb83|m0,af|314159|V2PMHC_22a556e2d6178849|m4,af|314159|V2PMHC_22a556e2d6178849|m1,6157,complete,6159
raw_calculations/canonical_fixed_charge/af_271828_V2PMHC_2a45cfb5882821d2_m0.pqr,deeeefd6d30ba4e905410ce4811e341238b2c49db047f5cb2b0783f805d24ce5,raw_calculations/canonical_pqr/af_271828_V2PMHC_2a45cfb5882821d2_m0.pqr,deeeefd6d30ba4e905410ce4811e341238b2c49db047f5cb2b0783f805d24ce5,raw_calculations/fixed_charge/af_271828_V2PMHC_2a45cfb5882821d2_m0.pqr,e6007355694e5aad8e1ddeffe5e313f1311b45f0386d5d5ab8d93c79cb772953,af|271828|V2PMHC_2a45cfb5882821d2|m0,af|271828|V2PMHC_2a45cfb5882821d2|m0,af|271828|V2PMHC_2a45cfb5882821d2|m0,6166,complete,6166
raw_calculations/canonical_fixed_charge/af_271828_V2PMHC_2a45cfb5882821d2_m1.pqr,55489422f9879746c3883b24f5a4b6a75215c52c6a50177e9456ac753692c6fc,raw_calculations/canonical_pqr/af_271828_V2PMHC_2a45cfb5882821d2_m1.pqr,57c105bf0770e8951b646050f903615b9ca19fab926bc4cdf3bbd25afa771b38,raw_calculations/fixed_charge/af_271828_V2PMHC_2a45cfb5882821d2_m1.pqr,0f77c7b5df72f151f378d1379321aaaa77c607904c9976bf00ec225f1ea1a093,af|271828|V2PMHC_2a45cfb5882821d2|m0,af|271828|V2PMHC_2a45cfb5882821d2|m1,af|271828|V2PMHC_2a45cfb5882821d2|m0,6165,complete,6167
raw_calculations/canonical_fixed_charge/af_271828_V2PMHC_2a45cfb5882821d2_m2.pqr,23ab415a6c55fdeb076c0cfcbbb7f666de3c717a0365b74e0144626d50713216,raw_calculations/canonical_pqr/af_271828_V2PMHC_2a45cfb5882821d2_m2.pqr,4b033b14d3ce426e329cec076f0cacb05024444eddd4e20d2805b2a1d7746e3e,raw_calculations/fixed_charge/af_271828_V2PMHC_2a45cfb5882821d2_m2.pqr,4a087951b8e4164818fc964ae591cd656ad22f3d017d610a9daad660ec0b7de3,af|271828|V2PMHC_2a45cfb5882821d2|m0,af|271828|V2PMHC_2a45cfb5882821d2|m2,af|271828|V2PMHC_2a45cfb5882821d2|m0,6165,complete,6166
raw_calculations/canonical_fixed_charge/af_271828_V2PMHC_2a45cfb5882821d2_m3.pqr,92907359bdbfe5f2b5b8e4b61ec07bd59d7210681f2c0baeffd58d13cf80d950,raw_calculations/canonical_pqr/af_271828_V2PMHC_2a45cfb5882821d2_m3.pqr,fbea131eeaa8aa2e7fb1aacf5c3ee629071d259dc5abf9e91fa93d832a675868,raw_calculations/fixed_charge/af_271828_V2PMHC_2a45cfb5882821d2_m3.pqr,3a7b74a47810eca51582d464a07e8478f547b7af7ef524b752b7c5167cc40943,af|271828|V2PMHC_2a45cfb5882821d2|m0,af|271828|V2PMHC_2a45cfb5882821d2|m3,af|271828|V2PMHC_2a45cfb5882821d2|m0,6163,complete,6167
raw_calculations/canonical_fixed_charge/af_271828_V2PMHC_2a45cfb5882821d2_m4.pqr,b0ffefda8d03e19dfea85b4252450f6264c314330e5102b040433a83948ac2f9,raw_calculations/canonical_pqr/af_271828_V2PMHC_2a45cfb5882821d2_m4.pqr,bcdd0d9d0f7ad0777c6c8ee1eda32641ca2b28868b6c724d720683e5bc417417,raw_calculations/fixed_charge/af_271828_V2PMHC_2a45cfb5882821d2_m4.pqr,c5a50a896f5d9f4e8513027fbcbceea8a33a7867fb75468ff9b4aef05a8cce95,af|271828|V2PMHC_2a45cfb5882821d2|m0,af|271828|V2PMHC_2a45cfb5882821d2|m4,af|271828|V2PMHC_2a45cfb5882821d2|m0,6163,complete,6166
raw_calculations/canonical_fixed_charge/af_314159_V2PMHC_2a45cfb5882821d2_m0.pqr,27701c01c0afb84005874235e71230fe9469609cce8a9a90914dccc6790fe536,raw_calculations/canonical_pqr/af_314159_V2PMHC_2a45cfb5882821d2_m0.pqr,544e8719bc0fdd76f185bab9c727a08bd7c533d77b7c87956e29a409afc70c45,raw_calculations/fixed_charge/af_314159_V2PMHC_2a45cfb5882821d2_m0.pqr,f7456f2cf986275b93e491ea4f185fcfc12c910be5e583a2d47273c85c4d6c62,af|314159|V2PMHC_2a45cfb5882821d2|m0,af|314159|V2PMHC_2a45cfb5882821d2|m0,af|314159|V2PMHC_2a45cfb5882821d2|m1,6163,complete,6164
raw_calculations/canonical_fixed_charge/af_314159_V2PMHC_2a45cfb5882821d2_m1.pqr,e0904833bfaea54426fcd649c2a217bf985b94b4cd0d6dc78e71ea67e0205592,raw_calculations/canonical_pqr/af_314159_V2PMHC_2a45cfb5882821d2_m1.pqr,5ffc36bdc912c1dba951239d0dfb2e5a84e863316c77b799f6f7844d3d039be7,raw_calculations/fixed_charge/af_314159_V2PMHC_2a45cfb5882821d2_m1.pqr,9c4d45b020bccee1524d2b1457b5bd6197d7bd34f229c2c0c71431ac77d5420d,af|314159|V2PMHC_2a45cfb5882821d2|m0,af|314159|V2PMHC_2a45cfb5882821d2|m1,af|314159|V2PMHC_2a45cfb5882821d2|m1,6162,complete,6166
raw_calculations/canonical_fixed_charge/af_314159_V2PMHC_2a45cfb5882821d2_m2.pqr,2e5be904ce4f4d9591075eff29a3a161a0a6d2d18135cb2162c773af1ebe91e1,raw_calculations/canonical_pqr/af_314159_V2PMHC_2a45cfb5882821d2_m2.pqr,b0cb83206b3fdd5cd37b5e2c6122b2452479a03ec729b15e99bcb85364a3d8c5,raw_calculations/fixed_charge/af_314159_V2PMHC_2a45cfb5882821d2_m2.pqr,56664fc54b276897fd3e41099197e9744545f286cb37b2d8e7689c225d68d8cb,af|314159|V2PMHC_2a45cfb5882821d2|m0,af|314159|V2PMHC_2a45cfb5882821d2|m2,af|314159|V2PMHC_2a45cfb5882821d2|m1,6163,complete,6166
raw_calculations/canonical_fixed_charge/af_314159_V2PMHC_2a45cfb5882821d2_m3.pqr,c3955364af9450aabfaa8deca9c095488890591572c7af053a12b687ec3e0653,raw_calculations/canonical_pqr/af_314159_V2PMHC_2a45cfb5882821d2_m3.pqr,b6185853fc8b83dffe0f8133b99fbc8bf2e8b9a68e67e85cd957498be3ed3537,raw_calculations/fixed_charge/af_314159_V2PMHC_2a45cfb5882821d2_m3.pqr,246ce96f783a06990617ef75546a86a9a07b79143c0a48c6a2a23fc259e34df0,af|314159|V2PMHC_2a45cfb5882821d2|m0,af|314159|V2PMHC_2a45cfb5882821d2|m3,af|314159|V2PMHC_2a45cfb5882821d2|m1,6163,complete,6167
raw_calculations/canonical_fixed_charge/af_314159_V2PMHC_2a45cfb5882821d2_m4.pqr,3a3cbb74db7b5479e21650a2758f7edc724db3c4e61ec463ad1806eb2cecb805,raw_calculations/canonical_pqr/af_314159_V2PMHC_2a45cfb5882821d2_m4.pqr,a7ab32cbf68de4f0537ba7e2d18b7b9483c396fa1b195f4c7649251bb17123ea,raw_calculations/fixed_charge/af_314159_V2PMHC_2a45cfb5882821d2_m4.pqr,0b314fdc6c6c4fa5a2aad007afe1aa1d064e4e17289ed3baa6f5df31a6febfee,af|314159|V2PMHC_2a45cfb5882821d2|m0,af|314159|V2PMHC_2a45cfb5882821d2|m4,af|314159|V2PMHC_2a45cfb5882821d2|m1,6162,complete,6167
raw_calculations/canonical_fixed_charge/af_271828_V2PMHC_32819024c05f813a_m0.pqr,8b5a1fe45f9eeb89631edbe2f674e51694697767b22b190807e5df1b04aa3059,raw_calculations/canonical_pqr/af_271828_V2PMHC_32819024c05f813a_m0.pqr,8b5a1fe45f9eeb89631edbe2f674e51694697767b22b190807e5df1b04aa3059,raw_calculations/fixed_charge/af_271828_V2PMHC_32819024c05f813a_m0.pqr,dbee71e70e72f1dd85c67010159be4345512fdb39e6184b05d492728daa5e380,af|271828|V2PMHC_32819024c05f813a|m0,af|271828|V2PMHC_32819024c05f813a|m0,af|271828|V2PMHC_32819024c05f813a|m0,6502,complete,6502
raw_calculations/canonical_fixed_charge/af_271828_V2PMHC_32819024c05f813a_m1.pqr,8cd8673001701afd1b96083360c68f5d03c171d8d091f8e10537954bdc4ab195,raw_calculations/canonical_pqr/af_271828_V2PMHC_32819024c05f813a_m1.pqr,8cd8673001701afd1b96083360c68f5d03c171d8d091f8e10537954bdc4ab195,raw_calculations/fixed_charge/af_271828_V2PMHC_32819024c05f813a_m1.pqr,f634ca61efd710228042a90fb462d4b4b6a3a44efcb6ee59f4359fb536f8fb5e,af|271828|V2PMHC_32819024c05f813a|m0,af|271828|V2PMHC_32819024c05f813a|m1,af|271828|V2PMHC_32819024c05f813a|m0,6502,complete,6502
raw_calculations/canonical_fixed_charge/af_271828_V2PMHC_32819024c05f813a_m2.pqr,4757c9412433be9cf784ceb1a69a85d7f4b0d484d9f184e6b18fb6dfeb7b6070,raw_calculations/canonical_pqr/af_271828_V2PMHC_32819024c05f813a_m2.pqr,4757c9412433be9cf784ceb1a69a85d7f4b0d484d9f184e6b18fb6dfeb7b6070,raw_calculations/fixed_charge/af_271828_V2PMHC_32819024c05f813a_m2.pqr,41f5788ac5145cf1156f1769b8807b6d840887c319fbaae30070ab0127dfbfc0,af|271828|V2PMHC_32819024c05f813a|m0,af|271828|V2PMHC_32819024c05f813a|m2,af|271828|V2PMHC_32819024c05f813a|m0,6502,complete,6502
raw_calculations/canonical_fixed_charge/af_271828_V2PMHC_32819024c05f813a_m3.pqr,1185b8a392f744370a654193f358aa6e85f79e4eac261fc8ec700c7a2eb4cc39,raw_calculations/canonical_pqr/af_271828_V2PMHC_32819024c05f813a_m3.pqr,1185b8a392f744370a654193f358aa6e85f79e4eac261fc8ec700c7a2eb4cc39,raw_calculations/fixed_charge/af_271828_V2PMHC_32819024c05f813a_m3.pqr,426f51e986a6272155fcd2fdcc9ec2f06777b04471283b4001b6b45a3a7930da,af|271828|V2PMHC_32819024c05f813a|m0,af|271828|V2PMHC_32819024c05f813a|m3,af|271828|V2PMHC_32819024c05f813a|m0,6502,complete,6502
raw_calculations/canonical_fixed_charge/af_271828_V2PMHC_32819024c05f813a_m4.pqr,663b6bc74c79b1e60bd86f2410e2d0c3547034781f6bef60ce492f87f3365c06,raw_calculations/canonical_pqr/af_271828_V2PMHC_32819024c05f813a_m4.pqr,663b6bc74c79b1e60bd86f2410e2d0c3547034781f6bef60ce492f87f3365c06,raw_calculations/fixed_charge/af_271828_V2PMHC_32819024c05f813a_m4.pqr,338b2f894fd329268e90b3a5a71b778e7b312d87b0f5ecd7957f556de84841f6,af|271828|V2PMHC_32819024c05f813a|m0,af|271828|V2PMHC_32819024c05f813a|m4,af|271828|V2PMHC_32819024c05f813a|m0,6502,complete,6502
raw_calculations/canonical_fixed_charge/af_314159_V2PMHC_32819024c05f813a_m0.pqr,1726cdbca6019eb581b4339b3680b0276b284908918a5154d56ea23781876928,raw_calculations/canonical_pqr/af_314159_V2PMHC_32819024c05f813a_m0.pqr,1726cdbca6019eb581b4339b3680b0276b284908918a5154d56ea23781876928,raw_calculations/fixed_charge/af_314159_V2PMHC_32819024c05f813a_m0.pqr,6b2cbc1104e730a9864697a40093b17f05ed85169cfe8b1f79eb3f63d0c08c0b,af|314159|V2PMHC_32819024c05f813a|m0,af|314159|V2PMHC_32819024c05f813a|m0,af|314159|V2PMHC_32819024c05f813a|m0,6502,complete,6502
raw_calculations/canonical_fixed_charge/af_314159_V2PMHC_32819024c05f813a_m1.pqr,4d7c6e793154638e2130732cd24d4ac27d8a4c4821ba4c4ec9be3fef64e54795,raw_calculations/canonical_pqr/af_314159_V2PMHC_32819024c05f813a_m1.pqr,4d7c6e793154638e2130732cd24d4ac27d8a4c4821ba4c4ec9be3fef64e54795,raw_calculations/fixed_charge/af_314159_V2PMHC_32819024c05f813a_m1.pqr,ac50bb0bfad38a90b92a76f7beaf885b67dcf6a1c20b1dc0566776c0fc3d7c1a,af|314159|V2PMHC_32819024c05f813a|m0,af|314159|V2PMHC_32819024c05f813a|m1,af|314159|V2PMHC_32819024c05f813a|m0,6502,complete,6502
raw_calculations/canonical_fixed_charge/af_314159_V2PMHC_32819024c05f813a_m2.pqr,24be907af360ed9c6da7f402d83bd6f53fe872f5180368ea06e30231fa17fd62,raw_calculations/canonical_pqr/af_314159_V2PMHC_32819024c05f813a_m2.pqr,24be907af360ed9c6da7f402d83bd6f53fe872f5180368ea06e30231fa17fd62,raw_calculations/fixed_charge/af_314159_V2PMHC_32819024c05f813a_m2.pqr,c637f8229fdb78d05fd1130ee8109a32be82b4fe07356fe40c3c9a127a73705f,af|314159|V2PMHC_32819024c05f813a|m0,af|314159|V2PMHC_32819024c05f813a|m2,af|314159|V2PMHC_32819024c05f813a|m0,6502,complete,6502
raw_calculations/canonical_fixed_charge/af_314159_V2PMHC_32819024c05f813a_m3.pqr,daedf800f50cc094dfae74be0c7558b1bc71cd6984ec63e17ed67f122307ea08,raw_calculations/canonical_pqr/af_314159_V2PMHC_32819024c05f813a_m3.pqr,daedf800f50cc094dfae74be0c7558b1bc71cd6984ec63e17ed67f122307ea08,raw_calculations/fixed_charge/af_314159_V2PMHC_32819024c05f813a_m3.pqr,6ea8032ac4d2496bc4cb96ba893be026f0e15bd7ffb318e595f60c0d811737ee,af|314159|V2PMHC_32819024c05f813a|m0,af|314159|V2PMHC_32819024c05f813a|m3,af|314159|V2PMHC_32819024c05f813a|m0,6502,complete,6502
raw_calculations/canonical_fixed_charge/af_314159_V2PMHC_32819024c05f813a_m4.pqr,73eb67c5baa79d000cb873144d7dbea61899ec17afa8d550e0d97b5814143f2c,raw_calculations/canonical_pqr/af_314159_V2PMHC_32819024c05f813a_m4.pqr,73eb67c5baa79d000cb873144d7dbea61899ec17afa8d550e0d97b5814143f2c,raw_calculations/fixed_charge/af_314159_V2PMHC_32819024c05f813a_m4.pqr,b9819d3ed13583501319b5a00028381abdd66a1d763790840434e2c019b36061,af|314159|V2PMHC_32819024c05f813a|m0,af|314159|V2PMHC_32819024c05f813a|m4,af|314159|V2PMHC_32819024c05f813a|m0,6502,complete,6502
raw_calculations/canonical_fixed_charge/af_271828_V2PMHC_359f1f74d76d2644_m0.pqr,394c9f9ccbdb5e977d4205a5f5a13170f4341f2f40ece71cb54cad01182c6e36,raw_calculations/canonical_pqr/af_271828_V2PMHC_359f1f74d76d2644_m0.pqr,91adb543cb65451ec003138f6d912ef456690b9f484e1c79d208f6fb282222ee,raw_calculations/fixed_charge/af_271828_V2PMHC_359f1f74d76d2644_m0.pqr,21120d8cdca330081df864b322d2c94e944ce450e01c4ce832413650b2571e6d,af|271828|V2PMHC_32819024c05f813a|m0,af|271828|V2PMHC_359f1f74d76d2644|m0,af|271828|V2PMHC_359f1f74d76d2644|m1,6455,complete,6457
raw_calculations/canonical_fixed_charge/af_271828_V2PMHC_359f1f74d76d2644_m1.pqr,ff420cd51e3ff9216660714734d6dbf50cb012d86508d73f57dab5e6a5b446a9,raw_calculations/canonical_pqr/af_271828_V2PMHC_359f1f74d76d2644_m1.pqr,def072b8e959382bef27f9774c7c1e680ce14ef5748853dec543ebd70b56cd4c,raw_calculations/fixed_charge/af_271828_V2PMHC_359f1f74d76d2644_m1.pqr,853d0ebd257ee02333b700062b4d458cf05500bd4be79ce97d146d575fe12f02,af|271828|V2PMHC_32819024c05f813a|m0,af|271828|V2PMHC_359f1f74d76d2644|m1,af|271828|V2PMHC_359f1f74d76d2644|m1,6455,complete,6456
raw_calculations/canonical_fixed_charge/af_271828_V2PMHC_359f1f74d76d2644_m2.pqr,400a6b4b3ca0d7f0c8626c67d349b998d9ecbf9f6a5b6c9725662fda653bd1ff,raw_calculations/canonical_pqr/af_271828_V2PMHC_359f1f74d76d2644_m2.pqr,d097a9fe787f121fbe34e38a5c43a195248b3d1116e22382133733502e739226,raw_calculations/fixed_charge/af_271828_V2PMHC_359f1f74d76d2644_m2.pqr,27d1c589f47dbfc5c557a28dbd8c825a26b521869e42ceb894279bea5a4c88f4,af|271828|V2PMHC_32819024c05f813a|m0,af|271828|V2PMHC_359f1f74d76d2644|m2,af|271828|V2PMHC_359f1f74d76d2644|m1,6454,complete,6456
raw_calculations/canonical_fixed_charge/af_271828_V2PMHC_359f1f74d76d2644_m3.pqr,0d875d1f5fc3e47019ce75b8c6cc38f086fc3eb53217dc85bcedd2efcb9eadbc,raw_calculations/canonical_pqr/af_271828_V2PMHC_359f1f74d76d2644_m3.pqr,c838208dc17ef242e6b6a20ab492799a32dd3782c825e1236a0913d5516167c9,raw_calculations/fixed_charge/af_271828_V2PMHC_359f1f74d76d2644_m3.pqr,c1054b7db1a110c5b23f42babd4b303115f837dcc663676c2d3d7ad758ea3d1c,af|271828|V2PMHC_32819024c05f813a|m0,af|271828|V2PMHC_359f1f74d76d2644|m3,af|271828|V2PMHC_359f1f74d76d2644|m1,6455,complete,6458
raw_calculations/canonical_fixed_charge/af_271828_V2PMHC_359f1f74d76d2644_m4.pqr,4010f84c4eb649c7033878beb2fa1410035d318c7eb2fd7262586678dffc6f86,raw_calculations/canonical_pqr/af_271828_V2PMHC_359f1f74d76d2644_m4.pqr,7130416ddaa4be37d1eb033353083fe41fce122d160cb526fd2f997c794a2d37,raw_calculations/fixed_charge/af_271828_V2PMHC_359f1f74d76d2644_m4.pqr,18812d9564d522a2870a7f397071753a949dedf5e76b8fd90a7faf89fb3053f0,af|271828|V2PMHC_32819024c05f813a|m0,af|271828|V2PMHC_359f1f74d76d2644|m4,af|271828|V2PMHC_359f1f74d76d2644|m1,6455,complete,6458
raw_calculations/canonical_fixed_charge/af_314159_V2PMHC_359f1f74d76d2644_m0.pqr,d75581ba26fa08d46642a04171242e0e2f059b578b0f9bbe3b5ecba1fd8ca825,raw_calculations/canonical_pqr/af_314159_V2PMHC_359f1f74d76d2644_m0.pqr,bc656fb632c1c2195bf2eacd82e4e0dd441e399feb8162e3353ea7c9d183675c,raw_calculations/fixed_charge/af_314159_V2PMHC_359f1f74d76d2644_m0.pqr,34e3125f413a93932613560f1441a86eb287b72d1c6efa5e1bdfcb5a2ed86117,af|314159|V2PMHC_32819024c05f813a|m0,af|314159|V2PMHC_359f1f74d76d2644|m0,af|314159|V2PMHC_359f1f74d76d2644|m0,6455,complete,6456
raw_calculations/canonical_fixed_charge/af_314159_V2PMHC_359f1f74d76d2644_m1.pqr,b9393dab962de3b8257584071deb74731180f3a3050334d7e5c5cb8ed66f905a,raw_calculations/canonical_pqr/af_314159_V2PMHC_359f1f74d76d2644_m1.pqr,f372ef007d6b55fbda12e201c18ff4551f80cbcd9db91fb0906660c517b56cf0,raw_calculations/fixed_charge/af_314159_V2PMHC_359f1f74d76d2644_m1.pqr,7b466d16c8ba7aeba71e18c82d80da9cbce7eb0a28b4eb51443ad7896756c19f,af|314159|V2PMHC_32819024c05f813a|m0,af|314159|V2PMHC_359f1f74d76d2644|m1,af|314159|V2PMHC_359f1f74d76d2644|m0,6455,complete,6456
raw_calculations/canonical_fixed_charge/af_314159_V2PMHC_359f1f74d76d2644_m2.pqr,56818573d7bb14c1bb74eae0e6e915363d18f54e95267f6f604f87d61a19d758,raw_calculations/canonical_pqr/af_314159_V2PMHC_359f1f74d76d2644_m2.pqr,4f397e400eca263dc4bbb378606b4c70b153fd5ed8ac6b5d61c31ff92537d581,raw_calculations/fixed_charge/af_314159_V2PMHC_359f1f74d76d2644_m2.pqr,c4e5a60513fd48c137687e0f1b88bf3f1332ecf186f4d5d6de899f739997c1a6,af|314159|V2PMHC_32819024c05f813a|m0,af|314159|V2PMHC_359f1f74d76d2644|m2,af|314159|V2PMHC_359f1f74d76d2644|m0,6455,complete,6456
raw_calculations/canonical_fixed_charge/af_314159_V2PMHC_359f1f74d76d2644_m3.pqr,af0627b2255dfb38b317bf2be67c1532a405e7eeccb32f68574a409d6619021a,raw_calculations/canonical_pqr/af_314159_V2PMHC_359f1f74d76d2644_m3.pqr,cbd708262789089463e2255a7c185a529d955eba6770ff9e8d614f744d628f5e,raw_calculations/fixed_charge/af_314159_V2PMHC_359f1f74d76d2644_m3.pqr,38a98e86fe455ceaad2c3b5561785f96c9a2bb00126f9ef162a3df200993d1d9,af|314159|V2PMHC_32819024c05f813a|m0,af|314159|V2PMHC_359f1f74d76d2644|m3,af|314159|V2PMHC_359f1f74d76d2644|m0,6456,complete,6457
raw_calculations/canonical_fixed_charge/af_314159_V2PMHC_359f1f74d76d2644_m4.pqr,574b2337ab9d27c3188bfb592c9ef9e81a72b7df62882f3316ca56eb9786ca32,raw_calculations/canonical_pqr/af_314159_V2PMHC_359f1f74d76d2644_m4.pqr,36db5f43f86fdf1cbf5567b6ff7a0e79ef92c4a816f605552732726424f7d85e,raw_calculations/fixed_charge/af_314159_V2PMHC_359f1f74d76d2644_m4.pqr,86a44cc39bcf9d1e424f3d7619856ad168f50ed93a3127bedafb2984df6a45fe,af|314159|V2PMHC_32819024c05f813a|m0,af|314159|V2PMHC_359f1f74d76d2644|m4,af|314159|V2PMHC_359f1f74d76d2644|m0,6454,complete,6457
raw_calculations/canonical_fixed_charge/af_271828_V2PMHC_368ebdaaab5ce03f_m0.pqr,380a22ec1252b2de398eda07da68fa410971989c691fc00e54e94d1c5df87132,raw_calculations/canonical_pqr/af_271828_V2PMHC_368ebdaaab5ce03f_m0.pqr,2950e8f558ec86aeb9baae9650fc7ceefa33729bf896bbe8aa97dc28962f2b7b,raw_calculations/fixed_charge/af_271828_V2PMHC_368ebdaaab5ce03f_m0.pqr,25be59a93edbd6870d5737b948ceed9a4858b72d58196e7ed38fd97702485e7b,af|271828|V2PMHC_32819024c05f813a|m0,af|271828|V2PMHC_368ebdaaab5ce03f|m0,af|271828|V2PMHC_368ebdaaab5ce03f|m1,6462,complete,6464
raw_calculations/canonical_fixed_charge/af_271828_V2PMHC_368ebdaaab5ce03f_m1.pqr,19b2a3d52b6d9a5e6af23b0393855dd4a330c32ef91999f1b5fa9e5478b01fa3,raw_calculations/canonical_pqr/af_271828_V2PMHC_368ebdaaab5ce03f_m1.pqr,a4e88d2565c56a910c55f716ded91d9645ea593bbfaff1f515cdf1a3e590a0db,raw_calculations/fixed_charge/af_271828_V2PMHC_368ebdaaab5ce03f_m1.pqr,54c15133b5532f9bb83eab045df63ec4a4ab4eb4ac7399c3f41fa8b20853ded6,af|271828|V2PMHC_32819024c05f813a|m0,af|271828|V2PMHC_368ebdaaab5ce03f|m1,af|271828|V2PMHC_368ebdaaab5ce03f|m1,6462,complete,6464
raw_calculations/canonical_fixed_charge/af_271828_V2PMHC_368ebdaaab5ce03f_m2.pqr,3810a5aa9605a76308a1ac895ebf3be6d6c81ec96ff2a3e1dc8befa62fa5c3d4,raw_calculations/canonical_pqr/af_271828_V2PMHC_368ebdaaab5ce03f_m2.pqr,463c7bdade4de8f81b6c8ee46f75045f53a538f5ec1c283bda93df30db8aaf58,raw_calculations/fixed_charge/af_271828_V2PMHC_368ebdaaab5ce03f_m2.pqr,c59675de745d9587e3f36147592a3a9a28b71893f5c917e17116ef73055b95e5,af|271828|V2PMHC_32819024c05f813a|m0,af|271828|V2PMHC_368ebdaaab5ce03f|m2,af|271828|V2PMHC_368ebdaaab5ce03f|m1,6462,complete,6464
raw_calculations/canonical_fixed_charge/af_271828_V2PMHC_368ebdaaab5ce03f_m3.pqr,c8a438a0741ce293057d2b3478d75be3b90235cfa9f30b4d54d0e109fb7cd523,raw_calculations/canonical_pqr/af_271828_V2PMHC_368ebdaaab5ce03f_m3.pqr,a1e88bf0b9eb3beb4a31fea6e9338ec22c5ea270824c0a96f05bc32e181d0838,raw_calculations/fixed_charge/af_271828_V2PMHC_368ebdaaab5ce03f_m3.pqr,c18352c277f4818a3c44102eae1985623e7234a3fbf2229cb2e29f6fc9db55cf,af|271828|V2PMHC_32819024c05f813a|m0,af|271828|V2PMHC_368ebdaaab5ce03f|m3,af|271828|V2PMHC_368ebdaaab5ce03f|m1,6462,complete,6464
raw_calculations/canonical_fixed_charge/af_271828_V2PMHC_368ebdaaab5ce03f_m4.pqr,f49985bfd09720990219a1c93bd1eadacb68240218a61c0d8e0547b72e86ca48,raw_calculations/canonical_pqr/af_271828_V2PMHC_368ebdaaab5ce03f_m4.pqr,ef4b3fde55eb123d8e7ecdf6fd6daa8c7e162cff47c64c711958be88a836bf48,raw_calculations/fixed_charge/af_271828_V2PMHC_368ebdaaab5ce03f_m4.pqr,0902e7ef729babeb6533fdd5bb0cdaccb6e42cabb3cf4f98947c1e0d3043df4f,af|271828|V2PMHC_32819024c05f813a|m0,af|271828|V2PMHC_368ebdaaab5ce03f|m4,af|271828|V2PMHC_368ebdaaab5ce03f|m1,6461,complete,6464
raw_calculations/canonical_fixed_charge/af_314159_V2PMHC_368ebdaaab5ce03f_m0.pqr,c313db184b6c96cb7fea353d3f34610803b5cab09eb684ba024dcce3412e26de,raw_calculations/canonical_pqr/af_314159_V2PMHC_368ebdaaab5ce03f_m0.pqr,605d2eca6d066af46fdc7bf60a1c2c53f79d1c347f944e01cdb45cd315b75b6a,raw_calculations/fixed_charge/af_314159_V2PMHC_368ebdaaab5ce03f_m0.pqr,e7f3aac27d5082bc4b53c3720a79c3a5f8b0dea718c9f307f45f4230cf4df5c7,af|314159|V2PMHC_32819024c05f813a|m0,af|314159|V2PMHC_368ebdaaab5ce03f|m0,af|314159|V2PMHC_368ebdaaab5ce03f|m0,6462,complete,6464
raw_calculations/canonical_fixed_charge/af_314159_V2PMHC_368ebdaaab5ce03f_m1.pqr,d726c9036216840ccb21b6ae28d3e379c7d42de1de5e516a8bd9f5c59bd70836,raw_calculations/canonical_pqr/af_314159_V2PMHC_368ebdaaab5ce03f_m1.pqr,93bbd00d7ab7e0a0ea06bf9848e694db449e85e6d823bf3c504646679564d2f1,raw_calculations/fixed_charge/af_314159_V2PMHC_368ebdaaab5ce03f_m1.pqr,d19985985f1b1737693b61c0524faf0c7a39d566c0283a25d62fcead2e97e55b,af|314159|V2PMHC_32819024c05f813a|m0,af|314159|V2PMHC_368ebdaaab5ce03f|m1,af|314159|V2PMHC_368ebdaaab5ce03f|m0,6462,complete,6464
raw_calculations/canonical_fixed_charge/af_314159_V2PMHC_368ebdaaab5ce03f_m2.pqr,751fd0c77c91a3857eb957dbd4e3a0a4bd9c81b653cb5fa8ed16a82110564e5f,raw_calculations/canonical_pqr/af_314159_V2PMHC_368ebdaaab5ce03f_m2.pqr,647780d60a888c977de23fb6ab0828f7a328d3eac9633e38d935fa3f4e49a47e,raw_calculations/fixed_charge/af_314159_V2PMHC_368ebdaaab5ce03f_m2.pqr,5e64942b92402d8c71342f9ff262b3e2b72a9d951a6de9f53f05f1559c950d8c,af|314159|V2PMHC_32819024c05f813a|m0,af|314159|V2PMHC_368ebdaaab5ce03f|m2,af|314159|V2PMHC_368ebdaaab5ce03f|m0,6463,complete,6464
raw_calculations/canonical_fixed_charge/af_314159_V2PMHC_368ebdaaab5ce03f_m3.pqr,3b2f64456982d330c3af2dd08a15b8a3e348bd8e0e1b5d7a0e0bee536e630ba3,raw_calculations/canonical_pqr/af_314159_V2PMHC_368ebdaaab5ce03f_m3.pqr,0d3b8881ed039915d0df6440847ff6e7e1f82271de113d5c3ec90a84d11e1aeb,raw_calculations/fixed_charge/af_314159_V2PMHC_368ebdaaab5ce03f_m3.pqr,48bdddf76a3de98e79496eb4fa0aef161ebf7f80503db461e0ac1943ae4dacb2,af|314159|V2PMHC_32819024c05f813a|m0,af|314159|V2PMHC_368ebdaaab5ce03f|m3,af|314159|V2PMHC_368ebdaaab5ce03f|m0,6463,complete,6464
raw_calculations/canonical_fixed_charge/af_314159_V2PMHC_368ebdaaab5ce03f_m4.pqr,b39e88fb24c617d123e0ddc9af97469d322db2cb67e55b1e573e9e4ea61fad03,raw_calculations/canonical_pqr/af_314159_V2PMHC_368ebdaaab5ce03f_m4.pqr,cb504b7dcbb2b0d013a435e655a33154192728d6164532682dfd0ec6487b1949,raw_calculations/fixed_charge/af_314159_V2PMHC_368ebdaaab5ce03f_m4.pqr,abceedd7de4b2e90ff28b6929539a8ed09f499badeefaa0ae2ab6dd6aeed538a,af|314159|V2PMHC_32819024c05f813a|m0,af|314159|V2PMHC_368ebdaaab5ce03f|m4,af|314159|V2PMHC_368ebdaaab5ce03f|m0,6461,complete,6464
raw_calculations/canonical_fixed_charge/af_271828_V2PMHC_3f942ba88c8f100c_m0.pqr,13f71f5eadc8ec8ea35530f849a7db9a722bd779f211364031ac6fd4e58ab405,raw_calculations/canonical_pqr/af_271828_V2PMHC_3f942ba88c8f100c_m0.pqr,98a6de90809339883a3979e95017ad63fdf99ce198c09f2c104dd7db91b6200b,raw_calculations/fixed_charge/af_271828_V2PMHC_3f942ba88c8f100c_m0.pqr,681c1926a2fd0e3977cb67a494508785e97e616660a0ca540d31e277e6ea9ccb,af|271828|V2PMHC_32819024c05f813a|m0,af|271828|V2PMHC_3f942ba88c8f100c|m0,af|271828|V2PMHC_3f942ba88c8f100c|m0,6479,complete,6482
raw_calculations/canonical_fixed_charge/af_271828_V2PMHC_3f942ba88c8f100c_m1.pqr,5a2d367d1df4b2d8e9ada18833cfb51f23d276c3ae9a0cf8c6cc11033bbd314c,raw_calculations/canonical_pqr/af_271828_V2PMHC_3f942ba88c8f100c_m1.pqr,b4c1e22ed3839463f18f4f0e75bf2d27e720cf043f2135bd55988343d5ef938c,raw_calculations/fixed_charge/af_271828_V2PMHC_3f942ba88c8f100c_m1.pqr,05c97fe9cb2526fc121f8130167fd981dfc1dc2ffc7f70075e6b873bed70055e,af|271828|V2PMHC_32819024c05f813a|m0,af|271828|V2PMHC_3f942ba88c8f100c|m1,af|271828|V2PMHC_3f942ba88c8f100c|m0,6481,complete,6482
raw_calculations/canonical_fixed_charge/af_271828_V2PMHC_3f942ba88c8f100c_m2.pqr,f47c087fd98ca3579288eed87f4e6ead780c5af41100132d5d4bc7f2de6f1f00,raw_calculations/canonical_pqr/af_271828_V2PMHC_3f942ba88c8f100c_m2.pqr,1b73412fca599822c6aa69b090424ee4c83c32745c95ff1b2ea760f4a64978c8,raw_calculations/fixed_charge/af_271828_V2PMHC_3f942ba88c8f100c_m2.pqr,ec59816b27bf0287d21e9b2120b490d4440acd136d07ae30853485be347e2c9b,af|271828|V2PMHC_32819024c05f813a|m0,af|271828|V2PMHC_3f942ba88c8f100c|m2,af|271828|V2PMHC_3f942ba88c8f100c|m0,6479,complete,6482
raw_calculations/canonical_fixed_charge/af_271828_V2PMHC_3f942ba88c8f100c_m3.pqr,7c4f1d37bec7ab1ba645be5b3dc45a28baa676d35238a1a55936f6ffa33505fc,raw_calculations/canonical_pqr/af_271828_V2PMHC_3f942ba88c8f100c_m3.pqr,587b971fe42359cac50873df132f4f2d315330f740ef742a557cf8066902686e,raw_calculations/fixed_charge/af_271828_V2PMHC_3f942ba88c8f100c_m3.pqr,f8d7512ba05f1ceb38dccc9eea11973ad5baf13c47ad849cb933f758e8dd6a9a,af|271828|V2PMHC_32819024c05f813a|m0,af|271828|V2PMHC_3f942ba88c8f100c|m3,af|271828|V2PMHC_3f942ba88c8f100c|m0,6479,complete,6482
raw_calculations/canonical_fixed_charge/af_271828_V2PMHC_3f942ba88c8f100c_m4.pqr,d0521036f8183705c8a8282281ffd8ee35e9f14a7c003de4ad1316df98d6811f,raw_calculations/canonical_pqr/af_271828_V2PMHC_3f942ba88c8f100c_m4.pqr,4e92c0d1c86767dd5b5f04a378a815c893174fb63f357b5d6a516252377120b0,raw_calculations/fixed_charge/af_271828_V2PMHC_3f942ba88c8f100c_m4.pqr,ce7e1a83058290c945f019e52ebb785435acc8a5fecc3218c73467ce15ad4013,af|271828|V2PMHC_32819024c05f813a|m0,af|271828|V2PMHC_3f942ba88c8f100c|m4,af|271828|V2PMHC_3f942ba88c8f100c|m0,6479,complete,6482
raw_calculations/canonical_fixed_charge/af_314159_V2PMHC_3f942ba88c8f100c_m0.pqr,381e9f4458b4d35fb5ffdf9ed16939d6b803cdb11fc08aebd23d1a7122bcee4e,raw_calculations/canonical_pqr/af_314159_V2PMHC_3f942ba88c8f100c_m0.pqr,167438630692bef6265a1a78a2a63e4e72740fe745e774b4421685600d66d035,raw_calculations/fixed_charge/af_314159_V2PMHC_3f942ba88c8f100c_m0.pqr,8e5e437712204148e0e9644bb15a6b6aebfcc6a2defa00906521129bfc85dff5,af|314159|V2PMHC_32819024c05f813a|m0,af|314159|V2PMHC_3f942ba88c8f100c|m0,af|314159|V2PMHC_3f942ba88c8f100c|m0,6480,complete,6482
raw_calculations/canonical_fixed_charge/af_314159_V2PMHC_3f942ba88c8f100c_m1.pqr,3789a8c373b6ae1962fb15a5952621effa146559f01eaf56d0f09fdd275eedc2,raw_calculations/canonical_pqr/af_314159_V2PMHC_3f942ba88c8f100c_m1.pqr,0170f77b14298179f456dc500d228d2c86b6c873a0080d4a1b8acfc873d51080,raw_calculations/fixed_charge/af_314159_V2PMHC_3f942ba88c8f100c_m1.pqr,96ae7933ab559960cbc2cf9e1d8cb25a4dd3eac03800521eb5f8e92388d15dc1,af|314159|V2PMHC_32819024c05f813a|m0,af|314159|V2PMHC_3f942ba88c8f100c|m1,af|314159|V2PMHC_3f942ba88c8f100c|m0,6481,complete,6482
raw_calculations/canonical_fixed_charge/af_314159_V2PMHC_3f942ba88c8f100c_m2.pqr,3f616acc49186ce7b4a86f260b7c80c6d0ce08b53487b11f949544f038526179,raw_calculations/canonical_pqr/af_314159_V2PMHC_3f942ba88c8f100c_m2.pqr,6e465bc57c615d93711aa6b8f7c83b5ddb818bb97b69cc1df10fac088d1e9654,raw_calculations/fixed_charge/af_314159_V2PMHC_3f942ba88c8f100c_m2.pqr,5f5243bbe2748a2cb0dea57768fc65b44d82ecda8741686fb1485de3c1c1602d,af|314159|V2PMHC_32819024c05f813a|m0,af|314159|V2PMHC_3f942ba88c8f100c|m2,af|314159|V2PMHC_3f942ba88c8f100c|m0,6480,complete,6482
raw_calculations/canonical_fixed_charge/af_314159_V2PMHC_3f942ba88c8f100c_m3.pqr,d629af5d8804d017304b2c7fe1b8b197a14eb4ab7d91d58b2919c5bf3ffa9672,raw_calculations/canonical_pqr/af_314159_V2PMHC_3f942ba88c8f100c_m3.pqr,6898b09e8c1f6dfc466846413e8dadda70e561c69dbf344818a6cb1c8be716bf,raw_calculations/fixed_charge/af_314159_V2PMHC_3f942ba88c8f100c_m3.pqr,5a37966c9d2f775ca8908564f123e1fbd0a8d2921dd4e88a23ca1003f107fb0a,af|314159|V2PMHC_32819024c05f813a|m0,af|314159|V2PMHC_3f942ba88c8f100c|m3,af|314159|V2PMHC_3f942ba88c8f100c|m0,6479,complete,6482
raw_calculations/canonical_fixed_charge/af_314159_V2PMHC_3f942ba88c8f100c_m4.pqr,6ee5af41bfa615badcd36c511f686f25458a9d39700948ee9f579da37cc75fd3,raw_calculations/canonical_pqr/af_314159_V2PMHC_3f942ba88c8f100c_m4.pqr,f8317c3f28b1903cacf9e4185ab0d328853be1f809f6a8df79eb6a0d3e846e88,raw_calculations/fixed_charge/af_314159_V2PMHC_3f942ba88c8f100c_m4.pqr,0b0b34d971f08685446b6bca9f2f987181030ef24f59ccbdcceb66192d8c4057,af|314159|V2PMHC_32819024c05f813a|m0,af|314159|V2PMHC_3f942ba88c8f100c|m4,af|314159|V2PMHC_3f942ba88c8f100c|m0,6479,complete,6483
raw_calculations/canonical_fixed_charge/af_271828_V2PMHC_4ac3a4f6915c6008_m0.pqr,fa5a97559778cc89693751a88eecb84bf7268524510becb39601600d755df9b3,raw_calculations/canonical_pqr/af_271828_V2PMHC_4ac3a4f6915c6008_m0.pqr,8fc34c7e87cbb149d96eedfc7a11f941437eb5bbe5ca8beb9d25246d6cb570ca,raw_calculations/fixed_charge/af_271828_V2PMHC_4ac3a4f6915c6008_m0.pqr,b1b64995aa1805e250a2294dd668127ad4a8e8e462d476017c517f099886d6c7,af|271828|V2PMHC_32819024c05f813a|m0,af|271828|V2PMHC_4ac3a4f6915c6008|m0,af|271828|V2PMHC_4ac3a4f6915c6008|m0,6502,complete,6504
raw_calculations/canonical_fixed_charge/af_271828_V2PMHC_4ac3a4f6915c6008_m1.pqr,a379b9dd5b4b0d4937561886643572909f545b40743b4235b2e7f6bcffe3111f,raw_calculations/canonical_pqr/af_271828_V2PMHC_4ac3a4f6915c6008_m1.pqr,8ab647badc01064b955794a38282b211debaef2e6134fa4c48248acafb52c94c,raw_calculations/fixed_charge/af_271828_V2PMHC_4ac3a4f6915c6008_m1.pqr,6d0525c9a1005468c2ad05cbdb9e2918139d88e34b23cc43be5f0dabf4a64385,af|271828|V2PMHC_32819024c05f813a|m0,af|271828|V2PMHC_4ac3a4f6915c6008|m1,af|271828|V2PMHC_4ac3a4f6915c6008|m0,6502,complete,6504
raw_calculations/canonical_fixed_charge/af_271828_V2PMHC_4ac3a4f6915c6008_m2.pqr,5cbbcb80ad387e3e9c380a52642e3a4113081a393965919f27894cc2e5095a1c,raw_calculations/canonical_pqr/af_271828_V2PMHC_4ac3a4f6915c6008_m2.pqr,828f067967b2fdfab94194be2ebc22d1f49cd695d1a7ae0fc24d41010ad280d4,raw_calculations/fixed_charge/af_271828_V2PMHC_4ac3a4f6915c6008_m2.pqr,497a4f33192d896fb86bb5636d919f889f37815f5168c4933761876ae9049c03,af|271828|V2PMHC_32819024c05f813a|m0,af|271828|V2PMHC_4ac3a4f6915c6008|m2,af|271828|V2PMHC_4ac3a4f6915c6008|m0,6502,complete,6504
raw_calculations/canonical_fixed_charge/af_271828_V2PMHC_4ac3a4f6915c6008_m3.pqr,ef63207ec9f9a99c15ac9f694edd6e16be740433b60bdb4cd3c4e53d6c44d630,raw_calculations/canonical_pqr/af_271828_V2PMHC_4ac3a4f6915c6008_m3.pqr,697538a9ea7d78e66f43e79a6144b4629b1f6baad3169a0d7c2127795c76ad5f,raw_calculations/fixed_charge/af_271828_V2PMHC_4ac3a4f6915c6008_m3.pqr,02a8f665c86f0d0d68c78b3a0bc203320e33b999c96d98e59d64666e7800988e,af|271828|V2PMHC_32819024c05f813a|m0,af|271828|V2PMHC_4ac3a4f6915c6008|m3,af|271828|V2PMHC_4ac3a4f6915c6008|m0,6502,complete,6504
raw_calculations/canonical_fixed_charge/af_271828_V2PMHC_4ac3a4f6915c6008_m4.pqr,49b88cba29e7333de35894565d642685f2cd06239368751f2f10a8119351eac9,raw_calculations/canonical_pqr/af_271828_V2PMHC_4ac3a4f6915c6008_m4.pqr,34641d6d054e8b2bac090d661794651ea5d8e01cf13fbb2ee697ddf10972e60e,raw_calculations/fixed_charge/af_271828_V2PMHC_4ac3a4f6915c6008_m4.pqr,16ff24a50ca757388dc41fce8d8e6cbb973848e7a1daf2f27e6cbc0229747501,af|271828|V2PMHC_32819024c05f813a|m0,af|271828|V2PMHC_4ac3a4f6915c6008|m4,af|271828|V2PMHC_4ac3a4f6915c6008|m0,6501,complete,6504
raw_calculations/canonical_fixed_charge/af_314159_V2PMHC_4ac3a4f6915c6008_m0.pqr,a44d8a35ee02f9ed7250e86cd4ac442893e26d95524fc469f1fe2dc94774e4be,raw_calculations/canonical_pqr/af_314159_V2PMHC_4ac3a4f6915c6008_m0.pqr,5afe048216e1b708dc0f6eac149872c584dac52ad34536c1d1e1dedf1be3d48e,raw_calculations/fixed_charge/af_314159_V2PMHC_4ac3a4f6915c6008_m0.pqr,3aa7ec93ad94772e35a3e64b2bd6f99fdac5b30b62a8e29a3cba32471cbea188,af|314159|V2PMHC_32819024c05f813a|m0,af|314159|V2PMHC_4ac3a4f6915c6008|m0,af|314159|V2PMHC_4ac3a4f6915c6008|m0,6502,complete,6504
raw_calculations/canonical_fixed_charge/af_314159_V2PMHC_4ac3a4f6915c6008_m1.pqr,9c56764408e6294ebc453e7147d6129c63176b05ef52dc33466fb081f620e93c,raw_calculations/canonical_pqr/af_314159_V2PMHC_4ac3a4f6915c6008_m1.pqr,825bc292f00ab05a3cc0c6fd28ccf5a0fdb15d1aa318281b435aca3b3c618eb0,raw_calculations/fixed_charge/af_314159_V2PMHC_4ac3a4f6915c6008_m1.pqr,fd755d7dad5c1ba3632197403dfd6c1a2553ea224eeff3ee82111cfae5728197,af|314159|V2PMHC_32819024c05f813a|m0,af|314159|V2PMHC_4ac3a4f6915c6008|m1,af|314159|V2PMHC_4ac3a4f6915c6008|m0,6502,complete,6504
raw_calculations/canonical_fixed_charge/af_314159_V2PMHC_4ac3a4f6915c6008_m2.pqr,d97fffde0a8d94ab3d37b84237f74987295a4c5afcd248957e3114c19a6cca21,raw_calculations/canonical_pqr/af_314159_V2PMHC_4ac3a4f6915c6008_m2.pqr,8ad117b3f68e472830ab04deac9cccf1bf2ce3f2648d4183f2d2c3984c92cb64,raw_calculations/fixed_charge/af_314159_V2PMHC_4ac3a4f6915c6008_m2.pqr,25095787a1d97746c782c7e092491a1fbc9aadd462e63e0436de39412855fc4a,af|314159|V2PMHC_32819024c05f813a|m0,af|314159|V2PMHC_4ac3a4f6915c6008|m2,af|314159|V2PMHC_4ac3a4f6915c6008|m0,6502,complete,6504
raw_calculations/canonical_fixed_charge/af_314159_V2PMHC_4ac3a4f6915c6008_m3.pqr,dbd139c7eff0b6cc22f90787746215585254b082b010fa260e491ac65216f42c,raw_calculations/canonical_pqr/af_314159_V2PMHC_4ac3a4f6915c6008_m3.pqr,cd2819087a8d1da1f4d507f17f71d70326cfe66d1af156a90e6edf50e1f80d38,raw_calculations/fixed_charge/af_314159_V2PMHC_4ac3a4f6915c6008_m3.pqr,e2c320e850fadb302ab088bccde646518549cbe51c537cd07ea18513b4bcdf6c,af|314159|V2PMHC_32819024c05f813a|m0,af|314159|V2PMHC_4ac3a4f6915c6008|m3,af|314159|V2PMHC_4ac3a4f6915c6008|m0,6502,complete,6504
raw_calculations/canonical_fixed_charge/af_314159_V2PMHC_4ac3a4f6915c6008_m4.pqr,9f75aa4c040cac17b9f853b72abd3f6ce41b1cf36f1d6569cce2f64d0ea6130e,raw_calculations/canonical_pqr/af_314159_V2PMHC_4ac3a4f6915c6008_m4.pqr,da8060132e420d6571880775114167524dc78773cef54cd4be952fbc9761395d,raw_calculations/fixed_charge/af_314159_V2PMHC_4ac3a4f6915c6008_m4.pqr,4ece5627d4e5065017e562901d24ed54e81cadaaba1ab625da08f027a21ceb38,af|314159|V2PMHC_32819024c05f813a|m0,af|314159|V2PMHC_4ac3a4f6915c6008|m4,af|314159|V2PMHC_4ac3a4f6915c6008|m0,6501,complete,6504
raw_calculations/canonical_fixed_charge/af_271828_V2PMHC_51e2e413b5fb64d1_m0.pqr,fc7a080036188ef7f772ad1ac13be7f8bb1dd15155957df6651f0ab81cf06634,raw_calculations/canonical_pqr/af_271828_V2PMHC_51e2e413b5fb64d1_m0.pqr,cdd200dbf8e1c3e921ca631497d945e46edb3957a6eb43cc2ffe6c57dcf901e5,raw_calculations/fixed_charge/af_271828_V2PMHC_51e2e413b5fb64d1_m0.pqr,1cea8726adf43e70d3d2ea6c2cea869a8a3ea6608f467e32f6410b8a1aaa33b8,af|271828|V2PMHC_2a45cfb5882821d2|m0,af|271828|V2PMHC_51e2e413b5fb64d1|m0,af|271828|V2PMHC_51e2e413b5fb64d1|m0,6149,complete,6151
raw_calculations/canonical_fixed_charge/af_271828_V2PMHC_51e2e413b5fb64d1_m1.pqr,ff08e5d3ee07d09c7fce9874ac9888f7c9251ff8afd9e0f0be0a2dd9db8d80f9,raw_calculations/canonical_pqr/af_271828_V2PMHC_51e2e413b5fb64d1_m1.pqr,d88b738f8f0c4d0324358e43bf0b724dc80864666dc1d47ae79d1b2eb334d73d,raw_calculations/fixed_charge/af_271828_V2PMHC_51e2e413b5fb64d1_m1.pqr,b3bf8090a4721980e1195919fb1b872a32bb7691e68a8e59b9a5814a475f881a,af|271828|V2PMHC_2a45cfb5882821d2|m0,af|271828|V2PMHC_51e2e413b5fb64d1|m1,af|271828|V2PMHC_51e2e413b5fb64d1|m0,6149,complete,6153
raw_calculations/canonical_fixed_charge/af_271828_V2PMHC_51e2e413b5fb64d1_m2.pqr,ea111689679cc864c202dc519e90f34059280e5c8eb6bae0db4e1551ddeacd74,raw_calculations/canonical_pqr/af_271828_V2PMHC_51e2e413b5fb64d1_m2.pqr,a9ffef56042d2cdefecc8771b8f34a67abd00b4dacb5b5f654d0ad3a6427a50c,raw_calculations/fixed_charge/af_271828_V2PMHC_51e2e413b5fb64d1_m2.pqr,e785f85ebc21fc59e9aa6fb3fcf6659543c52d3a20a500800b1b63d9c4459373,af|271828|V2PMHC_2a45cfb5882821d2|m0,af|271828|V2PMHC_51e2e413b5fb64d1|m2,af|271828|V2PMHC_51e2e413b5fb64d1|m0,6149,complete,6153
raw_calculations/canonical_fixed_charge/af_271828_V2PMHC_51e2e413b5fb64d1_m3.pqr,040e4f53eca15869210d720e480f16a0be74d2deb4c7bca3a1a45f749223976d,raw_calculations/canonical_pqr/af_271828_V2PMHC_51e2e413b5fb64d1_m3.pqr,0ecd5a383287e762209cc89fb80603cf2de45995e5c046ad6d9dc2a9194a8891,raw_calculations/fixed_charge/af_271828_V2PMHC_51e2e413b5fb64d1_m3.pqr,d70db40abb28183ef1c8094e92fbad12bd2e0e17205240c0ee77d49d68ae7009,af|271828|V2PMHC_2a45cfb5882821d2|m0,af|271828|V2PMHC_51e2e413b5fb64d1|m3,af|271828|V2PMHC_51e2e413b5fb64d1|m0,6149,complete,6152
raw_calculations/canonical_fixed_charge/af_271828_V2PMHC_51e2e413b5fb64d1_m4.pqr,c892ae7cf8efcc73cb37d3758d1d1e3b04f1e6fae437fa21d22e59155fec3ca4,raw_calculations/canonical_pqr/af_271828_V2PMHC_51e2e413b5fb64d1_m4.pqr,d6f95f036020414260b8fb1c748b099521a0d5f7fb01d82cb8586c29251d94c3,raw_calculations/fixed_charge/af_271828_V2PMHC_51e2e413b5fb64d1_m4.pqr,f59a1c3ec671777b7265c2326aedeba9ed864deea359d9b8f34b5966b7a81546,af|271828|V2PMHC_2a45cfb5882821d2|m0,af|271828|V2PMHC_51e2e413b5fb64d1|m4,af|271828|V2PMHC_51e2e413b5fb64d1|m0,6148,complete,6153
raw_calculations/canonical_fixed_charge/af_314159_V2PMHC_51e2e413b5fb64d1_m0.pqr,c3712c24f93c69beeabf04b5d4f57c806c8c2bdb477364583ecf054507e0ccd3,raw_calculations/canonical_pqr/af_314159_V2PMHC_51e2e413b5fb64d1_m0.pqr,e85f62f086fc39bcfaa96fc5cb16172c0fbef6e4ca993f98bb3c96931c63e3dd,raw_calculations/fixed_charge/af_314159_V2PMHC_51e2e413b5fb64d1_m0.pqr,1c687b62edbfde99f97d27a232995e6b34cfd81904d47c3e9d664b7db4106fc7,af|314159|V2PMHC_2a45cfb5882821d2|m0,af|314159|V2PMHC_51e2e413b5fb64d1|m0,af|314159|V2PMHC_51e2e413b5fb64d1|m1,6148,complete,6152
raw_calculations/canonical_fixed_charge/af_314159_V2PMHC_51e2e413b5fb64d1_m1.pqr,fc9ec885d03ed5f1820913501db90c196519f2f6986d6aa47010de97e81cbc28,raw_calculations/canonical_pqr/af_314159_V2PMHC_51e2e413b5fb64d1_m1.pqr,b671caa5ecc8fb4ef7d1aacc7f5549139d7600ed9b20248c317cc0fa28c9dc9b,raw_calculations/fixed_charge/af_314159_V2PMHC_51e2e413b5fb64d1_m1.pqr,ca83a8016f841d17ba8664639a00c1c46ce6ef93dad189ea97a3d606dbd3ba52,af|314159|V2PMHC_2a45cfb5882821d2|m0,af|314159|V2PMHC_51e2e413b5fb64d1|m1,af|314159|V2PMHC_51e2e413b5fb64d1|m1,6150,complete,6151
raw_calculations/canonical_fixed_charge/af_314159_V2PMHC_51e2e413b5fb64d1_m2.pqr,8a8e50d81b2e9ed522df697a45b2662e78b62eefe00924290cf78d1224afc8c8,raw_calculations/canonical_pqr/af_314159_V2PMHC_51e2e413b5fb64d1_m2.pqr,9b93f577ab7a6b797f44e932040db2a29a5e2fd41fa09b627f98896a9e645e3a,raw_calculations/fixed_charge/af_314159_V2PMHC_51e2e413b5fb64d1_m2.pqr,792e9f04dfe45001415e839a21e5ee04c58090a03f1382824db43f9645e257f9,af|314159|V2PMHC_2a45cfb5882821d2|m0,af|314159|V2PMHC_51e2e413b5fb64d1|m2,af|314159|V2PMHC_51e2e413b5fb64d1|m1,6150,complete,6151
raw_calculations/canonical_fixed_charge/af_314159_V2PMHC_51e2e413b5fb64d1_m3.pqr,0c20f6f8a8650720d53f96d614cdb7a7384b3854622f7c55519f709a73416a52,raw_calculations/canonical_pqr/af_314159_V2PMHC_51e2e413b5fb64d1_m3.pqr,04a0218c91be0bc5a1e4dd2831e026365f28183c08a7a3630cadf2d76900e8aa,raw_calculations/fixed_charge/af_314159_V2PMHC_51e2e413b5fb64d1_m3.pqr,55e5ae8dbd3c64de5de0e50f33c8acc455b6547eca1ba8a8517d21310099a7b6,af|314159|V2PMHC_2a45cfb5882821d2|m0,af|314159|V2PMHC_51e2e413b5fb64d1|m3,af|314159|V2PMHC_51e2e413b5fb64d1|m1,6149,complete,6153
raw_calculations/canonical_fixed_charge/af_314159_V2PMHC_51e2e413b5fb64d1_m4.pqr,0ecb4d42d6464b31b2746ec8d1ae9e0c8e2af3da47760c6e26de6ca046490805,raw_calculations/canonical_pqr/af_314159_V2PMHC_51e2e413b5fb64d1_m4.pqr,013debbdd940dfb8ac0938e4b5ed9a0b59fad2b0822b5c87f42ec967c8c9e2e5,raw_calculations/fixed_charge/af_314159_V2PMHC_51e2e413b5fb64d1_m4.pqr,f2db51ea525a5ffc22feafe7542f93d8f66e1129a1135d32fa7b80f4cf7ba6fa,af|314159|V2PMHC_2a45cfb5882821d2|m0,af|314159|V2PMHC_51e2e413b5fb64d1|m4,af|314159|V2PMHC_51e2e413b5fb64d1|m1,6150,complete,6152
raw_calculations/canonical_fixed_charge/af_271828_V2PMHC_645c4f4577622a82_m0.pqr,fb5a4dce776b4e4d11688d9ab1334c54ce7185a2e9499fead598ff048c0c897f,raw_calculations/canonical_pqr/af_271828_V2PMHC_645c4f4577622a82_m0.pqr,fb5a4dce776b4e4d11688d9ab1334c54ce7185a2e9499fead598ff048c0c897f,raw_calculations/fixed_charge/af_271828_V2PMHC_645c4f4577622a82_m0.pqr,d8d83571192f02151d99f4ac94677cad108f55dd0d5baa59e877a2fae7425718,af|271828|V2PMHC_059a1481886fcb83|m0,af|271828|V2PMHC_645c4f4577622a82|m0,af|271828|V2PMHC_645c4f4577622a82|m0,6176,complete,6176
raw_calculations/canonical_fixed_charge/af_271828_V2PMHC_645c4f4577622a82_m1.pqr,ed2e4dd9487dd92dcb7e683101dbbe693a40c9d5ee3b6d5794cd813538bb55a9,raw_calculations/canonical_pqr/af_271828_V2PMHC_645c4f4577622a82_m1.pqr,9770b64f74e78c28a5f2d0dcd0899d2cfd1201b91b4d993c2d12bf0d237b7008,raw_calculations/fixed_charge/af_271828_V2PMHC_645c4f4577622a82_m1.pqr,a838d2be785549dba5a2049d27c3d11bf767809e0879c04128fd6f416243473a,af|271828|V2PMHC_059a1481886fcb83|m0,af|271828|V2PMHC_645c4f4577622a82|m1,af|271828|V2PMHC_645c4f4577622a82|m0,6175,complete,6176
raw_calculations/canonical_fixed_charge/af_271828_V2PMHC_645c4f4577622a82_m2.pqr,ccb871063666f5ce1ad28deeb0970a9e36d4e3e09f98bc1802dbbdba6b70ffaa,raw_calculations/canonical_pqr/af_271828_V2PMHC_645c4f4577622a82_m2.pqr,2a56cc25c098a109e3341eab57d1c63a19a2411c3dc1675e82386d7999f724b2,raw_calculations/fixed_charge/af_271828_V2PMHC_645c4f4577622a82_m2.pqr,4ae895c3a9292cdf1f400a55927b8032c1e8e07a2d0c1b5909797b679dac658b,af|271828|V2PMHC_059a1481886fcb83|m0,af|271828|V2PMHC_645c4f4577622a82|m2,af|271828|V2PMHC_645c4f4577622a82|m0,6173,complete,6174
raw_calculations/canonical_fixed_charge/af_271828_V2PMHC_645c4f4577622a82_m3.pqr,60710c64de94744c1a93158eef5817692592a633b87beea6cbb09b6b0647e75f,raw_calculations/canonical_pqr/af_271828_V2PMHC_645c4f4577622a82_m3.pqr,ef674699f08b4f36d75aaddbf85361eedb6f12bca469439a22f591d645ce9523,raw_calculations/fixed_charge/af_271828_V2PMHC_645c4f4577622a82_m3.pqr,53bbc6209b6737fc8d6983c3f8e53cd57dfcafaf6ef630cdcc92b71b6e70a7fb,af|271828|V2PMHC_059a1481886fcb83|m0,af|271828|V2PMHC_645c4f4577622a82|m3,af|271828|V2PMHC_645c4f4577622a82|m0,6175,complete,6176
raw_calculations/canonical_fixed_charge/af_271828_V2PMHC_645c4f4577622a82_m4.pqr,4fae7742fdab2c2d8a37982b99f778e237c983be22191782c145774b1564148b,raw_calculations/canonical_pqr/af_271828_V2PMHC_645c4f4577622a82_m4.pqr,81e54246f498d17b39b08b14f5fab710ad5eb46333a253171ea6046d12fa8a72,raw_calculations/fixed_charge/af_271828_V2PMHC_645c4f4577622a82_m4.pqr,f817a02afa3c9607628f1c116ae9d162d1d5f207191655aed8776e2feeb1d649,af|271828|V2PMHC_059a1481886fcb83|m0,af|271828|V2PMHC_645c4f4577622a82|m4,af|271828|V2PMHC_645c4f4577622a82|m0,6175,complete,6176
raw_calculations/canonical_fixed_charge/af_314159_V2PMHC_645c4f4577622a82_m0.pqr,878696c2ff60d57e1451499005808ace5e95f70e022972424ffca8da90f4f72c,raw_calculations/canonical_pqr/af_314159_V2PMHC_645c4f4577622a82_m0.pqr,878696c2ff60d57e1451499005808ace5e95f70e022972424ffca8da90f4f72c,raw_calculations/fixed_charge/af_314159_V2PMHC_645c4f4577622a82_m0.pqr,9aa0a8cc5f3f7f0eb5e51ac7677e716623fe0cf0277aa81aea2d0d4cd4150240,af|314159|V2PMHC_059a1481886fcb83|m0,af|314159|V2PMHC_645c4f4577622a82|m0,af|314159|V2PMHC_645c4f4577622a82|m0,6175,complete,6175
raw_calculations/canonical_fixed_charge/af_314159_V2PMHC_645c4f4577622a82_m1.pqr,bf6cf206006cb121062338cceac22c9063d9e8896cb905d2aad728e1d9e6e5d3,raw_calculations/canonical_pqr/af_314159_V2PMHC_645c4f4577622a82_m1.pqr,ceb7241af5bde6a36ff0168cce74c85c59833e61b06617db348edc8a2be99262,raw_calculations/fixed_charge/af_314159_V2PMHC_645c4f4577622a82_m1.pqr,a1560611b3e8a2ae9194ef4bdc0e1ce2183483fc2d62a712acf02c7a0b08bb23,af|314159|V2PMHC_059a1481886fcb83|m0,af|314159|V2PMHC_645c4f4577622a82|m1,af|314159|V2PMHC_645c4f4577622a82|m0,6174,complete,6175
raw_calculations/canonical_fixed_charge/af_314159_V2PMHC_645c4f4577622a82_m2.pqr,35d978b6ee42c9163ae5dfa1b3a30cfa8a37af21c8afc2bf81eb7060c0df6a78,raw_calculations/canonical_pqr/af_314159_V2PMHC_645c4f4577622a82_m2.pqr,4bbc162329b44f6b4362ee0f360b0620e9eee173d01ca44bcc46db6abd2201ff,raw_calculations/fixed_charge/af_314159_V2PMHC_645c4f4577622a82_m2.pqr,ffe36482e7c95381369bf7b9f6ac1f966e4bf816ea8b8c21f8ab2d6884c718c0,af|314159|V2PMHC_059a1481886fcb83|m0,af|314159|V2PMHC_645c4f4577622a82|m2,af|314159|V2PMHC_645c4f4577622a82|m0,6174,complete,6176
raw_calculations/canonical_fixed_charge/af_314159_V2PMHC_645c4f4577622a82_m3.pqr,ec960113794d154eae4bcd07490c606a9792ea6e2538c0abcfd669d83f1f5d6c,raw_calculations/canonical_pqr/af_314159_V2PMHC_645c4f4577622a82_m3.pqr,332a56f495376c5a84837bb550cbc9c5fd49d09a9f84cb207e470ba83a964cee,raw_calculations/fixed_charge/af_314159_V2PMHC_645c4f4577622a82_m3.pqr,a957dc56a6002b3e2eed0756603da5741a07c5eb4b2b7cabb2f1670e492f5fc3,af|314159|V2PMHC_059a1481886fcb83|m0,af|314159|V2PMHC_645c4f4577622a82|m3,af|314159|V2PMHC_645c4f4577622a82|m0,6175,complete,6176
raw_calculations/canonical_fixed_charge/af_314159_V2PMHC_645c4f4577622a82_m4.pqr,2e1fd44d9cf97b7f234e2cd024bfaad9cccc2b0e97145d6aa00488d5f219553b,raw_calculations/canonical_pqr/af_314159_V2PMHC_645c4f4577622a82_m4.pqr,29e9fa49c88276187fff46b832d6244c1da4b6078efe5db64cff5cd56c886336,raw_calculations/fixed_charge/af_314159_V2PMHC_645c4f4577622a82_m4.pqr,63b4e516cdb8e7cda88d01162758d4ce1a3d46deec9ed8292831ec28fce556f3,af|314159|V2PMHC_059a1481886fcb83|m0,af|314159|V2PMHC_645c4f4577622a82|m4,af|314159|V2PMHC_645c4f4577622a82|m0,6173,complete,6175
raw_calculations/canonical_fixed_charge/af_271828_V2PMHC_676127377944674e_m0.pqr,ced7d0f87c347cccd81355034bf3bf114a0aae7bcff2a7f1e779fa1bb56ccdab,raw_calculations/canonical_pqr/af_271828_V2PMHC_676127377944674e_m0.pqr,406adeff2dbced863a948dbd0d0a5f5ddcb541e25c59a3dee1a6a023ca657ad5,raw_calculations/fixed_charge/af_271828_V2PMHC_676127377944674e_m0.pqr,99827f414976bb76ad654f0b2f675cc51de78c74e7b4557e4000d9e197bc6256,af|271828|V2PMHC_32819024c05f813a|m0,af|271828|V2PMHC_676127377944674e|m0,af|271828|V2PMHC_676127377944674e|m1,6507,complete,6509
raw_calculations/canonical_fixed_charge/af_271828_V2PMHC_676127377944674e_m1.pqr,85a810e6d7d8109656d09aa4f0e168983a1ab4b863ca41d617dd88d01d0a078f,raw_calculations/canonical_pqr/af_271828_V2PMHC_676127377944674e_m1.pqr,bae81402619f893d541e5bc47ee74498f7071b039f9555825e179ab38bf32283,raw_calculations/fixed_charge/af_271828_V2PMHC_676127377944674e_m1.pqr,77825f23fe47ba874c6532235f02a23254bf2c100b84cfbaf34ea49ee5eaada5,af|271828|V2PMHC_32819024c05f813a|m0,af|271828|V2PMHC_676127377944674e|m1,af|271828|V2PMHC_676127377944674e|m1,6507,complete,6509
raw_calculations/canonical_fixed_charge/af_271828_V2PMHC_676127377944674e_m2.pqr,afe4be01ddee973455dbf1ea86084a9413fa14f8748cb0430b04af54a3af150d,raw_calculations/canonical_pqr/af_271828_V2PMHC_676127377944674e_m2.pqr,d8ed8275dd106f8e904ae7d2f842aa9ebdf6159c50954da9b1e38f458f482d32,raw_calculations/fixed_charge/af_271828_V2PMHC_676127377944674e_m2.pqr,ccb87e878c9a1e4fd614bc335c5d6ce34bc1b2e3aab732f9c2f59a4ba6461462,af|271828|V2PMHC_32819024c05f813a|m0,af|271828|V2PMHC_676127377944674e|m2,af|271828|V2PMHC_676127377944674e|m1,6507,complete,6509
raw_calculations/canonical_fixed_charge/af_271828_V2PMHC_676127377944674e_m3.pqr,d2dc11611ee985e8b86fc479757f944ba1384e904fd90de36a6e8a8fd0f1b281,raw_calculations/canonical_pqr/af_271828_V2PMHC_676127377944674e_m3.pqr,e2836872d4ddb37b5aedf33179cd10007708af0f5dfea05a531582c0f40a1f2e,raw_calculations/fixed_charge/af_271828_V2PMHC_676127377944674e_m3.pqr,913d2ba5846792b144e524dfde3a298ef4668231d591293f29b24aa48016b839,af|271828|V2PMHC_32819024c05f813a|m0,af|271828|V2PMHC_676127377944674e|m3,af|271828|V2PMHC_676127377944674e|m1,6507,complete,6509
raw_calculations/canonical_fixed_charge/af_271828_V2PMHC_676127377944674e_m4.pqr,a5ad5d3c381133c9bb02dafad2d62c7bb552b5bc4d4fdd4cc1d4781fa88fb58e,raw_calculations/canonical_pqr/af_271828_V2PMHC_676127377944674e_m4.pqr,9117b2ac58f636afe4255ed829f801221cb35eb6e4470d776e554bdfb99e4ac1,raw_calculations/fixed_charge/af_271828_V2PMHC_676127377944674e_m4.pqr,affb8a339b941457b938ca857b60a4de0c9bcaf602d066b9241e17bf41711671,af|271828|V2PMHC_32819024c05f813a|m0,af|271828|V2PMHC_676127377944674e|m4,af|271828|V2PMHC_676127377944674e|m1,6505,complete,6508
raw_calculations/canonical_fixed_charge/af_314159_V2PMHC_676127377944674e_m0.pqr,d72218ec080c1dbbb4c1c7cfb627a55e7a79f4ed5a6f4558293e75746c045b5e,raw_calculations/canonical_pqr/af_314159_V2PMHC_676127377944674e_m0.pqr,69a1bde246ee31d7a277d47a7c66c63ac69082ac960ca1bef58397ce1fcd553e,raw_calculations/fixed_charge/af_314159_V2PMHC_676127377944674e_m0.pqr,d1596eb816b027628ce787d3c2185d779a0782b920d3010f5cef437b58bc91c2,af|314159|V2PMHC_32819024c05f813a|m0,af|314159|V2PMHC_676127377944674e|m0,af|314159|V2PMHC_676127377944674e|m0,6507,complete,6509
raw_calculations/canonical_fixed_charge/af_314159_V2PMHC_676127377944674e_m1.pqr,9bfa3e11620362fd0a3a4fd580eef38a5e1a02b09b1d9aea42ca981a941edb7c,raw_calculations/canonical_pqr/af_314159_V2PMHC_676127377944674e_m1.pqr,5267e5c4f4c783838273376ee6a9b5005dd4d3de15a4d6f62f14d40d3ecd1496,raw_calculations/fixed_charge/af_314159_V2PMHC_676127377944674e_m1.pqr,118754ad815817124ec7ffddeec2d0187048c8ff690e73c38b1f702c6cc2be28,af|314159|V2PMHC_32819024c05f813a|m0,af|314159|V2PMHC_676127377944674e|m1,af|314159|V2PMHC_676127377944674e|m0,6507,complete,6509
raw_calculations/canonical_fixed_charge/af_314159_V2PMHC_676127377944674e_m2.pqr,770795053f65268d420ec9e8463920720d2d1c11adcf6a495b554b82bca905d5,raw_calculations/canonical_pqr/af_314159_V2PMHC_676127377944674e_m2.pqr,ecd234a0d2326adf41ba90ea12e40bddaffc0e7b0f8147ffc305b8b40c12ab40,raw_calculations/fixed_charge/af_314159_V2PMHC_676127377944674e_m2.pqr,6f5b098d6a3ba0e6ac080c541e13e1a66f386113490c8afd352b55d92a5cffd0,af|314159|V2PMHC_32819024c05f813a|m0,af|314159|V2PMHC_676127377944674e|m2,af|314159|V2PMHC_676127377944674e|m0,6507,complete,6509
raw_calculations/canonical_fixed_charge/af_314159_V2PMHC_676127377944674e_m3.pqr,1dc0c2318dd5d807489206a36f671d1d66e7152356785acaa0d64b330cfddd88,raw_calculations/canonical_pqr/af_314159_V2PMHC_676127377944674e_m3.pqr,305f961781b1a47ac7d35062b2c94e70894ba8fefac226dc20e4888dedc5a25b,raw_calculations/fixed_charge/af_314159_V2PMHC_676127377944674e_m3.pqr,4b8511f717fc685dd99bab3fe5ab8aea5f8d656cebc8640697d7bb9b788afac3,af|314159|V2PMHC_32819024c05f813a|m0,af|314159|V2PMHC_676127377944674e|m3,af|314159|V2PMHC_676127377944674e|m0,6507,complete,6509
raw_calculations/canonical_fixed_charge/af_314159_V2PMHC_676127377944674e_m4.pqr,305184be79c1d678b1518a00e734f1ebf50136feb17f5a8c166b47ca318f2b65,raw_calculations/canonical_pqr/af_314159_V2PMHC_676127377944674e_m4.pqr,41cc37b7cd2fb06218b25804dcce8463492ae8c23f1e82d12d5122137cfe3e5b,raw_calculations/fixed_charge/af_314159_V2PMHC_676127377944674e_m4.pqr,bc417d0cb0f0b9682515661cac38fe6e30eb6efb928ca82f307e0ca22aad9ff6,af|314159|V2PMHC_32819024c05f813a|m0,af|314159|V2PMHC_676127377944674e|m4,af|314159|V2PMHC_676127377944674e|m0,6507,complete,6509
raw_calculations/canonical_fixed_charge/af_271828_V2PMHC_6994aa7cfa54a87a_m0.pqr,68ad602b8bf80b9e40eecc62b8c069d6f7eaac7f96d46b00b9860c87ca550a0d,raw_calculations/canonical_pqr/af_271828_V2PMHC_6994aa7cfa54a87a_m0.pqr,b6ae23ea499a97ded0479f77ec590b119fc44e62aaa44ef10647386025c78459,raw_calculations/fixed_charge/af_271828_V2PMHC_6994aa7cfa54a87a_m0.pqr,2cd0575d28e1b49daa5e0c16d27eb04b327457e299edb7168c921fa178e79935,af|271828|V2PMHC_2a45cfb5882821d2|m0,af|271828|V2PMHC_6994aa7cfa54a87a|m0,af|271828|V2PMHC_6994aa7cfa54a87a|m2,6157,complete,6160
raw_calculations/canonical_fixed_charge/af_271828_V2PMHC_6994aa7cfa54a87a_m1.pqr,b9a0fcf0bb4f1b7c295cf533bb0aa83b8350fe38f9489eec4dbe4fb1af1b4425,raw_calculations/canonical_pqr/af_271828_V2PMHC_6994aa7cfa54a87a_m1.pqr,29ca3c2df0ada2056bf9d33de0a6158cc19a441c4bacfd6d264adf670839738f,raw_calculations/fixed_charge/af_271828_V2PMHC_6994aa7cfa54a87a_m1.pqr,3199fbcae17bb8ed2eeb4cec66ce039efc2c2a78921ed718c23231efd286e2a9,af|271828|V2PMHC_2a45cfb5882821d2|m0,af|271828|V2PMHC_6994aa7cfa54a87a|m1,af|271828|V2PMHC_6994aa7cfa54a87a|m2,6159,complete,6161
raw_calculations/canonical_fixed_charge/af_271828_V2PMHC_6994aa7cfa54a87a_m2.pqr,47a3fb3052ff0a40d1527715c8dde585622d7e959648bdfff05c897b2ada29be,raw_calculations/canonical_pqr/af_271828_V2PMHC_6994aa7cfa54a87a_m2.pqr,3ab3a50b43d5e0e0d4a26b1015478635f4f718856c0f93e864e9d1463b989f97,raw_calculations/fixed_charge/af_271828_V2PMHC_6994aa7cfa54a87a_m2.pqr,e7e671356f20cd8601839ffc47b2ee74079332d2537188d546928abe7c32abf0,af|271828|V2PMHC_2a45cfb5882821d2|m0,af|271828|V2PMHC_6994aa7cfa54a87a|m2,af|271828|V2PMHC_6994aa7cfa54a87a|m2,6158,complete,6162
raw_calculations/canonical_fixed_charge/af_271828_V2PMHC_6994aa7cfa54a87a_m3.pqr,9475d7ca0e09827da583d20025e224960ab9ab6edfd8d18b5125a010471280f7,raw_calculations/canonical_pqr/af_271828_V2PMHC_6994aa7cfa54a87a_m3.pqr,f22a9e110b8db63e789f3269eb38fdbaceaf44f133d58343a12700dde2698643,raw_calculations/fixed_charge/af_271828_V2PMHC_6994aa7cfa54a87a_m3.pqr,c3bb1bb9a13218494d419d7870920867e7cd75dfec0bd3d71ee86a61e17fe928,af|271828|V2PMHC_2a45cfb5882821d2|m0,af|271828|V2PMHC_6994aa7cfa54a87a|m3,af|271828|V2PMHC_6994aa7cfa54a87a|m2,6160,complete,6162
raw_calculations/canonical_fixed_charge/af_271828_V2PMHC_6994aa7cfa54a87a_m4.pqr,7240aa1f454cd171a988df5cef2f75749d5e28ce4484e83922909cb856d84ddf,raw_calculations/canonical_pqr/af_271828_V2PMHC_6994aa7cfa54a87a_m4.pqr,65863b3514ab06224ed8c7b79c5760a1234171e718484bb7a7454ca4f21a7f73,raw_calculations/fixed_charge/af_271828_V2PMHC_6994aa7cfa54a87a_m4.pqr,44cfc0f925726bd96c462c8230876fdf29409241077b57dd3470c93fee7efffe,af|271828|V2PMHC_2a45cfb5882821d2|m0,af|271828|V2PMHC_6994aa7cfa54a87a|m4,af|271828|V2PMHC_6994aa7cfa54a87a|m2,6157,complete,6162
raw_calculations/canonical_fixed_charge/af_314159_V2PMHC_6994aa7cfa54a87a_m0.pqr,10fbe8c905ab814ded8f0b690306a2aa8200c823250ccfd412bc01b50d424754,raw_calculations/canonical_pqr/af_314159_V2PMHC_6994aa7cfa54a87a_m0.pqr,05cbc948fe4b63a4fdb23b495f7eeb56e28ba08ca918568f572da2bc633b9675,raw_calculations/fixed_charge/af_314159_V2PMHC_6994aa7cfa54a87a_m0.pqr,e31468b003440e6688764c998d1d1ee1ca497375a2c6b971ba9defa1494c129c,af|314159|V2PMHC_2a45cfb5882821d2|m0,af|314159|V2PMHC_6994aa7cfa54a87a|m0,af|314159|V2PMHC_6994aa7cfa54a87a|m4,6156,complete,6162
raw_calculations/canonical_fixed_charge/af_314159_V2PMHC_6994aa7cfa54a87a_m1.pqr,46d3a45ddb99c31ff3fa514df29e9830b076909b064345cf748e4d7cf4241cc2,raw_calculations/canonical_pqr/af_314159_V2PMHC_6994aa7cfa54a87a_m1.pqr,09eda6ae309cc256c4136ea0e5ff87cd73c76a046996c1208fba0dd63cdba3b9,raw_calculations/fixed_charge/af_314159_V2PMHC_6994aa7cfa54a87a_m1.pqr,4f12c6ba44567d370e0ec17fdb685f4705952a83e2243d80ff3fe87e56361f09,af|314159|V2PMHC_2a45cfb5882821d2|m0,af|314159|V2PMHC_6994aa7cfa54a87a|m1,af|314159|V2PMHC_6994aa7cfa54a87a|m4,6157,complete,6160
raw_calculations/canonical_fixed_charge/af_314159_V2PMHC_6994aa7cfa54a87a_m2.pqr,b9c450b75ef6e6646bdf0713981a16b7faf94b93d6577a3be5539d4bf4736ba9,raw_calculations/canonical_pqr/af_314159_V2PMHC_6994aa7cfa54a87a_m2.pqr,3252b54b5b8cb0e4a7425d3c8bf6f3d5bfaf4ca0ab8d192f078b48efb7279946,raw_calculations/fixed_charge/af_314159_V2PMHC_6994aa7cfa54a87a_m2.pqr,0e6b81baa8b3e5135c657c96dfa7b6ef3c2b55c45503000e3ff62f73b74f4b20,af|314159|V2PMHC_2a45cfb5882821d2|m0,af|314159|V2PMHC_6994aa7cfa54a87a|m2,af|314159|V2PMHC_6994aa7cfa54a87a|m4,6159,complete,6161
raw_calculations/canonical_fixed_charge/af_314159_V2PMHC_6994aa7cfa54a87a_m3.pqr,2fae7f3c1ef40f066df969a09f2b520f24a8415d8b1c8139a00e384ff48952f9,raw_calculations/canonical_pqr/af_314159_V2PMHC_6994aa7cfa54a87a_m3.pqr,b514fd9f0f5a5fbcea80d3cb598f3c5f390b794193b99b66a515dd0ea727574a,raw_calculations/fixed_charge/af_314159_V2PMHC_6994aa7cfa54a87a_m3.pqr,0ac3501d92d0b3f79790185654314588c29468624cd9c838d8b837ff3e453a42,af|314159|V2PMHC_2a45cfb5882821d2|m0,af|314159|V2PMHC_6994aa7cfa54a87a|m3,af|314159|V2PMHC_6994aa7cfa54a87a|m4,6156,complete,6159
raw_calculations/canonical_fixed_charge/af_314159_V2PMHC_6994aa7cfa54a87a_m4.pqr,784c8351ad9d3a1edbaf776ec91091f90297e0b5c68b23ebe4ba4db66ad94e3b,raw_calculations/canonical_pqr/af_314159_V2PMHC_6994aa7cfa54a87a_m4.pqr,27e540aa5f3b585cf17b32a9754eb91387f79dd14fd5439842a3d8dffd639d60,raw_calculations/fixed_charge/af_314159_V2PMHC_6994aa7cfa54a87a_m4.pqr,1c775e23def91d6418772a786eb1c3a54eed3c85a6208ff3def056cc1a7a10fe,af|314159|V2PMHC_2a45cfb5882821d2|m0,af|314159|V2PMHC_6994aa7cfa54a87a|m4,af|314159|V2PMHC_6994aa7cfa54a87a|m4,6158,complete,6159
raw_calculations/canonical_fixed_charge/af_271828_V2PMHC_72450eddcda12fef_m0.pqr,21c3edc1dff3c42c67395fdd532122c99c5b64535d3ffb33d746028eab9a210e,raw_calculations/canonical_pqr/af_271828_V2PMHC_72450eddcda12fef_m0.pqr,84b8ebc3da33718acd74e0e0507ec65051292e0b99db189e9cd3cdfe2678fcbc,raw_calculations/fixed_charge/af_271828_V2PMHC_72450eddcda12fef_m0.pqr,80caeb3ff5bc31702e77e1366e4b649676c1be866ba63d091db30d2dc9de25d6,af|271828|V2PMHC_32819024c05f813a|m0,af|271828|V2PMHC_72450eddcda12fef|m0,af|271828|V2PMHC_72450eddcda12fef|m0,6450,complete,6451
raw_calculations/canonical_fixed_charge/af_271828_V2PMHC_72450eddcda12fef_m1.pqr,ab5ff9b7cc85f228d8b7c4c83edb37e0e283f7d1986181982cd6fe776837afab,raw_calculations/canonical_pqr/af_271828_V2PMHC_72450eddcda12fef_m1.pqr,a7e0e0fc9517256846f1e4ac5870bf1179e77d603e3e1f72aff89dd9424e2f20,raw_calculations/fixed_charge/af_271828_V2PMHC_72450eddcda12fef_m1.pqr,582c8cbbfb011f799b083eab9dfc1052c32e6bff8840d43d06a0dd6750c6840e,af|271828|V2PMHC_32819024c05f813a|m0,af|271828|V2PMHC_72450eddcda12fef|m1,af|271828|V2PMHC_72450eddcda12fef|m0,6450,complete,6451
raw_calculations/canonical_fixed_charge/af_271828_V2PMHC_72450eddcda12fef_m2.pqr,95264944563f60fa98a0a0352cbb9f802f056e5fe1d37f65298aa4fa999c07d9,raw_calculations/canonical_pqr/af_271828_V2PMHC_72450eddcda12fef_m2.pqr,95264944563f60fa98a0a0352cbb9f802f056e5fe1d37f65298aa4fa999c07d9,raw_calculations/fixed_charge/af_271828_V2PMHC_72450eddcda12fef_m2.pqr,82ad25146c31a5b0ed6e1e3d915627d6f4a2200ecab8e3eec1e153d9802edd6d,af|271828|V2PMHC_32819024c05f813a|m0,af|271828|V2PMHC_72450eddcda12fef|m2,af|271828|V2PMHC_72450eddcda12fef|m0,6451,complete,6451
raw_calculations/canonical_fixed_charge/af_271828_V2PMHC_72450eddcda12fef_m3.pqr,25979b6550e42324d0f6fe88fbfc2f0608fe454841a005ac6de940e797e939ae,raw_calculations/canonical_pqr/af_271828_V2PMHC_72450eddcda12fef_m3.pqr,3a95d68f4fefacad176bcda8593d04de2c2ca3c1d1e7351cdf7f4c6f26930296,raw_calculations/fixed_charge/af_271828_V2PMHC_72450eddcda12fef_m3.pqr,ea6d6eadfc080ab84e7be77e80d90cd872c5cb5c18d636f5c1684ad4bbc17aa4,af|271828|V2PMHC_32819024c05f813a|m0,af|271828|V2PMHC_72450eddcda12fef|m3,af|271828|V2PMHC_72450eddcda12fef|m0,6450,complete,6451
raw_calculations/canonical_fixed_charge/af_271828_V2PMHC_72450eddcda12fef_m4.pqr,bbfb215adc5819e567dc542ecfa13c1a267fc32f6915a1587fa2bda9249b5bf4,raw_calculations/canonical_pqr/af_271828_V2PMHC_72450eddcda12fef_m4.pqr,075acc2cf7338507f447efdbc3f16a08397109d539d55a08e91142148bc06534,raw_calculations/fixed_charge/af_271828_V2PMHC_72450eddcda12fef_m4.pqr,92f0d4d87b321bb5bee486eced131cacc7b509e0487f6df31ff308b77b366b88,af|271828|V2PMHC_32819024c05f813a|m0,af|271828|V2PMHC_72450eddcda12fef|m4,af|271828|V2PMHC_72450eddcda12fef|m0,6450,complete,6451
raw_calculations/canonical_fixed_charge/af_314159_V2PMHC_72450eddcda12fef_m0.pqr,da3cefa6a17a090be29cd3a4f317c49585be01c5e7b83ab4b5b246f68ffd765c,raw_calculations/canonical_pqr/af_314159_V2PMHC_72450eddcda12fef_m0.pqr,654eac7044182ece9c39ad8dbe56ab652336f0e83be4182a93be5c1ad28fc8e2,raw_calculations/fixed_charge/af_314159_V2PMHC_72450eddcda12fef_m0.pqr,95a18ead677fb3e9051421177b2fe2ab308187b1fb39c62cb96f3b58c436608a,af|314159|V2PMHC_32819024c05f813a|m0,af|314159|V2PMHC_72450eddcda12fef|m0,af|314159|V2PMHC_72450eddcda12fef|m0,6450,complete,6451
raw_calculations/canonical_fixed_charge/af_314159_V2PMHC_72450eddcda12fef_m1.pqr,3fa7065c2fa5b2c71f3e65d0ab4c6310f5ef9ce9477cd486bb2f7dac3ed9ce4e,raw_calculations/canonical_pqr/af_314159_V2PMHC_72450eddcda12fef_m1.pqr,3231f3789680bdd79e17190d18163785f9ed3fcd88574bdc5d468ddb67fd38fe,raw_calculations/fixed_charge/af_314159_V2PMHC_72450eddcda12fef_m1.pqr,c8c742afd8635517b17b28e59d050ed3307c1fbb712c983a7c83d860c39097b4,af|314159|V2PMHC_32819024c05f813a|m0,af|314159|V2PMHC_72450eddcda12fef|m1,af|314159|V2PMHC_72450eddcda12fef|m0,6450,complete,6451
raw_calculations/canonical_fixed_charge/af_314159_V2PMHC_72450eddcda12fef_m2.pqr,5a749f78a48f98e2579651774444ee87ee232aee4df53d1d55164a87f5bc1492,raw_calculations/canonical_pqr/af_314159_V2PMHC_72450eddcda12fef_m2.pqr,5c0d02028ac8b23d12bf1359b38ec80bf2605f279d290481708659d921cda95c,raw_calculations/fixed_charge/af_314159_V2PMHC_72450eddcda12fef_m2.pqr,1d1d85cce7fdcfad5822d62a139752c154a19db2cd04a98f6aaa6282ea5a583e,af|314159|V2PMHC_32819024c05f813a|m0,af|314159|V2PMHC_72450eddcda12fef|m2,af|314159|V2PMHC_72450eddcda12fef|m0,6450,complete,6451
raw_calculations/canonical_fixed_charge/af_314159_V2PMHC_72450eddcda12fef_m3.pqr,434007eabbe703e59574ec30d3df021e115ae530bb9a0e3b118a773055eca9fa,raw_calculations/canonical_pqr/af_314159_V2PMHC_72450eddcda12fef_m3.pqr,4273ec6229f0dba444d5f231503a44e87c6d38f45c047f521b2ecfaca5960388,raw_calculations/fixed_charge/af_314159_V2PMHC_72450eddcda12fef_m3.pqr,ec2cf536ec96db421a18311370ae597861c660fe2c9c6aa7c5487f87ec91d6a4,af|314159|V2PMHC_32819024c05f813a|m0,af|314159|V2PMHC_72450eddcda12fef|m3,af|314159|V2PMHC_72450eddcda12fef|m0,6450,complete,6451
raw_calculations/canonical_fixed_charge/af_314159_V2PMHC_72450eddcda12fef_m4.pqr,2d1b6fb825546262335b84d47648bf3fb0a7d42463af9bebafe9c9dc40b219ef,raw_calculations/canonical_pqr/af_314159_V2PMHC_72450eddcda12fef_m4.pqr,2d1b6fb825546262335b84d47648bf3fb0a7d42463af9bebafe9c9dc40b219ef,raw_calculations/fixed_charge/af_314159_V2PMHC_72450eddcda12fef_m4.pqr,8aba7221aa9d1f6eb38ef2cf83fdf6d7db9a1b9a078960d927407176dc46344d,af|314159|V2PMHC_32819024c05f813a|m0,af|314159|V2PMHC_72450eddcda12fef|m4,af|314159|V2PMHC_72450eddcda12fef|m0,6451,complete,6451
raw_calculations/canonical_fixed_charge/af_271828_V2PMHC_78fe769be3f606f3_m0.pqr,14d294ec6fd958950559ba32aac304063409fd97f18a60788feba0f2dce246b2,raw_calculations/canonical_pqr/af_271828_V2PMHC_78fe769be3f606f3_m0.pqr,1f08a7d821e19d3674d88997fd44ec5fa6162c91e673865b9804605d1158571e,raw_calculations/fixed_charge/af_271828_V2PMHC_78fe769be3f606f3_m0.pqr,f05d8bcffa9b76068487dbb4a42589f5a561cd30cb13f9d02ce9975ffd673f09,af|271828|V2PMHC_32819024c05f813a|m0,af|271828|V2PMHC_78fe769be3f606f3|m0,af|271828|V2PMHC_78fe769be3f606f3|m0,6502,complete,6504
raw_calculations/canonical_fixed_charge/af_271828_V2PMHC_78fe769be3f606f3_m1.pqr,5551f8e672880d273dc2779b4e8604e2e5ea737ce5d1b03b90602654043a7f56,raw_calculations/canonical_pqr/af_271828_V2PMHC_78fe769be3f606f3_m1.pqr,172ab37bd502b0debf347e8c7c620abcf871d85d691a18ec9fda6dc7e0658f24,raw_calculations/fixed_charge/af_271828_V2PMHC_78fe769be3f606f3_m1.pqr,a13fdc7aab333c73ec1db18930ed6b8224ebe11d255baa97a11542a64f0ac01d,af|271828|V2PMHC_32819024c05f813a|m0,af|271828|V2PMHC_78fe769be3f606f3|m1,af|271828|V2PMHC_78fe769be3f606f3|m0,6503,complete,6504
raw_calculations/canonical_fixed_charge/af_271828_V2PMHC_78fe769be3f606f3_m2.pqr,f71f0d8ec11267338a171fb5082306c6aec63f7aa8c99c7e9dc85a2e5cf14dd6,raw_calculations/canonical_pqr/af_271828_V2PMHC_78fe769be3f606f3_m2.pqr,ca84ccf9e3b583ea713ad66b02fce1c4e514545502a26cffd4e4a5e186e75ed4,raw_calculations/fixed_charge/af_271828_V2PMHC_78fe769be3f606f3_m2.pqr,14a22006eae2d9321842bc8df42bc3ef20248e4c315c1ef5f289f4b915033202,af|271828|V2PMHC_32819024c05f813a|m0,af|271828|V2PMHC_78fe769be3f606f3|m2,af|271828|V2PMHC_78fe769be3f606f3|m0,6503,complete,6504
raw_calculations/canonical_fixed_charge/af_271828_V2PMHC_78fe769be3f606f3_m3.pqr,f72043c7fe4034e3e18ffb81ca33fd617967d17496663d4985aef6b385553d88,raw_calculations/canonical_pqr/af_271828_V2PMHC_78fe769be3f606f3_m3.pqr,a60ff23e1e13d952d549a07037cf62f2786285be9684cb4178e5f3be18626146,raw_calculations/fixed_charge/af_271828_V2PMHC_78fe769be3f606f3_m3.pqr,72f62f1edd9dd51956ed32fc7d5210b271ea56bb10229657bd66fb3e8fc2585d,af|271828|V2PMHC_32819024c05f813a|m0,af|271828|V2PMHC_78fe769be3f606f3|m3,af|271828|V2PMHC_78fe769be3f606f3|m0,6503,complete,6505
raw_calculations/canonical_fixed_charge/af_271828_V2PMHC_78fe769be3f606f3_m4.pqr,d6f19d78b14260cf46f896294a268c338c5532021ea8bfbf80e412866aa4f1a5,raw_calculations/canonical_pqr/af_271828_V2PMHC_78fe769be3f606f3_m4.pqr,f2cf1ce9073e650d157c27ff17cb86bcc94fe3fd4d9765028700a7a067e96ac0,raw_calculations/fixed_charge/af_271828_V2PMHC_78fe769be3f606f3_m4.pqr,620cc011aaf83e27cb75ba2eb39091e4f2f04bdb653acd2014c98201e4befd6a,af|271828|V2PMHC_32819024c05f813a|m0,af|271828|V2PMHC_78fe769be3f606f3|m4,af|271828|V2PMHC_78fe769be3f606f3|m0,6503,complete,6505
raw_calculations/canonical_fixed_charge/af_314159_V2PMHC_78fe769be3f606f3_m0.pqr,686536968900d910fb8a70f35b89307e7978ac5073b3826decf20a29fbbfd03d,raw_calculations/canonical_pqr/af_314159_V2PMHC_78fe769be3f606f3_m0.pqr,8df818bcd205f90744497b8f684cde9f32602efaf1e456a23d6f1790cc05e5e6,raw_calculations/fixed_charge/af_314159_V2PMHC_78fe769be3f606f3_m0.pqr,d96e5f4424919a6cdcbbeb9826d29f20796339eb8600dc69a1f55375fc27c126,af|314159|V2PMHC_32819024c05f813a|m0,af|314159|V2PMHC_78fe769be3f606f3|m0,af|314159|V2PMHC_78fe769be3f606f3|m0,6502,complete,6504
raw_calculations/canonical_fixed_charge/af_314159_V2PMHC_78fe769be3f606f3_m1.pqr,09305d23d36e173b05a8d47753591b4436d13a7c71625d7fd6b4558cb73995ed,raw_calculations/canonical_pqr/af_314159_V2PMHC_78fe769be3f606f3_m1.pqr,ef7ade1405f6740729225dae82acef0642a87dbe431d8f815c3cae0da40ad961,raw_calculations/fixed_charge/af_314159_V2PMHC_78fe769be3f606f3_m1.pqr,95d46b27eecc73583656ba0777898dd1844c8a8f3beba7c9d830f98f7e2eb6fd,af|314159|V2PMHC_32819024c05f813a|m0,af|314159|V2PMHC_78fe769be3f606f3|m1,af|314159|V2PMHC_78fe769be3f606f3|m0,6502,complete,6504
raw_calculations/canonical_fixed_charge/af_314159_V2PMHC_78fe769be3f606f3_m2.pqr,a134e2a562f60e5590b304d28437cee464e737802ae525f46ecac3e7025a7eba,raw_calculations/canonical_pqr/af_314159_V2PMHC_78fe769be3f606f3_m2.pqr,6d8b1b7804b5474efb662831064e40998c333800f98f229b9b8cf588ccadb1da,raw_calculations/fixed_charge/af_314159_V2PMHC_78fe769be3f606f3_m2.pqr,c73879aa5166f5d3f7a3892532792d5d1b7976df7721bb70401292a84df0605b,af|314159|V2PMHC_32819024c05f813a|m0,af|314159|V2PMHC_78fe769be3f606f3|m2,af|314159|V2PMHC_78fe769be3f606f3|m0,6502,complete,6504
raw_calculations/canonical_fixed_charge/af_314159_V2PMHC_78fe769be3f606f3_m3.pqr,003adb9b21a36df26169c6a6ba5ec4108c799c7e7414c3049798d020e4e018da,raw_calculations/canonical_pqr/af_314159_V2PMHC_78fe769be3f606f3_m3.pqr,47718ef50bb3141008351365fa3616bd66bffdf43c1cde9ba6a8be94fd575b45,raw_calculations/fixed_charge/af_314159_V2PMHC_78fe769be3f606f3_m3.pqr,c635f7c1365e02e97268e6e9f945e4af4b28ad71d21b2df438a4e980eecfabfc,af|314159|V2PMHC_32819024c05f813a|m0,af|314159|V2PMHC_78fe769be3f606f3|m3,af|314159|V2PMHC_78fe769be3f606f3|m0,6502,complete,6504
raw_calculations/canonical_fixed_charge/af_314159_V2PMHC_78fe769be3f606f3_m4.pqr,63ebf2491de03f4f55275c77df3ffc7c6ab6833cdb17fc3c48820c72ca917405,raw_calculations/canonical_pqr/af_314159_V2PMHC_78fe769be3f606f3_m4.pqr,d04956259140eefd10f8644863b6ba8f0ed1e119ba02c79c0a4a21769241ec3b,raw_calculations/fixed_charge/af_314159_V2PMHC_78fe769be3f606f3_m4.pqr,635a62ea8d2da1e848550b309b6f4f17b2b3887215c698780f6d09dafda05a35,af|314159|V2PMHC_32819024c05f813a|m0,af|314159|V2PMHC_78fe769be3f606f3|m4,af|314159|V2PMHC_78fe769be3f606f3|m0,6503,complete,6504
raw_calculations/canonical_fixed_charge/af_271828_V2PMHC_7db17c44e740d443_m0.pqr,c48eabf9b8b983b129b089d10a50a94e7e8d3b09e3d1557f5ec02a35f0e73806,raw_calculations/canonical_pqr/af_271828_V2PMHC_7db17c44e740d443_m0.pqr,6c001ff03d48c153d4d17e71e3af9c4f037c6046957ba48788ff531f452e55ea,raw_calculations/fixed_charge/af_271828_V2PMHC_7db17c44e740d443_m0.pqr,e54eaf3c07c4882502040f256d006fd2973d64cb64a4d6a8d20465336eeb2d44,af|271828|V2PMHC_32819024c05f813a|m0,af|271828|V2PMHC_7db17c44e740d443|m0,af|271828|V2PMHC_7db17c44e740d443|m0,6504,complete,6505
raw_calculations/canonical_fixed_charge/af_271828_V2PMHC_7db17c44e740d443_m1.pqr,c5ce1dc91ab827e70836c1482684916517586ba75eae5c061fda90bdf94ac566,raw_calculations/canonical_pqr/af_271828_V2PMHC_7db17c44e740d443_m1.pqr,607ae5e4a240bd9e23e86eb9f36559ee95bb7d50e7e311f1c02220470e9df06e,raw_calculations/fixed_charge/af_271828_V2PMHC_7db17c44e740d443_m1.pqr,d29aad81b8b2504a391260ca60ba0cd57abb97aa7b433c7df36a98d7bccba50c,af|271828|V2PMHC_32819024c05f813a|m0,af|271828|V2PMHC_7db17c44e740d443|m1,af|271828|V2PMHC_7db17c44e740d443|m0,6504,complete,6505
raw_calculations/canonical_fixed_charge/af_271828_V2PMHC_7db17c44e740d443_m2.pqr,8550131812d9a2e6d3bbcf97453dcf50030c28ec3290ee6bd1b64e539ed4d27f,raw_calculations/canonical_pqr/af_271828_V2PMHC_7db17c44e740d443_m2.pqr,944323dd27830f23ccef9fb9e50e9becf42107b45fa679f5406681d874173fb8,raw_calculations/fixed_charge/af_271828_V2PMHC_7db17c44e740d443_m2.pqr,539873e4c8a10219cbadfb8fbbb08545110f712df1489bf50e0c036fbc90e8c7,af|271828|V2PMHC_32819024c05f813a|m0,af|271828|V2PMHC_7db17c44e740d443|m2,af|271828|V2PMHC_7db17c44e740d443|m0,6503,complete,6505
raw_calculations/canonical_fixed_charge/af_271828_V2PMHC_7db17c44e740d443_m3.pqr,9e83a530cff5db25baaa9bf97b17daca24032e674d8ce66d42983c4874195bcd,raw_calculations/canonical_pqr/af_271828_V2PMHC_7db17c44e740d443_m3.pqr,8f24605acadd7ea265720e289e6adbe43ef9eb54597e1d11454d9d7cd2dd5e35,raw_calculations/fixed_charge/af_271828_V2PMHC_7db17c44e740d443_m3.pqr,2d6e32f5360adae909c54066f59cad660345bad49849e96fe52ae2334ecf3601,af|271828|V2PMHC_32819024c05f813a|m0,af|271828|V2PMHC_7db17c44e740d443|m3,af|271828|V2PMHC_7db17c44e740d443|m0,6504,complete,6505
raw_calculations/canonical_fixed_charge/af_271828_V2PMHC_7db17c44e740d443_m4.pqr,388ff13580d88137257bc842f6c6c6b245d2cb73fef5fb78254376e5642ab720,raw_calculations/canonical_pqr/af_271828_V2PMHC_7db17c44e740d443_m4.pqr,5a992c07240e1109b274d2eb33e8b991072a3de0699dc49e63a6c6215af01563,raw_calculations/fixed_charge/af_271828_V2PMHC_7db17c44e740d443_m4.pqr,b615af56e8c1271bae7a652a95789b4791713a2be7eecc0ad8e8b9ab5aae9663,af|271828|V2PMHC_32819024c05f813a|m0,af|271828|V2PMHC_7db17c44e740d443|m4,af|271828|V2PMHC_7db17c44e740d443|m0,6504,complete,6505
raw_calculations/canonical_fixed_charge/af_314159_V2PMHC_7db17c44e740d443_m0.pqr,cda6c367c6b81c6820eb4ed46cb58310220e4ba4bd61cf6fad82f23ef4bed4a2,raw_calculations/canonical_pqr/af_314159_V2PMHC_7db17c44e740d443_m0.pqr,4eae1694c2f14553dcfcdcc1b9a4617fe136deb2bc95999e176d8e955a4a883c,raw_calculations/fixed_charge/af_314159_V2PMHC_7db17c44e740d443_m0.pqr,f980d1ea286e639b3cb70f2ffd467dcc41f0f71b6030c3a44102bcb3f68b70d0,af|314159|V2PMHC_32819024c05f813a|m0,af|314159|V2PMHC_7db17c44e740d443|m0,af|314159|V2PMHC_7db17c44e740d443|m1,6503,complete,6505
raw_calculations/canonical_fixed_charge/af_314159_V2PMHC_7db17c44e740d443_m1.pqr,1358c46916e20f8c3867b80043fb7c45f4b79bfd45a2616c17c593754f95e124,raw_calculations/canonical_pqr/af_314159_V2PMHC_7db17c44e740d443_m1.pqr,9bff58283e80710c6a37a8da221286bdfd9493fba0c3296ae76bd8cac9ba9b70,raw_calculations/fixed_charge/af_314159_V2PMHC_7db17c44e740d443_m1.pqr,ac4a84b99637db733a5c579139e281629d3a6868cbb318636b28fa13c7d68c9f,af|314159|V2PMHC_32819024c05f813a|m0,af|314159|V2PMHC_7db17c44e740d443|m1,af|314159|V2PMHC_7db17c44e740d443|m1,6504,complete,6505
raw_calculations/canonical_fixed_charge/af_314159_V2PMHC_7db17c44e740d443_m2.pqr,e4bb2fff739620099d7b4414891f242d24ba6ce7cfb3b4dd806b2a8dd55f1663,raw_calculations/canonical_pqr/af_314159_V2PMHC_7db17c44e740d443_m2.pqr,8a901e49eb1c3d7a89108f63332d1dd7bf48d3c33821d9c5d865f4b94d820d98,raw_calculations/fixed_charge/af_314159_V2PMHC_7db17c44e740d443_m2.pqr,b1a2cd7e8deac90362f12afd823e05ee6a6980eeb3118757032358515ac368a0,af|314159|V2PMHC_32819024c05f813a|m0,af|314159|V2PMHC_7db17c44e740d443|m2,af|314159|V2PMHC_7db17c44e740d443|m1,6504,complete,6505
raw_calculations/canonical_fixed_charge/af_314159_V2PMHC_7db17c44e740d443_m3.pqr,e4479b0753ab5107058b352465f74b3182910b686b76e0dd0c8e0944a6e9d50d,raw_calculations/canonical_pqr/af_314159_V2PMHC_7db17c44e740d443_m3.pqr,20056c8d8a128fdf0e1f11e0ed257e517668491f783f8972533c32d275c259f9,raw_calculations/fixed_charge/af_314159_V2PMHC_7db17c44e740d443_m3.pqr,2d80b1803a335dc244370c48ee527c1d7a07d3038d250e15d02bb5d3a5df3835,af|314159|V2PMHC_32819024c05f813a|m0,af|314159|V2PMHC_7db17c44e740d443|m3,af|314159|V2PMHC_7db17c44e740d443|m1,6504,complete,6505
raw_calculations/canonical_fixed_charge/af_314159_V2PMHC_7db17c44e740d443_m4.pqr,6f9e9b98437465338dee4b5555dafd58d7af798643d27c63d4a2f02eebba1941,raw_calculations/canonical_pqr/af_314159_V2PMHC_7db17c44e740d443_m4.pqr,e7eb383318147001579635919824f7b56d340c98ae88ace4ee561c90184ca6ec,raw_calculations/fixed_charge/af_314159_V2PMHC_7db17c44e740d443_m4.pqr,c13ecba98c8cbbe6c137c3b1389f7fd50fdcb6937411601fc3aa564ba5c648dd,af|314159|V2PMHC_32819024c05f813a|m0,af|314159|V2PMHC_7db17c44e740d443|m4,af|314159|V2PMHC_7db17c44e740d443|m1,6504,complete,6505
raw_calculations/canonical_fixed_charge/af_271828_V2PMHC_805576114a6e7df7_m0.pqr,19afa4c57f81019789f559cba4ff9791b550533d08f1ccfa2c4b43a84ed0d41a,raw_calculations/canonical_pqr/af_271828_V2PMHC_805576114a6e7df7_m0.pqr,19afa4c57f81019789f559cba4ff9791b550533d08f1ccfa2c4b43a84ed0d41a,raw_calculations/fixed_charge/af_271828_V2PMHC_805576114a6e7df7_m0.pqr,0310c8ca64c1696eb1d0cae53b93408f7b6de0d3da33093879ee7491684ab9a8,af|271828|V2PMHC_2a45cfb5882821d2|m0,af|271828|V2PMHC_805576114a6e7df7|m0,af|271828|V2PMHC_805576114a6e7df7|m0,6151,complete,6151
raw_calculations/canonical_fixed_charge/af_271828_V2PMHC_805576114a6e7df7_m1.pqr,79852904a175f96177f0f6373d17cbf9dbd20469029b6dce549d70a91cb74796,raw_calculations/canonical_pqr/af_271828_V2PMHC_805576114a6e7df7_m1.pqr,9bb5420faa6b1b2fd643cb875134e0f28fb27635c1b76981d6e2dbdb174ba956,raw_calculations/fixed_charge/af_271828_V2PMHC_805576114a6e7df7_m1.pqr,f3fce7a85140e0a83d8342006d26141bc32ca8b4e5a4c41452b968c2677d4325,af|271828|V2PMHC_2a45cfb5882821d2|m0,af|271828|V2PMHC_805576114a6e7df7|m1,af|271828|V2PMHC_805576114a6e7df7|m0,6147,complete,6152
raw_calculations/canonical_fixed_charge/af_271828_V2PMHC_805576114a6e7df7_m2.pqr,fe28d40f80abd5f09a5a5705a71a21c583f86c84307b08e1f9b4a9944dccaf07,raw_calculations/canonical_pqr/af_271828_V2PMHC_805576114a6e7df7_m2.pqr,96771ca061635044c4f0dc03a8682e4e3363db4bfb5a159a784fa224c52c0965,raw_calculations/fixed_charge/af_271828_V2PMHC_805576114a6e7df7_m2.pqr,75ee8e21a1332b98836e03ea9beda921fa35dae87a1e46cb6df5361b60982c48,af|271828|V2PMHC_2a45cfb5882821d2|m0,af|271828|V2PMHC_805576114a6e7df7|m2,af|271828|V2PMHC_805576114a6e7df7|m0,6149,complete,6152
raw_calculations/canonical_fixed_charge/af_271828_V2PMHC_805576114a6e7df7_m3.pqr,d9958531f421e360bdce7b743ad78aff215ee454869f16c230562b506ddd27b5,raw_calculations/canonical_pqr/af_271828_V2PMHC_805576114a6e7df7_m3.pqr,33333a8a856679f82b22f7327a47d2a36a5b6d4bf436b6336f6797f9614e8fad,raw_calculations/fixed_charge/af_271828_V2PMHC_805576114a6e7df7_m3.pqr,bf051f6e266a061b6fa99e30bec0d1ad47165c395bf20eedbeece8d88c955114,af|271828|V2PMHC_2a45cfb5882821d2|m0,af|271828|V2PMHC_805576114a6e7df7|m3,af|271828|V2PMHC_805576114a6e7df7|m0,6150,complete,6152
raw_calculations/canonical_fixed_charge/af_271828_V2PMHC_805576114a6e7df7_m4.pqr,479b3725333fcf0ab6333caac6fac9ea7914d1888b9137619a8d6878495cb897,raw_calculations/canonical_pqr/af_271828_V2PMHC_805576114a6e7df7_m4.pqr,456d9ee846309543357fd6f569ae7a4a10698083d7fa1d7f11ab695b0ceedeaa,raw_calculations/fixed_charge/af_271828_V2PMHC_805576114a6e7df7_m4.pqr,73e2f361fef380c89a14befcfc3cfefd5ef443c9a9d3a3abda4d702ae412c7b8,af|271828|V2PMHC_2a45cfb5882821d2|m0,af|271828|V2PMHC_805576114a6e7df7|m4,af|271828|V2PMHC_805576114a6e7df7|m0,6149,complete,6152
raw_calculations/canonical_fixed_charge/af_314159_V2PMHC_805576114a6e7df7_m0.pqr,8d51581fd7e4a4fbdeb7beb4b8a4522b614cb81127c0fe554cb8746193390e0c,raw_calculations/canonical_pqr/af_314159_V2PMHC_805576114a6e7df7_m0.pqr,f25a81aeeb46127fcdaa52d3552277761b5cb750d367add25bb94fb82963f61f,raw_calculations/fixed_charge/af_314159_V2PMHC_805576114a6e7df7_m0.pqr,cba897a68f6acae875c4e72995f6e2f556d51638b69399216294fd93b51bfe48,af|314159|V2PMHC_2a45cfb5882821d2|m0,af|314159|V2PMHC_805576114a6e7df7|m0,af|314159|V2PMHC_805576114a6e7df7|m0,6149,complete,6151
raw_calculations/canonical_fixed_charge/af_314159_V2PMHC_805576114a6e7df7_m1.pqr,a64a4f09cacc10479a9a8871dcf1f9251ed4ac6e5465c9b21ced7494f6bc3ee9,raw_calculations/canonical_pqr/af_314159_V2PMHC_805576114a6e7df7_m1.pqr,f2949cd54f6ede598541c89346617496796939b918ee0eb2f5bb78943e13a4e8,raw_calculations/fixed_charge/af_314159_V2PMHC_805576114a6e7df7_m1.pqr,322088b0b39d4e9d36bb7d7034a48abea0f748e7d399242834085234ee30ed71,af|314159|V2PMHC_2a45cfb5882821d2|m0,af|314159|V2PMHC_805576114a6e7df7|m1,af|314159|V2PMHC_805576114a6e7df7|m0,6149,complete,6152
raw_calculations/canonical_fixed_charge/af_314159_V2PMHC_805576114a6e7df7_m2.pqr,ecdcc440d4f8fb31b52e21db7973ba3179aa2c0cfe7b5d7f8e095c1dd5cc38a5,raw_calculations/canonical_pqr/af_314159_V2PMHC_805576114a6e7df7_m2.pqr,ed252383c49812ab2290ef1122461c9e2ff039b860b8629629da9a144e2769e1,raw_calculations/fixed_charge/af_314159_V2PMHC_805576114a6e7df7_m2.pqr,a811152a3796f05db09f6ef79c89e5b3d33c856287bff69918bce09a4ca3abcc,af|314159|V2PMHC_2a45cfb5882821d2|m0,af|314159|V2PMHC_805576114a6e7df7|m2,af|314159|V2PMHC_805576114a6e7df7|m0,6148,complete,6152
raw_calculations/canonical_fixed_charge/af_314159_V2PMHC_805576114a6e7df7_m3.pqr,9fff5b417023749c4d8f9915d20ad6f6809732679c50f96d0966d8e0eef3b0b8,raw_calculations/canonical_pqr/af_314159_V2PMHC_805576114a6e7df7_m3.pqr,97e5dcb8b0dd5c4dc8e870c2c1ffe7471c337c8bc7d16c22bccb586c882313d9,raw_calculations/fixed_charge/af_314159_V2PMHC_805576114a6e7df7_m3.pqr,db0eb085eb915896d4413db9a236a4fda8144f804050b9865a1a5c164621eed3,af|314159|V2PMHC_2a45cfb5882821d2|m0,af|314159|V2PMHC_805576114a6e7df7|m3,af|314159|V2PMHC_805576114a6e7df7|m0,6149,complete,6152
raw_calculations/canonical_fixed_charge/af_314159_V2PMHC_805576114a6e7df7_m4.pqr,013d383fdfab90ca032e7764986bda44381cd7e398e2e5178a833ce204163103,raw_calculations/canonical_pqr/af_314159_V2PMHC_805576114a6e7df7_m4.pqr,f31adfc007b5fe08e05626dc8afc3681150b0ef3082ef3d66d456a5b7027dd90,raw_calculations/fixed_charge/af_314159_V2PMHC_805576114a6e7df7_m4.pqr,9609b481f38d3d4a219ca7ad0f259c95b55d68e6e9d2a2c405bae476f27248f0,af|314159|V2PMHC_2a45cfb5882821d2|m0,af|314159|V2PMHC_805576114a6e7df7|m4,af|314159|V2PMHC_805576114a6e7df7|m0,6149,complete,6151
raw_calculations/canonical_fixed_charge/af_271828_V2PMHC_8237840b8e248746_m0.pqr,25e40ae88d0ee95abbb4a2b9ca81dfb2aef3b43095ef03771d76ac4ca8ab4f00,raw_calculations/canonical_pqr/af_271828_V2PMHC_8237840b8e248746_m0.pqr,050be7c1cf004e00af201f582f85753b6441b55f34718df18301dbaa53c0eef7,raw_calculations/fixed_charge/af_271828_V2PMHC_8237840b8e248746_m0.pqr,510612ebc82c28ef5b82aeed0487e8b5a7c484c6d2f51642bcfd2bfb85d7285e,af|271828|V2PMHC_059a1481886fcb83|m0,af|271828|V2PMHC_8237840b8e248746|m0,af|271828|V2PMHC_8237840b8e248746|m0,6160,complete,6161
raw_calculations/canonical_fixed_charge/af_271828_V2PMHC_8237840b8e248746_m1.pqr,cced0d3c7a94d6aae8438af4c095b2efd3551ba5a893bdacd312dd9b1288ee30,raw_calculations/canonical_pqr/af_271828_V2PMHC_8237840b8e248746_m1.pqr,cced0d3c7a94d6aae8438af4c095b2efd3551ba5a893bdacd312dd9b1288ee30,raw_calculations/fixed_charge/af_271828_V2PMHC_8237840b8e248746_m1.pqr,0192f113793b8ea5762ae0f2807ad490c36219cdf5a1bb2c5d9427d4dd6443ac,af|271828|V2PMHC_059a1481886fcb83|m0,af|271828|V2PMHC_8237840b8e248746|m1,af|271828|V2PMHC_8237840b8e248746|m0,6162,complete,6162
raw_calculations/canonical_fixed_charge/af_271828_V2PMHC_8237840b8e248746_m2.pqr,b49c96a729c9c0eb865459090e4474664396003fcb29282b297a886fbebe019b,raw_calculations/canonical_pqr/af_271828_V2PMHC_8237840b8e248746_m2.pqr,cfdee6b8e86af6821579d8aebfde46c5ef7582ae8aa52194cca9b2aa264d6a34,raw_calculations/fixed_charge/af_271828_V2PMHC_8237840b8e248746_m2.pqr,8666606e4a2232755d5d29d7d1a2348f8e8bbbb1b448a8594144a26da314e18a,af|271828|V2PMHC_059a1481886fcb83|m0,af|271828|V2PMHC_8237840b8e248746|m2,af|271828|V2PMHC_8237840b8e248746|m0,6161,complete,6162
raw_calculations/canonical_fixed_charge/af_271828_V2PMHC_8237840b8e248746_m3.pqr,dfee128346575bbec108203f5a633196a7b70dcc1811c79c00c339ba0a3cfcad,raw_calculations/canonical_pqr/af_271828_V2PMHC_8237840b8e248746_m3.pqr,ca5f0b4bcfecbbdd97c43199cdaae1524d84405ef31e3d285706f3c7e77c3c41,raw_calculations/fixed_charge/af_271828_V2PMHC_8237840b8e248746_m3.pqr,7dde5a25cfa00b4a3bad09d8f23dd08e3c5e872d968da5e16ae8795729a14ec1,af|271828|V2PMHC_059a1481886fcb83|m0,af|271828|V2PMHC_8237840b8e248746|m3,af|271828|V2PMHC_8237840b8e248746|m0,6161,complete,6162
raw_calculations/canonical_fixed_charge/af_271828_V2PMHC_8237840b8e248746_m4.pqr,a6181cf2df74da405de65161e0c27825c3d22034ab02850419768cabb9006adf,raw_calculations/canonical_pqr/af_271828_V2PMHC_8237840b8e248746_m4.pqr,a6181cf2df74da405de65161e0c27825c3d22034ab02850419768cabb9006adf,raw_calculations/fixed_charge/af_271828_V2PMHC_8237840b8e248746_m4.pqr,76b3a91403778345283d3948b8e6f73cde41b2092ceeaf92525c40997b48fd5b,af|271828|V2PMHC_059a1481886fcb83|m0,af|271828|V2PMHC_8237840b8e248746|m4,af|271828|V2PMHC_8237840b8e248746|m0,6162,complete,6162
raw_calculations/canonical_fixed_charge/af_314159_V2PMHC_8237840b8e248746_m0.pqr,7e7c36e911bc657ef7a29faf0475a240c93a69901b7a36137d2b420c922aa4f2,raw_calculations/canonical_pqr/af_314159_V2PMHC_8237840b8e248746_m0.pqr,7e7c36e911bc657ef7a29faf0475a240c93a69901b7a36137d2b420c922aa4f2,raw_calculations/fixed_charge/af_314159_V2PMHC_8237840b8e248746_m0.pqr,3ac97f80308a6d0e84a065212e12ff5c4296f6cbd1afc2e629303963f99723ae,af|314159|V2PMHC_059a1481886fcb83|m0,af|314159|V2PMHC_8237840b8e248746|m0,af|314159|V2PMHC_8237840b8e248746|m0,6161,complete,6161
raw_calculations/canonical_fixed_charge/af_314159_V2PMHC_8237840b8e248746_m1.pqr,a63f571040c3544abad5ec7b714695c3729c975b098c8b37e7f618a7318bdd33,raw_calculations/canonical_pqr/af_314159_V2PMHC_8237840b8e248746_m1.pqr,5fbf5fb9eff456bf759eff9a365108cdde0bb14d268504475e708c6dd713e2c4,raw_calculations/fixed_charge/af_314159_V2PMHC_8237840b8e248746_m1.pqr,8d6db6467fc758de7f0ca6fd94005e0c71b5b87c17044e2e922bc38524da8e29,af|314159|V2PMHC_059a1481886fcb83|m0,af|314159|V2PMHC_8237840b8e248746|m1,af|314159|V2PMHC_8237840b8e248746|m0,6159,complete,6161
raw_calculations/canonical_fixed_charge/af_314159_V2PMHC_8237840b8e248746_m2.pqr,51617faa52b9657ab892a7d559d518d739cb6e97c587430b8526f31a45fb74a2,raw_calculations/canonical_pqr/af_314159_V2PMHC_8237840b8e248746_m2.pqr,7fcd23f1df7d7d3df890267e1f9df3d53f2cca53d68bae6a9fff7e3a27d49046,raw_calculations/fixed_charge/af_314159_V2PMHC_8237840b8e248746_m2.pqr,4222064fcb5208259773d75f7f5eaefa8c4800400267556479fa20048d7258e2,af|314159|V2PMHC_059a1481886fcb83|m0,af|314159|V2PMHC_8237840b8e248746|m2,af|314159|V2PMHC_8237840b8e248746|m0,6160,complete,6162
raw_calculations/canonical_fixed_charge/af_314159_V2PMHC_8237840b8e248746_m3.pqr,00f5787634fbbab65d1faec9614f84403741e307ed1340a2c7edec4a2a542469,raw_calculations/canonical_pqr/af_314159_V2PMHC_8237840b8e248746_m3.pqr,3a9329e68aa5007df98159ad071012dcbd449d1f215404a8d341c9304b29b3c8,raw_calculations/fixed_charge/af_314159_V2PMHC_8237840b8e248746_m3.pqr,dac2181384621fd5c62f76ac66f4d49f13f3bf509c967d8b97766d2013a4ccf0,af|314159|V2PMHC_059a1481886fcb83|m0,af|314159|V2PMHC_8237840b8e248746|m3,af|314159|V2PMHC_8237840b8e248746|m0,6159,complete,6161
raw_calculations/canonical_fixed_charge/af_314159_V2PMHC_8237840b8e248746_m4.pqr,c922b6059f253cd330c8f6c896c67cdfc3672205c64394c949f5e356d78a2d12,raw_calculations/canonical_pqr/af_314159_V2PMHC_8237840b8e248746_m4.pqr,c922b6059f253cd330c8f6c896c67cdfc3672205c64394c949f5e356d78a2d12,raw_calculations/fixed_charge/af_314159_V2PMHC_8237840b8e248746_m4.pqr,ce46fec0782a541123de438c0d42f88d4ef78bec99a3741bc075084d22cc171e,af|314159|V2PMHC_059a1481886fcb83|m0,af|314159|V2PMHC_8237840b8e248746|m4,af|314159|V2PMHC_8237840b8e248746|m0,6161,complete,6161
raw_calculations/canonical_fixed_charge/af_271828_V2PMHC_8fc08fae0f1ffde1_m0.pqr,52310bc38df2f9f2c0c4b96864d1c2ce4f4a2f4dcf5a04bd77978c84e3c2f80e,raw_calculations/canonical_pqr/af_271828_V2PMHC_8fc08fae0f1ffde1_m0.pqr,82d0331b48ff44f49e180ce55995b8f0a7ddadd25fa96e3433b18f97cc8d5b1e,raw_calculations/fixed_charge/af_271828_V2PMHC_8fc08fae0f1ffde1_m0.pqr,c77d09cd4de36f8c6d2f36ae98173aaeeeb6c2515af4185abbd957645c8cbf2c,af|271828|V2PMHC_32819024c05f813a|m0,af|271828|V2PMHC_8fc08fae0f1ffde1|m0,af|271828|V2PMHC_8fc08fae0f1ffde1|m0,6510,complete,6512
raw_calculations/canonical_fixed_charge/af_271828_V2PMHC_8fc08fae0f1ffde1_m1.pqr,5df35d0e62d65df2fed469f40e8a281420e0ccffae2198040bc661ba6f7a9257,raw_calculations/canonical_pqr/af_271828_V2PMHC_8fc08fae0f1ffde1_m1.pqr,5df35d0e62d65df2fed469f40e8a281420e0ccffae2198040bc661ba6f7a9257,raw_calculations/fixed_charge/af_271828_V2PMHC_8fc08fae0f1ffde1_m1.pqr,84dbd0ec550bad3e5009aed7297349472db16834a88c87814475b31327b3edd7,af|271828|V2PMHC_32819024c05f813a|m0,af|271828|V2PMHC_8fc08fae0f1ffde1|m1,af|271828|V2PMHC_8fc08fae0f1ffde1|m0,6512,complete,6512
raw_calculations/canonical_fixed_charge/af_271828_V2PMHC_8fc08fae0f1ffde1_m2.pqr,54bfbde030a39cc57766172e258b7d6be7d3f8d8cf9cfed03fe010db3552d2cb,raw_calculations/canonical_pqr/af_271828_V2PMHC_8fc08fae0f1ffde1_m2.pqr,8b450c33bb88ac79fe98c4c5899c9621adfcb73bb846e4ad87b83d2339c9af37,raw_calculations/fixed_charge/af_271828_V2PMHC_8fc08fae0f1ffde1_m2.pqr,bc284146c3db7d092c1342f72746ae4cf95dbc70ccf5a424ddb9748effd47873,af|271828|V2PMHC_32819024c05f813a|m0,af|271828|V2PMHC_8fc08fae0f1ffde1|m2,af|271828|V2PMHC_8fc08fae0f1ffde1|m0,6511,complete,6512
raw_calculations/canonical_fixed_charge/af_271828_V2PMHC_8fc08fae0f1ffde1_m3.pqr,04fd95e5c10d736c040f37d36f0ddae6b6f6644b0d3dbcae6a47ebc6e1b32571,raw_calculations/canonical_pqr/af_271828_V2PMHC_8fc08fae0f1ffde1_m3.pqr,04fd95e5c10d736c040f37d36f0ddae6b6f6644b0d3dbcae6a47ebc6e1b32571,raw_calculations/fixed_charge/af_271828_V2PMHC_8fc08fae0f1ffde1_m3.pqr,614e6c6541f87b6c44afdcee42b5991fae025d6e28fcde80ad6b35fbf734f8b4,af|271828|V2PMHC_32819024c05f813a|m0,af|271828|V2PMHC_8fc08fae0f1ffde1|m3,af|271828|V2PMHC_8fc08fae0f1ffde1|m0,6512,complete,6512
raw_calculations/canonical_fixed_charge/af_271828_V2PMHC_8fc08fae0f1ffde1_m4.pqr,68616b79a237363fbe2cd6ddfb94032ba664408f697a71725d890d7bff2437ed,raw_calculations/canonical_pqr/af_271828_V2PMHC_8fc08fae0f1ffde1_m4.pqr,89ef02394bdf5236f875baadbaaa9b4ab849b14c0a1f4370a0c13ebe7e0c9fbe,raw_calculations/fixed_charge/af_271828_V2PMHC_8fc08fae0f1ffde1_m4.pqr,50cbe06a5eb2c7d0e302f85a9ac6f3c7404447dda41e9033f2d40013c8293b44,af|271828|V2PMHC_32819024c05f813a|m0,af|271828|V2PMHC_8fc08fae0f1ffde1|m4,af|271828|V2PMHC_8fc08fae0f1ffde1|m0,6511,complete,6512
raw_calculations/canonical_fixed_charge/af_314159_V2PMHC_8fc08fae0f1ffde1_m0.pqr,d84dd7f37803ad9812c29486bca912dd608a00d4e7914387e37db104d09a6e34,raw_calculations/canonical_pqr/af_314159_V2PMHC_8fc08fae0f1ffde1_m0.pqr,a2bfb5e3c50c8187967e9f2b69a3754cc60c2ff0be1fa67aaaf65e0c025607b3,raw_calculations/fixed_charge/af_314159_V2PMHC_8fc08fae0f1ffde1_m0.pqr,adedaf109b4fbce198079fb5834dea4e21619ea4bc7136bba09b8585f50fdc72,af|314159|V2PMHC_32819024c05f813a|m0,af|314159|V2PMHC_8fc08fae0f1ffde1|m0,af|314159|V2PMHC_8fc08fae0f1ffde1|m0,6510,complete,6512
raw_calculations/canonical_fixed_charge/af_314159_V2PMHC_8fc08fae0f1ffde1_m1.pqr,dc38b70c67a1379d5243805b2f204a9bb367b658cb7d4aece89529e10337c963,raw_calculations/canonical_pqr/af_314159_V2PMHC_8fc08fae0f1ffde1_m1.pqr,80d67a3b100156ae7b5f20c9cd11f95aa795c14f397bf24b92fc7fac53e9cfbd,raw_calculations/fixed_charge/af_314159_V2PMHC_8fc08fae0f1ffde1_m1.pqr,96fd58d1c14ff4cfa4e535f3b6a2e6f446fb2ed948a2b265364d363d3c0471d1,af|314159|V2PMHC_32819024c05f813a|m0,af|314159|V2PMHC_8fc08fae0f1ffde1|m1,af|314159|V2PMHC_8fc08fae0f1ffde1|m0,6511,complete,6512
raw_calculations/canonical_fixed_charge/af_314159_V2PMHC_8fc08fae0f1ffde1_m2.pqr,ef6bb74d17929e2655a3ebe916d33376f4e7a559cab1efd606c1b2624d060c08,raw_calculations/canonical_pqr/af_314159_V2PMHC_8fc08fae0f1ffde1_m2.pqr,b626e3ff3141f8dc6d55b54e7993bc73024c8a16e2160a95eb42f6e81060227c,raw_calculations/fixed_charge/af_314159_V2PMHC_8fc08fae0f1ffde1_m2.pqr,b6ebf7eb4c13f02e990a305bf47fe261f1f1535c2041f96ce704f82e391cd244,af|314159|V2PMHC_32819024c05f813a|m0,af|314159|V2PMHC_8fc08fae0f1ffde1|m2,af|314159|V2PMHC_8fc08fae0f1ffde1|m0,6511,complete,6512
raw_calculations/canonical_fixed_charge/af_314159_V2PMHC_8fc08fae0f1ffde1_m3.pqr,0a7717ebd979fed1ebb4dbf87bf183610dfb89903442482c224c45d073479dc0,raw_calculations/canonical_pqr/af_314159_V2PMHC_8fc08fae0f1ffde1_m3.pqr,231fc4f80c5dff33416ca203568b12edf6d3d94ea69d0ef8e6f8f72839d19eeb,raw_calculations/fixed_charge/af_314159_V2PMHC_8fc08fae0f1ffde1_m3.pqr,8e765e0ea7b03e74bcebba69d6fe178f257f60af5c2151390025c1ad750c119b,af|314159|V2PMHC_32819024c05f813a|m0,af|314159|V2PMHC_8fc08fae0f1ffde1|m3,af|314159|V2PMHC_8fc08fae0f1ffde1|m0,6511,complete,6512
raw_calculations/canonical_fixed_charge/af_314159_V2PMHC_8fc08fae0f1ffde1_m4.pqr,42f5d453e0a169036ffbf2b84177b9a31cf47043e630db088c3a5526f149baca,raw_calculations/canonical_pqr/af_314159_V2PMHC_8fc08fae0f1ffde1_m4.pqr,ebb58eabd6ffc538414b28731a97dbd4809b01bab783e5176204fe00737b634c,raw_calculations/fixed_charge/af_314159_V2PMHC_8fc08fae0f1ffde1_m4.pqr,c45936a1ac2d43a5a0e8039cc8865d36df7d783c4155bf8ba797e050bde2dcd9,af|314159|V2PMHC_32819024c05f813a|m0,af|314159|V2PMHC_8fc08fae0f1ffde1|m4,af|314159|V2PMHC_8fc08fae0f1ffde1|m0,6511,complete,6512
raw_calculations/canonical_fixed_charge/af_271828_V2PMHC_9752d8e24d9b0da8_m0.pqr,9c325dcbc7d7ddc7e1cebd18930afa184650300783fe6f9ad53cb964f0a6a3c9,raw_calculations/canonical_pqr/af_271828_V2PMHC_9752d8e24d9b0da8_m0.pqr,3133a8194451643816fa0f1971f4718d31421de802f3a2f8cf9fa693c31540b1,raw_calculations/fixed_charge/af_271828_V2PMHC_9752d8e24d9b0da8_m0.pqr,fcf265f4ff19b6d1bca7108260db8758de03f7a7a095282530050bf390f95401,af|271828|V2PMHC_32819024c05f813a|m0,af|271828|V2PMHC_9752d8e24d9b0da8|m0,af|271828|V2PMHC_9752d8e24d9b0da8|m0,6477,complete,6478
raw_calculations/canonical_fixed_charge/af_271828_V2PMHC_9752d8e24d9b0da8_m1.pqr,90d5fbe0543906bff4c51675bf0f3d8476735ff74222576e06a72ec0666a5a20,raw_calculations/canonical_pqr/af_271828_V2PMHC_9752d8e24d9b0da8_m1.pqr,36cbd047cfefc50d993171dd86d0cdab0b8c36feea7a9b27620ade5e91f7eb8d,raw_calculations/fixed_charge/af_271828_V2PMHC_9752d8e24d9b0da8_m1.pqr,030c32ee96ff751ad1e80024c5aba048ebe2178577321f49807a8710d87b9a29,af|271828|V2PMHC_32819024c05f813a|m0,af|271828|V2PMHC_9752d8e24d9b0da8|m1,af|271828|V2PMHC_9752d8e24d9b0da8|m0,6477,complete,6478
raw_calculations/canonical_fixed_charge/af_271828_V2PMHC_9752d8e24d9b0da8_m2.pqr,f0b413adce69de7c267336ba9977b4a80abae7cf6e94cf6a78fe783e346c41e0,raw_calculations/canonical_pqr/af_271828_V2PMHC_9752d8e24d9b0da8_m2.pqr,63e9a372038b31fd91d37471eabba52d9110eb65d2aa3fb431aa311b01b7f981,raw_calculations/fixed_charge/af_271828_V2PMHC_9752d8e24d9b0da8_m2.pqr,83c36976579175b7d4e106c32a365970c3507ff5bfcd3389e79f19e35e570ef8,af|271828|V2PMHC_32819024c05f813a|m0,af|271828|V2PMHC_9752d8e24d9b0da8|m2,af|271828|V2PMHC_9752d8e24d9b0da8|m0,6476,complete,6478
raw_calculations/canonical_fixed_charge/af_271828_V2PMHC_9752d8e24d9b0da8_m3.pqr,d5a33afca122f485d833b855ad6018ac79f51ab6caaf67cb098b3b266708411e,raw_calculations/canonical_pqr/af_271828_V2PMHC_9752d8e24d9b0da8_m3.pqr,19fe82d72ad3a376d13ff2c0ed02e5638c29f4ce856ae0705825fac902681434,raw_calculations/fixed_charge/af_271828_V2PMHC_9752d8e24d9b0da8_m3.pqr,17121643533baf0a4b1481216bff1c8e00c5c9c5e6cccd12adda9eba0adb737e,af|271828|V2PMHC_32819024c05f813a|m0,af|271828|V2PMHC_9752d8e24d9b0da8|m3,af|271828|V2PMHC_9752d8e24d9b0da8|m0,6477,complete,6478
raw_calculations/canonical_fixed_charge/af_271828_V2PMHC_9752d8e24d9b0da8_m4.pqr,de690e16c197a14a85bcb6962cacc3011b134eb6968aed7b7a8b2ff8edf84890,raw_calculations/canonical_pqr/af_271828_V2PMHC_9752d8e24d9b0da8_m4.pqr,95530a9f07ac6f2d716c75046b4b6949c1d9ab7fe67eb8fe367716b42cd98018,raw_calculations/fixed_charge/af_271828_V2PMHC_9752d8e24d9b0da8_m4.pqr,2ecfa9c9d5d973a053fd55520e02296921ea20fea10d24bbc71c713ae1cd00e8,af|271828|V2PMHC_32819024c05f813a|m0,af|271828|V2PMHC_9752d8e24d9b0da8|m4,af|271828|V2PMHC_9752d8e24d9b0da8|m0,6477,complete,6478
raw_calculations/canonical_fixed_charge/af_314159_V2PMHC_9752d8e24d9b0da8_m0.pqr,42df2ee0f4736e7d5555241fa261337fd5bd39d908eec7680508d0276e3b55c2,raw_calculations/canonical_pqr/af_314159_V2PMHC_9752d8e24d9b0da8_m0.pqr,23ce2bf8c9272356cdc26840ae1951c960abe3c03ef191daed9b8c3fcbb84a0d,raw_calculations/fixed_charge/af_314159_V2PMHC_9752d8e24d9b0da8_m0.pqr,d04ad3329e757232008e998b8888e64e475231f362d60507583fa85b275b0921,af|314159|V2PMHC_32819024c05f813a|m0,af|314159|V2PMHC_9752d8e24d9b0da8|m0,af|314159|V2PMHC_9752d8e24d9b0da8|m2,6477,complete,6478
raw_calculations/canonical_fixed_charge/af_314159_V2PMHC_9752d8e24d9b0da8_m1.pqr,5ee321b346982c51ce393da8645dadf385bba5738325a5cf0ca2d038d5cd69ce,raw_calculations/canonical_pqr/af_314159_V2PMHC_9752d8e24d9b0da8_m1.pqr,ba5ed6a6962a059c63f3ec62eab91a1a24eeb72fbafe29995ded99186e6a719b,raw_calculations/fixed_charge/af_314159_V2PMHC_9752d8e24d9b0da8_m1.pqr,ae6b56d5f2b61391d4672d007be948c34e3d9212d3fdb019c8760dab92183b42,af|314159|V2PMHC_32819024c05f813a|m0,af|314159|V2PMHC_9752d8e24d9b0da8|m1,af|314159|V2PMHC_9752d8e24d9b0da8|m2,6477,complete,6478
raw_calculations/canonical_fixed_charge/af_314159_V2PMHC_9752d8e24d9b0da8_m2.pqr,f2149a1e8293c658d81327ea0c6436ad6c114a5003b4d9a0a9578472d13501b5,raw_calculations/canonical_pqr/af_314159_V2PMHC_9752d8e24d9b0da8_m2.pqr,dd94b87759a3018de15c3318591930b07b66c994381af4b57cd44718c75d91cd,raw_calculations/fixed_charge/af_314159_V2PMHC_9752d8e24d9b0da8_m2.pqr,30361fb939bf7f0bc4010c4979580406457edf29db52ca72f8578d463b781cc6,af|314159|V2PMHC_32819024c05f813a|m0,af|314159|V2PMHC_9752d8e24d9b0da8|m2,af|314159|V2PMHC_9752d8e24d9b0da8|m2,6477,complete,6478
raw_calculations/canonical_fixed_charge/af_314159_V2PMHC_9752d8e24d9b0da8_m3.pqr,53c94826abe7900ddfaa81a0ac83d1431d5ba0607ad0dd1db93c5a6181420f91,raw_calculations/canonical_pqr/af_314159_V2PMHC_9752d8e24d9b0da8_m3.pqr,89809313cc0ce12cc199d4203f161e6efaf743a90be74009ee5c8d8dfae00658,raw_calculations/fixed_charge/af_314159_V2PMHC_9752d8e24d9b0da8_m3.pqr,4d171ab7a2de4a3bb30a4016651e7c38c4d9eba19a054df8ddcc1f51e7c5520a,af|314159|V2PMHC_32819024c05f813a|m0,af|314159|V2PMHC_9752d8e24d9b0da8|m3,af|314159|V2PMHC_9752d8e24d9b0da8|m2,6477,complete,6478
raw_calculations/canonical_fixed_charge/af_314159_V2PMHC_9752d8e24d9b0da8_m4.pqr,f8ee97dc55d6b78e918198323ae54c7a83a1b89b0eb33c2f59511abb00f1ca9f,raw_calculations/canonical_pqr/af_314159_V2PMHC_9752d8e24d9b0da8_m4.pqr,bff06a16666b520176842b965af4c5a123e2f8efc95752d6435c25fc017ed894,raw_calculations/fixed_charge/af_314159_V2PMHC_9752d8e24d9b0da8_m4.pqr,cb049adc430a5f8434eefdc6d6029ca94b798c22d18eec5e8c1f5c399273a001,af|314159|V2PMHC_32819024c05f813a|m0,af|314159|V2PMHC_9752d8e24d9b0da8|m4,af|314159|V2PMHC_9752d8e24d9b0da8|m2,6477,complete,6478
raw_calculations/canonical_fixed_charge/af_271828_V2PMHC_9894a39c837e8dff_m0.pqr,08e7992246e5901527b9557fbb65074e62fce3289210e2f9848c26aa8d1fcf51,raw_calculations/canonical_pqr/af_271828_V2PMHC_9894a39c837e8dff_m0.pqr,8e8e3ae048c095951914adf841ba319b25191863037343632619a00a54c8a628,raw_calculations/fixed_charge/af_271828_V2PMHC_9894a39c837e8dff_m0.pqr,efd0de12b93d98015704c4cf7f2857e998d74c2624b82b02f6bc83aff4d12c73,af|271828|V2PMHC_32819024c05f813a|m0,af|271828|V2PMHC_9894a39c837e8dff|m0,af|271828|V2PMHC_9894a39c837e8dff|m0,6494,complete,6496
raw_calculations/canonical_fixed_charge/af_271828_V2PMHC_9894a39c837e8dff_m1.pqr,349af1a500357f48307917e3d3efcbdbdcce367b6e405f4eeecae65e00ce8717,raw_calculations/canonical_pqr/af_271828_V2PMHC_9894a39c837e8dff_m1.pqr,ef88b3a6c0ac197ededf95edd39cae83cd4dca8d2a100ed26da0bdb0cd762b75,raw_calculations/fixed_charge/af_271828_V2PMHC_9894a39c837e8dff_m1.pqr,e551e1e41024ad51c456c0100fe357266e759798060c85ee502988cbca9b9f25,af|271828|V2PMHC_32819024c05f813a|m0,af|271828|V2PMHC_9894a39c837e8dff|m1,af|271828|V2PMHC_9894a39c837e8dff|m0,6494,complete,6496
raw_calculations/canonical_fixed_charge/af_271828_V2PMHC_9894a39c837e8dff_m2.pqr,bd4554296bd8d8b3b73d8f084769c25d4d4474acb15b26364f6bcfc87ef194be,raw_calculations/canonical_pqr/af_271828_V2PMHC_9894a39c837e8dff_m2.pqr,c288072af2ed537e9ff318409f2b1f2a1f44e8881e04529cf0ec85f651406a66,raw_calculations/fixed_charge/af_271828_V2PMHC_9894a39c837e8dff_m2.pqr,c8f791ae66cbe85bf7852ab4bc165726e13fac2dd280f8833f147e1f996ac94c,af|271828|V2PMHC_32819024c05f813a|m0,af|271828|V2PMHC_9894a39c837e8dff|m2,af|271828|V2PMHC_9894a39c837e8dff|m0,6494,complete,6496
raw_calculations/canonical_fixed_charge/af_271828_V2PMHC_9894a39c837e8dff_m3.pqr,710fb6f4460517707d113cea9525e584eff9ec8b3b704d025514c33bddc7ada9,raw_calculations/canonical_pqr/af_271828_V2PMHC_9894a39c837e8dff_m3.pqr,5b20cb8a0835ef57aa936cfd4d435a6f56332c020473c21de622fc25a4a4e3c1,raw_calculations/fixed_charge/af_271828_V2PMHC_9894a39c837e8dff_m3.pqr,920946267803a7a4c37cac7ebd78d560656344893b48e4ee818f0ea9be51a8d4,af|271828|V2PMHC_32819024c05f813a|m0,af|271828|V2PMHC_9894a39c837e8dff|m3,af|271828|V2PMHC_9894a39c837e8dff|m0,6494,complete,6496
raw_calculations/canonical_fixed_charge/af_271828_V2PMHC_9894a39c837e8dff_m4.pqr,946c2db4b379099811a3836515df6274f9b7df8bb7acb926efa062702154f8d8,raw_calculations/canonical_pqr/af_271828_V2PMHC_9894a39c837e8dff_m4.pqr,461d4ffc3565c0d8f28376e35eff65eb008970d8b290b13b8b34a5b5ce097e55,raw_calculations/fixed_charge/af_271828_V2PMHC_9894a39c837e8dff_m4.pqr,5cf6b06b0976994689058d411ec22713e2b6434fed8afaf01466ccce4ad12840,af|271828|V2PMHC_32819024c05f813a|m0,af|271828|V2PMHC_9894a39c837e8dff|m4,af|271828|V2PMHC_9894a39c837e8dff|m0,6494,complete,6496
raw_calculations/canonical_fixed_charge/af_314159_V2PMHC_9894a39c837e8dff_m0.pqr,54abc4ec5fc4d37fc8703aed005e876cdd1f5d755dcf299f5c87f358f1d65296,raw_calculations/canonical_pqr/af_314159_V2PMHC_9894a39c837e8dff_m0.pqr,f53b1abda501f44fa548abc5a1c02b78d442ab125f9bd9a2b9f34dff838d8a5c,raw_calculations/fixed_charge/af_314159_V2PMHC_9894a39c837e8dff_m0.pqr,9cdd8709851e8c71ced5a2ec0dc4e1c2be4e80cd3f2d6a0c67338e9f9ae3c96e,af|314159|V2PMHC_32819024c05f813a|m0,af|314159|V2PMHC_9894a39c837e8dff|m0,af|314159|V2PMHC_9894a39c837e8dff|m0,6494,complete,6496
raw_calculations/canonical_fixed_charge/af_314159_V2PMHC_9894a39c837e8dff_m1.pqr,b47b6d0bc5e02ef3e8b23b8a3e7e69e9203c006f05b588ca238fe6bda97ea0de,raw_calculations/canonical_pqr/af_314159_V2PMHC_9894a39c837e8dff_m1.pqr,b066cb40b69080837baf838b9dc80abe80d36789be231ac5e49028ec6e5f8ecc,raw_calculations/fixed_charge/af_314159_V2PMHC_9894a39c837e8dff_m1.pqr,4916060660bca8adab4dab645af2e645ff9b202cfacbb17fee9e5db45cedafc1,af|314159|V2PMHC_32819024c05f813a|m0,af|314159|V2PMHC_9894a39c837e8dff|m1,af|314159|V2PMHC_9894a39c837e8dff|m0,6494,complete,6496
raw_calculations/canonical_fixed_charge/af_314159_V2PMHC_9894a39c837e8dff_m2.pqr,c36399d747554d21a4925011f139552bd6dfc7d189509874a2e5139d3addc30b,raw_calculations/canonical_pqr/af_314159_V2PMHC_9894a39c837e8dff_m2.pqr,430d12d4dc8d0893b03b1b3391834aff7c6f6f3e24fb9b96d5e0acb5765b6c1b,raw_calculations/fixed_charge/af_314159_V2PMHC_9894a39c837e8dff_m2.pqr,ebf1e298c1e47c5141fa4f3ac122a88247ab5d1574ff11b916ce7b9628544b17,af|314159|V2PMHC_32819024c05f813a|m0,af|314159|V2PMHC_9894a39c837e8dff|m2,af|314159|V2PMHC_9894a39c837e8dff|m0,6494,complete,6496
raw_calculations/canonical_fixed_charge/af_314159_V2PMHC_9894a39c837e8dff_m3.pqr,ce933aa3e370b015a232da9ec1358074a2371905ae58f3dbeb5a208fbcdaf7f9,raw_calculations/canonical_pqr/af_314159_V2PMHC_9894a39c837e8dff_m3.pqr,c0ccec50a1ecaa15fdccf79e80d9ae1cb9f8a0b4c8cc4ea13d153729b1b02d6f,raw_calculations/fixed_charge/af_314159_V2PMHC_9894a39c837e8dff_m3.pqr,c95d7a0855f6c58a37a10270292aead8654837b8f7ccdb2931146ed7d3c606fb,af|314159|V2PMHC_32819024c05f813a|m0,af|314159|V2PMHC_9894a39c837e8dff|m3,af|314159|V2PMHC_9894a39c837e8dff|m0,6494,complete,6496
raw_calculations/canonical_fixed_charge/af_314159_V2PMHC_9894a39c837e8dff_m4.pqr,0f33851c956efb798dfad8efb718eb220ef30de3b53f8e5a2618c961b3281a72,raw_calculations/canonical_pqr/af_314159_V2PMHC_9894a39c837e8dff_m4.pqr,362432cefc8bbf01dbc6041c6a387ca5e84f6f3f6fe172340778f42846190606,raw_calculations/fixed_charge/af_314159_V2PMHC_9894a39c837e8dff_m4.pqr,a41bdf4208921ac0db4cbbd2017a3b1feb7c4c60454e6fa967b592cbeec10dbb,af|314159|V2PMHC_32819024c05f813a|m0,af|314159|V2PMHC_9894a39c837e8dff|m4,af|314159|V2PMHC_9894a39c837e8dff|m0,6494,complete,6496
raw_calculations/canonical_fixed_charge/af_271828_V2PMHC_a9689c9b7442faad_m0.pqr,132de5e8682a9397f1902c5a3c0237f1ac7efd8f25f4e7fc16edc60dd5464406,raw_calculations/canonical_pqr/af_271828_V2PMHC_a9689c9b7442faad_m0.pqr,3c2b14ce98ef1e1e96c6fefe77c0d6678bc0ea49e5d77c27a1b29245da64a5e1,raw_calculations/fixed_charge/af_271828_V2PMHC_a9689c9b7442faad_m0.pqr,cbdaa08872eecb3d6f1c5833312da44e507a1f195a6b9d9d037e7bc887fb3b11,af|271828|V2PMHC_32819024c05f813a|m0,af|271828|V2PMHC_a9689c9b7442faad|m0,af|271828|V2PMHC_a9689c9b7442faad|m1,6497,complete,6499
raw_calculations/canonical_fixed_charge/af_271828_V2PMHC_a9689c9b7442faad_m1.pqr,3b40c2424b56edbb9931447f5e31d74882e1da10811c0d18fdbc4c5881e8b90c,raw_calculations/canonical_pqr/af_271828_V2PMHC_a9689c9b7442faad_m1.pqr,90977d163ac71948a986e2e2b3779b05b2fa3349767a9df2648b323699b5d6b2,raw_calculations/fixed_charge/af_271828_V2PMHC_a9689c9b7442faad_m1.pqr,1bd8cf0ec24ac62d05dd3e7aa4f31ff7d7ef2d66648d2306a62c0a73e3e4485b,af|271828|V2PMHC_32819024c05f813a|m0,af|271828|V2PMHC_a9689c9b7442faad|m1,af|271828|V2PMHC_a9689c9b7442faad|m1,6497,complete,6499
raw_calculations/canonical_fixed_charge/af_271828_V2PMHC_a9689c9b7442faad_m2.pqr,98bc25603fa99d945cd5fa835f8c5f2e0d98e241d9506a35690cca377046f4a1,raw_calculations/canonical_pqr/af_271828_V2PMHC_a9689c9b7442faad_m2.pqr,02eaca64a25490346770e97d0ef6026bb30166b8b4e4ec45b216fbf0edd936a7,raw_calculations/fixed_charge/af_271828_V2PMHC_a9689c9b7442faad_m2.pqr,0884742e4151f3448c0ebeac29c4e8167ccc2d24079cbb39b7075c811767d9a8,af|271828|V2PMHC_32819024c05f813a|m0,af|271828|V2PMHC_a9689c9b7442faad|m2,af|271828|V2PMHC_a9689c9b7442faad|m1,6498,complete,6499
raw_calculations/canonical_fixed_charge/af_271828_V2PMHC_a9689c9b7442faad_m3.pqr,7bc53acd4ba19b43b8fb33cdc78fd0b7ed65ab77376268e871bdc3f2621bc40c,raw_calculations/canonical_pqr/af_271828_V2PMHC_a9689c9b7442faad_m3.pqr,330508e749ea3325b42eb82114410067bc892cd390c1dad8dbcd74b7380c3ac9,raw_calculations/fixed_charge/af_271828_V2PMHC_a9689c9b7442faad_m3.pqr,440e4ad28f7ca3be024d97e5e36cd4e1ce1adde57aee3ae5ce1482653194aaa5,af|271828|V2PMHC_32819024c05f813a|m0,af|271828|V2PMHC_a9689c9b7442faad|m3,af|271828|V2PMHC_a9689c9b7442faad|m1,6498,complete,6499
raw_calculations/canonical_fixed_charge/af_271828_V2PMHC_a9689c9b7442faad_m4.pqr,ec3b108c8c3114e68c735461322f2eaf6a3ddfa341e0eb52657328844b87ccd5,raw_calculations/canonical_pqr/af_271828_V2PMHC_a9689c9b7442faad_m4.pqr,996ed867129f31be7086c59d6b7c7a314d203aae0189acdd15ad70b4517465fd,raw_calculations/fixed_charge/af_271828_V2PMHC_a9689c9b7442faad_m4.pqr,97c441edfcadcbc66e39ba557d3aaa07fd0106e41ae7697beb73041f495d921e,af|271828|V2PMHC_32819024c05f813a|m0,af|271828|V2PMHC_a9689c9b7442faad|m4,af|271828|V2PMHC_a9689c9b7442faad|m1,6497,complete,6499
raw_calculations/canonical_fixed_charge/af_314159_V2PMHC_a9689c9b7442faad_m0.pqr,b9105b03e3ce9c2c0820ebe69876b40c34f909c28320e94095a335acfd80ceed,raw_calculations/canonical_pqr/af_314159_V2PMHC_a9689c9b7442faad_m0.pqr,244afcbab5d00ef113482eca06c93c3cea8eac888451989c3e475689ffb5eb9e,raw_calculations/fixed_charge/af_314159_V2PMHC_a9689c9b7442faad_m0.pqr,f713f81c574f4031b823fa884bd9a274f539f4a47d1c3d8c9b68a8c811665a80,af|314159|V2PMHC_32819024c05f813a|m0,af|314159|V2PMHC_a9689c9b7442faad|m0,af|314159|V2PMHC_a9689c9b7442faad|m0,6497,complete,6499
raw_calculations/canonical_fixed_charge/af_314159_V2PMHC_a9689c9b7442faad_m1.pqr,5d8b0bf986028fce95a088095d76ba01325bbcb5ebcd2ed4c05a3648bbbb1ed9,raw_calculations/canonical_pqr/af_314159_V2PMHC_a9689c9b7442faad_m1.pqr,a01e5c6723f0eb7dae3cf036ef53fc8d6595ae10cdabe8a6ff6a5d0240d61937,raw_calculations/fixed_charge/af_314159_V2PMHC_a9689c9b7442faad_m1.pqr,a008513f34d4066334d65855945966bcec9ac3c89aece530806c1821d139fdbb,af|314159|V2PMHC_32819024c05f813a|m0,af|314159|V2PMHC_a9689c9b7442faad|m1,af|314159|V2PMHC_a9689c9b7442faad|m0,6497,complete,6499
raw_calculations/canonical_fixed_charge/af_314159_V2PMHC_a9689c9b7442faad_m2.pqr,1c5ed9978590207c4857dd3562e69e5dcb90d5aa9c8d4b974dd1e85b60f5e8f4,raw_calculations/canonical_pqr/af_314159_V2PMHC_a9689c9b7442faad_m2.pqr,14245717bc11a45fc69c714e2f595ae9560a73f8ea193d1659a8beda9b8e56c1,raw_calculations/fixed_charge/af_314159_V2PMHC_a9689c9b7442faad_m2.pqr,c6f70bd1d67ff9aa9f58c90bd7e4507ec1292e0262563a3b110ab32534fe9942,af|314159|V2PMHC_32819024c05f813a|m0,af|314159|V2PMHC_a9689c9b7442faad|m2,af|314159|V2PMHC_a9689c9b7442faad|m0,6497,complete,6499
raw_calculations/canonical_fixed_charge/af_314159_V2PMHC_a9689c9b7442faad_m3.pqr,b205c3002b18cd3bd3bae0adc902ba326dd85009e2c2b948cefcf5579aa90db9,raw_calculations/canonical_pqr/af_314159_V2PMHC_a9689c9b7442faad_m3.pqr,53cdc0cf2082b78b7ac5bcf4c2d2435cfdd9898d84c22a8ad78e1f3a4aab2c18,raw_calculations/fixed_charge/af_314159_V2PMHC_a9689c9b7442faad_m3.pqr,4c6f1678836ae4524942337b29fd9f8b6c558a5ce614f9f324c569e23445f098,af|314159|V2PMHC_32819024c05f813a|m0,af|314159|V2PMHC_a9689c9b7442faad|m3,af|314159|V2PMHC_a9689c9b7442faad|m0,6497,complete,6499
raw_calculations/canonical_fixed_charge/af_314159_V2PMHC_a9689c9b7442faad_m4.pqr,2d669c61235a8a0280fdb7ada6c1099d1cd49b7d38ef614a976378700fc301f2,raw_calculations/canonical_pqr/af_314159_V2PMHC_a9689c9b7442faad_m4.pqr,7669879dfb9783a53004b49e05809280ad08fb40778b126187f170549ab45f78,raw_calculations/fixed_charge/af_314159_V2PMHC_a9689c9b7442faad_m4.pqr,683fc26406d135aed315b38f76d4a1bcfd6eb265b59c72654f932d9aa77347ef,af|314159|V2PMHC_32819024c05f813a|m0,af|314159|V2PMHC_a9689c9b7442faad|m4,af|314159|V2PMHC_a9689c9b7442faad|m0,6497,complete,6500
raw_calculations/canonical_fixed_charge/af_271828_V2PMHC_aca4d95566b71e51_m0.pqr,b230148f4461c6a1957f6b4a53703c15f3724b973bd39529cf25c3baf3e6bd87,raw_calculations/canonical_pqr/af_271828_V2PMHC_aca4d95566b71e51_m0.pqr,fd4734b874082243d036890eab492d2ba8c7941c04790f1b22c32534a0e78eea,raw_calculations/fixed_charge/af_271828_V2PMHC_aca4d95566b71e51_m0.pqr,56d4543e2226a49ea57fac2a6ed3f371a7169b1b5bcae18687c33863667d6ae1,af|271828|V2PMHC_059a1481886fcb83|m0,af|271828|V2PMHC_aca4d95566b71e51|m0,af|271828|V2PMHC_aca4d95566b71e51|m0,6166,complete,6167
raw_calculations/canonical_fixed_charge/af_271828_V2PMHC_aca4d95566b71e51_m1.pqr,3d9443e84cef57332d1f58d3cf77bb19cab7c2fde97102a87a816b0824bd6e1e,raw_calculations/canonical_pqr/af_271828_V2PMHC_aca4d95566b71e51_m1.pqr,b7c9906c1bb030e6eac7ef4dd0589ee5a22d961ce9cb9ae98154616bc9d8552c,raw_calculations/fixed_charge/af_271828_V2PMHC_aca4d95566b71e51_m1.pqr,f8911f69805aba185e23373acbf77a6d4ab89d9972d1bb1470dfa7c9159ae433,af|271828|V2PMHC_059a1481886fcb83|m0,af|271828|V2PMHC_aca4d95566b71e51|m1,af|271828|V2PMHC_aca4d95566b71e51|m0,6167,complete,6168
raw_calculations/canonical_fixed_charge/af_271828_V2PMHC_aca4d95566b71e51_m2.pqr,fa41010ef273469e9560ead4059520963e8c4e391e12a6050a68b08f27a1a312,raw_calculations/canonical_pqr/af_271828_V2PMHC_aca4d95566b71e51_m2.pqr,7493c6b4e2916f2487eccb0be159dc2dc8be194be3c0fd93496a6fe2efd0b723,raw_calculations/fixed_charge/af_271828_V2PMHC_aca4d95566b71e51_m2.pqr,aec8fa7c35ba07e0998b18b3da76f09d5c8c427a71e6501c4486360937a2df28,af|271828|V2PMHC_059a1481886fcb83|m0,af|271828|V2PMHC_aca4d95566b71e51|m2,af|271828|V2PMHC_aca4d95566b71e51|m0,6167,complete,6169
raw_calculations/canonical_fixed_charge/af_271828_V2PMHC_aca4d95566b71e51_m3.pqr,a482a777c85ed4f82de04d30adc6567041c145c1c87f880de72309415a08a93c,raw_calculations/canonical_pqr/af_271828_V2PMHC_aca4d95566b71e51_m3.pqr,a482a777c85ed4f82de04d30adc6567041c145c1c87f880de72309415a08a93c,raw_calculations/fixed_charge/af_271828_V2PMHC_aca4d95566b71e51_m3.pqr,f7afe2014c50c7b607beba3bf547090c365f2ca61b47df83774c5bb6ed8fcbeb,af|271828|V2PMHC_059a1481886fcb83|m0,af|271828|V2PMHC_aca4d95566b71e51|m3,af|271828|V2PMHC_aca4d95566b71e51|m0,6168,complete,6168
raw_calculations/canonical_fixed_charge/af_271828_V2PMHC_aca4d95566b71e51_m4.pqr,81a3a976b2d9671879f1b21ce6c1ea7f43f9c5f77953a2adb4e388bad73e1268,raw_calculations/canonical_pqr/af_271828_V2PMHC_aca4d95566b71e51_m4.pqr,81a3a976b2d9671879f1b21ce6c1ea7f43f9c5f77953a2adb4e388bad73e1268,raw_calculations/fixed_charge/af_271828_V2PMHC_aca4d95566b71e51_m4.pqr,7f6191c80a22decd3d7a8afd1f435439499d73adc3993db2e60802d08886b3b8,af|271828|V2PMHC_059a1481886fcb83|m0,af|271828|V2PMHC_aca4d95566b71e51|m4,af|271828|V2PMHC_aca4d95566b71e51|m0,6168,complete,6168
raw_calculations/canonical_fixed_charge/af_314159_V2PMHC_aca4d95566b71e51_m0.pqr,60f540a03fe5a704cabebc5189f566fae2c0291514e0d58fc7de6dd8b3450c64,raw_calculations/canonical_pqr/af_314159_V2PMHC_aca4d95566b71e51_m0.pqr,08220067a9bb78714ea238009fe33b6daa04ec8cdcb5f52fbc60f7fd684639f4,raw_calculations/fixed_charge/af_314159_V2PMHC_aca4d95566b71e51_m0.pqr,966bab2771b31bb16b4294019f02b3a80270f455f72fda07afd504cb47ce55c3,af|314159|V2PMHC_059a1481886fcb83|m0,af|314159|V2PMHC_aca4d95566b71e51|m0,af|314159|V2PMHC_aca4d95566b71e51|m0,6166,complete,6168
raw_calculations/canonical_fixed_charge/af_314159_V2PMHC_aca4d95566b71e51_m1.pqr,986f73162671e12233715c0a79dbe01a609a2a96ce89a34073211ae83008369a,raw_calculations/canonical_pqr/af_314159_V2PMHC_aca4d95566b71e51_m1.pqr,0ef496d521e24faad61d24acf929651d0e0f23be87791b8ce1295883cde323f1,raw_calculations/fixed_charge/af_314159_V2PMHC_aca4d95566b71e51_m1.pqr,64373dbaa5032befeff49901d50d471616f7fc5aa1bae2d690987858f51e40b3,af|314159|V2PMHC_059a1481886fcb83|m0,af|314159|V2PMHC_aca4d95566b71e51|m1,af|314159|V2PMHC_aca4d95566b71e51|m0,6166,complete,6167
raw_calculations/canonical_fixed_charge/af_314159_V2PMHC_aca4d95566b71e51_m2.pqr,793691631173e94ce139e457b6a616a0cbff5d1e8a451082728b29b5323165f8,raw_calculations/canonical_pqr/af_314159_V2PMHC_aca4d95566b71e51_m2.pqr,793691631173e94ce139e457b6a616a0cbff5d1e8a451082728b29b5323165f8,raw_calculations/fixed_charge/af_314159_V2PMHC_aca4d95566b71e51_m2.pqr,ac37a4598cc18c5d7bcce9fc83419ac009abaaea2078022291af459bda7348ef,af|314159|V2PMHC_059a1481886fcb83|m0,af|314159|V2PMHC_aca4d95566b71e51|m2,af|314159|V2PMHC_aca4d95566b71e51|m0,6167,complete,6167
raw_calculations/canonical_fixed_charge/af_314159_V2PMHC_aca4d95566b71e51_m3.pqr,ad51816aa65ecdc30a978c27ae58f3e5bc40fdfc022a074988c62086b09fe13d,raw_calculations/canonical_pqr/af_314159_V2PMHC_aca4d95566b71e51_m3.pqr,fec5e9dbf843dc0071e4d9daa41b42dbe63bda7817b49d486cb67928380edca0,raw_calculations/fixed_charge/af_314159_V2PMHC_aca4d95566b71e51_m3.pqr,efe7d4004a6999207e6d6fe9408da2ab7e9578cc970204710e252aed7aab5c80,af|314159|V2PMHC_059a1481886fcb83|m0,af|314159|V2PMHC_aca4d95566b71e51|m3,af|314159|V2PMHC_aca4d95566b71e51|m0,6166,complete,6167
raw_calculations/canonical_fixed_charge/af_314159_V2PMHC_aca4d95566b71e51_m4.pqr,2618ba1716aff09b6c7b0ba235483fa2e41016b48a4ed84cd565179a88bbdc22,raw_calculations/canonical_pqr/af_314159_V2PMHC_aca4d95566b71e51_m4.pqr,2618ba1716aff09b6c7b0ba235483fa2e41016b48a4ed84cd565179a88bbdc22,raw_calculations/fixed_charge/af_314159_V2PMHC_aca4d95566b71e51_m4.pqr,bf4b70250432777355f6863f163c80a35f9fc387e47a163f9be1c75a93cb2d88,af|314159|V2PMHC_059a1481886fcb83|m0,af|314159|V2PMHC_aca4d95566b71e51|m4,af|314159|V2PMHC_aca4d95566b71e51|m0,6167,complete,6167
raw_calculations/canonical_fixed_charge/af_271828_V2PMHC_b9515727297f20be_m0.pqr,a2b44e66106501ad1e470303d2386a4b73bac042e0076376e44743a1eadfb732,raw_calculations/canonical_pqr/af_271828_V2PMHC_b9515727297f20be_m0.pqr,dc736a7c446e1b4c89d7ccf7426288db23ed479409c9dde1fc1902eaf4c8ac6a,raw_calculations/fixed_charge/af_271828_V2PMHC_b9515727297f20be_m0.pqr,5cb50cc675e19a5cc4be7e0d2ee97402c650c672c5ed2b567138a326f32e5f68,af|271828|V2PMHC_32819024c05f813a|m0,af|271828|V2PMHC_b9515727297f20be|m0,af|271828|V2PMHC_b9515727297f20be|m0,6437,complete,6439
raw_calculations/canonical_fixed_charge/af_271828_V2PMHC_b9515727297f20be_m1.pqr,9841fbf3c528758e55fc20fb482a9628b910fc04b09a1dfa6f30914394a6dbaf,raw_calculations/canonical_pqr/af_271828_V2PMHC_b9515727297f20be_m1.pqr,9a41de44081b60cf8804df414607d4c022ccd4306d48611eb0a71c686740e4e4,raw_calculations/fixed_charge/af_271828_V2PMHC_b9515727297f20be_m1.pqr,59da72092169599d7bdb9a0cc87a5d93d9237617db7828b9288015689917f16f,af|271828|V2PMHC_32819024c05f813a|m0,af|271828|V2PMHC_b9515727297f20be|m1,af|271828|V2PMHC_b9515727297f20be|m0,6437,complete,6439
raw_calculations/canonical_fixed_charge/af_271828_V2PMHC_b9515727297f20be_m2.pqr,27ca257860f54f4c89512b7026a9fece95669b48673c38362f60e43eb1b81626,raw_calculations/canonical_pqr/af_271828_V2PMHC_b9515727297f20be_m2.pqr,96a4198b3bc1747f3f17bcc025c1be0cd594ca27fd086b14c729944d7dc09b10,raw_calculations/fixed_charge/af_271828_V2PMHC_b9515727297f20be_m2.pqr,12dab8fc0820390c0c820151146b63f3e3b25a7cab2d733802ae73bb4c433bca,af|271828|V2PMHC_32819024c05f813a|m0,af|271828|V2PMHC_b9515727297f20be|m2,af|271828|V2PMHC_b9515727297f20be|m0,6437,complete,6439
raw_calculations/canonical_fixed_charge/af_271828_V2PMHC_b9515727297f20be_m3.pqr,e1dcca5224f5a48b4c11fe5d452892cdaa282bf2b24f469ac6db154fd9d3b9c3,raw_calculations/canonical_pqr/af_271828_V2PMHC_b9515727297f20be_m3.pqr,8b82906275ab511210cd471f710ced91b97583ebfe4d2d903a73fa7b4ff0dcd4,raw_calculations/fixed_charge/af_271828_V2PMHC_b9515727297f20be_m3.pqr,d3f4dd3a77b64041d43c667e15cc7767e3cad9202194735fb6f1390fba9b6fd6,af|271828|V2PMHC_32819024c05f813a|m0,af|271828|V2PMHC_b9515727297f20be|m3,af|271828|V2PMHC_b9515727297f20be|m0,6437,complete,6439
raw_calculations/canonical_fixed_charge/af_271828_V2PMHC_b9515727297f20be_m4.pqr,4c05147adf9aaf5d5b6aaf69fa4e70b41e5739921513770ef5799f5f9651e24c,raw_calculations/canonical_pqr/af_271828_V2PMHC_b9515727297f20be_m4.pqr,2b1b921163b33650dcfb8bb3f635f93c2a7d0308dafc6cb09a08602b8aea482a,raw_calculations/fixed_charge/af_271828_V2PMHC_b9515727297f20be_m4.pqr,6ba0b98c7394c4afda1233ad1aa2ca02ef43692344555e4dab8cc8dbca488296,af|271828|V2PMHC_32819024c05f813a|m0,af|271828|V2PMHC_b9515727297f20be|m4,af|271828|V2PMHC_b9515727297f20be|m0,6436,complete,6439
raw_calculations/canonical_fixed_charge/af_314159_V2PMHC_b9515727297f20be_m0.pqr,11218d2e33fe796457e1ad67691dfb75fb3a0d3597f84030c2cbf79a5be2fd24,raw_calculations/canonical_pqr/af_314159_V2PMHC_b9515727297f20be_m0.pqr,f6dc28ad415ae08072f391356b5210cd4a92ef3f17f7b7c6470f7b6310b59fe7,raw_calculations/fixed_charge/af_314159_V2PMHC_b9515727297f20be_m0.pqr,261d6e359587696108b21d40bfcd375d1a27936630bf529f6d853088e3f4fbf6,af|314159|V2PMHC_32819024c05f813a|m0,af|314159|V2PMHC_b9515727297f20be|m0,af|314159|V2PMHC_b9515727297f20be|m0,6437,complete,6439
raw_calculations/canonical_fixed_charge/af_314159_V2PMHC_b9515727297f20be_m1.pqr,93dea5ce39cba815a720cad9e435cb14aa6a34a7ab8488cf6c4ddab88c20e020,raw_calculations/canonical_pqr/af_314159_V2PMHC_b9515727297f20be_m1.pqr,3199c71ccd8fd091216e1bcac87d64750ecdb2bac64dc251b9e3294289f0e5b5,raw_calculations/fixed_charge/af_314159_V2PMHC_b9515727297f20be_m1.pqr,ebfbc055f6303f0e52351296714f3c71ad861d44f20cffdb4313361d90d6eeff,af|314159|V2PMHC_32819024c05f813a|m0,af|314159|V2PMHC_b9515727297f20be|m1,af|314159|V2PMHC_b9515727297f20be|m0,6437,complete,6439
raw_calculations/canonical_fixed_charge/af_314159_V2PMHC_b9515727297f20be_m2.pqr,6ce050a812cccb5c956f85ad331da26ab828a38d969b8ecef74b0a669e3a739e,raw_calculations/canonical_pqr/af_314159_V2PMHC_b9515727297f20be_m2.pqr,f1fb58ebac0da4375cdb23109c8594189bd6ae3f5390bbe3124dd97536baa980,raw_calculations/fixed_charge/af_314159_V2PMHC_b9515727297f20be_m2.pqr,9d2256c7e7a295a50737c745f921644ea6acf1eb79430f6a0a18b8d3c500ccf0,af|314159|V2PMHC_32819024c05f813a|m0,af|314159|V2PMHC_b9515727297f20be|m2,af|314159|V2PMHC_b9515727297f20be|m0,6437,complete,6439
raw_calculations/canonical_fixed_charge/af_314159_V2PMHC_b9515727297f20be_m3.pqr,ec843d06e3a9e35b37e7454f168bbbe952b5273011af59746a809df01c21a3dd,raw_calculations/canonical_pqr/af_314159_V2PMHC_b9515727297f20be_m3.pqr,24428989532362af83dec621209a9f037392fdbcc06352c741b41012e4a42c72,raw_calculations/fixed_charge/af_314159_V2PMHC_b9515727297f20be_m3.pqr,022128e83bcc7247dba5df718de3dec13a0168df8330e82ce9add0436374d324,af|314159|V2PMHC_32819024c05f813a|m0,af|314159|V2PMHC_b9515727297f20be|m3,af|314159|V2PMHC_b9515727297f20be|m0,6437,complete,6439
raw_calculations/canonical_fixed_charge/af_314159_V2PMHC_b9515727297f20be_m4.pqr,411a538716b7709335fcbdd6b6f3ebfd40b08ad59ef591c6597c04312f8fe147,raw_calculations/canonical_pqr/af_314159_V2PMHC_b9515727297f20be_m4.pqr,d30d09812338f0b3821bcd61885e11c0eac1dd73008bcb840a0b60b9bc35f9f8,raw_calculations/fixed_charge/af_314159_V2PMHC_b9515727297f20be_m4.pqr,21f78911f7b667fcd1efbd79fd981cde394fb8df1262c1bb56cf7f885ef1fe55,af|314159|V2PMHC_32819024c05f813a|m0,af|314159|V2PMHC_b9515727297f20be|m4,af|314159|V2PMHC_b9515727297f20be|m0,6437,complete,6439
raw_calculations/canonical_fixed_charge/af_271828_V2PMHC_ba30260fa79864f0_m0.pqr,720cd1211b9fa86c2e26f3f9ffc7a282a0559521246bc1fa998fa9f8c22b89ba,raw_calculations/canonical_pqr/af_271828_V2PMHC_ba30260fa79864f0_m0.pqr,87b5d77ee5424aea82159f3451203be238a711b9c6bba6de570cfff77c63b1d4,raw_calculations/fixed_charge/af_271828_V2PMHC_ba30260fa79864f0_m0.pqr,3e0e2c9f397dae6d9923662bdd7e21a5fdb0c94ea4857d3d165e6e9728667f30,af|271828|V2PMHC_059a1481886fcb83|m0,af|271828|V2PMHC_ba30260fa79864f0|m0,af|271828|V2PMHC_ba30260fa79864f0|m0,6167,complete,6168
raw_calculations/canonical_fixed_charge/af_271828_V2PMHC_ba30260fa79864f0_m1.pqr,76762af9519a4f72d41afe96dd2dc2c3a3a683499cfb0fefaa79f4a7ae9afc46,raw_calculations/canonical_pqr/af_271828_V2PMHC_ba30260fa79864f0_m1.pqr,94b3eba029d9d7bf810036fe0ad7e089bf543dc55fbbfa22b419a219967a88b6,raw_calculations/fixed_charge/af_271828_V2PMHC_ba30260fa79864f0_m1.pqr,603ad0a60e353d306f89b21c6b025b371765d7b62c1d359d21461a1137241b44,af|271828|V2PMHC_059a1481886fcb83|m0,af|271828|V2PMHC_ba30260fa79864f0|m1,af|271828|V2PMHC_ba30260fa79864f0|m0,6167,complete,6168
raw_calculations/canonical_fixed_charge/af_271828_V2PMHC_ba30260fa79864f0_m2.pqr,b25704bc58858f5df463bc4d40eddd41b78b5b78ac4c890fa67f868ddf18136b,raw_calculations/canonical_pqr/af_271828_V2PMHC_ba30260fa79864f0_m2.pqr,bd28ff02c90858bd370484bda8c593cef68aa43f20a994821e43f92b91545d9a,raw_calculations/fixed_charge/af_271828_V2PMHC_ba30260fa79864f0_m2.pqr,0b137c736116821f869d8eda7799f27169793ff5656ce7abbce8592232ff0c91,af|271828|V2PMHC_059a1481886fcb83|m0,af|271828|V2PMHC_ba30260fa79864f0|m2,af|271828|V2PMHC_ba30260fa79864f0|m0,6168,complete,6169
raw_calculations/canonical_fixed_charge/af_271828_V2PMHC_ba30260fa79864f0_m3.pqr,68ad494fabfd77a7fd732f775d8c8fc20d4e73345f5a7169067abc5efabad7eb,raw_calculations/canonical_pqr/af_271828_V2PMHC_ba30260fa79864f0_m3.pqr,05c2a374146a2e59fec7f4bb1d865bf0e61b8699622b2a593e971f3ba11b01ce,raw_calculations/fixed_charge/af_271828_V2PMHC_ba30260fa79864f0_m3.pqr,ed8667ca3fe4ed538eb640cc4b8e7968c705e1785de4c9ebaadb382976cb3933,af|271828|V2PMHC_059a1481886fcb83|m0,af|271828|V2PMHC_ba30260fa79864f0|m3,af|271828|V2PMHC_ba30260fa79864f0|m0,6167,complete,6168
raw_calculations/canonical_fixed_charge/af_271828_V2PMHC_ba30260fa79864f0_m4.pqr,9be79155c4742d116fd659e2443056d7bb3d926c9e5548fdef5005f46327b0c0,raw_calculations/canonical_pqr/af_271828_V2PMHC_ba30260fa79864f0_m4.pqr,2e486f374525bdcbb75399256bcea0bbd562a0b5ab46b09a4f77f32d4fe99211,raw_calculations/fixed_charge/af_271828_V2PMHC_ba30260fa79864f0_m4.pqr,d824b82ea3e25cdf4b7170bf67c716725127a3c1a21b1fb953928eacfcebf8b5,af|271828|V2PMHC_059a1481886fcb83|m0,af|271828|V2PMHC_ba30260fa79864f0|m4,af|271828|V2PMHC_ba30260fa79864f0|m0,6167,complete,6168
raw_calculations/canonical_fixed_charge/af_314159_V2PMHC_ba30260fa79864f0_m0.pqr,ded0ab2bc2bbb3960eea8cfd9fddc9effb2618060ab4ab3c19b95d66bc710a01,raw_calculations/canonical_pqr/af_314159_V2PMHC_ba30260fa79864f0_m0.pqr,ded0ab2bc2bbb3960eea8cfd9fddc9effb2618060ab4ab3c19b95d66bc710a01,raw_calculations/fixed_charge/af_314159_V2PMHC_ba30260fa79864f0_m0.pqr,a17d4886a1003750034cb5932d0898e78aa5309af7bee620f27bbb2e0cc127a5,af|314159|V2PMHC_059a1481886fcb83|m0,af|314159|V2PMHC_ba30260fa79864f0|m0,af|314159|V2PMHC_ba30260fa79864f0|m0,6168,complete,6168
raw_calculations/canonical_fixed_charge/af_314159_V2PMHC_ba30260fa79864f0_m1.pqr,0c0eef6ac36596770da0a0423937da4a6d815f64980fa6495269be17eedd5082,raw_calculations/canonical_pqr/af_314159_V2PMHC_ba30260fa79864f0_m1.pqr,08315ac07d1dcb86934d64e9b0456986180baba839ac1b0af7e4b0738bbd6be3,raw_calculations/fixed_charge/af_314159_V2PMHC_ba30260fa79864f0_m1.pqr,3fda6bc023984ee29db7e23b486cccb6dcc11884c08d6a52b41db38f5984498f,af|314159|V2PMHC_059a1481886fcb83|m0,af|314159|V2PMHC_ba30260fa79864f0|m1,af|314159|V2PMHC_ba30260fa79864f0|m0,6167,complete,6168
raw_calculations/canonical_fixed_charge/af_314159_V2PMHC_ba30260fa79864f0_m2.pqr,47c603d307c521190825c0719b58558787c809e2e006c59a4906b8f8f031a310,raw_calculations/canonical_pqr/af_314159_V2PMHC_ba30260fa79864f0_m2.pqr,41216e2d41ac7195b3dff992f73add7cd3b4becf096daef836c331b67410cd99,raw_calculations/fixed_charge/af_314159_V2PMHC_ba30260fa79864f0_m2.pqr,d3dee95ee593cb1d96d6168e18bb8046b9b89716e0a501abd28c0408eef1068b,af|314159|V2PMHC_059a1481886fcb83|m0,af|314159|V2PMHC_ba30260fa79864f0|m2,af|314159|V2PMHC_ba30260fa79864f0|m0,6167,complete,6168
raw_calculations/canonical_fixed_charge/af_314159_V2PMHC_ba30260fa79864f0_m3.pqr,b31737d35afaa621b299c362565c1fad3629707adb93aff1e0a283337b0968d4,raw_calculations/canonical_pqr/af_314159_V2PMHC_ba30260fa79864f0_m3.pqr,5c97b70e9b4671b19ef44b6acb73a2c1cdb4b733ff0da168c1003c9b923b6de8,raw_calculations/fixed_charge/af_314159_V2PMHC_ba30260fa79864f0_m3.pqr,12abf38390fd4a8694b536ee0b728f0e6efd2684051de8ad25891edc0f2c2ebd,af|314159|V2PMHC_059a1481886fcb83|m0,af|314159|V2PMHC_ba30260fa79864f0|m3,af|314159|V2PMHC_ba30260fa79864f0|m0,6167,complete,6167
raw_calculations/canonical_fixed_charge/af_314159_V2PMHC_ba30260fa79864f0_m4.pqr,1055e283f2b9297fc493206f898f6aeecc36120389473e9072e0a7b81338cc75,raw_calculations/canonical_pqr/af_314159_V2PMHC_ba30260fa79864f0_m4.pqr,872a02209a9fce04a1787e8654a4f91ca6b2a279ef918ef1ac1746481ab1c442,raw_calculations/fixed_charge/af_314159_V2PMHC_ba30260fa79864f0_m4.pqr,eb238607eaa6061d5c8f6fdab81d2c75f77e9255c4544b374c23302e1bdb25ad,af|314159|V2PMHC_059a1481886fcb83|m0,af|314159|V2PMHC_ba30260fa79864f0|m4,af|314159|V2PMHC_ba30260fa79864f0|m0,6166,complete,6167
raw_calculations/canonical_fixed_charge/af_271828_V2PMHC_bd512a4ef37be178_m0.pqr,4738296b29d9c21f5c3bfd061b28d35c944955825b40ae98585f4231436208e7,raw_calculations/canonical_pqr/af_271828_V2PMHC_bd512a4ef37be178_m0.pqr,4f1d10b54d8006dc922e1efd2ba123d816c40e65171602c05a0acb49bbaa3845,raw_calculations/fixed_charge/af_271828_V2PMHC_bd512a4ef37be178_m0.pqr,46d8f4ee3d3c5e60b2a98c9c58170c07a908e2cae59386404710694e2f1383e6,af|271828|V2PMHC_2a45cfb5882821d2|m0,af|271828|V2PMHC_bd512a4ef37be178|m0,af|271828|V2PMHC_bd512a4ef37be178|m1,6154,complete,6156
raw_calculations/canonical_fixed_charge/af_271828_V2PMHC_bd512a4ef37be178_m1.pqr,9337fc446f864ad19d64fed0787e9a24beb88d1b5c119cf15b53ecab96dab591,raw_calculations/canonical_pqr/af_271828_V2PMHC_bd512a4ef37be178_m1.pqr,d6b74e9311319fc821f5b7b77c50430813d2b6c884812f6b9bd42119975efc17,raw_calculations/fixed_charge/af_271828_V2PMHC_bd512a4ef37be178_m1.pqr,d146d9c3329085801c147615f026659fb73593907c7356bf84ce614b706b3f35,af|271828|V2PMHC_2a45cfb5882821d2|m0,af|271828|V2PMHC_bd512a4ef37be178|m1,af|271828|V2PMHC_bd512a4ef37be178|m1,6153,complete,6155
raw_calculations/canonical_fixed_charge/af_271828_V2PMHC_bd512a4ef37be178_m2.pqr,c721e6a700980de2f22c1d0a8a738f62c2de8a6b6dfb2ebd74cd9e09b5ad552d,raw_calculations/canonical_pqr/af_271828_V2PMHC_bd512a4ef37be178_m2.pqr,bc4ef3feda2dfdf552a2700fe2f38a23e1f1cdec43fdefa06b746e89a361bd39,raw_calculations/fixed_charge/af_271828_V2PMHC_bd512a4ef37be178_m2.pqr,b3077235d4391c6bb6a296526432d45d608bff07817c5798414938eb84702249,af|271828|V2PMHC_2a45cfb5882821d2|m0,af|271828|V2PMHC_bd512a4ef37be178|m2,af|271828|V2PMHC_bd512a4ef37be178|m1,6153,complete,6156
raw_calculations/canonical_fixed_charge/af_271828_V2PMHC_bd512a4ef37be178_m3.pqr,b82fff5ff031ee0c457d891ef7fc29bea4694b5657fa81ec7b28ea649b11d9ba,raw_calculations/canonical_pqr/af_271828_V2PMHC_bd512a4ef37be178_m3.pqr,fb0d24b83279523bddb1e9c86ab3bdfebc96e27f61579af64d9040b5601e5f8e,raw_calculations/fixed_charge/af_271828_V2PMHC_bd512a4ef37be178_m3.pqr,276d66f959e35a75f380aeb30a12bb082eabff0f46a2e4eec8e7cb089d2d4b9c,af|271828|V2PMHC_2a45cfb5882821d2|m0,af|271828|V2PMHC_bd512a4ef37be178|m3,af|271828|V2PMHC_bd512a4ef37be178|m1,6154,complete,6157
raw_calculations/canonical_fixed_charge/af_271828_V2PMHC_bd512a4ef37be178_m4.pqr,81a9969a8b251f3bd3124aca441da09ac05210ca07d5b298dc9834378fd24515,raw_calculations/canonical_pqr/af_271828_V2PMHC_bd512a4ef37be178_m4.pqr,bb9705235f213312347065846b03f72e5dc95cd8672fb2f067f26a05a7abf4d5,raw_calculations/fixed_charge/af_271828_V2PMHC_bd512a4ef37be178_m4.pqr,f4ddcddb6023b4449a7fc1b1566f3998938f3a13f7760c5bd8cb6068f186d62e,af|271828|V2PMHC_2a45cfb5882821d2|m0,af|271828|V2PMHC_bd512a4ef37be178|m4,af|271828|V2PMHC_bd512a4ef37be178|m1,6154,complete,6156
raw_calculations/canonical_fixed_charge/af_314159_V2PMHC_bd512a4ef37be178_m0.pqr,48c4b06815280122bc609bbe7e77533486e530e1183741263a47f08e89700eae,raw_calculations/canonical_pqr/af_314159_V2PMHC_bd512a4ef37be178_m0.pqr,e06b24687258ba84662e17aa33abb5afcbd645e27a14c72fcf01119fc2f4f660,raw_calculations/fixed_charge/af_314159_V2PMHC_bd512a4ef37be178_m0.pqr,32fb73e4bd42342ee390ecf80d0efa930da4815b17559fb3f946be959f6d0592,af|314159|V2PMHC_2a45cfb5882821d2|m0,af|314159|V2PMHC_bd512a4ef37be178|m0,af|314159|V2PMHC_bd512a4ef37be178|m0,6152,complete,6156
raw_calculations/canonical_fixed_charge/af_314159_V2PMHC_bd512a4ef37be178_m1.pqr,bfdc7a4b8042c013f5a015a9408589d9472c780658cfbe6e135c834e7b6c6239,raw_calculations/canonical_pqr/af_314159_V2PMHC_bd512a4ef37be178_m1.pqr,bfdc7a4b8042c013f5a015a9408589d9472c780658cfbe6e135c834e7b6c6239,raw_calculations/fixed_charge/af_314159_V2PMHC_bd512a4ef37be178_m1.pqr,916a63bb44f87438630e7948ce35905ca5e8d25c613fe0fa53b3b29a4f43edd2,af|314159|V2PMHC_2a45cfb5882821d2|m0,af|314159|V2PMHC_bd512a4ef37be178|m1,af|314159|V2PMHC_bd512a4ef37be178|m0,6154,complete,6154
raw_calculations/canonical_fixed_charge/af_314159_V2PMHC_bd512a4ef37be178_m2.pqr,d9f1c92b976faf6aa66eeedc9b676a47792c020a0b3919df204d289ec131be31,raw_calculations/canonical_pqr/af_314159_V2PMHC_bd512a4ef37be178_m2.pqr,b0b73cc2554f3ff75a97018c17dad08a72acd7a68992049d906499b8d16bf69b,raw_calculations/fixed_charge/af_314159_V2PMHC_bd512a4ef37be178_m2.pqr,eb74d4e82a7be810abcfbb1e5fa672e54895085ae2ec79493ecb47ee6436a6f9,af|314159|V2PMHC_2a45cfb5882821d2|m0,af|314159|V2PMHC_bd512a4ef37be178|m2,af|314159|V2PMHC_bd512a4ef37be178|m0,6153,complete,6155
raw_calculations/canonical_fixed_charge/af_314159_V2PMHC_bd512a4ef37be178_m3.pqr,e027f610c62828be1462ef5786036e92b9a466ce9ce966215676b2fe0608f649,raw_calculations/canonical_pqr/af_314159_V2PMHC_bd512a4ef37be178_m3.pqr,2bac1f60c0173ddca7e2f297d06c3e847f189ab501d854cabe6da36acfcf23a8,raw_calculations/fixed_charge/af_314159_V2PMHC_bd512a4ef37be178_m3.pqr,641202d20d95e17e94eeab93baf3e4a66398102bc9bb497c304ce104119188e1,af|314159|V2PMHC_2a45cfb5882821d2|m0,af|314159|V2PMHC_bd512a4ef37be178|m3,af|314159|V2PMHC_bd512a4ef37be178|m0,6154,complete,6155
raw_calculations/canonical_fixed_charge/af_314159_V2PMHC_bd512a4ef37be178_m4.pqr,eb74bd62cc40cfdbc3684e6837708cba5b57aaa0d6d7d641fae25a6184d206df,raw_calculations/canonical_pqr/af_314159_V2PMHC_bd512a4ef37be178_m4.pqr,c8aaaa97d678b0a52a817376707fa6edc75843ca09d64c83ab336b36fa6595a5,raw_calculations/fixed_charge/af_314159_V2PMHC_bd512a4ef37be178_m4.pqr,ea331936f00f4b80607df6025c4ec343947831aa0cfc765865a9739693876460,af|314159|V2PMHC_2a45cfb5882821d2|m0,af|314159|V2PMHC_bd512a4ef37be178|m4,af|314159|V2PMHC_bd512a4ef37be178|m0,6151,complete,6155
raw_calculations/canonical_fixed_charge/af_271828_V2PMHC_bd85682692a22c86_m0.pqr,6041485c8e91738fcfc38b72bd09a09ec78daa35f77e550739433754c177ba23,raw_calculations/canonical_pqr/af_271828_V2PMHC_bd85682692a22c86_m0.pqr,69c45adc06db6201c977e7a39574ea87ed8295ba3c81171cf42124c72d2f5d55,raw_calculations/fixed_charge/af_271828_V2PMHC_bd85682692a22c86_m0.pqr,076f5533a53d207a3bf41bd5d8e2260fbf2f765777af0158a718fddd69b460ff,af|271828|V2PMHC_059a1481886fcb83|m0,af|271828|V2PMHC_bd85682692a22c86|m0,af|271828|V2PMHC_bd85682692a22c86|m0,6163,complete,6165
raw_calculations/canonical_fixed_charge/af_271828_V2PMHC_bd85682692a22c86_m1.pqr,8187b5503a53cb8f3187d1555f2c04060e6bba6626c29bff0fdb6e0a03e6ba06,raw_calculations/canonical_pqr/af_271828_V2PMHC_bd85682692a22c86_m1.pqr,4a4318127a1cd879575bb5c6d8cfe4ed12349ba1d0b5178e75eaa8f7e580b758,raw_calculations/fixed_charge/af_271828_V2PMHC_bd85682692a22c86_m1.pqr,4bc967fa1e850356deddb5896f9016b7d121e82c0a4708e31b98d594fccdfdef,af|271828|V2PMHC_059a1481886fcb83|m0,af|271828|V2PMHC_bd85682692a22c86|m1,af|271828|V2PMHC_bd85682692a22c86|m0,6165,complete,6166
raw_calculations/canonical_fixed_charge/af_271828_V2PMHC_bd85682692a22c86_m2.pqr,67c8f8149d24956b6d4429bfe1bac924318f49f0e0ab5ed7980521b458a20631,raw_calculations/canonical_pqr/af_271828_V2PMHC_bd85682692a22c86_m2.pqr,67c8f8149d24956b6d4429bfe1bac924318f49f0e0ab5ed7980521b458a20631,raw_calculations/fixed_charge/af_271828_V2PMHC_bd85682692a22c86_m2.pqr,af18976ec0b13659b5e4a7f695c3be959df307131ccc55456fd4028c95386038,af|271828|V2PMHC_059a1481886fcb83|m0,af|271828|V2PMHC_bd85682692a22c86|m2,af|271828|V2PMHC_bd85682692a22c86|m0,6166,complete,6166
raw_calculations/canonical_fixed_charge/af_271828_V2PMHC_bd85682692a22c86_m3.pqr,8529e5d5c0b3d357e9705e08632f2cb7bba560e46144f84540b431e5f44b9e65,raw_calculations/canonical_pqr/af_271828_V2PMHC_bd85682692a22c86_m3.pqr,c7a455cb41c3ce8917ff4cf64fcfd6c3eb58b9b0def8ddf97e380a84969a79fc,raw_calculations/fixed_charge/af_271828_V2PMHC_bd85682692a22c86_m3.pqr,201005a4c047ba10b7d6d427106cb72b9cc4c7b95e9c50a15f850975ceb46ceb,af|271828|V2PMHC_059a1481886fcb83|m0,af|271828|V2PMHC_bd85682692a22c86|m3,af|271828|V2PMHC_bd85682692a22c86|m0,6164,complete,6165
raw_calculations/canonical_fixed_charge/af_271828_V2PMHC_bd85682692a22c86_m4.pqr,973793e92611a64c89b9d629ef8a2e291ab38bf0eb78af79bda465ee02c7500f,raw_calculations/canonical_pqr/af_271828_V2PMHC_bd85682692a22c86_m4.pqr,973793e92611a64c89b9d629ef8a2e291ab38bf0eb78af79bda465ee02c7500f,raw_calculations/fixed_charge/af_271828_V2PMHC_bd85682692a22c86_m4.pqr,df6cb5fc9a7af59da026714854c1def1a47599e9676e95263fca09940231b5cf,af|271828|V2PMHC_059a1481886fcb83|m0,af|271828|V2PMHC_bd85682692a22c86|m4,af|271828|V2PMHC_bd85682692a22c86|m0,6166,complete,6166
raw_calculations/canonical_fixed_charge/af_314159_V2PMHC_bd85682692a22c86_m0.pqr,6d17997cfbc6ff80c2772c2d90148d3cc73f901481b76d357908ca59dd86bbc2,raw_calculations/canonical_pqr/af_314159_V2PMHC_bd85682692a22c86_m0.pqr,6d17997cfbc6ff80c2772c2d90148d3cc73f901481b76d357908ca59dd86bbc2,raw_calculations/fixed_charge/af_314159_V2PMHC_bd85682692a22c86_m0.pqr,cdd2314211ae0da7ad35d0ec9d78150b808dc95585baac6c55fbae1a4e5f48d6,af|314159|V2PMHC_059a1481886fcb83|m0,af|314159|V2PMHC_bd85682692a22c86|m0,af|314159|V2PMHC_bd85682692a22c86|m0,6165,complete,6165
raw_calculations/canonical_fixed_charge/af_314159_V2PMHC_bd85682692a22c86_m1.pqr,ebf99e7d2133b523f3a96418b740b9ead953b4b75b0734325ee1de7e1d7aa791,raw_calculations/canonical_pqr/af_314159_V2PMHC_bd85682692a22c86_m1.pqr,1af8c187930042a88239bfc4d97963f766abea970e67ceba909f53af18ed009c,raw_calculations/fixed_charge/af_314159_V2PMHC_bd85682692a22c86_m1.pqr,357839bf082410e0eb1b89ab9af0373a2c65a0db15cddc217f52ceba2549b5a0,af|314159|V2PMHC_059a1481886fcb83|m0,af|314159|V2PMHC_bd85682692a22c86|m1,af|314159|V2PMHC_bd85682692a22c86|m0,6165,complete,6166
raw_calculations/canonical_fixed_charge/af_314159_V2PMHC_bd85682692a22c86_m2.pqr,abcb21a89eb7e34b4e096363842c4092b157ab4899f87353e34fdb8f6b7a9d73,raw_calculations/canonical_pqr/af_314159_V2PMHC_bd85682692a22c86_m2.pqr,846a40b15b2be5cc7567e7f7b6d4314e94b5929a51ce4beac23512bef92483a8,raw_calculations/fixed_charge/af_314159_V2PMHC_bd85682692a22c86_m2.pqr,ded843640b68b8c73c6e7c9bb3778ac53f8dd291d5690b8a29d9016b514ae07b,af|314159|V2PMHC_059a1481886fcb83|m0,af|314159|V2PMHC_bd85682692a22c86|m2,af|314159|V2PMHC_bd85682692a22c86|m0,6164,complete,6166
raw_calculations/canonical_fixed_charge/af_314159_V2PMHC_bd85682692a22c86_m3.pqr,0d68b83d0a20c78905c23fbdf577684415026111403c818f0fc0d51660a99ee2,raw_calculations/canonical_pqr/af_314159_V2PMHC_bd85682692a22c86_m3.pqr,5827d06d8452987759eab432f5089ffdb454d9a298c8558c28f9d9376a0e8e55,raw_calculations/fixed_charge/af_314159_V2PMHC_bd85682692a22c86_m3.pqr,cef2b7e90f17eaddb60760f86ce5c2d66d340a55ca922497203cd79f4e8031f7,af|314159|V2PMHC_059a1481886fcb83|m0,af|314159|V2PMHC_bd85682692a22c86|m3,af|314159|V2PMHC_bd85682692a22c86|m0,6163,complete,6166
raw_calculations/canonical_fixed_charge/af_314159_V2PMHC_bd85682692a22c86_m4.pqr,2e775c1ebec198a1026f31a37dcb348622bb8bdd49fb20befa6f74f78fc296ad,raw_calculations/canonical_pqr/af_314159_V2PMHC_bd85682692a22c86_m4.pqr,5b8ad85fcfdb9f09582b9a70c54019813928902f5132f44e75a157bb36d89faf,raw_calculations/fixed_charge/af_314159_V2PMHC_bd85682692a22c86_m4.pqr,76b2e7778c73255a4f80f62de32c7a5069d70fa0193c4604f44492deab14d25c,af|314159|V2PMHC_059a1481886fcb83|m0,af|314159|V2PMHC_bd85682692a22c86|m4,af|314159|V2PMHC_bd85682692a22c86|m0,6162,complete,6165
raw_calculations/canonical_fixed_charge/af_271828_V2PMHC_beb0ad27d412552e_m0.pqr,b3de7ad03a7a9a939c4fca6f7fc21f367553e15ec01bbffcc1b374ce5f688aa3,raw_calculations/canonical_pqr/af_271828_V2PMHC_beb0ad27d412552e_m0.pqr,6b0c0a6c44d0bd9284d41c3a535bcf9f46a86071a848b488a4c49c148ba0419d,raw_calculations/fixed_charge/af_271828_V2PMHC_beb0ad27d412552e_m0.pqr,bd2338c3cf8c66259dd0c7e4e56c93a71b1166173ad289c8e0a90134c3b45ddd,af|271828|V2PMHC_32819024c05f813a|m0,af|271828|V2PMHC_beb0ad27d412552e|m0,af|271828|V2PMHC_beb0ad27d412552e|m1,6467,complete,6469
raw_calculations/canonical_fixed_charge/af_271828_V2PMHC_beb0ad27d412552e_m1.pqr,cd3874a6a0ac050a4980a0a63696476447d1cd541bba54271cddfcde53903077,raw_calculations/canonical_pqr/af_271828_V2PMHC_beb0ad27d412552e_m1.pqr,cf2b08695c79bb7690cd6e8f7ee49830bcedb7e8c81d4416a5b1c15db44079b2,raw_calculations/fixed_charge/af_271828_V2PMHC_beb0ad27d412552e_m1.pqr,943163644db5844f529d9e7cda5e7856519fc843872e9738228076b39c6e6201,af|271828|V2PMHC_32819024c05f813a|m0,af|271828|V2PMHC_beb0ad27d412552e|m1,af|271828|V2PMHC_beb0ad27d412552e|m1,6467,complete,6469
raw_calculations/canonical_fixed_charge/af_271828_V2PMHC_beb0ad27d412552e_m2.pqr,7a29a9447f5b71af6fdfad97f23df4512e7977cf86986ed7224f3f5f6637feea,raw_calculations/canonical_pqr/af_271828_V2PMHC_beb0ad27d412552e_m2.pqr,398af0eed22cfca06c25f4e51362838e77574a43edc17a4814b90632b8c1495e,raw_calculations/fixed_charge/af_271828_V2PMHC_beb0ad27d412552e_m2.pqr,112c2cc8fc0ca81d50404580d2ac4ac12d38612e96db608d06457a3f96cc7f76,af|271828|V2PMHC_32819024c05f813a|m0,af|271828|V2PMHC_beb0ad27d412552e|m2,af|271828|V2PMHC_beb0ad27d412552e|m1,6467,complete,6469
raw_calculations/canonical_fixed_charge/af_271828_V2PMHC_beb0ad27d412552e_m3.pqr,10b635eb6f9833a3f32cbfa6061432a1034d609dba61c9ad1f3795b651942c80,raw_calculations/canonical_pqr/af_271828_V2PMHC_beb0ad27d412552e_m3.pqr,bf084cb5c8d672c3dc5e7addfbe331fc5d2bd40a3544baa55f0f2b6b5acdac7d,raw_calculations/fixed_charge/af_271828_V2PMHC_beb0ad27d412552e_m3.pqr,092d853c9e6c8ca9e22a14e006d0a837c4f7cb3c9da0e225ebf36e0fe122b19d,af|271828|V2PMHC_32819024c05f813a|m0,af|271828|V2PMHC_beb0ad27d412552e|m3,af|271828|V2PMHC_beb0ad27d412552e|m1,6467,complete,6469
raw_calculations/canonical_fixed_charge/af_271828_V2PMHC_beb0ad27d412552e_m4.pqr,de8bdc13f9a6efb8c9f7b5dbc2d171b88db23a63020028102a12bace260446b5,raw_calculations/canonical_pqr/af_271828_V2PMHC_beb0ad27d412552e_m4.pqr,cad676bf285dda9d1340f15e19c330a6a898514b1bdc0241d9b64aeccfcaf5e1,raw_calculations/fixed_charge/af_271828_V2PMHC_beb0ad27d412552e_m4.pqr,1d5bc8ff5f4506a52537f22a9660e7b28d54d6b6de47ce7826e4a4aa9372aec9,af|271828|V2PMHC_32819024c05f813a|m0,af|271828|V2PMHC_beb0ad27d412552e|m4,af|271828|V2PMHC_beb0ad27d412552e|m1,6467,complete,6469
raw_calculations/canonical_fixed_charge/af_314159_V2PMHC_beb0ad27d412552e_m0.pqr,6a4dbf73f9e3493fccf9abaecee08ab6ed2def21cfe6066a6788210d7b6f621d,raw_calculations/canonical_pqr/af_314159_V2PMHC_beb0ad27d412552e_m0.pqr,cea11f1f059e445fcb8bb663fa498bf23f8a718ad6ac37aad6a6e3b7dc412715,raw_calculations/fixed_charge/af_314159_V2PMHC_beb0ad27d412552e_m0.pqr,291585d19777dcecf682d70271ae77de5694fe5a575f6253bd67c03737cc2e78,af|314159|V2PMHC_32819024c05f813a|m0,af|314159|V2PMHC_beb0ad27d412552e|m0,af|314159|V2PMHC_beb0ad27d412552e|m0,6467,complete,6469
raw_calculations/canonical_fixed_charge/af_314159_V2PMHC_beb0ad27d412552e_m1.pqr,9d162965017cce11fab33ab17738368fe41c2dff12af5327874390bdcd4e6422,raw_calculations/canonical_pqr/af_314159_V2PMHC_beb0ad27d412552e_m1.pqr,9bd96cab1509a1af0569905765def432f779ec0aee6d3b3667f12e51d4910f47,raw_calculations/fixed_charge/af_314159_V2PMHC_beb0ad27d412552e_m1.pqr,ff80b4cdade89612b6d7b6a94d55b3543eecac876dbd338014c8015bbffc9099,af|314159|V2PMHC_32819024c05f813a|m0,af|314159|V2PMHC_beb0ad27d412552e|m1,af|314159|V2PMHC_beb0ad27d412552e|m0,6467,complete,6469
raw_calculations/canonical_fixed_charge/af_314159_V2PMHC_beb0ad27d412552e_m2.pqr,bebb45b60afdbaf5819a5df773b0f1d2a9a604b48d6ec2a64528f61c60b415b6,raw_calculations/canonical_pqr/af_314159_V2PMHC_beb0ad27d412552e_m2.pqr,23a56b8f5c57a1187752721ebe51418e8c0fb80e47d2c863e306d2640e3b890b,raw_calculations/fixed_charge/af_314159_V2PMHC_beb0ad27d412552e_m2.pqr,9ca9d52e211c7b34a76189b4c9bc470c1231d87d269116d26bbb00981b6e3022,af|314159|V2PMHC_32819024c05f813a|m0,af|314159|V2PMHC_beb0ad27d412552e|m2,af|314159|V2PMHC_beb0ad27d412552e|m0,6466,complete,6469
raw_calculations/canonical_fixed_charge/af_314159_V2PMHC_beb0ad27d412552e_m3.pqr,a45c5d376b6927783dda10906e1254b319ab7a32702e3192625e28c88b417a52,raw_calculations/canonical_pqr/af_314159_V2PMHC_beb0ad27d412552e_m3.pqr,74115393e64fe478ed425bc472ebe2e7809ac6cc0f421fc46c73ebb6f8a00fc4,raw_calculations/fixed_charge/af_314159_V2PMHC_beb0ad27d412552e_m3.pqr,edea21f7e3ea9b8e178c3426d7c1da56b145bb1667c9110702b6b00f104a81af,af|314159|V2PMHC_32819024c05f813a|m0,af|314159|V2PMHC_beb0ad27d412552e|m3,af|314159|V2PMHC_beb0ad27d412552e|m0,6467,complete,6469
raw_calculations/canonical_fixed_charge/af_314159_V2PMHC_beb0ad27d412552e_m4.pqr,33dd6de5e25bc665c92ddeceefdb06868d5f49a60d57ac0b62c9180235bdc5fb,raw_calculations/canonical_pqr/af_314159_V2PMHC_beb0ad27d412552e_m4.pqr,b2c29894484d28dac514b6b7a848ebe7cf354b4bb1075403fac08327a0166e0b,raw_calculations/fixed_charge/af_314159_V2PMHC_beb0ad27d412552e_m4.pqr,5c528c81b817241d310e5efacbcba911af0d56a66ead5b6cf0655453afe0ab59,af|314159|V2PMHC_32819024c05f813a|m0,af|314159|V2PMHC_beb0ad27d412552e|m4,af|314159|V2PMHC_beb0ad27d412552e|m0,6466,complete,6469
raw_calculations/canonical_fixed_charge/af_271828_V2PMHC_c7cc3907edbdd374_m0.pqr,b65ae8d4a93535b5f8a13d6f7a444619a044c7abdb16eae85b9f13c01c7df189,raw_calculations/canonical_pqr/af_271828_V2PMHC_c7cc3907edbdd374_m0.pqr,1560a5dc9366363925637ae4187d41dfdc46d162e143f0bba0ab0c65d9824f4f,raw_calculations/fixed_charge/af_271828_V2PMHC_c7cc3907edbdd374_m0.pqr,3ccb729797dd12c0bffbae6d2ddc7af57ad3ef32f5f4c07573feba8b0427897a,af|271828|V2PMHC_059a1481886fcb83|m0,af|271828|V2PMHC_c7cc3907edbdd374|m0,af|271828|V2PMHC_c7cc3907edbdd374|m0,6160,complete,6160
raw_calculations/canonical_fixed_charge/af_271828_V2PMHC_c7cc3907edbdd374_m1.pqr,fe9ca845a4279c422cea2502c54c97797161e0b9d4be09b3ec6fdd2d6b62531c,raw_calculations/canonical_pqr/af_271828_V2PMHC_c7cc3907edbdd374_m1.pqr,7ffb5578703a1dc73f65467a03047d71af344acc39293612690a2e91159efca0,raw_calculations/fixed_charge/af_271828_V2PMHC_c7cc3907edbdd374_m1.pqr,9bdd028318e531441bf982cc819e334e9a620698879fff43a56556ff5364dc65,af|271828|V2PMHC_059a1481886fcb83|m0,af|271828|V2PMHC_c7cc3907edbdd374|m1,af|271828|V2PMHC_c7cc3907edbdd374|m0,6158,complete,6159
raw_calculations/canonical_fixed_charge/af_271828_V2PMHC_c7cc3907edbdd374_m2.pqr,dad3906f960419730d86994b4d2e4eca0021af6a516894f9bde94212994feb14,raw_calculations/canonical_pqr/af_271828_V2PMHC_c7cc3907edbdd374_m2.pqr,4485dd56124c3e0dc7637aeeb1961b090a5b30a4adf5a7f0958d8d6921ba6ac3,raw_calculations/fixed_charge/af_271828_V2PMHC_c7cc3907edbdd374_m2.pqr,43072daa04434ba9a8156975c58a27acdd26b5dcad7ee1846d340fd69142eeab,af|271828|V2PMHC_059a1481886fcb83|m0,af|271828|V2PMHC_c7cc3907edbdd374|m2,af|271828|V2PMHC_c7cc3907edbdd374|m0,6159,complete,6160
raw_calculations/canonical_fixed_charge/af_271828_V2PMHC_c7cc3907edbdd374_m3.pqr,2d79919f2c8fa5a619ad17c3bf1cd5dd21b934c8fb577b37baecc3ed2e9771c4,raw_calculations/canonical_pqr/af_271828_V2PMHC_c7cc3907edbdd374_m3.pqr,2d79919f2c8fa5a619ad17c3bf1cd5dd21b934c8fb577b37baecc3ed2e9771c4,raw_calculations/fixed_charge/af_271828_V2PMHC_c7cc3907edbdd374_m3.pqr,ab5eb6b538cf16516f0cf41d3288d5733df1b49fe3df3c8138c8c13c944d23f9,af|271828|V2PMHC_059a1481886fcb83|m0,af|271828|V2PMHC_c7cc3907edbdd374|m3,af|271828|V2PMHC_c7cc3907edbdd374|m0,6161,complete,6161
raw_calculations/canonical_fixed_charge/af_271828_V2PMHC_c7cc3907edbdd374_m4.pqr,d22df90598532298958653e09d1d9a30b4a11d3158126a57c6113768abb56976,raw_calculations/canonical_pqr/af_271828_V2PMHC_c7cc3907edbdd374_m4.pqr,74666daea82ef5f921f0a3676845352b3fd758c3bf50c3e3e2abd6ec1c9371bd,raw_calculations/fixed_charge/af_271828_V2PMHC_c7cc3907edbdd374_m4.pqr,121df83969fb6bb373f0953788ce9958a8b04a8ac8b440ea0ace7458f61882c3,af|271828|V2PMHC_059a1481886fcb83|m0,af|271828|V2PMHC_c7cc3907edbdd374|m4,af|271828|V2PMHC_c7cc3907edbdd374|m0,6159,complete,6160
raw_calculations/canonical_fixed_charge/af_314159_V2PMHC_c7cc3907edbdd374_m0.pqr,2f81265042c0c33c6c7b36c142c9e587c85bd565eb03fcb9f4fe60f4f871c238,raw_calculations/canonical_pqr/af_314159_V2PMHC_c7cc3907edbdd374_m0.pqr,1efe0d70ecff6e1ecb680bf14f1c8f6e46e6507090afe740fbf7febb1b48f61f,raw_calculations/fixed_charge/af_314159_V2PMHC_c7cc3907edbdd374_m0.pqr,aa8130e965de9d2372da2cc281a90ae11976eb2b4d62f462575ee6f3deae73d4,af|314159|V2PMHC_059a1481886fcb83|m0,af|314159|V2PMHC_c7cc3907edbdd374|m0,af|314159|V2PMHC_c7cc3907edbdd374|m0,6159,complete,6160
raw_calculations/canonical_fixed_charge/af_314159_V2PMHC_c7cc3907edbdd374_m1.pqr,924c9a6786890f94c4168ddb3c3b2e6d6dea28bb6de1d8509c6f5c406bfd4873,raw_calculations/canonical_pqr/af_314159_V2PMHC_c7cc3907edbdd374_m1.pqr,283b22e634a2d16a271bea32d828bc4490720e3c49c336603317c54d3b0eb498,raw_calculations/fixed_charge/af_314159_V2PMHC_c7cc3907edbdd374_m1.pqr,b6e506b9e0f04598e76044bc8b05c2a609522ad9890bfbe61cd2f9054fe0023f,af|314159|V2PMHC_059a1481886fcb83|m0,af|314159|V2PMHC_c7cc3907edbdd374|m1,af|314159|V2PMHC_c7cc3907edbdd374|m0,6159,complete,6161
raw_calculations/canonical_fixed_charge/af_314159_V2PMHC_c7cc3907edbdd374_m2.pqr,47a68d8f7c63956c7a7e42230f789a81d3e08ac0722bdf152a03ea2931919341,raw_calculations/canonical_pqr/af_314159_V2PMHC_c7cc3907edbdd374_m2.pqr,ff687b65c0c5f2465e76186febbb5edca1d452b7fb2c8d42402bae988c196b55,raw_calculations/fixed_charge/af_314159_V2PMHC_c7cc3907edbdd374_m2.pqr,3c53f31483f9e8d135f0f87063c2501be3be7d107373d257a265384136ac5195,af|314159|V2PMHC_059a1481886fcb83|m0,af|314159|V2PMHC_c7cc3907edbdd374|m2,af|314159|V2PMHC_c7cc3907edbdd374|m0,6158,complete,6159
raw_calculations/canonical_fixed_charge/af_314159_V2PMHC_c7cc3907edbdd374_m3.pqr,d02f23fdc94dceb16bad9ed35c0898f8c4b6786c6a7e52999377253282023490,raw_calculations/canonical_pqr/af_314159_V2PMHC_c7cc3907edbdd374_m3.pqr,d02f23fdc94dceb16bad9ed35c0898f8c4b6786c6a7e52999377253282023490,raw_calculations/fixed_charge/af_314159_V2PMHC_c7cc3907edbdd374_m3.pqr,e9652f6e21fce2a6d69f6244596015252ec56f9c85ea2f6feb5f09ef75e1f328,af|314159|V2PMHC_059a1481886fcb83|m0,af|314159|V2PMHC_c7cc3907edbdd374|m3,af|314159|V2PMHC_c7cc3907edbdd374|m0,6160,complete,6160
raw_calculations/canonical_fixed_charge/af_314159_V2PMHC_c7cc3907edbdd374_m4.pqr,1d836d067fbbf44bd5866996da222765025e4bd4694d216e699bb83cbd266b6f,raw_calculations/canonical_pqr/af_314159_V2PMHC_c7cc3907edbdd374_m4.pqr,67744eb181a50e3daa0c0b015867e7c23195d624ba896b765f20482277086495,raw_calculations/fixed_charge/af_314159_V2PMHC_c7cc3907edbdd374_m4.pqr,dffe896ff7d5efb78a4214d8f8f06e92be4d087cb92e18335e75166065eef75c,af|314159|V2PMHC_059a1481886fcb83|m0,af|314159|V2PMHC_c7cc3907edbdd374|m4,af|314159|V2PMHC_c7cc3907edbdd374|m0,6157,complete,6160
raw_calculations/canonical_fixed_charge/af_271828_V2PMHC_ccd4411cb2b8cf05_m0.pqr,574d9463a7b3a47fce683f146c528bcd25f99040f054b1dc48d96776029509ac,raw_calculations/canonical_pqr/af_271828_V2PMHC_ccd4411cb2b8cf05_m0.pqr,204f2e207befa766d871d24dd6b4e5a52da4240ea68f33088fb93ce356188b89,raw_calculations/fixed_charge/af_271828_V2PMHC_ccd4411cb2b8cf05_m0.pqr,65f40425562f425fbda198e2fc5107ddc3d386cef98c11051a3778100f0ebeb3,af|271828|V2PMHC_2a45cfb5882821d2|m0,af|271828|V2PMHC_ccd4411cb2b8cf05|m0,af|271828|V2PMHC_ccd4411cb2b8cf05|m1,6158,complete,6163
raw_calculations/canonical_fixed_charge/af_271828_V2PMHC_ccd4411cb2b8cf05_m1.pqr,c34e2ad4c60991cf775ab4b7e17a88db890a7c31247ac2ab3e42881f4e1bce9e,raw_calculations/canonical_pqr/af_271828_V2PMHC_ccd4411cb2b8cf05_m1.pqr,c3c4e83f15d86d28f94e19abcb1f66f6c066c34643318975a98cd70f144e81ba,raw_calculations/fixed_charge/af_271828_V2PMHC_ccd4411cb2b8cf05_m1.pqr,6f6063d1817d70539b1220535691eddd7e0ab072109213a01b195b2bba01de7b,af|271828|V2PMHC_2a45cfb5882821d2|m0,af|271828|V2PMHC_ccd4411cb2b8cf05|m1,af|271828|V2PMHC_ccd4411cb2b8cf05|m1,6158,complete,6163
raw_calculations/canonical_fixed_charge/af_271828_V2PMHC_ccd4411cb2b8cf05_m2.pqr,44ac9135428aff813c86e3de167dcca5f58eae02ff88670813a1ed27de5b97da,raw_calculations/canonical_pqr/af_271828_V2PMHC_ccd4411cb2b8cf05_m2.pqr,ff36523b959096764d4a6451ba9a10db3011599675c7929f8ec4cb04fff39d3e,raw_calculations/fixed_charge/af_271828_V2PMHC_ccd4411cb2b8cf05_m2.pqr,eb005a153680927ed9cc9ff12d75b95142c38926b886f04540af4df924a6ebf4,af|271828|V2PMHC_2a45cfb5882821d2|m0,af|271828|V2PMHC_ccd4411cb2b8cf05|m2,af|271828|V2PMHC_ccd4411cb2b8cf05|m1,6158,complete,6161
raw_calculations/canonical_fixed_charge/af_271828_V2PMHC_ccd4411cb2b8cf05_m3.pqr,a3a074cf5dac78b7527508146721f73197a16f0d62728bedf06679c96f7f8842,raw_calculations/canonical_pqr/af_271828_V2PMHC_ccd4411cb2b8cf05_m3.pqr,c1eae7ef495c9ea3b548055558f43ab3ecb405486f6d8b54dded7f1c3911e7e6,raw_calculations/fixed_charge/af_271828_V2PMHC_ccd4411cb2b8cf05_m3.pqr,f457ccce840d1d32ed7d259d93bbeb814dce78766e92276e80b8811d83b74967,af|271828|V2PMHC_2a45cfb5882821d2|m0,af|271828|V2PMHC_ccd4411cb2b8cf05|m3,af|271828|V2PMHC_ccd4411cb2b8cf05|m1,6158,complete,6161
raw_calculations/canonical_fixed_charge/af_271828_V2PMHC_ccd4411cb2b8cf05_m4.pqr,5fb6ed56d9dd737a9121bfc42b4321afd744bc8a17552aa1aebbda6564c8e856,raw_calculations/canonical_pqr/af_271828_V2PMHC_ccd4411cb2b8cf05_m4.pqr,83b3667b1aa2aaeb6ba17a53647b59634ca8e56b91eba5daa14a165082df870f,raw_calculations/fixed_charge/af_271828_V2PMHC_ccd4411cb2b8cf05_m4.pqr,6ba8821769d9838cda0dd998bc49c41c92edfdc4c485446db2393fc080385f42,af|271828|V2PMHC_2a45cfb5882821d2|m0,af|271828|V2PMHC_ccd4411cb2b8cf05|m4,af|271828|V2PMHC_ccd4411cb2b8cf05|m1,6160,complete,6163
raw_calculations/canonical_fixed_charge/af_314159_V2PMHC_ccd4411cb2b8cf05_m0.pqr,6d858bbb36f0a867005f17ef60a3f555a3690526dab5b0c782296275b2cd1301,raw_calculations/canonical_pqr/af_314159_V2PMHC_ccd4411cb2b8cf05_m0.pqr,31c866e5fad2981202f4543699c3c4a97590d12f1f22953d4b5d2e6b87f75106,raw_calculations/fixed_charge/af_314159_V2PMHC_ccd4411cb2b8cf05_m0.pqr,229b09422e46451ef54154c8dba47a723463a873d201e6216fbddaa52a9d8cea,af|314159|V2PMHC_2a45cfb5882821d2|m0,af|314159|V2PMHC_ccd4411cb2b8cf05|m0,af|314159|V2PMHC_ccd4411cb2b8cf05|m0,6157,complete,6161
raw_calculations/canonical_fixed_charge/af_314159_V2PMHC_ccd4411cb2b8cf05_m1.pqr,9a99ef95c0ba166241e3deaac21c74a02cfee276cb5efa7329f9723547b81e36,raw_calculations/canonical_pqr/af_314159_V2PMHC_ccd4411cb2b8cf05_m1.pqr,0f5aa57c3caf71f36366705d99b9a078be90c439c795bede61bcc47b3a0185cc,raw_calculations/fixed_charge/af_314159_V2PMHC_ccd4411cb2b8cf05_m1.pqr,453e9e449056edebf6c555036a85e9272a92f7f0d98471a5ad702238343cf7e1,af|314159|V2PMHC_2a45cfb5882821d2|m0,af|314159|V2PMHC_ccd4411cb2b8cf05|m1,af|314159|V2PMHC_ccd4411cb2b8cf05|m0,6158,complete,6160
raw_calculations/canonical_fixed_charge/af_314159_V2PMHC_ccd4411cb2b8cf05_m2.pqr,7bcda54b0f4f94cd7693e76652a97333dd9f29658dbbc453a1b2f19027de599c,raw_calculations/canonical_pqr/af_314159_V2PMHC_ccd4411cb2b8cf05_m2.pqr,8be3c40fc3b0e574dfb509a477ad39afaba17ea66094e4bd85dbae10c8efe24e,raw_calculations/fixed_charge/af_314159_V2PMHC_ccd4411cb2b8cf05_m2.pqr,2872b74b283426cdd8fbbf9dfeaa509a8df8be8a9d991d1f5c8f761210aaf612,af|314159|V2PMHC_2a45cfb5882821d2|m0,af|314159|V2PMHC_ccd4411cb2b8cf05|m2,af|314159|V2PMHC_ccd4411cb2b8cf05|m0,6157,complete,6161
raw_calculations/canonical_fixed_charge/af_314159_V2PMHC_ccd4411cb2b8cf05_m3.pqr,74fa77cfaaf120b4767f18fdc44a1fda0c126cbb6cd2850ab195c3df960797ee,raw_calculations/canonical_pqr/af_314159_V2PMHC_ccd4411cb2b8cf05_m3.pqr,e1a121e5dc2959090eb6a2211326e3fa79ac3887f3973720dec23a24cf250faf,raw_calculations/fixed_charge/af_314159_V2PMHC_ccd4411cb2b8cf05_m3.pqr,17b0799333e583d5038b6724c1fd347b718fd6d7612b7b5a154529f5876e3bef,af|314159|V2PMHC_2a45cfb5882821d2|m0,af|314159|V2PMHC_ccd4411cb2b8cf05|m3,af|314159|V2PMHC_ccd4411cb2b8cf05|m0,6159,complete,6161
raw_calculations/canonical_fixed_charge/af_314159_V2PMHC_ccd4411cb2b8cf05_m4.pqr,02a38e3806f68701e98a0c86afd0120d2a4ea26af5327388523ed38d4166f4cc,raw_calculations/canonical_pqr/af_314159_V2PMHC_ccd4411cb2b8cf05_m4.pqr,11d4996626fba77e16a023f73def6227f2ff5816b624c350ad217747a098b0f9,raw_calculations/fixed_charge/af_314159_V2PMHC_ccd4411cb2b8cf05_m4.pqr,586f97484981d9e6f64817934da15aa8c94a0342d57af8921740079e8f6c3769,af|314159|V2PMHC_2a45cfb5882821d2|m0,af|314159|V2PMHC_ccd4411cb2b8cf05|m4,af|314159|V2PMHC_ccd4411cb2b8cf05|m0,6159,complete,6161
raw_calculations/canonical_fixed_charge/af_271828_V2PMHC_d7feb964ace8d6d1_m0.pqr,0acea600254e5924b424fb00cc834339fe10506c181743d15d582a61753b97b6,raw_calculations/canonical_pqr/af_271828_V2PMHC_d7feb964ace8d6d1_m0.pqr,ea58a611457825b05d7f37d5074885e4f88fc7a94727f137b7d0b5ba04171f29,raw_calculations/fixed_charge/af_271828_V2PMHC_d7feb964ace8d6d1_m0.pqr,8e832a966acc00c2b7f9edbebd1d754b98988da24b283bee96474fb41945230b,af|271828|V2PMHC_32819024c05f813a|m0,af|271828|V2PMHC_d7feb964ace8d6d1|m0,af|271828|V2PMHC_d7feb964ace8d6d1|m1,6424,complete,6426
raw_calculations/canonical_fixed_charge/af_271828_V2PMHC_d7feb964ace8d6d1_m1.pqr,77193578c128299c0706d652a0bb88b36b8cf8233bd0831f2ec775d996b0e3bc,raw_calculations/canonical_pqr/af_271828_V2PMHC_d7feb964ace8d6d1_m1.pqr,021fee7a90be25d37434a5d01080fe5dddb81d901f1683babf17e0c593b12ebb,raw_calculations/fixed_charge/af_271828_V2PMHC_d7feb964ace8d6d1_m1.pqr,9f53b23c147c9640f4fb7a787eb091fb029d9b0df90828fa355a27f3d3b65e06,af|271828|V2PMHC_32819024c05f813a|m0,af|271828|V2PMHC_d7feb964ace8d6d1|m1,af|271828|V2PMHC_d7feb964ace8d6d1|m1,6423,complete,6425
raw_calculations/canonical_fixed_charge/af_271828_V2PMHC_d7feb964ace8d6d1_m2.pqr,55f631d05ba1dab91d2efd734ae3416030f27a140be7c1fc2b2a9807694c4c15,raw_calculations/canonical_pqr/af_271828_V2PMHC_d7feb964ace8d6d1_m2.pqr,f2a2e04b60e339e880a7f03f7ccfde264067ab4f7d52241ebbc272c986ba7cf8,raw_calculations/fixed_charge/af_271828_V2PMHC_d7feb964ace8d6d1_m2.pqr,b65a793b84d4062d555b3f19e8617170f72e71cd0d5fb0fc0078cd55db0e7c7f,af|271828|V2PMHC_32819024c05f813a|m0,af|271828|V2PMHC_d7feb964ace8d6d1|m2,af|271828|V2PMHC_d7feb964ace8d6d1|m1,6423,complete,6426
raw_calculations/canonical_fixed_charge/af_271828_V2PMHC_d7feb964ace8d6d1_m3.pqr,435bb9504fc1e0feff937dc63acd6065c5eaa0b283016dd2c50fbf6549d4063b,raw_calculations/canonical_pqr/af_271828_V2PMHC_d7feb964ace8d6d1_m3.pqr,5292cec5ec21758c8d2e3beae3828db2999e24bc1df98b77b3766527bee16a11,raw_calculations/fixed_charge/af_271828_V2PMHC_d7feb964ace8d6d1_m3.pqr,44bb8f9bfc3b7fb7ae53198f7804c3b19e2a40a03a44c324a66b09df19e58e2d,af|271828|V2PMHC_32819024c05f813a|m0,af|271828|V2PMHC_d7feb964ace8d6d1|m3,af|271828|V2PMHC_d7feb964ace8d6d1|m1,6423,complete,6425
raw_calculations/canonical_fixed_charge/af_271828_V2PMHC_d7feb964ace8d6d1_m4.pqr,bb271645254472a96bf0201226fda35f427c2e616f8819fbc85f8f9370920ec9,raw_calculations/canonical_pqr/af_271828_V2PMHC_d7feb964ace8d6d1_m4.pqr,a0f83d3a4336e4cdd33e4121cb40faf4aca6082d46d1cdbb7d24f3e3b5395944,raw_calculations/fixed_charge/af_271828_V2PMHC_d7feb964ace8d6d1_m4.pqr,94eed6fbfaee88bf72529d52c0f12ac79b3a6bf9eb719af68343b8c1e356dbde,af|271828|V2PMHC_32819024c05f813a|m0,af|271828|V2PMHC_d7feb964ace8d6d1|m4,af|271828|V2PMHC_d7feb964ace8d6d1|m1,6424,complete,6425
raw_calculations/canonical_fixed_charge/af_314159_V2PMHC_d7feb964ace8d6d1_m0.pqr,e989fce119c6d14490e84547abb81eef14d4279d13d6d9d6b89b0e23d31a2bfc,raw_calculations/canonical_pqr/af_314159_V2PMHC_d7feb964ace8d6d1_m0.pqr,5a525ac55106179014917ac2392743505b798959e32112c04c8d76c869cb25dd,raw_calculations/fixed_charge/af_314159_V2PMHC_d7feb964ace8d6d1_m0.pqr,1da511d73eb79999caa4955caf620f19722432e98f7ca1c75331eaef00465cfa,af|314159|V2PMHC_32819024c05f813a|m0,af|314159|V2PMHC_d7feb964ace8d6d1|m0,af|314159|V2PMHC_d7feb964ace8d6d1|m0,6424,complete,6425
raw_calculations/canonical_fixed_charge/af_314159_V2PMHC_d7feb964ace8d6d1_m1.pqr,a88972780747a0300642a59a41c6ab343ee90c7d7cb291c7d8b615f22ff35016,raw_calculations/canonical_pqr/af_314159_V2PMHC_d7feb964ace8d6d1_m1.pqr,b2c400596817a2ea95ba8abcd8748c173339a75ae566e3370cb0e45c5038a718,raw_calculations/fixed_charge/af_314159_V2PMHC_d7feb964ace8d6d1_m1.pqr,a315156f80ff9900c46b852b996dec75dcd409e09494e33e24c9e8ea50d419c7,af|314159|V2PMHC_32819024c05f813a|m0,af|314159|V2PMHC_d7feb964ace8d6d1|m1,af|314159|V2PMHC_d7feb964ace8d6d1|m0,6423,complete,6425
raw_calculations/canonical_fixed_charge/af_314159_V2PMHC_d7feb964ace8d6d1_m2.pqr,8656248429b8436a687a6a852b636b3b04d36f558af97b7134c5cea3fff8bc6a,raw_calculations/canonical_pqr/af_314159_V2PMHC_d7feb964ace8d6d1_m2.pqr,eaee010555960adefc961e0d651ff63e6c74e2959a83c8cc4a44945a7a98f5e1,raw_calculations/fixed_charge/af_314159_V2PMHC_d7feb964ace8d6d1_m2.pqr,3b48c5bcf22915dd6e0db435b001285bf4521856a12133af4b856622fe042be4,af|314159|V2PMHC_32819024c05f813a|m0,af|314159|V2PMHC_d7feb964ace8d6d1|m2,af|314159|V2PMHC_d7feb964ace8d6d1|m0,6423,complete,6425
raw_calculations/canonical_fixed_charge/af_314159_V2PMHC_d7feb964ace8d6d1_m3.pqr,1cb2998aa485f948ede70814d99566b3b15adbe43edc418316c107376399a8f4,raw_calculations/canonical_pqr/af_314159_V2PMHC_d7feb964ace8d6d1_m3.pqr,308893bdde772572d98013dac678e12dce83369a6e842e30d254e936cead12fb,raw_calculations/fixed_charge/af_314159_V2PMHC_d7feb964ace8d6d1_m3.pqr,9180d4e09ff3c80e4a5e7ebf4b1863fc0aea3a6538605405b44abb20c77f4094,af|314159|V2PMHC_32819024c05f813a|m0,af|314159|V2PMHC_d7feb964ace8d6d1|m3,af|314159|V2PMHC_d7feb964ace8d6d1|m0,6423,complete,6425
raw_calculations/canonical_fixed_charge/af_314159_V2PMHC_d7feb964ace8d6d1_m4.pqr,1e974dcb43a695402147a760d01ed6dfb666284bf531af95dde439b6edcaef14,raw_calculations/canonical_pqr/af_314159_V2PMHC_d7feb964ace8d6d1_m4.pqr,7fd03476bddcecbff4d802539cea184db08a059ca345941c7e1de22e400242e2,raw_calculations/fixed_charge/af_314159_V2PMHC_d7feb964ace8d6d1_m4.pqr,5e8d583d1a4c6df649201ca1d290df1e4938e6ee70af8e183335751367c9272f,af|314159|V2PMHC_32819024c05f813a|m0,af|314159|V2PMHC_d7feb964ace8d6d1|m4,af|314159|V2PMHC_d7feb964ace8d6d1|m0,6423,complete,6426
raw_calculations/canonical_fixed_charge/af_271828_V2PMHC_eb0af1b357b463a4_m0.pqr,a518c57eb10a8d5f9c28ede768071977314a0204ba2a7340a92d62e6c9d48752,raw_calculations/canonical_pqr/af_271828_V2PMHC_eb0af1b357b463a4_m0.pqr,a1b1adf8f61f3615fe021ca56d873277d8145b4a4b5c4106698e0648d28e388a,raw_calculations/fixed_charge/af_271828_V2PMHC_eb0af1b357b463a4_m0.pqr,5ab19309947c48996042bf82653d19b69584ebe629555ef3b85beebd89393fa0,af|271828|V2PMHC_32819024c05f813a|m0,af|271828|V2PMHC_eb0af1b357b463a4|m0,af|271828|V2PMHC_eb0af1b357b463a4|m0,6500,complete,6502
raw_calculations/canonical_fixed_charge/af_271828_V2PMHC_eb0af1b357b463a4_m1.pqr,0c4c97d3deb0320ff8347fafae53243c5fdd44b87814bcd09b91b8c852be6daf,raw_calculations/canonical_pqr/af_271828_V2PMHC_eb0af1b357b463a4_m1.pqr,80ccb43e78bcad3d0b428e167f560f04d702962cf3bacdcda2e7d5564049ae5b,raw_calculations/fixed_charge/af_271828_V2PMHC_eb0af1b357b463a4_m1.pqr,f259364416b4fae567e584ad827fd94003c5005d21759407c029a946326403cd,af|271828|V2PMHC_32819024c05f813a|m0,af|271828|V2PMHC_eb0af1b357b463a4|m1,af|271828|V2PMHC_eb0af1b357b463a4|m0,6501,complete,6502
raw_calculations/canonical_fixed_charge/af_271828_V2PMHC_eb0af1b357b463a4_m2.pqr,46f9d914c9c4fd24274774464a1e99efe9ecd82e589a3de118e06803b86c9b69,raw_calculations/canonical_pqr/af_271828_V2PMHC_eb0af1b357b463a4_m2.pqr,c0abdcc4185831af85661c2be9f975e2b0691a8a02d23c29bae8532f9680e4cd,raw_calculations/fixed_charge/af_271828_V2PMHC_eb0af1b357b463a4_m2.pqr,c893d51a5ad66f511fb62007fc2652bbe9bcf5ac90cf1472ea2e7d62aaef9aad,af|271828|V2PMHC_32819024c05f813a|m0,af|271828|V2PMHC_eb0af1b357b463a4|m2,af|271828|V2PMHC_eb0af1b357b463a4|m0,6501,complete,6502
raw_calculations/canonical_fixed_charge/af_271828_V2PMHC_eb0af1b357b463a4_m3.pqr,0da7f6c92704ddc8e9ed4e6e8f9ef949e72c6cdec079fcae5dffbbbb7a13c0e6,raw_calculations/canonical_pqr/af_271828_V2PMHC_eb0af1b357b463a4_m3.pqr,1cf7d5d82afbafa3a2c70179c0e906738be0a8c964fbbe7b3c5499e5b87f1681,raw_calculations/fixed_charge/af_271828_V2PMHC_eb0af1b357b463a4_m3.pqr,ffccd12d37f4d942a7909c258424698853b94eb63c499e9292b9b6a920a66a16,af|271828|V2PMHC_32819024c05f813a|m0,af|271828|V2PMHC_eb0af1b357b463a4|m3,af|271828|V2PMHC_eb0af1b357b463a4|m0,6500,complete,6502
raw_calculations/canonical_fixed_charge/af_271828_V2PMHC_eb0af1b357b463a4_m4.pqr,1f5cd923dfdd55c53bb6bdd42f550d07a9b5965e06a3bae66c6ed3ace00bfc27,raw_calculations/canonical_pqr/af_271828_V2PMHC_eb0af1b357b463a4_m4.pqr,e3ce2ef93cf5d37b18582b6b6679f7399d8a0704bd6a67983c43d0c8dc778e7b,raw_calculations/fixed_charge/af_271828_V2PMHC_eb0af1b357b463a4_m4.pqr,8849c2cb532f489e52b5aed774f7d69037ac67e799742731f3c171aced72217e,af|271828|V2PMHC_32819024c05f813a|m0,af|271828|V2PMHC_eb0af1b357b463a4|m4,af|271828|V2PMHC_eb0af1b357b463a4|m0,6501,complete,6503
raw_calculations/canonical_fixed_charge/af_314159_V2PMHC_eb0af1b357b463a4_m0.pqr,0fb2573c45e6fd35ce64256b0fbe2c6d53a8e10013023aca2c3f6acf65a27459,raw_calculations/canonical_pqr/af_314159_V2PMHC_eb0af1b357b463a4_m0.pqr,0f6cfa5f0bed5f10b886f203c0dda2fc3a1a6de0d13e187c7b539eb9c660f1a5,raw_calculations/fixed_charge/af_314159_V2PMHC_eb0af1b357b463a4_m0.pqr,8a5b6f7c16c35b13802a50c5a18111ca33a5609c547a0a6f40b67571c0d960e1,af|314159|V2PMHC_32819024c05f813a|m0,af|314159|V2PMHC_eb0af1b357b463a4|m0,af|314159|V2PMHC_eb0af1b357b463a4|m0,6500,complete,6502
raw_calculations/canonical_fixed_charge/af_314159_V2PMHC_eb0af1b357b463a4_m1.pqr,b35ec4f9c6a83be4317f04ab0c2b3811900d4f8db872a0fd5a3f901be3fdb0f8,raw_calculations/canonical_pqr/af_314159_V2PMHC_eb0af1b357b463a4_m1.pqr,f743672bd0ef20d6f1a0bec132e6b4667371189af87ed585f4a184675686ef15,raw_calculations/fixed_charge/af_314159_V2PMHC_eb0af1b357b463a4_m1.pqr,159be9ee7f8b8ba587f626faca3c40fb464f72e30c33d179e4b0dde8ff571c87,af|314159|V2PMHC_32819024c05f813a|m0,af|314159|V2PMHC_eb0af1b357b463a4|m1,af|314159|V2PMHC_eb0af1b357b463a4|m0,6501,complete,6502
raw_calculations/canonical_fixed_charge/af_314159_V2PMHC_eb0af1b357b463a4_m2.pqr,36c13847721eb863730d54553c6a230ac653f8aa21024063a41b7d8d2fbb1b24,raw_calculations/canonical_pqr/af_314159_V2PMHC_eb0af1b357b463a4_m2.pqr,a19127c182fb5d253933dbfa9ae1bbece46b565754ff4416ce593a998f305f26,raw_calculations/fixed_charge/af_314159_V2PMHC_eb0af1b357b463a4_m2.pqr,09f92f4c3a4ba6b20a45f96e350a93254ab81f1cc2a8cff83abc2e55e10a6589,af|314159|V2PMHC_32819024c05f813a|m0,af|314159|V2PMHC_eb0af1b357b463a4|m2,af|314159|V2PMHC_eb0af1b357b463a4|m0,6500,complete,6501
raw_calculations/canonical_fixed_charge/af_314159_V2PMHC_eb0af1b357b463a4_m3.pqr,09c06ff8a423d0a1911c4620f88bcacf5466c7bb4fb7240334d24e2a8d9772ec,raw_calculations/canonical_pqr/af_314159_V2PMHC_eb0af1b357b463a4_m3.pqr,00c2d4d716b4071a8bbb20b92ac1c677d0115f91c9e9b298d2540d9c154558a2,raw_calculations/fixed_charge/af_314159_V2PMHC_eb0af1b357b463a4_m3.pqr,79e12f8465b58c390962e4f47750fcc858017c02b2e7afdbf768da6aed5f2a23,af|314159|V2PMHC_32819024c05f813a|m0,af|314159|V2PMHC_eb0af1b357b463a4|m3,af|314159|V2PMHC_eb0af1b357b463a4|m0,6500,complete,6502
raw_calculations/canonical_fixed_charge/af_314159_V2PMHC_eb0af1b357b463a4_m4.pqr,f942a4f318f702804f66f2eaf0ac55ce327afd7cdc46eb179b3f0ba6766b3dfb,raw_calculations/canonical_pqr/af_314159_V2PMHC_eb0af1b357b463a4_m4.pqr,743b69f93315f12846ca599fc953bb50ddbbd7600fee2772a1629f4ed26bb19a,raw_calculations/fixed_charge/af_314159_V2PMHC_eb0af1b357b463a4_m4.pqr,f872363a3600fcf597b131f7bba2cbb4aa0790ce1ba6698d88e3f0a8177dbc2b,af|314159|V2PMHC_32819024c05f813a|m0,af|314159|V2PMHC_eb0af1b357b463a4|m4,af|314159|V2PMHC_eb0af1b357b463a4|m0,6499,complete,6502
raw_calculations/canonical_fixed_charge/af_271828_V2PMHC_ed2fd8b0dedfa702_m0.pqr,f74a2dcea82829c7dd348344f599734c9ae3ae3a3c3605d50e62ddb5eb8d3587,raw_calculations/canonical_pqr/af_271828_V2PMHC_ed2fd8b0dedfa702_m0.pqr,801dd62fe0fbc07777889b704276aae9884256f2fa435943dae270e76b2bccf9,raw_calculations/fixed_charge/af_271828_V2PMHC_ed2fd8b0dedfa702_m0.pqr,9caed6adcdd28fc3a985b7c1aa0d4bc402fc4e55a1765373e96a75ee5e527d47,af|271828|V2PMHC_32819024c05f813a|m0,af|271828|V2PMHC_ed2fd8b0dedfa702|m0,af|271828|V2PMHC_ed2fd8b0dedfa702|m1,6411,complete,6414
raw_calculations/canonical_fixed_charge/af_271828_V2PMHC_ed2fd8b0dedfa702_m1.pqr,9a11b6241b7c79850decc3ee2e7ed40087d133dd2b30a49014b110764cc68059,raw_calculations/canonical_pqr/af_271828_V2PMHC_ed2fd8b0dedfa702_m1.pqr,47749fa7a98e25ddfdc7cd161bccc0aa4ea0300048891df2833a8cb05aa5e880,raw_calculations/fixed_charge/af_271828_V2PMHC_ed2fd8b0dedfa702_m1.pqr,05318cc1d92c0689c3d9b5910800ae2c54fe798e10e78e7e674a18e2a5bd136e,af|271828|V2PMHC_32819024c05f813a|m0,af|271828|V2PMHC_ed2fd8b0dedfa702|m1,af|271828|V2PMHC_ed2fd8b0dedfa702|m1,6411,complete,6413
raw_calculations/canonical_fixed_charge/af_271828_V2PMHC_ed2fd8b0dedfa702_m2.pqr,c2981b0e3ed08a39eade22125f04431f403d02017c01b87e68387ab2e8d9fee9,raw_calculations/canonical_pqr/af_271828_V2PMHC_ed2fd8b0dedfa702_m2.pqr,3ece380de104c85a1516da7236df5c6f421c66047d72ca2fdb49995d3c92a831,raw_calculations/fixed_charge/af_271828_V2PMHC_ed2fd8b0dedfa702_m2.pqr,bfeca70f94ab066faadf11df225948a18383541ef588eee7917b0d312dfba743,af|271828|V2PMHC_32819024c05f813a|m0,af|271828|V2PMHC_ed2fd8b0dedfa702|m2,af|271828|V2PMHC_ed2fd8b0dedfa702|m1,6411,complete,6413
raw_calculations/canonical_fixed_charge/af_271828_V2PMHC_ed2fd8b0dedfa702_m3.pqr,42877264057008581d5317100bd8ea3e51169c7d62f59e7c6f31eb60a85d1ef7,raw_calculations/canonical_pqr/af_271828_V2PMHC_ed2fd8b0dedfa702_m3.pqr,99e1968271cbc702dccaaacd461fd75d1956032f2ece5fed276c3c0287d1e09f,raw_calculations/fixed_charge/af_271828_V2PMHC_ed2fd8b0dedfa702_m3.pqr,985cfb43c44006299935677205f0471116a0c553246e7bc95a66b0aa5c910708,af|271828|V2PMHC_32819024c05f813a|m0,af|271828|V2PMHC_ed2fd8b0dedfa702|m3,af|271828|V2PMHC_ed2fd8b0dedfa702|m1,6411,complete,6413
raw_calculations/canonical_fixed_charge/af_271828_V2PMHC_ed2fd8b0dedfa702_m4.pqr,9e8b635467c3b06baddcd55b526b70db041f47b03cab8e44ec01d6b79a8dd1b7,raw_calculations/canonical_pqr/af_271828_V2PMHC_ed2fd8b0dedfa702_m4.pqr,30807ab03372f03e8e5fc3d288d6b508cf28acc7618cbaaffb9036adf9d2ecc4,raw_calculations/fixed_charge/af_271828_V2PMHC_ed2fd8b0dedfa702_m4.pqr,619428c0521729b0f6d3dd8c67106a8a6a990b98251b20025e28d6a2b0e1f666,af|271828|V2PMHC_32819024c05f813a|m0,af|271828|V2PMHC_ed2fd8b0dedfa702|m4,af|271828|V2PMHC_ed2fd8b0dedfa702|m1,6411,complete,6413
raw_calculations/canonical_fixed_charge/af_314159_V2PMHC_ed2fd8b0dedfa702_m0.pqr,ebb53b926a6e5945952c773306f89a6a57ef6fd9a6d63ec4d886866d72acdd96,raw_calculations/canonical_pqr/af_314159_V2PMHC_ed2fd8b0dedfa702_m0.pqr,aba3f05a70ab11dbbf1f4a8d9d50f28aa83756573d58bffb72ec756057c2384a,raw_calculations/fixed_charge/af_314159_V2PMHC_ed2fd8b0dedfa702_m0.pqr,457e2b457f3c911c6d28d7803808ac58b059a65c2a9c3e39df33171ca5b1d0c2,af|314159|V2PMHC_32819024c05f813a|m0,af|314159|V2PMHC_ed2fd8b0dedfa702|m0,af|314159|V2PMHC_ed2fd8b0dedfa702|m0,6411,complete,6413
raw_calculations/canonical_fixed_charge/af_314159_V2PMHC_ed2fd8b0dedfa702_m1.pqr,c5e71447c7bcea968dd17c684c751c466b55e789649e36d2504beb7779b2b381,raw_calculations/canonical_pqr/af_314159_V2PMHC_ed2fd8b0dedfa702_m1.pqr,d9b8313a937ba0c46dc94b5bc4c20f82b48356f75c72067e9072bfc1c5d66096,raw_calculations/fixed_charge/af_314159_V2PMHC_ed2fd8b0dedfa702_m1.pqr,8d4891dfbf91e3b03a68ac3bf9009d665bb75451276c206e9db9975e2407d130,af|314159|V2PMHC_32819024c05f813a|m0,af|314159|V2PMHC_ed2fd8b0dedfa702|m1,af|314159|V2PMHC_ed2fd8b0dedfa702|m0,6411,complete,6413
raw_calculations/canonical_fixed_charge/af_314159_V2PMHC_ed2fd8b0dedfa702_m2.pqr,34d666c3f4d29971b771c07c314335b7cb20a86b7c35c052ea85cf9470cdef7f,raw_calculations/canonical_pqr/af_314159_V2PMHC_ed2fd8b0dedfa702_m2.pqr,46b5e260448e1441c14bcf8b4691e4e6205821f31c9a33991fde949459ebfb0c,raw_calculations/fixed_charge/af_314159_V2PMHC_ed2fd8b0dedfa702_m2.pqr,40d1792fc273f4b51c61e46cd25f8b134de5a7d99957bfc7a47f4be4d88b91aa,af|314159|V2PMHC_32819024c05f813a|m0,af|314159|V2PMHC_ed2fd8b0dedfa702|m2,af|314159|V2PMHC_ed2fd8b0dedfa702|m0,6411,complete,6413
raw_calculations/canonical_fixed_charge/af_314159_V2PMHC_ed2fd8b0dedfa702_m3.pqr,7f5b36afdbcd4af049f9668369f2c1e3dd05718d86326a0e31d351d19db9a18c,raw_calculations/canonical_pqr/af_314159_V2PMHC_ed2fd8b0dedfa702_m3.pqr,19fda9b6e10a95906680a6e379d6baeba644ff9645773ecfa21e09b426a40cba,raw_calculations/fixed_charge/af_314159_V2PMHC_ed2fd8b0dedfa702_m3.pqr,34d15c296057d9105953f6de7ec0a760ad885522e3da6c67b78ddbc51bd2ce93,af|314159|V2PMHC_32819024c05f813a|m0,af|314159|V2PMHC_ed2fd8b0dedfa702|m3,af|314159|V2PMHC_ed2fd8b0dedfa702|m0,6411,complete,6413
raw_calculations/canonical_fixed_charge/af_314159_V2PMHC_ed2fd8b0dedfa702_m4.pqr,8f7f586eecacdbfa13799cf04089b8ae438f0ffc641bc7778b74136e66f19889,raw_calculations/canonical_pqr/af_314159_V2PMHC_ed2fd8b0dedfa702_m4.pqr,4771ebabfecefd7d6133d4b43dd11e1d5c67f7107917cce5c9c60c8d813f3401,raw_calculations/fixed_charge/af_314159_V2PMHC_ed2fd8b0dedfa702_m4.pqr,687f219f277e9c6a88d544b89e732d63d7d90e73010665577ca025f3ba183cef,af|314159|V2PMHC_32819024c05f813a|m0,af|314159|V2PMHC_ed2fd8b0dedfa702|m4,af|314159|V2PMHC_ed2fd8b0dedfa702|m0,6411,complete,6413
raw_calculations/canonical_fixed_charge/af_271828_V2PMHC_edc57af6a9a8f080_m0.pqr,06995ccb9547d390141478b6edf12e843942559b363f6d64e4288cf5338d4d67,raw_calculations/canonical_pqr/af_271828_V2PMHC_edc57af6a9a8f080_m0.pqr,d3250aae72d0bc4b1771b0a7cec7206b3b2bf663be417b47c187446368694be6,raw_calculations/fixed_charge/af_271828_V2PMHC_edc57af6a9a8f080_m0.pqr,2ad5bcf72c5dcf4a54336f575e7d35305d42efa7a91ec6ab2129fdf8cb22ae21,af|271828|V2PMHC_059a1481886fcb83|m0,af|271828|V2PMHC_edc57af6a9a8f080|m0,af|271828|V2PMHC_edc57af6a9a8f080|m0,6132,complete,6133
raw_calculations/canonical_fixed_charge/af_271828_V2PMHC_edc57af6a9a8f080_m1.pqr,8f375c8ecb1c2681370b37273cc9c5b470ea15ff98d757f1217633a595ec6512,raw_calculations/canonical_pqr/af_271828_V2PMHC_edc57af6a9a8f080_m1.pqr,6529514d96cd9ee6d9c25e8da3e7db56878d8abbab014c391bb3df511ced5667,raw_calculations/fixed_charge/af_271828_V2PMHC_edc57af6a9a8f080_m1.pqr,92f00ebc81f310f8ad5835f7611a1ddbd3c8e756a71f8ff098ec1aada71d23e9,af|271828|V2PMHC_059a1481886fcb83|m0,af|271828|V2PMHC_edc57af6a9a8f080|m1,af|271828|V2PMHC_edc57af6a9a8f080|m0,6133,complete,6134
raw_calculations/canonical_fixed_charge/af_271828_V2PMHC_edc57af6a9a8f080_m2.pqr,8209467539cd21edd9d366b0eaa338ebe82edbd40471dfa70bf4c40b6c1d3986,raw_calculations/canonical_pqr/af_271828_V2PMHC_edc57af6a9a8f080_m2.pqr,f5521c456bbd3129002b54f09b61376c48bb69c64d11e3ad195e04e6442a47c0,raw_calculations/fixed_charge/af_271828_V2PMHC_edc57af6a9a8f080_m2.pqr,ef4f153b0daa150a909ecfac0e31fddb009335f089c87c137b3c00f463fe6016,af|271828|V2PMHC_059a1481886fcb83|m0,af|271828|V2PMHC_edc57af6a9a8f080|m2,af|271828|V2PMHC_edc57af6a9a8f080|m0,6131,complete,6133
raw_calculations/canonical_fixed_charge/af_271828_V2PMHC_edc57af6a9a8f080_m3.pqr,b93cb96c0c3151e40f6e58d170c5771c036550ec8c4e0451e4853a8e99388a56,raw_calculations/canonical_pqr/af_271828_V2PMHC_edc57af6a9a8f080_m3.pqr,9618f1f9bfb70b1b5d4f40df285c811fc723976fe6a9c778a8bb8f44835dc374,raw_calculations/fixed_charge/af_271828_V2PMHC_edc57af6a9a8f080_m3.pqr,d7dfd62a7544a3a48bb6065063f398cd1812b25aca92dba3e63ab7f07a069bb8,af|271828|V2PMHC_059a1481886fcb83|m0,af|271828|V2PMHC_edc57af6a9a8f080|m3,af|271828|V2PMHC_edc57af6a9a8f080|m0,6132,complete,6133
raw_calculations/canonical_fixed_charge/af_271828_V2PMHC_edc57af6a9a8f080_m4.pqr,c6cd6a37d7ef32b01de1e4e687f8003e21541d0f4e2290b5e93ba2c5a71dc261,raw_calculations/canonical_pqr/af_271828_V2PMHC_edc57af6a9a8f080_m4.pqr,27227c671147a8678b3886891971e9cf560762df0544eb8ce5648f0934b27981,raw_calculations/fixed_charge/af_271828_V2PMHC_edc57af6a9a8f080_m4.pqr,80637b306b7cd9f0c8354f333052c761491072a26a18b49dfab99017b215907c,af|271828|V2PMHC_059a1481886fcb83|m0,af|271828|V2PMHC_edc57af6a9a8f080|m4,af|271828|V2PMHC_edc57af6a9a8f080|m0,6133,complete,6133
raw_calculations/canonical_fixed_charge/af_314159_V2PMHC_edc57af6a9a8f080_m0.pqr,97c778feb1f136f5b34a8b9ef31412f957f99d48a1be0b202cf246ab5c334e55,raw_calculations/canonical_pqr/af_314159_V2PMHC_edc57af6a9a8f080_m0.pqr,97c778feb1f136f5b34a8b9ef31412f957f99d48a1be0b202cf246ab5c334e55,raw_calculations/fixed_charge/af_314159_V2PMHC_edc57af6a9a8f080_m0.pqr,56c335e96493b195329cd75fb5af78b0b6d610dc81841d1c8892eed0aa8c566d,af|314159|V2PMHC_059a1481886fcb83|m0,af|314159|V2PMHC_edc57af6a9a8f080|m0,af|314159|V2PMHC_edc57af6a9a8f080|m0,6133,complete,6133
raw_calculations/canonical_fixed_charge/af_314159_V2PMHC_edc57af6a9a8f080_m1.pqr,e292762e4cea483a6323257e35f4512e1a88e44c74998b2d2feb3846d780e7f5,raw_calculations/canonical_pqr/af_314159_V2PMHC_edc57af6a9a8f080_m1.pqr,e236d120b10ea631bff6e475cda1b822fc635e51195f88c9394829cb800cfa58,raw_calculations/fixed_charge/af_314159_V2PMHC_edc57af6a9a8f080_m1.pqr,609a2212d201cbe313548722b68f8c7968327dc38a3baf45c6cdb7cb91744ac3,af|314159|V2PMHC_059a1481886fcb83|m0,af|314159|V2PMHC_edc57af6a9a8f080|m1,af|314159|V2PMHC_edc57af6a9a8f080|m0,6132,complete,6132
raw_calculations/canonical_fixed_charge/af_314159_V2PMHC_edc57af6a9a8f080_m2.pqr,b9acfcdb6452d14ade291e8f6b73217a2b76dd0894b189f2d2893149d1d121f5,raw_calculations/canonical_pqr/af_314159_V2PMHC_edc57af6a9a8f080_m2.pqr,18b02bffc7719b0f8a7dfffb8d10b3ba54e48930df5320dbf50b9fdbc8f500a0,raw_calculations/fixed_charge/af_314159_V2PMHC_edc57af6a9a8f080_m2.pqr,0aaa9b45f707ce035df27c8970e357e190374a20af016b03bc7cb7f3608cc7f8,af|314159|V2PMHC_059a1481886fcb83|m0,af|314159|V2PMHC_edc57af6a9a8f080|m2,af|314159|V2PMHC_edc57af6a9a8f080|m0,6132,complete,6133
raw_calculations/canonical_fixed_charge/af_314159_V2PMHC_edc57af6a9a8f080_m3.pqr,a735d5072474f7b633c15f637e654f4f005863958187fbcc868a0e0a269e8857,raw_calculations/canonical_pqr/af_314159_V2PMHC_edc57af6a9a8f080_m3.pqr,a735d5072474f7b633c15f637e654f4f005863958187fbcc868a0e0a269e8857,raw_calculations/fixed_charge/af_314159_V2PMHC_edc57af6a9a8f080_m3.pqr,d742b8f0b246abd3a6b6efda0c2dac8317d7c05fb02189144fcd76c4b1b923c3,af|314159|V2PMHC_059a1481886fcb83|m0,af|314159|V2PMHC_edc57af6a9a8f080|m3,af|314159|V2PMHC_edc57af6a9a8f080|m0,6133,complete,6133
raw_calculations/canonical_fixed_charge/af_314159_V2PMHC_edc57af6a9a8f080_m4.pqr,f839112db0235ddde5e2bf5b3202bc39b4bc7e390c396a01cb43912b9d63691d,raw_calculations/canonical_pqr/af_314159_V2PMHC_edc57af6a9a8f080_m4.pqr,b648b8b667faba30670f2e1e44cb5826393d80746b7a5447d64988084261d239,raw_calculations/fixed_charge/af_314159_V2PMHC_edc57af6a9a8f080_m4.pqr,8d1283a0bf04c3642a1f0a82a3f3232c19cc9369f99877964643fa0fc7333035,af|314159|V2PMHC_059a1481886fcb83|m0,af|314159|V2PMHC_edc57af6a9a8f080|m4,af|314159|V2PMHC_edc57af6a9a8f080|m0,6131,complete,6133
