aligned_pdb,aligned_pdb_sha256,core_sequence,core_start_1_based,excluded_chain_ids,hla_family,layer,ligand_id,mhc_alpha_allele,mhc_beta_allele,model_key,panel_seed,peptide_sequence,pmhc_id,sample_index,source_path,source_sha256,tcr_or_other_chains_removed
aligned_models/pdb_HY2E11_BALF5.pdb,b96215c790ca4736e0bca65e57437e6a84e3dd251d055e1952f8af1e995e7777,YHFVKKHVH,5,D;E;F,DR,experimental_pdb,HY2E11_BALF5,HLA-DRA*01:01,HLA-DRB5*01:01,pdb|HY2E11_BALF5,,TGGVYHFVKKHVHES,HY2E11_BALF5,0,processed/hla2_positive_control_benchmark_2026-08-25/sources/pdb/1H15.cif,d9ea92f3729330961796420db9e7c2256dc9ab586f7397e8e7b5dd75aa28a369,True
aligned_models/pdb_HY2E11_MBP.pdb,cba3dfd7884685c5f8465f38b6822e3d2b57e91004eedb3d761f903315b304e7,VHFFKNIVT,5,D;E;F,DR,experimental_pdb,HY2E11_MBP,HLA-DRA*01:01,HLA-DRB1*15:01,pdb|HY2E11_MBP,,ENPVVHFFKNIVTPR,HY2E11_MBP,0,processed/hla2_positive_control_benchmark_2026-08-25/sources/pdb/1BX2.cif,d79ab569a288069af10ad44d4da3309cab7b0689bcb9f3bf8a92b1e554b84b7f,True
aligned_models/pdb_OB1A12_ENGA.pdb,9f332aaee29a535418e6853d84e9b5568b347a0d032f4610c7db04ec7be97094,VHFISALHG,5,C;E;F;G;H,DR,experimental_pdb,OB1A12_ENGA,HLA-DRA*01:01,HLA-DRB1*15:01,pdb|OB1A12_ENGA,,DFARVHFISALHGSG,OB1A12_ENGA,0,processed/hla2_positive_control_benchmark_2026-08-25/sources/pdb/2WBJ.cif,c7926abc7b006a22518266afb4c5a58939770d23eb140485c48fd76fe7583dc9,True
aligned_models/pdb_OB1A12_MBP.pdb,802110818a89bd3b6a2f23f72e9ac20edb7c95fe744080802786cc44a1d2fa78,VHFFKNIVT,5,D;E,DR,experimental_pdb,OB1A12_MBP,HLA-DRA*01:01,HLA-DRB1*15:01,pdb|OB1A12_MBP,,ENPVVHFFKNIVTPR,OB1A12_MBP,0,processed/hla2_positive_control_benchmark_2026-08-25/sources/pdb/1YMM.cif,eafcf7d47638a07a3c3c514ad921ac17899d9f6c57e1955ddd5c68895b54d912,True
aligned_models/pdb_HY1B11_UL15.pdb,759166d202c41551286e22430d0d2115af7e94412ad947f5156a2259d941867e,VHFVRDFAQ,3,C,DQ,experimental_pdb,HY1B11_UL15,HLA-DQA1*01:02,HLA-DQB1*05:02,pdb|HY1B11_UL15,,QLVHFVRDFAQL,HY1B11_UL15,0,processed/hla2_positive_control_benchmark_2026-08-25/sources/pdb/4MAY.cif,0ef536beac7dfb94a914af1bdf0dfde045594d9fc3d4d76f1758597268d86b68,True
aligned_models/pdb_HY1B11_PMM.pdb,19615cec89c39d63ef302e2138154fdd3dc0e1e11e14981914f93e296e924dd3,MLFAKDVVS,4,C,DQ,experimental_pdb,HY1B11_PMM,HLA-DQA1*01:02,HLA-DQB1*05:02,pdb|HY1B11_PMM,,RLLMLFAKDVVSRN,HY1B11_PMM,0,processed/hla2_positive_control_benchmark_2026-08-25/sources/pdb/4GRL.cif,08ed957cc1576be66b5e0939c96473a34052a48c4cd383c2b24b255f7a33a316,True
aligned_models/pdb_HY1B11_MBP.pdb,2b915afb81e268f7f0d0b4b1fc5d30f99771c3baf4edeb735572ffc1d285ef40,VHFFKNIVT,5,C,DQ,experimental_pdb,HY1B11_MBP,HLA-DQA1*01:02,HLA-DQB1*05:02,pdb|HY1B11_MBP,,ENPVVHFFKNIVTPR,HY1B11_MBP,0,processed/hla2_positive_control_benchmark_2026-08-25/sources/pdb/3PL6.cif,908f7f10401f3d0c9526958e5830342c95d0f5fb5e5c45ec5395feba47017de5,True
aligned_models/pdb_PDB_DRB5_MBP_ALT_1FV1.pdb,2767629ee69fa188eaf2c0fa392a0ae175a2f217bc4cea304c76098b47d79c81,FKNIVTPRT,7,D;E;F,DR,experimental_pdb,PDB_DRB5_MBP_ALT_1FV1,HLA-DRA*01:01,HLA-DRB5*01:01,pdb|PDB_DRB5_MBP_ALT_1FV1,,NPVVHFFKNIVTPRTPPPSQ,PDB_DRB5_MBP_ALT_1FV1,0,processed/hla2_positive_control_benchmark_2026-08-25/sources/pdb/1FV1.cif,45511eec610262d1bf78351486caef1a8ba1847a966e18b5fd1ad1e8245c3d20,True
aligned_models/pdb_PDB_DR15_ALPHA3_5V4M.pdb,0d69a47aecc29e0e031bbbb1c4cd754922520ff2470a3fd417bfd5f477a55418,ISLWKGFSF,3,C;D;E;F;G;H,DR,experimental_pdb,PDB_DR15_ALPHA3_5V4M,HLA-DRA*01:01,HLA-DRB1*15:01,pdb|PDB_DR15_ALPHA3_5V4M,,GWISLWKGFSF,PDB_DR15_ALPHA3_5V4M,0,processed/hla2_positive_control_benchmark_2026-08-25/sources/pdb/5V4M.cif,a0523059b871c4cbcaba3210d909699345ea230475055c41157807f84040f211,True
aligned_models/pdb_PDB_DR15_GDP_6CPO.pdb,3b3aed94e4d3261ebc08f8b6529d37dd300099c868324fe04088beeba5300473,YKTLRAEQA,3,D;E;F,DR,experimental_pdb,PDB_DR15_GDP_6CPO,HLA-DRA*01:01,HLA-DRB1*15:01,pdb|PDB_DR15_GDP_6CPO,,RFYKTLRAEQASQ,PDB_DR15_GDP_6CPO,0,processed/hla2_positive_control_benchmark_2026-08-25/sources/pdb/6CPO.cif,0c1377774c98072dccf8bcc360e8450bb694a3da86517d7970cc051535988da3,True
aligned_models/af_271828_V2PMHC_059a1481886fcb83_m0.pdb,c847777e0532998c631d559013dda41964cef3476365e2cba38b22734fc9a44e,VTLTSYWRR,5,,DR,alphafold,V2PMHC_059a1481886fcb83,HLA-DRA*01:01,HLA-DRB1*15:01,af|271828|V2PMHC_059a1481886fcb83|m0,271828,LGERVTLTSYWRRVS,V2PMHC_059a1481886fcb83,0,/Users/anishsharma/Library/Mobile Documents/com~apple~CloudDocs/Downloads/folds_2026_08_27_04_49/ebvms_hla2_control_v2pmhc_059a1481886fcb83_s271828/fold_ebvms_hla2_control_v2pmhc_059a1481886fcb83_s271828_model_0.cif,5da70ba33fcf5a2a0c7abf258d5534e0c321e3412d43e42a9f6e00b279be2479,False
aligned_models/af_271828_V2PMHC_059a1481886fcb83_m1.pdb,f73a3269c7af6b53aed0a8ad259a3457613314287726ad5acaebadeb1589e7ca,VTLTSYWRR,5,,DR,alphafold,V2PMHC_059a1481886fcb83,HLA-DRA*01:01,HLA-DRB1*15:01,af|271828|V2PMHC_059a1481886fcb83|m1,271828,LGERVTLTSYWRRVS,V2PMHC_059a1481886fcb83,1,/Users/anishsharma/Library/Mobile Documents/com~apple~CloudDocs/Downloads/folds_2026_08_27_04_49/ebvms_hla2_control_v2pmhc_059a1481886fcb83_s271828/fold_ebvms_hla2_control_v2pmhc_059a1481886fcb83_s271828_model_1.cif,36d888ced872b198a55c2fa8a1cf6a3093a7640c5e3361ea35b669495798c25f,False
aligned_models/af_271828_V2PMHC_059a1481886fcb83_m2.pdb,b715c6aa0109f9d3cd2f99f32a26e0cdc0e1323db0ed0e7c7dec6feca271758e,VTLTSYWRR,5,,DR,alphafold,V2PMHC_059a1481886fcb83,HLA-DRA*01:01,HLA-DRB1*15:01,af|271828|V2PMHC_059a1481886fcb83|m2,271828,LGERVTLTSYWRRVS,V2PMHC_059a1481886fcb83,2,/Users/anishsharma/Library/Mobile Documents/com~apple~CloudDocs/Downloads/folds_2026_08_27_04_49/ebvms_hla2_control_v2pmhc_059a1481886fcb83_s271828/fold_ebvms_hla2_control_v2pmhc_059a1481886fcb83_s271828_model_2.cif,487c5009261782b11bf7254f48bdb621aaacb25c2565f486775eb43fe5691d04,False
aligned_models/af_271828_V2PMHC_059a1481886fcb83_m3.pdb,880ff41f96f66b810327cde9eadf79fbaab2af404e595be479c71bffc44f9a91,VTLTSYWRR,5,,DR,alphafold,V2PMHC_059a1481886fcb83,HLA-DRA*01:01,HLA-DRB1*15:01,af|271828|V2PMHC_059a1481886fcb83|m3,271828,LGERVTLTSYWRRVS,V2PMHC_059a1481886fcb83,3,/Users/anishsharma/Library/Mobile Documents/com~apple~CloudDocs/Downloads/folds_2026_08_27_04_49/ebvms_hla2_control_v2pmhc_059a1481886fcb83_s271828/fold_ebvms_hla2_control_v2pmhc_059a1481886fcb83_s271828_model_3.cif,7a6073c71658da7065bf3f70a8f7ee6b9fed382dd25061c52d999e28097aed9a,False
aligned_models/af_271828_V2PMHC_059a1481886fcb83_m4.pdb,cde3998bd0c179cd5e1d7f2ed0e1033310e66d5de1ac4d6cf4889854629ee2d4,VTLTSYWRR,5,,DR,alphafold,V2PMHC_059a1481886fcb83,HLA-DRA*01:01,HLA-DRB1*15:01,af|271828|V2PMHC_059a1481886fcb83|m4,271828,LGERVTLTSYWRRVS,V2PMHC_059a1481886fcb83,4,/Users/anishsharma/Library/Mobile Documents/com~apple~CloudDocs/Downloads/folds_2026_08_27_04_49/ebvms_hla2_control_v2pmhc_059a1481886fcb83_s271828/fold_ebvms_hla2_control_v2pmhc_059a1481886fcb83_s271828_model_4.cif,41298942fa911a412037c3676df6a7b035b5ac6c9198ca0cee2985d0715d9008,False
aligned_models/af_314159_V2PMHC_059a1481886fcb83_m0.pdb,070477ad9caf7e2be1ef12f1a2ddf0139c98d07ee896fee219b6e888030d95db,VTLTSYWRR,5,,DR,alphafold,V2PMHC_059a1481886fcb83,HLA-DRA*01:01,HLA-DRB1*15:01,af|314159|V2PMHC_059a1481886fcb83|m0,314159,LGERVTLTSYWRRVS,V2PMHC_059a1481886fcb83,0,/Users/anishsharma/Library/Mobile Documents/com~apple~CloudDocs/Downloads/folds_2026_08_27_04_49/ebvms_hla2_control_v2pmhc_059a1481886fcb83_s314159/fold_ebvms_hla2_control_v2pmhc_059a1481886fcb83_s314159_model_0.cif,f5ae61b0dbdc05bb86c25c2afa0ca13a74c0392a39315c2280b943f85e4013c8,False
aligned_models/af_314159_V2PMHC_059a1481886fcb83_m1.pdb,917c0aca51fc19990551a6da879a032538409080abba9a0848b0e6ecb1e5885f,VTLTSYWRR,5,,DR,alphafold,V2PMHC_059a1481886fcb83,HLA-DRA*01:01,HLA-DRB1*15:01,af|314159|V2PMHC_059a1481886fcb83|m1,314159,LGERVTLTSYWRRVS,V2PMHC_059a1481886fcb83,1,/Users/anishsharma/Library/Mobile Documents/com~apple~CloudDocs/Downloads/folds_2026_08_27_04_49/ebvms_hla2_control_v2pmhc_059a1481886fcb83_s314159/fold_ebvms_hla2_control_v2pmhc_059a1481886fcb83_s314159_model_1.cif,94f3c988f041024eac4accf711bd6c82fbdeebbf8640cc5c718d54724a065e45,False
aligned_models/af_314159_V2PMHC_059a1481886fcb83_m2.pdb,8738ae5c16c6c322b1169c739125112057ca48887f82ffae244172623d3f43e5,VTLTSYWRR,5,,DR,alphafold,V2PMHC_059a1481886fcb83,HLA-DRA*01:01,HLA-DRB1*15:01,af|314159|V2PMHC_059a1481886fcb83|m2,314159,LGERVTLTSYWRRVS,V2PMHC_059a1481886fcb83,2,/Users/anishsharma/Library/Mobile Documents/com~apple~CloudDocs/Downloads/folds_2026_08_27_04_49/ebvms_hla2_control_v2pmhc_059a1481886fcb83_s314159/fold_ebvms_hla2_control_v2pmhc_059a1481886fcb83_s314159_model_2.cif,48e1660389288aa1ce127264389b2b31bee35f1a2e67a65230ad93a04d3347af,False
aligned_models/af_314159_V2PMHC_059a1481886fcb83_m3.pdb,817a67e1fbdc84044a418f9a9032455873c2326fb9af0c36f881a5ced637ea3b,VTLTSYWRR,5,,DR,alphafold,V2PMHC_059a1481886fcb83,HLA-DRA*01:01,HLA-DRB1*15:01,af|314159|V2PMHC_059a1481886fcb83|m3,314159,LGERVTLTSYWRRVS,V2PMHC_059a1481886fcb83,3,/Users/anishsharma/Library/Mobile Documents/com~apple~CloudDocs/Downloads/folds_2026_08_27_04_49/ebvms_hla2_control_v2pmhc_059a1481886fcb83_s314159/fold_ebvms_hla2_control_v2pmhc_059a1481886fcb83_s314159_model_3.cif,355528ff6887fd04da4a1d7acf8183e61c28d6624653360e31ec6d9d886562fc,False
aligned_models/af_314159_V2PMHC_059a1481886fcb83_m4.pdb,0056c34d1d7c521ec56e7a8d927bf4a210af829f0b5751c7eccf956c0410b4df,VTLTSYWRR,5,,DR,alphafold,V2PMHC_059a1481886fcb83,HLA-DRA*01:01,HLA-DRB1*15:01,af|314159|V2PMHC_059a1481886fcb83|m4,314159,LGERVTLTSYWRRVS,V2PMHC_059a1481886fcb83,4,/Users/anishsharma/Library/Mobile Documents/com~apple~CloudDocs/Downloads/folds_2026_08_27_04_49/ebvms_hla2_control_v2pmhc_059a1481886fcb83_s314159/fold_ebvms_hla2_control_v2pmhc_059a1481886fcb83_s314159_model_4.cif,5b4dbff5c1b786ef16b5182b3f58b3dc088be22f8231564a0ba32e46bfe5bb90,False
aligned_models/af_271828_V2PMHC_09f27211b3e8bfb0_m0.pdb,bbaf8b7b3706c70f032449c3cc1ef5e66eee24a0ff3fbdf0fb48e3eebec6ba95,FIKFKSPLV,7,,DR,alphafold,V2PMHC_09f27211b3e8bfb0,HLA-DRA*01:01,HLA-DRB1*15:01,af|271828|V2PMHC_09f27211b3e8bfb0|m0,271828,MLGQDDFIKFKSPLV,V2PMHC_09f27211b3e8bfb0,0,/Users/anishsharma/Library/Mobile Documents/com~apple~CloudDocs/Downloads/folds_2026_08_27_04_49/ebvms_hla2_control_v2pmhc_09f27211b3e8bfb0_s271828/fold_ebvms_hla2_control_v2pmhc_09f27211b3e8bfb0_s271828_model_0.cif,069f74c202cf056f148cc9c5be9109a92126ba3ea992a212184e30b076a3e7f9,False
aligned_models/af_271828_V2PMHC_09f27211b3e8bfb0_m1.pdb,e23a797de0719dad1d6df53930940e09d7210e0cb33cc5ad529271c2c00a2be7,FIKFKSPLV,7,,DR,alphafold,V2PMHC_09f27211b3e8bfb0,HLA-DRA*01:01,HLA-DRB1*15:01,af|271828|V2PMHC_09f27211b3e8bfb0|m1,271828,MLGQDDFIKFKSPLV,V2PMHC_09f27211b3e8bfb0,1,/Users/anishsharma/Library/Mobile Documents/com~apple~CloudDocs/Downloads/folds_2026_08_27_04_49/ebvms_hla2_control_v2pmhc_09f27211b3e8bfb0_s271828/fold_ebvms_hla2_control_v2pmhc_09f27211b3e8bfb0_s271828_model_1.cif,174c3f0806719ec2cc47a4f8d5ff9ce76ab02b0bb5e11fe6e55c14a4d8181a97,False
aligned_models/af_271828_V2PMHC_09f27211b3e8bfb0_m2.pdb,cb3d0e7b3da09a5a3761bc1d7ce815a9a6ba47b21238e4cff4b4c65eadc739d6,FIKFKSPLV,7,,DR,alphafold,V2PMHC_09f27211b3e8bfb0,HLA-DRA*01:01,HLA-DRB1*15:01,af|271828|V2PMHC_09f27211b3e8bfb0|m2,271828,MLGQDDFIKFKSPLV,V2PMHC_09f27211b3e8bfb0,2,/Users/anishsharma/Library/Mobile Documents/com~apple~CloudDocs/Downloads/folds_2026_08_27_04_49/ebvms_hla2_control_v2pmhc_09f27211b3e8bfb0_s271828/fold_ebvms_hla2_control_v2pmhc_09f27211b3e8bfb0_s271828_model_2.cif,fd7fd3608a28554ae8b3560c983b86e32f58ce070d6314b0def6937bf501bbe8,False
aligned_models/af_271828_V2PMHC_09f27211b3e8bfb0_m3.pdb,c8aaa064504a5787c8d567e5c6e4c9e7b36682c444bdcebd5027526b827f0c06,FIKFKSPLV,7,,DR,alphafold,V2PMHC_09f27211b3e8bfb0,HLA-DRA*01:01,HLA-DRB1*15:01,af|271828|V2PMHC_09f27211b3e8bfb0|m3,271828,MLGQDDFIKFKSPLV,V2PMHC_09f27211b3e8bfb0,3,/Users/anishsharma/Library/Mobile Documents/com~apple~CloudDocs/Downloads/folds_2026_08_27_04_49/ebvms_hla2_control_v2pmhc_09f27211b3e8bfb0_s271828/fold_ebvms_hla2_control_v2pmhc_09f27211b3e8bfb0_s271828_model_3.cif,9835353a90cc6d0902f1086772a3b60be55aa90eb3919b75320a55657b6e8852,False
aligned_models/af_271828_V2PMHC_09f27211b3e8bfb0_m4.pdb,4062925c76577564ebb54f0a89856683079ba612331a29d70916cac8a5d1404e,FIKFKSPLV,7,,DR,alphafold,V2PMHC_09f27211b3e8bfb0,HLA-DRA*01:01,HLA-DRB1*15:01,af|271828|V2PMHC_09f27211b3e8bfb0|m4,271828,MLGQDDFIKFKSPLV,V2PMHC_09f27211b3e8bfb0,4,/Users/anishsharma/Library/Mobile Documents/com~apple~CloudDocs/Downloads/folds_2026_08_27_04_49/ebvms_hla2_control_v2pmhc_09f27211b3e8bfb0_s271828/fold_ebvms_hla2_control_v2pmhc_09f27211b3e8bfb0_s271828_model_4.cif,7d5a78aeb3fdb2623d61edde59ad685c2cafdcc5281249a3e8851479c5e1d30b,False
aligned_models/af_314159_V2PMHC_09f27211b3e8bfb0_m0.pdb,f699d89a8c4223d788b3f4e6e6160e80ec58e6864dd66291c026e985632f29f3,FIKFKSPLV,7,,DR,alphafold,V2PMHC_09f27211b3e8bfb0,HLA-DRA*01:01,HLA-DRB1*15:01,af|314159|V2PMHC_09f27211b3e8bfb0|m0,314159,MLGQDDFIKFKSPLV,V2PMHC_09f27211b3e8bfb0,0,/Users/anishsharma/Library/Mobile Documents/com~apple~CloudDocs/Downloads/folds_2026_08_27_04_49/ebvms_hla2_control_v2pmhc_09f27211b3e8bfb0_s314159/fold_ebvms_hla2_control_v2pmhc_09f27211b3e8bfb0_s314159_model_0.cif,fbb01fa11a707c99fa08d96c94b10f1382d8970b614251784291107626baca46,False
aligned_models/af_314159_V2PMHC_09f27211b3e8bfb0_m1.pdb,a10dd5a6222659fc68cb144b0245d5db04ebb46f7d39d067af71e89bd36d951c,FIKFKSPLV,7,,DR,alphafold,V2PMHC_09f27211b3e8bfb0,HLA-DRA*01:01,HLA-DRB1*15:01,af|314159|V2PMHC_09f27211b3e8bfb0|m1,314159,MLGQDDFIKFKSPLV,V2PMHC_09f27211b3e8bfb0,1,/Users/anishsharma/Library/Mobile Documents/com~apple~CloudDocs/Downloads/folds_2026_08_27_04_49/ebvms_hla2_control_v2pmhc_09f27211b3e8bfb0_s314159/fold_ebvms_hla2_control_v2pmhc_09f27211b3e8bfb0_s314159_model_1.cif,7f7f5a28443daa4dd744cc93ab38ddb453fc94fcd21209b0a4c6fc61cacdedc2,False
aligned_models/af_314159_V2PMHC_09f27211b3e8bfb0_m2.pdb,fe4828ad3d76d75c3334e641f73d220a7141ef09892dcb5af208f673821d356e,FIKFKSPLV,7,,DR,alphafold,V2PMHC_09f27211b3e8bfb0,HLA-DRA*01:01,HLA-DRB1*15:01,af|314159|V2PMHC_09f27211b3e8bfb0|m2,314159,MLGQDDFIKFKSPLV,V2PMHC_09f27211b3e8bfb0,2,/Users/anishsharma/Library/Mobile Documents/com~apple~CloudDocs/Downloads/folds_2026_08_27_04_49/ebvms_hla2_control_v2pmhc_09f27211b3e8bfb0_s314159/fold_ebvms_hla2_control_v2pmhc_09f27211b3e8bfb0_s314159_model_2.cif,6aae5238c4bb7ebd3a8bcb5be1e612bb5a1a823f43cf82aabd5b28f8b7eef60c,False
aligned_models/af_314159_V2PMHC_09f27211b3e8bfb0_m3.pdb,ded0a5c692fb85e3a98dbd35236222d6dd211cc305cf80a361cf3de56107c5e8,FIKFKSPLV,7,,DR,alphafold,V2PMHC_09f27211b3e8bfb0,HLA-DRA*01:01,HLA-DRB1*15:01,af|314159|V2PMHC_09f27211b3e8bfb0|m3,314159,MLGQDDFIKFKSPLV,V2PMHC_09f27211b3e8bfb0,3,/Users/anishsharma/Library/Mobile Documents/com~apple~CloudDocs/Downloads/folds_2026_08_27_04_49/ebvms_hla2_control_v2pmhc_09f27211b3e8bfb0_s314159/fold_ebvms_hla2_control_v2pmhc_09f27211b3e8bfb0_s314159_model_3.cif,d89561794e9720e5e7ffa5d5614acaabab1c100b4638d0816fa2e233aef1bc46,False
aligned_models/af_314159_V2PMHC_09f27211b3e8bfb0_m4.pdb,46471fd84246c8eb210be02282ae6a5506dbc5c90052ddad3033e4dadd57eb1c,FIKFKSPLV,7,,DR,alphafold,V2PMHC_09f27211b3e8bfb0,HLA-DRA*01:01,HLA-DRB1*15:01,af|314159|V2PMHC_09f27211b3e8bfb0|m4,314159,MLGQDDFIKFKSPLV,V2PMHC_09f27211b3e8bfb0,4,/Users/anishsharma/Library/Mobile Documents/com~apple~CloudDocs/Downloads/folds_2026_08_27_04_49/ebvms_hla2_control_v2pmhc_09f27211b3e8bfb0_s314159/fold_ebvms_hla2_control_v2pmhc_09f27211b3e8bfb0_s314159_model_4.cif,e1ac86793744035c5054c66a1f374152fc02ea976225c047343a2ab08897648c,False
aligned_models/af_271828_V2PMHC_0c99052ea98ebd84_m0.pdb,0b33a0329cdcb1773b7f61fc071af5dca41d5efa4d8366806d5ff4f4cc64f396,LEFYLAMPF,4,,DR,alphafold,V2PMHC_0c99052ea98ebd84,HLA-DRA*01:01,HLA-DRB1*15:01,af|271828|V2PMHC_0c99052ea98ebd84|m0,271828,SRLLEFYLAMPFATP,V2PMHC_0c99052ea98ebd84,0,/Users/anishsharma/Library/Mobile Documents/com~apple~CloudDocs/Downloads/folds_2026_08_27_04_49/ebvms_hla2_control_v2pmhc_0c99052ea98ebd84_s271828/fold_ebvms_hla2_control_v2pmhc_0c99052ea98ebd84_s271828_model_0.cif,09634029b7c0b64c67b4d8903752b2b09802b4c957cecb1e8747e12988d2b041,False
aligned_models/af_271828_V2PMHC_0c99052ea98ebd84_m1.pdb,7c691eb2be0ea42734f4d7f66eb812981c0afb6f71c5ce4802fc54ea3306a2ed,LEFYLAMPF,4,,DR,alphafold,V2PMHC_0c99052ea98ebd84,HLA-DRA*01:01,HLA-DRB1*15:01,af|271828|V2PMHC_0c99052ea98ebd84|m1,271828,SRLLEFYLAMPFATP,V2PMHC_0c99052ea98ebd84,1,/Users/anishsharma/Library/Mobile Documents/com~apple~CloudDocs/Downloads/folds_2026_08_27_04_49/ebvms_hla2_control_v2pmhc_0c99052ea98ebd84_s271828/fold_ebvms_hla2_control_v2pmhc_0c99052ea98ebd84_s271828_model_1.cif,23e909ea9ee50d9c3ff05f7a6e0f9b84f958e202ee09e26dd5705b20a0011441,False
aligned_models/af_271828_V2PMHC_0c99052ea98ebd84_m2.pdb,bbea7f11e908e14c5ae82a00b6bbd5b9193f494464273c2a0e0c96bff3ca8d31,LEFYLAMPF,4,,DR,alphafold,V2PMHC_0c99052ea98ebd84,HLA-DRA*01:01,HLA-DRB1*15:01,af|271828|V2PMHC_0c99052ea98ebd84|m2,271828,SRLLEFYLAMPFATP,V2PMHC_0c99052ea98ebd84,2,/Users/anishsharma/Library/Mobile Documents/com~apple~CloudDocs/Downloads/folds_2026_08_27_04_49/ebvms_hla2_control_v2pmhc_0c99052ea98ebd84_s271828/fold_ebvms_hla2_control_v2pmhc_0c99052ea98ebd84_s271828_model_2.cif,7f42d261e35b63fca377bb264339ce4773ffab8a8030ec55328c526bc7c10786,False
aligned_models/af_271828_V2PMHC_0c99052ea98ebd84_m3.pdb,f2f1c387dc91dae0cea62225621c8fb30a691c8abee76f9459ec1258b6d3e3a8,LEFYLAMPF,4,,DR,alphafold,V2PMHC_0c99052ea98ebd84,HLA-DRA*01:01,HLA-DRB1*15:01,af|271828|V2PMHC_0c99052ea98ebd84|m3,271828,SRLLEFYLAMPFATP,V2PMHC_0c99052ea98ebd84,3,/Users/anishsharma/Library/Mobile Documents/com~apple~CloudDocs/Downloads/folds_2026_08_27_04_49/ebvms_hla2_control_v2pmhc_0c99052ea98ebd84_s271828/fold_ebvms_hla2_control_v2pmhc_0c99052ea98ebd84_s271828_model_3.cif,f5a7f91367116ea66b6c4c7945d980c8ff593202b6845d0fc4413c53e700ac7b,False
aligned_models/af_271828_V2PMHC_0c99052ea98ebd84_m4.pdb,4185957c5270a43d5eb0739c0c01dfc71675841caa359e5a96e94302fb21587e,LEFYLAMPF,4,,DR,alphafold,V2PMHC_0c99052ea98ebd84,HLA-DRA*01:01,HLA-DRB1*15:01,af|271828|V2PMHC_0c99052ea98ebd84|m4,271828,SRLLEFYLAMPFATP,V2PMHC_0c99052ea98ebd84,4,/Users/anishsharma/Library/Mobile Documents/com~apple~CloudDocs/Downloads/folds_2026_08_27_04_49/ebvms_hla2_control_v2pmhc_0c99052ea98ebd84_s271828/fold_ebvms_hla2_control_v2pmhc_0c99052ea98ebd84_s271828_model_4.cif,b416f54769558a81ebdb3b1a3e44b8fc5382c3ad6700dafcbaa7da20a24352b3,False
aligned_models/af_314159_V2PMHC_0c99052ea98ebd84_m0.pdb,795f199d21bb1d52676994a2e96bbcb0ea9cbf32f164a4861de6afcc9f89ddc2,LEFYLAMPF,4,,DR,alphafold,V2PMHC_0c99052ea98ebd84,HLA-DRA*01:01,HLA-DRB1*15:01,af|314159|V2PMHC_0c99052ea98ebd84|m0,314159,SRLLEFYLAMPFATP,V2PMHC_0c99052ea98ebd84,0,/Users/anishsharma/Library/Mobile Documents/com~apple~CloudDocs/Downloads/folds_2026_08_27_04_49/ebvms_hla2_control_v2pmhc_0c99052ea98ebd84_s314159/fold_ebvms_hla2_control_v2pmhc_0c99052ea98ebd84_s314159_model_0.cif,69a9b2ffae93a5df0dd8be99a09803eb355509bb1a1ed2ff564c22cb2066dfbd,False
aligned_models/af_314159_V2PMHC_0c99052ea98ebd84_m1.pdb,9627aaca377fd935f96e7a22f7680ebbec999dd282f073c6eccc2a0995c34687,LEFYLAMPF,4,,DR,alphafold,V2PMHC_0c99052ea98ebd84,HLA-DRA*01:01,HLA-DRB1*15:01,af|314159|V2PMHC_0c99052ea98ebd84|m1,314159,SRLLEFYLAMPFATP,V2PMHC_0c99052ea98ebd84,1,/Users/anishsharma/Library/Mobile Documents/com~apple~CloudDocs/Downloads/folds_2026_08_27_04_49/ebvms_hla2_control_v2pmhc_0c99052ea98ebd84_s314159/fold_ebvms_hla2_control_v2pmhc_0c99052ea98ebd84_s314159_model_1.cif,35a7913c880948c5c31546db5d9357c53305b69482585ea1dd1ca30e46efbb8e,False
aligned_models/af_314159_V2PMHC_0c99052ea98ebd84_m2.pdb,ddfd3552922b468963c9a35d4f40a47c5b5594d56df037a3449804bc83fb40a3,LEFYLAMPF,4,,DR,alphafold,V2PMHC_0c99052ea98ebd84,HLA-DRA*01:01,HLA-DRB1*15:01,af|314159|V2PMHC_0c99052ea98ebd84|m2,314159,SRLLEFYLAMPFATP,V2PMHC_0c99052ea98ebd84,2,/Users/anishsharma/Library/Mobile Documents/com~apple~CloudDocs/Downloads/folds_2026_08_27_04_49/ebvms_hla2_control_v2pmhc_0c99052ea98ebd84_s314159/fold_ebvms_hla2_control_v2pmhc_0c99052ea98ebd84_s314159_model_2.cif,4dc81945796feae936accc9854cf80a7651d5730570c777f3aadb9de49126fd6,False
aligned_models/af_314159_V2PMHC_0c99052ea98ebd84_m3.pdb,2275d48fdde5c90d71326683bd5981636d9f693d2206c34e2ade3cb35cd96134,LEFYLAMPF,4,,DR,alphafold,V2PMHC_0c99052ea98ebd84,HLA-DRA*01:01,HLA-DRB1*15:01,af|314159|V2PMHC_0c99052ea98ebd84|m3,314159,SRLLEFYLAMPFATP,V2PMHC_0c99052ea98ebd84,3,/Users/anishsharma/Library/Mobile Documents/com~apple~CloudDocs/Downloads/folds_2026_08_27_04_49/ebvms_hla2_control_v2pmhc_0c99052ea98ebd84_s314159/fold_ebvms_hla2_control_v2pmhc_0c99052ea98ebd84_s314159_model_3.cif,3959a0e10ab3005c52379f217428a2b44170056e095218e04fc7ebb04482c347,False
aligned_models/af_314159_V2PMHC_0c99052ea98ebd84_m4.pdb,ff5d947e1c3495f84228d71dd0bd4327158564b9935cc1f8f70ad5bbe6aa74c2,LEFYLAMPF,4,,DR,alphafold,V2PMHC_0c99052ea98ebd84,HLA-DRA*01:01,HLA-DRB1*15:01,af|314159|V2PMHC_0c99052ea98ebd84|m4,314159,SRLLEFYLAMPFATP,V2PMHC_0c99052ea98ebd84,4,/Users/anishsharma/Library/Mobile Documents/com~apple~CloudDocs/Downloads/folds_2026_08_27_04_49/ebvms_hla2_control_v2pmhc_0c99052ea98ebd84_s314159/fold_ebvms_hla2_control_v2pmhc_0c99052ea98ebd84_s314159_model_4.cif,0cf2110a1ab7f36214987e7bf788209b679412234d113a49936f6f897a8cdc4c,False
aligned_models/af_271828_V2PMHC_124e901945f0164d_m0.pdb,773c75c436bedf4c256bb55fa1c94638237f84d340f37cfbcf47ca7041c403e9,LVLLRGENL,5,,DR,alphafold,V2PMHC_124e901945f0164d,HLA-DRA*01:01,HLA-DRB1*15:01,af|271828|V2PMHC_124e901945f0164d|m0,271828,RVLGLVLLRGENLVS,V2PMHC_124e901945f0164d,0,/Users/anishsharma/Library/Mobile Documents/com~apple~CloudDocs/Downloads/folds_2026_08_27_04_49/ebvms_hla2_control_v2pmhc_124e901945f0164d_s271828/fold_ebvms_hla2_control_v2pmhc_124e901945f0164d_s271828_model_0.cif,d67db7b595ae96f9ff67da5483f91b5cede28677209695206873b9997a832e5a,False
aligned_models/af_271828_V2PMHC_124e901945f0164d_m1.pdb,1de766b590021a904d98103a11abb5a4156c2b75295ee383ff87686efc9466b4,LVLLRGENL,5,,DR,alphafold,V2PMHC_124e901945f0164d,HLA-DRA*01:01,HLA-DRB1*15:01,af|271828|V2PMHC_124e901945f0164d|m1,271828,RVLGLVLLRGENLVS,V2PMHC_124e901945f0164d,1,/Users/anishsharma/Library/Mobile Documents/com~apple~CloudDocs/Downloads/folds_2026_08_27_04_49/ebvms_hla2_control_v2pmhc_124e901945f0164d_s271828/fold_ebvms_hla2_control_v2pmhc_124e901945f0164d_s271828_model_1.cif,710c31a5c539849ce63d9e1c736dd27c0a9718c147ba7ffd0aebcec864461a36,False
aligned_models/af_271828_V2PMHC_124e901945f0164d_m2.pdb,223ac79e0b493f285ad80378c85ed2f30b944d58e415cf858b84ec58187e010b,LVLLRGENL,5,,DR,alphafold,V2PMHC_124e901945f0164d,HLA-DRA*01:01,HLA-DRB1*15:01,af|271828|V2PMHC_124e901945f0164d|m2,271828,RVLGLVLLRGENLVS,V2PMHC_124e901945f0164d,2,/Users/anishsharma/Library/Mobile Documents/com~apple~CloudDocs/Downloads/folds_2026_08_27_04_49/ebvms_hla2_control_v2pmhc_124e901945f0164d_s271828/fold_ebvms_hla2_control_v2pmhc_124e901945f0164d_s271828_model_2.cif,3a7ceeded695f273cc0adee8213873a23dbbbe4d06acd709a474de5e8466d473,False
aligned_models/af_271828_V2PMHC_124e901945f0164d_m3.pdb,e3560a8b8203006da98922cb394575974a1149a4e1ce8b3dd66308f78e5bab44,LVLLRGENL,5,,DR,alphafold,V2PMHC_124e901945f0164d,HLA-DRA*01:01,HLA-DRB1*15:01,af|271828|V2PMHC_124e901945f0164d|m3,271828,RVLGLVLLRGENLVS,V2PMHC_124e901945f0164d,3,/Users/anishsharma/Library/Mobile Documents/com~apple~CloudDocs/Downloads/folds_2026_08_27_04_49/ebvms_hla2_control_v2pmhc_124e901945f0164d_s271828/fold_ebvms_hla2_control_v2pmhc_124e901945f0164d_s271828_model_3.cif,7bb8d9d21ea6c7505ac45a88bec69cad3da0f4f80009f49200c5fd894c902810,False
aligned_models/af_271828_V2PMHC_124e901945f0164d_m4.pdb,3e11c52b3882651bfa2282db69b73b1494661977d6ba2ff752d8c962bc4a1383,LVLLRGENL,5,,DR,alphafold,V2PMHC_124e901945f0164d,HLA-DRA*01:01,HLA-DRB1*15:01,af|271828|V2PMHC_124e901945f0164d|m4,271828,RVLGLVLLRGENLVS,V2PMHC_124e901945f0164d,4,/Users/anishsharma/Library/Mobile Documents/com~apple~CloudDocs/Downloads/folds_2026_08_27_04_49/ebvms_hla2_control_v2pmhc_124e901945f0164d_s271828/fold_ebvms_hla2_control_v2pmhc_124e901945f0164d_s271828_model_4.cif,500e1b582b6bead2e830c0107855173a3ba2c5f0107013ee9cc82db481fe6f24,False
aligned_models/af_314159_V2PMHC_124e901945f0164d_m0.pdb,293c71586acc482822ce5df6f9962c4d9526ca81a530d2628d8129ab72556b4b,LVLLRGENL,5,,DR,alphafold,V2PMHC_124e901945f0164d,HLA-DRA*01:01,HLA-DRB1*15:01,af|314159|V2PMHC_124e901945f0164d|m0,314159,RVLGLVLLRGENLVS,V2PMHC_124e901945f0164d,0,/Users/anishsharma/Library/Mobile Documents/com~apple~CloudDocs/Downloads/folds_2026_08_27_04_49/ebvms_hla2_control_v2pmhc_124e901945f0164d_s314159/fold_ebvms_hla2_control_v2pmhc_124e901945f0164d_s314159_model_0.cif,c3bc2e1d2a383592832e2187085c47e2da2ad6f8709dc3c5fb4b7c9aab65a733,False
aligned_models/af_314159_V2PMHC_124e901945f0164d_m1.pdb,300f514034b711c1ea8406d63c0c1d5772b85ffe6a2e057b135dc6362edfb9a9,LVLLRGENL,5,,DR,alphafold,V2PMHC_124e901945f0164d,HLA-DRA*01:01,HLA-DRB1*15:01,af|314159|V2PMHC_124e901945f0164d|m1,314159,RVLGLVLLRGENLVS,V2PMHC_124e901945f0164d,1,/Users/anishsharma/Library/Mobile Documents/com~apple~CloudDocs/Downloads/folds_2026_08_27_04_49/ebvms_hla2_control_v2pmhc_124e901945f0164d_s314159/fold_ebvms_hla2_control_v2pmhc_124e901945f0164d_s314159_model_1.cif,fe8de12f895eb9e95caa9b3ffdcc674c4f16ec999ee2eaaf7b901b9f66c5056e,False
aligned_models/af_314159_V2PMHC_124e901945f0164d_m2.pdb,9b27faf49179b9545778f01ce751df7b2b634394fe73b00e63bba2db796aa977,LVLLRGENL,5,,DR,alphafold,V2PMHC_124e901945f0164d,HLA-DRA*01:01,HLA-DRB1*15:01,af|314159|V2PMHC_124e901945f0164d|m2,314159,RVLGLVLLRGENLVS,V2PMHC_124e901945f0164d,2,/Users/anishsharma/Library/Mobile Documents/com~apple~CloudDocs/Downloads/folds_2026_08_27_04_49/ebvms_hla2_control_v2pmhc_124e901945f0164d_s314159/fold_ebvms_hla2_control_v2pmhc_124e901945f0164d_s314159_model_2.cif,e6338dd8fd769efc82e3717eb0fd1c907cb8ce53844f04e33c2c631d5f433547,False
aligned_models/af_314159_V2PMHC_124e901945f0164d_m3.pdb,2c7b061ed95466d5df96db8b3e697fd77e6cda4c79a932d4f36525a8cfbf8e56,LVLLRGENL,5,,DR,alphafold,V2PMHC_124e901945f0164d,HLA-DRA*01:01,HLA-DRB1*15:01,af|314159|V2PMHC_124e901945f0164d|m3,314159,RVLGLVLLRGENLVS,V2PMHC_124e901945f0164d,3,/Users/anishsharma/Library/Mobile Documents/com~apple~CloudDocs/Downloads/folds_2026_08_27_04_49/ebvms_hla2_control_v2pmhc_124e901945f0164d_s314159/fold_ebvms_hla2_control_v2pmhc_124e901945f0164d_s314159_model_3.cif,6154116f403b2585fbe6d5ee27e958212c12c8e1625062f61f02c3da2f9602fd,False
aligned_models/af_314159_V2PMHC_124e901945f0164d_m4.pdb,220b87776a695294f86762a5215fd087d5edee53e328865ae24a461366fc4b1c,LVLLRGENL,5,,DR,alphafold,V2PMHC_124e901945f0164d,HLA-DRA*01:01,HLA-DRB1*15:01,af|314159|V2PMHC_124e901945f0164d|m4,314159,RVLGLVLLRGENLVS,V2PMHC_124e901945f0164d,4,/Users/anishsharma/Library/Mobile Documents/com~apple~CloudDocs/Downloads/folds_2026_08_27_04_49/ebvms_hla2_control_v2pmhc_124e901945f0164d_s314159/fold_ebvms_hla2_control_v2pmhc_124e901945f0164d_s314159_model_4.cif,4cca9d50d2ee00421cd826105f6cb54ea095971fb3501632ed294b1eddab1e6e,False
aligned_models/af_271828_V2PMHC_22a556e2d6178849_m0.pdb,61711e789f2349a92bb949432a21278bba4fb84b00659b87573d1f4b81b6f06c,LLHTRAASL,5,,DR,alphafold,V2PMHC_22a556e2d6178849,HLA-DRA*01:01,HLA-DRB1*15:01,af|271828|V2PMHC_22a556e2d6178849|m0,271828,SRDELLHTRAASLLY,V2PMHC_22a556e2d6178849,0,/Users/anishsharma/Library/Mobile Documents/com~apple~CloudDocs/Downloads/folds_2026_08_27_04_49/ebvms_hla2_control_v2pmhc_22a556e2d6178849_s271828/fold_ebvms_hla2_control_v2pmhc_22a556e2d6178849_s271828_model_0.cif,56d701d8ca41869fa3d8002704ba9fa918184e12a735f994311824ea1d31d805,False
aligned_models/af_271828_V2PMHC_22a556e2d6178849_m1.pdb,b6c65223a2b90e5a0e3d1c7d700add4880ba9b7d0574565945a570560e270ee8,LLHTRAASL,5,,DR,alphafold,V2PMHC_22a556e2d6178849,HLA-DRA*01:01,HLA-DRB1*15:01,af|271828|V2PMHC_22a556e2d6178849|m1,271828,SRDELLHTRAASLLY,V2PMHC_22a556e2d6178849,1,/Users/anishsharma/Library/Mobile Documents/com~apple~CloudDocs/Downloads/folds_2026_08_27_04_49/ebvms_hla2_control_v2pmhc_22a556e2d6178849_s271828/fold_ebvms_hla2_control_v2pmhc_22a556e2d6178849_s271828_model_1.cif,059654253acdef8b8ed64511c17d08225a9d8d1e6298ae95bb950e6d15d913b0,False
aligned_models/af_271828_V2PMHC_22a556e2d6178849_m2.pdb,f0ec65890f7b68b1f2138e31e091d3947bbd146df5a35fa8344c77a7c43de40e,LLHTRAASL,5,,DR,alphafold,V2PMHC_22a556e2d6178849,HLA-DRA*01:01,HLA-DRB1*15:01,af|271828|V2PMHC_22a556e2d6178849|m2,271828,SRDELLHTRAASLLY,V2PMHC_22a556e2d6178849,2,/Users/anishsharma/Library/Mobile Documents/com~apple~CloudDocs/Downloads/folds_2026_08_27_04_49/ebvms_hla2_control_v2pmhc_22a556e2d6178849_s271828/fold_ebvms_hla2_control_v2pmhc_22a556e2d6178849_s271828_model_2.cif,d0acaedb1f99c1b6ec9472d305e94a25c8c3a491e33cd1d35cacbbdd72d51b54,False
aligned_models/af_271828_V2PMHC_22a556e2d6178849_m3.pdb,28ca5e7343a8da0902215f3abb1d770689d17b1cecd2bcd1e5ce376d1ea176ce,LLHTRAASL,5,,DR,alphafold,V2PMHC_22a556e2d6178849,HLA-DRA*01:01,HLA-DRB1*15:01,af|271828|V2PMHC_22a556e2d6178849|m3,271828,SRDELLHTRAASLLY,V2PMHC_22a556e2d6178849,3,/Users/anishsharma/Library/Mobile Documents/com~apple~CloudDocs/Downloads/folds_2026_08_27_04_49/ebvms_hla2_control_v2pmhc_22a556e2d6178849_s271828/fold_ebvms_hla2_control_v2pmhc_22a556e2d6178849_s271828_model_3.cif,70eece9f1eaccf71705b3dc916f80eb53a5bd72be556aee246550a7d094f91a2,False
aligned_models/af_271828_V2PMHC_22a556e2d6178849_m4.pdb,a90c6286a31953b8ac23dc6517e56cdcc33e3bf25ae60a6ff447b86e3aab1497,LLHTRAASL,5,,DR,alphafold,V2PMHC_22a556e2d6178849,HLA-DRA*01:01,HLA-DRB1*15:01,af|271828|V2PMHC_22a556e2d6178849|m4,271828,SRDELLHTRAASLLY,V2PMHC_22a556e2d6178849,4,/Users/anishsharma/Library/Mobile Documents/com~apple~CloudDocs/Downloads/folds_2026_08_27_04_49/ebvms_hla2_control_v2pmhc_22a556e2d6178849_s271828/fold_ebvms_hla2_control_v2pmhc_22a556e2d6178849_s271828_model_4.cif,ba6ca6fa0dc810024bfa953488f194c82ec698bd2fdab8010986ddd7c2b7c0af,False
aligned_models/af_314159_V2PMHC_22a556e2d6178849_m0.pdb,ed7a5d6bd6d585b64d6eb70039594ea14e3e72b0d4db19e178332563e7bb4087,LLHTRAASL,5,,DR,alphafold,V2PMHC_22a556e2d6178849,HLA-DRA*01:01,HLA-DRB1*15:01,af|314159|V2PMHC_22a556e2d6178849|m0,314159,SRDELLHTRAASLLY,V2PMHC_22a556e2d6178849,0,/Users/anishsharma/Library/Mobile Documents/com~apple~CloudDocs/Downloads/folds_2026_08_27_04_49/ebvms_hla2_control_v2pmhc_22a556e2d6178849_s314159/fold_ebvms_hla2_control_v2pmhc_22a556e2d6178849_s314159_model_0.cif,c58b51d173fee153bf62346a471482e50c4cfea386c0a5acf0196814fd3e7d74,False
aligned_models/af_314159_V2PMHC_22a556e2d6178849_m1.pdb,ef999192f32e1bbd92c1f0a231d105d2d6edaeaf96e6726e331e79c82031fe5e,LLHTRAASL,5,,DR,alphafold,V2PMHC_22a556e2d6178849,HLA-DRA*01:01,HLA-DRB1*15:01,af|314159|V2PMHC_22a556e2d6178849|m1,314159,SRDELLHTRAASLLY,V2PMHC_22a556e2d6178849,1,/Users/anishsharma/Library/Mobile Documents/com~apple~CloudDocs/Downloads/folds_2026_08_27_04_49/ebvms_hla2_control_v2pmhc_22a556e2d6178849_s314159/fold_ebvms_hla2_control_v2pmhc_22a556e2d6178849_s314159_model_1.cif,4cbd2acc65593fd219c1fa75a87c6c02556ec252547066792e84f68593b885b3,False
aligned_models/af_314159_V2PMHC_22a556e2d6178849_m2.pdb,a4ecc8af292572fc5fc5063fb2c14841669a02e8c25ef899a1a0303069aa6223,LLHTRAASL,5,,DR,alphafold,V2PMHC_22a556e2d6178849,HLA-DRA*01:01,HLA-DRB1*15:01,af|314159|V2PMHC_22a556e2d6178849|m2,314159,SRDELLHTRAASLLY,V2PMHC_22a556e2d6178849,2,/Users/anishsharma/Library/Mobile Documents/com~apple~CloudDocs/Downloads/folds_2026_08_27_04_49/ebvms_hla2_control_v2pmhc_22a556e2d6178849_s314159/fold_ebvms_hla2_control_v2pmhc_22a556e2d6178849_s314159_model_2.cif,7564e65491a17ae810d59fb508abd0f099af23300247c5df34a4d9eae0c8eb09,False
aligned_models/af_314159_V2PMHC_22a556e2d6178849_m3.pdb,005401a00662d75edfc5421d7d821f638f0ebfa026cb9926a6a0baa4054c2ccf,LLHTRAASL,5,,DR,alphafold,V2PMHC_22a556e2d6178849,HLA-DRA*01:01,HLA-DRB1*15:01,af|314159|V2PMHC_22a556e2d6178849|m3,314159,SRDELLHTRAASLLY,V2PMHC_22a556e2d6178849,3,/Users/anishsharma/Library/Mobile Documents/com~apple~CloudDocs/Downloads/folds_2026_08_27_04_49/ebvms_hla2_control_v2pmhc_22a556e2d6178849_s314159/fold_ebvms_hla2_control_v2pmhc_22a556e2d6178849_s314159_model_3.cif,e1c1891b53b83e176ad43238442bea13dbac8ec0f5f85ab1a11e17de21c5cac1,False
aligned_models/af_314159_V2PMHC_22a556e2d6178849_m4.pdb,83ab0851d9b434a83b76ae053badd44e2d1ce186eff9a3c6956a0b4938cc528c,LLHTRAASL,5,,DR,alphafold,V2PMHC_22a556e2d6178849,HLA-DRA*01:01,HLA-DRB1*15:01,af|314159|V2PMHC_22a556e2d6178849|m4,314159,SRDELLHTRAASLLY,V2PMHC_22a556e2d6178849,4,/Users/anishsharma/Library/Mobile Documents/com~apple~CloudDocs/Downloads/folds_2026_08_27_04_49/ebvms_hla2_control_v2pmhc_22a556e2d6178849_s314159/fold_ebvms_hla2_control_v2pmhc_22a556e2d6178849_s314159_model_4.cif,9f6028c0f70ec778ecd6cad852f94428fc0cedea21c151da272590ca21df76c4,False
aligned_models/af_271828_V2PMHC_2a45cfb5882821d2_m0.pdb,d86f8bc82da52c401d9504b2dc28eec3cfafca8328eadc4da756d929f19237ed,LSVVKPLTL,7,,DR,alphafold,V2PMHC_2a45cfb5882821d2,HLA-DRA*01:01,HLA-DRB5*01:01,af|271828|V2PMHC_2a45cfb5882821d2|m0,271828,VTKQEHLSVVKPLTL,V2PMHC_2a45cfb5882821d2,0,/Users/anishsharma/Library/Mobile Documents/com~apple~CloudDocs/Downloads/folds_2026_08_27_04_49/ebvms_hla2_control_v2pmhc_2a45cfb5882821d2_s271828/fold_ebvms_hla2_control_v2pmhc_2a45cfb5882821d2_s271828_model_0.cif,d621884a706fe2eee22ee4e9c85ecd92739f305b2abec26b0da7a158551da7e1,False
aligned_models/af_271828_V2PMHC_2a45cfb5882821d2_m1.pdb,afea3af8414e98277df29f549d8b3c202305093ec8f1a505dc80fe28d28fa6b0,LSVVKPLTL,7,,DR,alphafold,V2PMHC_2a45cfb5882821d2,HLA-DRA*01:01,HLA-DRB5*01:01,af|271828|V2PMHC_2a45cfb5882821d2|m1,271828,VTKQEHLSVVKPLTL,V2PMHC_2a45cfb5882821d2,1,/Users/anishsharma/Library/Mobile Documents/com~apple~CloudDocs/Downloads/folds_2026_08_27_04_49/ebvms_hla2_control_v2pmhc_2a45cfb5882821d2_s271828/fold_ebvms_hla2_control_v2pmhc_2a45cfb5882821d2_s271828_model_1.cif,1af6faf1e11930b663b3942afc3bc5ad5693e1c8957338cc71b957f58a25c513,False
aligned_models/af_271828_V2PMHC_2a45cfb5882821d2_m2.pdb,0ffcb00c7d87424a13c4eebfcf252807aa0818c942e24ee31e90cabf91ba2aac,LSVVKPLTL,7,,DR,alphafold,V2PMHC_2a45cfb5882821d2,HLA-DRA*01:01,HLA-DRB5*01:01,af|271828|V2PMHC_2a45cfb5882821d2|m2,271828,VTKQEHLSVVKPLTL,V2PMHC_2a45cfb5882821d2,2,/Users/anishsharma/Library/Mobile Documents/com~apple~CloudDocs/Downloads/folds_2026_08_27_04_49/ebvms_hla2_control_v2pmhc_2a45cfb5882821d2_s271828/fold_ebvms_hla2_control_v2pmhc_2a45cfb5882821d2_s271828_model_2.cif,21f5fb60a78e68718df7c89227dc903c3968f842958c9268ad0b1e75c90528b0,False
aligned_models/af_271828_V2PMHC_2a45cfb5882821d2_m3.pdb,9a2875bec88e9ad92ce805a134e960c3ea71e098da3889f2a9bce650c38087de,LSVVKPLTL,7,,DR,alphafold,V2PMHC_2a45cfb5882821d2,HLA-DRA*01:01,HLA-DRB5*01:01,af|271828|V2PMHC_2a45cfb5882821d2|m3,271828,VTKQEHLSVVKPLTL,V2PMHC_2a45cfb5882821d2,3,/Users/anishsharma/Library/Mobile Documents/com~apple~CloudDocs/Downloads/folds_2026_08_27_04_49/ebvms_hla2_control_v2pmhc_2a45cfb5882821d2_s271828/fold_ebvms_hla2_control_v2pmhc_2a45cfb5882821d2_s271828_model_3.cif,d6bb8fb852c0241e208a7b63ff8e90895115450e4fa2f54c1c5d05d0f2b9e8b8,False
aligned_models/af_271828_V2PMHC_2a45cfb5882821d2_m4.pdb,f01687c7da32303267cc9810e12ac205092ab73dc75fcc7c815e0a0947348161,LSVVKPLTL,7,,DR,alphafold,V2PMHC_2a45cfb5882821d2,HLA-DRA*01:01,HLA-DRB5*01:01,af|271828|V2PMHC_2a45cfb5882821d2|m4,271828,VTKQEHLSVVKPLTL,V2PMHC_2a45cfb5882821d2,4,/Users/anishsharma/Library/Mobile Documents/com~apple~CloudDocs/Downloads/folds_2026_08_27_04_49/ebvms_hla2_control_v2pmhc_2a45cfb5882821d2_s271828/fold_ebvms_hla2_control_v2pmhc_2a45cfb5882821d2_s271828_model_4.cif,d21b8fb2587402168002b760b2ef0cb6908f584b96e13512c45b41b0e1280562,False
aligned_models/af_314159_V2PMHC_2a45cfb5882821d2_m0.pdb,b00bdeb526fd0b2d5584392dda6416f427fd20378eb728647464ce8f1478e11e,LSVVKPLTL,7,,DR,alphafold,V2PMHC_2a45cfb5882821d2,HLA-DRA*01:01,HLA-DRB5*01:01,af|314159|V2PMHC_2a45cfb5882821d2|m0,314159,VTKQEHLSVVKPLTL,V2PMHC_2a45cfb5882821d2,0,/Users/anishsharma/Library/Mobile Documents/com~apple~CloudDocs/Downloads/folds_2026_08_27_04_49/ebvms_hla2_control_v2pmhc_2a45cfb5882821d2_s314159/fold_ebvms_hla2_control_v2pmhc_2a45cfb5882821d2_s314159_model_0.cif,759486533d6daa07983746ff5cf16fdbda64f25dfb54d850071d5ca88d71090e,False
aligned_models/af_314159_V2PMHC_2a45cfb5882821d2_m1.pdb,1e2b238d816d782d4d0af0c4fd939f03f37414e041b5461c9ccba259afbe003b,LSVVKPLTL,7,,DR,alphafold,V2PMHC_2a45cfb5882821d2,HLA-DRA*01:01,HLA-DRB5*01:01,af|314159|V2PMHC_2a45cfb5882821d2|m1,314159,VTKQEHLSVVKPLTL,V2PMHC_2a45cfb5882821d2,1,/Users/anishsharma/Library/Mobile Documents/com~apple~CloudDocs/Downloads/folds_2026_08_27_04_49/ebvms_hla2_control_v2pmhc_2a45cfb5882821d2_s314159/fold_ebvms_hla2_control_v2pmhc_2a45cfb5882821d2_s314159_model_1.cif,55153a052a6fbfa52aadbcf595eb8c3a3dec1cf813874a04b7e310378d879452,False
aligned_models/af_314159_V2PMHC_2a45cfb5882821d2_m2.pdb,8e8deab0b885354890270d5cdade1d7b04697ca2bbdb5effec85a7cda277d9fd,LSVVKPLTL,7,,DR,alphafold,V2PMHC_2a45cfb5882821d2,HLA-DRA*01:01,HLA-DRB5*01:01,af|314159|V2PMHC_2a45cfb5882821d2|m2,314159,VTKQEHLSVVKPLTL,V2PMHC_2a45cfb5882821d2,2,/Users/anishsharma/Library/Mobile Documents/com~apple~CloudDocs/Downloads/folds_2026_08_27_04_49/ebvms_hla2_control_v2pmhc_2a45cfb5882821d2_s314159/fold_ebvms_hla2_control_v2pmhc_2a45cfb5882821d2_s314159_model_2.cif,848407232ac6e71f042b5a423effe2a7535f1f20c5b0789bf289c6761803560b,False
aligned_models/af_314159_V2PMHC_2a45cfb5882821d2_m3.pdb,3de127a2e3d23f91f06f1904f9d1d80b0577d3dc56570759ece186b30621ed34,LSVVKPLTL,7,,DR,alphafold,V2PMHC_2a45cfb5882821d2,HLA-DRA*01:01,HLA-DRB5*01:01,af|314159|V2PMHC_2a45cfb5882821d2|m3,314159,VTKQEHLSVVKPLTL,V2PMHC_2a45cfb5882821d2,3,/Users/anishsharma/Library/Mobile Documents/com~apple~CloudDocs/Downloads/folds_2026_08_27_04_49/ebvms_hla2_control_v2pmhc_2a45cfb5882821d2_s314159/fold_ebvms_hla2_control_v2pmhc_2a45cfb5882821d2_s314159_model_3.cif,81474b7b474b5f90c7964e1c7c85a3b1125ec64eba9aa4d440c83f3225bf4a35,False
aligned_models/af_314159_V2PMHC_2a45cfb5882821d2_m4.pdb,9d3dc1c55f5d4a1da5aa6ebe7aab2792c2f9a1e6e8d1c2faf201cf3a2ad76d05,LSVVKPLTL,7,,DR,alphafold,V2PMHC_2a45cfb5882821d2,HLA-DRA*01:01,HLA-DRB5*01:01,af|314159|V2PMHC_2a45cfb5882821d2|m4,314159,VTKQEHLSVVKPLTL,V2PMHC_2a45cfb5882821d2,4,/Users/anishsharma/Library/Mobile Documents/com~apple~CloudDocs/Downloads/folds_2026_08_27_04_49/ebvms_hla2_control_v2pmhc_2a45cfb5882821d2_s314159/fold_ebvms_hla2_control_v2pmhc_2a45cfb5882821d2_s314159_model_4.cif,830726aa3f7cf0ed0c962886fd1f6f5484fc66e620d38eb118c4608d3352db1e,False
aligned_models/af_271828_V2PMHC_32819024c05f813a_m0.pdb,a2e870039b7e11f51f452c753fe092bd83219df3390dc399630973f830def21b,LRIYYSPSI,5,,DQ,alphafold,V2PMHC_32819024c05f813a,HLA-DQA1*01:02,HLA-DQB1*05:02,af|271828|V2PMHC_32819024c05f813a|m0,271828,IMNILRIYYSPSIM,V2PMHC_32819024c05f813a,0,/Users/anishsharma/Library/Mobile Documents/com~apple~CloudDocs/Downloads/folds_2026_08_27_04_49/ebvms_hla2_control_v2pmhc_32819024c05f813a_s271828/fold_ebvms_hla2_control_v2pmhc_32819024c05f813a_s271828_model_0.cif,1c0181a052b43df1d5d75521ff59eab1e4e40c7fce695d172bb2f8359d4f3e53,False
aligned_models/af_271828_V2PMHC_32819024c05f813a_m1.pdb,db806a074d9dd994c118309e6a88a038a64ed1da720bc562dc7ee109536d773f,LRIYYSPSI,5,,DQ,alphafold,V2PMHC_32819024c05f813a,HLA-DQA1*01:02,HLA-DQB1*05:02,af|271828|V2PMHC_32819024c05f813a|m1,271828,IMNILRIYYSPSIM,V2PMHC_32819024c05f813a,1,/Users/anishsharma/Library/Mobile Documents/com~apple~CloudDocs/Downloads/folds_2026_08_27_04_49/ebvms_hla2_control_v2pmhc_32819024c05f813a_s271828/fold_ebvms_hla2_control_v2pmhc_32819024c05f813a_s271828_model_1.cif,82741d918f98d37bb0865d351f8fecb1e28bf39dc1a32cae8488c9d2ec142a57,False
aligned_models/af_271828_V2PMHC_32819024c05f813a_m2.pdb,51e1ae0f6c394011a6db3f7564c4078284fd4f3dfd6d8995a7196f9cb2d185c1,LRIYYSPSI,5,,DQ,alphafold,V2PMHC_32819024c05f813a,HLA-DQA1*01:02,HLA-DQB1*05:02,af|271828|V2PMHC_32819024c05f813a|m2,271828,IMNILRIYYSPSIM,V2PMHC_32819024c05f813a,2,/Users/anishsharma/Library/Mobile Documents/com~apple~CloudDocs/Downloads/folds_2026_08_27_04_49/ebvms_hla2_control_v2pmhc_32819024c05f813a_s271828/fold_ebvms_hla2_control_v2pmhc_32819024c05f813a_s271828_model_2.cif,b5f0e9b163b9bac79b89bfd39c1fadd480d0debe058bd1bf49b6fb69b539bf31,False
aligned_models/af_271828_V2PMHC_32819024c05f813a_m3.pdb,290969a8c6a5aaa469a6bcb6558beaff729c36c5dcc6a4597c6f6149601fa290,LRIYYSPSI,5,,DQ,alphafold,V2PMHC_32819024c05f813a,HLA-DQA1*01:02,HLA-DQB1*05:02,af|271828|V2PMHC_32819024c05f813a|m3,271828,IMNILRIYYSPSIM,V2PMHC_32819024c05f813a,3,/Users/anishsharma/Library/Mobile Documents/com~apple~CloudDocs/Downloads/folds_2026_08_27_04_49/ebvms_hla2_control_v2pmhc_32819024c05f813a_s271828/fold_ebvms_hla2_control_v2pmhc_32819024c05f813a_s271828_model_3.cif,30e9dfb2ec404df2b623a91a4a386f2e11e00da4bc1320966a4cdc852b3efe31,False
aligned_models/af_271828_V2PMHC_32819024c05f813a_m4.pdb,dea8009e75de05cc43b433d2513afd75f8bc9ae7fc92c5b8763a0ed6632b9bba,LRIYYSPSI,5,,DQ,alphafold,V2PMHC_32819024c05f813a,HLA-DQA1*01:02,HLA-DQB1*05:02,af|271828|V2PMHC_32819024c05f813a|m4,271828,IMNILRIYYSPSIM,V2PMHC_32819024c05f813a,4,/Users/anishsharma/Library/Mobile Documents/com~apple~CloudDocs/Downloads/folds_2026_08_27_04_49/ebvms_hla2_control_v2pmhc_32819024c05f813a_s271828/fold_ebvms_hla2_control_v2pmhc_32819024c05f813a_s271828_model_4.cif,f39e190e48b7183b5d6d7e6113fe56fa4df828f0164b1523abfb76886608cc5c,False
aligned_models/af_314159_V2PMHC_32819024c05f813a_m0.pdb,0dae6e605d59f4e6ca0f30e1a84fd24ce123b46a28e58f91fbaac16909c6e59f,LRIYYSPSI,5,,DQ,alphafold,V2PMHC_32819024c05f813a,HLA-DQA1*01:02,HLA-DQB1*05:02,af|314159|V2PMHC_32819024c05f813a|m0,314159,IMNILRIYYSPSIM,V2PMHC_32819024c05f813a,0,/Users/anishsharma/Library/Mobile Documents/com~apple~CloudDocs/Downloads/folds_2026_08_27_04_49/ebvms_hla2_control_v2pmhc_32819024c05f813a_s314159/fold_ebvms_hla2_control_v2pmhc_32819024c05f813a_s314159_model_0.cif,1f2fdb27fd11679cc7079b7eedc84a5041021c6a5ebd0c017415de876b2dfa9a,False
aligned_models/af_314159_V2PMHC_32819024c05f813a_m1.pdb,884091ae4c430a3bcbd64981e90b125780cf8440c3375a42d11001b734aacf5e,LRIYYSPSI,5,,DQ,alphafold,V2PMHC_32819024c05f813a,HLA-DQA1*01:02,HLA-DQB1*05:02,af|314159|V2PMHC_32819024c05f813a|m1,314159,IMNILRIYYSPSIM,V2PMHC_32819024c05f813a,1,/Users/anishsharma/Library/Mobile Documents/com~apple~CloudDocs/Downloads/folds_2026_08_27_04_49/ebvms_hla2_control_v2pmhc_32819024c05f813a_s314159/fold_ebvms_hla2_control_v2pmhc_32819024c05f813a_s314159_model_1.cif,900bdea0f645d0ffd6ef0a88d51efc6157469b19c93c1e8c512fc3924887882c,False
aligned_models/af_314159_V2PMHC_32819024c05f813a_m2.pdb,b6c99e0cee7184217f055a76b4c31e0a7ec92261dc81dc8b9f6042470829a415,LRIYYSPSI,5,,DQ,alphafold,V2PMHC_32819024c05f813a,HLA-DQA1*01:02,HLA-DQB1*05:02,af|314159|V2PMHC_32819024c05f813a|m2,314159,IMNILRIYYSPSIM,V2PMHC_32819024c05f813a,2,/Users/anishsharma/Library/Mobile Documents/com~apple~CloudDocs/Downloads/folds_2026_08_27_04_49/ebvms_hla2_control_v2pmhc_32819024c05f813a_s314159/fold_ebvms_hla2_control_v2pmhc_32819024c05f813a_s314159_model_2.cif,0f1820661ddd8c8cb630a9048d25d391c7874babde359afa2857a03684cf437c,False
aligned_models/af_314159_V2PMHC_32819024c05f813a_m3.pdb,9a6265050addc063c7c1e8aca93da514ae7cbb3ed96b7a30f2edb214e4f8aa96,LRIYYSPSI,5,,DQ,alphafold,V2PMHC_32819024c05f813a,HLA-DQA1*01:02,HLA-DQB1*05:02,af|314159|V2PMHC_32819024c05f813a|m3,314159,IMNILRIYYSPSIM,V2PMHC_32819024c05f813a,3,/Users/anishsharma/Library/Mobile Documents/com~apple~CloudDocs/Downloads/folds_2026_08_27_04_49/ebvms_hla2_control_v2pmhc_32819024c05f813a_s314159/fold_ebvms_hla2_control_v2pmhc_32819024c05f813a_s314159_model_3.cif,640385608ce617ee1436794c97c63c3c8b8c653daf2ecdea4313814dbb1d1295,False
aligned_models/af_314159_V2PMHC_32819024c05f813a_m4.pdb,ef0f7cfd357f1483687d49b1783561b512fda491c93614056b47a004b3fcd4f9,LRIYYSPSI,5,,DQ,alphafold,V2PMHC_32819024c05f813a,HLA-DQA1*01:02,HLA-DQB1*05:02,af|314159|V2PMHC_32819024c05f813a|m4,314159,IMNILRIYYSPSIM,V2PMHC_32819024c05f813a,4,/Users/anishsharma/Library/Mobile Documents/com~apple~CloudDocs/Downloads/folds_2026_08_27_04_49/ebvms_hla2_control_v2pmhc_32819024c05f813a_s314159/fold_ebvms_hla2_control_v2pmhc_32819024c05f813a_s314159_model_4.cif,af2f83a39c73a731cd19745c8e170764f098ed9c8417ac4c529bdf5544f7433b,False
aligned_models/af_271828_V2PMHC_359f1f74d76d2644_m0.pdb,4b8d9101499f07d32ea900ed6247dbbf8220e08cdb176a35254dc80783d55c15,IDPADLDES,4,,DQ,alphafold,V2PMHC_359f1f74d76d2644,HLA-DQA1*01:02,HLA-DQB1*05:02,af|271828|V2PMHC_359f1f74d76d2644|m0,271828,PPSIDPADLDESWD,V2PMHC_359f1f74d76d2644,0,/Users/anishsharma/Library/Mobile Documents/com~apple~CloudDocs/Downloads/folds_2026_08_27_04_49/ebvms_hla2_control_v2pmhc_359f1f74d76d2644_s271828/fold_ebvms_hla2_control_v2pmhc_359f1f74d76d2644_s271828_model_0.cif,eea6c36736d2e1b9267d5bf53fcf93cbc3e7ae5c6720664af862750cbab8d393,False
aligned_models/af_271828_V2PMHC_359f1f74d76d2644_m1.pdb,174ca6f48b3ac67fe00bc8156aabaebca36f94bfc12e4cd1907044e66e3ace0e,IDPADLDES,4,,DQ,alphafold,V2PMHC_359f1f74d76d2644,HLA-DQA1*01:02,HLA-DQB1*05:02,af|271828|V2PMHC_359f1f74d76d2644|m1,271828,PPSIDPADLDESWD,V2PMHC_359f1f74d76d2644,1,/Users/anishsharma/Library/Mobile Documents/com~apple~CloudDocs/Downloads/folds_2026_08_27_04_49/ebvms_hla2_control_v2pmhc_359f1f74d76d2644_s271828/fold_ebvms_hla2_control_v2pmhc_359f1f74d76d2644_s271828_model_1.cif,2705705f2e85ee2f6f564af49fceb3ec6909c1bff125cb7f3570d6bd6f341d6d,False
aligned_models/af_271828_V2PMHC_359f1f74d76d2644_m2.pdb,0b726fc2584937a277993ffc6d4e21b5c68868e0e9fb2da081161dd7071a44b8,IDPADLDES,4,,DQ,alphafold,V2PMHC_359f1f74d76d2644,HLA-DQA1*01:02,HLA-DQB1*05:02,af|271828|V2PMHC_359f1f74d76d2644|m2,271828,PPSIDPADLDESWD,V2PMHC_359f1f74d76d2644,2,/Users/anishsharma/Library/Mobile Documents/com~apple~CloudDocs/Downloads/folds_2026_08_27_04_49/ebvms_hla2_control_v2pmhc_359f1f74d76d2644_s271828/fold_ebvms_hla2_control_v2pmhc_359f1f74d76d2644_s271828_model_2.cif,6830da6a3026988ce92cc9a88097f6863a7592c66335849885ecb0a8a27acd5a,False
aligned_models/af_271828_V2PMHC_359f1f74d76d2644_m3.pdb,6dc53e86afe46ca4ff7adc01bf6f57345429110be22aa2e3e2fd31a640b20ef6,IDPADLDES,4,,DQ,alphafold,V2PMHC_359f1f74d76d2644,HLA-DQA1*01:02,HLA-DQB1*05:02,af|271828|V2PMHC_359f1f74d76d2644|m3,271828,PPSIDPADLDESWD,V2PMHC_359f1f74d76d2644,3,/Users/anishsharma/Library/Mobile Documents/com~apple~CloudDocs/Downloads/folds_2026_08_27_04_49/ebvms_hla2_control_v2pmhc_359f1f74d76d2644_s271828/fold_ebvms_hla2_control_v2pmhc_359f1f74d76d2644_s271828_model_3.cif,18b8a6ee4bacb527c625fb45507a5d9ecb31195534efe2543f3cd5ac46c7cca4,False
aligned_models/af_271828_V2PMHC_359f1f74d76d2644_m4.pdb,0b6c5f1866c93bf09a6ab0bd6f6d3161627347277d0fc44acd78de2fc0a86950,IDPADLDES,4,,DQ,alphafold,V2PMHC_359f1f74d76d2644,HLA-DQA1*01:02,HLA-DQB1*05:02,af|271828|V2PMHC_359f1f74d76d2644|m4,271828,PPSIDPADLDESWD,V2PMHC_359f1f74d76d2644,4,/Users/anishsharma/Library/Mobile Documents/com~apple~CloudDocs/Downloads/folds_2026_08_27_04_49/ebvms_hla2_control_v2pmhc_359f1f74d76d2644_s271828/fold_ebvms_hla2_control_v2pmhc_359f1f74d76d2644_s271828_model_4.cif,c5c7c1a66302ca3cf9bb03782635f2f330e8fb7634b00f7cbfc1622952c94354,False
aligned_models/af_314159_V2PMHC_359f1f74d76d2644_m0.pdb,c9998406f4ad89570e01f9ac04c6a442e6660f361e7c5ecc0fbae235c5b036c9,IDPADLDES,4,,DQ,alphafold,V2PMHC_359f1f74d76d2644,HLA-DQA1*01:02,HLA-DQB1*05:02,af|314159|V2PMHC_359f1f74d76d2644|m0,314159,PPSIDPADLDESWD,V2PMHC_359f1f74d76d2644,0,/Users/anishsharma/Library/Mobile Documents/com~apple~CloudDocs/Downloads/folds_2026_08_27_04_49/ebvms_hla2_control_v2pmhc_359f1f74d76d2644_s314159/fold_ebvms_hla2_control_v2pmhc_359f1f74d76d2644_s314159_model_0.cif,a2653660e5f38d0cc4e7c7cfd5ee7817a207f141bc0baaeb99a9a14596eec0c9,False
aligned_models/af_314159_V2PMHC_359f1f74d76d2644_m1.pdb,23254c523ae7ff38c6c0a406d1017e909a3a4a6ae22d5c4a960eae286451deef,IDPADLDES,4,,DQ,alphafold,V2PMHC_359f1f74d76d2644,HLA-DQA1*01:02,HLA-DQB1*05:02,af|314159|V2PMHC_359f1f74d76d2644|m1,314159,PPSIDPADLDESWD,V2PMHC_359f1f74d76d2644,1,/Users/anishsharma/Library/Mobile Documents/com~apple~CloudDocs/Downloads/folds_2026_08_27_04_49/ebvms_hla2_control_v2pmhc_359f1f74d76d2644_s314159/fold_ebvms_hla2_control_v2pmhc_359f1f74d76d2644_s314159_model_1.cif,975e0e0279249ac2b0e0ae6498a3bef7d7874653f858c7a200aade1edaf482be,False
aligned_models/af_314159_V2PMHC_359f1f74d76d2644_m2.pdb,6090ea839ee88a1504fc69c0227f9141c4aeefc5a4c93512ae44cc5f05ad7758,IDPADLDES,4,,DQ,alphafold,V2PMHC_359f1f74d76d2644,HLA-DQA1*01:02,HLA-DQB1*05:02,af|314159|V2PMHC_359f1f74d76d2644|m2,314159,PPSIDPADLDESWD,V2PMHC_359f1f74d76d2644,2,/Users/anishsharma/Library/Mobile Documents/com~apple~CloudDocs/Downloads/folds_2026_08_27_04_49/ebvms_hla2_control_v2pmhc_359f1f74d76d2644_s314159/fold_ebvms_hla2_control_v2pmhc_359f1f74d76d2644_s314159_model_2.cif,4b4f84e514e4f8950adb43e743a2ee3519235bfa2a6621db68e3327cd7132212,False
aligned_models/af_314159_V2PMHC_359f1f74d76d2644_m3.pdb,ac0e90bc87d6bbb4c2dfbd2e4fe18c0d305210b951febb812ec7af3ec82bb829,IDPADLDES,4,,DQ,alphafold,V2PMHC_359f1f74d76d2644,HLA-DQA1*01:02,HLA-DQB1*05:02,af|314159|V2PMHC_359f1f74d76d2644|m3,314159,PPSIDPADLDESWD,V2PMHC_359f1f74d76d2644,3,/Users/anishsharma/Library/Mobile Documents/com~apple~CloudDocs/Downloads/folds_2026_08_27_04_49/ebvms_hla2_control_v2pmhc_359f1f74d76d2644_s314159/fold_ebvms_hla2_control_v2pmhc_359f1f74d76d2644_s314159_model_3.cif,c4a2c3b0df720a43eacb52ed77088344867c408e829d6f29a9eda47828502a8c,False
aligned_models/af_314159_V2PMHC_359f1f74d76d2644_m4.pdb,c922f62c7272fcec044b907d14eb609fba7b8ba5d4555caeca5ef9491c15c7d8,IDPADLDES,4,,DQ,alphafold,V2PMHC_359f1f74d76d2644,HLA-DQA1*01:02,HLA-DQB1*05:02,af|314159|V2PMHC_359f1f74d76d2644|m4,314159,PPSIDPADLDESWD,V2PMHC_359f1f74d76d2644,4,/Users/anishsharma/Library/Mobile Documents/com~apple~CloudDocs/Downloads/folds_2026_08_27_04_49/ebvms_hla2_control_v2pmhc_359f1f74d76d2644_s314159/fold_ebvms_hla2_control_v2pmhc_359f1f74d76d2644_s314159_model_4.cif,a1a27d93b78fe7dce8d8e9884953e167467021788bc5d61f419a4463888d85bd,False
aligned_models/af_271828_V2PMHC_368ebdaaab5ce03f_m0.pdb,5002e1887760e821c25a5a42460fdc48113191b76b7d9ea9afeb77b2eef5f10d,VHFVRDFAQ,3,,DQ,alphafold,V2PMHC_368ebdaaab5ce03f,HLA-DQA1*01:02,HLA-DQB1*05:02,af|271828|V2PMHC_368ebdaaab5ce03f|m0,271828,QLVHFVRDFAQL,V2PMHC_368ebdaaab5ce03f,0,/Users/anishsharma/Library/Mobile Documents/com~apple~CloudDocs/Downloads/folds_2026_08_27_04_49/ebvms_hla2_control_v2pmhc_368ebdaaab5ce03f_s271828/fold_ebvms_hla2_control_v2pmhc_368ebdaaab5ce03f_s271828_model_0.cif,b1c92f222367e61c0d38aff43bc9aa9bf44ccb5585b4615f904b0766543c2652,False
aligned_models/af_271828_V2PMHC_368ebdaaab5ce03f_m1.pdb,1e9d9da1fb39abf5a938ccb2c9d1c4b054ed9c440851ab8ae3addc0b0cabfd4d,VHFVRDFAQ,3,,DQ,alphafold,V2PMHC_368ebdaaab5ce03f,HLA-DQA1*01:02,HLA-DQB1*05:02,af|271828|V2PMHC_368ebdaaab5ce03f|m1,271828,QLVHFVRDFAQL,V2PMHC_368ebdaaab5ce03f,1,/Users/anishsharma/Library/Mobile Documents/com~apple~CloudDocs/Downloads/folds_2026_08_27_04_49/ebvms_hla2_control_v2pmhc_368ebdaaab5ce03f_s271828/fold_ebvms_hla2_control_v2pmhc_368ebdaaab5ce03f_s271828_model_1.cif,d54f3af93c3ba03f2005af6a3bb59626d9dbcdad29fca013f82c668ecbe2483b,False
aligned_models/af_271828_V2PMHC_368ebdaaab5ce03f_m2.pdb,7dd4b781327cd83eabb417bafc21c8087a22bc5e336dcd1f494a82ee034cb5c9,VHFVRDFAQ,3,,DQ,alphafold,V2PMHC_368ebdaaab5ce03f,HLA-DQA1*01:02,HLA-DQB1*05:02,af|271828|V2PMHC_368ebdaaab5ce03f|m2,271828,QLVHFVRDFAQL,V2PMHC_368ebdaaab5ce03f,2,/Users/anishsharma/Library/Mobile Documents/com~apple~CloudDocs/Downloads/folds_2026_08_27_04_49/ebvms_hla2_control_v2pmhc_368ebdaaab5ce03f_s271828/fold_ebvms_hla2_control_v2pmhc_368ebdaaab5ce03f_s271828_model_2.cif,20fbfb6f1a762b526e177cf604bc2deacd59637a8d290d2cdb6382657136a688,False
aligned_models/af_271828_V2PMHC_368ebdaaab5ce03f_m3.pdb,3d23aa011f5c5436a6cad578fb5786ab5fa8c67f1bb0c2eb1516f0fb0990db51,VHFVRDFAQ,3,,DQ,alphafold,V2PMHC_368ebdaaab5ce03f,HLA-DQA1*01:02,HLA-DQB1*05:02,af|271828|V2PMHC_368ebdaaab5ce03f|m3,271828,QLVHFVRDFAQL,V2PMHC_368ebdaaab5ce03f,3,/Users/anishsharma/Library/Mobile Documents/com~apple~CloudDocs/Downloads/folds_2026_08_27_04_49/ebvms_hla2_control_v2pmhc_368ebdaaab5ce03f_s271828/fold_ebvms_hla2_control_v2pmhc_368ebdaaab5ce03f_s271828_model_3.cif,f4f7e08fd989fa410a0781345541bef85533ba0899950d37a3ccfeccf3a399bf,False
aligned_models/af_271828_V2PMHC_368ebdaaab5ce03f_m4.pdb,2eb5cc11dc35c8e0ef09cc1ce75588fd80ff354e23bfb00144dfcc8117d8569d,VHFVRDFAQ,3,,DQ,alphafold,V2PMHC_368ebdaaab5ce03f,HLA-DQA1*01:02,HLA-DQB1*05:02,af|271828|V2PMHC_368ebdaaab5ce03f|m4,271828,QLVHFVRDFAQL,V2PMHC_368ebdaaab5ce03f,4,/Users/anishsharma/Library/Mobile Documents/com~apple~CloudDocs/Downloads/folds_2026_08_27_04_49/ebvms_hla2_control_v2pmhc_368ebdaaab5ce03f_s271828/fold_ebvms_hla2_control_v2pmhc_368ebdaaab5ce03f_s271828_model_4.cif,482b40795ec278825fab58d9349b75712d7bd431849bd8009c23960852eccb5c,False
aligned_models/af_314159_V2PMHC_368ebdaaab5ce03f_m0.pdb,1f6229ee1d7d7f8cedc801189795cf73080566c053d8b021b725f36b01160d4c,VHFVRDFAQ,3,,DQ,alphafold,V2PMHC_368ebdaaab5ce03f,HLA-DQA1*01:02,HLA-DQB1*05:02,af|314159|V2PMHC_368ebdaaab5ce03f|m0,314159,QLVHFVRDFAQL,V2PMHC_368ebdaaab5ce03f,0,/Users/anishsharma/Library/Mobile Documents/com~apple~CloudDocs/Downloads/folds_2026_08_27_04_49/ebvms_hla2_control_v2pmhc_368ebdaaab5ce03f_s314159/fold_ebvms_hla2_control_v2pmhc_368ebdaaab5ce03f_s314159_model_0.cif,5528f79867f51fbb7434298948f3c0c65063ac2bd254ffa29c958f65d844af2c,False
aligned_models/af_314159_V2PMHC_368ebdaaab5ce03f_m1.pdb,bceb12031027c34c1d82d084acc4862499ea3234a398c95de807c933af550141,VHFVRDFAQ,3,,DQ,alphafold,V2PMHC_368ebdaaab5ce03f,HLA-DQA1*01:02,HLA-DQB1*05:02,af|314159|V2PMHC_368ebdaaab5ce03f|m1,314159,QLVHFVRDFAQL,V2PMHC_368ebdaaab5ce03f,1,/Users/anishsharma/Library/Mobile Documents/com~apple~CloudDocs/Downloads/folds_2026_08_27_04_49/ebvms_hla2_control_v2pmhc_368ebdaaab5ce03f_s314159/fold_ebvms_hla2_control_v2pmhc_368ebdaaab5ce03f_s314159_model_1.cif,7e2fc997f4c71d34edfb3e82d9e2a6bc1d0db6b9c0dbb10b32941de39cbd6b42,False
aligned_models/af_314159_V2PMHC_368ebdaaab5ce03f_m2.pdb,6967712ef442ff52b6a7a6406d4b134c5d2a4a7518b0d013bef1bd704159924e,VHFVRDFAQ,3,,DQ,alphafold,V2PMHC_368ebdaaab5ce03f,HLA-DQA1*01:02,HLA-DQB1*05:02,af|314159|V2PMHC_368ebdaaab5ce03f|m2,314159,QLVHFVRDFAQL,V2PMHC_368ebdaaab5ce03f,2,/Users/anishsharma/Library/Mobile Documents/com~apple~CloudDocs/Downloads/folds_2026_08_27_04_49/ebvms_hla2_control_v2pmhc_368ebdaaab5ce03f_s314159/fold_ebvms_hla2_control_v2pmhc_368ebdaaab5ce03f_s314159_model_2.cif,66e2397084ed17487020d805e7dce70e2b17a030c66c215c94c056938bf026e1,False
aligned_models/af_314159_V2PMHC_368ebdaaab5ce03f_m3.pdb,daf6716636cb777bd4e9429187cd17725b524b776ee0b8a4fecfe12b701eb156,VHFVRDFAQ,3,,DQ,alphafold,V2PMHC_368ebdaaab5ce03f,HLA-DQA1*01:02,HLA-DQB1*05:02,af|314159|V2PMHC_368ebdaaab5ce03f|m3,314159,QLVHFVRDFAQL,V2PMHC_368ebdaaab5ce03f,3,/Users/anishsharma/Library/Mobile Documents/com~apple~CloudDocs/Downloads/folds_2026_08_27_04_49/ebvms_hla2_control_v2pmhc_368ebdaaab5ce03f_s314159/fold_ebvms_hla2_control_v2pmhc_368ebdaaab5ce03f_s314159_model_3.cif,879160f876094eab9a14a28f2f85b782c62a4df72088a5d6161de13f9830a04e,False
aligned_models/af_314159_V2PMHC_368ebdaaab5ce03f_m4.pdb,26c239c8a09c3291277b4e8af413dad442bb54fee5eedaf13cec07723de8d390,VHFVRDFAQ,3,,DQ,alphafold,V2PMHC_368ebdaaab5ce03f,HLA-DQA1*01:02,HLA-DQB1*05:02,af|314159|V2PMHC_368ebdaaab5ce03f|m4,314159,QLVHFVRDFAQL,V2PMHC_368ebdaaab5ce03f,4,/Users/anishsharma/Library/Mobile Documents/com~apple~CloudDocs/Downloads/folds_2026_08_27_04_49/ebvms_hla2_control_v2pmhc_368ebdaaab5ce03f_s314159/fold_ebvms_hla2_control_v2pmhc_368ebdaaab5ce03f_s314159_model_4.cif,a7f023be4856f929ba9b1f68309be4d15ac54c58aa08b75f4065ed89cfb9897f,False
aligned_models/af_271828_V2PMHC_3f942ba88c8f100c_m0.pdb,aa7b297bb8aefd2940495621ecbd73b5a227cd563e3b8bdf112665d4686c5fe8,ELPYIDPNM,4,,DQ,alphafold,V2PMHC_3f942ba88c8f100c,HLA-DQA1*01:02,HLA-DQB1*05:02,af|271828|V2PMHC_3f942ba88c8f100c|m0,271828,SDDELPYIDPNMEPV,V2PMHC_3f942ba88c8f100c,0,/Users/anishsharma/Library/Mobile Documents/com~apple~CloudDocs/Downloads/folds_2026_08_27_04_49/ebvms_hla2_control_v2pmhc_3f942ba88c8f100c_s271828/fold_ebvms_hla2_control_v2pmhc_3f942ba88c8f100c_s271828_model_0.cif,a49faf4390865acb168c3dc6da85646f21d452a78da841f5b000da8dbbd7abf8,False
aligned_models/af_271828_V2PMHC_3f942ba88c8f100c_m1.pdb,18774b441affd34bb25ce31d33bdb61b90f445278ad10efc6cc01c0d4059fcea,ELPYIDPNM,4,,DQ,alphafold,V2PMHC_3f942ba88c8f100c,HLA-DQA1*01:02,HLA-DQB1*05:02,af|271828|V2PMHC_3f942ba88c8f100c|m1,271828,SDDELPYIDPNMEPV,V2PMHC_3f942ba88c8f100c,1,/Users/anishsharma/Library/Mobile Documents/com~apple~CloudDocs/Downloads/folds_2026_08_27_04_49/ebvms_hla2_control_v2pmhc_3f942ba88c8f100c_s271828/fold_ebvms_hla2_control_v2pmhc_3f942ba88c8f100c_s271828_model_1.cif,050b5432801f8554afbafea86eca337d9118f1b0b360088fa35aabf96f8b33cb,False
aligned_models/af_271828_V2PMHC_3f942ba88c8f100c_m2.pdb,ab11661ce80150a0aae21f17aec9308584690674d83d3f028ecf6fc97be8b0bb,ELPYIDPNM,4,,DQ,alphafold,V2PMHC_3f942ba88c8f100c,HLA-DQA1*01:02,HLA-DQB1*05:02,af|271828|V2PMHC_3f942ba88c8f100c|m2,271828,SDDELPYIDPNMEPV,V2PMHC_3f942ba88c8f100c,2,/Users/anishsharma/Library/Mobile Documents/com~apple~CloudDocs/Downloads/folds_2026_08_27_04_49/ebvms_hla2_control_v2pmhc_3f942ba88c8f100c_s271828/fold_ebvms_hla2_control_v2pmhc_3f942ba88c8f100c_s271828_model_2.cif,b25e09800b4530c9484209d0f89c42a64b5f87c47130a7d0c35a174e1695689b,False
aligned_models/af_271828_V2PMHC_3f942ba88c8f100c_m3.pdb,c5ba2a24a0a7031a428cf6b5ef64ea20851ef31bbbadb161b9f73bfd9e439f28,ELPYIDPNM,4,,DQ,alphafold,V2PMHC_3f942ba88c8f100c,HLA-DQA1*01:02,HLA-DQB1*05:02,af|271828|V2PMHC_3f942ba88c8f100c|m3,271828,SDDELPYIDPNMEPV,V2PMHC_3f942ba88c8f100c,3,/Users/anishsharma/Library/Mobile Documents/com~apple~CloudDocs/Downloads/folds_2026_08_27_04_49/ebvms_hla2_control_v2pmhc_3f942ba88c8f100c_s271828/fold_ebvms_hla2_control_v2pmhc_3f942ba88c8f100c_s271828_model_3.cif,2b1c11f63529ae9296689ed74ef7ded7edc7a7d115a2e9f7a8e8ef2ce9376946,False
aligned_models/af_271828_V2PMHC_3f942ba88c8f100c_m4.pdb,0321bd65ead9cda9f678df917ceda5fd05cac9e9a752e187262b9c5dca04521d,ELPYIDPNM,4,,DQ,alphafold,V2PMHC_3f942ba88c8f100c,HLA-DQA1*01:02,HLA-DQB1*05:02,af|271828|V2PMHC_3f942ba88c8f100c|m4,271828,SDDELPYIDPNMEPV,V2PMHC_3f942ba88c8f100c,4,/Users/anishsharma/Library/Mobile Documents/com~apple~CloudDocs/Downloads/folds_2026_08_27_04_49/ebvms_hla2_control_v2pmhc_3f942ba88c8f100c_s271828/fold_ebvms_hla2_control_v2pmhc_3f942ba88c8f100c_s271828_model_4.cif,c5661597c5cdc053c472d0283573ab47868b13482fa52482069975803752fd87,False
aligned_models/af_314159_V2PMHC_3f942ba88c8f100c_m0.pdb,8fa15989fa6c78aa7cbbb7e244fa951e2a9e6a40663e25e14b8cc49d07fa3b1e,ELPYIDPNM,4,,DQ,alphafold,V2PMHC_3f942ba88c8f100c,HLA-DQA1*01:02,HLA-DQB1*05:02,af|314159|V2PMHC_3f942ba88c8f100c|m0,314159,SDDELPYIDPNMEPV,V2PMHC_3f942ba88c8f100c,0,/Users/anishsharma/Library/Mobile Documents/com~apple~CloudDocs/Downloads/folds_2026_08_27_04_49/ebvms_hla2_control_v2pmhc_3f942ba88c8f100c_s314159/fold_ebvms_hla2_control_v2pmhc_3f942ba88c8f100c_s314159_model_0.cif,cc24de7d2a6584b086afc6447bf016d7e0daba59cebab540f36ed687db09d1ce,False
aligned_models/af_314159_V2PMHC_3f942ba88c8f100c_m1.pdb,d78868febe04429abc7650c5cfcc8ae91906641f903cf4e7911db5328b8a0f9c,ELPYIDPNM,4,,DQ,alphafold,V2PMHC_3f942ba88c8f100c,HLA-DQA1*01:02,HLA-DQB1*05:02,af|314159|V2PMHC_3f942ba88c8f100c|m1,314159,SDDELPYIDPNMEPV,V2PMHC_3f942ba88c8f100c,1,/Users/anishsharma/Library/Mobile Documents/com~apple~CloudDocs/Downloads/folds_2026_08_27_04_49/ebvms_hla2_control_v2pmhc_3f942ba88c8f100c_s314159/fold_ebvms_hla2_control_v2pmhc_3f942ba88c8f100c_s314159_model_1.cif,ff73996e628edcebd1edcabd8a6fb741d8cbd9717e8cca9a22b048bcfe4686a7,False
aligned_models/af_314159_V2PMHC_3f942ba88c8f100c_m2.pdb,7f89b27265a87ac839db9fd34b8813975ddf07a91337d821219057d130c0af00,ELPYIDPNM,4,,DQ,alphafold,V2PMHC_3f942ba88c8f100c,HLA-DQA1*01:02,HLA-DQB1*05:02,af|314159|V2PMHC_3f942ba88c8f100c|m2,314159,SDDELPYIDPNMEPV,V2PMHC_3f942ba88c8f100c,2,/Users/anishsharma/Library/Mobile Documents/com~apple~CloudDocs/Downloads/folds_2026_08_27_04_49/ebvms_hla2_control_v2pmhc_3f942ba88c8f100c_s314159/fold_ebvms_hla2_control_v2pmhc_3f942ba88c8f100c_s314159_model_2.cif,3decad1556c3a2bd82758a79977be6f000a386dbe14669784b9d8eb0ec2c4dad,False
aligned_models/af_314159_V2PMHC_3f942ba88c8f100c_m3.pdb,5c422b40c5121b0108c7323411545ced557bc577cf670862dd1b1899a658d25e,ELPYIDPNM,4,,DQ,alphafold,V2PMHC_3f942ba88c8f100c,HLA-DQA1*01:02,HLA-DQB1*05:02,af|314159|V2PMHC_3f942ba88c8f100c|m3,314159,SDDELPYIDPNMEPV,V2PMHC_3f942ba88c8f100c,3,/Users/anishsharma/Library/Mobile Documents/com~apple~CloudDocs/Downloads/folds_2026_08_27_04_49/ebvms_hla2_control_v2pmhc_3f942ba88c8f100c_s314159/fold_ebvms_hla2_control_v2pmhc_3f942ba88c8f100c_s314159_model_3.cif,3a719806dee04e1429a484fb32dc5c7b13865ab9ee00dd1c88eaeb1011e44789,False
aligned_models/af_314159_V2PMHC_3f942ba88c8f100c_m4.pdb,46b1cd60c7d69928233ad4aaf69d17b3b9a4914bcd0bab186f4d5ffd7480d0b7,ELPYIDPNM,4,,DQ,alphafold,V2PMHC_3f942ba88c8f100c,HLA-DQA1*01:02,HLA-DQB1*05:02,af|314159|V2PMHC_3f942ba88c8f100c|m4,314159,SDDELPYIDPNMEPV,V2PMHC_3f942ba88c8f100c,4,/Users/anishsharma/Library/Mobile Documents/com~apple~CloudDocs/Downloads/folds_2026_08_27_04_49/ebvms_hla2_control_v2pmhc_3f942ba88c8f100c_s314159/fold_ebvms_hla2_control_v2pmhc_3f942ba88c8f100c_s314159_model_4.cif,194344cf537f1ca51ec37d01bb71d12e3d4f8cca8847e2e91cc956eb58d7ac1d,False
aligned_models/af_271828_V2PMHC_4ac3a4f6915c6008_m0.pdb,11550858302ff5133726891fbbb5a92cf5f14622c8a6d3cf48dd9e47ae71ff65,MVTFRNQAS,4,,DQ,alphafold,V2PMHC_4ac3a4f6915c6008,HLA-DQA1*01:02,HLA-DQB1*05:02,af|271828|V2PMHC_4ac3a4f6915c6008|m0,271828,DNIMVTFRNQASRPY,V2PMHC_4ac3a4f6915c6008,0,/Users/anishsharma/Library/Mobile Documents/com~apple~CloudDocs/Downloads/folds_2026_08_27_04_49/ebvms_hla2_control_v2pmhc_4ac3a4f6915c6008_s271828/fold_ebvms_hla2_control_v2pmhc_4ac3a4f6915c6008_s271828_model_0.cif,55d85610fa4d02f7cc3328d3ba6e28734bef72b8417cfd90c82acbcf8cadb76e,False
aligned_models/af_271828_V2PMHC_4ac3a4f6915c6008_m1.pdb,6b1619de1b8f412c6fc355361dde533c9797edcf6725a7b18cd92275a7bbac7c,MVTFRNQAS,4,,DQ,alphafold,V2PMHC_4ac3a4f6915c6008,HLA-DQA1*01:02,HLA-DQB1*05:02,af|271828|V2PMHC_4ac3a4f6915c6008|m1,271828,DNIMVTFRNQASRPY,V2PMHC_4ac3a4f6915c6008,1,/Users/anishsharma/Library/Mobile Documents/com~apple~CloudDocs/Downloads/folds_2026_08_27_04_49/ebvms_hla2_control_v2pmhc_4ac3a4f6915c6008_s271828/fold_ebvms_hla2_control_v2pmhc_4ac3a4f6915c6008_s271828_model_1.cif,3fa4fba2a7f7a7305443debf1cc3ba979e95590348c8a89538d6b4e041fadbc2,False
aligned_models/af_271828_V2PMHC_4ac3a4f6915c6008_m2.pdb,8b0e3916c81cc14effc3bcf8eb43f66a3bafc383db7d89ca7e65ffa6089e17cf,MVTFRNQAS,4,,DQ,alphafold,V2PMHC_4ac3a4f6915c6008,HLA-DQA1*01:02,HLA-DQB1*05:02,af|271828|V2PMHC_4ac3a4f6915c6008|m2,271828,DNIMVTFRNQASRPY,V2PMHC_4ac3a4f6915c6008,2,/Users/anishsharma/Library/Mobile Documents/com~apple~CloudDocs/Downloads/folds_2026_08_27_04_49/ebvms_hla2_control_v2pmhc_4ac3a4f6915c6008_s271828/fold_ebvms_hla2_control_v2pmhc_4ac3a4f6915c6008_s271828_model_2.cif,06f6f18a5f9f97734fc583dee3fa9d42a8f19905f359b7b6d12a4bc994b9bbea,False
aligned_models/af_271828_V2PMHC_4ac3a4f6915c6008_m3.pdb,a84a16c45a4f3c95919333ac52af80363f0ef660c2423ea9bd8d1a7efba93d76,MVTFRNQAS,4,,DQ,alphafold,V2PMHC_4ac3a4f6915c6008,HLA-DQA1*01:02,HLA-DQB1*05:02,af|271828|V2PMHC_4ac3a4f6915c6008|m3,271828,DNIMVTFRNQASRPY,V2PMHC_4ac3a4f6915c6008,3,/Users/anishsharma/Library/Mobile Documents/com~apple~CloudDocs/Downloads/folds_2026_08_27_04_49/ebvms_hla2_control_v2pmhc_4ac3a4f6915c6008_s271828/fold_ebvms_hla2_control_v2pmhc_4ac3a4f6915c6008_s271828_model_3.cif,9669062231768458b46a216d121fb43f3f64e37fb548b8cf2377b9baca39c778,False
aligned_models/af_271828_V2PMHC_4ac3a4f6915c6008_m4.pdb,b5ae9edd591ce84f92603032e7017748a447e5ea6e571bbafe3c9a9d978a78fa,MVTFRNQAS,4,,DQ,alphafold,V2PMHC_4ac3a4f6915c6008,HLA-DQA1*01:02,HLA-DQB1*05:02,af|271828|V2PMHC_4ac3a4f6915c6008|m4,271828,DNIMVTFRNQASRPY,V2PMHC_4ac3a4f6915c6008,4,/Users/anishsharma/Library/Mobile Documents/com~apple~CloudDocs/Downloads/folds_2026_08_27_04_49/ebvms_hla2_control_v2pmhc_4ac3a4f6915c6008_s271828/fold_ebvms_hla2_control_v2pmhc_4ac3a4f6915c6008_s271828_model_4.cif,0176d4a0104f9a9b96a0cd79df03c45209d6bfcff1a07f6ad3e2b8169c65d73b,False
aligned_models/af_314159_V2PMHC_4ac3a4f6915c6008_m0.pdb,22dfb4bee9685fe36197d65dcbdc8e84a68264fa76f86a98edb65351c4f35f44,MVTFRNQAS,4,,DQ,alphafold,V2PMHC_4ac3a4f6915c6008,HLA-DQA1*01:02,HLA-DQB1*05:02,af|314159|V2PMHC_4ac3a4f6915c6008|m0,314159,DNIMVTFRNQASRPY,V2PMHC_4ac3a4f6915c6008,0,/Users/anishsharma/Library/Mobile Documents/com~apple~CloudDocs/Downloads/folds_2026_08_27_04_49/ebvms_hla2_control_v2pmhc_4ac3a4f6915c6008_s314159/fold_ebvms_hla2_control_v2pmhc_4ac3a4f6915c6008_s314159_model_0.cif,42e41845615e1bdce7880c1cf4f94b35038972a78e2c43506857a68409182aeb,False
aligned_models/af_314159_V2PMHC_4ac3a4f6915c6008_m1.pdb,e0bbc52fb4f600d8d742115b92c754ab8b831b373874735168d6bde6218a0479,MVTFRNQAS,4,,DQ,alphafold,V2PMHC_4ac3a4f6915c6008,HLA-DQA1*01:02,HLA-DQB1*05:02,af|314159|V2PMHC_4ac3a4f6915c6008|m1,314159,DNIMVTFRNQASRPY,V2PMHC_4ac3a4f6915c6008,1,/Users/anishsharma/Library/Mobile Documents/com~apple~CloudDocs/Downloads/folds_2026_08_27_04_49/ebvms_hla2_control_v2pmhc_4ac3a4f6915c6008_s314159/fold_ebvms_hla2_control_v2pmhc_4ac3a4f6915c6008_s314159_model_1.cif,5121d9852833151562d65cacd58de9a85904d762049a54a9c5417e18c4d0f941,False
aligned_models/af_314159_V2PMHC_4ac3a4f6915c6008_m2.pdb,6fdf8f6b60c1acd6746922217b5a3c2f09ac684907565fcd14717542d2ad83d3,MVTFRNQAS,4,,DQ,alphafold,V2PMHC_4ac3a4f6915c6008,HLA-DQA1*01:02,HLA-DQB1*05:02,af|314159|V2PMHC_4ac3a4f6915c6008|m2,314159,DNIMVTFRNQASRPY,V2PMHC_4ac3a4f6915c6008,2,/Users/anishsharma/Library/Mobile Documents/com~apple~CloudDocs/Downloads/folds_2026_08_27_04_49/ebvms_hla2_control_v2pmhc_4ac3a4f6915c6008_s314159/fold_ebvms_hla2_control_v2pmhc_4ac3a4f6915c6008_s314159_model_2.cif,dfdcd559d5e488d0646630834d0e942be1e77a0b313e7fcc2435dc44e9132833,False
aligned_models/af_314159_V2PMHC_4ac3a4f6915c6008_m3.pdb,d81ace500a8ebe8ecf622dd62a8cc34b17dc489b4415da7043705b37204dadea,MVTFRNQAS,4,,DQ,alphafold,V2PMHC_4ac3a4f6915c6008,HLA-DQA1*01:02,HLA-DQB1*05:02,af|314159|V2PMHC_4ac3a4f6915c6008|m3,314159,DNIMVTFRNQASRPY,V2PMHC_4ac3a4f6915c6008,3,/Users/anishsharma/Library/Mobile Documents/com~apple~CloudDocs/Downloads/folds_2026_08_27_04_49/ebvms_hla2_control_v2pmhc_4ac3a4f6915c6008_s314159/fold_ebvms_hla2_control_v2pmhc_4ac3a4f6915c6008_s314159_model_3.cif,495656c515cfecd871a3ab08157bcb1c18ceaabaa2cde34eaf8f1b3a59c80e1f,False
aligned_models/af_314159_V2PMHC_4ac3a4f6915c6008_m4.pdb,1a1cea42012a4a46727e15e8e77f61a8466a69b0c526c675a02f601e43c48a68,MVTFRNQAS,4,,DQ,alphafold,V2PMHC_4ac3a4f6915c6008,HLA-DQA1*01:02,HLA-DQB1*05:02,af|314159|V2PMHC_4ac3a4f6915c6008|m4,314159,DNIMVTFRNQASRPY,V2PMHC_4ac3a4f6915c6008,4,/Users/anishsharma/Library/Mobile Documents/com~apple~CloudDocs/Downloads/folds_2026_08_27_04_49/ebvms_hla2_control_v2pmhc_4ac3a4f6915c6008_s314159/fold_ebvms_hla2_control_v2pmhc_4ac3a4f6915c6008_s314159_model_4.cif,73ce6946c2f8aa8ca7d5baa202bc8bc1210fe76d3aed01c3ee89b13342439373,False
aligned_models/af_271828_V2PMHC_51e2e413b5fb64d1_m0.pdb,0c9de066fffa1dd5468ebabc1bc923cc75adddd3590c8cdbe557cbca337e311d,YHFVKKHVH,5,,DR,alphafold,V2PMHC_51e2e413b5fb64d1,HLA-DRA*01:01,HLA-DRB5*01:01,af|271828|V2PMHC_51e2e413b5fb64d1|m0,271828,TGGVYHFVKKHVHES,V2PMHC_51e2e413b5fb64d1,0,/Users/anishsharma/Library/Mobile Documents/com~apple~CloudDocs/Downloads/folds_2026_08_27_04_49/ebvms_hla2_control_v2pmhc_51e2e413b5fb64d1_s271828/fold_ebvms_hla2_control_v2pmhc_51e2e413b5fb64d1_s271828_model_0.cif,6eaba87b6ff26d4dc2d5df8084b15f5780c09c0dadea94bd2510fcace2eae5ac,False
aligned_models/af_271828_V2PMHC_51e2e413b5fb64d1_m1.pdb,3c4a2e08109da507d8361ea6745fc2674a79a495c05c9a9aae2b063a061f660f,YHFVKKHVH,5,,DR,alphafold,V2PMHC_51e2e413b5fb64d1,HLA-DRA*01:01,HLA-DRB5*01:01,af|271828|V2PMHC_51e2e413b5fb64d1|m1,271828,TGGVYHFVKKHVHES,V2PMHC_51e2e413b5fb64d1,1,/Users/anishsharma/Library/Mobile Documents/com~apple~CloudDocs/Downloads/folds_2026_08_27_04_49/ebvms_hla2_control_v2pmhc_51e2e413b5fb64d1_s271828/fold_ebvms_hla2_control_v2pmhc_51e2e413b5fb64d1_s271828_model_1.cif,0b4e5ca075e0d4dcffeda6549c8ed6c8098fa41cceecca86fe0d6d4676f50153,False
aligned_models/af_271828_V2PMHC_51e2e413b5fb64d1_m2.pdb,9a660b9479aca09072cd57f5b503669b067db0f4b14fe79567e4399cf5476ada,YHFVKKHVH,5,,DR,alphafold,V2PMHC_51e2e413b5fb64d1,HLA-DRA*01:01,HLA-DRB5*01:01,af|271828|V2PMHC_51e2e413b5fb64d1|m2,271828,TGGVYHFVKKHVHES,V2PMHC_51e2e413b5fb64d1,2,/Users/anishsharma/Library/Mobile Documents/com~apple~CloudDocs/Downloads/folds_2026_08_27_04_49/ebvms_hla2_control_v2pmhc_51e2e413b5fb64d1_s271828/fold_ebvms_hla2_control_v2pmhc_51e2e413b5fb64d1_s271828_model_2.cif,7f693372aa69f4b2aacd910a263b669b55afe9522df6488923f25dce14dfac1e,False
aligned_models/af_271828_V2PMHC_51e2e413b5fb64d1_m3.pdb,f787f77b6f7492ea30e6ac201b734be9afc7bc57f180f3a1565d9a7647439327,YHFVKKHVH,5,,DR,alphafold,V2PMHC_51e2e413b5fb64d1,HLA-DRA*01:01,HLA-DRB5*01:01,af|271828|V2PMHC_51e2e413b5fb64d1|m3,271828,TGGVYHFVKKHVHES,V2PMHC_51e2e413b5fb64d1,3,/Users/anishsharma/Library/Mobile Documents/com~apple~CloudDocs/Downloads/folds_2026_08_27_04_49/ebvms_hla2_control_v2pmhc_51e2e413b5fb64d1_s271828/fold_ebvms_hla2_control_v2pmhc_51e2e413b5fb64d1_s271828_model_3.cif,4993aa1b8fe09b6a3c84273d6b8740d4d3d885b40c855648e4008fb6ac4aa0c5,False
aligned_models/af_271828_V2PMHC_51e2e413b5fb64d1_m4.pdb,89247f5e4acaf92f679f84f3d9b7d8624157806b04d19129211040ae28e18ead,YHFVKKHVH,5,,DR,alphafold,V2PMHC_51e2e413b5fb64d1,HLA-DRA*01:01,HLA-DRB5*01:01,af|271828|V2PMHC_51e2e413b5fb64d1|m4,271828,TGGVYHFVKKHVHES,V2PMHC_51e2e413b5fb64d1,4,/Users/anishsharma/Library/Mobile Documents/com~apple~CloudDocs/Downloads/folds_2026_08_27_04_49/ebvms_hla2_control_v2pmhc_51e2e413b5fb64d1_s271828/fold_ebvms_hla2_control_v2pmhc_51e2e413b5fb64d1_s271828_model_4.cif,3f8a8d102d46cdc7cb4370065acef15ae1bfabaea55bdc41920bd0922ad2ad04,False
aligned_models/af_314159_V2PMHC_51e2e413b5fb64d1_m0.pdb,d64bb2068745a2c003fd371159f641c502c14fb15960029770a593098835a957,YHFVKKHVH,5,,DR,alphafold,V2PMHC_51e2e413b5fb64d1,HLA-DRA*01:01,HLA-DRB5*01:01,af|314159|V2PMHC_51e2e413b5fb64d1|m0,314159,TGGVYHFVKKHVHES,V2PMHC_51e2e413b5fb64d1,0,/Users/anishsharma/Library/Mobile Documents/com~apple~CloudDocs/Downloads/folds_2026_08_27_04_49/ebvms_hla2_control_v2pmhc_51e2e413b5fb64d1_s314159/fold_ebvms_hla2_control_v2pmhc_51e2e413b5fb64d1_s314159_model_0.cif,312c704cf919ef1995795bc79b7c7d3e8dfccc43fda0d0281f0ab66fe88da499,False
aligned_models/af_314159_V2PMHC_51e2e413b5fb64d1_m1.pdb,f62ede8a26463ddd9a572474ed7756cfdf17b97345a35899e0f88c2c454256d4,YHFVKKHVH,5,,DR,alphafold,V2PMHC_51e2e413b5fb64d1,HLA-DRA*01:01,HLA-DRB5*01:01,af|314159|V2PMHC_51e2e413b5fb64d1|m1,314159,TGGVYHFVKKHVHES,V2PMHC_51e2e413b5fb64d1,1,/Users/anishsharma/Library/Mobile Documents/com~apple~CloudDocs/Downloads/folds_2026_08_27_04_49/ebvms_hla2_control_v2pmhc_51e2e413b5fb64d1_s314159/fold_ebvms_hla2_control_v2pmhc_51e2e413b5fb64d1_s314159_model_1.cif,8bfd35f28b98f26eb71645e921ac0ffe6849fc0d7081f61cb06478a4e450eb51,False
aligned_models/af_314159_V2PMHC_51e2e413b5fb64d1_m2.pdb,04a7204c0206d36fc234b2d17f657257ac4c6af6683e1df5126f24e0c94cf589,YHFVKKHVH,5,,DR,alphafold,V2PMHC_51e2e413b5fb64d1,HLA-DRA*01:01,HLA-DRB5*01:01,af|314159|V2PMHC_51e2e413b5fb64d1|m2,314159,TGGVYHFVKKHVHES,V2PMHC_51e2e413b5fb64d1,2,/Users/anishsharma/Library/Mobile Documents/com~apple~CloudDocs/Downloads/folds_2026_08_27_04_49/ebvms_hla2_control_v2pmhc_51e2e413b5fb64d1_s314159/fold_ebvms_hla2_control_v2pmhc_51e2e413b5fb64d1_s314159_model_2.cif,de0f4f86f7208a8fa946c4249efd7fd787c04f71b960228577d9e8ef5157010f,False
aligned_models/af_314159_V2PMHC_51e2e413b5fb64d1_m3.pdb,8fd527f666e416d144b22d0ad5795a7d230d38a1ffda242717d3e4c3870cdd7e,YHFVKKHVH,5,,DR,alphafold,V2PMHC_51e2e413b5fb64d1,HLA-DRA*01:01,HLA-DRB5*01:01,af|314159|V2PMHC_51e2e413b5fb64d1|m3,314159,TGGVYHFVKKHVHES,V2PMHC_51e2e413b5fb64d1,3,/Users/anishsharma/Library/Mobile Documents/com~apple~CloudDocs/Downloads/folds_2026_08_27_04_49/ebvms_hla2_control_v2pmhc_51e2e413b5fb64d1_s314159/fold_ebvms_hla2_control_v2pmhc_51e2e413b5fb64d1_s314159_model_3.cif,b90b233065e49a3f13db71f10ae83431d4e7e81471e73146cf73c0e8729ac589,False
aligned_models/af_314159_V2PMHC_51e2e413b5fb64d1_m4.pdb,040973e5a2b649777c78b5877cd2937300188417006b643aa6715cc92d08cc22,YHFVKKHVH,5,,DR,alphafold,V2PMHC_51e2e413b5fb64d1,HLA-DRA*01:01,HLA-DRB5*01:01,af|314159|V2PMHC_51e2e413b5fb64d1|m4,314159,TGGVYHFVKKHVHES,V2PMHC_51e2e413b5fb64d1,4,/Users/anishsharma/Library/Mobile Documents/com~apple~CloudDocs/Downloads/folds_2026_08_27_04_49/ebvms_hla2_control_v2pmhc_51e2e413b5fb64d1_s314159/fold_ebvms_hla2_control_v2pmhc_51e2e413b5fb64d1_s314159_model_4.cif,4f660c68dfe3336ff4d4c432141821220277e4ffdd8cb88ee21d3fb604b4d07f,False
aligned_models/af_271828_V2PMHC_645c4f4577622a82_m0.pdb,5929453e050a10784101c16206f07bcf92a4110a5bc98ea412a8700eae1255f2,LRLLGATYV,4,,DR,alphafold,V2PMHC_645c4f4577622a82,HLA-DRA*01:01,HLA-DRB1*15:01,af|271828|V2PMHC_645c4f4577622a82|m0,271828,QQFLRLLGATYVLRV,V2PMHC_645c4f4577622a82,0,/Users/anishsharma/Library/Mobile Documents/com~apple~CloudDocs/Downloads/folds_2026_08_27_04_49/ebvms_hla2_control_v2pmhc_645c4f4577622a82_s271828/fold_ebvms_hla2_control_v2pmhc_645c4f4577622a82_s271828_model_0.cif,83808271f8650dd2936b332d5e8bdfe7c5c1d8fef379182dd620bf54e322423c,False
aligned_models/af_271828_V2PMHC_645c4f4577622a82_m1.pdb,dbd6bb7286ee3eb495cb123a5fb175de32dc7f1c953b69cfa4f98f127fd0f9d3,LRLLGATYV,4,,DR,alphafold,V2PMHC_645c4f4577622a82,HLA-DRA*01:01,HLA-DRB1*15:01,af|271828|V2PMHC_645c4f4577622a82|m1,271828,QQFLRLLGATYVLRV,V2PMHC_645c4f4577622a82,1,/Users/anishsharma/Library/Mobile Documents/com~apple~CloudDocs/Downloads/folds_2026_08_27_04_49/ebvms_hla2_control_v2pmhc_645c4f4577622a82_s271828/fold_ebvms_hla2_control_v2pmhc_645c4f4577622a82_s271828_model_1.cif,1a8b15c4190b28200f7e29ee979fd72e34d6f62f5c6bfde13d7784a8c7e4d1dc,False
aligned_models/af_271828_V2PMHC_645c4f4577622a82_m2.pdb,e14b2ecab1911b806f1a3cdb77506e7a7482b0ed9e5c46e8c3534d679a3c24bf,LRLLGATYV,4,,DR,alphafold,V2PMHC_645c4f4577622a82,HLA-DRA*01:01,HLA-DRB1*15:01,af|271828|V2PMHC_645c4f4577622a82|m2,271828,QQFLRLLGATYVLRV,V2PMHC_645c4f4577622a82,2,/Users/anishsharma/Library/Mobile Documents/com~apple~CloudDocs/Downloads/folds_2026_08_27_04_49/ebvms_hla2_control_v2pmhc_645c4f4577622a82_s271828/fold_ebvms_hla2_control_v2pmhc_645c4f4577622a82_s271828_model_2.cif,61760554f82751a6eba0c21f14098a38c76f00266fea01d75b92d036b9a31c92,False
aligned_models/af_271828_V2PMHC_645c4f4577622a82_m3.pdb,f42e0f2917ac186464f08d2dff778d2324cfedbee6711e135226e2bfee7071be,LRLLGATYV,4,,DR,alphafold,V2PMHC_645c4f4577622a82,HLA-DRA*01:01,HLA-DRB1*15:01,af|271828|V2PMHC_645c4f4577622a82|m3,271828,QQFLRLLGATYVLRV,V2PMHC_645c4f4577622a82,3,/Users/anishsharma/Library/Mobile Documents/com~apple~CloudDocs/Downloads/folds_2026_08_27_04_49/ebvms_hla2_control_v2pmhc_645c4f4577622a82_s271828/fold_ebvms_hla2_control_v2pmhc_645c4f4577622a82_s271828_model_3.cif,bd35f0543f07b514a60fb6a59a4948479281c6fadfb772332c5c64abb906e3da,False
aligned_models/af_271828_V2PMHC_645c4f4577622a82_m4.pdb,33f5114bcf2d79eaa9027b9048a342916965aff7b862f9e59d3de8ecb43509c3,LRLLGATYV,4,,DR,alphafold,V2PMHC_645c4f4577622a82,HLA-DRA*01:01,HLA-DRB1*15:01,af|271828|V2PMHC_645c4f4577622a82|m4,271828,QQFLRLLGATYVLRV,V2PMHC_645c4f4577622a82,4,/Users/anishsharma/Library/Mobile Documents/com~apple~CloudDocs/Downloads/folds_2026_08_27_04_49/ebvms_hla2_control_v2pmhc_645c4f4577622a82_s271828/fold_ebvms_hla2_control_v2pmhc_645c4f4577622a82_s271828_model_4.cif,c55455753329b5184ae85843fe78ae7d3e15edca8155fa0746709717ea73cdbb,False
aligned_models/af_314159_V2PMHC_645c4f4577622a82_m0.pdb,332c31be17e5beee76fb2e14ebf2727fd0150d155116118be0bfd250be4d7d65,LRLLGATYV,4,,DR,alphafold,V2PMHC_645c4f4577622a82,HLA-DRA*01:01,HLA-DRB1*15:01,af|314159|V2PMHC_645c4f4577622a82|m0,314159,QQFLRLLGATYVLRV,V2PMHC_645c4f4577622a82,0,/Users/anishsharma/Library/Mobile Documents/com~apple~CloudDocs/Downloads/folds_2026_08_27_04_49/ebvms_hla2_control_v2pmhc_645c4f4577622a82_s314159/fold_ebvms_hla2_control_v2pmhc_645c4f4577622a82_s314159_model_0.cif,27c3f3463d8f896c91bd33e074670942bf5f903829a9c5e4f7241e97af1c4258,False
aligned_models/af_314159_V2PMHC_645c4f4577622a82_m1.pdb,1a5602298dd9dfbd2579e33a42a89ef1ea228fe270ba787009bbde683f08f0fb,LRLLGATYV,4,,DR,alphafold,V2PMHC_645c4f4577622a82,HLA-DRA*01:01,HLA-DRB1*15:01,af|314159|V2PMHC_645c4f4577622a82|m1,314159,QQFLRLLGATYVLRV,V2PMHC_645c4f4577622a82,1,/Users/anishsharma/Library/Mobile Documents/com~apple~CloudDocs/Downloads/folds_2026_08_27_04_49/ebvms_hla2_control_v2pmhc_645c4f4577622a82_s314159/fold_ebvms_hla2_control_v2pmhc_645c4f4577622a82_s314159_model_1.cif,8372d4d4814acbd6d2508ca2e966c02499979736f15eeb2965e8db87f9b53f8e,False
aligned_models/af_314159_V2PMHC_645c4f4577622a82_m2.pdb,6a0b3609aa8e95fa0d4f6e2e8c518ed559dbb5b052a26bff50a0ecd73bbf20d3,LRLLGATYV,4,,DR,alphafold,V2PMHC_645c4f4577622a82,HLA-DRA*01:01,HLA-DRB1*15:01,af|314159|V2PMHC_645c4f4577622a82|m2,314159,QQFLRLLGATYVLRV,V2PMHC_645c4f4577622a82,2,/Users/anishsharma/Library/Mobile Documents/com~apple~CloudDocs/Downloads/folds_2026_08_27_04_49/ebvms_hla2_control_v2pmhc_645c4f4577622a82_s314159/fold_ebvms_hla2_control_v2pmhc_645c4f4577622a82_s314159_model_2.cif,2dc3615fe7b8040526ddd852a1d05a33eca89b6a160a843b170b92e54fcd56d0,False
aligned_models/af_314159_V2PMHC_645c4f4577622a82_m3.pdb,7cfddccfea5dba9217683d993b5e561c24f4868c0e86f0ab930fefe7736b83a7,LRLLGATYV,4,,DR,alphafold,V2PMHC_645c4f4577622a82,HLA-DRA*01:01,HLA-DRB1*15:01,af|314159|V2PMHC_645c4f4577622a82|m3,314159,QQFLRLLGATYVLRV,V2PMHC_645c4f4577622a82,3,/Users/anishsharma/Library/Mobile Documents/com~apple~CloudDocs/Downloads/folds_2026_08_27_04_49/ebvms_hla2_control_v2pmhc_645c4f4577622a82_s314159/fold_ebvms_hla2_control_v2pmhc_645c4f4577622a82_s314159_model_3.cif,62b493a732fb374d42e645a9e28d4aea3a167e28aa7a93e98e3eb60a38397bde,False
aligned_models/af_314159_V2PMHC_645c4f4577622a82_m4.pdb,63592d57d6c21876cb5e6de369e21c58f48d40007403480bb5a38840d7fc70f1,LRLLGATYV,4,,DR,alphafold,V2PMHC_645c4f4577622a82,HLA-DRA*01:01,HLA-DRB1*15:01,af|314159|V2PMHC_645c4f4577622a82|m4,314159,QQFLRLLGATYVLRV,V2PMHC_645c4f4577622a82,4,/Users/anishsharma/Library/Mobile Documents/com~apple~CloudDocs/Downloads/folds_2026_08_27_04_49/ebvms_hla2_control_v2pmhc_645c4f4577622a82_s314159/fold_ebvms_hla2_control_v2pmhc_645c4f4577622a82_s314159_model_4.cif,81f4d0226c7b06b281f0995418bc6b3477063fb587ad9f164621eb7c0c6f15f7,False
aligned_models/af_271828_V2PMHC_676127377944674e_m0.pdb,26e8f77219674f808bcb64f35a085404a40105e258e7c5c770df812d4148e44a,LTRYYSSFV,4,,DQ,alphafold,V2PMHC_676127377944674e,HLA-DQA1*01:02,HLA-DQB1*05:02,af|271828|V2PMHC_676127377944674e|m0,271828,PRCLTRYYSSFVNME,V2PMHC_676127377944674e,0,/Users/anishsharma/Library/Mobile Documents/com~apple~CloudDocs/Downloads/folds_2026_08_27_04_49/ebvms_hla2_control_v2pmhc_676127377944674e_s271828/fold_ebvms_hla2_control_v2pmhc_676127377944674e_s271828_model_0.cif,88008aa63808f9785659e8891c54fb1c19c0c9c7e5b9433c4a76948c6d0192d0,False
aligned_models/af_271828_V2PMHC_676127377944674e_m1.pdb,3a92819850e458e5dd09a40ba7f3633a2b485ef802bc0be9a018e64c5e239c46,LTRYYSSFV,4,,DQ,alphafold,V2PMHC_676127377944674e,HLA-DQA1*01:02,HLA-DQB1*05:02,af|271828|V2PMHC_676127377944674e|m1,271828,PRCLTRYYSSFVNME,V2PMHC_676127377944674e,1,/Users/anishsharma/Library/Mobile Documents/com~apple~CloudDocs/Downloads/folds_2026_08_27_04_49/ebvms_hla2_control_v2pmhc_676127377944674e_s271828/fold_ebvms_hla2_control_v2pmhc_676127377944674e_s271828_model_1.cif,ff3551d91ec88f0bb0c0e2aeb6686ec97b014c5fb7b4561e455c85dc608e4bf0,False
aligned_models/af_271828_V2PMHC_676127377944674e_m2.pdb,1a4e6f3c03be629e1e7c0110c16746a9c6ae6bd73f59ecf7a2a91d8ea0b9baa6,LTRYYSSFV,4,,DQ,alphafold,V2PMHC_676127377944674e,HLA-DQA1*01:02,HLA-DQB1*05:02,af|271828|V2PMHC_676127377944674e|m2,271828,PRCLTRYYSSFVNME,V2PMHC_676127377944674e,2,/Users/anishsharma/Library/Mobile Documents/com~apple~CloudDocs/Downloads/folds_2026_08_27_04_49/ebvms_hla2_control_v2pmhc_676127377944674e_s271828/fold_ebvms_hla2_control_v2pmhc_676127377944674e_s271828_model_2.cif,53381e3e249ad046b0db9c9a1e412d74487764c05481a65000649a3de389ad58,False
aligned_models/af_271828_V2PMHC_676127377944674e_m3.pdb,1d698ddc9ca7182ad368e715ba233c03bbfd447201865bc7a970214bf32fed6b,LTRYYSSFV,4,,DQ,alphafold,V2PMHC_676127377944674e,HLA-DQA1*01:02,HLA-DQB1*05:02,af|271828|V2PMHC_676127377944674e|m3,271828,PRCLTRYYSSFVNME,V2PMHC_676127377944674e,3,/Users/anishsharma/Library/Mobile Documents/com~apple~CloudDocs/Downloads/folds_2026_08_27_04_49/ebvms_hla2_control_v2pmhc_676127377944674e_s271828/fold_ebvms_hla2_control_v2pmhc_676127377944674e_s271828_model_3.cif,20e1ebaabc2493921a2d854f004884fba496ee13f00eac5c93222b8839ab6382,False
aligned_models/af_271828_V2PMHC_676127377944674e_m4.pdb,b2fc76a6b09d165536f9613c79bf322893f04076fa20144c7a68e3f91eabdb65,LTRYYSSFV,4,,DQ,alphafold,V2PMHC_676127377944674e,HLA-DQA1*01:02,HLA-DQB1*05:02,af|271828|V2PMHC_676127377944674e|m4,271828,PRCLTRYYSSFVNME,V2PMHC_676127377944674e,4,/Users/anishsharma/Library/Mobile Documents/com~apple~CloudDocs/Downloads/folds_2026_08_27_04_49/ebvms_hla2_control_v2pmhc_676127377944674e_s271828/fold_ebvms_hla2_control_v2pmhc_676127377944674e_s271828_model_4.cif,3996203c8b08ac91f7c3830bc412f7a7efa448b27f1cd15c8eb0aff362f0e111,False
aligned_models/af_314159_V2PMHC_676127377944674e_m0.pdb,80f60cb7ae1988bb2dd04f6455dd395c2d624bc7922fb45a8466d1457b5f0f97,LTRYYSSFV,4,,DQ,alphafold,V2PMHC_676127377944674e,HLA-DQA1*01:02,HLA-DQB1*05:02,af|314159|V2PMHC_676127377944674e|m0,314159,PRCLTRYYSSFVNME,V2PMHC_676127377944674e,0,/Users/anishsharma/Library/Mobile Documents/com~apple~CloudDocs/Downloads/folds_2026_08_27_04_49/ebvms_hla2_control_v2pmhc_676127377944674e_s314159/fold_ebvms_hla2_control_v2pmhc_676127377944674e_s314159_model_0.cif,0d7fb41fe65eeab34130513f2eac9ad202eee29264a23e9f1e74e7c11c4b28ec,False
aligned_models/af_314159_V2PMHC_676127377944674e_m1.pdb,bd6b24f25ad09cb91b9e7eb4eb073b3a9a2508eb2dcde56c2178d18836076045,LTRYYSSFV,4,,DQ,alphafold,V2PMHC_676127377944674e,HLA-DQA1*01:02,HLA-DQB1*05:02,af|314159|V2PMHC_676127377944674e|m1,314159,PRCLTRYYSSFVNME,V2PMHC_676127377944674e,1,/Users/anishsharma/Library/Mobile Documents/com~apple~CloudDocs/Downloads/folds_2026_08_27_04_49/ebvms_hla2_control_v2pmhc_676127377944674e_s314159/fold_ebvms_hla2_control_v2pmhc_676127377944674e_s314159_model_1.cif,7bcf8c1560819d75547892aee4be74eda1f0d176e0dbc7fda6902f04971497d3,False
aligned_models/af_314159_V2PMHC_676127377944674e_m2.pdb,672d33af0e7dfc5eefcb5f65220be984d35442c95651f07ec6fea9703e288756,LTRYYSSFV,4,,DQ,alphafold,V2PMHC_676127377944674e,HLA-DQA1*01:02,HLA-DQB1*05:02,af|314159|V2PMHC_676127377944674e|m2,314159,PRCLTRYYSSFVNME,V2PMHC_676127377944674e,2,/Users/anishsharma/Library/Mobile Documents/com~apple~CloudDocs/Downloads/folds_2026_08_27_04_49/ebvms_hla2_control_v2pmhc_676127377944674e_s314159/fold_ebvms_hla2_control_v2pmhc_676127377944674e_s314159_model_2.cif,bfe60cd4b0cf4c989fae1d8856c4cbd80ba86e599d575f502c36d44a3f3c5139,False
aligned_models/af_314159_V2PMHC_676127377944674e_m3.pdb,1c129bfc297e1682038508e86bf7213322ebb4a2c8e051db036e8d14baf9ff01,LTRYYSSFV,4,,DQ,alphafold,V2PMHC_676127377944674e,HLA-DQA1*01:02,HLA-DQB1*05:02,af|314159|V2PMHC_676127377944674e|m3,314159,PRCLTRYYSSFVNME,V2PMHC_676127377944674e,3,/Users/anishsharma/Library/Mobile Documents/com~apple~CloudDocs/Downloads/folds_2026_08_27_04_49/ebvms_hla2_control_v2pmhc_676127377944674e_s314159/fold_ebvms_hla2_control_v2pmhc_676127377944674e_s314159_model_3.cif,392009dbe0776500043325b96769587420c426f92f9017f42fb9310f896ff512,False
aligned_models/af_314159_V2PMHC_676127377944674e_m4.pdb,235aeee983db9f2326fa212814baa291886edef666b078fb8adc5f39a6835209,LTRYYSSFV,4,,DQ,alphafold,V2PMHC_676127377944674e,HLA-DQA1*01:02,HLA-DQB1*05:02,af|314159|V2PMHC_676127377944674e|m4,314159,PRCLTRYYSSFVNME,V2PMHC_676127377944674e,4,/Users/anishsharma/Library/Mobile Documents/com~apple~CloudDocs/Downloads/folds_2026_08_27_04_49/ebvms_hla2_control_v2pmhc_676127377944674e_s314159/fold_ebvms_hla2_control_v2pmhc_676127377944674e_s314159_model_4.cif,0123fd18ab2c68864f6db58435d7727cccfb52ce885313bd376a3b3aac614d25,False
aligned_models/af_271828_V2PMHC_6994aa7cfa54a87a_m0.pdb,1e1029ccd20c07540c1688b4641f528f5d2eabe0e4fc1142b1253326ff843c8a,IHVYNDYHH,4,,DR,alphafold,V2PMHC_6994aa7cfa54a87a,HLA-DRA*01:01,HLA-DRB5*01:01,af|271828|V2PMHC_6994aa7cfa54a87a|m0,271828,GNEIHVYNDYHHFKT,V2PMHC_6994aa7cfa54a87a,0,/Users/anishsharma/Library/Mobile Documents/com~apple~CloudDocs/Downloads/folds_2026_08_27_04_49/ebvms_hla2_control_v2pmhc_6994aa7cfa54a87a_s271828/fold_ebvms_hla2_control_v2pmhc_6994aa7cfa54a87a_s271828_model_0.cif,5a5c051acebf503419820a86747e91670fa2625b4a92943da169c3c41f87dd41,False
aligned_models/af_271828_V2PMHC_6994aa7cfa54a87a_m1.pdb,cda4d1ab96b5640efd294ed135a21675223fd665c9e135787b99abe1454417de,IHVYNDYHH,4,,DR,alphafold,V2PMHC_6994aa7cfa54a87a,HLA-DRA*01:01,HLA-DRB5*01:01,af|271828|V2PMHC_6994aa7cfa54a87a|m1,271828,GNEIHVYNDYHHFKT,V2PMHC_6994aa7cfa54a87a,1,/Users/anishsharma/Library/Mobile Documents/com~apple~CloudDocs/Downloads/folds_2026_08_27_04_49/ebvms_hla2_control_v2pmhc_6994aa7cfa54a87a_s271828/fold_ebvms_hla2_control_v2pmhc_6994aa7cfa54a87a_s271828_model_1.cif,49bd6a5506f03f454e67de87afa5e803e7450f90905da35309805a91280aefce,False
aligned_models/af_271828_V2PMHC_6994aa7cfa54a87a_m2.pdb,b674e497eab9227de04b5521919cc8997414695771a784b2095be5122eec80b2,IHVYNDYHH,4,,DR,alphafold,V2PMHC_6994aa7cfa54a87a,HLA-DRA*01:01,HLA-DRB5*01:01,af|271828|V2PMHC_6994aa7cfa54a87a|m2,271828,GNEIHVYNDYHHFKT,V2PMHC_6994aa7cfa54a87a,2,/Users/anishsharma/Library/Mobile Documents/com~apple~CloudDocs/Downloads/folds_2026_08_27_04_49/ebvms_hla2_control_v2pmhc_6994aa7cfa54a87a_s271828/fold_ebvms_hla2_control_v2pmhc_6994aa7cfa54a87a_s271828_model_2.cif,4da52cc90cdf7b10c40f6bd1a481250d3fbfb9a33ea1d5dc55c2ea275f1b7e87,False
aligned_models/af_271828_V2PMHC_6994aa7cfa54a87a_m3.pdb,5087eb1f0f855bdc3c29c963aa7ee39afcfc4f0ff94a5229b6087d0b370e4127,IHVYNDYHH,4,,DR,alphafold,V2PMHC_6994aa7cfa54a87a,HLA-DRA*01:01,HLA-DRB5*01:01,af|271828|V2PMHC_6994aa7cfa54a87a|m3,271828,GNEIHVYNDYHHFKT,V2PMHC_6994aa7cfa54a87a,3,/Users/anishsharma/Library/Mobile Documents/com~apple~CloudDocs/Downloads/folds_2026_08_27_04_49/ebvms_hla2_control_v2pmhc_6994aa7cfa54a87a_s271828/fold_ebvms_hla2_control_v2pmhc_6994aa7cfa54a87a_s271828_model_3.cif,3563b6039703501e80030067fb80b846beb3e2c96e1eee8eda580bac7a07ed61,False
aligned_models/af_271828_V2PMHC_6994aa7cfa54a87a_m4.pdb,a19fd9904901d1babb004521e99b955bd7d95c614e995b6ceb60352177cd3349,IHVYNDYHH,4,,DR,alphafold,V2PMHC_6994aa7cfa54a87a,HLA-DRA*01:01,HLA-DRB5*01:01,af|271828|V2PMHC_6994aa7cfa54a87a|m4,271828,GNEIHVYNDYHHFKT,V2PMHC_6994aa7cfa54a87a,4,/Users/anishsharma/Library/Mobile Documents/com~apple~CloudDocs/Downloads/folds_2026_08_27_04_49/ebvms_hla2_control_v2pmhc_6994aa7cfa54a87a_s271828/fold_ebvms_hla2_control_v2pmhc_6994aa7cfa54a87a_s271828_model_4.cif,f4a447dd41db48f84318203934c39565ed4092e037b568d07ce434e5f88a80eb,False
aligned_models/af_314159_V2PMHC_6994aa7cfa54a87a_m0.pdb,1c387d850a79db0fb91c248248aa3aeeeb6e19d0b36c964003ada92384372008,IHVYNDYHH,4,,DR,alphafold,V2PMHC_6994aa7cfa54a87a,HLA-DRA*01:01,HLA-DRB5*01:01,af|314159|V2PMHC_6994aa7cfa54a87a|m0,314159,GNEIHVYNDYHHFKT,V2PMHC_6994aa7cfa54a87a,0,/Users/anishsharma/Library/Mobile Documents/com~apple~CloudDocs/Downloads/folds_2026_08_27_04_49/ebvms_hla2_control_v2pmhc_6994aa7cfa54a87a_s314159/fold_ebvms_hla2_control_v2pmhc_6994aa7cfa54a87a_s314159_model_0.cif,a921ce2f59f9691b08c3aab568af6b5c2a78d8fd5aca107f1bcf75b962526265,False
aligned_models/af_314159_V2PMHC_6994aa7cfa54a87a_m1.pdb,eb94a203157e9853b5f7e1eb7749a9b47e3e29b12a89ebb1d30222d66e3d2ea2,IHVYNDYHH,4,,DR,alphafold,V2PMHC_6994aa7cfa54a87a,HLA-DRA*01:01,HLA-DRB5*01:01,af|314159|V2PMHC_6994aa7cfa54a87a|m1,314159,GNEIHVYNDYHHFKT,V2PMHC_6994aa7cfa54a87a,1,/Users/anishsharma/Library/Mobile Documents/com~apple~CloudDocs/Downloads/folds_2026_08_27_04_49/ebvms_hla2_control_v2pmhc_6994aa7cfa54a87a_s314159/fold_ebvms_hla2_control_v2pmhc_6994aa7cfa54a87a_s314159_model_1.cif,0f569b08fde1346408ffd990f57ee77f6fb68b95bfa7e415158ab5e09fd5b92d,False
aligned_models/af_314159_V2PMHC_6994aa7cfa54a87a_m2.pdb,bb38940ca0a5baf59f129f8d5d1d56843c2834fe00bcc7ec21b87ca015f6cd6b,IHVYNDYHH,4,,DR,alphafold,V2PMHC_6994aa7cfa54a87a,HLA-DRA*01:01,HLA-DRB5*01:01,af|314159|V2PMHC_6994aa7cfa54a87a|m2,314159,GNEIHVYNDYHHFKT,V2PMHC_6994aa7cfa54a87a,2,/Users/anishsharma/Library/Mobile Documents/com~apple~CloudDocs/Downloads/folds_2026_08_27_04_49/ebvms_hla2_control_v2pmhc_6994aa7cfa54a87a_s314159/fold_ebvms_hla2_control_v2pmhc_6994aa7cfa54a87a_s314159_model_2.cif,0ba97237bc401218edaa5cd69eafcde6229922497408030d2649b087e73b68a3,False
aligned_models/af_314159_V2PMHC_6994aa7cfa54a87a_m3.pdb,1a0924b5396addac836b6fd62cf2ad48c8284f0d5c9101deee73fedfbe900957,IHVYNDYHH,4,,DR,alphafold,V2PMHC_6994aa7cfa54a87a,HLA-DRA*01:01,HLA-DRB5*01:01,af|314159|V2PMHC_6994aa7cfa54a87a|m3,314159,GNEIHVYNDYHHFKT,V2PMHC_6994aa7cfa54a87a,3,/Users/anishsharma/Library/Mobile Documents/com~apple~CloudDocs/Downloads/folds_2026_08_27_04_49/ebvms_hla2_control_v2pmhc_6994aa7cfa54a87a_s314159/fold_ebvms_hla2_control_v2pmhc_6994aa7cfa54a87a_s314159_model_3.cif,c50d90ad42f23299362c7ecd83ac64da53c9e081f40432cc634697e59867d810,False
aligned_models/af_314159_V2PMHC_6994aa7cfa54a87a_m4.pdb,7ddfa033f0419ec7daf5b0526127ba4c8918f4bf543b02c0ba14aabaab40be5c,IHVYNDYHH,4,,DR,alphafold,V2PMHC_6994aa7cfa54a87a,HLA-DRA*01:01,HLA-DRB5*01:01,af|314159|V2PMHC_6994aa7cfa54a87a|m4,314159,GNEIHVYNDYHHFKT,V2PMHC_6994aa7cfa54a87a,4,/Users/anishsharma/Library/Mobile Documents/com~apple~CloudDocs/Downloads/folds_2026_08_27_04_49/ebvms_hla2_control_v2pmhc_6994aa7cfa54a87a_s314159/fold_ebvms_hla2_control_v2pmhc_6994aa7cfa54a87a_s314159_model_4.cif,24a358711b16426879e7f567e1b6a5956f4fa4045d60f340d01686a4164948c8,False
aligned_models/af_271828_V2PMHC_72450eddcda12fef_m0.pdb,82f1bcf73a1779982d932b21a843826e9b43e1055b8bc1f11cfdbde22adcb98c,YVVDLSVRG,3,,DQ,alphafold,V2PMHC_72450eddcda12fef,HLA-DQA1*01:02,HLA-DQB1*05:02,af|271828|V2PMHC_72450eddcda12fef|m0,271828,PYYVVDLSVRGM,V2PMHC_72450eddcda12fef,0,/Users/anishsharma/Library/Mobile Documents/com~apple~CloudDocs/Downloads/folds_2026_08_27_04_51/ebvms_hla2_control_v2pmhc_72450eddcda12fef_s271828/fold_ebvms_hla2_control_v2pmhc_72450eddcda12fef_s271828_model_0.cif,2b50fab9800e4e8af1115dd70780e2bf81d174662d53be4201aba816686077c1,False
aligned_models/af_271828_V2PMHC_72450eddcda12fef_m1.pdb,3d59f0aa9c4696260a823bdac3a2f550b05db7c6ef90bf28c0b89ad1f2004759,YVVDLSVRG,3,,DQ,alphafold,V2PMHC_72450eddcda12fef,HLA-DQA1*01:02,HLA-DQB1*05:02,af|271828|V2PMHC_72450eddcda12fef|m1,271828,PYYVVDLSVRGM,V2PMHC_72450eddcda12fef,1,/Users/anishsharma/Library/Mobile Documents/com~apple~CloudDocs/Downloads/folds_2026_08_27_04_51/ebvms_hla2_control_v2pmhc_72450eddcda12fef_s271828/fold_ebvms_hla2_control_v2pmhc_72450eddcda12fef_s271828_model_1.cif,16374c81c6cafda48c5beb8926a13707d215b0e1fd871cf21c78d09955671791,False
aligned_models/af_271828_V2PMHC_72450eddcda12fef_m2.pdb,48b0227c73d8078268b4614f8aead53d7777730f839a6909fcfe08ddc2a0ce1c,YVVDLSVRG,3,,DQ,alphafold,V2PMHC_72450eddcda12fef,HLA-DQA1*01:02,HLA-DQB1*05:02,af|271828|V2PMHC_72450eddcda12fef|m2,271828,PYYVVDLSVRGM,V2PMHC_72450eddcda12fef,2,/Users/anishsharma/Library/Mobile Documents/com~apple~CloudDocs/Downloads/folds_2026_08_27_04_51/ebvms_hla2_control_v2pmhc_72450eddcda12fef_s271828/fold_ebvms_hla2_control_v2pmhc_72450eddcda12fef_s271828_model_2.cif,abe914e342be65767f2054741d6c8a3c5cef3ce8ab9a5d734095f3c5d5bb2577,False
aligned_models/af_271828_V2PMHC_72450eddcda12fef_m3.pdb,fc78e20883df2eac67a42c9123be1b5a3ff0aaf41da3fa8925a531630dec37e9,YVVDLSVRG,3,,DQ,alphafold,V2PMHC_72450eddcda12fef,HLA-DQA1*01:02,HLA-DQB1*05:02,af|271828|V2PMHC_72450eddcda12fef|m3,271828,PYYVVDLSVRGM,V2PMHC_72450eddcda12fef,3,/Users/anishsharma/Library/Mobile Documents/com~apple~CloudDocs/Downloads/folds_2026_08_27_04_51/ebvms_hla2_control_v2pmhc_72450eddcda12fef_s271828/fold_ebvms_hla2_control_v2pmhc_72450eddcda12fef_s271828_model_3.cif,a749be889399c714680c713c90a5f8e5b408e6ced5d9ec0ee808b94c6f638caf,False
aligned_models/af_271828_V2PMHC_72450eddcda12fef_m4.pdb,166c5d1d2adc5dd0e8a793047c2cbe40d60d82d580ce8e0936e58c7e89947923,YVVDLSVRG,3,,DQ,alphafold,V2PMHC_72450eddcda12fef,HLA-DQA1*01:02,HLA-DQB1*05:02,af|271828|V2PMHC_72450eddcda12fef|m4,271828,PYYVVDLSVRGM,V2PMHC_72450eddcda12fef,4,/Users/anishsharma/Library/Mobile Documents/com~apple~CloudDocs/Downloads/folds_2026_08_27_04_51/ebvms_hla2_control_v2pmhc_72450eddcda12fef_s271828/fold_ebvms_hla2_control_v2pmhc_72450eddcda12fef_s271828_model_4.cif,f3ad4759c245f8d1b47376add9bdac87057e04e93f58509437c9f62f8d27a021,False
aligned_models/af_314159_V2PMHC_72450eddcda12fef_m0.pdb,4aa9ae57964924029008906dae582c1c4679d8772cd5f7359bd05fc2963458ad,YVVDLSVRG,3,,DQ,alphafold,V2PMHC_72450eddcda12fef,HLA-DQA1*01:02,HLA-DQB1*05:02,af|314159|V2PMHC_72450eddcda12fef|m0,314159,PYYVVDLSVRGM,V2PMHC_72450eddcda12fef,0,/Users/anishsharma/Library/Mobile Documents/com~apple~CloudDocs/Downloads/folds_2026_08_27_04_51/ebvms_hla2_control_v2pmhc_72450eddcda12fef_s314159/fold_ebvms_hla2_control_v2pmhc_72450eddcda12fef_s314159_model_0.cif,c164f2ec2c4841d8e08738e013d6b2eada9d1ff7d1139b42dee70c10a19c28c1,False
aligned_models/af_314159_V2PMHC_72450eddcda12fef_m1.pdb,4de90a6ac1e0f3c6f795fb7053050e4190b63a8125339c0e48cd785b6348b639,YVVDLSVRG,3,,DQ,alphafold,V2PMHC_72450eddcda12fef,HLA-DQA1*01:02,HLA-DQB1*05:02,af|314159|V2PMHC_72450eddcda12fef|m1,314159,PYYVVDLSVRGM,V2PMHC_72450eddcda12fef,1,/Users/anishsharma/Library/Mobile Documents/com~apple~CloudDocs/Downloads/folds_2026_08_27_04_51/ebvms_hla2_control_v2pmhc_72450eddcda12fef_s314159/fold_ebvms_hla2_control_v2pmhc_72450eddcda12fef_s314159_model_1.cif,9295ded0bb3778f2005a3c3d47a3b831e001854f511149ddb8cbb5ce4a84ee7e,False
aligned_models/af_314159_V2PMHC_72450eddcda12fef_m2.pdb,d0fbc108c6de30a605f9502079538a0ecdac9b7e6b5b9eb017df42356f42225f,YVVDLSVRG,3,,DQ,alphafold,V2PMHC_72450eddcda12fef,HLA-DQA1*01:02,HLA-DQB1*05:02,af|314159|V2PMHC_72450eddcda12fef|m2,314159,PYYVVDLSVRGM,V2PMHC_72450eddcda12fef,2,/Users/anishsharma/Library/Mobile Documents/com~apple~CloudDocs/Downloads/folds_2026_08_27_04_51/ebvms_hla2_control_v2pmhc_72450eddcda12fef_s314159/fold_ebvms_hla2_control_v2pmhc_72450eddcda12fef_s314159_model_2.cif,7631c81da6d76f9208d7124c1c7ae6eb53fbc722d45a5ae16a6ebb1d09322648,False
aligned_models/af_314159_V2PMHC_72450eddcda12fef_m3.pdb,416b0033b2006571f5f950c8a6a050cbe34656743ac9e1418c7e793a9029607f,YVVDLSVRG,3,,DQ,alphafold,V2PMHC_72450eddcda12fef,HLA-DQA1*01:02,HLA-DQB1*05:02,af|314159|V2PMHC_72450eddcda12fef|m3,314159,PYYVVDLSVRGM,V2PMHC_72450eddcda12fef,3,/Users/anishsharma/Library/Mobile Documents/com~apple~CloudDocs/Downloads/folds_2026_08_27_04_51/ebvms_hla2_control_v2pmhc_72450eddcda12fef_s314159/fold_ebvms_hla2_control_v2pmhc_72450eddcda12fef_s314159_model_3.cif,59d6e4b7bdd7557c0a7ebede45322e1c17ac52b5a494fc0641649a6e43f169f6,False
aligned_models/af_314159_V2PMHC_72450eddcda12fef_m4.pdb,3f394baaa5f8a5f9d801ba41965d917768efd33b3c2de8d44686a77a78ee847b,YVVDLSVRG,3,,DQ,alphafold,V2PMHC_72450eddcda12fef,HLA-DQA1*01:02,HLA-DQB1*05:02,af|314159|V2PMHC_72450eddcda12fef|m4,314159,PYYVVDLSVRGM,V2PMHC_72450eddcda12fef,4,/Users/anishsharma/Library/Mobile Documents/com~apple~CloudDocs/Downloads/folds_2026_08_27_04_51/ebvms_hla2_control_v2pmhc_72450eddcda12fef_s314159/fold_ebvms_hla2_control_v2pmhc_72450eddcda12fef_s314159_model_4.cif,3e9681889a4a55174c74d59558233fb63866039b8063ed3ff76197a963c9b35b,False
aligned_models/af_271828_V2PMHC_78fe769be3f606f3_m0.pdb,17a7c5d1824f5c0d612234750acc345c9012904b5712ac2d7affd78ed13d5165,LEFYLAMPF,4,,DQ,alphafold,V2PMHC_78fe769be3f606f3,HLA-DQA1*01:02,HLA-DQB1*05:02,af|271828|V2PMHC_78fe769be3f606f3|m0,271828,SRLLEFYLAMPFATP,V2PMHC_78fe769be3f606f3,0,/Users/anishsharma/Library/Mobile Documents/com~apple~CloudDocs/Downloads/folds_2026_08_27_04_51/ebvms_hla2_control_v2pmhc_78fe769be3f606f3_s271828/fold_ebvms_hla2_control_v2pmhc_78fe769be3f606f3_s271828_model_0.cif,0c646dcb04c227dcebdf35304ac63c58688dde5aa524a760c5ba1e0a53ff5c83,False
aligned_models/af_271828_V2PMHC_78fe769be3f606f3_m1.pdb,d7047fcdfd1dd8c5a9d6cc622908168437ceb4ff6cc8a310f9c744225eb45fde,LEFYLAMPF,4,,DQ,alphafold,V2PMHC_78fe769be3f606f3,HLA-DQA1*01:02,HLA-DQB1*05:02,af|271828|V2PMHC_78fe769be3f606f3|m1,271828,SRLLEFYLAMPFATP,V2PMHC_78fe769be3f606f3,1,/Users/anishsharma/Library/Mobile Documents/com~apple~CloudDocs/Downloads/folds_2026_08_27_04_51/ebvms_hla2_control_v2pmhc_78fe769be3f606f3_s271828/fold_ebvms_hla2_control_v2pmhc_78fe769be3f606f3_s271828_model_1.cif,5003b6ae8f68b37a017d6ba7faff409fb21357d2c24c528efce8b84d5fb817da,False
aligned_models/af_271828_V2PMHC_78fe769be3f606f3_m2.pdb,cd45418c6504c6b322a9b146a5279fb9a35d8efe7a03fec685de3ddae50ecaf6,LEFYLAMPF,4,,DQ,alphafold,V2PMHC_78fe769be3f606f3,HLA-DQA1*01:02,HLA-DQB1*05:02,af|271828|V2PMHC_78fe769be3f606f3|m2,271828,SRLLEFYLAMPFATP,V2PMHC_78fe769be3f606f3,2,/Users/anishsharma/Library/Mobile Documents/com~apple~CloudDocs/Downloads/folds_2026_08_27_04_51/ebvms_hla2_control_v2pmhc_78fe769be3f606f3_s271828/fold_ebvms_hla2_control_v2pmhc_78fe769be3f606f3_s271828_model_2.cif,d0864a42f7ebb814e3669aecf99a5055f67bd49817a83ed05d10d2f976eaca29,False
aligned_models/af_271828_V2PMHC_78fe769be3f606f3_m3.pdb,5bd0291a0b8e6bb28ef0a902a03ca8d2f5248fe3af46d6d067257fd43fd85fba,LEFYLAMPF,4,,DQ,alphafold,V2PMHC_78fe769be3f606f3,HLA-DQA1*01:02,HLA-DQB1*05:02,af|271828|V2PMHC_78fe769be3f606f3|m3,271828,SRLLEFYLAMPFATP,V2PMHC_78fe769be3f606f3,3,/Users/anishsharma/Library/Mobile Documents/com~apple~CloudDocs/Downloads/folds_2026_08_27_04_51/ebvms_hla2_control_v2pmhc_78fe769be3f606f3_s271828/fold_ebvms_hla2_control_v2pmhc_78fe769be3f606f3_s271828_model_3.cif,3924f1a2cfaa22619546fbfeaf8a14411cd34d18351589a6630fa45dbaff3cbf,False
aligned_models/af_271828_V2PMHC_78fe769be3f606f3_m4.pdb,c53680b78ee9e390fca7c06fc0f3779614a58d3667caea0f7d655d020e36fb40,LEFYLAMPF,4,,DQ,alphafold,V2PMHC_78fe769be3f606f3,HLA-DQA1*01:02,HLA-DQB1*05:02,af|271828|V2PMHC_78fe769be3f606f3|m4,271828,SRLLEFYLAMPFATP,V2PMHC_78fe769be3f606f3,4,/Users/anishsharma/Library/Mobile Documents/com~apple~CloudDocs/Downloads/folds_2026_08_27_04_51/ebvms_hla2_control_v2pmhc_78fe769be3f606f3_s271828/fold_ebvms_hla2_control_v2pmhc_78fe769be3f606f3_s271828_model_4.cif,85b98b1b5af3561a91f94e32a3f56dc57692cdc820a2b4fcc517c897f0fd556e,False
aligned_models/af_314159_V2PMHC_78fe769be3f606f3_m0.pdb,f56f665c96252d7763520a51905e415f2c1693422557d7c344b573b12a02d751,LEFYLAMPF,4,,DQ,alphafold,V2PMHC_78fe769be3f606f3,HLA-DQA1*01:02,HLA-DQB1*05:02,af|314159|V2PMHC_78fe769be3f606f3|m0,314159,SRLLEFYLAMPFATP,V2PMHC_78fe769be3f606f3,0,/Users/anishsharma/Library/Mobile Documents/com~apple~CloudDocs/Downloads/folds_2026_08_27_04_51/ebvms_hla2_control_v2pmhc_78fe769be3f606f3_s314159/fold_ebvms_hla2_control_v2pmhc_78fe769be3f606f3_s314159_model_0.cif,fa063e573443a003cfabd81a728c3a6f964d664a5787b87aeb6391c86dbe306d,False
aligned_models/af_314159_V2PMHC_78fe769be3f606f3_m1.pdb,6d7aed9d47e5c2dabf7ef1d2da20d25ea6877ce0ff955ff9ed7864d2a9f43235,LEFYLAMPF,4,,DQ,alphafold,V2PMHC_78fe769be3f606f3,HLA-DQA1*01:02,HLA-DQB1*05:02,af|314159|V2PMHC_78fe769be3f606f3|m1,314159,SRLLEFYLAMPFATP,V2PMHC_78fe769be3f606f3,1,/Users/anishsharma/Library/Mobile Documents/com~apple~CloudDocs/Downloads/folds_2026_08_27_04_51/ebvms_hla2_control_v2pmhc_78fe769be3f606f3_s314159/fold_ebvms_hla2_control_v2pmhc_78fe769be3f606f3_s314159_model_1.cif,1af9d8acfd7d8b9b8595c6af9785d717bc38036ec41a49050ae38a00ad8f3265,False
aligned_models/af_314159_V2PMHC_78fe769be3f606f3_m2.pdb,5ba9aa301fed94781b9a22351d42c542234658f7be126004af15dd74a152107d,LEFYLAMPF,4,,DQ,alphafold,V2PMHC_78fe769be3f606f3,HLA-DQA1*01:02,HLA-DQB1*05:02,af|314159|V2PMHC_78fe769be3f606f3|m2,314159,SRLLEFYLAMPFATP,V2PMHC_78fe769be3f606f3,2,/Users/anishsharma/Library/Mobile Documents/com~apple~CloudDocs/Downloads/folds_2026_08_27_04_51/ebvms_hla2_control_v2pmhc_78fe769be3f606f3_s314159/fold_ebvms_hla2_control_v2pmhc_78fe769be3f606f3_s314159_model_2.cif,7df49e3dc9a2ba2653df92ae603d58965943060acfa0eb508ca86a4f1c953b17,False
aligned_models/af_314159_V2PMHC_78fe769be3f606f3_m3.pdb,105dfbc1dcfd4c6e3c53e11c09d531b0b4563905d6e7fec281f4c2743e742eec,LEFYLAMPF,4,,DQ,alphafold,V2PMHC_78fe769be3f606f3,HLA-DQA1*01:02,HLA-DQB1*05:02,af|314159|V2PMHC_78fe769be3f606f3|m3,314159,SRLLEFYLAMPFATP,V2PMHC_78fe769be3f606f3,3,/Users/anishsharma/Library/Mobile Documents/com~apple~CloudDocs/Downloads/folds_2026_08_27_04_51/ebvms_hla2_control_v2pmhc_78fe769be3f606f3_s314159/fold_ebvms_hla2_control_v2pmhc_78fe769be3f606f3_s314159_model_3.cif,f70edb6649abe76c4d7913d57c19a14da34ae21edfa3da4ea36b17a354f87bd3,False
aligned_models/af_314159_V2PMHC_78fe769be3f606f3_m4.pdb,efe15ebf179512dc9a53ae39670c884b2fdc7eb939a467bd555959a6a6d68f94,LEFYLAMPF,4,,DQ,alphafold,V2PMHC_78fe769be3f606f3,HLA-DQA1*01:02,HLA-DQB1*05:02,af|314159|V2PMHC_78fe769be3f606f3|m4,314159,SRLLEFYLAMPFATP,V2PMHC_78fe769be3f606f3,4,/Users/anishsharma/Library/Mobile Documents/com~apple~CloudDocs/Downloads/folds_2026_08_27_04_51/ebvms_hla2_control_v2pmhc_78fe769be3f606f3_s314159/fold_ebvms_hla2_control_v2pmhc_78fe769be3f606f3_s314159_model_4.cif,b4da195a970ccea959c4d796fa664f592b964a3c10d95bcf6e0edd87b45bef7f,False
aligned_models/af_271828_V2PMHC_7db17c44e740d443_m0.pdb,2a88ceb57fc74d7b758f6a50176e1e0fc93b48be76aa63bba9ba8c6ae76979f9,IRVLRAFTS,5,,DQ,alphafold,V2PMHC_7db17c44e740d443,HLA-DQA1*01:02,HLA-DQB1*05:02,af|271828|V2PMHC_7db17c44e740d443|m0,271828,HPNIIRVLRAFTSSV,V2PMHC_7db17c44e740d443,0,/Users/anishsharma/Library/Mobile Documents/com~apple~CloudDocs/Downloads/folds_2026_08_27_04_51/ebvms_hla2_control_v2pmhc_7db17c44e740d443_s271828/fold_ebvms_hla2_control_v2pmhc_7db17c44e740d443_s271828_model_0.cif,a763730af88e3f4b23d2fca6c5d622dc96013731f6be81a88dc8c46dd4f8f7eb,False
aligned_models/af_271828_V2PMHC_7db17c44e740d443_m1.pdb,c1163c8ce66f4bbfcd07044770e51ed4f05ae3f1ff158bbb68194f9740eb766c,IRVLRAFTS,5,,DQ,alphafold,V2PMHC_7db17c44e740d443,HLA-DQA1*01:02,HLA-DQB1*05:02,af|271828|V2PMHC_7db17c44e740d443|m1,271828,HPNIIRVLRAFTSSV,V2PMHC_7db17c44e740d443,1,/Users/anishsharma/Library/Mobile Documents/com~apple~CloudDocs/Downloads/folds_2026_08_27_04_51/ebvms_hla2_control_v2pmhc_7db17c44e740d443_s271828/fold_ebvms_hla2_control_v2pmhc_7db17c44e740d443_s271828_model_1.cif,3d508547ed90c9be21a8ab2eec932eba0cdd807e1035ecddd080042c5366a24f,False
aligned_models/af_271828_V2PMHC_7db17c44e740d443_m2.pdb,30f6be0a52b7ea060d91eca83cf04f2361ca5f409caeec2cbd8f7d94b4c351f7,IRVLRAFTS,5,,DQ,alphafold,V2PMHC_7db17c44e740d443,HLA-DQA1*01:02,HLA-DQB1*05:02,af|271828|V2PMHC_7db17c44e740d443|m2,271828,HPNIIRVLRAFTSSV,V2PMHC_7db17c44e740d443,2,/Users/anishsharma/Library/Mobile Documents/com~apple~CloudDocs/Downloads/folds_2026_08_27_04_51/ebvms_hla2_control_v2pmhc_7db17c44e740d443_s271828/fold_ebvms_hla2_control_v2pmhc_7db17c44e740d443_s271828_model_2.cif,3aadd54f71d0bc95fff3ed3dc4533dbcdfc147c86dbf108a0e5362bb213798f5,False
aligned_models/af_271828_V2PMHC_7db17c44e740d443_m3.pdb,3e9005077abfe1454e0ec57f7622847accb1eafb866062b340c0f025980dbeb3,IRVLRAFTS,5,,DQ,alphafold,V2PMHC_7db17c44e740d443,HLA-DQA1*01:02,HLA-DQB1*05:02,af|271828|V2PMHC_7db17c44e740d443|m3,271828,HPNIIRVLRAFTSSV,V2PMHC_7db17c44e740d443,3,/Users/anishsharma/Library/Mobile Documents/com~apple~CloudDocs/Downloads/folds_2026_08_27_04_51/ebvms_hla2_control_v2pmhc_7db17c44e740d443_s271828/fold_ebvms_hla2_control_v2pmhc_7db17c44e740d443_s271828_model_3.cif,d51e74aafe822c8a1a62abee43efb559fd8b50d9976a7cce0367f96f4fc7d5c2,False
aligned_models/af_271828_V2PMHC_7db17c44e740d443_m4.pdb,83a64c61b5390d935f66b052402ae10f83f3d8c505b5a3c9b0fa8d348f395205,IRVLRAFTS,5,,DQ,alphafold,V2PMHC_7db17c44e740d443,HLA-DQA1*01:02,HLA-DQB1*05:02,af|271828|V2PMHC_7db17c44e740d443|m4,271828,HPNIIRVLRAFTSSV,V2PMHC_7db17c44e740d443,4,/Users/anishsharma/Library/Mobile Documents/com~apple~CloudDocs/Downloads/folds_2026_08_27_04_51/ebvms_hla2_control_v2pmhc_7db17c44e740d443_s271828/fold_ebvms_hla2_control_v2pmhc_7db17c44e740d443_s271828_model_4.cif,01b8db4a9df8f3542444777cf4a975aa9b3f4fa627e14cb1364b47d0c7a6c39d,False
aligned_models/af_314159_V2PMHC_7db17c44e740d443_m0.pdb,d26b816cfadf2c8ee3854aa8126652f049d9d1d78e5af5543fa6f9d695b90eb9,IRVLRAFTS,5,,DQ,alphafold,V2PMHC_7db17c44e740d443,HLA-DQA1*01:02,HLA-DQB1*05:02,af|314159|V2PMHC_7db17c44e740d443|m0,314159,HPNIIRVLRAFTSSV,V2PMHC_7db17c44e740d443,0,/Users/anishsharma/Library/Mobile Documents/com~apple~CloudDocs/Downloads/folds_2026_08_27_04_51/ebvms_hla2_control_v2pmhc_7db17c44e740d443_s314159/fold_ebvms_hla2_control_v2pmhc_7db17c44e740d443_s314159_model_0.cif,1258c273c17983c3213b035fae8b1c1c513cad59f4efcc88540a5e9b7e3d73e9,False
aligned_models/af_314159_V2PMHC_7db17c44e740d443_m1.pdb,6d8d87592d378305a5c4603d18e08f0e80ac3672a1353dd97df4fdf8ee261c49,IRVLRAFTS,5,,DQ,alphafold,V2PMHC_7db17c44e740d443,HLA-DQA1*01:02,HLA-DQB1*05:02,af|314159|V2PMHC_7db17c44e740d443|m1,314159,HPNIIRVLRAFTSSV,V2PMHC_7db17c44e740d443,1,/Users/anishsharma/Library/Mobile Documents/com~apple~CloudDocs/Downloads/folds_2026_08_27_04_51/ebvms_hla2_control_v2pmhc_7db17c44e740d443_s314159/fold_ebvms_hla2_control_v2pmhc_7db17c44e740d443_s314159_model_1.cif,4cb2fd38f2c007193f9c214c49f296d05c0afd6ff4574e930d6d38656d6d7118,False
aligned_models/af_314159_V2PMHC_7db17c44e740d443_m2.pdb,ec3a16b2021859098b44825323f5e91f97da323331a1564e138a787ef5352440,IRVLRAFTS,5,,DQ,alphafold,V2PMHC_7db17c44e740d443,HLA-DQA1*01:02,HLA-DQB1*05:02,af|314159|V2PMHC_7db17c44e740d443|m2,314159,HPNIIRVLRAFTSSV,V2PMHC_7db17c44e740d443,2,/Users/anishsharma/Library/Mobile Documents/com~apple~CloudDocs/Downloads/folds_2026_08_27_04_51/ebvms_hla2_control_v2pmhc_7db17c44e740d443_s314159/fold_ebvms_hla2_control_v2pmhc_7db17c44e740d443_s314159_model_2.cif,3f710ff58ef5fee35a83a87e19b483a702f8d7b273dc0fff0a1e50f8c137a00d,False
aligned_models/af_314159_V2PMHC_7db17c44e740d443_m3.pdb,5b8feda3761c39e3c360a57c8b13f5bbd404bf4e480ea7059e0afefe3fcd3bdd,IRVLRAFTS,5,,DQ,alphafold,V2PMHC_7db17c44e740d443,HLA-DQA1*01:02,HLA-DQB1*05:02,af|314159|V2PMHC_7db17c44e740d443|m3,314159,HPNIIRVLRAFTSSV,V2PMHC_7db17c44e740d443,3,/Users/anishsharma/Library/Mobile Documents/com~apple~CloudDocs/Downloads/folds_2026_08_27_04_51/ebvms_hla2_control_v2pmhc_7db17c44e740d443_s314159/fold_ebvms_hla2_control_v2pmhc_7db17c44e740d443_s314159_model_3.cif,d41d1d5a7e5d410ad71ebe04eda6c5980e1dd33bb748849e95f4a58dd1aeda27,False
aligned_models/af_314159_V2PMHC_7db17c44e740d443_m4.pdb,afa85175c944a6672ecedab40aea3690c2f25f7fb8fcae8a198a4dbbd9654c6d,IRVLRAFTS,5,,DQ,alphafold,V2PMHC_7db17c44e740d443,HLA-DQA1*01:02,HLA-DQB1*05:02,af|314159|V2PMHC_7db17c44e740d443|m4,314159,HPNIIRVLRAFTSSV,V2PMHC_7db17c44e740d443,4,/Users/anishsharma/Library/Mobile Documents/com~apple~CloudDocs/Downloads/folds_2026_08_27_04_51/ebvms_hla2_control_v2pmhc_7db17c44e740d443_s314159/fold_ebvms_hla2_control_v2pmhc_7db17c44e740d443_s314159_model_4.cif,930fd6f07f707f92a0d060fca13be1e50c82d34bce62a87db757412272e24e62,False
aligned_models/af_271828_V2PMHC_805576114a6e7df7_m0.pdb,0ca8a72f85d46a302f64bec3d935a51c91c5114356c78f0c658cc21ebb44e122,LSVVKPLTL,3,,DR,alphafold,V2PMHC_805576114a6e7df7,HLA-DRA*01:01,HLA-DRB5*01:01,af|271828|V2PMHC_805576114a6e7df7|m0,271828,EHLSVVKPLTLSVHS,V2PMHC_805576114a6e7df7,0,/Users/anishsharma/Library/Mobile Documents/com~apple~CloudDocs/Downloads/folds_2026_08_27_04_51/ebvms_hla2_control_v2pmhc_805576114a6e7df7_s271828/fold_ebvms_hla2_control_v2pmhc_805576114a6e7df7_s271828_model_0.cif,a579571d72039e1ecd3e102fd8aa07b181837e3baf46ce6eddf415678cb5f2d3,False
aligned_models/af_271828_V2PMHC_805576114a6e7df7_m1.pdb,f02bc3607aff548c4c72015f887a4f15d1e5a917dcdceb36be85739d7b26e640,LSVVKPLTL,3,,DR,alphafold,V2PMHC_805576114a6e7df7,HLA-DRA*01:01,HLA-DRB5*01:01,af|271828|V2PMHC_805576114a6e7df7|m1,271828,EHLSVVKPLTLSVHS,V2PMHC_805576114a6e7df7,1,/Users/anishsharma/Library/Mobile Documents/com~apple~CloudDocs/Downloads/folds_2026_08_27_04_51/ebvms_hla2_control_v2pmhc_805576114a6e7df7_s271828/fold_ebvms_hla2_control_v2pmhc_805576114a6e7df7_s271828_model_1.cif,19ad2a828f395b9bb5ad5f674461ceb905a24bcbbe4b07e36de14cfe5a7fa5df,False
aligned_models/af_271828_V2PMHC_805576114a6e7df7_m2.pdb,b30dac504e6a7fd8d9dd55003f8a60d481864ab5f96b179541fedfe6dd1a9897,LSVVKPLTL,3,,DR,alphafold,V2PMHC_805576114a6e7df7,HLA-DRA*01:01,HLA-DRB5*01:01,af|271828|V2PMHC_805576114a6e7df7|m2,271828,EHLSVVKPLTLSVHS,V2PMHC_805576114a6e7df7,2,/Users/anishsharma/Library/Mobile Documents/com~apple~CloudDocs/Downloads/folds_2026_08_27_04_51/ebvms_hla2_control_v2pmhc_805576114a6e7df7_s271828/fold_ebvms_hla2_control_v2pmhc_805576114a6e7df7_s271828_model_2.cif,d0cb1a9edc1833f29cc533b2c802002146660e0e684db44b9f295565d663859b,False
aligned_models/af_271828_V2PMHC_805576114a6e7df7_m3.pdb,8fcd1072d094b595a08ec521dc37b6848971d03dc120b88b27f77d55099957b7,LSVVKPLTL,3,,DR,alphafold,V2PMHC_805576114a6e7df7,HLA-DRA*01:01,HLA-DRB5*01:01,af|271828|V2PMHC_805576114a6e7df7|m3,271828,EHLSVVKPLTLSVHS,V2PMHC_805576114a6e7df7,3,/Users/anishsharma/Library/Mobile Documents/com~apple~CloudDocs/Downloads/folds_2026_08_27_04_51/ebvms_hla2_control_v2pmhc_805576114a6e7df7_s271828/fold_ebvms_hla2_control_v2pmhc_805576114a6e7df7_s271828_model_3.cif,2447abb30e70ff0409f4c3033092562e7bb24562736c23b194946641a550fa53,False
aligned_models/af_271828_V2PMHC_805576114a6e7df7_m4.pdb,2e5a7e83d39813ed41f6aa08e18ed8dfdfac1849e56faa0e9e1cd56572f4fd51,LSVVKPLTL,3,,DR,alphafold,V2PMHC_805576114a6e7df7,HLA-DRA*01:01,HLA-DRB5*01:01,af|271828|V2PMHC_805576114a6e7df7|m4,271828,EHLSVVKPLTLSVHS,V2PMHC_805576114a6e7df7,4,/Users/anishsharma/Library/Mobile Documents/com~apple~CloudDocs/Downloads/folds_2026_08_27_04_51/ebvms_hla2_control_v2pmhc_805576114a6e7df7_s271828/fold_ebvms_hla2_control_v2pmhc_805576114a6e7df7_s271828_model_4.cif,56fc92c98407386f1a2ed8ce28ac7047f2a6f546df1146fc10af6e083bcc1474,False
aligned_models/af_314159_V2PMHC_805576114a6e7df7_m0.pdb,c13102cf0812f15ac022dd1f1bfb2405f45bac2ea2d882e9911a617dbbb34b38,LSVVKPLTL,3,,DR,alphafold,V2PMHC_805576114a6e7df7,HLA-DRA*01:01,HLA-DRB5*01:01,af|314159|V2PMHC_805576114a6e7df7|m0,314159,EHLSVVKPLTLSVHS,V2PMHC_805576114a6e7df7,0,/Users/anishsharma/Library/Mobile Documents/com~apple~CloudDocs/Downloads/folds_2026_08_27_04_51/ebvms_hla2_control_v2pmhc_805576114a6e7df7_s314159/fold_ebvms_hla2_control_v2pmhc_805576114a6e7df7_s314159_model_0.cif,17de8045931b1b17d8cae43245572c79889dfcb82ab593e4cfe1038b76fdf528,False
aligned_models/af_314159_V2PMHC_805576114a6e7df7_m1.pdb,8967c5ff406f11c2d7993b070254634e08c1c541ee8f6d858bf4b7ad533c2f88,LSVVKPLTL,3,,DR,alphafold,V2PMHC_805576114a6e7df7,HLA-DRA*01:01,HLA-DRB5*01:01,af|314159|V2PMHC_805576114a6e7df7|m1,314159,EHLSVVKPLTLSVHS,V2PMHC_805576114a6e7df7,1,/Users/anishsharma/Library/Mobile Documents/com~apple~CloudDocs/Downloads/folds_2026_08_27_04_51/ebvms_hla2_control_v2pmhc_805576114a6e7df7_s314159/fold_ebvms_hla2_control_v2pmhc_805576114a6e7df7_s314159_model_1.cif,1c99b1eb8b00e435bf94e508d390e9a6a01653df74b338705d0453d02fa6d2f2,False
aligned_models/af_314159_V2PMHC_805576114a6e7df7_m2.pdb,cfa97cb3d05068686237d0e6865df8103a268e67973fb3bced47625a6a0f650a,LSVVKPLTL,3,,DR,alphafold,V2PMHC_805576114a6e7df7,HLA-DRA*01:01,HLA-DRB5*01:01,af|314159|V2PMHC_805576114a6e7df7|m2,314159,EHLSVVKPLTLSVHS,V2PMHC_805576114a6e7df7,2,/Users/anishsharma/Library/Mobile Documents/com~apple~CloudDocs/Downloads/folds_2026_08_27_04_51/ebvms_hla2_control_v2pmhc_805576114a6e7df7_s314159/fold_ebvms_hla2_control_v2pmhc_805576114a6e7df7_s314159_model_2.cif,c7e55d938e63d3fc1a37f40c67dc7b16ee08a03f5d506c6fc8238ab23d9234e0,False
aligned_models/af_314159_V2PMHC_805576114a6e7df7_m3.pdb,0c83d7796432a988264e4a2cb864d7a2dfb3e927f01b7cf6af7a985f0e3f2f75,LSVVKPLTL,3,,DR,alphafold,V2PMHC_805576114a6e7df7,HLA-DRA*01:01,HLA-DRB5*01:01,af|314159|V2PMHC_805576114a6e7df7|m3,314159,EHLSVVKPLTLSVHS,V2PMHC_805576114a6e7df7,3,/Users/anishsharma/Library/Mobile Documents/com~apple~CloudDocs/Downloads/folds_2026_08_27_04_51/ebvms_hla2_control_v2pmhc_805576114a6e7df7_s314159/fold_ebvms_hla2_control_v2pmhc_805576114a6e7df7_s314159_model_3.cif,238a15eb87784c2faff3ca1c39708cc5c096167ce5db72d5c81643bfb7e3e5b1,False
aligned_models/af_314159_V2PMHC_805576114a6e7df7_m4.pdb,61907c36434f7bc6513d689bb7a36c607bcc56b00569a3bb6f231d1993dcd267,LSVVKPLTL,3,,DR,alphafold,V2PMHC_805576114a6e7df7,HLA-DRA*01:01,HLA-DRB5*01:01,af|314159|V2PMHC_805576114a6e7df7|m4,314159,EHLSVVKPLTLSVHS,V2PMHC_805576114a6e7df7,4,/Users/anishsharma/Library/Mobile Documents/com~apple~CloudDocs/Downloads/folds_2026_08_27_04_51/ebvms_hla2_control_v2pmhc_805576114a6e7df7_s314159/fold_ebvms_hla2_control_v2pmhc_805576114a6e7df7_s314159_model_4.cif,25640c49b8ba5aab943d359646e020d208942543fb5340d2ae3ddd3dfe614eb1,False
aligned_models/af_271828_V2PMHC_8237840b8e248746_m0.pdb,3c94d8051eb79a51b9ad955276c216137928d9f8a9df3f15a288810184d9a8c9,IRVLRAFTS,5,,DR,alphafold,V2PMHC_8237840b8e248746,HLA-DRA*01:01,HLA-DRB1*15:01,af|271828|V2PMHC_8237840b8e248746|m0,271828,HPNIIRVLRAFTSSV,V2PMHC_8237840b8e248746,0,/Users/anishsharma/Library/Mobile Documents/com~apple~CloudDocs/Downloads/folds_2026_08_27_04_51/ebvms_hla2_control_v2pmhc_8237840b8e248746_s271828/fold_ebvms_hla2_control_v2pmhc_8237840b8e248746_s271828_model_0.cif,790581f7f654cb74fe5cc10b766bb876443e7f2021af281e75a1f1fdd8a465d5,False
aligned_models/af_271828_V2PMHC_8237840b8e248746_m1.pdb,8c562a85d40482a97a106f92a4dbdd2448dc617bf4346e48c7cfc90816a11355,IRVLRAFTS,5,,DR,alphafold,V2PMHC_8237840b8e248746,HLA-DRA*01:01,HLA-DRB1*15:01,af|271828|V2PMHC_8237840b8e248746|m1,271828,HPNIIRVLRAFTSSV,V2PMHC_8237840b8e248746,1,/Users/anishsharma/Library/Mobile Documents/com~apple~CloudDocs/Downloads/folds_2026_08_27_04_51/ebvms_hla2_control_v2pmhc_8237840b8e248746_s271828/fold_ebvms_hla2_control_v2pmhc_8237840b8e248746_s271828_model_1.cif,44a9ac28eb1a0ccf3daf8945b9f85cf56ebad62e81545313ae5d44c8d470f6e7,False
aligned_models/af_271828_V2PMHC_8237840b8e248746_m2.pdb,59ed7bd179ea5763b0d190ac4af71fad02deb9e67b0823f02ad721a18aef3438,IRVLRAFTS,5,,DR,alphafold,V2PMHC_8237840b8e248746,HLA-DRA*01:01,HLA-DRB1*15:01,af|271828|V2PMHC_8237840b8e248746|m2,271828,HPNIIRVLRAFTSSV,V2PMHC_8237840b8e248746,2,/Users/anishsharma/Library/Mobile Documents/com~apple~CloudDocs/Downloads/folds_2026_08_27_04_51/ebvms_hla2_control_v2pmhc_8237840b8e248746_s271828/fold_ebvms_hla2_control_v2pmhc_8237840b8e248746_s271828_model_2.cif,9939247503bd7bc2ff8b9bf9ee2ab87bccbc38f2b8d3d2955eba1a0b55e5ce08,False
aligned_models/af_271828_V2PMHC_8237840b8e248746_m3.pdb,c365da5085be32e67d65012b94febc775b8e2e7d4b1246ae40be38234cc2d278,IRVLRAFTS,5,,DR,alphafold,V2PMHC_8237840b8e248746,HLA-DRA*01:01,HLA-DRB1*15:01,af|271828|V2PMHC_8237840b8e248746|m3,271828,HPNIIRVLRAFTSSV,V2PMHC_8237840b8e248746,3,/Users/anishsharma/Library/Mobile Documents/com~apple~CloudDocs/Downloads/folds_2026_08_27_04_51/ebvms_hla2_control_v2pmhc_8237840b8e248746_s271828/fold_ebvms_hla2_control_v2pmhc_8237840b8e248746_s271828_model_3.cif,cee552c252c06a5866fc6119e5a362f672a1ab091af3aa0a4d5e2e7f87de3de9,False
aligned_models/af_271828_V2PMHC_8237840b8e248746_m4.pdb,6b5cbd324726807335402d863539036242710670571c76d69fb68130a035ce5d,IRVLRAFTS,5,,DR,alphafold,V2PMHC_8237840b8e248746,HLA-DRA*01:01,HLA-DRB1*15:01,af|271828|V2PMHC_8237840b8e248746|m4,271828,HPNIIRVLRAFTSSV,V2PMHC_8237840b8e248746,4,/Users/anishsharma/Library/Mobile Documents/com~apple~CloudDocs/Downloads/folds_2026_08_27_04_51/ebvms_hla2_control_v2pmhc_8237840b8e248746_s271828/fold_ebvms_hla2_control_v2pmhc_8237840b8e248746_s271828_model_4.cif,0acb1d7bdf49de759ed7c56198c35b7b94bbc65d33ede56b5701fa7a1c3114d0,False
aligned_models/af_314159_V2PMHC_8237840b8e248746_m0.pdb,53ad21dd93f57146b094b207392f0ff4cf876b0333d747ecefa63d7bdeaa8143,IRVLRAFTS,5,,DR,alphafold,V2PMHC_8237840b8e248746,HLA-DRA*01:01,HLA-DRB1*15:01,af|314159|V2PMHC_8237840b8e248746|m0,314159,HPNIIRVLRAFTSSV,V2PMHC_8237840b8e248746,0,/Users/anishsharma/Library/Mobile Documents/com~apple~CloudDocs/Downloads/folds_2026_08_27_04_51/ebvms_hla2_control_v2pmhc_8237840b8e248746_s314159/fold_ebvms_hla2_control_v2pmhc_8237840b8e248746_s314159_model_0.cif,e77feee6113ecc994dbc6e6792bdb3de88cbf91a34ea4422aa4cb67f2a1ff496,False
aligned_models/af_314159_V2PMHC_8237840b8e248746_m1.pdb,8e76a4a38dfd45a330bd6c9c8f81668ba9be0e4d022eaa1b85ef20173cb31338,IRVLRAFTS,5,,DR,alphafold,V2PMHC_8237840b8e248746,HLA-DRA*01:01,HLA-DRB1*15:01,af|314159|V2PMHC_8237840b8e248746|m1,314159,HPNIIRVLRAFTSSV,V2PMHC_8237840b8e248746,1,/Users/anishsharma/Library/Mobile Documents/com~apple~CloudDocs/Downloads/folds_2026_08_27_04_51/ebvms_hla2_control_v2pmhc_8237840b8e248746_s314159/fold_ebvms_hla2_control_v2pmhc_8237840b8e248746_s314159_model_1.cif,fbc1a7ef62ddda4fe2cd406d3105e65086e3ddde377da1fc6eabc28b2ec24598,False
aligned_models/af_314159_V2PMHC_8237840b8e248746_m2.pdb,da59efbac55682acff8b42275345b895ff90c042cd4ca5cc8cbf57c3c4269877,IRVLRAFTS,5,,DR,alphafold,V2PMHC_8237840b8e248746,HLA-DRA*01:01,HLA-DRB1*15:01,af|314159|V2PMHC_8237840b8e248746|m2,314159,HPNIIRVLRAFTSSV,V2PMHC_8237840b8e248746,2,/Users/anishsharma/Library/Mobile Documents/com~apple~CloudDocs/Downloads/folds_2026_08_27_04_51/ebvms_hla2_control_v2pmhc_8237840b8e248746_s314159/fold_ebvms_hla2_control_v2pmhc_8237840b8e248746_s314159_model_2.cif,adc2d4e3c62b3f4651e8f4f48ffcf78a3a87d24d878a7dfd66c260a3d556e17c,False
aligned_models/af_314159_V2PMHC_8237840b8e248746_m3.pdb,3fc5fc9307409cbff9fa054f32e5be562802717414ceaf1c310f0393b0a04261,IRVLRAFTS,5,,DR,alphafold,V2PMHC_8237840b8e248746,HLA-DRA*01:01,HLA-DRB1*15:01,af|314159|V2PMHC_8237840b8e248746|m3,314159,HPNIIRVLRAFTSSV,V2PMHC_8237840b8e248746,3,/Users/anishsharma/Library/Mobile Documents/com~apple~CloudDocs/Downloads/folds_2026_08_27_04_51/ebvms_hla2_control_v2pmhc_8237840b8e248746_s314159/fold_ebvms_hla2_control_v2pmhc_8237840b8e248746_s314159_model_3.cif,d4b8c86a7e5658ebe5e3ff037bab201b7e5133a6556f5193cfa2eee0a10e57dc,False
aligned_models/af_314159_V2PMHC_8237840b8e248746_m4.pdb,30e2b5cbe021e1e32a85cefbf048f4f484045933a1a37299625c246f468e30a6,IRVLRAFTS,5,,DR,alphafold,V2PMHC_8237840b8e248746,HLA-DRA*01:01,HLA-DRB1*15:01,af|314159|V2PMHC_8237840b8e248746|m4,314159,HPNIIRVLRAFTSSV,V2PMHC_8237840b8e248746,4,/Users/anishsharma/Library/Mobile Documents/com~apple~CloudDocs/Downloads/folds_2026_08_27_04_51/ebvms_hla2_control_v2pmhc_8237840b8e248746_s314159/fold_ebvms_hla2_control_v2pmhc_8237840b8e248746_s314159_model_4.cif,6fb8e03b02f79319404e117b1c1045d7a38ab0eb0663cb646022c271fee5d189,False
aligned_models/af_271828_V2PMHC_8fc08fae0f1ffde1_m0.pdb,b2c45d83a76d04b0ebee22eed5487b451b8fc421e6a600d2961901d04711e9d2,VHFFKNIVT,5,,DQ,alphafold,V2PMHC_8fc08fae0f1ffde1,HLA-DQA1*01:02,HLA-DQB1*05:02,af|271828|V2PMHC_8fc08fae0f1ffde1|m0,271828,ENPVVHFFKNIVTPR,V2PMHC_8fc08fae0f1ffde1,0,/Users/anishsharma/Library/Mobile Documents/com~apple~CloudDocs/Downloads/folds_2026_08_27_04_51/ebvms_hla2_control_v2pmhc_8fc08fae0f1ffde1_s271828/fold_ebvms_hla2_control_v2pmhc_8fc08fae0f1ffde1_s271828_model_0.cif,b447a681a8ec153a6b701cbff52b01fb96dd92edf9dfe8c90aaf586940562fa5,False
aligned_models/af_271828_V2PMHC_8fc08fae0f1ffde1_m1.pdb,997d27620b0b7d9d066c8bbd7f4b3c012a078e4114e2e3be339aebc618c99d5e,VHFFKNIVT,5,,DQ,alphafold,V2PMHC_8fc08fae0f1ffde1,HLA-DQA1*01:02,HLA-DQB1*05:02,af|271828|V2PMHC_8fc08fae0f1ffde1|m1,271828,ENPVVHFFKNIVTPR,V2PMHC_8fc08fae0f1ffde1,1,/Users/anishsharma/Library/Mobile Documents/com~apple~CloudDocs/Downloads/folds_2026_08_27_04_51/ebvms_hla2_control_v2pmhc_8fc08fae0f1ffde1_s271828/fold_ebvms_hla2_control_v2pmhc_8fc08fae0f1ffde1_s271828_model_1.cif,4a2f273c5993f3343196cf226c7320056a40efe05ea245646733c927c4bd40d3,False
aligned_models/af_271828_V2PMHC_8fc08fae0f1ffde1_m2.pdb,080627c0e7364d80fbb020c215b2d731254322d495647b4c7859632f4f838e87,VHFFKNIVT,5,,DQ,alphafold,V2PMHC_8fc08fae0f1ffde1,HLA-DQA1*01:02,HLA-DQB1*05:02,af|271828|V2PMHC_8fc08fae0f1ffde1|m2,271828,ENPVVHFFKNIVTPR,V2PMHC_8fc08fae0f1ffde1,2,/Users/anishsharma/Library/Mobile Documents/com~apple~CloudDocs/Downloads/folds_2026_08_27_04_51/ebvms_hla2_control_v2pmhc_8fc08fae0f1ffde1_s271828/fold_ebvms_hla2_control_v2pmhc_8fc08fae0f1ffde1_s271828_model_2.cif,e4174a69bc47e6e5f717ca973e7011b4e80b5acecbd7b91ed72def0c00727201,False
aligned_models/af_271828_V2PMHC_8fc08fae0f1ffde1_m3.pdb,33fb0c251a646518cfc92d907b646b5caac273a8aa30086efdefa00514a33606,VHFFKNIVT,5,,DQ,alphafold,V2PMHC_8fc08fae0f1ffde1,HLA-DQA1*01:02,HLA-DQB1*05:02,af|271828|V2PMHC_8fc08fae0f1ffde1|m3,271828,ENPVVHFFKNIVTPR,V2PMHC_8fc08fae0f1ffde1,3,/Users/anishsharma/Library/Mobile Documents/com~apple~CloudDocs/Downloads/folds_2026_08_27_04_51/ebvms_hla2_control_v2pmhc_8fc08fae0f1ffde1_s271828/fold_ebvms_hla2_control_v2pmhc_8fc08fae0f1ffde1_s271828_model_3.cif,52f6d1888be646a42599f3f7c3dca1795416cd60736a025ceb6c3bf543aec23d,False
aligned_models/af_271828_V2PMHC_8fc08fae0f1ffde1_m4.pdb,ed8c666809203d40ee6f72aab905d6d1f7930922e433390e8211c4456e853c65,VHFFKNIVT,5,,DQ,alphafold,V2PMHC_8fc08fae0f1ffde1,HLA-DQA1*01:02,HLA-DQB1*05:02,af|271828|V2PMHC_8fc08fae0f1ffde1|m4,271828,ENPVVHFFKNIVTPR,V2PMHC_8fc08fae0f1ffde1,4,/Users/anishsharma/Library/Mobile Documents/com~apple~CloudDocs/Downloads/folds_2026_08_27_04_51/ebvms_hla2_control_v2pmhc_8fc08fae0f1ffde1_s271828/fold_ebvms_hla2_control_v2pmhc_8fc08fae0f1ffde1_s271828_model_4.cif,f100f53907b707bebf29d02b41f78d3fe5a35c2a662cd0af5c2a10c901fc82dc,False
aligned_models/af_314159_V2PMHC_8fc08fae0f1ffde1_m0.pdb,6ca3d7a21c2dfeebdf3fd031e853fcadfb722888015c5a8d925e5da3f11481ef,VHFFKNIVT,5,,DQ,alphafold,V2PMHC_8fc08fae0f1ffde1,HLA-DQA1*01:02,HLA-DQB1*05:02,af|314159|V2PMHC_8fc08fae0f1ffde1|m0,314159,ENPVVHFFKNIVTPR,V2PMHC_8fc08fae0f1ffde1,0,/Users/anishsharma/Library/Mobile Documents/com~apple~CloudDocs/Downloads/folds_2026_08_27_04_51/ebvms_hla2_control_v2pmhc_8fc08fae0f1ffde1_s314159/fold_ebvms_hla2_control_v2pmhc_8fc08fae0f1ffde1_s314159_model_0.cif,e8cfa92a91be4633f91e7025c41c3f48565fc0eb788cc2336dd6685fdec0f691,False
aligned_models/af_314159_V2PMHC_8fc08fae0f1ffde1_m1.pdb,72692d260d88284f537cb39ccd0c674b8787040ba8f4bf1e4e22fc25ef8964b1,VHFFKNIVT,5,,DQ,alphafold,V2PMHC_8fc08fae0f1ffde1,HLA-DQA1*01:02,HLA-DQB1*05:02,af|314159|V2PMHC_8fc08fae0f1ffde1|m1,314159,ENPVVHFFKNIVTPR,V2PMHC_8fc08fae0f1ffde1,1,/Users/anishsharma/Library/Mobile Documents/com~apple~CloudDocs/Downloads/folds_2026_08_27_04_51/ebvms_hla2_control_v2pmhc_8fc08fae0f1ffde1_s314159/fold_ebvms_hla2_control_v2pmhc_8fc08fae0f1ffde1_s314159_model_1.cif,f0612b011e6bbf798df7bf74d31f710777d0d92cd1182dfb7be606ec95bbb5d7,False
aligned_models/af_314159_V2PMHC_8fc08fae0f1ffde1_m2.pdb,4d2b9a76b41d0db2280ea4f3ee1e8d951e911c7b1254338f8efa8b85a3b1f731,VHFFKNIVT,5,,DQ,alphafold,V2PMHC_8fc08fae0f1ffde1,HLA-DQA1*01:02,HLA-DQB1*05:02,af|314159|V2PMHC_8fc08fae0f1ffde1|m2,314159,ENPVVHFFKNIVTPR,V2PMHC_8fc08fae0f1ffde1,2,/Users/anishsharma/Library/Mobile Documents/com~apple~CloudDocs/Downloads/folds_2026_08_27_04_51/ebvms_hla2_control_v2pmhc_8fc08fae0f1ffde1_s314159/fold_ebvms_hla2_control_v2pmhc_8fc08fae0f1ffde1_s314159_model_2.cif,4c7f7e005dd8048565665a9156a91a5a9257934826b177f940361ec9924ff603,False
aligned_models/af_314159_V2PMHC_8fc08fae0f1ffde1_m3.pdb,8f9151c1f7f8ecb04853fd22834a9ba54ed19ab2e1bdf0ca2711e7e35c613858,VHFFKNIVT,5,,DQ,alphafold,V2PMHC_8fc08fae0f1ffde1,HLA-DQA1*01:02,HLA-DQB1*05:02,af|314159|V2PMHC_8fc08fae0f1ffde1|m3,314159,ENPVVHFFKNIVTPR,V2PMHC_8fc08fae0f1ffde1,3,/Users/anishsharma/Library/Mobile Documents/com~apple~CloudDocs/Downloads/folds_2026_08_27_04_51/ebvms_hla2_control_v2pmhc_8fc08fae0f1ffde1_s314159/fold_ebvms_hla2_control_v2pmhc_8fc08fae0f1ffde1_s314159_model_3.cif,52b79279f9d08bb24ce7acc64e86f89945eb5275b1c24aa247f736283b631164,False
aligned_models/af_314159_V2PMHC_8fc08fae0f1ffde1_m4.pdb,ab82d1a4e44c97b00d677255eea68b4563c08f7093726d0eb63326ff1c82e89d,VHFFKNIVT,5,,DQ,alphafold,V2PMHC_8fc08fae0f1ffde1,HLA-DQA1*01:02,HLA-DQB1*05:02,af|314159|V2PMHC_8fc08fae0f1ffde1|m4,314159,ENPVVHFFKNIVTPR,V2PMHC_8fc08fae0f1ffde1,4,/Users/anishsharma/Library/Mobile Documents/com~apple~CloudDocs/Downloads/folds_2026_08_27_04_51/ebvms_hla2_control_v2pmhc_8fc08fae0f1ffde1_s314159/fold_ebvms_hla2_control_v2pmhc_8fc08fae0f1ffde1_s314159_model_4.cif,bfadf063e0aed6e8161fb7389ceb8927ef7538b31e617ae8ea2a267be83b95d3,False
aligned_models/af_271828_V2PMHC_9752d8e24d9b0da8_m0.pdb,cda6922c63af8f035de4a2c7e1fecd09e778f1862d3606429029abddf4ff6189,ILIYNGWYA,4,,DQ,alphafold,V2PMHC_9752d8e24d9b0da8,HLA-DQA1*01:02,HLA-DQB1*05:02,af|271828|V2PMHC_9752d8e24d9b0da8|m0,271828,VTNILIYNGWYADS,V2PMHC_9752d8e24d9b0da8,0,/Users/anishsharma/Library/Mobile Documents/com~apple~CloudDocs/Downloads/folds_2026_08_27_04_51/ebvms_hla2_control_v2pmhc_9752d8e24d9b0da8_s271828/fold_ebvms_hla2_control_v2pmhc_9752d8e24d9b0da8_s271828_model_0.cif,afd2118c64644bffd3bf1b38959245a02782989504f984879e2383c34b1fdb24,False
aligned_models/af_271828_V2PMHC_9752d8e24d9b0da8_m1.pdb,754afa92ec5e1bf30df8e261998bd7188ffd72be9dd60af44198b3ffbdc491f4,ILIYNGWYA,4,,DQ,alphafold,V2PMHC_9752d8e24d9b0da8,HLA-DQA1*01:02,HLA-DQB1*05:02,af|271828|V2PMHC_9752d8e24d9b0da8|m1,271828,VTNILIYNGWYADS,V2PMHC_9752d8e24d9b0da8,1,/Users/anishsharma/Library/Mobile Documents/com~apple~CloudDocs/Downloads/folds_2026_08_27_04_51/ebvms_hla2_control_v2pmhc_9752d8e24d9b0da8_s271828/fold_ebvms_hla2_control_v2pmhc_9752d8e24d9b0da8_s271828_model_1.cif,feeaf1d1e69e6d3387449b583818261cae5076310d6db2f9d287d58f5e44141b,False
aligned_models/af_271828_V2PMHC_9752d8e24d9b0da8_m2.pdb,d2f7c30c7f8451cb7bf7eec6265583d4aaaa405b99e701dcca0f9210bfcb1818,ILIYNGWYA,4,,DQ,alphafold,V2PMHC_9752d8e24d9b0da8,HLA-DQA1*01:02,HLA-DQB1*05:02,af|271828|V2PMHC_9752d8e24d9b0da8|m2,271828,VTNILIYNGWYADS,V2PMHC_9752d8e24d9b0da8,2,/Users/anishsharma/Library/Mobile Documents/com~apple~CloudDocs/Downloads/folds_2026_08_27_04_51/ebvms_hla2_control_v2pmhc_9752d8e24d9b0da8_s271828/fold_ebvms_hla2_control_v2pmhc_9752d8e24d9b0da8_s271828_model_2.cif,165720d77817288b5b7570d9e8d54496a0e7a911f46b6fd3f2743e96a4956abc,False
aligned_models/af_271828_V2PMHC_9752d8e24d9b0da8_m3.pdb,9b4693477e501fe4338a05eb02262236c9e1d72fd56eefcc49fd15e12727b60d,ILIYNGWYA,4,,DQ,alphafold,V2PMHC_9752d8e24d9b0da8,HLA-DQA1*01:02,HLA-DQB1*05:02,af|271828|V2PMHC_9752d8e24d9b0da8|m3,271828,VTNILIYNGWYADS,V2PMHC_9752d8e24d9b0da8,3,/Users/anishsharma/Library/Mobile Documents/com~apple~CloudDocs/Downloads/folds_2026_08_27_04_51/ebvms_hla2_control_v2pmhc_9752d8e24d9b0da8_s271828/fold_ebvms_hla2_control_v2pmhc_9752d8e24d9b0da8_s271828_model_3.cif,d9d6de9968cf3404640e19882e083684c2f86da4a517a990ea656cd711cdc45f,False
aligned_models/af_271828_V2PMHC_9752d8e24d9b0da8_m4.pdb,3018f5471a39d2a4d67953d694f8caa65da615bf6744f1ea5b6ea705ad14326e,ILIYNGWYA,4,,DQ,alphafold,V2PMHC_9752d8e24d9b0da8,HLA-DQA1*01:02,HLA-DQB1*05:02,af|271828|V2PMHC_9752d8e24d9b0da8|m4,271828,VTNILIYNGWYADS,V2PMHC_9752d8e24d9b0da8,4,/Users/anishsharma/Library/Mobile Documents/com~apple~CloudDocs/Downloads/folds_2026_08_27_04_51/ebvms_hla2_control_v2pmhc_9752d8e24d9b0da8_s271828/fold_ebvms_hla2_control_v2pmhc_9752d8e24d9b0da8_s271828_model_4.cif,5948a6caa725c0b8b6edf6eb9d4533300eda7a1eeaa3756f998bb7e4f986706f,False
aligned_models/af_314159_V2PMHC_9752d8e24d9b0da8_m0.pdb,127d7bda84e800aa912303872cb2ab823645d7d7b3de74c49c2dfbdcea84fb7a,ILIYNGWYA,4,,DQ,alphafold,V2PMHC_9752d8e24d9b0da8,HLA-DQA1*01:02,HLA-DQB1*05:02,af|314159|V2PMHC_9752d8e24d9b0da8|m0,314159,VTNILIYNGWYADS,V2PMHC_9752d8e24d9b0da8,0,/Users/anishsharma/Library/Mobile Documents/com~apple~CloudDocs/Downloads/folds_2026_08_27_04_51/ebvms_hla2_control_v2pmhc_9752d8e24d9b0da8_s314159/fold_ebvms_hla2_control_v2pmhc_9752d8e24d9b0da8_s314159_model_0.cif,aa4e2004eca7f63ddbf3daa6889926b6e63ff751272765fbd370c88e25b7435a,False
aligned_models/af_314159_V2PMHC_9752d8e24d9b0da8_m1.pdb,37bd1cd3fa73a705b1ef88e7153b8b8e012609e183e50cc90644fd313b8b831a,ILIYNGWYA,4,,DQ,alphafold,V2PMHC_9752d8e24d9b0da8,HLA-DQA1*01:02,HLA-DQB1*05:02,af|314159|V2PMHC_9752d8e24d9b0da8|m1,314159,VTNILIYNGWYADS,V2PMHC_9752d8e24d9b0da8,1,/Users/anishsharma/Library/Mobile Documents/com~apple~CloudDocs/Downloads/folds_2026_08_27_04_51/ebvms_hla2_control_v2pmhc_9752d8e24d9b0da8_s314159/fold_ebvms_hla2_control_v2pmhc_9752d8e24d9b0da8_s314159_model_1.cif,644545e42a8b6d0ec602ac7af0ec67631b2b03b3f74e64427b7a39c37ca6cc93,False
aligned_models/af_314159_V2PMHC_9752d8e24d9b0da8_m2.pdb,faeacc34567d93e9b68c41efe4778bf01b798b586fde84f1c713e4ad885c2d71,ILIYNGWYA,4,,DQ,alphafold,V2PMHC_9752d8e24d9b0da8,HLA-DQA1*01:02,HLA-DQB1*05:02,af|314159|V2PMHC_9752d8e24d9b0da8|m2,314159,VTNILIYNGWYADS,V2PMHC_9752d8e24d9b0da8,2,/Users/anishsharma/Library/Mobile Documents/com~apple~CloudDocs/Downloads/folds_2026_08_27_04_51/ebvms_hla2_control_v2pmhc_9752d8e24d9b0da8_s314159/fold_ebvms_hla2_control_v2pmhc_9752d8e24d9b0da8_s314159_model_2.cif,80c454a0db56080b9f5237409a7ba123b7868f782e663980da7395cbc0bac7ae,False
aligned_models/af_314159_V2PMHC_9752d8e24d9b0da8_m3.pdb,867741953ddfdf30d4214133b4c9a92187909f92df0b2affd155ed48640a0f18,ILIYNGWYA,4,,DQ,alphafold,V2PMHC_9752d8e24d9b0da8,HLA-DQA1*01:02,HLA-DQB1*05:02,af|314159|V2PMHC_9752d8e24d9b0da8|m3,314159,VTNILIYNGWYADS,V2PMHC_9752d8e24d9b0da8,3,/Users/anishsharma/Library/Mobile Documents/com~apple~CloudDocs/Downloads/folds_2026_08_27_04_51/ebvms_hla2_control_v2pmhc_9752d8e24d9b0da8_s314159/fold_ebvms_hla2_control_v2pmhc_9752d8e24d9b0da8_s314159_model_3.cif,c90e9a448f8f024828a0e8d0a381cd5f9fba01c2371da369993c0e990cb25ef5,False
aligned_models/af_314159_V2PMHC_9752d8e24d9b0da8_m4.pdb,d02ba674eaf4f44e24c4b258c812e76285daf69a66215a0a264af8e750cb722e,ILIYNGWYA,4,,DQ,alphafold,V2PMHC_9752d8e24d9b0da8,HLA-DQA1*01:02,HLA-DQB1*05:02,af|314159|V2PMHC_9752d8e24d9b0da8|m4,314159,VTNILIYNGWYADS,V2PMHC_9752d8e24d9b0da8,4,/Users/anishsharma/Library/Mobile Documents/com~apple~CloudDocs/Downloads/folds_2026_08_27_04_51/ebvms_hla2_control_v2pmhc_9752d8e24d9b0da8_s314159/fold_ebvms_hla2_control_v2pmhc_9752d8e24d9b0da8_s314159_model_4.cif,abe89458014ec1ac0d718401c3fd47e7e8b15910c915cceb4381703b1a7ae287,False
aligned_models/af_271828_V2PMHC_9894a39c837e8dff_m0.pdb,ffe675cb38e1741b5a62fef5b920aafca0d2f5069f4e1f42f3674d0f565eece8,LFYYIGTML,4,,DQ,alphafold,V2PMHC_9894a39c837e8dff,HLA-DQA1*01:02,HLA-DQB1*05:02,af|271828|V2PMHC_9894a39c837e8dff|m0,271828,EKQLFYYIGTMLPN,V2PMHC_9894a39c837e8dff,0,/Users/anishsharma/Library/Mobile Documents/com~apple~CloudDocs/Downloads/folds_2026_08_27_04_51/ebvms_hla2_control_v2pmhc_9894a39c837e8dff_s271828/fold_ebvms_hla2_control_v2pmhc_9894a39c837e8dff_s271828_model_0.cif,41ac0e6118523e916e9a314a7597e85a970c1c35e56f9d87e243e86e89ccd40a,False
aligned_models/af_271828_V2PMHC_9894a39c837e8dff_m1.pdb,5dee70f3e7d5c2f8ee466d8755431a58c42f6f66bc40c793938fda616899b9e0,LFYYIGTML,4,,DQ,alphafold,V2PMHC_9894a39c837e8dff,HLA-DQA1*01:02,HLA-DQB1*05:02,af|271828|V2PMHC_9894a39c837e8dff|m1,271828,EKQLFYYIGTMLPN,V2PMHC_9894a39c837e8dff,1,/Users/anishsharma/Library/Mobile Documents/com~apple~CloudDocs/Downloads/folds_2026_08_27_04_51/ebvms_hla2_control_v2pmhc_9894a39c837e8dff_s271828/fold_ebvms_hla2_control_v2pmhc_9894a39c837e8dff_s271828_model_1.cif,2c383011633cb09d6e8f2eb391cfdee16cdc3437eb8a5bc7939111a3e916e32e,False
aligned_models/af_271828_V2PMHC_9894a39c837e8dff_m2.pdb,5a1bd93cd499602e98177c4d4a8ec75abb212d3e01e42931a75e2d357c8cd6b6,LFYYIGTML,4,,DQ,alphafold,V2PMHC_9894a39c837e8dff,HLA-DQA1*01:02,HLA-DQB1*05:02,af|271828|V2PMHC_9894a39c837e8dff|m2,271828,EKQLFYYIGTMLPN,V2PMHC_9894a39c837e8dff,2,/Users/anishsharma/Library/Mobile Documents/com~apple~CloudDocs/Downloads/folds_2026_08_27_04_51/ebvms_hla2_control_v2pmhc_9894a39c837e8dff_s271828/fold_ebvms_hla2_control_v2pmhc_9894a39c837e8dff_s271828_model_2.cif,106f09a1d03d5c0bd226c0487411ef6609282767d5c60a771fd24fd07a7aa5ce,False
aligned_models/af_271828_V2PMHC_9894a39c837e8dff_m3.pdb,d6cc5f2958a6066f73440deb3d7ea924b0f7f802a00761b0a062ce6be8ee7401,LFYYIGTML,4,,DQ,alphafold,V2PMHC_9894a39c837e8dff,HLA-DQA1*01:02,HLA-DQB1*05:02,af|271828|V2PMHC_9894a39c837e8dff|m3,271828,EKQLFYYIGTMLPN,V2PMHC_9894a39c837e8dff,3,/Users/anishsharma/Library/Mobile Documents/com~apple~CloudDocs/Downloads/folds_2026_08_27_04_51/ebvms_hla2_control_v2pmhc_9894a39c837e8dff_s271828/fold_ebvms_hla2_control_v2pmhc_9894a39c837e8dff_s271828_model_3.cif,48b6e778ddb0ec27cbb6ad4723bb545aeee1a3c39e69cb8fa2af22094672f85a,False
aligned_models/af_271828_V2PMHC_9894a39c837e8dff_m4.pdb,4c8aa9ccd02b7fde43644b324647122b823f931e5dfa3f0f49d11634da702644,LFYYIGTML,4,,DQ,alphafold,V2PMHC_9894a39c837e8dff,HLA-DQA1*01:02,HLA-DQB1*05:02,af|271828|V2PMHC_9894a39c837e8dff|m4,271828,EKQLFYYIGTMLPN,V2PMHC_9894a39c837e8dff,4,/Users/anishsharma/Library/Mobile Documents/com~apple~CloudDocs/Downloads/folds_2026_08_27_04_51/ebvms_hla2_control_v2pmhc_9894a39c837e8dff_s271828/fold_ebvms_hla2_control_v2pmhc_9894a39c837e8dff_s271828_model_4.cif,c658f03cf743a7ae4bb11b54004c323cd6d6df2cb8b86d732013d6bbf2ed9f89,False
aligned_models/af_314159_V2PMHC_9894a39c837e8dff_m0.pdb,aa207d0f4f51e1ffaabcf6667dcbe14b1e32442e9facd2a8b66416757e3dfa80,LFYYIGTML,4,,DQ,alphafold,V2PMHC_9894a39c837e8dff,HLA-DQA1*01:02,HLA-DQB1*05:02,af|314159|V2PMHC_9894a39c837e8dff|m0,314159,EKQLFYYIGTMLPN,V2PMHC_9894a39c837e8dff,0,/Users/anishsharma/Library/Mobile Documents/com~apple~CloudDocs/Downloads/folds_2026_08_27_04_51/ebvms_hla2_control_v2pmhc_9894a39c837e8dff_s314159/fold_ebvms_hla2_control_v2pmhc_9894a39c837e8dff_s314159_model_0.cif,0014fb26a898e94b5fdca4a5fda5321eba2fe4f1dcc30700fcc54567bf2947f6,False
aligned_models/af_314159_V2PMHC_9894a39c837e8dff_m1.pdb,dbe6e08d93a1b2a2d726632a8808f28ee322c110f66c3bfe526e95499612a9ce,LFYYIGTML,4,,DQ,alphafold,V2PMHC_9894a39c837e8dff,HLA-DQA1*01:02,HLA-DQB1*05:02,af|314159|V2PMHC_9894a39c837e8dff|m1,314159,EKQLFYYIGTMLPN,V2PMHC_9894a39c837e8dff,1,/Users/anishsharma/Library/Mobile Documents/com~apple~CloudDocs/Downloads/folds_2026_08_27_04_51/ebvms_hla2_control_v2pmhc_9894a39c837e8dff_s314159/fold_ebvms_hla2_control_v2pmhc_9894a39c837e8dff_s314159_model_1.cif,82abf4e482057e6478bf63a0dfa29510863a210f954f596114bb7577d3bd2b97,False
aligned_models/af_314159_V2PMHC_9894a39c837e8dff_m2.pdb,d131afcd52a94127379510822c07676afd3c95ef4bf285209a85d88fbd8b9c3d,LFYYIGTML,4,,DQ,alphafold,V2PMHC_9894a39c837e8dff,HLA-DQA1*01:02,HLA-DQB1*05:02,af|314159|V2PMHC_9894a39c837e8dff|m2,314159,EKQLFYYIGTMLPN,V2PMHC_9894a39c837e8dff,2,/Users/anishsharma/Library/Mobile Documents/com~apple~CloudDocs/Downloads/folds_2026_08_27_04_51/ebvms_hla2_control_v2pmhc_9894a39c837e8dff_s314159/fold_ebvms_hla2_control_v2pmhc_9894a39c837e8dff_s314159_model_2.cif,60477580cf204f72a810aaaf025bc6bbef84cecce8f7d8ec5f08b6bb391f644e,False
aligned_models/af_314159_V2PMHC_9894a39c837e8dff_m3.pdb,760e6b7e9cf7c313c23b660eee72a1134fe5226d5234b571627fcf09f0c3f3d7,LFYYIGTML,4,,DQ,alphafold,V2PMHC_9894a39c837e8dff,HLA-DQA1*01:02,HLA-DQB1*05:02,af|314159|V2PMHC_9894a39c837e8dff|m3,314159,EKQLFYYIGTMLPN,V2PMHC_9894a39c837e8dff,3,/Users/anishsharma/Library/Mobile Documents/com~apple~CloudDocs/Downloads/folds_2026_08_27_04_51/ebvms_hla2_control_v2pmhc_9894a39c837e8dff_s314159/fold_ebvms_hla2_control_v2pmhc_9894a39c837e8dff_s314159_model_3.cif,74a5232e3ef6e71d1caac035bee3cd4ce893260c507821cfc74d8ed9248b9d90,False
aligned_models/af_314159_V2PMHC_9894a39c837e8dff_m4.pdb,5f7eaaad8658847861f3e63a78ec73f766b91d3ab38589fa6a8ea646805db1f5,LFYYIGTML,4,,DQ,alphafold,V2PMHC_9894a39c837e8dff,HLA-DQA1*01:02,HLA-DQB1*05:02,af|314159|V2PMHC_9894a39c837e8dff|m4,314159,EKQLFYYIGTMLPN,V2PMHC_9894a39c837e8dff,4,/Users/anishsharma/Library/Mobile Documents/com~apple~CloudDocs/Downloads/folds_2026_08_27_04_51/ebvms_hla2_control_v2pmhc_9894a39c837e8dff_s314159/fold_ebvms_hla2_control_v2pmhc_9894a39c837e8dff_s314159_model_4.cif,5e21ac910b5c05a9f5f1f94009db9e2d26da3334971148d036cc908c86fdc472,False
aligned_models/af_271828_V2PMHC_a9689c9b7442faad_m0.pdb,9689d34d6c30c759d0162f5c4568f9851c33bbaae35cdffac362910a3fbdd68b,MLFAKDVVS,4,,DQ,alphafold,V2PMHC_a9689c9b7442faad,HLA-DQA1*01:02,HLA-DQB1*05:02,af|271828|V2PMHC_a9689c9b7442faad|m0,271828,RLLMLFAKDVVSRN,V2PMHC_a9689c9b7442faad,0,/Users/anishsharma/Library/Mobile Documents/com~apple~CloudDocs/Downloads/folds_2026_08_27_04_51/ebvms_hla2_control_v2pmhc_a9689c9b7442faad_s271828/fold_ebvms_hla2_control_v2pmhc_a9689c9b7442faad_s271828_model_0.cif,65a9ea04df4a8d65688671c058cc71ced65b68d18b0bc0472681763dfd6c4df1,False
aligned_models/af_271828_V2PMHC_a9689c9b7442faad_m1.pdb,138a56abb7a46625325ca677266bef5fd85c32d46d471d29213532f34f9880b2,MLFAKDVVS,4,,DQ,alphafold,V2PMHC_a9689c9b7442faad,HLA-DQA1*01:02,HLA-DQB1*05:02,af|271828|V2PMHC_a9689c9b7442faad|m1,271828,RLLMLFAKDVVSRN,V2PMHC_a9689c9b7442faad,1,/Users/anishsharma/Library/Mobile Documents/com~apple~CloudDocs/Downloads/folds_2026_08_27_04_51/ebvms_hla2_control_v2pmhc_a9689c9b7442faad_s271828/fold_ebvms_hla2_control_v2pmhc_a9689c9b7442faad_s271828_model_1.cif,21c8f1eb9a07cf76b4a4d370a8770e0d2c82272a827d8bea786936d269a91961,False
aligned_models/af_271828_V2PMHC_a9689c9b7442faad_m2.pdb,f48f320aabc31f0e559b55f03b7208512bfa611626ff69c0b8d083aa207936c6,MLFAKDVVS,4,,DQ,alphafold,V2PMHC_a9689c9b7442faad,HLA-DQA1*01:02,HLA-DQB1*05:02,af|271828|V2PMHC_a9689c9b7442faad|m2,271828,RLLMLFAKDVVSRN,V2PMHC_a9689c9b7442faad,2,/Users/anishsharma/Library/Mobile Documents/com~apple~CloudDocs/Downloads/folds_2026_08_27_04_51/ebvms_hla2_control_v2pmhc_a9689c9b7442faad_s271828/fold_ebvms_hla2_control_v2pmhc_a9689c9b7442faad_s271828_model_2.cif,8f83b3928e19e0b1e1ebe63893094fb4ec6139a1039b0f957e645e720ec1162a,False
aligned_models/af_271828_V2PMHC_a9689c9b7442faad_m3.pdb,6f3ba714c561f91664499cd30fccda660d948165eca3f2329f3a64ff4194aa23,MLFAKDVVS,4,,DQ,alphafold,V2PMHC_a9689c9b7442faad,HLA-DQA1*01:02,HLA-DQB1*05:02,af|271828|V2PMHC_a9689c9b7442faad|m3,271828,RLLMLFAKDVVSRN,V2PMHC_a9689c9b7442faad,3,/Users/anishsharma/Library/Mobile Documents/com~apple~CloudDocs/Downloads/folds_2026_08_27_04_51/ebvms_hla2_control_v2pmhc_a9689c9b7442faad_s271828/fold_ebvms_hla2_control_v2pmhc_a9689c9b7442faad_s271828_model_3.cif,e4e7da141f537189c0e814b41899afd1c14d1adc925be3856399ff4deaba746a,False
aligned_models/af_271828_V2PMHC_a9689c9b7442faad_m4.pdb,a677c4d445a59196f4701e2d2df3e3cf4be85cd2c85a507cf953c4dbfd98ec49,MLFAKDVVS,4,,DQ,alphafold,V2PMHC_a9689c9b7442faad,HLA-DQA1*01:02,HLA-DQB1*05:02,af|271828|V2PMHC_a9689c9b7442faad|m4,271828,RLLMLFAKDVVSRN,V2PMHC_a9689c9b7442faad,4,/Users/anishsharma/Library/Mobile Documents/com~apple~CloudDocs/Downloads/folds_2026_08_27_04_51/ebvms_hla2_control_v2pmhc_a9689c9b7442faad_s271828/fold_ebvms_hla2_control_v2pmhc_a9689c9b7442faad_s271828_model_4.cif,280796988db003ec4dfa485dc8891fc8ff862bb5ade056e122e99ea62695e04f,False
aligned_models/af_314159_V2PMHC_a9689c9b7442faad_m0.pdb,cd2c87f3135e2c37e41b796f6c9dfffb00bc9f2a2cd93214e29c3059654b9329,MLFAKDVVS,4,,DQ,alphafold,V2PMHC_a9689c9b7442faad,HLA-DQA1*01:02,HLA-DQB1*05:02,af|314159|V2PMHC_a9689c9b7442faad|m0,314159,RLLMLFAKDVVSRN,V2PMHC_a9689c9b7442faad,0,/Users/anishsharma/Library/Mobile Documents/com~apple~CloudDocs/Downloads/folds_2026_08_27_04_51/ebvms_hla2_control_v2pmhc_a9689c9b7442faad_s314159/fold_ebvms_hla2_control_v2pmhc_a9689c9b7442faad_s314159_model_0.cif,9f4e00b8c1378f74d6572c07a94d4c54da70dd94c7152d24f495d80e97e55184,False
aligned_models/af_314159_V2PMHC_a9689c9b7442faad_m1.pdb,2cf652c59a0441a6cb288d8b28b2273b3bc77b5067d4311c14a03df7f3b4bf03,MLFAKDVVS,4,,DQ,alphafold,V2PMHC_a9689c9b7442faad,HLA-DQA1*01:02,HLA-DQB1*05:02,af|314159|V2PMHC_a9689c9b7442faad|m1,314159,RLLMLFAKDVVSRN,V2PMHC_a9689c9b7442faad,1,/Users/anishsharma/Library/Mobile Documents/com~apple~CloudDocs/Downloads/folds_2026_08_27_04_51/ebvms_hla2_control_v2pmhc_a9689c9b7442faad_s314159/fold_ebvms_hla2_control_v2pmhc_a9689c9b7442faad_s314159_model_1.cif,26369da3fa6f580a04c7b96a7897e5dbd59ed60eb46fda34666a90b04d510e01,False
aligned_models/af_314159_V2PMHC_a9689c9b7442faad_m2.pdb,c7fe081dff26d41fb02326db2b9e50cf7b7b1dbf8f4efc2622f5c1bacaff1a14,MLFAKDVVS,4,,DQ,alphafold,V2PMHC_a9689c9b7442faad,HLA-DQA1*01:02,HLA-DQB1*05:02,af|314159|V2PMHC_a9689c9b7442faad|m2,314159,RLLMLFAKDVVSRN,V2PMHC_a9689c9b7442faad,2,/Users/anishsharma/Library/Mobile Documents/com~apple~CloudDocs/Downloads/folds_2026_08_27_04_51/ebvms_hla2_control_v2pmhc_a9689c9b7442faad_s314159/fold_ebvms_hla2_control_v2pmhc_a9689c9b7442faad_s314159_model_2.cif,8e7d861ddf4af1483aa37881cb81681d86e7845d1121c794fa4061c098b40d81,False
aligned_models/af_314159_V2PMHC_a9689c9b7442faad_m3.pdb,ec2619a2b259d10b787c385f4599f8d7adfccc0a3b56ad59faefa162b1ed8050,MLFAKDVVS,4,,DQ,alphafold,V2PMHC_a9689c9b7442faad,HLA-DQA1*01:02,HLA-DQB1*05:02,af|314159|V2PMHC_a9689c9b7442faad|m3,314159,RLLMLFAKDVVSRN,V2PMHC_a9689c9b7442faad,3,/Users/anishsharma/Library/Mobile Documents/com~apple~CloudDocs/Downloads/folds_2026_08_27_04_51/ebvms_hla2_control_v2pmhc_a9689c9b7442faad_s314159/fold_ebvms_hla2_control_v2pmhc_a9689c9b7442faad_s314159_model_3.cif,a9f01e69001460a4d61db19f0ce9e17ea91119786ec67f7fb61d7fa8441a87b2,False
aligned_models/af_314159_V2PMHC_a9689c9b7442faad_m4.pdb,9993f7993402c872c5fd910cf8bb64b5485a55cf03571218070c70f0e7b3d541,MLFAKDVVS,4,,DQ,alphafold,V2PMHC_a9689c9b7442faad,HLA-DQA1*01:02,HLA-DQB1*05:02,af|314159|V2PMHC_a9689c9b7442faad|m4,314159,RLLMLFAKDVVSRN,V2PMHC_a9689c9b7442faad,4,/Users/anishsharma/Library/Mobile Documents/com~apple~CloudDocs/Downloads/folds_2026_08_27_04_51/ebvms_hla2_control_v2pmhc_a9689c9b7442faad_s314159/fold_ebvms_hla2_control_v2pmhc_a9689c9b7442faad_s314159_model_4.cif,897ba3ae0b0cdcdc6603d7c746b494a7a75dfdaa6a51df6c1d37877f9c8494cc,False
aligned_models/af_271828_V2PMHC_aca4d95566b71e51_m0.pdb,0f7b83de1598bd0e6e08e2d1e7002ae5ef7dde9e4a6560bc4c18589684a20cbd,FVMAARQRL,4,,DR,alphafold,V2PMHC_aca4d95566b71e51,HLA-DRA*01:01,HLA-DRB1*15:01,af|271828|V2PMHC_aca4d95566b71e51|m0,271828,ILCFVMAARQRLQDI,V2PMHC_aca4d95566b71e51,0,/Users/anishsharma/Library/Mobile Documents/com~apple~CloudDocs/Downloads/folds_2026_08_27_04_51/ebvms_hla2_control_v2pmhc_aca4d95566b71e51_s271828/fold_ebvms_hla2_control_v2pmhc_aca4d95566b71e51_s271828_model_0.cif,e8fc17a48254f67dbdb361acf02d87f1f5a6434a356665ed44b159e3ce31c2b2,False
aligned_models/af_271828_V2PMHC_aca4d95566b71e51_m1.pdb,9fccfa13efbd8c0b66a08b669984d7400ad9254a8ad0b3866cd3f693ebfc9b23,FVMAARQRL,4,,DR,alphafold,V2PMHC_aca4d95566b71e51,HLA-DRA*01:01,HLA-DRB1*15:01,af|271828|V2PMHC_aca4d95566b71e51|m1,271828,ILCFVMAARQRLQDI,V2PMHC_aca4d95566b71e51,1,/Users/anishsharma/Library/Mobile Documents/com~apple~CloudDocs/Downloads/folds_2026_08_27_04_51/ebvms_hla2_control_v2pmhc_aca4d95566b71e51_s271828/fold_ebvms_hla2_control_v2pmhc_aca4d95566b71e51_s271828_model_1.cif,1a59f03c9d6e8857aea6829cd67d6121044f07b8819e29f20ada61ba4c5d556b,False
aligned_models/af_271828_V2PMHC_aca4d95566b71e51_m2.pdb,1aa7b2a6239a60b40e36bfb1be5f753da7b2a50f6128b0930ea4832cbdaf3930,FVMAARQRL,4,,DR,alphafold,V2PMHC_aca4d95566b71e51,HLA-DRA*01:01,HLA-DRB1*15:01,af|271828|V2PMHC_aca4d95566b71e51|m2,271828,ILCFVMAARQRLQDI,V2PMHC_aca4d95566b71e51,2,/Users/anishsharma/Library/Mobile Documents/com~apple~CloudDocs/Downloads/folds_2026_08_27_04_51/ebvms_hla2_control_v2pmhc_aca4d95566b71e51_s271828/fold_ebvms_hla2_control_v2pmhc_aca4d95566b71e51_s271828_model_2.cif,d8aad334f34ffdee322e560cf245357c806001b80c315ed624331999f56b765c,False
aligned_models/af_271828_V2PMHC_aca4d95566b71e51_m3.pdb,2bea788dee3d57be4210d3635591e9b016f49fa2c844903afb8df9bb2437935b,FVMAARQRL,4,,DR,alphafold,V2PMHC_aca4d95566b71e51,HLA-DRA*01:01,HLA-DRB1*15:01,af|271828|V2PMHC_aca4d95566b71e51|m3,271828,ILCFVMAARQRLQDI,V2PMHC_aca4d95566b71e51,3,/Users/anishsharma/Library/Mobile Documents/com~apple~CloudDocs/Downloads/folds_2026_08_27_04_51/ebvms_hla2_control_v2pmhc_aca4d95566b71e51_s271828/fold_ebvms_hla2_control_v2pmhc_aca4d95566b71e51_s271828_model_3.cif,944ffae658c98de1872c488f0c96d30012debd4be7c607f9fa97df8aa8987411,False
aligned_models/af_271828_V2PMHC_aca4d95566b71e51_m4.pdb,2e3c0433497fd26c99aaef8a7f2a4c2d1a3c018138b95d00208b8686e7569ea9,FVMAARQRL,4,,DR,alphafold,V2PMHC_aca4d95566b71e51,HLA-DRA*01:01,HLA-DRB1*15:01,af|271828|V2PMHC_aca4d95566b71e51|m4,271828,ILCFVMAARQRLQDI,V2PMHC_aca4d95566b71e51,4,/Users/anishsharma/Library/Mobile Documents/com~apple~CloudDocs/Downloads/folds_2026_08_27_04_51/ebvms_hla2_control_v2pmhc_aca4d95566b71e51_s271828/fold_ebvms_hla2_control_v2pmhc_aca4d95566b71e51_s271828_model_4.cif,7bb8a181c7bf4c2fa9dbfe8ed031c7ec1c3dd1e1e9f2f9d08cbdba515f7e3e76,False
aligned_models/af_314159_V2PMHC_aca4d95566b71e51_m0.pdb,143fe2e7d752220b12dfca71668a9450175aea8cd7a890e505c77d23ba06a6df,FVMAARQRL,4,,DR,alphafold,V2PMHC_aca4d95566b71e51,HLA-DRA*01:01,HLA-DRB1*15:01,af|314159|V2PMHC_aca4d95566b71e51|m0,314159,ILCFVMAARQRLQDI,V2PMHC_aca4d95566b71e51,0,/Users/anishsharma/Library/Mobile Documents/com~apple~CloudDocs/Downloads/folds_2026_08_27_04_51/ebvms_hla2_control_v2pmhc_aca4d95566b71e51_s314159/fold_ebvms_hla2_control_v2pmhc_aca4d95566b71e51_s314159_model_0.cif,34cef3025e8b9adc32e790a1b93ab67944c06687534f4d744cb43f5e3d91096a,False
aligned_models/af_314159_V2PMHC_aca4d95566b71e51_m1.pdb,51d606becb9f756067488694eec1890a83d370da45ae8ee3e572bfc7e520a0ac,FVMAARQRL,4,,DR,alphafold,V2PMHC_aca4d95566b71e51,HLA-DRA*01:01,HLA-DRB1*15:01,af|314159|V2PMHC_aca4d95566b71e51|m1,314159,ILCFVMAARQRLQDI,V2PMHC_aca4d95566b71e51,1,/Users/anishsharma/Library/Mobile Documents/com~apple~CloudDocs/Downloads/folds_2026_08_27_04_51/ebvms_hla2_control_v2pmhc_aca4d95566b71e51_s314159/fold_ebvms_hla2_control_v2pmhc_aca4d95566b71e51_s314159_model_1.cif,28c1d73f68e857714450d143c9943458c10c83ecb4548b47b60e4decef6f2171,False
aligned_models/af_314159_V2PMHC_aca4d95566b71e51_m2.pdb,84ed189802facd961b0bcf07e65b9c53f95b9bfa69a3f248312bb65d153e95ba,FVMAARQRL,4,,DR,alphafold,V2PMHC_aca4d95566b71e51,HLA-DRA*01:01,HLA-DRB1*15:01,af|314159|V2PMHC_aca4d95566b71e51|m2,314159,ILCFVMAARQRLQDI,V2PMHC_aca4d95566b71e51,2,/Users/anishsharma/Library/Mobile Documents/com~apple~CloudDocs/Downloads/folds_2026_08_27_04_51/ebvms_hla2_control_v2pmhc_aca4d95566b71e51_s314159/fold_ebvms_hla2_control_v2pmhc_aca4d95566b71e51_s314159_model_2.cif,4dd30a193489204ffce63f4841670848b16e1828f83c136db242fadc70a95fe2,False
aligned_models/af_314159_V2PMHC_aca4d95566b71e51_m3.pdb,e8be1d8b14545a0c601d96af6f7c543f0a637bc1ba6f4451058cc16bde07fdcb,FVMAARQRL,4,,DR,alphafold,V2PMHC_aca4d95566b71e51,HLA-DRA*01:01,HLA-DRB1*15:01,af|314159|V2PMHC_aca4d95566b71e51|m3,314159,ILCFVMAARQRLQDI,V2PMHC_aca4d95566b71e51,3,/Users/anishsharma/Library/Mobile Documents/com~apple~CloudDocs/Downloads/folds_2026_08_27_04_51/ebvms_hla2_control_v2pmhc_aca4d95566b71e51_s314159/fold_ebvms_hla2_control_v2pmhc_aca4d95566b71e51_s314159_model_3.cif,c5ee43df5d047755b7fc3114484752417d2ba0aac2baca9fc686b47cc2c7211c,False
aligned_models/af_314159_V2PMHC_aca4d95566b71e51_m4.pdb,1b05ab1e94ce052b82817d9a8f451ef9f3070b9545f89577ff919de26816fa7d,FVMAARQRL,4,,DR,alphafold,V2PMHC_aca4d95566b71e51,HLA-DRA*01:01,HLA-DRB1*15:01,af|314159|V2PMHC_aca4d95566b71e51|m4,314159,ILCFVMAARQRLQDI,V2PMHC_aca4d95566b71e51,4,/Users/anishsharma/Library/Mobile Documents/com~apple~CloudDocs/Downloads/folds_2026_08_27_04_51/ebvms_hla2_control_v2pmhc_aca4d95566b71e51_s314159/fold_ebvms_hla2_control_v2pmhc_aca4d95566b71e51_s314159_model_4.cif,2ebfc1f4bcb9b4f578207e0a473fd950cb8d9d2915c13dbf30ef8c7dced88329,False
aligned_models/af_271828_V2PMHC_b9515727297f20be_m0.pdb,3caa281d8629235c88a690e75e1fb923610ede49b800245b59d4867bb87ffd83,FYNIPPMPL,3,,DQ,alphafold,V2PMHC_b9515727297f20be,HLA-DQA1*01:02,HLA-DQB1*05:02,af|271828|V2PMHC_b9515727297f20be|m0,271828,TVFYNIPPMPL,V2PMHC_b9515727297f20be,0,/Users/anishsharma/Library/Mobile Documents/com~apple~CloudDocs/Downloads/folds_2026_08_27_04_51/ebvms_hla2_control_v2pmhc_b9515727297f20be_s271828/fold_ebvms_hla2_control_v2pmhc_b9515727297f20be_s271828_model_0.cif,fe0174309395e69ff98e836b5ef3a3ff2899b87479cebeaa4a150af8507708b4,False
aligned_models/af_271828_V2PMHC_b9515727297f20be_m1.pdb,9060ed3e3f1f291f1c7e15537a12868c9c28e6f411471a46b762e6afc97c7692,FYNIPPMPL,3,,DQ,alphafold,V2PMHC_b9515727297f20be,HLA-DQA1*01:02,HLA-DQB1*05:02,af|271828|V2PMHC_b9515727297f20be|m1,271828,TVFYNIPPMPL,V2PMHC_b9515727297f20be,1,/Users/anishsharma/Library/Mobile Documents/com~apple~CloudDocs/Downloads/folds_2026_08_27_04_51/ebvms_hla2_control_v2pmhc_b9515727297f20be_s271828/fold_ebvms_hla2_control_v2pmhc_b9515727297f20be_s271828_model_1.cif,80fefaf4484a8d5ae1c60b5970f9ccc9ac74a5e7c136139c1e94620ae2cf1937,False
aligned_models/af_271828_V2PMHC_b9515727297f20be_m2.pdb,3b39f3d084f331da5ed9a31c1c3b27503c8519980b1718f42a8daba67ee9109b,FYNIPPMPL,3,,DQ,alphafold,V2PMHC_b9515727297f20be,HLA-DQA1*01:02,HLA-DQB1*05:02,af|271828|V2PMHC_b9515727297f20be|m2,271828,TVFYNIPPMPL,V2PMHC_b9515727297f20be,2,/Users/anishsharma/Library/Mobile Documents/com~apple~CloudDocs/Downloads/folds_2026_08_27_04_51/ebvms_hla2_control_v2pmhc_b9515727297f20be_s271828/fold_ebvms_hla2_control_v2pmhc_b9515727297f20be_s271828_model_2.cif,8376e0293c6f2ec95651fcfeba7472252ad0efdea5a53a74092fc56b3067674d,False
aligned_models/af_271828_V2PMHC_b9515727297f20be_m3.pdb,153eb0e6833b4924d2e026c05fddb2883fbdbabdba3268cd1dd4d78ae0613894,FYNIPPMPL,3,,DQ,alphafold,V2PMHC_b9515727297f20be,HLA-DQA1*01:02,HLA-DQB1*05:02,af|271828|V2PMHC_b9515727297f20be|m3,271828,TVFYNIPPMPL,V2PMHC_b9515727297f20be,3,/Users/anishsharma/Library/Mobile Documents/com~apple~CloudDocs/Downloads/folds_2026_08_27_04_51/ebvms_hla2_control_v2pmhc_b9515727297f20be_s271828/fold_ebvms_hla2_control_v2pmhc_b9515727297f20be_s271828_model_3.cif,0d0f5c23b401ae62ee9fd6ce12083ee7b250be9e3dcc002462c7ec69192a895d,False
aligned_models/af_271828_V2PMHC_b9515727297f20be_m4.pdb,b50aa465b782315615adfde4d689621a68c30b47de69e32dac6403d0ae6282c6,FYNIPPMPL,3,,DQ,alphafold,V2PMHC_b9515727297f20be,HLA-DQA1*01:02,HLA-DQB1*05:02,af|271828|V2PMHC_b9515727297f20be|m4,271828,TVFYNIPPMPL,V2PMHC_b9515727297f20be,4,/Users/anishsharma/Library/Mobile Documents/com~apple~CloudDocs/Downloads/folds_2026_08_27_04_51/ebvms_hla2_control_v2pmhc_b9515727297f20be_s271828/fold_ebvms_hla2_control_v2pmhc_b9515727297f20be_s271828_model_4.cif,2663880d43e256a77fc0fc591aa497d78814ec8313c985905d413870a97db947,False
aligned_models/af_314159_V2PMHC_b9515727297f20be_m0.pdb,b278e34333839f0bb23e01c3f2b93c7b88250349d7d01cf818392d0e65d5a2ab,FYNIPPMPL,3,,DQ,alphafold,V2PMHC_b9515727297f20be,HLA-DQA1*01:02,HLA-DQB1*05:02,af|314159|V2PMHC_b9515727297f20be|m0,314159,TVFYNIPPMPL,V2PMHC_b9515727297f20be,0,/Users/anishsharma/Library/Mobile Documents/com~apple~CloudDocs/Downloads/folds_2026_08_27_04_51/ebvms_hla2_control_v2pmhc_b9515727297f20be_s314159/fold_ebvms_hla2_control_v2pmhc_b9515727297f20be_s314159_model_0.cif,7ce52d7ae2069cddd2c12636a16a6bcb6a4ed923e2b114f9eefa9df92281abe5,False
aligned_models/af_314159_V2PMHC_b9515727297f20be_m1.pdb,b2f6af270bb5022b1a5f216f0e145dfecb1cb8213940df28f9e9fb61a45da2fc,FYNIPPMPL,3,,DQ,alphafold,V2PMHC_b9515727297f20be,HLA-DQA1*01:02,HLA-DQB1*05:02,af|314159|V2PMHC_b9515727297f20be|m1,314159,TVFYNIPPMPL,V2PMHC_b9515727297f20be,1,/Users/anishsharma/Library/Mobile Documents/com~apple~CloudDocs/Downloads/folds_2026_08_27_04_51/ebvms_hla2_control_v2pmhc_b9515727297f20be_s314159/fold_ebvms_hla2_control_v2pmhc_b9515727297f20be_s314159_model_1.cif,37b98e5ccfe88bae0bc11990e89154ac8c76d39c9551188d3e62716053234955,False
aligned_models/af_314159_V2PMHC_b9515727297f20be_m2.pdb,eb127d6b0256022334744cf6676e826be06b9b95fd5cff1d07724e719b8227fd,FYNIPPMPL,3,,DQ,alphafold,V2PMHC_b9515727297f20be,HLA-DQA1*01:02,HLA-DQB1*05:02,af|314159|V2PMHC_b9515727297f20be|m2,314159,TVFYNIPPMPL,V2PMHC_b9515727297f20be,2,/Users/anishsharma/Library/Mobile Documents/com~apple~CloudDocs/Downloads/folds_2026_08_27_04_51/ebvms_hla2_control_v2pmhc_b9515727297f20be_s314159/fold_ebvms_hla2_control_v2pmhc_b9515727297f20be_s314159_model_2.cif,736e397282562347d5157c349f714e62efc690ec211bc69f731bc111c1581597,False
aligned_models/af_314159_V2PMHC_b9515727297f20be_m3.pdb,c682c3065717a419e1e8675b132a359e7424c3f886013458eba0c7491fa43c81,FYNIPPMPL,3,,DQ,alphafold,V2PMHC_b9515727297f20be,HLA-DQA1*01:02,HLA-DQB1*05:02,af|314159|V2PMHC_b9515727297f20be|m3,314159,TVFYNIPPMPL,V2PMHC_b9515727297f20be,3,/Users/anishsharma/Library/Mobile Documents/com~apple~CloudDocs/Downloads/folds_2026_08_27_04_51/ebvms_hla2_control_v2pmhc_b9515727297f20be_s314159/fold_ebvms_hla2_control_v2pmhc_b9515727297f20be_s314159_model_3.cif,15b0583cf246fc140d49b67f5202878a7d2d89affc12ee3c4ff3f0878af5e090,False
aligned_models/af_314159_V2PMHC_b9515727297f20be_m4.pdb,9332023b83716cfb977442b8cc582f75d7ef8b16f664b0cf7fb28b8a8438ef9d,FYNIPPMPL,3,,DQ,alphafold,V2PMHC_b9515727297f20be,HLA-DQA1*01:02,HLA-DQB1*05:02,af|314159|V2PMHC_b9515727297f20be|m4,314159,TVFYNIPPMPL,V2PMHC_b9515727297f20be,4,/Users/anishsharma/Library/Mobile Documents/com~apple~CloudDocs/Downloads/folds_2026_08_27_04_51/ebvms_hla2_control_v2pmhc_b9515727297f20be_s314159/fold_ebvms_hla2_control_v2pmhc_b9515727297f20be_s314159_model_4.cif,554abc39cb39cd13fdce8ea996fb1f6f0c068f18fbb0afa34afdc90ef0cd516f,False
aligned_models/af_271828_V2PMHC_ba30260fa79864f0_m0.pdb,ae6a60d2692f2b2c27f25e4e715839470cae760ace2ad5ca9bd21668dc50a1c2,VHFFKNIVT,5,,DR,alphafold,V2PMHC_ba30260fa79864f0,HLA-DRA*01:01,HLA-DRB1*15:01,af|271828|V2PMHC_ba30260fa79864f0|m0,271828,ENPVVHFFKNIVTPR,V2PMHC_ba30260fa79864f0,0,/Users/anishsharma/Library/Mobile Documents/com~apple~CloudDocs/Downloads/folds_2026_08_27_04_51/ebvms_hla2_control_v2pmhc_ba30260fa79864f0_s271828/fold_ebvms_hla2_control_v2pmhc_ba30260fa79864f0_s271828_model_0.cif,653a1634d2c2a3c0629e57aae85c114e0972cc53397650b1ba3f319636c771fb,False
aligned_models/af_271828_V2PMHC_ba30260fa79864f0_m1.pdb,6b6806f2cf6bc23cf12b27519277f4a8ca0de9c310284e1bb5e60d4ebba83e94,VHFFKNIVT,5,,DR,alphafold,V2PMHC_ba30260fa79864f0,HLA-DRA*01:01,HLA-DRB1*15:01,af|271828|V2PMHC_ba30260fa79864f0|m1,271828,ENPVVHFFKNIVTPR,V2PMHC_ba30260fa79864f0,1,/Users/anishsharma/Library/Mobile Documents/com~apple~CloudDocs/Downloads/folds_2026_08_27_04_51/ebvms_hla2_control_v2pmhc_ba30260fa79864f0_s271828/fold_ebvms_hla2_control_v2pmhc_ba30260fa79864f0_s271828_model_1.cif,ecb505490ea53ff2ce2bb78dca56e982bb5a27d97b8c6d80f4be9edf6c131d12,False
aligned_models/af_271828_V2PMHC_ba30260fa79864f0_m2.pdb,d3f01a2dec8e28d4d4acf67a5ae01b03f38fdd786819d05ea22ebff562857bc6,VHFFKNIVT,5,,DR,alphafold,V2PMHC_ba30260fa79864f0,HLA-DRA*01:01,HLA-DRB1*15:01,af|271828|V2PMHC_ba30260fa79864f0|m2,271828,ENPVVHFFKNIVTPR,V2PMHC_ba30260fa79864f0,2,/Users/anishsharma/Library/Mobile Documents/com~apple~CloudDocs/Downloads/folds_2026_08_27_04_51/ebvms_hla2_control_v2pmhc_ba30260fa79864f0_s271828/fold_ebvms_hla2_control_v2pmhc_ba30260fa79864f0_s271828_model_2.cif,97f61b041c9270699e33140077a66055f130d7fc2d4c7ef270fcaafaea8ffb49,False
aligned_models/af_271828_V2PMHC_ba30260fa79864f0_m3.pdb,88b216618bf95c0680a3cf1904fbe1cc200b9e1767e715d92815e03e712c3f0f,VHFFKNIVT,5,,DR,alphafold,V2PMHC_ba30260fa79864f0,HLA-DRA*01:01,HLA-DRB1*15:01,af|271828|V2PMHC_ba30260fa79864f0|m3,271828,ENPVVHFFKNIVTPR,V2PMHC_ba30260fa79864f0,3,/Users/anishsharma/Library/Mobile Documents/com~apple~CloudDocs/Downloads/folds_2026_08_27_04_51/ebvms_hla2_control_v2pmhc_ba30260fa79864f0_s271828/fold_ebvms_hla2_control_v2pmhc_ba30260fa79864f0_s271828_model_3.cif,119f3f344b678deac86a4d5d51888033e46861bad472b64d7b6237b116e7fc2c,False
aligned_models/af_271828_V2PMHC_ba30260fa79864f0_m4.pdb,503b2b0b3b517b86a15bf8c0bb45e75042fe9758bff617ae00b4dfb18d0d90d3,VHFFKNIVT,5,,DR,alphafold,V2PMHC_ba30260fa79864f0,HLA-DRA*01:01,HLA-DRB1*15:01,af|271828|V2PMHC_ba30260fa79864f0|m4,271828,ENPVVHFFKNIVTPR,V2PMHC_ba30260fa79864f0,4,/Users/anishsharma/Library/Mobile Documents/com~apple~CloudDocs/Downloads/folds_2026_08_27_04_51/ebvms_hla2_control_v2pmhc_ba30260fa79864f0_s271828/fold_ebvms_hla2_control_v2pmhc_ba30260fa79864f0_s271828_model_4.cif,67b74f2034022ad48d9b5475285058f50d323a9fbc6887bcdeb7bd6877fc74f3,False
aligned_models/af_314159_V2PMHC_ba30260fa79864f0_m0.pdb,8fbd60c2674b8ffc50380f68484ba38cb6497db1c5887583ad9ee2045f82f782,VHFFKNIVT,5,,DR,alphafold,V2PMHC_ba30260fa79864f0,HLA-DRA*01:01,HLA-DRB1*15:01,af|314159|V2PMHC_ba30260fa79864f0|m0,314159,ENPVVHFFKNIVTPR,V2PMHC_ba30260fa79864f0,0,/Users/anishsharma/Library/Mobile Documents/com~apple~CloudDocs/Downloads/folds_2026_08_27_04_51/ebvms_hla2_control_v2pmhc_ba30260fa79864f0_s314159/fold_ebvms_hla2_control_v2pmhc_ba30260fa79864f0_s314159_model_0.cif,05236488ece7922f6b6c4f3aab6a38a1a6e0d3f9497f0a471297bc1e3e586087,False
aligned_models/af_314159_V2PMHC_ba30260fa79864f0_m1.pdb,76ffdc37a047f77e466902dbc0e596add7000e24a67a2f124a9b0d73313f0dfe,VHFFKNIVT,5,,DR,alphafold,V2PMHC_ba30260fa79864f0,HLA-DRA*01:01,HLA-DRB1*15:01,af|314159|V2PMHC_ba30260fa79864f0|m1,314159,ENPVVHFFKNIVTPR,V2PMHC_ba30260fa79864f0,1,/Users/anishsharma/Library/Mobile Documents/com~apple~CloudDocs/Downloads/folds_2026_08_27_04_51/ebvms_hla2_control_v2pmhc_ba30260fa79864f0_s314159/fold_ebvms_hla2_control_v2pmhc_ba30260fa79864f0_s314159_model_1.cif,4112bd9142bd0edf4680839d9151419778ae8c3723d10f880923b854c5a67065,False
aligned_models/af_314159_V2PMHC_ba30260fa79864f0_m2.pdb,798c49cec740b9b24d04b78121a00b94faf2103537edc2abcb42e264f398c820,VHFFKNIVT,5,,DR,alphafold,V2PMHC_ba30260fa79864f0,HLA-DRA*01:01,HLA-DRB1*15:01,af|314159|V2PMHC_ba30260fa79864f0|m2,314159,ENPVVHFFKNIVTPR,V2PMHC_ba30260fa79864f0,2,/Users/anishsharma/Library/Mobile Documents/com~apple~CloudDocs/Downloads/folds_2026_08_27_04_51/ebvms_hla2_control_v2pmhc_ba30260fa79864f0_s314159/fold_ebvms_hla2_control_v2pmhc_ba30260fa79864f0_s314159_model_2.cif,b2c22d55609c8c051e981fc585ebe13515858d65396adf55587f56f3e419060f,False
aligned_models/af_314159_V2PMHC_ba30260fa79864f0_m3.pdb,e027f6d5d5605f450302eaeb8ef764caa7bec12bf6a6c05143538a60a1b42d89,VHFFKNIVT,5,,DR,alphafold,V2PMHC_ba30260fa79864f0,HLA-DRA*01:01,HLA-DRB1*15:01,af|314159|V2PMHC_ba30260fa79864f0|m3,314159,ENPVVHFFKNIVTPR,V2PMHC_ba30260fa79864f0,3,/Users/anishsharma/Library/Mobile Documents/com~apple~CloudDocs/Downloads/folds_2026_08_27_04_51/ebvms_hla2_control_v2pmhc_ba30260fa79864f0_s314159/fold_ebvms_hla2_control_v2pmhc_ba30260fa79864f0_s314159_model_3.cif,01b0eb6cffef4e6896757f240aba2954caab254ef1fe8988775cbeb15e04de8a,False
aligned_models/af_314159_V2PMHC_ba30260fa79864f0_m4.pdb,dd19f6a53d2d81001c28172e1c190c1aa6ccd99f25f031bfa660cb9183afc0c6,VHFFKNIVT,5,,DR,alphafold,V2PMHC_ba30260fa79864f0,HLA-DRA*01:01,HLA-DRB1*15:01,af|314159|V2PMHC_ba30260fa79864f0|m4,314159,ENPVVHFFKNIVTPR,V2PMHC_ba30260fa79864f0,4,/Users/anishsharma/Library/Mobile Documents/com~apple~CloudDocs/Downloads/folds_2026_08_27_04_51/ebvms_hla2_control_v2pmhc_ba30260fa79864f0_s314159/fold_ebvms_hla2_control_v2pmhc_ba30260fa79864f0_s314159_model_4.cif,c89c38f53b54133fc16555d93ab7285b9a9a35008cb188fc3b9d368c2da97f9c,False
aligned_models/af_271828_V2PMHC_bd512a4ef37be178_m0.pdb,eb1268268b1cd8f991c8e4dc8c54542440e85fbf29e45ce8f65bb85c43d458d3,FYDGKNKET,5,,DR,alphafold,V2PMHC_bd512a4ef37be178,HLA-DRA*01:01,HLA-DRB5*01:01,af|271828|V2PMHC_bd512a4ef37be178|m0,271828,EMSPFYDGKNKETFH,V2PMHC_bd512a4ef37be178,0,/Users/anishsharma/Library/Mobile Documents/com~apple~CloudDocs/Downloads/folds_2026_08_27_04_51/ebvms_hla2_control_v2pmhc_bd512a4ef37be178_s271828/fold_ebvms_hla2_control_v2pmhc_bd512a4ef37be178_s271828_model_0.cif,f534cd89593a27817a1c4d0490850bba7dd6623728f050e20951fb2e6eaa1fb2,False
aligned_models/af_271828_V2PMHC_bd512a4ef37be178_m1.pdb,7e16f5ae1c05704e43cd7270c8b4993f8f16525fd901a443d13663a0e29b33d9,FYDGKNKET,5,,DR,alphafold,V2PMHC_bd512a4ef37be178,HLA-DRA*01:01,HLA-DRB5*01:01,af|271828|V2PMHC_bd512a4ef37be178|m1,271828,EMSPFYDGKNKETFH,V2PMHC_bd512a4ef37be178,1,/Users/anishsharma/Library/Mobile Documents/com~apple~CloudDocs/Downloads/folds_2026_08_27_04_51/ebvms_hla2_control_v2pmhc_bd512a4ef37be178_s271828/fold_ebvms_hla2_control_v2pmhc_bd512a4ef37be178_s271828_model_1.cif,f77d5f27e07b0dfa30276eada1e4cd05b5fee09e6fd4a77c557e3a34e60e48ef,False
aligned_models/af_271828_V2PMHC_bd512a4ef37be178_m2.pdb,cea202d6163ad355d1f04f1e63202951edf6223e610e348dbbceae4f58415438,FYDGKNKET,5,,DR,alphafold,V2PMHC_bd512a4ef37be178,HLA-DRA*01:01,HLA-DRB5*01:01,af|271828|V2PMHC_bd512a4ef37be178|m2,271828,EMSPFYDGKNKETFH,V2PMHC_bd512a4ef37be178,2,/Users/anishsharma/Library/Mobile Documents/com~apple~CloudDocs/Downloads/folds_2026_08_27_04_51/ebvms_hla2_control_v2pmhc_bd512a4ef37be178_s271828/fold_ebvms_hla2_control_v2pmhc_bd512a4ef37be178_s271828_model_2.cif,4c287190b03f86e8d47ed55785b3af4e7002a67c753bf154b9bb23e2832d4a5c,False
aligned_models/af_271828_V2PMHC_bd512a4ef37be178_m3.pdb,093115b79af37176fc92a208e3e69a0fbbd55eff2b51e2f78f374f9e7a0c1298,FYDGKNKET,5,,DR,alphafold,V2PMHC_bd512a4ef37be178,HLA-DRA*01:01,HLA-DRB5*01:01,af|271828|V2PMHC_bd512a4ef37be178|m3,271828,EMSPFYDGKNKETFH,V2PMHC_bd512a4ef37be178,3,/Users/anishsharma/Library/Mobile Documents/com~apple~CloudDocs/Downloads/folds_2026_08_27_04_51/ebvms_hla2_control_v2pmhc_bd512a4ef37be178_s271828/fold_ebvms_hla2_control_v2pmhc_bd512a4ef37be178_s271828_model_3.cif,1d4873e978ba41be8a102f0c41e5b9df4ba92d633268bdf530f7b4bd5b58b0a5,False
aligned_models/af_271828_V2PMHC_bd512a4ef37be178_m4.pdb,af738568e85d0c7307656e31473b0b40d1f236b25babbe30504bced647653012,FYDGKNKET,5,,DR,alphafold,V2PMHC_bd512a4ef37be178,HLA-DRA*01:01,HLA-DRB5*01:01,af|271828|V2PMHC_bd512a4ef37be178|m4,271828,EMSPFYDGKNKETFH,V2PMHC_bd512a4ef37be178,4,/Users/anishsharma/Library/Mobile Documents/com~apple~CloudDocs/Downloads/folds_2026_08_27_04_51/ebvms_hla2_control_v2pmhc_bd512a4ef37be178_s271828/fold_ebvms_hla2_control_v2pmhc_bd512a4ef37be178_s271828_model_4.cif,13274a625ce4ae6b5946b2ce6338f27b23e4375d2863802ae79a10e499520c34,False
aligned_models/af_314159_V2PMHC_bd512a4ef37be178_m0.pdb,9f6951f68437a84cee022c0b13148031d5c58fd0cc88a9cb7c6d0359ab5ea457,FYDGKNKET,5,,DR,alphafold,V2PMHC_bd512a4ef37be178,HLA-DRA*01:01,HLA-DRB5*01:01,af|314159|V2PMHC_bd512a4ef37be178|m0,314159,EMSPFYDGKNKETFH,V2PMHC_bd512a4ef37be178,0,/Users/anishsharma/Library/Mobile Documents/com~apple~CloudDocs/Downloads/folds_2026_08_27_04_51/ebvms_hla2_control_v2pmhc_bd512a4ef37be178_s314159/fold_ebvms_hla2_control_v2pmhc_bd512a4ef37be178_s314159_model_0.cif,fa0be06bfb6fe30444d3e44685cb956e301e224706ebd9cbad5628c45af63311,False
aligned_models/af_314159_V2PMHC_bd512a4ef37be178_m1.pdb,d18663bc89768e7b6f80323b6b8d838e5b34c2b2834436d9d628e5a1d4cfadc1,FYDGKNKET,5,,DR,alphafold,V2PMHC_bd512a4ef37be178,HLA-DRA*01:01,HLA-DRB5*01:01,af|314159|V2PMHC_bd512a4ef37be178|m1,314159,EMSPFYDGKNKETFH,V2PMHC_bd512a4ef37be178,1,/Users/anishsharma/Library/Mobile Documents/com~apple~CloudDocs/Downloads/folds_2026_08_27_04_51/ebvms_hla2_control_v2pmhc_bd512a4ef37be178_s314159/fold_ebvms_hla2_control_v2pmhc_bd512a4ef37be178_s314159_model_1.cif,1577840504897955451a171cde0dc565cde7c0937dfee54e1404607cd4c98961,False
aligned_models/af_314159_V2PMHC_bd512a4ef37be178_m2.pdb,d1e64390e51f43d64ea5d122ce0220ca54762d5d804b7561a1b27f26497a7733,FYDGKNKET,5,,DR,alphafold,V2PMHC_bd512a4ef37be178,HLA-DRA*01:01,HLA-DRB5*01:01,af|314159|V2PMHC_bd512a4ef37be178|m2,314159,EMSPFYDGKNKETFH,V2PMHC_bd512a4ef37be178,2,/Users/anishsharma/Library/Mobile Documents/com~apple~CloudDocs/Downloads/folds_2026_08_27_04_51/ebvms_hla2_control_v2pmhc_bd512a4ef37be178_s314159/fold_ebvms_hla2_control_v2pmhc_bd512a4ef37be178_s314159_model_2.cif,8d666f8b98faaacdd2d18f126df2a524fa8c64b695b804e7079916ddf456f293,False
aligned_models/af_314159_V2PMHC_bd512a4ef37be178_m3.pdb,ab56afa4630aa031c6ea0e88a349d622ac25599ac72b91c02c810d95537b7966,FYDGKNKET,5,,DR,alphafold,V2PMHC_bd512a4ef37be178,HLA-DRA*01:01,HLA-DRB5*01:01,af|314159|V2PMHC_bd512a4ef37be178|m3,314159,EMSPFYDGKNKETFH,V2PMHC_bd512a4ef37be178,3,/Users/anishsharma/Library/Mobile Documents/com~apple~CloudDocs/Downloads/folds_2026_08_27_04_51/ebvms_hla2_control_v2pmhc_bd512a4ef37be178_s314159/fold_ebvms_hla2_control_v2pmhc_bd512a4ef37be178_s314159_model_3.cif,009725c96ccab75597f7bf441626d1b1b78a263963fa2bdb3332a9b2cf4f468d,False
aligned_models/af_314159_V2PMHC_bd512a4ef37be178_m4.pdb,2368021277ad803e104d041e7ffb5dce80242827b39ec010520a80504be4db34,FYDGKNKET,5,,DR,alphafold,V2PMHC_bd512a4ef37be178,HLA-DRA*01:01,HLA-DRB5*01:01,af|314159|V2PMHC_bd512a4ef37be178|m4,314159,EMSPFYDGKNKETFH,V2PMHC_bd512a4ef37be178,4,/Users/anishsharma/Library/Mobile Documents/com~apple~CloudDocs/Downloads/folds_2026_08_27_04_51/ebvms_hla2_control_v2pmhc_bd512a4ef37be178_s314159/fold_ebvms_hla2_control_v2pmhc_bd512a4ef37be178_s314159_model_4.cif,768fe8edc55da88d45f5b22c08947d45e75cc0a2314f9e429626bd50faed7b49,False
aligned_models/af_271828_V2PMHC_bd85682692a22c86_m0.pdb,f6e7f0d3832190d1ce949200774e94fe91a556b7139d6c34b4776d35d73ac949,LTRYYSSFV,4,,DR,alphafold,V2PMHC_bd85682692a22c86,HLA-DRA*01:01,HLA-DRB1*15:01,af|271828|V2PMHC_bd85682692a22c86|m0,271828,PRCLTRYYSSFVNME,V2PMHC_bd85682692a22c86,0,/Users/anishsharma/Library/Mobile Documents/com~apple~CloudDocs/Downloads/folds_2026_08_27_04_51/ebvms_hla2_control_v2pmhc_bd85682692a22c86_s271828/fold_ebvms_hla2_control_v2pmhc_bd85682692a22c86_s271828_model_0.cif,cfbcdcfd94b23f7f2b00790a4449bc0e96f2129b04606c22a48267ce210c1461,False
aligned_models/af_271828_V2PMHC_bd85682692a22c86_m1.pdb,718aa13089e7ca125923bee9342b98edb1472676d8f0253535e69f720d3b4297,LTRYYSSFV,4,,DR,alphafold,V2PMHC_bd85682692a22c86,HLA-DRA*01:01,HLA-DRB1*15:01,af|271828|V2PMHC_bd85682692a22c86|m1,271828,PRCLTRYYSSFVNME,V2PMHC_bd85682692a22c86,1,/Users/anishsharma/Library/Mobile Documents/com~apple~CloudDocs/Downloads/folds_2026_08_27_04_51/ebvms_hla2_control_v2pmhc_bd85682692a22c86_s271828/fold_ebvms_hla2_control_v2pmhc_bd85682692a22c86_s271828_model_1.cif,d0bd485b55522be73acc2c92c702a1fc1ff9a37d29b74ed7aea2944d56b1a3c7,False
aligned_models/af_271828_V2PMHC_bd85682692a22c86_m2.pdb,b46c3af45ba1e1ae0ca2d35d148d91a557bed6df4123ca8f00b20f32ff2fa530,LTRYYSSFV,4,,DR,alphafold,V2PMHC_bd85682692a22c86,HLA-DRA*01:01,HLA-DRB1*15:01,af|271828|V2PMHC_bd85682692a22c86|m2,271828,PRCLTRYYSSFVNME,V2PMHC_bd85682692a22c86,2,/Users/anishsharma/Library/Mobile Documents/com~apple~CloudDocs/Downloads/folds_2026_08_27_04_51/ebvms_hla2_control_v2pmhc_bd85682692a22c86_s271828/fold_ebvms_hla2_control_v2pmhc_bd85682692a22c86_s271828_model_2.cif,4102f360a85c22d9d1a262acba08afe3094e6c1f8ac607acad2b2822584697f6,False
aligned_models/af_271828_V2PMHC_bd85682692a22c86_m3.pdb,c673dcfddb9d3dbc7efc8fd74d308c57fe86d98782b8e5cabedcf80c3ef48468,LTRYYSSFV,4,,DR,alphafold,V2PMHC_bd85682692a22c86,HLA-DRA*01:01,HLA-DRB1*15:01,af|271828|V2PMHC_bd85682692a22c86|m3,271828,PRCLTRYYSSFVNME,V2PMHC_bd85682692a22c86,3,/Users/anishsharma/Library/Mobile Documents/com~apple~CloudDocs/Downloads/folds_2026_08_27_04_51/ebvms_hla2_control_v2pmhc_bd85682692a22c86_s271828/fold_ebvms_hla2_control_v2pmhc_bd85682692a22c86_s271828_model_3.cif,f7e18899db91f1437d3134efbe6e92142ad90b92457b4f383ebf2c25ff4ed77b,False
aligned_models/af_271828_V2PMHC_bd85682692a22c86_m4.pdb,38cc4b918c870f4114de75906bac271aabb668e604ca11b344b1daabfcecd0d4,LTRYYSSFV,4,,DR,alphafold,V2PMHC_bd85682692a22c86,HLA-DRA*01:01,HLA-DRB1*15:01,af|271828|V2PMHC_bd85682692a22c86|m4,271828,PRCLTRYYSSFVNME,V2PMHC_bd85682692a22c86,4,/Users/anishsharma/Library/Mobile Documents/com~apple~CloudDocs/Downloads/folds_2026_08_27_04_51/ebvms_hla2_control_v2pmhc_bd85682692a22c86_s271828/fold_ebvms_hla2_control_v2pmhc_bd85682692a22c86_s271828_model_4.cif,8d4e2b62d19fe1fec96e4e30763d7e47aad7505caad54c5a7cbeebdb7a804968,False
aligned_models/af_314159_V2PMHC_bd85682692a22c86_m0.pdb,5624ed5d5b917427108933b85a7413b0a0b30591bee08e82a0eb273fc45d84d9,LTRYYSSFV,4,,DR,alphafold,V2PMHC_bd85682692a22c86,HLA-DRA*01:01,HLA-DRB1*15:01,af|314159|V2PMHC_bd85682692a22c86|m0,314159,PRCLTRYYSSFVNME,V2PMHC_bd85682692a22c86,0,/Users/anishsharma/Library/Mobile Documents/com~apple~CloudDocs/Downloads/folds_2026_08_27_04_51/ebvms_hla2_control_v2pmhc_bd85682692a22c86_s314159/fold_ebvms_hla2_control_v2pmhc_bd85682692a22c86_s314159_model_0.cif,e60a5a167cfc37ce89b0abcaf33316eaf6e3f7887f54515eb9b113fb68c11464,False
aligned_models/af_314159_V2PMHC_bd85682692a22c86_m1.pdb,2e7521ed5aef8459bcf31e5666d023402b31d6c811e71b13eb7d8ce689f311f5,LTRYYSSFV,4,,DR,alphafold,V2PMHC_bd85682692a22c86,HLA-DRA*01:01,HLA-DRB1*15:01,af|314159|V2PMHC_bd85682692a22c86|m1,314159,PRCLTRYYSSFVNME,V2PMHC_bd85682692a22c86,1,/Users/anishsharma/Library/Mobile Documents/com~apple~CloudDocs/Downloads/folds_2026_08_27_04_51/ebvms_hla2_control_v2pmhc_bd85682692a22c86_s314159/fold_ebvms_hla2_control_v2pmhc_bd85682692a22c86_s314159_model_1.cif,69bd4bbc1941361d9a1cc53e521d857a3ebb7c873e7c1ec1b54ff6c999b7151b,False
aligned_models/af_314159_V2PMHC_bd85682692a22c86_m2.pdb,96b9e046d7d23c271a8f49873101f37ba8c00b9045f822201c1a0e890bfea629,LTRYYSSFV,4,,DR,alphafold,V2PMHC_bd85682692a22c86,HLA-DRA*01:01,HLA-DRB1*15:01,af|314159|V2PMHC_bd85682692a22c86|m2,314159,PRCLTRYYSSFVNME,V2PMHC_bd85682692a22c86,2,/Users/anishsharma/Library/Mobile Documents/com~apple~CloudDocs/Downloads/folds_2026_08_27_04_51/ebvms_hla2_control_v2pmhc_bd85682692a22c86_s314159/fold_ebvms_hla2_control_v2pmhc_bd85682692a22c86_s314159_model_2.cif,a5983920f10be7357a00ca271d554cd78c26055239aa45ba6c3ec110e43d2e40,False
aligned_models/af_314159_V2PMHC_bd85682692a22c86_m3.pdb,5897d67d637db52168e8645fd00635f2fc1fc128abb830de54b21b1bbb1ba23c,LTRYYSSFV,4,,DR,alphafold,V2PMHC_bd85682692a22c86,HLA-DRA*01:01,HLA-DRB1*15:01,af|314159|V2PMHC_bd85682692a22c86|m3,314159,PRCLTRYYSSFVNME,V2PMHC_bd85682692a22c86,3,/Users/anishsharma/Library/Mobile Documents/com~apple~CloudDocs/Downloads/folds_2026_08_27_04_51/ebvms_hla2_control_v2pmhc_bd85682692a22c86_s314159/fold_ebvms_hla2_control_v2pmhc_bd85682692a22c86_s314159_model_3.cif,a307557bed0699a4645010ff3da0c174704b3fe5ae881b1749f404bd5f74d2ae,False
aligned_models/af_314159_V2PMHC_bd85682692a22c86_m4.pdb,430b1bb760ffc5ab6618aad7d7d1a62731dcb28e1fce70e4cfa019dd9e388ff6,LTRYYSSFV,4,,DR,alphafold,V2PMHC_bd85682692a22c86,HLA-DRA*01:01,HLA-DRB1*15:01,af|314159|V2PMHC_bd85682692a22c86|m4,314159,PRCLTRYYSSFVNME,V2PMHC_bd85682692a22c86,4,/Users/anishsharma/Library/Mobile Documents/com~apple~CloudDocs/Downloads/folds_2026_08_27_04_51/ebvms_hla2_control_v2pmhc_bd85682692a22c86_s314159/fold_ebvms_hla2_control_v2pmhc_bd85682692a22c86_s314159_model_4.cif,491fe03d5f512df4ecaaf9d5c9422f33ae7ee5616ebe3cb2ece82c3ad6ececb3,False
aligned_models/af_271828_V2PMHC_beb0ad27d412552e_m0.pdb,68d88ff6a0afba83a62473bbe10bf375d871ec5ab6bb16ac068f7cd1be30e0b4,RTQSVPARD,4,,DQ,alphafold,V2PMHC_beb0ad27d412552e,HLA-DQA1*01:02,HLA-DQB1*05:02,af|271828|V2PMHC_beb0ad27d412552e|m0,271828,LVPRTQSVPARDY,V2PMHC_beb0ad27d412552e,0,/Users/anishsharma/Library/Mobile Documents/com~apple~CloudDocs/Downloads/folds_2026_08_27_04_51/ebvms_hla2_control_v2pmhc_beb0ad27d412552e_s271828/fold_ebvms_hla2_control_v2pmhc_beb0ad27d412552e_s271828_model_0.cif,72420cb7940d285638c9325948d959a46f3404e98714fec2307702a34991d7a2,False
aligned_models/af_271828_V2PMHC_beb0ad27d412552e_m1.pdb,4db5e10c1b4b99c510a19272ddfb3b60f610088a58b022c0a5f1b3e42049395f,RTQSVPARD,4,,DQ,alphafold,V2PMHC_beb0ad27d412552e,HLA-DQA1*01:02,HLA-DQB1*05:02,af|271828|V2PMHC_beb0ad27d412552e|m1,271828,LVPRTQSVPARDY,V2PMHC_beb0ad27d412552e,1,/Users/anishsharma/Library/Mobile Documents/com~apple~CloudDocs/Downloads/folds_2026_08_27_04_51/ebvms_hla2_control_v2pmhc_beb0ad27d412552e_s271828/fold_ebvms_hla2_control_v2pmhc_beb0ad27d412552e_s271828_model_1.cif,ddaedbcf7c6b5360dc16216a445aae38d2457a53780fa627e7d0351416e02f3d,False
aligned_models/af_271828_V2PMHC_beb0ad27d412552e_m2.pdb,dd9f11978e2db84cac2787ddf350873fbe33c47ed039ae74978b30d1448f8625,RTQSVPARD,4,,DQ,alphafold,V2PMHC_beb0ad27d412552e,HLA-DQA1*01:02,HLA-DQB1*05:02,af|271828|V2PMHC_beb0ad27d412552e|m2,271828,LVPRTQSVPARDY,V2PMHC_beb0ad27d412552e,2,/Users/anishsharma/Library/Mobile Documents/com~apple~CloudDocs/Downloads/folds_2026_08_27_04_51/ebvms_hla2_control_v2pmhc_beb0ad27d412552e_s271828/fold_ebvms_hla2_control_v2pmhc_beb0ad27d412552e_s271828_model_2.cif,86927eb08370f0564f22a44c391d5ee5b5b3ad7bda340ee18ef167ee84b715f5,False
aligned_models/af_271828_V2PMHC_beb0ad27d412552e_m3.pdb,b4dbacd62f6395d3d1ee310a91c1930262a55da443e821dd190d80365b5e83ea,RTQSVPARD,4,,DQ,alphafold,V2PMHC_beb0ad27d412552e,HLA-DQA1*01:02,HLA-DQB1*05:02,af|271828|V2PMHC_beb0ad27d412552e|m3,271828,LVPRTQSVPARDY,V2PMHC_beb0ad27d412552e,3,/Users/anishsharma/Library/Mobile Documents/com~apple~CloudDocs/Downloads/folds_2026_08_27_04_51/ebvms_hla2_control_v2pmhc_beb0ad27d412552e_s271828/fold_ebvms_hla2_control_v2pmhc_beb0ad27d412552e_s271828_model_3.cif,acf08a9931c6cefcc9d6fe265504abdfcaa5f850a14e76e1cb3a9ca5bbd2be14,False
aligned_models/af_271828_V2PMHC_beb0ad27d412552e_m4.pdb,2293be05e340da627826f5da36aabe272c3a0ca028c8f4e311a518d054245594,RTQSVPARD,4,,DQ,alphafold,V2PMHC_beb0ad27d412552e,HLA-DQA1*01:02,HLA-DQB1*05:02,af|271828|V2PMHC_beb0ad27d412552e|m4,271828,LVPRTQSVPARDY,V2PMHC_beb0ad27d412552e,4,/Users/anishsharma/Library/Mobile Documents/com~apple~CloudDocs/Downloads/folds_2026_08_27_04_51/ebvms_hla2_control_v2pmhc_beb0ad27d412552e_s271828/fold_ebvms_hla2_control_v2pmhc_beb0ad27d412552e_s271828_model_4.cif,39d70727ddd512243a610db4eedb7024443c8f0c6a92af03dc34f904bcd5d107,False
aligned_models/af_314159_V2PMHC_beb0ad27d412552e_m0.pdb,5f09f9e80efe3a5bdca523e0819034afcbdcf8c954ee2f4692d1aa00f18df4db,RTQSVPARD,4,,DQ,alphafold,V2PMHC_beb0ad27d412552e,HLA-DQA1*01:02,HLA-DQB1*05:02,af|314159|V2PMHC_beb0ad27d412552e|m0,314159,LVPRTQSVPARDY,V2PMHC_beb0ad27d412552e,0,/Users/anishsharma/Library/Mobile Documents/com~apple~CloudDocs/Downloads/folds_2026_08_27_04_51/ebvms_hla2_control_v2pmhc_beb0ad27d412552e_s314159/fold_ebvms_hla2_control_v2pmhc_beb0ad27d412552e_s314159_model_0.cif,71ba57fa38a50161960afe220764f5cbed1ceedd24806e762b309f02729cdbd4,False
aligned_models/af_314159_V2PMHC_beb0ad27d412552e_m1.pdb,36d536de80e41e13495fb7f759f7368a195b285de8e03d4a16974ea3dc892a19,RTQSVPARD,4,,DQ,alphafold,V2PMHC_beb0ad27d412552e,HLA-DQA1*01:02,HLA-DQB1*05:02,af|314159|V2PMHC_beb0ad27d412552e|m1,314159,LVPRTQSVPARDY,V2PMHC_beb0ad27d412552e,1,/Users/anishsharma/Library/Mobile Documents/com~apple~CloudDocs/Downloads/folds_2026_08_27_04_51/ebvms_hla2_control_v2pmhc_beb0ad27d412552e_s314159/fold_ebvms_hla2_control_v2pmhc_beb0ad27d412552e_s314159_model_1.cif,e34116e3f915d36d8f9430a050edb46832bf8bc7f0cde1cfbfedf80d26d022b9,False
aligned_models/af_314159_V2PMHC_beb0ad27d412552e_m2.pdb,f02df9e48676e3788c555c40b162481335b7320af7be357a4270d378510ea5b9,RTQSVPARD,4,,DQ,alphafold,V2PMHC_beb0ad27d412552e,HLA-DQA1*01:02,HLA-DQB1*05:02,af|314159|V2PMHC_beb0ad27d412552e|m2,314159,LVPRTQSVPARDY,V2PMHC_beb0ad27d412552e,2,/Users/anishsharma/Library/Mobile Documents/com~apple~CloudDocs/Downloads/folds_2026_08_27_04_51/ebvms_hla2_control_v2pmhc_beb0ad27d412552e_s314159/fold_ebvms_hla2_control_v2pmhc_beb0ad27d412552e_s314159_model_2.cif,baf72654248f9ca04c98dafc95b1b2b120266a532b99c60d513d9fd8e47f27a8,False
aligned_models/af_314159_V2PMHC_beb0ad27d412552e_m3.pdb,b454d598ce1a783c45ecb5947a4c2bce2c2aa37d18efbe2621f36937aafc16eb,RTQSVPARD,4,,DQ,alphafold,V2PMHC_beb0ad27d412552e,HLA-DQA1*01:02,HLA-DQB1*05:02,af|314159|V2PMHC_beb0ad27d412552e|m3,314159,LVPRTQSVPARDY,V2PMHC_beb0ad27d412552e,3,/Users/anishsharma/Library/Mobile Documents/com~apple~CloudDocs/Downloads/folds_2026_08_27_04_51/ebvms_hla2_control_v2pmhc_beb0ad27d412552e_s314159/fold_ebvms_hla2_control_v2pmhc_beb0ad27d412552e_s314159_model_3.cif,0a38f04d68181c392cec0d1b058f9bb62af811ac4fcdc5ee0306d211526ac7f8,False
aligned_models/af_314159_V2PMHC_beb0ad27d412552e_m4.pdb,b59e46984c6daa62336108f6f6c33d6c133092a0cc4a3b89df88a1a47d89ba54,RTQSVPARD,4,,DQ,alphafold,V2PMHC_beb0ad27d412552e,HLA-DQA1*01:02,HLA-DQB1*05:02,af|314159|V2PMHC_beb0ad27d412552e|m4,314159,LVPRTQSVPARDY,V2PMHC_beb0ad27d412552e,4,/Users/anishsharma/Library/Mobile Documents/com~apple~CloudDocs/Downloads/folds_2026_08_27_04_51/ebvms_hla2_control_v2pmhc_beb0ad27d412552e_s314159/fold_ebvms_hla2_control_v2pmhc_beb0ad27d412552e_s314159_model_4.cif,29ac6e79b86cd8f0f7aef59821ce8c20aee0328f6ce1dcef6aaf7e95428a912d,False
aligned_models/af_271828_V2PMHC_c7cc3907edbdd374_m0.pdb,b8003d40ed4ae85e01b5e6d95162e2d99d6c9cb16fa14e8bd20bcdb887bace8d,MVTFRNQAS,4,,DR,alphafold,V2PMHC_c7cc3907edbdd374,HLA-DRA*01:01,HLA-DRB1*15:01,af|271828|V2PMHC_c7cc3907edbdd374|m0,271828,DNIMVTFRNQASRPY,V2PMHC_c7cc3907edbdd374,0,/Users/anishsharma/Library/Mobile Documents/com~apple~CloudDocs/Downloads/folds_2026_08_27_04_51 (1)/ebvms_hla2_control_v2pmhc_c7cc3907edbdd374_s271828/fold_ebvms_hla2_control_v2pmhc_c7cc3907edbdd374_s271828_model_0.cif,3a0e82f4068a243178e2cdb36f77cc72ccbfe365c816af1f17ecac9c2f89b918,False
aligned_models/af_271828_V2PMHC_c7cc3907edbdd374_m1.pdb,8ff5e0388606e4a08cb66443f5e5c0ed9e1c5471bd0bf683ab14107fb0c10990,MVTFRNQAS,4,,DR,alphafold,V2PMHC_c7cc3907edbdd374,HLA-DRA*01:01,HLA-DRB1*15:01,af|271828|V2PMHC_c7cc3907edbdd374|m1,271828,DNIMVTFRNQASRPY,V2PMHC_c7cc3907edbdd374,1,/Users/anishsharma/Library/Mobile Documents/com~apple~CloudDocs/Downloads/folds_2026_08_27_04_51 (1)/ebvms_hla2_control_v2pmhc_c7cc3907edbdd374_s271828/fold_ebvms_hla2_control_v2pmhc_c7cc3907edbdd374_s271828_model_1.cif,432522b3f54a1d381e91106acc64c6f1efc35f6661e65e8342aa985b6b9c32d0,False
aligned_models/af_271828_V2PMHC_c7cc3907edbdd374_m2.pdb,bc18a8d0644d26e0022e39b2b97210393a62209148480425e9fbbcb793e656dc,MVTFRNQAS,4,,DR,alphafold,V2PMHC_c7cc3907edbdd374,HLA-DRA*01:01,HLA-DRB1*15:01,af|271828|V2PMHC_c7cc3907edbdd374|m2,271828,DNIMVTFRNQASRPY,V2PMHC_c7cc3907edbdd374,2,/Users/anishsharma/Library/Mobile Documents/com~apple~CloudDocs/Downloads/folds_2026_08_27_04_51 (1)/ebvms_hla2_control_v2pmhc_c7cc3907edbdd374_s271828/fold_ebvms_hla2_control_v2pmhc_c7cc3907edbdd374_s271828_model_2.cif,1a9c7243388b63fcb918d470393f4c13496285d3e20ecfe75777843167bec470,False
aligned_models/af_271828_V2PMHC_c7cc3907edbdd374_m3.pdb,0e6215399d21f59eaaa41909d70dfab9bfb12d9801e2e96a7664cfee494da2f8,MVTFRNQAS,4,,DR,alphafold,V2PMHC_c7cc3907edbdd374,HLA-DRA*01:01,HLA-DRB1*15:01,af|271828|V2PMHC_c7cc3907edbdd374|m3,271828,DNIMVTFRNQASRPY,V2PMHC_c7cc3907edbdd374,3,/Users/anishsharma/Library/Mobile Documents/com~apple~CloudDocs/Downloads/folds_2026_08_27_04_51 (1)/ebvms_hla2_control_v2pmhc_c7cc3907edbdd374_s271828/fold_ebvms_hla2_control_v2pmhc_c7cc3907edbdd374_s271828_model_3.cif,01fca3d73f855529d831be1d21c063ac1ef487c8cf811a014fd8e8ec346a7b29,False
aligned_models/af_271828_V2PMHC_c7cc3907edbdd374_m4.pdb,3cea257cba83ec1d8bb0f0816fd996236e35b19d23ce22681d2def399fb023c5,MVTFRNQAS,4,,DR,alphafold,V2PMHC_c7cc3907edbdd374,HLA-DRA*01:01,HLA-DRB1*15:01,af|271828|V2PMHC_c7cc3907edbdd374|m4,271828,DNIMVTFRNQASRPY,V2PMHC_c7cc3907edbdd374,4,/Users/anishsharma/Library/Mobile Documents/com~apple~CloudDocs/Downloads/folds_2026_08_27_04_51 (1)/ebvms_hla2_control_v2pmhc_c7cc3907edbdd374_s271828/fold_ebvms_hla2_control_v2pmhc_c7cc3907edbdd374_s271828_model_4.cif,229ac1bf057fd5b5f816e469048b743a1658409bae5b2952069b5ff5e8256562,False
aligned_models/af_314159_V2PMHC_c7cc3907edbdd374_m0.pdb,93a27f901ef0552192820ecc953f2d71bef505b730be43c1296e551346ce0716,MVTFRNQAS,4,,DR,alphafold,V2PMHC_c7cc3907edbdd374,HLA-DRA*01:01,HLA-DRB1*15:01,af|314159|V2PMHC_c7cc3907edbdd374|m0,314159,DNIMVTFRNQASRPY,V2PMHC_c7cc3907edbdd374,0,/Users/anishsharma/Library/Mobile Documents/com~apple~CloudDocs/Downloads/folds_2026_08_27_04_51 (1)/ebvms_hla2_control_v2pmhc_c7cc3907edbdd374_s314159/fold_ebvms_hla2_control_v2pmhc_c7cc3907edbdd374_s314159_model_0.cif,9bb388fa7d2c7f58b5e66e7d98d5e9abbc68434cbc0e4a3036733280997b8f69,False
aligned_models/af_314159_V2PMHC_c7cc3907edbdd374_m1.pdb,f44ae6ae01961ecf40aa4b3b8934b1c9fe672cb4f8d3c6006c062a9986ac149a,MVTFRNQAS,4,,DR,alphafold,V2PMHC_c7cc3907edbdd374,HLA-DRA*01:01,HLA-DRB1*15:01,af|314159|V2PMHC_c7cc3907edbdd374|m1,314159,DNIMVTFRNQASRPY,V2PMHC_c7cc3907edbdd374,1,/Users/anishsharma/Library/Mobile Documents/com~apple~CloudDocs/Downloads/folds_2026_08_27_04_51 (1)/ebvms_hla2_control_v2pmhc_c7cc3907edbdd374_s314159/fold_ebvms_hla2_control_v2pmhc_c7cc3907edbdd374_s314159_model_1.cif,92c91472d4b8f5eac8f42c2be29eacfaaac340c8f3cd5dcadeb965974228d20d,False
aligned_models/af_314159_V2PMHC_c7cc3907edbdd374_m2.pdb,60e34399051a377fe03150e7fe8bf49881adde5df710f62448cc8ad92763768d,MVTFRNQAS,4,,DR,alphafold,V2PMHC_c7cc3907edbdd374,HLA-DRA*01:01,HLA-DRB1*15:01,af|314159|V2PMHC_c7cc3907edbdd374|m2,314159,DNIMVTFRNQASRPY,V2PMHC_c7cc3907edbdd374,2,/Users/anishsharma/Library/Mobile Documents/com~apple~CloudDocs/Downloads/folds_2026_08_27_04_51 (1)/ebvms_hla2_control_v2pmhc_c7cc3907edbdd374_s314159/fold_ebvms_hla2_control_v2pmhc_c7cc3907edbdd374_s314159_model_2.cif,b19fbb3a0db1fab22802f52a125ce273d1405c1e3e8db502896689f2dbc7fbce,False
aligned_models/af_314159_V2PMHC_c7cc3907edbdd374_m3.pdb,bced75105fab01869f6ad878c25b2b63f5b81a789059e2203779c034aa7003e1,MVTFRNQAS,4,,DR,alphafold,V2PMHC_c7cc3907edbdd374,HLA-DRA*01:01,HLA-DRB1*15:01,af|314159|V2PMHC_c7cc3907edbdd374|m3,314159,DNIMVTFRNQASRPY,V2PMHC_c7cc3907edbdd374,3,/Users/anishsharma/Library/Mobile Documents/com~apple~CloudDocs/Downloads/folds_2026_08_27_04_51 (1)/ebvms_hla2_control_v2pmhc_c7cc3907edbdd374_s314159/fold_ebvms_hla2_control_v2pmhc_c7cc3907edbdd374_s314159_model_3.cif,a9a46f3a3237a01835db6dfaa4f30566c2f0eb4acd2e64e71daf47d15b16e188,False
aligned_models/af_314159_V2PMHC_c7cc3907edbdd374_m4.pdb,672f72a4f5679e2172dfff017477a0dd908292e3f7ab80292a9fb2981356e00a,MVTFRNQAS,4,,DR,alphafold,V2PMHC_c7cc3907edbdd374,HLA-DRA*01:01,HLA-DRB1*15:01,af|314159|V2PMHC_c7cc3907edbdd374|m4,314159,DNIMVTFRNQASRPY,V2PMHC_c7cc3907edbdd374,4,/Users/anishsharma/Library/Mobile Documents/com~apple~CloudDocs/Downloads/folds_2026_08_27_04_51 (1)/ebvms_hla2_control_v2pmhc_c7cc3907edbdd374_s314159/fold_ebvms_hla2_control_v2pmhc_c7cc3907edbdd374_s314159_model_4.cif,bcf1271bf8bd9d56e2c5571bb7f93cb39d85ba04c1b962675f5d0f7774f0588f,False
aligned_models/af_271828_V2PMHC_ccd4411cb2b8cf05_m0.pdb,698fbe6a761e47502092e4eaf711ad57b82e3211d6ccc9ffc14ec8aeee8c319e,LTMEYDDKV,3,,DR,alphafold,V2PMHC_ccd4411cb2b8cf05,HLA-DRA*01:01,HLA-DRB5*01:01,af|271828|V2PMHC_ccd4411cb2b8cf05|m0,271828,VKLTMEYDDKVSKSH,V2PMHC_ccd4411cb2b8cf05,0,/Users/anishsharma/Library/Mobile Documents/com~apple~CloudDocs/Downloads/folds_2026_08_27_04_51 (1)/ebvms_hla2_control_v2pmhc_ccd4411cb2b8cf05_s271828/fold_ebvms_hla2_control_v2pmhc_ccd4411cb2b8cf05_s271828_model_0.cif,ba6cb6954d84b2f1b0e7f786d75eec6e0f8b83abe063b19d023c60e3b5ef15d0,False
aligned_models/af_271828_V2PMHC_ccd4411cb2b8cf05_m1.pdb,f5120a18e393e49882cd41443ebc2b15001b1371e8676816e65f6d1e32d638e0,LTMEYDDKV,3,,DR,alphafold,V2PMHC_ccd4411cb2b8cf05,HLA-DRA*01:01,HLA-DRB5*01:01,af|271828|V2PMHC_ccd4411cb2b8cf05|m1,271828,VKLTMEYDDKVSKSH,V2PMHC_ccd4411cb2b8cf05,1,/Users/anishsharma/Library/Mobile Documents/com~apple~CloudDocs/Downloads/folds_2026_08_27_04_51 (1)/ebvms_hla2_control_v2pmhc_ccd4411cb2b8cf05_s271828/fold_ebvms_hla2_control_v2pmhc_ccd4411cb2b8cf05_s271828_model_1.cif,46f7ac8a58f588e7329531ba95b805d8358f0b213698b7ed7be2218ff8579bc7,False
aligned_models/af_271828_V2PMHC_ccd4411cb2b8cf05_m2.pdb,a8166c7a0db9130ebddfe19521283240ae0c89ff48f01d4ec69ec113d2fcc911,LTMEYDDKV,3,,DR,alphafold,V2PMHC_ccd4411cb2b8cf05,HLA-DRA*01:01,HLA-DRB5*01:01,af|271828|V2PMHC_ccd4411cb2b8cf05|m2,271828,VKLTMEYDDKVSKSH,V2PMHC_ccd4411cb2b8cf05,2,/Users/anishsharma/Library/Mobile Documents/com~apple~CloudDocs/Downloads/folds_2026_08_27_04_51 (1)/ebvms_hla2_control_v2pmhc_ccd4411cb2b8cf05_s271828/fold_ebvms_hla2_control_v2pmhc_ccd4411cb2b8cf05_s271828_model_2.cif,c05824ce6574a00e42702e1edd3fd327f61e78ad4af1cc1a675b1ff451a900f2,False
aligned_models/af_271828_V2PMHC_ccd4411cb2b8cf05_m3.pdb,db257b9eadb94a8b38794f022bfaa7e8bcdb8c0f316f3dd2bfa79df8ad1eae8d,LTMEYDDKV,3,,DR,alphafold,V2PMHC_ccd4411cb2b8cf05,HLA-DRA*01:01,HLA-DRB5*01:01,af|271828|V2PMHC_ccd4411cb2b8cf05|m3,271828,VKLTMEYDDKVSKSH,V2PMHC_ccd4411cb2b8cf05,3,/Users/anishsharma/Library/Mobile Documents/com~apple~CloudDocs/Downloads/folds_2026_08_27_04_51 (1)/ebvms_hla2_control_v2pmhc_ccd4411cb2b8cf05_s271828/fold_ebvms_hla2_control_v2pmhc_ccd4411cb2b8cf05_s271828_model_3.cif,2c687ca1942ed1affb223ed1576cd0f7e800b01737db7a693f68833dfbe6ab10,False
aligned_models/af_271828_V2PMHC_ccd4411cb2b8cf05_m4.pdb,e83569b5ce869a44a0e3db5a4a78f8592dfdb859b9c0d12f27520b5e037e3cec,LTMEYDDKV,3,,DR,alphafold,V2PMHC_ccd4411cb2b8cf05,HLA-DRA*01:01,HLA-DRB5*01:01,af|271828|V2PMHC_ccd4411cb2b8cf05|m4,271828,VKLTMEYDDKVSKSH,V2PMHC_ccd4411cb2b8cf05,4,/Users/anishsharma/Library/Mobile Documents/com~apple~CloudDocs/Downloads/folds_2026_08_27_04_51 (1)/ebvms_hla2_control_v2pmhc_ccd4411cb2b8cf05_s271828/fold_ebvms_hla2_control_v2pmhc_ccd4411cb2b8cf05_s271828_model_4.cif,3d8bb2eb442818661dadc0de6fdbb0ebbd1547b8eba33455d52f3fc374c45172,False
aligned_models/af_314159_V2PMHC_ccd4411cb2b8cf05_m0.pdb,dc32d3a4e75d23c68ff2af26088a764a935c01e57f3a490ecc5d204ea107557b,LTMEYDDKV,3,,DR,alphafold,V2PMHC_ccd4411cb2b8cf05,HLA-DRA*01:01,HLA-DRB5*01:01,af|314159|V2PMHC_ccd4411cb2b8cf05|m0,314159,VKLTMEYDDKVSKSH,V2PMHC_ccd4411cb2b8cf05,0,/Users/anishsharma/Library/Mobile Documents/com~apple~CloudDocs/Downloads/folds_2026_08_27_04_51 (1)/ebvms_hla2_control_v2pmhc_ccd4411cb2b8cf05_s314159/fold_ebvms_hla2_control_v2pmhc_ccd4411cb2b8cf05_s314159_model_0.cif,62335fde9a9bd4754ede1865da73ed4d9dfd17da57c55c31ecd219fd7a086b06,False
aligned_models/af_314159_V2PMHC_ccd4411cb2b8cf05_m1.pdb,c54e50d810c90a485be0b70fd73bce9baf8da3ee47acfdc9780bc5cd8ceee7bd,LTMEYDDKV,3,,DR,alphafold,V2PMHC_ccd4411cb2b8cf05,HLA-DRA*01:01,HLA-DRB5*01:01,af|314159|V2PMHC_ccd4411cb2b8cf05|m1,314159,VKLTMEYDDKVSKSH,V2PMHC_ccd4411cb2b8cf05,1,/Users/anishsharma/Library/Mobile Documents/com~apple~CloudDocs/Downloads/folds_2026_08_27_04_51 (1)/ebvms_hla2_control_v2pmhc_ccd4411cb2b8cf05_s314159/fold_ebvms_hla2_control_v2pmhc_ccd4411cb2b8cf05_s314159_model_1.cif,55ba2464ca259365bb5449e472871d0ec79794d392d3e71c066fe418c870b837,False
aligned_models/af_314159_V2PMHC_ccd4411cb2b8cf05_m2.pdb,3bee4009bcbbd9dd659b54d25233719c679290b168d0f0deef41f13f1c08980d,LTMEYDDKV,3,,DR,alphafold,V2PMHC_ccd4411cb2b8cf05,HLA-DRA*01:01,HLA-DRB5*01:01,af|314159|V2PMHC_ccd4411cb2b8cf05|m2,314159,VKLTMEYDDKVSKSH,V2PMHC_ccd4411cb2b8cf05,2,/Users/anishsharma/Library/Mobile Documents/com~apple~CloudDocs/Downloads/folds_2026_08_27_04_51 (1)/ebvms_hla2_control_v2pmhc_ccd4411cb2b8cf05_s314159/fold_ebvms_hla2_control_v2pmhc_ccd4411cb2b8cf05_s314159_model_2.cif,be4044b45d417e6b705fe1a8d2fd0235dc0824db6e307ac1336d233c65b67ff2,False
aligned_models/af_314159_V2PMHC_ccd4411cb2b8cf05_m3.pdb,d4e0e46c624f28ec88320d1c193035a0ec495661e6034e7138d4641c3ae981c5,LTMEYDDKV,3,,DR,alphafold,V2PMHC_ccd4411cb2b8cf05,HLA-DRA*01:01,HLA-DRB5*01:01,af|314159|V2PMHC_ccd4411cb2b8cf05|m3,314159,VKLTMEYDDKVSKSH,V2PMHC_ccd4411cb2b8cf05,3,/Users/anishsharma/Library/Mobile Documents/com~apple~CloudDocs/Downloads/folds_2026_08_27_04_51 (1)/ebvms_hla2_control_v2pmhc_ccd4411cb2b8cf05_s314159/fold_ebvms_hla2_control_v2pmhc_ccd4411cb2b8cf05_s314159_model_3.cif,dee15c168a0e45edfdc7f253d1cdbb86e4ceaed3fce2a8f438a696a311f9089c,False
aligned_models/af_314159_V2PMHC_ccd4411cb2b8cf05_m4.pdb,4e8eb5f8697317f41b3582df552202a3f8c4ca0c23820b9aa73154e2c4d66daa,LTMEYDDKV,3,,DR,alphafold,V2PMHC_ccd4411cb2b8cf05,HLA-DRA*01:01,HLA-DRB5*01:01,af|314159|V2PMHC_ccd4411cb2b8cf05|m4,314159,VKLTMEYDDKVSKSH,V2PMHC_ccd4411cb2b8cf05,4,/Users/anishsharma/Library/Mobile Documents/com~apple~CloudDocs/Downloads/folds_2026_08_27_04_51 (1)/ebvms_hla2_control_v2pmhc_ccd4411cb2b8cf05_s314159/fold_ebvms_hla2_control_v2pmhc_ccd4411cb2b8cf05_s314159_model_4.cif,eb4f4623761f2e016eca4f22fc640fed71f80fccf975151a9293fcc1caceaef8,False
aligned_models/af_271828_V2PMHC_d7feb964ace8d6d1_m0.pdb,85ae09c0bfe31e26cb27d48af737deb5489f0706277d648832b10a06e8e0dc2b,PVGEADYFE,2,,DQ,alphafold,V2PMHC_d7feb964ace8d6d1,HLA-DQA1*01:02,HLA-DQB1*05:02,af|271828|V2PMHC_d7feb964ace8d6d1|m0,271828,HPVGEADYFEY,V2PMHC_d7feb964ace8d6d1,0,/Users/anishsharma/Library/Mobile Documents/com~apple~CloudDocs/Downloads/folds_2026_08_27_04_51 (1)/ebvms_hla2_control_v2pmhc_d7feb964ace8d6d1_s271828/fold_ebvms_hla2_control_v2pmhc_d7feb964ace8d6d1_s271828_model_0.cif,ab2967be8940e4daa559b77e1167fc09d3a387f37056138059c66e655add593c,False
aligned_models/af_271828_V2PMHC_d7feb964ace8d6d1_m1.pdb,3c06413403769352d5698395e0ba448a9fcc6b585f4dfe4a0dc1178bf8e42982,PVGEADYFE,2,,DQ,alphafold,V2PMHC_d7feb964ace8d6d1,HLA-DQA1*01:02,HLA-DQB1*05:02,af|271828|V2PMHC_d7feb964ace8d6d1|m1,271828,HPVGEADYFEY,V2PMHC_d7feb964ace8d6d1,1,/Users/anishsharma/Library/Mobile Documents/com~apple~CloudDocs/Downloads/folds_2026_08_27_04_51 (1)/ebvms_hla2_control_v2pmhc_d7feb964ace8d6d1_s271828/fold_ebvms_hla2_control_v2pmhc_d7feb964ace8d6d1_s271828_model_1.cif,6665c6d2530c6ef212e514b37547a45763e465c029e43570a777ed8e77d55cec,False
aligned_models/af_271828_V2PMHC_d7feb964ace8d6d1_m2.pdb,75c01d95bcecfd4479b4f456797b6d2fce715609d2e8e711af06b38c79070904,PVGEADYFE,2,,DQ,alphafold,V2PMHC_d7feb964ace8d6d1,HLA-DQA1*01:02,HLA-DQB1*05:02,af|271828|V2PMHC_d7feb964ace8d6d1|m2,271828,HPVGEADYFEY,V2PMHC_d7feb964ace8d6d1,2,/Users/anishsharma/Library/Mobile Documents/com~apple~CloudDocs/Downloads/folds_2026_08_27_04_51 (1)/ebvms_hla2_control_v2pmhc_d7feb964ace8d6d1_s271828/fold_ebvms_hla2_control_v2pmhc_d7feb964ace8d6d1_s271828_model_2.cif,185966113d733103f10d9bbf13523fe46d72878e96c0fa136d10a6d59476476f,False
aligned_models/af_271828_V2PMHC_d7feb964ace8d6d1_m3.pdb,6a253a4abce184fe76a2ff17cff8f316d35cd982cbfb7ed88e58169c9665ac5c,PVGEADYFE,2,,DQ,alphafold,V2PMHC_d7feb964ace8d6d1,HLA-DQA1*01:02,HLA-DQB1*05:02,af|271828|V2PMHC_d7feb964ace8d6d1|m3,271828,HPVGEADYFEY,V2PMHC_d7feb964ace8d6d1,3,/Users/anishsharma/Library/Mobile Documents/com~apple~CloudDocs/Downloads/folds_2026_08_27_04_51 (1)/ebvms_hla2_control_v2pmhc_d7feb964ace8d6d1_s271828/fold_ebvms_hla2_control_v2pmhc_d7feb964ace8d6d1_s271828_model_3.cif,aa64dfb5253ed3d2fe0518341de28696544eb0c4d7faeca2a1447b87f1b2cce4,False
aligned_models/af_271828_V2PMHC_d7feb964ace8d6d1_m4.pdb,263dd9eaaa16edb8f07151dd1520a79a0ef1bdec8a04d998979ef6fb4858ec85,PVGEADYFE,2,,DQ,alphafold,V2PMHC_d7feb964ace8d6d1,HLA-DQA1*01:02,HLA-DQB1*05:02,af|271828|V2PMHC_d7feb964ace8d6d1|m4,271828,HPVGEADYFEY,V2PMHC_d7feb964ace8d6d1,4,/Users/anishsharma/Library/Mobile Documents/com~apple~CloudDocs/Downloads/folds_2026_08_27_04_51 (1)/ebvms_hla2_control_v2pmhc_d7feb964ace8d6d1_s271828/fold_ebvms_hla2_control_v2pmhc_d7feb964ace8d6d1_s271828_model_4.cif,be477099c9183dd856327117abd1c6617dc9a59e86f27d62f758bd33d7e36594,False
aligned_models/af_314159_V2PMHC_d7feb964ace8d6d1_m0.pdb,9d6a60d5409b75d253cfe94f8b47681567c706ee3bc22940fd5247c012b73df3,PVGEADYFE,2,,DQ,alphafold,V2PMHC_d7feb964ace8d6d1,HLA-DQA1*01:02,HLA-DQB1*05:02,af|314159|V2PMHC_d7feb964ace8d6d1|m0,314159,HPVGEADYFEY,V2PMHC_d7feb964ace8d6d1,0,/Users/anishsharma/Library/Mobile Documents/com~apple~CloudDocs/Downloads/folds_2026_08_27_04_51 (1)/ebvms_hla2_control_v2pmhc_d7feb964ace8d6d1_s314159/fold_ebvms_hla2_control_v2pmhc_d7feb964ace8d6d1_s314159_model_0.cif,d8bf30d99edf1fb45a11e99c67474d011f18eb5cf3ca855038a7305d8c910bba,False
aligned_models/af_314159_V2PMHC_d7feb964ace8d6d1_m1.pdb,f84e5308bf3048da3066006e555ea089b45769ce8cb88ad374a87825080b2961,PVGEADYFE,2,,DQ,alphafold,V2PMHC_d7feb964ace8d6d1,HLA-DQA1*01:02,HLA-DQB1*05:02,af|314159|V2PMHC_d7feb964ace8d6d1|m1,314159,HPVGEADYFEY,V2PMHC_d7feb964ace8d6d1,1,/Users/anishsharma/Library/Mobile Documents/com~apple~CloudDocs/Downloads/folds_2026_08_27_04_51 (1)/ebvms_hla2_control_v2pmhc_d7feb964ace8d6d1_s314159/fold_ebvms_hla2_control_v2pmhc_d7feb964ace8d6d1_s314159_model_1.cif,afd235c23b34c8552faef301e92deb09a54434db35f02a73c42304b2ed1b155d,False
aligned_models/af_314159_V2PMHC_d7feb964ace8d6d1_m2.pdb,8e365c12345182b46032ca1caffff75c84ca80bad126d041e69ebf32eb4240ba,PVGEADYFE,2,,DQ,alphafold,V2PMHC_d7feb964ace8d6d1,HLA-DQA1*01:02,HLA-DQB1*05:02,af|314159|V2PMHC_d7feb964ace8d6d1|m2,314159,HPVGEADYFEY,V2PMHC_d7feb964ace8d6d1,2,/Users/anishsharma/Library/Mobile Documents/com~apple~CloudDocs/Downloads/folds_2026_08_27_04_51 (1)/ebvms_hla2_control_v2pmhc_d7feb964ace8d6d1_s314159/fold_ebvms_hla2_control_v2pmhc_d7feb964ace8d6d1_s314159_model_2.cif,5988cd42d97010a9b4bc50d0d5e885d5abc0781700b60f4fca3615a1b166de6d,False
aligned_models/af_314159_V2PMHC_d7feb964ace8d6d1_m3.pdb,03bdaac9573549411530e67573150c7befc15011622746e0719901d9053c27de,PVGEADYFE,2,,DQ,alphafold,V2PMHC_d7feb964ace8d6d1,HLA-DQA1*01:02,HLA-DQB1*05:02,af|314159|V2PMHC_d7feb964ace8d6d1|m3,314159,HPVGEADYFEY,V2PMHC_d7feb964ace8d6d1,3,/Users/anishsharma/Library/Mobile Documents/com~apple~CloudDocs/Downloads/folds_2026_08_27_04_51 (1)/ebvms_hla2_control_v2pmhc_d7feb964ace8d6d1_s314159/fold_ebvms_hla2_control_v2pmhc_d7feb964ace8d6d1_s314159_model_3.cif,2182c7588bbf585a9f6213ca525160ed32478b13710c33c54b7c004ca6b1d825,False
aligned_models/af_314159_V2PMHC_d7feb964ace8d6d1_m4.pdb,d52afc0990df1e6e9de33e89c8b7162434e63f6a0b36e0652de2a52023c02d1d,PVGEADYFE,2,,DQ,alphafold,V2PMHC_d7feb964ace8d6d1,HLA-DQA1*01:02,HLA-DQB1*05:02,af|314159|V2PMHC_d7feb964ace8d6d1|m4,314159,HPVGEADYFEY,V2PMHC_d7feb964ace8d6d1,4,/Users/anishsharma/Library/Mobile Documents/com~apple~CloudDocs/Downloads/folds_2026_08_27_04_51 (1)/ebvms_hla2_control_v2pmhc_d7feb964ace8d6d1_s314159/fold_ebvms_hla2_control_v2pmhc_d7feb964ace8d6d1_s314159_model_4.cif,f99016b149c4d0f87a4dab1f0d65b7803b82554604b94fce729f0ccf3692e044,False
aligned_models/af_271828_V2PMHC_eb0af1b357b463a4_m0.pdb,77003870d1af54392fa6868c34a25f63a8bc89d42215292410fb6799e277d676,LVLLRGENL,5,,DQ,alphafold,V2PMHC_eb0af1b357b463a4,HLA-DQA1*01:02,HLA-DQB1*05:02,af|271828|V2PMHC_eb0af1b357b463a4|m0,271828,RVLGLVLLRGENLVS,V2PMHC_eb0af1b357b463a4,0,/Users/anishsharma/Library/Mobile Documents/com~apple~CloudDocs/Downloads/folds_2026_08_27_04_51 (1)/ebvms_hla2_control_v2pmhc_eb0af1b357b463a4_s271828/fold_ebvms_hla2_control_v2pmhc_eb0af1b357b463a4_s271828_model_0.cif,8d135d24674577e411431540efd64fb4511afbcb5447233787dacd143b5e3445,False
aligned_models/af_271828_V2PMHC_eb0af1b357b463a4_m1.pdb,4301cafdd42629cda54be0fc0df05394f2ca90dfd73ecb2c9efb1fd7523097eb,LVLLRGENL,5,,DQ,alphafold,V2PMHC_eb0af1b357b463a4,HLA-DQA1*01:02,HLA-DQB1*05:02,af|271828|V2PMHC_eb0af1b357b463a4|m1,271828,RVLGLVLLRGENLVS,V2PMHC_eb0af1b357b463a4,1,/Users/anishsharma/Library/Mobile Documents/com~apple~CloudDocs/Downloads/folds_2026_08_27_04_51 (1)/ebvms_hla2_control_v2pmhc_eb0af1b357b463a4_s271828/fold_ebvms_hla2_control_v2pmhc_eb0af1b357b463a4_s271828_model_1.cif,aa991dea2071ae2d96231d23af70ae9d76ad53f300795091ed301ad28bcae23f,False
aligned_models/af_271828_V2PMHC_eb0af1b357b463a4_m2.pdb,d3518cdfe744c423ab7c6945ed5a64aeb8a4744e21549f50070820feeab986f0,LVLLRGENL,5,,DQ,alphafold,V2PMHC_eb0af1b357b463a4,HLA-DQA1*01:02,HLA-DQB1*05:02,af|271828|V2PMHC_eb0af1b357b463a4|m2,271828,RVLGLVLLRGENLVS,V2PMHC_eb0af1b357b463a4,2,/Users/anishsharma/Library/Mobile Documents/com~apple~CloudDocs/Downloads/folds_2026_08_27_04_51 (1)/ebvms_hla2_control_v2pmhc_eb0af1b357b463a4_s271828/fold_ebvms_hla2_control_v2pmhc_eb0af1b357b463a4_s271828_model_2.cif,61effd67384f46015beff50f5fe27eda572c8b4c2fc983c04a5f05fd3a8d6af8,False
aligned_models/af_271828_V2PMHC_eb0af1b357b463a4_m3.pdb,f2496008d66c5f506ee0b803c0efb0fbd176ca6cc9f71491bff513f8664f119c,LVLLRGENL,5,,DQ,alphafold,V2PMHC_eb0af1b357b463a4,HLA-DQA1*01:02,HLA-DQB1*05:02,af|271828|V2PMHC_eb0af1b357b463a4|m3,271828,RVLGLVLLRGENLVS,V2PMHC_eb0af1b357b463a4,3,/Users/anishsharma/Library/Mobile Documents/com~apple~CloudDocs/Downloads/folds_2026_08_27_04_51 (1)/ebvms_hla2_control_v2pmhc_eb0af1b357b463a4_s271828/fold_ebvms_hla2_control_v2pmhc_eb0af1b357b463a4_s271828_model_3.cif,7aae42d036f5fcfc1e879b01e9e88513c3b40aef8f24b322fd57270e3b35fb11,False
aligned_models/af_271828_V2PMHC_eb0af1b357b463a4_m4.pdb,7372c536db37621bf0691ccac5b1867bf86feffa0661ca429fb0757a720e8676,LVLLRGENL,5,,DQ,alphafold,V2PMHC_eb0af1b357b463a4,HLA-DQA1*01:02,HLA-DQB1*05:02,af|271828|V2PMHC_eb0af1b357b463a4|m4,271828,RVLGLVLLRGENLVS,V2PMHC_eb0af1b357b463a4,4,/Users/anishsharma/Library/Mobile Documents/com~apple~CloudDocs/Downloads/folds_2026_08_27_04_51 (1)/ebvms_hla2_control_v2pmhc_eb0af1b357b463a4_s271828/fold_ebvms_hla2_control_v2pmhc_eb0af1b357b463a4_s271828_model_4.cif,09ee54b765a0227844494cfcd9d687bcdc9cf900195f683b28bd3fc467208e50,False
aligned_models/af_314159_V2PMHC_eb0af1b357b463a4_m0.pdb,cb1a1fb49bbad9f511ccaad3413c71394494f012669b405006ababd0b9fc1ab0,LVLLRGENL,5,,DQ,alphafold,V2PMHC_eb0af1b357b463a4,HLA-DQA1*01:02,HLA-DQB1*05:02,af|314159|V2PMHC_eb0af1b357b463a4|m0,314159,RVLGLVLLRGENLVS,V2PMHC_eb0af1b357b463a4,0,/Users/anishsharma/Library/Mobile Documents/com~apple~CloudDocs/Downloads/folds_2026_08_27_04_51 (1)/ebvms_hla2_control_v2pmhc_eb0af1b357b463a4_s314159/fold_ebvms_hla2_control_v2pmhc_eb0af1b357b463a4_s314159_model_0.cif,801571cdf0eb715cc539c34426439aa9b0f9923daa3db9ec1cd8daa48ef1ae02,False
aligned_models/af_314159_V2PMHC_eb0af1b357b463a4_m1.pdb,d4c25428281692aa30dd4f633b0438a049cb5f045672cb4300e7075b2314a48a,LVLLRGENL,5,,DQ,alphafold,V2PMHC_eb0af1b357b463a4,HLA-DQA1*01:02,HLA-DQB1*05:02,af|314159|V2PMHC_eb0af1b357b463a4|m1,314159,RVLGLVLLRGENLVS,V2PMHC_eb0af1b357b463a4,1,/Users/anishsharma/Library/Mobile Documents/com~apple~CloudDocs/Downloads/folds_2026_08_27_04_51 (1)/ebvms_hla2_control_v2pmhc_eb0af1b357b463a4_s314159/fold_ebvms_hla2_control_v2pmhc_eb0af1b357b463a4_s314159_model_1.cif,c0d04b1c077ef3c5c52a4f25e8cb21e5777f899c8f09bc637295749591f51c0f,False
aligned_models/af_314159_V2PMHC_eb0af1b357b463a4_m2.pdb,76fd59a65cbf9dca0fc4153e100dec43178d12d12110899298e02a61c24ba7eb,LVLLRGENL,5,,DQ,alphafold,V2PMHC_eb0af1b357b463a4,HLA-DQA1*01:02,HLA-DQB1*05:02,af|314159|V2PMHC_eb0af1b357b463a4|m2,314159,RVLGLVLLRGENLVS,V2PMHC_eb0af1b357b463a4,2,/Users/anishsharma/Library/Mobile Documents/com~apple~CloudDocs/Downloads/folds_2026_08_27_04_51 (1)/ebvms_hla2_control_v2pmhc_eb0af1b357b463a4_s314159/fold_ebvms_hla2_control_v2pmhc_eb0af1b357b463a4_s314159_model_2.cif,087eb0899073afacd6c80800fd1bec725da87dd09a4a288037a032ee6fd18622,False
aligned_models/af_314159_V2PMHC_eb0af1b357b463a4_m3.pdb,8936cc01d09399fd54b612732c30e52d05cbcaa9b048514bb53c44bfc60662d6,LVLLRGENL,5,,DQ,alphafold,V2PMHC_eb0af1b357b463a4,HLA-DQA1*01:02,HLA-DQB1*05:02,af|314159|V2PMHC_eb0af1b357b463a4|m3,314159,RVLGLVLLRGENLVS,V2PMHC_eb0af1b357b463a4,3,/Users/anishsharma/Library/Mobile Documents/com~apple~CloudDocs/Downloads/folds_2026_08_27_04_51 (1)/ebvms_hla2_control_v2pmhc_eb0af1b357b463a4_s314159/fold_ebvms_hla2_control_v2pmhc_eb0af1b357b463a4_s314159_model_3.cif,41a047afecb9421d3e5fbb62d63cdfa5ee4cd96619106f6277635a600ac98803,False
aligned_models/af_314159_V2PMHC_eb0af1b357b463a4_m4.pdb,73ef01eca77e83a21f6f2faaa0b320b2574481ac723fd6500d073e0879646ac8,LVLLRGENL,5,,DQ,alphafold,V2PMHC_eb0af1b357b463a4,HLA-DQA1*01:02,HLA-DQB1*05:02,af|314159|V2PMHC_eb0af1b357b463a4|m4,314159,RVLGLVLLRGENLVS,V2PMHC_eb0af1b357b463a4,4,/Users/anishsharma/Library/Mobile Documents/com~apple~CloudDocs/Downloads/folds_2026_08_27_04_51 (1)/ebvms_hla2_control_v2pmhc_eb0af1b357b463a4_s314159/fold_ebvms_hla2_control_v2pmhc_eb0af1b357b463a4_s314159_model_4.cif,9cc577cfc1baf68d69dcf59cafb31271848ab2c1c904400033f5b5c837bab73b,False
aligned_models/af_271828_V2PMHC_ed2fd8b0dedfa702_m0.pdb,8c56509cef31f588c8409396a7d62745b09a8139ba741a6b479c9a183f15b36a,MSDWTGGAL,2,,DQ,alphafold,V2PMHC_ed2fd8b0dedfa702,HLA-DQA1*01:02,HLA-DQB1*05:02,af|271828|V2PMHC_ed2fd8b0dedfa702|m0,271828,VMSDWTGGALL,V2PMHC_ed2fd8b0dedfa702,0,/Users/anishsharma/Library/Mobile Documents/com~apple~CloudDocs/Downloads/folds_2026_08_27_04_51 (1)/ebvms_hla2_control_v2pmhc_ed2fd8b0dedfa702_s271828/fold_ebvms_hla2_control_v2pmhc_ed2fd8b0dedfa702_s271828_model_0.cif,aae3aebd965763bc248981ccbad0b47eb19c1a4eafc37e8f113fd523be4622a1,False
aligned_models/af_271828_V2PMHC_ed2fd8b0dedfa702_m1.pdb,f0a36c08f6027e189635c8059f6680d6f13f4fba72934e6b6990054164ca60f5,MSDWTGGAL,2,,DQ,alphafold,V2PMHC_ed2fd8b0dedfa702,HLA-DQA1*01:02,HLA-DQB1*05:02,af|271828|V2PMHC_ed2fd8b0dedfa702|m1,271828,VMSDWTGGALL,V2PMHC_ed2fd8b0dedfa702,1,/Users/anishsharma/Library/Mobile Documents/com~apple~CloudDocs/Downloads/folds_2026_08_27_04_51 (1)/ebvms_hla2_control_v2pmhc_ed2fd8b0dedfa702_s271828/fold_ebvms_hla2_control_v2pmhc_ed2fd8b0dedfa702_s271828_model_1.cif,d6c92d542850de703eae1d66f50259d15d5d39433662c51f96ba5d0fb13c7082,False
aligned_models/af_271828_V2PMHC_ed2fd8b0dedfa702_m2.pdb,a14c00e080e1144bf01bd9c5a1beff0297062415d5101a34acc60e1a18bc70ec,MSDWTGGAL,2,,DQ,alphafold,V2PMHC_ed2fd8b0dedfa702,HLA-DQA1*01:02,HLA-DQB1*05:02,af|271828|V2PMHC_ed2fd8b0dedfa702|m2,271828,VMSDWTGGALL,V2PMHC_ed2fd8b0dedfa702,2,/Users/anishsharma/Library/Mobile Documents/com~apple~CloudDocs/Downloads/folds_2026_08_27_04_51 (1)/ebvms_hla2_control_v2pmhc_ed2fd8b0dedfa702_s271828/fold_ebvms_hla2_control_v2pmhc_ed2fd8b0dedfa702_s271828_model_2.cif,a0b4bb1d8138cde92afbea309530f747f8fbb30550fe55c17a4a7991c13bd2d4,False
aligned_models/af_271828_V2PMHC_ed2fd8b0dedfa702_m3.pdb,d470bf163b78da6c0587cfa0558f6af625bee03f1a58e4810cf53abf18b8832c,MSDWTGGAL,2,,DQ,alphafold,V2PMHC_ed2fd8b0dedfa702,HLA-DQA1*01:02,HLA-DQB1*05:02,af|271828|V2PMHC_ed2fd8b0dedfa702|m3,271828,VMSDWTGGALL,V2PMHC_ed2fd8b0dedfa702,3,/Users/anishsharma/Library/Mobile Documents/com~apple~CloudDocs/Downloads/folds_2026_08_27_04_51 (1)/ebvms_hla2_control_v2pmhc_ed2fd8b0dedfa702_s271828/fold_ebvms_hla2_control_v2pmhc_ed2fd8b0dedfa702_s271828_model_3.cif,8ba79deda2f5816ce6f4e85c99121fde10820c9f07d11dd1da9d55dcc466b161,False
aligned_models/af_271828_V2PMHC_ed2fd8b0dedfa702_m4.pdb,46b2930f4f001d1dca38e190288bfac5fd57e40f71bd7598f7ff9aa582f391b6,MSDWTGGAL,2,,DQ,alphafold,V2PMHC_ed2fd8b0dedfa702,HLA-DQA1*01:02,HLA-DQB1*05:02,af|271828|V2PMHC_ed2fd8b0dedfa702|m4,271828,VMSDWTGGALL,V2PMHC_ed2fd8b0dedfa702,4,/Users/anishsharma/Library/Mobile Documents/com~apple~CloudDocs/Downloads/folds_2026_08_27_04_51 (1)/ebvms_hla2_control_v2pmhc_ed2fd8b0dedfa702_s271828/fold_ebvms_hla2_control_v2pmhc_ed2fd8b0dedfa702_s271828_model_4.cif,73953b068ce05ffc0e82f0b95a438df2af177eecd4cba220de8f27b2e2506fd5,False
aligned_models/af_314159_V2PMHC_ed2fd8b0dedfa702_m0.pdb,9df00ad76b5331b5b3e1e4803b5e85ede2c8bad3edb7185271d7d302752dd8a4,MSDWTGGAL,2,,DQ,alphafold,V2PMHC_ed2fd8b0dedfa702,HLA-DQA1*01:02,HLA-DQB1*05:02,af|314159|V2PMHC_ed2fd8b0dedfa702|m0,314159,VMSDWTGGALL,V2PMHC_ed2fd8b0dedfa702,0,/Users/anishsharma/Library/Mobile Documents/com~apple~CloudDocs/Downloads/folds_2026_08_27_04_51 (1)/ebvms_hla2_control_v2pmhc_ed2fd8b0dedfa702_s314159/fold_ebvms_hla2_control_v2pmhc_ed2fd8b0dedfa702_s314159_model_0.cif,13b8a5f19e5fcc1e7f8dab3248997462f2874a107795c29e7eedfd97bc54e949,False
aligned_models/af_314159_V2PMHC_ed2fd8b0dedfa702_m1.pdb,8f265889cd341eaa8970cf36b7b3e5d0258f459905b1383519490ef158e4b50b,MSDWTGGAL,2,,DQ,alphafold,V2PMHC_ed2fd8b0dedfa702,HLA-DQA1*01:02,HLA-DQB1*05:02,af|314159|V2PMHC_ed2fd8b0dedfa702|m1,314159,VMSDWTGGALL,V2PMHC_ed2fd8b0dedfa702,1,/Users/anishsharma/Library/Mobile Documents/com~apple~CloudDocs/Downloads/folds_2026_08_27_04_51 (1)/ebvms_hla2_control_v2pmhc_ed2fd8b0dedfa702_s314159/fold_ebvms_hla2_control_v2pmhc_ed2fd8b0dedfa702_s314159_model_1.cif,ffad600fd7da8f8d1033ced8a030e34aec42e68a39270b53f92ebcd9c682be14,False
aligned_models/af_314159_V2PMHC_ed2fd8b0dedfa702_m2.pdb,0996d5d546784438eba2f99a9f5b924c3cfba9422cccfcdf2faae5710bbb9b18,MSDWTGGAL,2,,DQ,alphafold,V2PMHC_ed2fd8b0dedfa702,HLA-DQA1*01:02,HLA-DQB1*05:02,af|314159|V2PMHC_ed2fd8b0dedfa702|m2,314159,VMSDWTGGALL,V2PMHC_ed2fd8b0dedfa702,2,/Users/anishsharma/Library/Mobile Documents/com~apple~CloudDocs/Downloads/folds_2026_08_27_04_51 (1)/ebvms_hla2_control_v2pmhc_ed2fd8b0dedfa702_s314159/fold_ebvms_hla2_control_v2pmhc_ed2fd8b0dedfa702_s314159_model_2.cif,35ee7fa0b11da17872bd1fc372f38a5953f7f3c72afc5fae96aa68a29eb137a1,False
aligned_models/af_314159_V2PMHC_ed2fd8b0dedfa702_m3.pdb,4ecad2921b9cdd53779a406c6b30db2a582429fd342292e50fadd1741463787d,MSDWTGGAL,2,,DQ,alphafold,V2PMHC_ed2fd8b0dedfa702,HLA-DQA1*01:02,HLA-DQB1*05:02,af|314159|V2PMHC_ed2fd8b0dedfa702|m3,314159,VMSDWTGGALL,V2PMHC_ed2fd8b0dedfa702,3,/Users/anishsharma/Library/Mobile Documents/com~apple~CloudDocs/Downloads/folds_2026_08_27_04_51 (1)/ebvms_hla2_control_v2pmhc_ed2fd8b0dedfa702_s314159/fold_ebvms_hla2_control_v2pmhc_ed2fd8b0dedfa702_s314159_model_3.cif,7ace4318d6b1c5cf102c475393416436140b01094ae3e42f8ce148e1d75d910a,False
aligned_models/af_314159_V2PMHC_ed2fd8b0dedfa702_m4.pdb,c4f96fd0da6e0b56aea39fa0d958335970919eaa64e2ac49eb5990e024262eed,MSDWTGGAL,2,,DQ,alphafold,V2PMHC_ed2fd8b0dedfa702,HLA-DQA1*01:02,HLA-DQB1*05:02,af|314159|V2PMHC_ed2fd8b0dedfa702|m4,314159,VMSDWTGGALL,V2PMHC_ed2fd8b0dedfa702,4,/Users/anishsharma/Library/Mobile Documents/com~apple~CloudDocs/Downloads/folds_2026_08_27_04_51 (1)/ebvms_hla2_control_v2pmhc_ed2fd8b0dedfa702_s314159/fold_ebvms_hla2_control_v2pmhc_ed2fd8b0dedfa702_s314159_model_4.cif,1b23acd1d3e2a707967f0f593471af5ef9d7581a433a0d2a7af3a1988f8bc1d4,False
aligned_models/af_271828_V2PMHC_edc57af6a9a8f080_m0.pdb,372c97afd14100d4e8c15c5ef007f7fbaaa04098cb5efd9c33482e14b9794288,VHFISALHG,5,,DR,alphafold,V2PMHC_edc57af6a9a8f080,HLA-DRA*01:01,HLA-DRB1*15:01,af|271828|V2PMHC_edc57af6a9a8f080|m0,271828,DFARVHFISALHGSG,V2PMHC_edc57af6a9a8f080,0,/Users/anishsharma/Library/Mobile Documents/com~apple~CloudDocs/Downloads/folds_2026_08_27_04_51 (1)/ebvms_hla2_control_v2pmhc_edc57af6a9a8f080_s271828/fold_ebvms_hla2_control_v2pmhc_edc57af6a9a8f080_s271828_model_0.cif,7f3d59bdbafd1ee61aba50a4424fa18cd7932379f71189b721829a94b960a2e9,False
aligned_models/af_271828_V2PMHC_edc57af6a9a8f080_m1.pdb,238bae450350cd6a49ecef5475f82b437e5d8461fc3a9a313398783537a5fa42,VHFISALHG,5,,DR,alphafold,V2PMHC_edc57af6a9a8f080,HLA-DRA*01:01,HLA-DRB1*15:01,af|271828|V2PMHC_edc57af6a9a8f080|m1,271828,DFARVHFISALHGSG,V2PMHC_edc57af6a9a8f080,1,/Users/anishsharma/Library/Mobile Documents/com~apple~CloudDocs/Downloads/folds_2026_08_27_04_51 (1)/ebvms_hla2_control_v2pmhc_edc57af6a9a8f080_s271828/fold_ebvms_hla2_control_v2pmhc_edc57af6a9a8f080_s271828_model_1.cif,67d67f08e91c7f9c6d3188a3523d9ec43ca1109df5a0b9e492d181e27b2a68dc,False
aligned_models/af_271828_V2PMHC_edc57af6a9a8f080_m2.pdb,5f0f95235224485f6026290a8054de91bc1f04566b2b678be22aa709693d6510,VHFISALHG,5,,DR,alphafold,V2PMHC_edc57af6a9a8f080,HLA-DRA*01:01,HLA-DRB1*15:01,af|271828|V2PMHC_edc57af6a9a8f080|m2,271828,DFARVHFISALHGSG,V2PMHC_edc57af6a9a8f080,2,/Users/anishsharma/Library/Mobile Documents/com~apple~CloudDocs/Downloads/folds_2026_08_27_04_51 (1)/ebvms_hla2_control_v2pmhc_edc57af6a9a8f080_s271828/fold_ebvms_hla2_control_v2pmhc_edc57af6a9a8f080_s271828_model_2.cif,6c278b5b6d5465d02448c0cabedd9b9be484a37dc36e5d069f6603783e4a38e4,False
aligned_models/af_271828_V2PMHC_edc57af6a9a8f080_m3.pdb,4687f7b531909e6b6767f382a530daace3000be71d01c175669c944b9fb2015a,VHFISALHG,5,,DR,alphafold,V2PMHC_edc57af6a9a8f080,HLA-DRA*01:01,HLA-DRB1*15:01,af|271828|V2PMHC_edc57af6a9a8f080|m3,271828,DFARVHFISALHGSG,V2PMHC_edc57af6a9a8f080,3,/Users/anishsharma/Library/Mobile Documents/com~apple~CloudDocs/Downloads/folds_2026_08_27_04_51 (1)/ebvms_hla2_control_v2pmhc_edc57af6a9a8f080_s271828/fold_ebvms_hla2_control_v2pmhc_edc57af6a9a8f080_s271828_model_3.cif,d06b001b671f1713fc82556b59da0c74c06e53a47265bb134407a3b8b45c3388,False
aligned_models/af_271828_V2PMHC_edc57af6a9a8f080_m4.pdb,b612c4a313b29fd1b8f989daafd9bd6b617ece0f421444e6ac9af27475b316cc,VHFISALHG,5,,DR,alphafold,V2PMHC_edc57af6a9a8f080,HLA-DRA*01:01,HLA-DRB1*15:01,af|271828|V2PMHC_edc57af6a9a8f080|m4,271828,DFARVHFISALHGSG,V2PMHC_edc57af6a9a8f080,4,/Users/anishsharma/Library/Mobile Documents/com~apple~CloudDocs/Downloads/folds_2026_08_27_04_51 (1)/ebvms_hla2_control_v2pmhc_edc57af6a9a8f080_s271828/fold_ebvms_hla2_control_v2pmhc_edc57af6a9a8f080_s271828_model_4.cif,4bd7c6053fada4f27c3020ad98d4b5769f5892d62bbf55a4dd796ebdf28799c8,False
aligned_models/af_314159_V2PMHC_edc57af6a9a8f080_m0.pdb,5ef83d380537889f08fdd660278141e33a1d24759ea9e0db4aa7c08559fc82f9,VHFISALHG,5,,DR,alphafold,V2PMHC_edc57af6a9a8f080,HLA-DRA*01:01,HLA-DRB1*15:01,af|314159|V2PMHC_edc57af6a9a8f080|m0,314159,DFARVHFISALHGSG,V2PMHC_edc57af6a9a8f080,0,/Users/anishsharma/Library/Mobile Documents/com~apple~CloudDocs/Downloads/folds_2026_08_27_04_51 (1)/ebvms_hla2_control_v2pmhc_edc57af6a9a8f080_s314159/fold_ebvms_hla2_control_v2pmhc_edc57af6a9a8f080_s314159_model_0.cif,0337a2697230044c87905b3f852065c9f5b7b4962c0a9b1d780a48490b3a9c90,False
aligned_models/af_314159_V2PMHC_edc57af6a9a8f080_m1.pdb,b55772c039274bdf884dc1232c4709f349d5aba0ecdc79dbab3614f249010f37,VHFISALHG,5,,DR,alphafold,V2PMHC_edc57af6a9a8f080,HLA-DRA*01:01,HLA-DRB1*15:01,af|314159|V2PMHC_edc57af6a9a8f080|m1,314159,DFARVHFISALHGSG,V2PMHC_edc57af6a9a8f080,1,/Users/anishsharma/Library/Mobile Documents/com~apple~CloudDocs/Downloads/folds_2026_08_27_04_51 (1)/ebvms_hla2_control_v2pmhc_edc57af6a9a8f080_s314159/fold_ebvms_hla2_control_v2pmhc_edc57af6a9a8f080_s314159_model_1.cif,476afd65910611081efd3797623e9937e976cd49928421d18258d7b2a88d2965,False
aligned_models/af_314159_V2PMHC_edc57af6a9a8f080_m2.pdb,10be8367e5173de9d34efb78b6614cb0353b3ebf556cf0c0c8e82880f6d0f312,VHFISALHG,5,,DR,alphafold,V2PMHC_edc57af6a9a8f080,HLA-DRA*01:01,HLA-DRB1*15:01,af|314159|V2PMHC_edc57af6a9a8f080|m2,314159,DFARVHFISALHGSG,V2PMHC_edc57af6a9a8f080,2,/Users/anishsharma/Library/Mobile Documents/com~apple~CloudDocs/Downloads/folds_2026_08_27_04_51 (1)/ebvms_hla2_control_v2pmhc_edc57af6a9a8f080_s314159/fold_ebvms_hla2_control_v2pmhc_edc57af6a9a8f080_s314159_model_2.cif,e4390f6c4468b7386b1fe13fd21e42250aea46541b4006f5b7829a2f5718a285,False
aligned_models/af_314159_V2PMHC_edc57af6a9a8f080_m3.pdb,237307ab5b9650c193f23904b1bfd17052312f4255c79399d087b62757a6afd6,VHFISALHG,5,,DR,alphafold,V2PMHC_edc57af6a9a8f080,HLA-DRA*01:01,HLA-DRB1*15:01,af|314159|V2PMHC_edc57af6a9a8f080|m3,314159,DFARVHFISALHGSG,V2PMHC_edc57af6a9a8f080,3,/Users/anishsharma/Library/Mobile Documents/com~apple~CloudDocs/Downloads/folds_2026_08_27_04_51 (1)/ebvms_hla2_control_v2pmhc_edc57af6a9a8f080_s314159/fold_ebvms_hla2_control_v2pmhc_edc57af6a9a8f080_s314159_model_3.cif,0c97f1918cd05802e8589849beda1df5a01d79a33044c12758649732ea2c940d,False
aligned_models/af_314159_V2PMHC_edc57af6a9a8f080_m4.pdb,adf73d1c939dce8f6df2324deceaa3a6fecf2d8fd7c850305b02c39e7b8efe91,VHFISALHG,5,,DR,alphafold,V2PMHC_edc57af6a9a8f080,HLA-DRA*01:01,HLA-DRB1*15:01,af|314159|V2PMHC_edc57af6a9a8f080|m4,314159,DFARVHFISALHGSG,V2PMHC_edc57af6a9a8f080,4,/Users/anishsharma/Library/Mobile Documents/com~apple~CloudDocs/Downloads/folds_2026_08_27_04_51 (1)/ebvms_hla2_control_v2pmhc_edc57af6a9a8f080_s314159/fold_ebvms_hla2_control_v2pmhc_edc57af6a9a8f080_s314159_model_4.cif,84a3f29b0d07cbffc1f0f9a76f98529c75bfbb7a4d8aceb5ac7da7da64e28383,False
