arm_class,candidate_id,container_image_digest,dx_bytes,dx_retention,dx_sha256,exit_code,form,input,input_sha256,model_key,panel_id,sample_index,solute_dielectric,status,stderr,stdout
ebv,EBV_IEDB_090bd09c6880,ubuntu@sha256:2edbbc5dc405e9612ba3584ce95480277e3eb374407b5505fe26f17df77c7dbc,12800873,transient_deleted_after_checksum_and_sampling,87d93156a307d13b0a0f9f0c31087fcfdde226800c1bb8a795a8e95dba3ad6bc,0,full,raw_calculations/apbs/HY13_SEQ_02/HY13_SEQ_02__ebv__EBV_IEDB_090bd09c6880__s0/eps2/full.in,d2ec9c174c338d715cb0d412694eedc29bba2072bd70564324cca2a0789f0184,HY13_SEQ_02__ebv__EBV_IEDB_090bd09c6880__s0,HY13_SEQ_02,0,2.0,complete,raw_calculations/apbs/HY13_SEQ_02/HY13_SEQ_02__ebv__EBV_IEDB_090bd09c6880__s0/eps2/full.stderr.txt,raw_calculations/apbs/HY13_SEQ_02/HY13_SEQ_02__ebv__EBV_IEDB_090bd09c6880__s0/eps2/full.stdout.txt
ebv,EBV_IEDB_090bd09c6880,ubuntu@sha256:2edbbc5dc405e9612ba3584ce95480277e3eb374407b5505fe26f17df77c7dbc,12914708,transient_deleted_after_checksum_and_sampling,87b7a7102a6702876ed6560edb251a555e9241b8302122a269d0a3afb3c52519,0,hla_only,raw_calculations/apbs/HY13_SEQ_02/HY13_SEQ_02__ebv__EBV_IEDB_090bd09c6880__s0/eps2/hla_only.in,a5bd7e7b473a34b994885798c2df1fab1c8fc9c6288ea31821de302d0667e0e8,HY13_SEQ_02__ebv__EBV_IEDB_090bd09c6880__s0,HY13_SEQ_02,0,2.0,complete,raw_calculations/apbs/HY13_SEQ_02/HY13_SEQ_02__ebv__EBV_IEDB_090bd09c6880__s0/eps2/hla_only.stderr.txt,raw_calculations/apbs/HY13_SEQ_02/HY13_SEQ_02__ebv__EBV_IEDB_090bd09c6880__s0/eps2/hla_only.stdout.txt
ebv,EBV_IEDB_090bd09c6880,ubuntu@sha256:2edbbc5dc405e9612ba3584ce95480277e3eb374407b5505fe26f17df77c7dbc,12803949,transient_deleted_after_checksum_and_sampling,ecc0a45db84257cb966e79936a54eddd74358406368e428f75c38e0ebb7f8328,0,full,raw_calculations/apbs/HY13_SEQ_02/HY13_SEQ_02__ebv__EBV_IEDB_090bd09c6880__s0/eps4/full.in,bdff27940731d444a5fe7b8bb3e9d3e2975931caea1f8424b1631508b4754fd2,HY13_SEQ_02__ebv__EBV_IEDB_090bd09c6880__s0,HY13_SEQ_02,0,4.0,complete,raw_calculations/apbs/HY13_SEQ_02/HY13_SEQ_02__ebv__EBV_IEDB_090bd09c6880__s0/eps4/full.stderr.txt,raw_calculations/apbs/HY13_SEQ_02/HY13_SEQ_02__ebv__EBV_IEDB_090bd09c6880__s0/eps4/full.stdout.txt
ebv,EBV_IEDB_090bd09c6880,ubuntu@sha256:2edbbc5dc405e9612ba3584ce95480277e3eb374407b5505fe26f17df77c7dbc,12919515,transient_deleted_after_checksum_and_sampling,3ca768b9e5c813beb02158f81e16344cb89daeb4464d25a024fba56ddacac840,0,hla_only,raw_calculations/apbs/HY13_SEQ_02/HY13_SEQ_02__ebv__EBV_IEDB_090bd09c6880__s0/eps4/hla_only.in,113ce4312187f62cd7d082413684bda23190b068b070335d0053a1e75e680018,HY13_SEQ_02__ebv__EBV_IEDB_090bd09c6880__s0,HY13_SEQ_02,0,4.0,complete,raw_calculations/apbs/HY13_SEQ_02/HY13_SEQ_02__ebv__EBV_IEDB_090bd09c6880__s0/eps4/hla_only.stderr.txt,raw_calculations/apbs/HY13_SEQ_02/HY13_SEQ_02__ebv__EBV_IEDB_090bd09c6880__s0/eps4/hla_only.stdout.txt
ebv,EBV_IEDB_090bd09c6880,ubuntu@sha256:2edbbc5dc405e9612ba3584ce95480277e3eb374407b5505fe26f17df77c7dbc,12808898,transient_deleted_after_checksum_and_sampling,8b5191c6693bdd3b3d30d900f53c57cf01865bccd6bc62b2d805e0a21cae278a,0,full,raw_calculations/apbs/HY13_SEQ_02/HY13_SEQ_02__ebv__EBV_IEDB_090bd09c6880__s0/eps8/full.in,b26e7b7f727835abe14143a1e62464b0bbdab5ec1aa310b53e3e9fb30c55aa20,HY13_SEQ_02__ebv__EBV_IEDB_090bd09c6880__s0,HY13_SEQ_02,0,8.0,complete,raw_calculations/apbs/HY13_SEQ_02/HY13_SEQ_02__ebv__EBV_IEDB_090bd09c6880__s0/eps8/full.stderr.txt,raw_calculations/apbs/HY13_SEQ_02/HY13_SEQ_02__ebv__EBV_IEDB_090bd09c6880__s0/eps8/full.stdout.txt
ebv,EBV_IEDB_090bd09c6880,ubuntu@sha256:2edbbc5dc405e9612ba3584ce95480277e3eb374407b5505fe26f17df77c7dbc,12927461,transient_deleted_after_checksum_and_sampling,accc0528b44270c10d87d04c41ba3d33316662c36d3b898dddb3a36652d483b7,0,hla_only,raw_calculations/apbs/HY13_SEQ_02/HY13_SEQ_02__ebv__EBV_IEDB_090bd09c6880__s0/eps8/hla_only.in,f0b9ef3bfe3a48e987a46b7f9c40f7cbf580a293e96d9b04def169976303f956,HY13_SEQ_02__ebv__EBV_IEDB_090bd09c6880__s0,HY13_SEQ_02,0,8.0,complete,raw_calculations/apbs/HY13_SEQ_02/HY13_SEQ_02__ebv__EBV_IEDB_090bd09c6880__s0/eps8/hla_only.stderr.txt,raw_calculations/apbs/HY13_SEQ_02/HY13_SEQ_02__ebv__EBV_IEDB_090bd09c6880__s0/eps8/hla_only.stdout.txt
ebv,EBV_IEDB_090bd09c6880,ubuntu@sha256:2edbbc5dc405e9612ba3584ce95480277e3eb374407b5505fe26f17df77c7dbc,12794571,transient_deleted_after_checksum_and_sampling,7f974a3f85558da1a88d1802c85713ac34d90ac40bef56c7a07b25695a76dfe5,0,full,raw_calculations/apbs/HY13_SEQ_02/HY13_SEQ_02__ebv__EBV_IEDB_090bd09c6880__s1/eps2/full.in,12416c76030e7ab3c4fedee1ca20c61368a1d85d00a40ac5f0bac93b3c524d58,HY13_SEQ_02__ebv__EBV_IEDB_090bd09c6880__s1,HY13_SEQ_02,1,2.0,complete,raw_calculations/apbs/HY13_SEQ_02/HY13_SEQ_02__ebv__EBV_IEDB_090bd09c6880__s1/eps2/full.stderr.txt,raw_calculations/apbs/HY13_SEQ_02/HY13_SEQ_02__ebv__EBV_IEDB_090bd09c6880__s1/eps2/full.stdout.txt
ebv,EBV_IEDB_090bd09c6880,ubuntu@sha256:2edbbc5dc405e9612ba3584ce95480277e3eb374407b5505fe26f17df77c7dbc,12904655,transient_deleted_after_checksum_and_sampling,90906689614a885350065b1c8e5b8a904054039951c254304af6795900436cc0,0,hla_only,raw_calculations/apbs/HY13_SEQ_02/HY13_SEQ_02__ebv__EBV_IEDB_090bd09c6880__s1/eps2/hla_only.in,7aa88990b1a63892d7f14a6372982d3d866ddba09b35309ff7c15f2d2a80ee8e,HY13_SEQ_02__ebv__EBV_IEDB_090bd09c6880__s1,HY13_SEQ_02,1,2.0,complete,raw_calculations/apbs/HY13_SEQ_02/HY13_SEQ_02__ebv__EBV_IEDB_090bd09c6880__s1/eps2/hla_only.stderr.txt,raw_calculations/apbs/HY13_SEQ_02/HY13_SEQ_02__ebv__EBV_IEDB_090bd09c6880__s1/eps2/hla_only.stdout.txt
ebv,EBV_IEDB_090bd09c6880,ubuntu@sha256:2edbbc5dc405e9612ba3584ce95480277e3eb374407b5505fe26f17df77c7dbc,12797093,transient_deleted_after_checksum_and_sampling,69a4b88ea6bb4e0dced34c017a0daeb5b9611cd4f621d212e0a253891657b8b0,0,full,raw_calculations/apbs/HY13_SEQ_02/HY13_SEQ_02__ebv__EBV_IEDB_090bd09c6880__s1/eps4/full.in,caa8bcdefd13d23d786044e9dc2896e4a850c1694cd7a41348f847f53e8bfcad,HY13_SEQ_02__ebv__EBV_IEDB_090bd09c6880__s1,HY13_SEQ_02,1,4.0,complete,raw_calculations/apbs/HY13_SEQ_02/HY13_SEQ_02__ebv__EBV_IEDB_090bd09c6880__s1/eps4/full.stderr.txt,raw_calculations/apbs/HY13_SEQ_02/HY13_SEQ_02__ebv__EBV_IEDB_090bd09c6880__s1/eps4/full.stdout.txt
ebv,EBV_IEDB_090bd09c6880,ubuntu@sha256:2edbbc5dc405e9612ba3584ce95480277e3eb374407b5505fe26f17df77c7dbc,12909959,transient_deleted_after_checksum_and_sampling,7d0982f555b47ebe7af77870ffb7201fc2ffa830ec1dea6f8e13df797577cb80,0,hla_only,raw_calculations/apbs/HY13_SEQ_02/HY13_SEQ_02__ebv__EBV_IEDB_090bd09c6880__s1/eps4/hla_only.in,d195b217ee40241bd7c22686dac789802e6a41de91d216b1b1e497e9ccddaea5,HY13_SEQ_02__ebv__EBV_IEDB_090bd09c6880__s1,HY13_SEQ_02,1,4.0,complete,raw_calculations/apbs/HY13_SEQ_02/HY13_SEQ_02__ebv__EBV_IEDB_090bd09c6880__s1/eps4/hla_only.stderr.txt,raw_calculations/apbs/HY13_SEQ_02/HY13_SEQ_02__ebv__EBV_IEDB_090bd09c6880__s1/eps4/hla_only.stdout.txt
ebv,EBV_IEDB_090bd09c6880,ubuntu@sha256:2edbbc5dc405e9612ba3584ce95480277e3eb374407b5505fe26f17df77c7dbc,12800482,transient_deleted_after_checksum_and_sampling,e141e0fc06bd2e969b10f77d275863a115c5afd85253c493258b444019bc4e07,0,full,raw_calculations/apbs/HY13_SEQ_02/HY13_SEQ_02__ebv__EBV_IEDB_090bd09c6880__s1/eps8/full.in,fb3aed9c29172fe55db4bcf54b7dedef057aa42628bc098104e73efef65604b0,HY13_SEQ_02__ebv__EBV_IEDB_090bd09c6880__s1,HY13_SEQ_02,1,8.0,complete,raw_calculations/apbs/HY13_SEQ_02/HY13_SEQ_02__ebv__EBV_IEDB_090bd09c6880__s1/eps8/full.stderr.txt,raw_calculations/apbs/HY13_SEQ_02/HY13_SEQ_02__ebv__EBV_IEDB_090bd09c6880__s1/eps8/full.stdout.txt
ebv,EBV_IEDB_090bd09c6880,ubuntu@sha256:2edbbc5dc405e9612ba3584ce95480277e3eb374407b5505fe26f17df77c7dbc,12918758,transient_deleted_after_checksum_and_sampling,ec08f3f2be9e620c140b1174a3f1fb94c3c3e1562f33d0193c8029693415ee1d,0,hla_only,raw_calculations/apbs/HY13_SEQ_02/HY13_SEQ_02__ebv__EBV_IEDB_090bd09c6880__s1/eps8/hla_only.in,4a7646d86a51c8b6af794846b1eb9b916e7b354e10747c8c6fa1b94282767a4d,HY13_SEQ_02__ebv__EBV_IEDB_090bd09c6880__s1,HY13_SEQ_02,1,8.0,complete,raw_calculations/apbs/HY13_SEQ_02/HY13_SEQ_02__ebv__EBV_IEDB_090bd09c6880__s1/eps8/hla_only.stderr.txt,raw_calculations/apbs/HY13_SEQ_02/HY13_SEQ_02__ebv__EBV_IEDB_090bd09c6880__s1/eps8/hla_only.stdout.txt
ebv,EBV_IEDB_090bd09c6880,ubuntu@sha256:2edbbc5dc405e9612ba3584ce95480277e3eb374407b5505fe26f17df77c7dbc,12770088,transient_deleted_after_checksum_and_sampling,f7e1c2556357317f12e9795e2b8837421e71dd91e24028a21a457d78ecdd7b7e,0,full,raw_calculations/apbs/HY13_SEQ_02/HY13_SEQ_02__ebv__EBV_IEDB_090bd09c6880__s2/eps2/full.in,d4ef24332ff1d611b29cd071cf48ec9a4be5147116886bc9762937aa84c0c88c,HY13_SEQ_02__ebv__EBV_IEDB_090bd09c6880__s2,HY13_SEQ_02,2,2.0,complete,raw_calculations/apbs/HY13_SEQ_02/HY13_SEQ_02__ebv__EBV_IEDB_090bd09c6880__s2/eps2/full.stderr.txt,raw_calculations/apbs/HY13_SEQ_02/HY13_SEQ_02__ebv__EBV_IEDB_090bd09c6880__s2/eps2/full.stdout.txt
ebv,EBV_IEDB_090bd09c6880,ubuntu@sha256:2edbbc5dc405e9612ba3584ce95480277e3eb374407b5505fe26f17df77c7dbc,12925305,transient_deleted_after_checksum_and_sampling,944cfd5496d0662ff837f401d8d395bed5125365c5b1c585f78e278b75295b97,0,hla_only,raw_calculations/apbs/HY13_SEQ_02/HY13_SEQ_02__ebv__EBV_IEDB_090bd09c6880__s2/eps2/hla_only.in,7ddb5b40fcee622beb3cb9227a828e4ccd4982029ba8916a66fac83b87542107,HY13_SEQ_02__ebv__EBV_IEDB_090bd09c6880__s2,HY13_SEQ_02,2,2.0,complete,raw_calculations/apbs/HY13_SEQ_02/HY13_SEQ_02__ebv__EBV_IEDB_090bd09c6880__s2/eps2/hla_only.stderr.txt,raw_calculations/apbs/HY13_SEQ_02/HY13_SEQ_02__ebv__EBV_IEDB_090bd09c6880__s2/eps2/hla_only.stdout.txt
ebv,EBV_IEDB_090bd09c6880,ubuntu@sha256:2edbbc5dc405e9612ba3584ce95480277e3eb374407b5505fe26f17df77c7dbc,12775034,transient_deleted_after_checksum_and_sampling,2bdd2d372ee4fc867d7062250538a74889ff30e6bb78026ebb7f468daf8b9653,0,full,raw_calculations/apbs/HY13_SEQ_02/HY13_SEQ_02__ebv__EBV_IEDB_090bd09c6880__s2/eps4/full.in,b7b734c66e146767386ab5ea74936b4ad8dc79739f532955920587ee25f7d044,HY13_SEQ_02__ebv__EBV_IEDB_090bd09c6880__s2,HY13_SEQ_02,2,4.0,complete,raw_calculations/apbs/HY13_SEQ_02/HY13_SEQ_02__ebv__EBV_IEDB_090bd09c6880__s2/eps4/full.stderr.txt,raw_calculations/apbs/HY13_SEQ_02/HY13_SEQ_02__ebv__EBV_IEDB_090bd09c6880__s2/eps4/full.stdout.txt
ebv,EBV_IEDB_090bd09c6880,ubuntu@sha256:2edbbc5dc405e9612ba3584ce95480277e3eb374407b5505fe26f17df77c7dbc,12930706,transient_deleted_after_checksum_and_sampling,a3914db1a9429578590e2cb9ecc9040ea60e7051e6944afb4e8f2089aff05f6f,0,hla_only,raw_calculations/apbs/HY13_SEQ_02/HY13_SEQ_02__ebv__EBV_IEDB_090bd09c6880__s2/eps4/hla_only.in,3a6f65546a8eda36b3a8ddff0e68ee5d31057e5a27304d56b24131f62279df9e,HY13_SEQ_02__ebv__EBV_IEDB_090bd09c6880__s2,HY13_SEQ_02,2,4.0,complete,raw_calculations/apbs/HY13_SEQ_02/HY13_SEQ_02__ebv__EBV_IEDB_090bd09c6880__s2/eps4/hla_only.stderr.txt,raw_calculations/apbs/HY13_SEQ_02/HY13_SEQ_02__ebv__EBV_IEDB_090bd09c6880__s2/eps4/hla_only.stdout.txt
ebv,EBV_IEDB_090bd09c6880,ubuntu@sha256:2edbbc5dc405e9612ba3584ce95480277e3eb374407b5505fe26f17df77c7dbc,12783391,transient_deleted_after_checksum_and_sampling,b8569acf27c7c025c0e4bb539223fa961c29989ca1ce751e14f84954a99d842e,0,full,raw_calculations/apbs/HY13_SEQ_02/HY13_SEQ_02__ebv__EBV_IEDB_090bd09c6880__s2/eps8/full.in,71c3afaaa161d82a1c060526cf9a2f12414bfb1c868a3867aaed5d03dcd4a364,HY13_SEQ_02__ebv__EBV_IEDB_090bd09c6880__s2,HY13_SEQ_02,2,8.0,complete,raw_calculations/apbs/HY13_SEQ_02/HY13_SEQ_02__ebv__EBV_IEDB_090bd09c6880__s2/eps8/full.stderr.txt,raw_calculations/apbs/HY13_SEQ_02/HY13_SEQ_02__ebv__EBV_IEDB_090bd09c6880__s2/eps8/full.stdout.txt
ebv,EBV_IEDB_090bd09c6880,ubuntu@sha256:2edbbc5dc405e9612ba3584ce95480277e3eb374407b5505fe26f17df77c7dbc,12939941,transient_deleted_after_checksum_and_sampling,aff7607169826a7eae047a4f6280200a902fa28f7bb3b9808cc4e557be999c6d,0,hla_only,raw_calculations/apbs/HY13_SEQ_02/HY13_SEQ_02__ebv__EBV_IEDB_090bd09c6880__s2/eps8/hla_only.in,f2cce20d9e7b6ad1ca2cd75aed791c8c578b6ec113800f7bc8a3f40b64520b69,HY13_SEQ_02__ebv__EBV_IEDB_090bd09c6880__s2,HY13_SEQ_02,2,8.0,complete,raw_calculations/apbs/HY13_SEQ_02/HY13_SEQ_02__ebv__EBV_IEDB_090bd09c6880__s2/eps8/hla_only.stderr.txt,raw_calculations/apbs/HY13_SEQ_02/HY13_SEQ_02__ebv__EBV_IEDB_090bd09c6880__s2/eps8/hla_only.stdout.txt
ebv,EBV_IEDB_090bd09c6880,ubuntu@sha256:2edbbc5dc405e9612ba3584ce95480277e3eb374407b5505fe26f17df77c7dbc,12852861,transient_deleted_after_checksum_and_sampling,d99fe4142a575013fe56bbc035cb3cfc091bcbdc872cd3c5322ded7ebeff5799,0,full,raw_calculations/apbs/HY13_SEQ_02/HY13_SEQ_02__ebv__EBV_IEDB_090bd09c6880__s3/eps2/full.in,6a6bfb8c12185ea45db5d7897a9fbba7c19a46630e0f985369e1d52f6731b6bd,HY13_SEQ_02__ebv__EBV_IEDB_090bd09c6880__s3,HY13_SEQ_02,3,2.0,complete,raw_calculations/apbs/HY13_SEQ_02/HY13_SEQ_02__ebv__EBV_IEDB_090bd09c6880__s3/eps2/full.stderr.txt,raw_calculations/apbs/HY13_SEQ_02/HY13_SEQ_02__ebv__EBV_IEDB_090bd09c6880__s3/eps2/full.stdout.txt
ebv,EBV_IEDB_090bd09c6880,ubuntu@sha256:2edbbc5dc405e9612ba3584ce95480277e3eb374407b5505fe26f17df77c7dbc,12918844,transient_deleted_after_checksum_and_sampling,f09db312dfa5b91017b08dfe927e438f03d0194ccf5bbf38880ddb86495a8974,0,hla_only,raw_calculations/apbs/HY13_SEQ_02/HY13_SEQ_02__ebv__EBV_IEDB_090bd09c6880__s3/eps2/hla_only.in,c64f159c9453362ddb5a1510c50dfda463eed8cf98b84eb913f1f7c76766cacc,HY13_SEQ_02__ebv__EBV_IEDB_090bd09c6880__s3,HY13_SEQ_02,3,2.0,complete,raw_calculations/apbs/HY13_SEQ_02/HY13_SEQ_02__ebv__EBV_IEDB_090bd09c6880__s3/eps2/hla_only.stderr.txt,raw_calculations/apbs/HY13_SEQ_02/HY13_SEQ_02__ebv__EBV_IEDB_090bd09c6880__s3/eps2/hla_only.stdout.txt
ebv,EBV_IEDB_090bd09c6880,ubuntu@sha256:2edbbc5dc405e9612ba3584ce95480277e3eb374407b5505fe26f17df77c7dbc,12856320,transient_deleted_after_checksum_and_sampling,805691299f073a7fe325194637f22026fabeda6825446d3d56ebe4062fad5ac1,0,full,raw_calculations/apbs/HY13_SEQ_02/HY13_SEQ_02__ebv__EBV_IEDB_090bd09c6880__s3/eps4/full.in,10fea6d64a05fd0a251db9f636181c64f02d22bcb7774f13eff1905dae44ecda,HY13_SEQ_02__ebv__EBV_IEDB_090bd09c6880__s3,HY13_SEQ_02,3,4.0,complete,raw_calculations/apbs/HY13_SEQ_02/HY13_SEQ_02__ebv__EBV_IEDB_090bd09c6880__s3/eps4/full.stderr.txt,raw_calculations/apbs/HY13_SEQ_02/HY13_SEQ_02__ebv__EBV_IEDB_090bd09c6880__s3/eps4/full.stdout.txt
ebv,EBV_IEDB_090bd09c6880,ubuntu@sha256:2edbbc5dc405e9612ba3584ce95480277e3eb374407b5505fe26f17df77c7dbc,12924970,transient_deleted_after_checksum_and_sampling,827c1fe25194597004f009c67d849dc0b3a6ac4546d4f3536ff2b1bf911cacbb,0,hla_only,raw_calculations/apbs/HY13_SEQ_02/HY13_SEQ_02__ebv__EBV_IEDB_090bd09c6880__s3/eps4/hla_only.in,625a109248a72419f5f84babbebb66e601f7f71d023e4a7ecdf9fc19f7189f45,HY13_SEQ_02__ebv__EBV_IEDB_090bd09c6880__s3,HY13_SEQ_02,3,4.0,complete,raw_calculations/apbs/HY13_SEQ_02/HY13_SEQ_02__ebv__EBV_IEDB_090bd09c6880__s3/eps4/hla_only.stderr.txt,raw_calculations/apbs/HY13_SEQ_02/HY13_SEQ_02__ebv__EBV_IEDB_090bd09c6880__s3/eps4/hla_only.stdout.txt
ebv,EBV_IEDB_090bd09c6880,ubuntu@sha256:2edbbc5dc405e9612ba3584ce95480277e3eb374407b5505fe26f17df77c7dbc,12862764,transient_deleted_after_checksum_and_sampling,61e3258bfec90a4c4fef6c3ae2d073e6111f5167f85729744c1a39e424f2d343,0,full,raw_calculations/apbs/HY13_SEQ_02/HY13_SEQ_02__ebv__EBV_IEDB_090bd09c6880__s3/eps8/full.in,7f6f503f3d112858aa295b88a7ad604177039fe74cf9e4ba8508e38a81476bf2,HY13_SEQ_02__ebv__EBV_IEDB_090bd09c6880__s3,HY13_SEQ_02,3,8.0,complete,raw_calculations/apbs/HY13_SEQ_02/HY13_SEQ_02__ebv__EBV_IEDB_090bd09c6880__s3/eps8/full.stderr.txt,raw_calculations/apbs/HY13_SEQ_02/HY13_SEQ_02__ebv__EBV_IEDB_090bd09c6880__s3/eps8/full.stdout.txt
ebv,EBV_IEDB_090bd09c6880,ubuntu@sha256:2edbbc5dc405e9612ba3584ce95480277e3eb374407b5505fe26f17df77c7dbc,12933565,transient_deleted_after_checksum_and_sampling,7739db78b2845681404e79b2f559b7a10b5735abcf4e1eccfab360911d7fe8a0,0,hla_only,raw_calculations/apbs/HY13_SEQ_02/HY13_SEQ_02__ebv__EBV_IEDB_090bd09c6880__s3/eps8/hla_only.in,15b25cefe63c6bc1e6b4b7a94db135307cceb70736a00ca933f4e6468568cad9,HY13_SEQ_02__ebv__EBV_IEDB_090bd09c6880__s3,HY13_SEQ_02,3,8.0,complete,raw_calculations/apbs/HY13_SEQ_02/HY13_SEQ_02__ebv__EBV_IEDB_090bd09c6880__s3/eps8/hla_only.stderr.txt,raw_calculations/apbs/HY13_SEQ_02/HY13_SEQ_02__ebv__EBV_IEDB_090bd09c6880__s3/eps8/hla_only.stdout.txt
ebv,EBV_IEDB_090bd09c6880,ubuntu@sha256:2edbbc5dc405e9612ba3584ce95480277e3eb374407b5505fe26f17df77c7dbc,12783467,transient_deleted_after_checksum_and_sampling,911db2d40e8e43cac4d5dd628e64bd74594d20f76b8dc944c01259a54fb4a777,0,full,raw_calculations/apbs/HY13_SEQ_02/HY13_SEQ_02__ebv__EBV_IEDB_090bd09c6880__s4/eps2/full.in,14c1057cc1df151f282665b4899c792bccd034b1df146a9b66832173df417f1e,HY13_SEQ_02__ebv__EBV_IEDB_090bd09c6880__s4,HY13_SEQ_02,4,2.0,complete,raw_calculations/apbs/HY13_SEQ_02/HY13_SEQ_02__ebv__EBV_IEDB_090bd09c6880__s4/eps2/full.stderr.txt,raw_calculations/apbs/HY13_SEQ_02/HY13_SEQ_02__ebv__EBV_IEDB_090bd09c6880__s4/eps2/full.stdout.txt
ebv,EBV_IEDB_090bd09c6880,ubuntu@sha256:2edbbc5dc405e9612ba3584ce95480277e3eb374407b5505fe26f17df77c7dbc,12919188,transient_deleted_after_checksum_and_sampling,ccd4379bc1207bf9310decacb88553705ef51657c0abfa4d4551678079a5d419,0,hla_only,raw_calculations/apbs/HY13_SEQ_02/HY13_SEQ_02__ebv__EBV_IEDB_090bd09c6880__s4/eps2/hla_only.in,eecb8999fc1bdd602faab9a118a6568385a35875b01dcaf3999599297b99a242,HY13_SEQ_02__ebv__EBV_IEDB_090bd09c6880__s4,HY13_SEQ_02,4,2.0,complete,raw_calculations/apbs/HY13_SEQ_02/HY13_SEQ_02__ebv__EBV_IEDB_090bd09c6880__s4/eps2/hla_only.stderr.txt,raw_calculations/apbs/HY13_SEQ_02/HY13_SEQ_02__ebv__EBV_IEDB_090bd09c6880__s4/eps2/hla_only.stdout.txt
ebv,EBV_IEDB_090bd09c6880,ubuntu@sha256:2edbbc5dc405e9612ba3584ce95480277e3eb374407b5505fe26f17df77c7dbc,12790750,transient_deleted_after_checksum_and_sampling,53e1e14a0093dc0257b4a1b45132ad9cadd203e3fd5337812b5744833b5da720,0,full,raw_calculations/apbs/HY13_SEQ_02/HY13_SEQ_02__ebv__EBV_IEDB_090bd09c6880__s4/eps4/full.in,4b3ddbf4318673bf76ff1796f643ed193d7d4630fe3e4dea827e82f987d854fd,HY13_SEQ_02__ebv__EBV_IEDB_090bd09c6880__s4,HY13_SEQ_02,4,4.0,complete,raw_calculations/apbs/HY13_SEQ_02/HY13_SEQ_02__ebv__EBV_IEDB_090bd09c6880__s4/eps4/full.stderr.txt,raw_calculations/apbs/HY13_SEQ_02/HY13_SEQ_02__ebv__EBV_IEDB_090bd09c6880__s4/eps4/full.stdout.txt
ebv,EBV_IEDB_090bd09c6880,ubuntu@sha256:2edbbc5dc405e9612ba3584ce95480277e3eb374407b5505fe26f17df77c7dbc,12924686,transient_deleted_after_checksum_and_sampling,6e6631e10f6dbc0e2db211331817a0a0c44620fadef1bd5da145c2f651427332,0,hla_only,raw_calculations/apbs/HY13_SEQ_02/HY13_SEQ_02__ebv__EBV_IEDB_090bd09c6880__s4/eps4/hla_only.in,822e645127b3f28dbe1eaf0fe531a422743b71e62fa29093728bd5d6383bd8d9,HY13_SEQ_02__ebv__EBV_IEDB_090bd09c6880__s4,HY13_SEQ_02,4,4.0,complete,raw_calculations/apbs/HY13_SEQ_02/HY13_SEQ_02__ebv__EBV_IEDB_090bd09c6880__s4/eps4/hla_only.stderr.txt,raw_calculations/apbs/HY13_SEQ_02/HY13_SEQ_02__ebv__EBV_IEDB_090bd09c6880__s4/eps4/hla_only.stdout.txt
ebv,EBV_IEDB_090bd09c6880,ubuntu@sha256:2edbbc5dc405e9612ba3584ce95480277e3eb374407b5505fe26f17df77c7dbc,12801118,transient_deleted_after_checksum_and_sampling,03b4275333bbf2190a1ca378397cdde4494d4364362087265c7be9daafe1052f,0,full,raw_calculations/apbs/HY13_SEQ_02/HY13_SEQ_02__ebv__EBV_IEDB_090bd09c6880__s4/eps8/full.in,05c4dd23b8e82f7f7f3c5c3ce9f92ff782bb7bc2ed503660815ff626edd9caed,HY13_SEQ_02__ebv__EBV_IEDB_090bd09c6880__s4,HY13_SEQ_02,4,8.0,complete,raw_calculations/apbs/HY13_SEQ_02/HY13_SEQ_02__ebv__EBV_IEDB_090bd09c6880__s4/eps8/full.stderr.txt,raw_calculations/apbs/HY13_SEQ_02/HY13_SEQ_02__ebv__EBV_IEDB_090bd09c6880__s4/eps8/full.stdout.txt
ebv,EBV_IEDB_090bd09c6880,ubuntu@sha256:2edbbc5dc405e9612ba3584ce95480277e3eb374407b5505fe26f17df77c7dbc,12934055,transient_deleted_after_checksum_and_sampling,642aebb05164bbb42e6522ce9e17a7bafdf24a75ddc6847999d61b25fadbf7da,0,hla_only,raw_calculations/apbs/HY13_SEQ_02/HY13_SEQ_02__ebv__EBV_IEDB_090bd09c6880__s4/eps8/hla_only.in,80c93ab19a2e2aad12cc70de802ad1a90cc47ee8294943ca4826a5060a7033d2,HY13_SEQ_02__ebv__EBV_IEDB_090bd09c6880__s4,HY13_SEQ_02,4,8.0,complete,raw_calculations/apbs/HY13_SEQ_02/HY13_SEQ_02__ebv__EBV_IEDB_090bd09c6880__s4/eps8/hla_only.stderr.txt,raw_calculations/apbs/HY13_SEQ_02/HY13_SEQ_02__ebv__EBV_IEDB_090bd09c6880__s4/eps8/hla_only.stdout.txt
ebv,EBV_IEDB_2fbac9820d7d,ubuntu@sha256:2edbbc5dc405e9612ba3584ce95480277e3eb374407b5505fe26f17df77c7dbc,12836489,transient_deleted_after_checksum_and_sampling,fed69de1ae330a311c94ad9a29bbf3f8f9852cc89808f062461c38efb71139b8,0,full,raw_calculations/apbs/HY13_SEQ_02/HY13_SEQ_02__ebv__EBV_IEDB_2fbac9820d7d__s0/eps2/full.in,973af2b06db083a5dd175794295c32aaaab96eaaaa1d77919dd315a6c27e175a,HY13_SEQ_02__ebv__EBV_IEDB_2fbac9820d7d__s0,HY13_SEQ_02,0,2.0,complete,raw_calculations/apbs/HY13_SEQ_02/HY13_SEQ_02__ebv__EBV_IEDB_2fbac9820d7d__s0/eps2/full.stderr.txt,raw_calculations/apbs/HY13_SEQ_02/HY13_SEQ_02__ebv__EBV_IEDB_2fbac9820d7d__s0/eps2/full.stdout.txt
ebv,EBV_IEDB_2fbac9820d7d,ubuntu@sha256:2edbbc5dc405e9612ba3584ce95480277e3eb374407b5505fe26f17df77c7dbc,12914987,transient_deleted_after_checksum_and_sampling,e369e7072eadf38826a28ca8277de07981010bee67bde9ecafbc8eb52ddcfb6f,0,hla_only,raw_calculations/apbs/HY13_SEQ_02/HY13_SEQ_02__ebv__EBV_IEDB_2fbac9820d7d__s0/eps2/hla_only.in,3a4352e865caafbf23faaa1c003ae95aa2b165ba3938eec4cfa7a0ade6936724,HY13_SEQ_02__ebv__EBV_IEDB_2fbac9820d7d__s0,HY13_SEQ_02,0,2.0,complete,raw_calculations/apbs/HY13_SEQ_02/HY13_SEQ_02__ebv__EBV_IEDB_2fbac9820d7d__s0/eps2/hla_only.stderr.txt,raw_calculations/apbs/HY13_SEQ_02/HY13_SEQ_02__ebv__EBV_IEDB_2fbac9820d7d__s0/eps2/hla_only.stdout.txt
ebv,EBV_IEDB_2fbac9820d7d,ubuntu@sha256:2edbbc5dc405e9612ba3584ce95480277e3eb374407b5505fe26f17df77c7dbc,12840547,transient_deleted_after_checksum_and_sampling,bbe359e49e5192eb0c6c938465e94efce48a6845101b8052288196b68e6ef245,0,full,raw_calculations/apbs/HY13_SEQ_02/HY13_SEQ_02__ebv__EBV_IEDB_2fbac9820d7d__s0/eps4/full.in,73449f2a6d3132cca9cfbcc3d1dad9019c94453675b6c633fd8ca4d9807b788b,HY13_SEQ_02__ebv__EBV_IEDB_2fbac9820d7d__s0,HY13_SEQ_02,0,4.0,complete,raw_calculations/apbs/HY13_SEQ_02/HY13_SEQ_02__ebv__EBV_IEDB_2fbac9820d7d__s0/eps4/full.stderr.txt,raw_calculations/apbs/HY13_SEQ_02/HY13_SEQ_02__ebv__EBV_IEDB_2fbac9820d7d__s0/eps4/full.stdout.txt
ebv,EBV_IEDB_2fbac9820d7d,ubuntu@sha256:2edbbc5dc405e9612ba3584ce95480277e3eb374407b5505fe26f17df77c7dbc,12921316,transient_deleted_after_checksum_and_sampling,bdcf0aa3e0f9f73005149a4aafea612ec87f520063189c7f4856e67968af3667,0,hla_only,raw_calculations/apbs/HY13_SEQ_02/HY13_SEQ_02__ebv__EBV_IEDB_2fbac9820d7d__s0/eps4/hla_only.in,a4a9fae2d92202af0046574c0b0966ca78e927b0430864cf32406fbc99b2c8ea,HY13_SEQ_02__ebv__EBV_IEDB_2fbac9820d7d__s0,HY13_SEQ_02,0,4.0,complete,raw_calculations/apbs/HY13_SEQ_02/HY13_SEQ_02__ebv__EBV_IEDB_2fbac9820d7d__s0/eps4/hla_only.stderr.txt,raw_calculations/apbs/HY13_SEQ_02/HY13_SEQ_02__ebv__EBV_IEDB_2fbac9820d7d__s0/eps4/hla_only.stdout.txt
ebv,EBV_IEDB_2fbac9820d7d,ubuntu@sha256:2edbbc5dc405e9612ba3584ce95480277e3eb374407b5505fe26f17df77c7dbc,12848960,transient_deleted_after_checksum_and_sampling,d17d72d468c7c81363b48ac82f7e32cdab636d455776aeb640f72af66fd6622b,0,full,raw_calculations/apbs/HY13_SEQ_02/HY13_SEQ_02__ebv__EBV_IEDB_2fbac9820d7d__s0/eps8/full.in,0a11fa804e9550022681bcd78de31f11c5f09db7f3322a3a8b80feebc54b4057,HY13_SEQ_02__ebv__EBV_IEDB_2fbac9820d7d__s0,HY13_SEQ_02,0,8.0,complete,raw_calculations/apbs/HY13_SEQ_02/HY13_SEQ_02__ebv__EBV_IEDB_2fbac9820d7d__s0/eps8/full.stderr.txt,raw_calculations/apbs/HY13_SEQ_02/HY13_SEQ_02__ebv__EBV_IEDB_2fbac9820d7d__s0/eps8/full.stdout.txt
ebv,EBV_IEDB_2fbac9820d7d,ubuntu@sha256:2edbbc5dc405e9612ba3584ce95480277e3eb374407b5505fe26f17df77c7dbc,12931051,transient_deleted_after_checksum_and_sampling,5bc3c6db08dbd28de253c155d1c3ade28e9b8b2f97dbd64edd2d98aa9bf6e0cc,0,hla_only,raw_calculations/apbs/HY13_SEQ_02/HY13_SEQ_02__ebv__EBV_IEDB_2fbac9820d7d__s0/eps8/hla_only.in,337125b1e605ca4eda9747200467c45fb6a40f83b10ae5e3addc2c34ce87dc97,HY13_SEQ_02__ebv__EBV_IEDB_2fbac9820d7d__s0,HY13_SEQ_02,0,8.0,complete,raw_calculations/apbs/HY13_SEQ_02/HY13_SEQ_02__ebv__EBV_IEDB_2fbac9820d7d__s0/eps8/hla_only.stderr.txt,raw_calculations/apbs/HY13_SEQ_02/HY13_SEQ_02__ebv__EBV_IEDB_2fbac9820d7d__s0/eps8/hla_only.stdout.txt
ebv,EBV_IEDB_2fbac9820d7d,ubuntu@sha256:2edbbc5dc405e9612ba3584ce95480277e3eb374407b5505fe26f17df77c7dbc,12798048,transient_deleted_after_checksum_and_sampling,7578064693144cfed22b5ca37e0aef9a4ea6cd07ad86436b811c349891a1e4c5,0,full,raw_calculations/apbs/HY13_SEQ_02/HY13_SEQ_02__ebv__EBV_IEDB_2fbac9820d7d__s1/eps2/full.in,0bf3e7d7d2cfb5bb5603bb565323eb23d5ca31409720074071b968675c5956f5,HY13_SEQ_02__ebv__EBV_IEDB_2fbac9820d7d__s1,HY13_SEQ_02,1,2.0,complete,raw_calculations/apbs/HY13_SEQ_02/HY13_SEQ_02__ebv__EBV_IEDB_2fbac9820d7d__s1/eps2/full.stderr.txt,raw_calculations/apbs/HY13_SEQ_02/HY13_SEQ_02__ebv__EBV_IEDB_2fbac9820d7d__s1/eps2/full.stdout.txt
ebv,EBV_IEDB_2fbac9820d7d,ubuntu@sha256:2edbbc5dc405e9612ba3584ce95480277e3eb374407b5505fe26f17df77c7dbc,12915822,transient_deleted_after_checksum_and_sampling,eff166612de68aa7dce169af7ef091c1de442d11b47d8926e8ca7529639e7986,0,hla_only,raw_calculations/apbs/HY13_SEQ_02/HY13_SEQ_02__ebv__EBV_IEDB_2fbac9820d7d__s1/eps2/hla_only.in,0817a75d5522de81546b797af5f26f684a7c7d3fb62c0aac3a1faaa8b9956d76,HY13_SEQ_02__ebv__EBV_IEDB_2fbac9820d7d__s1,HY13_SEQ_02,1,2.0,complete,raw_calculations/apbs/HY13_SEQ_02/HY13_SEQ_02__ebv__EBV_IEDB_2fbac9820d7d__s1/eps2/hla_only.stderr.txt,raw_calculations/apbs/HY13_SEQ_02/HY13_SEQ_02__ebv__EBV_IEDB_2fbac9820d7d__s1/eps2/hla_only.stdout.txt
ebv,EBV_IEDB_2fbac9820d7d,ubuntu@sha256:2edbbc5dc405e9612ba3584ce95480277e3eb374407b5505fe26f17df77c7dbc,12800960,transient_deleted_after_checksum_and_sampling,e78843baff9cf7d5d4afcc06996ce48229333c7ac665d8f46694f7573ed18d19,0,full,raw_calculations/apbs/HY13_SEQ_02/HY13_SEQ_02__ebv__EBV_IEDB_2fbac9820d7d__s1/eps4/full.in,0186aa9aad3e0ef9c0adfd2a3bafe8df193d071687425c6664985129c674913a,HY13_SEQ_02__ebv__EBV_IEDB_2fbac9820d7d__s1,HY13_SEQ_02,1,4.0,complete,raw_calculations/apbs/HY13_SEQ_02/HY13_SEQ_02__ebv__EBV_IEDB_2fbac9820d7d__s1/eps4/full.stderr.txt,raw_calculations/apbs/HY13_SEQ_02/HY13_SEQ_02__ebv__EBV_IEDB_2fbac9820d7d__s1/eps4/full.stdout.txt
ebv,EBV_IEDB_2fbac9820d7d,ubuntu@sha256:2edbbc5dc405e9612ba3584ce95480277e3eb374407b5505fe26f17df77c7dbc,12922597,transient_deleted_after_checksum_and_sampling,9bc0208e43136dafc33967f247eef44b9d426a7bd056445f42556e20664adbe1,0,hla_only,raw_calculations/apbs/HY13_SEQ_02/HY13_SEQ_02__ebv__EBV_IEDB_2fbac9820d7d__s1/eps4/hla_only.in,67e4fcd1a87e99904d5f0cf446faf81a4ee7cc5c140f0f23702f50bf1ff25a0c,HY13_SEQ_02__ebv__EBV_IEDB_2fbac9820d7d__s1,HY13_SEQ_02,1,4.0,complete,raw_calculations/apbs/HY13_SEQ_02/HY13_SEQ_02__ebv__EBV_IEDB_2fbac9820d7d__s1/eps4/hla_only.stderr.txt,raw_calculations/apbs/HY13_SEQ_02/HY13_SEQ_02__ebv__EBV_IEDB_2fbac9820d7d__s1/eps4/hla_only.stdout.txt
ebv,EBV_IEDB_2fbac9820d7d,ubuntu@sha256:2edbbc5dc405e9612ba3584ce95480277e3eb374407b5505fe26f17df77c7dbc,12807062,transient_deleted_after_checksum_and_sampling,45253dc2e8111f43ed476913b43ba0b32c225a1cde6397012b78c21e881efebb,0,full,raw_calculations/apbs/HY13_SEQ_02/HY13_SEQ_02__ebv__EBV_IEDB_2fbac9820d7d__s1/eps8/full.in,a99e45ca49ef342f811a7661c97a2909891f500f33bf0b714a343b2cae97258f,HY13_SEQ_02__ebv__EBV_IEDB_2fbac9820d7d__s1,HY13_SEQ_02,1,8.0,complete,raw_calculations/apbs/HY13_SEQ_02/HY13_SEQ_02__ebv__EBV_IEDB_2fbac9820d7d__s1/eps8/full.stderr.txt,raw_calculations/apbs/HY13_SEQ_02/HY13_SEQ_02__ebv__EBV_IEDB_2fbac9820d7d__s1/eps8/full.stdout.txt
ebv,EBV_IEDB_2fbac9820d7d,ubuntu@sha256:2edbbc5dc405e9612ba3584ce95480277e3eb374407b5505fe26f17df77c7dbc,12932425,transient_deleted_after_checksum_and_sampling,406e597fc8995bb116d530ae60a19e176cce8b508e48b2692bfbf564dcae0335,0,hla_only,raw_calculations/apbs/HY13_SEQ_02/HY13_SEQ_02__ebv__EBV_IEDB_2fbac9820d7d__s1/eps8/hla_only.in,b986f02e91914a9e20cd7e1ac1742cfe650e2d8b6e4ec401360ea21dcb3258d3,HY13_SEQ_02__ebv__EBV_IEDB_2fbac9820d7d__s1,HY13_SEQ_02,1,8.0,complete,raw_calculations/apbs/HY13_SEQ_02/HY13_SEQ_02__ebv__EBV_IEDB_2fbac9820d7d__s1/eps8/hla_only.stderr.txt,raw_calculations/apbs/HY13_SEQ_02/HY13_SEQ_02__ebv__EBV_IEDB_2fbac9820d7d__s1/eps8/hla_only.stdout.txt
ebv,EBV_IEDB_2fbac9820d7d,ubuntu@sha256:2edbbc5dc405e9612ba3584ce95480277e3eb374407b5505fe26f17df77c7dbc,12833732,transient_deleted_after_checksum_and_sampling,41e80229a9636ae32cd0a607aed79531d82e9f9440c96210afe36d6243ef7747,0,full,raw_calculations/apbs/HY13_SEQ_02/HY13_SEQ_02__ebv__EBV_IEDB_2fbac9820d7d__s2/eps2/full.in,f304a2a10cbb111a2a956defe1e713f8d3c71bcf4160518e5a396a9f02b24d27,HY13_SEQ_02__ebv__EBV_IEDB_2fbac9820d7d__s2,HY13_SEQ_02,2,2.0,complete,raw_calculations/apbs/HY13_SEQ_02/HY13_SEQ_02__ebv__EBV_IEDB_2fbac9820d7d__s2/eps2/full.stderr.txt,raw_calculations/apbs/HY13_SEQ_02/HY13_SEQ_02__ebv__EBV_IEDB_2fbac9820d7d__s2/eps2/full.stdout.txt
ebv,EBV_IEDB_2fbac9820d7d,ubuntu@sha256:2edbbc5dc405e9612ba3584ce95480277e3eb374407b5505fe26f17df77c7dbc,12908049,transient_deleted_after_checksum_and_sampling,a1ff253584a5dcd66c70d92f5c5fd553c9cda185413de211989d8a3796b3226b,0,hla_only,raw_calculations/apbs/HY13_SEQ_02/HY13_SEQ_02__ebv__EBV_IEDB_2fbac9820d7d__s2/eps2/hla_only.in,1c4470b5c5239ffb873297a0360845500fba1e9c8a2f9e374be1d71875bbb3bd,HY13_SEQ_02__ebv__EBV_IEDB_2fbac9820d7d__s2,HY13_SEQ_02,2,2.0,complete,raw_calculations/apbs/HY13_SEQ_02/HY13_SEQ_02__ebv__EBV_IEDB_2fbac9820d7d__s2/eps2/hla_only.stderr.txt,raw_calculations/apbs/HY13_SEQ_02/HY13_SEQ_02__ebv__EBV_IEDB_2fbac9820d7d__s2/eps2/hla_only.stdout.txt
ebv,EBV_IEDB_2fbac9820d7d,ubuntu@sha256:2edbbc5dc405e9612ba3584ce95480277e3eb374407b5505fe26f17df77c7dbc,12838620,transient_deleted_after_checksum_and_sampling,da357b1decadec483ac53f7aadb2b41dd1e6bc6b725745f3452719deaa3fb5ca,0,full,raw_calculations/apbs/HY13_SEQ_02/HY13_SEQ_02__ebv__EBV_IEDB_2fbac9820d7d__s2/eps4/full.in,3051bee7da78d05436d75e0e37be40f492f8150c95658346c850f3c0479fc007,HY13_SEQ_02__ebv__EBV_IEDB_2fbac9820d7d__s2,HY13_SEQ_02,2,4.0,complete,raw_calculations/apbs/HY13_SEQ_02/HY13_SEQ_02__ebv__EBV_IEDB_2fbac9820d7d__s2/eps4/full.stderr.txt,raw_calculations/apbs/HY13_SEQ_02/HY13_SEQ_02__ebv__EBV_IEDB_2fbac9820d7d__s2/eps4/full.stdout.txt
ebv,EBV_IEDB_2fbac9820d7d,ubuntu@sha256:2edbbc5dc405e9612ba3584ce95480277e3eb374407b5505fe26f17df77c7dbc,12914216,transient_deleted_after_checksum_and_sampling,3ad1cb68521465c009cf4a720dec282f9d68d69de848f79ce2fc322de4388b0f,0,hla_only,raw_calculations/apbs/HY13_SEQ_02/HY13_SEQ_02__ebv__EBV_IEDB_2fbac9820d7d__s2/eps4/hla_only.in,b9517d46acba0b0c79a68cd88bc2148f2361badc94dbe70b71e582fc3e94fa6c,HY13_SEQ_02__ebv__EBV_IEDB_2fbac9820d7d__s2,HY13_SEQ_02,2,4.0,complete,raw_calculations/apbs/HY13_SEQ_02/HY13_SEQ_02__ebv__EBV_IEDB_2fbac9820d7d__s2/eps4/hla_only.stderr.txt,raw_calculations/apbs/HY13_SEQ_02/HY13_SEQ_02__ebv__EBV_IEDB_2fbac9820d7d__s2/eps4/hla_only.stdout.txt
ebv,EBV_IEDB_2fbac9820d7d,ubuntu@sha256:2edbbc5dc405e9612ba3584ce95480277e3eb374407b5505fe26f17df77c7dbc,12846505,transient_deleted_after_checksum_and_sampling,a229a6c695f3587953af20aa419ff457edec35c95e0e4fba6c7c840d7dc604fe,0,full,raw_calculations/apbs/HY13_SEQ_02/HY13_SEQ_02__ebv__EBV_IEDB_2fbac9820d7d__s2/eps8/full.in,136698300590fcfeac54c21fcc578bd3da17e57af7e7891ed204fa2846734ec9,HY13_SEQ_02__ebv__EBV_IEDB_2fbac9820d7d__s2,HY13_SEQ_02,2,8.0,complete,raw_calculations/apbs/HY13_SEQ_02/HY13_SEQ_02__ebv__EBV_IEDB_2fbac9820d7d__s2/eps8/full.stderr.txt,raw_calculations/apbs/HY13_SEQ_02/HY13_SEQ_02__ebv__EBV_IEDB_2fbac9820d7d__s2/eps8/full.stdout.txt
ebv,EBV_IEDB_2fbac9820d7d,ubuntu@sha256:2edbbc5dc405e9612ba3584ce95480277e3eb374407b5505fe26f17df77c7dbc,12923085,transient_deleted_after_checksum_and_sampling,399acf94e07f0472edaeb51ee3113b282eabb6e1717797959f7fa6e50e4305e6,0,hla_only,raw_calculations/apbs/HY13_SEQ_02/HY13_SEQ_02__ebv__EBV_IEDB_2fbac9820d7d__s2/eps8/hla_only.in,b86eea07f09572457c7f08c1ff5b8fff845f975a2798627ba348a0772c5cd590,HY13_SEQ_02__ebv__EBV_IEDB_2fbac9820d7d__s2,HY13_SEQ_02,2,8.0,complete,raw_calculations/apbs/HY13_SEQ_02/HY13_SEQ_02__ebv__EBV_IEDB_2fbac9820d7d__s2/eps8/hla_only.stderr.txt,raw_calculations/apbs/HY13_SEQ_02/HY13_SEQ_02__ebv__EBV_IEDB_2fbac9820d7d__s2/eps8/hla_only.stdout.txt
ebv,EBV_IEDB_2fbac9820d7d,ubuntu@sha256:2edbbc5dc405e9612ba3584ce95480277e3eb374407b5505fe26f17df77c7dbc,12876889,transient_deleted_after_checksum_and_sampling,18d3ebd211f6691e0b34b7ef791384a88d44d23268b17f9eef939d9eea552380,0,full,raw_calculations/apbs/HY13_SEQ_02/HY13_SEQ_02__ebv__EBV_IEDB_2fbac9820d7d__s3/eps2/full.in,dd2ffc5fd309616f42e1d6d1e44d73c11ea4104f47eed8fb9e3b5c60dbe02e17,HY13_SEQ_02__ebv__EBV_IEDB_2fbac9820d7d__s3,HY13_SEQ_02,3,2.0,complete,raw_calculations/apbs/HY13_SEQ_02/HY13_SEQ_02__ebv__EBV_IEDB_2fbac9820d7d__s3/eps2/full.stderr.txt,raw_calculations/apbs/HY13_SEQ_02/HY13_SEQ_02__ebv__EBV_IEDB_2fbac9820d7d__s3/eps2/full.stdout.txt
ebv,EBV_IEDB_2fbac9820d7d,ubuntu@sha256:2edbbc5dc405e9612ba3584ce95480277e3eb374407b5505fe26f17df77c7dbc,12910063,transient_deleted_after_checksum_and_sampling,5ccaead64d5ce0b5e1184dc8fa89d0d5b068b92f03db3883bc22b68f81a1daae,0,hla_only,raw_calculations/apbs/HY13_SEQ_02/HY13_SEQ_02__ebv__EBV_IEDB_2fbac9820d7d__s3/eps2/hla_only.in,445754d3c7f7d3f5de6b913eca247af9c2c080b649951b40c56e3b418c838037,HY13_SEQ_02__ebv__EBV_IEDB_2fbac9820d7d__s3,HY13_SEQ_02,3,2.0,complete,raw_calculations/apbs/HY13_SEQ_02/HY13_SEQ_02__ebv__EBV_IEDB_2fbac9820d7d__s3/eps2/hla_only.stderr.txt,raw_calculations/apbs/HY13_SEQ_02/HY13_SEQ_02__ebv__EBV_IEDB_2fbac9820d7d__s3/eps2/hla_only.stdout.txt
ebv,EBV_IEDB_2fbac9820d7d,ubuntu@sha256:2edbbc5dc405e9612ba3584ce95480277e3eb374407b5505fe26f17df77c7dbc,12881882,transient_deleted_after_checksum_and_sampling,5af8e0dfe05c54ce7fc6fa629c4dd46c0a651a6572a519edadc991c4f4e045e2,0,full,raw_calculations/apbs/HY13_SEQ_02/HY13_SEQ_02__ebv__EBV_IEDB_2fbac9820d7d__s3/eps4/full.in,d3360557d3a466fa87d13198c5bc0f3b713378e794c7944d10da21ec56a75529,HY13_SEQ_02__ebv__EBV_IEDB_2fbac9820d7d__s3,HY13_SEQ_02,3,4.0,complete,raw_calculations/apbs/HY13_SEQ_02/HY13_SEQ_02__ebv__EBV_IEDB_2fbac9820d7d__s3/eps4/full.stderr.txt,raw_calculations/apbs/HY13_SEQ_02/HY13_SEQ_02__ebv__EBV_IEDB_2fbac9820d7d__s3/eps4/full.stdout.txt
ebv,EBV_IEDB_2fbac9820d7d,ubuntu@sha256:2edbbc5dc405e9612ba3584ce95480277e3eb374407b5505fe26f17df77c7dbc,12916930,transient_deleted_after_checksum_and_sampling,db7fe3121f86eb84c0797f4fda2dcd4750172e9fd512f6bef9be12f5460768c7,0,hla_only,raw_calculations/apbs/HY13_SEQ_02/HY13_SEQ_02__ebv__EBV_IEDB_2fbac9820d7d__s3/eps4/hla_only.in,6b67189eef0b35246d24463c67dc5780e5810d354136e83d26d2944eae15364a,HY13_SEQ_02__ebv__EBV_IEDB_2fbac9820d7d__s3,HY13_SEQ_02,3,4.0,complete,raw_calculations/apbs/HY13_SEQ_02/HY13_SEQ_02__ebv__EBV_IEDB_2fbac9820d7d__s3/eps4/hla_only.stderr.txt,raw_calculations/apbs/HY13_SEQ_02/HY13_SEQ_02__ebv__EBV_IEDB_2fbac9820d7d__s3/eps4/hla_only.stdout.txt
ebv,EBV_IEDB_2fbac9820d7d,ubuntu@sha256:2edbbc5dc405e9612ba3584ce95480277e3eb374407b5505fe26f17df77c7dbc,12890003,transient_deleted_after_checksum_and_sampling,9d3e63457463e1e1c1cd4dda8cefdf56507621ffb29036cdd051ce133ce7a107,0,full,raw_calculations/apbs/HY13_SEQ_02/HY13_SEQ_02__ebv__EBV_IEDB_2fbac9820d7d__s3/eps8/full.in,f7dc001933d5a419d5038eb087a73aa7adc0c7401add665536c4da6078c2f91e,HY13_SEQ_02__ebv__EBV_IEDB_2fbac9820d7d__s3,HY13_SEQ_02,3,8.0,complete,raw_calculations/apbs/HY13_SEQ_02/HY13_SEQ_02__ebv__EBV_IEDB_2fbac9820d7d__s3/eps8/full.stderr.txt,raw_calculations/apbs/HY13_SEQ_02/HY13_SEQ_02__ebv__EBV_IEDB_2fbac9820d7d__s3/eps8/full.stdout.txt
ebv,EBV_IEDB_2fbac9820d7d,ubuntu@sha256:2edbbc5dc405e9612ba3584ce95480277e3eb374407b5505fe26f17df77c7dbc,12926643,transient_deleted_after_checksum_and_sampling,df13bd43c6f43f1ae1c42bac053e66f3c16223de013b229dacb2809d2b12d190,0,hla_only,raw_calculations/apbs/HY13_SEQ_02/HY13_SEQ_02__ebv__EBV_IEDB_2fbac9820d7d__s3/eps8/hla_only.in,7588ecde00b5a12b5eeaea24d70d05a8195cd4b19f3c383a69679d22e83ee503,HY13_SEQ_02__ebv__EBV_IEDB_2fbac9820d7d__s3,HY13_SEQ_02,3,8.0,complete,raw_calculations/apbs/HY13_SEQ_02/HY13_SEQ_02__ebv__EBV_IEDB_2fbac9820d7d__s3/eps8/hla_only.stderr.txt,raw_calculations/apbs/HY13_SEQ_02/HY13_SEQ_02__ebv__EBV_IEDB_2fbac9820d7d__s3/eps8/hla_only.stdout.txt
ebv,EBV_IEDB_2fbac9820d7d,ubuntu@sha256:2edbbc5dc405e9612ba3584ce95480277e3eb374407b5505fe26f17df77c7dbc,12801598,transient_deleted_after_checksum_and_sampling,16b2c24be7b5acda11791d874d892e060ff213c61db957ee5b7bbe2203e420a1,0,full,raw_calculations/apbs/HY13_SEQ_02/HY13_SEQ_02__ebv__EBV_IEDB_2fbac9820d7d__s4/eps2/full.in,e3547665fdb19f138a7b45892478467a2a8b3ab9d55a08df9bee217da2cbc23e,HY13_SEQ_02__ebv__EBV_IEDB_2fbac9820d7d__s4,HY13_SEQ_02,4,2.0,complete,raw_calculations/apbs/HY13_SEQ_02/HY13_SEQ_02__ebv__EBV_IEDB_2fbac9820d7d__s4/eps2/full.stderr.txt,raw_calculations/apbs/HY13_SEQ_02/HY13_SEQ_02__ebv__EBV_IEDB_2fbac9820d7d__s4/eps2/full.stdout.txt
ebv,EBV_IEDB_2fbac9820d7d,ubuntu@sha256:2edbbc5dc405e9612ba3584ce95480277e3eb374407b5505fe26f17df77c7dbc,12912736,transient_deleted_after_checksum_and_sampling,2804c36c6198061d7f203cfbccf8b90be4995bc338b9f3a16f924d4113764264,0,hla_only,raw_calculations/apbs/HY13_SEQ_02/HY13_SEQ_02__ebv__EBV_IEDB_2fbac9820d7d__s4/eps2/hla_only.in,1f5687a371584954316c289130e740420361c473812c358783f5bfe98e54da4e,HY13_SEQ_02__ebv__EBV_IEDB_2fbac9820d7d__s4,HY13_SEQ_02,4,2.0,complete,raw_calculations/apbs/HY13_SEQ_02/HY13_SEQ_02__ebv__EBV_IEDB_2fbac9820d7d__s4/eps2/hla_only.stderr.txt,raw_calculations/apbs/HY13_SEQ_02/HY13_SEQ_02__ebv__EBV_IEDB_2fbac9820d7d__s4/eps2/hla_only.stdout.txt
ebv,EBV_IEDB_2fbac9820d7d,ubuntu@sha256:2edbbc5dc405e9612ba3584ce95480277e3eb374407b5505fe26f17df77c7dbc,12807798,transient_deleted_after_checksum_and_sampling,e94381e133231adbdfc36919ad7c0e6ab5cd99bb8d8a44b41cdda92621446829,0,full,raw_calculations/apbs/HY13_SEQ_02/HY13_SEQ_02__ebv__EBV_IEDB_2fbac9820d7d__s4/eps4/full.in,f312f5443a4c799dabeddf59a8d4b5187bb13d272f1c04ea28ba74ebc2989278,HY13_SEQ_02__ebv__EBV_IEDB_2fbac9820d7d__s4,HY13_SEQ_02,4,4.0,complete,raw_calculations/apbs/HY13_SEQ_02/HY13_SEQ_02__ebv__EBV_IEDB_2fbac9820d7d__s4/eps4/full.stderr.txt,raw_calculations/apbs/HY13_SEQ_02/HY13_SEQ_02__ebv__EBV_IEDB_2fbac9820d7d__s4/eps4/full.stdout.txt
ebv,EBV_IEDB_2fbac9820d7d,ubuntu@sha256:2edbbc5dc405e9612ba3584ce95480277e3eb374407b5505fe26f17df77c7dbc,12918359,transient_deleted_after_checksum_and_sampling,bfb5dcdb580524e221b0b939ec29ced1133a7b145c6714a60b7c7ee0367ca335,0,hla_only,raw_calculations/apbs/HY13_SEQ_02/HY13_SEQ_02__ebv__EBV_IEDB_2fbac9820d7d__s4/eps4/hla_only.in,9cd0a2286c88c90a3cde851b8c16f6ba8a4359c273201264044165d6b6812c7d,HY13_SEQ_02__ebv__EBV_IEDB_2fbac9820d7d__s4,HY13_SEQ_02,4,4.0,complete,raw_calculations/apbs/HY13_SEQ_02/HY13_SEQ_02__ebv__EBV_IEDB_2fbac9820d7d__s4/eps4/hla_only.stderr.txt,raw_calculations/apbs/HY13_SEQ_02/HY13_SEQ_02__ebv__EBV_IEDB_2fbac9820d7d__s4/eps4/hla_only.stdout.txt
ebv,EBV_IEDB_2fbac9820d7d,ubuntu@sha256:2edbbc5dc405e9612ba3584ce95480277e3eb374407b5505fe26f17df77c7dbc,12817782,transient_deleted_after_checksum_and_sampling,058dd026e57a3cdbd1d250251b9e375a843018152a46499843c69a4c7f6883d5,0,full,raw_calculations/apbs/HY13_SEQ_02/HY13_SEQ_02__ebv__EBV_IEDB_2fbac9820d7d__s4/eps8/full.in,9a50f05909018eb941359db8f1de0b2c163bb7b9effebe2b254ff8bf2010b116,HY13_SEQ_02__ebv__EBV_IEDB_2fbac9820d7d__s4,HY13_SEQ_02,4,8.0,complete,raw_calculations/apbs/HY13_SEQ_02/HY13_SEQ_02__ebv__EBV_IEDB_2fbac9820d7d__s4/eps8/full.stderr.txt,raw_calculations/apbs/HY13_SEQ_02/HY13_SEQ_02__ebv__EBV_IEDB_2fbac9820d7d__s4/eps8/full.stdout.txt
ebv,EBV_IEDB_2fbac9820d7d,ubuntu@sha256:2edbbc5dc405e9612ba3584ce95480277e3eb374407b5505fe26f17df77c7dbc,12927170,transient_deleted_after_checksum_and_sampling,1402bd1afd6cf63d0fdb469495b8f5d8e68c55a9380ae0a49300694445a7a72e,0,hla_only,raw_calculations/apbs/HY13_SEQ_02/HY13_SEQ_02__ebv__EBV_IEDB_2fbac9820d7d__s4/eps8/hla_only.in,a6f6559f3e9627fc8ed126646586b22fa120b81d607ccf96647fd287d3bf77d5,HY13_SEQ_02__ebv__EBV_IEDB_2fbac9820d7d__s4,HY13_SEQ_02,4,8.0,complete,raw_calculations/apbs/HY13_SEQ_02/HY13_SEQ_02__ebv__EBV_IEDB_2fbac9820d7d__s4/eps8/hla_only.stderr.txt,raw_calculations/apbs/HY13_SEQ_02/HY13_SEQ_02__ebv__EBV_IEDB_2fbac9820d7d__s4/eps8/hla_only.stdout.txt
ebv,EBV_IEDB_339d4044147d,ubuntu@sha256:2edbbc5dc405e9612ba3584ce95480277e3eb374407b5505fe26f17df77c7dbc,12914091,transient_deleted_after_checksum_and_sampling,a7d9d4b41fb220d7725a9d43a1af25398b8943b43ee2e7b041014adc6aeb484d,0,full,raw_calculations/apbs/HY13_SEQ_02/HY13_SEQ_02__ebv__EBV_IEDB_339d4044147d__s0/eps2/full.in,f07338b2be8e30ee09598a1db52f93368676290055e1e49d7769cbd663c57fc7,HY13_SEQ_02__ebv__EBV_IEDB_339d4044147d__s0,HY13_SEQ_02,0,2.0,complete,raw_calculations/apbs/HY13_SEQ_02/HY13_SEQ_02__ebv__EBV_IEDB_339d4044147d__s0/eps2/full.stderr.txt,raw_calculations/apbs/HY13_SEQ_02/HY13_SEQ_02__ebv__EBV_IEDB_339d4044147d__s0/eps2/full.stdout.txt
ebv,EBV_IEDB_339d4044147d,ubuntu@sha256:2edbbc5dc405e9612ba3584ce95480277e3eb374407b5505fe26f17df77c7dbc,12917664,transient_deleted_after_checksum_and_sampling,f4f6bb0d9dab2c1b4928d0a258ff349f0d36c8f7484338edcd6b39d284feb439,0,hla_only,raw_calculations/apbs/HY13_SEQ_02/HY13_SEQ_02__ebv__EBV_IEDB_339d4044147d__s0/eps2/hla_only.in,21afc7c382cef4e2c65880150985d7a09c82d3e3d39d5acf32a7c05d1caa1155,HY13_SEQ_02__ebv__EBV_IEDB_339d4044147d__s0,HY13_SEQ_02,0,2.0,complete,raw_calculations/apbs/HY13_SEQ_02/HY13_SEQ_02__ebv__EBV_IEDB_339d4044147d__s0/eps2/hla_only.stderr.txt,raw_calculations/apbs/HY13_SEQ_02/HY13_SEQ_02__ebv__EBV_IEDB_339d4044147d__s0/eps2/hla_only.stdout.txt
ebv,EBV_IEDB_339d4044147d,ubuntu@sha256:2edbbc5dc405e9612ba3584ce95480277e3eb374407b5505fe26f17df77c7dbc,12921760,transient_deleted_after_checksum_and_sampling,5ebed7c0d876b495c3550aa1c989571964552dc29f2beb28e2c6043cda856e48,0,full,raw_calculations/apbs/HY13_SEQ_02/HY13_SEQ_02__ebv__EBV_IEDB_339d4044147d__s0/eps4/full.in,b12f647130f9512c5f2198f2d5a257e6b5c48ba45d5c6e8ffa8d46efb58077c4,HY13_SEQ_02__ebv__EBV_IEDB_339d4044147d__s0,HY13_SEQ_02,0,4.0,complete,raw_calculations/apbs/HY13_SEQ_02/HY13_SEQ_02__ebv__EBV_IEDB_339d4044147d__s0/eps4/full.stderr.txt,raw_calculations/apbs/HY13_SEQ_02/HY13_SEQ_02__ebv__EBV_IEDB_339d4044147d__s0/eps4/full.stdout.txt
ebv,EBV_IEDB_339d4044147d,ubuntu@sha256:2edbbc5dc405e9612ba3584ce95480277e3eb374407b5505fe26f17df77c7dbc,12925654,transient_deleted_after_checksum_and_sampling,37a96e267aef67d6b8e06232d39fe05ea91c3f0a48bb7066361906aad23e2126,0,hla_only,raw_calculations/apbs/HY13_SEQ_02/HY13_SEQ_02__ebv__EBV_IEDB_339d4044147d__s0/eps4/hla_only.in,4ff1977d5b37441c9a4c106a48f521c73af93699b0dd34388c30bdb495bd52c6,HY13_SEQ_02__ebv__EBV_IEDB_339d4044147d__s0,HY13_SEQ_02,0,4.0,complete,raw_calculations/apbs/HY13_SEQ_02/HY13_SEQ_02__ebv__EBV_IEDB_339d4044147d__s0/eps4/hla_only.stderr.txt,raw_calculations/apbs/HY13_SEQ_02/HY13_SEQ_02__ebv__EBV_IEDB_339d4044147d__s0/eps4/hla_only.stdout.txt
ebv,EBV_IEDB_339d4044147d,ubuntu@sha256:2edbbc5dc405e9612ba3584ce95480277e3eb374407b5505fe26f17df77c7dbc,12932732,transient_deleted_after_checksum_and_sampling,f4cfa2277b6369aefaa1cbce87e0601c85055e59856656463404a24baa462741,0,full,raw_calculations/apbs/HY13_SEQ_02/HY13_SEQ_02__ebv__EBV_IEDB_339d4044147d__s0/eps8/full.in,88a1d6bfc6fce2cb4c08a20197d7d0312fb56bf1ca218647a8981fa65f76ecaa,HY13_SEQ_02__ebv__EBV_IEDB_339d4044147d__s0,HY13_SEQ_02,0,8.0,complete,raw_calculations/apbs/HY13_SEQ_02/HY13_SEQ_02__ebv__EBV_IEDB_339d4044147d__s0/eps8/full.stderr.txt,raw_calculations/apbs/HY13_SEQ_02/HY13_SEQ_02__ebv__EBV_IEDB_339d4044147d__s0/eps8/full.stdout.txt
ebv,EBV_IEDB_339d4044147d,ubuntu@sha256:2edbbc5dc405e9612ba3584ce95480277e3eb374407b5505fe26f17df77c7dbc,12936447,transient_deleted_after_checksum_and_sampling,37b3a04c903d8d0e1001a2edec45b27915fcb6458521b0d663065daf68a6c81e,0,hla_only,raw_calculations/apbs/HY13_SEQ_02/HY13_SEQ_02__ebv__EBV_IEDB_339d4044147d__s0/eps8/hla_only.in,4966125f02be978231654f1a8dee17695d026551b6a0c0e2d22212a8dc6e018b,HY13_SEQ_02__ebv__EBV_IEDB_339d4044147d__s0,HY13_SEQ_02,0,8.0,complete,raw_calculations/apbs/HY13_SEQ_02/HY13_SEQ_02__ebv__EBV_IEDB_339d4044147d__s0/eps8/hla_only.stderr.txt,raw_calculations/apbs/HY13_SEQ_02/HY13_SEQ_02__ebv__EBV_IEDB_339d4044147d__s0/eps8/hla_only.stdout.txt
ebv,EBV_IEDB_339d4044147d,ubuntu@sha256:2edbbc5dc405e9612ba3584ce95480277e3eb374407b5505fe26f17df77c7dbc,12916981,transient_deleted_after_checksum_and_sampling,198562bdeddd5f4647e0654db259756c9d84ceaae98612a6ae2a35289ccdd757,0,full,raw_calculations/apbs/HY13_SEQ_02/HY13_SEQ_02__ebv__EBV_IEDB_339d4044147d__s1/eps2/full.in,e2695641b97c3d8624338b004cb0a7c8c44aed9c1d3b8b43d69ed50f3216a4eb,HY13_SEQ_02__ebv__EBV_IEDB_339d4044147d__s1,HY13_SEQ_02,1,2.0,complete,raw_calculations/apbs/HY13_SEQ_02/HY13_SEQ_02__ebv__EBV_IEDB_339d4044147d__s1/eps2/full.stderr.txt,raw_calculations/apbs/HY13_SEQ_02/HY13_SEQ_02__ebv__EBV_IEDB_339d4044147d__s1/eps2/full.stdout.txt
ebv,EBV_IEDB_339d4044147d,ubuntu@sha256:2edbbc5dc405e9612ba3584ce95480277e3eb374407b5505fe26f17df77c7dbc,12913727,transient_deleted_after_checksum_and_sampling,1aa6104719f81fb7262588fb9803445be0f797bda8238c30a1eccab0cf82e9a1,0,hla_only,raw_calculations/apbs/HY13_SEQ_02/HY13_SEQ_02__ebv__EBV_IEDB_339d4044147d__s1/eps2/hla_only.in,889ddc58b7912ab1be8df94e6c2a5bfdfd2770d0b92e6787bbe94a9799894538,HY13_SEQ_02__ebv__EBV_IEDB_339d4044147d__s1,HY13_SEQ_02,1,2.0,complete,raw_calculations/apbs/HY13_SEQ_02/HY13_SEQ_02__ebv__EBV_IEDB_339d4044147d__s1/eps2/hla_only.stderr.txt,raw_calculations/apbs/HY13_SEQ_02/HY13_SEQ_02__ebv__EBV_IEDB_339d4044147d__s1/eps2/hla_only.stdout.txt
ebv,EBV_IEDB_339d4044147d,ubuntu@sha256:2edbbc5dc405e9612ba3584ce95480277e3eb374407b5505fe26f17df77c7dbc,12922502,transient_deleted_after_checksum_and_sampling,0f44e5d921c28deed065e15dc3eba1d6266b61af2c979114b8cb02a4564e0b1c,0,full,raw_calculations/apbs/HY13_SEQ_02/HY13_SEQ_02__ebv__EBV_IEDB_339d4044147d__s1/eps4/full.in,f1a69065d0142a5869520ddcead48a892eb83c3e7bf77f4483d19e5e261a67f2,HY13_SEQ_02__ebv__EBV_IEDB_339d4044147d__s1,HY13_SEQ_02,1,4.0,complete,raw_calculations/apbs/HY13_SEQ_02/HY13_SEQ_02__ebv__EBV_IEDB_339d4044147d__s1/eps4/full.stderr.txt,raw_calculations/apbs/HY13_SEQ_02/HY13_SEQ_02__ebv__EBV_IEDB_339d4044147d__s1/eps4/full.stdout.txt
ebv,EBV_IEDB_339d4044147d,ubuntu@sha256:2edbbc5dc405e9612ba3584ce95480277e3eb374407b5505fe26f17df77c7dbc,12918938,transient_deleted_after_checksum_and_sampling,320e9fff2fd702059843474cba7285a1669ba22cadbb8038c7156bc450628ec3,0,hla_only,raw_calculations/apbs/HY13_SEQ_02/HY13_SEQ_02__ebv__EBV_IEDB_339d4044147d__s1/eps4/hla_only.in,33df9091f04a2c015f4291e6f5abcd2b3437c44e7a385c79c7bddf0765a17401,HY13_SEQ_02__ebv__EBV_IEDB_339d4044147d__s1,HY13_SEQ_02,1,4.0,complete,raw_calculations/apbs/HY13_SEQ_02/HY13_SEQ_02__ebv__EBV_IEDB_339d4044147d__s1/eps4/hla_only.stderr.txt,raw_calculations/apbs/HY13_SEQ_02/HY13_SEQ_02__ebv__EBV_IEDB_339d4044147d__s1/eps4/hla_only.stdout.txt
ebv,EBV_IEDB_339d4044147d,ubuntu@sha256:2edbbc5dc405e9612ba3584ce95480277e3eb374407b5505fe26f17df77c7dbc,12931357,transient_deleted_after_checksum_and_sampling,dfb5a5c75fabca26830ab844b67f53d52380ad7d6c98fc0980e251ce831c5727,0,full,raw_calculations/apbs/HY13_SEQ_02/HY13_SEQ_02__ebv__EBV_IEDB_339d4044147d__s1/eps8/full.in,51c905c3cca02f61061c3e28066b353419751ee68c470f31ddcebfedacb5bb57,HY13_SEQ_02__ebv__EBV_IEDB_339d4044147d__s1,HY13_SEQ_02,1,8.0,complete,raw_calculations/apbs/HY13_SEQ_02/HY13_SEQ_02__ebv__EBV_IEDB_339d4044147d__s1/eps8/full.stderr.txt,raw_calculations/apbs/HY13_SEQ_02/HY13_SEQ_02__ebv__EBV_IEDB_339d4044147d__s1/eps8/full.stdout.txt
ebv,EBV_IEDB_339d4044147d,ubuntu@sha256:2edbbc5dc405e9612ba3584ce95480277e3eb374407b5505fe26f17df77c7dbc,12927896,transient_deleted_after_checksum_and_sampling,377a961718fd05b4449e45b8c0dd94c1cf05276ee4982c45e3c8b97e38ccd9cf,0,hla_only,raw_calculations/apbs/HY13_SEQ_02/HY13_SEQ_02__ebv__EBV_IEDB_339d4044147d__s1/eps8/hla_only.in,0feae5044e823d1bdba153c64f44156bf803b9b155b1e266a0ba85849ee14c32,HY13_SEQ_02__ebv__EBV_IEDB_339d4044147d__s1,HY13_SEQ_02,1,8.0,complete,raw_calculations/apbs/HY13_SEQ_02/HY13_SEQ_02__ebv__EBV_IEDB_339d4044147d__s1/eps8/hla_only.stderr.txt,raw_calculations/apbs/HY13_SEQ_02/HY13_SEQ_02__ebv__EBV_IEDB_339d4044147d__s1/eps8/hla_only.stdout.txt
ebv,EBV_IEDB_339d4044147d,ubuntu@sha256:2edbbc5dc405e9612ba3584ce95480277e3eb374407b5505fe26f17df77c7dbc,12919113,transient_deleted_after_checksum_and_sampling,fbce11af5eedae11eaf7cc656b1481745a053c74661e3ab46af8a77bf4226b67,0,full,raw_calculations/apbs/HY13_SEQ_02/HY13_SEQ_02__ebv__EBV_IEDB_339d4044147d__s2/eps2/full.in,e359b6d5e5c02c0be207ca3ae3e527b041fb473dd7e14f8ddcaf7f0f0a08c50c,HY13_SEQ_02__ebv__EBV_IEDB_339d4044147d__s2,HY13_SEQ_02,2,2.0,complete,raw_calculations/apbs/HY13_SEQ_02/HY13_SEQ_02__ebv__EBV_IEDB_339d4044147d__s2/eps2/full.stderr.txt,raw_calculations/apbs/HY13_SEQ_02/HY13_SEQ_02__ebv__EBV_IEDB_339d4044147d__s2/eps2/full.stdout.txt
ebv,EBV_IEDB_339d4044147d,ubuntu@sha256:2edbbc5dc405e9612ba3584ce95480277e3eb374407b5505fe26f17df77c7dbc,12910988,transient_deleted_after_checksum_and_sampling,bd4921c0a33e70babe0a78d14882415343636b93db2409daf94ce8374c54c13b,0,hla_only,raw_calculations/apbs/HY13_SEQ_02/HY13_SEQ_02__ebv__EBV_IEDB_339d4044147d__s2/eps2/hla_only.in,4872efb64427e641d277f86a0e5c97f8fb037b1c7d3c6d9e4343cbc4490c9459,HY13_SEQ_02__ebv__EBV_IEDB_339d4044147d__s2,HY13_SEQ_02,2,2.0,complete,raw_calculations/apbs/HY13_SEQ_02/HY13_SEQ_02__ebv__EBV_IEDB_339d4044147d__s2/eps2/hla_only.stderr.txt,raw_calculations/apbs/HY13_SEQ_02/HY13_SEQ_02__ebv__EBV_IEDB_339d4044147d__s2/eps2/hla_only.stdout.txt
ebv,EBV_IEDB_339d4044147d,ubuntu@sha256:2edbbc5dc405e9612ba3584ce95480277e3eb374407b5505fe26f17df77c7dbc,12924933,transient_deleted_after_checksum_and_sampling,8bb922cb9698f678fb04b045c20e49306bbc6da025f70e198a6be0e285b118df,0,full,raw_calculations/apbs/HY13_SEQ_02/HY13_SEQ_02__ebv__EBV_IEDB_339d4044147d__s2/eps4/full.in,e563745ae313b292077af580fd2bd5845f5acf26a1fd91b9f11980ad63a725d0,HY13_SEQ_02__ebv__EBV_IEDB_339d4044147d__s2,HY13_SEQ_02,2,4.0,complete,raw_calculations/apbs/HY13_SEQ_02/HY13_SEQ_02__ebv__EBV_IEDB_339d4044147d__s2/eps4/full.stderr.txt,raw_calculations/apbs/HY13_SEQ_02/HY13_SEQ_02__ebv__EBV_IEDB_339d4044147d__s2/eps4/full.stdout.txt
ebv,EBV_IEDB_339d4044147d,ubuntu@sha256:2edbbc5dc405e9612ba3584ce95480277e3eb374407b5505fe26f17df77c7dbc,12917099,transient_deleted_after_checksum_and_sampling,9dc4af0ba79f546a6ad07849a4afd6656ff026793191d1e846105a712ae68cc5,0,hla_only,raw_calculations/apbs/HY13_SEQ_02/HY13_SEQ_02__ebv__EBV_IEDB_339d4044147d__s2/eps4/hla_only.in,ccbc2dc697a856e368d2d05e9f96f6bb45626ceae3bcaa7771d34b12acf48be2,HY13_SEQ_02__ebv__EBV_IEDB_339d4044147d__s2,HY13_SEQ_02,2,4.0,complete,raw_calculations/apbs/HY13_SEQ_02/HY13_SEQ_02__ebv__EBV_IEDB_339d4044147d__s2/eps4/hla_only.stderr.txt,raw_calculations/apbs/HY13_SEQ_02/HY13_SEQ_02__ebv__EBV_IEDB_339d4044147d__s2/eps4/hla_only.stdout.txt
ebv,EBV_IEDB_339d4044147d,ubuntu@sha256:2edbbc5dc405e9612ba3584ce95480277e3eb374407b5505fe26f17df77c7dbc,12934841,transient_deleted_after_checksum_and_sampling,fb82e4796af6dd2bc1bfbf0b2a82e045b25a6be3a3530c9eaf1f047998d19390,0,full,raw_calculations/apbs/HY13_SEQ_02/HY13_SEQ_02__ebv__EBV_IEDB_339d4044147d__s2/eps8/full.in,af5f10ab341a00f46a1d7ca5a766483a5ac6518199ddd54829fcc33d228d68a1,HY13_SEQ_02__ebv__EBV_IEDB_339d4044147d__s2,HY13_SEQ_02,2,8.0,complete,raw_calculations/apbs/HY13_SEQ_02/HY13_SEQ_02__ebv__EBV_IEDB_339d4044147d__s2/eps8/full.stderr.txt,raw_calculations/apbs/HY13_SEQ_02/HY13_SEQ_02__ebv__EBV_IEDB_339d4044147d__s2/eps8/full.stdout.txt
ebv,EBV_IEDB_339d4044147d,ubuntu@sha256:2edbbc5dc405e9612ba3584ce95480277e3eb374407b5505fe26f17df77c7dbc,12927764,transient_deleted_after_checksum_and_sampling,b21e1fe716a8b867011ed48157e62366515a902b65f64013fb61101fe4a09fb2,0,hla_only,raw_calculations/apbs/HY13_SEQ_02/HY13_SEQ_02__ebv__EBV_IEDB_339d4044147d__s2/eps8/hla_only.in,46664a2e0f5a2ebc382052bf7c1e0cf4125b4f7060ced0b7442e83a04e004fd3,HY13_SEQ_02__ebv__EBV_IEDB_339d4044147d__s2,HY13_SEQ_02,2,8.0,complete,raw_calculations/apbs/HY13_SEQ_02/HY13_SEQ_02__ebv__EBV_IEDB_339d4044147d__s2/eps8/hla_only.stderr.txt,raw_calculations/apbs/HY13_SEQ_02/HY13_SEQ_02__ebv__EBV_IEDB_339d4044147d__s2/eps8/hla_only.stdout.txt
ebv,EBV_IEDB_339d4044147d,ubuntu@sha256:2edbbc5dc405e9612ba3584ce95480277e3eb374407b5505fe26f17df77c7dbc,12929339,transient_deleted_after_checksum_and_sampling,bb40fdda91ff2e68f5d0e33f157d027f2b6cf702bb1f7bc4782ab4c316c9d01e,0,full,raw_calculations/apbs/HY13_SEQ_02/HY13_SEQ_02__ebv__EBV_IEDB_339d4044147d__s3/eps2/full.in,8ba5af1d5bc70b0074e1e7a06e9a2afd71d3919e14651bc904d44c80fb043cd5,HY13_SEQ_02__ebv__EBV_IEDB_339d4044147d__s3,HY13_SEQ_02,3,2.0,complete,raw_calculations/apbs/HY13_SEQ_02/HY13_SEQ_02__ebv__EBV_IEDB_339d4044147d__s3/eps2/full.stderr.txt,raw_calculations/apbs/HY13_SEQ_02/HY13_SEQ_02__ebv__EBV_IEDB_339d4044147d__s3/eps2/full.stdout.txt
ebv,EBV_IEDB_339d4044147d,ubuntu@sha256:2edbbc5dc405e9612ba3584ce95480277e3eb374407b5505fe26f17df77c7dbc,12904038,transient_deleted_after_checksum_and_sampling,4de271dae9684e5627945a26cc8f6ef5d002d3586915b01ce53f44361263916c,0,hla_only,raw_calculations/apbs/HY13_SEQ_02/HY13_SEQ_02__ebv__EBV_IEDB_339d4044147d__s3/eps2/hla_only.in,7189423b53659c432ca8b704460684bb936b5d5b9ac2ec58dc2f23ef3d4a6976,HY13_SEQ_02__ebv__EBV_IEDB_339d4044147d__s3,HY13_SEQ_02,3,2.0,complete,raw_calculations/apbs/HY13_SEQ_02/HY13_SEQ_02__ebv__EBV_IEDB_339d4044147d__s3/eps2/hla_only.stderr.txt,raw_calculations/apbs/HY13_SEQ_02/HY13_SEQ_02__ebv__EBV_IEDB_339d4044147d__s3/eps2/hla_only.stdout.txt
ebv,EBV_IEDB_339d4044147d,ubuntu@sha256:2edbbc5dc405e9612ba3584ce95480277e3eb374407b5505fe26f17df77c7dbc,12934975,transient_deleted_after_checksum_and_sampling,67e24e5cb08942ddca85048eaf0f96bb4db721db8b109ad95d4668770d20f9df,0,full,raw_calculations/apbs/HY13_SEQ_02/HY13_SEQ_02__ebv__EBV_IEDB_339d4044147d__s3/eps4/full.in,6da1f698cd5f23d73b7d82bda0b76cef34b7956a857ce50f8b6b2011975268e2,HY13_SEQ_02__ebv__EBV_IEDB_339d4044147d__s3,HY13_SEQ_02,3,4.0,complete,raw_calculations/apbs/HY13_SEQ_02/HY13_SEQ_02__ebv__EBV_IEDB_339d4044147d__s3/eps4/full.stderr.txt,raw_calculations/apbs/HY13_SEQ_02/HY13_SEQ_02__ebv__EBV_IEDB_339d4044147d__s3/eps4/full.stdout.txt
ebv,EBV_IEDB_339d4044147d,ubuntu@sha256:2edbbc5dc405e9612ba3584ce95480277e3eb374407b5505fe26f17df77c7dbc,12910367,transient_deleted_after_checksum_and_sampling,07a6a92e8e0da87b86c2feae8f873156fe21dcc6fff10c8ff844d15c9e727d1c,0,hla_only,raw_calculations/apbs/HY13_SEQ_02/HY13_SEQ_02__ebv__EBV_IEDB_339d4044147d__s3/eps4/hla_only.in,3cc008d2d9bd4b7b1d479b3c19d75820e466c8c6c6a2c43ba878bc7de70d6a48,HY13_SEQ_02__ebv__EBV_IEDB_339d4044147d__s3,HY13_SEQ_02,3,4.0,complete,raw_calculations/apbs/HY13_SEQ_02/HY13_SEQ_02__ebv__EBV_IEDB_339d4044147d__s3/eps4/hla_only.stderr.txt,raw_calculations/apbs/HY13_SEQ_02/HY13_SEQ_02__ebv__EBV_IEDB_339d4044147d__s3/eps4/hla_only.stdout.txt
ebv,EBV_IEDB_339d4044147d,ubuntu@sha256:2edbbc5dc405e9612ba3584ce95480277e3eb374407b5505fe26f17df77c7dbc,12944126,transient_deleted_after_checksum_and_sampling,83a25869bfd20f837c0b7c187860bb932d14da1e4d25bee65752bfcfba1769a3,0,full,raw_calculations/apbs/HY13_SEQ_02/HY13_SEQ_02__ebv__EBV_IEDB_339d4044147d__s3/eps8/full.in,f58d5bcaee073b74a79d83279a6bbdf0c3878cd0ad382da3e558e63af999df7e,HY13_SEQ_02__ebv__EBV_IEDB_339d4044147d__s3,HY13_SEQ_02,3,8.0,complete,raw_calculations/apbs/HY13_SEQ_02/HY13_SEQ_02__ebv__EBV_IEDB_339d4044147d__s3/eps8/full.stderr.txt,raw_calculations/apbs/HY13_SEQ_02/HY13_SEQ_02__ebv__EBV_IEDB_339d4044147d__s3/eps8/full.stdout.txt
ebv,EBV_IEDB_339d4044147d,ubuntu@sha256:2edbbc5dc405e9612ba3584ce95480277e3eb374407b5505fe26f17df77c7dbc,12919542,transient_deleted_after_checksum_and_sampling,e50028308a7fff3e12cf689fc8c5f7e87bca483d2736e6783ffc0e51bac4d720,0,hla_only,raw_calculations/apbs/HY13_SEQ_02/HY13_SEQ_02__ebv__EBV_IEDB_339d4044147d__s3/eps8/hla_only.in,9446acc2300d7ae7143c66d303278ca7f6b18ca91977cb8b39be666ae0bd8b25,HY13_SEQ_02__ebv__EBV_IEDB_339d4044147d__s3,HY13_SEQ_02,3,8.0,complete,raw_calculations/apbs/HY13_SEQ_02/HY13_SEQ_02__ebv__EBV_IEDB_339d4044147d__s3/eps8/hla_only.stderr.txt,raw_calculations/apbs/HY13_SEQ_02/HY13_SEQ_02__ebv__EBV_IEDB_339d4044147d__s3/eps8/hla_only.stdout.txt
ebv,EBV_IEDB_339d4044147d,ubuntu@sha256:2edbbc5dc405e9612ba3584ce95480277e3eb374407b5505fe26f17df77c7dbc,12900325,transient_deleted_after_checksum_and_sampling,246ba6ed86667e2ba3dda54f3526ed0c704cca1c7bb318312e8c4031d28d4eeb,0,full,raw_calculations/apbs/HY13_SEQ_02/HY13_SEQ_02__ebv__EBV_IEDB_339d4044147d__s4/eps2/full.in,dc3792eedcd18db994e193c027738c2180238d2ab49c44b75e5993e80d707b4e,HY13_SEQ_02__ebv__EBV_IEDB_339d4044147d__s4,HY13_SEQ_02,4,2.0,complete,raw_calculations/apbs/HY13_SEQ_02/HY13_SEQ_02__ebv__EBV_IEDB_339d4044147d__s4/eps2/full.stderr.txt,raw_calculations/apbs/HY13_SEQ_02/HY13_SEQ_02__ebv__EBV_IEDB_339d4044147d__s4/eps2/full.stdout.txt
ebv,EBV_IEDB_339d4044147d,ubuntu@sha256:2edbbc5dc405e9612ba3584ce95480277e3eb374407b5505fe26f17df77c7dbc,12912594,transient_deleted_after_checksum_and_sampling,6c99cd2c19ce26da3d267e38b4beb5abbe1bddae149caaf2d69845072f4d1404,0,hla_only,raw_calculations/apbs/HY13_SEQ_02/HY13_SEQ_02__ebv__EBV_IEDB_339d4044147d__s4/eps2/hla_only.in,2532f7578159507f097a0e750440665b028e544118616f63d760526481dea5b6,HY13_SEQ_02__ebv__EBV_IEDB_339d4044147d__s4,HY13_SEQ_02,4,2.0,complete,raw_calculations/apbs/HY13_SEQ_02/HY13_SEQ_02__ebv__EBV_IEDB_339d4044147d__s4/eps2/hla_only.stderr.txt,raw_calculations/apbs/HY13_SEQ_02/HY13_SEQ_02__ebv__EBV_IEDB_339d4044147d__s4/eps2/hla_only.stdout.txt
ebv,EBV_IEDB_339d4044147d,ubuntu@sha256:2edbbc5dc405e9612ba3584ce95480277e3eb374407b5505fe26f17df77c7dbc,12907756,transient_deleted_after_checksum_and_sampling,7a0ff619d839cdd123871c0a827c8ed657798903b3ea5e9cbb64400d3e4d66b6,0,full,raw_calculations/apbs/HY13_SEQ_02/HY13_SEQ_02__ebv__EBV_IEDB_339d4044147d__s4/eps4/full.in,e323407038bce83b9f4d4d51f8bf6979ca40c5f94e025a79a77268c60da088f7,HY13_SEQ_02__ebv__EBV_IEDB_339d4044147d__s4,HY13_SEQ_02,4,4.0,complete,raw_calculations/apbs/HY13_SEQ_02/HY13_SEQ_02__ebv__EBV_IEDB_339d4044147d__s4/eps4/full.stderr.txt,raw_calculations/apbs/HY13_SEQ_02/HY13_SEQ_02__ebv__EBV_IEDB_339d4044147d__s4/eps4/full.stdout.txt
ebv,EBV_IEDB_339d4044147d,ubuntu@sha256:2edbbc5dc405e9612ba3584ce95480277e3eb374407b5505fe26f17df77c7dbc,12920161,transient_deleted_after_checksum_and_sampling,958c91e1f2c987abcc7a70deeb242f28a9195966b68fa6e4d34f4d153a5cdfdf,0,hla_only,raw_calculations/apbs/HY13_SEQ_02/HY13_SEQ_02__ebv__EBV_IEDB_339d4044147d__s4/eps4/hla_only.in,c6e5cbd74c3678ecb78145fa70395f7426b07a2d9532121cad33464047097e57,HY13_SEQ_02__ebv__EBV_IEDB_339d4044147d__s4,HY13_SEQ_02,4,4.0,complete,raw_calculations/apbs/HY13_SEQ_02/HY13_SEQ_02__ebv__EBV_IEDB_339d4044147d__s4/eps4/hla_only.stderr.txt,raw_calculations/apbs/HY13_SEQ_02/HY13_SEQ_02__ebv__EBV_IEDB_339d4044147d__s4/eps4/hla_only.stdout.txt
ebv,EBV_IEDB_339d4044147d,ubuntu@sha256:2edbbc5dc405e9612ba3584ce95480277e3eb374407b5505fe26f17df77c7dbc,12918459,transient_deleted_after_checksum_and_sampling,72530bb2a3db2f496417900b5dcaec9e82a838d0cf1c22cd549ff0f60a0325bd,0,full,raw_calculations/apbs/HY13_SEQ_02/HY13_SEQ_02__ebv__EBV_IEDB_339d4044147d__s4/eps8/full.in,34c5ef30d42c4f31c4887152229c32d4946008846b440397ffa8453417643bca,HY13_SEQ_02__ebv__EBV_IEDB_339d4044147d__s4,HY13_SEQ_02,4,8.0,complete,raw_calculations/apbs/HY13_SEQ_02/HY13_SEQ_02__ebv__EBV_IEDB_339d4044147d__s4/eps8/full.stderr.txt,raw_calculations/apbs/HY13_SEQ_02/HY13_SEQ_02__ebv__EBV_IEDB_339d4044147d__s4/eps8/full.stdout.txt
ebv,EBV_IEDB_339d4044147d,ubuntu@sha256:2edbbc5dc405e9612ba3584ce95480277e3eb374407b5505fe26f17df77c7dbc,12930718,transient_deleted_after_checksum_and_sampling,e01a4063e537fb73de157fd8f6fff1d050281e285b8e92370fb4db22c300d179,0,hla_only,raw_calculations/apbs/HY13_SEQ_02/HY13_SEQ_02__ebv__EBV_IEDB_339d4044147d__s4/eps8/hla_only.in,2ffafd5d46f5ca9f07a71313fb6c190cfef8a0e81629a685082bc2cf1a6aae1e,HY13_SEQ_02__ebv__EBV_IEDB_339d4044147d__s4,HY13_SEQ_02,4,8.0,complete,raw_calculations/apbs/HY13_SEQ_02/HY13_SEQ_02__ebv__EBV_IEDB_339d4044147d__s4/eps8/hla_only.stderr.txt,raw_calculations/apbs/HY13_SEQ_02/HY13_SEQ_02__ebv__EBV_IEDB_339d4044147d__s4/eps8/hla_only.stdout.txt
ebv,EBV_IEDB_35bb9c18fac4,ubuntu@sha256:2edbbc5dc405e9612ba3584ce95480277e3eb374407b5505fe26f17df77c7dbc,12915991,transient_deleted_after_checksum_and_sampling,c00b3b3eeee09704dcb2ccbd02a2ff5a23a1128c4b5ed619d0d02f39f1cc9ea3,0,full,raw_calculations/apbs/HY13_SEQ_02/HY13_SEQ_02__ebv__EBV_IEDB_35bb9c18fac4__s0/eps2/full.in,55323f0d558e827884cc94124e923bb5e758fb7f0c91bcf43b5c1cfc24667060,HY13_SEQ_02__ebv__EBV_IEDB_35bb9c18fac4__s0,HY13_SEQ_02,0,2.0,complete,raw_calculations/apbs/HY13_SEQ_02/HY13_SEQ_02__ebv__EBV_IEDB_35bb9c18fac4__s0/eps2/full.stderr.txt,raw_calculations/apbs/HY13_SEQ_02/HY13_SEQ_02__ebv__EBV_IEDB_35bb9c18fac4__s0/eps2/full.stdout.txt
ebv,EBV_IEDB_35bb9c18fac4,ubuntu@sha256:2edbbc5dc405e9612ba3584ce95480277e3eb374407b5505fe26f17df77c7dbc,12926485,transient_deleted_after_checksum_and_sampling,77cba61ddb1c626c5827b7a541b0489c770361fee31e322b035bb23ad94754f6,0,hla_only,raw_calculations/apbs/HY13_SEQ_02/HY13_SEQ_02__ebv__EBV_IEDB_35bb9c18fac4__s0/eps2/hla_only.in,a498cf1448fbdfd5e041a4f030fc689a504e0038036dd9a29817df689be2b4a8,HY13_SEQ_02__ebv__EBV_IEDB_35bb9c18fac4__s0,HY13_SEQ_02,0,2.0,complete,raw_calculations/apbs/HY13_SEQ_02/HY13_SEQ_02__ebv__EBV_IEDB_35bb9c18fac4__s0/eps2/hla_only.stderr.txt,raw_calculations/apbs/HY13_SEQ_02/HY13_SEQ_02__ebv__EBV_IEDB_35bb9c18fac4__s0/eps2/hla_only.stdout.txt
ebv,EBV_IEDB_35bb9c18fac4,ubuntu@sha256:2edbbc5dc405e9612ba3584ce95480277e3eb374407b5505fe26f17df77c7dbc,12921410,transient_deleted_after_checksum_and_sampling,84529ad3da148131875d0ab22479ac39c9336b0122be6cba3b74bcf9708292c7,0,full,raw_calculations/apbs/HY13_SEQ_02/HY13_SEQ_02__ebv__EBV_IEDB_35bb9c18fac4__s0/eps4/full.in,4e421ab1fe2d038b33798dc0986a3980d3b81ae83be4b521e080d24a5a0b55dd,HY13_SEQ_02__ebv__EBV_IEDB_35bb9c18fac4__s0,HY13_SEQ_02,0,4.0,complete,raw_calculations/apbs/HY13_SEQ_02/HY13_SEQ_02__ebv__EBV_IEDB_35bb9c18fac4__s0/eps4/full.stderr.txt,raw_calculations/apbs/HY13_SEQ_02/HY13_SEQ_02__ebv__EBV_IEDB_35bb9c18fac4__s0/eps4/full.stdout.txt
ebv,EBV_IEDB_35bb9c18fac4,ubuntu@sha256:2edbbc5dc405e9612ba3584ce95480277e3eb374407b5505fe26f17df77c7dbc,12933272,transient_deleted_after_checksum_and_sampling,6273d474949cf5e6f76a2932936f51a7d6ec2e9c332844871bb880d44e31f155,0,hla_only,raw_calculations/apbs/HY13_SEQ_02/HY13_SEQ_02__ebv__EBV_IEDB_35bb9c18fac4__s0/eps4/hla_only.in,0d9eb563c1bb11ee658802d5e29e3bfe9c246e95b0a60e057bf6434b95a3d72e,HY13_SEQ_02__ebv__EBV_IEDB_35bb9c18fac4__s0,HY13_SEQ_02,0,4.0,complete,raw_calculations/apbs/HY13_SEQ_02/HY13_SEQ_02__ebv__EBV_IEDB_35bb9c18fac4__s0/eps4/hla_only.stderr.txt,raw_calculations/apbs/HY13_SEQ_02/HY13_SEQ_02__ebv__EBV_IEDB_35bb9c18fac4__s0/eps4/hla_only.stdout.txt
ebv,EBV_IEDB_35bb9c18fac4,ubuntu@sha256:2edbbc5dc405e9612ba3584ce95480277e3eb374407b5505fe26f17df77c7dbc,12931523,transient_deleted_after_checksum_and_sampling,255aacd57bf82aa5d858a9d826a4cf3d913963fb76c0ae9b9e9873b18133bdcb,0,full,raw_calculations/apbs/HY13_SEQ_02/HY13_SEQ_02__ebv__EBV_IEDB_35bb9c18fac4__s0/eps8/full.in,bc3ee9da8ccb715737767c44c99d043fedd24a3d3a58b310f2908558484bca14,HY13_SEQ_02__ebv__EBV_IEDB_35bb9c18fac4__s0,HY13_SEQ_02,0,8.0,complete,raw_calculations/apbs/HY13_SEQ_02/HY13_SEQ_02__ebv__EBV_IEDB_35bb9c18fac4__s0/eps8/full.stderr.txt,raw_calculations/apbs/HY13_SEQ_02/HY13_SEQ_02__ebv__EBV_IEDB_35bb9c18fac4__s0/eps8/full.stdout.txt
ebv,EBV_IEDB_35bb9c18fac4,ubuntu@sha256:2edbbc5dc405e9612ba3584ce95480277e3eb374407b5505fe26f17df77c7dbc,12943706,transient_deleted_after_checksum_and_sampling,d430fa8c81543236812906f8c936b775041e15d1651f91fcb7c655edb9ad3286,0,hla_only,raw_calculations/apbs/HY13_SEQ_02/HY13_SEQ_02__ebv__EBV_IEDB_35bb9c18fac4__s0/eps8/hla_only.in,4897995fcd2264ede8f262bcfedfa22be67431712f685b902a286dacb845354c,HY13_SEQ_02__ebv__EBV_IEDB_35bb9c18fac4__s0,HY13_SEQ_02,0,8.0,complete,raw_calculations/apbs/HY13_SEQ_02/HY13_SEQ_02__ebv__EBV_IEDB_35bb9c18fac4__s0/eps8/hla_only.stderr.txt,raw_calculations/apbs/HY13_SEQ_02/HY13_SEQ_02__ebv__EBV_IEDB_35bb9c18fac4__s0/eps8/hla_only.stdout.txt
ebv,EBV_IEDB_35bb9c18fac4,ubuntu@sha256:2edbbc5dc405e9612ba3584ce95480277e3eb374407b5505fe26f17df77c7dbc,12883872,transient_deleted_after_checksum_and_sampling,44a1d719800bcd4de9599f3a9a66d4795bbbe3f78abdeff28dd389a491b7ee6e,0,full,raw_calculations/apbs/HY13_SEQ_02/HY13_SEQ_02__ebv__EBV_IEDB_35bb9c18fac4__s1/eps2/full.in,6fd2a3d3f97300db7bc845ce7fc6c0d1d4077509c39a989c0307514e34c0d56c,HY13_SEQ_02__ebv__EBV_IEDB_35bb9c18fac4__s1,HY13_SEQ_02,1,2.0,complete,raw_calculations/apbs/HY13_SEQ_02/HY13_SEQ_02__ebv__EBV_IEDB_35bb9c18fac4__s1/eps2/full.stderr.txt,raw_calculations/apbs/HY13_SEQ_02/HY13_SEQ_02__ebv__EBV_IEDB_35bb9c18fac4__s1/eps2/full.stdout.txt
ebv,EBV_IEDB_35bb9c18fac4,ubuntu@sha256:2edbbc5dc405e9612ba3584ce95480277e3eb374407b5505fe26f17df77c7dbc,12897924,transient_deleted_after_checksum_and_sampling,96e40702177bccdea184d8fe5b2de2ecbb527032a4a2bfc05b6165a657875eb4,0,hla_only,raw_calculations/apbs/HY13_SEQ_02/HY13_SEQ_02__ebv__EBV_IEDB_35bb9c18fac4__s1/eps2/hla_only.in,7fdaca98c655ff05c0f4336c480f5bc41018a4ab3d5f043159f4550bab111b22,HY13_SEQ_02__ebv__EBV_IEDB_35bb9c18fac4__s1,HY13_SEQ_02,1,2.0,complete,raw_calculations/apbs/HY13_SEQ_02/HY13_SEQ_02__ebv__EBV_IEDB_35bb9c18fac4__s1/eps2/hla_only.stderr.txt,raw_calculations/apbs/HY13_SEQ_02/HY13_SEQ_02__ebv__EBV_IEDB_35bb9c18fac4__s1/eps2/hla_only.stdout.txt
ebv,EBV_IEDB_35bb9c18fac4,ubuntu@sha256:2edbbc5dc405e9612ba3584ce95480277e3eb374407b5505fe26f17df77c7dbc,12889553,transient_deleted_after_checksum_and_sampling,547198cd7467033c6fa8c00930a43758f2880619cf53472bef1169d9e20f1c8c,0,full,raw_calculations/apbs/HY13_SEQ_02/HY13_SEQ_02__ebv__EBV_IEDB_35bb9c18fac4__s1/eps4/full.in,ca5e9d11a7a01b974f45ec46152d4f2a0675301db4795728a69d5ccf59b90737,HY13_SEQ_02__ebv__EBV_IEDB_35bb9c18fac4__s1,HY13_SEQ_02,1,4.0,complete,raw_calculations/apbs/HY13_SEQ_02/HY13_SEQ_02__ebv__EBV_IEDB_35bb9c18fac4__s1/eps4/full.stderr.txt,raw_calculations/apbs/HY13_SEQ_02/HY13_SEQ_02__ebv__EBV_IEDB_35bb9c18fac4__s1/eps4/full.stdout.txt
ebv,EBV_IEDB_35bb9c18fac4,ubuntu@sha256:2edbbc5dc405e9612ba3584ce95480277e3eb374407b5505fe26f17df77c7dbc,12905283,transient_deleted_after_checksum_and_sampling,82150bace2eed931a35748df075ddd3561763864431cd938a3279b47385b09d3,0,hla_only,raw_calculations/apbs/HY13_SEQ_02/HY13_SEQ_02__ebv__EBV_IEDB_35bb9c18fac4__s1/eps4/hla_only.in,cc9f301f913f3d5b46e886f90423cbdd49299a4f6718b679ef6f06756a04d7b9,HY13_SEQ_02__ebv__EBV_IEDB_35bb9c18fac4__s1,HY13_SEQ_02,1,4.0,complete,raw_calculations/apbs/HY13_SEQ_02/HY13_SEQ_02__ebv__EBV_IEDB_35bb9c18fac4__s1/eps4/hla_only.stderr.txt,raw_calculations/apbs/HY13_SEQ_02/HY13_SEQ_02__ebv__EBV_IEDB_35bb9c18fac4__s1/eps4/hla_only.stdout.txt
ebv,EBV_IEDB_35bb9c18fac4,ubuntu@sha256:2edbbc5dc405e9612ba3584ce95480277e3eb374407b5505fe26f17df77c7dbc,12899210,transient_deleted_after_checksum_and_sampling,18f4dc432acac3d35fc80c71c6bb142d573fb07ad77d85689617f86ae5f78938,0,full,raw_calculations/apbs/HY13_SEQ_02/HY13_SEQ_02__ebv__EBV_IEDB_35bb9c18fac4__s1/eps8/full.in,7e5a235b157c436b02388aca2b1bfc46c8211d12a262c7ae599d3c3389249cff,HY13_SEQ_02__ebv__EBV_IEDB_35bb9c18fac4__s1,HY13_SEQ_02,1,8.0,complete,raw_calculations/apbs/HY13_SEQ_02/HY13_SEQ_02__ebv__EBV_IEDB_35bb9c18fac4__s1/eps8/full.stderr.txt,raw_calculations/apbs/HY13_SEQ_02/HY13_SEQ_02__ebv__EBV_IEDB_35bb9c18fac4__s1/eps8/full.stdout.txt
ebv,EBV_IEDB_35bb9c18fac4,ubuntu@sha256:2edbbc5dc405e9612ba3584ce95480277e3eb374407b5505fe26f17df77c7dbc,12916137,transient_deleted_after_checksum_and_sampling,87b78775dc528b5416bd282363b9326b3a19bc8f165c5dd65a541d547467cf1b,0,hla_only,raw_calculations/apbs/HY13_SEQ_02/HY13_SEQ_02__ebv__EBV_IEDB_35bb9c18fac4__s1/eps8/hla_only.in,f829be69fb5e437620ba146ca655bcea1db9f7eed1dba5e5edc1d5ffa89fc316,HY13_SEQ_02__ebv__EBV_IEDB_35bb9c18fac4__s1,HY13_SEQ_02,1,8.0,complete,raw_calculations/apbs/HY13_SEQ_02/HY13_SEQ_02__ebv__EBV_IEDB_35bb9c18fac4__s1/eps8/hla_only.stderr.txt,raw_calculations/apbs/HY13_SEQ_02/HY13_SEQ_02__ebv__EBV_IEDB_35bb9c18fac4__s1/eps8/hla_only.stdout.txt
ebv,EBV_IEDB_35bb9c18fac4,ubuntu@sha256:2edbbc5dc405e9612ba3584ce95480277e3eb374407b5505fe26f17df77c7dbc,12881000,transient_deleted_after_checksum_and_sampling,7dbe905eec25c2de6583cae741bad879131572472eca545c01cf7fb4a0e0b8c5,0,full,raw_calculations/apbs/HY13_SEQ_02/HY13_SEQ_02__ebv__EBV_IEDB_35bb9c18fac4__s2/eps2/full.in,8678dc9028afbac7a7710832d87e06e960ea458b505cc619df43cd37fbbe9f98,HY13_SEQ_02__ebv__EBV_IEDB_35bb9c18fac4__s2,HY13_SEQ_02,2,2.0,complete,raw_calculations/apbs/HY13_SEQ_02/HY13_SEQ_02__ebv__EBV_IEDB_35bb9c18fac4__s2/eps2/full.stderr.txt,raw_calculations/apbs/HY13_SEQ_02/HY13_SEQ_02__ebv__EBV_IEDB_35bb9c18fac4__s2/eps2/full.stdout.txt
ebv,EBV_IEDB_35bb9c18fac4,ubuntu@sha256:2edbbc5dc405e9612ba3584ce95480277e3eb374407b5505fe26f17df77c7dbc,12929366,transient_deleted_after_checksum_and_sampling,62adc3ca0957b66fe7c47449fcd63f015ca211e0f6fb6689ad9e91f33c030a42,0,hla_only,raw_calculations/apbs/HY13_SEQ_02/HY13_SEQ_02__ebv__EBV_IEDB_35bb9c18fac4__s2/eps2/hla_only.in,4dc63aa32b2ef0cf4f9e3a7690918833fd1844d10ee63d0872db392c2651da7a,HY13_SEQ_02__ebv__EBV_IEDB_35bb9c18fac4__s2,HY13_SEQ_02,2,2.0,complete,raw_calculations/apbs/HY13_SEQ_02/HY13_SEQ_02__ebv__EBV_IEDB_35bb9c18fac4__s2/eps2/hla_only.stderr.txt,raw_calculations/apbs/HY13_SEQ_02/HY13_SEQ_02__ebv__EBV_IEDB_35bb9c18fac4__s2/eps2/hla_only.stdout.txt
ebv,EBV_IEDB_35bb9c18fac4,ubuntu@sha256:2edbbc5dc405e9612ba3584ce95480277e3eb374407b5505fe26f17df77c7dbc,12885428,transient_deleted_after_checksum_and_sampling,e727fb187fd0fe15b3c51f38d31eb463f34ae8f809088bf7b227ed1e4bc6ccf5,0,full,raw_calculations/apbs/HY13_SEQ_02/HY13_SEQ_02__ebv__EBV_IEDB_35bb9c18fac4__s2/eps4/full.in,97282c643203c8066e0cfea67b08d693d87f1e5e772022b6bd3dc5a1d15f969e,HY13_SEQ_02__ebv__EBV_IEDB_35bb9c18fac4__s2,HY13_SEQ_02,2,4.0,complete,raw_calculations/apbs/HY13_SEQ_02/HY13_SEQ_02__ebv__EBV_IEDB_35bb9c18fac4__s2/eps4/full.stderr.txt,raw_calculations/apbs/HY13_SEQ_02/HY13_SEQ_02__ebv__EBV_IEDB_35bb9c18fac4__s2/eps4/full.stdout.txt
ebv,EBV_IEDB_35bb9c18fac4,ubuntu@sha256:2edbbc5dc405e9612ba3584ce95480277e3eb374407b5505fe26f17df77c7dbc,12934960,transient_deleted_after_checksum_and_sampling,b8228d2cb65a07dc1f0e87746feade680428ace40ce23c999fadb746a19c8070,0,hla_only,raw_calculations/apbs/HY13_SEQ_02/HY13_SEQ_02__ebv__EBV_IEDB_35bb9c18fac4__s2/eps4/hla_only.in,99971c3e5b811cf5be3bc19b296d5efa7649222010368c4db3b43f8ac31f4b38,HY13_SEQ_02__ebv__EBV_IEDB_35bb9c18fac4__s2,HY13_SEQ_02,2,4.0,complete,raw_calculations/apbs/HY13_SEQ_02/HY13_SEQ_02__ebv__EBV_IEDB_35bb9c18fac4__s2/eps4/hla_only.stderr.txt,raw_calculations/apbs/HY13_SEQ_02/HY13_SEQ_02__ebv__EBV_IEDB_35bb9c18fac4__s2/eps4/hla_only.stdout.txt
ebv,EBV_IEDB_35bb9c18fac4,ubuntu@sha256:2edbbc5dc405e9612ba3584ce95480277e3eb374407b5505fe26f17df77c7dbc,12892827,transient_deleted_after_checksum_and_sampling,366ef2a3c686e60e989e79b1491d88670e8aa6e8cab8b47cb9833441ee15d2a4,0,full,raw_calculations/apbs/HY13_SEQ_02/HY13_SEQ_02__ebv__EBV_IEDB_35bb9c18fac4__s2/eps8/full.in,9e38e24f3152a9daa6a6987a3f7c947a0e596061e8be862251240d43744470e4,HY13_SEQ_02__ebv__EBV_IEDB_35bb9c18fac4__s2,HY13_SEQ_02,2,8.0,complete,raw_calculations/apbs/HY13_SEQ_02/HY13_SEQ_02__ebv__EBV_IEDB_35bb9c18fac4__s2/eps8/full.stderr.txt,raw_calculations/apbs/HY13_SEQ_02/HY13_SEQ_02__ebv__EBV_IEDB_35bb9c18fac4__s2/eps8/full.stdout.txt
ebv,EBV_IEDB_35bb9c18fac4,ubuntu@sha256:2edbbc5dc405e9612ba3584ce95480277e3eb374407b5505fe26f17df77c7dbc,12942886,transient_deleted_after_checksum_and_sampling,137f42eef26d02143d07ee87567bb1b32c225d2b05dc2643cfa91c356cb8fc37,0,hla_only,raw_calculations/apbs/HY13_SEQ_02/HY13_SEQ_02__ebv__EBV_IEDB_35bb9c18fac4__s2/eps8/hla_only.in,63875e8b2b7d0c98ec6cee390826d92d098ba508f1f8e4758311e5a7aa858807,HY13_SEQ_02__ebv__EBV_IEDB_35bb9c18fac4__s2,HY13_SEQ_02,2,8.0,complete,raw_calculations/apbs/HY13_SEQ_02/HY13_SEQ_02__ebv__EBV_IEDB_35bb9c18fac4__s2/eps8/hla_only.stderr.txt,raw_calculations/apbs/HY13_SEQ_02/HY13_SEQ_02__ebv__EBV_IEDB_35bb9c18fac4__s2/eps8/hla_only.stdout.txt
ebv,EBV_IEDB_35bb9c18fac4,ubuntu@sha256:2edbbc5dc405e9612ba3584ce95480277e3eb374407b5505fe26f17df77c7dbc,12823777,transient_deleted_after_checksum_and_sampling,61b685b43d4e3882e1eae8c1208369362cc10b141919d246666da04e21698745,0,full,raw_calculations/apbs/HY13_SEQ_02/HY13_SEQ_02__ebv__EBV_IEDB_35bb9c18fac4__s3/eps2/full.in,8211f1b5848909dd4effc80e0fcc3b9eaba214cba71164f6bb5e754a2ce4def7,HY13_SEQ_02__ebv__EBV_IEDB_35bb9c18fac4__s3,HY13_SEQ_02,3,2.0,complete,raw_calculations/apbs/HY13_SEQ_02/HY13_SEQ_02__ebv__EBV_IEDB_35bb9c18fac4__s3/eps2/full.stderr.txt,raw_calculations/apbs/HY13_SEQ_02/HY13_SEQ_02__ebv__EBV_IEDB_35bb9c18fac4__s3/eps2/full.stdout.txt
ebv,EBV_IEDB_35bb9c18fac4,ubuntu@sha256:2edbbc5dc405e9612ba3584ce95480277e3eb374407b5505fe26f17df77c7dbc,12910159,transient_deleted_after_checksum_and_sampling,09b714d9826b5b3f00d1652e6f58d7de19a7eb2faf28bbd6e5c96957f3c8dfcd,0,hla_only,raw_calculations/apbs/HY13_SEQ_02/HY13_SEQ_02__ebv__EBV_IEDB_35bb9c18fac4__s3/eps2/hla_only.in,6b580ed1093ce57ef0a1e24d1a7bb91da82ed4fc868df5e0b66a085e14f24a71,HY13_SEQ_02__ebv__EBV_IEDB_35bb9c18fac4__s3,HY13_SEQ_02,3,2.0,complete,raw_calculations/apbs/HY13_SEQ_02/HY13_SEQ_02__ebv__EBV_IEDB_35bb9c18fac4__s3/eps2/hla_only.stderr.txt,raw_calculations/apbs/HY13_SEQ_02/HY13_SEQ_02__ebv__EBV_IEDB_35bb9c18fac4__s3/eps2/hla_only.stdout.txt
ebv,EBV_IEDB_35bb9c18fac4,ubuntu@sha256:2edbbc5dc405e9612ba3584ce95480277e3eb374407b5505fe26f17df77c7dbc,12830842,transient_deleted_after_checksum_and_sampling,786d33303f1bae2ac794e958748688dec6ce2179980ec41173989718d1ba26d6,0,full,raw_calculations/apbs/HY13_SEQ_02/HY13_SEQ_02__ebv__EBV_IEDB_35bb9c18fac4__s3/eps4/full.in,558283a92bb65427dfc1933c80246bf6506ea6a1ec72408262ef6647f5f17c03,HY13_SEQ_02__ebv__EBV_IEDB_35bb9c18fac4__s3,HY13_SEQ_02,3,4.0,complete,raw_calculations/apbs/HY13_SEQ_02/HY13_SEQ_02__ebv__EBV_IEDB_35bb9c18fac4__s3/eps4/full.stderr.txt,raw_calculations/apbs/HY13_SEQ_02/HY13_SEQ_02__ebv__EBV_IEDB_35bb9c18fac4__s3/eps4/full.stdout.txt
ebv,EBV_IEDB_35bb9c18fac4,ubuntu@sha256:2edbbc5dc405e9612ba3584ce95480277e3eb374407b5505fe26f17df77c7dbc,12916585,transient_deleted_after_checksum_and_sampling,9b3a17f567ee3798978d93e44ab9ae771c000edd6995496015b7669c21d95fa2,0,hla_only,raw_calculations/apbs/HY13_SEQ_02/HY13_SEQ_02__ebv__EBV_IEDB_35bb9c18fac4__s3/eps4/hla_only.in,f68216c65b47bdcabbaf762b23291fbdc564e42de3903534e0dd2eca4a61d25b,HY13_SEQ_02__ebv__EBV_IEDB_35bb9c18fac4__s3,HY13_SEQ_02,3,4.0,complete,raw_calculations/apbs/HY13_SEQ_02/HY13_SEQ_02__ebv__EBV_IEDB_35bb9c18fac4__s3/eps4/hla_only.stderr.txt,raw_calculations/apbs/HY13_SEQ_02/HY13_SEQ_02__ebv__EBV_IEDB_35bb9c18fac4__s3/eps4/hla_only.stdout.txt
ebv,EBV_IEDB_35bb9c18fac4,ubuntu@sha256:2edbbc5dc405e9612ba3584ce95480277e3eb374407b5505fe26f17df77c7dbc,12842813,transient_deleted_after_checksum_and_sampling,2434298d871441d822fef4f26b905a4406322082988931a93d4a33dbb414af11,0,full,raw_calculations/apbs/HY13_SEQ_02/HY13_SEQ_02__ebv__EBV_IEDB_35bb9c18fac4__s3/eps8/full.in,db2f1450367a884f2f4ca0550d7fad6a1a5496d94d23bc4bc06e782752d234bb,HY13_SEQ_02__ebv__EBV_IEDB_35bb9c18fac4__s3,HY13_SEQ_02,3,8.0,complete,raw_calculations/apbs/HY13_SEQ_02/HY13_SEQ_02__ebv__EBV_IEDB_35bb9c18fac4__s3/eps8/full.stderr.txt,raw_calculations/apbs/HY13_SEQ_02/HY13_SEQ_02__ebv__EBV_IEDB_35bb9c18fac4__s3/eps8/full.stdout.txt
ebv,EBV_IEDB_35bb9c18fac4,ubuntu@sha256:2edbbc5dc405e9612ba3584ce95480277e3eb374407b5505fe26f17df77c7dbc,12926235,transient_deleted_after_checksum_and_sampling,0b79d9a65356c15704f2b087abfab5235b3ab0b12eadc5dd15ee82ba383433d5,0,hla_only,raw_calculations/apbs/HY13_SEQ_02/HY13_SEQ_02__ebv__EBV_IEDB_35bb9c18fac4__s3/eps8/hla_only.in,a2890804efe77b4b0984b540cd01beb044c83c89efd0d76ad8e29f6170014a4a,HY13_SEQ_02__ebv__EBV_IEDB_35bb9c18fac4__s3,HY13_SEQ_02,3,8.0,complete,raw_calculations/apbs/HY13_SEQ_02/HY13_SEQ_02__ebv__EBV_IEDB_35bb9c18fac4__s3/eps8/hla_only.stderr.txt,raw_calculations/apbs/HY13_SEQ_02/HY13_SEQ_02__ebv__EBV_IEDB_35bb9c18fac4__s3/eps8/hla_only.stdout.txt
ebv,EBV_IEDB_35bb9c18fac4,ubuntu@sha256:2edbbc5dc405e9612ba3584ce95480277e3eb374407b5505fe26f17df77c7dbc,12863990,transient_deleted_after_checksum_and_sampling,cc2bedd17b9a13ad65b73a90f24d8ea782539a20b347a2172e001449a7c257d8,0,full,raw_calculations/apbs/HY13_SEQ_02/HY13_SEQ_02__ebv__EBV_IEDB_35bb9c18fac4__s4/eps2/full.in,3219df4ed9af56080cb18fda4c2141b73307b8633a52674f9ae39a12637771a9,HY13_SEQ_02__ebv__EBV_IEDB_35bb9c18fac4__s4,HY13_SEQ_02,4,2.0,complete,raw_calculations/apbs/HY13_SEQ_02/HY13_SEQ_02__ebv__EBV_IEDB_35bb9c18fac4__s4/eps2/full.stderr.txt,raw_calculations/apbs/HY13_SEQ_02/HY13_SEQ_02__ebv__EBV_IEDB_35bb9c18fac4__s4/eps2/full.stdout.txt
ebv,EBV_IEDB_35bb9c18fac4,ubuntu@sha256:2edbbc5dc405e9612ba3584ce95480277e3eb374407b5505fe26f17df77c7dbc,12916943,transient_deleted_after_checksum_and_sampling,b09ee5fbe806294f1d11d0cf4721669383575d6f8500d7e49e6095c79fad973e,0,hla_only,raw_calculations/apbs/HY13_SEQ_02/HY13_SEQ_02__ebv__EBV_IEDB_35bb9c18fac4__s4/eps2/hla_only.in,3ebf097e82ccdc78cbb971f0f17e0af546db22f3e8a049acad8df0176ebf9404,HY13_SEQ_02__ebv__EBV_IEDB_35bb9c18fac4__s4,HY13_SEQ_02,4,2.0,complete,raw_calculations/apbs/HY13_SEQ_02/HY13_SEQ_02__ebv__EBV_IEDB_35bb9c18fac4__s4/eps2/hla_only.stderr.txt,raw_calculations/apbs/HY13_SEQ_02/HY13_SEQ_02__ebv__EBV_IEDB_35bb9c18fac4__s4/eps2/hla_only.stdout.txt
ebv,EBV_IEDB_35bb9c18fac4,ubuntu@sha256:2edbbc5dc405e9612ba3584ce95480277e3eb374407b5505fe26f17df77c7dbc,12867947,transient_deleted_after_checksum_and_sampling,24919feb83d5fc50c717e136a9194492a48d205218078297e9ae419315d2a150,0,full,raw_calculations/apbs/HY13_SEQ_02/HY13_SEQ_02__ebv__EBV_IEDB_35bb9c18fac4__s4/eps4/full.in,6f259d53aff47e14dab3fb4d424134992244a6e58152f58bc8a5583870f941eb,HY13_SEQ_02__ebv__EBV_IEDB_35bb9c18fac4__s4,HY13_SEQ_02,4,4.0,complete,raw_calculations/apbs/HY13_SEQ_02/HY13_SEQ_02__ebv__EBV_IEDB_35bb9c18fac4__s4/eps4/full.stderr.txt,raw_calculations/apbs/HY13_SEQ_02/HY13_SEQ_02__ebv__EBV_IEDB_35bb9c18fac4__s4/eps4/full.stdout.txt
ebv,EBV_IEDB_35bb9c18fac4,ubuntu@sha256:2edbbc5dc405e9612ba3584ce95480277e3eb374407b5505fe26f17df77c7dbc,12922277,transient_deleted_after_checksum_and_sampling,65d611193f9b5be4733907bc50e19693d15f4cccff26e4bec33e6f3c357a1367,0,hla_only,raw_calculations/apbs/HY13_SEQ_02/HY13_SEQ_02__ebv__EBV_IEDB_35bb9c18fac4__s4/eps4/hla_only.in,6f525c790958ebde26484160eb4e0a72cb2b58780832f25c8c2e0009f3b45561,HY13_SEQ_02__ebv__EBV_IEDB_35bb9c18fac4__s4,HY13_SEQ_02,4,4.0,complete,raw_calculations/apbs/HY13_SEQ_02/HY13_SEQ_02__ebv__EBV_IEDB_35bb9c18fac4__s4/eps4/hla_only.stderr.txt,raw_calculations/apbs/HY13_SEQ_02/HY13_SEQ_02__ebv__EBV_IEDB_35bb9c18fac4__s4/eps4/hla_only.stdout.txt
ebv,EBV_IEDB_35bb9c18fac4,ubuntu@sha256:2edbbc5dc405e9612ba3584ce95480277e3eb374407b5505fe26f17df77c7dbc,12875823,transient_deleted_after_checksum_and_sampling,9233cb957b7e4824d77474e46006e94e962d7090755a9709d4528b9e3d5e292b,0,full,raw_calculations/apbs/HY13_SEQ_02/HY13_SEQ_02__ebv__EBV_IEDB_35bb9c18fac4__s4/eps8/full.in,343621f86b3515784c7388ec60cc40fe79cc1a614bac999de7a334fab5615803,HY13_SEQ_02__ebv__EBV_IEDB_35bb9c18fac4__s4,HY13_SEQ_02,4,8.0,complete,raw_calculations/apbs/HY13_SEQ_02/HY13_SEQ_02__ebv__EBV_IEDB_35bb9c18fac4__s4/eps8/full.stderr.txt,raw_calculations/apbs/HY13_SEQ_02/HY13_SEQ_02__ebv__EBV_IEDB_35bb9c18fac4__s4/eps8/full.stdout.txt
ebv,EBV_IEDB_35bb9c18fac4,ubuntu@sha256:2edbbc5dc405e9612ba3584ce95480277e3eb374407b5505fe26f17df77c7dbc,12931175,transient_deleted_after_checksum_and_sampling,de6bbe5b32010a9e846cfe2eb5c3a6bda48bf6c55d567dd804c05caf1c06e250,0,hla_only,raw_calculations/apbs/HY13_SEQ_02/HY13_SEQ_02__ebv__EBV_IEDB_35bb9c18fac4__s4/eps8/hla_only.in,0cafe64a538951a5fd66b113617ebc9b6e6e4623b6d1cb7c9b035d82250ce799,HY13_SEQ_02__ebv__EBV_IEDB_35bb9c18fac4__s4,HY13_SEQ_02,4,8.0,complete,raw_calculations/apbs/HY13_SEQ_02/HY13_SEQ_02__ebv__EBV_IEDB_35bb9c18fac4__s4/eps8/hla_only.stderr.txt,raw_calculations/apbs/HY13_SEQ_02/HY13_SEQ_02__ebv__EBV_IEDB_35bb9c18fac4__s4/eps8/hla_only.stdout.txt
ebv,EBV_IEDB_770af30bc486,ubuntu@sha256:2edbbc5dc405e9612ba3584ce95480277e3eb374407b5505fe26f17df77c7dbc,12862505,transient_deleted_after_checksum_and_sampling,5b513bde62c22e95b9d0a83e623fc27681975662acf97891d1c9413ec86ea2dc,0,full,raw_calculations/apbs/HY13_SEQ_02/HY13_SEQ_02__ebv__EBV_IEDB_770af30bc486__s0/eps2/full.in,a6b6065f957dc2acd961077c97f51ee20ffc3da14281cdf420cc970cae3b9ae2,HY13_SEQ_02__ebv__EBV_IEDB_770af30bc486__s0,HY13_SEQ_02,0,2.0,complete,raw_calculations/apbs/HY13_SEQ_02/HY13_SEQ_02__ebv__EBV_IEDB_770af30bc486__s0/eps2/full.stderr.txt,raw_calculations/apbs/HY13_SEQ_02/HY13_SEQ_02__ebv__EBV_IEDB_770af30bc486__s0/eps2/full.stdout.txt
ebv,EBV_IEDB_770af30bc486,ubuntu@sha256:2edbbc5dc405e9612ba3584ce95480277e3eb374407b5505fe26f17df77c7dbc,12894813,transient_deleted_after_checksum_and_sampling,4db8058d923c9c8eeb7fe2248033bb3588377595adcbf3689d9678133dda2eab,0,hla_only,raw_calculations/apbs/HY13_SEQ_02/HY13_SEQ_02__ebv__EBV_IEDB_770af30bc486__s0/eps2/hla_only.in,1b857578e1dedc515ca82c416d7d51ba098ad7a71caf6b02c58be5d009d28648,HY13_SEQ_02__ebv__EBV_IEDB_770af30bc486__s0,HY13_SEQ_02,0,2.0,complete,raw_calculations/apbs/HY13_SEQ_02/HY13_SEQ_02__ebv__EBV_IEDB_770af30bc486__s0/eps2/hla_only.stderr.txt,raw_calculations/apbs/HY13_SEQ_02/HY13_SEQ_02__ebv__EBV_IEDB_770af30bc486__s0/eps2/hla_only.stdout.txt
ebv,EBV_IEDB_770af30bc486,ubuntu@sha256:2edbbc5dc405e9612ba3584ce95480277e3eb374407b5505fe26f17df77c7dbc,12868041,transient_deleted_after_checksum_and_sampling,684e0887b97c8b722f7b90ce5f8a7a346659ff392b7710843568a2ec68e38734,0,full,raw_calculations/apbs/HY13_SEQ_02/HY13_SEQ_02__ebv__EBV_IEDB_770af30bc486__s0/eps4/full.in,039baa5a2d18f7f06496b0faf6c82f713300e120113820a1944ac9b72fb3038c,HY13_SEQ_02__ebv__EBV_IEDB_770af30bc486__s0,HY13_SEQ_02,0,4.0,complete,raw_calculations/apbs/HY13_SEQ_02/HY13_SEQ_02__ebv__EBV_IEDB_770af30bc486__s0/eps4/full.stderr.txt,raw_calculations/apbs/HY13_SEQ_02/HY13_SEQ_02__ebv__EBV_IEDB_770af30bc486__s0/eps4/full.stdout.txt
ebv,EBV_IEDB_770af30bc486,ubuntu@sha256:2edbbc5dc405e9612ba3584ce95480277e3eb374407b5505fe26f17df77c7dbc,12900347,transient_deleted_after_checksum_and_sampling,5dcddb7251542737235e5ffd05b4c7ad3482a4808546ca948463e36c02043015,0,hla_only,raw_calculations/apbs/HY13_SEQ_02/HY13_SEQ_02__ebv__EBV_IEDB_770af30bc486__s0/eps4/hla_only.in,1ab42c0ae57e05ccb40615561f5aa04a3aa488a869cd050e2a4c796130098a6b,HY13_SEQ_02__ebv__EBV_IEDB_770af30bc486__s0,HY13_SEQ_02,0,4.0,complete,raw_calculations/apbs/HY13_SEQ_02/HY13_SEQ_02__ebv__EBV_IEDB_770af30bc486__s0/eps4/hla_only.stderr.txt,raw_calculations/apbs/HY13_SEQ_02/HY13_SEQ_02__ebv__EBV_IEDB_770af30bc486__s0/eps4/hla_only.stdout.txt
ebv,EBV_IEDB_770af30bc486,ubuntu@sha256:2edbbc5dc405e9612ba3584ce95480277e3eb374407b5505fe26f17df77c7dbc,12877430,transient_deleted_after_checksum_and_sampling,8049d21439425b96fe11980f04bea27fc5625537cea7a61d05319aedec4c6a38,0,full,raw_calculations/apbs/HY13_SEQ_02/HY13_SEQ_02__ebv__EBV_IEDB_770af30bc486__s0/eps8/full.in,b39ca5888b988ad2308d26942f8f66e35c9d04451631453c1d6799d85d9cf69b,HY13_SEQ_02__ebv__EBV_IEDB_770af30bc486__s0,HY13_SEQ_02,0,8.0,complete,raw_calculations/apbs/HY13_SEQ_02/HY13_SEQ_02__ebv__EBV_IEDB_770af30bc486__s0/eps8/full.stderr.txt,raw_calculations/apbs/HY13_SEQ_02/HY13_SEQ_02__ebv__EBV_IEDB_770af30bc486__s0/eps8/full.stdout.txt
ebv,EBV_IEDB_770af30bc486,ubuntu@sha256:2edbbc5dc405e9612ba3584ce95480277e3eb374407b5505fe26f17df77c7dbc,12909059,transient_deleted_after_checksum_and_sampling,124a0f99e2774c6913a2c28e6001c1be11920f5d9bcaaf57c234272a0e6527b7,0,hla_only,raw_calculations/apbs/HY13_SEQ_02/HY13_SEQ_02__ebv__EBV_IEDB_770af30bc486__s0/eps8/hla_only.in,9448759f426f392616c16ff93ef37daf6eeb3f3b7988a503952c2d9f93c1dd35,HY13_SEQ_02__ebv__EBV_IEDB_770af30bc486__s0,HY13_SEQ_02,0,8.0,complete,raw_calculations/apbs/HY13_SEQ_02/HY13_SEQ_02__ebv__EBV_IEDB_770af30bc486__s0/eps8/hla_only.stderr.txt,raw_calculations/apbs/HY13_SEQ_02/HY13_SEQ_02__ebv__EBV_IEDB_770af30bc486__s0/eps8/hla_only.stdout.txt
ebv,EBV_IEDB_770af30bc486,ubuntu@sha256:2edbbc5dc405e9612ba3584ce95480277e3eb374407b5505fe26f17df77c7dbc,12922740,transient_deleted_after_checksum_and_sampling,09b1d89ec4d7cce85248f7c5884e87cdd647c512257ab9efe1e155058b7dc90d,0,full,raw_calculations/apbs/HY13_SEQ_02/HY13_SEQ_02__ebv__EBV_IEDB_770af30bc486__s1/eps2/full.in,108647b97cd883062c190db5d5983955a5d6fc11d1c294a4aded007c4dc45f55,HY13_SEQ_02__ebv__EBV_IEDB_770af30bc486__s1,HY13_SEQ_02,1,2.0,complete,raw_calculations/apbs/HY13_SEQ_02/HY13_SEQ_02__ebv__EBV_IEDB_770af30bc486__s1/eps2/full.stderr.txt,raw_calculations/apbs/HY13_SEQ_02/HY13_SEQ_02__ebv__EBV_IEDB_770af30bc486__s1/eps2/full.stdout.txt
ebv,EBV_IEDB_770af30bc486,ubuntu@sha256:2edbbc5dc405e9612ba3584ce95480277e3eb374407b5505fe26f17df77c7dbc,12901219,transient_deleted_after_checksum_and_sampling,b5bdc069440917f51b524a8fa5bec488ea03bcde07fb8ec0c1c251f611c787ba,0,hla_only,raw_calculations/apbs/HY13_SEQ_02/HY13_SEQ_02__ebv__EBV_IEDB_770af30bc486__s1/eps2/hla_only.in,d6463f3da898ade461db2ba73bfb3bfa563e8a9b20a1bc8360da9a08926f4cfa,HY13_SEQ_02__ebv__EBV_IEDB_770af30bc486__s1,HY13_SEQ_02,1,2.0,complete,raw_calculations/apbs/HY13_SEQ_02/HY13_SEQ_02__ebv__EBV_IEDB_770af30bc486__s1/eps2/hla_only.stderr.txt,raw_calculations/apbs/HY13_SEQ_02/HY13_SEQ_02__ebv__EBV_IEDB_770af30bc486__s1/eps2/hla_only.stdout.txt
ebv,EBV_IEDB_770af30bc486,ubuntu@sha256:2edbbc5dc405e9612ba3584ce95480277e3eb374407b5505fe26f17df77c7dbc,12928927,transient_deleted_after_checksum_and_sampling,8d8af7c9795a1b20e7fd64ca984bdc6f3c2520edd31de8a415f070ca97c6e1b8,0,full,raw_calculations/apbs/HY13_SEQ_02/HY13_SEQ_02__ebv__EBV_IEDB_770af30bc486__s1/eps4/full.in,18dbdc4842eb753fd4f0063b54812f18cb573d0b33b9e2c7f9b7b65e7fa45539,HY13_SEQ_02__ebv__EBV_IEDB_770af30bc486__s1,HY13_SEQ_02,1,4.0,complete,raw_calculations/apbs/HY13_SEQ_02/HY13_SEQ_02__ebv__EBV_IEDB_770af30bc486__s1/eps4/full.stderr.txt,raw_calculations/apbs/HY13_SEQ_02/HY13_SEQ_02__ebv__EBV_IEDB_770af30bc486__s1/eps4/full.stdout.txt
ebv,EBV_IEDB_770af30bc486,ubuntu@sha256:2edbbc5dc405e9612ba3584ce95480277e3eb374407b5505fe26f17df77c7dbc,12903470,transient_deleted_after_checksum_and_sampling,f512272cbfa64118eff87517934e273be275e870474a958bf0cd45bf91990ba3,0,hla_only,raw_calculations/apbs/HY13_SEQ_02/HY13_SEQ_02__ebv__EBV_IEDB_770af30bc486__s1/eps4/hla_only.in,b5643750a9d981f1eab6599bf386aadb1053575aff0ac838892e5dd07372f63d,HY13_SEQ_02__ebv__EBV_IEDB_770af30bc486__s1,HY13_SEQ_02,1,4.0,complete,raw_calculations/apbs/HY13_SEQ_02/HY13_SEQ_02__ebv__EBV_IEDB_770af30bc486__s1/eps4/hla_only.stderr.txt,raw_calculations/apbs/HY13_SEQ_02/HY13_SEQ_02__ebv__EBV_IEDB_770af30bc486__s1/eps4/hla_only.stdout.txt
ebv,EBV_IEDB_770af30bc486,ubuntu@sha256:2edbbc5dc405e9612ba3584ce95480277e3eb374407b5505fe26f17df77c7dbc,12938722,transient_deleted_after_checksum_and_sampling,b65598ade17e4eac24a2d84c3dfc8cf8ace6356e81ee1cf0f75f4ce938e2e9f8,0,full,raw_calculations/apbs/HY13_SEQ_02/HY13_SEQ_02__ebv__EBV_IEDB_770af30bc486__s1/eps8/full.in,532548a6c6c6bd69860e8686d2cbfb4ef087c572c047d619b299f922a49c69d0,HY13_SEQ_02__ebv__EBV_IEDB_770af30bc486__s1,HY13_SEQ_02,1,8.0,complete,raw_calculations/apbs/HY13_SEQ_02/HY13_SEQ_02__ebv__EBV_IEDB_770af30bc486__s1/eps8/full.stderr.txt,raw_calculations/apbs/HY13_SEQ_02/HY13_SEQ_02__ebv__EBV_IEDB_770af30bc486__s1/eps8/full.stdout.txt
ebv,EBV_IEDB_770af30bc486,ubuntu@sha256:2edbbc5dc405e9612ba3584ce95480277e3eb374407b5505fe26f17df77c7dbc,12910170,transient_deleted_after_checksum_and_sampling,83f83ddcbe857ed543bcc88ded94276f49cd8dc4f77dd1ed9d8a09b4914cc950,0,hla_only,raw_calculations/apbs/HY13_SEQ_02/HY13_SEQ_02__ebv__EBV_IEDB_770af30bc486__s1/eps8/hla_only.in,7661b599548030b9ecf07b941d0d5b265b82437d818e09bff9b0b1a534da7465,HY13_SEQ_02__ebv__EBV_IEDB_770af30bc486__s1,HY13_SEQ_02,1,8.0,complete,raw_calculations/apbs/HY13_SEQ_02/HY13_SEQ_02__ebv__EBV_IEDB_770af30bc486__s1/eps8/hla_only.stderr.txt,raw_calculations/apbs/HY13_SEQ_02/HY13_SEQ_02__ebv__EBV_IEDB_770af30bc486__s1/eps8/hla_only.stdout.txt
ebv,EBV_IEDB_770af30bc486,ubuntu@sha256:2edbbc5dc405e9612ba3584ce95480277e3eb374407b5505fe26f17df77c7dbc,12903150,transient_deleted_after_checksum_and_sampling,d9cb9eda7616cc89eb3155505332ff4e42dbbd274839e8bbe4cafb315407b2f2,0,full,raw_calculations/apbs/HY13_SEQ_02/HY13_SEQ_02__ebv__EBV_IEDB_770af30bc486__s2/eps2/full.in,7c405c0f4e5528c95e4a2244b47c9384d3a14c2ea3fd31736b490262f0a09bfe,HY13_SEQ_02__ebv__EBV_IEDB_770af30bc486__s2,HY13_SEQ_02,2,2.0,complete,raw_calculations/apbs/HY13_SEQ_02/HY13_SEQ_02__ebv__EBV_IEDB_770af30bc486__s2/eps2/full.stderr.txt,raw_calculations/apbs/HY13_SEQ_02/HY13_SEQ_02__ebv__EBV_IEDB_770af30bc486__s2/eps2/full.stdout.txt
ebv,EBV_IEDB_770af30bc486,ubuntu@sha256:2edbbc5dc405e9612ba3584ce95480277e3eb374407b5505fe26f17df77c7dbc,12908928,transient_deleted_after_checksum_and_sampling,30a27e1f5cc6fd5f3a76334b600bc3ce0e500bcbc8ffbe246661bbec485ebb90,0,hla_only,raw_calculations/apbs/HY13_SEQ_02/HY13_SEQ_02__ebv__EBV_IEDB_770af30bc486__s2/eps2/hla_only.in,2d4944260eeb047e6babbfb31c2ba161fcd3e217a484ffd195e0ba8f4dbfc81d,HY13_SEQ_02__ebv__EBV_IEDB_770af30bc486__s2,HY13_SEQ_02,2,2.0,complete,raw_calculations/apbs/HY13_SEQ_02/HY13_SEQ_02__ebv__EBV_IEDB_770af30bc486__s2/eps2/hla_only.stderr.txt,raw_calculations/apbs/HY13_SEQ_02/HY13_SEQ_02__ebv__EBV_IEDB_770af30bc486__s2/eps2/hla_only.stdout.txt
ebv,EBV_IEDB_770af30bc486,ubuntu@sha256:2edbbc5dc405e9612ba3584ce95480277e3eb374407b5505fe26f17df77c7dbc,12911567,transient_deleted_after_checksum_and_sampling,ea4b9c7d5151bdeffe4325679fcb1c68e593e65cb339775eab21b096fc667b39,0,full,raw_calculations/apbs/HY13_SEQ_02/HY13_SEQ_02__ebv__EBV_IEDB_770af30bc486__s2/eps4/full.in,646d5f722ed9178b706678265c8e9a8521f361371916b0901f5a7b42a093cab7,HY13_SEQ_02__ebv__EBV_IEDB_770af30bc486__s2,HY13_SEQ_02,2,4.0,complete,raw_calculations/apbs/HY13_SEQ_02/HY13_SEQ_02__ebv__EBV_IEDB_770af30bc486__s2/eps4/full.stderr.txt,raw_calculations/apbs/HY13_SEQ_02/HY13_SEQ_02__ebv__EBV_IEDB_770af30bc486__s2/eps4/full.stdout.txt
ebv,EBV_IEDB_770af30bc486,ubuntu@sha256:2edbbc5dc405e9612ba3584ce95480277e3eb374407b5505fe26f17df77c7dbc,12916573,transient_deleted_after_checksum_and_sampling,5349d85f33289ea33173873e3f6307246969657b024763a93d2681b51df03249,0,hla_only,raw_calculations/apbs/HY13_SEQ_02/HY13_SEQ_02__ebv__EBV_IEDB_770af30bc486__s2/eps4/hla_only.in,72e47665cf723d10d95c2ff68aee16f7d4b21a39ce31c53737ab4edd9efb1f8e,HY13_SEQ_02__ebv__EBV_IEDB_770af30bc486__s2,HY13_SEQ_02,2,4.0,complete,raw_calculations/apbs/HY13_SEQ_02/HY13_SEQ_02__ebv__EBV_IEDB_770af30bc486__s2/eps4/hla_only.stderr.txt,raw_calculations/apbs/HY13_SEQ_02/HY13_SEQ_02__ebv__EBV_IEDB_770af30bc486__s2/eps4/hla_only.stdout.txt
ebv,EBV_IEDB_770af30bc486,ubuntu@sha256:2edbbc5dc405e9612ba3584ce95480277e3eb374407b5505fe26f17df77c7dbc,12923583,transient_deleted_after_checksum_and_sampling,df7961a837dc572994b6decd86241246b8ebbf748fb49e1d94fd1f0b15284744,0,full,raw_calculations/apbs/HY13_SEQ_02/HY13_SEQ_02__ebv__EBV_IEDB_770af30bc486__s2/eps8/full.in,46ce8b014c42d1cd966c16472acfd98b1fe45455f5c6854feed857ada4a36a4d,HY13_SEQ_02__ebv__EBV_IEDB_770af30bc486__s2,HY13_SEQ_02,2,8.0,complete,raw_calculations/apbs/HY13_SEQ_02/HY13_SEQ_02__ebv__EBV_IEDB_770af30bc486__s2/eps8/full.stderr.txt,raw_calculations/apbs/HY13_SEQ_02/HY13_SEQ_02__ebv__EBV_IEDB_770af30bc486__s2/eps8/full.stdout.txt
ebv,EBV_IEDB_770af30bc486,ubuntu@sha256:2edbbc5dc405e9612ba3584ce95480277e3eb374407b5505fe26f17df77c7dbc,12927284,transient_deleted_after_checksum_and_sampling,6275bc4d5ba4beef582974aa643342fd345f174a77bd1d9ceba273bab0fbd082,0,hla_only,raw_calculations/apbs/HY13_SEQ_02/HY13_SEQ_02__ebv__EBV_IEDB_770af30bc486__s2/eps8/hla_only.in,c7db79b2f1fd976302c280493719d31343388116c7b78924556e440a6bc26f88,HY13_SEQ_02__ebv__EBV_IEDB_770af30bc486__s2,HY13_SEQ_02,2,8.0,complete,raw_calculations/apbs/HY13_SEQ_02/HY13_SEQ_02__ebv__EBV_IEDB_770af30bc486__s2/eps8/hla_only.stderr.txt,raw_calculations/apbs/HY13_SEQ_02/HY13_SEQ_02__ebv__EBV_IEDB_770af30bc486__s2/eps8/hla_only.stdout.txt
ebv,EBV_IEDB_770af30bc486,ubuntu@sha256:2edbbc5dc405e9612ba3584ce95480277e3eb374407b5505fe26f17df77c7dbc,12855801,transient_deleted_after_checksum_and_sampling,8464ac72ceb0f68e8dbe21eae52b59b6128467ee7fa8cf295ba5f402b5bef489,0,full,raw_calculations/apbs/HY13_SEQ_02/HY13_SEQ_02__ebv__EBV_IEDB_770af30bc486__s3/eps2/full.in,66d44c9c2276d1f39dd654d49af2ab53a46d9eee15b3a6ff9e82a9ff97ebc982,HY13_SEQ_02__ebv__EBV_IEDB_770af30bc486__s3,HY13_SEQ_02,3,2.0,complete,raw_calculations/apbs/HY13_SEQ_02/HY13_SEQ_02__ebv__EBV_IEDB_770af30bc486__s3/eps2/full.stderr.txt,raw_calculations/apbs/HY13_SEQ_02/HY13_SEQ_02__ebv__EBV_IEDB_770af30bc486__s3/eps2/full.stdout.txt
ebv,EBV_IEDB_770af30bc486,ubuntu@sha256:2edbbc5dc405e9612ba3584ce95480277e3eb374407b5505fe26f17df77c7dbc,12904150,transient_deleted_after_checksum_and_sampling,55cac602891b9cfc59b8bed4230c72328c5071374f4ce8b7faa2e521ead02b8d,0,hla_only,raw_calculations/apbs/HY13_SEQ_02/HY13_SEQ_02__ebv__EBV_IEDB_770af30bc486__s3/eps2/hla_only.in,dd9756e31202df2d90c8c6215f6a8f0569e32748e1cd49be794e007bac5331ef,HY13_SEQ_02__ebv__EBV_IEDB_770af30bc486__s3,HY13_SEQ_02,3,2.0,complete,raw_calculations/apbs/HY13_SEQ_02/HY13_SEQ_02__ebv__EBV_IEDB_770af30bc486__s3/eps2/hla_only.stderr.txt,raw_calculations/apbs/HY13_SEQ_02/HY13_SEQ_02__ebv__EBV_IEDB_770af30bc486__s3/eps2/hla_only.stdout.txt
ebv,EBV_IEDB_770af30bc486,ubuntu@sha256:2edbbc5dc405e9612ba3584ce95480277e3eb374407b5505fe26f17df77c7dbc,12862452,transient_deleted_after_checksum_and_sampling,4e8be495ecde7204d3d628ecb76b648af20e6f5872873a9d14a0a64b412810fa,0,full,raw_calculations/apbs/HY13_SEQ_02/HY13_SEQ_02__ebv__EBV_IEDB_770af30bc486__s3/eps4/full.in,6000227eec83851e07f951433e31ec93f7d1e2a6dc740c946301a04a931b7b25,HY13_SEQ_02__ebv__EBV_IEDB_770af30bc486__s3,HY13_SEQ_02,3,4.0,complete,raw_calculations/apbs/HY13_SEQ_02/HY13_SEQ_02__ebv__EBV_IEDB_770af30bc486__s3/eps4/full.stderr.txt,raw_calculations/apbs/HY13_SEQ_02/HY13_SEQ_02__ebv__EBV_IEDB_770af30bc486__s3/eps4/full.stdout.txt
ebv,EBV_IEDB_770af30bc486,ubuntu@sha256:2edbbc5dc405e9612ba3584ce95480277e3eb374407b5505fe26f17df77c7dbc,12908011,transient_deleted_after_checksum_and_sampling,b4750c3cce9d4643afad7605fc2749906bc89f97af899fe1d7cf669139a4c783,0,hla_only,raw_calculations/apbs/HY13_SEQ_02/HY13_SEQ_02__ebv__EBV_IEDB_770af30bc486__s3/eps4/hla_only.in,7b54dacbcbc0eec9ff25b68263c5994428815aa5cf7f4b2108a56536d4ee18c1,HY13_SEQ_02__ebv__EBV_IEDB_770af30bc486__s3,HY13_SEQ_02,3,4.0,complete,raw_calculations/apbs/HY13_SEQ_02/HY13_SEQ_02__ebv__EBV_IEDB_770af30bc486__s3/eps4/hla_only.stderr.txt,raw_calculations/apbs/HY13_SEQ_02/HY13_SEQ_02__ebv__EBV_IEDB_770af30bc486__s3/eps4/hla_only.stdout.txt
ebv,EBV_IEDB_770af30bc486,ubuntu@sha256:2edbbc5dc405e9612ba3584ce95480277e3eb374407b5505fe26f17df77c7dbc,12872155,transient_deleted_after_checksum_and_sampling,3b3a34eee4acbaca584c268255afa0392e2dfcecba57268d24cbe392c996ad07,0,full,raw_calculations/apbs/HY13_SEQ_02/HY13_SEQ_02__ebv__EBV_IEDB_770af30bc486__s3/eps8/full.in,5460388a126d4a1ca62ef4f93320e1fb488e7c65de970bdca16007c3e4e0ba4e,HY13_SEQ_02__ebv__EBV_IEDB_770af30bc486__s3,HY13_SEQ_02,3,8.0,complete,raw_calculations/apbs/HY13_SEQ_02/HY13_SEQ_02__ebv__EBV_IEDB_770af30bc486__s3/eps8/full.stderr.txt,raw_calculations/apbs/HY13_SEQ_02/HY13_SEQ_02__ebv__EBV_IEDB_770af30bc486__s3/eps8/full.stdout.txt
ebv,EBV_IEDB_770af30bc486,ubuntu@sha256:2edbbc5dc405e9612ba3584ce95480277e3eb374407b5505fe26f17df77c7dbc,12915753,transient_deleted_after_checksum_and_sampling,a074676844f6e3fd26d5d2667eab22bd3e8b48afa2ea6f8f8c7c115625186a98,0,hla_only,raw_calculations/apbs/HY13_SEQ_02/HY13_SEQ_02__ebv__EBV_IEDB_770af30bc486__s3/eps8/hla_only.in,9ebd2c341681d7b4244251ecac2f3f7c5aee912bf73741bbbf80c2bc1504b5eb,HY13_SEQ_02__ebv__EBV_IEDB_770af30bc486__s3,HY13_SEQ_02,3,8.0,complete,raw_calculations/apbs/HY13_SEQ_02/HY13_SEQ_02__ebv__EBV_IEDB_770af30bc486__s3/eps8/hla_only.stderr.txt,raw_calculations/apbs/HY13_SEQ_02/HY13_SEQ_02__ebv__EBV_IEDB_770af30bc486__s3/eps8/hla_only.stdout.txt
ebv,EBV_IEDB_770af30bc486,ubuntu@sha256:2edbbc5dc405e9612ba3584ce95480277e3eb374407b5505fe26f17df77c7dbc,12929472,transient_deleted_after_checksum_and_sampling,f2b9dca7036f77eb3f7cbeb0b60cba16511854ec64d7067a5ec31546c4fbd994,0,full,raw_calculations/apbs/HY13_SEQ_02/HY13_SEQ_02__ebv__EBV_IEDB_770af30bc486__s4/eps2/full.in,757038034c29f13666447b83b6ac029db7b42eea3ba8b1c28540f255f6ef7cfb,HY13_SEQ_02__ebv__EBV_IEDB_770af30bc486__s4,HY13_SEQ_02,4,2.0,complete,raw_calculations/apbs/HY13_SEQ_02/HY13_SEQ_02__ebv__EBV_IEDB_770af30bc486__s4/eps2/full.stderr.txt,raw_calculations/apbs/HY13_SEQ_02/HY13_SEQ_02__ebv__EBV_IEDB_770af30bc486__s4/eps2/full.stdout.txt
ebv,EBV_IEDB_770af30bc486,ubuntu@sha256:2edbbc5dc405e9612ba3584ce95480277e3eb374407b5505fe26f17df77c7dbc,12882923,transient_deleted_after_checksum_and_sampling,0f73474242f8fc02d8432508ab44ccd02eb119cc823a5c0d2893dbee4b88df71,0,hla_only,raw_calculations/apbs/HY13_SEQ_02/HY13_SEQ_02__ebv__EBV_IEDB_770af30bc486__s4/eps2/hla_only.in,5ea3070076ea7a1ad0ac211cfb947541761ec29192fe1036570b5fe035dd3199,HY13_SEQ_02__ebv__EBV_IEDB_770af30bc486__s4,HY13_SEQ_02,4,2.0,complete,raw_calculations/apbs/HY13_SEQ_02/HY13_SEQ_02__ebv__EBV_IEDB_770af30bc486__s4/eps2/hla_only.stderr.txt,raw_calculations/apbs/HY13_SEQ_02/HY13_SEQ_02__ebv__EBV_IEDB_770af30bc486__s4/eps2/hla_only.stdout.txt
ebv,EBV_IEDB_770af30bc486,ubuntu@sha256:2edbbc5dc405e9612ba3584ce95480277e3eb374407b5505fe26f17df77c7dbc,12942340,transient_deleted_after_checksum_and_sampling,55793f3b614bca6ec8607658c79eb2c42ae0224d47f040dc4253f40452d7b8fc,0,full,raw_calculations/apbs/HY13_SEQ_02/HY13_SEQ_02__ebv__EBV_IEDB_770af30bc486__s4/eps4/full.in,5523d56b43217314b63997942fae2c695751d249ec3d031646b6d3c25f70626f,HY13_SEQ_02__ebv__EBV_IEDB_770af30bc486__s4,HY13_SEQ_02,4,4.0,complete,raw_calculations/apbs/HY13_SEQ_02/HY13_SEQ_02__ebv__EBV_IEDB_770af30bc486__s4/eps4/full.stderr.txt,raw_calculations/apbs/HY13_SEQ_02/HY13_SEQ_02__ebv__EBV_IEDB_770af30bc486__s4/eps4/full.stdout.txt
ebv,EBV_IEDB_770af30bc486,ubuntu@sha256:2edbbc5dc405e9612ba3584ce95480277e3eb374407b5505fe26f17df77c7dbc,12897911,transient_deleted_after_checksum_and_sampling,fc5c8b6e3b2e9d2d8b7abb7b86c58415de1d806dc8fbcb55b2bdcd6e532c8756,0,hla_only,raw_calculations/apbs/HY13_SEQ_02/HY13_SEQ_02__ebv__EBV_IEDB_770af30bc486__s4/eps4/hla_only.in,4b6cbd2a083d2e6ec217b3bef18a77c72f98cc7b61c15f6922524da2ae273d89,HY13_SEQ_02__ebv__EBV_IEDB_770af30bc486__s4,HY13_SEQ_02,4,4.0,complete,raw_calculations/apbs/HY13_SEQ_02/HY13_SEQ_02__ebv__EBV_IEDB_770af30bc486__s4/eps4/hla_only.stderr.txt,raw_calculations/apbs/HY13_SEQ_02/HY13_SEQ_02__ebv__EBV_IEDB_770af30bc486__s4/eps4/hla_only.stdout.txt
ebv,EBV_IEDB_770af30bc486,ubuntu@sha256:2edbbc5dc405e9612ba3584ce95480277e3eb374407b5505fe26f17df77c7dbc,12956776,transient_deleted_after_checksum_and_sampling,6e3413ae2ee762efab237000ce3580edd0996e6e1a11d93e82819aae0f2807cf,0,full,raw_calculations/apbs/HY13_SEQ_02/HY13_SEQ_02__ebv__EBV_IEDB_770af30bc486__s4/eps8/full.in,ebc64e8e906b6ed857418f7df136ecd01da7de5f7b2048011009920012dd94e8,HY13_SEQ_02__ebv__EBV_IEDB_770af30bc486__s4,HY13_SEQ_02,4,8.0,complete,raw_calculations/apbs/HY13_SEQ_02/HY13_SEQ_02__ebv__EBV_IEDB_770af30bc486__s4/eps8/full.stderr.txt,raw_calculations/apbs/HY13_SEQ_02/HY13_SEQ_02__ebv__EBV_IEDB_770af30bc486__s4/eps8/full.stdout.txt
ebv,EBV_IEDB_770af30bc486,ubuntu@sha256:2edbbc5dc405e9612ba3584ce95480277e3eb374407b5505fe26f17df77c7dbc,12913998,transient_deleted_after_checksum_and_sampling,05cad98d3d6df6c9deca6df9f70cdc6c14be88d108bc30cec4f12b17685c65dc,0,hla_only,raw_calculations/apbs/HY13_SEQ_02/HY13_SEQ_02__ebv__EBV_IEDB_770af30bc486__s4/eps8/hla_only.in,c50d9cb9e5121c100e7bb3f33b2c5964a3b9a088625bf304a3ec7496f32a1307,HY13_SEQ_02__ebv__EBV_IEDB_770af30bc486__s4,HY13_SEQ_02,4,8.0,complete,raw_calculations/apbs/HY13_SEQ_02/HY13_SEQ_02__ebv__EBV_IEDB_770af30bc486__s4/eps8/hla_only.stderr.txt,raw_calculations/apbs/HY13_SEQ_02/HY13_SEQ_02__ebv__EBV_IEDB_770af30bc486__s4/eps8/hla_only.stdout.txt
ebv,EBV_IEDB_81b4d6bacdc7,ubuntu@sha256:2edbbc5dc405e9612ba3584ce95480277e3eb374407b5505fe26f17df77c7dbc,12901916,transient_deleted_after_checksum_and_sampling,6a2ef1b89c57c12456c195555386ed3056b753e22d5855673d6ff7c6dfa36c63,0,full,raw_calculations/apbs/HY13_SEQ_02/HY13_SEQ_02__ebv__EBV_IEDB_81b4d6bacdc7__s0/eps2/full.in,cc8f070724fabaf35bb81b8d9c5c13f79da582ed12366e847ae14d4afd218616,HY13_SEQ_02__ebv__EBV_IEDB_81b4d6bacdc7__s0,HY13_SEQ_02,0,2.0,complete,raw_calculations/apbs/HY13_SEQ_02/HY13_SEQ_02__ebv__EBV_IEDB_81b4d6bacdc7__s0/eps2/full.stderr.txt,raw_calculations/apbs/HY13_SEQ_02/HY13_SEQ_02__ebv__EBV_IEDB_81b4d6bacdc7__s0/eps2/full.stdout.txt
ebv,EBV_IEDB_81b4d6bacdc7,ubuntu@sha256:2edbbc5dc405e9612ba3584ce95480277e3eb374407b5505fe26f17df77c7dbc,12909231,transient_deleted_after_checksum_and_sampling,5e5d4a9aad218b0725da8b1315df80919956c2ae9d8d75effb8a6e35fd46b9fa,0,hla_only,raw_calculations/apbs/HY13_SEQ_02/HY13_SEQ_02__ebv__EBV_IEDB_81b4d6bacdc7__s0/eps2/hla_only.in,f1b1321c187713f1d180f441b1fbbe3147ed0ce02411d9f591dddbca7d764ba2,HY13_SEQ_02__ebv__EBV_IEDB_81b4d6bacdc7__s0,HY13_SEQ_02,0,2.0,complete,raw_calculations/apbs/HY13_SEQ_02/HY13_SEQ_02__ebv__EBV_IEDB_81b4d6bacdc7__s0/eps2/hla_only.stderr.txt,raw_calculations/apbs/HY13_SEQ_02/HY13_SEQ_02__ebv__EBV_IEDB_81b4d6bacdc7__s0/eps2/hla_only.stdout.txt
ebv,EBV_IEDB_81b4d6bacdc7,ubuntu@sha256:2edbbc5dc405e9612ba3584ce95480277e3eb374407b5505fe26f17df77c7dbc,12906849,transient_deleted_after_checksum_and_sampling,3c212f6eeb8a118f07c34265f9566f66378f2f2e1fbfb76dc9b69ec5251de481,0,full,raw_calculations/apbs/HY13_SEQ_02/HY13_SEQ_02__ebv__EBV_IEDB_81b4d6bacdc7__s0/eps4/full.in,89fa13e6e2c605a723d3bd9737c8c870ca73d8de8d3a1f1000a91cbcf2813e30,HY13_SEQ_02__ebv__EBV_IEDB_81b4d6bacdc7__s0,HY13_SEQ_02,0,4.0,complete,raw_calculations/apbs/HY13_SEQ_02/HY13_SEQ_02__ebv__EBV_IEDB_81b4d6bacdc7__s0/eps4/full.stderr.txt,raw_calculations/apbs/HY13_SEQ_02/HY13_SEQ_02__ebv__EBV_IEDB_81b4d6bacdc7__s0/eps4/full.stdout.txt
ebv,EBV_IEDB_81b4d6bacdc7,ubuntu@sha256:2edbbc5dc405e9612ba3584ce95480277e3eb374407b5505fe26f17df77c7dbc,12914891,transient_deleted_after_checksum_and_sampling,de9b66af6ce0031531849b69573be0f67a5f0ab53fa5f3338a23f0ea1363a006,0,hla_only,raw_calculations/apbs/HY13_SEQ_02/HY13_SEQ_02__ebv__EBV_IEDB_81b4d6bacdc7__s0/eps4/hla_only.in,570ca056351a491344a60139710d1617a094d4426f5a9d5e483a6758821a005d,HY13_SEQ_02__ebv__EBV_IEDB_81b4d6bacdc7__s0,HY13_SEQ_02,0,4.0,complete,raw_calculations/apbs/HY13_SEQ_02/HY13_SEQ_02__ebv__EBV_IEDB_81b4d6bacdc7__s0/eps4/hla_only.stderr.txt,raw_calculations/apbs/HY13_SEQ_02/HY13_SEQ_02__ebv__EBV_IEDB_81b4d6bacdc7__s0/eps4/hla_only.stdout.txt
ebv,EBV_IEDB_81b4d6bacdc7,ubuntu@sha256:2edbbc5dc405e9612ba3584ce95480277e3eb374407b5505fe26f17df77c7dbc,12915169,transient_deleted_after_checksum_and_sampling,b1ea76cbf3c1896277f0ae21149096eec4ee61be29490ef33cd3094d3f81100b,0,full,raw_calculations/apbs/HY13_SEQ_02/HY13_SEQ_02__ebv__EBV_IEDB_81b4d6bacdc7__s0/eps8/full.in,b06849641617abec342f910c5516663ef5637cef53c267a9c3f1178124d2fe72,HY13_SEQ_02__ebv__EBV_IEDB_81b4d6bacdc7__s0,HY13_SEQ_02,0,8.0,complete,raw_calculations/apbs/HY13_SEQ_02/HY13_SEQ_02__ebv__EBV_IEDB_81b4d6bacdc7__s0/eps8/full.stderr.txt,raw_calculations/apbs/HY13_SEQ_02/HY13_SEQ_02__ebv__EBV_IEDB_81b4d6bacdc7__s0/eps8/full.stdout.txt
ebv,EBV_IEDB_81b4d6bacdc7,ubuntu@sha256:2edbbc5dc405e9612ba3584ce95480277e3eb374407b5505fe26f17df77c7dbc,12923468,transient_deleted_after_checksum_and_sampling,fd205ee3132a8beda263f5a49c437564d92f59af8ee04c3d01c5e22c4c8cb0d1,0,hla_only,raw_calculations/apbs/HY13_SEQ_02/HY13_SEQ_02__ebv__EBV_IEDB_81b4d6bacdc7__s0/eps8/hla_only.in,1e563d852a57290e06ce8c14e3a63d270d9a63cf42fd6313d17a5baf68ec9ec4,HY13_SEQ_02__ebv__EBV_IEDB_81b4d6bacdc7__s0,HY13_SEQ_02,0,8.0,complete,raw_calculations/apbs/HY13_SEQ_02/HY13_SEQ_02__ebv__EBV_IEDB_81b4d6bacdc7__s0/eps8/hla_only.stderr.txt,raw_calculations/apbs/HY13_SEQ_02/HY13_SEQ_02__ebv__EBV_IEDB_81b4d6bacdc7__s0/eps8/hla_only.stdout.txt
ebv,EBV_IEDB_81b4d6bacdc7,ubuntu@sha256:2edbbc5dc405e9612ba3584ce95480277e3eb374407b5505fe26f17df77c7dbc,12915307,transient_deleted_after_checksum_and_sampling,e52a78b3c9184205d92b5851cfde14d1740871c3fde53ddb454d9754b21c621b,0,full,raw_calculations/apbs/HY13_SEQ_02/HY13_SEQ_02__ebv__EBV_IEDB_81b4d6bacdc7__s1/eps2/full.in,13a0c1f6f2e2e0e5e11d387c7052c7c54fe45796bb0dfc918b564d2f50eb6113,HY13_SEQ_02__ebv__EBV_IEDB_81b4d6bacdc7__s1,HY13_SEQ_02,1,2.0,complete,raw_calculations/apbs/HY13_SEQ_02/HY13_SEQ_02__ebv__EBV_IEDB_81b4d6bacdc7__s1/eps2/full.stderr.txt,raw_calculations/apbs/HY13_SEQ_02/HY13_SEQ_02__ebv__EBV_IEDB_81b4d6bacdc7__s1/eps2/full.stdout.txt
ebv,EBV_IEDB_81b4d6bacdc7,ubuntu@sha256:2edbbc5dc405e9612ba3584ce95480277e3eb374407b5505fe26f17df77c7dbc,12919067,transient_deleted_after_checksum_and_sampling,2caafc79beff012ae3da2612ed13583c10f8bec1cae05763fa10dfc418a09cbd,0,hla_only,raw_calculations/apbs/HY13_SEQ_02/HY13_SEQ_02__ebv__EBV_IEDB_81b4d6bacdc7__s1/eps2/hla_only.in,180671402b027fa26ebafd677018f7fb6ca0f1bcda414712903fa2082acada31,HY13_SEQ_02__ebv__EBV_IEDB_81b4d6bacdc7__s1,HY13_SEQ_02,1,2.0,complete,raw_calculations/apbs/HY13_SEQ_02/HY13_SEQ_02__ebv__EBV_IEDB_81b4d6bacdc7__s1/eps2/hla_only.stderr.txt,raw_calculations/apbs/HY13_SEQ_02/HY13_SEQ_02__ebv__EBV_IEDB_81b4d6bacdc7__s1/eps2/hla_only.stdout.txt
ebv,EBV_IEDB_81b4d6bacdc7,ubuntu@sha256:2edbbc5dc405e9612ba3584ce95480277e3eb374407b5505fe26f17df77c7dbc,12921218,transient_deleted_after_checksum_and_sampling,89460de561fff661aaad1037f8c206a8ce0beb3ddb4a54fcb1b3460a432cd2d8,0,full,raw_calculations/apbs/HY13_SEQ_02/HY13_SEQ_02__ebv__EBV_IEDB_81b4d6bacdc7__s1/eps4/full.in,0f1c4506c569d6eb5f4c6577f10bad72f28b0d5d0fba576b88d1a5b0ef6c560d,HY13_SEQ_02__ebv__EBV_IEDB_81b4d6bacdc7__s1,HY13_SEQ_02,1,4.0,complete,raw_calculations/apbs/HY13_SEQ_02/HY13_SEQ_02__ebv__EBV_IEDB_81b4d6bacdc7__s1/eps4/full.stderr.txt,raw_calculations/apbs/HY13_SEQ_02/HY13_SEQ_02__ebv__EBV_IEDB_81b4d6bacdc7__s1/eps4/full.stdout.txt
ebv,EBV_IEDB_81b4d6bacdc7,ubuntu@sha256:2edbbc5dc405e9612ba3584ce95480277e3eb374407b5505fe26f17df77c7dbc,12925227,transient_deleted_after_checksum_and_sampling,1c4c5ac78ff9765818736ee9ca54e90dd9444ea604de4a6e632c0e3fd27e7033,0,hla_only,raw_calculations/apbs/HY13_SEQ_02/HY13_SEQ_02__ebv__EBV_IEDB_81b4d6bacdc7__s1/eps4/hla_only.in,44ac2e2ea4df191f33ca35da9b41ddb5ecff7095f273025fa9d2fe03e176d244,HY13_SEQ_02__ebv__EBV_IEDB_81b4d6bacdc7__s1,HY13_SEQ_02,1,4.0,complete,raw_calculations/apbs/HY13_SEQ_02/HY13_SEQ_02__ebv__EBV_IEDB_81b4d6bacdc7__s1/eps4/hla_only.stderr.txt,raw_calculations/apbs/HY13_SEQ_02/HY13_SEQ_02__ebv__EBV_IEDB_81b4d6bacdc7__s1/eps4/hla_only.stdout.txt
ebv,EBV_IEDB_81b4d6bacdc7,ubuntu@sha256:2edbbc5dc405e9612ba3584ce95480277e3eb374407b5505fe26f17df77c7dbc,12931281,transient_deleted_after_checksum_and_sampling,1ca1632e987b80ac3f5a7446ee35dff0f3a4834490354f7a9f15aa2df36c5baa,0,full,raw_calculations/apbs/HY13_SEQ_02/HY13_SEQ_02__ebv__EBV_IEDB_81b4d6bacdc7__s1/eps8/full.in,d1ca7653592284500f95482912c6524e3ca42e82cd2927f4f30f6ced95a99596,HY13_SEQ_02__ebv__EBV_IEDB_81b4d6bacdc7__s1,HY13_SEQ_02,1,8.0,complete,raw_calculations/apbs/HY13_SEQ_02/HY13_SEQ_02__ebv__EBV_IEDB_81b4d6bacdc7__s1/eps8/full.stderr.txt,raw_calculations/apbs/HY13_SEQ_02/HY13_SEQ_02__ebv__EBV_IEDB_81b4d6bacdc7__s1/eps8/full.stdout.txt
ebv,EBV_IEDB_81b4d6bacdc7,ubuntu@sha256:2edbbc5dc405e9612ba3584ce95480277e3eb374407b5505fe26f17df77c7dbc,12934328,transient_deleted_after_checksum_and_sampling,40b369d079d999250eda70cb879ad57e8c4603534af18635052a727e1a588604,0,hla_only,raw_calculations/apbs/HY13_SEQ_02/HY13_SEQ_02__ebv__EBV_IEDB_81b4d6bacdc7__s1/eps8/hla_only.in,42750d2f9858df4f6ac7a469db02a27e380bcf422d7ef3c8abe5806cfab35fb6,HY13_SEQ_02__ebv__EBV_IEDB_81b4d6bacdc7__s1,HY13_SEQ_02,1,8.0,complete,raw_calculations/apbs/HY13_SEQ_02/HY13_SEQ_02__ebv__EBV_IEDB_81b4d6bacdc7__s1/eps8/hla_only.stderr.txt,raw_calculations/apbs/HY13_SEQ_02/HY13_SEQ_02__ebv__EBV_IEDB_81b4d6bacdc7__s1/eps8/hla_only.stdout.txt
ebv,EBV_IEDB_81b4d6bacdc7,ubuntu@sha256:2edbbc5dc405e9612ba3584ce95480277e3eb374407b5505fe26f17df77c7dbc,12907764,transient_deleted_after_checksum_and_sampling,03e4002878bc9768c768934d91a421b050a8bab2aca6f53ab1ae95edb8ca7802,0,full,raw_calculations/apbs/HY13_SEQ_02/HY13_SEQ_02__ebv__EBV_IEDB_81b4d6bacdc7__s2/eps2/full.in,b5dbd8b821f2aeda0b42168ac0567dfe36201bc108ee4addefc91429e5d86fa2,HY13_SEQ_02__ebv__EBV_IEDB_81b4d6bacdc7__s2,HY13_SEQ_02,2,2.0,complete,raw_calculations/apbs/HY13_SEQ_02/HY13_SEQ_02__ebv__EBV_IEDB_81b4d6bacdc7__s2/eps2/full.stderr.txt,raw_calculations/apbs/HY13_SEQ_02/HY13_SEQ_02__ebv__EBV_IEDB_81b4d6bacdc7__s2/eps2/full.stdout.txt
ebv,EBV_IEDB_81b4d6bacdc7,ubuntu@sha256:2edbbc5dc405e9612ba3584ce95480277e3eb374407b5505fe26f17df77c7dbc,12905510,transient_deleted_after_checksum_and_sampling,ca5d3422aff35db4da0c3780503d90b154a5979915f41856786cdc4239f632c4,0,hla_only,raw_calculations/apbs/HY13_SEQ_02/HY13_SEQ_02__ebv__EBV_IEDB_81b4d6bacdc7__s2/eps2/hla_only.in,41304aba1ef8501e1f7443ce808da2bbe16780bac722e02a55de66b5e60cee1c,HY13_SEQ_02__ebv__EBV_IEDB_81b4d6bacdc7__s2,HY13_SEQ_02,2,2.0,complete,raw_calculations/apbs/HY13_SEQ_02/HY13_SEQ_02__ebv__EBV_IEDB_81b4d6bacdc7__s2/eps2/hla_only.stderr.txt,raw_calculations/apbs/HY13_SEQ_02/HY13_SEQ_02__ebv__EBV_IEDB_81b4d6bacdc7__s2/eps2/hla_only.stdout.txt
ebv,EBV_IEDB_81b4d6bacdc7,ubuntu@sha256:2edbbc5dc405e9612ba3584ce95480277e3eb374407b5505fe26f17df77c7dbc,12913612,transient_deleted_after_checksum_and_sampling,b5d6d3cf115309600efe321d00c665303c67d1d75ee9c3fac7dd3d95e8e5e31a,0,full,raw_calculations/apbs/HY13_SEQ_02/HY13_SEQ_02__ebv__EBV_IEDB_81b4d6bacdc7__s2/eps4/full.in,057a80131808f310990cdd629d9fb98bf434ec17308e054cdfd0ccab17ca040b,HY13_SEQ_02__ebv__EBV_IEDB_81b4d6bacdc7__s2,HY13_SEQ_02,2,4.0,complete,raw_calculations/apbs/HY13_SEQ_02/HY13_SEQ_02__ebv__EBV_IEDB_81b4d6bacdc7__s2/eps4/full.stderr.txt,raw_calculations/apbs/HY13_SEQ_02/HY13_SEQ_02__ebv__EBV_IEDB_81b4d6bacdc7__s2/eps4/full.stdout.txt
ebv,EBV_IEDB_81b4d6bacdc7,ubuntu@sha256:2edbbc5dc405e9612ba3584ce95480277e3eb374407b5505fe26f17df77c7dbc,12913422,transient_deleted_after_checksum_and_sampling,51178a2975531768cb4c371ac78158927960ffa589d73fbb513385f7359c6e4a,0,hla_only,raw_calculations/apbs/HY13_SEQ_02/HY13_SEQ_02__ebv__EBV_IEDB_81b4d6bacdc7__s2/eps4/hla_only.in,fcf7d65077e4b413410c2b35fd1ae83d11888032adfc4496b41c38b7bda0d04c,HY13_SEQ_02__ebv__EBV_IEDB_81b4d6bacdc7__s2,HY13_SEQ_02,2,4.0,complete,raw_calculations/apbs/HY13_SEQ_02/HY13_SEQ_02__ebv__EBV_IEDB_81b4d6bacdc7__s2/eps4/hla_only.stderr.txt,raw_calculations/apbs/HY13_SEQ_02/HY13_SEQ_02__ebv__EBV_IEDB_81b4d6bacdc7__s2/eps4/hla_only.stdout.txt
ebv,EBV_IEDB_81b4d6bacdc7,ubuntu@sha256:2edbbc5dc405e9612ba3584ce95480277e3eb374407b5505fe26f17df77c7dbc,12922982,transient_deleted_after_checksum_and_sampling,66db65ac4b6633c14fdf962f6c497e5c60796afdd5539517052b28fe7aecfe9d,0,full,raw_calculations/apbs/HY13_SEQ_02/HY13_SEQ_02__ebv__EBV_IEDB_81b4d6bacdc7__s2/eps8/full.in,fe65af625ff8c2f94501e3adc908b0a05346b7a685120fdfadacada733ed571c,HY13_SEQ_02__ebv__EBV_IEDB_81b4d6bacdc7__s2,HY13_SEQ_02,2,8.0,complete,raw_calculations/apbs/HY13_SEQ_02/HY13_SEQ_02__ebv__EBV_IEDB_81b4d6bacdc7__s2/eps8/full.stderr.txt,raw_calculations/apbs/HY13_SEQ_02/HY13_SEQ_02__ebv__EBV_IEDB_81b4d6bacdc7__s2/eps8/full.stdout.txt
ebv,EBV_IEDB_81b4d6bacdc7,ubuntu@sha256:2edbbc5dc405e9612ba3584ce95480277e3eb374407b5505fe26f17df77c7dbc,12923428,transient_deleted_after_checksum_and_sampling,dd505ce9cd4cf033da117a7cae4301ca6e574ed306ce118c5b82d57e665b37bd,0,hla_only,raw_calculations/apbs/HY13_SEQ_02/HY13_SEQ_02__ebv__EBV_IEDB_81b4d6bacdc7__s2/eps8/hla_only.in,8ac3caca1b8b9da2b92167020f2c5821c75c42066af6ed3ffddef26e0eadd682,HY13_SEQ_02__ebv__EBV_IEDB_81b4d6bacdc7__s2,HY13_SEQ_02,2,8.0,complete,raw_calculations/apbs/HY13_SEQ_02/HY13_SEQ_02__ebv__EBV_IEDB_81b4d6bacdc7__s2/eps8/hla_only.stderr.txt,raw_calculations/apbs/HY13_SEQ_02/HY13_SEQ_02__ebv__EBV_IEDB_81b4d6bacdc7__s2/eps8/hla_only.stdout.txt
ebv,EBV_IEDB_81b4d6bacdc7,ubuntu@sha256:2edbbc5dc405e9612ba3584ce95480277e3eb374407b5505fe26f17df77c7dbc,12925240,transient_deleted_after_checksum_and_sampling,df077d5e3c86bf8f81ad55003ea2900946587ca52d72ce91f728804c6e454d9c,0,full,raw_calculations/apbs/HY13_SEQ_02/HY13_SEQ_02__ebv__EBV_IEDB_81b4d6bacdc7__s3/eps2/full.in,5ab3d60cb02ad84771f31c24225b1006ff94db8b134171492435d07e508e6d64,HY13_SEQ_02__ebv__EBV_IEDB_81b4d6bacdc7__s3,HY13_SEQ_02,3,2.0,complete,raw_calculations/apbs/HY13_SEQ_02/HY13_SEQ_02__ebv__EBV_IEDB_81b4d6bacdc7__s3/eps2/full.stderr.txt,raw_calculations/apbs/HY13_SEQ_02/HY13_SEQ_02__ebv__EBV_IEDB_81b4d6bacdc7__s3/eps2/full.stdout.txt
ebv,EBV_IEDB_81b4d6bacdc7,ubuntu@sha256:2edbbc5dc405e9612ba3584ce95480277e3eb374407b5505fe26f17df77c7dbc,12926548,transient_deleted_after_checksum_and_sampling,4d4356f554fd41ba9a72867e46d7638759d1583fd5863ba468c01d5f6ece33a2,0,hla_only,raw_calculations/apbs/HY13_SEQ_02/HY13_SEQ_02__ebv__EBV_IEDB_81b4d6bacdc7__s3/eps2/hla_only.in,a57485a73539303c7aef1c5d60654c91642fe866c05bffab555cd8afcf38e960,HY13_SEQ_02__ebv__EBV_IEDB_81b4d6bacdc7__s3,HY13_SEQ_02,3,2.0,complete,raw_calculations/apbs/HY13_SEQ_02/HY13_SEQ_02__ebv__EBV_IEDB_81b4d6bacdc7__s3/eps2/hla_only.stderr.txt,raw_calculations/apbs/HY13_SEQ_02/HY13_SEQ_02__ebv__EBV_IEDB_81b4d6bacdc7__s3/eps2/hla_only.stdout.txt
ebv,EBV_IEDB_81b4d6bacdc7,ubuntu@sha256:2edbbc5dc405e9612ba3584ce95480277e3eb374407b5505fe26f17df77c7dbc,12931592,transient_deleted_after_checksum_and_sampling,980b32902a31786bc42a26c271aa1d37a1f06cc6ea1d9638e54a9aae45e8b45e,0,full,raw_calculations/apbs/HY13_SEQ_02/HY13_SEQ_02__ebv__EBV_IEDB_81b4d6bacdc7__s3/eps4/full.in,fb93a69af089c655a7b3c5a3f9f5c0922e73608708d2404dfd0f5a0fab55d4d6,HY13_SEQ_02__ebv__EBV_IEDB_81b4d6bacdc7__s3,HY13_SEQ_02,3,4.0,complete,raw_calculations/apbs/HY13_SEQ_02/HY13_SEQ_02__ebv__EBV_IEDB_81b4d6bacdc7__s3/eps4/full.stderr.txt,raw_calculations/apbs/HY13_SEQ_02/HY13_SEQ_02__ebv__EBV_IEDB_81b4d6bacdc7__s3/eps4/full.stdout.txt
ebv,EBV_IEDB_81b4d6bacdc7,ubuntu@sha256:2edbbc5dc405e9612ba3584ce95480277e3eb374407b5505fe26f17df77c7dbc,12934066,transient_deleted_after_checksum_and_sampling,65f36b629e221743b7c5b80a7f10f55794e6427fa18262ed478762b49e8605c0,0,hla_only,raw_calculations/apbs/HY13_SEQ_02/HY13_SEQ_02__ebv__EBV_IEDB_81b4d6bacdc7__s3/eps4/hla_only.in,fc7b2aa9ba09413c71a26c6f29a679d0cf83ba1615e5b3b4fbaf1aa2fdf78f82,HY13_SEQ_02__ebv__EBV_IEDB_81b4d6bacdc7__s3,HY13_SEQ_02,3,4.0,complete,raw_calculations/apbs/HY13_SEQ_02/HY13_SEQ_02__ebv__EBV_IEDB_81b4d6bacdc7__s3/eps4/hla_only.stderr.txt,raw_calculations/apbs/HY13_SEQ_02/HY13_SEQ_02__ebv__EBV_IEDB_81b4d6bacdc7__s3/eps4/hla_only.stdout.txt
ebv,EBV_IEDB_81b4d6bacdc7,ubuntu@sha256:2edbbc5dc405e9612ba3584ce95480277e3eb374407b5505fe26f17df77c7dbc,12940726,transient_deleted_after_checksum_and_sampling,7b1123ae5623d9e31c5510a377dc7fdefe93b5ea876d010575fa570c2ee385e0,0,full,raw_calculations/apbs/HY13_SEQ_02/HY13_SEQ_02__ebv__EBV_IEDB_81b4d6bacdc7__s3/eps8/full.in,5e8321320dbe0d9527973f11ec82c16255e9b1daeb9d8ef9a78335b0ac9b9378,HY13_SEQ_02__ebv__EBV_IEDB_81b4d6bacdc7__s3,HY13_SEQ_02,3,8.0,complete,raw_calculations/apbs/HY13_SEQ_02/HY13_SEQ_02__ebv__EBV_IEDB_81b4d6bacdc7__s3/eps8/full.stderr.txt,raw_calculations/apbs/HY13_SEQ_02/HY13_SEQ_02__ebv__EBV_IEDB_81b4d6bacdc7__s3/eps8/full.stdout.txt
ebv,EBV_IEDB_81b4d6bacdc7,ubuntu@sha256:2edbbc5dc405e9612ba3584ce95480277e3eb374407b5505fe26f17df77c7dbc,12944302,transient_deleted_after_checksum_and_sampling,24fbf69dea1309397f3a97c581a41500260d9c7f4f8a723f45f28488a2ff5f62,0,hla_only,raw_calculations/apbs/HY13_SEQ_02/HY13_SEQ_02__ebv__EBV_IEDB_81b4d6bacdc7__s3/eps8/hla_only.in,3b18e2ffbb1a52ba13e294e09bcf77b01679e4cfefd281af413baccc4bf82570,HY13_SEQ_02__ebv__EBV_IEDB_81b4d6bacdc7__s3,HY13_SEQ_02,3,8.0,complete,raw_calculations/apbs/HY13_SEQ_02/HY13_SEQ_02__ebv__EBV_IEDB_81b4d6bacdc7__s3/eps8/hla_only.stderr.txt,raw_calculations/apbs/HY13_SEQ_02/HY13_SEQ_02__ebv__EBV_IEDB_81b4d6bacdc7__s3/eps8/hla_only.stdout.txt
ebv,EBV_IEDB_81b4d6bacdc7,ubuntu@sha256:2edbbc5dc405e9612ba3584ce95480277e3eb374407b5505fe26f17df77c7dbc,12920893,transient_deleted_after_checksum_and_sampling,922f86b489f0bfc6fcb0035b3e47cafa8612e42e4fcbb9c8105b64dcade3bfeb,0,full,raw_calculations/apbs/HY13_SEQ_02/HY13_SEQ_02__ebv__EBV_IEDB_81b4d6bacdc7__s4/eps2/full.in,34533f9dee0b187c067ef25c7242f7e3fa55e8b5ea3b07758f84538a7425c69e,HY13_SEQ_02__ebv__EBV_IEDB_81b4d6bacdc7__s4,HY13_SEQ_02,4,2.0,complete,raw_calculations/apbs/HY13_SEQ_02/HY13_SEQ_02__ebv__EBV_IEDB_81b4d6bacdc7__s4/eps2/full.stderr.txt,raw_calculations/apbs/HY13_SEQ_02/HY13_SEQ_02__ebv__EBV_IEDB_81b4d6bacdc7__s4/eps2/full.stdout.txt
ebv,EBV_IEDB_81b4d6bacdc7,ubuntu@sha256:2edbbc5dc405e9612ba3584ce95480277e3eb374407b5505fe26f17df77c7dbc,12908970,transient_deleted_after_checksum_and_sampling,4953393232ede8ce907e0e847828a9519c4b2474e99358754baf15c3c3bc821a,0,hla_only,raw_calculations/apbs/HY13_SEQ_02/HY13_SEQ_02__ebv__EBV_IEDB_81b4d6bacdc7__s4/eps2/hla_only.in,a63dce3121ce91ee9d73d1bb411781585340b00842937d046944db83f3bddf02,HY13_SEQ_02__ebv__EBV_IEDB_81b4d6bacdc7__s4,HY13_SEQ_02,4,2.0,complete,raw_calculations/apbs/HY13_SEQ_02/HY13_SEQ_02__ebv__EBV_IEDB_81b4d6bacdc7__s4/eps2/hla_only.stderr.txt,raw_calculations/apbs/HY13_SEQ_02/HY13_SEQ_02__ebv__EBV_IEDB_81b4d6bacdc7__s4/eps2/hla_only.stdout.txt
ebv,EBV_IEDB_81b4d6bacdc7,ubuntu@sha256:2edbbc5dc405e9612ba3584ce95480277e3eb374407b5505fe26f17df77c7dbc,12926605,transient_deleted_after_checksum_and_sampling,5c203d4033ba5ab254c7289ccd2dd64a5762786441b1165c5673dd2c865efe80,0,full,raw_calculations/apbs/HY13_SEQ_02/HY13_SEQ_02__ebv__EBV_IEDB_81b4d6bacdc7__s4/eps4/full.in,d1df93be3687b7da25dc5404cd98ee6902f80c737805737f2dc29b2a300d8b6c,HY13_SEQ_02__ebv__EBV_IEDB_81b4d6bacdc7__s4,HY13_SEQ_02,4,4.0,complete,raw_calculations/apbs/HY13_SEQ_02/HY13_SEQ_02__ebv__EBV_IEDB_81b4d6bacdc7__s4/eps4/full.stderr.txt,raw_calculations/apbs/HY13_SEQ_02/HY13_SEQ_02__ebv__EBV_IEDB_81b4d6bacdc7__s4/eps4/full.stdout.txt
ebv,EBV_IEDB_81b4d6bacdc7,ubuntu@sha256:2edbbc5dc405e9612ba3584ce95480277e3eb374407b5505fe26f17df77c7dbc,12915054,transient_deleted_after_checksum_and_sampling,816cdb096398f97d63c443c2f89ff1f196daf3c71886599c9f27066422cf2bee,0,hla_only,raw_calculations/apbs/HY13_SEQ_02/HY13_SEQ_02__ebv__EBV_IEDB_81b4d6bacdc7__s4/eps4/hla_only.in,2238b64bf96607a3f5a874ec25dfced9234809963b743284e13994d314ea860a,HY13_SEQ_02__ebv__EBV_IEDB_81b4d6bacdc7__s4,HY13_SEQ_02,4,4.0,complete,raw_calculations/apbs/HY13_SEQ_02/HY13_SEQ_02__ebv__EBV_IEDB_81b4d6bacdc7__s4/eps4/hla_only.stderr.txt,raw_calculations/apbs/HY13_SEQ_02/HY13_SEQ_02__ebv__EBV_IEDB_81b4d6bacdc7__s4/eps4/hla_only.stdout.txt
ebv,EBV_IEDB_81b4d6bacdc7,ubuntu@sha256:2edbbc5dc405e9612ba3584ce95480277e3eb374407b5505fe26f17df77c7dbc,12935783,transient_deleted_after_checksum_and_sampling,2c31ee66779ea61b32a537d5e3fb0bbae2b292c56ba1c46fbc3ed93d4e0fb95c,0,full,raw_calculations/apbs/HY13_SEQ_02/HY13_SEQ_02__ebv__EBV_IEDB_81b4d6bacdc7__s4/eps8/full.in,7c13b0395ff77f7c885e4ff52d32ca9a088a0ad64ff3921c45969d805fec5dd7,HY13_SEQ_02__ebv__EBV_IEDB_81b4d6bacdc7__s4,HY13_SEQ_02,4,8.0,complete,raw_calculations/apbs/HY13_SEQ_02/HY13_SEQ_02__ebv__EBV_IEDB_81b4d6bacdc7__s4/eps8/full.stderr.txt,raw_calculations/apbs/HY13_SEQ_02/HY13_SEQ_02__ebv__EBV_IEDB_81b4d6bacdc7__s4/eps8/full.stdout.txt
ebv,EBV_IEDB_81b4d6bacdc7,ubuntu@sha256:2edbbc5dc405e9612ba3584ce95480277e3eb374407b5505fe26f17df77c7dbc,12923744,transient_deleted_after_checksum_and_sampling,4db3e77876ab4f08a57f76082c6ab6c7046d0f7d7aa6a6b73b4984ae3d575a10,0,hla_only,raw_calculations/apbs/HY13_SEQ_02/HY13_SEQ_02__ebv__EBV_IEDB_81b4d6bacdc7__s4/eps8/hla_only.in,5e2951710682e43d237bdbd6a1aa53ae312b75024f9b8de8645ed6d65aaef01b,HY13_SEQ_02__ebv__EBV_IEDB_81b4d6bacdc7__s4,HY13_SEQ_02,4,8.0,complete,raw_calculations/apbs/HY13_SEQ_02/HY13_SEQ_02__ebv__EBV_IEDB_81b4d6bacdc7__s4/eps8/hla_only.stderr.txt,raw_calculations/apbs/HY13_SEQ_02/HY13_SEQ_02__ebv__EBV_IEDB_81b4d6bacdc7__s4/eps8/hla_only.stdout.txt
self,SELF_CANON_CNP_0272_0286,ubuntu@sha256:2edbbc5dc405e9612ba3584ce95480277e3eb374407b5505fe26f17df77c7dbc,12776658,transient_deleted_after_checksum_and_sampling,e4a90801b4ac451d67504b93ccbd27e62014a1fb9033e7fce123cbdc9a961642,0,full,raw_calculations/apbs/HY13_SEQ_02/HY13_SEQ_02__self__SELF_CANON_CNP_0272_0286__s0/eps2/full.in,d35c3a89eb2333573de56af74401dbec2a7be9e73086c5c95dd6e5ea625b4593,HY13_SEQ_02__self__SELF_CANON_CNP_0272_0286__s0,HY13_SEQ_02,0,2.0,complete,raw_calculations/apbs/HY13_SEQ_02/HY13_SEQ_02__self__SELF_CANON_CNP_0272_0286__s0/eps2/full.stderr.txt,raw_calculations/apbs/HY13_SEQ_02/HY13_SEQ_02__self__SELF_CANON_CNP_0272_0286__s0/eps2/full.stdout.txt
self,SELF_CANON_CNP_0272_0286,ubuntu@sha256:2edbbc5dc405e9612ba3584ce95480277e3eb374407b5505fe26f17df77c7dbc,12934398,transient_deleted_after_checksum_and_sampling,cecacaf8d23110e099a3e493f2bfb7e436f748659bb3af0389eb2cea704673a4,0,hla_only,raw_calculations/apbs/HY13_SEQ_02/HY13_SEQ_02__self__SELF_CANON_CNP_0272_0286__s0/eps2/hla_only.in,07a9a759b0fb65b91362db2c47516f40cc93d6939bfb546d6a94ac9e5f9f40fc,HY13_SEQ_02__self__SELF_CANON_CNP_0272_0286__s0,HY13_SEQ_02,0,2.0,complete,raw_calculations/apbs/HY13_SEQ_02/HY13_SEQ_02__self__SELF_CANON_CNP_0272_0286__s0/eps2/hla_only.stderr.txt,raw_calculations/apbs/HY13_SEQ_02/HY13_SEQ_02__self__SELF_CANON_CNP_0272_0286__s0/eps2/hla_only.stdout.txt
self,SELF_CANON_CNP_0272_0286,ubuntu@sha256:2edbbc5dc405e9612ba3584ce95480277e3eb374407b5505fe26f17df77c7dbc,12783817,transient_deleted_after_checksum_and_sampling,6614c8f799c70e36a0a03d898e73d71b2306b4aad731098d13d8752c6f5613bf,0,full,raw_calculations/apbs/HY13_SEQ_02/HY13_SEQ_02__self__SELF_CANON_CNP_0272_0286__s0/eps4/full.in,61865899ae9e6b32a52e9af5688bd2e6291212603455576c10dd6a6aaf1d9411,HY13_SEQ_02__self__SELF_CANON_CNP_0272_0286__s0,HY13_SEQ_02,0,4.0,complete,raw_calculations/apbs/HY13_SEQ_02/HY13_SEQ_02__self__SELF_CANON_CNP_0272_0286__s0/eps4/full.stderr.txt,raw_calculations/apbs/HY13_SEQ_02/HY13_SEQ_02__self__SELF_CANON_CNP_0272_0286__s0/eps4/full.stdout.txt
self,SELF_CANON_CNP_0272_0286,ubuntu@sha256:2edbbc5dc405e9612ba3584ce95480277e3eb374407b5505fe26f17df77c7dbc,12941303,transient_deleted_after_checksum_and_sampling,5bd9b7529ad06865c44d6d582d66178cc36e82a2d8be34b030e00df69cac6c46,0,hla_only,raw_calculations/apbs/HY13_SEQ_02/HY13_SEQ_02__self__SELF_CANON_CNP_0272_0286__s0/eps4/hla_only.in,5b31375760e417e3a6ba0710e90ee6c9ea833752bafa4f42c2e3f48297b6c15b,HY13_SEQ_02__self__SELF_CANON_CNP_0272_0286__s0,HY13_SEQ_02,0,4.0,complete,raw_calculations/apbs/HY13_SEQ_02/HY13_SEQ_02__self__SELF_CANON_CNP_0272_0286__s0/eps4/hla_only.stderr.txt,raw_calculations/apbs/HY13_SEQ_02/HY13_SEQ_02__self__SELF_CANON_CNP_0272_0286__s0/eps4/hla_only.stdout.txt
self,SELF_CANON_CNP_0272_0286,ubuntu@sha256:2edbbc5dc405e9612ba3584ce95480277e3eb374407b5505fe26f17df77c7dbc,12795216,transient_deleted_after_checksum_and_sampling,a9bae3ef3203ebf026602380abec78ec79d5e70c80ad762b51cb75318663585a,0,full,raw_calculations/apbs/HY13_SEQ_02/HY13_SEQ_02__self__SELF_CANON_CNP_0272_0286__s0/eps8/full.in,ee5474a28bbb749a97017c1e637503e0ce6a27015b38f8abe6c300d9960cc5b5,HY13_SEQ_02__self__SELF_CANON_CNP_0272_0286__s0,HY13_SEQ_02,0,8.0,complete,raw_calculations/apbs/HY13_SEQ_02/HY13_SEQ_02__self__SELF_CANON_CNP_0272_0286__s0/eps8/full.stderr.txt,raw_calculations/apbs/HY13_SEQ_02/HY13_SEQ_02__self__SELF_CANON_CNP_0272_0286__s0/eps8/full.stdout.txt
self,SELF_CANON_CNP_0272_0286,ubuntu@sha256:2edbbc5dc405e9612ba3584ce95480277e3eb374407b5505fe26f17df77c7dbc,12951383,transient_deleted_after_checksum_and_sampling,10aeb859d35e70ab2ad20c91c555dd5fddf176950dda745ce6a943661cd909a6,0,hla_only,raw_calculations/apbs/HY13_SEQ_02/HY13_SEQ_02__self__SELF_CANON_CNP_0272_0286__s0/eps8/hla_only.in,3ec45fe0d28d46da098053f8236cfe5abb380787f256245afede15e5448dbb44,HY13_SEQ_02__self__SELF_CANON_CNP_0272_0286__s0,HY13_SEQ_02,0,8.0,complete,raw_calculations/apbs/HY13_SEQ_02/HY13_SEQ_02__self__SELF_CANON_CNP_0272_0286__s0/eps8/hla_only.stderr.txt,raw_calculations/apbs/HY13_SEQ_02/HY13_SEQ_02__self__SELF_CANON_CNP_0272_0286__s0/eps8/hla_only.stdout.txt
self,SELF_CANON_CNP_0272_0286,ubuntu@sha256:2edbbc5dc405e9612ba3584ce95480277e3eb374407b5505fe26f17df77c7dbc,12696404,transient_deleted_after_checksum_and_sampling,395213945776c9039cd5ab2fbf87917d654d6efb7105b57bc3a791e90ebd1aa5,0,full,raw_calculations/apbs/HY13_SEQ_02/HY13_SEQ_02__self__SELF_CANON_CNP_0272_0286__s1/eps2/full.in,8459565e9e3da0deea75b8759248ce9b733d36d4450c255e9593c07de0860381,HY13_SEQ_02__self__SELF_CANON_CNP_0272_0286__s1,HY13_SEQ_02,1,2.0,complete,raw_calculations/apbs/HY13_SEQ_02/HY13_SEQ_02__self__SELF_CANON_CNP_0272_0286__s1/eps2/full.stderr.txt,raw_calculations/apbs/HY13_SEQ_02/HY13_SEQ_02__self__SELF_CANON_CNP_0272_0286__s1/eps2/full.stdout.txt
self,SELF_CANON_CNP_0272_0286,ubuntu@sha256:2edbbc5dc405e9612ba3584ce95480277e3eb374407b5505fe26f17df77c7dbc,12909776,transient_deleted_after_checksum_and_sampling,232701522d204aa40d3126cb2c8adf36eebb78f283670af5416110614b1e6f35,0,hla_only,raw_calculations/apbs/HY13_SEQ_02/HY13_SEQ_02__self__SELF_CANON_CNP_0272_0286__s1/eps2/hla_only.in,271036b128f6033824ef6a96ef85d94b246106d80ecde95af2510fcb560828d6,HY13_SEQ_02__self__SELF_CANON_CNP_0272_0286__s1,HY13_SEQ_02,1,2.0,complete,raw_calculations/apbs/HY13_SEQ_02/HY13_SEQ_02__self__SELF_CANON_CNP_0272_0286__s1/eps2/hla_only.stderr.txt,raw_calculations/apbs/HY13_SEQ_02/HY13_SEQ_02__self__SELF_CANON_CNP_0272_0286__s1/eps2/hla_only.stdout.txt
self,SELF_CANON_CNP_0272_0286,ubuntu@sha256:2edbbc5dc405e9612ba3584ce95480277e3eb374407b5505fe26f17df77c7dbc,12703785,transient_deleted_after_checksum_and_sampling,afa5a6ffdc3b7def367be488e2aea24568d8146a8869494b787c9a0ccfd99ade,0,full,raw_calculations/apbs/HY13_SEQ_02/HY13_SEQ_02__self__SELF_CANON_CNP_0272_0286__s1/eps4/full.in,c53a8ca22deca146fd51add586b22bcdaa9f2820135fccd2e9dd0d61ea36073d,HY13_SEQ_02__self__SELF_CANON_CNP_0272_0286__s1,HY13_SEQ_02,1,4.0,complete,raw_calculations/apbs/HY13_SEQ_02/HY13_SEQ_02__self__SELF_CANON_CNP_0272_0286__s1/eps4/full.stderr.txt,raw_calculations/apbs/HY13_SEQ_02/HY13_SEQ_02__self__SELF_CANON_CNP_0272_0286__s1/eps4/full.stdout.txt
self,SELF_CANON_CNP_0272_0286,ubuntu@sha256:2edbbc5dc405e9612ba3584ce95480277e3eb374407b5505fe26f17df77c7dbc,12914002,transient_deleted_after_checksum_and_sampling,f164cc16ae43c7ec0c76d5e8f24ce4353d360cc44dd60222a38c0d430e880853,0,hla_only,raw_calculations/apbs/HY13_SEQ_02/HY13_SEQ_02__self__SELF_CANON_CNP_0272_0286__s1/eps4/hla_only.in,a1102daaa200823f7e9d73a4f355bbe702aaca01c5bf2039c62389f5e381f4c8,HY13_SEQ_02__self__SELF_CANON_CNP_0272_0286__s1,HY13_SEQ_02,1,4.0,complete,raw_calculations/apbs/HY13_SEQ_02/HY13_SEQ_02__self__SELF_CANON_CNP_0272_0286__s1/eps4/hla_only.stderr.txt,raw_calculations/apbs/HY13_SEQ_02/HY13_SEQ_02__self__SELF_CANON_CNP_0272_0286__s1/eps4/hla_only.stdout.txt
self,SELF_CANON_CNP_0272_0286,ubuntu@sha256:2edbbc5dc405e9612ba3584ce95480277e3eb374407b5505fe26f17df77c7dbc,12717441,transient_deleted_after_checksum_and_sampling,c0d61609f9384e1cd2b84096a48492f3aa7f4a00a962108eaff5454ddf02686d,0,full,raw_calculations/apbs/HY13_SEQ_02/HY13_SEQ_02__self__SELF_CANON_CNP_0272_0286__s1/eps8/full.in,bd22bd70745e6de655f2cde5abec67b669cef0561bbf0e2434f33207aa53a84e,HY13_SEQ_02__self__SELF_CANON_CNP_0272_0286__s1,HY13_SEQ_02,1,8.0,complete,raw_calculations/apbs/HY13_SEQ_02/HY13_SEQ_02__self__SELF_CANON_CNP_0272_0286__s1/eps8/full.stderr.txt,raw_calculations/apbs/HY13_SEQ_02/HY13_SEQ_02__self__SELF_CANON_CNP_0272_0286__s1/eps8/full.stdout.txt
self,SELF_CANON_CNP_0272_0286,ubuntu@sha256:2edbbc5dc405e9612ba3584ce95480277e3eb374407b5505fe26f17df77c7dbc,12922336,transient_deleted_after_checksum_and_sampling,8776194122d7645869cfc133de5aa6c35a1696134826ef4429032f31b83080bb,0,hla_only,raw_calculations/apbs/HY13_SEQ_02/HY13_SEQ_02__self__SELF_CANON_CNP_0272_0286__s1/eps8/hla_only.in,2889a0123c6f6cef1e44e0d3ecee9aeaa415c4487f34243c8aed9b5b1d5dcc3b,HY13_SEQ_02__self__SELF_CANON_CNP_0272_0286__s1,HY13_SEQ_02,1,8.0,complete,raw_calculations/apbs/HY13_SEQ_02/HY13_SEQ_02__self__SELF_CANON_CNP_0272_0286__s1/eps8/hla_only.stderr.txt,raw_calculations/apbs/HY13_SEQ_02/HY13_SEQ_02__self__SELF_CANON_CNP_0272_0286__s1/eps8/hla_only.stdout.txt
self,SELF_CANON_CNP_0272_0286,ubuntu@sha256:2edbbc5dc405e9612ba3584ce95480277e3eb374407b5505fe26f17df77c7dbc,12721571,transient_deleted_after_checksum_and_sampling,b8ac8d3bb6f8e9f9493f179fe00c7dd5f2149dd4d6983b9e6e781837292af394,0,full,raw_calculations/apbs/HY13_SEQ_02/HY13_SEQ_02__self__SELF_CANON_CNP_0272_0286__s2/eps2/full.in,c03dbad41fcf25edd3251688f545c1fc4f7df533c37459df93226a40fc296b03,HY13_SEQ_02__self__SELF_CANON_CNP_0272_0286__s2,HY13_SEQ_02,2,2.0,complete,raw_calculations/apbs/HY13_SEQ_02/HY13_SEQ_02__self__SELF_CANON_CNP_0272_0286__s2/eps2/full.stderr.txt,raw_calculations/apbs/HY13_SEQ_02/HY13_SEQ_02__self__SELF_CANON_CNP_0272_0286__s2/eps2/full.stdout.txt
self,SELF_CANON_CNP_0272_0286,ubuntu@sha256:2edbbc5dc405e9612ba3584ce95480277e3eb374407b5505fe26f17df77c7dbc,12898658,transient_deleted_after_checksum_and_sampling,abaccb351de8eb60b1ad4a1b3a92703089ea1b8d8867fe0293efc1b38655c10f,0,hla_only,raw_calculations/apbs/HY13_SEQ_02/HY13_SEQ_02__self__SELF_CANON_CNP_0272_0286__s2/eps2/hla_only.in,0ae04047563408490ff4a8f5847b19282190a5c9c4f4f555722a502ec5d8b96d,HY13_SEQ_02__self__SELF_CANON_CNP_0272_0286__s2,HY13_SEQ_02,2,2.0,complete,raw_calculations/apbs/HY13_SEQ_02/HY13_SEQ_02__self__SELF_CANON_CNP_0272_0286__s2/eps2/hla_only.stderr.txt,raw_calculations/apbs/HY13_SEQ_02/HY13_SEQ_02__self__SELF_CANON_CNP_0272_0286__s2/eps2/hla_only.stdout.txt
self,SELF_CANON_CNP_0272_0286,ubuntu@sha256:2edbbc5dc405e9612ba3584ce95480277e3eb374407b5505fe26f17df77c7dbc,12735934,transient_deleted_after_checksum_and_sampling,c8ef9126c41a27ba31beb33ee1b8708d866102c8717559c8ddd5f4211771978a,0,full,raw_calculations/apbs/HY13_SEQ_02/HY13_SEQ_02__self__SELF_CANON_CNP_0272_0286__s2/eps4/full.in,98505b46443f009606a3c3bed65ece0c0ae6fc06485ab151fee76d3aa751ac73,HY13_SEQ_02__self__SELF_CANON_CNP_0272_0286__s2,HY13_SEQ_02,2,4.0,complete,raw_calculations/apbs/HY13_SEQ_02/HY13_SEQ_02__self__SELF_CANON_CNP_0272_0286__s2/eps4/full.stderr.txt,raw_calculations/apbs/HY13_SEQ_02/HY13_SEQ_02__self__SELF_CANON_CNP_0272_0286__s2/eps4/full.stdout.txt
self,SELF_CANON_CNP_0272_0286,ubuntu@sha256:2edbbc5dc405e9612ba3584ce95480277e3eb374407b5505fe26f17df77c7dbc,12911635,transient_deleted_after_checksum_and_sampling,b9cabb9454174d36df1abd8cf05ecae2409074a73ee67a8a32b98edc20d88ebc,0,hla_only,raw_calculations/apbs/HY13_SEQ_02/HY13_SEQ_02__self__SELF_CANON_CNP_0272_0286__s2/eps4/hla_only.in,7ab6c418cd32bd14ce78bfb69964dc0ce57db47465e8ba8d1c8279687fd36b63,HY13_SEQ_02__self__SELF_CANON_CNP_0272_0286__s2,HY13_SEQ_02,2,4.0,complete,raw_calculations/apbs/HY13_SEQ_02/HY13_SEQ_02__self__SELF_CANON_CNP_0272_0286__s2/eps4/hla_only.stderr.txt,raw_calculations/apbs/HY13_SEQ_02/HY13_SEQ_02__self__SELF_CANON_CNP_0272_0286__s2/eps4/hla_only.stdout.txt
self,SELF_CANON_CNP_0272_0286,ubuntu@sha256:2edbbc5dc405e9612ba3584ce95480277e3eb374407b5505fe26f17df77c7dbc,12750697,transient_deleted_after_checksum_and_sampling,b1ab2aec68dad28a490139ef55bcca0853e61d805dc88755528ae1b4d60b3715,0,full,raw_calculations/apbs/HY13_SEQ_02/HY13_SEQ_02__self__SELF_CANON_CNP_0272_0286__s2/eps8/full.in,1a13a82d079c8a7eead0c1367775407e3a4bea9b78675fb3116a2a57ad136eb9,HY13_SEQ_02__self__SELF_CANON_CNP_0272_0286__s2,HY13_SEQ_02,2,8.0,complete,raw_calculations/apbs/HY13_SEQ_02/HY13_SEQ_02__self__SELF_CANON_CNP_0272_0286__s2/eps8/full.stderr.txt,raw_calculations/apbs/HY13_SEQ_02/HY13_SEQ_02__self__SELF_CANON_CNP_0272_0286__s2/eps8/full.stdout.txt
self,SELF_CANON_CNP_0272_0286,ubuntu@sha256:2edbbc5dc405e9612ba3584ce95480277e3eb374407b5505fe26f17df77c7dbc,12925521,transient_deleted_after_checksum_and_sampling,d434e60c3b61f9e8be574bbd05a7c40ac0bb9ca0c8d3c57f7acbbf4b5b0bb220,0,hla_only,raw_calculations/apbs/HY13_SEQ_02/HY13_SEQ_02__self__SELF_CANON_CNP_0272_0286__s2/eps8/hla_only.in,e5f44f879a4c0844729d1ebed149571b860694874f1cbc5211a188bc9b141e0b,HY13_SEQ_02__self__SELF_CANON_CNP_0272_0286__s2,HY13_SEQ_02,2,8.0,complete,raw_calculations/apbs/HY13_SEQ_02/HY13_SEQ_02__self__SELF_CANON_CNP_0272_0286__s2/eps8/hla_only.stderr.txt,raw_calculations/apbs/HY13_SEQ_02/HY13_SEQ_02__self__SELF_CANON_CNP_0272_0286__s2/eps8/hla_only.stdout.txt
self,SELF_CANON_CNP_0272_0286,ubuntu@sha256:2edbbc5dc405e9612ba3584ce95480277e3eb374407b5505fe26f17df77c7dbc,12886348,transient_deleted_after_checksum_and_sampling,9e7103703054caee2a5af213a457d178ea1baa050a0e5a0cded6b7eacaa96d14,0,full,raw_calculations/apbs/HY13_SEQ_02/HY13_SEQ_02__self__SELF_CANON_CNP_0272_0286__s3/eps2/full.in,2f2df2b921e613255da6e0fcf75c103d0ca4a4d45d822ed6718dc98c38fb06f0,HY13_SEQ_02__self__SELF_CANON_CNP_0272_0286__s3,HY13_SEQ_02,3,2.0,complete,raw_calculations/apbs/HY13_SEQ_02/HY13_SEQ_02__self__SELF_CANON_CNP_0272_0286__s3/eps2/full.stderr.txt,raw_calculations/apbs/HY13_SEQ_02/HY13_SEQ_02__self__SELF_CANON_CNP_0272_0286__s3/eps2/full.stdout.txt
self,SELF_CANON_CNP_0272_0286,ubuntu@sha256:2edbbc5dc405e9612ba3584ce95480277e3eb374407b5505fe26f17df77c7dbc,12931564,transient_deleted_after_checksum_and_sampling,22373def7d3095e0d5c9b3523eedb0d55b70eb28e21491ae3fb3f6c5fe9a5ba8,0,hla_only,raw_calculations/apbs/HY13_SEQ_02/HY13_SEQ_02__self__SELF_CANON_CNP_0272_0286__s3/eps2/hla_only.in,eef618f1b958455c8843bacf54bcf5baf45a687e4200de13b7578eff58e90c04,HY13_SEQ_02__self__SELF_CANON_CNP_0272_0286__s3,HY13_SEQ_02,3,2.0,complete,raw_calculations/apbs/HY13_SEQ_02/HY13_SEQ_02__self__SELF_CANON_CNP_0272_0286__s3/eps2/hla_only.stderr.txt,raw_calculations/apbs/HY13_SEQ_02/HY13_SEQ_02__self__SELF_CANON_CNP_0272_0286__s3/eps2/hla_only.stdout.txt
self,SELF_CANON_CNP_0272_0286,ubuntu@sha256:2edbbc5dc405e9612ba3584ce95480277e3eb374407b5505fe26f17df77c7dbc,12890860,transient_deleted_after_checksum_and_sampling,4900928063e5778d7d0ec42412e280880aad804ba823f90ffbba88376fc33d00,0,full,raw_calculations/apbs/HY13_SEQ_02/HY13_SEQ_02__self__SELF_CANON_CNP_0272_0286__s3/eps4/full.in,bb4c094ff0c41ac4a81f5f8308fe2e7be5f1a75409909ca1bff315305e343d97,HY13_SEQ_02__self__SELF_CANON_CNP_0272_0286__s3,HY13_SEQ_02,3,4.0,complete,raw_calculations/apbs/HY13_SEQ_02/HY13_SEQ_02__self__SELF_CANON_CNP_0272_0286__s3/eps4/full.stderr.txt,raw_calculations/apbs/HY13_SEQ_02/HY13_SEQ_02__self__SELF_CANON_CNP_0272_0286__s3/eps4/full.stdout.txt
self,SELF_CANON_CNP_0272_0286,ubuntu@sha256:2edbbc5dc405e9612ba3584ce95480277e3eb374407b5505fe26f17df77c7dbc,12937804,transient_deleted_after_checksum_and_sampling,e50e62c2055c81cd7b81bad13b640038ac85a283a28c2a3b9ef39f69142763a3,0,hla_only,raw_calculations/apbs/HY13_SEQ_02/HY13_SEQ_02__self__SELF_CANON_CNP_0272_0286__s3/eps4/hla_only.in,3a3f2a06ec6186b780e2286d8f2ca4cb8fdabbe60bee752a4d4d78795a027e81,HY13_SEQ_02__self__SELF_CANON_CNP_0272_0286__s3,HY13_SEQ_02,3,4.0,complete,raw_calculations/apbs/HY13_SEQ_02/HY13_SEQ_02__self__SELF_CANON_CNP_0272_0286__s3/eps4/hla_only.stderr.txt,raw_calculations/apbs/HY13_SEQ_02/HY13_SEQ_02__self__SELF_CANON_CNP_0272_0286__s3/eps4/hla_only.stdout.txt
self,SELF_CANON_CNP_0272_0286,ubuntu@sha256:2edbbc5dc405e9612ba3584ce95480277e3eb374407b5505fe26f17df77c7dbc,12899544,transient_deleted_after_checksum_and_sampling,02d728cfa42eb354479514a4a76d9efa0e19fbe047b9137fe58108312ae75aeb,0,full,raw_calculations/apbs/HY13_SEQ_02/HY13_SEQ_02__self__SELF_CANON_CNP_0272_0286__s3/eps8/full.in,eceede387daa1c05b84a5bbc6257de054f2c8e93a1f1eb17953620e145f24445,HY13_SEQ_02__self__SELF_CANON_CNP_0272_0286__s3,HY13_SEQ_02,3,8.0,complete,raw_calculations/apbs/HY13_SEQ_02/HY13_SEQ_02__self__SELF_CANON_CNP_0272_0286__s3/eps8/full.stderr.txt,raw_calculations/apbs/HY13_SEQ_02/HY13_SEQ_02__self__SELF_CANON_CNP_0272_0286__s3/eps8/full.stdout.txt
self,SELF_CANON_CNP_0272_0286,ubuntu@sha256:2edbbc5dc405e9612ba3584ce95480277e3eb374407b5505fe26f17df77c7dbc,12947154,transient_deleted_after_checksum_and_sampling,6ac8b0e8976e82216b4be753171b85bc02b5e4c24ea15ccd46ca7dadb62ee360,0,hla_only,raw_calculations/apbs/HY13_SEQ_02/HY13_SEQ_02__self__SELF_CANON_CNP_0272_0286__s3/eps8/hla_only.in,caa099a31f12215363fdad43a1595d6faad8b2c579b4a544d6d4c8936ff6db18,HY13_SEQ_02__self__SELF_CANON_CNP_0272_0286__s3,HY13_SEQ_02,3,8.0,complete,raw_calculations/apbs/HY13_SEQ_02/HY13_SEQ_02__self__SELF_CANON_CNP_0272_0286__s3/eps8/hla_only.stderr.txt,raw_calculations/apbs/HY13_SEQ_02/HY13_SEQ_02__self__SELF_CANON_CNP_0272_0286__s3/eps8/hla_only.stdout.txt
self,SELF_CANON_CNP_0272_0286,ubuntu@sha256:2edbbc5dc405e9612ba3584ce95480277e3eb374407b5505fe26f17df77c7dbc,12715991,transient_deleted_after_checksum_and_sampling,22ec2e0805bd151bbcf20eafb58e6d4b40544b0400ba6252c62c95ab3d64a32d,0,full,raw_calculations/apbs/HY13_SEQ_02/HY13_SEQ_02__self__SELF_CANON_CNP_0272_0286__s4/eps2/full.in,6f12ba964a1ea547b456018dc1bed3468eca6e70baa8a0f78ea5a92e6e8e3914,HY13_SEQ_02__self__SELF_CANON_CNP_0272_0286__s4,HY13_SEQ_02,4,2.0,complete,raw_calculations/apbs/HY13_SEQ_02/HY13_SEQ_02__self__SELF_CANON_CNP_0272_0286__s4/eps2/full.stderr.txt,raw_calculations/apbs/HY13_SEQ_02/HY13_SEQ_02__self__SELF_CANON_CNP_0272_0286__s4/eps2/full.stdout.txt
self,SELF_CANON_CNP_0272_0286,ubuntu@sha256:2edbbc5dc405e9612ba3584ce95480277e3eb374407b5505fe26f17df77c7dbc,12917996,transient_deleted_after_checksum_and_sampling,857a785a249abae4c9dc81c4ab6caa8b542a23e49db66595acaa8645233f6943,0,hla_only,raw_calculations/apbs/HY13_SEQ_02/HY13_SEQ_02__self__SELF_CANON_CNP_0272_0286__s4/eps2/hla_only.in,4d0ec16fc113f6e68dbc84ed8839482b72d1bfb5eab77fa5f4022697f564cda5,HY13_SEQ_02__self__SELF_CANON_CNP_0272_0286__s4,HY13_SEQ_02,4,2.0,complete,raw_calculations/apbs/HY13_SEQ_02/HY13_SEQ_02__self__SELF_CANON_CNP_0272_0286__s4/eps2/hla_only.stderr.txt,raw_calculations/apbs/HY13_SEQ_02/HY13_SEQ_02__self__SELF_CANON_CNP_0272_0286__s4/eps2/hla_only.stdout.txt
self,SELF_CANON_CNP_0272_0286,ubuntu@sha256:2edbbc5dc405e9612ba3584ce95480277e3eb374407b5505fe26f17df77c7dbc,12718465,transient_deleted_after_checksum_and_sampling,4c181d08c095575f63ff5dac400820b38de4d29ef1b0050616d1a52504811db2,0,full,raw_calculations/apbs/HY13_SEQ_02/HY13_SEQ_02__self__SELF_CANON_CNP_0272_0286__s4/eps4/full.in,6527dba2ce6aad966a338fdee9422740b46f47d040d7138f4bde715906481768,HY13_SEQ_02__self__SELF_CANON_CNP_0272_0286__s4,HY13_SEQ_02,4,4.0,complete,raw_calculations/apbs/HY13_SEQ_02/HY13_SEQ_02__self__SELF_CANON_CNP_0272_0286__s4/eps4/full.stderr.txt,raw_calculations/apbs/HY13_SEQ_02/HY13_SEQ_02__self__SELF_CANON_CNP_0272_0286__s4/eps4/full.stdout.txt
self,SELF_CANON_CNP_0272_0286,ubuntu@sha256:2edbbc5dc405e9612ba3584ce95480277e3eb374407b5505fe26f17df77c7dbc,12925006,transient_deleted_after_checksum_and_sampling,abc2e126da70e8f96211c81e185f80cf237041d47aeab11313e3fc69e84003f5,0,hla_only,raw_calculations/apbs/HY13_SEQ_02/HY13_SEQ_02__self__SELF_CANON_CNP_0272_0286__s4/eps4/hla_only.in,de2bff2d725adb97429a58ce6ff5c926684cb6f2fa48152ef024fb7a90d92a6d,HY13_SEQ_02__self__SELF_CANON_CNP_0272_0286__s4,HY13_SEQ_02,4,4.0,complete,raw_calculations/apbs/HY13_SEQ_02/HY13_SEQ_02__self__SELF_CANON_CNP_0272_0286__s4/eps4/hla_only.stderr.txt,raw_calculations/apbs/HY13_SEQ_02/HY13_SEQ_02__self__SELF_CANON_CNP_0272_0286__s4/eps4/hla_only.stdout.txt
self,SELF_CANON_CNP_0272_0286,ubuntu@sha256:2edbbc5dc405e9612ba3584ce95480277e3eb374407b5505fe26f17df77c7dbc,12722641,transient_deleted_after_checksum_and_sampling,9ae23d0e797a4f13654933d65ab66697b63821126086f3211fe28c01de8b4cd8,0,full,raw_calculations/apbs/HY13_SEQ_02/HY13_SEQ_02__self__SELF_CANON_CNP_0272_0286__s4/eps8/full.in,6c72db587bb390139aeba453570c837ef41e33af380b9be1fa465a590af95371,HY13_SEQ_02__self__SELF_CANON_CNP_0272_0286__s4,HY13_SEQ_02,4,8.0,complete,raw_calculations/apbs/HY13_SEQ_02/HY13_SEQ_02__self__SELF_CANON_CNP_0272_0286__s4/eps8/full.stderr.txt,raw_calculations/apbs/HY13_SEQ_02/HY13_SEQ_02__self__SELF_CANON_CNP_0272_0286__s4/eps8/full.stdout.txt
self,SELF_CANON_CNP_0272_0286,ubuntu@sha256:2edbbc5dc405e9612ba3584ce95480277e3eb374407b5505fe26f17df77c7dbc,12934589,transient_deleted_after_checksum_and_sampling,9707315f42514b1e6a01f63f30f070990e68d74c7479e8ae137df39de7467e76,0,hla_only,raw_calculations/apbs/HY13_SEQ_02/HY13_SEQ_02__self__SELF_CANON_CNP_0272_0286__s4/eps8/hla_only.in,fdda1ddad489c266327850385fea3be41582e3cb0e2bef53f4e273e112ebe30b,HY13_SEQ_02__self__SELF_CANON_CNP_0272_0286__s4,HY13_SEQ_02,4,8.0,complete,raw_calculations/apbs/HY13_SEQ_02/HY13_SEQ_02__self__SELF_CANON_CNP_0272_0286__s4/eps8/hla_only.stderr.txt,raw_calculations/apbs/HY13_SEQ_02/HY13_SEQ_02__self__SELF_CANON_CNP_0272_0286__s4/eps8/hla_only.stdout.txt
self,SELF_CANON_CRYAB_0001_0015,ubuntu@sha256:2edbbc5dc405e9612ba3584ce95480277e3eb374407b5505fe26f17df77c7dbc,12879879,transient_deleted_after_checksum_and_sampling,36195b19df4c5de16ed8ba556824905ae8b18fea0384b7eef7b08fc40120be83,0,full,raw_calculations/apbs/HY13_SEQ_02/HY13_SEQ_02__self__SELF_CANON_CRYAB_0001_0015__s0/eps2/full.in,3d4ba03ed93737eb5c28eebf7e28f379ceb609f06c1a54c356bb7445525a7fed,HY13_SEQ_02__self__SELF_CANON_CRYAB_0001_0015__s0,HY13_SEQ_02,0,2.0,complete,raw_calculations/apbs/HY13_SEQ_02/HY13_SEQ_02__self__SELF_CANON_CRYAB_0001_0015__s0/eps2/full.stderr.txt,raw_calculations/apbs/HY13_SEQ_02/HY13_SEQ_02__self__SELF_CANON_CRYAB_0001_0015__s0/eps2/full.stdout.txt
self,SELF_CANON_CRYAB_0001_0015,ubuntu@sha256:2edbbc5dc405e9612ba3584ce95480277e3eb374407b5505fe26f17df77c7dbc,12926052,transient_deleted_after_checksum_and_sampling,fe1837b2e65c5b11a9bcf00f52e2b4023ba7f12148e472b3c39c93d129e99981,0,hla_only,raw_calculations/apbs/HY13_SEQ_02/HY13_SEQ_02__self__SELF_CANON_CRYAB_0001_0015__s0/eps2/hla_only.in,60905290792c1c72c1cdc8422980410ac5e3a656128ae68c2a83089cb32ab8bd,HY13_SEQ_02__self__SELF_CANON_CRYAB_0001_0015__s0,HY13_SEQ_02,0,2.0,complete,raw_calculations/apbs/HY13_SEQ_02/HY13_SEQ_02__self__SELF_CANON_CRYAB_0001_0015__s0/eps2/hla_only.stderr.txt,raw_calculations/apbs/HY13_SEQ_02/HY13_SEQ_02__self__SELF_CANON_CRYAB_0001_0015__s0/eps2/hla_only.stdout.txt
self,SELF_CANON_CRYAB_0001_0015,ubuntu@sha256:2edbbc5dc405e9612ba3584ce95480277e3eb374407b5505fe26f17df77c7dbc,12885350,transient_deleted_after_checksum_and_sampling,fe1273c9d4f6d0a200574b8a5a60cdc077cfad5999e902e435e7e0dd80165367,0,full,raw_calculations/apbs/HY13_SEQ_02/HY13_SEQ_02__self__SELF_CANON_CRYAB_0001_0015__s0/eps4/full.in,0ea1ddf1abef9f2ec21aa7e2e101ca999d0efebc226102b19f6ed844ef920bbe,HY13_SEQ_02__self__SELF_CANON_CRYAB_0001_0015__s0,HY13_SEQ_02,0,4.0,complete,raw_calculations/apbs/HY13_SEQ_02/HY13_SEQ_02__self__SELF_CANON_CRYAB_0001_0015__s0/eps4/full.stderr.txt,raw_calculations/apbs/HY13_SEQ_02/HY13_SEQ_02__self__SELF_CANON_CRYAB_0001_0015__s0/eps4/full.stdout.txt
self,SELF_CANON_CRYAB_0001_0015,ubuntu@sha256:2edbbc5dc405e9612ba3584ce95480277e3eb374407b5505fe26f17df77c7dbc,12931690,transient_deleted_after_checksum_and_sampling,fa06791f0a2d2fc9f29dec0a1633c81e34b8bf588021287cea9b3938762ee438,0,hla_only,raw_calculations/apbs/HY13_SEQ_02/HY13_SEQ_02__self__SELF_CANON_CRYAB_0001_0015__s0/eps4/hla_only.in,273ebac5ec6be06a481fb3187e8f3aaab74a6536c1b67a051d46c6b281928f7b,HY13_SEQ_02__self__SELF_CANON_CRYAB_0001_0015__s0,HY13_SEQ_02,0,4.0,complete,raw_calculations/apbs/HY13_SEQ_02/HY13_SEQ_02__self__SELF_CANON_CRYAB_0001_0015__s0/eps4/hla_only.stderr.txt,raw_calculations/apbs/HY13_SEQ_02/HY13_SEQ_02__self__SELF_CANON_CRYAB_0001_0015__s0/eps4/hla_only.stdout.txt
self,SELF_CANON_CRYAB_0001_0015,ubuntu@sha256:2edbbc5dc405e9612ba3584ce95480277e3eb374407b5505fe26f17df77c7dbc,12894101,transient_deleted_after_checksum_and_sampling,3b4349ed9d825c7730516804916fb4ca9e03ce44e5c22b0f567928e3dc267209,0,full,raw_calculations/apbs/HY13_SEQ_02/HY13_SEQ_02__self__SELF_CANON_CRYAB_0001_0015__s0/eps8/full.in,279c30f36a6a2ba7a04a87ba50706a03190edf82b335185f35543680cd22539e,HY13_SEQ_02__self__SELF_CANON_CRYAB_0001_0015__s0,HY13_SEQ_02,0,8.0,complete,raw_calculations/apbs/HY13_SEQ_02/HY13_SEQ_02__self__SELF_CANON_CRYAB_0001_0015__s0/eps8/full.stderr.txt,raw_calculations/apbs/HY13_SEQ_02/HY13_SEQ_02__self__SELF_CANON_CRYAB_0001_0015__s0/eps8/full.stdout.txt
self,SELF_CANON_CRYAB_0001_0015,ubuntu@sha256:2edbbc5dc405e9612ba3584ce95480277e3eb374407b5505fe26f17df77c7dbc,12941234,transient_deleted_after_checksum_and_sampling,5c27f3c3468c44600cabd4aafce797f6d64e8d5b1b1c6aa12d21a89cbb76f320,0,hla_only,raw_calculations/apbs/HY13_SEQ_02/HY13_SEQ_02__self__SELF_CANON_CRYAB_0001_0015__s0/eps8/hla_only.in,3d36f3908eaf2d92211b222c4a3f1d22b6ad90ff3ca8309209a605fc658dc6fd,HY13_SEQ_02__self__SELF_CANON_CRYAB_0001_0015__s0,HY13_SEQ_02,0,8.0,complete,raw_calculations/apbs/HY13_SEQ_02/HY13_SEQ_02__self__SELF_CANON_CRYAB_0001_0015__s0/eps8/hla_only.stderr.txt,raw_calculations/apbs/HY13_SEQ_02/HY13_SEQ_02__self__SELF_CANON_CRYAB_0001_0015__s0/eps8/hla_only.stdout.txt
self,SELF_CANON_CRYAB_0001_0015,ubuntu@sha256:2edbbc5dc405e9612ba3584ce95480277e3eb374407b5505fe26f17df77c7dbc,12907780,transient_deleted_after_checksum_and_sampling,ad1b1d3b40af201a830f7a5ceccbfff9c833432067ae7df5297c9df1a905dbd4,0,full,raw_calculations/apbs/HY13_SEQ_02/HY13_SEQ_02__self__SELF_CANON_CRYAB_0001_0015__s1/eps2/full.in,4a17c2181ab366678def24223c65a1e13946839e9ac16d985c72b8bcf9931ffc,HY13_SEQ_02__self__SELF_CANON_CRYAB_0001_0015__s1,HY13_SEQ_02,1,2.0,complete,raw_calculations/apbs/HY13_SEQ_02/HY13_SEQ_02__self__SELF_CANON_CRYAB_0001_0015__s1/eps2/full.stderr.txt,raw_calculations/apbs/HY13_SEQ_02/HY13_SEQ_02__self__SELF_CANON_CRYAB_0001_0015__s1/eps2/full.stdout.txt
self,SELF_CANON_CRYAB_0001_0015,ubuntu@sha256:2edbbc5dc405e9612ba3584ce95480277e3eb374407b5505fe26f17df77c7dbc,12904738,transient_deleted_after_checksum_and_sampling,a6fe3e53b2dff5fa022a2b7858622ab69ce81802d66b02240f96ba79a4de6739,0,hla_only,raw_calculations/apbs/HY13_SEQ_02/HY13_SEQ_02__self__SELF_CANON_CRYAB_0001_0015__s1/eps2/hla_only.in,ff26a94cd0df0ccbd0ef3d977f11dea97a93a357c9c3f754bcd77c9102f20596,HY13_SEQ_02__self__SELF_CANON_CRYAB_0001_0015__s1,HY13_SEQ_02,1,2.0,complete,raw_calculations/apbs/HY13_SEQ_02/HY13_SEQ_02__self__SELF_CANON_CRYAB_0001_0015__s1/eps2/hla_only.stderr.txt,raw_calculations/apbs/HY13_SEQ_02/HY13_SEQ_02__self__SELF_CANON_CRYAB_0001_0015__s1/eps2/hla_only.stdout.txt
self,SELF_CANON_CRYAB_0001_0015,ubuntu@sha256:2edbbc5dc405e9612ba3584ce95480277e3eb374407b5505fe26f17df77c7dbc,12912835,transient_deleted_after_checksum_and_sampling,5c63b809a02b2a1fbc7ab8ead404510343b4f19c51cf308c33723cbc4af9ce0c,0,full,raw_calculations/apbs/HY13_SEQ_02/HY13_SEQ_02__self__SELF_CANON_CRYAB_0001_0015__s1/eps4/full.in,49acb26f086689d75fa1c9cb3ec88aac1a4f0740ce11e193e775d5a9bdba10aa,HY13_SEQ_02__self__SELF_CANON_CRYAB_0001_0015__s1,HY13_SEQ_02,1,4.0,complete,raw_calculations/apbs/HY13_SEQ_02/HY13_SEQ_02__self__SELF_CANON_CRYAB_0001_0015__s1/eps4/full.stderr.txt,raw_calculations/apbs/HY13_SEQ_02/HY13_SEQ_02__self__SELF_CANON_CRYAB_0001_0015__s1/eps4/full.stdout.txt
self,SELF_CANON_CRYAB_0001_0015,ubuntu@sha256:2edbbc5dc405e9612ba3584ce95480277e3eb374407b5505fe26f17df77c7dbc,12911357,transient_deleted_after_checksum_and_sampling,0fed24e91eb49a5b898b89a40fc35ee0dcf31f2592c4ef2a340aad18602b1772,0,hla_only,raw_calculations/apbs/HY13_SEQ_02/HY13_SEQ_02__self__SELF_CANON_CRYAB_0001_0015__s1/eps4/hla_only.in,6ead74e13988715904a6b73fb4a7653bebfbd062d121f746715e10606ba75d88,HY13_SEQ_02__self__SELF_CANON_CRYAB_0001_0015__s1,HY13_SEQ_02,1,4.0,complete,raw_calculations/apbs/HY13_SEQ_02/HY13_SEQ_02__self__SELF_CANON_CRYAB_0001_0015__s1/eps4/hla_only.stderr.txt,raw_calculations/apbs/HY13_SEQ_02/HY13_SEQ_02__self__SELF_CANON_CRYAB_0001_0015__s1/eps4/hla_only.stdout.txt
self,SELF_CANON_CRYAB_0001_0015,ubuntu@sha256:2edbbc5dc405e9612ba3584ce95480277e3eb374407b5505fe26f17df77c7dbc,12921797,transient_deleted_after_checksum_and_sampling,ffd0a47bee7080bac40409c169fb4efd080c43a35c30a98ae7d6dbdcb0e50a7a,0,full,raw_calculations/apbs/HY13_SEQ_02/HY13_SEQ_02__self__SELF_CANON_CRYAB_0001_0015__s1/eps8/full.in,0fd4c153cf34a7f0f76e4f01635b33eda31ecbb1f2adae0231e699c307264d54,HY13_SEQ_02__self__SELF_CANON_CRYAB_0001_0015__s1,HY13_SEQ_02,1,8.0,complete,raw_calculations/apbs/HY13_SEQ_02/HY13_SEQ_02__self__SELF_CANON_CRYAB_0001_0015__s1/eps8/full.stderr.txt,raw_calculations/apbs/HY13_SEQ_02/HY13_SEQ_02__self__SELF_CANON_CRYAB_0001_0015__s1/eps8/full.stdout.txt
self,SELF_CANON_CRYAB_0001_0015,ubuntu@sha256:2edbbc5dc405e9612ba3584ce95480277e3eb374407b5505fe26f17df77c7dbc,12921316,transient_deleted_after_checksum_and_sampling,beaa68e1d68995ef58edd257a35edddf0cca25f0036c9405619b042a5d8ec667,0,hla_only,raw_calculations/apbs/HY13_SEQ_02/HY13_SEQ_02__self__SELF_CANON_CRYAB_0001_0015__s1/eps8/hla_only.in,2690617b78aed7e3676684c2fbabddaab30f3fcaacb9327f35f64540954e0a15,HY13_SEQ_02__self__SELF_CANON_CRYAB_0001_0015__s1,HY13_SEQ_02,1,8.0,complete,raw_calculations/apbs/HY13_SEQ_02/HY13_SEQ_02__self__SELF_CANON_CRYAB_0001_0015__s1/eps8/hla_only.stderr.txt,raw_calculations/apbs/HY13_SEQ_02/HY13_SEQ_02__self__SELF_CANON_CRYAB_0001_0015__s1/eps8/hla_only.stdout.txt
self,SELF_CANON_CRYAB_0001_0015,ubuntu@sha256:2edbbc5dc405e9612ba3584ce95480277e3eb374407b5505fe26f17df77c7dbc,12874482,transient_deleted_after_checksum_and_sampling,f39b6f675f3db65c4a09ee211b4a07b8cba654be31fa75f824bf9ef720279b7f,0,full,raw_calculations/apbs/HY13_SEQ_02/HY13_SEQ_02__self__SELF_CANON_CRYAB_0001_0015__s2/eps2/full.in,350614e1a4fd5829adc013026a0f300ba5a973cd3342222cabd2712688439fb1,HY13_SEQ_02__self__SELF_CANON_CRYAB_0001_0015__s2,HY13_SEQ_02,2,2.0,complete,raw_calculations/apbs/HY13_SEQ_02/HY13_SEQ_02__self__SELF_CANON_CRYAB_0001_0015__s2/eps2/full.stderr.txt,raw_calculations/apbs/HY13_SEQ_02/HY13_SEQ_02__self__SELF_CANON_CRYAB_0001_0015__s2/eps2/full.stdout.txt
self,SELF_CANON_CRYAB_0001_0015,ubuntu@sha256:2edbbc5dc405e9612ba3584ce95480277e3eb374407b5505fe26f17df77c7dbc,12910620,transient_deleted_after_checksum_and_sampling,7de86346c29454e399c5ad56207a86ddac02d66f9ffbdf46c4963ec4a4b1328b,0,hla_only,raw_calculations/apbs/HY13_SEQ_02/HY13_SEQ_02__self__SELF_CANON_CRYAB_0001_0015__s2/eps2/hla_only.in,d97309c3caa62ead1eed7b863bbd54a47170ec7a75acc132cf124aa4e0568b89,HY13_SEQ_02__self__SELF_CANON_CRYAB_0001_0015__s2,HY13_SEQ_02,2,2.0,complete,raw_calculations/apbs/HY13_SEQ_02/HY13_SEQ_02__self__SELF_CANON_CRYAB_0001_0015__s2/eps2/hla_only.stderr.txt,raw_calculations/apbs/HY13_SEQ_02/HY13_SEQ_02__self__SELF_CANON_CRYAB_0001_0015__s2/eps2/hla_only.stdout.txt
self,SELF_CANON_CRYAB_0001_0015,ubuntu@sha256:2edbbc5dc405e9612ba3584ce95480277e3eb374407b5505fe26f17df77c7dbc,12877603,transient_deleted_after_checksum_and_sampling,42cccc66eac879060f946a38414ec377c34155326f94793907b785c65bc93dc0,0,full,raw_calculations/apbs/HY13_SEQ_02/HY13_SEQ_02__self__SELF_CANON_CRYAB_0001_0015__s2/eps4/full.in,15b9982d61d0b7ddb72e3340969788617fabd9123bd7f616944e55a8d60e3454,HY13_SEQ_02__self__SELF_CANON_CRYAB_0001_0015__s2,HY13_SEQ_02,2,4.0,complete,raw_calculations/apbs/HY13_SEQ_02/HY13_SEQ_02__self__SELF_CANON_CRYAB_0001_0015__s2/eps4/full.stderr.txt,raw_calculations/apbs/HY13_SEQ_02/HY13_SEQ_02__self__SELF_CANON_CRYAB_0001_0015__s2/eps4/full.stdout.txt
self,SELF_CANON_CRYAB_0001_0015,ubuntu@sha256:2edbbc5dc405e9612ba3584ce95480277e3eb374407b5505fe26f17df77c7dbc,12914954,transient_deleted_after_checksum_and_sampling,6cc492ed5b09ee4d9765546a7de9b4c0ff2e087b4346bc58438dde0e42ba84e3,0,hla_only,raw_calculations/apbs/HY13_SEQ_02/HY13_SEQ_02__self__SELF_CANON_CRYAB_0001_0015__s2/eps4/hla_only.in,ca7b8d58f4923a1523994f07f4919fdd2a87e9c8f0d181d411890e82532a72aa,HY13_SEQ_02__self__SELF_CANON_CRYAB_0001_0015__s2,HY13_SEQ_02,2,4.0,complete,raw_calculations/apbs/HY13_SEQ_02/HY13_SEQ_02__self__SELF_CANON_CRYAB_0001_0015__s2/eps4/hla_only.stderr.txt,raw_calculations/apbs/HY13_SEQ_02/HY13_SEQ_02__self__SELF_CANON_CRYAB_0001_0015__s2/eps4/hla_only.stdout.txt
self,SELF_CANON_CRYAB_0001_0015,ubuntu@sha256:2edbbc5dc405e9612ba3584ce95480277e3eb374407b5505fe26f17df77c7dbc,12884058,transient_deleted_after_checksum_and_sampling,df0736d454e69d28b5900c5d609270a0c10fa5e44a8b85782fb29e95fc3e0f0f,0,full,raw_calculations/apbs/HY13_SEQ_02/HY13_SEQ_02__self__SELF_CANON_CRYAB_0001_0015__s2/eps8/full.in,4c24f98f5c919855bc3d904eea345c7f0246292a8e2ee8d675f5c7bdd1be5558,HY13_SEQ_02__self__SELF_CANON_CRYAB_0001_0015__s2,HY13_SEQ_02,2,8.0,complete,raw_calculations/apbs/HY13_SEQ_02/HY13_SEQ_02__self__SELF_CANON_CRYAB_0001_0015__s2/eps8/full.stderr.txt,raw_calculations/apbs/HY13_SEQ_02/HY13_SEQ_02__self__SELF_CANON_CRYAB_0001_0015__s2/eps8/full.stdout.txt
self,SELF_CANON_CRYAB_0001_0015,ubuntu@sha256:2edbbc5dc405e9612ba3584ce95480277e3eb374407b5505fe26f17df77c7dbc,12923048,transient_deleted_after_checksum_and_sampling,fe0d04f98e8438f86d3e3cf58e81a23fa1316d091e04f9edfaa1609f0ca0ee48,0,hla_only,raw_calculations/apbs/HY13_SEQ_02/HY13_SEQ_02__self__SELF_CANON_CRYAB_0001_0015__s2/eps8/hla_only.in,8b1244c22315fdb0d1d2ce1603d6f47e75ac62271df3da40d580caf3363b4058,HY13_SEQ_02__self__SELF_CANON_CRYAB_0001_0015__s2,HY13_SEQ_02,2,8.0,complete,raw_calculations/apbs/HY13_SEQ_02/HY13_SEQ_02__self__SELF_CANON_CRYAB_0001_0015__s2/eps8/hla_only.stderr.txt,raw_calculations/apbs/HY13_SEQ_02/HY13_SEQ_02__self__SELF_CANON_CRYAB_0001_0015__s2/eps8/hla_only.stdout.txt
self,SELF_CANON_CRYAB_0001_0015,ubuntu@sha256:2edbbc5dc405e9612ba3584ce95480277e3eb374407b5505fe26f17df77c7dbc,12909150,transient_deleted_after_checksum_and_sampling,cedbbf9abed543619cc73c3cf70072a6be6d976a909c373fbf77acaee1b1a6c2,0,full,raw_calculations/apbs/HY13_SEQ_02/HY13_SEQ_02__self__SELF_CANON_CRYAB_0001_0015__s3/eps2/full.in,6b6a360e8e6839857a73c1ed00a939924465e98ebfc1591f90b4f4362e737bff,HY13_SEQ_02__self__SELF_CANON_CRYAB_0001_0015__s3,HY13_SEQ_02,3,2.0,complete,raw_calculations/apbs/HY13_SEQ_02/HY13_SEQ_02__self__SELF_CANON_CRYAB_0001_0015__s3/eps2/full.stderr.txt,raw_calculations/apbs/HY13_SEQ_02/HY13_SEQ_02__self__SELF_CANON_CRYAB_0001_0015__s3/eps2/full.stdout.txt
self,SELF_CANON_CRYAB_0001_0015,ubuntu@sha256:2edbbc5dc405e9612ba3584ce95480277e3eb374407b5505fe26f17df77c7dbc,12911517,transient_deleted_after_checksum_and_sampling,dfd9b20538a9b0c608afdf38acc175fce191509b638d2d3264501da97470cf26,0,hla_only,raw_calculations/apbs/HY13_SEQ_02/HY13_SEQ_02__self__SELF_CANON_CRYAB_0001_0015__s3/eps2/hla_only.in,3cc7942ab01cdccae086ad60f366c06667ce5561a6f248b36dfa19adfdacbe07,HY13_SEQ_02__self__SELF_CANON_CRYAB_0001_0015__s3,HY13_SEQ_02,3,2.0,complete,raw_calculations/apbs/HY13_SEQ_02/HY13_SEQ_02__self__SELF_CANON_CRYAB_0001_0015__s3/eps2/hla_only.stderr.txt,raw_calculations/apbs/HY13_SEQ_02/HY13_SEQ_02__self__SELF_CANON_CRYAB_0001_0015__s3/eps2/hla_only.stdout.txt
self,SELF_CANON_CRYAB_0001_0015,ubuntu@sha256:2edbbc5dc405e9612ba3584ce95480277e3eb374407b5505fe26f17df77c7dbc,12913443,transient_deleted_after_checksum_and_sampling,7aa8855d07318c825ecea9fc869586bd842a39c95d0168607a0ce37d26093210,0,full,raw_calculations/apbs/HY13_SEQ_02/HY13_SEQ_02__self__SELF_CANON_CRYAB_0001_0015__s3/eps4/full.in,c9957fc4d61c7558dc6bca23a4079f3ae2affed187c8a21edb7c21132484986c,HY13_SEQ_02__self__SELF_CANON_CRYAB_0001_0015__s3,HY13_SEQ_02,3,4.0,complete,raw_calculations/apbs/HY13_SEQ_02/HY13_SEQ_02__self__SELF_CANON_CRYAB_0001_0015__s3/eps4/full.stderr.txt,raw_calculations/apbs/HY13_SEQ_02/HY13_SEQ_02__self__SELF_CANON_CRYAB_0001_0015__s3/eps4/full.stdout.txt
self,SELF_CANON_CRYAB_0001_0015,ubuntu@sha256:2edbbc5dc405e9612ba3584ce95480277e3eb374407b5505fe26f17df77c7dbc,12915431,transient_deleted_after_checksum_and_sampling,f89f625fa1e9917ee844b7c3946cfc6b7ad06b3a96e6a082aee3115933705936,0,hla_only,raw_calculations/apbs/HY13_SEQ_02/HY13_SEQ_02__self__SELF_CANON_CRYAB_0001_0015__s3/eps4/hla_only.in,d13204f1c845dfea9371cd5a49ee6b06ea4f39d8e8c9ec96aea9c26fe5ff97e1,HY13_SEQ_02__self__SELF_CANON_CRYAB_0001_0015__s3,HY13_SEQ_02,3,4.0,complete,raw_calculations/apbs/HY13_SEQ_02/HY13_SEQ_02__self__SELF_CANON_CRYAB_0001_0015__s3/eps4/hla_only.stderr.txt,raw_calculations/apbs/HY13_SEQ_02/HY13_SEQ_02__self__SELF_CANON_CRYAB_0001_0015__s3/eps4/hla_only.stdout.txt
self,SELF_CANON_CRYAB_0001_0015,ubuntu@sha256:2edbbc5dc405e9612ba3584ce95480277e3eb374407b5505fe26f17df77c7dbc,12921006,transient_deleted_after_checksum_and_sampling,4c45007974b5433f38611d69b54b32643e837c9658f95d24ff67791326e491dc,0,full,raw_calculations/apbs/HY13_SEQ_02/HY13_SEQ_02__self__SELF_CANON_CRYAB_0001_0015__s3/eps8/full.in,bfb90b6c0e64652f49deb23a7e78702d7482f560c8697eed867eebfa4c3236d2,HY13_SEQ_02__self__SELF_CANON_CRYAB_0001_0015__s3,HY13_SEQ_02,3,8.0,complete,raw_calculations/apbs/HY13_SEQ_02/HY13_SEQ_02__self__SELF_CANON_CRYAB_0001_0015__s3/eps8/full.stderr.txt,raw_calculations/apbs/HY13_SEQ_02/HY13_SEQ_02__self__SELF_CANON_CRYAB_0001_0015__s3/eps8/full.stdout.txt
self,SELF_CANON_CRYAB_0001_0015,ubuntu@sha256:2edbbc5dc405e9612ba3584ce95480277e3eb374407b5505fe26f17df77c7dbc,12922973,transient_deleted_after_checksum_and_sampling,fe59124050f981a10d2be68be9e84b2652b75ec238ab7f5b8d37d18da0b3d57c,0,hla_only,raw_calculations/apbs/HY13_SEQ_02/HY13_SEQ_02__self__SELF_CANON_CRYAB_0001_0015__s3/eps8/hla_only.in,e88c41f53242c35097a7b58c706b584541297fe06844b4eacc08e169993c53d6,HY13_SEQ_02__self__SELF_CANON_CRYAB_0001_0015__s3,HY13_SEQ_02,3,8.0,complete,raw_calculations/apbs/HY13_SEQ_02/HY13_SEQ_02__self__SELF_CANON_CRYAB_0001_0015__s3/eps8/hla_only.stderr.txt,raw_calculations/apbs/HY13_SEQ_02/HY13_SEQ_02__self__SELF_CANON_CRYAB_0001_0015__s3/eps8/hla_only.stdout.txt
self,SELF_CANON_CRYAB_0001_0015,ubuntu@sha256:2edbbc5dc405e9612ba3584ce95480277e3eb374407b5505fe26f17df77c7dbc,12794471,transient_deleted_after_checksum_and_sampling,c7a853e4aee8599c2afaee726a43ba467e772d68d5684863e8ade0b6e63208e3,0,full,raw_calculations/apbs/HY13_SEQ_02/HY13_SEQ_02__self__SELF_CANON_CRYAB_0001_0015__s4/eps2/full.in,7536b06022b9a32bb191431a50036dc799a39f87d556bc2135c5c1dfe96f45f8,HY13_SEQ_02__self__SELF_CANON_CRYAB_0001_0015__s4,HY13_SEQ_02,4,2.0,complete,raw_calculations/apbs/HY13_SEQ_02/HY13_SEQ_02__self__SELF_CANON_CRYAB_0001_0015__s4/eps2/full.stderr.txt,raw_calculations/apbs/HY13_SEQ_02/HY13_SEQ_02__self__SELF_CANON_CRYAB_0001_0015__s4/eps2/full.stdout.txt
self,SELF_CANON_CRYAB_0001_0015,ubuntu@sha256:2edbbc5dc405e9612ba3584ce95480277e3eb374407b5505fe26f17df77c7dbc,12877528,transient_deleted_after_checksum_and_sampling,979da35b941b7e27469587b716003f074ddd1fc1801a1ae3518f5981d4a2c364,0,hla_only,raw_calculations/apbs/HY13_SEQ_02/HY13_SEQ_02__self__SELF_CANON_CRYAB_0001_0015__s4/eps2/hla_only.in,033370d782c9b702cd1e33a6fe31d31e4b4f883497991baa322f1d46b8c49d85,HY13_SEQ_02__self__SELF_CANON_CRYAB_0001_0015__s4,HY13_SEQ_02,4,2.0,complete,raw_calculations/apbs/HY13_SEQ_02/HY13_SEQ_02__self__SELF_CANON_CRYAB_0001_0015__s4/eps2/hla_only.stderr.txt,raw_calculations/apbs/HY13_SEQ_02/HY13_SEQ_02__self__SELF_CANON_CRYAB_0001_0015__s4/eps2/hla_only.stdout.txt
self,SELF_CANON_CRYAB_0001_0015,ubuntu@sha256:2edbbc5dc405e9612ba3584ce95480277e3eb374407b5505fe26f17df77c7dbc,12800023,transient_deleted_after_checksum_and_sampling,008e1313ada9fedb35bf51d25bcfd77e457cd05125959dd7cc3f9083707f1d39,0,full,raw_calculations/apbs/HY13_SEQ_02/HY13_SEQ_02__self__SELF_CANON_CRYAB_0001_0015__s4/eps4/full.in,37115d92ede2cb7dd6ae36023fef3f164906682c937484ed8d3ef62c7ff38d9a,HY13_SEQ_02__self__SELF_CANON_CRYAB_0001_0015__s4,HY13_SEQ_02,4,4.0,complete,raw_calculations/apbs/HY13_SEQ_02/HY13_SEQ_02__self__SELF_CANON_CRYAB_0001_0015__s4/eps4/full.stderr.txt,raw_calculations/apbs/HY13_SEQ_02/HY13_SEQ_02__self__SELF_CANON_CRYAB_0001_0015__s4/eps4/full.stdout.txt
self,SELF_CANON_CRYAB_0001_0015,ubuntu@sha256:2edbbc5dc405e9612ba3584ce95480277e3eb374407b5505fe26f17df77c7dbc,12889948,transient_deleted_after_checksum_and_sampling,ac96313cb8fca20f49bf0e78e4af15b422de0381b8d814f1a77a1ce5f59e5b4d,0,hla_only,raw_calculations/apbs/HY13_SEQ_02/HY13_SEQ_02__self__SELF_CANON_CRYAB_0001_0015__s4/eps4/hla_only.in,234726bfbe12ec89a0e791bbef95f28b5f60832487e7bffb045acddc151cc47f,HY13_SEQ_02__self__SELF_CANON_CRYAB_0001_0015__s4,HY13_SEQ_02,4,4.0,complete,raw_calculations/apbs/HY13_SEQ_02/HY13_SEQ_02__self__SELF_CANON_CRYAB_0001_0015__s4/eps4/hla_only.stderr.txt,raw_calculations/apbs/HY13_SEQ_02/HY13_SEQ_02__self__SELF_CANON_CRYAB_0001_0015__s4/eps4/hla_only.stdout.txt
self,SELF_CANON_CRYAB_0001_0015,ubuntu@sha256:2edbbc5dc405e9612ba3584ce95480277e3eb374407b5505fe26f17df77c7dbc,12808955,transient_deleted_after_checksum_and_sampling,db6d3e516b6805a2f2567036887fd105b63245f5e343233d3585a61cc3bcfc9c,0,full,raw_calculations/apbs/HY13_SEQ_02/HY13_SEQ_02__self__SELF_CANON_CRYAB_0001_0015__s4/eps8/full.in,0fcfdb448bc3303b894164ad1ca8cbfb26995cf4cf622d1faf5074118deb0c03,HY13_SEQ_02__self__SELF_CANON_CRYAB_0001_0015__s4,HY13_SEQ_02,4,8.0,complete,raw_calculations/apbs/HY13_SEQ_02/HY13_SEQ_02__self__SELF_CANON_CRYAB_0001_0015__s4/eps8/full.stderr.txt,raw_calculations/apbs/HY13_SEQ_02/HY13_SEQ_02__self__SELF_CANON_CRYAB_0001_0015__s4/eps8/full.stdout.txt
self,SELF_CANON_CRYAB_0001_0015,ubuntu@sha256:2edbbc5dc405e9612ba3584ce95480277e3eb374407b5505fe26f17df77c7dbc,12903938,transient_deleted_after_checksum_and_sampling,2412c0e21e4263beedc0afd6d277e1d72ea6d6a4d44ec10ea289e8da709ed386,0,hla_only,raw_calculations/apbs/HY13_SEQ_02/HY13_SEQ_02__self__SELF_CANON_CRYAB_0001_0015__s4/eps8/hla_only.in,ed8b2076de5dd75e1d61186f37d62253216fc391adc5ea6f5ca6997cebb466b6,HY13_SEQ_02__self__SELF_CANON_CRYAB_0001_0015__s4,HY13_SEQ_02,4,8.0,complete,raw_calculations/apbs/HY13_SEQ_02/HY13_SEQ_02__self__SELF_CANON_CRYAB_0001_0015__s4/eps8/hla_only.stderr.txt,raw_calculations/apbs/HY13_SEQ_02/HY13_SEQ_02__self__SELF_CANON_CRYAB_0001_0015__s4/eps8/hla_only.stdout.txt
self,SELF_CANON_TALDO1_0108_0122,ubuntu@sha256:2edbbc5dc405e9612ba3584ce95480277e3eb374407b5505fe26f17df77c7dbc,12900174,transient_deleted_after_checksum_and_sampling,536a14d49f97590affdb65997a3d0399c1a481b3e92e62d53856bbcb7a6b71f5,0,full,raw_calculations/apbs/HY13_SEQ_02/HY13_SEQ_02__self__SELF_CANON_TALDO1_0108_0122__s0/eps2/full.in,88eb727d1653f7d345f309d8e1e67ba867ee39ea4ab367b3c56bae206edb8b28,HY13_SEQ_02__self__SELF_CANON_TALDO1_0108_0122__s0,HY13_SEQ_02,0,2.0,complete,raw_calculations/apbs/HY13_SEQ_02/HY13_SEQ_02__self__SELF_CANON_TALDO1_0108_0122__s0/eps2/full.stderr.txt,raw_calculations/apbs/HY13_SEQ_02/HY13_SEQ_02__self__SELF_CANON_TALDO1_0108_0122__s0/eps2/full.stdout.txt
self,SELF_CANON_TALDO1_0108_0122,ubuntu@sha256:2edbbc5dc405e9612ba3584ce95480277e3eb374407b5505fe26f17df77c7dbc,12905190,transient_deleted_after_checksum_and_sampling,f07d2b84a40819e8446e85bc5fa2e692fc2c4a05364d0d01ee8707ca1e86863b,0,hla_only,raw_calculations/apbs/HY13_SEQ_02/HY13_SEQ_02__self__SELF_CANON_TALDO1_0108_0122__s0/eps2/hla_only.in,f6f7559214536b3672e5bdcf66224a06e86ecca65101fdc9041b336a26227d21,HY13_SEQ_02__self__SELF_CANON_TALDO1_0108_0122__s0,HY13_SEQ_02,0,2.0,complete,raw_calculations/apbs/HY13_SEQ_02/HY13_SEQ_02__self__SELF_CANON_TALDO1_0108_0122__s0/eps2/hla_only.stderr.txt,raw_calculations/apbs/HY13_SEQ_02/HY13_SEQ_02__self__SELF_CANON_TALDO1_0108_0122__s0/eps2/hla_only.stdout.txt
self,SELF_CANON_TALDO1_0108_0122,ubuntu@sha256:2edbbc5dc405e9612ba3584ce95480277e3eb374407b5505fe26f17df77c7dbc,12906147,transient_deleted_after_checksum_and_sampling,f5b7c974d7393200c062e9ef2e0292157e16f8b7ee4b0a96c9bf9fa06a346da4,0,full,raw_calculations/apbs/HY13_SEQ_02/HY13_SEQ_02__self__SELF_CANON_TALDO1_0108_0122__s0/eps4/full.in,cb5dc117daa0a7240115186b5a24f0f983eb053170efea94f7f0183d48c5dcf7,HY13_SEQ_02__self__SELF_CANON_TALDO1_0108_0122__s0,HY13_SEQ_02,0,4.0,complete,raw_calculations/apbs/HY13_SEQ_02/HY13_SEQ_02__self__SELF_CANON_TALDO1_0108_0122__s0/eps4/full.stderr.txt,raw_calculations/apbs/HY13_SEQ_02/HY13_SEQ_02__self__SELF_CANON_TALDO1_0108_0122__s0/eps4/full.stdout.txt
self,SELF_CANON_TALDO1_0108_0122,ubuntu@sha256:2edbbc5dc405e9612ba3584ce95480277e3eb374407b5505fe26f17df77c7dbc,12911417,transient_deleted_after_checksum_and_sampling,3cf67f57c6df74c089fbf5fe9bd0c3f5241cb1ebbd3a9e70e13d650c2a262991,0,hla_only,raw_calculations/apbs/HY13_SEQ_02/HY13_SEQ_02__self__SELF_CANON_TALDO1_0108_0122__s0/eps4/hla_only.in,98b755cb232a007990396db1d16f7dd7cfebf40993c4b382f419762cab0d0d90,HY13_SEQ_02__self__SELF_CANON_TALDO1_0108_0122__s0,HY13_SEQ_02,0,4.0,complete,raw_calculations/apbs/HY13_SEQ_02/HY13_SEQ_02__self__SELF_CANON_TALDO1_0108_0122__s0/eps4/hla_only.stderr.txt,raw_calculations/apbs/HY13_SEQ_02/HY13_SEQ_02__self__SELF_CANON_TALDO1_0108_0122__s0/eps4/hla_only.stdout.txt
self,SELF_CANON_TALDO1_0108_0122,ubuntu@sha256:2edbbc5dc405e9612ba3584ce95480277e3eb374407b5505fe26f17df77c7dbc,12914395,transient_deleted_after_checksum_and_sampling,a05615995cbef88907bb2f72c9a0755cc5324b780218bd52e18233407d37c352,0,full,raw_calculations/apbs/HY13_SEQ_02/HY13_SEQ_02__self__SELF_CANON_TALDO1_0108_0122__s0/eps8/full.in,b8d2c4e8e51e5146be19cea97b5934de65132fc9a2015f14082fc2028cb49b62,HY13_SEQ_02__self__SELF_CANON_TALDO1_0108_0122__s0,HY13_SEQ_02,0,8.0,complete,raw_calculations/apbs/HY13_SEQ_02/HY13_SEQ_02__self__SELF_CANON_TALDO1_0108_0122__s0/eps8/full.stderr.txt,raw_calculations/apbs/HY13_SEQ_02/HY13_SEQ_02__self__SELF_CANON_TALDO1_0108_0122__s0/eps8/full.stdout.txt
self,SELF_CANON_TALDO1_0108_0122,ubuntu@sha256:2edbbc5dc405e9612ba3584ce95480277e3eb374407b5505fe26f17df77c7dbc,12920524,transient_deleted_after_checksum_and_sampling,73c8356717a5bf0178301a8e38d475f6b49250028711c0a670e19f78837b5ea9,0,hla_only,raw_calculations/apbs/HY13_SEQ_02/HY13_SEQ_02__self__SELF_CANON_TALDO1_0108_0122__s0/eps8/hla_only.in,e0da7f0e54c803b767ee6e404200cdef46199b7f1b59295df7451096bc2ab621,HY13_SEQ_02__self__SELF_CANON_TALDO1_0108_0122__s0,HY13_SEQ_02,0,8.0,complete,raw_calculations/apbs/HY13_SEQ_02/HY13_SEQ_02__self__SELF_CANON_TALDO1_0108_0122__s0/eps8/hla_only.stderr.txt,raw_calculations/apbs/HY13_SEQ_02/HY13_SEQ_02__self__SELF_CANON_TALDO1_0108_0122__s0/eps8/hla_only.stdout.txt
self,SELF_CANON_TALDO1_0108_0122,ubuntu@sha256:2edbbc5dc405e9612ba3584ce95480277e3eb374407b5505fe26f17df77c7dbc,12775852,transient_deleted_after_checksum_and_sampling,467088e628b68bd4e2e1e1f16299daf3f178eef2237b5cf9f22eedf9f35d7fcd,0,full,raw_calculations/apbs/HY13_SEQ_02/HY13_SEQ_02__self__SELF_CANON_TALDO1_0108_0122__s1/eps2/full.in,555a2deb4a0f16ea1a192d46e6d7b4ab8b94ffbb5ac78c7684f7d719b4f74aae,HY13_SEQ_02__self__SELF_CANON_TALDO1_0108_0122__s1,HY13_SEQ_02,1,2.0,complete,raw_calculations/apbs/HY13_SEQ_02/HY13_SEQ_02__self__SELF_CANON_TALDO1_0108_0122__s1/eps2/full.stderr.txt,raw_calculations/apbs/HY13_SEQ_02/HY13_SEQ_02__self__SELF_CANON_TALDO1_0108_0122__s1/eps2/full.stdout.txt
self,SELF_CANON_TALDO1_0108_0122,ubuntu@sha256:2edbbc5dc405e9612ba3584ce95480277e3eb374407b5505fe26f17df77c7dbc,12888586,transient_deleted_after_checksum_and_sampling,122d54c97bb82e2cffacec4183da7213c91e157952185ce56373c6d8372eb132,0,hla_only,raw_calculations/apbs/HY13_SEQ_02/HY13_SEQ_02__self__SELF_CANON_TALDO1_0108_0122__s1/eps2/hla_only.in,f7caf7e3f20c7d9b4082c45bd24f19d0227a85f0580e10b61b8d9f02aad14620,HY13_SEQ_02__self__SELF_CANON_TALDO1_0108_0122__s1,HY13_SEQ_02,1,2.0,complete,raw_calculations/apbs/HY13_SEQ_02/HY13_SEQ_02__self__SELF_CANON_TALDO1_0108_0122__s1/eps2/hla_only.stderr.txt,raw_calculations/apbs/HY13_SEQ_02/HY13_SEQ_02__self__SELF_CANON_TALDO1_0108_0122__s1/eps2/hla_only.stdout.txt
self,SELF_CANON_TALDO1_0108_0122,ubuntu@sha256:2edbbc5dc405e9612ba3584ce95480277e3eb374407b5505fe26f17df77c7dbc,12780365,transient_deleted_after_checksum_and_sampling,b43652ca83835976bcabd09f01ad31588a7021f21604fac94375f83b66b77957,0,full,raw_calculations/apbs/HY13_SEQ_02/HY13_SEQ_02__self__SELF_CANON_TALDO1_0108_0122__s1/eps4/full.in,c4bd0955a0b148cd29967dcc8fc46ce44ce6a70f65ebb23f68536dfa0cae308e,HY13_SEQ_02__self__SELF_CANON_TALDO1_0108_0122__s1,HY13_SEQ_02,1,4.0,complete,raw_calculations/apbs/HY13_SEQ_02/HY13_SEQ_02__self__SELF_CANON_TALDO1_0108_0122__s1/eps4/full.stderr.txt,raw_calculations/apbs/HY13_SEQ_02/HY13_SEQ_02__self__SELF_CANON_TALDO1_0108_0122__s1/eps4/full.stdout.txt
self,SELF_CANON_TALDO1_0108_0122,ubuntu@sha256:2edbbc5dc405e9612ba3584ce95480277e3eb374407b5505fe26f17df77c7dbc,12891972,transient_deleted_after_checksum_and_sampling,1f578f936a43c00504a143730b407dc5c9a2ae1405c96189c94c6825a7a0c776,0,hla_only,raw_calculations/apbs/HY13_SEQ_02/HY13_SEQ_02__self__SELF_CANON_TALDO1_0108_0122__s1/eps4/hla_only.in,ef4fc5456b18e4d0d899710e74fde3cb5967115bca0b31bdef5ee2d43adc06d5,HY13_SEQ_02__self__SELF_CANON_TALDO1_0108_0122__s1,HY13_SEQ_02,1,4.0,complete,raw_calculations/apbs/HY13_SEQ_02/HY13_SEQ_02__self__SELF_CANON_TALDO1_0108_0122__s1/eps4/hla_only.stderr.txt,raw_calculations/apbs/HY13_SEQ_02/HY13_SEQ_02__self__SELF_CANON_TALDO1_0108_0122__s1/eps4/hla_only.stdout.txt
self,SELF_CANON_TALDO1_0108_0122,ubuntu@sha256:2edbbc5dc405e9612ba3584ce95480277e3eb374407b5505fe26f17df77c7dbc,12787809,transient_deleted_after_checksum_and_sampling,6cf67704c9131b0367bae2fa5f338594238fcc6dff9b7609ffdd169884c9828d,0,full,raw_calculations/apbs/HY13_SEQ_02/HY13_SEQ_02__self__SELF_CANON_TALDO1_0108_0122__s1/eps8/full.in,53145ef9f0277c00038176ef6f9a0d2025e809f635891c3e045be7d91d57ca16,HY13_SEQ_02__self__SELF_CANON_TALDO1_0108_0122__s1,HY13_SEQ_02,1,8.0,complete,raw_calculations/apbs/HY13_SEQ_02/HY13_SEQ_02__self__SELF_CANON_TALDO1_0108_0122__s1/eps8/full.stderr.txt,raw_calculations/apbs/HY13_SEQ_02/HY13_SEQ_02__self__SELF_CANON_TALDO1_0108_0122__s1/eps8/full.stdout.txt
self,SELF_CANON_TALDO1_0108_0122,ubuntu@sha256:2edbbc5dc405e9612ba3584ce95480277e3eb374407b5505fe26f17df77c7dbc,12899293,transient_deleted_after_checksum_and_sampling,6e5f06a0422a5a9f9e8bbd9e6323c2706a6943b5a525099eefcc8893c05d6811,0,hla_only,raw_calculations/apbs/HY13_SEQ_02/HY13_SEQ_02__self__SELF_CANON_TALDO1_0108_0122__s1/eps8/hla_only.in,325ddbfa541ce03bcfda521902ad48e2d8763a7ffbbe07960529e24db1a7b8ec,HY13_SEQ_02__self__SELF_CANON_TALDO1_0108_0122__s1,HY13_SEQ_02,1,8.0,complete,raw_calculations/apbs/HY13_SEQ_02/HY13_SEQ_02__self__SELF_CANON_TALDO1_0108_0122__s1/eps8/hla_only.stderr.txt,raw_calculations/apbs/HY13_SEQ_02/HY13_SEQ_02__self__SELF_CANON_TALDO1_0108_0122__s1/eps8/hla_only.stdout.txt
self,SELF_CANON_TALDO1_0108_0122,ubuntu@sha256:2edbbc5dc405e9612ba3584ce95480277e3eb374407b5505fe26f17df77c7dbc,12899667,transient_deleted_after_checksum_and_sampling,3cd10b75d6f5f5ef6096133ac27e9528a58de22f04cc3186f6cb5a9da62631b3,0,full,raw_calculations/apbs/HY13_SEQ_02/HY13_SEQ_02__self__SELF_CANON_TALDO1_0108_0122__s2/eps2/full.in,fc7ac0251cf605a52a72041b07b6f5a995e1ba17de5715ff4aeb5da53b16ebc3,HY13_SEQ_02__self__SELF_CANON_TALDO1_0108_0122__s2,HY13_SEQ_02,2,2.0,complete,raw_calculations/apbs/HY13_SEQ_02/HY13_SEQ_02__self__SELF_CANON_TALDO1_0108_0122__s2/eps2/full.stderr.txt,raw_calculations/apbs/HY13_SEQ_02/HY13_SEQ_02__self__SELF_CANON_TALDO1_0108_0122__s2/eps2/full.stdout.txt
self,SELF_CANON_TALDO1_0108_0122,ubuntu@sha256:2edbbc5dc405e9612ba3584ce95480277e3eb374407b5505fe26f17df77c7dbc,12909845,transient_deleted_after_checksum_and_sampling,eb1079c32ce75796721b6200ed5cdc3f7a51caa76bed3de5127096edad5fb362,0,hla_only,raw_calculations/apbs/HY13_SEQ_02/HY13_SEQ_02__self__SELF_CANON_TALDO1_0108_0122__s2/eps2/hla_only.in,55f90ce5d659c6c205dabcdd9ac8476f2c13db21998b37aa0513e4db3fa47622,HY13_SEQ_02__self__SELF_CANON_TALDO1_0108_0122__s2,HY13_SEQ_02,2,2.0,complete,raw_calculations/apbs/HY13_SEQ_02/HY13_SEQ_02__self__SELF_CANON_TALDO1_0108_0122__s2/eps2/hla_only.stderr.txt,raw_calculations/apbs/HY13_SEQ_02/HY13_SEQ_02__self__SELF_CANON_TALDO1_0108_0122__s2/eps2/hla_only.stdout.txt
self,SELF_CANON_TALDO1_0108_0122,ubuntu@sha256:2edbbc5dc405e9612ba3584ce95480277e3eb374407b5505fe26f17df77c7dbc,12906000,transient_deleted_after_checksum_and_sampling,62627b89a8525c78960d63c5202a02e5a961ea1db471df3cabcb07666145708b,0,full,raw_calculations/apbs/HY13_SEQ_02/HY13_SEQ_02__self__SELF_CANON_TALDO1_0108_0122__s2/eps4/full.in,f3c0d0779e1f2e5492f4674828d42156315f0dc2d7003c39358625deb8050391,HY13_SEQ_02__self__SELF_CANON_TALDO1_0108_0122__s2,HY13_SEQ_02,2,4.0,complete,raw_calculations/apbs/HY13_SEQ_02/HY13_SEQ_02__self__SELF_CANON_TALDO1_0108_0122__s2/eps4/full.stderr.txt,raw_calculations/apbs/HY13_SEQ_02/HY13_SEQ_02__self__SELF_CANON_TALDO1_0108_0122__s2/eps4/full.stdout.txt
self,SELF_CANON_TALDO1_0108_0122,ubuntu@sha256:2edbbc5dc405e9612ba3584ce95480277e3eb374407b5505fe26f17df77c7dbc,12913800,transient_deleted_after_checksum_and_sampling,5d740f840e47a713eba73d4e4d92926458a805357dd3653a320c75f0416159e0,0,hla_only,raw_calculations/apbs/HY13_SEQ_02/HY13_SEQ_02__self__SELF_CANON_TALDO1_0108_0122__s2/eps4/hla_only.in,0aa00cad374d542ae3059b76a92ec4b5939671d688efce80258180ea5c3d392d,HY13_SEQ_02__self__SELF_CANON_TALDO1_0108_0122__s2,HY13_SEQ_02,2,4.0,complete,raw_calculations/apbs/HY13_SEQ_02/HY13_SEQ_02__self__SELF_CANON_TALDO1_0108_0122__s2/eps4/hla_only.stderr.txt,raw_calculations/apbs/HY13_SEQ_02/HY13_SEQ_02__self__SELF_CANON_TALDO1_0108_0122__s2/eps4/hla_only.stdout.txt
self,SELF_CANON_TALDO1_0108_0122,ubuntu@sha256:2edbbc5dc405e9612ba3584ce95480277e3eb374407b5505fe26f17df77c7dbc,12915509,transient_deleted_after_checksum_and_sampling,e54e41f36f0b24a6ce0f4eb997b593c709bbc9761acdd89f2f10e01a3cc68a20,0,full,raw_calculations/apbs/HY13_SEQ_02/HY13_SEQ_02__self__SELF_CANON_TALDO1_0108_0122__s2/eps8/full.in,30c70fcf6ce9c5367fe95d55428e3f234319fe6246234b2b58447e7fb127198f,HY13_SEQ_02__self__SELF_CANON_TALDO1_0108_0122__s2,HY13_SEQ_02,2,8.0,complete,raw_calculations/apbs/HY13_SEQ_02/HY13_SEQ_02__self__SELF_CANON_TALDO1_0108_0122__s2/eps8/full.stderr.txt,raw_calculations/apbs/HY13_SEQ_02/HY13_SEQ_02__self__SELF_CANON_TALDO1_0108_0122__s2/eps8/full.stdout.txt
self,SELF_CANON_TALDO1_0108_0122,ubuntu@sha256:2edbbc5dc405e9612ba3584ce95480277e3eb374407b5505fe26f17df77c7dbc,12921388,transient_deleted_after_checksum_and_sampling,ddcb0a29532186e9815016eb0a94e64e6eac4339e4b1c6df9062bab08ee7b97d,0,hla_only,raw_calculations/apbs/HY13_SEQ_02/HY13_SEQ_02__self__SELF_CANON_TALDO1_0108_0122__s2/eps8/hla_only.in,8cc06b4a3e6aa3c4d0b7b1138abad3285b9fbcf61ee15f0cde3fba559220b90a,HY13_SEQ_02__self__SELF_CANON_TALDO1_0108_0122__s2,HY13_SEQ_02,2,8.0,complete,raw_calculations/apbs/HY13_SEQ_02/HY13_SEQ_02__self__SELF_CANON_TALDO1_0108_0122__s2/eps8/hla_only.stderr.txt,raw_calculations/apbs/HY13_SEQ_02/HY13_SEQ_02__self__SELF_CANON_TALDO1_0108_0122__s2/eps8/hla_only.stdout.txt
self,SELF_CANON_TALDO1_0108_0122,ubuntu@sha256:2edbbc5dc405e9612ba3584ce95480277e3eb374407b5505fe26f17df77c7dbc,12919141,transient_deleted_after_checksum_and_sampling,cf09d44d08cca99a9325476738864757f86ed1c2ddaa69a2623f46317b859e54,0,full,raw_calculations/apbs/HY13_SEQ_02/HY13_SEQ_02__self__SELF_CANON_TALDO1_0108_0122__s3/eps2/full.in,9ddd11667ad95c10196affb6611b1e5da05af3687660e87cc54e8a1ce2631770,HY13_SEQ_02__self__SELF_CANON_TALDO1_0108_0122__s3,HY13_SEQ_02,3,2.0,complete,raw_calculations/apbs/HY13_SEQ_02/HY13_SEQ_02__self__SELF_CANON_TALDO1_0108_0122__s3/eps2/full.stderr.txt,raw_calculations/apbs/HY13_SEQ_02/HY13_SEQ_02__self__SELF_CANON_TALDO1_0108_0122__s3/eps2/full.stdout.txt
self,SELF_CANON_TALDO1_0108_0122,ubuntu@sha256:2edbbc5dc405e9612ba3584ce95480277e3eb374407b5505fe26f17df77c7dbc,12924539,transient_deleted_after_checksum_and_sampling,6e6f24dc43733957755b45a94effb074d7f188027cf89574acc6e67d90d6f2a6,0,hla_only,raw_calculations/apbs/HY13_SEQ_02/HY13_SEQ_02__self__SELF_CANON_TALDO1_0108_0122__s3/eps2/hla_only.in,cb75786ffc51358b34ae3f2287eef6288b5ee719a6ba7c3487e6846138f56578,HY13_SEQ_02__self__SELF_CANON_TALDO1_0108_0122__s3,HY13_SEQ_02,3,2.0,complete,raw_calculations/apbs/HY13_SEQ_02/HY13_SEQ_02__self__SELF_CANON_TALDO1_0108_0122__s3/eps2/hla_only.stderr.txt,raw_calculations/apbs/HY13_SEQ_02/HY13_SEQ_02__self__SELF_CANON_TALDO1_0108_0122__s3/eps2/hla_only.stdout.txt
self,SELF_CANON_TALDO1_0108_0122,ubuntu@sha256:2edbbc5dc405e9612ba3584ce95480277e3eb374407b5505fe26f17df77c7dbc,12926926,transient_deleted_after_checksum_and_sampling,fabe1829c72d66099863437b62a752d536eef4230a2e34d57f7b9d87b503faa2,0,full,raw_calculations/apbs/HY13_SEQ_02/HY13_SEQ_02__self__SELF_CANON_TALDO1_0108_0122__s3/eps4/full.in,d9216cbb893b07bff560e3aa57adbd9ae3726add8aa74fcf790e83996a866359,HY13_SEQ_02__self__SELF_CANON_TALDO1_0108_0122__s3,HY13_SEQ_02,3,4.0,complete,raw_calculations/apbs/HY13_SEQ_02/HY13_SEQ_02__self__SELF_CANON_TALDO1_0108_0122__s3/eps4/full.stderr.txt,raw_calculations/apbs/HY13_SEQ_02/HY13_SEQ_02__self__SELF_CANON_TALDO1_0108_0122__s3/eps4/full.stdout.txt
self,SELF_CANON_TALDO1_0108_0122,ubuntu@sha256:2edbbc5dc405e9612ba3584ce95480277e3eb374407b5505fe26f17df77c7dbc,12930922,transient_deleted_after_checksum_and_sampling,84587bd59bd102618c0e48f5236f12dd72a9d94c68eefe5a34c45af8d71f3ac5,0,hla_only,raw_calculations/apbs/HY13_SEQ_02/HY13_SEQ_02__self__SELF_CANON_TALDO1_0108_0122__s3/eps4/hla_only.in,f0998c243281bf77b1d79c365e4e0be7619fc210f8a51f7d463afd27ee15e5c2,HY13_SEQ_02__self__SELF_CANON_TALDO1_0108_0122__s3,HY13_SEQ_02,3,4.0,complete,raw_calculations/apbs/HY13_SEQ_02/HY13_SEQ_02__self__SELF_CANON_TALDO1_0108_0122__s3/eps4/hla_only.stderr.txt,raw_calculations/apbs/HY13_SEQ_02/HY13_SEQ_02__self__SELF_CANON_TALDO1_0108_0122__s3/eps4/hla_only.stdout.txt
self,SELF_CANON_TALDO1_0108_0122,ubuntu@sha256:2edbbc5dc405e9612ba3584ce95480277e3eb374407b5505fe26f17df77c7dbc,12938001,transient_deleted_after_checksum_and_sampling,455b3d67fd9a3d7269efb042ee7bbd74e91f6c00cffd1919b0ddad34b510d98e,0,full,raw_calculations/apbs/HY13_SEQ_02/HY13_SEQ_02__self__SELF_CANON_TALDO1_0108_0122__s3/eps8/full.in,5df315c49f21bba1ab3f87ce2122ffad0a3c2db7c5c47886c82240049c2fb528,HY13_SEQ_02__self__SELF_CANON_TALDO1_0108_0122__s3,HY13_SEQ_02,3,8.0,complete,raw_calculations/apbs/HY13_SEQ_02/HY13_SEQ_02__self__SELF_CANON_TALDO1_0108_0122__s3/eps8/full.stderr.txt,raw_calculations/apbs/HY13_SEQ_02/HY13_SEQ_02__self__SELF_CANON_TALDO1_0108_0122__s3/eps8/full.stdout.txt
self,SELF_CANON_TALDO1_0108_0122,ubuntu@sha256:2edbbc5dc405e9612ba3584ce95480277e3eb374407b5505fe26f17df77c7dbc,12940608,transient_deleted_after_checksum_and_sampling,dc24e61a3329b89770491b461426c07939a00dbe9fcea80be39fd85d81fb30c2,0,hla_only,raw_calculations/apbs/HY13_SEQ_02/HY13_SEQ_02__self__SELF_CANON_TALDO1_0108_0122__s3/eps8/hla_only.in,07f4ee7760b484dc47763723d2fcd8493135b35cab74c63eb419c102f1b338c0,HY13_SEQ_02__self__SELF_CANON_TALDO1_0108_0122__s3,HY13_SEQ_02,3,8.0,complete,raw_calculations/apbs/HY13_SEQ_02/HY13_SEQ_02__self__SELF_CANON_TALDO1_0108_0122__s3/eps8/hla_only.stderr.txt,raw_calculations/apbs/HY13_SEQ_02/HY13_SEQ_02__self__SELF_CANON_TALDO1_0108_0122__s3/eps8/hla_only.stdout.txt
self,SELF_CANON_TALDO1_0108_0122,ubuntu@sha256:2edbbc5dc405e9612ba3584ce95480277e3eb374407b5505fe26f17df77c7dbc,12881271,transient_deleted_after_checksum_and_sampling,f7409d52da280b2cd01592cddd2f0297d0cfb5f089acf7ff0c25fbe93815ba57,0,full,raw_calculations/apbs/HY13_SEQ_02/HY13_SEQ_02__self__SELF_CANON_TALDO1_0108_0122__s4/eps2/full.in,c85346597e2ba3b220d0a6f050be601f76d414c7890a0a3549f69104ccec6595,HY13_SEQ_02__self__SELF_CANON_TALDO1_0108_0122__s4,HY13_SEQ_02,4,2.0,complete,raw_calculations/apbs/HY13_SEQ_02/HY13_SEQ_02__self__SELF_CANON_TALDO1_0108_0122__s4/eps2/full.stderr.txt,raw_calculations/apbs/HY13_SEQ_02/HY13_SEQ_02__self__SELF_CANON_TALDO1_0108_0122__s4/eps2/full.stdout.txt
self,SELF_CANON_TALDO1_0108_0122,ubuntu@sha256:2edbbc5dc405e9612ba3584ce95480277e3eb374407b5505fe26f17df77c7dbc,12912710,transient_deleted_after_checksum_and_sampling,031137cc42b8d382da9750d97e7c3374a306443df95f32dc44a60e0927afa93b,0,hla_only,raw_calculations/apbs/HY13_SEQ_02/HY13_SEQ_02__self__SELF_CANON_TALDO1_0108_0122__s4/eps2/hla_only.in,89513c28d7844d40f1edf11db3ffcbbe303baa77148b0c372f1c31af4be73fb8,HY13_SEQ_02__self__SELF_CANON_TALDO1_0108_0122__s4,HY13_SEQ_02,4,2.0,complete,raw_calculations/apbs/HY13_SEQ_02/HY13_SEQ_02__self__SELF_CANON_TALDO1_0108_0122__s4/eps2/hla_only.stderr.txt,raw_calculations/apbs/HY13_SEQ_02/HY13_SEQ_02__self__SELF_CANON_TALDO1_0108_0122__s4/eps2/hla_only.stdout.txt
self,SELF_CANON_TALDO1_0108_0122,ubuntu@sha256:2edbbc5dc405e9612ba3584ce95480277e3eb374407b5505fe26f17df77c7dbc,12888156,transient_deleted_after_checksum_and_sampling,305e5fc2d2cb5fba35d1fa75324aa71b10e9ad52a17b2377b9e936e53c865f6b,0,full,raw_calculations/apbs/HY13_SEQ_02/HY13_SEQ_02__self__SELF_CANON_TALDO1_0108_0122__s4/eps4/full.in,74e561df3078fd125679e14f6e33c149099b632f6dd58130f2c449d145d1eae4,HY13_SEQ_02__self__SELF_CANON_TALDO1_0108_0122__s4,HY13_SEQ_02,4,4.0,complete,raw_calculations/apbs/HY13_SEQ_02/HY13_SEQ_02__self__SELF_CANON_TALDO1_0108_0122__s4/eps4/full.stderr.txt,raw_calculations/apbs/HY13_SEQ_02/HY13_SEQ_02__self__SELF_CANON_TALDO1_0108_0122__s4/eps4/full.stdout.txt
self,SELF_CANON_TALDO1_0108_0122,ubuntu@sha256:2edbbc5dc405e9612ba3584ce95480277e3eb374407b5505fe26f17df77c7dbc,12919860,transient_deleted_after_checksum_and_sampling,57caad1e40c4dd051809b92ff773cdc3ab0d490686b2f2a1cce1eaa0de9309e5,0,hla_only,raw_calculations/apbs/HY13_SEQ_02/HY13_SEQ_02__self__SELF_CANON_TALDO1_0108_0122__s4/eps4/hla_only.in,850a05247a3209f88a2384b99253595f895eb6ba8946818135a1a4fe14eaea61,HY13_SEQ_02__self__SELF_CANON_TALDO1_0108_0122__s4,HY13_SEQ_02,4,4.0,complete,raw_calculations/apbs/HY13_SEQ_02/HY13_SEQ_02__self__SELF_CANON_TALDO1_0108_0122__s4/eps4/hla_only.stderr.txt,raw_calculations/apbs/HY13_SEQ_02/HY13_SEQ_02__self__SELF_CANON_TALDO1_0108_0122__s4/eps4/hla_only.stdout.txt
self,SELF_CANON_TALDO1_0108_0122,ubuntu@sha256:2edbbc5dc405e9612ba3584ce95480277e3eb374407b5505fe26f17df77c7dbc,12897843,transient_deleted_after_checksum_and_sampling,20ac69d6b90fa45ca1940682fc133464e8073ff5fca42670d4931f4f7787ec99,0,full,raw_calculations/apbs/HY13_SEQ_02/HY13_SEQ_02__self__SELF_CANON_TALDO1_0108_0122__s4/eps8/full.in,51a6d07e211aa93cd5a69fc74e240dc27bb726a0083cfa7961f3b3c530fe4b35,HY13_SEQ_02__self__SELF_CANON_TALDO1_0108_0122__s4,HY13_SEQ_02,4,8.0,complete,raw_calculations/apbs/HY13_SEQ_02/HY13_SEQ_02__self__SELF_CANON_TALDO1_0108_0122__s4/eps8/full.stderr.txt,raw_calculations/apbs/HY13_SEQ_02/HY13_SEQ_02__self__SELF_CANON_TALDO1_0108_0122__s4/eps8/full.stdout.txt
self,SELF_CANON_TALDO1_0108_0122,ubuntu@sha256:2edbbc5dc405e9612ba3584ce95480277e3eb374407b5505fe26f17df77c7dbc,12930140,transient_deleted_after_checksum_and_sampling,ec2ba89418c7c6745d5c61640d343c82da7769efad49bd0370661631c6843ab8,0,hla_only,raw_calculations/apbs/HY13_SEQ_02/HY13_SEQ_02__self__SELF_CANON_TALDO1_0108_0122__s4/eps8/hla_only.in,6fcad05179f3fdeb5cb9809042e3289ae6d7fd40c9667529ff178c0bbb259b71,HY13_SEQ_02__self__SELF_CANON_TALDO1_0108_0122__s4,HY13_SEQ_02,4,8.0,complete,raw_calculations/apbs/HY13_SEQ_02/HY13_SEQ_02__self__SELF_CANON_TALDO1_0108_0122__s4/eps8/hla_only.stderr.txt,raw_calculations/apbs/HY13_SEQ_02/HY13_SEQ_02__self__SELF_CANON_TALDO1_0108_0122__s4/eps8/hla_only.stdout.txt
self,SELF_CANON_TALDO1_0216_0230,ubuntu@sha256:2edbbc5dc405e9612ba3584ce95480277e3eb374407b5505fe26f17df77c7dbc,12706730,transient_deleted_after_checksum_and_sampling,f19999ab5ae4236ca30a49a7d70825de55bee54e5be4a0a8a2d310272b47c8e2,0,full,raw_calculations/apbs/HY13_SEQ_02/HY13_SEQ_02__self__SELF_CANON_TALDO1_0216_0230__s0/eps2/full.in,6be04f13a85304d7b8624d2e3cc5b1f836588a69cd1a371dd26d70f1f19f1742,HY13_SEQ_02__self__SELF_CANON_TALDO1_0216_0230__s0,HY13_SEQ_02,0,2.0,complete,raw_calculations/apbs/HY13_SEQ_02/HY13_SEQ_02__self__SELF_CANON_TALDO1_0216_0230__s0/eps2/full.stderr.txt,raw_calculations/apbs/HY13_SEQ_02/HY13_SEQ_02__self__SELF_CANON_TALDO1_0216_0230__s0/eps2/full.stdout.txt
self,SELF_CANON_TALDO1_0216_0230,ubuntu@sha256:2edbbc5dc405e9612ba3584ce95480277e3eb374407b5505fe26f17df77c7dbc,12901187,transient_deleted_after_checksum_and_sampling,9aaacc74dfd555d59ad4b8291f22a1092b0db0bce9c5d5e597ec7546f5b550c1,0,hla_only,raw_calculations/apbs/HY13_SEQ_02/HY13_SEQ_02__self__SELF_CANON_TALDO1_0216_0230__s0/eps2/hla_only.in,fa1e9cc2680a71f37a83f1bb97569d14067c23a661b65c2b81929445ce17881f,HY13_SEQ_02__self__SELF_CANON_TALDO1_0216_0230__s0,HY13_SEQ_02,0,2.0,complete,raw_calculations/apbs/HY13_SEQ_02/HY13_SEQ_02__self__SELF_CANON_TALDO1_0216_0230__s0/eps2/hla_only.stderr.txt,raw_calculations/apbs/HY13_SEQ_02/HY13_SEQ_02__self__SELF_CANON_TALDO1_0216_0230__s0/eps2/hla_only.stdout.txt
self,SELF_CANON_TALDO1_0216_0230,ubuntu@sha256:2edbbc5dc405e9612ba3584ce95480277e3eb374407b5505fe26f17df77c7dbc,12710838,transient_deleted_after_checksum_and_sampling,a611d703e981acd280a72e70521fe3ec1ae3ade2deadfad10a4df58a7d78b474,0,full,raw_calculations/apbs/HY13_SEQ_02/HY13_SEQ_02__self__SELF_CANON_TALDO1_0216_0230__s0/eps4/full.in,7ab373fe8f9d3a6512cd0aebd254539fc5e3e7bb8ffd4eb44d1bc19b616494fd,HY13_SEQ_02__self__SELF_CANON_TALDO1_0216_0230__s0,HY13_SEQ_02,0,4.0,complete,raw_calculations/apbs/HY13_SEQ_02/HY13_SEQ_02__self__SELF_CANON_TALDO1_0216_0230__s0/eps4/full.stderr.txt,raw_calculations/apbs/HY13_SEQ_02/HY13_SEQ_02__self__SELF_CANON_TALDO1_0216_0230__s0/eps4/full.stdout.txt
self,SELF_CANON_TALDO1_0216_0230,ubuntu@sha256:2edbbc5dc405e9612ba3584ce95480277e3eb374407b5505fe26f17df77c7dbc,12908148,transient_deleted_after_checksum_and_sampling,2b8f0ea6d92370d9ea8b6cdaa67f04afd4d2e79108062e67842c4d19d93b27b8,0,hla_only,raw_calculations/apbs/HY13_SEQ_02/HY13_SEQ_02__self__SELF_CANON_TALDO1_0216_0230__s0/eps4/hla_only.in,cdb2f2f4ee758663c5909a9c742e67359823aa3945c846dd413d9ef34a4cfa89,HY13_SEQ_02__self__SELF_CANON_TALDO1_0216_0230__s0,HY13_SEQ_02,0,4.0,complete,raw_calculations/apbs/HY13_SEQ_02/HY13_SEQ_02__self__SELF_CANON_TALDO1_0216_0230__s0/eps4/hla_only.stderr.txt,raw_calculations/apbs/HY13_SEQ_02/HY13_SEQ_02__self__SELF_CANON_TALDO1_0216_0230__s0/eps4/hla_only.stdout.txt
self,SELF_CANON_TALDO1_0216_0230,ubuntu@sha256:2edbbc5dc405e9612ba3584ce95480277e3eb374407b5505fe26f17df77c7dbc,12717530,transient_deleted_after_checksum_and_sampling,4341de4b5c10eba694c5baf8c03c82e685b47515de9fe00054503fb808e18538,0,full,raw_calculations/apbs/HY13_SEQ_02/HY13_SEQ_02__self__SELF_CANON_TALDO1_0216_0230__s0/eps8/full.in,22d996e1ff008bbb2179fa310265a87f6999bb62820ddb3be0a7f81e3b7c32e2,HY13_SEQ_02__self__SELF_CANON_TALDO1_0216_0230__s0,HY13_SEQ_02,0,8.0,complete,raw_calculations/apbs/HY13_SEQ_02/HY13_SEQ_02__self__SELF_CANON_TALDO1_0216_0230__s0/eps8/full.stderr.txt,raw_calculations/apbs/HY13_SEQ_02/HY13_SEQ_02__self__SELF_CANON_TALDO1_0216_0230__s0/eps8/full.stdout.txt
self,SELF_CANON_TALDO1_0216_0230,ubuntu@sha256:2edbbc5dc405e9612ba3584ce95480277e3eb374407b5505fe26f17df77c7dbc,12918173,transient_deleted_after_checksum_and_sampling,a0e0aa7fc4c97f76e7762b5f4778290b25b81d4310fdc4263f481afa1ed19f92,0,hla_only,raw_calculations/apbs/HY13_SEQ_02/HY13_SEQ_02__self__SELF_CANON_TALDO1_0216_0230__s0/eps8/hla_only.in,e1f60d1a6b379fac50742da3ee0554a08ad1f22eace7044f625005639d0f0be2,HY13_SEQ_02__self__SELF_CANON_TALDO1_0216_0230__s0,HY13_SEQ_02,0,8.0,complete,raw_calculations/apbs/HY13_SEQ_02/HY13_SEQ_02__self__SELF_CANON_TALDO1_0216_0230__s0/eps8/hla_only.stderr.txt,raw_calculations/apbs/HY13_SEQ_02/HY13_SEQ_02__self__SELF_CANON_TALDO1_0216_0230__s0/eps8/hla_only.stdout.txt
self,SELF_CANON_TALDO1_0216_0230,ubuntu@sha256:2edbbc5dc405e9612ba3584ce95480277e3eb374407b5505fe26f17df77c7dbc,12726260,transient_deleted_after_checksum_and_sampling,59a18fc049ba14540c599f8413af9063abe22e6e6caae5cc0800dd3568f0ee71,0,full,raw_calculations/apbs/HY13_SEQ_02/HY13_SEQ_02__self__SELF_CANON_TALDO1_0216_0230__s1/eps2/full.in,4d5b1d66df70dcae72a83eae3fba6ef2487529f9a3b85cb0d0385f3f04d216f5,HY13_SEQ_02__self__SELF_CANON_TALDO1_0216_0230__s1,HY13_SEQ_02,1,2.0,complete,raw_calculations/apbs/HY13_SEQ_02/HY13_SEQ_02__self__SELF_CANON_TALDO1_0216_0230__s1/eps2/full.stderr.txt,raw_calculations/apbs/HY13_SEQ_02/HY13_SEQ_02__self__SELF_CANON_TALDO1_0216_0230__s1/eps2/full.stdout.txt
self,SELF_CANON_TALDO1_0216_0230,ubuntu@sha256:2edbbc5dc405e9612ba3584ce95480277e3eb374407b5505fe26f17df77c7dbc,12923305,transient_deleted_after_checksum_and_sampling,8a55d2e5237df9310eb107ffad9c04e065fef0214947e3ed5ee005edc191d189,0,hla_only,raw_calculations/apbs/HY13_SEQ_02/HY13_SEQ_02__self__SELF_CANON_TALDO1_0216_0230__s1/eps2/hla_only.in,30f159f7f1293cc6e427a82674b25648efff77fe6af26142b468263663b64dbd,HY13_SEQ_02__self__SELF_CANON_TALDO1_0216_0230__s1,HY13_SEQ_02,1,2.0,complete,raw_calculations/apbs/HY13_SEQ_02/HY13_SEQ_02__self__SELF_CANON_TALDO1_0216_0230__s1/eps2/hla_only.stderr.txt,raw_calculations/apbs/HY13_SEQ_02/HY13_SEQ_02__self__SELF_CANON_TALDO1_0216_0230__s1/eps2/hla_only.stdout.txt
self,SELF_CANON_TALDO1_0216_0230,ubuntu@sha256:2edbbc5dc405e9612ba3584ce95480277e3eb374407b5505fe26f17df77c7dbc,12731446,transient_deleted_after_checksum_and_sampling,0c92d2f3b4c40d6a889a3440ac104a8e1fce7792940f884a1914800f73d935a1,0,full,raw_calculations/apbs/HY13_SEQ_02/HY13_SEQ_02__self__SELF_CANON_TALDO1_0216_0230__s1/eps4/full.in,bdf834444cf2a7e7cc70902a60c1255c84a05cd6c8413dd302281966cf336b69,HY13_SEQ_02__self__SELF_CANON_TALDO1_0216_0230__s1,HY13_SEQ_02,1,4.0,complete,raw_calculations/apbs/HY13_SEQ_02/HY13_SEQ_02__self__SELF_CANON_TALDO1_0216_0230__s1/eps4/full.stderr.txt,raw_calculations/apbs/HY13_SEQ_02/HY13_SEQ_02__self__SELF_CANON_TALDO1_0216_0230__s1/eps4/full.stdout.txt
self,SELF_CANON_TALDO1_0216_0230,ubuntu@sha256:2edbbc5dc405e9612ba3584ce95480277e3eb374407b5505fe26f17df77c7dbc,12930280,transient_deleted_after_checksum_and_sampling,2938f2bfec7d7e22bc68d78b2ddbb5fcb11d0e2024744ca8f9a1d144df8d8b2d,0,hla_only,raw_calculations/apbs/HY13_SEQ_02/HY13_SEQ_02__self__SELF_CANON_TALDO1_0216_0230__s1/eps4/hla_only.in,34b2b24f2d077fdda66df16ee39e02d0b22c70f0bdb89274e3ddf0c89611ffa4,HY13_SEQ_02__self__SELF_CANON_TALDO1_0216_0230__s1,HY13_SEQ_02,1,4.0,complete,raw_calculations/apbs/HY13_SEQ_02/HY13_SEQ_02__self__SELF_CANON_TALDO1_0216_0230__s1/eps4/hla_only.stderr.txt,raw_calculations/apbs/HY13_SEQ_02/HY13_SEQ_02__self__SELF_CANON_TALDO1_0216_0230__s1/eps4/hla_only.stdout.txt
self,SELF_CANON_TALDO1_0216_0230,ubuntu@sha256:2edbbc5dc405e9612ba3584ce95480277e3eb374407b5505fe26f17df77c7dbc,12739191,transient_deleted_after_checksum_and_sampling,9ed4eb592f060198d819589821ec0a6586136b41864f937ece8cab89371689ed,0,full,raw_calculations/apbs/HY13_SEQ_02/HY13_SEQ_02__self__SELF_CANON_TALDO1_0216_0230__s1/eps8/full.in,83b0173a68d7f57791ecfff4b1c02d1e3d93d47e8242d0abcea1ace56cc4c46a,HY13_SEQ_02__self__SELF_CANON_TALDO1_0216_0230__s1,HY13_SEQ_02,1,8.0,complete,raw_calculations/apbs/HY13_SEQ_02/HY13_SEQ_02__self__SELF_CANON_TALDO1_0216_0230__s1/eps8/full.stderr.txt,raw_calculations/apbs/HY13_SEQ_02/HY13_SEQ_02__self__SELF_CANON_TALDO1_0216_0230__s1/eps8/full.stdout.txt
self,SELF_CANON_TALDO1_0216_0230,ubuntu@sha256:2edbbc5dc405e9612ba3584ce95480277e3eb374407b5505fe26f17df77c7dbc,12940517,transient_deleted_after_checksum_and_sampling,f9064f63c3127ad8069d58745b6dceb6444db571b7b9c7c3d565d2c799fe47e1,0,hla_only,raw_calculations/apbs/HY13_SEQ_02/HY13_SEQ_02__self__SELF_CANON_TALDO1_0216_0230__s1/eps8/hla_only.in,f7acbbf2028f5c8d56d8b83a36a18d175da6d8f38d51c43ff38f23f5a70d6184,HY13_SEQ_02__self__SELF_CANON_TALDO1_0216_0230__s1,HY13_SEQ_02,1,8.0,complete,raw_calculations/apbs/HY13_SEQ_02/HY13_SEQ_02__self__SELF_CANON_TALDO1_0216_0230__s1/eps8/hla_only.stderr.txt,raw_calculations/apbs/HY13_SEQ_02/HY13_SEQ_02__self__SELF_CANON_TALDO1_0216_0230__s1/eps8/hla_only.stdout.txt
self,SELF_CANON_TALDO1_0216_0230,ubuntu@sha256:2edbbc5dc405e9612ba3584ce95480277e3eb374407b5505fe26f17df77c7dbc,12829299,transient_deleted_after_checksum_and_sampling,2db83146c2f5663a26975a2870f5399a11e4918b65ee912daa051fffefb7070a,0,full,raw_calculations/apbs/HY13_SEQ_02/HY13_SEQ_02__self__SELF_CANON_TALDO1_0216_0230__s2/eps2/full.in,2e8f7b934c52b2947839b534ae4fe2c6cb80541ff216234e3d233f125440e25b,HY13_SEQ_02__self__SELF_CANON_TALDO1_0216_0230__s2,HY13_SEQ_02,2,2.0,complete,raw_calculations/apbs/HY13_SEQ_02/HY13_SEQ_02__self__SELF_CANON_TALDO1_0216_0230__s2/eps2/full.stderr.txt,raw_calculations/apbs/HY13_SEQ_02/HY13_SEQ_02__self__SELF_CANON_TALDO1_0216_0230__s2/eps2/full.stdout.txt
self,SELF_CANON_TALDO1_0216_0230,ubuntu@sha256:2edbbc5dc405e9612ba3584ce95480277e3eb374407b5505fe26f17df77c7dbc,12878088,transient_deleted_after_checksum_and_sampling,db6ef0834457fbdcb2e789e9956b36b24390693db761d7840719f2c69eef9475,0,hla_only,raw_calculations/apbs/HY13_SEQ_02/HY13_SEQ_02__self__SELF_CANON_TALDO1_0216_0230__s2/eps2/hla_only.in,77aaef7f97cdfc75ae594c2860f0f2fcbf3ded13b6ec71cfd0d33add0085e991,HY13_SEQ_02__self__SELF_CANON_TALDO1_0216_0230__s2,HY13_SEQ_02,2,2.0,complete,raw_calculations/apbs/HY13_SEQ_02/HY13_SEQ_02__self__SELF_CANON_TALDO1_0216_0230__s2/eps2/hla_only.stderr.txt,raw_calculations/apbs/HY13_SEQ_02/HY13_SEQ_02__self__SELF_CANON_TALDO1_0216_0230__s2/eps2/hla_only.stdout.txt
self,SELF_CANON_TALDO1_0216_0230,ubuntu@sha256:2edbbc5dc405e9612ba3584ce95480277e3eb374407b5505fe26f17df77c7dbc,12837411,transient_deleted_after_checksum_and_sampling,9dbeef81cbc8dede7d0925b74d8ff3a18d2aa820369724e5bcb7fbaa8f185ebc,0,full,raw_calculations/apbs/HY13_SEQ_02/HY13_SEQ_02__self__SELF_CANON_TALDO1_0216_0230__s2/eps4/full.in,8a400af6588a90fe807ba1907640c96f201aa1c02aa72283dfce38155c0d7792,HY13_SEQ_02__self__SELF_CANON_TALDO1_0216_0230__s2,HY13_SEQ_02,2,4.0,complete,raw_calculations/apbs/HY13_SEQ_02/HY13_SEQ_02__self__SELF_CANON_TALDO1_0216_0230__s2/eps4/full.stderr.txt,raw_calculations/apbs/HY13_SEQ_02/HY13_SEQ_02__self__SELF_CANON_TALDO1_0216_0230__s2/eps4/full.stdout.txt
self,SELF_CANON_TALDO1_0216_0230,ubuntu@sha256:2edbbc5dc405e9612ba3584ce95480277e3eb374407b5505fe26f17df77c7dbc,12885928,transient_deleted_after_checksum_and_sampling,a82a333aed1dc59bcf29b8b6440ab87d822dd5b24c0db652efa10a7d7023293d,0,hla_only,raw_calculations/apbs/HY13_SEQ_02/HY13_SEQ_02__self__SELF_CANON_TALDO1_0216_0230__s2/eps4/hla_only.in,856e56a7678f998a5d19f8e4590ea50ea7e526bb35035fb5d92cbaeb29101943,HY13_SEQ_02__self__SELF_CANON_TALDO1_0216_0230__s2,HY13_SEQ_02,2,4.0,complete,raw_calculations/apbs/HY13_SEQ_02/HY13_SEQ_02__self__SELF_CANON_TALDO1_0216_0230__s2/eps4/hla_only.stderr.txt,raw_calculations/apbs/HY13_SEQ_02/HY13_SEQ_02__self__SELF_CANON_TALDO1_0216_0230__s2/eps4/hla_only.stdout.txt
self,SELF_CANON_TALDO1_0216_0230,ubuntu@sha256:2edbbc5dc405e9612ba3584ce95480277e3eb374407b5505fe26f17df77c7dbc,12848715,transient_deleted_after_checksum_and_sampling,945bcd81fdb2faa2b685e25819e6b501f53aad76102da5c9591c535ca6ea4f9c,0,full,raw_calculations/apbs/HY13_SEQ_02/HY13_SEQ_02__self__SELF_CANON_TALDO1_0216_0230__s2/eps8/full.in,583897d475e23e8d4166532cb4a52bca1055ce3ba9b4c7bcaa91aeb5dfdb80ae,HY13_SEQ_02__self__SELF_CANON_TALDO1_0216_0230__s2,HY13_SEQ_02,2,8.0,complete,raw_calculations/apbs/HY13_SEQ_02/HY13_SEQ_02__self__SELF_CANON_TALDO1_0216_0230__s2/eps8/full.stderr.txt,raw_calculations/apbs/HY13_SEQ_02/HY13_SEQ_02__self__SELF_CANON_TALDO1_0216_0230__s2/eps8/full.stdout.txt
self,SELF_CANON_TALDO1_0216_0230,ubuntu@sha256:2edbbc5dc405e9612ba3584ce95480277e3eb374407b5505fe26f17df77c7dbc,12897942,transient_deleted_after_checksum_and_sampling,d0d8303a4343bb04746f10cd07dc2e844ff9417d05a2d8457042dbbf5a791076,0,hla_only,raw_calculations/apbs/HY13_SEQ_02/HY13_SEQ_02__self__SELF_CANON_TALDO1_0216_0230__s2/eps8/hla_only.in,122f8f31d06048adb0cc1b25096a9e16d6b49d569cfcfe720fbd9591c09800ff,HY13_SEQ_02__self__SELF_CANON_TALDO1_0216_0230__s2,HY13_SEQ_02,2,8.0,complete,raw_calculations/apbs/HY13_SEQ_02/HY13_SEQ_02__self__SELF_CANON_TALDO1_0216_0230__s2/eps8/hla_only.stderr.txt,raw_calculations/apbs/HY13_SEQ_02/HY13_SEQ_02__self__SELF_CANON_TALDO1_0216_0230__s2/eps8/hla_only.stdout.txt
self,SELF_CANON_TALDO1_0216_0230,ubuntu@sha256:2edbbc5dc405e9612ba3584ce95480277e3eb374407b5505fe26f17df77c7dbc,12794807,transient_deleted_after_checksum_and_sampling,cd9d8d3894f5d9a9c6e68a12d1b7597da42943183828c9b2a1280592eb5d1538,0,full,raw_calculations/apbs/HY13_SEQ_02/HY13_SEQ_02__self__SELF_CANON_TALDO1_0216_0230__s3/eps2/full.in,ccb3ea651fa270c78b5ddbf43ee75b5765bd201d3fb8bcee6abff2923e394fb0,HY13_SEQ_02__self__SELF_CANON_TALDO1_0216_0230__s3,HY13_SEQ_02,3,2.0,complete,raw_calculations/apbs/HY13_SEQ_02/HY13_SEQ_02__self__SELF_CANON_TALDO1_0216_0230__s3/eps2/full.stderr.txt,raw_calculations/apbs/HY13_SEQ_02/HY13_SEQ_02__self__SELF_CANON_TALDO1_0216_0230__s3/eps2/full.stdout.txt
self,SELF_CANON_TALDO1_0216_0230,ubuntu@sha256:2edbbc5dc405e9612ba3584ce95480277e3eb374407b5505fe26f17df77c7dbc,12900459,transient_deleted_after_checksum_and_sampling,d01f896324913ac1f5dc1c23e6d63986de601e2cabe2d7398fb43061dddf37dc,0,hla_only,raw_calculations/apbs/HY13_SEQ_02/HY13_SEQ_02__self__SELF_CANON_TALDO1_0216_0230__s3/eps2/hla_only.in,ec839141fa6103403dbe85fcb32a2d6d8b3aad9f02bce8c9529cc19592397538,HY13_SEQ_02__self__SELF_CANON_TALDO1_0216_0230__s3,HY13_SEQ_02,3,2.0,complete,raw_calculations/apbs/HY13_SEQ_02/HY13_SEQ_02__self__SELF_CANON_TALDO1_0216_0230__s3/eps2/hla_only.stderr.txt,raw_calculations/apbs/HY13_SEQ_02/HY13_SEQ_02__self__SELF_CANON_TALDO1_0216_0230__s3/eps2/hla_only.stdout.txt
self,SELF_CANON_TALDO1_0216_0230,ubuntu@sha256:2edbbc5dc405e9612ba3584ce95480277e3eb374407b5505fe26f17df77c7dbc,12799189,transient_deleted_after_checksum_and_sampling,c9e8f768b15ca6f3e78bd3c47611da7bd607a07ac7ec57e8c511385e02c58cc9,0,full,raw_calculations/apbs/HY13_SEQ_02/HY13_SEQ_02__self__SELF_CANON_TALDO1_0216_0230__s3/eps4/full.in,c9e20eebf9006c8ea0943862e88d0b2d4452344d043abf48c0e5cd1827eeee5c,HY13_SEQ_02__self__SELF_CANON_TALDO1_0216_0230__s3,HY13_SEQ_02,3,4.0,complete,raw_calculations/apbs/HY13_SEQ_02/HY13_SEQ_02__self__SELF_CANON_TALDO1_0216_0230__s3/eps4/full.stderr.txt,raw_calculations/apbs/HY13_SEQ_02/HY13_SEQ_02__self__SELF_CANON_TALDO1_0216_0230__s3/eps4/full.stdout.txt
self,SELF_CANON_TALDO1_0216_0230,ubuntu@sha256:2edbbc5dc405e9612ba3584ce95480277e3eb374407b5505fe26f17df77c7dbc,12906872,transient_deleted_after_checksum_and_sampling,1776ee9dcfeeee0fde4c74cf982a2b3036409b4595a07bb0b4add3a495af64be,0,hla_only,raw_calculations/apbs/HY13_SEQ_02/HY13_SEQ_02__self__SELF_CANON_TALDO1_0216_0230__s3/eps4/hla_only.in,22db767c77b01788493e8392ccf2e5b5d408ab571a79fecf9533700cbeff515e,HY13_SEQ_02__self__SELF_CANON_TALDO1_0216_0230__s3,HY13_SEQ_02,3,4.0,complete,raw_calculations/apbs/HY13_SEQ_02/HY13_SEQ_02__self__SELF_CANON_TALDO1_0216_0230__s3/eps4/hla_only.stderr.txt,raw_calculations/apbs/HY13_SEQ_02/HY13_SEQ_02__self__SELF_CANON_TALDO1_0216_0230__s3/eps4/hla_only.stdout.txt
self,SELF_CANON_TALDO1_0216_0230,ubuntu@sha256:2edbbc5dc405e9612ba3584ce95480277e3eb374407b5505fe26f17df77c7dbc,12805784,transient_deleted_after_checksum_and_sampling,09e7a3546d53949a99ef842d06393c0a42e02bb5902715d58d3533069531c9f4,0,full,raw_calculations/apbs/HY13_SEQ_02/HY13_SEQ_02__self__SELF_CANON_TALDO1_0216_0230__s3/eps8/full.in,2c1b31746f516414fad7b9f60fcde5332ccf199ee0bc1a4d39d7828c0a64927b,HY13_SEQ_02__self__SELF_CANON_TALDO1_0216_0230__s3,HY13_SEQ_02,3,8.0,complete,raw_calculations/apbs/HY13_SEQ_02/HY13_SEQ_02__self__SELF_CANON_TALDO1_0216_0230__s3/eps8/full.stderr.txt,raw_calculations/apbs/HY13_SEQ_02/HY13_SEQ_02__self__SELF_CANON_TALDO1_0216_0230__s3/eps8/full.stdout.txt
self,SELF_CANON_TALDO1_0216_0230,ubuntu@sha256:2edbbc5dc405e9612ba3584ce95480277e3eb374407b5505fe26f17df77c7dbc,12916480,transient_deleted_after_checksum_and_sampling,0bdad7d9f9637fd362dfeabeae95b82d93220a0db3c48c00bf0375f4bab461cd,0,hla_only,raw_calculations/apbs/HY13_SEQ_02/HY13_SEQ_02__self__SELF_CANON_TALDO1_0216_0230__s3/eps8/hla_only.in,3ee44499c9e801e16d0e51eef19b57976770b0db17b6f92e1c55bf8e2b6b97e0,HY13_SEQ_02__self__SELF_CANON_TALDO1_0216_0230__s3,HY13_SEQ_02,3,8.0,complete,raw_calculations/apbs/HY13_SEQ_02/HY13_SEQ_02__self__SELF_CANON_TALDO1_0216_0230__s3/eps8/hla_only.stderr.txt,raw_calculations/apbs/HY13_SEQ_02/HY13_SEQ_02__self__SELF_CANON_TALDO1_0216_0230__s3/eps8/hla_only.stdout.txt
self,SELF_CANON_TALDO1_0216_0230,ubuntu@sha256:2edbbc5dc405e9612ba3584ce95480277e3eb374407b5505fe26f17df77c7dbc,12756891,transient_deleted_after_checksum_and_sampling,5975755b9772fcb618d96b99c55853e12e570ae8ee6411cb4b2c05a067468d04,0,full,raw_calculations/apbs/HY13_SEQ_02/HY13_SEQ_02__self__SELF_CANON_TALDO1_0216_0230__s4/eps2/full.in,9d34b5cf30db7325aeb721055cec3fbaa1242f8a2f5772d0fd390aa6950d33b3,HY13_SEQ_02__self__SELF_CANON_TALDO1_0216_0230__s4,HY13_SEQ_02,4,2.0,complete,raw_calculations/apbs/HY13_SEQ_02/HY13_SEQ_02__self__SELF_CANON_TALDO1_0216_0230__s4/eps2/full.stderr.txt,raw_calculations/apbs/HY13_SEQ_02/HY13_SEQ_02__self__SELF_CANON_TALDO1_0216_0230__s4/eps2/full.stdout.txt
self,SELF_CANON_TALDO1_0216_0230,ubuntu@sha256:2edbbc5dc405e9612ba3584ce95480277e3eb374407b5505fe26f17df77c7dbc,12907252,transient_deleted_after_checksum_and_sampling,10d50ec7ab971a0f2ab749bb84107ff811a9233ed87969d7febbecae08c43dbc,0,hla_only,raw_calculations/apbs/HY13_SEQ_02/HY13_SEQ_02__self__SELF_CANON_TALDO1_0216_0230__s4/eps2/hla_only.in,0c81e3dcccb03582565fa6fd32909cd51897be4dfb1f6f751afcf5c254c8e0cb,HY13_SEQ_02__self__SELF_CANON_TALDO1_0216_0230__s4,HY13_SEQ_02,4,2.0,complete,raw_calculations/apbs/HY13_SEQ_02/HY13_SEQ_02__self__SELF_CANON_TALDO1_0216_0230__s4/eps2/hla_only.stderr.txt,raw_calculations/apbs/HY13_SEQ_02/HY13_SEQ_02__self__SELF_CANON_TALDO1_0216_0230__s4/eps2/hla_only.stdout.txt
self,SELF_CANON_TALDO1_0216_0230,ubuntu@sha256:2edbbc5dc405e9612ba3584ce95480277e3eb374407b5505fe26f17df77c7dbc,12762917,transient_deleted_after_checksum_and_sampling,10a9ce8ab9060a9b3e4fd185d801d5cad06a95fca0c8e74e8d8eba5dd0273351,0,full,raw_calculations/apbs/HY13_SEQ_02/HY13_SEQ_02__self__SELF_CANON_TALDO1_0216_0230__s4/eps4/full.in,6eeed4dfea43f0d1cd8fce36d2f758901db1b788f2f077fc630bedb194dce43b,HY13_SEQ_02__self__SELF_CANON_TALDO1_0216_0230__s4,HY13_SEQ_02,4,4.0,complete,raw_calculations/apbs/HY13_SEQ_02/HY13_SEQ_02__self__SELF_CANON_TALDO1_0216_0230__s4/eps4/full.stderr.txt,raw_calculations/apbs/HY13_SEQ_02/HY13_SEQ_02__self__SELF_CANON_TALDO1_0216_0230__s4/eps4/full.stdout.txt
self,SELF_CANON_TALDO1_0216_0230,ubuntu@sha256:2edbbc5dc405e9612ba3584ce95480277e3eb374407b5505fe26f17df77c7dbc,12914967,transient_deleted_after_checksum_and_sampling,3b928167b95b65912e6281b76dac37320db5fa60149dc80862cc4bde10abb399,0,hla_only,raw_calculations/apbs/HY13_SEQ_02/HY13_SEQ_02__self__SELF_CANON_TALDO1_0216_0230__s4/eps4/hla_only.in,a537ae1bb73db22322237bed33cf46755ffae08b9ad7aaca5a31ef5f402d102a,HY13_SEQ_02__self__SELF_CANON_TALDO1_0216_0230__s4,HY13_SEQ_02,4,4.0,complete,raw_calculations/apbs/HY13_SEQ_02/HY13_SEQ_02__self__SELF_CANON_TALDO1_0216_0230__s4/eps4/hla_only.stderr.txt,raw_calculations/apbs/HY13_SEQ_02/HY13_SEQ_02__self__SELF_CANON_TALDO1_0216_0230__s4/eps4/hla_only.stdout.txt
self,SELF_CANON_TALDO1_0216_0230,ubuntu@sha256:2edbbc5dc405e9612ba3584ce95480277e3eb374407b5505fe26f17df77c7dbc,12772770,transient_deleted_after_checksum_and_sampling,222d18ab6f4078bc30e61869481d8454a5ccbd4b257748ce7b74f151c3d710d8,0,full,raw_calculations/apbs/HY13_SEQ_02/HY13_SEQ_02__self__SELF_CANON_TALDO1_0216_0230__s4/eps8/full.in,32be47cdfc2e383748133dba1312b73f421d90f9bfb2e3ab15c26723d794b083,HY13_SEQ_02__self__SELF_CANON_TALDO1_0216_0230__s4,HY13_SEQ_02,4,8.0,complete,raw_calculations/apbs/HY13_SEQ_02/HY13_SEQ_02__self__SELF_CANON_TALDO1_0216_0230__s4/eps8/full.stderr.txt,raw_calculations/apbs/HY13_SEQ_02/HY13_SEQ_02__self__SELF_CANON_TALDO1_0216_0230__s4/eps8/full.stdout.txt
self,SELF_CANON_TALDO1_0216_0230,ubuntu@sha256:2edbbc5dc405e9612ba3584ce95480277e3eb374407b5505fe26f17df77c7dbc,12926131,transient_deleted_after_checksum_and_sampling,79d7c9f4c4ffde9ddeaee3dcdad07f83de878e1d8048a8126617736a116afa87,0,hla_only,raw_calculations/apbs/HY13_SEQ_02/HY13_SEQ_02__self__SELF_CANON_TALDO1_0216_0230__s4/eps8/hla_only.in,c8ce526353f8a4e88d07aca75fb61e9ac37c630330746ef88c7cf84efa35a74e,HY13_SEQ_02__self__SELF_CANON_TALDO1_0216_0230__s4,HY13_SEQ_02,4,8.0,complete,raw_calculations/apbs/HY13_SEQ_02/HY13_SEQ_02__self__SELF_CANON_TALDO1_0216_0230__s4/eps8/hla_only.stderr.txt,raw_calculations/apbs/HY13_SEQ_02/HY13_SEQ_02__self__SELF_CANON_TALDO1_0216_0230__s4/eps8/hla_only.stdout.txt
self,SELF_IEDB_18eebcfe8ed0,ubuntu@sha256:2edbbc5dc405e9612ba3584ce95480277e3eb374407b5505fe26f17df77c7dbc,12836672,transient_deleted_after_checksum_and_sampling,55731846af84dc2507a15fb9925cc26392446771657bef69211355bf95c7d565,0,full,raw_calculations/apbs/HY13_SEQ_02/HY13_SEQ_02__self__SELF_IEDB_18eebcfe8ed0__s0/eps2/full.in,4655e2d2eb314b1543b365ad20e944dd15c857da87be0c9311b41a3c5d44c0dd,HY13_SEQ_02__self__SELF_IEDB_18eebcfe8ed0__s0,HY13_SEQ_02,0,2.0,complete,raw_calculations/apbs/HY13_SEQ_02/HY13_SEQ_02__self__SELF_IEDB_18eebcfe8ed0__s0/eps2/full.stderr.txt,raw_calculations/apbs/HY13_SEQ_02/HY13_SEQ_02__self__SELF_IEDB_18eebcfe8ed0__s0/eps2/full.stdout.txt
self,SELF_IEDB_18eebcfe8ed0,ubuntu@sha256:2edbbc5dc405e9612ba3584ce95480277e3eb374407b5505fe26f17df77c7dbc,12911225,transient_deleted_after_checksum_and_sampling,114db09be9389375bde1f19cca968be814d7db68142702db8c47df6360e04ed7,0,hla_only,raw_calculations/apbs/HY13_SEQ_02/HY13_SEQ_02__self__SELF_IEDB_18eebcfe8ed0__s0/eps2/hla_only.in,59f462e4fdbb108530e60c0231251dd077dd150a1d43325e95d22bb8f5a7710d,HY13_SEQ_02__self__SELF_IEDB_18eebcfe8ed0__s0,HY13_SEQ_02,0,2.0,complete,raw_calculations/apbs/HY13_SEQ_02/HY13_SEQ_02__self__SELF_IEDB_18eebcfe8ed0__s0/eps2/hla_only.stderr.txt,raw_calculations/apbs/HY13_SEQ_02/HY13_SEQ_02__self__SELF_IEDB_18eebcfe8ed0__s0/eps2/hla_only.stdout.txt
self,SELF_IEDB_18eebcfe8ed0,ubuntu@sha256:2edbbc5dc405e9612ba3584ce95480277e3eb374407b5505fe26f17df77c7dbc,12842404,transient_deleted_after_checksum_and_sampling,cd2cc0c4232b1c11b5750bfba836d979d61995a7c602d365cab383b9d983b5ff,0,full,raw_calculations/apbs/HY13_SEQ_02/HY13_SEQ_02__self__SELF_IEDB_18eebcfe8ed0__s0/eps4/full.in,296ba289389d08ac67ae9d1547fc07747811a041ad73a39f8f08ab27531c3435,HY13_SEQ_02__self__SELF_IEDB_18eebcfe8ed0__s0,HY13_SEQ_02,0,4.0,complete,raw_calculations/apbs/HY13_SEQ_02/HY13_SEQ_02__self__SELF_IEDB_18eebcfe8ed0__s0/eps4/full.stderr.txt,raw_calculations/apbs/HY13_SEQ_02/HY13_SEQ_02__self__SELF_IEDB_18eebcfe8ed0__s0/eps4/full.stdout.txt
self,SELF_IEDB_18eebcfe8ed0,ubuntu@sha256:2edbbc5dc405e9612ba3584ce95480277e3eb374407b5505fe26f17df77c7dbc,12917799,transient_deleted_after_checksum_and_sampling,4bbf9d8669f57519dc169343a1955961879f6668a0fb70955644d75a4e8abd50,0,hla_only,raw_calculations/apbs/HY13_SEQ_02/HY13_SEQ_02__self__SELF_IEDB_18eebcfe8ed0__s0/eps4/hla_only.in,866c5f24ce4e633694e104f304ee7a4a4754ce9a037b2d1686c83cf034126a69,HY13_SEQ_02__self__SELF_IEDB_18eebcfe8ed0__s0,HY13_SEQ_02,0,4.0,complete,raw_calculations/apbs/HY13_SEQ_02/HY13_SEQ_02__self__SELF_IEDB_18eebcfe8ed0__s0/eps4/hla_only.stderr.txt,raw_calculations/apbs/HY13_SEQ_02/HY13_SEQ_02__self__SELF_IEDB_18eebcfe8ed0__s0/eps4/hla_only.stdout.txt
self,SELF_IEDB_18eebcfe8ed0,ubuntu@sha256:2edbbc5dc405e9612ba3584ce95480277e3eb374407b5505fe26f17df77c7dbc,12851348,transient_deleted_after_checksum_and_sampling,a671545ae9e00cba47eda9142c9a323686e304fbc4cc9a74e141917bd0d41a7a,0,full,raw_calculations/apbs/HY13_SEQ_02/HY13_SEQ_02__self__SELF_IEDB_18eebcfe8ed0__s0/eps8/full.in,70b08d49dd15c960dbb975713166bcaf0ad8c93fedf18804223d016ae701b1e8,HY13_SEQ_02__self__SELF_IEDB_18eebcfe8ed0__s0,HY13_SEQ_02,0,8.0,complete,raw_calculations/apbs/HY13_SEQ_02/HY13_SEQ_02__self__SELF_IEDB_18eebcfe8ed0__s0/eps8/full.stderr.txt,raw_calculations/apbs/HY13_SEQ_02/HY13_SEQ_02__self__SELF_IEDB_18eebcfe8ed0__s0/eps8/full.stdout.txt
self,SELF_IEDB_18eebcfe8ed0,ubuntu@sha256:2edbbc5dc405e9612ba3584ce95480277e3eb374407b5505fe26f17df77c7dbc,12927441,transient_deleted_after_checksum_and_sampling,a887174a74fa9727876a01d38e1f7bbaaa5241c48a87fe5dbb307a302d26901f,0,hla_only,raw_calculations/apbs/HY13_SEQ_02/HY13_SEQ_02__self__SELF_IEDB_18eebcfe8ed0__s0/eps8/hla_only.in,f51e9312c4cdda81b193b19cede9c2ea5ad327441b576a61ceb46251e36e7185,HY13_SEQ_02__self__SELF_IEDB_18eebcfe8ed0__s0,HY13_SEQ_02,0,8.0,complete,raw_calculations/apbs/HY13_SEQ_02/HY13_SEQ_02__self__SELF_IEDB_18eebcfe8ed0__s0/eps8/hla_only.stderr.txt,raw_calculations/apbs/HY13_SEQ_02/HY13_SEQ_02__self__SELF_IEDB_18eebcfe8ed0__s0/eps8/hla_only.stdout.txt
self,SELF_IEDB_18eebcfe8ed0,ubuntu@sha256:2edbbc5dc405e9612ba3584ce95480277e3eb374407b5505fe26f17df77c7dbc,12880833,transient_deleted_after_checksum_and_sampling,9b4fed7de194f90c4e9027f0e5c4948f83d9f8edc03fe515f21a7a4391127c9a,0,full,raw_calculations/apbs/HY13_SEQ_02/HY13_SEQ_02__self__SELF_IEDB_18eebcfe8ed0__s1/eps2/full.in,89c676bae1173bd2c6675bfd78a29c139ab2a930ec34a418189e59a6caa6b08d,HY13_SEQ_02__self__SELF_IEDB_18eebcfe8ed0__s1,HY13_SEQ_02,1,2.0,complete,raw_calculations/apbs/HY13_SEQ_02/HY13_SEQ_02__self__SELF_IEDB_18eebcfe8ed0__s1/eps2/full.stderr.txt,raw_calculations/apbs/HY13_SEQ_02/HY13_SEQ_02__self__SELF_IEDB_18eebcfe8ed0__s1/eps2/full.stdout.txt
self,SELF_IEDB_18eebcfe8ed0,ubuntu@sha256:2edbbc5dc405e9612ba3584ce95480277e3eb374407b5505fe26f17df77c7dbc,12911122,transient_deleted_after_checksum_and_sampling,796bff91780adc63641671da6423f23c352b9c372f7caff0fa588a6de5a5139f,0,hla_only,raw_calculations/apbs/HY13_SEQ_02/HY13_SEQ_02__self__SELF_IEDB_18eebcfe8ed0__s1/eps2/hla_only.in,f7be0bca3f3620c780b70e142badd56f24029d9774a1f8cd4058ec419d1730b9,HY13_SEQ_02__self__SELF_IEDB_18eebcfe8ed0__s1,HY13_SEQ_02,1,2.0,complete,raw_calculations/apbs/HY13_SEQ_02/HY13_SEQ_02__self__SELF_IEDB_18eebcfe8ed0__s1/eps2/hla_only.stderr.txt,raw_calculations/apbs/HY13_SEQ_02/HY13_SEQ_02__self__SELF_IEDB_18eebcfe8ed0__s1/eps2/hla_only.stdout.txt
self,SELF_IEDB_18eebcfe8ed0,ubuntu@sha256:2edbbc5dc405e9612ba3584ce95480277e3eb374407b5505fe26f17df77c7dbc,12886605,transient_deleted_after_checksum_and_sampling,4a887909f83fcd31c6af518a10af66a32053dda1ab7ae1685c7c01953193b48c,0,full,raw_calculations/apbs/HY13_SEQ_02/HY13_SEQ_02__self__SELF_IEDB_18eebcfe8ed0__s1/eps4/full.in,220deefc41bda863a0a0519a19af0459633229064657d99b1e4e0d04517382aa,HY13_SEQ_02__self__SELF_IEDB_18eebcfe8ed0__s1,HY13_SEQ_02,1,4.0,complete,raw_calculations/apbs/HY13_SEQ_02/HY13_SEQ_02__self__SELF_IEDB_18eebcfe8ed0__s1/eps4/full.stderr.txt,raw_calculations/apbs/HY13_SEQ_02/HY13_SEQ_02__self__SELF_IEDB_18eebcfe8ed0__s1/eps4/full.stdout.txt
self,SELF_IEDB_18eebcfe8ed0,ubuntu@sha256:2edbbc5dc405e9612ba3584ce95480277e3eb374407b5505fe26f17df77c7dbc,12917230,transient_deleted_after_checksum_and_sampling,220dd1d80e616fec83204ca8faf10290568ac26fb28d69c89df9c47ae8445a3a,0,hla_only,raw_calculations/apbs/HY13_SEQ_02/HY13_SEQ_02__self__SELF_IEDB_18eebcfe8ed0__s1/eps4/hla_only.in,fbd9947b69d8c8e71dce95691585be8fcf0be6b480905f185482a3de1d77f761,HY13_SEQ_02__self__SELF_IEDB_18eebcfe8ed0__s1,HY13_SEQ_02,1,4.0,complete,raw_calculations/apbs/HY13_SEQ_02/HY13_SEQ_02__self__SELF_IEDB_18eebcfe8ed0__s1/eps4/hla_only.stderr.txt,raw_calculations/apbs/HY13_SEQ_02/HY13_SEQ_02__self__SELF_IEDB_18eebcfe8ed0__s1/eps4/hla_only.stdout.txt
self,SELF_IEDB_18eebcfe8ed0,ubuntu@sha256:2edbbc5dc405e9612ba3584ce95480277e3eb374407b5505fe26f17df77c7dbc,12895642,transient_deleted_after_checksum_and_sampling,a375171e5d9cfae25a753110a5ad2e8ffc60a827a5ad533dd71638c07835cf4d,0,full,raw_calculations/apbs/HY13_SEQ_02/HY13_SEQ_02__self__SELF_IEDB_18eebcfe8ed0__s1/eps8/full.in,2c83521df2ac9e189335e3de762e9c682c72f01756b9546ba193706737a0e7c1,HY13_SEQ_02__self__SELF_IEDB_18eebcfe8ed0__s1,HY13_SEQ_02,1,8.0,complete,raw_calculations/apbs/HY13_SEQ_02/HY13_SEQ_02__self__SELF_IEDB_18eebcfe8ed0__s1/eps8/full.stderr.txt,raw_calculations/apbs/HY13_SEQ_02/HY13_SEQ_02__self__SELF_IEDB_18eebcfe8ed0__s1/eps8/full.stdout.txt
self,SELF_IEDB_18eebcfe8ed0,ubuntu@sha256:2edbbc5dc405e9612ba3584ce95480277e3eb374407b5505fe26f17df77c7dbc,12926500,transient_deleted_after_checksum_and_sampling,19fcaf2d065a880751f9dfafe6484878d16c0be9809e6980661aff812ccda033,0,hla_only,raw_calculations/apbs/HY13_SEQ_02/HY13_SEQ_02__self__SELF_IEDB_18eebcfe8ed0__s1/eps8/hla_only.in,16c5677cccf1abc5a6700de241bc8d405329757f145bbaa936001c94639df54d,HY13_SEQ_02__self__SELF_IEDB_18eebcfe8ed0__s1,HY13_SEQ_02,1,8.0,complete,raw_calculations/apbs/HY13_SEQ_02/HY13_SEQ_02__self__SELF_IEDB_18eebcfe8ed0__s1/eps8/hla_only.stderr.txt,raw_calculations/apbs/HY13_SEQ_02/HY13_SEQ_02__self__SELF_IEDB_18eebcfe8ed0__s1/eps8/hla_only.stdout.txt
self,SELF_IEDB_18eebcfe8ed0,ubuntu@sha256:2edbbc5dc405e9612ba3584ce95480277e3eb374407b5505fe26f17df77c7dbc,12835486,transient_deleted_after_checksum_and_sampling,f406b42ec742bdbcb3ec50da795e82d471435876652e86aeec7d0b62137c2801,0,full,raw_calculations/apbs/HY13_SEQ_02/HY13_SEQ_02__self__SELF_IEDB_18eebcfe8ed0__s2/eps2/full.in,d4db3a71d350f59ae35981b606d07922bc20f972411005e7a800c7cfaac859f0,HY13_SEQ_02__self__SELF_IEDB_18eebcfe8ed0__s2,HY13_SEQ_02,2,2.0,complete,raw_calculations/apbs/HY13_SEQ_02/HY13_SEQ_02__self__SELF_IEDB_18eebcfe8ed0__s2/eps2/full.stderr.txt,raw_calculations/apbs/HY13_SEQ_02/HY13_SEQ_02__self__SELF_IEDB_18eebcfe8ed0__s2/eps2/full.stdout.txt
self,SELF_IEDB_18eebcfe8ed0,ubuntu@sha256:2edbbc5dc405e9612ba3584ce95480277e3eb374407b5505fe26f17df77c7dbc,12915050,transient_deleted_after_checksum_and_sampling,788bfb2c8de0eddc6073aeda2252ed2ddd9b4f45ee756d687d17180358a26c0e,0,hla_only,raw_calculations/apbs/HY13_SEQ_02/HY13_SEQ_02__self__SELF_IEDB_18eebcfe8ed0__s2/eps2/hla_only.in,52a644190a7f9ed791601c3ff696aadf5b516f389746f17122ab3190631cbb74,HY13_SEQ_02__self__SELF_IEDB_18eebcfe8ed0__s2,HY13_SEQ_02,2,2.0,complete,raw_calculations/apbs/HY13_SEQ_02/HY13_SEQ_02__self__SELF_IEDB_18eebcfe8ed0__s2/eps2/hla_only.stderr.txt,raw_calculations/apbs/HY13_SEQ_02/HY13_SEQ_02__self__SELF_IEDB_18eebcfe8ed0__s2/eps2/hla_only.stdout.txt
self,SELF_IEDB_18eebcfe8ed0,ubuntu@sha256:2edbbc5dc405e9612ba3584ce95480277e3eb374407b5505fe26f17df77c7dbc,12841257,transient_deleted_after_checksum_and_sampling,97c14f96aff2a1e92f31b596194d0a8eb4b7c243d401d27443ab554fd7864f28,0,full,raw_calculations/apbs/HY13_SEQ_02/HY13_SEQ_02__self__SELF_IEDB_18eebcfe8ed0__s2/eps4/full.in,c5e858198e6d95c7884064de20d35dd433274fb4e9fccf561d770879ac17acc2,HY13_SEQ_02__self__SELF_IEDB_18eebcfe8ed0__s2,HY13_SEQ_02,2,4.0,complete,raw_calculations/apbs/HY13_SEQ_02/HY13_SEQ_02__self__SELF_IEDB_18eebcfe8ed0__s2/eps4/full.stderr.txt,raw_calculations/apbs/HY13_SEQ_02/HY13_SEQ_02__self__SELF_IEDB_18eebcfe8ed0__s2/eps4/full.stdout.txt
self,SELF_IEDB_18eebcfe8ed0,ubuntu@sha256:2edbbc5dc405e9612ba3584ce95480277e3eb374407b5505fe26f17df77c7dbc,12921310,transient_deleted_after_checksum_and_sampling,7f80fba57befddda2fb44250ec4c4ae20ca9845f57d7249eb18329713285683c,0,hla_only,raw_calculations/apbs/HY13_SEQ_02/HY13_SEQ_02__self__SELF_IEDB_18eebcfe8ed0__s2/eps4/hla_only.in,b5e86f7ee2b12b6b4db3f1f651067dd29e6ee18a8ed3df07eecff44186a33e6e,HY13_SEQ_02__self__SELF_IEDB_18eebcfe8ed0__s2,HY13_SEQ_02,2,4.0,complete,raw_calculations/apbs/HY13_SEQ_02/HY13_SEQ_02__self__SELF_IEDB_18eebcfe8ed0__s2/eps4/hla_only.stderr.txt,raw_calculations/apbs/HY13_SEQ_02/HY13_SEQ_02__self__SELF_IEDB_18eebcfe8ed0__s2/eps4/hla_only.stdout.txt
self,SELF_IEDB_18eebcfe8ed0,ubuntu@sha256:2edbbc5dc405e9612ba3584ce95480277e3eb374407b5505fe26f17df77c7dbc,12849673,transient_deleted_after_checksum_and_sampling,b017a71675daac65aecf3f01eff1c6c27787108ac2459589f32e2b66d0870b25,0,full,raw_calculations/apbs/HY13_SEQ_02/HY13_SEQ_02__self__SELF_IEDB_18eebcfe8ed0__s2/eps8/full.in,759eea1b3721e3984299cef2321def88c657d5c6293915737ceb1fbc7aa386eb,HY13_SEQ_02__self__SELF_IEDB_18eebcfe8ed0__s2,HY13_SEQ_02,2,8.0,complete,raw_calculations/apbs/HY13_SEQ_02/HY13_SEQ_02__self__SELF_IEDB_18eebcfe8ed0__s2/eps8/full.stderr.txt,raw_calculations/apbs/HY13_SEQ_02/HY13_SEQ_02__self__SELF_IEDB_18eebcfe8ed0__s2/eps8/full.stdout.txt
self,SELF_IEDB_18eebcfe8ed0,ubuntu@sha256:2edbbc5dc405e9612ba3584ce95480277e3eb374407b5505fe26f17df77c7dbc,12930338,transient_deleted_after_checksum_and_sampling,62d836f4e1cd47eccea32586fe9999499009da8027a55f63b781bf89741e6b5e,0,hla_only,raw_calculations/apbs/HY13_SEQ_02/HY13_SEQ_02__self__SELF_IEDB_18eebcfe8ed0__s2/eps8/hla_only.in,951ca09ea9b7ec858b0c488e4ecc040115778091d66a0937d145f69630198726,HY13_SEQ_02__self__SELF_IEDB_18eebcfe8ed0__s2,HY13_SEQ_02,2,8.0,complete,raw_calculations/apbs/HY13_SEQ_02/HY13_SEQ_02__self__SELF_IEDB_18eebcfe8ed0__s2/eps8/hla_only.stderr.txt,raw_calculations/apbs/HY13_SEQ_02/HY13_SEQ_02__self__SELF_IEDB_18eebcfe8ed0__s2/eps8/hla_only.stdout.txt
self,SELF_IEDB_18eebcfe8ed0,ubuntu@sha256:2edbbc5dc405e9612ba3584ce95480277e3eb374407b5505fe26f17df77c7dbc,12856978,transient_deleted_after_checksum_and_sampling,d2eef3ea869fa44d9e9817b22520bbd51b32999fee3a0071e16e908ce1696cfa,0,full,raw_calculations/apbs/HY13_SEQ_02/HY13_SEQ_02__self__SELF_IEDB_18eebcfe8ed0__s3/eps2/full.in,41f29a7846317a82641294ecaa5fab514ed93a399c79ba438f609277cd24652c,HY13_SEQ_02__self__SELF_IEDB_18eebcfe8ed0__s3,HY13_SEQ_02,3,2.0,complete,raw_calculations/apbs/HY13_SEQ_02/HY13_SEQ_02__self__SELF_IEDB_18eebcfe8ed0__s3/eps2/full.stderr.txt,raw_calculations/apbs/HY13_SEQ_02/HY13_SEQ_02__self__SELF_IEDB_18eebcfe8ed0__s3/eps2/full.stdout.txt
self,SELF_IEDB_18eebcfe8ed0,ubuntu@sha256:2edbbc5dc405e9612ba3584ce95480277e3eb374407b5505fe26f17df77c7dbc,12905273,transient_deleted_after_checksum_and_sampling,65bd20c0bb100a6eed3a296caf995cbe875f90e62ffd065a14f7bc6f45209134,0,hla_only,raw_calculations/apbs/HY13_SEQ_02/HY13_SEQ_02__self__SELF_IEDB_18eebcfe8ed0__s3/eps2/hla_only.in,6166ccb5866a73b27ac31079c48f2d6eb8958f9bd1737c53a808ac6f337ce1b3,HY13_SEQ_02__self__SELF_IEDB_18eebcfe8ed0__s3,HY13_SEQ_02,3,2.0,complete,raw_calculations/apbs/HY13_SEQ_02/HY13_SEQ_02__self__SELF_IEDB_18eebcfe8ed0__s3/eps2/hla_only.stderr.txt,raw_calculations/apbs/HY13_SEQ_02/HY13_SEQ_02__self__SELF_IEDB_18eebcfe8ed0__s3/eps2/hla_only.stdout.txt
self,SELF_IEDB_18eebcfe8ed0,ubuntu@sha256:2edbbc5dc405e9612ba3584ce95480277e3eb374407b5505fe26f17df77c7dbc,12861927,transient_deleted_after_checksum_and_sampling,c4f4c642be30173ea80bbdc2ba2a1e0218df5a85f014d78b1dda933ea7e5099d,0,full,raw_calculations/apbs/HY13_SEQ_02/HY13_SEQ_02__self__SELF_IEDB_18eebcfe8ed0__s3/eps4/full.in,56dc1af5d054feeb5e794a144cf505ba6c9e57b1d0c72299f03175fabc92ba32,HY13_SEQ_02__self__SELF_IEDB_18eebcfe8ed0__s3,HY13_SEQ_02,3,4.0,complete,raw_calculations/apbs/HY13_SEQ_02/HY13_SEQ_02__self__SELF_IEDB_18eebcfe8ed0__s3/eps4/full.stderr.txt,raw_calculations/apbs/HY13_SEQ_02/HY13_SEQ_02__self__SELF_IEDB_18eebcfe8ed0__s3/eps4/full.stdout.txt
self,SELF_IEDB_18eebcfe8ed0,ubuntu@sha256:2edbbc5dc405e9612ba3584ce95480277e3eb374407b5505fe26f17df77c7dbc,12911846,transient_deleted_after_checksum_and_sampling,0fe84ffff0f882e428b6ca19cf9a8d864818377cd27e311e1c02c07cedf3f61d,0,hla_only,raw_calculations/apbs/HY13_SEQ_02/HY13_SEQ_02__self__SELF_IEDB_18eebcfe8ed0__s3/eps4/hla_only.in,fb196785f2084df5492e6847409ef8f59f9f452de23f2d989ad77c1871c95ebb,HY13_SEQ_02__self__SELF_IEDB_18eebcfe8ed0__s3,HY13_SEQ_02,3,4.0,complete,raw_calculations/apbs/HY13_SEQ_02/HY13_SEQ_02__self__SELF_IEDB_18eebcfe8ed0__s3/eps4/hla_only.stderr.txt,raw_calculations/apbs/HY13_SEQ_02/HY13_SEQ_02__self__SELF_IEDB_18eebcfe8ed0__s3/eps4/hla_only.stdout.txt
self,SELF_IEDB_18eebcfe8ed0,ubuntu@sha256:2edbbc5dc405e9612ba3584ce95480277e3eb374407b5505fe26f17df77c7dbc,12870077,transient_deleted_after_checksum_and_sampling,e157a30664adcd5a3deafc2a4db2d2c96d97550dcd821dd62a9aea4cee3f1f9a,0,full,raw_calculations/apbs/HY13_SEQ_02/HY13_SEQ_02__self__SELF_IEDB_18eebcfe8ed0__s3/eps8/full.in,0326d3ad6f6cb02c7bb9bae330fc67f6631edca0c76bd69f0e9a698c74ecce75,HY13_SEQ_02__self__SELF_IEDB_18eebcfe8ed0__s3,HY13_SEQ_02,3,8.0,complete,raw_calculations/apbs/HY13_SEQ_02/HY13_SEQ_02__self__SELF_IEDB_18eebcfe8ed0__s3/eps8/full.stderr.txt,raw_calculations/apbs/HY13_SEQ_02/HY13_SEQ_02__self__SELF_IEDB_18eebcfe8ed0__s3/eps8/full.stdout.txt
self,SELF_IEDB_18eebcfe8ed0,ubuntu@sha256:2edbbc5dc405e9612ba3584ce95480277e3eb374407b5505fe26f17df77c7dbc,12921982,transient_deleted_after_checksum_and_sampling,2476a1803dd5509484dac66b78724883b680d05ad1993cac2cc9dbcc99378c2e,0,hla_only,raw_calculations/apbs/HY13_SEQ_02/HY13_SEQ_02__self__SELF_IEDB_18eebcfe8ed0__s3/eps8/hla_only.in,9495f043895a9ed9f179f9ec02d3d8c16e680884124f0cff4890382268bfd053,HY13_SEQ_02__self__SELF_IEDB_18eebcfe8ed0__s3,HY13_SEQ_02,3,8.0,complete,raw_calculations/apbs/HY13_SEQ_02/HY13_SEQ_02__self__SELF_IEDB_18eebcfe8ed0__s3/eps8/hla_only.stderr.txt,raw_calculations/apbs/HY13_SEQ_02/HY13_SEQ_02__self__SELF_IEDB_18eebcfe8ed0__s3/eps8/hla_only.stdout.txt
self,SELF_IEDB_18eebcfe8ed0,ubuntu@sha256:2edbbc5dc405e9612ba3584ce95480277e3eb374407b5505fe26f17df77c7dbc,12874295,transient_deleted_after_checksum_and_sampling,1e28c23399c2108348a03c95b75dfa3c8554926d9f302274776efb480a0310e2,0,full,raw_calculations/apbs/HY13_SEQ_02/HY13_SEQ_02__self__SELF_IEDB_18eebcfe8ed0__s4/eps2/full.in,febf41b1ff1bda5dbed16fddb7935e38b65f3dff7289293e1fa75648f8f525f4,HY13_SEQ_02__self__SELF_IEDB_18eebcfe8ed0__s4,HY13_SEQ_02,4,2.0,complete,raw_calculations/apbs/HY13_SEQ_02/HY13_SEQ_02__self__SELF_IEDB_18eebcfe8ed0__s4/eps2/full.stderr.txt,raw_calculations/apbs/HY13_SEQ_02/HY13_SEQ_02__self__SELF_IEDB_18eebcfe8ed0__s4/eps2/full.stdout.txt
self,SELF_IEDB_18eebcfe8ed0,ubuntu@sha256:2edbbc5dc405e9612ba3584ce95480277e3eb374407b5505fe26f17df77c7dbc,12918786,transient_deleted_after_checksum_and_sampling,93ea1ce9594d6676f3c78bddf07748c4af88f61081dbb5b12cac173d4a73843f,0,hla_only,raw_calculations/apbs/HY13_SEQ_02/HY13_SEQ_02__self__SELF_IEDB_18eebcfe8ed0__s4/eps2/hla_only.in,dab0789c2740241c675e3c9b29dabbb0d41a2f14922b37e1e4403b8f09404062,HY13_SEQ_02__self__SELF_IEDB_18eebcfe8ed0__s4,HY13_SEQ_02,4,2.0,complete,raw_calculations/apbs/HY13_SEQ_02/HY13_SEQ_02__self__SELF_IEDB_18eebcfe8ed0__s4/eps2/hla_only.stderr.txt,raw_calculations/apbs/HY13_SEQ_02/HY13_SEQ_02__self__SELF_IEDB_18eebcfe8ed0__s4/eps2/hla_only.stdout.txt
self,SELF_IEDB_18eebcfe8ed0,ubuntu@sha256:2edbbc5dc405e9612ba3584ce95480277e3eb374407b5505fe26f17df77c7dbc,12880114,transient_deleted_after_checksum_and_sampling,4e9c99cfac402c71ab706fa1b56084a7f83d0f664fbcbd06ca8d60caf6a37fd4,0,full,raw_calculations/apbs/HY13_SEQ_02/HY13_SEQ_02__self__SELF_IEDB_18eebcfe8ed0__s4/eps4/full.in,cc1d774e11c4a870931275e207ffb80746a5583335143757aa9e43039bc0dbb2,HY13_SEQ_02__self__SELF_IEDB_18eebcfe8ed0__s4,HY13_SEQ_02,4,4.0,complete,raw_calculations/apbs/HY13_SEQ_02/HY13_SEQ_02__self__SELF_IEDB_18eebcfe8ed0__s4/eps4/full.stderr.txt,raw_calculations/apbs/HY13_SEQ_02/HY13_SEQ_02__self__SELF_IEDB_18eebcfe8ed0__s4/eps4/full.stdout.txt
self,SELF_IEDB_18eebcfe8ed0,ubuntu@sha256:2edbbc5dc405e9612ba3584ce95480277e3eb374407b5505fe26f17df77c7dbc,12925452,transient_deleted_after_checksum_and_sampling,3db7f066547a205fdc82d2a4b3ef14bed5f08df0476f710f619ac2b5cc4f7a6d,0,hla_only,raw_calculations/apbs/HY13_SEQ_02/HY13_SEQ_02__self__SELF_IEDB_18eebcfe8ed0__s4/eps4/hla_only.in,0dd19811e881172bcb545635d8f8ec5eb2ad7f1abe5166ff74173ae1f124fe41,HY13_SEQ_02__self__SELF_IEDB_18eebcfe8ed0__s4,HY13_SEQ_02,4,4.0,complete,raw_calculations/apbs/HY13_SEQ_02/HY13_SEQ_02__self__SELF_IEDB_18eebcfe8ed0__s4/eps4/hla_only.stderr.txt,raw_calculations/apbs/HY13_SEQ_02/HY13_SEQ_02__self__SELF_IEDB_18eebcfe8ed0__s4/eps4/hla_only.stdout.txt
self,SELF_IEDB_18eebcfe8ed0,ubuntu@sha256:2edbbc5dc405e9612ba3584ce95480277e3eb374407b5505fe26f17df77c7dbc,12889272,transient_deleted_after_checksum_and_sampling,96bd162fd891d0e59c91138d6eb1315b2200ab303e91f7bab322aeb09d2ad580,0,full,raw_calculations/apbs/HY13_SEQ_02/HY13_SEQ_02__self__SELF_IEDB_18eebcfe8ed0__s4/eps8/full.in,80570c214c37f9365a0ece03ad19d9bc957f02b8a92c4384b2b3d68dfc425284,HY13_SEQ_02__self__SELF_IEDB_18eebcfe8ed0__s4,HY13_SEQ_02,4,8.0,complete,raw_calculations/apbs/HY13_SEQ_02/HY13_SEQ_02__self__SELF_IEDB_18eebcfe8ed0__s4/eps8/full.stderr.txt,raw_calculations/apbs/HY13_SEQ_02/HY13_SEQ_02__self__SELF_IEDB_18eebcfe8ed0__s4/eps8/full.stdout.txt
self,SELF_IEDB_18eebcfe8ed0,ubuntu@sha256:2edbbc5dc405e9612ba3584ce95480277e3eb374407b5505fe26f17df77c7dbc,12934943,transient_deleted_after_checksum_and_sampling,715f6c3856b955ab980af9656bb0cd2dc96109153fb17bc1c328fc87b17e5481,0,hla_only,raw_calculations/apbs/HY13_SEQ_02/HY13_SEQ_02__self__SELF_IEDB_18eebcfe8ed0__s4/eps8/hla_only.in,9ba476f726fd72f02dbb4f8eb611f8a743ba8c066702c60ad5ae7499cae0664c,HY13_SEQ_02__self__SELF_IEDB_18eebcfe8ed0__s4,HY13_SEQ_02,4,8.0,complete,raw_calculations/apbs/HY13_SEQ_02/HY13_SEQ_02__self__SELF_IEDB_18eebcfe8ed0__s4/eps8/hla_only.stderr.txt,raw_calculations/apbs/HY13_SEQ_02/HY13_SEQ_02__self__SELF_IEDB_18eebcfe8ed0__s4/eps8/hla_only.stdout.txt
self,SELF_IEDB_e8f1f840deb4,ubuntu@sha256:2edbbc5dc405e9612ba3584ce95480277e3eb374407b5505fe26f17df77c7dbc,12854911,transient_deleted_after_checksum_and_sampling,2c32395ff0dcbfc38324e58e1a0eadd5997862731fc306312576b57efaf65a33,0,full,raw_calculations/apbs/HY13_SEQ_02/HY13_SEQ_02__self__SELF_IEDB_e8f1f840deb4__s0/eps2/full.in,e7f9f3e9fb77a9959316c40f2d6af4eb0254f660e58e335c958a9e5bc4a68390,HY13_SEQ_02__self__SELF_IEDB_e8f1f840deb4__s0,HY13_SEQ_02,0,2.0,complete,raw_calculations/apbs/HY13_SEQ_02/HY13_SEQ_02__self__SELF_IEDB_e8f1f840deb4__s0/eps2/full.stderr.txt,raw_calculations/apbs/HY13_SEQ_02/HY13_SEQ_02__self__SELF_IEDB_e8f1f840deb4__s0/eps2/full.stdout.txt
self,SELF_IEDB_e8f1f840deb4,ubuntu@sha256:2edbbc5dc405e9612ba3584ce95480277e3eb374407b5505fe26f17df77c7dbc,12913058,transient_deleted_after_checksum_and_sampling,87626c004f1ea4571229c23e3165ab8f730abcc91ba730d61b3471e16632690a,0,hla_only,raw_calculations/apbs/HY13_SEQ_02/HY13_SEQ_02__self__SELF_IEDB_e8f1f840deb4__s0/eps2/hla_only.in,6634ac29ded07bd2eaed76ded69a6a9a9ae5ae170d315aba141fdb1841d51263,HY13_SEQ_02__self__SELF_IEDB_e8f1f840deb4__s0,HY13_SEQ_02,0,2.0,complete,raw_calculations/apbs/HY13_SEQ_02/HY13_SEQ_02__self__SELF_IEDB_e8f1f840deb4__s0/eps2/hla_only.stderr.txt,raw_calculations/apbs/HY13_SEQ_02/HY13_SEQ_02__self__SELF_IEDB_e8f1f840deb4__s0/eps2/hla_only.stdout.txt
self,SELF_IEDB_e8f1f840deb4,ubuntu@sha256:2edbbc5dc405e9612ba3584ce95480277e3eb374407b5505fe26f17df77c7dbc,12861931,transient_deleted_after_checksum_and_sampling,07d1d12983fc23bf448e4275844edd6ea6a16e85154377f9796c6c4365af0f4f,0,full,raw_calculations/apbs/HY13_SEQ_02/HY13_SEQ_02__self__SELF_IEDB_e8f1f840deb4__s0/eps4/full.in,5218d37b312cf875d8660e2da68ac582ef14782d70ed9d432783bdde100b2023,HY13_SEQ_02__self__SELF_IEDB_e8f1f840deb4__s0,HY13_SEQ_02,0,4.0,complete,raw_calculations/apbs/HY13_SEQ_02/HY13_SEQ_02__self__SELF_IEDB_e8f1f840deb4__s0/eps4/full.stderr.txt,raw_calculations/apbs/HY13_SEQ_02/HY13_SEQ_02__self__SELF_IEDB_e8f1f840deb4__s0/eps4/full.stdout.txt
self,SELF_IEDB_e8f1f840deb4,ubuntu@sha256:2edbbc5dc405e9612ba3584ce95480277e3eb374407b5505fe26f17df77c7dbc,12919684,transient_deleted_after_checksum_and_sampling,baa3369b98ebeda02af623b8e4f8573f3d69a0e96ff1cfb6c366c65a540c7e90,0,hla_only,raw_calculations/apbs/HY13_SEQ_02/HY13_SEQ_02__self__SELF_IEDB_e8f1f840deb4__s0/eps4/hla_only.in,70ea84f77bcec782a2f863a8f8b07f0373545f48b09eb54aa3b78bcfce43af94,HY13_SEQ_02__self__SELF_IEDB_e8f1f840deb4__s0,HY13_SEQ_02,0,4.0,complete,raw_calculations/apbs/HY13_SEQ_02/HY13_SEQ_02__self__SELF_IEDB_e8f1f840deb4__s0/eps4/hla_only.stderr.txt,raw_calculations/apbs/HY13_SEQ_02/HY13_SEQ_02__self__SELF_IEDB_e8f1f840deb4__s0/eps4/hla_only.stdout.txt
self,SELF_IEDB_e8f1f840deb4,ubuntu@sha256:2edbbc5dc405e9612ba3584ce95480277e3eb374407b5505fe26f17df77c7dbc,12873680,transient_deleted_after_checksum_and_sampling,a8e1938a990cb9e444ece9a45f0add2d2171dd28a25351447e04b232d51ec621,0,full,raw_calculations/apbs/HY13_SEQ_02/HY13_SEQ_02__self__SELF_IEDB_e8f1f840deb4__s0/eps8/full.in,baf21aa294956376e8373927548c4d04bcb66e20257e8b830436944147ae6415,HY13_SEQ_02__self__SELF_IEDB_e8f1f840deb4__s0,HY13_SEQ_02,0,8.0,complete,raw_calculations/apbs/HY13_SEQ_02/HY13_SEQ_02__self__SELF_IEDB_e8f1f840deb4__s0/eps8/full.stderr.txt,raw_calculations/apbs/HY13_SEQ_02/HY13_SEQ_02__self__SELF_IEDB_e8f1f840deb4__s0/eps8/full.stdout.txt
self,SELF_IEDB_e8f1f840deb4,ubuntu@sha256:2edbbc5dc405e9612ba3584ce95480277e3eb374407b5505fe26f17df77c7dbc,12930452,transient_deleted_after_checksum_and_sampling,642b35a9df38baafa82c2455a2f07e109fa2ca50dd769157ac37b61958d1d615,0,hla_only,raw_calculations/apbs/HY13_SEQ_02/HY13_SEQ_02__self__SELF_IEDB_e8f1f840deb4__s0/eps8/hla_only.in,c30232aa3f9dacf1ce30264581f735f7c9fd53230b8f0f5353167aabc7aa9b43,HY13_SEQ_02__self__SELF_IEDB_e8f1f840deb4__s0,HY13_SEQ_02,0,8.0,complete,raw_calculations/apbs/HY13_SEQ_02/HY13_SEQ_02__self__SELF_IEDB_e8f1f840deb4__s0/eps8/hla_only.stderr.txt,raw_calculations/apbs/HY13_SEQ_02/HY13_SEQ_02__self__SELF_IEDB_e8f1f840deb4__s0/eps8/hla_only.stdout.txt
self,SELF_IEDB_e8f1f840deb4,ubuntu@sha256:2edbbc5dc405e9612ba3584ce95480277e3eb374407b5505fe26f17df77c7dbc,12832107,transient_deleted_after_checksum_and_sampling,d0d040c41ae3525a45bc34f08bfaa85d1d306ae2f19fb89d78429c99f3c2073a,0,full,raw_calculations/apbs/HY13_SEQ_02/HY13_SEQ_02__self__SELF_IEDB_e8f1f840deb4__s1/eps2/full.in,2bf5cb650c04751deb13197870cc5e7c911375b6716785f8a71229e009ccd571,HY13_SEQ_02__self__SELF_IEDB_e8f1f840deb4__s1,HY13_SEQ_02,1,2.0,complete,raw_calculations/apbs/HY13_SEQ_02/HY13_SEQ_02__self__SELF_IEDB_e8f1f840deb4__s1/eps2/full.stderr.txt,raw_calculations/apbs/HY13_SEQ_02/HY13_SEQ_02__self__SELF_IEDB_e8f1f840deb4__s1/eps2/full.stdout.txt
self,SELF_IEDB_e8f1f840deb4,ubuntu@sha256:2edbbc5dc405e9612ba3584ce95480277e3eb374407b5505fe26f17df77c7dbc,12899581,transient_deleted_after_checksum_and_sampling,e662ca5b1d6fb514408fa52a1265a28e5d9312bed046b7f9346bf8bf2d08c529,0,hla_only,raw_calculations/apbs/HY13_SEQ_02/HY13_SEQ_02__self__SELF_IEDB_e8f1f840deb4__s1/eps2/hla_only.in,9796a600e89bc3fb1b5df73c54d35e54c4cd0b46b887cb74fe3933ce954d76ad,HY13_SEQ_02__self__SELF_IEDB_e8f1f840deb4__s1,HY13_SEQ_02,1,2.0,complete,raw_calculations/apbs/HY13_SEQ_02/HY13_SEQ_02__self__SELF_IEDB_e8f1f840deb4__s1/eps2/hla_only.stderr.txt,raw_calculations/apbs/HY13_SEQ_02/HY13_SEQ_02__self__SELF_IEDB_e8f1f840deb4__s1/eps2/hla_only.stdout.txt
self,SELF_IEDB_e8f1f840deb4,ubuntu@sha256:2edbbc5dc405e9612ba3584ce95480277e3eb374407b5505fe26f17df77c7dbc,12838063,transient_deleted_after_checksum_and_sampling,d9bc1b922b0f925d34f37f6b28ae26240e0a59abf6bb993d9a967169dc356561,0,full,raw_calculations/apbs/HY13_SEQ_02/HY13_SEQ_02__self__SELF_IEDB_e8f1f840deb4__s1/eps4/full.in,66ea99f9860b5d226409b0e0d1ba4b51aa796203c331dc4e94bb9285cf35ac85,HY13_SEQ_02__self__SELF_IEDB_e8f1f840deb4__s1,HY13_SEQ_02,1,4.0,complete,raw_calculations/apbs/HY13_SEQ_02/HY13_SEQ_02__self__SELF_IEDB_e8f1f840deb4__s1/eps4/full.stderr.txt,raw_calculations/apbs/HY13_SEQ_02/HY13_SEQ_02__self__SELF_IEDB_e8f1f840deb4__s1/eps4/full.stdout.txt
self,SELF_IEDB_e8f1f840deb4,ubuntu@sha256:2edbbc5dc405e9612ba3584ce95480277e3eb374407b5505fe26f17df77c7dbc,12904833,transient_deleted_after_checksum_and_sampling,213040e55b5822aff0e8285d9f8818a222771e17282313b10f3fb270e449ffbd,0,hla_only,raw_calculations/apbs/HY13_SEQ_02/HY13_SEQ_02__self__SELF_IEDB_e8f1f840deb4__s1/eps4/hla_only.in,51ee9f86f7bbe99fab96b1c10d4cef77f2b7d20f5b233be2bbbe1f742ff1115b,HY13_SEQ_02__self__SELF_IEDB_e8f1f840deb4__s1,HY13_SEQ_02,1,4.0,complete,raw_calculations/apbs/HY13_SEQ_02/HY13_SEQ_02__self__SELF_IEDB_e8f1f840deb4__s1/eps4/hla_only.stderr.txt,raw_calculations/apbs/HY13_SEQ_02/HY13_SEQ_02__self__SELF_IEDB_e8f1f840deb4__s1/eps4/hla_only.stdout.txt
self,SELF_IEDB_e8f1f840deb4,ubuntu@sha256:2edbbc5dc405e9612ba3584ce95480277e3eb374407b5505fe26f17df77c7dbc,12848190,transient_deleted_after_checksum_and_sampling,679d16dab6073f19bb19df7b66097036b8636ca05feaedda3b615c1991fec3d1,0,full,raw_calculations/apbs/HY13_SEQ_02/HY13_SEQ_02__self__SELF_IEDB_e8f1f840deb4__s1/eps8/full.in,9f0d8362839ce6d2c1af806e934880aa5a645ba3582103fd7d0064721556208a,HY13_SEQ_02__self__SELF_IEDB_e8f1f840deb4__s1,HY13_SEQ_02,1,8.0,complete,raw_calculations/apbs/HY13_SEQ_02/HY13_SEQ_02__self__SELF_IEDB_e8f1f840deb4__s1/eps8/full.stderr.txt,raw_calculations/apbs/HY13_SEQ_02/HY13_SEQ_02__self__SELF_IEDB_e8f1f840deb4__s1/eps8/full.stdout.txt
self,SELF_IEDB_e8f1f840deb4,ubuntu@sha256:2edbbc5dc405e9612ba3584ce95480277e3eb374407b5505fe26f17df77c7dbc,12914283,transient_deleted_after_checksum_and_sampling,c67f6ffa6421a66a0bf0c54d6647541e2bd938d75e594b4bc7697a5f692794e6,0,hla_only,raw_calculations/apbs/HY13_SEQ_02/HY13_SEQ_02__self__SELF_IEDB_e8f1f840deb4__s1/eps8/hla_only.in,ec316409aa3679156023c967d28f2bf045cddbe7cb42beaa1cc1938a1110b83c,HY13_SEQ_02__self__SELF_IEDB_e8f1f840deb4__s1,HY13_SEQ_02,1,8.0,complete,raw_calculations/apbs/HY13_SEQ_02/HY13_SEQ_02__self__SELF_IEDB_e8f1f840deb4__s1/eps8/hla_only.stderr.txt,raw_calculations/apbs/HY13_SEQ_02/HY13_SEQ_02__self__SELF_IEDB_e8f1f840deb4__s1/eps8/hla_only.stdout.txt
self,SELF_IEDB_e8f1f840deb4,ubuntu@sha256:2edbbc5dc405e9612ba3584ce95480277e3eb374407b5505fe26f17df77c7dbc,12847878,transient_deleted_after_checksum_and_sampling,a51b733dc108aa8f1391e6f32bfa28acfe1a96c7fdf8fdc7bccd0a4cb4ef7a25,0,full,raw_calculations/apbs/HY13_SEQ_02/HY13_SEQ_02__self__SELF_IEDB_e8f1f840deb4__s2/eps2/full.in,47254f3dc71d6fed50cfeb34596a7898a46c3a66ea6eee73dff1a45f9c695ce7,HY13_SEQ_02__self__SELF_IEDB_e8f1f840deb4__s2,HY13_SEQ_02,2,2.0,complete,raw_calculations/apbs/HY13_SEQ_02/HY13_SEQ_02__self__SELF_IEDB_e8f1f840deb4__s2/eps2/full.stderr.txt,raw_calculations/apbs/HY13_SEQ_02/HY13_SEQ_02__self__SELF_IEDB_e8f1f840deb4__s2/eps2/full.stdout.txt
self,SELF_IEDB_e8f1f840deb4,ubuntu@sha256:2edbbc5dc405e9612ba3584ce95480277e3eb374407b5505fe26f17df77c7dbc,12913896,transient_deleted_after_checksum_and_sampling,d18235665b61914aa8c3dc0b08b31b7b361324a4f7417abd71ca69c24947758b,0,hla_only,raw_calculations/apbs/HY13_SEQ_02/HY13_SEQ_02__self__SELF_IEDB_e8f1f840deb4__s2/eps2/hla_only.in,8d50ff4b8f3c428d8fc0245738c41f6dc127b72e0358d0eba4b87cddef01636b,HY13_SEQ_02__self__SELF_IEDB_e8f1f840deb4__s2,HY13_SEQ_02,2,2.0,complete,raw_calculations/apbs/HY13_SEQ_02/HY13_SEQ_02__self__SELF_IEDB_e8f1f840deb4__s2/eps2/hla_only.stderr.txt,raw_calculations/apbs/HY13_SEQ_02/HY13_SEQ_02__self__SELF_IEDB_e8f1f840deb4__s2/eps2/hla_only.stdout.txt
self,SELF_IEDB_e8f1f840deb4,ubuntu@sha256:2edbbc5dc405e9612ba3584ce95480277e3eb374407b5505fe26f17df77c7dbc,12853808,transient_deleted_after_checksum_and_sampling,7e627d36ec9ed2a976acecd88977ea8daf86bb47d8f36de37575beda91ac88f2,0,full,raw_calculations/apbs/HY13_SEQ_02/HY13_SEQ_02__self__SELF_IEDB_e8f1f840deb4__s2/eps4/full.in,fb679d6ca1d8262779e41b604a5163ef8431822bd5553fa6ed645a564379d310,HY13_SEQ_02__self__SELF_IEDB_e8f1f840deb4__s2,HY13_SEQ_02,2,4.0,complete,raw_calculations/apbs/HY13_SEQ_02/HY13_SEQ_02__self__SELF_IEDB_e8f1f840deb4__s2/eps4/full.stderr.txt,raw_calculations/apbs/HY13_SEQ_02/HY13_SEQ_02__self__SELF_IEDB_e8f1f840deb4__s2/eps4/full.stdout.txt
self,SELF_IEDB_e8f1f840deb4,ubuntu@sha256:2edbbc5dc405e9612ba3584ce95480277e3eb374407b5505fe26f17df77c7dbc,12919789,transient_deleted_after_checksum_and_sampling,599ab110bef3ba3876fcdf1b6963ff941415985d6947374a76aaee8348d1a3e7,0,hla_only,raw_calculations/apbs/HY13_SEQ_02/HY13_SEQ_02__self__SELF_IEDB_e8f1f840deb4__s2/eps4/hla_only.in,f5945b076ea6c21b90cedd98335cbe7fa52f18aa5eed9e09b9323938ad405a4a,HY13_SEQ_02__self__SELF_IEDB_e8f1f840deb4__s2,HY13_SEQ_02,2,4.0,complete,raw_calculations/apbs/HY13_SEQ_02/HY13_SEQ_02__self__SELF_IEDB_e8f1f840deb4__s2/eps4/hla_only.stderr.txt,raw_calculations/apbs/HY13_SEQ_02/HY13_SEQ_02__self__SELF_IEDB_e8f1f840deb4__s2/eps4/hla_only.stdout.txt
self,SELF_IEDB_e8f1f840deb4,ubuntu@sha256:2edbbc5dc405e9612ba3584ce95480277e3eb374407b5505fe26f17df77c7dbc,12864637,transient_deleted_after_checksum_and_sampling,80fdcdff60379999ec3c25fafdd4ded61f7e5de3a57fe94445eb3cb40411431d,0,full,raw_calculations/apbs/HY13_SEQ_02/HY13_SEQ_02__self__SELF_IEDB_e8f1f840deb4__s2/eps8/full.in,81676edde23082be7a4b6c6bc1afbcefb1468caaf2e875e27f42e7a492843c82,HY13_SEQ_02__self__SELF_IEDB_e8f1f840deb4__s2,HY13_SEQ_02,2,8.0,complete,raw_calculations/apbs/HY13_SEQ_02/HY13_SEQ_02__self__SELF_IEDB_e8f1f840deb4__s2/eps8/full.stderr.txt,raw_calculations/apbs/HY13_SEQ_02/HY13_SEQ_02__self__SELF_IEDB_e8f1f840deb4__s2/eps8/full.stdout.txt
self,SELF_IEDB_e8f1f840deb4,ubuntu@sha256:2edbbc5dc405e9612ba3584ce95480277e3eb374407b5505fe26f17df77c7dbc,12929971,transient_deleted_after_checksum_and_sampling,2fda014faa502baaa8b032bfcf34d838fb8bee28f86a5f4fc34e648e6060fa7e,0,hla_only,raw_calculations/apbs/HY13_SEQ_02/HY13_SEQ_02__self__SELF_IEDB_e8f1f840deb4__s2/eps8/hla_only.in,bdec3230948b8deba9b4ce76d52abe1f368a7b98458bf60c22b9177104de3266,HY13_SEQ_02__self__SELF_IEDB_e8f1f840deb4__s2,HY13_SEQ_02,2,8.0,complete,raw_calculations/apbs/HY13_SEQ_02/HY13_SEQ_02__self__SELF_IEDB_e8f1f840deb4__s2/eps8/hla_only.stderr.txt,raw_calculations/apbs/HY13_SEQ_02/HY13_SEQ_02__self__SELF_IEDB_e8f1f840deb4__s2/eps8/hla_only.stdout.txt
self,SELF_IEDB_e8f1f840deb4,ubuntu@sha256:2edbbc5dc405e9612ba3584ce95480277e3eb374407b5505fe26f17df77c7dbc,12830484,transient_deleted_after_checksum_and_sampling,5a70ecdea2e9a33897c1784edda48060fc29321a7022d2c60430681eb7e8d6c9,0,full,raw_calculations/apbs/HY13_SEQ_02/HY13_SEQ_02__self__SELF_IEDB_e8f1f840deb4__s3/eps2/full.in,3a9659c208f687e2942eebf467b29fd29390cf340490e4a03f9c0449e8de6181,HY13_SEQ_02__self__SELF_IEDB_e8f1f840deb4__s3,HY13_SEQ_02,3,2.0,complete,raw_calculations/apbs/HY13_SEQ_02/HY13_SEQ_02__self__SELF_IEDB_e8f1f840deb4__s3/eps2/full.stderr.txt,raw_calculations/apbs/HY13_SEQ_02/HY13_SEQ_02__self__SELF_IEDB_e8f1f840deb4__s3/eps2/full.stdout.txt
self,SELF_IEDB_e8f1f840deb4,ubuntu@sha256:2edbbc5dc405e9612ba3584ce95480277e3eb374407b5505fe26f17df77c7dbc,12912753,transient_deleted_after_checksum_and_sampling,5649dfb813897d17476682bbea9f29f66e4ae5d5d451edd4419565829322c723,0,hla_only,raw_calculations/apbs/HY13_SEQ_02/HY13_SEQ_02__self__SELF_IEDB_e8f1f840deb4__s3/eps2/hla_only.in,8f11baabe935245db9b8e5058e73cb144dbd7cd1f153a914f2ae2c1b1a823f0e,HY13_SEQ_02__self__SELF_IEDB_e8f1f840deb4__s3,HY13_SEQ_02,3,2.0,complete,raw_calculations/apbs/HY13_SEQ_02/HY13_SEQ_02__self__SELF_IEDB_e8f1f840deb4__s3/eps2/hla_only.stderr.txt,raw_calculations/apbs/HY13_SEQ_02/HY13_SEQ_02__self__SELF_IEDB_e8f1f840deb4__s3/eps2/hla_only.stdout.txt
self,SELF_IEDB_e8f1f840deb4,ubuntu@sha256:2edbbc5dc405e9612ba3584ce95480277e3eb374407b5505fe26f17df77c7dbc,12835521,transient_deleted_after_checksum_and_sampling,3c352529d385765007b11ddd3c0a8cdec516219755976916e86b8669333351ac,0,full,raw_calculations/apbs/HY13_SEQ_02/HY13_SEQ_02__self__SELF_IEDB_e8f1f840deb4__s3/eps4/full.in,9fd115a4834a8f17d19d2971bf4d696bbb636940006949e18be554656f012224,HY13_SEQ_02__self__SELF_IEDB_e8f1f840deb4__s3,HY13_SEQ_02,3,4.0,complete,raw_calculations/apbs/HY13_SEQ_02/HY13_SEQ_02__self__SELF_IEDB_e8f1f840deb4__s3/eps4/full.stderr.txt,raw_calculations/apbs/HY13_SEQ_02/HY13_SEQ_02__self__SELF_IEDB_e8f1f840deb4__s3/eps4/full.stdout.txt
self,SELF_IEDB_e8f1f840deb4,ubuntu@sha256:2edbbc5dc405e9612ba3584ce95480277e3eb374407b5505fe26f17df77c7dbc,12916899,transient_deleted_after_checksum_and_sampling,76cb07491d56c7842be40b5c653853be8cf752a22fb4a97ee6a4289004a344bd,0,hla_only,raw_calculations/apbs/HY13_SEQ_02/HY13_SEQ_02__self__SELF_IEDB_e8f1f840deb4__s3/eps4/hla_only.in,b4d61c10c03fc59077bf3b0631375357b19799a5d7cbafa38e766f7265dd565d,HY13_SEQ_02__self__SELF_IEDB_e8f1f840deb4__s3,HY13_SEQ_02,3,4.0,complete,raw_calculations/apbs/HY13_SEQ_02/HY13_SEQ_02__self__SELF_IEDB_e8f1f840deb4__s3/eps4/hla_only.stderr.txt,raw_calculations/apbs/HY13_SEQ_02/HY13_SEQ_02__self__SELF_IEDB_e8f1f840deb4__s3/eps4/hla_only.stdout.txt
self,SELF_IEDB_e8f1f840deb4,ubuntu@sha256:2edbbc5dc405e9612ba3584ce95480277e3eb374407b5505fe26f17df77c7dbc,12845230,transient_deleted_after_checksum_and_sampling,73f8a73a9f5a0400e6f7e044881905cd00b297ab46ddbc402f89555a061cd00c,0,full,raw_calculations/apbs/HY13_SEQ_02/HY13_SEQ_02__self__SELF_IEDB_e8f1f840deb4__s3/eps8/full.in,d3b27fc05a589ec6301de3913c7b7ae1fc2a86742c0e0a8f6c00ea6e008ce93f,HY13_SEQ_02__self__SELF_IEDB_e8f1f840deb4__s3,HY13_SEQ_02,3,8.0,complete,raw_calculations/apbs/HY13_SEQ_02/HY13_SEQ_02__self__SELF_IEDB_e8f1f840deb4__s3/eps8/full.stderr.txt,raw_calculations/apbs/HY13_SEQ_02/HY13_SEQ_02__self__SELF_IEDB_e8f1f840deb4__s3/eps8/full.stdout.txt
self,SELF_IEDB_e8f1f840deb4,ubuntu@sha256:2edbbc5dc405e9612ba3584ce95480277e3eb374407b5505fe26f17df77c7dbc,12924864,transient_deleted_after_checksum_and_sampling,e1240f28c3cef8d8bf12add69f4d8b308cf39ada9b9b352c711344197b416d8d,0,hla_only,raw_calculations/apbs/HY13_SEQ_02/HY13_SEQ_02__self__SELF_IEDB_e8f1f840deb4__s3/eps8/hla_only.in,d4bd3f55a24237e04904715ab7d3ca98812f95b3cc29adca07018f063b789c50,HY13_SEQ_02__self__SELF_IEDB_e8f1f840deb4__s3,HY13_SEQ_02,3,8.0,complete,raw_calculations/apbs/HY13_SEQ_02/HY13_SEQ_02__self__SELF_IEDB_e8f1f840deb4__s3/eps8/hla_only.stderr.txt,raw_calculations/apbs/HY13_SEQ_02/HY13_SEQ_02__self__SELF_IEDB_e8f1f840deb4__s3/eps8/hla_only.stdout.txt
self,SELF_IEDB_e8f1f840deb4,ubuntu@sha256:2edbbc5dc405e9612ba3584ce95480277e3eb374407b5505fe26f17df77c7dbc,12815733,transient_deleted_after_checksum_and_sampling,71a0e37db4859ba8b228dd583064d12397c866dd006699c99e0803487a8b9e84,0,full,raw_calculations/apbs/HY13_SEQ_02/HY13_SEQ_02__self__SELF_IEDB_e8f1f840deb4__s4/eps2/full.in,eca62cf7684415935174458436eeef2d00696ac9d0e36c01b412cda8f5bc5ee1,HY13_SEQ_02__self__SELF_IEDB_e8f1f840deb4__s4,HY13_SEQ_02,4,2.0,complete,raw_calculations/apbs/HY13_SEQ_02/HY13_SEQ_02__self__SELF_IEDB_e8f1f840deb4__s4/eps2/full.stderr.txt,raw_calculations/apbs/HY13_SEQ_02/HY13_SEQ_02__self__SELF_IEDB_e8f1f840deb4__s4/eps2/full.stdout.txt
self,SELF_IEDB_e8f1f840deb4,ubuntu@sha256:2edbbc5dc405e9612ba3584ce95480277e3eb374407b5505fe26f17df77c7dbc,12882823,transient_deleted_after_checksum_and_sampling,991164deb4a04d56b424801b0c48e5dcb217b8926b61402960e67b0e9090a70a,0,hla_only,raw_calculations/apbs/HY13_SEQ_02/HY13_SEQ_02__self__SELF_IEDB_e8f1f840deb4__s4/eps2/hla_only.in,17e6c77ce3d841bb76ec09fb972ea2bd04a35e4185be6a3d96b90fcd5613853c,HY13_SEQ_02__self__SELF_IEDB_e8f1f840deb4__s4,HY13_SEQ_02,4,2.0,complete,raw_calculations/apbs/HY13_SEQ_02/HY13_SEQ_02__self__SELF_IEDB_e8f1f840deb4__s4/eps2/hla_only.stderr.txt,raw_calculations/apbs/HY13_SEQ_02/HY13_SEQ_02__self__SELF_IEDB_e8f1f840deb4__s4/eps2/hla_only.stdout.txt
self,SELF_IEDB_e8f1f840deb4,ubuntu@sha256:2edbbc5dc405e9612ba3584ce95480277e3eb374407b5505fe26f17df77c7dbc,12823047,transient_deleted_after_checksum_and_sampling,a6269adc487690561bc7c6d401eaad8ead0686153fa41b3f8a435829df13a1ec,0,full,raw_calculations/apbs/HY13_SEQ_02/HY13_SEQ_02__self__SELF_IEDB_e8f1f840deb4__s4/eps4/full.in,24abd07847630fdd56c9613b0e518a6604ea922aa99ab7c048f66fa786904c3d,HY13_SEQ_02__self__SELF_IEDB_e8f1f840deb4__s4,HY13_SEQ_02,4,4.0,complete,raw_calculations/apbs/HY13_SEQ_02/HY13_SEQ_02__self__SELF_IEDB_e8f1f840deb4__s4/eps4/full.stderr.txt,raw_calculations/apbs/HY13_SEQ_02/HY13_SEQ_02__self__SELF_IEDB_e8f1f840deb4__s4/eps4/full.stdout.txt
self,SELF_IEDB_e8f1f840deb4,ubuntu@sha256:2edbbc5dc405e9612ba3584ce95480277e3eb374407b5505fe26f17df77c7dbc,12890267,transient_deleted_after_checksum_and_sampling,2605231ad11bd5fcf654979d3e9b746efbaddd13124f18bb07989bcd3ad53693,0,hla_only,raw_calculations/apbs/HY13_SEQ_02/HY13_SEQ_02__self__SELF_IEDB_e8f1f840deb4__s4/eps4/hla_only.in,f6b525cf36385a1c097217afc670faeb2909e79425b653588416abf5bac47e6e,HY13_SEQ_02__self__SELF_IEDB_e8f1f840deb4__s4,HY13_SEQ_02,4,4.0,complete,raw_calculations/apbs/HY13_SEQ_02/HY13_SEQ_02__self__SELF_IEDB_e8f1f840deb4__s4/eps4/hla_only.stderr.txt,raw_calculations/apbs/HY13_SEQ_02/HY13_SEQ_02__self__SELF_IEDB_e8f1f840deb4__s4/eps4/hla_only.stdout.txt
self,SELF_IEDB_e8f1f840deb4,ubuntu@sha256:2edbbc5dc405e9612ba3584ce95480277e3eb374407b5505fe26f17df77c7dbc,12835358,transient_deleted_after_checksum_and_sampling,2f4bf3192e8af5f580ea1cc07f080e8fb7f35df22f638d881c9b9a9c91dd3d6b,0,full,raw_calculations/apbs/HY13_SEQ_02/HY13_SEQ_02__self__SELF_IEDB_e8f1f840deb4__s4/eps8/full.in,b129f8a8d1f71658605efc7602dd43d7c5ce198aa172998105ec1728c80e2231,HY13_SEQ_02__self__SELF_IEDB_e8f1f840deb4__s4,HY13_SEQ_02,4,8.0,complete,raw_calculations/apbs/HY13_SEQ_02/HY13_SEQ_02__self__SELF_IEDB_e8f1f840deb4__s4/eps8/full.stderr.txt,raw_calculations/apbs/HY13_SEQ_02/HY13_SEQ_02__self__SELF_IEDB_e8f1f840deb4__s4/eps8/full.stdout.txt
self,SELF_IEDB_e8f1f840deb4,ubuntu@sha256:2edbbc5dc405e9612ba3584ce95480277e3eb374407b5505fe26f17df77c7dbc,12901658,transient_deleted_after_checksum_and_sampling,5b89e01b0452755bbfa0afa8f54e9cdc4ad7e48a5bc8f1082dd153e9c2cd00fa,0,hla_only,raw_calculations/apbs/HY13_SEQ_02/HY13_SEQ_02__self__SELF_IEDB_e8f1f840deb4__s4/eps8/hla_only.in,5fb2d89e1cef7d6d3d67e5efe410f50ee71499ce691e3dfacb7d050e2a5ee59e,HY13_SEQ_02__self__SELF_IEDB_e8f1f840deb4__s4,HY13_SEQ_02,4,8.0,complete,raw_calculations/apbs/HY13_SEQ_02/HY13_SEQ_02__self__SELF_IEDB_e8f1f840deb4__s4/eps8/hla_only.stderr.txt,raw_calculations/apbs/HY13_SEQ_02/HY13_SEQ_02__self__SELF_IEDB_e8f1f840deb4__s4/eps8/hla_only.stdout.txt
ebv,EBV_IEDB_156b80230e03,ubuntu@sha256:2edbbc5dc405e9612ba3584ce95480277e3eb374407b5505fe26f17df77c7dbc,8561246,transient_deleted_after_checksum_and_sampling,d37f3edd639f179ecfa52cc50d5e88b593a0d35782a86c74ed4165e23d988132,0,full,raw_calculations/apbs/HY15_SEQ_02/HY15_SEQ_02__ebv__EBV_IEDB_156b80230e03__s0/eps2/full.in,29eb489cce97883a1c5912fe4179c4f5a4fff29af4ca1801b6d563572481191c,HY15_SEQ_02__ebv__EBV_IEDB_156b80230e03__s0,HY15_SEQ_02,0,2.0,complete,raw_calculations/apbs/HY15_SEQ_02/HY15_SEQ_02__ebv__EBV_IEDB_156b80230e03__s0/eps2/full.stderr.txt,raw_calculations/apbs/HY15_SEQ_02/HY15_SEQ_02__ebv__EBV_IEDB_156b80230e03__s0/eps2/full.stdout.txt
ebv,EBV_IEDB_156b80230e03,ubuntu@sha256:2edbbc5dc405e9612ba3584ce95480277e3eb374407b5505fe26f17df77c7dbc,8667077,transient_deleted_after_checksum_and_sampling,aee5f80aa4c94356d81e20c6b75d559ea90303911191644b32c8c564cd580ca0,0,hla_only,raw_calculations/apbs/HY15_SEQ_02/HY15_SEQ_02__ebv__EBV_IEDB_156b80230e03__s0/eps2/hla_only.in,b6bef9c5423006c985144bf994142d9715e2f5371f7aac3412abd284eabbd08c,HY15_SEQ_02__ebv__EBV_IEDB_156b80230e03__s0,HY15_SEQ_02,0,2.0,complete,raw_calculations/apbs/HY15_SEQ_02/HY15_SEQ_02__ebv__EBV_IEDB_156b80230e03__s0/eps2/hla_only.stderr.txt,raw_calculations/apbs/HY15_SEQ_02/HY15_SEQ_02__ebv__EBV_IEDB_156b80230e03__s0/eps2/hla_only.stdout.txt
ebv,EBV_IEDB_156b80230e03,ubuntu@sha256:2edbbc5dc405e9612ba3584ce95480277e3eb374407b5505fe26f17df77c7dbc,8566819,transient_deleted_after_checksum_and_sampling,a7a52b77c724979444e5656e221c30928530c92b877761e127a76ca14d070945,0,full,raw_calculations/apbs/HY15_SEQ_02/HY15_SEQ_02__ebv__EBV_IEDB_156b80230e03__s0/eps4/full.in,2cd5ab03b431825ddf82de974fd766fdf35bc4c9b1bd5f671c7f95514a9de233,HY15_SEQ_02__ebv__EBV_IEDB_156b80230e03__s0,HY15_SEQ_02,0,4.0,complete,raw_calculations/apbs/HY15_SEQ_02/HY15_SEQ_02__ebv__EBV_IEDB_156b80230e03__s0/eps4/full.stderr.txt,raw_calculations/apbs/HY15_SEQ_02/HY15_SEQ_02__ebv__EBV_IEDB_156b80230e03__s0/eps4/full.stdout.txt
ebv,EBV_IEDB_156b80230e03,ubuntu@sha256:2edbbc5dc405e9612ba3584ce95480277e3eb374407b5505fe26f17df77c7dbc,8671163,transient_deleted_after_checksum_and_sampling,69d1007fb61a053eb4a50079cd5ee37c206d1b91c4f6410340004be4660b8a6b,0,hla_only,raw_calculations/apbs/HY15_SEQ_02/HY15_SEQ_02__ebv__EBV_IEDB_156b80230e03__s0/eps4/hla_only.in,5ae2f35300af05b7552349e864c72c7ea9588bd986f3efd839e0d9c37130c062,HY15_SEQ_02__ebv__EBV_IEDB_156b80230e03__s0,HY15_SEQ_02,0,4.0,complete,raw_calculations/apbs/HY15_SEQ_02/HY15_SEQ_02__ebv__EBV_IEDB_156b80230e03__s0/eps4/hla_only.stderr.txt,raw_calculations/apbs/HY15_SEQ_02/HY15_SEQ_02__ebv__EBV_IEDB_156b80230e03__s0/eps4/hla_only.stdout.txt
ebv,EBV_IEDB_156b80230e03,ubuntu@sha256:2edbbc5dc405e9612ba3584ce95480277e3eb374407b5505fe26f17df77c7dbc,8575641,transient_deleted_after_checksum_and_sampling,d9f55a032a7eb7dacb53f8f0cd4083cf2777d4f65d68d483823c69f2ebae4605,0,full,raw_calculations/apbs/HY15_SEQ_02/HY15_SEQ_02__ebv__EBV_IEDB_156b80230e03__s0/eps8/full.in,ebbd27d30179de3a943b2b085c03607a281d104ee2006b365ec38b3ac20e10ff,HY15_SEQ_02__ebv__EBV_IEDB_156b80230e03__s0,HY15_SEQ_02,0,8.0,complete,raw_calculations/apbs/HY15_SEQ_02/HY15_SEQ_02__ebv__EBV_IEDB_156b80230e03__s0/eps8/full.stderr.txt,raw_calculations/apbs/HY15_SEQ_02/HY15_SEQ_02__ebv__EBV_IEDB_156b80230e03__s0/eps8/full.stdout.txt
ebv,EBV_IEDB_156b80230e03,ubuntu@sha256:2edbbc5dc405e9612ba3584ce95480277e3eb374407b5505fe26f17df77c7dbc,8678091,transient_deleted_after_checksum_and_sampling,349f8ebc1a3812487dfee21fd87a663b7976498a7a4a5874c15501bfd5e89e20,0,hla_only,raw_calculations/apbs/HY15_SEQ_02/HY15_SEQ_02__ebv__EBV_IEDB_156b80230e03__s0/eps8/hla_only.in,27c27f2724e2d6d2b795b4de83f967e96e9a6a35b9e41016ba1ace09c6ff663c,HY15_SEQ_02__ebv__EBV_IEDB_156b80230e03__s0,HY15_SEQ_02,0,8.0,complete,raw_calculations/apbs/HY15_SEQ_02/HY15_SEQ_02__ebv__EBV_IEDB_156b80230e03__s0/eps8/hla_only.stderr.txt,raw_calculations/apbs/HY15_SEQ_02/HY15_SEQ_02__ebv__EBV_IEDB_156b80230e03__s0/eps8/hla_only.stdout.txt
ebv,EBV_IEDB_156b80230e03,ubuntu@sha256:2edbbc5dc405e9612ba3584ce95480277e3eb374407b5505fe26f17df77c7dbc,8560826,transient_deleted_after_checksum_and_sampling,9db0649ad1762a80c43d4b515331623c9b736ad8a4f5d5c4e451ecd41b511ce5,0,full,raw_calculations/apbs/HY15_SEQ_02/HY15_SEQ_02__ebv__EBV_IEDB_156b80230e03__s1/eps2/full.in,39070c43145904120c90214d2ca75f9bb3a10fd04b9f7c405ab0dd7334d3c47d,HY15_SEQ_02__ebv__EBV_IEDB_156b80230e03__s1,HY15_SEQ_02,1,2.0,complete,raw_calculations/apbs/HY15_SEQ_02/HY15_SEQ_02__ebv__EBV_IEDB_156b80230e03__s1/eps2/full.stderr.txt,raw_calculations/apbs/HY15_SEQ_02/HY15_SEQ_02__ebv__EBV_IEDB_156b80230e03__s1/eps2/full.stdout.txt
ebv,EBV_IEDB_156b80230e03,ubuntu@sha256:2edbbc5dc405e9612ba3584ce95480277e3eb374407b5505fe26f17df77c7dbc,8668287,transient_deleted_after_checksum_and_sampling,41922806486c8d37a6faadee4174414e7e3406c4a97b1728ea52cbb34ba0a374,0,hla_only,raw_calculations/apbs/HY15_SEQ_02/HY15_SEQ_02__ebv__EBV_IEDB_156b80230e03__s1/eps2/hla_only.in,2145ec86d7bfdddb1fcb0ace55b01edad68a93ab9b7c750a8ba17e1dd7de70b0,HY15_SEQ_02__ebv__EBV_IEDB_156b80230e03__s1,HY15_SEQ_02,1,2.0,complete,raw_calculations/apbs/HY15_SEQ_02/HY15_SEQ_02__ebv__EBV_IEDB_156b80230e03__s1/eps2/hla_only.stderr.txt,raw_calculations/apbs/HY15_SEQ_02/HY15_SEQ_02__ebv__EBV_IEDB_156b80230e03__s1/eps2/hla_only.stdout.txt
ebv,EBV_IEDB_156b80230e03,ubuntu@sha256:2edbbc5dc405e9612ba3584ce95480277e3eb374407b5505fe26f17df77c7dbc,8567936,transient_deleted_after_checksum_and_sampling,b19a6594a4296f8b806e8e014b44107548d95985757daccbc3be1b9a72121edf,0,full,raw_calculations/apbs/HY15_SEQ_02/HY15_SEQ_02__ebv__EBV_IEDB_156b80230e03__s1/eps4/full.in,d1264603682828a13b45b2e05ae72f03726557f869206f851e6f77b27a0b7dbe,HY15_SEQ_02__ebv__EBV_IEDB_156b80230e03__s1,HY15_SEQ_02,1,4.0,complete,raw_calculations/apbs/HY15_SEQ_02/HY15_SEQ_02__ebv__EBV_IEDB_156b80230e03__s1/eps4/full.stderr.txt,raw_calculations/apbs/HY15_SEQ_02/HY15_SEQ_02__ebv__EBV_IEDB_156b80230e03__s1/eps4/full.stdout.txt
ebv,EBV_IEDB_156b80230e03,ubuntu@sha256:2edbbc5dc405e9612ba3584ce95480277e3eb374407b5505fe26f17df77c7dbc,8672690,transient_deleted_after_checksum_and_sampling,e6ef95f77ed39763a68fe289287bda0f3d2adfcc4f4884f08e5114e1e6510432,0,hla_only,raw_calculations/apbs/HY15_SEQ_02/HY15_SEQ_02__ebv__EBV_IEDB_156b80230e03__s1/eps4/hla_only.in,8b0cb136f6e691d70aa692b3a5b17e885fdc34779d229f1921c6be313876ee6c,HY15_SEQ_02__ebv__EBV_IEDB_156b80230e03__s1,HY15_SEQ_02,1,4.0,complete,raw_calculations/apbs/HY15_SEQ_02/HY15_SEQ_02__ebv__EBV_IEDB_156b80230e03__s1/eps4/hla_only.stderr.txt,raw_calculations/apbs/HY15_SEQ_02/HY15_SEQ_02__ebv__EBV_IEDB_156b80230e03__s1/eps4/hla_only.stdout.txt
ebv,EBV_IEDB_156b80230e03,ubuntu@sha256:2edbbc5dc405e9612ba3584ce95480277e3eb374407b5505fe26f17df77c7dbc,8580333,transient_deleted_after_checksum_and_sampling,b6e0d59cbf8744ba0a8a5aa754616d21c1b08fc1c2f4ab028b3a02e22ab754d0,0,full,raw_calculations/apbs/HY15_SEQ_02/HY15_SEQ_02__ebv__EBV_IEDB_156b80230e03__s1/eps8/full.in,e9f6ba2a803167f533f9133570ed03eda72ae3dfeafc9ce5de04aef6ff00e1f6,HY15_SEQ_02__ebv__EBV_IEDB_156b80230e03__s1,HY15_SEQ_02,1,8.0,complete,raw_calculations/apbs/HY15_SEQ_02/HY15_SEQ_02__ebv__EBV_IEDB_156b80230e03__s1/eps8/full.stderr.txt,raw_calculations/apbs/HY15_SEQ_02/HY15_SEQ_02__ebv__EBV_IEDB_156b80230e03__s1/eps8/full.stdout.txt
ebv,EBV_IEDB_156b80230e03,ubuntu@sha256:2edbbc5dc405e9612ba3584ce95480277e3eb374407b5505fe26f17df77c7dbc,8680058,transient_deleted_after_checksum_and_sampling,f06f696078bf49f0541b729b3cdcfba086cf0ed4e14b47c76a8e3aaa1ee81624,0,hla_only,raw_calculations/apbs/HY15_SEQ_02/HY15_SEQ_02__ebv__EBV_IEDB_156b80230e03__s1/eps8/hla_only.in,b2c37c6c2175314a1b52cc6f3d776ebaf260aa8d3ce265b2144136c57bc07d2e,HY15_SEQ_02__ebv__EBV_IEDB_156b80230e03__s1,HY15_SEQ_02,1,8.0,complete,raw_calculations/apbs/HY15_SEQ_02/HY15_SEQ_02__ebv__EBV_IEDB_156b80230e03__s1/eps8/hla_only.stderr.txt,raw_calculations/apbs/HY15_SEQ_02/HY15_SEQ_02__ebv__EBV_IEDB_156b80230e03__s1/eps8/hla_only.stdout.txt
ebv,EBV_IEDB_156b80230e03,ubuntu@sha256:2edbbc5dc405e9612ba3584ce95480277e3eb374407b5505fe26f17df77c7dbc,8572564,transient_deleted_after_checksum_and_sampling,b6e9fcfabe5094716a2ed17a7645283ede8b18f94e24b35a06e02aad660b0a82,0,full,raw_calculations/apbs/HY15_SEQ_02/HY15_SEQ_02__ebv__EBV_IEDB_156b80230e03__s2/eps2/full.in,3e62d6c263c86034536835d704d21ba5ee5862c5d0eef429df6a3112d4b3a673,HY15_SEQ_02__ebv__EBV_IEDB_156b80230e03__s2,HY15_SEQ_02,2,2.0,complete,raw_calculations/apbs/HY15_SEQ_02/HY15_SEQ_02__ebv__EBV_IEDB_156b80230e03__s2/eps2/full.stderr.txt,raw_calculations/apbs/HY15_SEQ_02/HY15_SEQ_02__ebv__EBV_IEDB_156b80230e03__s2/eps2/full.stdout.txt
ebv,EBV_IEDB_156b80230e03,ubuntu@sha256:2edbbc5dc405e9612ba3584ce95480277e3eb374407b5505fe26f17df77c7dbc,8668449,transient_deleted_after_checksum_and_sampling,cb319344b0215dfac2df3fb8f75dfb32464efaa36b8b789c91fb38d4c0a9eb63,0,hla_only,raw_calculations/apbs/HY15_SEQ_02/HY15_SEQ_02__ebv__EBV_IEDB_156b80230e03__s2/eps2/hla_only.in,5a897fd1dcf96a5aaa864059ba5bb6dc6adf41168367bf3597027dd276b35647,HY15_SEQ_02__ebv__EBV_IEDB_156b80230e03__s2,HY15_SEQ_02,2,2.0,complete,raw_calculations/apbs/HY15_SEQ_02/HY15_SEQ_02__ebv__EBV_IEDB_156b80230e03__s2/eps2/hla_only.stderr.txt,raw_calculations/apbs/HY15_SEQ_02/HY15_SEQ_02__ebv__EBV_IEDB_156b80230e03__s2/eps2/hla_only.stdout.txt
ebv,EBV_IEDB_156b80230e03,ubuntu@sha256:2edbbc5dc405e9612ba3584ce95480277e3eb374407b5505fe26f17df77c7dbc,8576311,transient_deleted_after_checksum_and_sampling,d2c71ae9e09406137abee6357d792c05f3f6f2c0c776c9e98b14dfa53b99c2e5,0,full,raw_calculations/apbs/HY15_SEQ_02/HY15_SEQ_02__ebv__EBV_IEDB_156b80230e03__s2/eps4/full.in,7344a6b32d82e4b38242d1019343b07188e1e920d8d866cd37049a955695515b,HY15_SEQ_02__ebv__EBV_IEDB_156b80230e03__s2,HY15_SEQ_02,2,4.0,complete,raw_calculations/apbs/HY15_SEQ_02/HY15_SEQ_02__ebv__EBV_IEDB_156b80230e03__s2/eps4/full.stderr.txt,raw_calculations/apbs/HY15_SEQ_02/HY15_SEQ_02__ebv__EBV_IEDB_156b80230e03__s2/eps4/full.stdout.txt
ebv,EBV_IEDB_156b80230e03,ubuntu@sha256:2edbbc5dc405e9612ba3584ce95480277e3eb374407b5505fe26f17df77c7dbc,8672951,transient_deleted_after_checksum_and_sampling,4d1a53b885ca7c0235f1d4eb4f5fb7c3d10494029596a083d7f63b867fee8ba3,0,hla_only,raw_calculations/apbs/HY15_SEQ_02/HY15_SEQ_02__ebv__EBV_IEDB_156b80230e03__s2/eps4/hla_only.in,7c1b83d74145025042c58f472a41bae4601e3da3b29349ebf260667212ddc81d,HY15_SEQ_02__ebv__EBV_IEDB_156b80230e03__s2,HY15_SEQ_02,2,4.0,complete,raw_calculations/apbs/HY15_SEQ_02/HY15_SEQ_02__ebv__EBV_IEDB_156b80230e03__s2/eps4/hla_only.stderr.txt,raw_calculations/apbs/HY15_SEQ_02/HY15_SEQ_02__ebv__EBV_IEDB_156b80230e03__s2/eps4/hla_only.stdout.txt
ebv,EBV_IEDB_156b80230e03,ubuntu@sha256:2edbbc5dc405e9612ba3584ce95480277e3eb374407b5505fe26f17df77c7dbc,8584587,transient_deleted_after_checksum_and_sampling,9b393d5d36d9ec0d086b5408cc782b7c76c660d253a391680327d27b5997ab34,0,full,raw_calculations/apbs/HY15_SEQ_02/HY15_SEQ_02__ebv__EBV_IEDB_156b80230e03__s2/eps8/full.in,52715119e800c02d994cd4057bb72f6d2d2d14d94db0f54e6397dc60e7a57da9,HY15_SEQ_02__ebv__EBV_IEDB_156b80230e03__s2,HY15_SEQ_02,2,8.0,complete,raw_calculations/apbs/HY15_SEQ_02/HY15_SEQ_02__ebv__EBV_IEDB_156b80230e03__s2/eps8/full.stderr.txt,raw_calculations/apbs/HY15_SEQ_02/HY15_SEQ_02__ebv__EBV_IEDB_156b80230e03__s2/eps8/full.stdout.txt
ebv,EBV_IEDB_156b80230e03,ubuntu@sha256:2edbbc5dc405e9612ba3584ce95480277e3eb374407b5505fe26f17df77c7dbc,8680586,transient_deleted_after_checksum_and_sampling,06efb11ecd14654a8b6337f1630ae1360a4d221d6b50c218c2c5f770d83f1718,0,hla_only,raw_calculations/apbs/HY15_SEQ_02/HY15_SEQ_02__ebv__EBV_IEDB_156b80230e03__s2/eps8/hla_only.in,ba562d26b7f717158d44b56adc2a3730957613726b3a91a4d9278f85e31aef01,HY15_SEQ_02__ebv__EBV_IEDB_156b80230e03__s2,HY15_SEQ_02,2,8.0,complete,raw_calculations/apbs/HY15_SEQ_02/HY15_SEQ_02__ebv__EBV_IEDB_156b80230e03__s2/eps8/hla_only.stderr.txt,raw_calculations/apbs/HY15_SEQ_02/HY15_SEQ_02__ebv__EBV_IEDB_156b80230e03__s2/eps8/hla_only.stdout.txt
ebv,EBV_IEDB_156b80230e03,ubuntu@sha256:2edbbc5dc405e9612ba3584ce95480277e3eb374407b5505fe26f17df77c7dbc,8573460,transient_deleted_after_checksum_and_sampling,bb8f40f1407737202f93a018898f03ea09ecdc4d99b37ba8c6d9e619e5e05465,0,full,raw_calculations/apbs/HY15_SEQ_02/HY15_SEQ_02__ebv__EBV_IEDB_156b80230e03__s3/eps2/full.in,0e38ee764c3b637a22ca4c58bf56e169b6e4974270ae04444bede65a26717718,HY15_SEQ_02__ebv__EBV_IEDB_156b80230e03__s3,HY15_SEQ_02,3,2.0,complete,raw_calculations/apbs/HY15_SEQ_02/HY15_SEQ_02__ebv__EBV_IEDB_156b80230e03__s3/eps2/full.stderr.txt,raw_calculations/apbs/HY15_SEQ_02/HY15_SEQ_02__ebv__EBV_IEDB_156b80230e03__s3/eps2/full.stdout.txt
ebv,EBV_IEDB_156b80230e03,ubuntu@sha256:2edbbc5dc405e9612ba3584ce95480277e3eb374407b5505fe26f17df77c7dbc,8670166,transient_deleted_after_checksum_and_sampling,c72419af16b6a70207e3b50cebcb3be566eeda6231f9e7cb519e9cdec504d1cf,0,hla_only,raw_calculations/apbs/HY15_SEQ_02/HY15_SEQ_02__ebv__EBV_IEDB_156b80230e03__s3/eps2/hla_only.in,24b2fe9680bf7655b34c8cbf4a3a5ae77328a3d2cbba286401d4668bdf95967f,HY15_SEQ_02__ebv__EBV_IEDB_156b80230e03__s3,HY15_SEQ_02,3,2.0,complete,raw_calculations/apbs/HY15_SEQ_02/HY15_SEQ_02__ebv__EBV_IEDB_156b80230e03__s3/eps2/hla_only.stderr.txt,raw_calculations/apbs/HY15_SEQ_02/HY15_SEQ_02__ebv__EBV_IEDB_156b80230e03__s3/eps2/hla_only.stdout.txt
ebv,EBV_IEDB_156b80230e03,ubuntu@sha256:2edbbc5dc405e9612ba3584ce95480277e3eb374407b5505fe26f17df77c7dbc,8574587,transient_deleted_after_checksum_and_sampling,e68aec8eb922dc9b13d8c259ec90b7a90825bde70e41c7ec178d67f7a39e7bfb,0,full,raw_calculations/apbs/HY15_SEQ_02/HY15_SEQ_02__ebv__EBV_IEDB_156b80230e03__s3/eps4/full.in,90f9493abe7674acdae64385d8c36c93693b507971f4e2218020a666c8045820,HY15_SEQ_02__ebv__EBV_IEDB_156b80230e03__s3,HY15_SEQ_02,3,4.0,complete,raw_calculations/apbs/HY15_SEQ_02/HY15_SEQ_02__ebv__EBV_IEDB_156b80230e03__s3/eps4/full.stderr.txt,raw_calculations/apbs/HY15_SEQ_02/HY15_SEQ_02__ebv__EBV_IEDB_156b80230e03__s3/eps4/full.stdout.txt
ebv,EBV_IEDB_156b80230e03,ubuntu@sha256:2edbbc5dc405e9612ba3584ce95480277e3eb374407b5505fe26f17df77c7dbc,8673951,transient_deleted_after_checksum_and_sampling,5ad4425e16acd34f2e1f7d2c97f4607cb403969434ed94a35dc489ccb6411a7a,0,hla_only,raw_calculations/apbs/HY15_SEQ_02/HY15_SEQ_02__ebv__EBV_IEDB_156b80230e03__s3/eps4/hla_only.in,0b2de8535c6cf857852cca7c6ebb4df790b272b05d19aa346364118d360fa2bb,HY15_SEQ_02__ebv__EBV_IEDB_156b80230e03__s3,HY15_SEQ_02,3,4.0,complete,raw_calculations/apbs/HY15_SEQ_02/HY15_SEQ_02__ebv__EBV_IEDB_156b80230e03__s3/eps4/hla_only.stderr.txt,raw_calculations/apbs/HY15_SEQ_02/HY15_SEQ_02__ebv__EBV_IEDB_156b80230e03__s3/eps4/hla_only.stdout.txt
ebv,EBV_IEDB_156b80230e03,ubuntu@sha256:2edbbc5dc405e9612ba3584ce95480277e3eb374407b5505fe26f17df77c7dbc,8580197,transient_deleted_after_checksum_and_sampling,eec1434f8c81d545d992ee10fd29b5590b53b6d08bdba6ae8ba6d32e1fbd9f53,0,full,raw_calculations/apbs/HY15_SEQ_02/HY15_SEQ_02__ebv__EBV_IEDB_156b80230e03__s3/eps8/full.in,74ee36eac06f01dd68cc589df7a44f79a70c4f95942694a1c8af01d4315fca7d,HY15_SEQ_02__ebv__EBV_IEDB_156b80230e03__s3,HY15_SEQ_02,3,8.0,complete,raw_calculations/apbs/HY15_SEQ_02/HY15_SEQ_02__ebv__EBV_IEDB_156b80230e03__s3/eps8/full.stderr.txt,raw_calculations/apbs/HY15_SEQ_02/HY15_SEQ_02__ebv__EBV_IEDB_156b80230e03__s3/eps8/full.stdout.txt
ebv,EBV_IEDB_156b80230e03,ubuntu@sha256:2edbbc5dc405e9612ba3584ce95480277e3eb374407b5505fe26f17df77c7dbc,8680424,transient_deleted_after_checksum_and_sampling,1d3f4368e7aeb3bfa6835785043317c3eccd574fcf55efcec4cb5846a67743f5,0,hla_only,raw_calculations/apbs/HY15_SEQ_02/HY15_SEQ_02__ebv__EBV_IEDB_156b80230e03__s3/eps8/hla_only.in,699bb4f22d0696f1de41d4121f45c95ed13eb3bb1412ad2c971117748541c284,HY15_SEQ_02__ebv__EBV_IEDB_156b80230e03__s3,HY15_SEQ_02,3,8.0,complete,raw_calculations/apbs/HY15_SEQ_02/HY15_SEQ_02__ebv__EBV_IEDB_156b80230e03__s3/eps8/hla_only.stderr.txt,raw_calculations/apbs/HY15_SEQ_02/HY15_SEQ_02__ebv__EBV_IEDB_156b80230e03__s3/eps8/hla_only.stdout.txt
ebv,EBV_IEDB_156b80230e03,ubuntu@sha256:2edbbc5dc405e9612ba3584ce95480277e3eb374407b5505fe26f17df77c7dbc,8524774,transient_deleted_after_checksum_and_sampling,fb92eeae9672f04369138d3f60494ef15ffd002afe3631ad57160ba98aad75df,0,full,raw_calculations/apbs/HY15_SEQ_02/HY15_SEQ_02__ebv__EBV_IEDB_156b80230e03__s4/eps2/full.in,ba7e8ed8261964eacc26bbb954a7df01a8acec74749f5a71785abf42ca0c3054,HY15_SEQ_02__ebv__EBV_IEDB_156b80230e03__s4,HY15_SEQ_02,4,2.0,complete,raw_calculations/apbs/HY15_SEQ_02/HY15_SEQ_02__ebv__EBV_IEDB_156b80230e03__s4/eps2/full.stderr.txt,raw_calculations/apbs/HY15_SEQ_02/HY15_SEQ_02__ebv__EBV_IEDB_156b80230e03__s4/eps2/full.stdout.txt
ebv,EBV_IEDB_156b80230e03,ubuntu@sha256:2edbbc5dc405e9612ba3584ce95480277e3eb374407b5505fe26f17df77c7dbc,8662271,transient_deleted_after_checksum_and_sampling,d44f8f59e1e8fc7cc76e2810573d027c4819d16f2fb7cdc014b535a7edffafe1,0,hla_only,raw_calculations/apbs/HY15_SEQ_02/HY15_SEQ_02__ebv__EBV_IEDB_156b80230e03__s4/eps2/hla_only.in,39f0edf5bf4e851f6259e07cfbf0dc5c5de5ece58dd16f1df8184274b4631aed,HY15_SEQ_02__ebv__EBV_IEDB_156b80230e03__s4,HY15_SEQ_02,4,2.0,complete,raw_calculations/apbs/HY15_SEQ_02/HY15_SEQ_02__ebv__EBV_IEDB_156b80230e03__s4/eps2/hla_only.stderr.txt,raw_calculations/apbs/HY15_SEQ_02/HY15_SEQ_02__ebv__EBV_IEDB_156b80230e03__s4/eps2/hla_only.stdout.txt
ebv,EBV_IEDB_156b80230e03,ubuntu@sha256:2edbbc5dc405e9612ba3584ce95480277e3eb374407b5505fe26f17df77c7dbc,8523727,transient_deleted_after_checksum_and_sampling,6bb71a3b6c62fd0dc6da2889beb6bfe2cf4d282e63612d79ab494adf3dd403d6,0,full,raw_calculations/apbs/HY15_SEQ_02/HY15_SEQ_02__ebv__EBV_IEDB_156b80230e03__s4/eps4/full.in,db5c3064f2829462e56ce5628137619b9c5254d28e8f5a8a08867b5d6b3c1dfa,HY15_SEQ_02__ebv__EBV_IEDB_156b80230e03__s4,HY15_SEQ_02,4,4.0,complete,raw_calculations/apbs/HY15_SEQ_02/HY15_SEQ_02__ebv__EBV_IEDB_156b80230e03__s4/eps4/full.stderr.txt,raw_calculations/apbs/HY15_SEQ_02/HY15_SEQ_02__ebv__EBV_IEDB_156b80230e03__s4/eps4/full.stdout.txt
ebv,EBV_IEDB_156b80230e03,ubuntu@sha256:2edbbc5dc405e9612ba3584ce95480277e3eb374407b5505fe26f17df77c7dbc,8665759,transient_deleted_after_checksum_and_sampling,d42d2a85ff038ebcce3a4ec6f0ed031770ff2e8a0df895015e93910e909b92c9,0,hla_only,raw_calculations/apbs/HY15_SEQ_02/HY15_SEQ_02__ebv__EBV_IEDB_156b80230e03__s4/eps4/hla_only.in,4fbc06ce282711420a8ad59b57104308c702b1ecd64994cf7e37e2f9754e8e44,HY15_SEQ_02__ebv__EBV_IEDB_156b80230e03__s4,HY15_SEQ_02,4,4.0,complete,raw_calculations/apbs/HY15_SEQ_02/HY15_SEQ_02__ebv__EBV_IEDB_156b80230e03__s4/eps4/hla_only.stderr.txt,raw_calculations/apbs/HY15_SEQ_02/HY15_SEQ_02__ebv__EBV_IEDB_156b80230e03__s4/eps4/hla_only.stdout.txt
ebv,EBV_IEDB_156b80230e03,ubuntu@sha256:2edbbc5dc405e9612ba3584ce95480277e3eb374407b5505fe26f17df77c7dbc,8527058,transient_deleted_after_checksum_and_sampling,60de63642b20b995a6adf6ab080d1444d98326e75f1d5566bc6b64d62761371e,0,full,raw_calculations/apbs/HY15_SEQ_02/HY15_SEQ_02__ebv__EBV_IEDB_156b80230e03__s4/eps8/full.in,13f90e4d9b7550e0e86cd1a304410c5cf6fd38dd2634f982db521e54b3120d35,HY15_SEQ_02__ebv__EBV_IEDB_156b80230e03__s4,HY15_SEQ_02,4,8.0,complete,raw_calculations/apbs/HY15_SEQ_02/HY15_SEQ_02__ebv__EBV_IEDB_156b80230e03__s4/eps8/full.stderr.txt,raw_calculations/apbs/HY15_SEQ_02/HY15_SEQ_02__ebv__EBV_IEDB_156b80230e03__s4/eps8/full.stdout.txt
ebv,EBV_IEDB_156b80230e03,ubuntu@sha256:2edbbc5dc405e9612ba3584ce95480277e3eb374407b5505fe26f17df77c7dbc,8672201,transient_deleted_after_checksum_and_sampling,0d62024d739fee5ac260ab70354281f7ee8ef1cc1e6f37d1bb15c88730c20e1a,0,hla_only,raw_calculations/apbs/HY15_SEQ_02/HY15_SEQ_02__ebv__EBV_IEDB_156b80230e03__s4/eps8/hla_only.in,f1c4702cc2b003f929fb9b69fde53076f7c314708d987a9b2f336e1f27bda352,HY15_SEQ_02__ebv__EBV_IEDB_156b80230e03__s4,HY15_SEQ_02,4,8.0,complete,raw_calculations/apbs/HY15_SEQ_02/HY15_SEQ_02__ebv__EBV_IEDB_156b80230e03__s4/eps8/hla_only.stderr.txt,raw_calculations/apbs/HY15_SEQ_02/HY15_SEQ_02__ebv__EBV_IEDB_156b80230e03__s4/eps8/hla_only.stdout.txt
ebv,EBV_IEDB_1a9b8e312086,ubuntu@sha256:2edbbc5dc405e9612ba3584ce95480277e3eb374407b5505fe26f17df77c7dbc,8560460,transient_deleted_after_checksum_and_sampling,f06396b20f6bf4ac1716fcacbf9d481339a136be411bdbcf29b16af5ccd88f93,0,full,raw_calculations/apbs/HY15_SEQ_02/HY15_SEQ_02__ebv__EBV_IEDB_1a9b8e312086__s0/eps2/full.in,f771617029b4fcee3c53dd9a40a74ffc3b71f889754c9b06b1ae5dc9294ca84e,HY15_SEQ_02__ebv__EBV_IEDB_1a9b8e312086__s0,HY15_SEQ_02,0,2.0,complete,raw_calculations/apbs/HY15_SEQ_02/HY15_SEQ_02__ebv__EBV_IEDB_1a9b8e312086__s0/eps2/full.stderr.txt,raw_calculations/apbs/HY15_SEQ_02/HY15_SEQ_02__ebv__EBV_IEDB_1a9b8e312086__s0/eps2/full.stdout.txt
ebv,EBV_IEDB_1a9b8e312086,ubuntu@sha256:2edbbc5dc405e9612ba3584ce95480277e3eb374407b5505fe26f17df77c7dbc,8666983,transient_deleted_after_checksum_and_sampling,6d0a6c30fc6519c52bffdd4977fabc942f8d2e652ea6ee724793ca9b88628363,0,hla_only,raw_calculations/apbs/HY15_SEQ_02/HY15_SEQ_02__ebv__EBV_IEDB_1a9b8e312086__s0/eps2/hla_only.in,51fbe7cc2ab7e214637b684badc4e01788fbe2b87d900292e4222cc501d76695,HY15_SEQ_02__ebv__EBV_IEDB_1a9b8e312086__s0,HY15_SEQ_02,0,2.0,complete,raw_calculations/apbs/HY15_SEQ_02/HY15_SEQ_02__ebv__EBV_IEDB_1a9b8e312086__s0/eps2/hla_only.stderr.txt,raw_calculations/apbs/HY15_SEQ_02/HY15_SEQ_02__ebv__EBV_IEDB_1a9b8e312086__s0/eps2/hla_only.stdout.txt
ebv,EBV_IEDB_1a9b8e312086,ubuntu@sha256:2edbbc5dc405e9612ba3584ce95480277e3eb374407b5505fe26f17df77c7dbc,8562886,transient_deleted_after_checksum_and_sampling,454399af5487ed1a75f06a1d5874d0ae6cc6653ec5b78107b9968c79c9447b29,0,full,raw_calculations/apbs/HY15_SEQ_02/HY15_SEQ_02__ebv__EBV_IEDB_1a9b8e312086__s0/eps4/full.in,9df03e7f08af1eb3e547be4b7236745ba1cd11a2eb8698a7e383157beef59945,HY15_SEQ_02__ebv__EBV_IEDB_1a9b8e312086__s0,HY15_SEQ_02,0,4.0,complete,raw_calculations/apbs/HY15_SEQ_02/HY15_SEQ_02__ebv__EBV_IEDB_1a9b8e312086__s0/eps4/full.stderr.txt,raw_calculations/apbs/HY15_SEQ_02/HY15_SEQ_02__ebv__EBV_IEDB_1a9b8e312086__s0/eps4/full.stdout.txt
ebv,EBV_IEDB_1a9b8e312086,ubuntu@sha256:2edbbc5dc405e9612ba3584ce95480277e3eb374407b5505fe26f17df77c7dbc,8671387,transient_deleted_after_checksum_and_sampling,52b9b7574627cc10056c4979398883f74145e3b00fb4f6ceef1cb69b23685074,0,hla_only,raw_calculations/apbs/HY15_SEQ_02/HY15_SEQ_02__ebv__EBV_IEDB_1a9b8e312086__s0/eps4/hla_only.in,5f153817ead294ef08dd393fdb138fd8d67394eb38c4fb4260980e5ef7e778b1,HY15_SEQ_02__ebv__EBV_IEDB_1a9b8e312086__s0,HY15_SEQ_02,0,4.0,complete,raw_calculations/apbs/HY15_SEQ_02/HY15_SEQ_02__ebv__EBV_IEDB_1a9b8e312086__s0/eps4/hla_only.stderr.txt,raw_calculations/apbs/HY15_SEQ_02/HY15_SEQ_02__ebv__EBV_IEDB_1a9b8e312086__s0/eps4/hla_only.stdout.txt
ebv,EBV_IEDB_1a9b8e312086,ubuntu@sha256:2edbbc5dc405e9612ba3584ce95480277e3eb374407b5505fe26f17df77c7dbc,8571027,transient_deleted_after_checksum_and_sampling,95791c34cbcd8e1b46446dc4506f8f5a8dee7c1c1bf7fc9095dc1bd7d85b24c7,0,full,raw_calculations/apbs/HY15_SEQ_02/HY15_SEQ_02__ebv__EBV_IEDB_1a9b8e312086__s0/eps8/full.in,3eeeee9ef352185426abee55b9132feccc306aace32acd720dc7896d70cb66c6,HY15_SEQ_02__ebv__EBV_IEDB_1a9b8e312086__s0,HY15_SEQ_02,0,8.0,complete,raw_calculations/apbs/HY15_SEQ_02/HY15_SEQ_02__ebv__EBV_IEDB_1a9b8e312086__s0/eps8/full.stderr.txt,raw_calculations/apbs/HY15_SEQ_02/HY15_SEQ_02__ebv__EBV_IEDB_1a9b8e312086__s0/eps8/full.stdout.txt
ebv,EBV_IEDB_1a9b8e312086,ubuntu@sha256:2edbbc5dc405e9612ba3584ce95480277e3eb374407b5505fe26f17df77c7dbc,8679116,transient_deleted_after_checksum_and_sampling,35733a393b1a5af9a98e7dc20aaf9bf4e6ccf1a0661254312c618ee82c6c4cb9,0,hla_only,raw_calculations/apbs/HY15_SEQ_02/HY15_SEQ_02__ebv__EBV_IEDB_1a9b8e312086__s0/eps8/hla_only.in,9148797056df599fa864158c4cbcce65a65f4048c91bcf632e380fe909ac9c5a,HY15_SEQ_02__ebv__EBV_IEDB_1a9b8e312086__s0,HY15_SEQ_02,0,8.0,complete,raw_calculations/apbs/HY15_SEQ_02/HY15_SEQ_02__ebv__EBV_IEDB_1a9b8e312086__s0/eps8/hla_only.stderr.txt,raw_calculations/apbs/HY15_SEQ_02/HY15_SEQ_02__ebv__EBV_IEDB_1a9b8e312086__s0/eps8/hla_only.stdout.txt
ebv,EBV_IEDB_1a9b8e312086,ubuntu@sha256:2edbbc5dc405e9612ba3584ce95480277e3eb374407b5505fe26f17df77c7dbc,8576402,transient_deleted_after_checksum_and_sampling,07e2221b0e726b1dba39f3d792b38ed8d25c8893bf0b66e0493afd8f5ec75bb1,0,full,raw_calculations/apbs/HY15_SEQ_02/HY15_SEQ_02__ebv__EBV_IEDB_1a9b8e312086__s1/eps2/full.in,c0e1a8408d08d6d53fcc31247e0bdf06dc1b3a68417d8e9959bd8d28edf3c212,HY15_SEQ_02__ebv__EBV_IEDB_1a9b8e312086__s1,HY15_SEQ_02,1,2.0,complete,raw_calculations/apbs/HY15_SEQ_02/HY15_SEQ_02__ebv__EBV_IEDB_1a9b8e312086__s1/eps2/full.stderr.txt,raw_calculations/apbs/HY15_SEQ_02/HY15_SEQ_02__ebv__EBV_IEDB_1a9b8e312086__s1/eps2/full.stdout.txt
ebv,EBV_IEDB_1a9b8e312086,ubuntu@sha256:2edbbc5dc405e9612ba3584ce95480277e3eb374407b5505fe26f17df77c7dbc,8677064,transient_deleted_after_checksum_and_sampling,640c6b154e74f3a4fd5e809494ca6e5389cdcd10c0e40d0b5ecd862b9426d3b7,0,hla_only,raw_calculations/apbs/HY15_SEQ_02/HY15_SEQ_02__ebv__EBV_IEDB_1a9b8e312086__s1/eps2/hla_only.in,4b56c314c7ae278f62ad3096ed80d165f30c021a7482212aac5c8c7ccccc4e7f,HY15_SEQ_02__ebv__EBV_IEDB_1a9b8e312086__s1,HY15_SEQ_02,1,2.0,complete,raw_calculations/apbs/HY15_SEQ_02/HY15_SEQ_02__ebv__EBV_IEDB_1a9b8e312086__s1/eps2/hla_only.stderr.txt,raw_calculations/apbs/HY15_SEQ_02/HY15_SEQ_02__ebv__EBV_IEDB_1a9b8e312086__s1/eps2/hla_only.stdout.txt
ebv,EBV_IEDB_1a9b8e312086,ubuntu@sha256:2edbbc5dc405e9612ba3584ce95480277e3eb374407b5505fe26f17df77c7dbc,8580153,transient_deleted_after_checksum_and_sampling,dac2c662204aa31b534233e43c0d5d669b536c27874d786e956657aa1109ce82,0,full,raw_calculations/apbs/HY15_SEQ_02/HY15_SEQ_02__ebv__EBV_IEDB_1a9b8e312086__s1/eps4/full.in,147642faba94df3187d0185a5c316d5a856a9c31e084e6615241f18ddf1c2372,HY15_SEQ_02__ebv__EBV_IEDB_1a9b8e312086__s1,HY15_SEQ_02,1,4.0,complete,raw_calculations/apbs/HY15_SEQ_02/HY15_SEQ_02__ebv__EBV_IEDB_1a9b8e312086__s1/eps4/full.stderr.txt,raw_calculations/apbs/HY15_SEQ_02/HY15_SEQ_02__ebv__EBV_IEDB_1a9b8e312086__s1/eps4/full.stdout.txt
ebv,EBV_IEDB_1a9b8e312086,ubuntu@sha256:2edbbc5dc405e9612ba3584ce95480277e3eb374407b5505fe26f17df77c7dbc,8682221,transient_deleted_after_checksum_and_sampling,a4bcd1df9c5dc4e21713b7ceb0eb76b0f1ee5fa4a7c27345051b9700d1378a5c,0,hla_only,raw_calculations/apbs/HY15_SEQ_02/HY15_SEQ_02__ebv__EBV_IEDB_1a9b8e312086__s1/eps4/hla_only.in,d1873e893e3c9ff332ab9ce1aa6bdee939d2748c84c98ae5fb1ea32bb3b54f4e,HY15_SEQ_02__ebv__EBV_IEDB_1a9b8e312086__s1,HY15_SEQ_02,1,4.0,complete,raw_calculations/apbs/HY15_SEQ_02/HY15_SEQ_02__ebv__EBV_IEDB_1a9b8e312086__s1/eps4/hla_only.stderr.txt,raw_calculations/apbs/HY15_SEQ_02/HY15_SEQ_02__ebv__EBV_IEDB_1a9b8e312086__s1/eps4/hla_only.stdout.txt
ebv,EBV_IEDB_1a9b8e312086,ubuntu@sha256:2edbbc5dc405e9612ba3584ce95480277e3eb374407b5505fe26f17df77c7dbc,8587646,transient_deleted_after_checksum_and_sampling,02bae8d11f91373df6480c12c1b86468fcc172fe46306ef030e920147901bb6b,0,full,raw_calculations/apbs/HY15_SEQ_02/HY15_SEQ_02__ebv__EBV_IEDB_1a9b8e312086__s1/eps8/full.in,570ba413736cc497e7a47eae899b6a224f1f47d57aeb0740748661f5e89db140,HY15_SEQ_02__ebv__EBV_IEDB_1a9b8e312086__s1,HY15_SEQ_02,1,8.0,complete,raw_calculations/apbs/HY15_SEQ_02/HY15_SEQ_02__ebv__EBV_IEDB_1a9b8e312086__s1/eps8/full.stderr.txt,raw_calculations/apbs/HY15_SEQ_02/HY15_SEQ_02__ebv__EBV_IEDB_1a9b8e312086__s1/eps8/full.stdout.txt
ebv,EBV_IEDB_1a9b8e312086,ubuntu@sha256:2edbbc5dc405e9612ba3584ce95480277e3eb374407b5505fe26f17df77c7dbc,8689976,transient_deleted_after_checksum_and_sampling,279c76bc99fc94c499d8d97447c3af185600879a19bc80bf4d539fc11e6cf08e,0,hla_only,raw_calculations/apbs/HY15_SEQ_02/HY15_SEQ_02__ebv__EBV_IEDB_1a9b8e312086__s1/eps8/hla_only.in,c8c21bce396154ed5edbfda1f4be0c2883fc300793b574ae8fcb74605dc1904c,HY15_SEQ_02__ebv__EBV_IEDB_1a9b8e312086__s1,HY15_SEQ_02,1,8.0,complete,raw_calculations/apbs/HY15_SEQ_02/HY15_SEQ_02__ebv__EBV_IEDB_1a9b8e312086__s1/eps8/hla_only.stderr.txt,raw_calculations/apbs/HY15_SEQ_02/HY15_SEQ_02__ebv__EBV_IEDB_1a9b8e312086__s1/eps8/hla_only.stdout.txt
ebv,EBV_IEDB_1a9b8e312086,ubuntu@sha256:2edbbc5dc405e9612ba3584ce95480277e3eb374407b5505fe26f17df77c7dbc,8568437,transient_deleted_after_checksum_and_sampling,9b273b9ee692560090b0773cf85a42ad9f1c22f01d0fe24968f283612384a4f4,0,full,raw_calculations/apbs/HY15_SEQ_02/HY15_SEQ_02__ebv__EBV_IEDB_1a9b8e312086__s2/eps2/full.in,fc4e0af51eb94877473aab20402285adea16181da237b696cf895289a7a727af,HY15_SEQ_02__ebv__EBV_IEDB_1a9b8e312086__s2,HY15_SEQ_02,2,2.0,complete,raw_calculations/apbs/HY15_SEQ_02/HY15_SEQ_02__ebv__EBV_IEDB_1a9b8e312086__s2/eps2/full.stderr.txt,raw_calculations/apbs/HY15_SEQ_02/HY15_SEQ_02__ebv__EBV_IEDB_1a9b8e312086__s2/eps2/full.stdout.txt
ebv,EBV_IEDB_1a9b8e312086,ubuntu@sha256:2edbbc5dc405e9612ba3584ce95480277e3eb374407b5505fe26f17df77c7dbc,8666820,transient_deleted_after_checksum_and_sampling,1951b6690818cdddc346e8cd1de3d84d8b005fa2a93be9a0103fba26ae04a9f4,0,hla_only,raw_calculations/apbs/HY15_SEQ_02/HY15_SEQ_02__ebv__EBV_IEDB_1a9b8e312086__s2/eps2/hla_only.in,171a4546a2d34d4f8db88759f56a1eed207f9b33c630f13f8e6469556a8d52bd,HY15_SEQ_02__ebv__EBV_IEDB_1a9b8e312086__s2,HY15_SEQ_02,2,2.0,complete,raw_calculations/apbs/HY15_SEQ_02/HY15_SEQ_02__ebv__EBV_IEDB_1a9b8e312086__s2/eps2/hla_only.stderr.txt,raw_calculations/apbs/HY15_SEQ_02/HY15_SEQ_02__ebv__EBV_IEDB_1a9b8e312086__s2/eps2/hla_only.stdout.txt
ebv,EBV_IEDB_1a9b8e312086,ubuntu@sha256:2edbbc5dc405e9612ba3584ce95480277e3eb374407b5505fe26f17df77c7dbc,8573269,transient_deleted_after_checksum_and_sampling,330a4a8d26bc6d9dd594e8246f1d7a691ae6792cb350e60942ca07067b5ab027,0,full,raw_calculations/apbs/HY15_SEQ_02/HY15_SEQ_02__ebv__EBV_IEDB_1a9b8e312086__s2/eps4/full.in,a5a2ec58016fae761465e5dcd1290061777dae74121fa7f8abb04ffc5d0987b7,HY15_SEQ_02__ebv__EBV_IEDB_1a9b8e312086__s2,HY15_SEQ_02,2,4.0,complete,raw_calculations/apbs/HY15_SEQ_02/HY15_SEQ_02__ebv__EBV_IEDB_1a9b8e312086__s2/eps4/full.stderr.txt,raw_calculations/apbs/HY15_SEQ_02/HY15_SEQ_02__ebv__EBV_IEDB_1a9b8e312086__s2/eps4/full.stdout.txt
ebv,EBV_IEDB_1a9b8e312086,ubuntu@sha256:2edbbc5dc405e9612ba3584ce95480277e3eb374407b5505fe26f17df77c7dbc,8672013,transient_deleted_after_checksum_and_sampling,b8ac28b1a32a4111a230406f8abbf6b86ed74e6b4296295967117ea6e39e6edf,0,hla_only,raw_calculations/apbs/HY15_SEQ_02/HY15_SEQ_02__ebv__EBV_IEDB_1a9b8e312086__s2/eps4/hla_only.in,5f1335f3db80eee1f3348c002b837bf2b92fd4ead1cdcbaea443b533525e7d47,HY15_SEQ_02__ebv__EBV_IEDB_1a9b8e312086__s2,HY15_SEQ_02,2,4.0,complete,raw_calculations/apbs/HY15_SEQ_02/HY15_SEQ_02__ebv__EBV_IEDB_1a9b8e312086__s2/eps4/hla_only.stderr.txt,raw_calculations/apbs/HY15_SEQ_02/HY15_SEQ_02__ebv__EBV_IEDB_1a9b8e312086__s2/eps4/hla_only.stdout.txt
ebv,EBV_IEDB_1a9b8e312086,ubuntu@sha256:2edbbc5dc405e9612ba3584ce95480277e3eb374407b5505fe26f17df77c7dbc,8582201,transient_deleted_after_checksum_and_sampling,d016a76dff89e2ac6b3c2b5dc52f9968d943f38ee7754438558786abb07eb3ea,0,full,raw_calculations/apbs/HY15_SEQ_02/HY15_SEQ_02__ebv__EBV_IEDB_1a9b8e312086__s2/eps8/full.in,27b19dcb0402d038cf9a887f5720aad96e50c74fa84234ff08b1dc82c63abdb8,HY15_SEQ_02__ebv__EBV_IEDB_1a9b8e312086__s2,HY15_SEQ_02,2,8.0,complete,raw_calculations/apbs/HY15_SEQ_02/HY15_SEQ_02__ebv__EBV_IEDB_1a9b8e312086__s2/eps8/full.stderr.txt,raw_calculations/apbs/HY15_SEQ_02/HY15_SEQ_02__ebv__EBV_IEDB_1a9b8e312086__s2/eps8/full.stdout.txt
ebv,EBV_IEDB_1a9b8e312086,ubuntu@sha256:2edbbc5dc405e9612ba3584ce95480277e3eb374407b5505fe26f17df77c7dbc,8680026,transient_deleted_after_checksum_and_sampling,b6f35244d12ae07cdac1439e149e1a7dbdc70216a388a01d2302fae33c04eb0e,0,hla_only,raw_calculations/apbs/HY15_SEQ_02/HY15_SEQ_02__ebv__EBV_IEDB_1a9b8e312086__s2/eps8/hla_only.in,feb3640d8e52b045b33f87c2359adfbe0e0c11c5fecd5cb452c4940979cf3773,HY15_SEQ_02__ebv__EBV_IEDB_1a9b8e312086__s2,HY15_SEQ_02,2,8.0,complete,raw_calculations/apbs/HY15_SEQ_02/HY15_SEQ_02__ebv__EBV_IEDB_1a9b8e312086__s2/eps8/hla_only.stderr.txt,raw_calculations/apbs/HY15_SEQ_02/HY15_SEQ_02__ebv__EBV_IEDB_1a9b8e312086__s2/eps8/hla_only.stdout.txt
ebv,EBV_IEDB_1a9b8e312086,ubuntu@sha256:2edbbc5dc405e9612ba3584ce95480277e3eb374407b5505fe26f17df77c7dbc,8566599,transient_deleted_after_checksum_and_sampling,901fa163b1010ad2b996d8231746a53adc895ee31457a043576c2dd7d1b960c0,0,full,raw_calculations/apbs/HY15_SEQ_02/HY15_SEQ_02__ebv__EBV_IEDB_1a9b8e312086__s3/eps2/full.in,5bc557f60af9d288e3383684273d5efb551364993068aa1cde28c6bcacaa53d6,HY15_SEQ_02__ebv__EBV_IEDB_1a9b8e312086__s3,HY15_SEQ_02,3,2.0,complete,raw_calculations/apbs/HY15_SEQ_02/HY15_SEQ_02__ebv__EBV_IEDB_1a9b8e312086__s3/eps2/full.stderr.txt,raw_calculations/apbs/HY15_SEQ_02/HY15_SEQ_02__ebv__EBV_IEDB_1a9b8e312086__s3/eps2/full.stdout.txt
ebv,EBV_IEDB_1a9b8e312086,ubuntu@sha256:2edbbc5dc405e9612ba3584ce95480277e3eb374407b5505fe26f17df77c7dbc,8667351,transient_deleted_after_checksum_and_sampling,ee26c6d0bcf12e088367c7e50941c594c659486e8ff76cc6862ec6a19f6e0a75,0,hla_only,raw_calculations/apbs/HY15_SEQ_02/HY15_SEQ_02__ebv__EBV_IEDB_1a9b8e312086__s3/eps2/hla_only.in,ce8dfbcd587cc4ac3610c80d88c6edda61c26d56c990c83fca656c357ee4289b,HY15_SEQ_02__ebv__EBV_IEDB_1a9b8e312086__s3,HY15_SEQ_02,3,2.0,complete,raw_calculations/apbs/HY15_SEQ_02/HY15_SEQ_02__ebv__EBV_IEDB_1a9b8e312086__s3/eps2/hla_only.stderr.txt,raw_calculations/apbs/HY15_SEQ_02/HY15_SEQ_02__ebv__EBV_IEDB_1a9b8e312086__s3/eps2/hla_only.stdout.txt
ebv,EBV_IEDB_1a9b8e312086,ubuntu@sha256:2edbbc5dc405e9612ba3584ce95480277e3eb374407b5505fe26f17df77c7dbc,8570761,transient_deleted_after_checksum_and_sampling,07b4949d380a757380ede00eaafbbd98f274936c52bee7d054a3623910cfdc3e,0,full,raw_calculations/apbs/HY15_SEQ_02/HY15_SEQ_02__ebv__EBV_IEDB_1a9b8e312086__s3/eps4/full.in,6119636dfaa98399e1cff4bf471f491a3d42f9b0485e864da3ab8dba43f1e88e,HY15_SEQ_02__ebv__EBV_IEDB_1a9b8e312086__s3,HY15_SEQ_02,3,4.0,complete,raw_calculations/apbs/HY15_SEQ_02/HY15_SEQ_02__ebv__EBV_IEDB_1a9b8e312086__s3/eps4/full.stderr.txt,raw_calculations/apbs/HY15_SEQ_02/HY15_SEQ_02__ebv__EBV_IEDB_1a9b8e312086__s3/eps4/full.stdout.txt
ebv,EBV_IEDB_1a9b8e312086,ubuntu@sha256:2edbbc5dc405e9612ba3584ce95480277e3eb374407b5505fe26f17df77c7dbc,8671379,transient_deleted_after_checksum_and_sampling,01833090b4fe0a5e16c54f0c29f4229860ad9bfbfc15b56a3b855c2e73fe3add,0,hla_only,raw_calculations/apbs/HY15_SEQ_02/HY15_SEQ_02__ebv__EBV_IEDB_1a9b8e312086__s3/eps4/hla_only.in,a1af8ac1951f56fdbfa6d5d87b4f87172bf20ab8a340f6dd283587e98de8dd90,HY15_SEQ_02__ebv__EBV_IEDB_1a9b8e312086__s3,HY15_SEQ_02,3,4.0,complete,raw_calculations/apbs/HY15_SEQ_02/HY15_SEQ_02__ebv__EBV_IEDB_1a9b8e312086__s3/eps4/hla_only.stderr.txt,raw_calculations/apbs/HY15_SEQ_02/HY15_SEQ_02__ebv__EBV_IEDB_1a9b8e312086__s3/eps4/hla_only.stdout.txt
ebv,EBV_IEDB_1a9b8e312086,ubuntu@sha256:2edbbc5dc405e9612ba3584ce95480277e3eb374407b5505fe26f17df77c7dbc,8578388,transient_deleted_after_checksum_and_sampling,744d3ccb6ba5debdc50ab41cbec038ee460b8a79f98e693f217b6c4e98505836,0,full,raw_calculations/apbs/HY15_SEQ_02/HY15_SEQ_02__ebv__EBV_IEDB_1a9b8e312086__s3/eps8/full.in,48ccae6df2f5dd33ca081cf3515c9df83ea143dacf710be283a3cc4a5d44538c,HY15_SEQ_02__ebv__EBV_IEDB_1a9b8e312086__s3,HY15_SEQ_02,3,8.0,complete,raw_calculations/apbs/HY15_SEQ_02/HY15_SEQ_02__ebv__EBV_IEDB_1a9b8e312086__s3/eps8/full.stderr.txt,raw_calculations/apbs/HY15_SEQ_02/HY15_SEQ_02__ebv__EBV_IEDB_1a9b8e312086__s3/eps8/full.stdout.txt
ebv,EBV_IEDB_1a9b8e312086,ubuntu@sha256:2edbbc5dc405e9612ba3584ce95480277e3eb374407b5505fe26f17df77c7dbc,8678160,transient_deleted_after_checksum_and_sampling,5ea400844a955ff3e75a7f90098c919c536f1e67a3c7dc660f6fd77152ad7b25,0,hla_only,raw_calculations/apbs/HY15_SEQ_02/HY15_SEQ_02__ebv__EBV_IEDB_1a9b8e312086__s3/eps8/hla_only.in,ae41aa204608945e6d85cc96a662cebfc755536779482c46097af70168c77c45,HY15_SEQ_02__ebv__EBV_IEDB_1a9b8e312086__s3,HY15_SEQ_02,3,8.0,complete,raw_calculations/apbs/HY15_SEQ_02/HY15_SEQ_02__ebv__EBV_IEDB_1a9b8e312086__s3/eps8/hla_only.stderr.txt,raw_calculations/apbs/HY15_SEQ_02/HY15_SEQ_02__ebv__EBV_IEDB_1a9b8e312086__s3/eps8/hla_only.stdout.txt
ebv,EBV_IEDB_1a9b8e312086,ubuntu@sha256:2edbbc5dc405e9612ba3584ce95480277e3eb374407b5505fe26f17df77c7dbc,8557925,transient_deleted_after_checksum_and_sampling,18f7a2d37467f61327b6d984dcec3e96910a0b6de98cab58de130c9d4a8bb9b1,0,full,raw_calculations/apbs/HY15_SEQ_02/HY15_SEQ_02__ebv__EBV_IEDB_1a9b8e312086__s4/eps2/full.in,f8b0c072a0e15d9673b8a281f1a22ef3e40d1b79c6839508b18f2a2240632346,HY15_SEQ_02__ebv__EBV_IEDB_1a9b8e312086__s4,HY15_SEQ_02,4,2.0,complete,raw_calculations/apbs/HY15_SEQ_02/HY15_SEQ_02__ebv__EBV_IEDB_1a9b8e312086__s4/eps2/full.stderr.txt,raw_calculations/apbs/HY15_SEQ_02/HY15_SEQ_02__ebv__EBV_IEDB_1a9b8e312086__s4/eps2/full.stdout.txt
ebv,EBV_IEDB_1a9b8e312086,ubuntu@sha256:2edbbc5dc405e9612ba3584ce95480277e3eb374407b5505fe26f17df77c7dbc,8659640,transient_deleted_after_checksum_and_sampling,dd2a1594da714a40ad82bf05b2d92c0674463a261aac3bcd02bc241fa72fe337,0,hla_only,raw_calculations/apbs/HY15_SEQ_02/HY15_SEQ_02__ebv__EBV_IEDB_1a9b8e312086__s4/eps2/hla_only.in,74830cedff13201c9c47de45b132c905684672205e71b3d2315eea8c8bc5fbbe,HY15_SEQ_02__ebv__EBV_IEDB_1a9b8e312086__s4,HY15_SEQ_02,4,2.0,complete,raw_calculations/apbs/HY15_SEQ_02/HY15_SEQ_02__ebv__EBV_IEDB_1a9b8e312086__s4/eps2/hla_only.stderr.txt,raw_calculations/apbs/HY15_SEQ_02/HY15_SEQ_02__ebv__EBV_IEDB_1a9b8e312086__s4/eps2/hla_only.stdout.txt
ebv,EBV_IEDB_1a9b8e312086,ubuntu@sha256:2edbbc5dc405e9612ba3584ce95480277e3eb374407b5505fe26f17df77c7dbc,8561772,transient_deleted_after_checksum_and_sampling,6f021c1c6303c17ff600fe53ce3b113ea169a8b42fcdcf8dbd76f69554b02685,0,full,raw_calculations/apbs/HY15_SEQ_02/HY15_SEQ_02__ebv__EBV_IEDB_1a9b8e312086__s4/eps4/full.in,0829fa5217ea7dae06272acd521272ffed0a0a5234aaa3f72ebfdeb5fab5ada8,HY15_SEQ_02__ebv__EBV_IEDB_1a9b8e312086__s4,HY15_SEQ_02,4,4.0,complete,raw_calculations/apbs/HY15_SEQ_02/HY15_SEQ_02__ebv__EBV_IEDB_1a9b8e312086__s4/eps4/full.stderr.txt,raw_calculations/apbs/HY15_SEQ_02/HY15_SEQ_02__ebv__EBV_IEDB_1a9b8e312086__s4/eps4/full.stdout.txt
ebv,EBV_IEDB_1a9b8e312086,ubuntu@sha256:2edbbc5dc405e9612ba3584ce95480277e3eb374407b5505fe26f17df77c7dbc,8663369,transient_deleted_after_checksum_and_sampling,202e00b5b3115000068305568af345782a5f015f691418a254b49da7de7e66db,0,hla_only,raw_calculations/apbs/HY15_SEQ_02/HY15_SEQ_02__ebv__EBV_IEDB_1a9b8e312086__s4/eps4/hla_only.in,0866e0ff5c6296ae01f0d1ee45cd66e7d027e0f5e9cb2764d72da2b579939cdc,HY15_SEQ_02__ebv__EBV_IEDB_1a9b8e312086__s4,HY15_SEQ_02,4,4.0,complete,raw_calculations/apbs/HY15_SEQ_02/HY15_SEQ_02__ebv__EBV_IEDB_1a9b8e312086__s4/eps4/hla_only.stderr.txt,raw_calculations/apbs/HY15_SEQ_02/HY15_SEQ_02__ebv__EBV_IEDB_1a9b8e312086__s4/eps4/hla_only.stdout.txt
ebv,EBV_IEDB_1a9b8e312086,ubuntu@sha256:2edbbc5dc405e9612ba3584ce95480277e3eb374407b5505fe26f17df77c7dbc,8568816,transient_deleted_after_checksum_and_sampling,e788108b6d4c1da09b81ec65944ad1ffc5de115bcb88d701be359e2f8f64984f,0,full,raw_calculations/apbs/HY15_SEQ_02/HY15_SEQ_02__ebv__EBV_IEDB_1a9b8e312086__s4/eps8/full.in,34efb06d0d8fbb1f8fdb99a5e8124e0c4232956df62040b57dbd7e35453d376f,HY15_SEQ_02__ebv__EBV_IEDB_1a9b8e312086__s4,HY15_SEQ_02,4,8.0,complete,raw_calculations/apbs/HY15_SEQ_02/HY15_SEQ_02__ebv__EBV_IEDB_1a9b8e312086__s4/eps8/full.stderr.txt,raw_calculations/apbs/HY15_SEQ_02/HY15_SEQ_02__ebv__EBV_IEDB_1a9b8e312086__s4/eps8/full.stdout.txt
ebv,EBV_IEDB_1a9b8e312086,ubuntu@sha256:2edbbc5dc405e9612ba3584ce95480277e3eb374407b5505fe26f17df77c7dbc,8670040,transient_deleted_after_checksum_and_sampling,928078b3f07e0482fea8b297a5e7f5009817449cdb6dad18dd86189513a1ff42,0,hla_only,raw_calculations/apbs/HY15_SEQ_02/HY15_SEQ_02__ebv__EBV_IEDB_1a9b8e312086__s4/eps8/hla_only.in,e8ec06bb8f2f9dd028f04dafdce27a79e4da68706cea8d5168e545f18b693d07,HY15_SEQ_02__ebv__EBV_IEDB_1a9b8e312086__s4,HY15_SEQ_02,4,8.0,complete,raw_calculations/apbs/HY15_SEQ_02/HY15_SEQ_02__ebv__EBV_IEDB_1a9b8e312086__s4/eps8/hla_only.stderr.txt,raw_calculations/apbs/HY15_SEQ_02/HY15_SEQ_02__ebv__EBV_IEDB_1a9b8e312086__s4/eps8/hla_only.stdout.txt
ebv,EBV_IEDB_339d4044147d,ubuntu@sha256:2edbbc5dc405e9612ba3584ce95480277e3eb374407b5505fe26f17df77c7dbc,8635069,transient_deleted_after_checksum_and_sampling,2afbc24e505c72f647a3b8414f9efd306479b816b630749f5a85743c327eada9,0,full,raw_calculations/apbs/HY15_SEQ_02/HY15_SEQ_02__ebv__EBV_IEDB_339d4044147d__s0/eps2/full.in,afd5652a1f3573e4ea047d7f89b45cc7da4a383f85d362819227caf9e3c128c3,HY15_SEQ_02__ebv__EBV_IEDB_339d4044147d__s0,HY15_SEQ_02,0,2.0,complete,raw_calculations/apbs/HY15_SEQ_02/HY15_SEQ_02__ebv__EBV_IEDB_339d4044147d__s0/eps2/full.stderr.txt,raw_calculations/apbs/HY15_SEQ_02/HY15_SEQ_02__ebv__EBV_IEDB_339d4044147d__s0/eps2/full.stdout.txt
ebv,EBV_IEDB_339d4044147d,ubuntu@sha256:2edbbc5dc405e9612ba3584ce95480277e3eb374407b5505fe26f17df77c7dbc,8661563,transient_deleted_after_checksum_and_sampling,2e9caba19dcb5f9a4ec38317fcc86a0d59ad53d51ac57774f9e9ce8c1f75d581,0,hla_only,raw_calculations/apbs/HY15_SEQ_02/HY15_SEQ_02__ebv__EBV_IEDB_339d4044147d__s0/eps2/hla_only.in,86c1dd70804e8c07834177e9bb3a36bb2654712ada7437a57a939caae259d458,HY15_SEQ_02__ebv__EBV_IEDB_339d4044147d__s0,HY15_SEQ_02,0,2.0,complete,raw_calculations/apbs/HY15_SEQ_02/HY15_SEQ_02__ebv__EBV_IEDB_339d4044147d__s0/eps2/hla_only.stderr.txt,raw_calculations/apbs/HY15_SEQ_02/HY15_SEQ_02__ebv__EBV_IEDB_339d4044147d__s0/eps2/hla_only.stdout.txt
ebv,EBV_IEDB_339d4044147d,ubuntu@sha256:2edbbc5dc405e9612ba3584ce95480277e3eb374407b5505fe26f17df77c7dbc,8638580,transient_deleted_after_checksum_and_sampling,f09350ec9666e085949d80f972c6224277daed9072c256b8ad7f6ad821e499b0,0,full,raw_calculations/apbs/HY15_SEQ_02/HY15_SEQ_02__ebv__EBV_IEDB_339d4044147d__s0/eps4/full.in,96bdb19b2a48ee8efd59998237245aeef9159de8e98c757815335c98cdaf7457,HY15_SEQ_02__ebv__EBV_IEDB_339d4044147d__s0,HY15_SEQ_02,0,4.0,complete,raw_calculations/apbs/HY15_SEQ_02/HY15_SEQ_02__ebv__EBV_IEDB_339d4044147d__s0/eps4/full.stderr.txt,raw_calculations/apbs/HY15_SEQ_02/HY15_SEQ_02__ebv__EBV_IEDB_339d4044147d__s0/eps4/full.stdout.txt
ebv,EBV_IEDB_339d4044147d,ubuntu@sha256:2edbbc5dc405e9612ba3584ce95480277e3eb374407b5505fe26f17df77c7dbc,8665343,transient_deleted_after_checksum_and_sampling,54aa5f689a3067a5bd0fa8e9f675a14ef5e16121e230b6ea0ca8c2d5bdc017c8,0,hla_only,raw_calculations/apbs/HY15_SEQ_02/HY15_SEQ_02__ebv__EBV_IEDB_339d4044147d__s0/eps4/hla_only.in,9ef02377a94d8c4c0539ead5fb654b70e30df4d06cbc89a78692ffb0a5f9e2c0,HY15_SEQ_02__ebv__EBV_IEDB_339d4044147d__s0,HY15_SEQ_02,0,4.0,complete,raw_calculations/apbs/HY15_SEQ_02/HY15_SEQ_02__ebv__EBV_IEDB_339d4044147d__s0/eps4/hla_only.stderr.txt,raw_calculations/apbs/HY15_SEQ_02/HY15_SEQ_02__ebv__EBV_IEDB_339d4044147d__s0/eps4/hla_only.stdout.txt
ebv,EBV_IEDB_339d4044147d,ubuntu@sha256:2edbbc5dc405e9612ba3584ce95480277e3eb374407b5505fe26f17df77c7dbc,8646300,transient_deleted_after_checksum_and_sampling,91d5ed3f23eacb00712415ea8f5c1adaf51615be38c45da0670f476eedd706d5,0,full,raw_calculations/apbs/HY15_SEQ_02/HY15_SEQ_02__ebv__EBV_IEDB_339d4044147d__s0/eps8/full.in,711c15e7c0f8cd46a5b07773e0fcda7890e448c0e51588ccfd45b400bf6067f7,HY15_SEQ_02__ebv__EBV_IEDB_339d4044147d__s0,HY15_SEQ_02,0,8.0,complete,raw_calculations/apbs/HY15_SEQ_02/HY15_SEQ_02__ebv__EBV_IEDB_339d4044147d__s0/eps8/full.stderr.txt,raw_calculations/apbs/HY15_SEQ_02/HY15_SEQ_02__ebv__EBV_IEDB_339d4044147d__s0/eps8/full.stdout.txt
ebv,EBV_IEDB_339d4044147d,ubuntu@sha256:2edbbc5dc405e9612ba3584ce95480277e3eb374407b5505fe26f17df77c7dbc,8672034,transient_deleted_after_checksum_and_sampling,a87e333701bb0f131a0730257833bda220b39d0c092cb9d275f5d14f4d2948f7,0,hla_only,raw_calculations/apbs/HY15_SEQ_02/HY15_SEQ_02__ebv__EBV_IEDB_339d4044147d__s0/eps8/hla_only.in,dc51c41a94daa3773f3b326f875913e8ba7374ae01d79c6bdf3edb061e4027d1,HY15_SEQ_02__ebv__EBV_IEDB_339d4044147d__s0,HY15_SEQ_02,0,8.0,complete,raw_calculations/apbs/HY15_SEQ_02/HY15_SEQ_02__ebv__EBV_IEDB_339d4044147d__s0/eps8/hla_only.stderr.txt,raw_calculations/apbs/HY15_SEQ_02/HY15_SEQ_02__ebv__EBV_IEDB_339d4044147d__s0/eps8/hla_only.stdout.txt
ebv,EBV_IEDB_339d4044147d,ubuntu@sha256:2edbbc5dc405e9612ba3584ce95480277e3eb374407b5505fe26f17df77c7dbc,8644102,transient_deleted_after_checksum_and_sampling,d81c436b8f440eeb0c8645f5a3d0f5cb57a3351ffdf1ada0c93324227534f2bd,0,full,raw_calculations/apbs/HY15_SEQ_02/HY15_SEQ_02__ebv__EBV_IEDB_339d4044147d__s1/eps2/full.in,dada2cb2786b77a7f402a7b3c45e5adffefb2ace9f6712f1e568bf65c0a64d35,HY15_SEQ_02__ebv__EBV_IEDB_339d4044147d__s1,HY15_SEQ_02,1,2.0,complete,raw_calculations/apbs/HY15_SEQ_02/HY15_SEQ_02__ebv__EBV_IEDB_339d4044147d__s1/eps2/full.stderr.txt,raw_calculations/apbs/HY15_SEQ_02/HY15_SEQ_02__ebv__EBV_IEDB_339d4044147d__s1/eps2/full.stdout.txt
ebv,EBV_IEDB_339d4044147d,ubuntu@sha256:2edbbc5dc405e9612ba3584ce95480277e3eb374407b5505fe26f17df77c7dbc,8668017,transient_deleted_after_checksum_and_sampling,c05c284c3a2782d01084a77561642695f2f144c71d9ffc3000e8279d0fddae72,0,hla_only,raw_calculations/apbs/HY15_SEQ_02/HY15_SEQ_02__ebv__EBV_IEDB_339d4044147d__s1/eps2/hla_only.in,7dfa4e04dbd56150479e5bb132562a60b2dcc4edf56f1addaefa75a3cdff7750,HY15_SEQ_02__ebv__EBV_IEDB_339d4044147d__s1,HY15_SEQ_02,1,2.0,complete,raw_calculations/apbs/HY15_SEQ_02/HY15_SEQ_02__ebv__EBV_IEDB_339d4044147d__s1/eps2/hla_only.stderr.txt,raw_calculations/apbs/HY15_SEQ_02/HY15_SEQ_02__ebv__EBV_IEDB_339d4044147d__s1/eps2/hla_only.stdout.txt
ebv,EBV_IEDB_339d4044147d,ubuntu@sha256:2edbbc5dc405e9612ba3584ce95480277e3eb374407b5505fe26f17df77c7dbc,8650505,transient_deleted_after_checksum_and_sampling,00529b5a8e20c6759c8ce88d5baf8afad1a839f78d5b945ae2b0381ba0bc7004,0,full,raw_calculations/apbs/HY15_SEQ_02/HY15_SEQ_02__ebv__EBV_IEDB_339d4044147d__s1/eps4/full.in,73d32e631e873a5157f3e561ac3a49c1a0400b269af5c35159c8318cf6084ae9,HY15_SEQ_02__ebv__EBV_IEDB_339d4044147d__s1,HY15_SEQ_02,1,4.0,complete,raw_calculations/apbs/HY15_SEQ_02/HY15_SEQ_02__ebv__EBV_IEDB_339d4044147d__s1/eps4/full.stderr.txt,raw_calculations/apbs/HY15_SEQ_02/HY15_SEQ_02__ebv__EBV_IEDB_339d4044147d__s1/eps4/full.stdout.txt
ebv,EBV_IEDB_339d4044147d,ubuntu@sha256:2edbbc5dc405e9612ba3584ce95480277e3eb374407b5505fe26f17df77c7dbc,8673132,transient_deleted_after_checksum_and_sampling,f5e9eadc7a1ecaecc636fbe6906e21a5b0808ca99b4d1412e0726b308b7d210e,0,hla_only,raw_calculations/apbs/HY15_SEQ_02/HY15_SEQ_02__ebv__EBV_IEDB_339d4044147d__s1/eps4/hla_only.in,c9155e7fcff5334acab674085d17ea3cdfa89e632eef2ab9ff4ca815fbff2302,HY15_SEQ_02__ebv__EBV_IEDB_339d4044147d__s1,HY15_SEQ_02,1,4.0,complete,raw_calculations/apbs/HY15_SEQ_02/HY15_SEQ_02__ebv__EBV_IEDB_339d4044147d__s1/eps4/hla_only.stderr.txt,raw_calculations/apbs/HY15_SEQ_02/HY15_SEQ_02__ebv__EBV_IEDB_339d4044147d__s1/eps4/hla_only.stdout.txt
ebv,EBV_IEDB_339d4044147d,ubuntu@sha256:2edbbc5dc405e9612ba3584ce95480277e3eb374407b5505fe26f17df77c7dbc,8661378,transient_deleted_after_checksum_and_sampling,1d8d4981de2d46334e953b014d42a8c99756277faea35e306738a44cc2b2db38,0,full,raw_calculations/apbs/HY15_SEQ_02/HY15_SEQ_02__ebv__EBV_IEDB_339d4044147d__s1/eps8/full.in,461e02ce7435c69a2811e703b344318bfaea77523536c06d5a89b0726ca4ef43,HY15_SEQ_02__ebv__EBV_IEDB_339d4044147d__s1,HY15_SEQ_02,1,8.0,complete,raw_calculations/apbs/HY15_SEQ_02/HY15_SEQ_02__ebv__EBV_IEDB_339d4044147d__s1/eps8/full.stderr.txt,raw_calculations/apbs/HY15_SEQ_02/HY15_SEQ_02__ebv__EBV_IEDB_339d4044147d__s1/eps8/full.stdout.txt
ebv,EBV_IEDB_339d4044147d,ubuntu@sha256:2edbbc5dc405e9612ba3584ce95480277e3eb374407b5505fe26f17df77c7dbc,8681555,transient_deleted_after_checksum_and_sampling,a58e90be6e4779d65f86649fb1d5b48a7d2d6c91a1a71219522dca7e097a9c83,0,hla_only,raw_calculations/apbs/HY15_SEQ_02/HY15_SEQ_02__ebv__EBV_IEDB_339d4044147d__s1/eps8/hla_only.in,3e8da93ab0b2a19f341709d4948523ddf4f216fd795b951021ac2e7331a45f52,HY15_SEQ_02__ebv__EBV_IEDB_339d4044147d__s1,HY15_SEQ_02,1,8.0,complete,raw_calculations/apbs/HY15_SEQ_02/HY15_SEQ_02__ebv__EBV_IEDB_339d4044147d__s1/eps8/hla_only.stderr.txt,raw_calculations/apbs/HY15_SEQ_02/HY15_SEQ_02__ebv__EBV_IEDB_339d4044147d__s1/eps8/hla_only.stdout.txt
ebv,EBV_IEDB_339d4044147d,ubuntu@sha256:2edbbc5dc405e9612ba3584ce95480277e3eb374407b5505fe26f17df77c7dbc,8628969,transient_deleted_after_checksum_and_sampling,4d97975d92eb15feb488041385a86cb4f421e5118e4a9bf30322d04c549903d5,0,full,raw_calculations/apbs/HY15_SEQ_02/HY15_SEQ_02__ebv__EBV_IEDB_339d4044147d__s2/eps2/full.in,b5b6f7dbc65ae1afb23cee7476c20d3c7b8481f4159f6120c8b67021b03e7f3e,HY15_SEQ_02__ebv__EBV_IEDB_339d4044147d__s2,HY15_SEQ_02,2,2.0,complete,raw_calculations/apbs/HY15_SEQ_02/HY15_SEQ_02__ebv__EBV_IEDB_339d4044147d__s2/eps2/full.stderr.txt,raw_calculations/apbs/HY15_SEQ_02/HY15_SEQ_02__ebv__EBV_IEDB_339d4044147d__s2/eps2/full.stdout.txt
ebv,EBV_IEDB_339d4044147d,ubuntu@sha256:2edbbc5dc405e9612ba3584ce95480277e3eb374407b5505fe26f17df77c7dbc,8658713,transient_deleted_after_checksum_and_sampling,25c3bc22b2cc289e9805cf2e7cdf389079e799fe721fc92fa5bd5fb2b9e566c2,0,hla_only,raw_calculations/apbs/HY15_SEQ_02/HY15_SEQ_02__ebv__EBV_IEDB_339d4044147d__s2/eps2/hla_only.in,e4704fc970fb0278358331a511e785e822610aef265555ceb3e98bebc4c3d2c8,HY15_SEQ_02__ebv__EBV_IEDB_339d4044147d__s2,HY15_SEQ_02,2,2.0,complete,raw_calculations/apbs/HY15_SEQ_02/HY15_SEQ_02__ebv__EBV_IEDB_339d4044147d__s2/eps2/hla_only.stderr.txt,raw_calculations/apbs/HY15_SEQ_02/HY15_SEQ_02__ebv__EBV_IEDB_339d4044147d__s2/eps2/hla_only.stdout.txt
ebv,EBV_IEDB_339d4044147d,ubuntu@sha256:2edbbc5dc405e9612ba3584ce95480277e3eb374407b5505fe26f17df77c7dbc,8632700,transient_deleted_after_checksum_and_sampling,0b93e48baf550a62a57b75a8216f8c1b2a9ffd01a1886efefa15987952987222,0,full,raw_calculations/apbs/HY15_SEQ_02/HY15_SEQ_02__ebv__EBV_IEDB_339d4044147d__s2/eps4/full.in,072b1875c0facbcefd9aa65c705a7b1ebdd4cfafb601819b3135c3e369da8917,HY15_SEQ_02__ebv__EBV_IEDB_339d4044147d__s2,HY15_SEQ_02,2,4.0,complete,raw_calculations/apbs/HY15_SEQ_02/HY15_SEQ_02__ebv__EBV_IEDB_339d4044147d__s2/eps4/full.stderr.txt,raw_calculations/apbs/HY15_SEQ_02/HY15_SEQ_02__ebv__EBV_IEDB_339d4044147d__s2/eps4/full.stdout.txt
ebv,EBV_IEDB_339d4044147d,ubuntu@sha256:2edbbc5dc405e9612ba3584ce95480277e3eb374407b5505fe26f17df77c7dbc,8662407,transient_deleted_after_checksum_and_sampling,a39a290812bde802921291cacb8f2c43c72ae068d14e1c015a5c012176269e2e,0,hla_only,raw_calculations/apbs/HY15_SEQ_02/HY15_SEQ_02__ebv__EBV_IEDB_339d4044147d__s2/eps4/hla_only.in,144e336ced3d6593c6cd30f142b4c28c14c218020e09357d153793ff640006da,HY15_SEQ_02__ebv__EBV_IEDB_339d4044147d__s2,HY15_SEQ_02,2,4.0,complete,raw_calculations/apbs/HY15_SEQ_02/HY15_SEQ_02__ebv__EBV_IEDB_339d4044147d__s2/eps4/hla_only.stderr.txt,raw_calculations/apbs/HY15_SEQ_02/HY15_SEQ_02__ebv__EBV_IEDB_339d4044147d__s2/eps4/hla_only.stdout.txt
ebv,EBV_IEDB_339d4044147d,ubuntu@sha256:2edbbc5dc405e9612ba3584ce95480277e3eb374407b5505fe26f17df77c7dbc,8640265,transient_deleted_after_checksum_and_sampling,e87154ab628fc59ae6a59d3bfae72ac00352c78e1f287550f3dcbfb3df8c56c3,0,full,raw_calculations/apbs/HY15_SEQ_02/HY15_SEQ_02__ebv__EBV_IEDB_339d4044147d__s2/eps8/full.in,cd261a7fefb669b7924a2ffcdb6838ae7fd31aa6d1d33f473201faa986426871,HY15_SEQ_02__ebv__EBV_IEDB_339d4044147d__s2,HY15_SEQ_02,2,8.0,complete,raw_calculations/apbs/HY15_SEQ_02/HY15_SEQ_02__ebv__EBV_IEDB_339d4044147d__s2/eps8/full.stderr.txt,raw_calculations/apbs/HY15_SEQ_02/HY15_SEQ_02__ebv__EBV_IEDB_339d4044147d__s2/eps8/full.stdout.txt
ebv,EBV_IEDB_339d4044147d,ubuntu@sha256:2edbbc5dc405e9612ba3584ce95480277e3eb374407b5505fe26f17df77c7dbc,8669282,transient_deleted_after_checksum_and_sampling,d32b7c75d24e373ad82bd90e8b65f0b360435f0ef382f4f49f7e0736e99ecfde,0,hla_only,raw_calculations/apbs/HY15_SEQ_02/HY15_SEQ_02__ebv__EBV_IEDB_339d4044147d__s2/eps8/hla_only.in,899773add5a97873dbb0d11e166b943c83b96eedb06680090dc6adf08d848488,HY15_SEQ_02__ebv__EBV_IEDB_339d4044147d__s2,HY15_SEQ_02,2,8.0,complete,raw_calculations/apbs/HY15_SEQ_02/HY15_SEQ_02__ebv__EBV_IEDB_339d4044147d__s2/eps8/hla_only.stderr.txt,raw_calculations/apbs/HY15_SEQ_02/HY15_SEQ_02__ebv__EBV_IEDB_339d4044147d__s2/eps8/hla_only.stdout.txt
ebv,EBV_IEDB_339d4044147d,ubuntu@sha256:2edbbc5dc405e9612ba3584ce95480277e3eb374407b5505fe26f17df77c7dbc,8620177,transient_deleted_after_checksum_and_sampling,711d3c84f7159dc6138ffa0e18cffec13cba3f8df0c0010e8323e47dbb31644c,0,full,raw_calculations/apbs/HY15_SEQ_02/HY15_SEQ_02__ebv__EBV_IEDB_339d4044147d__s3/eps2/full.in,66b80c0ce7d4b6083a99efb61d4affe04c916b9d7d5603d5b71528b01b2941f4,HY15_SEQ_02__ebv__EBV_IEDB_339d4044147d__s3,HY15_SEQ_02,3,2.0,complete,raw_calculations/apbs/HY15_SEQ_02/HY15_SEQ_02__ebv__EBV_IEDB_339d4044147d__s3/eps2/full.stderr.txt,raw_calculations/apbs/HY15_SEQ_02/HY15_SEQ_02__ebv__EBV_IEDB_339d4044147d__s3/eps2/full.stdout.txt
ebv,EBV_IEDB_339d4044147d,ubuntu@sha256:2edbbc5dc405e9612ba3584ce95480277e3eb374407b5505fe26f17df77c7dbc,8652254,transient_deleted_after_checksum_and_sampling,3bcbde478dfc4d46e7cb7974776f3187f266da421698a2277b3b8ada9ff6bf32,0,hla_only,raw_calculations/apbs/HY15_SEQ_02/HY15_SEQ_02__ebv__EBV_IEDB_339d4044147d__s3/eps2/hla_only.in,a0bb505c79873c2a84143630939c33a614af52640e11153dcc77e202bc191dbd,HY15_SEQ_02__ebv__EBV_IEDB_339d4044147d__s3,HY15_SEQ_02,3,2.0,complete,raw_calculations/apbs/HY15_SEQ_02/HY15_SEQ_02__ebv__EBV_IEDB_339d4044147d__s3/eps2/hla_only.stderr.txt,raw_calculations/apbs/HY15_SEQ_02/HY15_SEQ_02__ebv__EBV_IEDB_339d4044147d__s3/eps2/hla_only.stdout.txt
ebv,EBV_IEDB_339d4044147d,ubuntu@sha256:2edbbc5dc405e9612ba3584ce95480277e3eb374407b5505fe26f17df77c7dbc,8624098,transient_deleted_after_checksum_and_sampling,a20594a2d8b09457859578d15cfef440a5bc013f205814966c3c1c2161926128,0,full,raw_calculations/apbs/HY15_SEQ_02/HY15_SEQ_02__ebv__EBV_IEDB_339d4044147d__s3/eps4/full.in,7401a256cf83f1f24bf635f59263e6ed2e92573328bda40a64533dac1d358d94,HY15_SEQ_02__ebv__EBV_IEDB_339d4044147d__s3,HY15_SEQ_02,3,4.0,complete,raw_calculations/apbs/HY15_SEQ_02/HY15_SEQ_02__ebv__EBV_IEDB_339d4044147d__s3/eps4/full.stderr.txt,raw_calculations/apbs/HY15_SEQ_02/HY15_SEQ_02__ebv__EBV_IEDB_339d4044147d__s3/eps4/full.stdout.txt
ebv,EBV_IEDB_339d4044147d,ubuntu@sha256:2edbbc5dc405e9612ba3584ce95480277e3eb374407b5505fe26f17df77c7dbc,8656294,transient_deleted_after_checksum_and_sampling,83ee81aad079b0e267acd54ec62fa8763f7305966de7d72032f6dd246b206aa2,0,hla_only,raw_calculations/apbs/HY15_SEQ_02/HY15_SEQ_02__ebv__EBV_IEDB_339d4044147d__s3/eps4/hla_only.in,1d512e910d68082082a3d87a3f5c5b49a05a75e940620f22c26d07994f236e01,HY15_SEQ_02__ebv__EBV_IEDB_339d4044147d__s3,HY15_SEQ_02,3,4.0,complete,raw_calculations/apbs/HY15_SEQ_02/HY15_SEQ_02__ebv__EBV_IEDB_339d4044147d__s3/eps4/hla_only.stderr.txt,raw_calculations/apbs/HY15_SEQ_02/HY15_SEQ_02__ebv__EBV_IEDB_339d4044147d__s3/eps4/hla_only.stdout.txt
ebv,EBV_IEDB_339d4044147d,ubuntu@sha256:2edbbc5dc405e9612ba3584ce95480277e3eb374407b5505fe26f17df77c7dbc,8631126,transient_deleted_after_checksum_and_sampling,1893270ec7e14ea5b995648c5b95be34579fad083abb18dac6abf39ae3c4336b,0,full,raw_calculations/apbs/HY15_SEQ_02/HY15_SEQ_02__ebv__EBV_IEDB_339d4044147d__s3/eps8/full.in,b4b940366972a90fe20296d3bab1ad4b7e232f583dca4fe12d2269d5bde66774,HY15_SEQ_02__ebv__EBV_IEDB_339d4044147d__s3,HY15_SEQ_02,3,8.0,complete,raw_calculations/apbs/HY15_SEQ_02/HY15_SEQ_02__ebv__EBV_IEDB_339d4044147d__s3/eps8/full.stderr.txt,raw_calculations/apbs/HY15_SEQ_02/HY15_SEQ_02__ebv__EBV_IEDB_339d4044147d__s3/eps8/full.stdout.txt
ebv,EBV_IEDB_339d4044147d,ubuntu@sha256:2edbbc5dc405e9612ba3584ce95480277e3eb374407b5505fe26f17df77c7dbc,8664091,transient_deleted_after_checksum_and_sampling,02bb5040cdb60d7ffedd74ef83bb1486f61da38fdc85c46d4a48ec0e73c32bd6,0,hla_only,raw_calculations/apbs/HY15_SEQ_02/HY15_SEQ_02__ebv__EBV_IEDB_339d4044147d__s3/eps8/hla_only.in,e0f5f6dd756b29b17804f7c407bc13e11271a896734a56dab744b0420dc498df,HY15_SEQ_02__ebv__EBV_IEDB_339d4044147d__s3,HY15_SEQ_02,3,8.0,complete,raw_calculations/apbs/HY15_SEQ_02/HY15_SEQ_02__ebv__EBV_IEDB_339d4044147d__s3/eps8/hla_only.stderr.txt,raw_calculations/apbs/HY15_SEQ_02/HY15_SEQ_02__ebv__EBV_IEDB_339d4044147d__s3/eps8/hla_only.stdout.txt
ebv,EBV_IEDB_339d4044147d,ubuntu@sha256:2edbbc5dc405e9612ba3584ce95480277e3eb374407b5505fe26f17df77c7dbc,8640292,transient_deleted_after_checksum_and_sampling,a8552888d89afe2ddc94450c4f2ab042ca6ab6101c5ea5d42be17c88a4e18349,0,full,raw_calculations/apbs/HY15_SEQ_02/HY15_SEQ_02__ebv__EBV_IEDB_339d4044147d__s4/eps2/full.in,6fd0eeb52faaad8e19bea318c1903b5f54acd32734746b5a6272154b2a6bc540,HY15_SEQ_02__ebv__EBV_IEDB_339d4044147d__s4,HY15_SEQ_02,4,2.0,complete,raw_calculations/apbs/HY15_SEQ_02/HY15_SEQ_02__ebv__EBV_IEDB_339d4044147d__s4/eps2/full.stderr.txt,raw_calculations/apbs/HY15_SEQ_02/HY15_SEQ_02__ebv__EBV_IEDB_339d4044147d__s4/eps2/full.stdout.txt
ebv,EBV_IEDB_339d4044147d,ubuntu@sha256:2edbbc5dc405e9612ba3584ce95480277e3eb374407b5505fe26f17df77c7dbc,8666850,transient_deleted_after_checksum_and_sampling,051920506196bd110ff6175209fb79ad34b51f74a2eed905818595759e784411,0,hla_only,raw_calculations/apbs/HY15_SEQ_02/HY15_SEQ_02__ebv__EBV_IEDB_339d4044147d__s4/eps2/hla_only.in,7bb65754ef7dd39f54507070535599d7407f875dbff2c77f8188e813ec40e4a1,HY15_SEQ_02__ebv__EBV_IEDB_339d4044147d__s4,HY15_SEQ_02,4,2.0,complete,raw_calculations/apbs/HY15_SEQ_02/HY15_SEQ_02__ebv__EBV_IEDB_339d4044147d__s4/eps2/hla_only.stderr.txt,raw_calculations/apbs/HY15_SEQ_02/HY15_SEQ_02__ebv__EBV_IEDB_339d4044147d__s4/eps2/hla_only.stdout.txt
ebv,EBV_IEDB_339d4044147d,ubuntu@sha256:2edbbc5dc405e9612ba3584ce95480277e3eb374407b5505fe26f17df77c7dbc,8645495,transient_deleted_after_checksum_and_sampling,8b815560cc63293a7146b2c923fb4bfcd78a63c66ec2c4dba149ca491b25d4be,0,full,raw_calculations/apbs/HY15_SEQ_02/HY15_SEQ_02__ebv__EBV_IEDB_339d4044147d__s4/eps4/full.in,cda4bb3a79c9611f8e54f21accd9b7587412c1712e2856f764d191a95177f2aa,HY15_SEQ_02__ebv__EBV_IEDB_339d4044147d__s4,HY15_SEQ_02,4,4.0,complete,raw_calculations/apbs/HY15_SEQ_02/HY15_SEQ_02__ebv__EBV_IEDB_339d4044147d__s4/eps4/full.stderr.txt,raw_calculations/apbs/HY15_SEQ_02/HY15_SEQ_02__ebv__EBV_IEDB_339d4044147d__s4/eps4/full.stdout.txt
ebv,EBV_IEDB_339d4044147d,ubuntu@sha256:2edbbc5dc405e9612ba3584ce95480277e3eb374407b5505fe26f17df77c7dbc,8671090,transient_deleted_after_checksum_and_sampling,dd8590f654d7583ec34c6f5f1d334136d1a2268b00f5a8b6e0482d3948a1a77c,0,hla_only,raw_calculations/apbs/HY15_SEQ_02/HY15_SEQ_02__ebv__EBV_IEDB_339d4044147d__s4/eps4/hla_only.in,6ea36cd1eb80629761d3740dc5583e8a6a7627ded8fe00cff04786275cd123c0,HY15_SEQ_02__ebv__EBV_IEDB_339d4044147d__s4,HY15_SEQ_02,4,4.0,complete,raw_calculations/apbs/HY15_SEQ_02/HY15_SEQ_02__ebv__EBV_IEDB_339d4044147d__s4/eps4/hla_only.stderr.txt,raw_calculations/apbs/HY15_SEQ_02/HY15_SEQ_02__ebv__EBV_IEDB_339d4044147d__s4/eps4/hla_only.stdout.txt
ebv,EBV_IEDB_339d4044147d,ubuntu@sha256:2edbbc5dc405e9612ba3584ce95480277e3eb374407b5505fe26f17df77c7dbc,8653719,transient_deleted_after_checksum_and_sampling,e07c71fdcbc3a99d6d2af76cfcb3f6294078775c34e70f196717a809120a8aa2,0,full,raw_calculations/apbs/HY15_SEQ_02/HY15_SEQ_02__ebv__EBV_IEDB_339d4044147d__s4/eps8/full.in,5eb964d03e0665cee740b1408f594cece8dc66e0677cefaff39161ae0162db28,HY15_SEQ_02__ebv__EBV_IEDB_339d4044147d__s4,HY15_SEQ_02,4,8.0,complete,raw_calculations/apbs/HY15_SEQ_02/HY15_SEQ_02__ebv__EBV_IEDB_339d4044147d__s4/eps8/full.stderr.txt,raw_calculations/apbs/HY15_SEQ_02/HY15_SEQ_02__ebv__EBV_IEDB_339d4044147d__s4/eps8/full.stdout.txt
ebv,EBV_IEDB_339d4044147d,ubuntu@sha256:2edbbc5dc405e9612ba3584ce95480277e3eb374407b5505fe26f17df77c7dbc,8678350,transient_deleted_after_checksum_and_sampling,8502abfcc873efc0c1c844251074326b6932867feaf39852e6b75ec5dd8afcb0,0,hla_only,raw_calculations/apbs/HY15_SEQ_02/HY15_SEQ_02__ebv__EBV_IEDB_339d4044147d__s4/eps8/hla_only.in,81aaae4ae103b879cface804a059fb7b3d1614b2027b1bce04a174ca2a596b58,HY15_SEQ_02__ebv__EBV_IEDB_339d4044147d__s4,HY15_SEQ_02,4,8.0,complete,raw_calculations/apbs/HY15_SEQ_02/HY15_SEQ_02__ebv__EBV_IEDB_339d4044147d__s4/eps8/hla_only.stderr.txt,raw_calculations/apbs/HY15_SEQ_02/HY15_SEQ_02__ebv__EBV_IEDB_339d4044147d__s4/eps8/hla_only.stdout.txt
ebv,EBV_IEDB_35bb9c18fac4,ubuntu@sha256:2edbbc5dc405e9612ba3584ce95480277e3eb374407b5505fe26f17df77c7dbc,8599247,transient_deleted_after_checksum_and_sampling,175bb926fcae0dae90987bccd9651e6402fa1d9ab6035e64b6ab393b09da2117,0,full,raw_calculations/apbs/HY15_SEQ_02/HY15_SEQ_02__ebv__EBV_IEDB_35bb9c18fac4__s0/eps2/full.in,1bc432288dfb80a13e0646e7da7ae874da09eb5d2e823a665d84e4e843c3b9bf,HY15_SEQ_02__ebv__EBV_IEDB_35bb9c18fac4__s0,HY15_SEQ_02,0,2.0,complete,raw_calculations/apbs/HY15_SEQ_02/HY15_SEQ_02__ebv__EBV_IEDB_35bb9c18fac4__s0/eps2/full.stderr.txt,raw_calculations/apbs/HY15_SEQ_02/HY15_SEQ_02__ebv__EBV_IEDB_35bb9c18fac4__s0/eps2/full.stdout.txt
ebv,EBV_IEDB_35bb9c18fac4,ubuntu@sha256:2edbbc5dc405e9612ba3584ce95480277e3eb374407b5505fe26f17df77c7dbc,8668497,transient_deleted_after_checksum_and_sampling,0561cd05fa05e3fcd291da69ba5e5304a1779d41026863e873604785c18f65b8,0,hla_only,raw_calculations/apbs/HY15_SEQ_02/HY15_SEQ_02__ebv__EBV_IEDB_35bb9c18fac4__s0/eps2/hla_only.in,0d78852c637da5d0b35a73b4a183db898be6c21e97d9ecf2a148acc59b262f04,HY15_SEQ_02__ebv__EBV_IEDB_35bb9c18fac4__s0,HY15_SEQ_02,0,2.0,complete,raw_calculations/apbs/HY15_SEQ_02/HY15_SEQ_02__ebv__EBV_IEDB_35bb9c18fac4__s0/eps2/hla_only.stderr.txt,raw_calculations/apbs/HY15_SEQ_02/HY15_SEQ_02__ebv__EBV_IEDB_35bb9c18fac4__s0/eps2/hla_only.stdout.txt
ebv,EBV_IEDB_35bb9c18fac4,ubuntu@sha256:2edbbc5dc405e9612ba3584ce95480277e3eb374407b5505fe26f17df77c7dbc,8603279,transient_deleted_after_checksum_and_sampling,cdc9e22b49f7794b39f4ec05077a41117c2492e802397d48c505f35c1446abae,0,full,raw_calculations/apbs/HY15_SEQ_02/HY15_SEQ_02__ebv__EBV_IEDB_35bb9c18fac4__s0/eps4/full.in,43234435f3a69dca24b3bdc23fad2f4a858caf55b42a3e83b2b316629cd65ae2,HY15_SEQ_02__ebv__EBV_IEDB_35bb9c18fac4__s0,HY15_SEQ_02,0,4.0,complete,raw_calculations/apbs/HY15_SEQ_02/HY15_SEQ_02__ebv__EBV_IEDB_35bb9c18fac4__s0/eps4/full.stderr.txt,raw_calculations/apbs/HY15_SEQ_02/HY15_SEQ_02__ebv__EBV_IEDB_35bb9c18fac4__s0/eps4/full.stdout.txt
ebv,EBV_IEDB_35bb9c18fac4,ubuntu@sha256:2edbbc5dc405e9612ba3584ce95480277e3eb374407b5505fe26f17df77c7dbc,8673046,transient_deleted_after_checksum_and_sampling,2d98a3ffd0b7d99bc689e3a3ef4fd373ebf6545ad6bc088971b8a55e744cdcb6,0,hla_only,raw_calculations/apbs/HY15_SEQ_02/HY15_SEQ_02__ebv__EBV_IEDB_35bb9c18fac4__s0/eps4/hla_only.in,a9b77c077ec0da2e73b952fd0c16c51e23dbab13d7391a8242b936b412ff0d89,HY15_SEQ_02__ebv__EBV_IEDB_35bb9c18fac4__s0,HY15_SEQ_02,0,4.0,complete,raw_calculations/apbs/HY15_SEQ_02/HY15_SEQ_02__ebv__EBV_IEDB_35bb9c18fac4__s0/eps4/hla_only.stderr.txt,raw_calculations/apbs/HY15_SEQ_02/HY15_SEQ_02__ebv__EBV_IEDB_35bb9c18fac4__s0/eps4/hla_only.stdout.txt
ebv,EBV_IEDB_35bb9c18fac4,ubuntu@sha256:2edbbc5dc405e9612ba3584ce95480277e3eb374407b5505fe26f17df77c7dbc,8611101,transient_deleted_after_checksum_and_sampling,52bfb93f2675d152ba3f63d00b63c537355747855f89cef550f6f628422cb195,0,full,raw_calculations/apbs/HY15_SEQ_02/HY15_SEQ_02__ebv__EBV_IEDB_35bb9c18fac4__s0/eps8/full.in,1688828f450091f1e0e9f7fe6ca02fd9c61a05a16d9d6cb0cf04504f327a88f3,HY15_SEQ_02__ebv__EBV_IEDB_35bb9c18fac4__s0,HY15_SEQ_02,0,8.0,complete,raw_calculations/apbs/HY15_SEQ_02/HY15_SEQ_02__ebv__EBV_IEDB_35bb9c18fac4__s0/eps8/full.stderr.txt,raw_calculations/apbs/HY15_SEQ_02/HY15_SEQ_02__ebv__EBV_IEDB_35bb9c18fac4__s0/eps8/full.stdout.txt
ebv,EBV_IEDB_35bb9c18fac4,ubuntu@sha256:2edbbc5dc405e9612ba3584ce95480277e3eb374407b5505fe26f17df77c7dbc,8681292,transient_deleted_after_checksum_and_sampling,f86ebb9d5d136f9d51308313c1f5da4aa8db40acbc0e8381693a69b2dcf584fe,0,hla_only,raw_calculations/apbs/HY15_SEQ_02/HY15_SEQ_02__ebv__EBV_IEDB_35bb9c18fac4__s0/eps8/hla_only.in,fa802c9d3ff3b7c42f76ee9b9ee32282891f89adf005793fc108ed207187bc7a,HY15_SEQ_02__ebv__EBV_IEDB_35bb9c18fac4__s0,HY15_SEQ_02,0,8.0,complete,raw_calculations/apbs/HY15_SEQ_02/HY15_SEQ_02__ebv__EBV_IEDB_35bb9c18fac4__s0/eps8/hla_only.stderr.txt,raw_calculations/apbs/HY15_SEQ_02/HY15_SEQ_02__ebv__EBV_IEDB_35bb9c18fac4__s0/eps8/hla_only.stdout.txt
ebv,EBV_IEDB_35bb9c18fac4,ubuntu@sha256:2edbbc5dc405e9612ba3584ce95480277e3eb374407b5505fe26f17df77c7dbc,8562711,transient_deleted_after_checksum_and_sampling,861ea4f58fc7c6b1d69474471c88e5d51f6e327b40aee148c385227d08b3e1cc,0,full,raw_calculations/apbs/HY15_SEQ_02/HY15_SEQ_02__ebv__EBV_IEDB_35bb9c18fac4__s1/eps2/full.in,6b5c7b5c605103c9c0c3f797ef432c4c84b03ab96db09470094d7726d2f77a0d,HY15_SEQ_02__ebv__EBV_IEDB_35bb9c18fac4__s1,HY15_SEQ_02,1,2.0,complete,raw_calculations/apbs/HY15_SEQ_02/HY15_SEQ_02__ebv__EBV_IEDB_35bb9c18fac4__s1/eps2/full.stderr.txt,raw_calculations/apbs/HY15_SEQ_02/HY15_SEQ_02__ebv__EBV_IEDB_35bb9c18fac4__s1/eps2/full.stdout.txt
ebv,EBV_IEDB_35bb9c18fac4,ubuntu@sha256:2edbbc5dc405e9612ba3584ce95480277e3eb374407b5505fe26f17df77c7dbc,8670210,transient_deleted_after_checksum_and_sampling,cd1dc70defd3257bd911266566a3037c9cb9f77a10263770dbec59f68a41b9c0,0,hla_only,raw_calculations/apbs/HY15_SEQ_02/HY15_SEQ_02__ebv__EBV_IEDB_35bb9c18fac4__s1/eps2/hla_only.in,682098d936a7a6010a76b1609b55f0376fe4d1b346d54a92ecce240b59e9f5e6,HY15_SEQ_02__ebv__EBV_IEDB_35bb9c18fac4__s1,HY15_SEQ_02,1,2.0,complete,raw_calculations/apbs/HY15_SEQ_02/HY15_SEQ_02__ebv__EBV_IEDB_35bb9c18fac4__s1/eps2/hla_only.stderr.txt,raw_calculations/apbs/HY15_SEQ_02/HY15_SEQ_02__ebv__EBV_IEDB_35bb9c18fac4__s1/eps2/hla_only.stdout.txt
ebv,EBV_IEDB_35bb9c18fac4,ubuntu@sha256:2edbbc5dc405e9612ba3584ce95480277e3eb374407b5505fe26f17df77c7dbc,8565171,transient_deleted_after_checksum_and_sampling,5a7cb556e9624b6166f6b3b117cbad125a61126bf423c6bffe75e67d1a32ade4,0,full,raw_calculations/apbs/HY15_SEQ_02/HY15_SEQ_02__ebv__EBV_IEDB_35bb9c18fac4__s1/eps4/full.in,65690c59cd005484111d920952c5e418bf915001fc47efd03663d0b6275f3918,HY15_SEQ_02__ebv__EBV_IEDB_35bb9c18fac4__s1,HY15_SEQ_02,1,4.0,complete,raw_calculations/apbs/HY15_SEQ_02/HY15_SEQ_02__ebv__EBV_IEDB_35bb9c18fac4__s1/eps4/full.stderr.txt,raw_calculations/apbs/HY15_SEQ_02/HY15_SEQ_02__ebv__EBV_IEDB_35bb9c18fac4__s1/eps4/full.stdout.txt
ebv,EBV_IEDB_35bb9c18fac4,ubuntu@sha256:2edbbc5dc405e9612ba3584ce95480277e3eb374407b5505fe26f17df77c7dbc,8674604,transient_deleted_after_checksum_and_sampling,ee0984c5ccbad1e53c9e3b6b1b12e857037df335f5b80a2d36ef6066e123f858,0,hla_only,raw_calculations/apbs/HY15_SEQ_02/HY15_SEQ_02__ebv__EBV_IEDB_35bb9c18fac4__s1/eps4/hla_only.in,c835d3679ead4318925086e7957c9b37effd78a52e5159762cf1354eb167158d,HY15_SEQ_02__ebv__EBV_IEDB_35bb9c18fac4__s1,HY15_SEQ_02,1,4.0,complete,raw_calculations/apbs/HY15_SEQ_02/HY15_SEQ_02__ebv__EBV_IEDB_35bb9c18fac4__s1/eps4/hla_only.stderr.txt,raw_calculations/apbs/HY15_SEQ_02/HY15_SEQ_02__ebv__EBV_IEDB_35bb9c18fac4__s1/eps4/hla_only.stdout.txt
ebv,EBV_IEDB_35bb9c18fac4,ubuntu@sha256:2edbbc5dc405e9612ba3584ce95480277e3eb374407b5505fe26f17df77c7dbc,8572812,transient_deleted_after_checksum_and_sampling,0f8b6c87ca3ecbe17b1fe3a3d9b412f8283ed279304e491eced63f1a25825b33,0,full,raw_calculations/apbs/HY15_SEQ_02/HY15_SEQ_02__ebv__EBV_IEDB_35bb9c18fac4__s1/eps8/full.in,65a8496993a66361d399f8f42e1c7639242c6e5d77efec943891abfe051bfe6c,HY15_SEQ_02__ebv__EBV_IEDB_35bb9c18fac4__s1,HY15_SEQ_02,1,8.0,complete,raw_calculations/apbs/HY15_SEQ_02/HY15_SEQ_02__ebv__EBV_IEDB_35bb9c18fac4__s1/eps8/full.stderr.txt,raw_calculations/apbs/HY15_SEQ_02/HY15_SEQ_02__ebv__EBV_IEDB_35bb9c18fac4__s1/eps8/full.stdout.txt
ebv,EBV_IEDB_35bb9c18fac4,ubuntu@sha256:2edbbc5dc405e9612ba3584ce95480277e3eb374407b5505fe26f17df77c7dbc,8682436,transient_deleted_after_checksum_and_sampling,10e6e99a8c231b93cdde0c352c2554cfabb14e6ab33432b0508328055801b53a,0,hla_only,raw_calculations/apbs/HY15_SEQ_02/HY15_SEQ_02__ebv__EBV_IEDB_35bb9c18fac4__s1/eps8/hla_only.in,035e8212c707406d51451dad40802e6e429c3fd7229d7ac8435468ef4a7b0703,HY15_SEQ_02__ebv__EBV_IEDB_35bb9c18fac4__s1,HY15_SEQ_02,1,8.0,complete,raw_calculations/apbs/HY15_SEQ_02/HY15_SEQ_02__ebv__EBV_IEDB_35bb9c18fac4__s1/eps8/hla_only.stderr.txt,raw_calculations/apbs/HY15_SEQ_02/HY15_SEQ_02__ebv__EBV_IEDB_35bb9c18fac4__s1/eps8/hla_only.stdout.txt
ebv,EBV_IEDB_35bb9c18fac4,ubuntu@sha256:2edbbc5dc405e9612ba3584ce95480277e3eb374407b5505fe26f17df77c7dbc,8567443,transient_deleted_after_checksum_and_sampling,9b24dcda2bea280b75dc2fe07a14c9bd849c11be35394bf71a10544c42180041,0,full,raw_calculations/apbs/HY15_SEQ_02/HY15_SEQ_02__ebv__EBV_IEDB_35bb9c18fac4__s2/eps2/full.in,231fdd9ffb2c7fd4321adb90142ab3d88ee429e93f75605f7fc032e21571b4de,HY15_SEQ_02__ebv__EBV_IEDB_35bb9c18fac4__s2,HY15_SEQ_02,2,2.0,complete,raw_calculations/apbs/HY15_SEQ_02/HY15_SEQ_02__ebv__EBV_IEDB_35bb9c18fac4__s2/eps2/full.stderr.txt,raw_calculations/apbs/HY15_SEQ_02/HY15_SEQ_02__ebv__EBV_IEDB_35bb9c18fac4__s2/eps2/full.stdout.txt
ebv,EBV_IEDB_35bb9c18fac4,ubuntu@sha256:2edbbc5dc405e9612ba3584ce95480277e3eb374407b5505fe26f17df77c7dbc,8664175,transient_deleted_after_checksum_and_sampling,66c14ed438b3c46130de5bd300389b57162a2e70f1f8776cffb678e75e86a012,0,hla_only,raw_calculations/apbs/HY15_SEQ_02/HY15_SEQ_02__ebv__EBV_IEDB_35bb9c18fac4__s2/eps2/hla_only.in,05965bfe6dcb936a42bacb1ae90b0148719dec5b6e6b3aef19a4f42dbaa9512e,HY15_SEQ_02__ebv__EBV_IEDB_35bb9c18fac4__s2,HY15_SEQ_02,2,2.0,complete,raw_calculations/apbs/HY15_SEQ_02/HY15_SEQ_02__ebv__EBV_IEDB_35bb9c18fac4__s2/eps2/hla_only.stderr.txt,raw_calculations/apbs/HY15_SEQ_02/HY15_SEQ_02__ebv__EBV_IEDB_35bb9c18fac4__s2/eps2/hla_only.stdout.txt
ebv,EBV_IEDB_35bb9c18fac4,ubuntu@sha256:2edbbc5dc405e9612ba3584ce95480277e3eb374407b5505fe26f17df77c7dbc,8569837,transient_deleted_after_checksum_and_sampling,202a4559df3c631c9e6913549bf5e32e31441e8c71575a8709865685bae55ed9,0,full,raw_calculations/apbs/HY15_SEQ_02/HY15_SEQ_02__ebv__EBV_IEDB_35bb9c18fac4__s2/eps4/full.in,765b0e54a4e5e32662ec67befbfce1a8a993b118b877d2fd88c0bf1f258fd715,HY15_SEQ_02__ebv__EBV_IEDB_35bb9c18fac4__s2,HY15_SEQ_02,2,4.0,complete,raw_calculations/apbs/HY15_SEQ_02/HY15_SEQ_02__ebv__EBV_IEDB_35bb9c18fac4__s2/eps4/full.stderr.txt,raw_calculations/apbs/HY15_SEQ_02/HY15_SEQ_02__ebv__EBV_IEDB_35bb9c18fac4__s2/eps4/full.stdout.txt
ebv,EBV_IEDB_35bb9c18fac4,ubuntu@sha256:2edbbc5dc405e9612ba3584ce95480277e3eb374407b5505fe26f17df77c7dbc,8668217,transient_deleted_after_checksum_and_sampling,25fa527c2b01b0d24510b15eec064669df9ae25e48f95bceab3882e1b87f9434,0,hla_only,raw_calculations/apbs/HY15_SEQ_02/HY15_SEQ_02__ebv__EBV_IEDB_35bb9c18fac4__s2/eps4/hla_only.in,1ad8092f31979585d5714a75e4a01af21797cdb810f1d66628275f84d5d5c2e3,HY15_SEQ_02__ebv__EBV_IEDB_35bb9c18fac4__s2,HY15_SEQ_02,2,4.0,complete,raw_calculations/apbs/HY15_SEQ_02/HY15_SEQ_02__ebv__EBV_IEDB_35bb9c18fac4__s2/eps4/hla_only.stderr.txt,raw_calculations/apbs/HY15_SEQ_02/HY15_SEQ_02__ebv__EBV_IEDB_35bb9c18fac4__s2/eps4/hla_only.stdout.txt
ebv,EBV_IEDB_35bb9c18fac4,ubuntu@sha256:2edbbc5dc405e9612ba3584ce95480277e3eb374407b5505fe26f17df77c7dbc,8576163,transient_deleted_after_checksum_and_sampling,8b29dc78bc08e81203a5076c038e604387e9a17e78e60ecec7104e3e06a1a17c,0,full,raw_calculations/apbs/HY15_SEQ_02/HY15_SEQ_02__ebv__EBV_IEDB_35bb9c18fac4__s2/eps8/full.in,a6ae11bf33b964d8e65c87d43dad0c921ea5ee86247fb65ae119d028387a3fb2,HY15_SEQ_02__ebv__EBV_IEDB_35bb9c18fac4__s2,HY15_SEQ_02,2,8.0,complete,raw_calculations/apbs/HY15_SEQ_02/HY15_SEQ_02__ebv__EBV_IEDB_35bb9c18fac4__s2/eps8/full.stderr.txt,raw_calculations/apbs/HY15_SEQ_02/HY15_SEQ_02__ebv__EBV_IEDB_35bb9c18fac4__s2/eps8/full.stdout.txt
ebv,EBV_IEDB_35bb9c18fac4,ubuntu@sha256:2edbbc5dc405e9612ba3584ce95480277e3eb374407b5505fe26f17df77c7dbc,8675198,transient_deleted_after_checksum_and_sampling,4c16483c2d88ba1bd54e30f1cfd1dc1ecb24bd8bb260031098b25e40b92f92fa,0,hla_only,raw_calculations/apbs/HY15_SEQ_02/HY15_SEQ_02__ebv__EBV_IEDB_35bb9c18fac4__s2/eps8/hla_only.in,1827407783a45b5d635559a52edd5cb3c5cf87c3ddab924c7bdb6a6234d6081c,HY15_SEQ_02__ebv__EBV_IEDB_35bb9c18fac4__s2,HY15_SEQ_02,2,8.0,complete,raw_calculations/apbs/HY15_SEQ_02/HY15_SEQ_02__ebv__EBV_IEDB_35bb9c18fac4__s2/eps8/hla_only.stderr.txt,raw_calculations/apbs/HY15_SEQ_02/HY15_SEQ_02__ebv__EBV_IEDB_35bb9c18fac4__s2/eps8/hla_only.stdout.txt
ebv,EBV_IEDB_35bb9c18fac4,ubuntu@sha256:2edbbc5dc405e9612ba3584ce95480277e3eb374407b5505fe26f17df77c7dbc,8558052,transient_deleted_after_checksum_and_sampling,0de275ffd42b35375bbcd4b3984a0ae93b33f068e45157998656f81357380c41,0,full,raw_calculations/apbs/HY15_SEQ_02/HY15_SEQ_02__ebv__EBV_IEDB_35bb9c18fac4__s3/eps2/full.in,0db3cdf54f58b812f4554cbe98473ce02812d4d5f0f412e9917b2b9a315c3723,HY15_SEQ_02__ebv__EBV_IEDB_35bb9c18fac4__s3,HY15_SEQ_02,3,2.0,complete,raw_calculations/apbs/HY15_SEQ_02/HY15_SEQ_02__ebv__EBV_IEDB_35bb9c18fac4__s3/eps2/full.stderr.txt,raw_calculations/apbs/HY15_SEQ_02/HY15_SEQ_02__ebv__EBV_IEDB_35bb9c18fac4__s3/eps2/full.stdout.txt
ebv,EBV_IEDB_35bb9c18fac4,ubuntu@sha256:2edbbc5dc405e9612ba3584ce95480277e3eb374407b5505fe26f17df77c7dbc,8660045,transient_deleted_after_checksum_and_sampling,d15c69aed1b183bcbf25349d6c891632ac6d34f2b35ee78e4075b7806982efa3,0,hla_only,raw_calculations/apbs/HY15_SEQ_02/HY15_SEQ_02__ebv__EBV_IEDB_35bb9c18fac4__s3/eps2/hla_only.in,e8f244d18a890f5144464a0dfa9c58c14c4a82c7120428206838ba99005800d7,HY15_SEQ_02__ebv__EBV_IEDB_35bb9c18fac4__s3,HY15_SEQ_02,3,2.0,complete,raw_calculations/apbs/HY15_SEQ_02/HY15_SEQ_02__ebv__EBV_IEDB_35bb9c18fac4__s3/eps2/hla_only.stderr.txt,raw_calculations/apbs/HY15_SEQ_02/HY15_SEQ_02__ebv__EBV_IEDB_35bb9c18fac4__s3/eps2/hla_only.stdout.txt
ebv,EBV_IEDB_35bb9c18fac4,ubuntu@sha256:2edbbc5dc405e9612ba3584ce95480277e3eb374407b5505fe26f17df77c7dbc,8558220,transient_deleted_after_checksum_and_sampling,8a0a1d984cf6bf0e2667b62fd0c855b0b39e761907dfec639b108ba4eab7c706,0,full,raw_calculations/apbs/HY15_SEQ_02/HY15_SEQ_02__ebv__EBV_IEDB_35bb9c18fac4__s3/eps4/full.in,938cefe57857098749c4d99d7c6d21c391ac8e9cc31baa0438956df521e13e28,HY15_SEQ_02__ebv__EBV_IEDB_35bb9c18fac4__s3,HY15_SEQ_02,3,4.0,complete,raw_calculations/apbs/HY15_SEQ_02/HY15_SEQ_02__ebv__EBV_IEDB_35bb9c18fac4__s3/eps4/full.stderr.txt,raw_calculations/apbs/HY15_SEQ_02/HY15_SEQ_02__ebv__EBV_IEDB_35bb9c18fac4__s3/eps4/full.stdout.txt
ebv,EBV_IEDB_35bb9c18fac4,ubuntu@sha256:2edbbc5dc405e9612ba3584ce95480277e3eb374407b5505fe26f17df77c7dbc,8663308,transient_deleted_after_checksum_and_sampling,573bf9f6e58074790222acf9fa4c4c633326bf5fd2fb4dbae3f25ed47e9f8820,0,hla_only,raw_calculations/apbs/HY15_SEQ_02/HY15_SEQ_02__ebv__EBV_IEDB_35bb9c18fac4__s3/eps4/hla_only.in,9be905d6aa8cf8e2e0582958ab93bf454d3cc13afb680227dd9dc5572ee6ee0b,HY15_SEQ_02__ebv__EBV_IEDB_35bb9c18fac4__s3,HY15_SEQ_02,3,4.0,complete,raw_calculations/apbs/HY15_SEQ_02/HY15_SEQ_02__ebv__EBV_IEDB_35bb9c18fac4__s3/eps4/hla_only.stderr.txt,raw_calculations/apbs/HY15_SEQ_02/HY15_SEQ_02__ebv__EBV_IEDB_35bb9c18fac4__s3/eps4/hla_only.stdout.txt
ebv,EBV_IEDB_35bb9c18fac4,ubuntu@sha256:2edbbc5dc405e9612ba3584ce95480277e3eb374407b5505fe26f17df77c7dbc,8562624,transient_deleted_after_checksum_and_sampling,1775fe726162912a6e9593a42df551e128e131e502a7dbe8827791a6eb973630,0,full,raw_calculations/apbs/HY15_SEQ_02/HY15_SEQ_02__ebv__EBV_IEDB_35bb9c18fac4__s3/eps8/full.in,5e26ee65a7c2d92fece358d809628fe8c1f146f9dce7efc1fb8a7a854b5c806e,HY15_SEQ_02__ebv__EBV_IEDB_35bb9c18fac4__s3,HY15_SEQ_02,3,8.0,complete,raw_calculations/apbs/HY15_SEQ_02/HY15_SEQ_02__ebv__EBV_IEDB_35bb9c18fac4__s3/eps8/full.stderr.txt,raw_calculations/apbs/HY15_SEQ_02/HY15_SEQ_02__ebv__EBV_IEDB_35bb9c18fac4__s3/eps8/full.stdout.txt
ebv,EBV_IEDB_35bb9c18fac4,ubuntu@sha256:2edbbc5dc405e9612ba3584ce95480277e3eb374407b5505fe26f17df77c7dbc,8669665,transient_deleted_after_checksum_and_sampling,740dd974f05e1f6b46adb7cba60c94a0d7c4b3ebb0047c040fe19d7adbf95283,0,hla_only,raw_calculations/apbs/HY15_SEQ_02/HY15_SEQ_02__ebv__EBV_IEDB_35bb9c18fac4__s3/eps8/hla_only.in,d8a0dc08921c3761f2f0b396d5353f7ec6168e50603ec31ee820de41cd4b5f09,HY15_SEQ_02__ebv__EBV_IEDB_35bb9c18fac4__s3,HY15_SEQ_02,3,8.0,complete,raw_calculations/apbs/HY15_SEQ_02/HY15_SEQ_02__ebv__EBV_IEDB_35bb9c18fac4__s3/eps8/hla_only.stderr.txt,raw_calculations/apbs/HY15_SEQ_02/HY15_SEQ_02__ebv__EBV_IEDB_35bb9c18fac4__s3/eps8/hla_only.stdout.txt
ebv,EBV_IEDB_35bb9c18fac4,ubuntu@sha256:2edbbc5dc405e9612ba3584ce95480277e3eb374407b5505fe26f17df77c7dbc,8564780,transient_deleted_after_checksum_and_sampling,fb0e7b32e484e0509e46d0bd9e22993216cc96d188eb91fe497df1f3c59f3b2b,0,full,raw_calculations/apbs/HY15_SEQ_02/HY15_SEQ_02__ebv__EBV_IEDB_35bb9c18fac4__s4/eps2/full.in,f5705d6976ab7d1601cbec6bf3b403898c9177a707b68ce6e7e22a0537696d3a,HY15_SEQ_02__ebv__EBV_IEDB_35bb9c18fac4__s4,HY15_SEQ_02,4,2.0,complete,raw_calculations/apbs/HY15_SEQ_02/HY15_SEQ_02__ebv__EBV_IEDB_35bb9c18fac4__s4/eps2/full.stderr.txt,raw_calculations/apbs/HY15_SEQ_02/HY15_SEQ_02__ebv__EBV_IEDB_35bb9c18fac4__s4/eps2/full.stdout.txt
ebv,EBV_IEDB_35bb9c18fac4,ubuntu@sha256:2edbbc5dc405e9612ba3584ce95480277e3eb374407b5505fe26f17df77c7dbc,8672355,transient_deleted_after_checksum_and_sampling,9961497068d75d3a4d5cb360af15daea56119ab651c9f1954c441d6950a0c7c5,0,hla_only,raw_calculations/apbs/HY15_SEQ_02/HY15_SEQ_02__ebv__EBV_IEDB_35bb9c18fac4__s4/eps2/hla_only.in,9fe568296baaf2fe1850e8eda3b0f22a5e7017bace8af71f4ffd3dc42da559d1,HY15_SEQ_02__ebv__EBV_IEDB_35bb9c18fac4__s4,HY15_SEQ_02,4,2.0,complete,raw_calculations/apbs/HY15_SEQ_02/HY15_SEQ_02__ebv__EBV_IEDB_35bb9c18fac4__s4/eps2/hla_only.stderr.txt,raw_calculations/apbs/HY15_SEQ_02/HY15_SEQ_02__ebv__EBV_IEDB_35bb9c18fac4__s4/eps2/hla_only.stdout.txt
ebv,EBV_IEDB_35bb9c18fac4,ubuntu@sha256:2edbbc5dc405e9612ba3584ce95480277e3eb374407b5505fe26f17df77c7dbc,8568173,transient_deleted_after_checksum_and_sampling,e61fbbb5a57c9a93aa5a7ad57000a777faabbfd3bf2ce6025a04e5a5c6ef6246,0,full,raw_calculations/apbs/HY15_SEQ_02/HY15_SEQ_02__ebv__EBV_IEDB_35bb9c18fac4__s4/eps4/full.in,b6b74f28a6d9b5001c19e3f1c3f48b8051a54a301ba245a5a2ffcc0d70a69d67,HY15_SEQ_02__ebv__EBV_IEDB_35bb9c18fac4__s4,HY15_SEQ_02,4,4.0,complete,raw_calculations/apbs/HY15_SEQ_02/HY15_SEQ_02__ebv__EBV_IEDB_35bb9c18fac4__s4/eps4/full.stderr.txt,raw_calculations/apbs/HY15_SEQ_02/HY15_SEQ_02__ebv__EBV_IEDB_35bb9c18fac4__s4/eps4/full.stdout.txt
ebv,EBV_IEDB_35bb9c18fac4,ubuntu@sha256:2edbbc5dc405e9612ba3584ce95480277e3eb374407b5505fe26f17df77c7dbc,8676520,transient_deleted_after_checksum_and_sampling,8187a4270e0eac1ac1e991b047a41d18c1778a82c1aa6c0aacdf7cef60fba813,0,hla_only,raw_calculations/apbs/HY15_SEQ_02/HY15_SEQ_02__ebv__EBV_IEDB_35bb9c18fac4__s4/eps4/hla_only.in,ac4566765a3789febf8b77f408c1885e6c3ae561817c3a7c5f6b5f29be8b2a2f,HY15_SEQ_02__ebv__EBV_IEDB_35bb9c18fac4__s4,HY15_SEQ_02,4,4.0,complete,raw_calculations/apbs/HY15_SEQ_02/HY15_SEQ_02__ebv__EBV_IEDB_35bb9c18fac4__s4/eps4/hla_only.stderr.txt,raw_calculations/apbs/HY15_SEQ_02/HY15_SEQ_02__ebv__EBV_IEDB_35bb9c18fac4__s4/eps4/hla_only.stdout.txt
ebv,EBV_IEDB_35bb9c18fac4,ubuntu@sha256:2edbbc5dc405e9612ba3584ce95480277e3eb374407b5505fe26f17df77c7dbc,8577564,transient_deleted_after_checksum_and_sampling,7cb09ab0ed4e11c78c5ac179f0811ca554a6a31c28f9403a98fd16ad7ad83530,0,full,raw_calculations/apbs/HY15_SEQ_02/HY15_SEQ_02__ebv__EBV_IEDB_35bb9c18fac4__s4/eps8/full.in,f8c576ddc5896b87f6176049889ac9336a8c8a74272e5a38352d62fa0939154f,HY15_SEQ_02__ebv__EBV_IEDB_35bb9c18fac4__s4,HY15_SEQ_02,4,8.0,complete,raw_calculations/apbs/HY15_SEQ_02/HY15_SEQ_02__ebv__EBV_IEDB_35bb9c18fac4__s4/eps8/full.stderr.txt,raw_calculations/apbs/HY15_SEQ_02/HY15_SEQ_02__ebv__EBV_IEDB_35bb9c18fac4__s4/eps8/full.stdout.txt
ebv,EBV_IEDB_35bb9c18fac4,ubuntu@sha256:2edbbc5dc405e9612ba3584ce95480277e3eb374407b5505fe26f17df77c7dbc,8683894,transient_deleted_after_checksum_and_sampling,744c5f4162cca442480cde2dfa325291acc2b614679d044583941fafe6bcc6db,0,hla_only,raw_calculations/apbs/HY15_SEQ_02/HY15_SEQ_02__ebv__EBV_IEDB_35bb9c18fac4__s4/eps8/hla_only.in,59d2f003122bdcff9d1fbc4400f6ae40851c3551f2dc455fcd6f67debccbfcc4,HY15_SEQ_02__ebv__EBV_IEDB_35bb9c18fac4__s4,HY15_SEQ_02,4,8.0,complete,raw_calculations/apbs/HY15_SEQ_02/HY15_SEQ_02__ebv__EBV_IEDB_35bb9c18fac4__s4/eps8/hla_only.stderr.txt,raw_calculations/apbs/HY15_SEQ_02/HY15_SEQ_02__ebv__EBV_IEDB_35bb9c18fac4__s4/eps8/hla_only.stdout.txt
ebv,EBV_IEDB_c617263cff31,ubuntu@sha256:2edbbc5dc405e9612ba3584ce95480277e3eb374407b5505fe26f17df77c7dbc,8578889,transient_deleted_after_checksum_and_sampling,d2640d34bba56b6797704b9cfa03e344a2eb17258ae196ea4ee80065bcc718ee,0,full,raw_calculations/apbs/HY15_SEQ_02/HY15_SEQ_02__ebv__EBV_IEDB_c617263cff31__s0/eps2/full.in,35dd7438dc7371a96bef76e4381026a9cfff3650f6a2d3a88da4ef187dcec1db,HY15_SEQ_02__ebv__EBV_IEDB_c617263cff31__s0,HY15_SEQ_02,0,2.0,complete,raw_calculations/apbs/HY15_SEQ_02/HY15_SEQ_02__ebv__EBV_IEDB_c617263cff31__s0/eps2/full.stderr.txt,raw_calculations/apbs/HY15_SEQ_02/HY15_SEQ_02__ebv__EBV_IEDB_c617263cff31__s0/eps2/full.stdout.txt
ebv,EBV_IEDB_c617263cff31,ubuntu@sha256:2edbbc5dc405e9612ba3584ce95480277e3eb374407b5505fe26f17df77c7dbc,8674433,transient_deleted_after_checksum_and_sampling,4a10485a080547af4c0ab42279f65ae0b7f7851a64229b41d716be7de3662c4e,0,hla_only,raw_calculations/apbs/HY15_SEQ_02/HY15_SEQ_02__ebv__EBV_IEDB_c617263cff31__s0/eps2/hla_only.in,9fd96644c43192300914a59d7a56795a13ad78b9cdb318fac91600be30457c1c,HY15_SEQ_02__ebv__EBV_IEDB_c617263cff31__s0,HY15_SEQ_02,0,2.0,complete,raw_calculations/apbs/HY15_SEQ_02/HY15_SEQ_02__ebv__EBV_IEDB_c617263cff31__s0/eps2/hla_only.stderr.txt,raw_calculations/apbs/HY15_SEQ_02/HY15_SEQ_02__ebv__EBV_IEDB_c617263cff31__s0/eps2/hla_only.stdout.txt
ebv,EBV_IEDB_c617263cff31,ubuntu@sha256:2edbbc5dc405e9612ba3584ce95480277e3eb374407b5505fe26f17df77c7dbc,8583318,transient_deleted_after_checksum_and_sampling,57e2e732e13050883462aefdc1f3d487f64313cd518aa1a16ccc05f9a966fe61,0,full,raw_calculations/apbs/HY15_SEQ_02/HY15_SEQ_02__ebv__EBV_IEDB_c617263cff31__s0/eps4/full.in,62fea12114ec27dededa61d44451e7644dc880ae373420640f4eee705594fa35,HY15_SEQ_02__ebv__EBV_IEDB_c617263cff31__s0,HY15_SEQ_02,0,4.0,complete,raw_calculations/apbs/HY15_SEQ_02/HY15_SEQ_02__ebv__EBV_IEDB_c617263cff31__s0/eps4/full.stderr.txt,raw_calculations/apbs/HY15_SEQ_02/HY15_SEQ_02__ebv__EBV_IEDB_c617263cff31__s0/eps4/full.stdout.txt
ebv,EBV_IEDB_c617263cff31,ubuntu@sha256:2edbbc5dc405e9612ba3584ce95480277e3eb374407b5505fe26f17df77c7dbc,8678457,transient_deleted_after_checksum_and_sampling,7b92587bdd597c45bce7f2058bf464324637c8f904fb54d42507aa3626d68767,0,hla_only,raw_calculations/apbs/HY15_SEQ_02/HY15_SEQ_02__ebv__EBV_IEDB_c617263cff31__s0/eps4/hla_only.in,f0414fafe8535c19776f3559e2ca47fb46d22c457a2b131077fc7939f18df84d,HY15_SEQ_02__ebv__EBV_IEDB_c617263cff31__s0,HY15_SEQ_02,0,4.0,complete,raw_calculations/apbs/HY15_SEQ_02/HY15_SEQ_02__ebv__EBV_IEDB_c617263cff31__s0/eps4/hla_only.stderr.txt,raw_calculations/apbs/HY15_SEQ_02/HY15_SEQ_02__ebv__EBV_IEDB_c617263cff31__s0/eps4/hla_only.stdout.txt
ebv,EBV_IEDB_c617263cff31,ubuntu@sha256:2edbbc5dc405e9612ba3584ce95480277e3eb374407b5505fe26f17df77c7dbc,8593868,transient_deleted_after_checksum_and_sampling,e7e596aaddc756a9391375380fda1862a3bf84c90422115f356381de0b434d92,0,full,raw_calculations/apbs/HY15_SEQ_02/HY15_SEQ_02__ebv__EBV_IEDB_c617263cff31__s0/eps8/full.in,9995d27bbc820d280f012e917d185d7f7b615c9130e0da43fbbba93f8b5214e6,HY15_SEQ_02__ebv__EBV_IEDB_c617263cff31__s0,HY15_SEQ_02,0,8.0,complete,raw_calculations/apbs/HY15_SEQ_02/HY15_SEQ_02__ebv__EBV_IEDB_c617263cff31__s0/eps8/full.stderr.txt,raw_calculations/apbs/HY15_SEQ_02/HY15_SEQ_02__ebv__EBV_IEDB_c617263cff31__s0/eps8/full.stdout.txt
ebv,EBV_IEDB_c617263cff31,ubuntu@sha256:2edbbc5dc405e9612ba3584ce95480277e3eb374407b5505fe26f17df77c7dbc,8685450,transient_deleted_after_checksum_and_sampling,6fad0b99030e36e7b8707599a1c1968d79048b301bcf2d51af78c2fb2760c455,0,hla_only,raw_calculations/apbs/HY15_SEQ_02/HY15_SEQ_02__ebv__EBV_IEDB_c617263cff31__s0/eps8/hla_only.in,556462eb2c5af88205a91c035303dbbe17818bd2929790330804f005abd24188,HY15_SEQ_02__ebv__EBV_IEDB_c617263cff31__s0,HY15_SEQ_02,0,8.0,complete,raw_calculations/apbs/HY15_SEQ_02/HY15_SEQ_02__ebv__EBV_IEDB_c617263cff31__s0/eps8/hla_only.stderr.txt,raw_calculations/apbs/HY15_SEQ_02/HY15_SEQ_02__ebv__EBV_IEDB_c617263cff31__s0/eps8/hla_only.stdout.txt
ebv,EBV_IEDB_c617263cff31,ubuntu@sha256:2edbbc5dc405e9612ba3584ce95480277e3eb374407b5505fe26f17df77c7dbc,8579580,transient_deleted_after_checksum_and_sampling,5a89778164c9f741f1a8ff116d1221a2f051084defcdf12526e5ba8bd4b45493,0,full,raw_calculations/apbs/HY15_SEQ_02/HY15_SEQ_02__ebv__EBV_IEDB_c617263cff31__s1/eps2/full.in,401e378f49d5b38944625b091c5f39fe76e0c6491dade6de3b6ad369febedef2,HY15_SEQ_02__ebv__EBV_IEDB_c617263cff31__s1,HY15_SEQ_02,1,2.0,complete,raw_calculations/apbs/HY15_SEQ_02/HY15_SEQ_02__ebv__EBV_IEDB_c617263cff31__s1/eps2/full.stderr.txt,raw_calculations/apbs/HY15_SEQ_02/HY15_SEQ_02__ebv__EBV_IEDB_c617263cff31__s1/eps2/full.stdout.txt
ebv,EBV_IEDB_c617263cff31,ubuntu@sha256:2edbbc5dc405e9612ba3584ce95480277e3eb374407b5505fe26f17df77c7dbc,8671321,transient_deleted_after_checksum_and_sampling,2ca3e50eb1f46de1a319917c97f93e60455e6cbbcb1be5b747e476aa81125c51,0,hla_only,raw_calculations/apbs/HY15_SEQ_02/HY15_SEQ_02__ebv__EBV_IEDB_c617263cff31__s1/eps2/hla_only.in,8670548559f785ebc5e9760a26da28af030d2ca00366206e5e522b421bb8aaf4,HY15_SEQ_02__ebv__EBV_IEDB_c617263cff31__s1,HY15_SEQ_02,1,2.0,complete,raw_calculations/apbs/HY15_SEQ_02/HY15_SEQ_02__ebv__EBV_IEDB_c617263cff31__s1/eps2/hla_only.stderr.txt,raw_calculations/apbs/HY15_SEQ_02/HY15_SEQ_02__ebv__EBV_IEDB_c617263cff31__s1/eps2/hla_only.stdout.txt
ebv,EBV_IEDB_c617263cff31,ubuntu@sha256:2edbbc5dc405e9612ba3584ce95480277e3eb374407b5505fe26f17df77c7dbc,8583689,transient_deleted_after_checksum_and_sampling,4a870a134bf11124db17cc3748b7e4793aa22920dcbe6ac76598e531552ba9a7,0,full,raw_calculations/apbs/HY15_SEQ_02/HY15_SEQ_02__ebv__EBV_IEDB_c617263cff31__s1/eps4/full.in,a33539073440886a0175b11c830bff914588c8202b22c66bf84f484874d01dbb,HY15_SEQ_02__ebv__EBV_IEDB_c617263cff31__s1,HY15_SEQ_02,1,4.0,complete,raw_calculations/apbs/HY15_SEQ_02/HY15_SEQ_02__ebv__EBV_IEDB_c617263cff31__s1/eps4/full.stderr.txt,raw_calculations/apbs/HY15_SEQ_02/HY15_SEQ_02__ebv__EBV_IEDB_c617263cff31__s1/eps4/full.stdout.txt
ebv,EBV_IEDB_c617263cff31,ubuntu@sha256:2edbbc5dc405e9612ba3584ce95480277e3eb374407b5505fe26f17df77c7dbc,8675140,transient_deleted_after_checksum_and_sampling,b7a5ee96e0cd55398675c6ddc1ab0981817399a5a9cb60c4f0dbd2d89b6a4e4e,0,hla_only,raw_calculations/apbs/HY15_SEQ_02/HY15_SEQ_02__ebv__EBV_IEDB_c617263cff31__s1/eps4/hla_only.in,7e28884ae177853d87f9358c9df7324d2a4548053529b3f15903849ced61d355,HY15_SEQ_02__ebv__EBV_IEDB_c617263cff31__s1,HY15_SEQ_02,1,4.0,complete,raw_calculations/apbs/HY15_SEQ_02/HY15_SEQ_02__ebv__EBV_IEDB_c617263cff31__s1/eps4/hla_only.stderr.txt,raw_calculations/apbs/HY15_SEQ_02/HY15_SEQ_02__ebv__EBV_IEDB_c617263cff31__s1/eps4/hla_only.stdout.txt
ebv,EBV_IEDB_c617263cff31,ubuntu@sha256:2edbbc5dc405e9612ba3584ce95480277e3eb374407b5505fe26f17df77c7dbc,8590627,transient_deleted_after_checksum_and_sampling,9b5cbca3f4fa8518ad2aa0ff1bd35f7d11945513ceb5e990adbe48c124a40805,0,full,raw_calculations/apbs/HY15_SEQ_02/HY15_SEQ_02__ebv__EBV_IEDB_c617263cff31__s1/eps8/full.in,ab9167e383c2a9775ff5b532fb2ec90eaa6da5077359cc690035affa6ddeb562,HY15_SEQ_02__ebv__EBV_IEDB_c617263cff31__s1,HY15_SEQ_02,1,8.0,complete,raw_calculations/apbs/HY15_SEQ_02/HY15_SEQ_02__ebv__EBV_IEDB_c617263cff31__s1/eps8/full.stderr.txt,raw_calculations/apbs/HY15_SEQ_02/HY15_SEQ_02__ebv__EBV_IEDB_c617263cff31__s1/eps8/full.stdout.txt
ebv,EBV_IEDB_c617263cff31,ubuntu@sha256:2edbbc5dc405e9612ba3584ce95480277e3eb374407b5505fe26f17df77c7dbc,8681380,transient_deleted_after_checksum_and_sampling,3390d694915a6cea9cfe3b700db9a9d5fd41f2bfca8c1acbdf7f5979461e67e8,0,hla_only,raw_calculations/apbs/HY15_SEQ_02/HY15_SEQ_02__ebv__EBV_IEDB_c617263cff31__s1/eps8/hla_only.in,e2b8af42e5a757a97d749fdbf7d92d0e34034d8e37c5cb16f4a36be337ddeaf7,HY15_SEQ_02__ebv__EBV_IEDB_c617263cff31__s1,HY15_SEQ_02,1,8.0,complete,raw_calculations/apbs/HY15_SEQ_02/HY15_SEQ_02__ebv__EBV_IEDB_c617263cff31__s1/eps8/hla_only.stderr.txt,raw_calculations/apbs/HY15_SEQ_02/HY15_SEQ_02__ebv__EBV_IEDB_c617263cff31__s1/eps8/hla_only.stdout.txt
ebv,EBV_IEDB_c617263cff31,ubuntu@sha256:2edbbc5dc405e9612ba3584ce95480277e3eb374407b5505fe26f17df77c7dbc,8578878,transient_deleted_after_checksum_and_sampling,b5fa8a554e0b2141c283e80b24ed7352aba040a8906816632cb6c5cdbed7ce72,0,full,raw_calculations/apbs/HY15_SEQ_02/HY15_SEQ_02__ebv__EBV_IEDB_c617263cff31__s2/eps2/full.in,8ebe44be03bc0a7f269a3e74d8a5060bab02281312e5309809b12bd4c721b987,HY15_SEQ_02__ebv__EBV_IEDB_c617263cff31__s2,HY15_SEQ_02,2,2.0,complete,raw_calculations/apbs/HY15_SEQ_02/HY15_SEQ_02__ebv__EBV_IEDB_c617263cff31__s2/eps2/full.stderr.txt,raw_calculations/apbs/HY15_SEQ_02/HY15_SEQ_02__ebv__EBV_IEDB_c617263cff31__s2/eps2/full.stdout.txt
ebv,EBV_IEDB_c617263cff31,ubuntu@sha256:2edbbc5dc405e9612ba3584ce95480277e3eb374407b5505fe26f17df77c7dbc,8679536,transient_deleted_after_checksum_and_sampling,3227e4331d6011b6d9ebd20c3f904df69c72fdd0d8f087a35eb99d1ea61c518a,0,hla_only,raw_calculations/apbs/HY15_SEQ_02/HY15_SEQ_02__ebv__EBV_IEDB_c617263cff31__s2/eps2/hla_only.in,7d6f3ff8be47aeb5a65e09f9b0207e829681bfb89110d8dcd883da12df97208c,HY15_SEQ_02__ebv__EBV_IEDB_c617263cff31__s2,HY15_SEQ_02,2,2.0,complete,raw_calculations/apbs/HY15_SEQ_02/HY15_SEQ_02__ebv__EBV_IEDB_c617263cff31__s2/eps2/hla_only.stderr.txt,raw_calculations/apbs/HY15_SEQ_02/HY15_SEQ_02__ebv__EBV_IEDB_c617263cff31__s2/eps2/hla_only.stdout.txt
ebv,EBV_IEDB_c617263cff31,ubuntu@sha256:2edbbc5dc405e9612ba3584ce95480277e3eb374407b5505fe26f17df77c7dbc,8581979,transient_deleted_after_checksum_and_sampling,fb60b0a87350b1972b73faf5290e1bcbb93aded340d41659b3f85e1ebd802eaa,0,full,raw_calculations/apbs/HY15_SEQ_02/HY15_SEQ_02__ebv__EBV_IEDB_c617263cff31__s2/eps4/full.in,6e3079a1c034c99358fc8e406512a58236d901732a76580d504cbadf3acf7109,HY15_SEQ_02__ebv__EBV_IEDB_c617263cff31__s2,HY15_SEQ_02,2,4.0,complete,raw_calculations/apbs/HY15_SEQ_02/HY15_SEQ_02__ebv__EBV_IEDB_c617263cff31__s2/eps4/full.stderr.txt,raw_calculations/apbs/HY15_SEQ_02/HY15_SEQ_02__ebv__EBV_IEDB_c617263cff31__s2/eps4/full.stdout.txt
ebv,EBV_IEDB_c617263cff31,ubuntu@sha256:2edbbc5dc405e9612ba3584ce95480277e3eb374407b5505fe26f17df77c7dbc,8684034,transient_deleted_after_checksum_and_sampling,f0d797130a295543d0ff0c50acc5c2af7f08c94144b439845306f592fac75bb7,0,hla_only,raw_calculations/apbs/HY15_SEQ_02/HY15_SEQ_02__ebv__EBV_IEDB_c617263cff31__s2/eps4/hla_only.in,b1146d51011e58799622c201552d969f700742074aaa5f1db645a35fc13c9b6d,HY15_SEQ_02__ebv__EBV_IEDB_c617263cff31__s2,HY15_SEQ_02,2,4.0,complete,raw_calculations/apbs/HY15_SEQ_02/HY15_SEQ_02__ebv__EBV_IEDB_c617263cff31__s2/eps4/hla_only.stderr.txt,raw_calculations/apbs/HY15_SEQ_02/HY15_SEQ_02__ebv__EBV_IEDB_c617263cff31__s2/eps4/hla_only.stdout.txt
ebv,EBV_IEDB_c617263cff31,ubuntu@sha256:2edbbc5dc405e9612ba3584ce95480277e3eb374407b5505fe26f17df77c7dbc,8590135,transient_deleted_after_checksum_and_sampling,d6bfeecac436396c8c2f2d753d62dd67b2a354198a79c6b34667f50609186e2d,0,full,raw_calculations/apbs/HY15_SEQ_02/HY15_SEQ_02__ebv__EBV_IEDB_c617263cff31__s2/eps8/full.in,65ba3d4b09ad67235b29902751bc82d22d517c390dcd18cb8f26507b988cdc77,HY15_SEQ_02__ebv__EBV_IEDB_c617263cff31__s2,HY15_SEQ_02,2,8.0,complete,raw_calculations/apbs/HY15_SEQ_02/HY15_SEQ_02__ebv__EBV_IEDB_c617263cff31__s2/eps8/full.stderr.txt,raw_calculations/apbs/HY15_SEQ_02/HY15_SEQ_02__ebv__EBV_IEDB_c617263cff31__s2/eps8/full.stdout.txt
ebv,EBV_IEDB_c617263cff31,ubuntu@sha256:2edbbc5dc405e9612ba3584ce95480277e3eb374407b5505fe26f17df77c7dbc,8691893,transient_deleted_after_checksum_and_sampling,22f7e125598054e74b8f95f1003da6e9cad61178de829a7eaf8f998857ec2574,0,hla_only,raw_calculations/apbs/HY15_SEQ_02/HY15_SEQ_02__ebv__EBV_IEDB_c617263cff31__s2/eps8/hla_only.in,7ae988eb70fcbd5fc4e594a4faf27b553b7317d14cde01d56705a207d824a750,HY15_SEQ_02__ebv__EBV_IEDB_c617263cff31__s2,HY15_SEQ_02,2,8.0,complete,raw_calculations/apbs/HY15_SEQ_02/HY15_SEQ_02__ebv__EBV_IEDB_c617263cff31__s2/eps8/hla_only.stderr.txt,raw_calculations/apbs/HY15_SEQ_02/HY15_SEQ_02__ebv__EBV_IEDB_c617263cff31__s2/eps8/hla_only.stdout.txt
ebv,EBV_IEDB_c617263cff31,ubuntu@sha256:2edbbc5dc405e9612ba3584ce95480277e3eb374407b5505fe26f17df77c7dbc,8592183,transient_deleted_after_checksum_and_sampling,ea58682399c8376b602e914451d11393de71ed61b56399406432ee670a23a712,0,full,raw_calculations/apbs/HY15_SEQ_02/HY15_SEQ_02__ebv__EBV_IEDB_c617263cff31__s3/eps2/full.in,a511167a09953db439c72fb86fd8cc7125c39f92c0a6626199cdb1e7a89de5a4,HY15_SEQ_02__ebv__EBV_IEDB_c617263cff31__s3,HY15_SEQ_02,3,2.0,complete,raw_calculations/apbs/HY15_SEQ_02/HY15_SEQ_02__ebv__EBV_IEDB_c617263cff31__s3/eps2/full.stderr.txt,raw_calculations/apbs/HY15_SEQ_02/HY15_SEQ_02__ebv__EBV_IEDB_c617263cff31__s3/eps2/full.stdout.txt
ebv,EBV_IEDB_c617263cff31,ubuntu@sha256:2edbbc5dc405e9612ba3584ce95480277e3eb374407b5505fe26f17df77c7dbc,8672618,transient_deleted_after_checksum_and_sampling,d8278a184112ee5f1ec5d1323c1fe4147607e1ae5640c083f3f942bed4b64025,0,hla_only,raw_calculations/apbs/HY15_SEQ_02/HY15_SEQ_02__ebv__EBV_IEDB_c617263cff31__s3/eps2/hla_only.in,1a3227b8b3b3690a5b2ab96a0607b9e582cc2b328a66ebc406ad330e16190e00,HY15_SEQ_02__ebv__EBV_IEDB_c617263cff31__s3,HY15_SEQ_02,3,2.0,complete,raw_calculations/apbs/HY15_SEQ_02/HY15_SEQ_02__ebv__EBV_IEDB_c617263cff31__s3/eps2/hla_only.stderr.txt,raw_calculations/apbs/HY15_SEQ_02/HY15_SEQ_02__ebv__EBV_IEDB_c617263cff31__s3/eps2/hla_only.stdout.txt
ebv,EBV_IEDB_c617263cff31,ubuntu@sha256:2edbbc5dc405e9612ba3584ce95480277e3eb374407b5505fe26f17df77c7dbc,8595347,transient_deleted_after_checksum_and_sampling,4e5aed17097db3645e5c5ea194c27409819774061940477ea5fde65d76508eb9,0,full,raw_calculations/apbs/HY15_SEQ_02/HY15_SEQ_02__ebv__EBV_IEDB_c617263cff31__s3/eps4/full.in,e07723c0f46feaa592fab52ba3ea379fb45b3c98ac22ed9da7dc70320eb32b11,HY15_SEQ_02__ebv__EBV_IEDB_c617263cff31__s3,HY15_SEQ_02,3,4.0,complete,raw_calculations/apbs/HY15_SEQ_02/HY15_SEQ_02__ebv__EBV_IEDB_c617263cff31__s3/eps4/full.stderr.txt,raw_calculations/apbs/HY15_SEQ_02/HY15_SEQ_02__ebv__EBV_IEDB_c617263cff31__s3/eps4/full.stdout.txt
ebv,EBV_IEDB_c617263cff31,ubuntu@sha256:2edbbc5dc405e9612ba3584ce95480277e3eb374407b5505fe26f17df77c7dbc,8677943,transient_deleted_after_checksum_and_sampling,ab6afd9114bac42c412345999bbc152a16ba7e3dc94bac65f8ab9f92809b5964,0,hla_only,raw_calculations/apbs/HY15_SEQ_02/HY15_SEQ_02__ebv__EBV_IEDB_c617263cff31__s3/eps4/hla_only.in,619df57906997ffcb9af6fd3cbe6f7a1503f506d1364cbb002952d0073657279,HY15_SEQ_02__ebv__EBV_IEDB_c617263cff31__s3,HY15_SEQ_02,3,4.0,complete,raw_calculations/apbs/HY15_SEQ_02/HY15_SEQ_02__ebv__EBV_IEDB_c617263cff31__s3/eps4/hla_only.stderr.txt,raw_calculations/apbs/HY15_SEQ_02/HY15_SEQ_02__ebv__EBV_IEDB_c617263cff31__s3/eps4/hla_only.stdout.txt
ebv,EBV_IEDB_c617263cff31,ubuntu@sha256:2edbbc5dc405e9612ba3584ce95480277e3eb374407b5505fe26f17df77c7dbc,8602275,transient_deleted_after_checksum_and_sampling,b3f327b0c235042c84d59e97e5bcfc3d9ca45439d9faa07ffbfba3a6d36da6d1,0,full,raw_calculations/apbs/HY15_SEQ_02/HY15_SEQ_02__ebv__EBV_IEDB_c617263cff31__s3/eps8/full.in,b5785e0f31c63287e4565b0f421077f5eadb61966fbacc56963a6cd5c2c7bc22,HY15_SEQ_02__ebv__EBV_IEDB_c617263cff31__s3,HY15_SEQ_02,3,8.0,complete,raw_calculations/apbs/HY15_SEQ_02/HY15_SEQ_02__ebv__EBV_IEDB_c617263cff31__s3/eps8/full.stderr.txt,raw_calculations/apbs/HY15_SEQ_02/HY15_SEQ_02__ebv__EBV_IEDB_c617263cff31__s3/eps8/full.stdout.txt
ebv,EBV_IEDB_c617263cff31,ubuntu@sha256:2edbbc5dc405e9612ba3584ce95480277e3eb374407b5505fe26f17df77c7dbc,8686516,transient_deleted_after_checksum_and_sampling,014c311281b32d9137ac00e3af3af50f02012d1db0f7a6aaa325872fc8300692,0,hla_only,raw_calculations/apbs/HY15_SEQ_02/HY15_SEQ_02__ebv__EBV_IEDB_c617263cff31__s3/eps8/hla_only.in,68b606680a854cbf18d7d53684919372a2c998c9c8c2904917ac63e7851de2bd,HY15_SEQ_02__ebv__EBV_IEDB_c617263cff31__s3,HY15_SEQ_02,3,8.0,complete,raw_calculations/apbs/HY15_SEQ_02/HY15_SEQ_02__ebv__EBV_IEDB_c617263cff31__s3/eps8/hla_only.stderr.txt,raw_calculations/apbs/HY15_SEQ_02/HY15_SEQ_02__ebv__EBV_IEDB_c617263cff31__s3/eps8/hla_only.stdout.txt
ebv,EBV_IEDB_c617263cff31,ubuntu@sha256:2edbbc5dc405e9612ba3584ce95480277e3eb374407b5505fe26f17df77c7dbc,8570377,transient_deleted_after_checksum_and_sampling,1d64f901cd5a5a679a7cf760ad8cf294b7742d82ff09d1a838dfc6853cab7242,0,full,raw_calculations/apbs/HY15_SEQ_02/HY15_SEQ_02__ebv__EBV_IEDB_c617263cff31__s4/eps2/full.in,2635065ea54e38021118e2e5734e7ca6393727943efafe152746ae0433493fe1,HY15_SEQ_02__ebv__EBV_IEDB_c617263cff31__s4,HY15_SEQ_02,4,2.0,complete,raw_calculations/apbs/HY15_SEQ_02/HY15_SEQ_02__ebv__EBV_IEDB_c617263cff31__s4/eps2/full.stderr.txt,raw_calculations/apbs/HY15_SEQ_02/HY15_SEQ_02__ebv__EBV_IEDB_c617263cff31__s4/eps2/full.stdout.txt
ebv,EBV_IEDB_c617263cff31,ubuntu@sha256:2edbbc5dc405e9612ba3584ce95480277e3eb374407b5505fe26f17df77c7dbc,8668814,transient_deleted_after_checksum_and_sampling,68b7f268e23c405711d49fb3975ca8510d2137d78520126592e8affb0d06a99c,0,hla_only,raw_calculations/apbs/HY15_SEQ_02/HY15_SEQ_02__ebv__EBV_IEDB_c617263cff31__s4/eps2/hla_only.in,11ffce2b8c6f1b33ea6684c00c10d9488156c7f76d54ca895bbeb58ef9da4d41,HY15_SEQ_02__ebv__EBV_IEDB_c617263cff31__s4,HY15_SEQ_02,4,2.0,complete,raw_calculations/apbs/HY15_SEQ_02/HY15_SEQ_02__ebv__EBV_IEDB_c617263cff31__s4/eps2/hla_only.stderr.txt,raw_calculations/apbs/HY15_SEQ_02/HY15_SEQ_02__ebv__EBV_IEDB_c617263cff31__s4/eps2/hla_only.stdout.txt
ebv,EBV_IEDB_c617263cff31,ubuntu@sha256:2edbbc5dc405e9612ba3584ce95480277e3eb374407b5505fe26f17df77c7dbc,8571878,transient_deleted_after_checksum_and_sampling,9709fd45713f34d2188c1fdd7e3d4cdcab65a7a7ab58d5206722d25e8b7fd1f9,0,full,raw_calculations/apbs/HY15_SEQ_02/HY15_SEQ_02__ebv__EBV_IEDB_c617263cff31__s4/eps4/full.in,40c54afbf91c33c186d253b3a56809baa57ef9e17352048e1e10420a8f78afa4,HY15_SEQ_02__ebv__EBV_IEDB_c617263cff31__s4,HY15_SEQ_02,4,4.0,complete,raw_calculations/apbs/HY15_SEQ_02/HY15_SEQ_02__ebv__EBV_IEDB_c617263cff31__s4/eps4/full.stderr.txt,raw_calculations/apbs/HY15_SEQ_02/HY15_SEQ_02__ebv__EBV_IEDB_c617263cff31__s4/eps4/full.stdout.txt
ebv,EBV_IEDB_c617263cff31,ubuntu@sha256:2edbbc5dc405e9612ba3584ce95480277e3eb374407b5505fe26f17df77c7dbc,8672907,transient_deleted_after_checksum_and_sampling,4c32b86cf6f54d1fc194c337a475e91b95566a363a26c31a566b4c46a1091d9b,0,hla_only,raw_calculations/apbs/HY15_SEQ_02/HY15_SEQ_02__ebv__EBV_IEDB_c617263cff31__s4/eps4/hla_only.in,c3ef7700eae0e5045e4a1e1a088aa17da91050059a5fc2a1e2b9fa456bf6186a,HY15_SEQ_02__ebv__EBV_IEDB_c617263cff31__s4,HY15_SEQ_02,4,4.0,complete,raw_calculations/apbs/HY15_SEQ_02/HY15_SEQ_02__ebv__EBV_IEDB_c617263cff31__s4/eps4/hla_only.stderr.txt,raw_calculations/apbs/HY15_SEQ_02/HY15_SEQ_02__ebv__EBV_IEDB_c617263cff31__s4/eps4/hla_only.stdout.txt
ebv,EBV_IEDB_c617263cff31,ubuntu@sha256:2edbbc5dc405e9612ba3584ce95480277e3eb374407b5505fe26f17df77c7dbc,8577602,transient_deleted_after_checksum_and_sampling,3cab6299e368cafd1a31da2e9aa2afde88fbe9fbfd7117332d40aeb9014127bf,0,full,raw_calculations/apbs/HY15_SEQ_02/HY15_SEQ_02__ebv__EBV_IEDB_c617263cff31__s4/eps8/full.in,005df6a6bf4e944a64f442e4bc35067f6ebebef5ce2fd761e6d65726e6ca456b,HY15_SEQ_02__ebv__EBV_IEDB_c617263cff31__s4,HY15_SEQ_02,4,8.0,complete,raw_calculations/apbs/HY15_SEQ_02/HY15_SEQ_02__ebv__EBV_IEDB_c617263cff31__s4/eps8/full.stderr.txt,raw_calculations/apbs/HY15_SEQ_02/HY15_SEQ_02__ebv__EBV_IEDB_c617263cff31__s4/eps8/full.stdout.txt
ebv,EBV_IEDB_c617263cff31,ubuntu@sha256:2edbbc5dc405e9612ba3584ce95480277e3eb374407b5505fe26f17df77c7dbc,8680231,transient_deleted_after_checksum_and_sampling,9e647163895b14598360131ad289e1994a605e5039f74aa36988e5fe63cd7abc,0,hla_only,raw_calculations/apbs/HY15_SEQ_02/HY15_SEQ_02__ebv__EBV_IEDB_c617263cff31__s4/eps8/hla_only.in,a2e2eefba82aad635f7170e9fab317e606c3bfb01d7efea1a5aad32ce20354f4,HY15_SEQ_02__ebv__EBV_IEDB_c617263cff31__s4,HY15_SEQ_02,4,8.0,complete,raw_calculations/apbs/HY15_SEQ_02/HY15_SEQ_02__ebv__EBV_IEDB_c617263cff31__s4/eps8/hla_only.stderr.txt,raw_calculations/apbs/HY15_SEQ_02/HY15_SEQ_02__ebv__EBV_IEDB_c617263cff31__s4/eps8/hla_only.stdout.txt
ebv,EBV_IEDB_ce143ad82ead,ubuntu@sha256:2edbbc5dc405e9612ba3584ce95480277e3eb374407b5505fe26f17df77c7dbc,8602927,transient_deleted_after_checksum_and_sampling,05c97e42919cc78d7abf511367612e0aebe3185dc4559bebcabf103e093f66e3,0,full,raw_calculations/apbs/HY15_SEQ_02/HY15_SEQ_02__ebv__EBV_IEDB_ce143ad82ead__s0/eps2/full.in,62709262c18375a527895d09ce0898d03e9e7bb3b67203c464319a8b5419d1f3,HY15_SEQ_02__ebv__EBV_IEDB_ce143ad82ead__s0,HY15_SEQ_02,0,2.0,complete,raw_calculations/apbs/HY15_SEQ_02/HY15_SEQ_02__ebv__EBV_IEDB_ce143ad82ead__s0/eps2/full.stderr.txt,raw_calculations/apbs/HY15_SEQ_02/HY15_SEQ_02__ebv__EBV_IEDB_ce143ad82ead__s0/eps2/full.stdout.txt
ebv,EBV_IEDB_ce143ad82ead,ubuntu@sha256:2edbbc5dc405e9612ba3584ce95480277e3eb374407b5505fe26f17df77c7dbc,8654959,transient_deleted_after_checksum_and_sampling,709e607f787328c9a7e4717689a37b30dbe12ebf66bd6457272731fb77a0a9e3,0,hla_only,raw_calculations/apbs/HY15_SEQ_02/HY15_SEQ_02__ebv__EBV_IEDB_ce143ad82ead__s0/eps2/hla_only.in,d43a2e48f0f679c82ad7a89a673612af16d3725d1c5e578e137971dce0284a0e,HY15_SEQ_02__ebv__EBV_IEDB_ce143ad82ead__s0,HY15_SEQ_02,0,2.0,complete,raw_calculations/apbs/HY15_SEQ_02/HY15_SEQ_02__ebv__EBV_IEDB_ce143ad82ead__s0/eps2/hla_only.stderr.txt,raw_calculations/apbs/HY15_SEQ_02/HY15_SEQ_02__ebv__EBV_IEDB_ce143ad82ead__s0/eps2/hla_only.stdout.txt
ebv,EBV_IEDB_ce143ad82ead,ubuntu@sha256:2edbbc5dc405e9612ba3584ce95480277e3eb374407b5505fe26f17df77c7dbc,8606245,transient_deleted_after_checksum_and_sampling,32e7f15691d7585ccf7742939ee2f05ba52295dee2a6d087a01fdd3de4ac60f2,0,full,raw_calculations/apbs/HY15_SEQ_02/HY15_SEQ_02__ebv__EBV_IEDB_ce143ad82ead__s0/eps4/full.in,daa39717d1ee61cb2d2d1c8ae07ef67936212a5e72a99aec8ec629cd1d679d29,HY15_SEQ_02__ebv__EBV_IEDB_ce143ad82ead__s0,HY15_SEQ_02,0,4.0,complete,raw_calculations/apbs/HY15_SEQ_02/HY15_SEQ_02__ebv__EBV_IEDB_ce143ad82ead__s0/eps4/full.stderr.txt,raw_calculations/apbs/HY15_SEQ_02/HY15_SEQ_02__ebv__EBV_IEDB_ce143ad82ead__s0/eps4/full.stdout.txt
ebv,EBV_IEDB_ce143ad82ead,ubuntu@sha256:2edbbc5dc405e9612ba3584ce95480277e3eb374407b5505fe26f17df77c7dbc,8658820,transient_deleted_after_checksum_and_sampling,961f7b4d1435d1ef6633af407a908a9342bab005af48a78d75fe4b42ef053868,0,hla_only,raw_calculations/apbs/HY15_SEQ_02/HY15_SEQ_02__ebv__EBV_IEDB_ce143ad82ead__s0/eps4/hla_only.in,59ad920fd4d26c38b23b1d956aeb7a038e50cb79db2d3dd948a6a531d81e61ba,HY15_SEQ_02__ebv__EBV_IEDB_ce143ad82ead__s0,HY15_SEQ_02,0,4.0,complete,raw_calculations/apbs/HY15_SEQ_02/HY15_SEQ_02__ebv__EBV_IEDB_ce143ad82ead__s0/eps4/hla_only.stderr.txt,raw_calculations/apbs/HY15_SEQ_02/HY15_SEQ_02__ebv__EBV_IEDB_ce143ad82ead__s0/eps4/hla_only.stdout.txt
ebv,EBV_IEDB_ce143ad82ead,ubuntu@sha256:2edbbc5dc405e9612ba3584ce95480277e3eb374407b5505fe26f17df77c7dbc,8615245,transient_deleted_after_checksum_and_sampling,137dd0ac25d0d6eb700e6ab7e191083b99f900f7bdc625e22a9739087a65c135,0,full,raw_calculations/apbs/HY15_SEQ_02/HY15_SEQ_02__ebv__EBV_IEDB_ce143ad82ead__s0/eps8/full.in,4b3dfe4f3e6db67654b0e0fa05a4adb99aea4efd966bb17d3e13cf0ffa5a5a44,HY15_SEQ_02__ebv__EBV_IEDB_ce143ad82ead__s0,HY15_SEQ_02,0,8.0,complete,raw_calculations/apbs/HY15_SEQ_02/HY15_SEQ_02__ebv__EBV_IEDB_ce143ad82ead__s0/eps8/full.stderr.txt,raw_calculations/apbs/HY15_SEQ_02/HY15_SEQ_02__ebv__EBV_IEDB_ce143ad82ead__s0/eps8/full.stdout.txt
ebv,EBV_IEDB_ce143ad82ead,ubuntu@sha256:2edbbc5dc405e9612ba3584ce95480277e3eb374407b5505fe26f17df77c7dbc,8665994,transient_deleted_after_checksum_and_sampling,da1cd0e7e724b20401462a6aebc0773fdf54cda5f1e8bd6f7ed00a450d253ee5,0,hla_only,raw_calculations/apbs/HY15_SEQ_02/HY15_SEQ_02__ebv__EBV_IEDB_ce143ad82ead__s0/eps8/hla_only.in,68904987d654484917aecf719cc4009df2a5631d64a306aae0f4e69d8ee9f049,HY15_SEQ_02__ebv__EBV_IEDB_ce143ad82ead__s0,HY15_SEQ_02,0,8.0,complete,raw_calculations/apbs/HY15_SEQ_02/HY15_SEQ_02__ebv__EBV_IEDB_ce143ad82ead__s0/eps8/hla_only.stderr.txt,raw_calculations/apbs/HY15_SEQ_02/HY15_SEQ_02__ebv__EBV_IEDB_ce143ad82ead__s0/eps8/hla_only.stdout.txt
ebv,EBV_IEDB_ce143ad82ead,ubuntu@sha256:2edbbc5dc405e9612ba3584ce95480277e3eb374407b5505fe26f17df77c7dbc,8609382,transient_deleted_after_checksum_and_sampling,972a62c64ee38966be8addcddd6b478cf4011a3f20e8bdd703f8c04205c0d017,0,full,raw_calculations/apbs/HY15_SEQ_02/HY15_SEQ_02__ebv__EBV_IEDB_ce143ad82ead__s1/eps2/full.in,2c128b5d712edb1374ca28ef7755c3a6fe6686d4a7631feef5425d17f1769e0f,HY15_SEQ_02__ebv__EBV_IEDB_ce143ad82ead__s1,HY15_SEQ_02,1,2.0,complete,raw_calculations/apbs/HY15_SEQ_02/HY15_SEQ_02__ebv__EBV_IEDB_ce143ad82ead__s1/eps2/full.stderr.txt,raw_calculations/apbs/HY15_SEQ_02/HY15_SEQ_02__ebv__EBV_IEDB_ce143ad82ead__s1/eps2/full.stdout.txt
ebv,EBV_IEDB_ce143ad82ead,ubuntu@sha256:2edbbc5dc405e9612ba3584ce95480277e3eb374407b5505fe26f17df77c7dbc,8672877,transient_deleted_after_checksum_and_sampling,d718b007b193992037e0cda65ee375a3ca02af230953e5dbc65fcef3e1582a28,0,hla_only,raw_calculations/apbs/HY15_SEQ_02/HY15_SEQ_02__ebv__EBV_IEDB_ce143ad82ead__s1/eps2/hla_only.in,0291755c6206825fa5311be1e9c3f657dd8693ecebc475f4e8b37637f68f4654,HY15_SEQ_02__ebv__EBV_IEDB_ce143ad82ead__s1,HY15_SEQ_02,1,2.0,complete,raw_calculations/apbs/HY15_SEQ_02/HY15_SEQ_02__ebv__EBV_IEDB_ce143ad82ead__s1/eps2/hla_only.stderr.txt,raw_calculations/apbs/HY15_SEQ_02/HY15_SEQ_02__ebv__EBV_IEDB_ce143ad82ead__s1/eps2/hla_only.stdout.txt
ebv,EBV_IEDB_ce143ad82ead,ubuntu@sha256:2edbbc5dc405e9612ba3584ce95480277e3eb374407b5505fe26f17df77c7dbc,8614194,transient_deleted_after_checksum_and_sampling,2ae88fd9ba641d5cd2be44f8afebe9b52587bf8aa6995f1fd841fd7b209d1258,0,full,raw_calculations/apbs/HY15_SEQ_02/HY15_SEQ_02__ebv__EBV_IEDB_ce143ad82ead__s1/eps4/full.in,1f5c11af56e61cf0d1949d737aea9931b8554d6c5d14cb76d2cf4e8f5159b203,HY15_SEQ_02__ebv__EBV_IEDB_ce143ad82ead__s1,HY15_SEQ_02,1,4.0,complete,raw_calculations/apbs/HY15_SEQ_02/HY15_SEQ_02__ebv__EBV_IEDB_ce143ad82ead__s1/eps4/full.stderr.txt,raw_calculations/apbs/HY15_SEQ_02/HY15_SEQ_02__ebv__EBV_IEDB_ce143ad82ead__s1/eps4/full.stdout.txt
ebv,EBV_IEDB_ce143ad82ead,ubuntu@sha256:2edbbc5dc405e9612ba3584ce95480277e3eb374407b5505fe26f17df77c7dbc,8677973,transient_deleted_after_checksum_and_sampling,b4119cdf2cdd30a63ad1d8f1e88170afc95946c7f74daaabb68a75e01567d059,0,hla_only,raw_calculations/apbs/HY15_SEQ_02/HY15_SEQ_02__ebv__EBV_IEDB_ce143ad82ead__s1/eps4/hla_only.in,d456b72dd2a9cbcbb84d99b77a61b109d0c7bd391f28f9da79d1d44e63734c18,HY15_SEQ_02__ebv__EBV_IEDB_ce143ad82ead__s1,HY15_SEQ_02,1,4.0,complete,raw_calculations/apbs/HY15_SEQ_02/HY15_SEQ_02__ebv__EBV_IEDB_ce143ad82ead__s1/eps4/hla_only.stderr.txt,raw_calculations/apbs/HY15_SEQ_02/HY15_SEQ_02__ebv__EBV_IEDB_ce143ad82ead__s1/eps4/hla_only.stdout.txt
ebv,EBV_IEDB_ce143ad82ead,ubuntu@sha256:2edbbc5dc405e9612ba3584ce95480277e3eb374407b5505fe26f17df77c7dbc,8623947,transient_deleted_after_checksum_and_sampling,396a600cc658ad61709f510e470743a385493869486d73cab994cf5c86c9408c,0,full,raw_calculations/apbs/HY15_SEQ_02/HY15_SEQ_02__ebv__EBV_IEDB_ce143ad82ead__s1/eps8/full.in,91c1413f46b10d1af408d034c74e609f6287e1972cbcfde2256de5b9e16afe91,HY15_SEQ_02__ebv__EBV_IEDB_ce143ad82ead__s1,HY15_SEQ_02,1,8.0,complete,raw_calculations/apbs/HY15_SEQ_02/HY15_SEQ_02__ebv__EBV_IEDB_ce143ad82ead__s1/eps8/full.stderr.txt,raw_calculations/apbs/HY15_SEQ_02/HY15_SEQ_02__ebv__EBV_IEDB_ce143ad82ead__s1/eps8/full.stdout.txt
ebv,EBV_IEDB_ce143ad82ead,ubuntu@sha256:2edbbc5dc405e9612ba3584ce95480277e3eb374407b5505fe26f17df77c7dbc,8685862,transient_deleted_after_checksum_and_sampling,f319fbaacfe35e0bf47ed875d80bd8ce0b4418cdd0cd9b921f7578aae3b24a78,0,hla_only,raw_calculations/apbs/HY15_SEQ_02/HY15_SEQ_02__ebv__EBV_IEDB_ce143ad82ead__s1/eps8/hla_only.in,b5cc3aecfd8217eca7c1a7dba54252b9e9a960fe1303dd6e776f501813946bca,HY15_SEQ_02__ebv__EBV_IEDB_ce143ad82ead__s1,HY15_SEQ_02,1,8.0,complete,raw_calculations/apbs/HY15_SEQ_02/HY15_SEQ_02__ebv__EBV_IEDB_ce143ad82ead__s1/eps8/hla_only.stderr.txt,raw_calculations/apbs/HY15_SEQ_02/HY15_SEQ_02__ebv__EBV_IEDB_ce143ad82ead__s1/eps8/hla_only.stdout.txt
ebv,EBV_IEDB_ce143ad82ead,ubuntu@sha256:2edbbc5dc405e9612ba3584ce95480277e3eb374407b5505fe26f17df77c7dbc,8610855,transient_deleted_after_checksum_and_sampling,8a165f6896fa583c3d440866df7977fa166c8a4a40866a0801ded603128bca3a,0,full,raw_calculations/apbs/HY15_SEQ_02/HY15_SEQ_02__ebv__EBV_IEDB_ce143ad82ead__s2/eps2/full.in,237f915957dac81d4f9e96a327751681a14f324734252fb669e8cd822190d448,HY15_SEQ_02__ebv__EBV_IEDB_ce143ad82ead__s2,HY15_SEQ_02,2,2.0,complete,raw_calculations/apbs/HY15_SEQ_02/HY15_SEQ_02__ebv__EBV_IEDB_ce143ad82ead__s2/eps2/full.stderr.txt,raw_calculations/apbs/HY15_SEQ_02/HY15_SEQ_02__ebv__EBV_IEDB_ce143ad82ead__s2/eps2/full.stdout.txt
ebv,EBV_IEDB_ce143ad82ead,ubuntu@sha256:2edbbc5dc405e9612ba3584ce95480277e3eb374407b5505fe26f17df77c7dbc,8673074,transient_deleted_after_checksum_and_sampling,504b38fe9096060d7e64faa78782899c3098deb6eac9c0a7c4e4d1316fa60e19,0,hla_only,raw_calculations/apbs/HY15_SEQ_02/HY15_SEQ_02__ebv__EBV_IEDB_ce143ad82ead__s2/eps2/hla_only.in,3a5bae1f81679b6cf3debf41af257dc9a746a8125f1c87b4d6d234499c8eaf6f,HY15_SEQ_02__ebv__EBV_IEDB_ce143ad82ead__s2,HY15_SEQ_02,2,2.0,complete,raw_calculations/apbs/HY15_SEQ_02/HY15_SEQ_02__ebv__EBV_IEDB_ce143ad82ead__s2/eps2/hla_only.stderr.txt,raw_calculations/apbs/HY15_SEQ_02/HY15_SEQ_02__ebv__EBV_IEDB_ce143ad82ead__s2/eps2/hla_only.stdout.txt
ebv,EBV_IEDB_ce143ad82ead,ubuntu@sha256:2edbbc5dc405e9612ba3584ce95480277e3eb374407b5505fe26f17df77c7dbc,8614676,transient_deleted_after_checksum_and_sampling,5aca598e17a3e6716eed38280012d1930792726907abae63a90f54b409dcb67c,0,full,raw_calculations/apbs/HY15_SEQ_02/HY15_SEQ_02__ebv__EBV_IEDB_ce143ad82ead__s2/eps4/full.in,ae8c2abb41dd19aebd7616ede5b18222c6ee96bc3df81a517a4ca3308d747e66,HY15_SEQ_02__ebv__EBV_IEDB_ce143ad82ead__s2,HY15_SEQ_02,2,4.0,complete,raw_calculations/apbs/HY15_SEQ_02/HY15_SEQ_02__ebv__EBV_IEDB_ce143ad82ead__s2/eps4/full.stderr.txt,raw_calculations/apbs/HY15_SEQ_02/HY15_SEQ_02__ebv__EBV_IEDB_ce143ad82ead__s2/eps4/full.stdout.txt
ebv,EBV_IEDB_ce143ad82ead,ubuntu@sha256:2edbbc5dc405e9612ba3584ce95480277e3eb374407b5505fe26f17df77c7dbc,8676858,transient_deleted_after_checksum_and_sampling,0b874a26045b6593e74a1806e384cddd4cd0a987070d531e1160b91cf96f6aa5,0,hla_only,raw_calculations/apbs/HY15_SEQ_02/HY15_SEQ_02__ebv__EBV_IEDB_ce143ad82ead__s2/eps4/hla_only.in,cdd2cf680b783c99cdc9e36789c3679f830d62147c27458f4daf16aa26a66c8a,HY15_SEQ_02__ebv__EBV_IEDB_ce143ad82ead__s2,HY15_SEQ_02,2,4.0,complete,raw_calculations/apbs/HY15_SEQ_02/HY15_SEQ_02__ebv__EBV_IEDB_ce143ad82ead__s2/eps4/hla_only.stderr.txt,raw_calculations/apbs/HY15_SEQ_02/HY15_SEQ_02__ebv__EBV_IEDB_ce143ad82ead__s2/eps4/hla_only.stdout.txt
ebv,EBV_IEDB_ce143ad82ead,ubuntu@sha256:2edbbc5dc405e9612ba3584ce95480277e3eb374407b5505fe26f17df77c7dbc,8622616,transient_deleted_after_checksum_and_sampling,c8c3038437696b02f1add735ea1eb0a9721acbf3dd34d9f5e0858bb50ac3501c,0,full,raw_calculations/apbs/HY15_SEQ_02/HY15_SEQ_02__ebv__EBV_IEDB_ce143ad82ead__s2/eps8/full.in,cd5fb491fc75fb5478561a680b969ca10a1c1a4f7579e0831254d03e3230bf16,HY15_SEQ_02__ebv__EBV_IEDB_ce143ad82ead__s2,HY15_SEQ_02,2,8.0,complete,raw_calculations/apbs/HY15_SEQ_02/HY15_SEQ_02__ebv__EBV_IEDB_ce143ad82ead__s2/eps8/full.stderr.txt,raw_calculations/apbs/HY15_SEQ_02/HY15_SEQ_02__ebv__EBV_IEDB_ce143ad82ead__s2/eps8/full.stdout.txt
ebv,EBV_IEDB_ce143ad82ead,ubuntu@sha256:2edbbc5dc405e9612ba3584ce95480277e3eb374407b5505fe26f17df77c7dbc,8683300,transient_deleted_after_checksum_and_sampling,faf1720f62cc8921342f2d6cda8bfa316709327815d50a93678b844f8e5f372f,0,hla_only,raw_calculations/apbs/HY15_SEQ_02/HY15_SEQ_02__ebv__EBV_IEDB_ce143ad82ead__s2/eps8/hla_only.in,4bab59299010766980a4aff1a7125f0c236ce5cda0716c2d21f68874e555230d,HY15_SEQ_02__ebv__EBV_IEDB_ce143ad82ead__s2,HY15_SEQ_02,2,8.0,complete,raw_calculations/apbs/HY15_SEQ_02/HY15_SEQ_02__ebv__EBV_IEDB_ce143ad82ead__s2/eps8/hla_only.stderr.txt,raw_calculations/apbs/HY15_SEQ_02/HY15_SEQ_02__ebv__EBV_IEDB_ce143ad82ead__s2/eps8/hla_only.stdout.txt
ebv,EBV_IEDB_ce143ad82ead,ubuntu@sha256:2edbbc5dc405e9612ba3584ce95480277e3eb374407b5505fe26f17df77c7dbc,8609729,transient_deleted_after_checksum_and_sampling,7c7f19ac411cfbc263365054cf6a0ce0fa73b5667d2419d97edcf9d7c6323e3a,0,full,raw_calculations/apbs/HY15_SEQ_02/HY15_SEQ_02__ebv__EBV_IEDB_ce143ad82ead__s3/eps2/full.in,cee5029b6af0d5464b708d1f8bcfa10375642613685d04dbe061be3532c78e5f,HY15_SEQ_02__ebv__EBV_IEDB_ce143ad82ead__s3,HY15_SEQ_02,3,2.0,complete,raw_calculations/apbs/HY15_SEQ_02/HY15_SEQ_02__ebv__EBV_IEDB_ce143ad82ead__s3/eps2/full.stderr.txt,raw_calculations/apbs/HY15_SEQ_02/HY15_SEQ_02__ebv__EBV_IEDB_ce143ad82ead__s3/eps2/full.stdout.txt
ebv,EBV_IEDB_ce143ad82ead,ubuntu@sha256:2edbbc5dc405e9612ba3584ce95480277e3eb374407b5505fe26f17df77c7dbc,8675993,transient_deleted_after_checksum_and_sampling,e69410e834e6ae631ce9c70264e8183ce5711e44b28d6118d1aaceed5657f436,0,hla_only,raw_calculations/apbs/HY15_SEQ_02/HY15_SEQ_02__ebv__EBV_IEDB_ce143ad82ead__s3/eps2/hla_only.in,216bcfdd144324985b53f985caf0cf21ccb97af517269242c841de3701f6a904,HY15_SEQ_02__ebv__EBV_IEDB_ce143ad82ead__s3,HY15_SEQ_02,3,2.0,complete,raw_calculations/apbs/HY15_SEQ_02/HY15_SEQ_02__ebv__EBV_IEDB_ce143ad82ead__s3/eps2/hla_only.stderr.txt,raw_calculations/apbs/HY15_SEQ_02/HY15_SEQ_02__ebv__EBV_IEDB_ce143ad82ead__s3/eps2/hla_only.stdout.txt
ebv,EBV_IEDB_ce143ad82ead,ubuntu@sha256:2edbbc5dc405e9612ba3584ce95480277e3eb374407b5505fe26f17df77c7dbc,8616542,transient_deleted_after_checksum_and_sampling,65e0c0032dc6368c397c6315a1b746c19ffe772e582520039443c3ab1aad247a,0,full,raw_calculations/apbs/HY15_SEQ_02/HY15_SEQ_02__ebv__EBV_IEDB_ce143ad82ead__s3/eps4/full.in,08ff2a8358e53355b75681e93b1e0bb29cec13e623b0d0326101dc16e99d31bd,HY15_SEQ_02__ebv__EBV_IEDB_ce143ad82ead__s3,HY15_SEQ_02,3,4.0,complete,raw_calculations/apbs/HY15_SEQ_02/HY15_SEQ_02__ebv__EBV_IEDB_ce143ad82ead__s3/eps4/full.stderr.txt,raw_calculations/apbs/HY15_SEQ_02/HY15_SEQ_02__ebv__EBV_IEDB_ce143ad82ead__s3/eps4/full.stdout.txt
ebv,EBV_IEDB_ce143ad82ead,ubuntu@sha256:2edbbc5dc405e9612ba3584ce95480277e3eb374407b5505fe26f17df77c7dbc,8681447,transient_deleted_after_checksum_and_sampling,5b5b30237878935c19231c266a10e9b0093e48c7ec4c83706091a72cbd970a28,0,hla_only,raw_calculations/apbs/HY15_SEQ_02/HY15_SEQ_02__ebv__EBV_IEDB_ce143ad82ead__s3/eps4/hla_only.in,356812f122328a0eba9133f649fbc4c35e51aae0c846420dbbb923a0d16f4028,HY15_SEQ_02__ebv__EBV_IEDB_ce143ad82ead__s3,HY15_SEQ_02,3,4.0,complete,raw_calculations/apbs/HY15_SEQ_02/HY15_SEQ_02__ebv__EBV_IEDB_ce143ad82ead__s3/eps4/hla_only.stderr.txt,raw_calculations/apbs/HY15_SEQ_02/HY15_SEQ_02__ebv__EBV_IEDB_ce143ad82ead__s3/eps4/hla_only.stdout.txt
ebv,EBV_IEDB_ce143ad82ead,ubuntu@sha256:2edbbc5dc405e9612ba3584ce95480277e3eb374407b5505fe26f17df77c7dbc,8627675,transient_deleted_after_checksum_and_sampling,2b5c9dc9ac3ba7d5f3535ba3945bb51a724ad10c3aa88ff8b45f07fd208febf5,0,full,raw_calculations/apbs/HY15_SEQ_02/HY15_SEQ_02__ebv__EBV_IEDB_ce143ad82ead__s3/eps8/full.in,34128cf3e2c8dc204438ea2d1c957ecd0b7a312223e594554b3e7b91efef8386,HY15_SEQ_02__ebv__EBV_IEDB_ce143ad82ead__s3,HY15_SEQ_02,3,8.0,complete,raw_calculations/apbs/HY15_SEQ_02/HY15_SEQ_02__ebv__EBV_IEDB_ce143ad82ead__s3/eps8/full.stderr.txt,raw_calculations/apbs/HY15_SEQ_02/HY15_SEQ_02__ebv__EBV_IEDB_ce143ad82ead__s3/eps8/full.stdout.txt
ebv,EBV_IEDB_ce143ad82ead,ubuntu@sha256:2edbbc5dc405e9612ba3584ce95480277e3eb374407b5505fe26f17df77c7dbc,8689325,transient_deleted_after_checksum_and_sampling,308209e402f2476412321f68588f945f432afa32e68402c3ff7fdd0bf2f6089e,0,hla_only,raw_calculations/apbs/HY15_SEQ_02/HY15_SEQ_02__ebv__EBV_IEDB_ce143ad82ead__s3/eps8/hla_only.in,e774525a647259eb350c278ac4711b7842eb7d71d8c304db45b3823ef75bd218,HY15_SEQ_02__ebv__EBV_IEDB_ce143ad82ead__s3,HY15_SEQ_02,3,8.0,complete,raw_calculations/apbs/HY15_SEQ_02/HY15_SEQ_02__ebv__EBV_IEDB_ce143ad82ead__s3/eps8/hla_only.stderr.txt,raw_calculations/apbs/HY15_SEQ_02/HY15_SEQ_02__ebv__EBV_IEDB_ce143ad82ead__s3/eps8/hla_only.stdout.txt
ebv,EBV_IEDB_ce143ad82ead,ubuntu@sha256:2edbbc5dc405e9612ba3584ce95480277e3eb374407b5505fe26f17df77c7dbc,8579081,transient_deleted_after_checksum_and_sampling,c59339994f1160f82966f60c95b8aea4993591f5862f487417c3710dc8411268,0,full,raw_calculations/apbs/HY15_SEQ_02/HY15_SEQ_02__ebv__EBV_IEDB_ce143ad82ead__s4/eps2/full.in,6e8754e5824480c3fa5d93fa6377af1bb43652e9da6bb2eeead17af34b3d5133,HY15_SEQ_02__ebv__EBV_IEDB_ce143ad82ead__s4,HY15_SEQ_02,4,2.0,complete,raw_calculations/apbs/HY15_SEQ_02/HY15_SEQ_02__ebv__EBV_IEDB_ce143ad82ead__s4/eps2/full.stderr.txt,raw_calculations/apbs/HY15_SEQ_02/HY15_SEQ_02__ebv__EBV_IEDB_ce143ad82ead__s4/eps2/full.stdout.txt
ebv,EBV_IEDB_ce143ad82ead,ubuntu@sha256:2edbbc5dc405e9612ba3584ce95480277e3eb374407b5505fe26f17df77c7dbc,8669078,transient_deleted_after_checksum_and_sampling,3c726a1051c2d2506858606730a84a0d7449dde52455f6d4bd65fc2ace1ee7cd,0,hla_only,raw_calculations/apbs/HY15_SEQ_02/HY15_SEQ_02__ebv__EBV_IEDB_ce143ad82ead__s4/eps2/hla_only.in,377864421dacac18a348944a7691493535c412d1c00a3e98e7562758f88c8292,HY15_SEQ_02__ebv__EBV_IEDB_ce143ad82ead__s4,HY15_SEQ_02,4,2.0,complete,raw_calculations/apbs/HY15_SEQ_02/HY15_SEQ_02__ebv__EBV_IEDB_ce143ad82ead__s4/eps2/hla_only.stderr.txt,raw_calculations/apbs/HY15_SEQ_02/HY15_SEQ_02__ebv__EBV_IEDB_ce143ad82ead__s4/eps2/hla_only.stdout.txt
ebv,EBV_IEDB_ce143ad82ead,ubuntu@sha256:2edbbc5dc405e9612ba3584ce95480277e3eb374407b5505fe26f17df77c7dbc,8583422,transient_deleted_after_checksum_and_sampling,93f940283d3718940581660b8eb2925e56fd2d1d3f184e98463473968dff8480,0,full,raw_calculations/apbs/HY15_SEQ_02/HY15_SEQ_02__ebv__EBV_IEDB_ce143ad82ead__s4/eps4/full.in,b329b1d6e9caa878e97c8822bbe67a57dd7b6cf9188f8078193ee3eb380550ea,HY15_SEQ_02__ebv__EBV_IEDB_ce143ad82ead__s4,HY15_SEQ_02,4,4.0,complete,raw_calculations/apbs/HY15_SEQ_02/HY15_SEQ_02__ebv__EBV_IEDB_ce143ad82ead__s4/eps4/full.stderr.txt,raw_calculations/apbs/HY15_SEQ_02/HY15_SEQ_02__ebv__EBV_IEDB_ce143ad82ead__s4/eps4/full.stdout.txt
ebv,EBV_IEDB_ce143ad82ead,ubuntu@sha256:2edbbc5dc405e9612ba3584ce95480277e3eb374407b5505fe26f17df77c7dbc,8672974,transient_deleted_after_checksum_and_sampling,45799f58b2918721458d9f36ca2ecbce6e413867f2a7f2cb7f05b8d9b43f92c9,0,hla_only,raw_calculations/apbs/HY15_SEQ_02/HY15_SEQ_02__ebv__EBV_IEDB_ce143ad82ead__s4/eps4/hla_only.in,6a20c3c66a605fa3618e14485687e5487565a222096592bb37d3a5ae9b69a9bb,HY15_SEQ_02__ebv__EBV_IEDB_ce143ad82ead__s4,HY15_SEQ_02,4,4.0,complete,raw_calculations/apbs/HY15_SEQ_02/HY15_SEQ_02__ebv__EBV_IEDB_ce143ad82ead__s4/eps4/hla_only.stderr.txt,raw_calculations/apbs/HY15_SEQ_02/HY15_SEQ_02__ebv__EBV_IEDB_ce143ad82ead__s4/eps4/hla_only.stdout.txt
ebv,EBV_IEDB_ce143ad82ead,ubuntu@sha256:2edbbc5dc405e9612ba3584ce95480277e3eb374407b5505fe26f17df77c7dbc,8592560,transient_deleted_after_checksum_and_sampling,c6b620fbbf26300ba45fd8a42c518618ffe8d2e333a5157ad78807a010ed93ef,0,full,raw_calculations/apbs/HY15_SEQ_02/HY15_SEQ_02__ebv__EBV_IEDB_ce143ad82ead__s4/eps8/full.in,339fc20fb78471ff4b4dbc82bc96aa4b22edf942e4db0a024e26600f0fd7f1c6,HY15_SEQ_02__ebv__EBV_IEDB_ce143ad82ead__s4,HY15_SEQ_02,4,8.0,complete,raw_calculations/apbs/HY15_SEQ_02/HY15_SEQ_02__ebv__EBV_IEDB_ce143ad82ead__s4/eps8/full.stderr.txt,raw_calculations/apbs/HY15_SEQ_02/HY15_SEQ_02__ebv__EBV_IEDB_ce143ad82ead__s4/eps8/full.stdout.txt
ebv,EBV_IEDB_ce143ad82ead,ubuntu@sha256:2edbbc5dc405e9612ba3584ce95480277e3eb374407b5505fe26f17df77c7dbc,8679663,transient_deleted_after_checksum_and_sampling,5fdf8d84c4971f254efbd4d5b1497de1a3a553537ec4da231b6d8a4a84475c46,0,hla_only,raw_calculations/apbs/HY15_SEQ_02/HY15_SEQ_02__ebv__EBV_IEDB_ce143ad82ead__s4/eps8/hla_only.in,fdcce12364af0007f16366517b1501402ef05db1fad608baa4d297154a3aa109,HY15_SEQ_02__ebv__EBV_IEDB_ce143ad82ead__s4,HY15_SEQ_02,4,8.0,complete,raw_calculations/apbs/HY15_SEQ_02/HY15_SEQ_02__ebv__EBV_IEDB_ce143ad82ead__s4/eps8/hla_only.stderr.txt,raw_calculations/apbs/HY15_SEQ_02/HY15_SEQ_02__ebv__EBV_IEDB_ce143ad82ead__s4/eps8/hla_only.stdout.txt
self,SELF_CANON_CLDN11_0065_0079,ubuntu@sha256:2edbbc5dc405e9612ba3584ce95480277e3eb374407b5505fe26f17df77c7dbc,8646499,transient_deleted_after_checksum_and_sampling,a5554db6fdbd9415158d18ea48292ad43dcb3dd93f9e23afa41dc39dddf208fc,0,full,raw_calculations/apbs/HY15_SEQ_02/HY15_SEQ_02__self__SELF_CANON_CLDN11_0065_0079__s0/eps2/full.in,240dad1cc18b6d7c2ebb2684b32815fa11438be0bd3515087deb66dfea029ba7,HY15_SEQ_02__self__SELF_CANON_CLDN11_0065_0079__s0,HY15_SEQ_02,0,2.0,complete,raw_calculations/apbs/HY15_SEQ_02/HY15_SEQ_02__self__SELF_CANON_CLDN11_0065_0079__s0/eps2/full.stderr.txt,raw_calculations/apbs/HY15_SEQ_02/HY15_SEQ_02__self__SELF_CANON_CLDN11_0065_0079__s0/eps2/full.stdout.txt
self,SELF_CANON_CLDN11_0065_0079,ubuntu@sha256:2edbbc5dc405e9612ba3584ce95480277e3eb374407b5505fe26f17df77c7dbc,8670351,transient_deleted_after_checksum_and_sampling,784323f21605ca480686c329d179628deef0cd28f28b64ff263a7a31d3c2ab99,0,hla_only,raw_calculations/apbs/HY15_SEQ_02/HY15_SEQ_02__self__SELF_CANON_CLDN11_0065_0079__s0/eps2/hla_only.in,9e2f97530f800461eb7b76e6c23fba3b8f3a61a2443b3a0c6bbadca0b750ba36,HY15_SEQ_02__self__SELF_CANON_CLDN11_0065_0079__s0,HY15_SEQ_02,0,2.0,complete,raw_calculations/apbs/HY15_SEQ_02/HY15_SEQ_02__self__SELF_CANON_CLDN11_0065_0079__s0/eps2/hla_only.stderr.txt,raw_calculations/apbs/HY15_SEQ_02/HY15_SEQ_02__self__SELF_CANON_CLDN11_0065_0079__s0/eps2/hla_only.stdout.txt
self,SELF_CANON_CLDN11_0065_0079,ubuntu@sha256:2edbbc5dc405e9612ba3584ce95480277e3eb374407b5505fe26f17df77c7dbc,8652888,transient_deleted_after_checksum_and_sampling,86b19e53f85c376714a80c27bf7ec35b090afe04bfe5345ae2a9942d8df4f7e3,0,full,raw_calculations/apbs/HY15_SEQ_02/HY15_SEQ_02__self__SELF_CANON_CLDN11_0065_0079__s0/eps4/full.in,f9a770d7ae0886f3d274b4fc975808d077a58d76460ad2f8c96fe0707c1b0fd3,HY15_SEQ_02__self__SELF_CANON_CLDN11_0065_0079__s0,HY15_SEQ_02,0,4.0,complete,raw_calculations/apbs/HY15_SEQ_02/HY15_SEQ_02__self__SELF_CANON_CLDN11_0065_0079__s0/eps4/full.stderr.txt,raw_calculations/apbs/HY15_SEQ_02/HY15_SEQ_02__self__SELF_CANON_CLDN11_0065_0079__s0/eps4/full.stdout.txt
self,SELF_CANON_CLDN11_0065_0079,ubuntu@sha256:2edbbc5dc405e9612ba3584ce95480277e3eb374407b5505fe26f17df77c7dbc,8674596,transient_deleted_after_checksum_and_sampling,d3c3611dd6660e5ae6226c779cb2e0b2dbef094c9d81bad1be4d28a571a91c56,0,hla_only,raw_calculations/apbs/HY15_SEQ_02/HY15_SEQ_02__self__SELF_CANON_CLDN11_0065_0079__s0/eps4/hla_only.in,ee62e3058ef2ad097de33802da1b51119dcc90ea36b94b38100e746e4db89a76,HY15_SEQ_02__self__SELF_CANON_CLDN11_0065_0079__s0,HY15_SEQ_02,0,4.0,complete,raw_calculations/apbs/HY15_SEQ_02/HY15_SEQ_02__self__SELF_CANON_CLDN11_0065_0079__s0/eps4/hla_only.stderr.txt,raw_calculations/apbs/HY15_SEQ_02/HY15_SEQ_02__self__SELF_CANON_CLDN11_0065_0079__s0/eps4/hla_only.stdout.txt
self,SELF_CANON_CLDN11_0065_0079,ubuntu@sha256:2edbbc5dc405e9612ba3584ce95480277e3eb374407b5505fe26f17df77c7dbc,8661784,transient_deleted_after_checksum_and_sampling,476b76739ea1032a7d8f5af4e63d06c9e61f58dece3cb82662e152d9fd25fe1a,0,full,raw_calculations/apbs/HY15_SEQ_02/HY15_SEQ_02__self__SELF_CANON_CLDN11_0065_0079__s0/eps8/full.in,78c8f1df91d434574e755e1eac0130261088372760e93d40d9f3983a3545a5b1,HY15_SEQ_02__self__SELF_CANON_CLDN11_0065_0079__s0,HY15_SEQ_02,0,8.0,complete,raw_calculations/apbs/HY15_SEQ_02/HY15_SEQ_02__self__SELF_CANON_CLDN11_0065_0079__s0/eps8/full.stderr.txt,raw_calculations/apbs/HY15_SEQ_02/HY15_SEQ_02__self__SELF_CANON_CLDN11_0065_0079__s0/eps8/full.stdout.txt
self,SELF_CANON_CLDN11_0065_0079,ubuntu@sha256:2edbbc5dc405e9612ba3584ce95480277e3eb374407b5505fe26f17df77c7dbc,8682110,transient_deleted_after_checksum_and_sampling,fb184f79f5aa42f7346f363662142409b7905c1d6ac0271e852e7ed943642867,0,hla_only,raw_calculations/apbs/HY15_SEQ_02/HY15_SEQ_02__self__SELF_CANON_CLDN11_0065_0079__s0/eps8/hla_only.in,bb1b654bf7460cca3d0633639a5865e18a11fd50bf4535fd77aaf23ebe093262,HY15_SEQ_02__self__SELF_CANON_CLDN11_0065_0079__s0,HY15_SEQ_02,0,8.0,complete,raw_calculations/apbs/HY15_SEQ_02/HY15_SEQ_02__self__SELF_CANON_CLDN11_0065_0079__s0/eps8/hla_only.stderr.txt,raw_calculations/apbs/HY15_SEQ_02/HY15_SEQ_02__self__SELF_CANON_CLDN11_0065_0079__s0/eps8/hla_only.stdout.txt
self,SELF_CANON_CLDN11_0065_0079,ubuntu@sha256:2edbbc5dc405e9612ba3584ce95480277e3eb374407b5505fe26f17df77c7dbc,8641016,transient_deleted_after_checksum_and_sampling,fe51c3a54f3f28f8238992311aad1422a86e3af2a42ebbb846a41fe8f9625291,0,full,raw_calculations/apbs/HY15_SEQ_02/HY15_SEQ_02__self__SELF_CANON_CLDN11_0065_0079__s1/eps2/full.in,f903ad31f360044095779acec515119a6ff7df6b0065a8d9e5f0adc043997c08,HY15_SEQ_02__self__SELF_CANON_CLDN11_0065_0079__s1,HY15_SEQ_02,1,2.0,complete,raw_calculations/apbs/HY15_SEQ_02/HY15_SEQ_02__self__SELF_CANON_CLDN11_0065_0079__s1/eps2/full.stderr.txt,raw_calculations/apbs/HY15_SEQ_02/HY15_SEQ_02__self__SELF_CANON_CLDN11_0065_0079__s1/eps2/full.stdout.txt
self,SELF_CANON_CLDN11_0065_0079,ubuntu@sha256:2edbbc5dc405e9612ba3584ce95480277e3eb374407b5505fe26f17df77c7dbc,8665259,transient_deleted_after_checksum_and_sampling,af3a2551c22031280f2710aa38492ea84af221f2f79d5d1e05c433c5739fad90,0,hla_only,raw_calculations/apbs/HY15_SEQ_02/HY15_SEQ_02__self__SELF_CANON_CLDN11_0065_0079__s1/eps2/hla_only.in,f884208ce9955c927686e5650607f052a065494ebf79fc9f24a03808bdde31db,HY15_SEQ_02__self__SELF_CANON_CLDN11_0065_0079__s1,HY15_SEQ_02,1,2.0,complete,raw_calculations/apbs/HY15_SEQ_02/HY15_SEQ_02__self__SELF_CANON_CLDN11_0065_0079__s1/eps2/hla_only.stderr.txt,raw_calculations/apbs/HY15_SEQ_02/HY15_SEQ_02__self__SELF_CANON_CLDN11_0065_0079__s1/eps2/hla_only.stdout.txt
self,SELF_CANON_CLDN11_0065_0079,ubuntu@sha256:2edbbc5dc405e9612ba3584ce95480277e3eb374407b5505fe26f17df77c7dbc,8647809,transient_deleted_after_checksum_and_sampling,ad501ac30313f84b5d92dac8ae03c433b76fe00e89e87e9aa2fe84ccaabd23a5,0,full,raw_calculations/apbs/HY15_SEQ_02/HY15_SEQ_02__self__SELF_CANON_CLDN11_0065_0079__s1/eps4/full.in,cfc88dc67e30956ea643522226f37a6edaad96342cc82dcaa5a21f21302418aa,HY15_SEQ_02__self__SELF_CANON_CLDN11_0065_0079__s1,HY15_SEQ_02,1,4.0,complete,raw_calculations/apbs/HY15_SEQ_02/HY15_SEQ_02__self__SELF_CANON_CLDN11_0065_0079__s1/eps4/full.stderr.txt,raw_calculations/apbs/HY15_SEQ_02/HY15_SEQ_02__self__SELF_CANON_CLDN11_0065_0079__s1/eps4/full.stdout.txt
self,SELF_CANON_CLDN11_0065_0079,ubuntu@sha256:2edbbc5dc405e9612ba3584ce95480277e3eb374407b5505fe26f17df77c7dbc,8668918,transient_deleted_after_checksum_and_sampling,c964d41596f0e351bf90c4cc31a3f3dd0ebf1e2095b79230e52339b58af34c76,0,hla_only,raw_calculations/apbs/HY15_SEQ_02/HY15_SEQ_02__self__SELF_CANON_CLDN11_0065_0079__s1/eps4/hla_only.in,313fbb76c25f0b3351efcf138dbb08aee6b9e14fbcc4bf5ab893e92bae47cf43,HY15_SEQ_02__self__SELF_CANON_CLDN11_0065_0079__s1,HY15_SEQ_02,1,4.0,complete,raw_calculations/apbs/HY15_SEQ_02/HY15_SEQ_02__self__SELF_CANON_CLDN11_0065_0079__s1/eps4/hla_only.stderr.txt,raw_calculations/apbs/HY15_SEQ_02/HY15_SEQ_02__self__SELF_CANON_CLDN11_0065_0079__s1/eps4/hla_only.stdout.txt
self,SELF_CANON_CLDN11_0065_0079,ubuntu@sha256:2edbbc5dc405e9612ba3584ce95480277e3eb374407b5505fe26f17df77c7dbc,8657470,transient_deleted_after_checksum_and_sampling,b4bab8099e9d7fe3db4500c63ec0c920168b1f579f106cd262a305dd89af1ac4,0,full,raw_calculations/apbs/HY15_SEQ_02/HY15_SEQ_02__self__SELF_CANON_CLDN11_0065_0079__s1/eps8/full.in,c30e42ffd086245c1ecbe49bf8df1cc98c75971dd620f9e8c51aaf29aa6ff2ab,HY15_SEQ_02__self__SELF_CANON_CLDN11_0065_0079__s1,HY15_SEQ_02,1,8.0,complete,raw_calculations/apbs/HY15_SEQ_02/HY15_SEQ_02__self__SELF_CANON_CLDN11_0065_0079__s1/eps8/full.stderr.txt,raw_calculations/apbs/HY15_SEQ_02/HY15_SEQ_02__self__SELF_CANON_CLDN11_0065_0079__s1/eps8/full.stdout.txt
self,SELF_CANON_CLDN11_0065_0079,ubuntu@sha256:2edbbc5dc405e9612ba3584ce95480277e3eb374407b5505fe26f17df77c7dbc,8675145,transient_deleted_after_checksum_and_sampling,74893082ac340b4eb4037d544f4ac853b425a9aadadd5776f938f8e4d42d302f,0,hla_only,raw_calculations/apbs/HY15_SEQ_02/HY15_SEQ_02__self__SELF_CANON_CLDN11_0065_0079__s1/eps8/hla_only.in,7662321b6cd4dd62f09a71b388800425fca1792cd7992816f7bd7247408861b1,HY15_SEQ_02__self__SELF_CANON_CLDN11_0065_0079__s1,HY15_SEQ_02,1,8.0,complete,raw_calculations/apbs/HY15_SEQ_02/HY15_SEQ_02__self__SELF_CANON_CLDN11_0065_0079__s1/eps8/hla_only.stderr.txt,raw_calculations/apbs/HY15_SEQ_02/HY15_SEQ_02__self__SELF_CANON_CLDN11_0065_0079__s1/eps8/hla_only.stdout.txt
self,SELF_CANON_CLDN11_0065_0079,ubuntu@sha256:2edbbc5dc405e9612ba3584ce95480277e3eb374407b5505fe26f17df77c7dbc,8660930,transient_deleted_after_checksum_and_sampling,c371fb5cd3899cadb70b285403ebd1131f17bd992c0b9fb4cbfd01bd5d3b864a,0,full,raw_calculations/apbs/HY15_SEQ_02/HY15_SEQ_02__self__SELF_CANON_CLDN11_0065_0079__s2/eps2/full.in,0f1b8baa3a9df033cb80e7eca052fa775d4afa44d566c09037aaba2f5ec537b2,HY15_SEQ_02__self__SELF_CANON_CLDN11_0065_0079__s2,HY15_SEQ_02,2,2.0,complete,raw_calculations/apbs/HY15_SEQ_02/HY15_SEQ_02__self__SELF_CANON_CLDN11_0065_0079__s2/eps2/full.stderr.txt,raw_calculations/apbs/HY15_SEQ_02/HY15_SEQ_02__self__SELF_CANON_CLDN11_0065_0079__s2/eps2/full.stdout.txt
self,SELF_CANON_CLDN11_0065_0079,ubuntu@sha256:2edbbc5dc405e9612ba3584ce95480277e3eb374407b5505fe26f17df77c7dbc,8675799,transient_deleted_after_checksum_and_sampling,f2f3ca0fcbfccc4cb72063e9ae21ccc9075d89dc2b734f8c3c541a86115c9bc7,0,hla_only,raw_calculations/apbs/HY15_SEQ_02/HY15_SEQ_02__self__SELF_CANON_CLDN11_0065_0079__s2/eps2/hla_only.in,e6ab4087173853c8b27d95d9098aa8549780d3319802aab870a227870bff8c1a,HY15_SEQ_02__self__SELF_CANON_CLDN11_0065_0079__s2,HY15_SEQ_02,2,2.0,complete,raw_calculations/apbs/HY15_SEQ_02/HY15_SEQ_02__self__SELF_CANON_CLDN11_0065_0079__s2/eps2/hla_only.stderr.txt,raw_calculations/apbs/HY15_SEQ_02/HY15_SEQ_02__self__SELF_CANON_CLDN11_0065_0079__s2/eps2/hla_only.stdout.txt
self,SELF_CANON_CLDN11_0065_0079,ubuntu@sha256:2edbbc5dc405e9612ba3584ce95480277e3eb374407b5505fe26f17df77c7dbc,8667520,transient_deleted_after_checksum_and_sampling,92ad5b2eb71147695f74f22f1ff0468df558d7c898c7f97318802323afc2477b,0,full,raw_calculations/apbs/HY15_SEQ_02/HY15_SEQ_02__self__SELF_CANON_CLDN11_0065_0079__s2/eps4/full.in,933e31c71231ee8ce155eebb5804279497924aa7e0c32549934770c44d54f5f2,HY15_SEQ_02__self__SELF_CANON_CLDN11_0065_0079__s2,HY15_SEQ_02,2,4.0,complete,raw_calculations/apbs/HY15_SEQ_02/HY15_SEQ_02__self__SELF_CANON_CLDN11_0065_0079__s2/eps4/full.stderr.txt,raw_calculations/apbs/HY15_SEQ_02/HY15_SEQ_02__self__SELF_CANON_CLDN11_0065_0079__s2/eps4/full.stdout.txt
self,SELF_CANON_CLDN11_0065_0079,ubuntu@sha256:2edbbc5dc405e9612ba3584ce95480277e3eb374407b5505fe26f17df77c7dbc,8680076,transient_deleted_after_checksum_and_sampling,26e407c309521f57b664a0175fe74a1fd394b68d919aa4f0471ec60290c8f944,0,hla_only,raw_calculations/apbs/HY15_SEQ_02/HY15_SEQ_02__self__SELF_CANON_CLDN11_0065_0079__s2/eps4/hla_only.in,a4dad6c34d6738f808ca115a75cc4c5703a733b25b486fabfa34e5dfb1b764c2,HY15_SEQ_02__self__SELF_CANON_CLDN11_0065_0079__s2,HY15_SEQ_02,2,4.0,complete,raw_calculations/apbs/HY15_SEQ_02/HY15_SEQ_02__self__SELF_CANON_CLDN11_0065_0079__s2/eps4/hla_only.stderr.txt,raw_calculations/apbs/HY15_SEQ_02/HY15_SEQ_02__self__SELF_CANON_CLDN11_0065_0079__s2/eps4/hla_only.stdout.txt
self,SELF_CANON_CLDN11_0065_0079,ubuntu@sha256:2edbbc5dc405e9612ba3584ce95480277e3eb374407b5505fe26f17df77c7dbc,8675751,transient_deleted_after_checksum_and_sampling,5270ff2231f86dc736c0964e7fe588d5266d35cf30255ef88e367e6c8f589ffc,0,full,raw_calculations/apbs/HY15_SEQ_02/HY15_SEQ_02__self__SELF_CANON_CLDN11_0065_0079__s2/eps8/full.in,2f7d419e44378fbb664783574408f4a82824ac5abd255ef6f0f22febaf77ce83,HY15_SEQ_02__self__SELF_CANON_CLDN11_0065_0079__s2,HY15_SEQ_02,2,8.0,complete,raw_calculations/apbs/HY15_SEQ_02/HY15_SEQ_02__self__SELF_CANON_CLDN11_0065_0079__s2/eps8/full.stderr.txt,raw_calculations/apbs/HY15_SEQ_02/HY15_SEQ_02__self__SELF_CANON_CLDN11_0065_0079__s2/eps8/full.stdout.txt
self,SELF_CANON_CLDN11_0065_0079,ubuntu@sha256:2edbbc5dc405e9612ba3584ce95480277e3eb374407b5505fe26f17df77c7dbc,8687001,transient_deleted_after_checksum_and_sampling,f772ec923d94674725dd621f6bf3c4521aa1fd09176769cffa392ae831b88d88,0,hla_only,raw_calculations/apbs/HY15_SEQ_02/HY15_SEQ_02__self__SELF_CANON_CLDN11_0065_0079__s2/eps8/hla_only.in,a2dd43d57d25c0cb43d9a171e1a5e6d7224d7f49b4b4d592c640dd0788a823f8,HY15_SEQ_02__self__SELF_CANON_CLDN11_0065_0079__s2,HY15_SEQ_02,2,8.0,complete,raw_calculations/apbs/HY15_SEQ_02/HY15_SEQ_02__self__SELF_CANON_CLDN11_0065_0079__s2/eps8/hla_only.stderr.txt,raw_calculations/apbs/HY15_SEQ_02/HY15_SEQ_02__self__SELF_CANON_CLDN11_0065_0079__s2/eps8/hla_only.stdout.txt
self,SELF_CANON_CLDN11_0065_0079,ubuntu@sha256:2edbbc5dc405e9612ba3584ce95480277e3eb374407b5505fe26f17df77c7dbc,8637379,transient_deleted_after_checksum_and_sampling,802aedca261f7139416c493cefa9c6b5f2d7b7a89cd430880018ad2ec9ccc35d,0,full,raw_calculations/apbs/HY15_SEQ_02/HY15_SEQ_02__self__SELF_CANON_CLDN11_0065_0079__s3/eps2/full.in,1ad65a102deaf2338c76dbcc39348d982ba99162c2ce11f4bcb8b1bb5e41c7c2,HY15_SEQ_02__self__SELF_CANON_CLDN11_0065_0079__s3,HY15_SEQ_02,3,2.0,complete,raw_calculations/apbs/HY15_SEQ_02/HY15_SEQ_02__self__SELF_CANON_CLDN11_0065_0079__s3/eps2/full.stderr.txt,raw_calculations/apbs/HY15_SEQ_02/HY15_SEQ_02__self__SELF_CANON_CLDN11_0065_0079__s3/eps2/full.stdout.txt
self,SELF_CANON_CLDN11_0065_0079,ubuntu@sha256:2edbbc5dc405e9612ba3584ce95480277e3eb374407b5505fe26f17df77c7dbc,8661030,transient_deleted_after_checksum_and_sampling,07880a5b13d2bc51010f157e24f7f59494b20a16d7b086e8da8ac1a85b3b886c,0,hla_only,raw_calculations/apbs/HY15_SEQ_02/HY15_SEQ_02__self__SELF_CANON_CLDN11_0065_0079__s3/eps2/hla_only.in,22dd409c6ddbf6104c5962e340dbdab3ef8c0343ce80c5767c57fa5ebc4d9b0d,HY15_SEQ_02__self__SELF_CANON_CLDN11_0065_0079__s3,HY15_SEQ_02,3,2.0,complete,raw_calculations/apbs/HY15_SEQ_02/HY15_SEQ_02__self__SELF_CANON_CLDN11_0065_0079__s3/eps2/hla_only.stderr.txt,raw_calculations/apbs/HY15_SEQ_02/HY15_SEQ_02__self__SELF_CANON_CLDN11_0065_0079__s3/eps2/hla_only.stdout.txt
self,SELF_CANON_CLDN11_0065_0079,ubuntu@sha256:2edbbc5dc405e9612ba3584ce95480277e3eb374407b5505fe26f17df77c7dbc,8643697,transient_deleted_after_checksum_and_sampling,205ac04b7d176e589621582cdacb1b87c38db4114fbed0bf3c8f58669b404b20,0,full,raw_calculations/apbs/HY15_SEQ_02/HY15_SEQ_02__self__SELF_CANON_CLDN11_0065_0079__s3/eps4/full.in,2a735e699b28bfccd18b8565e450bd969d10541ca90775045bb979aab0406517,HY15_SEQ_02__self__SELF_CANON_CLDN11_0065_0079__s3,HY15_SEQ_02,3,4.0,complete,raw_calculations/apbs/HY15_SEQ_02/HY15_SEQ_02__self__SELF_CANON_CLDN11_0065_0079__s3/eps4/full.stderr.txt,raw_calculations/apbs/HY15_SEQ_02/HY15_SEQ_02__self__SELF_CANON_CLDN11_0065_0079__s3/eps4/full.stdout.txt
self,SELF_CANON_CLDN11_0065_0079,ubuntu@sha256:2edbbc5dc405e9612ba3584ce95480277e3eb374407b5505fe26f17df77c7dbc,8665194,transient_deleted_after_checksum_and_sampling,f30f363ca877d71afa6423bf69566955eb2bb8c62dca493d697fddf14ba7a5e6,0,hla_only,raw_calculations/apbs/HY15_SEQ_02/HY15_SEQ_02__self__SELF_CANON_CLDN11_0065_0079__s3/eps4/hla_only.in,7f5f74d634376f867af30f5f38c322c521276230d5df201b34e6708eaf303bd8,HY15_SEQ_02__self__SELF_CANON_CLDN11_0065_0079__s3,HY15_SEQ_02,3,4.0,complete,raw_calculations/apbs/HY15_SEQ_02/HY15_SEQ_02__self__SELF_CANON_CLDN11_0065_0079__s3/eps4/hla_only.stderr.txt,raw_calculations/apbs/HY15_SEQ_02/HY15_SEQ_02__self__SELF_CANON_CLDN11_0065_0079__s3/eps4/hla_only.stdout.txt
self,SELF_CANON_CLDN11_0065_0079,ubuntu@sha256:2edbbc5dc405e9612ba3584ce95480277e3eb374407b5505fe26f17df77c7dbc,8652520,transient_deleted_after_checksum_and_sampling,c544d684455d6a72482803eb9b24cc608781a72479304070f5fd23eea5e08eb9,0,full,raw_calculations/apbs/HY15_SEQ_02/HY15_SEQ_02__self__SELF_CANON_CLDN11_0065_0079__s3/eps8/full.in,4ed0cceda4fb6d276d7e6e9ba6070f3b9089e100c397add2279a244ca1a45b88,HY15_SEQ_02__self__SELF_CANON_CLDN11_0065_0079__s3,HY15_SEQ_02,3,8.0,complete,raw_calculations/apbs/HY15_SEQ_02/HY15_SEQ_02__self__SELF_CANON_CLDN11_0065_0079__s3/eps8/full.stderr.txt,raw_calculations/apbs/HY15_SEQ_02/HY15_SEQ_02__self__SELF_CANON_CLDN11_0065_0079__s3/eps8/full.stdout.txt
self,SELF_CANON_CLDN11_0065_0079,ubuntu@sha256:2edbbc5dc405e9612ba3584ce95480277e3eb374407b5505fe26f17df77c7dbc,8672045,transient_deleted_after_checksum_and_sampling,60a812eeca5b55b8bf4e1a5cfd8346c7e96f5a0df41dc5ecb4a8ae6bb21ee314,0,hla_only,raw_calculations/apbs/HY15_SEQ_02/HY15_SEQ_02__self__SELF_CANON_CLDN11_0065_0079__s3/eps8/hla_only.in,fa862c63b74951c527d34ab492cb66048b3b76c48504c15d7ee1bec125f80c8f,HY15_SEQ_02__self__SELF_CANON_CLDN11_0065_0079__s3,HY15_SEQ_02,3,8.0,complete,raw_calculations/apbs/HY15_SEQ_02/HY15_SEQ_02__self__SELF_CANON_CLDN11_0065_0079__s3/eps8/hla_only.stderr.txt,raw_calculations/apbs/HY15_SEQ_02/HY15_SEQ_02__self__SELF_CANON_CLDN11_0065_0079__s3/eps8/hla_only.stdout.txt
self,SELF_CANON_CLDN11_0065_0079,ubuntu@sha256:2edbbc5dc405e9612ba3584ce95480277e3eb374407b5505fe26f17df77c7dbc,8645290,transient_deleted_after_checksum_and_sampling,5416e19528ad20162d769df95a6dce787577370485deef70e2026915ba394073,0,full,raw_calculations/apbs/HY15_SEQ_02/HY15_SEQ_02__self__SELF_CANON_CLDN11_0065_0079__s4/eps2/full.in,a0b94bb1612ee39c9123292664a1cb5b1fbd7e07ea27a0ceacf9532a40f78967,HY15_SEQ_02__self__SELF_CANON_CLDN11_0065_0079__s4,HY15_SEQ_02,4,2.0,complete,raw_calculations/apbs/HY15_SEQ_02/HY15_SEQ_02__self__SELF_CANON_CLDN11_0065_0079__s4/eps2/full.stderr.txt,raw_calculations/apbs/HY15_SEQ_02/HY15_SEQ_02__self__SELF_CANON_CLDN11_0065_0079__s4/eps2/full.stdout.txt
self,SELF_CANON_CLDN11_0065_0079,ubuntu@sha256:2edbbc5dc405e9612ba3584ce95480277e3eb374407b5505fe26f17df77c7dbc,8665208,transient_deleted_after_checksum_and_sampling,d6fcd44849a830890d03cdb8e080db9fcb6d8bea641145eb3283b4307d047dd1,0,hla_only,raw_calculations/apbs/HY15_SEQ_02/HY15_SEQ_02__self__SELF_CANON_CLDN11_0065_0079__s4/eps2/hla_only.in,14b9e220568e3b22f77cdbf9a471f2a94b5a1ebadc186d58e6bbddbca3122e43,HY15_SEQ_02__self__SELF_CANON_CLDN11_0065_0079__s4,HY15_SEQ_02,4,2.0,complete,raw_calculations/apbs/HY15_SEQ_02/HY15_SEQ_02__self__SELF_CANON_CLDN11_0065_0079__s4/eps2/hla_only.stderr.txt,raw_calculations/apbs/HY15_SEQ_02/HY15_SEQ_02__self__SELF_CANON_CLDN11_0065_0079__s4/eps2/hla_only.stdout.txt
self,SELF_CANON_CLDN11_0065_0079,ubuntu@sha256:2edbbc5dc405e9612ba3584ce95480277e3eb374407b5505fe26f17df77c7dbc,8652226,transient_deleted_after_checksum_and_sampling,5176b95788f7f653676d47e843cbdc61e93d05f0103777db993f9e70332e4121,0,full,raw_calculations/apbs/HY15_SEQ_02/HY15_SEQ_02__self__SELF_CANON_CLDN11_0065_0079__s4/eps4/full.in,d6486b1b2f2fdda08f8126aac22e3d52a5577725da8857a854ad536fff10cb84,HY15_SEQ_02__self__SELF_CANON_CLDN11_0065_0079__s4,HY15_SEQ_02,4,4.0,complete,raw_calculations/apbs/HY15_SEQ_02/HY15_SEQ_02__self__SELF_CANON_CLDN11_0065_0079__s4/eps4/full.stderr.txt,raw_calculations/apbs/HY15_SEQ_02/HY15_SEQ_02__self__SELF_CANON_CLDN11_0065_0079__s4/eps4/full.stdout.txt
self,SELF_CANON_CLDN11_0065_0079,ubuntu@sha256:2edbbc5dc405e9612ba3584ce95480277e3eb374407b5505fe26f17df77c7dbc,8669250,transient_deleted_after_checksum_and_sampling,7a2da93e72b721bb6be2f168fe418865a19bbd9814d8ec4fb9f440cbd054f842,0,hla_only,raw_calculations/apbs/HY15_SEQ_02/HY15_SEQ_02__self__SELF_CANON_CLDN11_0065_0079__s4/eps4/hla_only.in,e95681718f3ea5c7c02b88748dad2ee6aa5dda272a33afbcea7ebb6ab02b1418,HY15_SEQ_02__self__SELF_CANON_CLDN11_0065_0079__s4,HY15_SEQ_02,4,4.0,complete,raw_calculations/apbs/HY15_SEQ_02/HY15_SEQ_02__self__SELF_CANON_CLDN11_0065_0079__s4/eps4/hla_only.stderr.txt,raw_calculations/apbs/HY15_SEQ_02/HY15_SEQ_02__self__SELF_CANON_CLDN11_0065_0079__s4/eps4/hla_only.stdout.txt
self,SELF_CANON_CLDN11_0065_0079,ubuntu@sha256:2edbbc5dc405e9612ba3584ce95480277e3eb374407b5505fe26f17df77c7dbc,8661982,transient_deleted_after_checksum_and_sampling,b7fe66ecfbd6f8ed1da697b69aff091f1b743935e0cfcc93b4326c0ce6a40f1b,0,full,raw_calculations/apbs/HY15_SEQ_02/HY15_SEQ_02__self__SELF_CANON_CLDN11_0065_0079__s4/eps8/full.in,53dab80fcd612d6808bf273fd29bcc102ffcb895a128ceb227b6fa18f228390e,HY15_SEQ_02__self__SELF_CANON_CLDN11_0065_0079__s4,HY15_SEQ_02,4,8.0,complete,raw_calculations/apbs/HY15_SEQ_02/HY15_SEQ_02__self__SELF_CANON_CLDN11_0065_0079__s4/eps8/full.stderr.txt,raw_calculations/apbs/HY15_SEQ_02/HY15_SEQ_02__self__SELF_CANON_CLDN11_0065_0079__s4/eps8/full.stdout.txt
self,SELF_CANON_CLDN11_0065_0079,ubuntu@sha256:2edbbc5dc405e9612ba3584ce95480277e3eb374407b5505fe26f17df77c7dbc,8676254,transient_deleted_after_checksum_and_sampling,c4d87af1ad50d65203bb3ef19e681044ef51979231e492d8f9ef0a98323109fd,0,hla_only,raw_calculations/apbs/HY15_SEQ_02/HY15_SEQ_02__self__SELF_CANON_CLDN11_0065_0079__s4/eps8/hla_only.in,e9d61157c36eebf59361f7602c30a2e5405e6769055c62893ad297aa65095c7f,HY15_SEQ_02__self__SELF_CANON_CLDN11_0065_0079__s4,HY15_SEQ_02,4,8.0,complete,raw_calculations/apbs/HY15_SEQ_02/HY15_SEQ_02__self__SELF_CANON_CLDN11_0065_0079__s4/eps8/hla_only.stderr.txt,raw_calculations/apbs/HY15_SEQ_02/HY15_SEQ_02__self__SELF_CANON_CLDN11_0065_0079__s4/eps8/hla_only.stdout.txt
self,SELF_CANON_CNP_0272_0286,ubuntu@sha256:2edbbc5dc405e9612ba3584ce95480277e3eb374407b5505fe26f17df77c7dbc,8553672,transient_deleted_after_checksum_and_sampling,68bab55e77a4de835d7c9d4b79b573b57429bdc7613e9de9e73bfecf1bb21d3e,0,full,raw_calculations/apbs/HY15_SEQ_02/HY15_SEQ_02__self__SELF_CANON_CNP_0272_0286__s0/eps2/full.in,265c53f5b4e129c428b2d9cde9b848b959ec3e44ae217e18b238fa091de52317,HY15_SEQ_02__self__SELF_CANON_CNP_0272_0286__s0,HY15_SEQ_02,0,2.0,complete,raw_calculations/apbs/HY15_SEQ_02/HY15_SEQ_02__self__SELF_CANON_CNP_0272_0286__s0/eps2/full.stderr.txt,raw_calculations/apbs/HY15_SEQ_02/HY15_SEQ_02__self__SELF_CANON_CNP_0272_0286__s0/eps2/full.stdout.txt
self,SELF_CANON_CNP_0272_0286,ubuntu@sha256:2edbbc5dc405e9612ba3584ce95480277e3eb374407b5505fe26f17df77c7dbc,8665369,transient_deleted_after_checksum_and_sampling,b29e9af4ace603c8cd8891b411bcb6c062e90deddf908be6b155a3812e2bdf1e,0,hla_only,raw_calculations/apbs/HY15_SEQ_02/HY15_SEQ_02__self__SELF_CANON_CNP_0272_0286__s0/eps2/hla_only.in,3e35dff9835e8620a7c55a3518327d47c7057f5e99123938dca3a0913c5c1e57,HY15_SEQ_02__self__SELF_CANON_CNP_0272_0286__s0,HY15_SEQ_02,0,2.0,complete,raw_calculations/apbs/HY15_SEQ_02/HY15_SEQ_02__self__SELF_CANON_CNP_0272_0286__s0/eps2/hla_only.stderr.txt,raw_calculations/apbs/HY15_SEQ_02/HY15_SEQ_02__self__SELF_CANON_CNP_0272_0286__s0/eps2/hla_only.stdout.txt
self,SELF_CANON_CNP_0272_0286,ubuntu@sha256:2edbbc5dc405e9612ba3584ce95480277e3eb374407b5505fe26f17df77c7dbc,8549612,transient_deleted_after_checksum_and_sampling,f03d3ca9674be0e5155037dc3131e1842133d488b6a956d0e552a9a7ef9d48e7,0,full,raw_calculations/apbs/HY15_SEQ_02/HY15_SEQ_02__self__SELF_CANON_CNP_0272_0286__s0/eps4/full.in,9b766861eeb24953359ed42a4d789a793e50fa287a6534de2f1a8814de2791b6,HY15_SEQ_02__self__SELF_CANON_CNP_0272_0286__s0,HY15_SEQ_02,0,4.0,complete,raw_calculations/apbs/HY15_SEQ_02/HY15_SEQ_02__self__SELF_CANON_CNP_0272_0286__s0/eps4/full.stderr.txt,raw_calculations/apbs/HY15_SEQ_02/HY15_SEQ_02__self__SELF_CANON_CNP_0272_0286__s0/eps4/full.stdout.txt
self,SELF_CANON_CNP_0272_0286,ubuntu@sha256:2edbbc5dc405e9612ba3584ce95480277e3eb374407b5505fe26f17df77c7dbc,8669071,transient_deleted_after_checksum_and_sampling,8abfadc752f8dea6f10b74c0b75d96039e5c4f28570978d4074e0afd890febff,0,hla_only,raw_calculations/apbs/HY15_SEQ_02/HY15_SEQ_02__self__SELF_CANON_CNP_0272_0286__s0/eps4/hla_only.in,9e802aa022b23214b080f964e6f5b0ee057bba452b5da5256a704ebb6d7c2c5a,HY15_SEQ_02__self__SELF_CANON_CNP_0272_0286__s0,HY15_SEQ_02,0,4.0,complete,raw_calculations/apbs/HY15_SEQ_02/HY15_SEQ_02__self__SELF_CANON_CNP_0272_0286__s0/eps4/hla_only.stderr.txt,raw_calculations/apbs/HY15_SEQ_02/HY15_SEQ_02__self__SELF_CANON_CNP_0272_0286__s0/eps4/hla_only.stdout.txt
self,SELF_CANON_CNP_0272_0286,ubuntu@sha256:2edbbc5dc405e9612ba3584ce95480277e3eb374407b5505fe26f17df77c7dbc,8551109,transient_deleted_after_checksum_and_sampling,f729a5dd3d7db02696bcc177e3c3512aae2809a594fb6e8168ba9f00b3eb762b,0,full,raw_calculations/apbs/HY15_SEQ_02/HY15_SEQ_02__self__SELF_CANON_CNP_0272_0286__s0/eps8/full.in,e0e1b120a9304b5769ce95963980883811f9e8779fff6667c460f3c0e3365966,HY15_SEQ_02__self__SELF_CANON_CNP_0272_0286__s0,HY15_SEQ_02,0,8.0,complete,raw_calculations/apbs/HY15_SEQ_02/HY15_SEQ_02__self__SELF_CANON_CNP_0272_0286__s0/eps8/full.stderr.txt,raw_calculations/apbs/HY15_SEQ_02/HY15_SEQ_02__self__SELF_CANON_CNP_0272_0286__s0/eps8/full.stdout.txt
self,SELF_CANON_CNP_0272_0286,ubuntu@sha256:2edbbc5dc405e9612ba3584ce95480277e3eb374407b5505fe26f17df77c7dbc,8675965,transient_deleted_after_checksum_and_sampling,60e3ca645e7afa1c0e84df20e4344bfa0bb25338572beb9a85879b8a1308f0b1,0,hla_only,raw_calculations/apbs/HY15_SEQ_02/HY15_SEQ_02__self__SELF_CANON_CNP_0272_0286__s0/eps8/hla_only.in,28799437d4a58783fa7d732e41898d09bfddf7948331a345cc82dd950f53595d,HY15_SEQ_02__self__SELF_CANON_CNP_0272_0286__s0,HY15_SEQ_02,0,8.0,complete,raw_calculations/apbs/HY15_SEQ_02/HY15_SEQ_02__self__SELF_CANON_CNP_0272_0286__s0/eps8/hla_only.stderr.txt,raw_calculations/apbs/HY15_SEQ_02/HY15_SEQ_02__self__SELF_CANON_CNP_0272_0286__s0/eps8/hla_only.stdout.txt
self,SELF_CANON_CNP_0272_0286,ubuntu@sha256:2edbbc5dc405e9612ba3584ce95480277e3eb374407b5505fe26f17df77c7dbc,8536896,transient_deleted_after_checksum_and_sampling,17420d6b1ce1fe89a03fd5bf7d9abca5a2b8041674433f5fb101bb2da175971e,0,full,raw_calculations/apbs/HY15_SEQ_02/HY15_SEQ_02__self__SELF_CANON_CNP_0272_0286__s1/eps2/full.in,5c5736342ab537006fe4eaad8e6f9509241cf1c8ca210df7defe4c0603a65ae9,HY15_SEQ_02__self__SELF_CANON_CNP_0272_0286__s1,HY15_SEQ_02,1,2.0,complete,raw_calculations/apbs/HY15_SEQ_02/HY15_SEQ_02__self__SELF_CANON_CNP_0272_0286__s1/eps2/full.stderr.txt,raw_calculations/apbs/HY15_SEQ_02/HY15_SEQ_02__self__SELF_CANON_CNP_0272_0286__s1/eps2/full.stdout.txt
self,SELF_CANON_CNP_0272_0286,ubuntu@sha256:2edbbc5dc405e9612ba3584ce95480277e3eb374407b5505fe26f17df77c7dbc,8654059,transient_deleted_after_checksum_and_sampling,7202c1c70b41f07362fafff0b6fa1e0e6992f39228763f738affd5c1c569f78b,0,hla_only,raw_calculations/apbs/HY15_SEQ_02/HY15_SEQ_02__self__SELF_CANON_CNP_0272_0286__s1/eps2/hla_only.in,e3451284ce9ef69efffe3d58829ca475f3988bad5607e94babe1b7dd9d4ba6d7,HY15_SEQ_02__self__SELF_CANON_CNP_0272_0286__s1,HY15_SEQ_02,1,2.0,complete,raw_calculations/apbs/HY15_SEQ_02/HY15_SEQ_02__self__SELF_CANON_CNP_0272_0286__s1/eps2/hla_only.stderr.txt,raw_calculations/apbs/HY15_SEQ_02/HY15_SEQ_02__self__SELF_CANON_CNP_0272_0286__s1/eps2/hla_only.stdout.txt
self,SELF_CANON_CNP_0272_0286,ubuntu@sha256:2edbbc5dc405e9612ba3584ce95480277e3eb374407b5505fe26f17df77c7dbc,8529918,transient_deleted_after_checksum_and_sampling,3a6f753a8926bb2dd1460781dd080fa32a5cebe7cb4969ef8c89a13bdeb73041,0,full,raw_calculations/apbs/HY15_SEQ_02/HY15_SEQ_02__self__SELF_CANON_CNP_0272_0286__s1/eps4/full.in,88749e4342deb4c4438212feab3c36a819248d581c3e2c9a7ae36213a4637654,HY15_SEQ_02__self__SELF_CANON_CNP_0272_0286__s1,HY15_SEQ_02,1,4.0,complete,raw_calculations/apbs/HY15_SEQ_02/HY15_SEQ_02__self__SELF_CANON_CNP_0272_0286__s1/eps4/full.stderr.txt,raw_calculations/apbs/HY15_SEQ_02/HY15_SEQ_02__self__SELF_CANON_CNP_0272_0286__s1/eps4/full.stdout.txt
self,SELF_CANON_CNP_0272_0286,ubuntu@sha256:2edbbc5dc405e9612ba3584ce95480277e3eb374407b5505fe26f17df77c7dbc,8658073,transient_deleted_after_checksum_and_sampling,1ffce9c604bb3e67cb3a6d3ad25505b1f6c233131c8f74bebf58df4be9df019a,0,hla_only,raw_calculations/apbs/HY15_SEQ_02/HY15_SEQ_02__self__SELF_CANON_CNP_0272_0286__s1/eps4/hla_only.in,b85d7495c2b15df7e12d5cb78baeb87aaa3e9ceedd5b117625b84e6b493935a1,HY15_SEQ_02__self__SELF_CANON_CNP_0272_0286__s1,HY15_SEQ_02,1,4.0,complete,raw_calculations/apbs/HY15_SEQ_02/HY15_SEQ_02__self__SELF_CANON_CNP_0272_0286__s1/eps4/hla_only.stderr.txt,raw_calculations/apbs/HY15_SEQ_02/HY15_SEQ_02__self__SELF_CANON_CNP_0272_0286__s1/eps4/hla_only.stdout.txt
self,SELF_CANON_CNP_0272_0286,ubuntu@sha256:2edbbc5dc405e9612ba3584ce95480277e3eb374407b5505fe26f17df77c7dbc,8530371,transient_deleted_after_checksum_and_sampling,12183e2832fb71f55fd535e441d181ad57c54a0dc26cac250b75ff312a7051f7,0,full,raw_calculations/apbs/HY15_SEQ_02/HY15_SEQ_02__self__SELF_CANON_CNP_0272_0286__s1/eps8/full.in,1dacddf9fd228ec721cf8b31d8db9242160934e83eeb492cd6523694eef8be15,HY15_SEQ_02__self__SELF_CANON_CNP_0272_0286__s1,HY15_SEQ_02,1,8.0,complete,raw_calculations/apbs/HY15_SEQ_02/HY15_SEQ_02__self__SELF_CANON_CNP_0272_0286__s1/eps8/full.stderr.txt,raw_calculations/apbs/HY15_SEQ_02/HY15_SEQ_02__self__SELF_CANON_CNP_0272_0286__s1/eps8/full.stdout.txt
self,SELF_CANON_CNP_0272_0286,ubuntu@sha256:2edbbc5dc405e9612ba3584ce95480277e3eb374407b5505fe26f17df77c7dbc,8664944,transient_deleted_after_checksum_and_sampling,8c56ab27fb58a770c45d0fc9eb8787a0ef4a4ce2d8c08a44b99130beb93569a9,0,hla_only,raw_calculations/apbs/HY15_SEQ_02/HY15_SEQ_02__self__SELF_CANON_CNP_0272_0286__s1/eps8/hla_only.in,bb0c6870a13f13c21b99c1f63dbe84af869af57fec7d44f7590bf643b58c613d,HY15_SEQ_02__self__SELF_CANON_CNP_0272_0286__s1,HY15_SEQ_02,1,8.0,complete,raw_calculations/apbs/HY15_SEQ_02/HY15_SEQ_02__self__SELF_CANON_CNP_0272_0286__s1/eps8/hla_only.stderr.txt,raw_calculations/apbs/HY15_SEQ_02/HY15_SEQ_02__self__SELF_CANON_CNP_0272_0286__s1/eps8/hla_only.stdout.txt
self,SELF_CANON_CNP_0272_0286,ubuntu@sha256:2edbbc5dc405e9612ba3584ce95480277e3eb374407b5505fe26f17df77c7dbc,8542962,transient_deleted_after_checksum_and_sampling,f40436ef8ac64724a89dcb66c751d5cb24138bac1a05625f09e6520fc268834d,0,full,raw_calculations/apbs/HY15_SEQ_02/HY15_SEQ_02__self__SELF_CANON_CNP_0272_0286__s2/eps2/full.in,f830618843bebdcb8cad6d7e3780eade36fbc3d984a33649ede07fa802fcf220,HY15_SEQ_02__self__SELF_CANON_CNP_0272_0286__s2,HY15_SEQ_02,2,2.0,complete,raw_calculations/apbs/HY15_SEQ_02/HY15_SEQ_02__self__SELF_CANON_CNP_0272_0286__s2/eps2/full.stderr.txt,raw_calculations/apbs/HY15_SEQ_02/HY15_SEQ_02__self__SELF_CANON_CNP_0272_0286__s2/eps2/full.stdout.txt
self,SELF_CANON_CNP_0272_0286,ubuntu@sha256:2edbbc5dc405e9612ba3584ce95480277e3eb374407b5505fe26f17df77c7dbc,8670452,transient_deleted_after_checksum_and_sampling,87f42535e9dc4303cd51c3e0228e74e0860ad7d469f97a56c9ccea1623fb2544,0,hla_only,raw_calculations/apbs/HY15_SEQ_02/HY15_SEQ_02__self__SELF_CANON_CNP_0272_0286__s2/eps2/hla_only.in,c9f1763add2869bd824b8e8cda07845a6c94729a86e66a1e52b573889df4966c,HY15_SEQ_02__self__SELF_CANON_CNP_0272_0286__s2,HY15_SEQ_02,2,2.0,complete,raw_calculations/apbs/HY15_SEQ_02/HY15_SEQ_02__self__SELF_CANON_CNP_0272_0286__s2/eps2/hla_only.stderr.txt,raw_calculations/apbs/HY15_SEQ_02/HY15_SEQ_02__self__SELF_CANON_CNP_0272_0286__s2/eps2/hla_only.stdout.txt
self,SELF_CANON_CNP_0272_0286,ubuntu@sha256:2edbbc5dc405e9612ba3584ce95480277e3eb374407b5505fe26f17df77c7dbc,8545928,transient_deleted_after_checksum_and_sampling,06feef53a802772e9154b9a5a0beb5facec4c2e29c6350703546b20c8739707e,0,full,raw_calculations/apbs/HY15_SEQ_02/HY15_SEQ_02__self__SELF_CANON_CNP_0272_0286__s2/eps4/full.in,36e3febce40cd5aaabb95377984df5d1bfa200d30cdabf4221ddd979afd38199,HY15_SEQ_02__self__SELF_CANON_CNP_0272_0286__s2,HY15_SEQ_02,2,4.0,complete,raw_calculations/apbs/HY15_SEQ_02/HY15_SEQ_02__self__SELF_CANON_CNP_0272_0286__s2/eps4/full.stderr.txt,raw_calculations/apbs/HY15_SEQ_02/HY15_SEQ_02__self__SELF_CANON_CNP_0272_0286__s2/eps4/full.stdout.txt
self,SELF_CANON_CNP_0272_0286,ubuntu@sha256:2edbbc5dc405e9612ba3584ce95480277e3eb374407b5505fe26f17df77c7dbc,8675195,transient_deleted_after_checksum_and_sampling,cbe803f4c0fb46ac31673bfc44939d05f80c1a6717b8f6866e93a5479497a42b,0,hla_only,raw_calculations/apbs/HY15_SEQ_02/HY15_SEQ_02__self__SELF_CANON_CNP_0272_0286__s2/eps4/hla_only.in,e5135572140595506d3372f76cd54072213f0061a3164faf15635462c8300371,HY15_SEQ_02__self__SELF_CANON_CNP_0272_0286__s2,HY15_SEQ_02,2,4.0,complete,raw_calculations/apbs/HY15_SEQ_02/HY15_SEQ_02__self__SELF_CANON_CNP_0272_0286__s2/eps4/hla_only.stderr.txt,raw_calculations/apbs/HY15_SEQ_02/HY15_SEQ_02__self__SELF_CANON_CNP_0272_0286__s2/eps4/hla_only.stdout.txt
self,SELF_CANON_CNP_0272_0286,ubuntu@sha256:2edbbc5dc405e9612ba3584ce95480277e3eb374407b5505fe26f17df77c7dbc,8552573,transient_deleted_after_checksum_and_sampling,d9a023b3c3275afc2db0b6d9e43f767a01f9b8460cd49a6fd6fdac2dbd1419e4,0,full,raw_calculations/apbs/HY15_SEQ_02/HY15_SEQ_02__self__SELF_CANON_CNP_0272_0286__s2/eps8/full.in,b8e9c2ac2a0ddb73de824871985be2de0a8e2633df7772cbe4930dd5ad8338ee,HY15_SEQ_02__self__SELF_CANON_CNP_0272_0286__s2,HY15_SEQ_02,2,8.0,complete,raw_calculations/apbs/HY15_SEQ_02/HY15_SEQ_02__self__SELF_CANON_CNP_0272_0286__s2/eps8/full.stderr.txt,raw_calculations/apbs/HY15_SEQ_02/HY15_SEQ_02__self__SELF_CANON_CNP_0272_0286__s2/eps8/full.stdout.txt
self,SELF_CANON_CNP_0272_0286,ubuntu@sha256:2edbbc5dc405e9612ba3584ce95480277e3eb374407b5505fe26f17df77c7dbc,8682890,transient_deleted_after_checksum_and_sampling,84f63a62169050622ede0f22d12c4e6b659708ee091a615c371e3437d1e17bc4,0,hla_only,raw_calculations/apbs/HY15_SEQ_02/HY15_SEQ_02__self__SELF_CANON_CNP_0272_0286__s2/eps8/hla_only.in,b20336589fd78d4dbe88f06d288a64e55753f23b4bc10def481fbfe413e36619,HY15_SEQ_02__self__SELF_CANON_CNP_0272_0286__s2,HY15_SEQ_02,2,8.0,complete,raw_calculations/apbs/HY15_SEQ_02/HY15_SEQ_02__self__SELF_CANON_CNP_0272_0286__s2/eps8/hla_only.stderr.txt,raw_calculations/apbs/HY15_SEQ_02/HY15_SEQ_02__self__SELF_CANON_CNP_0272_0286__s2/eps8/hla_only.stdout.txt
self,SELF_CANON_CNP_0272_0286,ubuntu@sha256:2edbbc5dc405e9612ba3584ce95480277e3eb374407b5505fe26f17df77c7dbc,8520903,transient_deleted_after_checksum_and_sampling,cb79b1c09505b30ea18324b07c47aee8e44cd8953026c42bcbafd55c1dbfb4e5,0,full,raw_calculations/apbs/HY15_SEQ_02/HY15_SEQ_02__self__SELF_CANON_CNP_0272_0286__s3/eps2/full.in,299c05b645c2915caa5a95083ab84627b0108e9ef4442644c9e4aaf1c5e1ce65,HY15_SEQ_02__self__SELF_CANON_CNP_0272_0286__s3,HY15_SEQ_02,3,2.0,complete,raw_calculations/apbs/HY15_SEQ_02/HY15_SEQ_02__self__SELF_CANON_CNP_0272_0286__s3/eps2/full.stderr.txt,raw_calculations/apbs/HY15_SEQ_02/HY15_SEQ_02__self__SELF_CANON_CNP_0272_0286__s3/eps2/full.stdout.txt
self,SELF_CANON_CNP_0272_0286,ubuntu@sha256:2edbbc5dc405e9612ba3584ce95480277e3eb374407b5505fe26f17df77c7dbc,8674139,transient_deleted_after_checksum_and_sampling,31fcae26b24db662ef33ccc50a6166c05e6880b0cde3aeccfcc8419464ed0d25,0,hla_only,raw_calculations/apbs/HY15_SEQ_02/HY15_SEQ_02__self__SELF_CANON_CNP_0272_0286__s3/eps2/hla_only.in,0fa52da03c7ca8839bc456423d57e632a9d162fdfd67cd996be20eecbdd358d4,HY15_SEQ_02__self__SELF_CANON_CNP_0272_0286__s3,HY15_SEQ_02,3,2.0,complete,raw_calculations/apbs/HY15_SEQ_02/HY15_SEQ_02__self__SELF_CANON_CNP_0272_0286__s3/eps2/hla_only.stderr.txt,raw_calculations/apbs/HY15_SEQ_02/HY15_SEQ_02__self__SELF_CANON_CNP_0272_0286__s3/eps2/hla_only.stdout.txt
self,SELF_CANON_CNP_0272_0286,ubuntu@sha256:2edbbc5dc405e9612ba3584ce95480277e3eb374407b5505fe26f17df77c7dbc,8526707,transient_deleted_after_checksum_and_sampling,67d42c01c8fec69cb1dbf806bf39a0ebd3a07b4df69cc92312c5a717035f43c6,0,full,raw_calculations/apbs/HY15_SEQ_02/HY15_SEQ_02__self__SELF_CANON_CNP_0272_0286__s3/eps4/full.in,f87a2beb582e75d7726740f4adf429c33e06b50aeef86bc0012ed10eb4a1f4a5,HY15_SEQ_02__self__SELF_CANON_CNP_0272_0286__s3,HY15_SEQ_02,3,4.0,complete,raw_calculations/apbs/HY15_SEQ_02/HY15_SEQ_02__self__SELF_CANON_CNP_0272_0286__s3/eps4/full.stderr.txt,raw_calculations/apbs/HY15_SEQ_02/HY15_SEQ_02__self__SELF_CANON_CNP_0272_0286__s3/eps4/full.stdout.txt
self,SELF_CANON_CNP_0272_0286,ubuntu@sha256:2edbbc5dc405e9612ba3584ce95480277e3eb374407b5505fe26f17df77c7dbc,8678661,transient_deleted_after_checksum_and_sampling,3a54e6a9775c931ba1c463ea12dd93b0e67de5529dbde49584cfc5978fba338f,0,hla_only,raw_calculations/apbs/HY15_SEQ_02/HY15_SEQ_02__self__SELF_CANON_CNP_0272_0286__s3/eps4/hla_only.in,6a90d57605a1383882bbddf968050329d2515cfb0b8bca38003684207e9e3d54,HY15_SEQ_02__self__SELF_CANON_CNP_0272_0286__s3,HY15_SEQ_02,3,4.0,complete,raw_calculations/apbs/HY15_SEQ_02/HY15_SEQ_02__self__SELF_CANON_CNP_0272_0286__s3/eps4/hla_only.stderr.txt,raw_calculations/apbs/HY15_SEQ_02/HY15_SEQ_02__self__SELF_CANON_CNP_0272_0286__s3/eps4/hla_only.stdout.txt
self,SELF_CANON_CNP_0272_0286,ubuntu@sha256:2edbbc5dc405e9612ba3584ce95480277e3eb374407b5505fe26f17df77c7dbc,8536612,transient_deleted_after_checksum_and_sampling,4bb20a54ac70f8a149ef19ca90fadfc7ddc7a5d7f70fa7bcf4780f05a96fab8f,0,full,raw_calculations/apbs/HY15_SEQ_02/HY15_SEQ_02__self__SELF_CANON_CNP_0272_0286__s3/eps8/full.in,153700f19cb8f16454b8fcf21063a1b879cc684bd85e841f31e96a399822a2f8,HY15_SEQ_02__self__SELF_CANON_CNP_0272_0286__s3,HY15_SEQ_02,3,8.0,complete,raw_calculations/apbs/HY15_SEQ_02/HY15_SEQ_02__self__SELF_CANON_CNP_0272_0286__s3/eps8/full.stderr.txt,raw_calculations/apbs/HY15_SEQ_02/HY15_SEQ_02__self__SELF_CANON_CNP_0272_0286__s3/eps8/full.stdout.txt
self,SELF_CANON_CNP_0272_0286,ubuntu@sha256:2edbbc5dc405e9612ba3584ce95480277e3eb374407b5505fe26f17df77c7dbc,8685975,transient_deleted_after_checksum_and_sampling,4f3c56f24a7551642eb6895d5939e2b1d6063d7f9fa6da667a195d9d3a3358d7,0,hla_only,raw_calculations/apbs/HY15_SEQ_02/HY15_SEQ_02__self__SELF_CANON_CNP_0272_0286__s3/eps8/hla_only.in,a107b1d240a06771061c7ed2912366df1ac955eac43a70e91a3c090a564a45ac,HY15_SEQ_02__self__SELF_CANON_CNP_0272_0286__s3,HY15_SEQ_02,3,8.0,complete,raw_calculations/apbs/HY15_SEQ_02/HY15_SEQ_02__self__SELF_CANON_CNP_0272_0286__s3/eps8/hla_only.stderr.txt,raw_calculations/apbs/HY15_SEQ_02/HY15_SEQ_02__self__SELF_CANON_CNP_0272_0286__s3/eps8/hla_only.stdout.txt
self,SELF_CANON_CNP_0272_0286,ubuntu@sha256:2edbbc5dc405e9612ba3584ce95480277e3eb374407b5505fe26f17df77c7dbc,8500058,transient_deleted_after_checksum_and_sampling,202d96b2cd608e9e6d7c7bf8102ae7c0fbb0eae301ce5ed6e4b073ff2d6c0cfb,0,full,raw_calculations/apbs/HY15_SEQ_02/HY15_SEQ_02__self__SELF_CANON_CNP_0272_0286__s4/eps2/full.in,db61f9a3fd2ce03eb72174b7bcd651fbc3bef7b40429b4958cabce904151ccb6,HY15_SEQ_02__self__SELF_CANON_CNP_0272_0286__s4,HY15_SEQ_02,4,2.0,complete,raw_calculations/apbs/HY15_SEQ_02/HY15_SEQ_02__self__SELF_CANON_CNP_0272_0286__s4/eps2/full.stderr.txt,raw_calculations/apbs/HY15_SEQ_02/HY15_SEQ_02__self__SELF_CANON_CNP_0272_0286__s4/eps2/full.stdout.txt
self,SELF_CANON_CNP_0272_0286,ubuntu@sha256:2edbbc5dc405e9612ba3584ce95480277e3eb374407b5505fe26f17df77c7dbc,8668270,transient_deleted_after_checksum_and_sampling,5e75158fda5edf1329d796cf0deec7744c729b429718b88b97248025421b1ca7,0,hla_only,raw_calculations/apbs/HY15_SEQ_02/HY15_SEQ_02__self__SELF_CANON_CNP_0272_0286__s4/eps2/hla_only.in,8fc0b8fcf364004927f4b77ca470d15a889176a979c73dfbe35cd12b0982858d,HY15_SEQ_02__self__SELF_CANON_CNP_0272_0286__s4,HY15_SEQ_02,4,2.0,complete,raw_calculations/apbs/HY15_SEQ_02/HY15_SEQ_02__self__SELF_CANON_CNP_0272_0286__s4/eps2/hla_only.stderr.txt,raw_calculations/apbs/HY15_SEQ_02/HY15_SEQ_02__self__SELF_CANON_CNP_0272_0286__s4/eps2/hla_only.stdout.txt
self,SELF_CANON_CNP_0272_0286,ubuntu@sha256:2edbbc5dc405e9612ba3584ce95480277e3eb374407b5505fe26f17df77c7dbc,8501920,transient_deleted_after_checksum_and_sampling,6e6a2e8ff270ef0f975e0d7e4ed9968d4d3ea5e836285e2d095b5dc01dffbe5b,0,full,raw_calculations/apbs/HY15_SEQ_02/HY15_SEQ_02__self__SELF_CANON_CNP_0272_0286__s4/eps4/full.in,518303f4709778d31bf01207a79b5d474ec6f33f6a21cb15643f41de0bd49f20,HY15_SEQ_02__self__SELF_CANON_CNP_0272_0286__s4,HY15_SEQ_02,4,4.0,complete,raw_calculations/apbs/HY15_SEQ_02/HY15_SEQ_02__self__SELF_CANON_CNP_0272_0286__s4/eps4/full.stderr.txt,raw_calculations/apbs/HY15_SEQ_02/HY15_SEQ_02__self__SELF_CANON_CNP_0272_0286__s4/eps4/full.stdout.txt
self,SELF_CANON_CNP_0272_0286,ubuntu@sha256:2edbbc5dc405e9612ba3584ce95480277e3eb374407b5505fe26f17df77c7dbc,8672274,transient_deleted_after_checksum_and_sampling,f74548cbb7f76223d8077af75be1fe2f17fa6044d0b538b3ab2ef3c8cc7d4a61,0,hla_only,raw_calculations/apbs/HY15_SEQ_02/HY15_SEQ_02__self__SELF_CANON_CNP_0272_0286__s4/eps4/hla_only.in,32251521fe7a7681de6c8f7d507d9aa92c7dbd2b25ff7248ef809257edb8ab93,HY15_SEQ_02__self__SELF_CANON_CNP_0272_0286__s4,HY15_SEQ_02,4,4.0,complete,raw_calculations/apbs/HY15_SEQ_02/HY15_SEQ_02__self__SELF_CANON_CNP_0272_0286__s4/eps4/hla_only.stderr.txt,raw_calculations/apbs/HY15_SEQ_02/HY15_SEQ_02__self__SELF_CANON_CNP_0272_0286__s4/eps4/hla_only.stdout.txt
self,SELF_CANON_CNP_0272_0286,ubuntu@sha256:2edbbc5dc405e9612ba3584ce95480277e3eb374407b5505fe26f17df77c7dbc,8507840,transient_deleted_after_checksum_and_sampling,aa49f0bd7d9eabda39c8dffb115676066d9eec5193c1ba2f0cce35e51ef421f3,0,full,raw_calculations/apbs/HY15_SEQ_02/HY15_SEQ_02__self__SELF_CANON_CNP_0272_0286__s4/eps8/full.in,ccdbbded76ccf7bf2495d809afa9b33f0eeb8f9007d5ab448023d336bf4bcd53,HY15_SEQ_02__self__SELF_CANON_CNP_0272_0286__s4,HY15_SEQ_02,4,8.0,complete,raw_calculations/apbs/HY15_SEQ_02/HY15_SEQ_02__self__SELF_CANON_CNP_0272_0286__s4/eps8/full.stderr.txt,raw_calculations/apbs/HY15_SEQ_02/HY15_SEQ_02__self__SELF_CANON_CNP_0272_0286__s4/eps8/full.stdout.txt
self,SELF_CANON_CNP_0272_0286,ubuntu@sha256:2edbbc5dc405e9612ba3584ce95480277e3eb374407b5505fe26f17df77c7dbc,8679090,transient_deleted_after_checksum_and_sampling,ee239deed58d48c6d3b06b49f82e04e0ce75403c398b8a9ee8e6e455eacbb289,0,hla_only,raw_calculations/apbs/HY15_SEQ_02/HY15_SEQ_02__self__SELF_CANON_CNP_0272_0286__s4/eps8/hla_only.in,c1a40715b15725ded42b3212d1210055b982edb3757885ca8469fb35a4500962,HY15_SEQ_02__self__SELF_CANON_CNP_0272_0286__s4,HY15_SEQ_02,4,8.0,complete,raw_calculations/apbs/HY15_SEQ_02/HY15_SEQ_02__self__SELF_CANON_CNP_0272_0286__s4/eps8/hla_only.stderr.txt,raw_calculations/apbs/HY15_SEQ_02/HY15_SEQ_02__self__SELF_CANON_CNP_0272_0286__s4/eps8/hla_only.stdout.txt
self,SELF_CANON_CRYAB_0001_0015,ubuntu@sha256:2edbbc5dc405e9612ba3584ce95480277e3eb374407b5505fe26f17df77c7dbc,8575687,transient_deleted_after_checksum_and_sampling,161f16e93844aec549c9bc41280ba525676fcdd53cb5658e538c85fc6b90c12b,0,full,raw_calculations/apbs/HY15_SEQ_02/HY15_SEQ_02__self__SELF_CANON_CRYAB_0001_0015__s0/eps2/full.in,5881ecbb2a4dd1e606c36f723e6ea866fd88c39f235ff8d9baa1397c2e1d6157,HY15_SEQ_02__self__SELF_CANON_CRYAB_0001_0015__s0,HY15_SEQ_02,0,2.0,complete,raw_calculations/apbs/HY15_SEQ_02/HY15_SEQ_02__self__SELF_CANON_CRYAB_0001_0015__s0/eps2/full.stderr.txt,raw_calculations/apbs/HY15_SEQ_02/HY15_SEQ_02__self__SELF_CANON_CRYAB_0001_0015__s0/eps2/full.stdout.txt
self,SELF_CANON_CRYAB_0001_0015,ubuntu@sha256:2edbbc5dc405e9612ba3584ce95480277e3eb374407b5505fe26f17df77c7dbc,8672859,transient_deleted_after_checksum_and_sampling,8959d35cf2b8a6b178f240761439b6cb59c5c183705ebed878621305aad4fc08,0,hla_only,raw_calculations/apbs/HY15_SEQ_02/HY15_SEQ_02__self__SELF_CANON_CRYAB_0001_0015__s0/eps2/hla_only.in,449af014d927bb18283a23fcfc564b8eea753f080a2e6fb33fbd55b85cb3704c,HY15_SEQ_02__self__SELF_CANON_CRYAB_0001_0015__s0,HY15_SEQ_02,0,2.0,complete,raw_calculations/apbs/HY15_SEQ_02/HY15_SEQ_02__self__SELF_CANON_CRYAB_0001_0015__s0/eps2/hla_only.stderr.txt,raw_calculations/apbs/HY15_SEQ_02/HY15_SEQ_02__self__SELF_CANON_CRYAB_0001_0015__s0/eps2/hla_only.stdout.txt
self,SELF_CANON_CRYAB_0001_0015,ubuntu@sha256:2edbbc5dc405e9612ba3584ce95480277e3eb374407b5505fe26f17df77c7dbc,8584190,transient_deleted_after_checksum_and_sampling,b0a221958f514e8f54739727a27da2920e3de0e7c2b92974499fd5b8254e96b4,0,full,raw_calculations/apbs/HY15_SEQ_02/HY15_SEQ_02__self__SELF_CANON_CRYAB_0001_0015__s0/eps4/full.in,c7f102e389eedf4b995e039fa010ac121d2028f2b816803c4730a80536186edd,HY15_SEQ_02__self__SELF_CANON_CRYAB_0001_0015__s0,HY15_SEQ_02,0,4.0,complete,raw_calculations/apbs/HY15_SEQ_02/HY15_SEQ_02__self__SELF_CANON_CRYAB_0001_0015__s0/eps4/full.stderr.txt,raw_calculations/apbs/HY15_SEQ_02/HY15_SEQ_02__self__SELF_CANON_CRYAB_0001_0015__s0/eps4/full.stdout.txt
self,SELF_CANON_CRYAB_0001_0015,ubuntu@sha256:2edbbc5dc405e9612ba3584ce95480277e3eb374407b5505fe26f17df77c7dbc,8677871,transient_deleted_after_checksum_and_sampling,04ec1b485d4a97794bbf6adf5b8dda0f34047f2c85087db3630297f031fdd720,0,hla_only,raw_calculations/apbs/HY15_SEQ_02/HY15_SEQ_02__self__SELF_CANON_CRYAB_0001_0015__s0/eps4/hla_only.in,8b30cda7fe4468a61ab2d0ba7e7496efe6848155bc4e5411ebb796fc9446d1a7,HY15_SEQ_02__self__SELF_CANON_CRYAB_0001_0015__s0,HY15_SEQ_02,0,4.0,complete,raw_calculations/apbs/HY15_SEQ_02/HY15_SEQ_02__self__SELF_CANON_CRYAB_0001_0015__s0/eps4/hla_only.stderr.txt,raw_calculations/apbs/HY15_SEQ_02/HY15_SEQ_02__self__SELF_CANON_CRYAB_0001_0015__s0/eps4/hla_only.stdout.txt
self,SELF_CANON_CRYAB_0001_0015,ubuntu@sha256:2edbbc5dc405e9612ba3584ce95480277e3eb374407b5505fe26f17df77c7dbc,8597416,transient_deleted_after_checksum_and_sampling,da93c4ecead3feb1709da9bed0dd4e92139eceb9b12e0cb631650b8d1af3b58e,0,full,raw_calculations/apbs/HY15_SEQ_02/HY15_SEQ_02__self__SELF_CANON_CRYAB_0001_0015__s0/eps8/full.in,683822891cb550b9cd20553a79eda24ff5ebe36aa1e178b84ed52a9c43151771,HY15_SEQ_02__self__SELF_CANON_CRYAB_0001_0015__s0,HY15_SEQ_02,0,8.0,complete,raw_calculations/apbs/HY15_SEQ_02/HY15_SEQ_02__self__SELF_CANON_CRYAB_0001_0015__s0/eps8/full.stderr.txt,raw_calculations/apbs/HY15_SEQ_02/HY15_SEQ_02__self__SELF_CANON_CRYAB_0001_0015__s0/eps8/full.stdout.txt
self,SELF_CANON_CRYAB_0001_0015,ubuntu@sha256:2edbbc5dc405e9612ba3584ce95480277e3eb374407b5505fe26f17df77c7dbc,8685890,transient_deleted_after_checksum_and_sampling,74b17cfb84b3ce4817cccd9537c35b7d2645edd8a26f518ede32a5e4cf119588,0,hla_only,raw_calculations/apbs/HY15_SEQ_02/HY15_SEQ_02__self__SELF_CANON_CRYAB_0001_0015__s0/eps8/hla_only.in,6e86a3676da6a11da1afb3c2d70fb6cc2e2f9d2a769c6ed55588c6732c8491c7,HY15_SEQ_02__self__SELF_CANON_CRYAB_0001_0015__s0,HY15_SEQ_02,0,8.0,complete,raw_calculations/apbs/HY15_SEQ_02/HY15_SEQ_02__self__SELF_CANON_CRYAB_0001_0015__s0/eps8/hla_only.stderr.txt,raw_calculations/apbs/HY15_SEQ_02/HY15_SEQ_02__self__SELF_CANON_CRYAB_0001_0015__s0/eps8/hla_only.stdout.txt
self,SELF_CANON_CRYAB_0001_0015,ubuntu@sha256:2edbbc5dc405e9612ba3584ce95480277e3eb374407b5505fe26f17df77c7dbc,8610931,transient_deleted_after_checksum_and_sampling,6a07d8f4544f99a22be1edd361224e99ef32b39ab09ea9087a77fd1bc1b7adb0,0,full,raw_calculations/apbs/HY15_SEQ_02/HY15_SEQ_02__self__SELF_CANON_CRYAB_0001_0015__s1/eps2/full.in,9dc54ab628cf796d3fe76219d13b00c197ce7882cc3ba7eeed4800da8fccf158,HY15_SEQ_02__self__SELF_CANON_CRYAB_0001_0015__s1,HY15_SEQ_02,1,2.0,complete,raw_calculations/apbs/HY15_SEQ_02/HY15_SEQ_02__self__SELF_CANON_CRYAB_0001_0015__s1/eps2/full.stderr.txt,raw_calculations/apbs/HY15_SEQ_02/HY15_SEQ_02__self__SELF_CANON_CRYAB_0001_0015__s1/eps2/full.stdout.txt
self,SELF_CANON_CRYAB_0001_0015,ubuntu@sha256:2edbbc5dc405e9612ba3584ce95480277e3eb374407b5505fe26f17df77c7dbc,8667850,transient_deleted_after_checksum_and_sampling,af77171527917c01f010e2dd0a718af69d8894a37ef1f5d89e14ea8a76ac1b58,0,hla_only,raw_calculations/apbs/HY15_SEQ_02/HY15_SEQ_02__self__SELF_CANON_CRYAB_0001_0015__s1/eps2/hla_only.in,021ce6c2e26743dc09d3fc8abda991e7b9a54dcf6d190c83a2271ef16fbaa60a,HY15_SEQ_02__self__SELF_CANON_CRYAB_0001_0015__s1,HY15_SEQ_02,1,2.0,complete,raw_calculations/apbs/HY15_SEQ_02/HY15_SEQ_02__self__SELF_CANON_CRYAB_0001_0015__s1/eps2/hla_only.stderr.txt,raw_calculations/apbs/HY15_SEQ_02/HY15_SEQ_02__self__SELF_CANON_CRYAB_0001_0015__s1/eps2/hla_only.stdout.txt
self,SELF_CANON_CRYAB_0001_0015,ubuntu@sha256:2edbbc5dc405e9612ba3584ce95480277e3eb374407b5505fe26f17df77c7dbc,8616453,transient_deleted_after_checksum_and_sampling,3b0dd233df1583a9ad3cdf90b4d8e2da9047b2c4003ebea12a649db3cbbfd8ce,0,full,raw_calculations/apbs/HY15_SEQ_02/HY15_SEQ_02__self__SELF_CANON_CRYAB_0001_0015__s1/eps4/full.in,c485f88dcec0d5cf57c3c28aa626025692307bc4b8f22d61cd877cc777a40de8,HY15_SEQ_02__self__SELF_CANON_CRYAB_0001_0015__s1,HY15_SEQ_02,1,4.0,complete,raw_calculations/apbs/HY15_SEQ_02/HY15_SEQ_02__self__SELF_CANON_CRYAB_0001_0015__s1/eps4/full.stderr.txt,raw_calculations/apbs/HY15_SEQ_02/HY15_SEQ_02__self__SELF_CANON_CRYAB_0001_0015__s1/eps4/full.stdout.txt
self,SELF_CANON_CRYAB_0001_0015,ubuntu@sha256:2edbbc5dc405e9612ba3584ce95480277e3eb374407b5505fe26f17df77c7dbc,8672254,transient_deleted_after_checksum_and_sampling,bb03b6830340ad1446b172596ac9905862a8899c5025763c4432f1008ee6948d,0,hla_only,raw_calculations/apbs/HY15_SEQ_02/HY15_SEQ_02__self__SELF_CANON_CRYAB_0001_0015__s1/eps4/hla_only.in,22a72425bbe7a053479d57e4a4629544dd1791c701032c3e66e6767f1ca15c3b,HY15_SEQ_02__self__SELF_CANON_CRYAB_0001_0015__s1,HY15_SEQ_02,1,4.0,complete,raw_calculations/apbs/HY15_SEQ_02/HY15_SEQ_02__self__SELF_CANON_CRYAB_0001_0015__s1/eps4/hla_only.stderr.txt,raw_calculations/apbs/HY15_SEQ_02/HY15_SEQ_02__self__SELF_CANON_CRYAB_0001_0015__s1/eps4/hla_only.stdout.txt
self,SELF_CANON_CRYAB_0001_0015,ubuntu@sha256:2edbbc5dc405e9612ba3584ce95480277e3eb374407b5505fe26f17df77c7dbc,8624858,transient_deleted_after_checksum_and_sampling,2dfe52ca43848851f7aae80553d9699eabe5e238633ce69bb05ecaf04d74b03a,0,full,raw_calculations/apbs/HY15_SEQ_02/HY15_SEQ_02__self__SELF_CANON_CRYAB_0001_0015__s1/eps8/full.in,ed39892c86a1740a5dde6a2074088b2e4e3410d9f68be4a7f8d44f7c67aa429d,HY15_SEQ_02__self__SELF_CANON_CRYAB_0001_0015__s1,HY15_SEQ_02,1,8.0,complete,raw_calculations/apbs/HY15_SEQ_02/HY15_SEQ_02__self__SELF_CANON_CRYAB_0001_0015__s1/eps8/full.stderr.txt,raw_calculations/apbs/HY15_SEQ_02/HY15_SEQ_02__self__SELF_CANON_CRYAB_0001_0015__s1/eps8/full.stdout.txt
self,SELF_CANON_CRYAB_0001_0015,ubuntu@sha256:2edbbc5dc405e9612ba3584ce95480277e3eb374407b5505fe26f17df77c7dbc,8680061,transient_deleted_after_checksum_and_sampling,03314b3de4eefb8e18d440d98bad045ae282ac87580e3aafe72fbb2fbfde4345,0,hla_only,raw_calculations/apbs/HY15_SEQ_02/HY15_SEQ_02__self__SELF_CANON_CRYAB_0001_0015__s1/eps8/hla_only.in,c4330cf178f68c65bef13ca3f62a9d7b45529b85da6b7c93c1233f117da5e845,HY15_SEQ_02__self__SELF_CANON_CRYAB_0001_0015__s1,HY15_SEQ_02,1,8.0,complete,raw_calculations/apbs/HY15_SEQ_02/HY15_SEQ_02__self__SELF_CANON_CRYAB_0001_0015__s1/eps8/hla_only.stderr.txt,raw_calculations/apbs/HY15_SEQ_02/HY15_SEQ_02__self__SELF_CANON_CRYAB_0001_0015__s1/eps8/hla_only.stdout.txt
self,SELF_CANON_CRYAB_0001_0015,ubuntu@sha256:2edbbc5dc405e9612ba3584ce95480277e3eb374407b5505fe26f17df77c7dbc,8603444,transient_deleted_after_checksum_and_sampling,5371907614232351e8e71a17fd371c806372b8e75e2a3e5a56fda5e145f7291d,0,full,raw_calculations/apbs/HY15_SEQ_02/HY15_SEQ_02__self__SELF_CANON_CRYAB_0001_0015__s2/eps2/full.in,bdc034c44a2a60b8f61de6a1151b087d48bd832518ddd013f9d22945a6cac283,HY15_SEQ_02__self__SELF_CANON_CRYAB_0001_0015__s2,HY15_SEQ_02,2,2.0,complete,raw_calculations/apbs/HY15_SEQ_02/HY15_SEQ_02__self__SELF_CANON_CRYAB_0001_0015__s2/eps2/full.stderr.txt,raw_calculations/apbs/HY15_SEQ_02/HY15_SEQ_02__self__SELF_CANON_CRYAB_0001_0015__s2/eps2/full.stdout.txt
self,SELF_CANON_CRYAB_0001_0015,ubuntu@sha256:2edbbc5dc405e9612ba3584ce95480277e3eb374407b5505fe26f17df77c7dbc,8660997,transient_deleted_after_checksum_and_sampling,35a69ff9d87f039b416b740d35ccedf46d168cfc2a23cbefb2b3c6c92d00b25f,0,hla_only,raw_calculations/apbs/HY15_SEQ_02/HY15_SEQ_02__self__SELF_CANON_CRYAB_0001_0015__s2/eps2/hla_only.in,e77c5c9206424ba4f93df39d615b3a2031da3df6bc2dbd439ebf5c48cd0f10ce,HY15_SEQ_02__self__SELF_CANON_CRYAB_0001_0015__s2,HY15_SEQ_02,2,2.0,complete,raw_calculations/apbs/HY15_SEQ_02/HY15_SEQ_02__self__SELF_CANON_CRYAB_0001_0015__s2/eps2/hla_only.stderr.txt,raw_calculations/apbs/HY15_SEQ_02/HY15_SEQ_02__self__SELF_CANON_CRYAB_0001_0015__s2/eps2/hla_only.stdout.txt
self,SELF_CANON_CRYAB_0001_0015,ubuntu@sha256:2edbbc5dc405e9612ba3584ce95480277e3eb374407b5505fe26f17df77c7dbc,8607390,transient_deleted_after_checksum_and_sampling,d52e67678d8233f6288882dc666e403a17395ec23f5cd7349cc8958c02d304cf,0,full,raw_calculations/apbs/HY15_SEQ_02/HY15_SEQ_02__self__SELF_CANON_CRYAB_0001_0015__s2/eps4/full.in,3feeecd87c2bd934296754b4adfabb8ce06fc2e1735e54ace583236c42343954,HY15_SEQ_02__self__SELF_CANON_CRYAB_0001_0015__s2,HY15_SEQ_02,2,4.0,complete,raw_calculations/apbs/HY15_SEQ_02/HY15_SEQ_02__self__SELF_CANON_CRYAB_0001_0015__s2/eps4/full.stderr.txt,raw_calculations/apbs/HY15_SEQ_02/HY15_SEQ_02__self__SELF_CANON_CRYAB_0001_0015__s2/eps4/full.stdout.txt
self,SELF_CANON_CRYAB_0001_0015,ubuntu@sha256:2edbbc5dc405e9612ba3584ce95480277e3eb374407b5505fe26f17df77c7dbc,8665193,transient_deleted_after_checksum_and_sampling,323dd24c91760eb7d54c200e82c7a4b0bcaa11805d1d8bd9ceb7cfc1772264b8,0,hla_only,raw_calculations/apbs/HY15_SEQ_02/HY15_SEQ_02__self__SELF_CANON_CRYAB_0001_0015__s2/eps4/hla_only.in,f7b70201410ca3c757cdb131c0ac5a943f2d3d82ba744eac7dd15057caff27be,HY15_SEQ_02__self__SELF_CANON_CRYAB_0001_0015__s2,HY15_SEQ_02,2,4.0,complete,raw_calculations/apbs/HY15_SEQ_02/HY15_SEQ_02__self__SELF_CANON_CRYAB_0001_0015__s2/eps4/hla_only.stderr.txt,raw_calculations/apbs/HY15_SEQ_02/HY15_SEQ_02__self__SELF_CANON_CRYAB_0001_0015__s2/eps4/hla_only.stdout.txt
self,SELF_CANON_CRYAB_0001_0015,ubuntu@sha256:2edbbc5dc405e9612ba3584ce95480277e3eb374407b5505fe26f17df77c7dbc,8615770,transient_deleted_after_checksum_and_sampling,ec268b13f5a3a92133dd8c0d3106507ba1285b5a695915a711d33625bec6247e,0,full,raw_calculations/apbs/HY15_SEQ_02/HY15_SEQ_02__self__SELF_CANON_CRYAB_0001_0015__s2/eps8/full.in,333cf104244380e4b908669b8867638f06edb7710f9f55646d31c9c30ecec0c8,HY15_SEQ_02__self__SELF_CANON_CRYAB_0001_0015__s2,HY15_SEQ_02,2,8.0,complete,raw_calculations/apbs/HY15_SEQ_02/HY15_SEQ_02__self__SELF_CANON_CRYAB_0001_0015__s2/eps8/full.stderr.txt,raw_calculations/apbs/HY15_SEQ_02/HY15_SEQ_02__self__SELF_CANON_CRYAB_0001_0015__s2/eps8/full.stdout.txt
self,SELF_CANON_CRYAB_0001_0015,ubuntu@sha256:2edbbc5dc405e9612ba3584ce95480277e3eb374407b5505fe26f17df77c7dbc,8672437,transient_deleted_after_checksum_and_sampling,dc8af4e009ff72825a42baa67bd5dfaf3e54da1650bc74b893e1946308a15093,0,hla_only,raw_calculations/apbs/HY15_SEQ_02/HY15_SEQ_02__self__SELF_CANON_CRYAB_0001_0015__s2/eps8/hla_only.in,d7ac5b0e7cbab0790d92169c86302c69711795607e0d047cc1160e98a419b9be,HY15_SEQ_02__self__SELF_CANON_CRYAB_0001_0015__s2,HY15_SEQ_02,2,8.0,complete,raw_calculations/apbs/HY15_SEQ_02/HY15_SEQ_02__self__SELF_CANON_CRYAB_0001_0015__s2/eps8/hla_only.stderr.txt,raw_calculations/apbs/HY15_SEQ_02/HY15_SEQ_02__self__SELF_CANON_CRYAB_0001_0015__s2/eps8/hla_only.stdout.txt
self,SELF_CANON_CRYAB_0001_0015,ubuntu@sha256:2edbbc5dc405e9612ba3584ce95480277e3eb374407b5505fe26f17df77c7dbc,8633527,transient_deleted_after_checksum_and_sampling,6fc93e6f96b6bd1ea71782ef38af9644284a183c7a9ace3cd89320671f74e4dc,0,full,raw_calculations/apbs/HY15_SEQ_02/HY15_SEQ_02__self__SELF_CANON_CRYAB_0001_0015__s3/eps2/full.in,f2ffeab937da31c76e6678d07bd4a1c772f0dbd29ce24f12e7ade0c9429803b9,HY15_SEQ_02__self__SELF_CANON_CRYAB_0001_0015__s3,HY15_SEQ_02,3,2.0,complete,raw_calculations/apbs/HY15_SEQ_02/HY15_SEQ_02__self__SELF_CANON_CRYAB_0001_0015__s3/eps2/full.stderr.txt,raw_calculations/apbs/HY15_SEQ_02/HY15_SEQ_02__self__SELF_CANON_CRYAB_0001_0015__s3/eps2/full.stdout.txt
self,SELF_CANON_CRYAB_0001_0015,ubuntu@sha256:2edbbc5dc405e9612ba3584ce95480277e3eb374407b5505fe26f17df77c7dbc,8671311,transient_deleted_after_checksum_and_sampling,aa4d6dfc44114cb43206f886765377ad23db09a5066022d1092e70c15fe67faa,0,hla_only,raw_calculations/apbs/HY15_SEQ_02/HY15_SEQ_02__self__SELF_CANON_CRYAB_0001_0015__s3/eps2/hla_only.in,4ddd4d0b0e4eb40e825a1cdda294b8564b863f0d2a51d5ac167af12b1889d9f0,HY15_SEQ_02__self__SELF_CANON_CRYAB_0001_0015__s3,HY15_SEQ_02,3,2.0,complete,raw_calculations/apbs/HY15_SEQ_02/HY15_SEQ_02__self__SELF_CANON_CRYAB_0001_0015__s3/eps2/hla_only.stderr.txt,raw_calculations/apbs/HY15_SEQ_02/HY15_SEQ_02__self__SELF_CANON_CRYAB_0001_0015__s3/eps2/hla_only.stdout.txt
self,SELF_CANON_CRYAB_0001_0015,ubuntu@sha256:2edbbc5dc405e9612ba3584ce95480277e3eb374407b5505fe26f17df77c7dbc,8638110,transient_deleted_after_checksum_and_sampling,1683275cd921424e51da52178fa85fc3d06220ed276abb0ee8f8ad956133b8ed,0,full,raw_calculations/apbs/HY15_SEQ_02/HY15_SEQ_02__self__SELF_CANON_CRYAB_0001_0015__s3/eps4/full.in,93da68b002a528a195c6f5910cc63813476451cca8dfc237c778c18a6f6101c0,HY15_SEQ_02__self__SELF_CANON_CRYAB_0001_0015__s3,HY15_SEQ_02,3,4.0,complete,raw_calculations/apbs/HY15_SEQ_02/HY15_SEQ_02__self__SELF_CANON_CRYAB_0001_0015__s3/eps4/full.stderr.txt,raw_calculations/apbs/HY15_SEQ_02/HY15_SEQ_02__self__SELF_CANON_CRYAB_0001_0015__s3/eps4/full.stdout.txt
self,SELF_CANON_CRYAB_0001_0015,ubuntu@sha256:2edbbc5dc405e9612ba3584ce95480277e3eb374407b5505fe26f17df77c7dbc,8675669,transient_deleted_after_checksum_and_sampling,f27a5d381e4bce76652d642a7835963414283461824b952c110f539006f9fb1e,0,hla_only,raw_calculations/apbs/HY15_SEQ_02/HY15_SEQ_02__self__SELF_CANON_CRYAB_0001_0015__s3/eps4/hla_only.in,3d08a0771646841b3c365bc2ed7298c8c7f686936153c306f6a97f5bb693f436,HY15_SEQ_02__self__SELF_CANON_CRYAB_0001_0015__s3,HY15_SEQ_02,3,4.0,complete,raw_calculations/apbs/HY15_SEQ_02/HY15_SEQ_02__self__SELF_CANON_CRYAB_0001_0015__s3/eps4/hla_only.stderr.txt,raw_calculations/apbs/HY15_SEQ_02/HY15_SEQ_02__self__SELF_CANON_CRYAB_0001_0015__s3/eps4/hla_only.stdout.txt
self,SELF_CANON_CRYAB_0001_0015,ubuntu@sha256:2edbbc5dc405e9612ba3584ce95480277e3eb374407b5505fe26f17df77c7dbc,8646928,transient_deleted_after_checksum_and_sampling,0f2dd73de98eb67c909a9e84187fadef056d3c931d6f4d38a8f13f47f9569f0a,0,full,raw_calculations/apbs/HY15_SEQ_02/HY15_SEQ_02__self__SELF_CANON_CRYAB_0001_0015__s3/eps8/full.in,edc56c9300397088e5034c8901c542db2157654fa5e1ec1ec3487bbfe5970e8e,HY15_SEQ_02__self__SELF_CANON_CRYAB_0001_0015__s3,HY15_SEQ_02,3,8.0,complete,raw_calculations/apbs/HY15_SEQ_02/HY15_SEQ_02__self__SELF_CANON_CRYAB_0001_0015__s3/eps8/full.stderr.txt,raw_calculations/apbs/HY15_SEQ_02/HY15_SEQ_02__self__SELF_CANON_CRYAB_0001_0015__s3/eps8/full.stdout.txt
self,SELF_CANON_CRYAB_0001_0015,ubuntu@sha256:2edbbc5dc405e9612ba3584ce95480277e3eb374407b5505fe26f17df77c7dbc,8683097,transient_deleted_after_checksum_and_sampling,7566f4301568b938f4931838481378ace152ab4f2cece011a91eee85a1bd1bd9,0,hla_only,raw_calculations/apbs/HY15_SEQ_02/HY15_SEQ_02__self__SELF_CANON_CRYAB_0001_0015__s3/eps8/hla_only.in,1a8ff0dea0b3fb482c8e5236467556b7f73cf621ce1a546d740836e10dd63ae7,HY15_SEQ_02__self__SELF_CANON_CRYAB_0001_0015__s3,HY15_SEQ_02,3,8.0,complete,raw_calculations/apbs/HY15_SEQ_02/HY15_SEQ_02__self__SELF_CANON_CRYAB_0001_0015__s3/eps8/hla_only.stderr.txt,raw_calculations/apbs/HY15_SEQ_02/HY15_SEQ_02__self__SELF_CANON_CRYAB_0001_0015__s3/eps8/hla_only.stdout.txt
self,SELF_CANON_CRYAB_0001_0015,ubuntu@sha256:2edbbc5dc405e9612ba3584ce95480277e3eb374407b5505fe26f17df77c7dbc,8616655,transient_deleted_after_checksum_and_sampling,b0efe1ee41eb957318de304b6c29bdab0d705593f14d7153f1fcfe51daefe2c3,0,full,raw_calculations/apbs/HY15_SEQ_02/HY15_SEQ_02__self__SELF_CANON_CRYAB_0001_0015__s4/eps2/full.in,4b9fccdbcef492c6cc6ba409c762209982245ca415c4e8551ec9a7f55a3b1463,HY15_SEQ_02__self__SELF_CANON_CRYAB_0001_0015__s4,HY15_SEQ_02,4,2.0,complete,raw_calculations/apbs/HY15_SEQ_02/HY15_SEQ_02__self__SELF_CANON_CRYAB_0001_0015__s4/eps2/full.stderr.txt,raw_calculations/apbs/HY15_SEQ_02/HY15_SEQ_02__self__SELF_CANON_CRYAB_0001_0015__s4/eps2/full.stdout.txt
self,SELF_CANON_CRYAB_0001_0015,ubuntu@sha256:2edbbc5dc405e9612ba3584ce95480277e3eb374407b5505fe26f17df77c7dbc,8673516,transient_deleted_after_checksum_and_sampling,61318e9ed884e4b987bc1b3e604be88e969cc13eda27be27d4cee9cd925ac5d3,0,hla_only,raw_calculations/apbs/HY15_SEQ_02/HY15_SEQ_02__self__SELF_CANON_CRYAB_0001_0015__s4/eps2/hla_only.in,0c30689112d56b522b561f9ffcf5fafee24c84c7248d48fdffef2fce0f43aab3,HY15_SEQ_02__self__SELF_CANON_CRYAB_0001_0015__s4,HY15_SEQ_02,4,2.0,complete,raw_calculations/apbs/HY15_SEQ_02/HY15_SEQ_02__self__SELF_CANON_CRYAB_0001_0015__s4/eps2/hla_only.stderr.txt,raw_calculations/apbs/HY15_SEQ_02/HY15_SEQ_02__self__SELF_CANON_CRYAB_0001_0015__s4/eps2/hla_only.stdout.txt
self,SELF_CANON_CRYAB_0001_0015,ubuntu@sha256:2edbbc5dc405e9612ba3584ce95480277e3eb374407b5505fe26f17df77c7dbc,8619322,transient_deleted_after_checksum_and_sampling,0cbbd66af4a0c02c44b7b46c42daf265e505dd8c77fd42e90aa49f87563885fd,0,full,raw_calculations/apbs/HY15_SEQ_02/HY15_SEQ_02__self__SELF_CANON_CRYAB_0001_0015__s4/eps4/full.in,37a4252b26aadcae94e02d6bdf948595c4837e33a36156f1092e2bcf360f8380,HY15_SEQ_02__self__SELF_CANON_CRYAB_0001_0015__s4,HY15_SEQ_02,4,4.0,complete,raw_calculations/apbs/HY15_SEQ_02/HY15_SEQ_02__self__SELF_CANON_CRYAB_0001_0015__s4/eps4/full.stderr.txt,raw_calculations/apbs/HY15_SEQ_02/HY15_SEQ_02__self__SELF_CANON_CRYAB_0001_0015__s4/eps4/full.stdout.txt
self,SELF_CANON_CRYAB_0001_0015,ubuntu@sha256:2edbbc5dc405e9612ba3584ce95480277e3eb374407b5505fe26f17df77c7dbc,8677249,transient_deleted_after_checksum_and_sampling,c96815a51403941564155d13fa15dc0b9da7ee427bcdd5a466460601842ed84a,0,hla_only,raw_calculations/apbs/HY15_SEQ_02/HY15_SEQ_02__self__SELF_CANON_CRYAB_0001_0015__s4/eps4/hla_only.in,2a3a4da6dc64a0f483d6a924a86fbe54378d667177a70c0efb9322a6b0893171,HY15_SEQ_02__self__SELF_CANON_CRYAB_0001_0015__s4,HY15_SEQ_02,4,4.0,complete,raw_calculations/apbs/HY15_SEQ_02/HY15_SEQ_02__self__SELF_CANON_CRYAB_0001_0015__s4/eps4/hla_only.stderr.txt,raw_calculations/apbs/HY15_SEQ_02/HY15_SEQ_02__self__SELF_CANON_CRYAB_0001_0015__s4/eps4/hla_only.stdout.txt
self,SELF_CANON_CRYAB_0001_0015,ubuntu@sha256:2edbbc5dc405e9612ba3584ce95480277e3eb374407b5505fe26f17df77c7dbc,8625199,transient_deleted_after_checksum_and_sampling,0013611ac4954f58fa60b966a04f7407123300093af117c8cc6c6c4700d8c04c,0,full,raw_calculations/apbs/HY15_SEQ_02/HY15_SEQ_02__self__SELF_CANON_CRYAB_0001_0015__s4/eps8/full.in,b5cae642290a2aa94e5aa72d58ebb5e121d74e977832667fef92c77a955039a6,HY15_SEQ_02__self__SELF_CANON_CRYAB_0001_0015__s4,HY15_SEQ_02,4,8.0,complete,raw_calculations/apbs/HY15_SEQ_02/HY15_SEQ_02__self__SELF_CANON_CRYAB_0001_0015__s4/eps8/full.stderr.txt,raw_calculations/apbs/HY15_SEQ_02/HY15_SEQ_02__self__SELF_CANON_CRYAB_0001_0015__s4/eps8/full.stdout.txt
self,SELF_CANON_CRYAB_0001_0015,ubuntu@sha256:2edbbc5dc405e9612ba3584ce95480277e3eb374407b5505fe26f17df77c7dbc,8684021,transient_deleted_after_checksum_and_sampling,867b823d4087750a24c15c133e2a31fe8b0218dc9846d1c4cbf2eb813281a71a,0,hla_only,raw_calculations/apbs/HY15_SEQ_02/HY15_SEQ_02__self__SELF_CANON_CRYAB_0001_0015__s4/eps8/hla_only.in,f3e56edf10af078f00a5fc7f2e08c6d1072f25776c3040e50c9fb21b7e0ae057,HY15_SEQ_02__self__SELF_CANON_CRYAB_0001_0015__s4,HY15_SEQ_02,4,8.0,complete,raw_calculations/apbs/HY15_SEQ_02/HY15_SEQ_02__self__SELF_CANON_CRYAB_0001_0015__s4/eps8/hla_only.stderr.txt,raw_calculations/apbs/HY15_SEQ_02/HY15_SEQ_02__self__SELF_CANON_CRYAB_0001_0015__s4/eps8/hla_only.stdout.txt
self,SELF_CANON_TALDO1_0216_0230,ubuntu@sha256:2edbbc5dc405e9612ba3584ce95480277e3eb374407b5505fe26f17df77c7dbc,8395358,transient_deleted_after_checksum_and_sampling,f5c4fd11364e31b1e4e4e2690c30f4e6c008a304ba669c50506afc5993ad3ba1,0,full,raw_calculations/apbs/HY15_SEQ_02/HY15_SEQ_02__self__SELF_CANON_TALDO1_0216_0230__s0/eps2/full.in,2c9e0fc9e2320a9bf3010e0a71d7e1ee99504f5b28cf85f4b10230a4208d4dba,HY15_SEQ_02__self__SELF_CANON_TALDO1_0216_0230__s0,HY15_SEQ_02,0,2.0,complete,raw_calculations/apbs/HY15_SEQ_02/HY15_SEQ_02__self__SELF_CANON_TALDO1_0216_0230__s0/eps2/full.stderr.txt,raw_calculations/apbs/HY15_SEQ_02/HY15_SEQ_02__self__SELF_CANON_TALDO1_0216_0230__s0/eps2/full.stdout.txt
self,SELF_CANON_TALDO1_0216_0230,ubuntu@sha256:2edbbc5dc405e9612ba3584ce95480277e3eb374407b5505fe26f17df77c7dbc,8658447,transient_deleted_after_checksum_and_sampling,afaa847d57d0190ccfd00f097bdff2254c38aeadebcef2f4b023c38476448115,0,hla_only,raw_calculations/apbs/HY15_SEQ_02/HY15_SEQ_02__self__SELF_CANON_TALDO1_0216_0230__s0/eps2/hla_only.in,27158cc88f0fcbd70e25baed52e09c481166d0e34633675330a6517e0be7820a,HY15_SEQ_02__self__SELF_CANON_TALDO1_0216_0230__s0,HY15_SEQ_02,0,2.0,complete,raw_calculations/apbs/HY15_SEQ_02/HY15_SEQ_02__self__SELF_CANON_TALDO1_0216_0230__s0/eps2/hla_only.stderr.txt,raw_calculations/apbs/HY15_SEQ_02/HY15_SEQ_02__self__SELF_CANON_TALDO1_0216_0230__s0/eps2/hla_only.stdout.txt
self,SELF_CANON_TALDO1_0216_0230,ubuntu@sha256:2edbbc5dc405e9612ba3584ce95480277e3eb374407b5505fe26f17df77c7dbc,8396255,transient_deleted_after_checksum_and_sampling,3fa42ab80a1e71798b095226f9420cb255fbc7619e3d2762a5313089b7fb8152,0,full,raw_calculations/apbs/HY15_SEQ_02/HY15_SEQ_02__self__SELF_CANON_TALDO1_0216_0230__s0/eps4/full.in,da2860c1756afd0bfd7236a98213db27f902e437f060847c3cca85570ccb703d,HY15_SEQ_02__self__SELF_CANON_TALDO1_0216_0230__s0,HY15_SEQ_02,0,4.0,complete,raw_calculations/apbs/HY15_SEQ_02/HY15_SEQ_02__self__SELF_CANON_TALDO1_0216_0230__s0/eps4/full.stderr.txt,raw_calculations/apbs/HY15_SEQ_02/HY15_SEQ_02__self__SELF_CANON_TALDO1_0216_0230__s0/eps4/full.stdout.txt
self,SELF_CANON_TALDO1_0216_0230,ubuntu@sha256:2edbbc5dc405e9612ba3584ce95480277e3eb374407b5505fe26f17df77c7dbc,8663476,transient_deleted_after_checksum_and_sampling,bd532d3bbb7da618f3298fce3d8c98884778605adb38db6b7e1b636a62874f72,0,hla_only,raw_calculations/apbs/HY15_SEQ_02/HY15_SEQ_02__self__SELF_CANON_TALDO1_0216_0230__s0/eps4/hla_only.in,519a72811e90acff441c68bd53299ff81e118b02252d32bd2bbc12fdbf20abdd,HY15_SEQ_02__self__SELF_CANON_TALDO1_0216_0230__s0,HY15_SEQ_02,0,4.0,complete,raw_calculations/apbs/HY15_SEQ_02/HY15_SEQ_02__self__SELF_CANON_TALDO1_0216_0230__s0/eps4/hla_only.stderr.txt,raw_calculations/apbs/HY15_SEQ_02/HY15_SEQ_02__self__SELF_CANON_TALDO1_0216_0230__s0/eps4/hla_only.stdout.txt
self,SELF_CANON_TALDO1_0216_0230,ubuntu@sha256:2edbbc5dc405e9612ba3584ce95480277e3eb374407b5505fe26f17df77c7dbc,8402028,transient_deleted_after_checksum_and_sampling,bbd57d21c0627de651d69c332bb92fe2eb6581c2eebcbb3258fff79648527470,0,full,raw_calculations/apbs/HY15_SEQ_02/HY15_SEQ_02__self__SELF_CANON_TALDO1_0216_0230__s0/eps8/full.in,07016c8d929344774dbe5473a86e12218eb8da91223547bd499bc149801c8340,HY15_SEQ_02__self__SELF_CANON_TALDO1_0216_0230__s0,HY15_SEQ_02,0,8.0,complete,raw_calculations/apbs/HY15_SEQ_02/HY15_SEQ_02__self__SELF_CANON_TALDO1_0216_0230__s0/eps8/full.stderr.txt,raw_calculations/apbs/HY15_SEQ_02/HY15_SEQ_02__self__SELF_CANON_TALDO1_0216_0230__s0/eps8/full.stdout.txt
self,SELF_CANON_TALDO1_0216_0230,ubuntu@sha256:2edbbc5dc405e9612ba3584ce95480277e3eb374407b5505fe26f17df77c7dbc,8671783,transient_deleted_after_checksum_and_sampling,0483b399395d691967708bac601f3a6b1715c80827a570f74656312a71b2c488,0,hla_only,raw_calculations/apbs/HY15_SEQ_02/HY15_SEQ_02__self__SELF_CANON_TALDO1_0216_0230__s0/eps8/hla_only.in,3deb5b3c0eddad752d5efb30a4de2c5d55ada450f21f2ee45a3da669a05e4503,HY15_SEQ_02__self__SELF_CANON_TALDO1_0216_0230__s0,HY15_SEQ_02,0,8.0,complete,raw_calculations/apbs/HY15_SEQ_02/HY15_SEQ_02__self__SELF_CANON_TALDO1_0216_0230__s0/eps8/hla_only.stderr.txt,raw_calculations/apbs/HY15_SEQ_02/HY15_SEQ_02__self__SELF_CANON_TALDO1_0216_0230__s0/eps8/hla_only.stdout.txt
self,SELF_CANON_TALDO1_0216_0230,ubuntu@sha256:2edbbc5dc405e9612ba3584ce95480277e3eb374407b5505fe26f17df77c7dbc,8416136,transient_deleted_after_checksum_and_sampling,662c16389a2aaab4a152b8b4c041ee05630d5f1a82a556d6f5bcedaec067ef32,0,full,raw_calculations/apbs/HY15_SEQ_02/HY15_SEQ_02__self__SELF_CANON_TALDO1_0216_0230__s1/eps2/full.in,34bf974228ab4823fe94c3ff30d42d6e9bee8977fa48c4cdebdd9b0cb5141436,HY15_SEQ_02__self__SELF_CANON_TALDO1_0216_0230__s1,HY15_SEQ_02,1,2.0,complete,raw_calculations/apbs/HY15_SEQ_02/HY15_SEQ_02__self__SELF_CANON_TALDO1_0216_0230__s1/eps2/full.stderr.txt,raw_calculations/apbs/HY15_SEQ_02/HY15_SEQ_02__self__SELF_CANON_TALDO1_0216_0230__s1/eps2/full.stdout.txt
self,SELF_CANON_TALDO1_0216_0230,ubuntu@sha256:2edbbc5dc405e9612ba3584ce95480277e3eb374407b5505fe26f17df77c7dbc,8668133,transient_deleted_after_checksum_and_sampling,9f25997e104e61afdb3cba68b50aeb4a72290107b12ede3e6b3cc3211b6ec14b,0,hla_only,raw_calculations/apbs/HY15_SEQ_02/HY15_SEQ_02__self__SELF_CANON_TALDO1_0216_0230__s1/eps2/hla_only.in,8ee77cc40efdc6bcd3d0c833a9891c9517e7e41a39068f3ec95547d2b7d405ec,HY15_SEQ_02__self__SELF_CANON_TALDO1_0216_0230__s1,HY15_SEQ_02,1,2.0,complete,raw_calculations/apbs/HY15_SEQ_02/HY15_SEQ_02__self__SELF_CANON_TALDO1_0216_0230__s1/eps2/hla_only.stderr.txt,raw_calculations/apbs/HY15_SEQ_02/HY15_SEQ_02__self__SELF_CANON_TALDO1_0216_0230__s1/eps2/hla_only.stdout.txt
self,SELF_CANON_TALDO1_0216_0230,ubuntu@sha256:2edbbc5dc405e9612ba3584ce95480277e3eb374407b5505fe26f17df77c7dbc,8414629,transient_deleted_after_checksum_and_sampling,df073121b2e741f6ade45cf8080057f360a87e6ab265401c0a8e93ce51fd142a,0,full,raw_calculations/apbs/HY15_SEQ_02/HY15_SEQ_02__self__SELF_CANON_TALDO1_0216_0230__s1/eps4/full.in,7cd52200e0d56c3c4bbf00343c298aeda6fef99bcc60b2539dc98c2860efb983,HY15_SEQ_02__self__SELF_CANON_TALDO1_0216_0230__s1,HY15_SEQ_02,1,4.0,complete,raw_calculations/apbs/HY15_SEQ_02/HY15_SEQ_02__self__SELF_CANON_TALDO1_0216_0230__s1/eps4/full.stderr.txt,raw_calculations/apbs/HY15_SEQ_02/HY15_SEQ_02__self__SELF_CANON_TALDO1_0216_0230__s1/eps4/full.stdout.txt
self,SELF_CANON_TALDO1_0216_0230,ubuntu@sha256:2edbbc5dc405e9612ba3584ce95480277e3eb374407b5505fe26f17df77c7dbc,8671774,transient_deleted_after_checksum_and_sampling,e303f0f0e2a1dc9645ea6094ba39503a71cef6b8bf40cf023186c0d0a6b24175,0,hla_only,raw_calculations/apbs/HY15_SEQ_02/HY15_SEQ_02__self__SELF_CANON_TALDO1_0216_0230__s1/eps4/hla_only.in,6ef0053372f3d7d419355daefa8cd189a5ee8f3101cf5972fc75816d414cc3ed,HY15_SEQ_02__self__SELF_CANON_TALDO1_0216_0230__s1,HY15_SEQ_02,1,4.0,complete,raw_calculations/apbs/HY15_SEQ_02/HY15_SEQ_02__self__SELF_CANON_TALDO1_0216_0230__s1/eps4/hla_only.stderr.txt,raw_calculations/apbs/HY15_SEQ_02/HY15_SEQ_02__self__SELF_CANON_TALDO1_0216_0230__s1/eps4/hla_only.stdout.txt
self,SELF_CANON_TALDO1_0216_0230,ubuntu@sha256:2edbbc5dc405e9612ba3584ce95480277e3eb374407b5505fe26f17df77c7dbc,8417183,transient_deleted_after_checksum_and_sampling,8b88e825df9a868ab19c869254884634a98935d0fd6bf163201412d1d1c64661,0,full,raw_calculations/apbs/HY15_SEQ_02/HY15_SEQ_02__self__SELF_CANON_TALDO1_0216_0230__s1/eps8/full.in,fca51c0057b6fc248419373b13848696721a5416bd932eecf941b7b800cf3ba2,HY15_SEQ_02__self__SELF_CANON_TALDO1_0216_0230__s1,HY15_SEQ_02,1,8.0,complete,raw_calculations/apbs/HY15_SEQ_02/HY15_SEQ_02__self__SELF_CANON_TALDO1_0216_0230__s1/eps8/full.stderr.txt,raw_calculations/apbs/HY15_SEQ_02/HY15_SEQ_02__self__SELF_CANON_TALDO1_0216_0230__s1/eps8/full.stdout.txt
self,SELF_CANON_TALDO1_0216_0230,ubuntu@sha256:2edbbc5dc405e9612ba3584ce95480277e3eb374407b5505fe26f17df77c7dbc,8678292,transient_deleted_after_checksum_and_sampling,411eed322fe3cae3e2ee4942b7040a67c11d62dc9201986dc16b63a5a5f3bd95,0,hla_only,raw_calculations/apbs/HY15_SEQ_02/HY15_SEQ_02__self__SELF_CANON_TALDO1_0216_0230__s1/eps8/hla_only.in,9b3fcf85d7112c1382b3c9d5a467d238a821b9b0171ba073162bdc1c1d10eacc,HY15_SEQ_02__self__SELF_CANON_TALDO1_0216_0230__s1,HY15_SEQ_02,1,8.0,complete,raw_calculations/apbs/HY15_SEQ_02/HY15_SEQ_02__self__SELF_CANON_TALDO1_0216_0230__s1/eps8/hla_only.stderr.txt,raw_calculations/apbs/HY15_SEQ_02/HY15_SEQ_02__self__SELF_CANON_TALDO1_0216_0230__s1/eps8/hla_only.stdout.txt
self,SELF_CANON_TALDO1_0216_0230,ubuntu@sha256:2edbbc5dc405e9612ba3584ce95480277e3eb374407b5505fe26f17df77c7dbc,8404192,transient_deleted_after_checksum_and_sampling,baca5f8cf7e88100c3bdf0491b0cc51e3f7ae7bbeb7a129d72df9eb1637dc855,0,full,raw_calculations/apbs/HY15_SEQ_02/HY15_SEQ_02__self__SELF_CANON_TALDO1_0216_0230__s2/eps2/full.in,82f5675a7c00fa18056cecb54c7e0fcbc37362f0428a9dd9957ab5b4b4579f88,HY15_SEQ_02__self__SELF_CANON_TALDO1_0216_0230__s2,HY15_SEQ_02,2,2.0,complete,raw_calculations/apbs/HY15_SEQ_02/HY15_SEQ_02__self__SELF_CANON_TALDO1_0216_0230__s2/eps2/full.stderr.txt,raw_calculations/apbs/HY15_SEQ_02/HY15_SEQ_02__self__SELF_CANON_TALDO1_0216_0230__s2/eps2/full.stdout.txt
self,SELF_CANON_TALDO1_0216_0230,ubuntu@sha256:2edbbc5dc405e9612ba3584ce95480277e3eb374407b5505fe26f17df77c7dbc,8669005,transient_deleted_after_checksum_and_sampling,a5157012e42d473a965a3b44ad59bd7eeb1fb828fef1a9f2b3f0687e60c1b954,0,hla_only,raw_calculations/apbs/HY15_SEQ_02/HY15_SEQ_02__self__SELF_CANON_TALDO1_0216_0230__s2/eps2/hla_only.in,7aa4727e8e0d2607f8af7ec3baccb7188d50409da8e354e125174fd824227c9f,HY15_SEQ_02__self__SELF_CANON_TALDO1_0216_0230__s2,HY15_SEQ_02,2,2.0,complete,raw_calculations/apbs/HY15_SEQ_02/HY15_SEQ_02__self__SELF_CANON_TALDO1_0216_0230__s2/eps2/hla_only.stderr.txt,raw_calculations/apbs/HY15_SEQ_02/HY15_SEQ_02__self__SELF_CANON_TALDO1_0216_0230__s2/eps2/hla_only.stdout.txt
self,SELF_CANON_TALDO1_0216_0230,ubuntu@sha256:2edbbc5dc405e9612ba3584ce95480277e3eb374407b5505fe26f17df77c7dbc,8402008,transient_deleted_after_checksum_and_sampling,c0ed5d43c9f3702dbb0bb26ac11925f46c5d8d4400055c88c98a14c86fa8eb0b,0,full,raw_calculations/apbs/HY15_SEQ_02/HY15_SEQ_02__self__SELF_CANON_TALDO1_0216_0230__s2/eps4/full.in,ad233d1d666a83c72b1fc8c13620d40505e05cddd11c28261de460b7f40d2ab7,HY15_SEQ_02__self__SELF_CANON_TALDO1_0216_0230__s2,HY15_SEQ_02,2,4.0,complete,raw_calculations/apbs/HY15_SEQ_02/HY15_SEQ_02__self__SELF_CANON_TALDO1_0216_0230__s2/eps4/full.stderr.txt,raw_calculations/apbs/HY15_SEQ_02/HY15_SEQ_02__self__SELF_CANON_TALDO1_0216_0230__s2/eps4/full.stdout.txt
self,SELF_CANON_TALDO1_0216_0230,ubuntu@sha256:2edbbc5dc405e9612ba3584ce95480277e3eb374407b5505fe26f17df77c7dbc,8672828,transient_deleted_after_checksum_and_sampling,f7d6ce2d0e00e04cacef68c19921c1b95b07d7d1a34ad647fda244ad82820502,0,hla_only,raw_calculations/apbs/HY15_SEQ_02/HY15_SEQ_02__self__SELF_CANON_TALDO1_0216_0230__s2/eps4/hla_only.in,143f2d3637b7b69c3f340bc376c7fc83aedf3760205184d8492fcee8dee6c10a,HY15_SEQ_02__self__SELF_CANON_TALDO1_0216_0230__s2,HY15_SEQ_02,2,4.0,complete,raw_calculations/apbs/HY15_SEQ_02/HY15_SEQ_02__self__SELF_CANON_TALDO1_0216_0230__s2/eps4/hla_only.stderr.txt,raw_calculations/apbs/HY15_SEQ_02/HY15_SEQ_02__self__SELF_CANON_TALDO1_0216_0230__s2/eps4/hla_only.stdout.txt
self,SELF_CANON_TALDO1_0216_0230,ubuntu@sha256:2edbbc5dc405e9612ba3584ce95480277e3eb374407b5505fe26f17df77c7dbc,8403435,transient_deleted_after_checksum_and_sampling,53441104c5930524326e69e36f6f631b22814231b2c551b8ef499b8fa92ec94f,0,full,raw_calculations/apbs/HY15_SEQ_02/HY15_SEQ_02__self__SELF_CANON_TALDO1_0216_0230__s2/eps8/full.in,fd966232c609dfe0637d678b040bae4f6f41988d1c285924c43f9dde6400e398,HY15_SEQ_02__self__SELF_CANON_TALDO1_0216_0230__s2,HY15_SEQ_02,2,8.0,complete,raw_calculations/apbs/HY15_SEQ_02/HY15_SEQ_02__self__SELF_CANON_TALDO1_0216_0230__s2/eps8/full.stderr.txt,raw_calculations/apbs/HY15_SEQ_02/HY15_SEQ_02__self__SELF_CANON_TALDO1_0216_0230__s2/eps8/full.stdout.txt
self,SELF_CANON_TALDO1_0216_0230,ubuntu@sha256:2edbbc5dc405e9612ba3584ce95480277e3eb374407b5505fe26f17df77c7dbc,8679456,transient_deleted_after_checksum_and_sampling,b7b41092dc9c2c0cb0da636ea41240cbefd1e4fb22f5228996a9cc0037165b79,0,hla_only,raw_calculations/apbs/HY15_SEQ_02/HY15_SEQ_02__self__SELF_CANON_TALDO1_0216_0230__s2/eps8/hla_only.in,804b984f53c0fca5aca97be192e57f51ecad3f011853cc66182b275eebde9c35,HY15_SEQ_02__self__SELF_CANON_TALDO1_0216_0230__s2,HY15_SEQ_02,2,8.0,complete,raw_calculations/apbs/HY15_SEQ_02/HY15_SEQ_02__self__SELF_CANON_TALDO1_0216_0230__s2/eps8/hla_only.stderr.txt,raw_calculations/apbs/HY15_SEQ_02/HY15_SEQ_02__self__SELF_CANON_TALDO1_0216_0230__s2/eps8/hla_only.stdout.txt
self,SELF_CANON_TALDO1_0216_0230,ubuntu@sha256:2edbbc5dc405e9612ba3584ce95480277e3eb374407b5505fe26f17df77c7dbc,8411147,transient_deleted_after_checksum_and_sampling,1482b5f74cdef5d24c69d140c98072362ec33905fa578ff1b1091f5769bb8c44,0,full,raw_calculations/apbs/HY15_SEQ_02/HY15_SEQ_02__self__SELF_CANON_TALDO1_0216_0230__s3/eps2/full.in,c22eb3e304fabf839ce1b9b6109888fabc3b74fd682412b136cd63946f13b52d,HY15_SEQ_02__self__SELF_CANON_TALDO1_0216_0230__s3,HY15_SEQ_02,3,2.0,complete,raw_calculations/apbs/HY15_SEQ_02/HY15_SEQ_02__self__SELF_CANON_TALDO1_0216_0230__s3/eps2/full.stderr.txt,raw_calculations/apbs/HY15_SEQ_02/HY15_SEQ_02__self__SELF_CANON_TALDO1_0216_0230__s3/eps2/full.stdout.txt
self,SELF_CANON_TALDO1_0216_0230,ubuntu@sha256:2edbbc5dc405e9612ba3584ce95480277e3eb374407b5505fe26f17df77c7dbc,8669001,transient_deleted_after_checksum_and_sampling,29826db91a64a5faba1ea656b6cbae60ea8f71285b734a00ec1055fc0141405f,0,hla_only,raw_calculations/apbs/HY15_SEQ_02/HY15_SEQ_02__self__SELF_CANON_TALDO1_0216_0230__s3/eps2/hla_only.in,39a8c29057d9f2f0fcfc3af86e1da811ab08f4a71c99c6dabba05f2f39dabdac,HY15_SEQ_02__self__SELF_CANON_TALDO1_0216_0230__s3,HY15_SEQ_02,3,2.0,complete,raw_calculations/apbs/HY15_SEQ_02/HY15_SEQ_02__self__SELF_CANON_TALDO1_0216_0230__s3/eps2/hla_only.stderr.txt,raw_calculations/apbs/HY15_SEQ_02/HY15_SEQ_02__self__SELF_CANON_TALDO1_0216_0230__s3/eps2/hla_only.stdout.txt
self,SELF_CANON_TALDO1_0216_0230,ubuntu@sha256:2edbbc5dc405e9612ba3584ce95480277e3eb374407b5505fe26f17df77c7dbc,8409369,transient_deleted_after_checksum_and_sampling,dc2b5e834ce2eab6c9181cce79a51bbe69bde917bb041e411a57de7e36ad019f,0,full,raw_calculations/apbs/HY15_SEQ_02/HY15_SEQ_02__self__SELF_CANON_TALDO1_0216_0230__s3/eps4/full.in,6b6ee59ab0aa471a819be2c6436d80db9b8ae0eced2c2957cf2eeb49eedb7aca,HY15_SEQ_02__self__SELF_CANON_TALDO1_0216_0230__s3,HY15_SEQ_02,3,4.0,complete,raw_calculations/apbs/HY15_SEQ_02/HY15_SEQ_02__self__SELF_CANON_TALDO1_0216_0230__s3/eps4/full.stderr.txt,raw_calculations/apbs/HY15_SEQ_02/HY15_SEQ_02__self__SELF_CANON_TALDO1_0216_0230__s3/eps4/full.stdout.txt
self,SELF_CANON_TALDO1_0216_0230,ubuntu@sha256:2edbbc5dc405e9612ba3584ce95480277e3eb374407b5505fe26f17df77c7dbc,8672795,transient_deleted_after_checksum_and_sampling,deb8d71d3c7c069cb5537160d5cf5f48e196dea4b0e11189bcd83052c5be8c7e,0,hla_only,raw_calculations/apbs/HY15_SEQ_02/HY15_SEQ_02__self__SELF_CANON_TALDO1_0216_0230__s3/eps4/hla_only.in,d9267b14c71ce4aa4212778677941017927fe28d654ef4f000ab8ee3db0eb8a9,HY15_SEQ_02__self__SELF_CANON_TALDO1_0216_0230__s3,HY15_SEQ_02,3,4.0,complete,raw_calculations/apbs/HY15_SEQ_02/HY15_SEQ_02__self__SELF_CANON_TALDO1_0216_0230__s3/eps4/hla_only.stderr.txt,raw_calculations/apbs/HY15_SEQ_02/HY15_SEQ_02__self__SELF_CANON_TALDO1_0216_0230__s3/eps4/hla_only.stdout.txt
self,SELF_CANON_TALDO1_0216_0230,ubuntu@sha256:2edbbc5dc405e9612ba3584ce95480277e3eb374407b5505fe26f17df77c7dbc,8410630,transient_deleted_after_checksum_and_sampling,0c6633808d5c46dfe03c80ace21102ea4d86237c082d3d90084e8a4b1492d33c,0,full,raw_calculations/apbs/HY15_SEQ_02/HY15_SEQ_02__self__SELF_CANON_TALDO1_0216_0230__s3/eps8/full.in,7d3da02c1d89e526ceab383d32838a2c9a7df9f212afed62b77181bad6fa2bdc,HY15_SEQ_02__self__SELF_CANON_TALDO1_0216_0230__s3,HY15_SEQ_02,3,8.0,complete,raw_calculations/apbs/HY15_SEQ_02/HY15_SEQ_02__self__SELF_CANON_TALDO1_0216_0230__s3/eps8/full.stderr.txt,raw_calculations/apbs/HY15_SEQ_02/HY15_SEQ_02__self__SELF_CANON_TALDO1_0216_0230__s3/eps8/full.stdout.txt
self,SELF_CANON_TALDO1_0216_0230,ubuntu@sha256:2edbbc5dc405e9612ba3584ce95480277e3eb374407b5505fe26f17df77c7dbc,8679252,transient_deleted_after_checksum_and_sampling,8c2831a5fd7c93eeddd331aab9eb3d42791cd6cc932ca1b67f47576ec4a7dd49,0,hla_only,raw_calculations/apbs/HY15_SEQ_02/HY15_SEQ_02__self__SELF_CANON_TALDO1_0216_0230__s3/eps8/hla_only.in,c5bdb1b67446e4902f3d68c1c215fcb8417655244ced2a816b90c2092d315b29,HY15_SEQ_02__self__SELF_CANON_TALDO1_0216_0230__s3,HY15_SEQ_02,3,8.0,complete,raw_calculations/apbs/HY15_SEQ_02/HY15_SEQ_02__self__SELF_CANON_TALDO1_0216_0230__s3/eps8/hla_only.stderr.txt,raw_calculations/apbs/HY15_SEQ_02/HY15_SEQ_02__self__SELF_CANON_TALDO1_0216_0230__s3/eps8/hla_only.stdout.txt
self,SELF_CANON_TALDO1_0216_0230,ubuntu@sha256:2edbbc5dc405e9612ba3584ce95480277e3eb374407b5505fe26f17df77c7dbc,8477217,transient_deleted_after_checksum_and_sampling,9688b42874e7b380bdefa4d85ef564eb410565622c0b82b1cc942be43493e98c,0,full,raw_calculations/apbs/HY15_SEQ_02/HY15_SEQ_02__self__SELF_CANON_TALDO1_0216_0230__s4/eps2/full.in,206ce627411fe2fe907b3d9617e4089884f812fa755f2acbf4aaf7d4c6015969,HY15_SEQ_02__self__SELF_CANON_TALDO1_0216_0230__s4,HY15_SEQ_02,4,2.0,complete,raw_calculations/apbs/HY15_SEQ_02/HY15_SEQ_02__self__SELF_CANON_TALDO1_0216_0230__s4/eps2/full.stderr.txt,raw_calculations/apbs/HY15_SEQ_02/HY15_SEQ_02__self__SELF_CANON_TALDO1_0216_0230__s4/eps2/full.stdout.txt
self,SELF_CANON_TALDO1_0216_0230,ubuntu@sha256:2edbbc5dc405e9612ba3584ce95480277e3eb374407b5505fe26f17df77c7dbc,8665745,transient_deleted_after_checksum_and_sampling,a2b2794f297bd0ffd8fdd5c29ffa5ab2dc40056a2d184af845af210df0ce47be,0,hla_only,raw_calculations/apbs/HY15_SEQ_02/HY15_SEQ_02__self__SELF_CANON_TALDO1_0216_0230__s4/eps2/hla_only.in,ca09db6f86b772137bd7435053c05d5e173bc00fe7f8d6dc14c78ead3993432a,HY15_SEQ_02__self__SELF_CANON_TALDO1_0216_0230__s4,HY15_SEQ_02,4,2.0,complete,raw_calculations/apbs/HY15_SEQ_02/HY15_SEQ_02__self__SELF_CANON_TALDO1_0216_0230__s4/eps2/hla_only.stderr.txt,raw_calculations/apbs/HY15_SEQ_02/HY15_SEQ_02__self__SELF_CANON_TALDO1_0216_0230__s4/eps2/hla_only.stdout.txt
self,SELF_CANON_TALDO1_0216_0230,ubuntu@sha256:2edbbc5dc405e9612ba3584ce95480277e3eb374407b5505fe26f17df77c7dbc,8478987,transient_deleted_after_checksum_and_sampling,8210aa1adcffa473078c4b81103b3a62adc4056fdd57131a83f069b682a6e242,0,full,raw_calculations/apbs/HY15_SEQ_02/HY15_SEQ_02__self__SELF_CANON_TALDO1_0216_0230__s4/eps4/full.in,c5e68826005e40137dac213ef0e32fc5971405d4c3266c94646ed41e1490e072,HY15_SEQ_02__self__SELF_CANON_TALDO1_0216_0230__s4,HY15_SEQ_02,4,4.0,complete,raw_calculations/apbs/HY15_SEQ_02/HY15_SEQ_02__self__SELF_CANON_TALDO1_0216_0230__s4/eps4/full.stderr.txt,raw_calculations/apbs/HY15_SEQ_02/HY15_SEQ_02__self__SELF_CANON_TALDO1_0216_0230__s4/eps4/full.stdout.txt
self,SELF_CANON_TALDO1_0216_0230,ubuntu@sha256:2edbbc5dc405e9612ba3584ce95480277e3eb374407b5505fe26f17df77c7dbc,8670310,transient_deleted_after_checksum_and_sampling,e21d375fba4abe7e31b717f7847c59849ff1cba9272894992af40c7bafeb842f,0,hla_only,raw_calculations/apbs/HY15_SEQ_02/HY15_SEQ_02__self__SELF_CANON_TALDO1_0216_0230__s4/eps4/hla_only.in,de9e94fec555b55250467454a5a6244de2fd83b95605ddf0f7845b02ea8fef6a,HY15_SEQ_02__self__SELF_CANON_TALDO1_0216_0230__s4,HY15_SEQ_02,4,4.0,complete,raw_calculations/apbs/HY15_SEQ_02/HY15_SEQ_02__self__SELF_CANON_TALDO1_0216_0230__s4/eps4/hla_only.stderr.txt,raw_calculations/apbs/HY15_SEQ_02/HY15_SEQ_02__self__SELF_CANON_TALDO1_0216_0230__s4/eps4/hla_only.stdout.txt
self,SELF_CANON_TALDO1_0216_0230,ubuntu@sha256:2edbbc5dc405e9612ba3584ce95480277e3eb374407b5505fe26f17df77c7dbc,8487457,transient_deleted_after_checksum_and_sampling,3cb130370b8efa8372dbb80fee448732a7303f59a7d6c1a44262142f881ee32f,0,full,raw_calculations/apbs/HY15_SEQ_02/HY15_SEQ_02__self__SELF_CANON_TALDO1_0216_0230__s4/eps8/full.in,0ead460b028d9815a38b7157eba3351d2cb24d55de40e42fd292ffd1b41e91a1,HY15_SEQ_02__self__SELF_CANON_TALDO1_0216_0230__s4,HY15_SEQ_02,4,8.0,complete,raw_calculations/apbs/HY15_SEQ_02/HY15_SEQ_02__self__SELF_CANON_TALDO1_0216_0230__s4/eps8/full.stderr.txt,raw_calculations/apbs/HY15_SEQ_02/HY15_SEQ_02__self__SELF_CANON_TALDO1_0216_0230__s4/eps8/full.stdout.txt
self,SELF_CANON_TALDO1_0216_0230,ubuntu@sha256:2edbbc5dc405e9612ba3584ce95480277e3eb374407b5505fe26f17df77c7dbc,8677969,transient_deleted_after_checksum_and_sampling,a5d55bf9d7bfa4196980b47baffc0be353650b86f657fb40cf0386a6dac171ea,0,hla_only,raw_calculations/apbs/HY15_SEQ_02/HY15_SEQ_02__self__SELF_CANON_TALDO1_0216_0230__s4/eps8/hla_only.in,274d097b463f9f0d309f1c4f4ab4f0dcd50c6763fba0ed13cd213707579d0832,HY15_SEQ_02__self__SELF_CANON_TALDO1_0216_0230__s4,HY15_SEQ_02,4,8.0,complete,raw_calculations/apbs/HY15_SEQ_02/HY15_SEQ_02__self__SELF_CANON_TALDO1_0216_0230__s4/eps8/hla_only.stderr.txt,raw_calculations/apbs/HY15_SEQ_02/HY15_SEQ_02__self__SELF_CANON_TALDO1_0216_0230__s4/eps8/hla_only.stdout.txt
self,SELF_IEDB_18eebcfe8ed0,ubuntu@sha256:2edbbc5dc405e9612ba3584ce95480277e3eb374407b5505fe26f17df77c7dbc,8595996,transient_deleted_after_checksum_and_sampling,2e44159d4fe91669b29dbc9dc181c708bb68775e86e5d4787d9075748d7852c7,0,full,raw_calculations/apbs/HY15_SEQ_02/HY15_SEQ_02__self__SELF_IEDB_18eebcfe8ed0__s0/eps2/full.in,80bba344621b5096c7cf08f04a3c009449e962139b030989dd0704adbaaba105,HY15_SEQ_02__self__SELF_IEDB_18eebcfe8ed0__s0,HY15_SEQ_02,0,2.0,complete,raw_calculations/apbs/HY15_SEQ_02/HY15_SEQ_02__self__SELF_IEDB_18eebcfe8ed0__s0/eps2/full.stderr.txt,raw_calculations/apbs/HY15_SEQ_02/HY15_SEQ_02__self__SELF_IEDB_18eebcfe8ed0__s0/eps2/full.stdout.txt
self,SELF_IEDB_18eebcfe8ed0,ubuntu@sha256:2edbbc5dc405e9612ba3584ce95480277e3eb374407b5505fe26f17df77c7dbc,8669392,transient_deleted_after_checksum_and_sampling,bb77706186d0ea0b6a9cd80449f69675cd0ea5197ece8eab83617d83baa4270d,0,hla_only,raw_calculations/apbs/HY15_SEQ_02/HY15_SEQ_02__self__SELF_IEDB_18eebcfe8ed0__s0/eps2/hla_only.in,faed175ddbdc2ccb6c4ba1d34664af763957d111b686d4985ca11d28b1aed84f,HY15_SEQ_02__self__SELF_IEDB_18eebcfe8ed0__s0,HY15_SEQ_02,0,2.0,complete,raw_calculations/apbs/HY15_SEQ_02/HY15_SEQ_02__self__SELF_IEDB_18eebcfe8ed0__s0/eps2/hla_only.stderr.txt,raw_calculations/apbs/HY15_SEQ_02/HY15_SEQ_02__self__SELF_IEDB_18eebcfe8ed0__s0/eps2/hla_only.stdout.txt
self,SELF_IEDB_18eebcfe8ed0,ubuntu@sha256:2edbbc5dc405e9612ba3584ce95480277e3eb374407b5505fe26f17df77c7dbc,8600477,transient_deleted_after_checksum_and_sampling,0a3ebf6873fd1feb262bbc2c3f4bc8aaa6408aa5e050398cb2413bfbdd42d383,0,full,raw_calculations/apbs/HY15_SEQ_02/HY15_SEQ_02__self__SELF_IEDB_18eebcfe8ed0__s0/eps4/full.in,a9fd774d51c3d55e8bcae54cbcbf08f333b1c6efcd114dac92e3ff92bf4a6aa0,HY15_SEQ_02__self__SELF_IEDB_18eebcfe8ed0__s0,HY15_SEQ_02,0,4.0,complete,raw_calculations/apbs/HY15_SEQ_02/HY15_SEQ_02__self__SELF_IEDB_18eebcfe8ed0__s0/eps4/full.stderr.txt,raw_calculations/apbs/HY15_SEQ_02/HY15_SEQ_02__self__SELF_IEDB_18eebcfe8ed0__s0/eps4/full.stdout.txt
self,SELF_IEDB_18eebcfe8ed0,ubuntu@sha256:2edbbc5dc405e9612ba3584ce95480277e3eb374407b5505fe26f17df77c7dbc,8673942,transient_deleted_after_checksum_and_sampling,7bdca7c5903d29e196907767f310d82805f00f0d2c6937c71e28513965c27ff0,0,hla_only,raw_calculations/apbs/HY15_SEQ_02/HY15_SEQ_02__self__SELF_IEDB_18eebcfe8ed0__s0/eps4/hla_only.in,530501fb12ef6e8af1d7e09a2a7df96d09a1b30dd2e6063f24e2c364c67874d8,HY15_SEQ_02__self__SELF_IEDB_18eebcfe8ed0__s0,HY15_SEQ_02,0,4.0,complete,raw_calculations/apbs/HY15_SEQ_02/HY15_SEQ_02__self__SELF_IEDB_18eebcfe8ed0__s0/eps4/hla_only.stderr.txt,raw_calculations/apbs/HY15_SEQ_02/HY15_SEQ_02__self__SELF_IEDB_18eebcfe8ed0__s0/eps4/hla_only.stdout.txt
self,SELF_IEDB_18eebcfe8ed0,ubuntu@sha256:2edbbc5dc405e9612ba3584ce95480277e3eb374407b5505fe26f17df77c7dbc,8609780,transient_deleted_after_checksum_and_sampling,4c84244ce4a7c243bd8284b6bd437c4417322ebc7121a7127c3480b60328cfc2,0,full,raw_calculations/apbs/HY15_SEQ_02/HY15_SEQ_02__self__SELF_IEDB_18eebcfe8ed0__s0/eps8/full.in,f89839fca26d3f5dfa0c94f471064656e4f1d433bc23b7571d15c027b26d7e56,HY15_SEQ_02__self__SELF_IEDB_18eebcfe8ed0__s0,HY15_SEQ_02,0,8.0,complete,raw_calculations/apbs/HY15_SEQ_02/HY15_SEQ_02__self__SELF_IEDB_18eebcfe8ed0__s0/eps8/full.stderr.txt,raw_calculations/apbs/HY15_SEQ_02/HY15_SEQ_02__self__SELF_IEDB_18eebcfe8ed0__s0/eps8/full.stdout.txt
self,SELF_IEDB_18eebcfe8ed0,ubuntu@sha256:2edbbc5dc405e9612ba3584ce95480277e3eb374407b5505fe26f17df77c7dbc,8681839,transient_deleted_after_checksum_and_sampling,4f2bdf2d0a6b5978fa57099f8234b8ba0025f3f7c1d748b76a56d1b59e1cab27,0,hla_only,raw_calculations/apbs/HY15_SEQ_02/HY15_SEQ_02__self__SELF_IEDB_18eebcfe8ed0__s0/eps8/hla_only.in,072b714b737b627896bddf50e98afe889fc64cc76eba798718d11065bed3e9be,HY15_SEQ_02__self__SELF_IEDB_18eebcfe8ed0__s0,HY15_SEQ_02,0,8.0,complete,raw_calculations/apbs/HY15_SEQ_02/HY15_SEQ_02__self__SELF_IEDB_18eebcfe8ed0__s0/eps8/hla_only.stderr.txt,raw_calculations/apbs/HY15_SEQ_02/HY15_SEQ_02__self__SELF_IEDB_18eebcfe8ed0__s0/eps8/hla_only.stdout.txt
self,SELF_IEDB_18eebcfe8ed0,ubuntu@sha256:2edbbc5dc405e9612ba3584ce95480277e3eb374407b5505fe26f17df77c7dbc,8594351,transient_deleted_after_checksum_and_sampling,7b8ee5435045ebfee02fc71e6e41850060592e9a088ee09a792e47a77671e5b5,0,full,raw_calculations/apbs/HY15_SEQ_02/HY15_SEQ_02__self__SELF_IEDB_18eebcfe8ed0__s1/eps2/full.in,fb279a39102a5dea671d77c7216e59a55599956baaa7a0ff284ec3a8f6e27fe2,HY15_SEQ_02__self__SELF_IEDB_18eebcfe8ed0__s1,HY15_SEQ_02,1,2.0,complete,raw_calculations/apbs/HY15_SEQ_02/HY15_SEQ_02__self__SELF_IEDB_18eebcfe8ed0__s1/eps2/full.stderr.txt,raw_calculations/apbs/HY15_SEQ_02/HY15_SEQ_02__self__SELF_IEDB_18eebcfe8ed0__s1/eps2/full.stdout.txt
self,SELF_IEDB_18eebcfe8ed0,ubuntu@sha256:2edbbc5dc405e9612ba3584ce95480277e3eb374407b5505fe26f17df77c7dbc,8664214,transient_deleted_after_checksum_and_sampling,cdb18feb21da4b28a3eea0b73b904e84042ccec91a3934835d7e6f633c87963a,0,hla_only,raw_calculations/apbs/HY15_SEQ_02/HY15_SEQ_02__self__SELF_IEDB_18eebcfe8ed0__s1/eps2/hla_only.in,be9fa5f5f0d4f5281077cab958b99c1ab75dfe6dd63af398014d582141cf78fb,HY15_SEQ_02__self__SELF_IEDB_18eebcfe8ed0__s1,HY15_SEQ_02,1,2.0,complete,raw_calculations/apbs/HY15_SEQ_02/HY15_SEQ_02__self__SELF_IEDB_18eebcfe8ed0__s1/eps2/hla_only.stderr.txt,raw_calculations/apbs/HY15_SEQ_02/HY15_SEQ_02__self__SELF_IEDB_18eebcfe8ed0__s1/eps2/hla_only.stdout.txt
self,SELF_IEDB_18eebcfe8ed0,ubuntu@sha256:2edbbc5dc405e9612ba3584ce95480277e3eb374407b5505fe26f17df77c7dbc,8598385,transient_deleted_after_checksum_and_sampling,384d13d91bbdcfa0e0f98e166f52c37ae113708253d2694ec03a3cf615627ee8,0,full,raw_calculations/apbs/HY15_SEQ_02/HY15_SEQ_02__self__SELF_IEDB_18eebcfe8ed0__s1/eps4/full.in,4ae092ebc3f3a1d7a5f1ce02ead539d7a221d7d9f6050b1b70e3d4a5a2388f30,HY15_SEQ_02__self__SELF_IEDB_18eebcfe8ed0__s1,HY15_SEQ_02,1,4.0,complete,raw_calculations/apbs/HY15_SEQ_02/HY15_SEQ_02__self__SELF_IEDB_18eebcfe8ed0__s1/eps4/full.stderr.txt,raw_calculations/apbs/HY15_SEQ_02/HY15_SEQ_02__self__SELF_IEDB_18eebcfe8ed0__s1/eps4/full.stdout.txt
self,SELF_IEDB_18eebcfe8ed0,ubuntu@sha256:2edbbc5dc405e9612ba3584ce95480277e3eb374407b5505fe26f17df77c7dbc,8667934,transient_deleted_after_checksum_and_sampling,81856407e4338b93644ea7d21e3e4ea481038efb7827c15e90df9dc66432074b,0,hla_only,raw_calculations/apbs/HY15_SEQ_02/HY15_SEQ_02__self__SELF_IEDB_18eebcfe8ed0__s1/eps4/hla_only.in,9621deef252cf2c0f61686dbf8da9e624cb6dfd213a9b3644019cd2c3ed03820,HY15_SEQ_02__self__SELF_IEDB_18eebcfe8ed0__s1,HY15_SEQ_02,1,4.0,complete,raw_calculations/apbs/HY15_SEQ_02/HY15_SEQ_02__self__SELF_IEDB_18eebcfe8ed0__s1/eps4/hla_only.stderr.txt,raw_calculations/apbs/HY15_SEQ_02/HY15_SEQ_02__self__SELF_IEDB_18eebcfe8ed0__s1/eps4/hla_only.stdout.txt
self,SELF_IEDB_18eebcfe8ed0,ubuntu@sha256:2edbbc5dc405e9612ba3584ce95480277e3eb374407b5505fe26f17df77c7dbc,8606386,transient_deleted_after_checksum_and_sampling,9f4ab31b7e9907e5093b6bf419a460e135df13bb22fc84c6f9741e26917d233e,0,full,raw_calculations/apbs/HY15_SEQ_02/HY15_SEQ_02__self__SELF_IEDB_18eebcfe8ed0__s1/eps8/full.in,5ad1e6ed6979c1d49fa7a3aa3513316299d0211ee01643acb77801f968424141,HY15_SEQ_02__self__SELF_IEDB_18eebcfe8ed0__s1,HY15_SEQ_02,1,8.0,complete,raw_calculations/apbs/HY15_SEQ_02/HY15_SEQ_02__self__SELF_IEDB_18eebcfe8ed0__s1/eps8/full.stderr.txt,raw_calculations/apbs/HY15_SEQ_02/HY15_SEQ_02__self__SELF_IEDB_18eebcfe8ed0__s1/eps8/full.stdout.txt
self,SELF_IEDB_18eebcfe8ed0,ubuntu@sha256:2edbbc5dc405e9612ba3584ce95480277e3eb374407b5505fe26f17df77c7dbc,8674532,transient_deleted_after_checksum_and_sampling,6cfc26b90f7ae3f196eb7dbc869d8b2e4fd945a1c861a07ce4d59d9357c60dac,0,hla_only,raw_calculations/apbs/HY15_SEQ_02/HY15_SEQ_02__self__SELF_IEDB_18eebcfe8ed0__s1/eps8/hla_only.in,71cec7a46ef1e4aeab001301e152aaa27cbe30b3013484432c600971ee6ee9a7,HY15_SEQ_02__self__SELF_IEDB_18eebcfe8ed0__s1,HY15_SEQ_02,1,8.0,complete,raw_calculations/apbs/HY15_SEQ_02/HY15_SEQ_02__self__SELF_IEDB_18eebcfe8ed0__s1/eps8/hla_only.stderr.txt,raw_calculations/apbs/HY15_SEQ_02/HY15_SEQ_02__self__SELF_IEDB_18eebcfe8ed0__s1/eps8/hla_only.stdout.txt
self,SELF_IEDB_18eebcfe8ed0,ubuntu@sha256:2edbbc5dc405e9612ba3584ce95480277e3eb374407b5505fe26f17df77c7dbc,8614436,transient_deleted_after_checksum_and_sampling,a3e092390a7edffd9dede033c4f8a3bf398f153a00060b5ba14791ec440f2e07,0,full,raw_calculations/apbs/HY15_SEQ_02/HY15_SEQ_02__self__SELF_IEDB_18eebcfe8ed0__s2/eps2/full.in,c4d8c51868d5aaa9cd5b8e211be97e9041dd30f03610d20905188a2576f1a451,HY15_SEQ_02__self__SELF_IEDB_18eebcfe8ed0__s2,HY15_SEQ_02,2,2.0,complete,raw_calculations/apbs/HY15_SEQ_02/HY15_SEQ_02__self__SELF_IEDB_18eebcfe8ed0__s2/eps2/full.stderr.txt,raw_calculations/apbs/HY15_SEQ_02/HY15_SEQ_02__self__SELF_IEDB_18eebcfe8ed0__s2/eps2/full.stdout.txt
self,SELF_IEDB_18eebcfe8ed0,ubuntu@sha256:2edbbc5dc405e9612ba3584ce95480277e3eb374407b5505fe26f17df77c7dbc,8672765,transient_deleted_after_checksum_and_sampling,46f1ea2bd62d109034e803c5ce3b9d141d6a7c7af6cee298ff53dc27aabae736,0,hla_only,raw_calculations/apbs/HY15_SEQ_02/HY15_SEQ_02__self__SELF_IEDB_18eebcfe8ed0__s2/eps2/hla_only.in,7b3355cce10fbc5c23184532853cc9d298316b52ea533f5365e214f8fdbb0bf7,HY15_SEQ_02__self__SELF_IEDB_18eebcfe8ed0__s2,HY15_SEQ_02,2,2.0,complete,raw_calculations/apbs/HY15_SEQ_02/HY15_SEQ_02__self__SELF_IEDB_18eebcfe8ed0__s2/eps2/hla_only.stderr.txt,raw_calculations/apbs/HY15_SEQ_02/HY15_SEQ_02__self__SELF_IEDB_18eebcfe8ed0__s2/eps2/hla_only.stdout.txt
self,SELF_IEDB_18eebcfe8ed0,ubuntu@sha256:2edbbc5dc405e9612ba3584ce95480277e3eb374407b5505fe26f17df77c7dbc,8616944,transient_deleted_after_checksum_and_sampling,f3ad93f5a780ae9d6fbc18d65f668191ee4964870813d0c17cbdb1388e6099f9,0,full,raw_calculations/apbs/HY15_SEQ_02/HY15_SEQ_02__self__SELF_IEDB_18eebcfe8ed0__s2/eps4/full.in,7fff59a8819b4609790f6cfa06b150331c003d2bcb59e56720a00716e6ce4a5b,HY15_SEQ_02__self__SELF_IEDB_18eebcfe8ed0__s2,HY15_SEQ_02,2,4.0,complete,raw_calculations/apbs/HY15_SEQ_02/HY15_SEQ_02__self__SELF_IEDB_18eebcfe8ed0__s2/eps4/full.stderr.txt,raw_calculations/apbs/HY15_SEQ_02/HY15_SEQ_02__self__SELF_IEDB_18eebcfe8ed0__s2/eps4/full.stdout.txt
self,SELF_IEDB_18eebcfe8ed0,ubuntu@sha256:2edbbc5dc405e9612ba3584ce95480277e3eb374407b5505fe26f17df77c7dbc,8676699,transient_deleted_after_checksum_and_sampling,54f418ce7dda0f916d5c16d37c89cd12b66b74b844f712848d44b8f4eda20d6c,0,hla_only,raw_calculations/apbs/HY15_SEQ_02/HY15_SEQ_02__self__SELF_IEDB_18eebcfe8ed0__s2/eps4/hla_only.in,456819ad1d0fd02b1a14b084fdc2093b8cb6f95976dcdef986de79d7ae3853ad,HY15_SEQ_02__self__SELF_IEDB_18eebcfe8ed0__s2,HY15_SEQ_02,2,4.0,complete,raw_calculations/apbs/HY15_SEQ_02/HY15_SEQ_02__self__SELF_IEDB_18eebcfe8ed0__s2/eps4/hla_only.stderr.txt,raw_calculations/apbs/HY15_SEQ_02/HY15_SEQ_02__self__SELF_IEDB_18eebcfe8ed0__s2/eps4/hla_only.stdout.txt
self,SELF_IEDB_18eebcfe8ed0,ubuntu@sha256:2edbbc5dc405e9612ba3584ce95480277e3eb374407b5505fe26f17df77c7dbc,8622501,transient_deleted_after_checksum_and_sampling,194160a1b563655b91a69885d5a4a8db703fe6b44aeba0e533b8e215d571acbb,0,full,raw_calculations/apbs/HY15_SEQ_02/HY15_SEQ_02__self__SELF_IEDB_18eebcfe8ed0__s2/eps8/full.in,d314c8d74bc669405f9446c756a69c7aa106d79d87c8b28ec594d59cc52b7691,HY15_SEQ_02__self__SELF_IEDB_18eebcfe8ed0__s2,HY15_SEQ_02,2,8.0,complete,raw_calculations/apbs/HY15_SEQ_02/HY15_SEQ_02__self__SELF_IEDB_18eebcfe8ed0__s2/eps8/full.stderr.txt,raw_calculations/apbs/HY15_SEQ_02/HY15_SEQ_02__self__SELF_IEDB_18eebcfe8ed0__s2/eps8/full.stdout.txt
self,SELF_IEDB_18eebcfe8ed0,ubuntu@sha256:2edbbc5dc405e9612ba3584ce95480277e3eb374407b5505fe26f17df77c7dbc,8683516,transient_deleted_after_checksum_and_sampling,eaa1431b9d271db131b8bcfd48060f6ac1d64d194b99deac0fd07651a8c75b7e,0,hla_only,raw_calculations/apbs/HY15_SEQ_02/HY15_SEQ_02__self__SELF_IEDB_18eebcfe8ed0__s2/eps8/hla_only.in,6f5964540c2b9a652f751d984866510e1782236cfe2ef3b86405b560dd0ae793,HY15_SEQ_02__self__SELF_IEDB_18eebcfe8ed0__s2,HY15_SEQ_02,2,8.0,complete,raw_calculations/apbs/HY15_SEQ_02/HY15_SEQ_02__self__SELF_IEDB_18eebcfe8ed0__s2/eps8/hla_only.stderr.txt,raw_calculations/apbs/HY15_SEQ_02/HY15_SEQ_02__self__SELF_IEDB_18eebcfe8ed0__s2/eps8/hla_only.stdout.txt
self,SELF_IEDB_18eebcfe8ed0,ubuntu@sha256:2edbbc5dc405e9612ba3584ce95480277e3eb374407b5505fe26f17df77c7dbc,8587939,transient_deleted_after_checksum_and_sampling,299b48d1fe278e5514bf071f054be3d7adb441be11cee143f4d3832b806b2b85,0,full,raw_calculations/apbs/HY15_SEQ_02/HY15_SEQ_02__self__SELF_IEDB_18eebcfe8ed0__s3/eps2/full.in,5331bfad486489eecd50d385a81357ae2820ff72589611788f7b8e70fd1af8ff,HY15_SEQ_02__self__SELF_IEDB_18eebcfe8ed0__s3,HY15_SEQ_02,3,2.0,complete,raw_calculations/apbs/HY15_SEQ_02/HY15_SEQ_02__self__SELF_IEDB_18eebcfe8ed0__s3/eps2/full.stderr.txt,raw_calculations/apbs/HY15_SEQ_02/HY15_SEQ_02__self__SELF_IEDB_18eebcfe8ed0__s3/eps2/full.stdout.txt
self,SELF_IEDB_18eebcfe8ed0,ubuntu@sha256:2edbbc5dc405e9612ba3584ce95480277e3eb374407b5505fe26f17df77c7dbc,8663328,transient_deleted_after_checksum_and_sampling,ea7f1d55d60842a1cbd3a73311e65061c1b3d30e467d4a42db66940e12a41a1a,0,hla_only,raw_calculations/apbs/HY15_SEQ_02/HY15_SEQ_02__self__SELF_IEDB_18eebcfe8ed0__s3/eps2/hla_only.in,d8811110d304992293db7d9a9a591468fda1fa129ba8b0d08aefd2b853d6feeb,HY15_SEQ_02__self__SELF_IEDB_18eebcfe8ed0__s3,HY15_SEQ_02,3,2.0,complete,raw_calculations/apbs/HY15_SEQ_02/HY15_SEQ_02__self__SELF_IEDB_18eebcfe8ed0__s3/eps2/hla_only.stderr.txt,raw_calculations/apbs/HY15_SEQ_02/HY15_SEQ_02__self__SELF_IEDB_18eebcfe8ed0__s3/eps2/hla_only.stdout.txt
self,SELF_IEDB_18eebcfe8ed0,ubuntu@sha256:2edbbc5dc405e9612ba3584ce95480277e3eb374407b5505fe26f17df77c7dbc,8593926,transient_deleted_after_checksum_and_sampling,147a24c09d023e3ace661281f468836330a1f4967aeceda6a9c3135e7393ef2c,0,full,raw_calculations/apbs/HY15_SEQ_02/HY15_SEQ_02__self__SELF_IEDB_18eebcfe8ed0__s3/eps4/full.in,d34b29852c826c94fec17bb0f278f0f5ccce0ca0afcbd7fadb725e7d9d7a0e00,HY15_SEQ_02__self__SELF_IEDB_18eebcfe8ed0__s3,HY15_SEQ_02,3,4.0,complete,raw_calculations/apbs/HY15_SEQ_02/HY15_SEQ_02__self__SELF_IEDB_18eebcfe8ed0__s3/eps4/full.stderr.txt,raw_calculations/apbs/HY15_SEQ_02/HY15_SEQ_02__self__SELF_IEDB_18eebcfe8ed0__s3/eps4/full.stdout.txt
self,SELF_IEDB_18eebcfe8ed0,ubuntu@sha256:2edbbc5dc405e9612ba3584ce95480277e3eb374407b5505fe26f17df77c7dbc,8667821,transient_deleted_after_checksum_and_sampling,9128e18a6a2eda5b7c059b024fe14e0188b717d1f60a5bfadf651b1dbe9bb9ed,0,hla_only,raw_calculations/apbs/HY15_SEQ_02/HY15_SEQ_02__self__SELF_IEDB_18eebcfe8ed0__s3/eps4/hla_only.in,a46c9bf7220d23e8f622c6cb1a5b09aeea73bc962987202db6b3f7ddb422eae5,HY15_SEQ_02__self__SELF_IEDB_18eebcfe8ed0__s3,HY15_SEQ_02,3,4.0,complete,raw_calculations/apbs/HY15_SEQ_02/HY15_SEQ_02__self__SELF_IEDB_18eebcfe8ed0__s3/eps4/hla_only.stderr.txt,raw_calculations/apbs/HY15_SEQ_02/HY15_SEQ_02__self__SELF_IEDB_18eebcfe8ed0__s3/eps4/hla_only.stdout.txt
self,SELF_IEDB_18eebcfe8ed0,ubuntu@sha256:2edbbc5dc405e9612ba3584ce95480277e3eb374407b5505fe26f17df77c7dbc,8604549,transient_deleted_after_checksum_and_sampling,4d1366962848e6c5f8d41ed2c2dea210cb8e7fc8c04b4697ee1014df5442eab6,0,full,raw_calculations/apbs/HY15_SEQ_02/HY15_SEQ_02__self__SELF_IEDB_18eebcfe8ed0__s3/eps8/full.in,7db6de206ceb052c43a27592f7b47090eea495afcdcd439fd313cccf62f7d264,HY15_SEQ_02__self__SELF_IEDB_18eebcfe8ed0__s3,HY15_SEQ_02,3,8.0,complete,raw_calculations/apbs/HY15_SEQ_02/HY15_SEQ_02__self__SELF_IEDB_18eebcfe8ed0__s3/eps8/full.stderr.txt,raw_calculations/apbs/HY15_SEQ_02/HY15_SEQ_02__self__SELF_IEDB_18eebcfe8ed0__s3/eps8/full.stdout.txt
self,SELF_IEDB_18eebcfe8ed0,ubuntu@sha256:2edbbc5dc405e9612ba3584ce95480277e3eb374407b5505fe26f17df77c7dbc,8675957,transient_deleted_after_checksum_and_sampling,6a175ec5a400d5e3ba9c284b584a1755d2259864bc29546f508e5c28072b7519,0,hla_only,raw_calculations/apbs/HY15_SEQ_02/HY15_SEQ_02__self__SELF_IEDB_18eebcfe8ed0__s3/eps8/hla_only.in,d984f92ecbb8cda647c2d180aa9c57801699b133b1ef5dd260948c03d39fc317,HY15_SEQ_02__self__SELF_IEDB_18eebcfe8ed0__s3,HY15_SEQ_02,3,8.0,complete,raw_calculations/apbs/HY15_SEQ_02/HY15_SEQ_02__self__SELF_IEDB_18eebcfe8ed0__s3/eps8/hla_only.stderr.txt,raw_calculations/apbs/HY15_SEQ_02/HY15_SEQ_02__self__SELF_IEDB_18eebcfe8ed0__s3/eps8/hla_only.stdout.txt
self,SELF_IEDB_18eebcfe8ed0,ubuntu@sha256:2edbbc5dc405e9612ba3584ce95480277e3eb374407b5505fe26f17df77c7dbc,8619937,transient_deleted_after_checksum_and_sampling,c3f423032c75361d537c86cbed73c51ef970c21307b8b87fbbbc580fd9159d69,0,full,raw_calculations/apbs/HY15_SEQ_02/HY15_SEQ_02__self__SELF_IEDB_18eebcfe8ed0__s4/eps2/full.in,d61b3aa5332d8fb3c2b53155e0af6e3f30648256a6b5bb18cce441d0ee219785,HY15_SEQ_02__self__SELF_IEDB_18eebcfe8ed0__s4,HY15_SEQ_02,4,2.0,complete,raw_calculations/apbs/HY15_SEQ_02/HY15_SEQ_02__self__SELF_IEDB_18eebcfe8ed0__s4/eps2/full.stderr.txt,raw_calculations/apbs/HY15_SEQ_02/HY15_SEQ_02__self__SELF_IEDB_18eebcfe8ed0__s4/eps2/full.stdout.txt
self,SELF_IEDB_18eebcfe8ed0,ubuntu@sha256:2edbbc5dc405e9612ba3584ce95480277e3eb374407b5505fe26f17df77c7dbc,8671439,transient_deleted_after_checksum_and_sampling,a28d9e9072e87d0a077d37d1c48c82ee4b51881eafd6668ee7221f7315945673,0,hla_only,raw_calculations/apbs/HY15_SEQ_02/HY15_SEQ_02__self__SELF_IEDB_18eebcfe8ed0__s4/eps2/hla_only.in,e5d23edf7a47a4531b63d9d3f4beb5b048dbb5fa8ae95d290161ac277d6e101f,HY15_SEQ_02__self__SELF_IEDB_18eebcfe8ed0__s4,HY15_SEQ_02,4,2.0,complete,raw_calculations/apbs/HY15_SEQ_02/HY15_SEQ_02__self__SELF_IEDB_18eebcfe8ed0__s4/eps2/hla_only.stderr.txt,raw_calculations/apbs/HY15_SEQ_02/HY15_SEQ_02__self__SELF_IEDB_18eebcfe8ed0__s4/eps2/hla_only.stdout.txt
self,SELF_IEDB_18eebcfe8ed0,ubuntu@sha256:2edbbc5dc405e9612ba3584ce95480277e3eb374407b5505fe26f17df77c7dbc,8623452,transient_deleted_after_checksum_and_sampling,e0b5aa81ff78cf9b935218ffcb2ed56db7021e680e4df2436650c177c7c460db,0,full,raw_calculations/apbs/HY15_SEQ_02/HY15_SEQ_02__self__SELF_IEDB_18eebcfe8ed0__s4/eps4/full.in,2ce04274c8751d603b3c991168446e6d9715fce591db23b78f3a7e73a8fd61f0,HY15_SEQ_02__self__SELF_IEDB_18eebcfe8ed0__s4,HY15_SEQ_02,4,4.0,complete,raw_calculations/apbs/HY15_SEQ_02/HY15_SEQ_02__self__SELF_IEDB_18eebcfe8ed0__s4/eps4/full.stderr.txt,raw_calculations/apbs/HY15_SEQ_02/HY15_SEQ_02__self__SELF_IEDB_18eebcfe8ed0__s4/eps4/full.stdout.txt
self,SELF_IEDB_18eebcfe8ed0,ubuntu@sha256:2edbbc5dc405e9612ba3584ce95480277e3eb374407b5505fe26f17df77c7dbc,8676351,transient_deleted_after_checksum_and_sampling,ec32be4a2ffee52b5c53eb2bf8e51c9cdd9f8e9b0b25552fef3398482e1bcafc,0,hla_only,raw_calculations/apbs/HY15_SEQ_02/HY15_SEQ_02__self__SELF_IEDB_18eebcfe8ed0__s4/eps4/hla_only.in,b1f4560210722507cbaff00812236f185492378e536bfadb67bf8b2886e607b8,HY15_SEQ_02__self__SELF_IEDB_18eebcfe8ed0__s4,HY15_SEQ_02,4,4.0,complete,raw_calculations/apbs/HY15_SEQ_02/HY15_SEQ_02__self__SELF_IEDB_18eebcfe8ed0__s4/eps4/hla_only.stderr.txt,raw_calculations/apbs/HY15_SEQ_02/HY15_SEQ_02__self__SELF_IEDB_18eebcfe8ed0__s4/eps4/hla_only.stdout.txt
self,SELF_IEDB_18eebcfe8ed0,ubuntu@sha256:2edbbc5dc405e9612ba3584ce95480277e3eb374407b5505fe26f17df77c7dbc,8630627,transient_deleted_after_checksum_and_sampling,37e5199721eb79c44c69983d50890cf665f146cc5d8a74f65917960a583a992e,0,full,raw_calculations/apbs/HY15_SEQ_02/HY15_SEQ_02__self__SELF_IEDB_18eebcfe8ed0__s4/eps8/full.in,bde384c715386aebaa3ba24788906f6bd5dd5b0ce30d72890b82681ed6a49631,HY15_SEQ_02__self__SELF_IEDB_18eebcfe8ed0__s4,HY15_SEQ_02,4,8.0,complete,raw_calculations/apbs/HY15_SEQ_02/HY15_SEQ_02__self__SELF_IEDB_18eebcfe8ed0__s4/eps8/full.stderr.txt,raw_calculations/apbs/HY15_SEQ_02/HY15_SEQ_02__self__SELF_IEDB_18eebcfe8ed0__s4/eps8/full.stdout.txt
self,SELF_IEDB_18eebcfe8ed0,ubuntu@sha256:2edbbc5dc405e9612ba3584ce95480277e3eb374407b5505fe26f17df77c7dbc,8684280,transient_deleted_after_checksum_and_sampling,8c9a5845e31afe9b26771051c4f7e4ec5571f3e715a0b69afc975eb4eb93e334,0,hla_only,raw_calculations/apbs/HY15_SEQ_02/HY15_SEQ_02__self__SELF_IEDB_18eebcfe8ed0__s4/eps8/hla_only.in,b8d821eb915c97929c93264a599ecd6e855b8678e58128f481d5d260c0fa50a0,HY15_SEQ_02__self__SELF_IEDB_18eebcfe8ed0__s4,HY15_SEQ_02,4,8.0,complete,raw_calculations/apbs/HY15_SEQ_02/HY15_SEQ_02__self__SELF_IEDB_18eebcfe8ed0__s4/eps8/hla_only.stderr.txt,raw_calculations/apbs/HY15_SEQ_02/HY15_SEQ_02__self__SELF_IEDB_18eebcfe8ed0__s4/eps8/hla_only.stdout.txt
self,SELF_IEDB_e8f1f840deb4,ubuntu@sha256:2edbbc5dc405e9612ba3584ce95480277e3eb374407b5505fe26f17df77c7dbc,8573018,transient_deleted_after_checksum_and_sampling,d3d79c6f04ec224af6a8fedce0ae32be73b94b752328a3783634c0edc43fed29,0,full,raw_calculations/apbs/HY15_SEQ_02/HY15_SEQ_02__self__SELF_IEDB_e8f1f840deb4__s0/eps2/full.in,1314c7ceee7647bc81e3e967e30768cee248ca6c2779407626466ecd2b03bdbb,HY15_SEQ_02__self__SELF_IEDB_e8f1f840deb4__s0,HY15_SEQ_02,0,2.0,complete,raw_calculations/apbs/HY15_SEQ_02/HY15_SEQ_02__self__SELF_IEDB_e8f1f840deb4__s0/eps2/full.stderr.txt,raw_calculations/apbs/HY15_SEQ_02/HY15_SEQ_02__self__SELF_IEDB_e8f1f840deb4__s0/eps2/full.stdout.txt
self,SELF_IEDB_e8f1f840deb4,ubuntu@sha256:2edbbc5dc405e9612ba3584ce95480277e3eb374407b5505fe26f17df77c7dbc,8663239,transient_deleted_after_checksum_and_sampling,ecbc1b81e632e31101c914c4664ae79404966fc535c47ff6351d85ae104f1849,0,hla_only,raw_calculations/apbs/HY15_SEQ_02/HY15_SEQ_02__self__SELF_IEDB_e8f1f840deb4__s0/eps2/hla_only.in,10457f2c219ce3f43bb6ad5fb5c8bcd24e94cc7908323d5f5e9460b445265796,HY15_SEQ_02__self__SELF_IEDB_e8f1f840deb4__s0,HY15_SEQ_02,0,2.0,complete,raw_calculations/apbs/HY15_SEQ_02/HY15_SEQ_02__self__SELF_IEDB_e8f1f840deb4__s0/eps2/hla_only.stderr.txt,raw_calculations/apbs/HY15_SEQ_02/HY15_SEQ_02__self__SELF_IEDB_e8f1f840deb4__s0/eps2/hla_only.stdout.txt
self,SELF_IEDB_e8f1f840deb4,ubuntu@sha256:2edbbc5dc405e9612ba3584ce95480277e3eb374407b5505fe26f17df77c7dbc,8574432,transient_deleted_after_checksum_and_sampling,b436b9a623f7d789efd5eb403aa7ac77f709e5d2459ddecee91d61de5d1ef586,0,full,raw_calculations/apbs/HY15_SEQ_02/HY15_SEQ_02__self__SELF_IEDB_e8f1f840deb4__s0/eps4/full.in,94e18ba4b450ee7018c51c9bc41746e16ccc6b384d1c5ae83f85a7aaa4f49e4b,HY15_SEQ_02__self__SELF_IEDB_e8f1f840deb4__s0,HY15_SEQ_02,0,4.0,complete,raw_calculations/apbs/HY15_SEQ_02/HY15_SEQ_02__self__SELF_IEDB_e8f1f840deb4__s0/eps4/full.stderr.txt,raw_calculations/apbs/HY15_SEQ_02/HY15_SEQ_02__self__SELF_IEDB_e8f1f840deb4__s0/eps4/full.stdout.txt
self,SELF_IEDB_e8f1f840deb4,ubuntu@sha256:2edbbc5dc405e9612ba3584ce95480277e3eb374407b5505fe26f17df77c7dbc,8666836,transient_deleted_after_checksum_and_sampling,ca37d4d166257d775feb1284ac5e43936b747c08fb7bc50fced3fe165463cd3b,0,hla_only,raw_calculations/apbs/HY15_SEQ_02/HY15_SEQ_02__self__SELF_IEDB_e8f1f840deb4__s0/eps4/hla_only.in,dab70e405a9537e3564348c17f1d34e83c7763924fed47b5d11b3fc53cefef1c,HY15_SEQ_02__self__SELF_IEDB_e8f1f840deb4__s0,HY15_SEQ_02,0,4.0,complete,raw_calculations/apbs/HY15_SEQ_02/HY15_SEQ_02__self__SELF_IEDB_e8f1f840deb4__s0/eps4/hla_only.stderr.txt,raw_calculations/apbs/HY15_SEQ_02/HY15_SEQ_02__self__SELF_IEDB_e8f1f840deb4__s0/eps4/hla_only.stdout.txt
self,SELF_IEDB_e8f1f840deb4,ubuntu@sha256:2edbbc5dc405e9612ba3584ce95480277e3eb374407b5505fe26f17df77c7dbc,8579698,transient_deleted_after_checksum_and_sampling,2ee5d3065d51c3d56a439891eae8d934cfc6968e76f82808dfe202ad30e8d555,0,full,raw_calculations/apbs/HY15_SEQ_02/HY15_SEQ_02__self__SELF_IEDB_e8f1f840deb4__s0/eps8/full.in,87b5e45ceb8a8a50c6fe197e0e308f1a5774b089ab909d40346df2bda7fddf22,HY15_SEQ_02__self__SELF_IEDB_e8f1f840deb4__s0,HY15_SEQ_02,0,8.0,complete,raw_calculations/apbs/HY15_SEQ_02/HY15_SEQ_02__self__SELF_IEDB_e8f1f840deb4__s0/eps8/full.stderr.txt,raw_calculations/apbs/HY15_SEQ_02/HY15_SEQ_02__self__SELF_IEDB_e8f1f840deb4__s0/eps8/full.stdout.txt
self,SELF_IEDB_e8f1f840deb4,ubuntu@sha256:2edbbc5dc405e9612ba3584ce95480277e3eb374407b5505fe26f17df77c7dbc,8673138,transient_deleted_after_checksum_and_sampling,280aacd0b52e4552130c34c43f94aa242418bac1801859adf0c0f2a8bfe84815,0,hla_only,raw_calculations/apbs/HY15_SEQ_02/HY15_SEQ_02__self__SELF_IEDB_e8f1f840deb4__s0/eps8/hla_only.in,9bf6cef0db6085e2347639a508ee9cd6e0854fab1023ef1071868394bd9f7826,HY15_SEQ_02__self__SELF_IEDB_e8f1f840deb4__s0,HY15_SEQ_02,0,8.0,complete,raw_calculations/apbs/HY15_SEQ_02/HY15_SEQ_02__self__SELF_IEDB_e8f1f840deb4__s0/eps8/hla_only.stderr.txt,raw_calculations/apbs/HY15_SEQ_02/HY15_SEQ_02__self__SELF_IEDB_e8f1f840deb4__s0/eps8/hla_only.stdout.txt
self,SELF_IEDB_e8f1f840deb4,ubuntu@sha256:2edbbc5dc405e9612ba3584ce95480277e3eb374407b5505fe26f17df77c7dbc,8608454,transient_deleted_after_checksum_and_sampling,db5c4bdb5663baf46dcd738f0042bbd326625520d8e6ff3feb85286705b6b9fd,0,full,raw_calculations/apbs/HY15_SEQ_02/HY15_SEQ_02__self__SELF_IEDB_e8f1f840deb4__s1/eps2/full.in,e4de646cbc578fcc16b828ca93f984db5eda638d06b47725aa849c8978c6c632,HY15_SEQ_02__self__SELF_IEDB_e8f1f840deb4__s1,HY15_SEQ_02,1,2.0,complete,raw_calculations/apbs/HY15_SEQ_02/HY15_SEQ_02__self__SELF_IEDB_e8f1f840deb4__s1/eps2/full.stderr.txt,raw_calculations/apbs/HY15_SEQ_02/HY15_SEQ_02__self__SELF_IEDB_e8f1f840deb4__s1/eps2/full.stdout.txt
self,SELF_IEDB_e8f1f840deb4,ubuntu@sha256:2edbbc5dc405e9612ba3584ce95480277e3eb374407b5505fe26f17df77c7dbc,8680131,transient_deleted_after_checksum_and_sampling,8ce4b3b1709cfbecfd480d6186478db27da3771e2358b2c41ee7d21f3a1306f2,0,hla_only,raw_calculations/apbs/HY15_SEQ_02/HY15_SEQ_02__self__SELF_IEDB_e8f1f840deb4__s1/eps2/hla_only.in,6e8e1e4443948a9b6525a7a5a39703046ba005c984e0c5770e769ea53bf50df9,HY15_SEQ_02__self__SELF_IEDB_e8f1f840deb4__s1,HY15_SEQ_02,1,2.0,complete,raw_calculations/apbs/HY15_SEQ_02/HY15_SEQ_02__self__SELF_IEDB_e8f1f840deb4__s1/eps2/hla_only.stderr.txt,raw_calculations/apbs/HY15_SEQ_02/HY15_SEQ_02__self__SELF_IEDB_e8f1f840deb4__s1/eps2/hla_only.stdout.txt
self,SELF_IEDB_e8f1f840deb4,ubuntu@sha256:2edbbc5dc405e9612ba3584ce95480277e3eb374407b5505fe26f17df77c7dbc,8612227,transient_deleted_after_checksum_and_sampling,bf4888fb2c5727ff6fdcb256cd214f8a9a6d27e9a4df65e130cfa26a401555ed,0,full,raw_calculations/apbs/HY15_SEQ_02/HY15_SEQ_02__self__SELF_IEDB_e8f1f840deb4__s1/eps4/full.in,a0c1996b7cb6c25178333998d8a12e589ba07e0e368e61f24fb95305e1b2f45c,HY15_SEQ_02__self__SELF_IEDB_e8f1f840deb4__s1,HY15_SEQ_02,1,4.0,complete,raw_calculations/apbs/HY15_SEQ_02/HY15_SEQ_02__self__SELF_IEDB_e8f1f840deb4__s1/eps4/full.stderr.txt,raw_calculations/apbs/HY15_SEQ_02/HY15_SEQ_02__self__SELF_IEDB_e8f1f840deb4__s1/eps4/full.stdout.txt
self,SELF_IEDB_e8f1f840deb4,ubuntu@sha256:2edbbc5dc405e9612ba3584ce95480277e3eb374407b5505fe26f17df77c7dbc,8684534,transient_deleted_after_checksum_and_sampling,3ed5e4c22428bfd0d187283ecc72d906b508848fe64c618744d0b59b819e22f4,0,hla_only,raw_calculations/apbs/HY15_SEQ_02/HY15_SEQ_02__self__SELF_IEDB_e8f1f840deb4__s1/eps4/hla_only.in,14ed3d9043f90f6d5bb16bea64ef2ec57632d0a85c4485ded28a8c5357c191a5,HY15_SEQ_02__self__SELF_IEDB_e8f1f840deb4__s1,HY15_SEQ_02,1,4.0,complete,raw_calculations/apbs/HY15_SEQ_02/HY15_SEQ_02__self__SELF_IEDB_e8f1f840deb4__s1/eps4/hla_only.stderr.txt,raw_calculations/apbs/HY15_SEQ_02/HY15_SEQ_02__self__SELF_IEDB_e8f1f840deb4__s1/eps4/hla_only.stdout.txt
self,SELF_IEDB_e8f1f840deb4,ubuntu@sha256:2edbbc5dc405e9612ba3584ce95480277e3eb374407b5505fe26f17df77c7dbc,8619053,transient_deleted_after_checksum_and_sampling,c0a90cb0578da181941cfb505e0f5717df870ed2c761520116a05dc27de2e296,0,full,raw_calculations/apbs/HY15_SEQ_02/HY15_SEQ_02__self__SELF_IEDB_e8f1f840deb4__s1/eps8/full.in,81d808a2f48362a47f318ff2c3891cab5ecca4f32281704f7c09f5e8e86d397a,HY15_SEQ_02__self__SELF_IEDB_e8f1f840deb4__s1,HY15_SEQ_02,1,8.0,complete,raw_calculations/apbs/HY15_SEQ_02/HY15_SEQ_02__self__SELF_IEDB_e8f1f840deb4__s1/eps8/full.stderr.txt,raw_calculations/apbs/HY15_SEQ_02/HY15_SEQ_02__self__SELF_IEDB_e8f1f840deb4__s1/eps8/full.stdout.txt
self,SELF_IEDB_e8f1f840deb4,ubuntu@sha256:2edbbc5dc405e9612ba3584ce95480277e3eb374407b5505fe26f17df77c7dbc,8692102,transient_deleted_after_checksum_and_sampling,00fef0c4c26cc24047a49eeef29b76f1fdf71e305c0250b87d6a1fe23b71ee49,0,hla_only,raw_calculations/apbs/HY15_SEQ_02/HY15_SEQ_02__self__SELF_IEDB_e8f1f840deb4__s1/eps8/hla_only.in,5adb9b4b5b125903a0a55a79aeb0940e9308a1c58675ef1f9ebfd04aae1bd94a,HY15_SEQ_02__self__SELF_IEDB_e8f1f840deb4__s1,HY15_SEQ_02,1,8.0,complete,raw_calculations/apbs/HY15_SEQ_02/HY15_SEQ_02__self__SELF_IEDB_e8f1f840deb4__s1/eps8/hla_only.stderr.txt,raw_calculations/apbs/HY15_SEQ_02/HY15_SEQ_02__self__SELF_IEDB_e8f1f840deb4__s1/eps8/hla_only.stdout.txt
self,SELF_IEDB_e8f1f840deb4,ubuntu@sha256:2edbbc5dc405e9612ba3584ce95480277e3eb374407b5505fe26f17df77c7dbc,8599499,transient_deleted_after_checksum_and_sampling,e69e5ea30336117162e3da5f5d2171249c927ba6b90ce7288567be63f077ad29,0,full,raw_calculations/apbs/HY15_SEQ_02/HY15_SEQ_02__self__SELF_IEDB_e8f1f840deb4__s2/eps2/full.in,0fbab1b06f3f4bef62a695a805252f1472d14080c617c3929ddb12186bbd4d9b,HY15_SEQ_02__self__SELF_IEDB_e8f1f840deb4__s2,HY15_SEQ_02,2,2.0,complete,raw_calculations/apbs/HY15_SEQ_02/HY15_SEQ_02__self__SELF_IEDB_e8f1f840deb4__s2/eps2/full.stderr.txt,raw_calculations/apbs/HY15_SEQ_02/HY15_SEQ_02__self__SELF_IEDB_e8f1f840deb4__s2/eps2/full.stdout.txt
self,SELF_IEDB_e8f1f840deb4,ubuntu@sha256:2edbbc5dc405e9612ba3584ce95480277e3eb374407b5505fe26f17df77c7dbc,8674553,transient_deleted_after_checksum_and_sampling,4222bc136e38d1bd38a79656f05ead0c35a862f54d726298362a4fc6b802c99e,0,hla_only,raw_calculations/apbs/HY15_SEQ_02/HY15_SEQ_02__self__SELF_IEDB_e8f1f840deb4__s2/eps2/hla_only.in,094b9e4881fe9270bc64f1edc864413eca6f17844ee847d8ae747823ec70b9be,HY15_SEQ_02__self__SELF_IEDB_e8f1f840deb4__s2,HY15_SEQ_02,2,2.0,complete,raw_calculations/apbs/HY15_SEQ_02/HY15_SEQ_02__self__SELF_IEDB_e8f1f840deb4__s2/eps2/hla_only.stderr.txt,raw_calculations/apbs/HY15_SEQ_02/HY15_SEQ_02__self__SELF_IEDB_e8f1f840deb4__s2/eps2/hla_only.stdout.txt
self,SELF_IEDB_e8f1f840deb4,ubuntu@sha256:2edbbc5dc405e9612ba3584ce95480277e3eb374407b5505fe26f17df77c7dbc,8601234,transient_deleted_after_checksum_and_sampling,23c5da572926af15c35c19b6eee1d594cdd23a898973bf7a8b7199a878fcdec0,0,full,raw_calculations/apbs/HY15_SEQ_02/HY15_SEQ_02__self__SELF_IEDB_e8f1f840deb4__s2/eps4/full.in,e5a37737f099a3322739f192d425c70a6facfeb99f2f43af737f3c7ea8bc1ea0,HY15_SEQ_02__self__SELF_IEDB_e8f1f840deb4__s2,HY15_SEQ_02,2,4.0,complete,raw_calculations/apbs/HY15_SEQ_02/HY15_SEQ_02__self__SELF_IEDB_e8f1f840deb4__s2/eps4/full.stderr.txt,raw_calculations/apbs/HY15_SEQ_02/HY15_SEQ_02__self__SELF_IEDB_e8f1f840deb4__s2/eps4/full.stdout.txt
self,SELF_IEDB_e8f1f840deb4,ubuntu@sha256:2edbbc5dc405e9612ba3584ce95480277e3eb374407b5505fe26f17df77c7dbc,8678378,transient_deleted_after_checksum_and_sampling,1cf795a4a6f66e2ad16b3da8d651353da4cfa7869601bed1068a2809bfab527d,0,hla_only,raw_calculations/apbs/HY15_SEQ_02/HY15_SEQ_02__self__SELF_IEDB_e8f1f840deb4__s2/eps4/hla_only.in,ec903b9bcd84e261f81751e9ae30aaed6efe5741b08e16edc3cf99c8a702ca33,HY15_SEQ_02__self__SELF_IEDB_e8f1f840deb4__s2,HY15_SEQ_02,2,4.0,complete,raw_calculations/apbs/HY15_SEQ_02/HY15_SEQ_02__self__SELF_IEDB_e8f1f840deb4__s2/eps4/hla_only.stderr.txt,raw_calculations/apbs/HY15_SEQ_02/HY15_SEQ_02__self__SELF_IEDB_e8f1f840deb4__s2/eps4/hla_only.stdout.txt
self,SELF_IEDB_e8f1f840deb4,ubuntu@sha256:2edbbc5dc405e9612ba3584ce95480277e3eb374407b5505fe26f17df77c7dbc,8606310,transient_deleted_after_checksum_and_sampling,5c91f48f4fe62c3a6c278d28ef6edd4daff54c176db31c9fe8e83a572e8fe6d6,0,full,raw_calculations/apbs/HY15_SEQ_02/HY15_SEQ_02__self__SELF_IEDB_e8f1f840deb4__s2/eps8/full.in,26081108dd9334b95789ed70fb152143d14ae662384db1697c732f9a5496f096,HY15_SEQ_02__self__SELF_IEDB_e8f1f840deb4__s2,HY15_SEQ_02,2,8.0,complete,raw_calculations/apbs/HY15_SEQ_02/HY15_SEQ_02__self__SELF_IEDB_e8f1f840deb4__s2/eps8/full.stderr.txt,raw_calculations/apbs/HY15_SEQ_02/HY15_SEQ_02__self__SELF_IEDB_e8f1f840deb4__s2/eps8/full.stdout.txt
self,SELF_IEDB_e8f1f840deb4,ubuntu@sha256:2edbbc5dc405e9612ba3584ce95480277e3eb374407b5505fe26f17df77c7dbc,8684556,transient_deleted_after_checksum_and_sampling,b11e3a66c8519f26dd09060a8a4337b820e1412a30ae6b4267e000fddb70a807,0,hla_only,raw_calculations/apbs/HY15_SEQ_02/HY15_SEQ_02__self__SELF_IEDB_e8f1f840deb4__s2/eps8/hla_only.in,39960b2b580cc54d372298adc1727678ac0510508a1a8b5427873c23beb58312,HY15_SEQ_02__self__SELF_IEDB_e8f1f840deb4__s2,HY15_SEQ_02,2,8.0,complete,raw_calculations/apbs/HY15_SEQ_02/HY15_SEQ_02__self__SELF_IEDB_e8f1f840deb4__s2/eps8/hla_only.stderr.txt,raw_calculations/apbs/HY15_SEQ_02/HY15_SEQ_02__self__SELF_IEDB_e8f1f840deb4__s2/eps8/hla_only.stdout.txt
self,SELF_IEDB_e8f1f840deb4,ubuntu@sha256:2edbbc5dc405e9612ba3584ce95480277e3eb374407b5505fe26f17df77c7dbc,8504898,transient_deleted_after_checksum_and_sampling,12a7d4e3a8fe2ee2f95b45ee36a30e639c8a0ba3b6233739e09606868e673b69,0,full,raw_calculations/apbs/HY15_SEQ_02/HY15_SEQ_02__self__SELF_IEDB_e8f1f840deb4__s3/eps2/full.in,25192365f3fdc8bc89aaf42d94e3a7140390c322caff5cb0715c8f40eaa4c437,HY15_SEQ_02__self__SELF_IEDB_e8f1f840deb4__s3,HY15_SEQ_02,3,2.0,complete,raw_calculations/apbs/HY15_SEQ_02/HY15_SEQ_02__self__SELF_IEDB_e8f1f840deb4__s3/eps2/full.stderr.txt,raw_calculations/apbs/HY15_SEQ_02/HY15_SEQ_02__self__SELF_IEDB_e8f1f840deb4__s3/eps2/full.stdout.txt
self,SELF_IEDB_e8f1f840deb4,ubuntu@sha256:2edbbc5dc405e9612ba3584ce95480277e3eb374407b5505fe26f17df77c7dbc,8648178,transient_deleted_after_checksum_and_sampling,d4d056ab5528cc2364dcacd61ae613506f612605c28be44dd22a892995870532,0,hla_only,raw_calculations/apbs/HY15_SEQ_02/HY15_SEQ_02__self__SELF_IEDB_e8f1f840deb4__s3/eps2/hla_only.in,1c60028fc88de804fccd97eed32de736c7ca351b385fa6113ab11f19925d8ae8,HY15_SEQ_02__self__SELF_IEDB_e8f1f840deb4__s3,HY15_SEQ_02,3,2.0,complete,raw_calculations/apbs/HY15_SEQ_02/HY15_SEQ_02__self__SELF_IEDB_e8f1f840deb4__s3/eps2/hla_only.stderr.txt,raw_calculations/apbs/HY15_SEQ_02/HY15_SEQ_02__self__SELF_IEDB_e8f1f840deb4__s3/eps2/hla_only.stdout.txt
self,SELF_IEDB_e8f1f840deb4,ubuntu@sha256:2edbbc5dc405e9612ba3584ce95480277e3eb374407b5505fe26f17df77c7dbc,8508758,transient_deleted_after_checksum_and_sampling,a1edcb65c7275a1e3a8787491982294163537ca47bccae49b5f0380ebb6ef712,0,full,raw_calculations/apbs/HY15_SEQ_02/HY15_SEQ_02__self__SELF_IEDB_e8f1f840deb4__s3/eps4/full.in,955b9bb773854efc5acbaf2442dbadd075cf4667b8fc60813c9a046f5b579a69,HY15_SEQ_02__self__SELF_IEDB_e8f1f840deb4__s3,HY15_SEQ_02,3,4.0,complete,raw_calculations/apbs/HY15_SEQ_02/HY15_SEQ_02__self__SELF_IEDB_e8f1f840deb4__s3/eps4/full.stderr.txt,raw_calculations/apbs/HY15_SEQ_02/HY15_SEQ_02__self__SELF_IEDB_e8f1f840deb4__s3/eps4/full.stdout.txt
self,SELF_IEDB_e8f1f840deb4,ubuntu@sha256:2edbbc5dc405e9612ba3584ce95480277e3eb374407b5505fe26f17df77c7dbc,8651759,transient_deleted_after_checksum_and_sampling,0000164f466a543f29745895ca17bdabe687fbf6bdac6d178ba215baf8d6500a,0,hla_only,raw_calculations/apbs/HY15_SEQ_02/HY15_SEQ_02__self__SELF_IEDB_e8f1f840deb4__s3/eps4/hla_only.in,3f2661901526f465d2b1b81815322425b7f40c6c784c9f18600f68c4efc71957,HY15_SEQ_02__self__SELF_IEDB_e8f1f840deb4__s3,HY15_SEQ_02,3,4.0,complete,raw_calculations/apbs/HY15_SEQ_02/HY15_SEQ_02__self__SELF_IEDB_e8f1f840deb4__s3/eps4/hla_only.stderr.txt,raw_calculations/apbs/HY15_SEQ_02/HY15_SEQ_02__self__SELF_IEDB_e8f1f840deb4__s3/eps4/hla_only.stdout.txt
self,SELF_IEDB_e8f1f840deb4,ubuntu@sha256:2edbbc5dc405e9612ba3584ce95480277e3eb374407b5505fe26f17df77c7dbc,8516383,transient_deleted_after_checksum_and_sampling,88a98fd6a03cf0b236175a9b6048e3d22f31e029997af0afc833487629d7c4bb,0,full,raw_calculations/apbs/HY15_SEQ_02/HY15_SEQ_02__self__SELF_IEDB_e8f1f840deb4__s3/eps8/full.in,35d7ee655f9f7bf739be089df29bb485f5b9ef9ec20d6607cf210a512fa5e64a,HY15_SEQ_02__self__SELF_IEDB_e8f1f840deb4__s3,HY15_SEQ_02,3,8.0,complete,raw_calculations/apbs/HY15_SEQ_02/HY15_SEQ_02__self__SELF_IEDB_e8f1f840deb4__s3/eps8/full.stderr.txt,raw_calculations/apbs/HY15_SEQ_02/HY15_SEQ_02__self__SELF_IEDB_e8f1f840deb4__s3/eps8/full.stdout.txt
self,SELF_IEDB_e8f1f840deb4,ubuntu@sha256:2edbbc5dc405e9612ba3584ce95480277e3eb374407b5505fe26f17df77c7dbc,8658166,transient_deleted_after_checksum_and_sampling,900342bb7e33cef225dc1c16dddc03286f1126edbb23c9ea09ea730131d7e979,0,hla_only,raw_calculations/apbs/HY15_SEQ_02/HY15_SEQ_02__self__SELF_IEDB_e8f1f840deb4__s3/eps8/hla_only.in,0abcde12eb3422cf216b64b0aff2b51006ffaf0753a009202f3e2cb8868a355a,HY15_SEQ_02__self__SELF_IEDB_e8f1f840deb4__s3,HY15_SEQ_02,3,8.0,complete,raw_calculations/apbs/HY15_SEQ_02/HY15_SEQ_02__self__SELF_IEDB_e8f1f840deb4__s3/eps8/hla_only.stderr.txt,raw_calculations/apbs/HY15_SEQ_02/HY15_SEQ_02__self__SELF_IEDB_e8f1f840deb4__s3/eps8/hla_only.stdout.txt
self,SELF_IEDB_e8f1f840deb4,ubuntu@sha256:2edbbc5dc405e9612ba3584ce95480277e3eb374407b5505fe26f17df77c7dbc,8561045,transient_deleted_after_checksum_and_sampling,f0089ca2667db4955d8b097f6c1ed81f8c34244e649312c75aba8ee1cab823a9,0,full,raw_calculations/apbs/HY15_SEQ_02/HY15_SEQ_02__self__SELF_IEDB_e8f1f840deb4__s4/eps2/full.in,b26f73f6be9e9bcce2d79b6b2b77a0e4b7cc1894487611d90699bcc6bd196d1e,HY15_SEQ_02__self__SELF_IEDB_e8f1f840deb4__s4,HY15_SEQ_02,4,2.0,complete,raw_calculations/apbs/HY15_SEQ_02/HY15_SEQ_02__self__SELF_IEDB_e8f1f840deb4__s4/eps2/full.stderr.txt,raw_calculations/apbs/HY15_SEQ_02/HY15_SEQ_02__self__SELF_IEDB_e8f1f840deb4__s4/eps2/full.stdout.txt
self,SELF_IEDB_e8f1f840deb4,ubuntu@sha256:2edbbc5dc405e9612ba3584ce95480277e3eb374407b5505fe26f17df77c7dbc,8666831,transient_deleted_after_checksum_and_sampling,be024c26d1054f90eef6f1fbf54dd18d442dab742a22ac9a94e96672d6f3ae88,0,hla_only,raw_calculations/apbs/HY15_SEQ_02/HY15_SEQ_02__self__SELF_IEDB_e8f1f840deb4__s4/eps2/hla_only.in,3d0c902efdb531d5b2f0fec9321f134bcb556c70b0ff5a71da65d7718f078f30,HY15_SEQ_02__self__SELF_IEDB_e8f1f840deb4__s4,HY15_SEQ_02,4,2.0,complete,raw_calculations/apbs/HY15_SEQ_02/HY15_SEQ_02__self__SELF_IEDB_e8f1f840deb4__s4/eps2/hla_only.stderr.txt,raw_calculations/apbs/HY15_SEQ_02/HY15_SEQ_02__self__SELF_IEDB_e8f1f840deb4__s4/eps2/hla_only.stdout.txt
self,SELF_IEDB_e8f1f840deb4,ubuntu@sha256:2edbbc5dc405e9612ba3584ce95480277e3eb374407b5505fe26f17df77c7dbc,8564659,transient_deleted_after_checksum_and_sampling,369e0be6476d1c662a49cb30743b6e8221f3f493e10360ffc8be7f958e83782b,0,full,raw_calculations/apbs/HY15_SEQ_02/HY15_SEQ_02__self__SELF_IEDB_e8f1f840deb4__s4/eps4/full.in,b53b1e4c7cee58c6c4519171ab83dae2f0a4f2f8ed451b2c1cf708cc2939cffb,HY15_SEQ_02__self__SELF_IEDB_e8f1f840deb4__s4,HY15_SEQ_02,4,4.0,complete,raw_calculations/apbs/HY15_SEQ_02/HY15_SEQ_02__self__SELF_IEDB_e8f1f840deb4__s4/eps4/full.stderr.txt,raw_calculations/apbs/HY15_SEQ_02/HY15_SEQ_02__self__SELF_IEDB_e8f1f840deb4__s4/eps4/full.stdout.txt
self,SELF_IEDB_e8f1f840deb4,ubuntu@sha256:2edbbc5dc405e9612ba3584ce95480277e3eb374407b5505fe26f17df77c7dbc,8671179,transient_deleted_after_checksum_and_sampling,b7d4b90d2a482350ffad5028979de391b58b0a8e55702a1554e09b23412cbb3e,0,hla_only,raw_calculations/apbs/HY15_SEQ_02/HY15_SEQ_02__self__SELF_IEDB_e8f1f840deb4__s4/eps4/hla_only.in,7009fc2acf848a939c27e0a0adccb836d93c615a4dfa3209722e3e4590f07347,HY15_SEQ_02__self__SELF_IEDB_e8f1f840deb4__s4,HY15_SEQ_02,4,4.0,complete,raw_calculations/apbs/HY15_SEQ_02/HY15_SEQ_02__self__SELF_IEDB_e8f1f840deb4__s4/eps4/hla_only.stderr.txt,raw_calculations/apbs/HY15_SEQ_02/HY15_SEQ_02__self__SELF_IEDB_e8f1f840deb4__s4/eps4/hla_only.stdout.txt
self,SELF_IEDB_e8f1f840deb4,ubuntu@sha256:2edbbc5dc405e9612ba3584ce95480277e3eb374407b5505fe26f17df77c7dbc,8573893,transient_deleted_after_checksum_and_sampling,2fd70f1fd5a4a12f530aa47b10feca9d76b5c09c21e5df3364ebf5922c614415,0,full,raw_calculations/apbs/HY15_SEQ_02/HY15_SEQ_02__self__SELF_IEDB_e8f1f840deb4__s4/eps8/full.in,7ed0972f35f18a323ca5c141a1c8d7920e074b6ff8a7f3212a9e5496febef6fc,HY15_SEQ_02__self__SELF_IEDB_e8f1f840deb4__s4,HY15_SEQ_02,4,8.0,complete,raw_calculations/apbs/HY15_SEQ_02/HY15_SEQ_02__self__SELF_IEDB_e8f1f840deb4__s4/eps8/full.stderr.txt,raw_calculations/apbs/HY15_SEQ_02/HY15_SEQ_02__self__SELF_IEDB_e8f1f840deb4__s4/eps8/full.stdout.txt
self,SELF_IEDB_e8f1f840deb4,ubuntu@sha256:2edbbc5dc405e9612ba3584ce95480277e3eb374407b5505fe26f17df77c7dbc,8678588,transient_deleted_after_checksum_and_sampling,bf94b4f76ea861a5ab78d24a89a508c514a7fcb335512b059bbff6f88a10e4f4,0,hla_only,raw_calculations/apbs/HY15_SEQ_02/HY15_SEQ_02__self__SELF_IEDB_e8f1f840deb4__s4/eps8/hla_only.in,465d2f07661879ea8f8d765475e0da7062ae735b8ccdaf635ddae04c9e778fdf,HY15_SEQ_02__self__SELF_IEDB_e8f1f840deb4__s4,HY15_SEQ_02,4,8.0,complete,raw_calculations/apbs/HY15_SEQ_02/HY15_SEQ_02__self__SELF_IEDB_e8f1f840deb4__s4/eps8/hla_only.stderr.txt,raw_calculations/apbs/HY15_SEQ_02/HY15_SEQ_02__self__SELF_IEDB_e8f1f840deb4__s4/eps8/hla_only.stdout.txt
