cif_path,claim_boundary,core_sequence,core_start_1_based,entity_id,full_data_path,has_clash,iptm,job_name,model_sequence_identity_pass,observed_mhc_alpha_length,observed_mhc_beta_length,observed_peptide,panel_seed,ptm,ranking_score,request_identity_pass,sample_index,sample_status,source_cohort,summary_path,system_id
/Users/anishsharma/Library/Mobile Documents/com~apple~CloudDocs/Downloads/folds_2026_08_26_23_12/ebvms_hla2_control_hy1b11_mbp_s104729/fold_ebvms_hla2_control_hy1b11_mbp_s104729_model_0.cif,"Computational pMHC geometry prioritization only; not evidence of presentation, TCR binding, activation, cross-reactivity, molecular mimicry, or MS mechanism.",VHFFKNIVT,5,HY1B11_MBP,/Users/anishsharma/Library/Mobile Documents/com~apple~CloudDocs/Downloads/folds_2026_08_26_23_12/ebvms_hla2_control_hy1b11_mbp_s104729/fold_ebvms_hla2_control_hy1b11_mbp_s104729_full_data_0.json,False,0.91,ebvms_hla2_control_hy1b11_mbp_s104729,True,194,202,ENPVVHFFKNIVTPR,104729,0.9,0.99,True,0,pass_exact_clash_free,new_held_out_controls,/Users/anishsharma/Library/Mobile Documents/com~apple~CloudDocs/Downloads/folds_2026_08_26_23_12/ebvms_hla2_control_hy1b11_mbp_s104729/fold_ebvms_hla2_control_hy1b11_mbp_s104729_summary_confidences_0.json,SYS_MICROBIAL_MBP_HY1B11
/Users/anishsharma/Library/Mobile Documents/com~apple~CloudDocs/Downloads/folds_2026_08_26_23_12/ebvms_hla2_control_hy1b11_mbp_s104729/fold_ebvms_hla2_control_hy1b11_mbp_s104729_model_1.cif,"Computational pMHC geometry prioritization only; not evidence of presentation, TCR binding, activation, cross-reactivity, molecular mimicry, or MS mechanism.",VHFFKNIVT,5,HY1B11_MBP,/Users/anishsharma/Library/Mobile Documents/com~apple~CloudDocs/Downloads/folds_2026_08_26_23_12/ebvms_hla2_control_hy1b11_mbp_s104729/fold_ebvms_hla2_control_hy1b11_mbp_s104729_full_data_1.json,False,0.91,ebvms_hla2_control_hy1b11_mbp_s104729,True,194,202,ENPVVHFFKNIVTPR,104729,0.9,0.99,True,1,pass_exact_clash_free,new_held_out_controls,/Users/anishsharma/Library/Mobile Documents/com~apple~CloudDocs/Downloads/folds_2026_08_26_23_12/ebvms_hla2_control_hy1b11_mbp_s104729/fold_ebvms_hla2_control_hy1b11_mbp_s104729_summary_confidences_1.json,SYS_MICROBIAL_MBP_HY1B11
/Users/anishsharma/Library/Mobile Documents/com~apple~CloudDocs/Downloads/folds_2026_08_26_23_12/ebvms_hla2_control_hy1b11_mbp_s104729/fold_ebvms_hla2_control_hy1b11_mbp_s104729_model_2.cif,"Computational pMHC geometry prioritization only; not evidence of presentation, TCR binding, activation, cross-reactivity, molecular mimicry, or MS mechanism.",VHFFKNIVT,5,HY1B11_MBP,/Users/anishsharma/Library/Mobile Documents/com~apple~CloudDocs/Downloads/folds_2026_08_26_23_12/ebvms_hla2_control_hy1b11_mbp_s104729/fold_ebvms_hla2_control_hy1b11_mbp_s104729_full_data_2.json,False,0.91,ebvms_hla2_control_hy1b11_mbp_s104729,True,194,202,ENPVVHFFKNIVTPR,104729,0.9,0.99,True,2,pass_exact_clash_free,new_held_out_controls,/Users/anishsharma/Library/Mobile Documents/com~apple~CloudDocs/Downloads/folds_2026_08_26_23_12/ebvms_hla2_control_hy1b11_mbp_s104729/fold_ebvms_hla2_control_hy1b11_mbp_s104729_summary_confidences_2.json,SYS_MICROBIAL_MBP_HY1B11
/Users/anishsharma/Library/Mobile Documents/com~apple~CloudDocs/Downloads/folds_2026_08_26_23_12/ebvms_hla2_control_hy1b11_mbp_s104729/fold_ebvms_hla2_control_hy1b11_mbp_s104729_model_3.cif,"Computational pMHC geometry prioritization only; not evidence of presentation, TCR binding, activation, cross-reactivity, molecular mimicry, or MS mechanism.",VHFFKNIVT,5,HY1B11_MBP,/Users/anishsharma/Library/Mobile Documents/com~apple~CloudDocs/Downloads/folds_2026_08_26_23_12/ebvms_hla2_control_hy1b11_mbp_s104729/fold_ebvms_hla2_control_hy1b11_mbp_s104729_full_data_3.json,False,0.91,ebvms_hla2_control_hy1b11_mbp_s104729,True,194,202,ENPVVHFFKNIVTPR,104729,0.9,0.98,True,3,pass_exact_clash_free,new_held_out_controls,/Users/anishsharma/Library/Mobile Documents/com~apple~CloudDocs/Downloads/folds_2026_08_26_23_12/ebvms_hla2_control_hy1b11_mbp_s104729/fold_ebvms_hla2_control_hy1b11_mbp_s104729_summary_confidences_3.json,SYS_MICROBIAL_MBP_HY1B11
/Users/anishsharma/Library/Mobile Documents/com~apple~CloudDocs/Downloads/folds_2026_08_26_23_12/ebvms_hla2_control_hy1b11_mbp_s104729/fold_ebvms_hla2_control_hy1b11_mbp_s104729_model_4.cif,"Computational pMHC geometry prioritization only; not evidence of presentation, TCR binding, activation, cross-reactivity, molecular mimicry, or MS mechanism.",VHFFKNIVT,5,HY1B11_MBP,/Users/anishsharma/Library/Mobile Documents/com~apple~CloudDocs/Downloads/folds_2026_08_26_23_12/ebvms_hla2_control_hy1b11_mbp_s104729/fold_ebvms_hla2_control_hy1b11_mbp_s104729_full_data_4.json,False,0.91,ebvms_hla2_control_hy1b11_mbp_s104729,True,194,202,ENPVVHFFKNIVTPR,104729,0.9,0.98,True,4,pass_exact_clash_free,new_held_out_controls,/Users/anishsharma/Library/Mobile Documents/com~apple~CloudDocs/Downloads/folds_2026_08_26_23_12/ebvms_hla2_control_hy1b11_mbp_s104729/fold_ebvms_hla2_control_hy1b11_mbp_s104729_summary_confidences_4.json,SYS_MICROBIAL_MBP_HY1B11
/Users/anishsharma/Library/Mobile Documents/com~apple~CloudDocs/Downloads/folds_2026_08_26_23_12/ebvms_hla2_control_hy1b11_mbp_s104759/fold_ebvms_hla2_control_hy1b11_mbp_s104759_model_0.cif,"Computational pMHC geometry prioritization only; not evidence of presentation, TCR binding, activation, cross-reactivity, molecular mimicry, or MS mechanism.",VHFFKNIVT,5,HY1B11_MBP,/Users/anishsharma/Library/Mobile Documents/com~apple~CloudDocs/Downloads/folds_2026_08_26_23_12/ebvms_hla2_control_hy1b11_mbp_s104759/fold_ebvms_hla2_control_hy1b11_mbp_s104759_full_data_0.json,False,0.91,ebvms_hla2_control_hy1b11_mbp_s104759,True,194,202,ENPVVHFFKNIVTPR,104759,0.9,0.99,True,0,pass_exact_clash_free,new_held_out_controls,/Users/anishsharma/Library/Mobile Documents/com~apple~CloudDocs/Downloads/folds_2026_08_26_23_12/ebvms_hla2_control_hy1b11_mbp_s104759/fold_ebvms_hla2_control_hy1b11_mbp_s104759_summary_confidences_0.json,SYS_MICROBIAL_MBP_HY1B11
/Users/anishsharma/Library/Mobile Documents/com~apple~CloudDocs/Downloads/folds_2026_08_26_23_12/ebvms_hla2_control_hy1b11_mbp_s104759/fold_ebvms_hla2_control_hy1b11_mbp_s104759_model_1.cif,"Computational pMHC geometry prioritization only; not evidence of presentation, TCR binding, activation, cross-reactivity, molecular mimicry, or MS mechanism.",VHFFKNIVT,5,HY1B11_MBP,/Users/anishsharma/Library/Mobile Documents/com~apple~CloudDocs/Downloads/folds_2026_08_26_23_12/ebvms_hla2_control_hy1b11_mbp_s104759/fold_ebvms_hla2_control_hy1b11_mbp_s104759_full_data_1.json,False,0.91,ebvms_hla2_control_hy1b11_mbp_s104759,True,194,202,ENPVVHFFKNIVTPR,104759,0.9,0.99,True,1,pass_exact_clash_free,new_held_out_controls,/Users/anishsharma/Library/Mobile Documents/com~apple~CloudDocs/Downloads/folds_2026_08_26_23_12/ebvms_hla2_control_hy1b11_mbp_s104759/fold_ebvms_hla2_control_hy1b11_mbp_s104759_summary_confidences_1.json,SYS_MICROBIAL_MBP_HY1B11
/Users/anishsharma/Library/Mobile Documents/com~apple~CloudDocs/Downloads/folds_2026_08_26_23_12/ebvms_hla2_control_hy1b11_mbp_s104759/fold_ebvms_hla2_control_hy1b11_mbp_s104759_model_2.cif,"Computational pMHC geometry prioritization only; not evidence of presentation, TCR binding, activation, cross-reactivity, molecular mimicry, or MS mechanism.",VHFFKNIVT,5,HY1B11_MBP,/Users/anishsharma/Library/Mobile Documents/com~apple~CloudDocs/Downloads/folds_2026_08_26_23_12/ebvms_hla2_control_hy1b11_mbp_s104759/fold_ebvms_hla2_control_hy1b11_mbp_s104759_full_data_2.json,False,0.91,ebvms_hla2_control_hy1b11_mbp_s104759,True,194,202,ENPVVHFFKNIVTPR,104759,0.9,0.98,True,2,pass_exact_clash_free,new_held_out_controls,/Users/anishsharma/Library/Mobile Documents/com~apple~CloudDocs/Downloads/folds_2026_08_26_23_12/ebvms_hla2_control_hy1b11_mbp_s104759/fold_ebvms_hla2_control_hy1b11_mbp_s104759_summary_confidences_2.json,SYS_MICROBIAL_MBP_HY1B11
/Users/anishsharma/Library/Mobile Documents/com~apple~CloudDocs/Downloads/folds_2026_08_26_23_12/ebvms_hla2_control_hy1b11_mbp_s104759/fold_ebvms_hla2_control_hy1b11_mbp_s104759_model_3.cif,"Computational pMHC geometry prioritization only; not evidence of presentation, TCR binding, activation, cross-reactivity, molecular mimicry, or MS mechanism.",VHFFKNIVT,5,HY1B11_MBP,/Users/anishsharma/Library/Mobile Documents/com~apple~CloudDocs/Downloads/folds_2026_08_26_23_12/ebvms_hla2_control_hy1b11_mbp_s104759/fold_ebvms_hla2_control_hy1b11_mbp_s104759_full_data_3.json,False,0.91,ebvms_hla2_control_hy1b11_mbp_s104759,True,194,202,ENPVVHFFKNIVTPR,104759,0.9,0.98,True,3,pass_exact_clash_free,new_held_out_controls,/Users/anishsharma/Library/Mobile Documents/com~apple~CloudDocs/Downloads/folds_2026_08_26_23_12/ebvms_hla2_control_hy1b11_mbp_s104759/fold_ebvms_hla2_control_hy1b11_mbp_s104759_summary_confidences_3.json,SYS_MICROBIAL_MBP_HY1B11
/Users/anishsharma/Library/Mobile Documents/com~apple~CloudDocs/Downloads/folds_2026_08_26_23_12/ebvms_hla2_control_hy1b11_mbp_s104759/fold_ebvms_hla2_control_hy1b11_mbp_s104759_model_4.cif,"Computational pMHC geometry prioritization only; not evidence of presentation, TCR binding, activation, cross-reactivity, molecular mimicry, or MS mechanism.",VHFFKNIVT,5,HY1B11_MBP,/Users/anishsharma/Library/Mobile Documents/com~apple~CloudDocs/Downloads/folds_2026_08_26_23_12/ebvms_hla2_control_hy1b11_mbp_s104759/fold_ebvms_hla2_control_hy1b11_mbp_s104759_full_data_4.json,False,0.91,ebvms_hla2_control_hy1b11_mbp_s104759,True,194,202,ENPVVHFFKNIVTPR,104759,0.9,0.98,True,4,pass_exact_clash_free,new_held_out_controls,/Users/anishsharma/Library/Mobile Documents/com~apple~CloudDocs/Downloads/folds_2026_08_26_23_12/ebvms_hla2_control_hy1b11_mbp_s104759/fold_ebvms_hla2_control_hy1b11_mbp_s104759_summary_confidences_4.json,SYS_MICROBIAL_MBP_HY1B11
/Users/anishsharma/Library/Mobile Documents/com~apple~CloudDocs/Downloads/folds_2026_08_26_23_12/ebvms_hla2_control_hy1b11_pmm_s104729/fold_ebvms_hla2_control_hy1b11_pmm_s104729_model_0.cif,"Computational pMHC geometry prioritization only; not evidence of presentation, TCR binding, activation, cross-reactivity, molecular mimicry, or MS mechanism.",MLFAKDVVS,4,HY1B11_PMM,/Users/anishsharma/Library/Mobile Documents/com~apple~CloudDocs/Downloads/folds_2026_08_26_23_12/ebvms_hla2_control_hy1b11_pmm_s104729/fold_ebvms_hla2_control_hy1b11_pmm_s104729_full_data_0.json,False,0.9,ebvms_hla2_control_hy1b11_pmm_s104729,True,194,202,RLLMLFAKDVVSRN,104729,0.9,0.98,True,0,pass_exact_clash_free,new_held_out_controls,/Users/anishsharma/Library/Mobile Documents/com~apple~CloudDocs/Downloads/folds_2026_08_26_23_12/ebvms_hla2_control_hy1b11_pmm_s104729/fold_ebvms_hla2_control_hy1b11_pmm_s104729_summary_confidences_0.json,SYS_MICROBIAL_MBP_HY1B11
/Users/anishsharma/Library/Mobile Documents/com~apple~CloudDocs/Downloads/folds_2026_08_26_23_12/ebvms_hla2_control_hy1b11_pmm_s104729/fold_ebvms_hla2_control_hy1b11_pmm_s104729_model_1.cif,"Computational pMHC geometry prioritization only; not evidence of presentation, TCR binding, activation, cross-reactivity, molecular mimicry, or MS mechanism.",MLFAKDVVS,4,HY1B11_PMM,/Users/anishsharma/Library/Mobile Documents/com~apple~CloudDocs/Downloads/folds_2026_08_26_23_12/ebvms_hla2_control_hy1b11_pmm_s104729/fold_ebvms_hla2_control_hy1b11_pmm_s104729_full_data_1.json,False,0.9,ebvms_hla2_control_hy1b11_pmm_s104729,True,194,202,RLLMLFAKDVVSRN,104729,0.9,0.98,True,1,pass_exact_clash_free,new_held_out_controls,/Users/anishsharma/Library/Mobile Documents/com~apple~CloudDocs/Downloads/folds_2026_08_26_23_12/ebvms_hla2_control_hy1b11_pmm_s104729/fold_ebvms_hla2_control_hy1b11_pmm_s104729_summary_confidences_1.json,SYS_MICROBIAL_MBP_HY1B11
/Users/anishsharma/Library/Mobile Documents/com~apple~CloudDocs/Downloads/folds_2026_08_26_23_12/ebvms_hla2_control_hy1b11_pmm_s104729/fold_ebvms_hla2_control_hy1b11_pmm_s104729_model_2.cif,"Computational pMHC geometry prioritization only; not evidence of presentation, TCR binding, activation, cross-reactivity, molecular mimicry, or MS mechanism.",MLFAKDVVS,4,HY1B11_PMM,/Users/anishsharma/Library/Mobile Documents/com~apple~CloudDocs/Downloads/folds_2026_08_26_23_12/ebvms_hla2_control_hy1b11_pmm_s104729/fold_ebvms_hla2_control_hy1b11_pmm_s104729_full_data_2.json,False,0.9,ebvms_hla2_control_hy1b11_pmm_s104729,True,194,202,RLLMLFAKDVVSRN,104729,0.9,0.97,True,2,pass_exact_clash_free,new_held_out_controls,/Users/anishsharma/Library/Mobile Documents/com~apple~CloudDocs/Downloads/folds_2026_08_26_23_12/ebvms_hla2_control_hy1b11_pmm_s104729/fold_ebvms_hla2_control_hy1b11_pmm_s104729_summary_confidences_2.json,SYS_MICROBIAL_MBP_HY1B11
/Users/anishsharma/Library/Mobile Documents/com~apple~CloudDocs/Downloads/folds_2026_08_26_23_12/ebvms_hla2_control_hy1b11_pmm_s104729/fold_ebvms_hla2_control_hy1b11_pmm_s104729_model_3.cif,"Computational pMHC geometry prioritization only; not evidence of presentation, TCR binding, activation, cross-reactivity, molecular mimicry, or MS mechanism.",MLFAKDVVS,4,HY1B11_PMM,/Users/anishsharma/Library/Mobile Documents/com~apple~CloudDocs/Downloads/folds_2026_08_26_23_12/ebvms_hla2_control_hy1b11_pmm_s104729/fold_ebvms_hla2_control_hy1b11_pmm_s104729_full_data_3.json,False,0.9,ebvms_hla2_control_hy1b11_pmm_s104729,True,194,202,RLLMLFAKDVVSRN,104729,0.89,0.97,True,3,pass_exact_clash_free,new_held_out_controls,/Users/anishsharma/Library/Mobile Documents/com~apple~CloudDocs/Downloads/folds_2026_08_26_23_12/ebvms_hla2_control_hy1b11_pmm_s104729/fold_ebvms_hla2_control_hy1b11_pmm_s104729_summary_confidences_3.json,SYS_MICROBIAL_MBP_HY1B11
/Users/anishsharma/Library/Mobile Documents/com~apple~CloudDocs/Downloads/folds_2026_08_26_23_12/ebvms_hla2_control_hy1b11_pmm_s104729/fold_ebvms_hla2_control_hy1b11_pmm_s104729_model_4.cif,"Computational pMHC geometry prioritization only; not evidence of presentation, TCR binding, activation, cross-reactivity, molecular mimicry, or MS mechanism.",MLFAKDVVS,4,HY1B11_PMM,/Users/anishsharma/Library/Mobile Documents/com~apple~CloudDocs/Downloads/folds_2026_08_26_23_12/ebvms_hla2_control_hy1b11_pmm_s104729/fold_ebvms_hla2_control_hy1b11_pmm_s104729_full_data_4.json,False,0.9,ebvms_hla2_control_hy1b11_pmm_s104729,True,194,202,RLLMLFAKDVVSRN,104729,0.89,0.96,True,4,pass_exact_clash_free,new_held_out_controls,/Users/anishsharma/Library/Mobile Documents/com~apple~CloudDocs/Downloads/folds_2026_08_26_23_12/ebvms_hla2_control_hy1b11_pmm_s104729/fold_ebvms_hla2_control_hy1b11_pmm_s104729_summary_confidences_4.json,SYS_MICROBIAL_MBP_HY1B11
/Users/anishsharma/Library/Mobile Documents/com~apple~CloudDocs/Downloads/folds_2026_08_26_23_12/ebvms_hla2_control_hy1b11_pmm_s104759/fold_ebvms_hla2_control_hy1b11_pmm_s104759_model_0.cif,"Computational pMHC geometry prioritization only; not evidence of presentation, TCR binding, activation, cross-reactivity, molecular mimicry, or MS mechanism.",MLFAKDVVS,4,HY1B11_PMM,/Users/anishsharma/Library/Mobile Documents/com~apple~CloudDocs/Downloads/folds_2026_08_26_23_12/ebvms_hla2_control_hy1b11_pmm_s104759/fold_ebvms_hla2_control_hy1b11_pmm_s104759_full_data_0.json,False,0.91,ebvms_hla2_control_hy1b11_pmm_s104759,True,194,202,RLLMLFAKDVVSRN,104759,0.9,0.98,True,0,pass_exact_clash_free,new_held_out_controls,/Users/anishsharma/Library/Mobile Documents/com~apple~CloudDocs/Downloads/folds_2026_08_26_23_12/ebvms_hla2_control_hy1b11_pmm_s104759/fold_ebvms_hla2_control_hy1b11_pmm_s104759_summary_confidences_0.json,SYS_MICROBIAL_MBP_HY1B11
/Users/anishsharma/Library/Mobile Documents/com~apple~CloudDocs/Downloads/folds_2026_08_26_23_12/ebvms_hla2_control_hy1b11_pmm_s104759/fold_ebvms_hla2_control_hy1b11_pmm_s104759_model_1.cif,"Computational pMHC geometry prioritization only; not evidence of presentation, TCR binding, activation, cross-reactivity, molecular mimicry, or MS mechanism.",MLFAKDVVS,4,HY1B11_PMM,/Users/anishsharma/Library/Mobile Documents/com~apple~CloudDocs/Downloads/folds_2026_08_26_23_12/ebvms_hla2_control_hy1b11_pmm_s104759/fold_ebvms_hla2_control_hy1b11_pmm_s104759_full_data_1.json,False,0.9,ebvms_hla2_control_hy1b11_pmm_s104759,True,194,202,RLLMLFAKDVVSRN,104759,0.9,0.98,True,1,pass_exact_clash_free,new_held_out_controls,/Users/anishsharma/Library/Mobile Documents/com~apple~CloudDocs/Downloads/folds_2026_08_26_23_12/ebvms_hla2_control_hy1b11_pmm_s104759/fold_ebvms_hla2_control_hy1b11_pmm_s104759_summary_confidences_1.json,SYS_MICROBIAL_MBP_HY1B11
/Users/anishsharma/Library/Mobile Documents/com~apple~CloudDocs/Downloads/folds_2026_08_26_23_12/ebvms_hla2_control_hy1b11_pmm_s104759/fold_ebvms_hla2_control_hy1b11_pmm_s104759_model_2.cif,"Computational pMHC geometry prioritization only; not evidence of presentation, TCR binding, activation, cross-reactivity, molecular mimicry, or MS mechanism.",MLFAKDVVS,4,HY1B11_PMM,/Users/anishsharma/Library/Mobile Documents/com~apple~CloudDocs/Downloads/folds_2026_08_26_23_12/ebvms_hla2_control_hy1b11_pmm_s104759/fold_ebvms_hla2_control_hy1b11_pmm_s104759_full_data_2.json,False,0.9,ebvms_hla2_control_hy1b11_pmm_s104759,True,194,202,RLLMLFAKDVVSRN,104759,0.9,0.98,True,2,pass_exact_clash_free,new_held_out_controls,/Users/anishsharma/Library/Mobile Documents/com~apple~CloudDocs/Downloads/folds_2026_08_26_23_12/ebvms_hla2_control_hy1b11_pmm_s104759/fold_ebvms_hla2_control_hy1b11_pmm_s104759_summary_confidences_2.json,SYS_MICROBIAL_MBP_HY1B11
/Users/anishsharma/Library/Mobile Documents/com~apple~CloudDocs/Downloads/folds_2026_08_26_23_12/ebvms_hla2_control_hy1b11_pmm_s104759/fold_ebvms_hla2_control_hy1b11_pmm_s104759_model_3.cif,"Computational pMHC geometry prioritization only; not evidence of presentation, TCR binding, activation, cross-reactivity, molecular mimicry, or MS mechanism.",MLFAKDVVS,4,HY1B11_PMM,/Users/anishsharma/Library/Mobile Documents/com~apple~CloudDocs/Downloads/folds_2026_08_26_23_12/ebvms_hla2_control_hy1b11_pmm_s104759/fold_ebvms_hla2_control_hy1b11_pmm_s104759_full_data_3.json,False,0.91,ebvms_hla2_control_hy1b11_pmm_s104759,True,194,202,RLLMLFAKDVVSRN,104759,0.9,0.98,True,3,pass_exact_clash_free,new_held_out_controls,/Users/anishsharma/Library/Mobile Documents/com~apple~CloudDocs/Downloads/folds_2026_08_26_23_12/ebvms_hla2_control_hy1b11_pmm_s104759/fold_ebvms_hla2_control_hy1b11_pmm_s104759_summary_confidences_3.json,SYS_MICROBIAL_MBP_HY1B11
/Users/anishsharma/Library/Mobile Documents/com~apple~CloudDocs/Downloads/folds_2026_08_26_23_12/ebvms_hla2_control_hy1b11_pmm_s104759/fold_ebvms_hla2_control_hy1b11_pmm_s104759_model_4.cif,"Computational pMHC geometry prioritization only; not evidence of presentation, TCR binding, activation, cross-reactivity, molecular mimicry, or MS mechanism.",MLFAKDVVS,4,HY1B11_PMM,/Users/anishsharma/Library/Mobile Documents/com~apple~CloudDocs/Downloads/folds_2026_08_26_23_12/ebvms_hla2_control_hy1b11_pmm_s104759/fold_ebvms_hla2_control_hy1b11_pmm_s104759_full_data_4.json,False,0.9,ebvms_hla2_control_hy1b11_pmm_s104759,True,194,202,RLLMLFAKDVVSRN,104759,0.9,0.97,True,4,pass_exact_clash_free,new_held_out_controls,/Users/anishsharma/Library/Mobile Documents/com~apple~CloudDocs/Downloads/folds_2026_08_26_23_12/ebvms_hla2_control_hy1b11_pmm_s104759/fold_ebvms_hla2_control_hy1b11_pmm_s104759_summary_confidences_4.json,SYS_MICROBIAL_MBP_HY1B11
/Users/anishsharma/Library/Mobile Documents/com~apple~CloudDocs/Downloads/folds_2026_08_26_23_12/ebvms_hla2_control_hy1b11_ul15_s104729/fold_ebvms_hla2_control_hy1b11_ul15_s104729_model_0.cif,"Computational pMHC geometry prioritization only; not evidence of presentation, TCR binding, activation, cross-reactivity, molecular mimicry, or MS mechanism.",VHFVRDFAQ,3,HY1B11_UL15,/Users/anishsharma/Library/Mobile Documents/com~apple~CloudDocs/Downloads/folds_2026_08_26_23_12/ebvms_hla2_control_hy1b11_ul15_s104729/fold_ebvms_hla2_control_hy1b11_ul15_s104729_full_data_0.json,False,0.89,ebvms_hla2_control_hy1b11_ul15_s104729,True,194,202,QLVHFVRDFAQL,104729,0.89,0.97,True,0,pass_exact_clash_free,new_held_out_controls,/Users/anishsharma/Library/Mobile Documents/com~apple~CloudDocs/Downloads/folds_2026_08_26_23_12/ebvms_hla2_control_hy1b11_ul15_s104729/fold_ebvms_hla2_control_hy1b11_ul15_s104729_summary_confidences_0.json,SYS_MICROBIAL_MBP_HY1B11
/Users/anishsharma/Library/Mobile Documents/com~apple~CloudDocs/Downloads/folds_2026_08_26_23_12/ebvms_hla2_control_hy1b11_ul15_s104729/fold_ebvms_hla2_control_hy1b11_ul15_s104729_model_1.cif,"Computational pMHC geometry prioritization only; not evidence of presentation, TCR binding, activation, cross-reactivity, molecular mimicry, or MS mechanism.",VHFVRDFAQ,3,HY1B11_UL15,/Users/anishsharma/Library/Mobile Documents/com~apple~CloudDocs/Downloads/folds_2026_08_26_23_12/ebvms_hla2_control_hy1b11_ul15_s104729/fold_ebvms_hla2_control_hy1b11_ul15_s104729_full_data_1.json,False,0.89,ebvms_hla2_control_hy1b11_ul15_s104729,True,194,202,QLVHFVRDFAQL,104729,0.89,0.96,True,1,pass_exact_clash_free,new_held_out_controls,/Users/anishsharma/Library/Mobile Documents/com~apple~CloudDocs/Downloads/folds_2026_08_26_23_12/ebvms_hla2_control_hy1b11_ul15_s104729/fold_ebvms_hla2_control_hy1b11_ul15_s104729_summary_confidences_1.json,SYS_MICROBIAL_MBP_HY1B11
/Users/anishsharma/Library/Mobile Documents/com~apple~CloudDocs/Downloads/folds_2026_08_26_23_12/ebvms_hla2_control_hy1b11_ul15_s104729/fold_ebvms_hla2_control_hy1b11_ul15_s104729_model_2.cif,"Computational pMHC geometry prioritization only; not evidence of presentation, TCR binding, activation, cross-reactivity, molecular mimicry, or MS mechanism.",VHFVRDFAQ,3,HY1B11_UL15,/Users/anishsharma/Library/Mobile Documents/com~apple~CloudDocs/Downloads/folds_2026_08_26_23_12/ebvms_hla2_control_hy1b11_ul15_s104729/fold_ebvms_hla2_control_hy1b11_ul15_s104729_full_data_2.json,False,0.89,ebvms_hla2_control_hy1b11_ul15_s104729,True,194,202,QLVHFVRDFAQL,104729,0.89,0.96,True,2,pass_exact_clash_free,new_held_out_controls,/Users/anishsharma/Library/Mobile Documents/com~apple~CloudDocs/Downloads/folds_2026_08_26_23_12/ebvms_hla2_control_hy1b11_ul15_s104729/fold_ebvms_hla2_control_hy1b11_ul15_s104729_summary_confidences_2.json,SYS_MICROBIAL_MBP_HY1B11
/Users/anishsharma/Library/Mobile Documents/com~apple~CloudDocs/Downloads/folds_2026_08_26_23_12/ebvms_hla2_control_hy1b11_ul15_s104729/fold_ebvms_hla2_control_hy1b11_ul15_s104729_model_3.cif,"Computational pMHC geometry prioritization only; not evidence of presentation, TCR binding, activation, cross-reactivity, molecular mimicry, or MS mechanism.",VHFVRDFAQ,3,HY1B11_UL15,/Users/anishsharma/Library/Mobile Documents/com~apple~CloudDocs/Downloads/folds_2026_08_26_23_12/ebvms_hla2_control_hy1b11_ul15_s104729/fold_ebvms_hla2_control_hy1b11_ul15_s104729_full_data_3.json,False,0.89,ebvms_hla2_control_hy1b11_ul15_s104729,True,194,202,QLVHFVRDFAQL,104729,0.89,0.96,True,3,pass_exact_clash_free,new_held_out_controls,/Users/anishsharma/Library/Mobile Documents/com~apple~CloudDocs/Downloads/folds_2026_08_26_23_12/ebvms_hla2_control_hy1b11_ul15_s104729/fold_ebvms_hla2_control_hy1b11_ul15_s104729_summary_confidences_3.json,SYS_MICROBIAL_MBP_HY1B11
/Users/anishsharma/Library/Mobile Documents/com~apple~CloudDocs/Downloads/folds_2026_08_26_23_12/ebvms_hla2_control_hy1b11_ul15_s104729/fold_ebvms_hla2_control_hy1b11_ul15_s104729_model_4.cif,"Computational pMHC geometry prioritization only; not evidence of presentation, TCR binding, activation, cross-reactivity, molecular mimicry, or MS mechanism.",VHFVRDFAQ,3,HY1B11_UL15,/Users/anishsharma/Library/Mobile Documents/com~apple~CloudDocs/Downloads/folds_2026_08_26_23_12/ebvms_hla2_control_hy1b11_ul15_s104729/fold_ebvms_hla2_control_hy1b11_ul15_s104729_full_data_4.json,False,0.89,ebvms_hla2_control_hy1b11_ul15_s104729,True,194,202,QLVHFVRDFAQL,104729,0.89,0.95,True,4,pass_exact_clash_free,new_held_out_controls,/Users/anishsharma/Library/Mobile Documents/com~apple~CloudDocs/Downloads/folds_2026_08_26_23_12/ebvms_hla2_control_hy1b11_ul15_s104729/fold_ebvms_hla2_control_hy1b11_ul15_s104729_summary_confidences_4.json,SYS_MICROBIAL_MBP_HY1B11
/Users/anishsharma/Library/Mobile Documents/com~apple~CloudDocs/Downloads/folds_2026_08_26_23_12/ebvms_hla2_control_hy1b11_ul15_s104759/fold_ebvms_hla2_control_hy1b11_ul15_s104759_model_0.cif,"Computational pMHC geometry prioritization only; not evidence of presentation, TCR binding, activation, cross-reactivity, molecular mimicry, or MS mechanism.",VHFVRDFAQ,3,HY1B11_UL15,/Users/anishsharma/Library/Mobile Documents/com~apple~CloudDocs/Downloads/folds_2026_08_26_23_12/ebvms_hla2_control_hy1b11_ul15_s104759/fold_ebvms_hla2_control_hy1b11_ul15_s104759_full_data_0.json,False,0.89,ebvms_hla2_control_hy1b11_ul15_s104759,True,194,202,QLVHFVRDFAQL,104759,0.89,0.97,True,0,pass_exact_clash_free,new_held_out_controls,/Users/anishsharma/Library/Mobile Documents/com~apple~CloudDocs/Downloads/folds_2026_08_26_23_12/ebvms_hla2_control_hy1b11_ul15_s104759/fold_ebvms_hla2_control_hy1b11_ul15_s104759_summary_confidences_0.json,SYS_MICROBIAL_MBP_HY1B11
/Users/anishsharma/Library/Mobile Documents/com~apple~CloudDocs/Downloads/folds_2026_08_26_23_12/ebvms_hla2_control_hy1b11_ul15_s104759/fold_ebvms_hla2_control_hy1b11_ul15_s104759_model_1.cif,"Computational pMHC geometry prioritization only; not evidence of presentation, TCR binding, activation, cross-reactivity, molecular mimicry, or MS mechanism.",VHFVRDFAQ,3,HY1B11_UL15,/Users/anishsharma/Library/Mobile Documents/com~apple~CloudDocs/Downloads/folds_2026_08_26_23_12/ebvms_hla2_control_hy1b11_ul15_s104759/fold_ebvms_hla2_control_hy1b11_ul15_s104759_full_data_1.json,False,0.89,ebvms_hla2_control_hy1b11_ul15_s104759,True,194,202,QLVHFVRDFAQL,104759,0.89,0.96,True,1,pass_exact_clash_free,new_held_out_controls,/Users/anishsharma/Library/Mobile Documents/com~apple~CloudDocs/Downloads/folds_2026_08_26_23_12/ebvms_hla2_control_hy1b11_ul15_s104759/fold_ebvms_hla2_control_hy1b11_ul15_s104759_summary_confidences_1.json,SYS_MICROBIAL_MBP_HY1B11
/Users/anishsharma/Library/Mobile Documents/com~apple~CloudDocs/Downloads/folds_2026_08_26_23_12/ebvms_hla2_control_hy1b11_ul15_s104759/fold_ebvms_hla2_control_hy1b11_ul15_s104759_model_2.cif,"Computational pMHC geometry prioritization only; not evidence of presentation, TCR binding, activation, cross-reactivity, molecular mimicry, or MS mechanism.",VHFVRDFAQ,3,HY1B11_UL15,/Users/anishsharma/Library/Mobile Documents/com~apple~CloudDocs/Downloads/folds_2026_08_26_23_12/ebvms_hla2_control_hy1b11_ul15_s104759/fold_ebvms_hla2_control_hy1b11_ul15_s104759_full_data_2.json,False,0.89,ebvms_hla2_control_hy1b11_ul15_s104759,True,194,202,QLVHFVRDFAQL,104759,0.89,0.96,True,2,pass_exact_clash_free,new_held_out_controls,/Users/anishsharma/Library/Mobile Documents/com~apple~CloudDocs/Downloads/folds_2026_08_26_23_12/ebvms_hla2_control_hy1b11_ul15_s104759/fold_ebvms_hla2_control_hy1b11_ul15_s104759_summary_confidences_2.json,SYS_MICROBIAL_MBP_HY1B11
/Users/anishsharma/Library/Mobile Documents/com~apple~CloudDocs/Downloads/folds_2026_08_26_23_12/ebvms_hla2_control_hy1b11_ul15_s104759/fold_ebvms_hla2_control_hy1b11_ul15_s104759_model_3.cif,"Computational pMHC geometry prioritization only; not evidence of presentation, TCR binding, activation, cross-reactivity, molecular mimicry, or MS mechanism.",VHFVRDFAQ,3,HY1B11_UL15,/Users/anishsharma/Library/Mobile Documents/com~apple~CloudDocs/Downloads/folds_2026_08_26_23_12/ebvms_hla2_control_hy1b11_ul15_s104759/fold_ebvms_hla2_control_hy1b11_ul15_s104759_full_data_3.json,False,0.89,ebvms_hla2_control_hy1b11_ul15_s104759,True,194,202,QLVHFVRDFAQL,104759,0.89,0.96,True,3,pass_exact_clash_free,new_held_out_controls,/Users/anishsharma/Library/Mobile Documents/com~apple~CloudDocs/Downloads/folds_2026_08_26_23_12/ebvms_hla2_control_hy1b11_ul15_s104759/fold_ebvms_hla2_control_hy1b11_ul15_s104759_summary_confidences_3.json,SYS_MICROBIAL_MBP_HY1B11
/Users/anishsharma/Library/Mobile Documents/com~apple~CloudDocs/Downloads/folds_2026_08_26_23_12/ebvms_hla2_control_hy1b11_ul15_s104759/fold_ebvms_hla2_control_hy1b11_ul15_s104759_model_4.cif,"Computational pMHC geometry prioritization only; not evidence of presentation, TCR binding, activation, cross-reactivity, molecular mimicry, or MS mechanism.",VHFVRDFAQ,3,HY1B11_UL15,/Users/anishsharma/Library/Mobile Documents/com~apple~CloudDocs/Downloads/folds_2026_08_26_23_12/ebvms_hla2_control_hy1b11_ul15_s104759/fold_ebvms_hla2_control_hy1b11_ul15_s104759_full_data_4.json,False,0.89,ebvms_hla2_control_hy1b11_ul15_s104759,True,194,202,QLVHFVRDFAQL,104759,0.89,0.95,True,4,pass_exact_clash_free,new_held_out_controls,/Users/anishsharma/Library/Mobile Documents/com~apple~CloudDocs/Downloads/folds_2026_08_26_23_12/ebvms_hla2_control_hy1b11_ul15_s104759/fold_ebvms_hla2_control_hy1b11_ul15_s104759_summary_confidences_4.json,SYS_MICROBIAL_MBP_HY1B11
/Users/anishsharma/Library/Mobile Documents/com~apple~CloudDocs/Downloads/folds_2026_08_26_23_12/ebvms_hla2_control_hy1_dq1_ebv_iedb_0e2190f44775_s104729/fold_ebvms_hla2_control_hy1_dq1_ebv_iedb_0e2190f44775_s104729_model_0.cif,"Computational pMHC geometry prioritization only; not evidence of presentation, TCR binding, activation, cross-reactivity, molecular mimicry, or MS mechanism.",RTQSVPARD,4,HY1_DQ1_EBV_IEDB_0e2190f44775,/Users/anishsharma/Library/Mobile Documents/com~apple~CloudDocs/Downloads/folds_2026_08_26_23_12/ebvms_hla2_control_hy1_dq1_ebv_iedb_0e2190f44775_s104729/fold_ebvms_hla2_control_hy1_dq1_ebv_iedb_0e2190f44775_s104729_full_data_0.json,False,0.9,ebvms_hla2_control_hy1_dq1_ebv_iedb_0e2190f44775_s104729,True,194,202,LVPRTQSVPARDY,104729,0.89,0.97,True,0,pass_exact_clash_free,new_held_out_controls,/Users/anishsharma/Library/Mobile Documents/com~apple~CloudDocs/Downloads/folds_2026_08_26_23_12/ebvms_hla2_control_hy1_dq1_ebv_iedb_0e2190f44775_s104729/fold_ebvms_hla2_control_hy1_dq1_ebv_iedb_0e2190f44775_s104729_summary_confidences_0.json,SYS_MICROBIAL_MBP_HY1B11
/Users/anishsharma/Library/Mobile Documents/com~apple~CloudDocs/Downloads/folds_2026_08_26_23_12/ebvms_hla2_control_hy1_dq1_ebv_iedb_0e2190f44775_s104729/fold_ebvms_hla2_control_hy1_dq1_ebv_iedb_0e2190f44775_s104729_model_1.cif,"Computational pMHC geometry prioritization only; not evidence of presentation, TCR binding, activation, cross-reactivity, molecular mimicry, or MS mechanism.",RTQSVPARD,4,HY1_DQ1_EBV_IEDB_0e2190f44775,/Users/anishsharma/Library/Mobile Documents/com~apple~CloudDocs/Downloads/folds_2026_08_26_23_12/ebvms_hla2_control_hy1_dq1_ebv_iedb_0e2190f44775_s104729/fold_ebvms_hla2_control_hy1_dq1_ebv_iedb_0e2190f44775_s104729_full_data_1.json,False,0.89,ebvms_hla2_control_hy1_dq1_ebv_iedb_0e2190f44775_s104729,True,194,202,LVPRTQSVPARDY,104729,0.89,0.97,True,1,pass_exact_clash_free,new_held_out_controls,/Users/anishsharma/Library/Mobile Documents/com~apple~CloudDocs/Downloads/folds_2026_08_26_23_12/ebvms_hla2_control_hy1_dq1_ebv_iedb_0e2190f44775_s104729/fold_ebvms_hla2_control_hy1_dq1_ebv_iedb_0e2190f44775_s104729_summary_confidences_1.json,SYS_MICROBIAL_MBP_HY1B11
/Users/anishsharma/Library/Mobile Documents/com~apple~CloudDocs/Downloads/folds_2026_08_26_23_12/ebvms_hla2_control_hy1_dq1_ebv_iedb_0e2190f44775_s104729/fold_ebvms_hla2_control_hy1_dq1_ebv_iedb_0e2190f44775_s104729_model_2.cif,"Computational pMHC geometry prioritization only; not evidence of presentation, TCR binding, activation, cross-reactivity, molecular mimicry, or MS mechanism.",RTQSVPARD,4,HY1_DQ1_EBV_IEDB_0e2190f44775,/Users/anishsharma/Library/Mobile Documents/com~apple~CloudDocs/Downloads/folds_2026_08_26_23_12/ebvms_hla2_control_hy1_dq1_ebv_iedb_0e2190f44775_s104729/fold_ebvms_hla2_control_hy1_dq1_ebv_iedb_0e2190f44775_s104729_full_data_2.json,False,0.89,ebvms_hla2_control_hy1_dq1_ebv_iedb_0e2190f44775_s104729,True,194,202,LVPRTQSVPARDY,104729,0.89,0.97,True,2,pass_exact_clash_free,new_held_out_controls,/Users/anishsharma/Library/Mobile Documents/com~apple~CloudDocs/Downloads/folds_2026_08_26_23_12/ebvms_hla2_control_hy1_dq1_ebv_iedb_0e2190f44775_s104729/fold_ebvms_hla2_control_hy1_dq1_ebv_iedb_0e2190f44775_s104729_summary_confidences_2.json,SYS_MICROBIAL_MBP_HY1B11
/Users/anishsharma/Library/Mobile Documents/com~apple~CloudDocs/Downloads/folds_2026_08_26_23_12/ebvms_hla2_control_hy1_dq1_ebv_iedb_0e2190f44775_s104729/fold_ebvms_hla2_control_hy1_dq1_ebv_iedb_0e2190f44775_s104729_model_3.cif,"Computational pMHC geometry prioritization only; not evidence of presentation, TCR binding, activation, cross-reactivity, molecular mimicry, or MS mechanism.",RTQSVPARD,4,HY1_DQ1_EBV_IEDB_0e2190f44775,/Users/anishsharma/Library/Mobile Documents/com~apple~CloudDocs/Downloads/folds_2026_08_26_23_12/ebvms_hla2_control_hy1_dq1_ebv_iedb_0e2190f44775_s104729/fold_ebvms_hla2_control_hy1_dq1_ebv_iedb_0e2190f44775_s104729_full_data_3.json,False,0.89,ebvms_hla2_control_hy1_dq1_ebv_iedb_0e2190f44775_s104729,True,194,202,LVPRTQSVPARDY,104729,0.89,0.97,True,3,pass_exact_clash_free,new_held_out_controls,/Users/anishsharma/Library/Mobile Documents/com~apple~CloudDocs/Downloads/folds_2026_08_26_23_12/ebvms_hla2_control_hy1_dq1_ebv_iedb_0e2190f44775_s104729/fold_ebvms_hla2_control_hy1_dq1_ebv_iedb_0e2190f44775_s104729_summary_confidences_3.json,SYS_MICROBIAL_MBP_HY1B11
/Users/anishsharma/Library/Mobile Documents/com~apple~CloudDocs/Downloads/folds_2026_08_26_23_12/ebvms_hla2_control_hy1_dq1_ebv_iedb_0e2190f44775_s104729/fold_ebvms_hla2_control_hy1_dq1_ebv_iedb_0e2190f44775_s104729_model_4.cif,"Computational pMHC geometry prioritization only; not evidence of presentation, TCR binding, activation, cross-reactivity, molecular mimicry, or MS mechanism.",RTQSVPARD,4,HY1_DQ1_EBV_IEDB_0e2190f44775,/Users/anishsharma/Library/Mobile Documents/com~apple~CloudDocs/Downloads/folds_2026_08_26_23_12/ebvms_hla2_control_hy1_dq1_ebv_iedb_0e2190f44775_s104729/fold_ebvms_hla2_control_hy1_dq1_ebv_iedb_0e2190f44775_s104729_full_data_4.json,False,0.89,ebvms_hla2_control_hy1_dq1_ebv_iedb_0e2190f44775_s104729,True,194,202,LVPRTQSVPARDY,104729,0.89,0.96,True,4,pass_exact_clash_free,new_held_out_controls,/Users/anishsharma/Library/Mobile Documents/com~apple~CloudDocs/Downloads/folds_2026_08_26_23_12/ebvms_hla2_control_hy1_dq1_ebv_iedb_0e2190f44775_s104729/fold_ebvms_hla2_control_hy1_dq1_ebv_iedb_0e2190f44775_s104729_summary_confidences_4.json,SYS_MICROBIAL_MBP_HY1B11
/Users/anishsharma/Library/Mobile Documents/com~apple~CloudDocs/Downloads/folds_2026_08_26_23_12/ebvms_hla2_control_hy1_dq1_ebv_iedb_0e2190f44775_s104759/fold_ebvms_hla2_control_hy1_dq1_ebv_iedb_0e2190f44775_s104759_model_0.cif,"Computational pMHC geometry prioritization only; not evidence of presentation, TCR binding, activation, cross-reactivity, molecular mimicry, or MS mechanism.",RTQSVPARD,4,HY1_DQ1_EBV_IEDB_0e2190f44775,/Users/anishsharma/Library/Mobile Documents/com~apple~CloudDocs/Downloads/folds_2026_08_26_23_12/ebvms_hla2_control_hy1_dq1_ebv_iedb_0e2190f44775_s104759/fold_ebvms_hla2_control_hy1_dq1_ebv_iedb_0e2190f44775_s104759_full_data_0.json,False,0.89,ebvms_hla2_control_hy1_dq1_ebv_iedb_0e2190f44775_s104759,True,194,202,LVPRTQSVPARDY,104759,0.89,0.96,True,0,pass_exact_clash_free,new_held_out_controls,/Users/anishsharma/Library/Mobile Documents/com~apple~CloudDocs/Downloads/folds_2026_08_26_23_12/ebvms_hla2_control_hy1_dq1_ebv_iedb_0e2190f44775_s104759/fold_ebvms_hla2_control_hy1_dq1_ebv_iedb_0e2190f44775_s104759_summary_confidences_0.json,SYS_MICROBIAL_MBP_HY1B11
/Users/anishsharma/Library/Mobile Documents/com~apple~CloudDocs/Downloads/folds_2026_08_26_23_12/ebvms_hla2_control_hy1_dq1_ebv_iedb_0e2190f44775_s104759/fold_ebvms_hla2_control_hy1_dq1_ebv_iedb_0e2190f44775_s104759_model_1.cif,"Computational pMHC geometry prioritization only; not evidence of presentation, TCR binding, activation, cross-reactivity, molecular mimicry, or MS mechanism.",RTQSVPARD,4,HY1_DQ1_EBV_IEDB_0e2190f44775,/Users/anishsharma/Library/Mobile Documents/com~apple~CloudDocs/Downloads/folds_2026_08_26_23_12/ebvms_hla2_control_hy1_dq1_ebv_iedb_0e2190f44775_s104759/fold_ebvms_hla2_control_hy1_dq1_ebv_iedb_0e2190f44775_s104759_full_data_1.json,False,0.89,ebvms_hla2_control_hy1_dq1_ebv_iedb_0e2190f44775_s104759,True,194,202,LVPRTQSVPARDY,104759,0.89,0.96,True,1,pass_exact_clash_free,new_held_out_controls,/Users/anishsharma/Library/Mobile Documents/com~apple~CloudDocs/Downloads/folds_2026_08_26_23_12/ebvms_hla2_control_hy1_dq1_ebv_iedb_0e2190f44775_s104759/fold_ebvms_hla2_control_hy1_dq1_ebv_iedb_0e2190f44775_s104759_summary_confidences_1.json,SYS_MICROBIAL_MBP_HY1B11
/Users/anishsharma/Library/Mobile Documents/com~apple~CloudDocs/Downloads/folds_2026_08_26_23_12/ebvms_hla2_control_hy1_dq1_ebv_iedb_0e2190f44775_s104759/fold_ebvms_hla2_control_hy1_dq1_ebv_iedb_0e2190f44775_s104759_model_2.cif,"Computational pMHC geometry prioritization only; not evidence of presentation, TCR binding, activation, cross-reactivity, molecular mimicry, or MS mechanism.",RTQSVPARD,4,HY1_DQ1_EBV_IEDB_0e2190f44775,/Users/anishsharma/Library/Mobile Documents/com~apple~CloudDocs/Downloads/folds_2026_08_26_23_12/ebvms_hla2_control_hy1_dq1_ebv_iedb_0e2190f44775_s104759/fold_ebvms_hla2_control_hy1_dq1_ebv_iedb_0e2190f44775_s104759_full_data_2.json,False,0.88,ebvms_hla2_control_hy1_dq1_ebv_iedb_0e2190f44775_s104759,True,194,202,LVPRTQSVPARDY,104759,0.89,0.96,True,2,pass_exact_clash_free,new_held_out_controls,/Users/anishsharma/Library/Mobile Documents/com~apple~CloudDocs/Downloads/folds_2026_08_26_23_12/ebvms_hla2_control_hy1_dq1_ebv_iedb_0e2190f44775_s104759/fold_ebvms_hla2_control_hy1_dq1_ebv_iedb_0e2190f44775_s104759_summary_confidences_2.json,SYS_MICROBIAL_MBP_HY1B11
/Users/anishsharma/Library/Mobile Documents/com~apple~CloudDocs/Downloads/folds_2026_08_26_23_12/ebvms_hla2_control_hy1_dq1_ebv_iedb_0e2190f44775_s104759/fold_ebvms_hla2_control_hy1_dq1_ebv_iedb_0e2190f44775_s104759_model_3.cif,"Computational pMHC geometry prioritization only; not evidence of presentation, TCR binding, activation, cross-reactivity, molecular mimicry, or MS mechanism.",RTQSVPARD,4,HY1_DQ1_EBV_IEDB_0e2190f44775,/Users/anishsharma/Library/Mobile Documents/com~apple~CloudDocs/Downloads/folds_2026_08_26_23_12/ebvms_hla2_control_hy1_dq1_ebv_iedb_0e2190f44775_s104759/fold_ebvms_hla2_control_hy1_dq1_ebv_iedb_0e2190f44775_s104759_full_data_3.json,False,0.88,ebvms_hla2_control_hy1_dq1_ebv_iedb_0e2190f44775_s104759,True,194,202,LVPRTQSVPARDY,104759,0.88,0.96,True,3,pass_exact_clash_free,new_held_out_controls,/Users/anishsharma/Library/Mobile Documents/com~apple~CloudDocs/Downloads/folds_2026_08_26_23_12/ebvms_hla2_control_hy1_dq1_ebv_iedb_0e2190f44775_s104759/fold_ebvms_hla2_control_hy1_dq1_ebv_iedb_0e2190f44775_s104759_summary_confidences_3.json,SYS_MICROBIAL_MBP_HY1B11
/Users/anishsharma/Library/Mobile Documents/com~apple~CloudDocs/Downloads/folds_2026_08_26_23_12/ebvms_hla2_control_hy1_dq1_ebv_iedb_0e2190f44775_s104759/fold_ebvms_hla2_control_hy1_dq1_ebv_iedb_0e2190f44775_s104759_model_4.cif,"Computational pMHC geometry prioritization only; not evidence of presentation, TCR binding, activation, cross-reactivity, molecular mimicry, or MS mechanism.",RTQSVPARD,4,HY1_DQ1_EBV_IEDB_0e2190f44775,/Users/anishsharma/Library/Mobile Documents/com~apple~CloudDocs/Downloads/folds_2026_08_26_23_12/ebvms_hla2_control_hy1_dq1_ebv_iedb_0e2190f44775_s104759/fold_ebvms_hla2_control_hy1_dq1_ebv_iedb_0e2190f44775_s104759_full_data_4.json,False,0.88,ebvms_hla2_control_hy1_dq1_ebv_iedb_0e2190f44775_s104759,True,194,202,LVPRTQSVPARDY,104759,0.89,0.96,True,4,pass_exact_clash_free,new_held_out_controls,/Users/anishsharma/Library/Mobile Documents/com~apple~CloudDocs/Downloads/folds_2026_08_26_23_12/ebvms_hla2_control_hy1_dq1_ebv_iedb_0e2190f44775_s104759/fold_ebvms_hla2_control_hy1_dq1_ebv_iedb_0e2190f44775_s104759_summary_confidences_4.json,SYS_MICROBIAL_MBP_HY1B11
/Users/anishsharma/Library/Mobile Documents/com~apple~CloudDocs/Downloads/folds_2026_08_26_23_12/ebvms_hla2_control_hy1_dq1_ebv_iedb_1bcd6d24071a_s104729/fold_ebvms_hla2_control_hy1_dq1_ebv_iedb_1bcd6d24071a_s104729_model_0.cif,"Computational pMHC geometry prioritization only; not evidence of presentation, TCR binding, activation, cross-reactivity, molecular mimicry, or MS mechanism.",LRIYYSPSI,5,HY1_DQ1_EBV_IEDB_1bcd6d24071a,/Users/anishsharma/Library/Mobile Documents/com~apple~CloudDocs/Downloads/folds_2026_08_26_23_12/ebvms_hla2_control_hy1_dq1_ebv_iedb_1bcd6d24071a_s104729/fold_ebvms_hla2_control_hy1_dq1_ebv_iedb_1bcd6d24071a_s104729_full_data_0.json,False,0.91,ebvms_hla2_control_hy1_dq1_ebv_iedb_1bcd6d24071a_s104729,True,194,202,IMNILRIYYSPSIM,104729,0.9,0.99,True,0,pass_exact_clash_free,new_held_out_controls,/Users/anishsharma/Library/Mobile Documents/com~apple~CloudDocs/Downloads/folds_2026_08_26_23_12/ebvms_hla2_control_hy1_dq1_ebv_iedb_1bcd6d24071a_s104729/fold_ebvms_hla2_control_hy1_dq1_ebv_iedb_1bcd6d24071a_s104729_summary_confidences_0.json,SYS_MICROBIAL_MBP_HY1B11
/Users/anishsharma/Library/Mobile Documents/com~apple~CloudDocs/Downloads/folds_2026_08_26_23_12/ebvms_hla2_control_hy1_dq1_ebv_iedb_1bcd6d24071a_s104729/fold_ebvms_hla2_control_hy1_dq1_ebv_iedb_1bcd6d24071a_s104729_model_1.cif,"Computational pMHC geometry prioritization only; not evidence of presentation, TCR binding, activation, cross-reactivity, molecular mimicry, or MS mechanism.",LRIYYSPSI,5,HY1_DQ1_EBV_IEDB_1bcd6d24071a,/Users/anishsharma/Library/Mobile Documents/com~apple~CloudDocs/Downloads/folds_2026_08_26_23_12/ebvms_hla2_control_hy1_dq1_ebv_iedb_1bcd6d24071a_s104729/fold_ebvms_hla2_control_hy1_dq1_ebv_iedb_1bcd6d24071a_s104729_full_data_1.json,False,0.91,ebvms_hla2_control_hy1_dq1_ebv_iedb_1bcd6d24071a_s104729,True,194,202,IMNILRIYYSPSIM,104729,0.9,0.98,True,1,pass_exact_clash_free,new_held_out_controls,/Users/anishsharma/Library/Mobile Documents/com~apple~CloudDocs/Downloads/folds_2026_08_26_23_12/ebvms_hla2_control_hy1_dq1_ebv_iedb_1bcd6d24071a_s104729/fold_ebvms_hla2_control_hy1_dq1_ebv_iedb_1bcd6d24071a_s104729_summary_confidences_1.json,SYS_MICROBIAL_MBP_HY1B11
/Users/anishsharma/Library/Mobile Documents/com~apple~CloudDocs/Downloads/folds_2026_08_26_23_12/ebvms_hla2_control_hy1_dq1_ebv_iedb_1bcd6d24071a_s104729/fold_ebvms_hla2_control_hy1_dq1_ebv_iedb_1bcd6d24071a_s104729_model_2.cif,"Computational pMHC geometry prioritization only; not evidence of presentation, TCR binding, activation, cross-reactivity, molecular mimicry, or MS mechanism.",LRIYYSPSI,5,HY1_DQ1_EBV_IEDB_1bcd6d24071a,/Users/anishsharma/Library/Mobile Documents/com~apple~CloudDocs/Downloads/folds_2026_08_26_23_12/ebvms_hla2_control_hy1_dq1_ebv_iedb_1bcd6d24071a_s104729/fold_ebvms_hla2_control_hy1_dq1_ebv_iedb_1bcd6d24071a_s104729_full_data_2.json,False,0.91,ebvms_hla2_control_hy1_dq1_ebv_iedb_1bcd6d24071a_s104729,True,194,202,IMNILRIYYSPSIM,104729,0.9,0.98,True,2,pass_exact_clash_free,new_held_out_controls,/Users/anishsharma/Library/Mobile Documents/com~apple~CloudDocs/Downloads/folds_2026_08_26_23_12/ebvms_hla2_control_hy1_dq1_ebv_iedb_1bcd6d24071a_s104729/fold_ebvms_hla2_control_hy1_dq1_ebv_iedb_1bcd6d24071a_s104729_summary_confidences_2.json,SYS_MICROBIAL_MBP_HY1B11
/Users/anishsharma/Library/Mobile Documents/com~apple~CloudDocs/Downloads/folds_2026_08_26_23_12/ebvms_hla2_control_hy1_dq1_ebv_iedb_1bcd6d24071a_s104729/fold_ebvms_hla2_control_hy1_dq1_ebv_iedb_1bcd6d24071a_s104729_model_3.cif,"Computational pMHC geometry prioritization only; not evidence of presentation, TCR binding, activation, cross-reactivity, molecular mimicry, or MS mechanism.",LRIYYSPSI,5,HY1_DQ1_EBV_IEDB_1bcd6d24071a,/Users/anishsharma/Library/Mobile Documents/com~apple~CloudDocs/Downloads/folds_2026_08_26_23_12/ebvms_hla2_control_hy1_dq1_ebv_iedb_1bcd6d24071a_s104729/fold_ebvms_hla2_control_hy1_dq1_ebv_iedb_1bcd6d24071a_s104729_full_data_3.json,False,0.91,ebvms_hla2_control_hy1_dq1_ebv_iedb_1bcd6d24071a_s104729,True,194,202,IMNILRIYYSPSIM,104729,0.9,0.98,True,3,pass_exact_clash_free,new_held_out_controls,/Users/anishsharma/Library/Mobile Documents/com~apple~CloudDocs/Downloads/folds_2026_08_26_23_12/ebvms_hla2_control_hy1_dq1_ebv_iedb_1bcd6d24071a_s104729/fold_ebvms_hla2_control_hy1_dq1_ebv_iedb_1bcd6d24071a_s104729_summary_confidences_3.json,SYS_MICROBIAL_MBP_HY1B11
/Users/anishsharma/Library/Mobile Documents/com~apple~CloudDocs/Downloads/folds_2026_08_26_23_12/ebvms_hla2_control_hy1_dq1_ebv_iedb_1bcd6d24071a_s104729/fold_ebvms_hla2_control_hy1_dq1_ebv_iedb_1bcd6d24071a_s104729_model_4.cif,"Computational pMHC geometry prioritization only; not evidence of presentation, TCR binding, activation, cross-reactivity, molecular mimicry, or MS mechanism.",LRIYYSPSI,5,HY1_DQ1_EBV_IEDB_1bcd6d24071a,/Users/anishsharma/Library/Mobile Documents/com~apple~CloudDocs/Downloads/folds_2026_08_26_23_12/ebvms_hla2_control_hy1_dq1_ebv_iedb_1bcd6d24071a_s104729/fold_ebvms_hla2_control_hy1_dq1_ebv_iedb_1bcd6d24071a_s104729_full_data_4.json,False,0.91,ebvms_hla2_control_hy1_dq1_ebv_iedb_1bcd6d24071a_s104729,True,194,202,IMNILRIYYSPSIM,104729,0.9,0.97,True,4,pass_exact_clash_free,new_held_out_controls,/Users/anishsharma/Library/Mobile Documents/com~apple~CloudDocs/Downloads/folds_2026_08_26_23_12/ebvms_hla2_control_hy1_dq1_ebv_iedb_1bcd6d24071a_s104729/fold_ebvms_hla2_control_hy1_dq1_ebv_iedb_1bcd6d24071a_s104729_summary_confidences_4.json,SYS_MICROBIAL_MBP_HY1B11
/Users/anishsharma/Library/Mobile Documents/com~apple~CloudDocs/Downloads/folds_2026_08_26_23_12/ebvms_hla2_control_hy1_dq1_ebv_iedb_1bcd6d24071a_s104759/fold_ebvms_hla2_control_hy1_dq1_ebv_iedb_1bcd6d24071a_s104759_model_0.cif,"Computational pMHC geometry prioritization only; not evidence of presentation, TCR binding, activation, cross-reactivity, molecular mimicry, or MS mechanism.",LRIYYSPSI,5,HY1_DQ1_EBV_IEDB_1bcd6d24071a,/Users/anishsharma/Library/Mobile Documents/com~apple~CloudDocs/Downloads/folds_2026_08_26_23_12/ebvms_hla2_control_hy1_dq1_ebv_iedb_1bcd6d24071a_s104759/fold_ebvms_hla2_control_hy1_dq1_ebv_iedb_1bcd6d24071a_s104759_full_data_0.json,False,0.91,ebvms_hla2_control_hy1_dq1_ebv_iedb_1bcd6d24071a_s104759,True,194,202,IMNILRIYYSPSIM,104759,0.9,0.98,True,0,pass_exact_clash_free,new_held_out_controls,/Users/anishsharma/Library/Mobile Documents/com~apple~CloudDocs/Downloads/folds_2026_08_26_23_12/ebvms_hla2_control_hy1_dq1_ebv_iedb_1bcd6d24071a_s104759/fold_ebvms_hla2_control_hy1_dq1_ebv_iedb_1bcd6d24071a_s104759_summary_confidences_0.json,SYS_MICROBIAL_MBP_HY1B11
/Users/anishsharma/Library/Mobile Documents/com~apple~CloudDocs/Downloads/folds_2026_08_26_23_12/ebvms_hla2_control_hy1_dq1_ebv_iedb_1bcd6d24071a_s104759/fold_ebvms_hla2_control_hy1_dq1_ebv_iedb_1bcd6d24071a_s104759_model_1.cif,"Computational pMHC geometry prioritization only; not evidence of presentation, TCR binding, activation, cross-reactivity, molecular mimicry, or MS mechanism.",LRIYYSPSI,5,HY1_DQ1_EBV_IEDB_1bcd6d24071a,/Users/anishsharma/Library/Mobile Documents/com~apple~CloudDocs/Downloads/folds_2026_08_26_23_12/ebvms_hla2_control_hy1_dq1_ebv_iedb_1bcd6d24071a_s104759/fold_ebvms_hla2_control_hy1_dq1_ebv_iedb_1bcd6d24071a_s104759_full_data_1.json,False,0.91,ebvms_hla2_control_hy1_dq1_ebv_iedb_1bcd6d24071a_s104759,True,194,202,IMNILRIYYSPSIM,104759,0.9,0.98,True,1,pass_exact_clash_free,new_held_out_controls,/Users/anishsharma/Library/Mobile Documents/com~apple~CloudDocs/Downloads/folds_2026_08_26_23_12/ebvms_hla2_control_hy1_dq1_ebv_iedb_1bcd6d24071a_s104759/fold_ebvms_hla2_control_hy1_dq1_ebv_iedb_1bcd6d24071a_s104759_summary_confidences_1.json,SYS_MICROBIAL_MBP_HY1B11
/Users/anishsharma/Library/Mobile Documents/com~apple~CloudDocs/Downloads/folds_2026_08_26_23_12/ebvms_hla2_control_hy1_dq1_ebv_iedb_1bcd6d24071a_s104759/fold_ebvms_hla2_control_hy1_dq1_ebv_iedb_1bcd6d24071a_s104759_model_2.cif,"Computational pMHC geometry prioritization only; not evidence of presentation, TCR binding, activation, cross-reactivity, molecular mimicry, or MS mechanism.",LRIYYSPSI,5,HY1_DQ1_EBV_IEDB_1bcd6d24071a,/Users/anishsharma/Library/Mobile Documents/com~apple~CloudDocs/Downloads/folds_2026_08_26_23_12/ebvms_hla2_control_hy1_dq1_ebv_iedb_1bcd6d24071a_s104759/fold_ebvms_hla2_control_hy1_dq1_ebv_iedb_1bcd6d24071a_s104759_full_data_2.json,False,0.91,ebvms_hla2_control_hy1_dq1_ebv_iedb_1bcd6d24071a_s104759,True,194,202,IMNILRIYYSPSIM,104759,0.9,0.98,True,2,pass_exact_clash_free,new_held_out_controls,/Users/anishsharma/Library/Mobile Documents/com~apple~CloudDocs/Downloads/folds_2026_08_26_23_12/ebvms_hla2_control_hy1_dq1_ebv_iedb_1bcd6d24071a_s104759/fold_ebvms_hla2_control_hy1_dq1_ebv_iedb_1bcd6d24071a_s104759_summary_confidences_2.json,SYS_MICROBIAL_MBP_HY1B11
/Users/anishsharma/Library/Mobile Documents/com~apple~CloudDocs/Downloads/folds_2026_08_26_23_12/ebvms_hla2_control_hy1_dq1_ebv_iedb_1bcd6d24071a_s104759/fold_ebvms_hla2_control_hy1_dq1_ebv_iedb_1bcd6d24071a_s104759_model_3.cif,"Computational pMHC geometry prioritization only; not evidence of presentation, TCR binding, activation, cross-reactivity, molecular mimicry, or MS mechanism.",LRIYYSPSI,5,HY1_DQ1_EBV_IEDB_1bcd6d24071a,/Users/anishsharma/Library/Mobile Documents/com~apple~CloudDocs/Downloads/folds_2026_08_26_23_12/ebvms_hla2_control_hy1_dq1_ebv_iedb_1bcd6d24071a_s104759/fold_ebvms_hla2_control_hy1_dq1_ebv_iedb_1bcd6d24071a_s104759_full_data_3.json,False,0.91,ebvms_hla2_control_hy1_dq1_ebv_iedb_1bcd6d24071a_s104759,True,194,202,IMNILRIYYSPSIM,104759,0.9,0.98,True,3,pass_exact_clash_free,new_held_out_controls,/Users/anishsharma/Library/Mobile Documents/com~apple~CloudDocs/Downloads/folds_2026_08_26_23_12/ebvms_hla2_control_hy1_dq1_ebv_iedb_1bcd6d24071a_s104759/fold_ebvms_hla2_control_hy1_dq1_ebv_iedb_1bcd6d24071a_s104759_summary_confidences_3.json,SYS_MICROBIAL_MBP_HY1B11
/Users/anishsharma/Library/Mobile Documents/com~apple~CloudDocs/Downloads/folds_2026_08_26_23_12/ebvms_hla2_control_hy1_dq1_ebv_iedb_1bcd6d24071a_s104759/fold_ebvms_hla2_control_hy1_dq1_ebv_iedb_1bcd6d24071a_s104759_model_4.cif,"Computational pMHC geometry prioritization only; not evidence of presentation, TCR binding, activation, cross-reactivity, molecular mimicry, or MS mechanism.",LRIYYSPSI,5,HY1_DQ1_EBV_IEDB_1bcd6d24071a,/Users/anishsharma/Library/Mobile Documents/com~apple~CloudDocs/Downloads/folds_2026_08_26_23_12/ebvms_hla2_control_hy1_dq1_ebv_iedb_1bcd6d24071a_s104759/fold_ebvms_hla2_control_hy1_dq1_ebv_iedb_1bcd6d24071a_s104759_full_data_4.json,False,0.91,ebvms_hla2_control_hy1_dq1_ebv_iedb_1bcd6d24071a_s104759,True,194,202,IMNILRIYYSPSIM,104759,0.9,0.97,True,4,pass_exact_clash_free,new_held_out_controls,/Users/anishsharma/Library/Mobile Documents/com~apple~CloudDocs/Downloads/folds_2026_08_26_23_12/ebvms_hla2_control_hy1_dq1_ebv_iedb_1bcd6d24071a_s104759/fold_ebvms_hla2_control_hy1_dq1_ebv_iedb_1bcd6d24071a_s104759_summary_confidences_4.json,SYS_MICROBIAL_MBP_HY1B11
/Users/anishsharma/Library/Mobile Documents/com~apple~CloudDocs/Downloads/folds_2026_08_26_23_12/ebvms_hla2_control_hy1_dq1_ebv_iedb_4720dbd64f7b_s104729/fold_ebvms_hla2_control_hy1_dq1_ebv_iedb_4720dbd64f7b_s104729_model_0.cif,"Computational pMHC geometry prioritization only; not evidence of presentation, TCR binding, activation, cross-reactivity, molecular mimicry, or MS mechanism.",LFYYIGTML,4,HY1_DQ1_EBV_IEDB_4720dbd64f7b,/Users/anishsharma/Library/Mobile Documents/com~apple~CloudDocs/Downloads/folds_2026_08_26_23_12/ebvms_hla2_control_hy1_dq1_ebv_iedb_4720dbd64f7b_s104729/fold_ebvms_hla2_control_hy1_dq1_ebv_iedb_4720dbd64f7b_s104729_full_data_0.json,False,0.91,ebvms_hla2_control_hy1_dq1_ebv_iedb_4720dbd64f7b_s104729,True,194,202,EKQLFYYIGTMLPN,104729,0.9,0.99,True,0,pass_exact_clash_free,new_held_out_controls,/Users/anishsharma/Library/Mobile Documents/com~apple~CloudDocs/Downloads/folds_2026_08_26_23_12/ebvms_hla2_control_hy1_dq1_ebv_iedb_4720dbd64f7b_s104729/fold_ebvms_hla2_control_hy1_dq1_ebv_iedb_4720dbd64f7b_s104729_summary_confidences_0.json,SYS_MICROBIAL_MBP_HY1B11
/Users/anishsharma/Library/Mobile Documents/com~apple~CloudDocs/Downloads/folds_2026_08_26_23_12/ebvms_hla2_control_hy1_dq1_ebv_iedb_4720dbd64f7b_s104729/fold_ebvms_hla2_control_hy1_dq1_ebv_iedb_4720dbd64f7b_s104729_model_1.cif,"Computational pMHC geometry prioritization only; not evidence of presentation, TCR binding, activation, cross-reactivity, molecular mimicry, or MS mechanism.",LFYYIGTML,4,HY1_DQ1_EBV_IEDB_4720dbd64f7b,/Users/anishsharma/Library/Mobile Documents/com~apple~CloudDocs/Downloads/folds_2026_08_26_23_12/ebvms_hla2_control_hy1_dq1_ebv_iedb_4720dbd64f7b_s104729/fold_ebvms_hla2_control_hy1_dq1_ebv_iedb_4720dbd64f7b_s104729_full_data_1.json,False,0.91,ebvms_hla2_control_hy1_dq1_ebv_iedb_4720dbd64f7b_s104729,True,194,202,EKQLFYYIGTMLPN,104729,0.9,0.99,True,1,pass_exact_clash_free,new_held_out_controls,/Users/anishsharma/Library/Mobile Documents/com~apple~CloudDocs/Downloads/folds_2026_08_26_23_12/ebvms_hla2_control_hy1_dq1_ebv_iedb_4720dbd64f7b_s104729/fold_ebvms_hla2_control_hy1_dq1_ebv_iedb_4720dbd64f7b_s104729_summary_confidences_1.json,SYS_MICROBIAL_MBP_HY1B11
/Users/anishsharma/Library/Mobile Documents/com~apple~CloudDocs/Downloads/folds_2026_08_26_23_12/ebvms_hla2_control_hy1_dq1_ebv_iedb_4720dbd64f7b_s104729/fold_ebvms_hla2_control_hy1_dq1_ebv_iedb_4720dbd64f7b_s104729_model_2.cif,"Computational pMHC geometry prioritization only; not evidence of presentation, TCR binding, activation, cross-reactivity, molecular mimicry, or MS mechanism.",LFYYIGTML,4,HY1_DQ1_EBV_IEDB_4720dbd64f7b,/Users/anishsharma/Library/Mobile Documents/com~apple~CloudDocs/Downloads/folds_2026_08_26_23_12/ebvms_hla2_control_hy1_dq1_ebv_iedb_4720dbd64f7b_s104729/fold_ebvms_hla2_control_hy1_dq1_ebv_iedb_4720dbd64f7b_s104729_full_data_2.json,False,0.91,ebvms_hla2_control_hy1_dq1_ebv_iedb_4720dbd64f7b_s104729,True,194,202,EKQLFYYIGTMLPN,104729,0.9,0.99,True,2,pass_exact_clash_free,new_held_out_controls,/Users/anishsharma/Library/Mobile Documents/com~apple~CloudDocs/Downloads/folds_2026_08_26_23_12/ebvms_hla2_control_hy1_dq1_ebv_iedb_4720dbd64f7b_s104729/fold_ebvms_hla2_control_hy1_dq1_ebv_iedb_4720dbd64f7b_s104729_summary_confidences_2.json,SYS_MICROBIAL_MBP_HY1B11
/Users/anishsharma/Library/Mobile Documents/com~apple~CloudDocs/Downloads/folds_2026_08_26_23_12/ebvms_hla2_control_hy1_dq1_ebv_iedb_4720dbd64f7b_s104729/fold_ebvms_hla2_control_hy1_dq1_ebv_iedb_4720dbd64f7b_s104729_model_3.cif,"Computational pMHC geometry prioritization only; not evidence of presentation, TCR binding, activation, cross-reactivity, molecular mimicry, or MS mechanism.",LFYYIGTML,4,HY1_DQ1_EBV_IEDB_4720dbd64f7b,/Users/anishsharma/Library/Mobile Documents/com~apple~CloudDocs/Downloads/folds_2026_08_26_23_12/ebvms_hla2_control_hy1_dq1_ebv_iedb_4720dbd64f7b_s104729/fold_ebvms_hla2_control_hy1_dq1_ebv_iedb_4720dbd64f7b_s104729_full_data_3.json,False,0.91,ebvms_hla2_control_hy1_dq1_ebv_iedb_4720dbd64f7b_s104729,True,194,202,EKQLFYYIGTMLPN,104729,0.9,0.98,True,3,pass_exact_clash_free,new_held_out_controls,/Users/anishsharma/Library/Mobile Documents/com~apple~CloudDocs/Downloads/folds_2026_08_26_23_12/ebvms_hla2_control_hy1_dq1_ebv_iedb_4720dbd64f7b_s104729/fold_ebvms_hla2_control_hy1_dq1_ebv_iedb_4720dbd64f7b_s104729_summary_confidences_3.json,SYS_MICROBIAL_MBP_HY1B11
/Users/anishsharma/Library/Mobile Documents/com~apple~CloudDocs/Downloads/folds_2026_08_26_23_12/ebvms_hla2_control_hy1_dq1_ebv_iedb_4720dbd64f7b_s104729/fold_ebvms_hla2_control_hy1_dq1_ebv_iedb_4720dbd64f7b_s104729_model_4.cif,"Computational pMHC geometry prioritization only; not evidence of presentation, TCR binding, activation, cross-reactivity, molecular mimicry, or MS mechanism.",LFYYIGTML,4,HY1_DQ1_EBV_IEDB_4720dbd64f7b,/Users/anishsharma/Library/Mobile Documents/com~apple~CloudDocs/Downloads/folds_2026_08_26_23_12/ebvms_hla2_control_hy1_dq1_ebv_iedb_4720dbd64f7b_s104729/fold_ebvms_hla2_control_hy1_dq1_ebv_iedb_4720dbd64f7b_s104729_full_data_4.json,False,0.91,ebvms_hla2_control_hy1_dq1_ebv_iedb_4720dbd64f7b_s104729,True,194,202,EKQLFYYIGTMLPN,104729,0.9,0.97,True,4,pass_exact_clash_free,new_held_out_controls,/Users/anishsharma/Library/Mobile Documents/com~apple~CloudDocs/Downloads/folds_2026_08_26_23_12/ebvms_hla2_control_hy1_dq1_ebv_iedb_4720dbd64f7b_s104729/fold_ebvms_hla2_control_hy1_dq1_ebv_iedb_4720dbd64f7b_s104729_summary_confidences_4.json,SYS_MICROBIAL_MBP_HY1B11
/Users/anishsharma/Library/Mobile Documents/com~apple~CloudDocs/Downloads/folds_2026_08_26_23_12/ebvms_hla2_control_hy1_dq1_ebv_iedb_4720dbd64f7b_s104759/fold_ebvms_hla2_control_hy1_dq1_ebv_iedb_4720dbd64f7b_s104759_model_0.cif,"Computational pMHC geometry prioritization only; not evidence of presentation, TCR binding, activation, cross-reactivity, molecular mimicry, or MS mechanism.",LFYYIGTML,4,HY1_DQ1_EBV_IEDB_4720dbd64f7b,/Users/anishsharma/Library/Mobile Documents/com~apple~CloudDocs/Downloads/folds_2026_08_26_23_12/ebvms_hla2_control_hy1_dq1_ebv_iedb_4720dbd64f7b_s104759/fold_ebvms_hla2_control_hy1_dq1_ebv_iedb_4720dbd64f7b_s104759_full_data_0.json,False,0.91,ebvms_hla2_control_hy1_dq1_ebv_iedb_4720dbd64f7b_s104759,True,194,202,EKQLFYYIGTMLPN,104759,0.9,0.99,True,0,pass_exact_clash_free,new_held_out_controls,/Users/anishsharma/Library/Mobile Documents/com~apple~CloudDocs/Downloads/folds_2026_08_26_23_12/ebvms_hla2_control_hy1_dq1_ebv_iedb_4720dbd64f7b_s104759/fold_ebvms_hla2_control_hy1_dq1_ebv_iedb_4720dbd64f7b_s104759_summary_confidences_0.json,SYS_MICROBIAL_MBP_HY1B11
/Users/anishsharma/Library/Mobile Documents/com~apple~CloudDocs/Downloads/folds_2026_08_26_23_12/ebvms_hla2_control_hy1_dq1_ebv_iedb_4720dbd64f7b_s104759/fold_ebvms_hla2_control_hy1_dq1_ebv_iedb_4720dbd64f7b_s104759_model_1.cif,"Computational pMHC geometry prioritization only; not evidence of presentation, TCR binding, activation, cross-reactivity, molecular mimicry, or MS mechanism.",LFYYIGTML,4,HY1_DQ1_EBV_IEDB_4720dbd64f7b,/Users/anishsharma/Library/Mobile Documents/com~apple~CloudDocs/Downloads/folds_2026_08_26_23_12/ebvms_hla2_control_hy1_dq1_ebv_iedb_4720dbd64f7b_s104759/fold_ebvms_hla2_control_hy1_dq1_ebv_iedb_4720dbd64f7b_s104759_full_data_1.json,False,0.91,ebvms_hla2_control_hy1_dq1_ebv_iedb_4720dbd64f7b_s104759,True,194,202,EKQLFYYIGTMLPN,104759,0.9,0.98,True,1,pass_exact_clash_free,new_held_out_controls,/Users/anishsharma/Library/Mobile Documents/com~apple~CloudDocs/Downloads/folds_2026_08_26_23_12/ebvms_hla2_control_hy1_dq1_ebv_iedb_4720dbd64f7b_s104759/fold_ebvms_hla2_control_hy1_dq1_ebv_iedb_4720dbd64f7b_s104759_summary_confidences_1.json,SYS_MICROBIAL_MBP_HY1B11
/Users/anishsharma/Library/Mobile Documents/com~apple~CloudDocs/Downloads/folds_2026_08_26_23_12/ebvms_hla2_control_hy1_dq1_ebv_iedb_4720dbd64f7b_s104759/fold_ebvms_hla2_control_hy1_dq1_ebv_iedb_4720dbd64f7b_s104759_model_2.cif,"Computational pMHC geometry prioritization only; not evidence of presentation, TCR binding, activation, cross-reactivity, molecular mimicry, or MS mechanism.",LFYYIGTML,4,HY1_DQ1_EBV_IEDB_4720dbd64f7b,/Users/anishsharma/Library/Mobile Documents/com~apple~CloudDocs/Downloads/folds_2026_08_26_23_12/ebvms_hla2_control_hy1_dq1_ebv_iedb_4720dbd64f7b_s104759/fold_ebvms_hla2_control_hy1_dq1_ebv_iedb_4720dbd64f7b_s104759_full_data_2.json,False,0.91,ebvms_hla2_control_hy1_dq1_ebv_iedb_4720dbd64f7b_s104759,True,194,202,EKQLFYYIGTMLPN,104759,0.9,0.98,True,2,pass_exact_clash_free,new_held_out_controls,/Users/anishsharma/Library/Mobile Documents/com~apple~CloudDocs/Downloads/folds_2026_08_26_23_12/ebvms_hla2_control_hy1_dq1_ebv_iedb_4720dbd64f7b_s104759/fold_ebvms_hla2_control_hy1_dq1_ebv_iedb_4720dbd64f7b_s104759_summary_confidences_2.json,SYS_MICROBIAL_MBP_HY1B11
/Users/anishsharma/Library/Mobile Documents/com~apple~CloudDocs/Downloads/folds_2026_08_26_23_12/ebvms_hla2_control_hy1_dq1_ebv_iedb_4720dbd64f7b_s104759/fold_ebvms_hla2_control_hy1_dq1_ebv_iedb_4720dbd64f7b_s104759_model_3.cif,"Computational pMHC geometry prioritization only; not evidence of presentation, TCR binding, activation, cross-reactivity, molecular mimicry, or MS mechanism.",LFYYIGTML,4,HY1_DQ1_EBV_IEDB_4720dbd64f7b,/Users/anishsharma/Library/Mobile Documents/com~apple~CloudDocs/Downloads/folds_2026_08_26_23_12/ebvms_hla2_control_hy1_dq1_ebv_iedb_4720dbd64f7b_s104759/fold_ebvms_hla2_control_hy1_dq1_ebv_iedb_4720dbd64f7b_s104759_full_data_3.json,False,0.91,ebvms_hla2_control_hy1_dq1_ebv_iedb_4720dbd64f7b_s104759,True,194,202,EKQLFYYIGTMLPN,104759,0.9,0.98,True,3,pass_exact_clash_free,new_held_out_controls,/Users/anishsharma/Library/Mobile Documents/com~apple~CloudDocs/Downloads/folds_2026_08_26_23_12/ebvms_hla2_control_hy1_dq1_ebv_iedb_4720dbd64f7b_s104759/fold_ebvms_hla2_control_hy1_dq1_ebv_iedb_4720dbd64f7b_s104759_summary_confidences_3.json,SYS_MICROBIAL_MBP_HY1B11
/Users/anishsharma/Library/Mobile Documents/com~apple~CloudDocs/Downloads/folds_2026_08_26_23_12/ebvms_hla2_control_hy1_dq1_ebv_iedb_4720dbd64f7b_s104759/fold_ebvms_hla2_control_hy1_dq1_ebv_iedb_4720dbd64f7b_s104759_model_4.cif,"Computational pMHC geometry prioritization only; not evidence of presentation, TCR binding, activation, cross-reactivity, molecular mimicry, or MS mechanism.",LFYYIGTML,4,HY1_DQ1_EBV_IEDB_4720dbd64f7b,/Users/anishsharma/Library/Mobile Documents/com~apple~CloudDocs/Downloads/folds_2026_08_26_23_12/ebvms_hla2_control_hy1_dq1_ebv_iedb_4720dbd64f7b_s104759/fold_ebvms_hla2_control_hy1_dq1_ebv_iedb_4720dbd64f7b_s104759_full_data_4.json,False,0.91,ebvms_hla2_control_hy1_dq1_ebv_iedb_4720dbd64f7b_s104759,True,194,202,EKQLFYYIGTMLPN,104759,0.9,0.98,True,4,pass_exact_clash_free,new_held_out_controls,/Users/anishsharma/Library/Mobile Documents/com~apple~CloudDocs/Downloads/folds_2026_08_26_23_12/ebvms_hla2_control_hy1_dq1_ebv_iedb_4720dbd64f7b_s104759/fold_ebvms_hla2_control_hy1_dq1_ebv_iedb_4720dbd64f7b_s104759_summary_confidences_4.json,SYS_MICROBIAL_MBP_HY1B11
/Users/anishsharma/Library/Mobile Documents/com~apple~CloudDocs/Downloads/folds_2026_08_26_23_12/ebvms_hla2_control_hy1_dq1_ebv_iedb_4fb29363e8e5_s104729/fold_ebvms_hla2_control_hy1_dq1_ebv_iedb_4fb29363e8e5_s104729_model_0.cif,"Computational pMHC geometry prioritization only; not evidence of presentation, TCR binding, activation, cross-reactivity, molecular mimicry, or MS mechanism.",IDPADLDES,4,HY1_DQ1_EBV_IEDB_4fb29363e8e5,/Users/anishsharma/Library/Mobile Documents/com~apple~CloudDocs/Downloads/folds_2026_08_26_23_12/ebvms_hla2_control_hy1_dq1_ebv_iedb_4fb29363e8e5_s104729/fold_ebvms_hla2_control_hy1_dq1_ebv_iedb_4fb29363e8e5_s104729_full_data_0.json,False,0.89,ebvms_hla2_control_hy1_dq1_ebv_iedb_4fb29363e8e5_s104729,True,194,202,PPSIDPADLDESWD,104729,0.89,0.97,True,0,pass_exact_clash_free,new_held_out_controls,/Users/anishsharma/Library/Mobile Documents/com~apple~CloudDocs/Downloads/folds_2026_08_26_23_12/ebvms_hla2_control_hy1_dq1_ebv_iedb_4fb29363e8e5_s104729/fold_ebvms_hla2_control_hy1_dq1_ebv_iedb_4fb29363e8e5_s104729_summary_confidences_0.json,SYS_MICROBIAL_MBP_HY1B11
/Users/anishsharma/Library/Mobile Documents/com~apple~CloudDocs/Downloads/folds_2026_08_26_23_12/ebvms_hla2_control_hy1_dq1_ebv_iedb_4fb29363e8e5_s104729/fold_ebvms_hla2_control_hy1_dq1_ebv_iedb_4fb29363e8e5_s104729_model_1.cif,"Computational pMHC geometry prioritization only; not evidence of presentation, TCR binding, activation, cross-reactivity, molecular mimicry, or MS mechanism.",IDPADLDES,4,HY1_DQ1_EBV_IEDB_4fb29363e8e5,/Users/anishsharma/Library/Mobile Documents/com~apple~CloudDocs/Downloads/folds_2026_08_26_23_12/ebvms_hla2_control_hy1_dq1_ebv_iedb_4fb29363e8e5_s104729/fold_ebvms_hla2_control_hy1_dq1_ebv_iedb_4fb29363e8e5_s104729_full_data_1.json,False,0.89,ebvms_hla2_control_hy1_dq1_ebv_iedb_4fb29363e8e5_s104729,True,194,202,PPSIDPADLDESWD,104729,0.89,0.97,True,1,pass_exact_clash_free,new_held_out_controls,/Users/anishsharma/Library/Mobile Documents/com~apple~CloudDocs/Downloads/folds_2026_08_26_23_12/ebvms_hla2_control_hy1_dq1_ebv_iedb_4fb29363e8e5_s104729/fold_ebvms_hla2_control_hy1_dq1_ebv_iedb_4fb29363e8e5_s104729_summary_confidences_1.json,SYS_MICROBIAL_MBP_HY1B11
/Users/anishsharma/Library/Mobile Documents/com~apple~CloudDocs/Downloads/folds_2026_08_26_23_12/ebvms_hla2_control_hy1_dq1_ebv_iedb_4fb29363e8e5_s104729/fold_ebvms_hla2_control_hy1_dq1_ebv_iedb_4fb29363e8e5_s104729_model_2.cif,"Computational pMHC geometry prioritization only; not evidence of presentation, TCR binding, activation, cross-reactivity, molecular mimicry, or MS mechanism.",IDPADLDES,4,HY1_DQ1_EBV_IEDB_4fb29363e8e5,/Users/anishsharma/Library/Mobile Documents/com~apple~CloudDocs/Downloads/folds_2026_08_26_23_12/ebvms_hla2_control_hy1_dq1_ebv_iedb_4fb29363e8e5_s104729/fold_ebvms_hla2_control_hy1_dq1_ebv_iedb_4fb29363e8e5_s104729_full_data_2.json,False,0.89,ebvms_hla2_control_hy1_dq1_ebv_iedb_4fb29363e8e5_s104729,True,194,202,PPSIDPADLDESWD,104729,0.89,0.96,True,2,pass_exact_clash_free,new_held_out_controls,/Users/anishsharma/Library/Mobile Documents/com~apple~CloudDocs/Downloads/folds_2026_08_26_23_12/ebvms_hla2_control_hy1_dq1_ebv_iedb_4fb29363e8e5_s104729/fold_ebvms_hla2_control_hy1_dq1_ebv_iedb_4fb29363e8e5_s104729_summary_confidences_2.json,SYS_MICROBIAL_MBP_HY1B11
/Users/anishsharma/Library/Mobile Documents/com~apple~CloudDocs/Downloads/folds_2026_08_26_23_12/ebvms_hla2_control_hy1_dq1_ebv_iedb_4fb29363e8e5_s104729/fold_ebvms_hla2_control_hy1_dq1_ebv_iedb_4fb29363e8e5_s104729_model_3.cif,"Computational pMHC geometry prioritization only; not evidence of presentation, TCR binding, activation, cross-reactivity, molecular mimicry, or MS mechanism.",IDPADLDES,4,HY1_DQ1_EBV_IEDB_4fb29363e8e5,/Users/anishsharma/Library/Mobile Documents/com~apple~CloudDocs/Downloads/folds_2026_08_26_23_12/ebvms_hla2_control_hy1_dq1_ebv_iedb_4fb29363e8e5_s104729/fold_ebvms_hla2_control_hy1_dq1_ebv_iedb_4fb29363e8e5_s104729_full_data_3.json,False,0.89,ebvms_hla2_control_hy1_dq1_ebv_iedb_4fb29363e8e5_s104729,True,194,202,PPSIDPADLDESWD,104729,0.89,0.96,True,3,pass_exact_clash_free,new_held_out_controls,/Users/anishsharma/Library/Mobile Documents/com~apple~CloudDocs/Downloads/folds_2026_08_26_23_12/ebvms_hla2_control_hy1_dq1_ebv_iedb_4fb29363e8e5_s104729/fold_ebvms_hla2_control_hy1_dq1_ebv_iedb_4fb29363e8e5_s104729_summary_confidences_3.json,SYS_MICROBIAL_MBP_HY1B11
/Users/anishsharma/Library/Mobile Documents/com~apple~CloudDocs/Downloads/folds_2026_08_26_23_12/ebvms_hla2_control_hy1_dq1_ebv_iedb_4fb29363e8e5_s104729/fold_ebvms_hla2_control_hy1_dq1_ebv_iedb_4fb29363e8e5_s104729_model_4.cif,"Computational pMHC geometry prioritization only; not evidence of presentation, TCR binding, activation, cross-reactivity, molecular mimicry, or MS mechanism.",IDPADLDES,4,HY1_DQ1_EBV_IEDB_4fb29363e8e5,/Users/anishsharma/Library/Mobile Documents/com~apple~CloudDocs/Downloads/folds_2026_08_26_23_12/ebvms_hla2_control_hy1_dq1_ebv_iedb_4fb29363e8e5_s104729/fold_ebvms_hla2_control_hy1_dq1_ebv_iedb_4fb29363e8e5_s104729_full_data_4.json,False,0.89,ebvms_hla2_control_hy1_dq1_ebv_iedb_4fb29363e8e5_s104729,True,194,202,PPSIDPADLDESWD,104729,0.89,0.95,True,4,pass_exact_clash_free,new_held_out_controls,/Users/anishsharma/Library/Mobile Documents/com~apple~CloudDocs/Downloads/folds_2026_08_26_23_12/ebvms_hla2_control_hy1_dq1_ebv_iedb_4fb29363e8e5_s104729/fold_ebvms_hla2_control_hy1_dq1_ebv_iedb_4fb29363e8e5_s104729_summary_confidences_4.json,SYS_MICROBIAL_MBP_HY1B11
/Users/anishsharma/Library/Mobile Documents/com~apple~CloudDocs/Downloads/folds_2026_08_26_23_12/ebvms_hla2_control_hy1_dq1_ebv_iedb_4fb29363e8e5_s104759/fold_ebvms_hla2_control_hy1_dq1_ebv_iedb_4fb29363e8e5_s104759_model_0.cif,"Computational pMHC geometry prioritization only; not evidence of presentation, TCR binding, activation, cross-reactivity, molecular mimicry, or MS mechanism.",IDPADLDES,4,HY1_DQ1_EBV_IEDB_4fb29363e8e5,/Users/anishsharma/Library/Mobile Documents/com~apple~CloudDocs/Downloads/folds_2026_08_26_23_12/ebvms_hla2_control_hy1_dq1_ebv_iedb_4fb29363e8e5_s104759/fold_ebvms_hla2_control_hy1_dq1_ebv_iedb_4fb29363e8e5_s104759_full_data_0.json,False,0.88,ebvms_hla2_control_hy1_dq1_ebv_iedb_4fb29363e8e5_s104759,True,194,202,PPSIDPADLDESWD,104759,0.88,0.96,True,0,pass_exact_clash_free,new_held_out_controls,/Users/anishsharma/Library/Mobile Documents/com~apple~CloudDocs/Downloads/folds_2026_08_26_23_12/ebvms_hla2_control_hy1_dq1_ebv_iedb_4fb29363e8e5_s104759/fold_ebvms_hla2_control_hy1_dq1_ebv_iedb_4fb29363e8e5_s104759_summary_confidences_0.json,SYS_MICROBIAL_MBP_HY1B11
/Users/anishsharma/Library/Mobile Documents/com~apple~CloudDocs/Downloads/folds_2026_08_26_23_12/ebvms_hla2_control_hy1_dq1_ebv_iedb_4fb29363e8e5_s104759/fold_ebvms_hla2_control_hy1_dq1_ebv_iedb_4fb29363e8e5_s104759_model_1.cif,"Computational pMHC geometry prioritization only; not evidence of presentation, TCR binding, activation, cross-reactivity, molecular mimicry, or MS mechanism.",IDPADLDES,4,HY1_DQ1_EBV_IEDB_4fb29363e8e5,/Users/anishsharma/Library/Mobile Documents/com~apple~CloudDocs/Downloads/folds_2026_08_26_23_12/ebvms_hla2_control_hy1_dq1_ebv_iedb_4fb29363e8e5_s104759/fold_ebvms_hla2_control_hy1_dq1_ebv_iedb_4fb29363e8e5_s104759_full_data_1.json,False,0.88,ebvms_hla2_control_hy1_dq1_ebv_iedb_4fb29363e8e5_s104759,True,194,202,PPSIDPADLDESWD,104759,0.88,0.96,True,1,pass_exact_clash_free,new_held_out_controls,/Users/anishsharma/Library/Mobile Documents/com~apple~CloudDocs/Downloads/folds_2026_08_26_23_12/ebvms_hla2_control_hy1_dq1_ebv_iedb_4fb29363e8e5_s104759/fold_ebvms_hla2_control_hy1_dq1_ebv_iedb_4fb29363e8e5_s104759_summary_confidences_1.json,SYS_MICROBIAL_MBP_HY1B11
/Users/anishsharma/Library/Mobile Documents/com~apple~CloudDocs/Downloads/folds_2026_08_26_23_12/ebvms_hla2_control_hy1_dq1_ebv_iedb_4fb29363e8e5_s104759/fold_ebvms_hla2_control_hy1_dq1_ebv_iedb_4fb29363e8e5_s104759_model_2.cif,"Computational pMHC geometry prioritization only; not evidence of presentation, TCR binding, activation, cross-reactivity, molecular mimicry, or MS mechanism.",IDPADLDES,4,HY1_DQ1_EBV_IEDB_4fb29363e8e5,/Users/anishsharma/Library/Mobile Documents/com~apple~CloudDocs/Downloads/folds_2026_08_26_23_12/ebvms_hla2_control_hy1_dq1_ebv_iedb_4fb29363e8e5_s104759/fold_ebvms_hla2_control_hy1_dq1_ebv_iedb_4fb29363e8e5_s104759_full_data_2.json,False,0.88,ebvms_hla2_control_hy1_dq1_ebv_iedb_4fb29363e8e5_s104759,True,194,202,PPSIDPADLDESWD,104759,0.88,0.95,True,2,pass_exact_clash_free,new_held_out_controls,/Users/anishsharma/Library/Mobile Documents/com~apple~CloudDocs/Downloads/folds_2026_08_26_23_12/ebvms_hla2_control_hy1_dq1_ebv_iedb_4fb29363e8e5_s104759/fold_ebvms_hla2_control_hy1_dq1_ebv_iedb_4fb29363e8e5_s104759_summary_confidences_2.json,SYS_MICROBIAL_MBP_HY1B11
/Users/anishsharma/Library/Mobile Documents/com~apple~CloudDocs/Downloads/folds_2026_08_26_23_12/ebvms_hla2_control_hy1_dq1_ebv_iedb_4fb29363e8e5_s104759/fold_ebvms_hla2_control_hy1_dq1_ebv_iedb_4fb29363e8e5_s104759_model_3.cif,"Computational pMHC geometry prioritization only; not evidence of presentation, TCR binding, activation, cross-reactivity, molecular mimicry, or MS mechanism.",IDPADLDES,4,HY1_DQ1_EBV_IEDB_4fb29363e8e5,/Users/anishsharma/Library/Mobile Documents/com~apple~CloudDocs/Downloads/folds_2026_08_26_23_12/ebvms_hla2_control_hy1_dq1_ebv_iedb_4fb29363e8e5_s104759/fold_ebvms_hla2_control_hy1_dq1_ebv_iedb_4fb29363e8e5_s104759_full_data_3.json,False,0.88,ebvms_hla2_control_hy1_dq1_ebv_iedb_4fb29363e8e5_s104759,True,194,202,PPSIDPADLDESWD,104759,0.88,0.95,True,3,pass_exact_clash_free,new_held_out_controls,/Users/anishsharma/Library/Mobile Documents/com~apple~CloudDocs/Downloads/folds_2026_08_26_23_12/ebvms_hla2_control_hy1_dq1_ebv_iedb_4fb29363e8e5_s104759/fold_ebvms_hla2_control_hy1_dq1_ebv_iedb_4fb29363e8e5_s104759_summary_confidences_3.json,SYS_MICROBIAL_MBP_HY1B11
/Users/anishsharma/Library/Mobile Documents/com~apple~CloudDocs/Downloads/folds_2026_08_26_23_12/ebvms_hla2_control_hy1_dq1_ebv_iedb_4fb29363e8e5_s104759/fold_ebvms_hla2_control_hy1_dq1_ebv_iedb_4fb29363e8e5_s104759_model_4.cif,"Computational pMHC geometry prioritization only; not evidence of presentation, TCR binding, activation, cross-reactivity, molecular mimicry, or MS mechanism.",IDPADLDES,4,HY1_DQ1_EBV_IEDB_4fb29363e8e5,/Users/anishsharma/Library/Mobile Documents/com~apple~CloudDocs/Downloads/folds_2026_08_26_23_12/ebvms_hla2_control_hy1_dq1_ebv_iedb_4fb29363e8e5_s104759/fold_ebvms_hla2_control_hy1_dq1_ebv_iedb_4fb29363e8e5_s104759_full_data_4.json,False,0.88,ebvms_hla2_control_hy1_dq1_ebv_iedb_4fb29363e8e5_s104759,True,194,202,PPSIDPADLDESWD,104759,0.88,0.95,True,4,pass_exact_clash_free,new_held_out_controls,/Users/anishsharma/Library/Mobile Documents/com~apple~CloudDocs/Downloads/folds_2026_08_26_23_12/ebvms_hla2_control_hy1_dq1_ebv_iedb_4fb29363e8e5_s104759/fold_ebvms_hla2_control_hy1_dq1_ebv_iedb_4fb29363e8e5_s104759_summary_confidences_4.json,SYS_MICROBIAL_MBP_HY1B11
/Users/anishsharma/Library/Mobile Documents/com~apple~CloudDocs/Downloads/folds_2026_08_26_23_12/ebvms_hla2_control_hy1_dq1_ebv_iedb_5e7561364e47_s104729/fold_ebvms_hla2_control_hy1_dq1_ebv_iedb_5e7561364e47_s104729_model_0.cif,"Computational pMHC geometry prioritization only; not evidence of presentation, TCR binding, activation, cross-reactivity, molecular mimicry, or MS mechanism.",YVVDLSVRG,3,HY1_DQ1_EBV_IEDB_5e7561364e47,/Users/anishsharma/Library/Mobile Documents/com~apple~CloudDocs/Downloads/folds_2026_08_26_23_12/ebvms_hla2_control_hy1_dq1_ebv_iedb_5e7561364e47_s104729/fold_ebvms_hla2_control_hy1_dq1_ebv_iedb_5e7561364e47_s104729_full_data_0.json,False,0.89,ebvms_hla2_control_hy1_dq1_ebv_iedb_5e7561364e47_s104729,True,194,202,PYYVVDLSVRGM,104729,0.89,0.97,True,0,pass_exact_clash_free,new_held_out_controls,/Users/anishsharma/Library/Mobile Documents/com~apple~CloudDocs/Downloads/folds_2026_08_26_23_12/ebvms_hla2_control_hy1_dq1_ebv_iedb_5e7561364e47_s104729/fold_ebvms_hla2_control_hy1_dq1_ebv_iedb_5e7561364e47_s104729_summary_confidences_0.json,SYS_MICROBIAL_MBP_HY1B11
/Users/anishsharma/Library/Mobile Documents/com~apple~CloudDocs/Downloads/folds_2026_08_26_23_12/ebvms_hla2_control_hy1_dq1_ebv_iedb_5e7561364e47_s104729/fold_ebvms_hla2_control_hy1_dq1_ebv_iedb_5e7561364e47_s104729_model_1.cif,"Computational pMHC geometry prioritization only; not evidence of presentation, TCR binding, activation, cross-reactivity, molecular mimicry, or MS mechanism.",YVVDLSVRG,3,HY1_DQ1_EBV_IEDB_5e7561364e47,/Users/anishsharma/Library/Mobile Documents/com~apple~CloudDocs/Downloads/folds_2026_08_26_23_12/ebvms_hla2_control_hy1_dq1_ebv_iedb_5e7561364e47_s104729/fold_ebvms_hla2_control_hy1_dq1_ebv_iedb_5e7561364e47_s104729_full_data_1.json,False,0.89,ebvms_hla2_control_hy1_dq1_ebv_iedb_5e7561364e47_s104729,True,194,202,PYYVVDLSVRGM,104729,0.89,0.97,True,1,pass_exact_clash_free,new_held_out_controls,/Users/anishsharma/Library/Mobile Documents/com~apple~CloudDocs/Downloads/folds_2026_08_26_23_12/ebvms_hla2_control_hy1_dq1_ebv_iedb_5e7561364e47_s104729/fold_ebvms_hla2_control_hy1_dq1_ebv_iedb_5e7561364e47_s104729_summary_confidences_1.json,SYS_MICROBIAL_MBP_HY1B11
/Users/anishsharma/Library/Mobile Documents/com~apple~CloudDocs/Downloads/folds_2026_08_26_23_12/ebvms_hla2_control_hy1_dq1_ebv_iedb_5e7561364e47_s104729/fold_ebvms_hla2_control_hy1_dq1_ebv_iedb_5e7561364e47_s104729_model_2.cif,"Computational pMHC geometry prioritization only; not evidence of presentation, TCR binding, activation, cross-reactivity, molecular mimicry, or MS mechanism.",YVVDLSVRG,3,HY1_DQ1_EBV_IEDB_5e7561364e47,/Users/anishsharma/Library/Mobile Documents/com~apple~CloudDocs/Downloads/folds_2026_08_26_23_12/ebvms_hla2_control_hy1_dq1_ebv_iedb_5e7561364e47_s104729/fold_ebvms_hla2_control_hy1_dq1_ebv_iedb_5e7561364e47_s104729_full_data_2.json,False,0.89,ebvms_hla2_control_hy1_dq1_ebv_iedb_5e7561364e47_s104729,True,194,202,PYYVVDLSVRGM,104729,0.89,0.96,True,2,pass_exact_clash_free,new_held_out_controls,/Users/anishsharma/Library/Mobile Documents/com~apple~CloudDocs/Downloads/folds_2026_08_26_23_12/ebvms_hla2_control_hy1_dq1_ebv_iedb_5e7561364e47_s104729/fold_ebvms_hla2_control_hy1_dq1_ebv_iedb_5e7561364e47_s104729_summary_confidences_2.json,SYS_MICROBIAL_MBP_HY1B11
/Users/anishsharma/Library/Mobile Documents/com~apple~CloudDocs/Downloads/folds_2026_08_26_23_12/ebvms_hla2_control_hy1_dq1_ebv_iedb_5e7561364e47_s104729/fold_ebvms_hla2_control_hy1_dq1_ebv_iedb_5e7561364e47_s104729_model_3.cif,"Computational pMHC geometry prioritization only; not evidence of presentation, TCR binding, activation, cross-reactivity, molecular mimicry, or MS mechanism.",YVVDLSVRG,3,HY1_DQ1_EBV_IEDB_5e7561364e47,/Users/anishsharma/Library/Mobile Documents/com~apple~CloudDocs/Downloads/folds_2026_08_26_23_12/ebvms_hla2_control_hy1_dq1_ebv_iedb_5e7561364e47_s104729/fold_ebvms_hla2_control_hy1_dq1_ebv_iedb_5e7561364e47_s104729_full_data_3.json,False,0.89,ebvms_hla2_control_hy1_dq1_ebv_iedb_5e7561364e47_s104729,True,194,202,PYYVVDLSVRGM,104729,0.89,0.96,True,3,pass_exact_clash_free,new_held_out_controls,/Users/anishsharma/Library/Mobile Documents/com~apple~CloudDocs/Downloads/folds_2026_08_26_23_12/ebvms_hla2_control_hy1_dq1_ebv_iedb_5e7561364e47_s104729/fold_ebvms_hla2_control_hy1_dq1_ebv_iedb_5e7561364e47_s104729_summary_confidences_3.json,SYS_MICROBIAL_MBP_HY1B11
/Users/anishsharma/Library/Mobile Documents/com~apple~CloudDocs/Downloads/folds_2026_08_26_23_12/ebvms_hla2_control_hy1_dq1_ebv_iedb_5e7561364e47_s104729/fold_ebvms_hla2_control_hy1_dq1_ebv_iedb_5e7561364e47_s104729_model_4.cif,"Computational pMHC geometry prioritization only; not evidence of presentation, TCR binding, activation, cross-reactivity, molecular mimicry, or MS mechanism.",YVVDLSVRG,3,HY1_DQ1_EBV_IEDB_5e7561364e47,/Users/anishsharma/Library/Mobile Documents/com~apple~CloudDocs/Downloads/folds_2026_08_26_23_12/ebvms_hla2_control_hy1_dq1_ebv_iedb_5e7561364e47_s104729/fold_ebvms_hla2_control_hy1_dq1_ebv_iedb_5e7561364e47_s104729_full_data_4.json,False,0.9,ebvms_hla2_control_hy1_dq1_ebv_iedb_5e7561364e47_s104729,True,194,202,PYYVVDLSVRGM,104729,0.89,0.96,True,4,pass_exact_clash_free,new_held_out_controls,/Users/anishsharma/Library/Mobile Documents/com~apple~CloudDocs/Downloads/folds_2026_08_26_23_12/ebvms_hla2_control_hy1_dq1_ebv_iedb_5e7561364e47_s104729/fold_ebvms_hla2_control_hy1_dq1_ebv_iedb_5e7561364e47_s104729_summary_confidences_4.json,SYS_MICROBIAL_MBP_HY1B11
/Users/anishsharma/Library/Mobile Documents/com~apple~CloudDocs/Downloads/folds_2026_08_26_23_12/ebvms_hla2_control_hy1_dq1_ebv_iedb_5e7561364e47_s104759/fold_ebvms_hla2_control_hy1_dq1_ebv_iedb_5e7561364e47_s104759_model_0.cif,"Computational pMHC geometry prioritization only; not evidence of presentation, TCR binding, activation, cross-reactivity, molecular mimicry, or MS mechanism.",YVVDLSVRG,3,HY1_DQ1_EBV_IEDB_5e7561364e47,/Users/anishsharma/Library/Mobile Documents/com~apple~CloudDocs/Downloads/folds_2026_08_26_23_12/ebvms_hla2_control_hy1_dq1_ebv_iedb_5e7561364e47_s104759/fold_ebvms_hla2_control_hy1_dq1_ebv_iedb_5e7561364e47_s104759_full_data_0.json,False,0.89,ebvms_hla2_control_hy1_dq1_ebv_iedb_5e7561364e47_s104759,True,194,202,PYYVVDLSVRGM,104759,0.89,0.96,True,0,pass_exact_clash_free,new_held_out_controls,/Users/anishsharma/Library/Mobile Documents/com~apple~CloudDocs/Downloads/folds_2026_08_26_23_12/ebvms_hla2_control_hy1_dq1_ebv_iedb_5e7561364e47_s104759/fold_ebvms_hla2_control_hy1_dq1_ebv_iedb_5e7561364e47_s104759_summary_confidences_0.json,SYS_MICROBIAL_MBP_HY1B11
/Users/anishsharma/Library/Mobile Documents/com~apple~CloudDocs/Downloads/folds_2026_08_26_23_12/ebvms_hla2_control_hy1_dq1_ebv_iedb_5e7561364e47_s104759/fold_ebvms_hla2_control_hy1_dq1_ebv_iedb_5e7561364e47_s104759_model_1.cif,"Computational pMHC geometry prioritization only; not evidence of presentation, TCR binding, activation, cross-reactivity, molecular mimicry, or MS mechanism.",YVVDLSVRG,3,HY1_DQ1_EBV_IEDB_5e7561364e47,/Users/anishsharma/Library/Mobile Documents/com~apple~CloudDocs/Downloads/folds_2026_08_26_23_12/ebvms_hla2_control_hy1_dq1_ebv_iedb_5e7561364e47_s104759/fold_ebvms_hla2_control_hy1_dq1_ebv_iedb_5e7561364e47_s104759_full_data_1.json,False,0.89,ebvms_hla2_control_hy1_dq1_ebv_iedb_5e7561364e47_s104759,True,194,202,PYYVVDLSVRGM,104759,0.89,0.96,True,1,pass_exact_clash_free,new_held_out_controls,/Users/anishsharma/Library/Mobile Documents/com~apple~CloudDocs/Downloads/folds_2026_08_26_23_12/ebvms_hla2_control_hy1_dq1_ebv_iedb_5e7561364e47_s104759/fold_ebvms_hla2_control_hy1_dq1_ebv_iedb_5e7561364e47_s104759_summary_confidences_1.json,SYS_MICROBIAL_MBP_HY1B11
/Users/anishsharma/Library/Mobile Documents/com~apple~CloudDocs/Downloads/folds_2026_08_26_23_12/ebvms_hla2_control_hy1_dq1_ebv_iedb_5e7561364e47_s104759/fold_ebvms_hla2_control_hy1_dq1_ebv_iedb_5e7561364e47_s104759_model_2.cif,"Computational pMHC geometry prioritization only; not evidence of presentation, TCR binding, activation, cross-reactivity, molecular mimicry, or MS mechanism.",YVVDLSVRG,3,HY1_DQ1_EBV_IEDB_5e7561364e47,/Users/anishsharma/Library/Mobile Documents/com~apple~CloudDocs/Downloads/folds_2026_08_26_23_12/ebvms_hla2_control_hy1_dq1_ebv_iedb_5e7561364e47_s104759/fold_ebvms_hla2_control_hy1_dq1_ebv_iedb_5e7561364e47_s104759_full_data_2.json,False,0.89,ebvms_hla2_control_hy1_dq1_ebv_iedb_5e7561364e47_s104759,True,194,202,PYYVVDLSVRGM,104759,0.89,0.96,True,2,pass_exact_clash_free,new_held_out_controls,/Users/anishsharma/Library/Mobile Documents/com~apple~CloudDocs/Downloads/folds_2026_08_26_23_12/ebvms_hla2_control_hy1_dq1_ebv_iedb_5e7561364e47_s104759/fold_ebvms_hla2_control_hy1_dq1_ebv_iedb_5e7561364e47_s104759_summary_confidences_2.json,SYS_MICROBIAL_MBP_HY1B11
/Users/anishsharma/Library/Mobile Documents/com~apple~CloudDocs/Downloads/folds_2026_08_26_23_12/ebvms_hla2_control_hy1_dq1_ebv_iedb_5e7561364e47_s104759/fold_ebvms_hla2_control_hy1_dq1_ebv_iedb_5e7561364e47_s104759_model_3.cif,"Computational pMHC geometry prioritization only; not evidence of presentation, TCR binding, activation, cross-reactivity, molecular mimicry, or MS mechanism.",YVVDLSVRG,3,HY1_DQ1_EBV_IEDB_5e7561364e47,/Users/anishsharma/Library/Mobile Documents/com~apple~CloudDocs/Downloads/folds_2026_08_26_23_12/ebvms_hla2_control_hy1_dq1_ebv_iedb_5e7561364e47_s104759/fold_ebvms_hla2_control_hy1_dq1_ebv_iedb_5e7561364e47_s104759_full_data_3.json,False,0.88,ebvms_hla2_control_hy1_dq1_ebv_iedb_5e7561364e47_s104759,True,194,202,PYYVVDLSVRGM,104759,0.88,0.95,True,3,pass_exact_clash_free,new_held_out_controls,/Users/anishsharma/Library/Mobile Documents/com~apple~CloudDocs/Downloads/folds_2026_08_26_23_12/ebvms_hla2_control_hy1_dq1_ebv_iedb_5e7561364e47_s104759/fold_ebvms_hla2_control_hy1_dq1_ebv_iedb_5e7561364e47_s104759_summary_confidences_3.json,SYS_MICROBIAL_MBP_HY1B11
/Users/anishsharma/Library/Mobile Documents/com~apple~CloudDocs/Downloads/folds_2026_08_26_23_12/ebvms_hla2_control_hy1_dq1_ebv_iedb_5e7561364e47_s104759/fold_ebvms_hla2_control_hy1_dq1_ebv_iedb_5e7561364e47_s104759_model_4.cif,"Computational pMHC geometry prioritization only; not evidence of presentation, TCR binding, activation, cross-reactivity, molecular mimicry, or MS mechanism.",YVVDLSVRG,3,HY1_DQ1_EBV_IEDB_5e7561364e47,/Users/anishsharma/Library/Mobile Documents/com~apple~CloudDocs/Downloads/folds_2026_08_26_23_12/ebvms_hla2_control_hy1_dq1_ebv_iedb_5e7561364e47_s104759/fold_ebvms_hla2_control_hy1_dq1_ebv_iedb_5e7561364e47_s104759_full_data_4.json,False,0.88,ebvms_hla2_control_hy1_dq1_ebv_iedb_5e7561364e47_s104759,True,194,202,PYYVVDLSVRGM,104759,0.88,0.95,True,4,pass_exact_clash_free,new_held_out_controls,/Users/anishsharma/Library/Mobile Documents/com~apple~CloudDocs/Downloads/folds_2026_08_26_23_12/ebvms_hla2_control_hy1_dq1_ebv_iedb_5e7561364e47_s104759/fold_ebvms_hla2_control_hy1_dq1_ebv_iedb_5e7561364e47_s104759_summary_confidences_4.json,SYS_MICROBIAL_MBP_HY1B11
/Users/anishsharma/Library/Mobile Documents/com~apple~CloudDocs/Downloads/folds_2026_08_26_23_12/ebvms_hla2_control_hy1_dq1_ebv_iedb_6fb6893091a7_s104729/fold_ebvms_hla2_control_hy1_dq1_ebv_iedb_6fb6893091a7_s104729_model_0.cif,"Computational pMHC geometry prioritization only; not evidence of presentation, TCR binding, activation, cross-reactivity, molecular mimicry, or MS mechanism.",FYNIPPMPL,3,HY1_DQ1_EBV_IEDB_6fb6893091a7,/Users/anishsharma/Library/Mobile Documents/com~apple~CloudDocs/Downloads/folds_2026_08_26_23_12/ebvms_hla2_control_hy1_dq1_ebv_iedb_6fb6893091a7_s104729/fold_ebvms_hla2_control_hy1_dq1_ebv_iedb_6fb6893091a7_s104729_full_data_0.json,False,0.89,ebvms_hla2_control_hy1_dq1_ebv_iedb_6fb6893091a7_s104729,True,194,202,TVFYNIPPMPL,104729,0.89,0.97,True,0,pass_exact_clash_free,new_held_out_controls,/Users/anishsharma/Library/Mobile Documents/com~apple~CloudDocs/Downloads/folds_2026_08_26_23_12/ebvms_hla2_control_hy1_dq1_ebv_iedb_6fb6893091a7_s104729/fold_ebvms_hla2_control_hy1_dq1_ebv_iedb_6fb6893091a7_s104729_summary_confidences_0.json,SYS_MICROBIAL_MBP_HY1B11
/Users/anishsharma/Library/Mobile Documents/com~apple~CloudDocs/Downloads/folds_2026_08_26_23_12/ebvms_hla2_control_hy1_dq1_ebv_iedb_6fb6893091a7_s104729/fold_ebvms_hla2_control_hy1_dq1_ebv_iedb_6fb6893091a7_s104729_model_1.cif,"Computational pMHC geometry prioritization only; not evidence of presentation, TCR binding, activation, cross-reactivity, molecular mimicry, or MS mechanism.",FYNIPPMPL,3,HY1_DQ1_EBV_IEDB_6fb6893091a7,/Users/anishsharma/Library/Mobile Documents/com~apple~CloudDocs/Downloads/folds_2026_08_26_23_12/ebvms_hla2_control_hy1_dq1_ebv_iedb_6fb6893091a7_s104729/fold_ebvms_hla2_control_hy1_dq1_ebv_iedb_6fb6893091a7_s104729_full_data_1.json,False,0.9,ebvms_hla2_control_hy1_dq1_ebv_iedb_6fb6893091a7_s104729,True,194,202,TVFYNIPPMPL,104729,0.89,0.97,True,1,pass_exact_clash_free,new_held_out_controls,/Users/anishsharma/Library/Mobile Documents/com~apple~CloudDocs/Downloads/folds_2026_08_26_23_12/ebvms_hla2_control_hy1_dq1_ebv_iedb_6fb6893091a7_s104729/fold_ebvms_hla2_control_hy1_dq1_ebv_iedb_6fb6893091a7_s104729_summary_confidences_1.json,SYS_MICROBIAL_MBP_HY1B11
/Users/anishsharma/Library/Mobile Documents/com~apple~CloudDocs/Downloads/folds_2026_08_26_23_12/ebvms_hla2_control_hy1_dq1_ebv_iedb_6fb6893091a7_s104729/fold_ebvms_hla2_control_hy1_dq1_ebv_iedb_6fb6893091a7_s104729_model_2.cif,"Computational pMHC geometry prioritization only; not evidence of presentation, TCR binding, activation, cross-reactivity, molecular mimicry, or MS mechanism.",FYNIPPMPL,3,HY1_DQ1_EBV_IEDB_6fb6893091a7,/Users/anishsharma/Library/Mobile Documents/com~apple~CloudDocs/Downloads/folds_2026_08_26_23_12/ebvms_hla2_control_hy1_dq1_ebv_iedb_6fb6893091a7_s104729/fold_ebvms_hla2_control_hy1_dq1_ebv_iedb_6fb6893091a7_s104729_full_data_2.json,False,0.9,ebvms_hla2_control_hy1_dq1_ebv_iedb_6fb6893091a7_s104729,True,194,202,TVFYNIPPMPL,104729,0.89,0.97,True,2,pass_exact_clash_free,new_held_out_controls,/Users/anishsharma/Library/Mobile Documents/com~apple~CloudDocs/Downloads/folds_2026_08_26_23_12/ebvms_hla2_control_hy1_dq1_ebv_iedb_6fb6893091a7_s104729/fold_ebvms_hla2_control_hy1_dq1_ebv_iedb_6fb6893091a7_s104729_summary_confidences_2.json,SYS_MICROBIAL_MBP_HY1B11
/Users/anishsharma/Library/Mobile Documents/com~apple~CloudDocs/Downloads/folds_2026_08_26_23_12/ebvms_hla2_control_hy1_dq1_ebv_iedb_6fb6893091a7_s104729/fold_ebvms_hla2_control_hy1_dq1_ebv_iedb_6fb6893091a7_s104729_model_3.cif,"Computational pMHC geometry prioritization only; not evidence of presentation, TCR binding, activation, cross-reactivity, molecular mimicry, or MS mechanism.",FYNIPPMPL,3,HY1_DQ1_EBV_IEDB_6fb6893091a7,/Users/anishsharma/Library/Mobile Documents/com~apple~CloudDocs/Downloads/folds_2026_08_26_23_12/ebvms_hla2_control_hy1_dq1_ebv_iedb_6fb6893091a7_s104729/fold_ebvms_hla2_control_hy1_dq1_ebv_iedb_6fb6893091a7_s104729_full_data_3.json,False,0.9,ebvms_hla2_control_hy1_dq1_ebv_iedb_6fb6893091a7_s104729,True,194,202,TVFYNIPPMPL,104729,0.89,0.97,True,3,pass_exact_clash_free,new_held_out_controls,/Users/anishsharma/Library/Mobile Documents/com~apple~CloudDocs/Downloads/folds_2026_08_26_23_12/ebvms_hla2_control_hy1_dq1_ebv_iedb_6fb6893091a7_s104729/fold_ebvms_hla2_control_hy1_dq1_ebv_iedb_6fb6893091a7_s104729_summary_confidences_3.json,SYS_MICROBIAL_MBP_HY1B11
/Users/anishsharma/Library/Mobile Documents/com~apple~CloudDocs/Downloads/folds_2026_08_26_23_12/ebvms_hla2_control_hy1_dq1_ebv_iedb_6fb6893091a7_s104729/fold_ebvms_hla2_control_hy1_dq1_ebv_iedb_6fb6893091a7_s104729_model_4.cif,"Computational pMHC geometry prioritization only; not evidence of presentation, TCR binding, activation, cross-reactivity, molecular mimicry, or MS mechanism.",FYNIPPMPL,3,HY1_DQ1_EBV_IEDB_6fb6893091a7,/Users/anishsharma/Library/Mobile Documents/com~apple~CloudDocs/Downloads/folds_2026_08_26_23_12/ebvms_hla2_control_hy1_dq1_ebv_iedb_6fb6893091a7_s104729/fold_ebvms_hla2_control_hy1_dq1_ebv_iedb_6fb6893091a7_s104729_full_data_4.json,False,0.9,ebvms_hla2_control_hy1_dq1_ebv_iedb_6fb6893091a7_s104729,True,194,202,TVFYNIPPMPL,104729,0.89,0.96,True,4,pass_exact_clash_free,new_held_out_controls,/Users/anishsharma/Library/Mobile Documents/com~apple~CloudDocs/Downloads/folds_2026_08_26_23_12/ebvms_hla2_control_hy1_dq1_ebv_iedb_6fb6893091a7_s104729/fold_ebvms_hla2_control_hy1_dq1_ebv_iedb_6fb6893091a7_s104729_summary_confidences_4.json,SYS_MICROBIAL_MBP_HY1B11
/Users/anishsharma/Library/Mobile Documents/com~apple~CloudDocs/Downloads/folds_2026_08_26_23_12/ebvms_hla2_control_hy1_dq1_ebv_iedb_6fb6893091a7_s104759/fold_ebvms_hla2_control_hy1_dq1_ebv_iedb_6fb6893091a7_s104759_model_0.cif,"Computational pMHC geometry prioritization only; not evidence of presentation, TCR binding, activation, cross-reactivity, molecular mimicry, or MS mechanism.",FYNIPPMPL,3,HY1_DQ1_EBV_IEDB_6fb6893091a7,/Users/anishsharma/Library/Mobile Documents/com~apple~CloudDocs/Downloads/folds_2026_08_26_23_12/ebvms_hla2_control_hy1_dq1_ebv_iedb_6fb6893091a7_s104759/fold_ebvms_hla2_control_hy1_dq1_ebv_iedb_6fb6893091a7_s104759_full_data_0.json,False,0.9,ebvms_hla2_control_hy1_dq1_ebv_iedb_6fb6893091a7_s104759,True,194,202,TVFYNIPPMPL,104759,0.89,0.97,True,0,pass_exact_clash_free,new_held_out_controls,/Users/anishsharma/Library/Mobile Documents/com~apple~CloudDocs/Downloads/folds_2026_08_26_23_12/ebvms_hla2_control_hy1_dq1_ebv_iedb_6fb6893091a7_s104759/fold_ebvms_hla2_control_hy1_dq1_ebv_iedb_6fb6893091a7_s104759_summary_confidences_0.json,SYS_MICROBIAL_MBP_HY1B11
/Users/anishsharma/Library/Mobile Documents/com~apple~CloudDocs/Downloads/folds_2026_08_26_23_12/ebvms_hla2_control_hy1_dq1_ebv_iedb_6fb6893091a7_s104759/fold_ebvms_hla2_control_hy1_dq1_ebv_iedb_6fb6893091a7_s104759_model_1.cif,"Computational pMHC geometry prioritization only; not evidence of presentation, TCR binding, activation, cross-reactivity, molecular mimicry, or MS mechanism.",FYNIPPMPL,3,HY1_DQ1_EBV_IEDB_6fb6893091a7,/Users/anishsharma/Library/Mobile Documents/com~apple~CloudDocs/Downloads/folds_2026_08_26_23_12/ebvms_hla2_control_hy1_dq1_ebv_iedb_6fb6893091a7_s104759/fold_ebvms_hla2_control_hy1_dq1_ebv_iedb_6fb6893091a7_s104759_full_data_1.json,False,0.9,ebvms_hla2_control_hy1_dq1_ebv_iedb_6fb6893091a7_s104759,True,194,202,TVFYNIPPMPL,104759,0.89,0.97,True,1,pass_exact_clash_free,new_held_out_controls,/Users/anishsharma/Library/Mobile Documents/com~apple~CloudDocs/Downloads/folds_2026_08_26_23_12/ebvms_hla2_control_hy1_dq1_ebv_iedb_6fb6893091a7_s104759/fold_ebvms_hla2_control_hy1_dq1_ebv_iedb_6fb6893091a7_s104759_summary_confidences_1.json,SYS_MICROBIAL_MBP_HY1B11
/Users/anishsharma/Library/Mobile Documents/com~apple~CloudDocs/Downloads/folds_2026_08_26_23_12/ebvms_hla2_control_hy1_dq1_ebv_iedb_6fb6893091a7_s104759/fold_ebvms_hla2_control_hy1_dq1_ebv_iedb_6fb6893091a7_s104759_model_2.cif,"Computational pMHC geometry prioritization only; not evidence of presentation, TCR binding, activation, cross-reactivity, molecular mimicry, or MS mechanism.",FYNIPPMPL,3,HY1_DQ1_EBV_IEDB_6fb6893091a7,/Users/anishsharma/Library/Mobile Documents/com~apple~CloudDocs/Downloads/folds_2026_08_26_23_12/ebvms_hla2_control_hy1_dq1_ebv_iedb_6fb6893091a7_s104759/fold_ebvms_hla2_control_hy1_dq1_ebv_iedb_6fb6893091a7_s104759_full_data_2.json,False,0.9,ebvms_hla2_control_hy1_dq1_ebv_iedb_6fb6893091a7_s104759,True,194,202,TVFYNIPPMPL,104759,0.89,0.97,True,2,pass_exact_clash_free,new_held_out_controls,/Users/anishsharma/Library/Mobile Documents/com~apple~CloudDocs/Downloads/folds_2026_08_26_23_12/ebvms_hla2_control_hy1_dq1_ebv_iedb_6fb6893091a7_s104759/fold_ebvms_hla2_control_hy1_dq1_ebv_iedb_6fb6893091a7_s104759_summary_confidences_2.json,SYS_MICROBIAL_MBP_HY1B11
/Users/anishsharma/Library/Mobile Documents/com~apple~CloudDocs/Downloads/folds_2026_08_26_23_12/ebvms_hla2_control_hy1_dq1_ebv_iedb_6fb6893091a7_s104759/fold_ebvms_hla2_control_hy1_dq1_ebv_iedb_6fb6893091a7_s104759_model_3.cif,"Computational pMHC geometry prioritization only; not evidence of presentation, TCR binding, activation, cross-reactivity, molecular mimicry, or MS mechanism.",FYNIPPMPL,3,HY1_DQ1_EBV_IEDB_6fb6893091a7,/Users/anishsharma/Library/Mobile Documents/com~apple~CloudDocs/Downloads/folds_2026_08_26_23_12/ebvms_hla2_control_hy1_dq1_ebv_iedb_6fb6893091a7_s104759/fold_ebvms_hla2_control_hy1_dq1_ebv_iedb_6fb6893091a7_s104759_full_data_3.json,False,0.9,ebvms_hla2_control_hy1_dq1_ebv_iedb_6fb6893091a7_s104759,True,194,202,TVFYNIPPMPL,104759,0.89,0.97,True,3,pass_exact_clash_free,new_held_out_controls,/Users/anishsharma/Library/Mobile Documents/com~apple~CloudDocs/Downloads/folds_2026_08_26_23_12/ebvms_hla2_control_hy1_dq1_ebv_iedb_6fb6893091a7_s104759/fold_ebvms_hla2_control_hy1_dq1_ebv_iedb_6fb6893091a7_s104759_summary_confidences_3.json,SYS_MICROBIAL_MBP_HY1B11
/Users/anishsharma/Library/Mobile Documents/com~apple~CloudDocs/Downloads/folds_2026_08_26_23_12/ebvms_hla2_control_hy1_dq1_ebv_iedb_6fb6893091a7_s104759/fold_ebvms_hla2_control_hy1_dq1_ebv_iedb_6fb6893091a7_s104759_model_4.cif,"Computational pMHC geometry prioritization only; not evidence of presentation, TCR binding, activation, cross-reactivity, molecular mimicry, or MS mechanism.",FYNIPPMPL,3,HY1_DQ1_EBV_IEDB_6fb6893091a7,/Users/anishsharma/Library/Mobile Documents/com~apple~CloudDocs/Downloads/folds_2026_08_26_23_12/ebvms_hla2_control_hy1_dq1_ebv_iedb_6fb6893091a7_s104759/fold_ebvms_hla2_control_hy1_dq1_ebv_iedb_6fb6893091a7_s104759_full_data_4.json,False,0.89,ebvms_hla2_control_hy1_dq1_ebv_iedb_6fb6893091a7_s104759,True,194,202,TVFYNIPPMPL,104759,0.89,0.96,True,4,pass_exact_clash_free,new_held_out_controls,/Users/anishsharma/Library/Mobile Documents/com~apple~CloudDocs/Downloads/folds_2026_08_26_23_12/ebvms_hla2_control_hy1_dq1_ebv_iedb_6fb6893091a7_s104759/fold_ebvms_hla2_control_hy1_dq1_ebv_iedb_6fb6893091a7_s104759_summary_confidences_4.json,SYS_MICROBIAL_MBP_HY1B11
/Users/anishsharma/Library/Mobile Documents/com~apple~CloudDocs/Downloads/folds_2026_08_26_23_12/ebvms_hla2_control_hy1_dq1_ebv_iedb_bce490b86fd9_s104729/fold_ebvms_hla2_control_hy1_dq1_ebv_iedb_bce490b86fd9_s104729_model_0.cif,"Computational pMHC geometry prioritization only; not evidence of presentation, TCR binding, activation, cross-reactivity, molecular mimicry, or MS mechanism.",ILIYNGWYA,4,HY1_DQ1_EBV_IEDB_bce490b86fd9,/Users/anishsharma/Library/Mobile Documents/com~apple~CloudDocs/Downloads/folds_2026_08_26_23_12/ebvms_hla2_control_hy1_dq1_ebv_iedb_bce490b86fd9_s104729/fold_ebvms_hla2_control_hy1_dq1_ebv_iedb_bce490b86fd9_s104729_full_data_0.json,False,0.9,ebvms_hla2_control_hy1_dq1_ebv_iedb_bce490b86fd9_s104729,True,194,202,VTNILIYNGWYADS,104729,0.89,0.97,True,0,pass_exact_clash_free,new_held_out_controls,/Users/anishsharma/Library/Mobile Documents/com~apple~CloudDocs/Downloads/folds_2026_08_26_23_12/ebvms_hla2_control_hy1_dq1_ebv_iedb_bce490b86fd9_s104729/fold_ebvms_hla2_control_hy1_dq1_ebv_iedb_bce490b86fd9_s104729_summary_confidences_0.json,SYS_MICROBIAL_MBP_HY1B11
/Users/anishsharma/Library/Mobile Documents/com~apple~CloudDocs/Downloads/folds_2026_08_26_23_12/ebvms_hla2_control_hy1_dq1_ebv_iedb_bce490b86fd9_s104729/fold_ebvms_hla2_control_hy1_dq1_ebv_iedb_bce490b86fd9_s104729_model_1.cif,"Computational pMHC geometry prioritization only; not evidence of presentation, TCR binding, activation, cross-reactivity, molecular mimicry, or MS mechanism.",ILIYNGWYA,4,HY1_DQ1_EBV_IEDB_bce490b86fd9,/Users/anishsharma/Library/Mobile Documents/com~apple~CloudDocs/Downloads/folds_2026_08_26_23_12/ebvms_hla2_control_hy1_dq1_ebv_iedb_bce490b86fd9_s104729/fold_ebvms_hla2_control_hy1_dq1_ebv_iedb_bce490b86fd9_s104729_full_data_1.json,False,0.9,ebvms_hla2_control_hy1_dq1_ebv_iedb_bce490b86fd9_s104729,True,194,202,VTNILIYNGWYADS,104729,0.89,0.97,True,1,pass_exact_clash_free,new_held_out_controls,/Users/anishsharma/Library/Mobile Documents/com~apple~CloudDocs/Downloads/folds_2026_08_26_23_12/ebvms_hla2_control_hy1_dq1_ebv_iedb_bce490b86fd9_s104729/fold_ebvms_hla2_control_hy1_dq1_ebv_iedb_bce490b86fd9_s104729_summary_confidences_1.json,SYS_MICROBIAL_MBP_HY1B11
/Users/anishsharma/Library/Mobile Documents/com~apple~CloudDocs/Downloads/folds_2026_08_26_23_12/ebvms_hla2_control_hy1_dq1_ebv_iedb_bce490b86fd9_s104729/fold_ebvms_hla2_control_hy1_dq1_ebv_iedb_bce490b86fd9_s104729_model_2.cif,"Computational pMHC geometry prioritization only; not evidence of presentation, TCR binding, activation, cross-reactivity, molecular mimicry, or MS mechanism.",ILIYNGWYA,4,HY1_DQ1_EBV_IEDB_bce490b86fd9,/Users/anishsharma/Library/Mobile Documents/com~apple~CloudDocs/Downloads/folds_2026_08_26_23_12/ebvms_hla2_control_hy1_dq1_ebv_iedb_bce490b86fd9_s104729/fold_ebvms_hla2_control_hy1_dq1_ebv_iedb_bce490b86fd9_s104729_full_data_2.json,False,0.9,ebvms_hla2_control_hy1_dq1_ebv_iedb_bce490b86fd9_s104729,True,194,202,VTNILIYNGWYADS,104729,0.89,0.97,True,2,pass_exact_clash_free,new_held_out_controls,/Users/anishsharma/Library/Mobile Documents/com~apple~CloudDocs/Downloads/folds_2026_08_26_23_12/ebvms_hla2_control_hy1_dq1_ebv_iedb_bce490b86fd9_s104729/fold_ebvms_hla2_control_hy1_dq1_ebv_iedb_bce490b86fd9_s104729_summary_confidences_2.json,SYS_MICROBIAL_MBP_HY1B11
/Users/anishsharma/Library/Mobile Documents/com~apple~CloudDocs/Downloads/folds_2026_08_26_23_12/ebvms_hla2_control_hy1_dq1_ebv_iedb_bce490b86fd9_s104729/fold_ebvms_hla2_control_hy1_dq1_ebv_iedb_bce490b86fd9_s104729_model_3.cif,"Computational pMHC geometry prioritization only; not evidence of presentation, TCR binding, activation, cross-reactivity, molecular mimicry, or MS mechanism.",ILIYNGWYA,4,HY1_DQ1_EBV_IEDB_bce490b86fd9,/Users/anishsharma/Library/Mobile Documents/com~apple~CloudDocs/Downloads/folds_2026_08_26_23_12/ebvms_hla2_control_hy1_dq1_ebv_iedb_bce490b86fd9_s104729/fold_ebvms_hla2_control_hy1_dq1_ebv_iedb_bce490b86fd9_s104729_full_data_3.json,False,0.9,ebvms_hla2_control_hy1_dq1_ebv_iedb_bce490b86fd9_s104729,True,194,202,VTNILIYNGWYADS,104729,0.89,0.97,True,3,pass_exact_clash_free,new_held_out_controls,/Users/anishsharma/Library/Mobile Documents/com~apple~CloudDocs/Downloads/folds_2026_08_26_23_12/ebvms_hla2_control_hy1_dq1_ebv_iedb_bce490b86fd9_s104729/fold_ebvms_hla2_control_hy1_dq1_ebv_iedb_bce490b86fd9_s104729_summary_confidences_3.json,SYS_MICROBIAL_MBP_HY1B11
/Users/anishsharma/Library/Mobile Documents/com~apple~CloudDocs/Downloads/folds_2026_08_26_23_12/ebvms_hla2_control_hy1_dq1_ebv_iedb_bce490b86fd9_s104729/fold_ebvms_hla2_control_hy1_dq1_ebv_iedb_bce490b86fd9_s104729_model_4.cif,"Computational pMHC geometry prioritization only; not evidence of presentation, TCR binding, activation, cross-reactivity, molecular mimicry, or MS mechanism.",ILIYNGWYA,4,HY1_DQ1_EBV_IEDB_bce490b86fd9,/Users/anishsharma/Library/Mobile Documents/com~apple~CloudDocs/Downloads/folds_2026_08_26_23_12/ebvms_hla2_control_hy1_dq1_ebv_iedb_bce490b86fd9_s104729/fold_ebvms_hla2_control_hy1_dq1_ebv_iedb_bce490b86fd9_s104729_full_data_4.json,False,0.9,ebvms_hla2_control_hy1_dq1_ebv_iedb_bce490b86fd9_s104729,True,194,202,VTNILIYNGWYADS,104729,0.89,0.96,True,4,pass_exact_clash_free,new_held_out_controls,/Users/anishsharma/Library/Mobile Documents/com~apple~CloudDocs/Downloads/folds_2026_08_26_23_12/ebvms_hla2_control_hy1_dq1_ebv_iedb_bce490b86fd9_s104729/fold_ebvms_hla2_control_hy1_dq1_ebv_iedb_bce490b86fd9_s104729_summary_confidences_4.json,SYS_MICROBIAL_MBP_HY1B11
/Users/anishsharma/Library/Mobile Documents/com~apple~CloudDocs/Downloads/folds_2026_08_26_23_12/ebvms_hla2_control_hy1_dq1_ebv_iedb_bce490b86fd9_s104759/fold_ebvms_hla2_control_hy1_dq1_ebv_iedb_bce490b86fd9_s104759_model_0.cif,"Computational pMHC geometry prioritization only; not evidence of presentation, TCR binding, activation, cross-reactivity, molecular mimicry, or MS mechanism.",ILIYNGWYA,4,HY1_DQ1_EBV_IEDB_bce490b86fd9,/Users/anishsharma/Library/Mobile Documents/com~apple~CloudDocs/Downloads/folds_2026_08_26_23_12/ebvms_hla2_control_hy1_dq1_ebv_iedb_bce490b86fd9_s104759/fold_ebvms_hla2_control_hy1_dq1_ebv_iedb_bce490b86fd9_s104759_full_data_0.json,False,0.9,ebvms_hla2_control_hy1_dq1_ebv_iedb_bce490b86fd9_s104759,True,194,202,VTNILIYNGWYADS,104759,0.89,0.97,True,0,pass_exact_clash_free,new_held_out_controls,/Users/anishsharma/Library/Mobile Documents/com~apple~CloudDocs/Downloads/folds_2026_08_26_23_12/ebvms_hla2_control_hy1_dq1_ebv_iedb_bce490b86fd9_s104759/fold_ebvms_hla2_control_hy1_dq1_ebv_iedb_bce490b86fd9_s104759_summary_confidences_0.json,SYS_MICROBIAL_MBP_HY1B11
/Users/anishsharma/Library/Mobile Documents/com~apple~CloudDocs/Downloads/folds_2026_08_26_23_12/ebvms_hla2_control_hy1_dq1_ebv_iedb_bce490b86fd9_s104759/fold_ebvms_hla2_control_hy1_dq1_ebv_iedb_bce490b86fd9_s104759_model_1.cif,"Computational pMHC geometry prioritization only; not evidence of presentation, TCR binding, activation, cross-reactivity, molecular mimicry, or MS mechanism.",ILIYNGWYA,4,HY1_DQ1_EBV_IEDB_bce490b86fd9,/Users/anishsharma/Library/Mobile Documents/com~apple~CloudDocs/Downloads/folds_2026_08_26_23_12/ebvms_hla2_control_hy1_dq1_ebv_iedb_bce490b86fd9_s104759/fold_ebvms_hla2_control_hy1_dq1_ebv_iedb_bce490b86fd9_s104759_full_data_1.json,False,0.89,ebvms_hla2_control_hy1_dq1_ebv_iedb_bce490b86fd9_s104759,True,194,202,VTNILIYNGWYADS,104759,0.89,0.97,True,1,pass_exact_clash_free,new_held_out_controls,/Users/anishsharma/Library/Mobile Documents/com~apple~CloudDocs/Downloads/folds_2026_08_26_23_12/ebvms_hla2_control_hy1_dq1_ebv_iedb_bce490b86fd9_s104759/fold_ebvms_hla2_control_hy1_dq1_ebv_iedb_bce490b86fd9_s104759_summary_confidences_1.json,SYS_MICROBIAL_MBP_HY1B11
/Users/anishsharma/Library/Mobile Documents/com~apple~CloudDocs/Downloads/folds_2026_08_26_23_12/ebvms_hla2_control_hy1_dq1_ebv_iedb_bce490b86fd9_s104759/fold_ebvms_hla2_control_hy1_dq1_ebv_iedb_bce490b86fd9_s104759_model_2.cif,"Computational pMHC geometry prioritization only; not evidence of presentation, TCR binding, activation, cross-reactivity, molecular mimicry, or MS mechanism.",ILIYNGWYA,4,HY1_DQ1_EBV_IEDB_bce490b86fd9,/Users/anishsharma/Library/Mobile Documents/com~apple~CloudDocs/Downloads/folds_2026_08_26_23_12/ebvms_hla2_control_hy1_dq1_ebv_iedb_bce490b86fd9_s104759/fold_ebvms_hla2_control_hy1_dq1_ebv_iedb_bce490b86fd9_s104759_full_data_2.json,False,0.9,ebvms_hla2_control_hy1_dq1_ebv_iedb_bce490b86fd9_s104759,True,194,202,VTNILIYNGWYADS,104759,0.89,0.97,True,2,pass_exact_clash_free,new_held_out_controls,/Users/anishsharma/Library/Mobile Documents/com~apple~CloudDocs/Downloads/folds_2026_08_26_23_12/ebvms_hla2_control_hy1_dq1_ebv_iedb_bce490b86fd9_s104759/fold_ebvms_hla2_control_hy1_dq1_ebv_iedb_bce490b86fd9_s104759_summary_confidences_2.json,SYS_MICROBIAL_MBP_HY1B11
/Users/anishsharma/Library/Mobile Documents/com~apple~CloudDocs/Downloads/folds_2026_08_26_23_12/ebvms_hla2_control_hy1_dq1_ebv_iedb_bce490b86fd9_s104759/fold_ebvms_hla2_control_hy1_dq1_ebv_iedb_bce490b86fd9_s104759_model_3.cif,"Computational pMHC geometry prioritization only; not evidence of presentation, TCR binding, activation, cross-reactivity, molecular mimicry, or MS mechanism.",ILIYNGWYA,4,HY1_DQ1_EBV_IEDB_bce490b86fd9,/Users/anishsharma/Library/Mobile Documents/com~apple~CloudDocs/Downloads/folds_2026_08_26_23_12/ebvms_hla2_control_hy1_dq1_ebv_iedb_bce490b86fd9_s104759/fold_ebvms_hla2_control_hy1_dq1_ebv_iedb_bce490b86fd9_s104759_full_data_3.json,False,0.89,ebvms_hla2_control_hy1_dq1_ebv_iedb_bce490b86fd9_s104759,True,194,202,VTNILIYNGWYADS,104759,0.89,0.97,True,3,pass_exact_clash_free,new_held_out_controls,/Users/anishsharma/Library/Mobile Documents/com~apple~CloudDocs/Downloads/folds_2026_08_26_23_12/ebvms_hla2_control_hy1_dq1_ebv_iedb_bce490b86fd9_s104759/fold_ebvms_hla2_control_hy1_dq1_ebv_iedb_bce490b86fd9_s104759_summary_confidences_3.json,SYS_MICROBIAL_MBP_HY1B11
/Users/anishsharma/Library/Mobile Documents/com~apple~CloudDocs/Downloads/folds_2026_08_26_23_12/ebvms_hla2_control_hy1_dq1_ebv_iedb_bce490b86fd9_s104759/fold_ebvms_hla2_control_hy1_dq1_ebv_iedb_bce490b86fd9_s104759_model_4.cif,"Computational pMHC geometry prioritization only; not evidence of presentation, TCR binding, activation, cross-reactivity, molecular mimicry, or MS mechanism.",ILIYNGWYA,4,HY1_DQ1_EBV_IEDB_bce490b86fd9,/Users/anishsharma/Library/Mobile Documents/com~apple~CloudDocs/Downloads/folds_2026_08_26_23_12/ebvms_hla2_control_hy1_dq1_ebv_iedb_bce490b86fd9_s104759/fold_ebvms_hla2_control_hy1_dq1_ebv_iedb_bce490b86fd9_s104759_full_data_4.json,False,0.89,ebvms_hla2_control_hy1_dq1_ebv_iedb_bce490b86fd9_s104759,True,194,202,VTNILIYNGWYADS,104759,0.89,0.96,True,4,pass_exact_clash_free,new_held_out_controls,/Users/anishsharma/Library/Mobile Documents/com~apple~CloudDocs/Downloads/folds_2026_08_26_23_12/ebvms_hla2_control_hy1_dq1_ebv_iedb_bce490b86fd9_s104759/fold_ebvms_hla2_control_hy1_dq1_ebv_iedb_bce490b86fd9_s104759_summary_confidences_4.json,SYS_MICROBIAL_MBP_HY1B11
/Users/anishsharma/Library/Mobile Documents/com~apple~CloudDocs/Downloads/folds_2026_08_26_23_12/ebvms_hla2_control_hy1_dq1_ebv_iedb_bef86355da5a_s104729/fold_ebvms_hla2_control_hy1_dq1_ebv_iedb_bef86355da5a_s104729_model_0.cif,"Computational pMHC geometry prioritization only; not evidence of presentation, TCR binding, activation, cross-reactivity, molecular mimicry, or MS mechanism.",PVGEADYFE,2,HY1_DQ1_EBV_IEDB_bef86355da5a,/Users/anishsharma/Library/Mobile Documents/com~apple~CloudDocs/Downloads/folds_2026_08_26_23_12/ebvms_hla2_control_hy1_dq1_ebv_iedb_bef86355da5a_s104729/fold_ebvms_hla2_control_hy1_dq1_ebv_iedb_bef86355da5a_s104729_full_data_0.json,False,0.9,ebvms_hla2_control_hy1_dq1_ebv_iedb_bef86355da5a_s104729,True,194,202,HPVGEADYFEY,104729,0.89,0.97,True,0,pass_exact_clash_free,new_held_out_controls,/Users/anishsharma/Library/Mobile Documents/com~apple~CloudDocs/Downloads/folds_2026_08_26_23_12/ebvms_hla2_control_hy1_dq1_ebv_iedb_bef86355da5a_s104729/fold_ebvms_hla2_control_hy1_dq1_ebv_iedb_bef86355da5a_s104729_summary_confidences_0.json,SYS_MICROBIAL_MBP_HY1B11
/Users/anishsharma/Library/Mobile Documents/com~apple~CloudDocs/Downloads/folds_2026_08_26_23_12/ebvms_hla2_control_hy1_dq1_ebv_iedb_bef86355da5a_s104729/fold_ebvms_hla2_control_hy1_dq1_ebv_iedb_bef86355da5a_s104729_model_1.cif,"Computational pMHC geometry prioritization only; not evidence of presentation, TCR binding, activation, cross-reactivity, molecular mimicry, or MS mechanism.",PVGEADYFE,2,HY1_DQ1_EBV_IEDB_bef86355da5a,/Users/anishsharma/Library/Mobile Documents/com~apple~CloudDocs/Downloads/folds_2026_08_26_23_12/ebvms_hla2_control_hy1_dq1_ebv_iedb_bef86355da5a_s104729/fold_ebvms_hla2_control_hy1_dq1_ebv_iedb_bef86355da5a_s104729_full_data_1.json,False,0.9,ebvms_hla2_control_hy1_dq1_ebv_iedb_bef86355da5a_s104729,True,194,202,HPVGEADYFEY,104729,0.89,0.97,True,1,pass_exact_clash_free,new_held_out_controls,/Users/anishsharma/Library/Mobile Documents/com~apple~CloudDocs/Downloads/folds_2026_08_26_23_12/ebvms_hla2_control_hy1_dq1_ebv_iedb_bef86355da5a_s104729/fold_ebvms_hla2_control_hy1_dq1_ebv_iedb_bef86355da5a_s104729_summary_confidences_1.json,SYS_MICROBIAL_MBP_HY1B11
/Users/anishsharma/Library/Mobile Documents/com~apple~CloudDocs/Downloads/folds_2026_08_26_23_12/ebvms_hla2_control_hy1_dq1_ebv_iedb_bef86355da5a_s104729/fold_ebvms_hla2_control_hy1_dq1_ebv_iedb_bef86355da5a_s104729_model_2.cif,"Computational pMHC geometry prioritization only; not evidence of presentation, TCR binding, activation, cross-reactivity, molecular mimicry, or MS mechanism.",PVGEADYFE,2,HY1_DQ1_EBV_IEDB_bef86355da5a,/Users/anishsharma/Library/Mobile Documents/com~apple~CloudDocs/Downloads/folds_2026_08_26_23_12/ebvms_hla2_control_hy1_dq1_ebv_iedb_bef86355da5a_s104729/fold_ebvms_hla2_control_hy1_dq1_ebv_iedb_bef86355da5a_s104729_full_data_2.json,False,0.9,ebvms_hla2_control_hy1_dq1_ebv_iedb_bef86355da5a_s104729,True,194,202,HPVGEADYFEY,104729,0.89,0.97,True,2,pass_exact_clash_free,new_held_out_controls,/Users/anishsharma/Library/Mobile Documents/com~apple~CloudDocs/Downloads/folds_2026_08_26_23_12/ebvms_hla2_control_hy1_dq1_ebv_iedb_bef86355da5a_s104729/fold_ebvms_hla2_control_hy1_dq1_ebv_iedb_bef86355da5a_s104729_summary_confidences_2.json,SYS_MICROBIAL_MBP_HY1B11
/Users/anishsharma/Library/Mobile Documents/com~apple~CloudDocs/Downloads/folds_2026_08_26_23_12/ebvms_hla2_control_hy1_dq1_ebv_iedb_bef86355da5a_s104729/fold_ebvms_hla2_control_hy1_dq1_ebv_iedb_bef86355da5a_s104729_model_3.cif,"Computational pMHC geometry prioritization only; not evidence of presentation, TCR binding, activation, cross-reactivity, molecular mimicry, or MS mechanism.",PVGEADYFE,2,HY1_DQ1_EBV_IEDB_bef86355da5a,/Users/anishsharma/Library/Mobile Documents/com~apple~CloudDocs/Downloads/folds_2026_08_26_23_12/ebvms_hla2_control_hy1_dq1_ebv_iedb_bef86355da5a_s104729/fold_ebvms_hla2_control_hy1_dq1_ebv_iedb_bef86355da5a_s104729_full_data_3.json,False,0.9,ebvms_hla2_control_hy1_dq1_ebv_iedb_bef86355da5a_s104729,True,194,202,HPVGEADYFEY,104729,0.89,0.97,True,3,pass_exact_clash_free,new_held_out_controls,/Users/anishsharma/Library/Mobile Documents/com~apple~CloudDocs/Downloads/folds_2026_08_26_23_12/ebvms_hla2_control_hy1_dq1_ebv_iedb_bef86355da5a_s104729/fold_ebvms_hla2_control_hy1_dq1_ebv_iedb_bef86355da5a_s104729_summary_confidences_3.json,SYS_MICROBIAL_MBP_HY1B11
/Users/anishsharma/Library/Mobile Documents/com~apple~CloudDocs/Downloads/folds_2026_08_26_23_12/ebvms_hla2_control_hy1_dq1_ebv_iedb_bef86355da5a_s104729/fold_ebvms_hla2_control_hy1_dq1_ebv_iedb_bef86355da5a_s104729_model_4.cif,"Computational pMHC geometry prioritization only; not evidence of presentation, TCR binding, activation, cross-reactivity, molecular mimicry, or MS mechanism.",PVGEADYFE,2,HY1_DQ1_EBV_IEDB_bef86355da5a,/Users/anishsharma/Library/Mobile Documents/com~apple~CloudDocs/Downloads/folds_2026_08_26_23_12/ebvms_hla2_control_hy1_dq1_ebv_iedb_bef86355da5a_s104729/fold_ebvms_hla2_control_hy1_dq1_ebv_iedb_bef86355da5a_s104729_full_data_4.json,False,0.9,ebvms_hla2_control_hy1_dq1_ebv_iedb_bef86355da5a_s104729,True,194,202,HPVGEADYFEY,104729,0.89,0.96,True,4,pass_exact_clash_free,new_held_out_controls,/Users/anishsharma/Library/Mobile Documents/com~apple~CloudDocs/Downloads/folds_2026_08_26_23_12/ebvms_hla2_control_hy1_dq1_ebv_iedb_bef86355da5a_s104729/fold_ebvms_hla2_control_hy1_dq1_ebv_iedb_bef86355da5a_s104729_summary_confidences_4.json,SYS_MICROBIAL_MBP_HY1B11
/Users/anishsharma/Library/Mobile Documents/com~apple~CloudDocs/Downloads/folds_2026_08_26_23_12/ebvms_hla2_control_hy1_dq1_ebv_iedb_bef86355da5a_s104759/fold_ebvms_hla2_control_hy1_dq1_ebv_iedb_bef86355da5a_s104759_model_0.cif,"Computational pMHC geometry prioritization only; not evidence of presentation, TCR binding, activation, cross-reactivity, molecular mimicry, or MS mechanism.",PVGEADYFE,2,HY1_DQ1_EBV_IEDB_bef86355da5a,/Users/anishsharma/Library/Mobile Documents/com~apple~CloudDocs/Downloads/folds_2026_08_26_23_12/ebvms_hla2_control_hy1_dq1_ebv_iedb_bef86355da5a_s104759/fold_ebvms_hla2_control_hy1_dq1_ebv_iedb_bef86355da5a_s104759_full_data_0.json,False,0.89,ebvms_hla2_control_hy1_dq1_ebv_iedb_bef86355da5a_s104759,True,194,202,HPVGEADYFEY,104759,0.89,0.97,True,0,pass_exact_clash_free,new_held_out_controls,/Users/anishsharma/Library/Mobile Documents/com~apple~CloudDocs/Downloads/folds_2026_08_26_23_12/ebvms_hla2_control_hy1_dq1_ebv_iedb_bef86355da5a_s104759/fold_ebvms_hla2_control_hy1_dq1_ebv_iedb_bef86355da5a_s104759_summary_confidences_0.json,SYS_MICROBIAL_MBP_HY1B11
/Users/anishsharma/Library/Mobile Documents/com~apple~CloudDocs/Downloads/folds_2026_08_26_23_12/ebvms_hla2_control_hy1_dq1_ebv_iedb_bef86355da5a_s104759/fold_ebvms_hla2_control_hy1_dq1_ebv_iedb_bef86355da5a_s104759_model_1.cif,"Computational pMHC geometry prioritization only; not evidence of presentation, TCR binding, activation, cross-reactivity, molecular mimicry, or MS mechanism.",PVGEADYFE,2,HY1_DQ1_EBV_IEDB_bef86355da5a,/Users/anishsharma/Library/Mobile Documents/com~apple~CloudDocs/Downloads/folds_2026_08_26_23_12/ebvms_hla2_control_hy1_dq1_ebv_iedb_bef86355da5a_s104759/fold_ebvms_hla2_control_hy1_dq1_ebv_iedb_bef86355da5a_s104759_full_data_1.json,False,0.89,ebvms_hla2_control_hy1_dq1_ebv_iedb_bef86355da5a_s104759,True,194,202,HPVGEADYFEY,104759,0.89,0.97,True,1,pass_exact_clash_free,new_held_out_controls,/Users/anishsharma/Library/Mobile Documents/com~apple~CloudDocs/Downloads/folds_2026_08_26_23_12/ebvms_hla2_control_hy1_dq1_ebv_iedb_bef86355da5a_s104759/fold_ebvms_hla2_control_hy1_dq1_ebv_iedb_bef86355da5a_s104759_summary_confidences_1.json,SYS_MICROBIAL_MBP_HY1B11
/Users/anishsharma/Library/Mobile Documents/com~apple~CloudDocs/Downloads/folds_2026_08_26_23_12/ebvms_hla2_control_hy1_dq1_ebv_iedb_bef86355da5a_s104759/fold_ebvms_hla2_control_hy1_dq1_ebv_iedb_bef86355da5a_s104759_model_2.cif,"Computational pMHC geometry prioritization only; not evidence of presentation, TCR binding, activation, cross-reactivity, molecular mimicry, or MS mechanism.",PVGEADYFE,2,HY1_DQ1_EBV_IEDB_bef86355da5a,/Users/anishsharma/Library/Mobile Documents/com~apple~CloudDocs/Downloads/folds_2026_08_26_23_12/ebvms_hla2_control_hy1_dq1_ebv_iedb_bef86355da5a_s104759/fold_ebvms_hla2_control_hy1_dq1_ebv_iedb_bef86355da5a_s104759_full_data_2.json,False,0.89,ebvms_hla2_control_hy1_dq1_ebv_iedb_bef86355da5a_s104759,True,194,202,HPVGEADYFEY,104759,0.89,0.96,True,2,pass_exact_clash_free,new_held_out_controls,/Users/anishsharma/Library/Mobile Documents/com~apple~CloudDocs/Downloads/folds_2026_08_26_23_12/ebvms_hla2_control_hy1_dq1_ebv_iedb_bef86355da5a_s104759/fold_ebvms_hla2_control_hy1_dq1_ebv_iedb_bef86355da5a_s104759_summary_confidences_2.json,SYS_MICROBIAL_MBP_HY1B11
/Users/anishsharma/Library/Mobile Documents/com~apple~CloudDocs/Downloads/folds_2026_08_26_23_12/ebvms_hla2_control_hy1_dq1_ebv_iedb_bef86355da5a_s104759/fold_ebvms_hla2_control_hy1_dq1_ebv_iedb_bef86355da5a_s104759_model_3.cif,"Computational pMHC geometry prioritization only; not evidence of presentation, TCR binding, activation, cross-reactivity, molecular mimicry, or MS mechanism.",PVGEADYFE,2,HY1_DQ1_EBV_IEDB_bef86355da5a,/Users/anishsharma/Library/Mobile Documents/com~apple~CloudDocs/Downloads/folds_2026_08_26_23_12/ebvms_hla2_control_hy1_dq1_ebv_iedb_bef86355da5a_s104759/fold_ebvms_hla2_control_hy1_dq1_ebv_iedb_bef86355da5a_s104759_full_data_3.json,False,0.89,ebvms_hla2_control_hy1_dq1_ebv_iedb_bef86355da5a_s104759,True,194,202,HPVGEADYFEY,104759,0.89,0.96,True,3,pass_exact_clash_free,new_held_out_controls,/Users/anishsharma/Library/Mobile Documents/com~apple~CloudDocs/Downloads/folds_2026_08_26_23_12/ebvms_hla2_control_hy1_dq1_ebv_iedb_bef86355da5a_s104759/fold_ebvms_hla2_control_hy1_dq1_ebv_iedb_bef86355da5a_s104759_summary_confidences_3.json,SYS_MICROBIAL_MBP_HY1B11
/Users/anishsharma/Library/Mobile Documents/com~apple~CloudDocs/Downloads/folds_2026_08_26_23_12/ebvms_hla2_control_hy1_dq1_ebv_iedb_bef86355da5a_s104759/fold_ebvms_hla2_control_hy1_dq1_ebv_iedb_bef86355da5a_s104759_model_4.cif,"Computational pMHC geometry prioritization only; not evidence of presentation, TCR binding, activation, cross-reactivity, molecular mimicry, or MS mechanism.",PVGEADYFE,2,HY1_DQ1_EBV_IEDB_bef86355da5a,/Users/anishsharma/Library/Mobile Documents/com~apple~CloudDocs/Downloads/folds_2026_08_26_23_12/ebvms_hla2_control_hy1_dq1_ebv_iedb_bef86355da5a_s104759/fold_ebvms_hla2_control_hy1_dq1_ebv_iedb_bef86355da5a_s104759_full_data_4.json,False,0.89,ebvms_hla2_control_hy1_dq1_ebv_iedb_bef86355da5a_s104759,True,194,202,HPVGEADYFEY,104759,0.89,0.95,True,4,pass_exact_clash_free,new_held_out_controls,/Users/anishsharma/Library/Mobile Documents/com~apple~CloudDocs/Downloads/folds_2026_08_26_23_12/ebvms_hla2_control_hy1_dq1_ebv_iedb_bef86355da5a_s104759/fold_ebvms_hla2_control_hy1_dq1_ebv_iedb_bef86355da5a_s104759_summary_confidences_4.json,SYS_MICROBIAL_MBP_HY1B11
/Users/anishsharma/Library/Mobile Documents/com~apple~CloudDocs/Downloads/folds_2026_08_26_23_12/ebvms_hla2_control_hy1_dq1_ebv_iedb_d63c3a4aff32_s104729/fold_ebvms_hla2_control_hy1_dq1_ebv_iedb_d63c3a4aff32_s104729_model_0.cif,"Computational pMHC geometry prioritization only; not evidence of presentation, TCR binding, activation, cross-reactivity, molecular mimicry, or MS mechanism.",ELPYIDPNM,4,HY1_DQ1_EBV_IEDB_d63c3a4aff32,/Users/anishsharma/Library/Mobile Documents/com~apple~CloudDocs/Downloads/folds_2026_08_26_23_12/ebvms_hla2_control_hy1_dq1_ebv_iedb_d63c3a4aff32_s104729/fold_ebvms_hla2_control_hy1_dq1_ebv_iedb_d63c3a4aff32_s104729_full_data_0.json,False,0.89,ebvms_hla2_control_hy1_dq1_ebv_iedb_d63c3a4aff32_s104729,True,194,202,SDDELPYIDPNMEPV,104729,0.89,0.96,True,0,pass_exact_clash_free,new_held_out_controls,/Users/anishsharma/Library/Mobile Documents/com~apple~CloudDocs/Downloads/folds_2026_08_26_23_12/ebvms_hla2_control_hy1_dq1_ebv_iedb_d63c3a4aff32_s104729/fold_ebvms_hla2_control_hy1_dq1_ebv_iedb_d63c3a4aff32_s104729_summary_confidences_0.json,SYS_MICROBIAL_MBP_HY1B11
/Users/anishsharma/Library/Mobile Documents/com~apple~CloudDocs/Downloads/folds_2026_08_26_23_12/ebvms_hla2_control_hy1_dq1_ebv_iedb_d63c3a4aff32_s104729/fold_ebvms_hla2_control_hy1_dq1_ebv_iedb_d63c3a4aff32_s104729_model_1.cif,"Computational pMHC geometry prioritization only; not evidence of presentation, TCR binding, activation, cross-reactivity, molecular mimicry, or MS mechanism.",ELPYIDPNM,4,HY1_DQ1_EBV_IEDB_d63c3a4aff32,/Users/anishsharma/Library/Mobile Documents/com~apple~CloudDocs/Downloads/folds_2026_08_26_23_12/ebvms_hla2_control_hy1_dq1_ebv_iedb_d63c3a4aff32_s104729/fold_ebvms_hla2_control_hy1_dq1_ebv_iedb_d63c3a4aff32_s104729_full_data_1.json,False,0.88,ebvms_hla2_control_hy1_dq1_ebv_iedb_d63c3a4aff32_s104729,True,194,202,SDDELPYIDPNMEPV,104729,0.89,0.96,True,1,pass_exact_clash_free,new_held_out_controls,/Users/anishsharma/Library/Mobile Documents/com~apple~CloudDocs/Downloads/folds_2026_08_26_23_12/ebvms_hla2_control_hy1_dq1_ebv_iedb_d63c3a4aff32_s104729/fold_ebvms_hla2_control_hy1_dq1_ebv_iedb_d63c3a4aff32_s104729_summary_confidences_1.json,SYS_MICROBIAL_MBP_HY1B11
/Users/anishsharma/Library/Mobile Documents/com~apple~CloudDocs/Downloads/folds_2026_08_26_23_12/ebvms_hla2_control_hy1_dq1_ebv_iedb_d63c3a4aff32_s104729/fold_ebvms_hla2_control_hy1_dq1_ebv_iedb_d63c3a4aff32_s104729_model_2.cif,"Computational pMHC geometry prioritization only; not evidence of presentation, TCR binding, activation, cross-reactivity, molecular mimicry, or MS mechanism.",ELPYIDPNM,4,HY1_DQ1_EBV_IEDB_d63c3a4aff32,/Users/anishsharma/Library/Mobile Documents/com~apple~CloudDocs/Downloads/folds_2026_08_26_23_12/ebvms_hla2_control_hy1_dq1_ebv_iedb_d63c3a4aff32_s104729/fold_ebvms_hla2_control_hy1_dq1_ebv_iedb_d63c3a4aff32_s104729_full_data_2.json,False,0.89,ebvms_hla2_control_hy1_dq1_ebv_iedb_d63c3a4aff32_s104729,True,194,202,SDDELPYIDPNMEPV,104729,0.89,0.96,True,2,pass_exact_clash_free,new_held_out_controls,/Users/anishsharma/Library/Mobile Documents/com~apple~CloudDocs/Downloads/folds_2026_08_26_23_12/ebvms_hla2_control_hy1_dq1_ebv_iedb_d63c3a4aff32_s104729/fold_ebvms_hla2_control_hy1_dq1_ebv_iedb_d63c3a4aff32_s104729_summary_confidences_2.json,SYS_MICROBIAL_MBP_HY1B11
/Users/anishsharma/Library/Mobile Documents/com~apple~CloudDocs/Downloads/folds_2026_08_26_23_12/ebvms_hla2_control_hy1_dq1_ebv_iedb_d63c3a4aff32_s104729/fold_ebvms_hla2_control_hy1_dq1_ebv_iedb_d63c3a4aff32_s104729_model_3.cif,"Computational pMHC geometry prioritization only; not evidence of presentation, TCR binding, activation, cross-reactivity, molecular mimicry, or MS mechanism.",ELPYIDPNM,4,HY1_DQ1_EBV_IEDB_d63c3a4aff32,/Users/anishsharma/Library/Mobile Documents/com~apple~CloudDocs/Downloads/folds_2026_08_26_23_12/ebvms_hla2_control_hy1_dq1_ebv_iedb_d63c3a4aff32_s104729/fold_ebvms_hla2_control_hy1_dq1_ebv_iedb_d63c3a4aff32_s104729_full_data_3.json,False,0.87,ebvms_hla2_control_hy1_dq1_ebv_iedb_d63c3a4aff32_s104729,True,194,202,SDDELPYIDPNMEPV,104729,0.88,0.95,True,3,pass_exact_clash_free,new_held_out_controls,/Users/anishsharma/Library/Mobile Documents/com~apple~CloudDocs/Downloads/folds_2026_08_26_23_12/ebvms_hla2_control_hy1_dq1_ebv_iedb_d63c3a4aff32_s104729/fold_ebvms_hla2_control_hy1_dq1_ebv_iedb_d63c3a4aff32_s104729_summary_confidences_3.json,SYS_MICROBIAL_MBP_HY1B11
/Users/anishsharma/Library/Mobile Documents/com~apple~CloudDocs/Downloads/folds_2026_08_26_23_12/ebvms_hla2_control_hy1_dq1_ebv_iedb_d63c3a4aff32_s104729/fold_ebvms_hla2_control_hy1_dq1_ebv_iedb_d63c3a4aff32_s104729_model_4.cif,"Computational pMHC geometry prioritization only; not evidence of presentation, TCR binding, activation, cross-reactivity, molecular mimicry, or MS mechanism.",ELPYIDPNM,4,HY1_DQ1_EBV_IEDB_d63c3a4aff32,/Users/anishsharma/Library/Mobile Documents/com~apple~CloudDocs/Downloads/folds_2026_08_26_23_12/ebvms_hla2_control_hy1_dq1_ebv_iedb_d63c3a4aff32_s104729/fold_ebvms_hla2_control_hy1_dq1_ebv_iedb_d63c3a4aff32_s104729_full_data_4.json,False,0.88,ebvms_hla2_control_hy1_dq1_ebv_iedb_d63c3a4aff32_s104729,True,194,202,SDDELPYIDPNMEPV,104729,0.88,0.95,True,4,pass_exact_clash_free,new_held_out_controls,/Users/anishsharma/Library/Mobile Documents/com~apple~CloudDocs/Downloads/folds_2026_08_26_23_12/ebvms_hla2_control_hy1_dq1_ebv_iedb_d63c3a4aff32_s104729/fold_ebvms_hla2_control_hy1_dq1_ebv_iedb_d63c3a4aff32_s104729_summary_confidences_4.json,SYS_MICROBIAL_MBP_HY1B11
/Users/anishsharma/Library/Mobile Documents/com~apple~CloudDocs/Downloads/folds_2026_08_26_23_12/ebvms_hla2_control_hy1_dq1_ebv_iedb_d63c3a4aff32_s104759/fold_ebvms_hla2_control_hy1_dq1_ebv_iedb_d63c3a4aff32_s104759_model_0.cif,"Computational pMHC geometry prioritization only; not evidence of presentation, TCR binding, activation, cross-reactivity, molecular mimicry, or MS mechanism.",ELPYIDPNM,4,HY1_DQ1_EBV_IEDB_d63c3a4aff32,/Users/anishsharma/Library/Mobile Documents/com~apple~CloudDocs/Downloads/folds_2026_08_26_23_12/ebvms_hla2_control_hy1_dq1_ebv_iedb_d63c3a4aff32_s104759/fold_ebvms_hla2_control_hy1_dq1_ebv_iedb_d63c3a4aff32_s104759_full_data_0.json,False,0.89,ebvms_hla2_control_hy1_dq1_ebv_iedb_d63c3a4aff32_s104759,True,194,202,SDDELPYIDPNMEPV,104759,0.88,0.96,True,0,pass_exact_clash_free,new_held_out_controls,/Users/anishsharma/Library/Mobile Documents/com~apple~CloudDocs/Downloads/folds_2026_08_26_23_12/ebvms_hla2_control_hy1_dq1_ebv_iedb_d63c3a4aff32_s104759/fold_ebvms_hla2_control_hy1_dq1_ebv_iedb_d63c3a4aff32_s104759_summary_confidences_0.json,SYS_MICROBIAL_MBP_HY1B11
/Users/anishsharma/Library/Mobile Documents/com~apple~CloudDocs/Downloads/folds_2026_08_26_23_12/ebvms_hla2_control_hy1_dq1_ebv_iedb_d63c3a4aff32_s104759/fold_ebvms_hla2_control_hy1_dq1_ebv_iedb_d63c3a4aff32_s104759_model_1.cif,"Computational pMHC geometry prioritization only; not evidence of presentation, TCR binding, activation, cross-reactivity, molecular mimicry, or MS mechanism.",ELPYIDPNM,4,HY1_DQ1_EBV_IEDB_d63c3a4aff32,/Users/anishsharma/Library/Mobile Documents/com~apple~CloudDocs/Downloads/folds_2026_08_26_23_12/ebvms_hla2_control_hy1_dq1_ebv_iedb_d63c3a4aff32_s104759/fold_ebvms_hla2_control_hy1_dq1_ebv_iedb_d63c3a4aff32_s104759_full_data_1.json,False,0.88,ebvms_hla2_control_hy1_dq1_ebv_iedb_d63c3a4aff32_s104759,True,194,202,SDDELPYIDPNMEPV,104759,0.89,0.96,True,1,pass_exact_clash_free,new_held_out_controls,/Users/anishsharma/Library/Mobile Documents/com~apple~CloudDocs/Downloads/folds_2026_08_26_23_12/ebvms_hla2_control_hy1_dq1_ebv_iedb_d63c3a4aff32_s104759/fold_ebvms_hla2_control_hy1_dq1_ebv_iedb_d63c3a4aff32_s104759_summary_confidences_1.json,SYS_MICROBIAL_MBP_HY1B11
/Users/anishsharma/Library/Mobile Documents/com~apple~CloudDocs/Downloads/folds_2026_08_26_23_12/ebvms_hla2_control_hy1_dq1_ebv_iedb_d63c3a4aff32_s104759/fold_ebvms_hla2_control_hy1_dq1_ebv_iedb_d63c3a4aff32_s104759_model_2.cif,"Computational pMHC geometry prioritization only; not evidence of presentation, TCR binding, activation, cross-reactivity, molecular mimicry, or MS mechanism.",ELPYIDPNM,4,HY1_DQ1_EBV_IEDB_d63c3a4aff32,/Users/anishsharma/Library/Mobile Documents/com~apple~CloudDocs/Downloads/folds_2026_08_26_23_12/ebvms_hla2_control_hy1_dq1_ebv_iedb_d63c3a4aff32_s104759/fold_ebvms_hla2_control_hy1_dq1_ebv_iedb_d63c3a4aff32_s104759_full_data_2.json,False,0.89,ebvms_hla2_control_hy1_dq1_ebv_iedb_d63c3a4aff32_s104759,True,194,202,SDDELPYIDPNMEPV,104759,0.88,0.96,True,2,pass_exact_clash_free,new_held_out_controls,/Users/anishsharma/Library/Mobile Documents/com~apple~CloudDocs/Downloads/folds_2026_08_26_23_12/ebvms_hla2_control_hy1_dq1_ebv_iedb_d63c3a4aff32_s104759/fold_ebvms_hla2_control_hy1_dq1_ebv_iedb_d63c3a4aff32_s104759_summary_confidences_2.json,SYS_MICROBIAL_MBP_HY1B11
/Users/anishsharma/Library/Mobile Documents/com~apple~CloudDocs/Downloads/folds_2026_08_26_23_12/ebvms_hla2_control_hy1_dq1_ebv_iedb_d63c3a4aff32_s104759/fold_ebvms_hla2_control_hy1_dq1_ebv_iedb_d63c3a4aff32_s104759_model_3.cif,"Computational pMHC geometry prioritization only; not evidence of presentation, TCR binding, activation, cross-reactivity, molecular mimicry, or MS mechanism.",ELPYIDPNM,4,HY1_DQ1_EBV_IEDB_d63c3a4aff32,/Users/anishsharma/Library/Mobile Documents/com~apple~CloudDocs/Downloads/folds_2026_08_26_23_12/ebvms_hla2_control_hy1_dq1_ebv_iedb_d63c3a4aff32_s104759/fold_ebvms_hla2_control_hy1_dq1_ebv_iedb_d63c3a4aff32_s104759_full_data_3.json,False,0.88,ebvms_hla2_control_hy1_dq1_ebv_iedb_d63c3a4aff32_s104759,True,194,202,SDDELPYIDPNMEPV,104759,0.88,0.96,True,3,pass_exact_clash_free,new_held_out_controls,/Users/anishsharma/Library/Mobile Documents/com~apple~CloudDocs/Downloads/folds_2026_08_26_23_12/ebvms_hla2_control_hy1_dq1_ebv_iedb_d63c3a4aff32_s104759/fold_ebvms_hla2_control_hy1_dq1_ebv_iedb_d63c3a4aff32_s104759_summary_confidences_3.json,SYS_MICROBIAL_MBP_HY1B11
/Users/anishsharma/Library/Mobile Documents/com~apple~CloudDocs/Downloads/folds_2026_08_26_23_12/ebvms_hla2_control_hy1_dq1_ebv_iedb_d63c3a4aff32_s104759/fold_ebvms_hla2_control_hy1_dq1_ebv_iedb_d63c3a4aff32_s104759_model_4.cif,"Computational pMHC geometry prioritization only; not evidence of presentation, TCR binding, activation, cross-reactivity, molecular mimicry, or MS mechanism.",ELPYIDPNM,4,HY1_DQ1_EBV_IEDB_d63c3a4aff32,/Users/anishsharma/Library/Mobile Documents/com~apple~CloudDocs/Downloads/folds_2026_08_26_23_12/ebvms_hla2_control_hy1_dq1_ebv_iedb_d63c3a4aff32_s104759/fold_ebvms_hla2_control_hy1_dq1_ebv_iedb_d63c3a4aff32_s104759_full_data_4.json,False,0.89,ebvms_hla2_control_hy1_dq1_ebv_iedb_d63c3a4aff32_s104759,True,194,202,SDDELPYIDPNMEPV,104759,0.88,0.95,True,4,pass_exact_clash_free,new_held_out_controls,/Users/anishsharma/Library/Mobile Documents/com~apple~CloudDocs/Downloads/folds_2026_08_26_23_12/ebvms_hla2_control_hy1_dq1_ebv_iedb_d63c3a4aff32_s104759/fold_ebvms_hla2_control_hy1_dq1_ebv_iedb_d63c3a4aff32_s104759_summary_confidences_4.json,SYS_MICROBIAL_MBP_HY1B11
/Users/anishsharma/Library/Mobile Documents/com~apple~CloudDocs/Downloads/folds_2026_08_26_23_12/ebvms_hla2_control_hy1_dq1_ebv_iedb_ffe96a37c427_s104729/fold_ebvms_hla2_control_hy1_dq1_ebv_iedb_ffe96a37c427_s104729_model_0.cif,"Computational pMHC geometry prioritization only; not evidence of presentation, TCR binding, activation, cross-reactivity, molecular mimicry, or MS mechanism.",MSDWTGGAL,2,HY1_DQ1_EBV_IEDB_ffe96a37c427,/Users/anishsharma/Library/Mobile Documents/com~apple~CloudDocs/Downloads/folds_2026_08_26_23_12/ebvms_hla2_control_hy1_dq1_ebv_iedb_ffe96a37c427_s104729/fold_ebvms_hla2_control_hy1_dq1_ebv_iedb_ffe96a37c427_s104729_full_data_0.json,False,0.9,ebvms_hla2_control_hy1_dq1_ebv_iedb_ffe96a37c427_s104729,True,194,202,VMSDWTGGALL,104729,0.9,0.98,True,0,pass_exact_clash_free,new_held_out_controls,/Users/anishsharma/Library/Mobile Documents/com~apple~CloudDocs/Downloads/folds_2026_08_26_23_12/ebvms_hla2_control_hy1_dq1_ebv_iedb_ffe96a37c427_s104729/fold_ebvms_hla2_control_hy1_dq1_ebv_iedb_ffe96a37c427_s104729_summary_confidences_0.json,SYS_MICROBIAL_MBP_HY1B11
/Users/anishsharma/Library/Mobile Documents/com~apple~CloudDocs/Downloads/folds_2026_08_26_23_12/ebvms_hla2_control_hy1_dq1_ebv_iedb_ffe96a37c427_s104729/fold_ebvms_hla2_control_hy1_dq1_ebv_iedb_ffe96a37c427_s104729_model_1.cif,"Computational pMHC geometry prioritization only; not evidence of presentation, TCR binding, activation, cross-reactivity, molecular mimicry, or MS mechanism.",MSDWTGGAL,2,HY1_DQ1_EBV_IEDB_ffe96a37c427,/Users/anishsharma/Library/Mobile Documents/com~apple~CloudDocs/Downloads/folds_2026_08_26_23_12/ebvms_hla2_control_hy1_dq1_ebv_iedb_ffe96a37c427_s104729/fold_ebvms_hla2_control_hy1_dq1_ebv_iedb_ffe96a37c427_s104729_full_data_1.json,False,0.9,ebvms_hla2_control_hy1_dq1_ebv_iedb_ffe96a37c427_s104729,True,194,202,VMSDWTGGALL,104729,0.89,0.97,True,1,pass_exact_clash_free,new_held_out_controls,/Users/anishsharma/Library/Mobile Documents/com~apple~CloudDocs/Downloads/folds_2026_08_26_23_12/ebvms_hla2_control_hy1_dq1_ebv_iedb_ffe96a37c427_s104729/fold_ebvms_hla2_control_hy1_dq1_ebv_iedb_ffe96a37c427_s104729_summary_confidences_1.json,SYS_MICROBIAL_MBP_HY1B11
/Users/anishsharma/Library/Mobile Documents/com~apple~CloudDocs/Downloads/folds_2026_08_26_23_12/ebvms_hla2_control_hy1_dq1_ebv_iedb_ffe96a37c427_s104729/fold_ebvms_hla2_control_hy1_dq1_ebv_iedb_ffe96a37c427_s104729_model_2.cif,"Computational pMHC geometry prioritization only; not evidence of presentation, TCR binding, activation, cross-reactivity, molecular mimicry, or MS mechanism.",MSDWTGGAL,2,HY1_DQ1_EBV_IEDB_ffe96a37c427,/Users/anishsharma/Library/Mobile Documents/com~apple~CloudDocs/Downloads/folds_2026_08_26_23_12/ebvms_hla2_control_hy1_dq1_ebv_iedb_ffe96a37c427_s104729/fold_ebvms_hla2_control_hy1_dq1_ebv_iedb_ffe96a37c427_s104729_full_data_2.json,False,0.9,ebvms_hla2_control_hy1_dq1_ebv_iedb_ffe96a37c427_s104729,True,194,202,VMSDWTGGALL,104729,0.89,0.97,True,2,pass_exact_clash_free,new_held_out_controls,/Users/anishsharma/Library/Mobile Documents/com~apple~CloudDocs/Downloads/folds_2026_08_26_23_12/ebvms_hla2_control_hy1_dq1_ebv_iedb_ffe96a37c427_s104729/fold_ebvms_hla2_control_hy1_dq1_ebv_iedb_ffe96a37c427_s104729_summary_confidences_2.json,SYS_MICROBIAL_MBP_HY1B11
/Users/anishsharma/Library/Mobile Documents/com~apple~CloudDocs/Downloads/folds_2026_08_26_23_12/ebvms_hla2_control_hy1_dq1_ebv_iedb_ffe96a37c427_s104729/fold_ebvms_hla2_control_hy1_dq1_ebv_iedb_ffe96a37c427_s104729_model_3.cif,"Computational pMHC geometry prioritization only; not evidence of presentation, TCR binding, activation, cross-reactivity, molecular mimicry, or MS mechanism.",MSDWTGGAL,2,HY1_DQ1_EBV_IEDB_ffe96a37c427,/Users/anishsharma/Library/Mobile Documents/com~apple~CloudDocs/Downloads/folds_2026_08_26_23_12/ebvms_hla2_control_hy1_dq1_ebv_iedb_ffe96a37c427_s104729/fold_ebvms_hla2_control_hy1_dq1_ebv_iedb_ffe96a37c427_s104729_full_data_3.json,False,0.9,ebvms_hla2_control_hy1_dq1_ebv_iedb_ffe96a37c427_s104729,True,194,202,VMSDWTGGALL,104729,0.9,0.97,True,3,pass_exact_clash_free,new_held_out_controls,/Users/anishsharma/Library/Mobile Documents/com~apple~CloudDocs/Downloads/folds_2026_08_26_23_12/ebvms_hla2_control_hy1_dq1_ebv_iedb_ffe96a37c427_s104729/fold_ebvms_hla2_control_hy1_dq1_ebv_iedb_ffe96a37c427_s104729_summary_confidences_3.json,SYS_MICROBIAL_MBP_HY1B11
/Users/anishsharma/Library/Mobile Documents/com~apple~CloudDocs/Downloads/folds_2026_08_26_23_12/ebvms_hla2_control_hy1_dq1_ebv_iedb_ffe96a37c427_s104729/fold_ebvms_hla2_control_hy1_dq1_ebv_iedb_ffe96a37c427_s104729_model_4.cif,"Computational pMHC geometry prioritization only; not evidence of presentation, TCR binding, activation, cross-reactivity, molecular mimicry, or MS mechanism.",MSDWTGGAL,2,HY1_DQ1_EBV_IEDB_ffe96a37c427,/Users/anishsharma/Library/Mobile Documents/com~apple~CloudDocs/Downloads/folds_2026_08_26_23_12/ebvms_hla2_control_hy1_dq1_ebv_iedb_ffe96a37c427_s104729/fold_ebvms_hla2_control_hy1_dq1_ebv_iedb_ffe96a37c427_s104729_full_data_4.json,False,0.9,ebvms_hla2_control_hy1_dq1_ebv_iedb_ffe96a37c427_s104729,True,194,202,VMSDWTGGALL,104729,0.89,0.96,True,4,pass_exact_clash_free,new_held_out_controls,/Users/anishsharma/Library/Mobile Documents/com~apple~CloudDocs/Downloads/folds_2026_08_26_23_12/ebvms_hla2_control_hy1_dq1_ebv_iedb_ffe96a37c427_s104729/fold_ebvms_hla2_control_hy1_dq1_ebv_iedb_ffe96a37c427_s104729_summary_confidences_4.json,SYS_MICROBIAL_MBP_HY1B11
/Users/anishsharma/Library/Mobile Documents/com~apple~CloudDocs/Downloads/folds_2026_08_26_23_12/ebvms_hla2_control_hy1_dq1_ebv_iedb_ffe96a37c427_s104759/fold_ebvms_hla2_control_hy1_dq1_ebv_iedb_ffe96a37c427_s104759_model_0.cif,"Computational pMHC geometry prioritization only; not evidence of presentation, TCR binding, activation, cross-reactivity, molecular mimicry, or MS mechanism.",MSDWTGGAL,2,HY1_DQ1_EBV_IEDB_ffe96a37c427,/Users/anishsharma/Library/Mobile Documents/com~apple~CloudDocs/Downloads/folds_2026_08_26_23_12/ebvms_hla2_control_hy1_dq1_ebv_iedb_ffe96a37c427_s104759/fold_ebvms_hla2_control_hy1_dq1_ebv_iedb_ffe96a37c427_s104759_full_data_0.json,False,0.9,ebvms_hla2_control_hy1_dq1_ebv_iedb_ffe96a37c427_s104759,True,194,202,VMSDWTGGALL,104759,0.9,0.98,True,0,pass_exact_clash_free,new_held_out_controls,/Users/anishsharma/Library/Mobile Documents/com~apple~CloudDocs/Downloads/folds_2026_08_26_23_12/ebvms_hla2_control_hy1_dq1_ebv_iedb_ffe96a37c427_s104759/fold_ebvms_hla2_control_hy1_dq1_ebv_iedb_ffe96a37c427_s104759_summary_confidences_0.json,SYS_MICROBIAL_MBP_HY1B11
/Users/anishsharma/Library/Mobile Documents/com~apple~CloudDocs/Downloads/folds_2026_08_26_23_12/ebvms_hla2_control_hy1_dq1_ebv_iedb_ffe96a37c427_s104759/fold_ebvms_hla2_control_hy1_dq1_ebv_iedb_ffe96a37c427_s104759_model_1.cif,"Computational pMHC geometry prioritization only; not evidence of presentation, TCR binding, activation, cross-reactivity, molecular mimicry, or MS mechanism.",MSDWTGGAL,2,HY1_DQ1_EBV_IEDB_ffe96a37c427,/Users/anishsharma/Library/Mobile Documents/com~apple~CloudDocs/Downloads/folds_2026_08_26_23_12/ebvms_hla2_control_hy1_dq1_ebv_iedb_ffe96a37c427_s104759/fold_ebvms_hla2_control_hy1_dq1_ebv_iedb_ffe96a37c427_s104759_full_data_1.json,False,0.9,ebvms_hla2_control_hy1_dq1_ebv_iedb_ffe96a37c427_s104759,True,194,202,VMSDWTGGALL,104759,0.89,0.97,True,1,pass_exact_clash_free,new_held_out_controls,/Users/anishsharma/Library/Mobile Documents/com~apple~CloudDocs/Downloads/folds_2026_08_26_23_12/ebvms_hla2_control_hy1_dq1_ebv_iedb_ffe96a37c427_s104759/fold_ebvms_hla2_control_hy1_dq1_ebv_iedb_ffe96a37c427_s104759_summary_confidences_1.json,SYS_MICROBIAL_MBP_HY1B11
/Users/anishsharma/Library/Mobile Documents/com~apple~CloudDocs/Downloads/folds_2026_08_26_23_12/ebvms_hla2_control_hy1_dq1_ebv_iedb_ffe96a37c427_s104759/fold_ebvms_hla2_control_hy1_dq1_ebv_iedb_ffe96a37c427_s104759_model_2.cif,"Computational pMHC geometry prioritization only; not evidence of presentation, TCR binding, activation, cross-reactivity, molecular mimicry, or MS mechanism.",MSDWTGGAL,2,HY1_DQ1_EBV_IEDB_ffe96a37c427,/Users/anishsharma/Library/Mobile Documents/com~apple~CloudDocs/Downloads/folds_2026_08_26_23_12/ebvms_hla2_control_hy1_dq1_ebv_iedb_ffe96a37c427_s104759/fold_ebvms_hla2_control_hy1_dq1_ebv_iedb_ffe96a37c427_s104759_full_data_2.json,False,0.9,ebvms_hla2_control_hy1_dq1_ebv_iedb_ffe96a37c427_s104759,True,194,202,VMSDWTGGALL,104759,0.89,0.97,True,2,pass_exact_clash_free,new_held_out_controls,/Users/anishsharma/Library/Mobile Documents/com~apple~CloudDocs/Downloads/folds_2026_08_26_23_12/ebvms_hla2_control_hy1_dq1_ebv_iedb_ffe96a37c427_s104759/fold_ebvms_hla2_control_hy1_dq1_ebv_iedb_ffe96a37c427_s104759_summary_confidences_2.json,SYS_MICROBIAL_MBP_HY1B11
/Users/anishsharma/Library/Mobile Documents/com~apple~CloudDocs/Downloads/folds_2026_08_26_23_12/ebvms_hla2_control_hy1_dq1_ebv_iedb_ffe96a37c427_s104759/fold_ebvms_hla2_control_hy1_dq1_ebv_iedb_ffe96a37c427_s104759_model_3.cif,"Computational pMHC geometry prioritization only; not evidence of presentation, TCR binding, activation, cross-reactivity, molecular mimicry, or MS mechanism.",MSDWTGGAL,2,HY1_DQ1_EBV_IEDB_ffe96a37c427,/Users/anishsharma/Library/Mobile Documents/com~apple~CloudDocs/Downloads/folds_2026_08_26_23_12/ebvms_hla2_control_hy1_dq1_ebv_iedb_ffe96a37c427_s104759/fold_ebvms_hla2_control_hy1_dq1_ebv_iedb_ffe96a37c427_s104759_full_data_3.json,False,0.9,ebvms_hla2_control_hy1_dq1_ebv_iedb_ffe96a37c427_s104759,True,194,202,VMSDWTGGALL,104759,0.89,0.96,True,3,pass_exact_clash_free,new_held_out_controls,/Users/anishsharma/Library/Mobile Documents/com~apple~CloudDocs/Downloads/folds_2026_08_26_23_12/ebvms_hla2_control_hy1_dq1_ebv_iedb_ffe96a37c427_s104759/fold_ebvms_hla2_control_hy1_dq1_ebv_iedb_ffe96a37c427_s104759_summary_confidences_3.json,SYS_MICROBIAL_MBP_HY1B11
/Users/anishsharma/Library/Mobile Documents/com~apple~CloudDocs/Downloads/folds_2026_08_26_23_12/ebvms_hla2_control_hy1_dq1_ebv_iedb_ffe96a37c427_s104759/fold_ebvms_hla2_control_hy1_dq1_ebv_iedb_ffe96a37c427_s104759_model_4.cif,"Computational pMHC geometry prioritization only; not evidence of presentation, TCR binding, activation, cross-reactivity, molecular mimicry, or MS mechanism.",MSDWTGGAL,2,HY1_DQ1_EBV_IEDB_ffe96a37c427,/Users/anishsharma/Library/Mobile Documents/com~apple~CloudDocs/Downloads/folds_2026_08_26_23_12/ebvms_hla2_control_hy1_dq1_ebv_iedb_ffe96a37c427_s104759/fold_ebvms_hla2_control_hy1_dq1_ebv_iedb_ffe96a37c427_s104759_full_data_4.json,False,0.9,ebvms_hla2_control_hy1_dq1_ebv_iedb_ffe96a37c427_s104759,True,194,202,VMSDWTGGALL,104759,0.89,0.96,True,4,pass_exact_clash_free,new_held_out_controls,/Users/anishsharma/Library/Mobile Documents/com~apple~CloudDocs/Downloads/folds_2026_08_26_23_12/ebvms_hla2_control_hy1_dq1_ebv_iedb_ffe96a37c427_s104759/fold_ebvms_hla2_control_hy1_dq1_ebv_iedb_ffe96a37c427_s104759_summary_confidences_4.json,SYS_MICROBIAL_MBP_HY1B11
/Users/anishsharma/Library/Mobile Documents/com~apple~CloudDocs/Downloads/folds_2026_08_26_23_12/ebvms_hla2_control_hy1_dq1_human_background_1618754_s104729/fold_ebvms_hla2_control_hy1_dq1_human_background_1618754_s104729_model_0.cif,"Computational pMHC geometry prioritization only; not evidence of presentation, TCR binding, activation, cross-reactivity, molecular mimicry, or MS mechanism.",LVLLRGENL,5,HY1_DQ1_HUMAN_BACKGROUND_1618754,/Users/anishsharma/Library/Mobile Documents/com~apple~CloudDocs/Downloads/folds_2026_08_26_23_12/ebvms_hla2_control_hy1_dq1_human_background_1618754_s104729/fold_ebvms_hla2_control_hy1_dq1_human_background_1618754_s104729_full_data_0.json,False,0.91,ebvms_hla2_control_hy1_dq1_human_background_1618754_s104729,True,194,202,RVLGLVLLRGENLVS,104729,0.9,0.98,True,0,pass_exact_clash_free,new_held_out_controls,/Users/anishsharma/Library/Mobile Documents/com~apple~CloudDocs/Downloads/folds_2026_08_26_23_12/ebvms_hla2_control_hy1_dq1_human_background_1618754_s104729/fold_ebvms_hla2_control_hy1_dq1_human_background_1618754_s104729_summary_confidences_0.json,SYS_MICROBIAL_MBP_HY1B11
/Users/anishsharma/Library/Mobile Documents/com~apple~CloudDocs/Downloads/folds_2026_08_26_23_12/ebvms_hla2_control_hy1_dq1_human_background_1618754_s104729/fold_ebvms_hla2_control_hy1_dq1_human_background_1618754_s104729_model_1.cif,"Computational pMHC geometry prioritization only; not evidence of presentation, TCR binding, activation, cross-reactivity, molecular mimicry, or MS mechanism.",LVLLRGENL,5,HY1_DQ1_HUMAN_BACKGROUND_1618754,/Users/anishsharma/Library/Mobile Documents/com~apple~CloudDocs/Downloads/folds_2026_08_26_23_12/ebvms_hla2_control_hy1_dq1_human_background_1618754_s104729/fold_ebvms_hla2_control_hy1_dq1_human_background_1618754_s104729_full_data_1.json,False,0.9,ebvms_hla2_control_hy1_dq1_human_background_1618754_s104729,True,194,202,RVLGLVLLRGENLVS,104729,0.9,0.98,True,1,pass_exact_clash_free,new_held_out_controls,/Users/anishsharma/Library/Mobile Documents/com~apple~CloudDocs/Downloads/folds_2026_08_26_23_12/ebvms_hla2_control_hy1_dq1_human_background_1618754_s104729/fold_ebvms_hla2_control_hy1_dq1_human_background_1618754_s104729_summary_confidences_1.json,SYS_MICROBIAL_MBP_HY1B11
/Users/anishsharma/Library/Mobile Documents/com~apple~CloudDocs/Downloads/folds_2026_08_26_23_12/ebvms_hla2_control_hy1_dq1_human_background_1618754_s104729/fold_ebvms_hla2_control_hy1_dq1_human_background_1618754_s104729_model_2.cif,"Computational pMHC geometry prioritization only; not evidence of presentation, TCR binding, activation, cross-reactivity, molecular mimicry, or MS mechanism.",LVLLRGENL,5,HY1_DQ1_HUMAN_BACKGROUND_1618754,/Users/anishsharma/Library/Mobile Documents/com~apple~CloudDocs/Downloads/folds_2026_08_26_23_12/ebvms_hla2_control_hy1_dq1_human_background_1618754_s104729/fold_ebvms_hla2_control_hy1_dq1_human_background_1618754_s104729_full_data_2.json,False,0.91,ebvms_hla2_control_hy1_dq1_human_background_1618754_s104729,True,194,202,RVLGLVLLRGENLVS,104729,0.9,0.98,True,2,pass_exact_clash_free,new_held_out_controls,/Users/anishsharma/Library/Mobile Documents/com~apple~CloudDocs/Downloads/folds_2026_08_26_23_12/ebvms_hla2_control_hy1_dq1_human_background_1618754_s104729/fold_ebvms_hla2_control_hy1_dq1_human_background_1618754_s104729_summary_confidences_2.json,SYS_MICROBIAL_MBP_HY1B11
/Users/anishsharma/Library/Mobile Documents/com~apple~CloudDocs/Downloads/folds_2026_08_26_23_12/ebvms_hla2_control_hy1_dq1_human_background_1618754_s104729/fold_ebvms_hla2_control_hy1_dq1_human_background_1618754_s104729_model_3.cif,"Computational pMHC geometry prioritization only; not evidence of presentation, TCR binding, activation, cross-reactivity, molecular mimicry, or MS mechanism.",LVLLRGENL,5,HY1_DQ1_HUMAN_BACKGROUND_1618754,/Users/anishsharma/Library/Mobile Documents/com~apple~CloudDocs/Downloads/folds_2026_08_26_23_12/ebvms_hla2_control_hy1_dq1_human_background_1618754_s104729/fold_ebvms_hla2_control_hy1_dq1_human_background_1618754_s104729_full_data_3.json,False,0.91,ebvms_hla2_control_hy1_dq1_human_background_1618754_s104729,True,194,202,RVLGLVLLRGENLVS,104729,0.9,0.98,True,3,pass_exact_clash_free,new_held_out_controls,/Users/anishsharma/Library/Mobile Documents/com~apple~CloudDocs/Downloads/folds_2026_08_26_23_12/ebvms_hla2_control_hy1_dq1_human_background_1618754_s104729/fold_ebvms_hla2_control_hy1_dq1_human_background_1618754_s104729_summary_confidences_3.json,SYS_MICROBIAL_MBP_HY1B11
/Users/anishsharma/Library/Mobile Documents/com~apple~CloudDocs/Downloads/folds_2026_08_26_23_12/ebvms_hla2_control_hy1_dq1_human_background_1618754_s104729/fold_ebvms_hla2_control_hy1_dq1_human_background_1618754_s104729_model_4.cif,"Computational pMHC geometry prioritization only; not evidence of presentation, TCR binding, activation, cross-reactivity, molecular mimicry, or MS mechanism.",LVLLRGENL,5,HY1_DQ1_HUMAN_BACKGROUND_1618754,/Users/anishsharma/Library/Mobile Documents/com~apple~CloudDocs/Downloads/folds_2026_08_26_23_12/ebvms_hla2_control_hy1_dq1_human_background_1618754_s104729/fold_ebvms_hla2_control_hy1_dq1_human_background_1618754_s104729_full_data_4.json,False,0.89,ebvms_hla2_control_hy1_dq1_human_background_1618754_s104729,True,194,202,RVLGLVLLRGENLVS,104729,0.89,0.96,True,4,pass_exact_clash_free,new_held_out_controls,/Users/anishsharma/Library/Mobile Documents/com~apple~CloudDocs/Downloads/folds_2026_08_26_23_12/ebvms_hla2_control_hy1_dq1_human_background_1618754_s104729/fold_ebvms_hla2_control_hy1_dq1_human_background_1618754_s104729_summary_confidences_4.json,SYS_MICROBIAL_MBP_HY1B11
/Users/anishsharma/Library/Mobile Documents/com~apple~CloudDocs/Downloads/folds_2026_08_26_23_12/ebvms_hla2_control_hy1_dq1_human_background_1618754_s104759/fold_ebvms_hla2_control_hy1_dq1_human_background_1618754_s104759_model_0.cif,"Computational pMHC geometry prioritization only; not evidence of presentation, TCR binding, activation, cross-reactivity, molecular mimicry, or MS mechanism.",LVLLRGENL,5,HY1_DQ1_HUMAN_BACKGROUND_1618754,/Users/anishsharma/Library/Mobile Documents/com~apple~CloudDocs/Downloads/folds_2026_08_26_23_12/ebvms_hla2_control_hy1_dq1_human_background_1618754_s104759/fold_ebvms_hla2_control_hy1_dq1_human_background_1618754_s104759_full_data_0.json,False,0.89,ebvms_hla2_control_hy1_dq1_human_background_1618754_s104759,True,194,202,RVLGLVLLRGENLVS,104759,0.89,0.97,True,0,pass_exact_clash_free,new_held_out_controls,/Users/anishsharma/Library/Mobile Documents/com~apple~CloudDocs/Downloads/folds_2026_08_26_23_12/ebvms_hla2_control_hy1_dq1_human_background_1618754_s104759/fold_ebvms_hla2_control_hy1_dq1_human_background_1618754_s104759_summary_confidences_0.json,SYS_MICROBIAL_MBP_HY1B11
/Users/anishsharma/Library/Mobile Documents/com~apple~CloudDocs/Downloads/folds_2026_08_26_23_12/ebvms_hla2_control_hy1_dq1_human_background_1618754_s104759/fold_ebvms_hla2_control_hy1_dq1_human_background_1618754_s104759_model_1.cif,"Computational pMHC geometry prioritization only; not evidence of presentation, TCR binding, activation, cross-reactivity, molecular mimicry, or MS mechanism.",LVLLRGENL,5,HY1_DQ1_HUMAN_BACKGROUND_1618754,/Users/anishsharma/Library/Mobile Documents/com~apple~CloudDocs/Downloads/folds_2026_08_26_23_12/ebvms_hla2_control_hy1_dq1_human_background_1618754_s104759/fold_ebvms_hla2_control_hy1_dq1_human_background_1618754_s104759_full_data_1.json,False,0.89,ebvms_hla2_control_hy1_dq1_human_background_1618754_s104759,True,194,202,RVLGLVLLRGENLVS,104759,0.89,0.97,True,1,pass_exact_clash_free,new_held_out_controls,/Users/anishsharma/Library/Mobile Documents/com~apple~CloudDocs/Downloads/folds_2026_08_26_23_12/ebvms_hla2_control_hy1_dq1_human_background_1618754_s104759/fold_ebvms_hla2_control_hy1_dq1_human_background_1618754_s104759_summary_confidences_1.json,SYS_MICROBIAL_MBP_HY1B11
/Users/anishsharma/Library/Mobile Documents/com~apple~CloudDocs/Downloads/folds_2026_08_26_23_12/ebvms_hla2_control_hy1_dq1_human_background_1618754_s104759/fold_ebvms_hla2_control_hy1_dq1_human_background_1618754_s104759_model_2.cif,"Computational pMHC geometry prioritization only; not evidence of presentation, TCR binding, activation, cross-reactivity, molecular mimicry, or MS mechanism.",LVLLRGENL,5,HY1_DQ1_HUMAN_BACKGROUND_1618754,/Users/anishsharma/Library/Mobile Documents/com~apple~CloudDocs/Downloads/folds_2026_08_26_23_12/ebvms_hla2_control_hy1_dq1_human_background_1618754_s104759/fold_ebvms_hla2_control_hy1_dq1_human_background_1618754_s104759_full_data_2.json,False,0.89,ebvms_hla2_control_hy1_dq1_human_background_1618754_s104759,True,194,202,RVLGLVLLRGENLVS,104759,0.89,0.96,True,2,pass_exact_clash_free,new_held_out_controls,/Users/anishsharma/Library/Mobile Documents/com~apple~CloudDocs/Downloads/folds_2026_08_26_23_12/ebvms_hla2_control_hy1_dq1_human_background_1618754_s104759/fold_ebvms_hla2_control_hy1_dq1_human_background_1618754_s104759_summary_confidences_2.json,SYS_MICROBIAL_MBP_HY1B11
/Users/anishsharma/Library/Mobile Documents/com~apple~CloudDocs/Downloads/folds_2026_08_26_23_12/ebvms_hla2_control_hy1_dq1_human_background_1618754_s104759/fold_ebvms_hla2_control_hy1_dq1_human_background_1618754_s104759_model_3.cif,"Computational pMHC geometry prioritization only; not evidence of presentation, TCR binding, activation, cross-reactivity, molecular mimicry, or MS mechanism.",LVLLRGENL,5,HY1_DQ1_HUMAN_BACKGROUND_1618754,/Users/anishsharma/Library/Mobile Documents/com~apple~CloudDocs/Downloads/folds_2026_08_26_23_12/ebvms_hla2_control_hy1_dq1_human_background_1618754_s104759/fold_ebvms_hla2_control_hy1_dq1_human_background_1618754_s104759_full_data_3.json,False,0.88,ebvms_hla2_control_hy1_dq1_human_background_1618754_s104759,True,194,202,RVLGLVLLRGENLVS,104759,0.89,0.96,True,3,pass_exact_clash_free,new_held_out_controls,/Users/anishsharma/Library/Mobile Documents/com~apple~CloudDocs/Downloads/folds_2026_08_26_23_12/ebvms_hla2_control_hy1_dq1_human_background_1618754_s104759/fold_ebvms_hla2_control_hy1_dq1_human_background_1618754_s104759_summary_confidences_3.json,SYS_MICROBIAL_MBP_HY1B11
/Users/anishsharma/Library/Mobile Documents/com~apple~CloudDocs/Downloads/folds_2026_08_26_23_12/ebvms_hla2_control_hy1_dq1_human_background_1618754_s104759/fold_ebvms_hla2_control_hy1_dq1_human_background_1618754_s104759_model_4.cif,"Computational pMHC geometry prioritization only; not evidence of presentation, TCR binding, activation, cross-reactivity, molecular mimicry, or MS mechanism.",LVLLRGENL,5,HY1_DQ1_HUMAN_BACKGROUND_1618754,/Users/anishsharma/Library/Mobile Documents/com~apple~CloudDocs/Downloads/folds_2026_08_26_23_12/ebvms_hla2_control_hy1_dq1_human_background_1618754_s104759/fold_ebvms_hla2_control_hy1_dq1_human_background_1618754_s104759_full_data_4.json,False,0.89,ebvms_hla2_control_hy1_dq1_human_background_1618754_s104759,True,194,202,RVLGLVLLRGENLVS,104759,0.89,0.96,True,4,pass_exact_clash_free,new_held_out_controls,/Users/anishsharma/Library/Mobile Documents/com~apple~CloudDocs/Downloads/folds_2026_08_26_23_12/ebvms_hla2_control_hy1_dq1_human_background_1618754_s104759/fold_ebvms_hla2_control_hy1_dq1_human_background_1618754_s104759_summary_confidences_4.json,SYS_MICROBIAL_MBP_HY1B11
/Users/anishsharma/Library/Mobile Documents/com~apple~CloudDocs/Downloads/folds_2026_08_26_23_12/ebvms_hla2_control_hy1_dq1_human_background_175453_s104729/fold_ebvms_hla2_control_hy1_dq1_human_background_175453_s104729_model_0.cif,"Computational pMHC geometry prioritization only; not evidence of presentation, TCR binding, activation, cross-reactivity, molecular mimicry, or MS mechanism.",MVTFRNQAS,4,HY1_DQ1_HUMAN_BACKGROUND_175453,/Users/anishsharma/Library/Mobile Documents/com~apple~CloudDocs/Downloads/folds_2026_08_26_23_12/ebvms_hla2_control_hy1_dq1_human_background_175453_s104729/fold_ebvms_hla2_control_hy1_dq1_human_background_175453_s104729_full_data_0.json,False,0.89,ebvms_hla2_control_hy1_dq1_human_background_175453_s104729,True,194,202,DNIMVTFRNQASRPY,104729,0.89,0.97,True,0,pass_exact_clash_free,new_held_out_controls,/Users/anishsharma/Library/Mobile Documents/com~apple~CloudDocs/Downloads/folds_2026_08_26_23_12/ebvms_hla2_control_hy1_dq1_human_background_175453_s104729/fold_ebvms_hla2_control_hy1_dq1_human_background_175453_s104729_summary_confidences_0.json,SYS_MICROBIAL_MBP_HY1B11
/Users/anishsharma/Library/Mobile Documents/com~apple~CloudDocs/Downloads/folds_2026_08_26_23_12/ebvms_hla2_control_hy1_dq1_human_background_175453_s104729/fold_ebvms_hla2_control_hy1_dq1_human_background_175453_s104729_model_1.cif,"Computational pMHC geometry prioritization only; not evidence of presentation, TCR binding, activation, cross-reactivity, molecular mimicry, or MS mechanism.",MVTFRNQAS,4,HY1_DQ1_HUMAN_BACKGROUND_175453,/Users/anishsharma/Library/Mobile Documents/com~apple~CloudDocs/Downloads/folds_2026_08_26_23_12/ebvms_hla2_control_hy1_dq1_human_background_175453_s104729/fold_ebvms_hla2_control_hy1_dq1_human_background_175453_s104729_full_data_1.json,False,0.89,ebvms_hla2_control_hy1_dq1_human_background_175453_s104729,True,194,202,DNIMVTFRNQASRPY,104729,0.89,0.96,True,1,pass_exact_clash_free,new_held_out_controls,/Users/anishsharma/Library/Mobile Documents/com~apple~CloudDocs/Downloads/folds_2026_08_26_23_12/ebvms_hla2_control_hy1_dq1_human_background_175453_s104729/fold_ebvms_hla2_control_hy1_dq1_human_background_175453_s104729_summary_confidences_1.json,SYS_MICROBIAL_MBP_HY1B11
/Users/anishsharma/Library/Mobile Documents/com~apple~CloudDocs/Downloads/folds_2026_08_26_23_12/ebvms_hla2_control_hy1_dq1_human_background_175453_s104729/fold_ebvms_hla2_control_hy1_dq1_human_background_175453_s104729_model_2.cif,"Computational pMHC geometry prioritization only; not evidence of presentation, TCR binding, activation, cross-reactivity, molecular mimicry, or MS mechanism.",MVTFRNQAS,4,HY1_DQ1_HUMAN_BACKGROUND_175453,/Users/anishsharma/Library/Mobile Documents/com~apple~CloudDocs/Downloads/folds_2026_08_26_23_12/ebvms_hla2_control_hy1_dq1_human_background_175453_s104729/fold_ebvms_hla2_control_hy1_dq1_human_background_175453_s104729_full_data_2.json,False,0.88,ebvms_hla2_control_hy1_dq1_human_background_175453_s104729,True,194,202,DNIMVTFRNQASRPY,104729,0.89,0.96,True,2,pass_exact_clash_free,new_held_out_controls,/Users/anishsharma/Library/Mobile Documents/com~apple~CloudDocs/Downloads/folds_2026_08_26_23_12/ebvms_hla2_control_hy1_dq1_human_background_175453_s104729/fold_ebvms_hla2_control_hy1_dq1_human_background_175453_s104729_summary_confidences_2.json,SYS_MICROBIAL_MBP_HY1B11
/Users/anishsharma/Library/Mobile Documents/com~apple~CloudDocs/Downloads/folds_2026_08_26_23_12/ebvms_hla2_control_hy1_dq1_human_background_175453_s104729/fold_ebvms_hla2_control_hy1_dq1_human_background_175453_s104729_model_3.cif,"Computational pMHC geometry prioritization only; not evidence of presentation, TCR binding, activation, cross-reactivity, molecular mimicry, or MS mechanism.",MVTFRNQAS,4,HY1_DQ1_HUMAN_BACKGROUND_175453,/Users/anishsharma/Library/Mobile Documents/com~apple~CloudDocs/Downloads/folds_2026_08_26_23_12/ebvms_hla2_control_hy1_dq1_human_background_175453_s104729/fold_ebvms_hla2_control_hy1_dq1_human_background_175453_s104729_full_data_3.json,False,0.88,ebvms_hla2_control_hy1_dq1_human_background_175453_s104729,True,194,202,DNIMVTFRNQASRPY,104729,0.88,0.96,True,3,pass_exact_clash_free,new_held_out_controls,/Users/anishsharma/Library/Mobile Documents/com~apple~CloudDocs/Downloads/folds_2026_08_26_23_12/ebvms_hla2_control_hy1_dq1_human_background_175453_s104729/fold_ebvms_hla2_control_hy1_dq1_human_background_175453_s104729_summary_confidences_3.json,SYS_MICROBIAL_MBP_HY1B11
/Users/anishsharma/Library/Mobile Documents/com~apple~CloudDocs/Downloads/folds_2026_08_26_23_12/ebvms_hla2_control_hy1_dq1_human_background_175453_s104729/fold_ebvms_hla2_control_hy1_dq1_human_background_175453_s104729_model_4.cif,"Computational pMHC geometry prioritization only; not evidence of presentation, TCR binding, activation, cross-reactivity, molecular mimicry, or MS mechanism.",MVTFRNQAS,4,HY1_DQ1_HUMAN_BACKGROUND_175453,/Users/anishsharma/Library/Mobile Documents/com~apple~CloudDocs/Downloads/folds_2026_08_26_23_12/ebvms_hla2_control_hy1_dq1_human_background_175453_s104729/fold_ebvms_hla2_control_hy1_dq1_human_background_175453_s104729_full_data_4.json,False,0.88,ebvms_hla2_control_hy1_dq1_human_background_175453_s104729,True,194,202,DNIMVTFRNQASRPY,104729,0.89,0.95,True,4,pass_exact_clash_free,new_held_out_controls,/Users/anishsharma/Library/Mobile Documents/com~apple~CloudDocs/Downloads/folds_2026_08_26_23_12/ebvms_hla2_control_hy1_dq1_human_background_175453_s104729/fold_ebvms_hla2_control_hy1_dq1_human_background_175453_s104729_summary_confidences_4.json,SYS_MICROBIAL_MBP_HY1B11
/Users/anishsharma/Library/Mobile Documents/com~apple~CloudDocs/Downloads/folds_2026_08_26_23_12/ebvms_hla2_control_hy1_dq1_human_background_175453_s104759/fold_ebvms_hla2_control_hy1_dq1_human_background_175453_s104759_model_0.cif,"Computational pMHC geometry prioritization only; not evidence of presentation, TCR binding, activation, cross-reactivity, molecular mimicry, or MS mechanism.",MVTFRNQAS,4,HY1_DQ1_HUMAN_BACKGROUND_175453,/Users/anishsharma/Library/Mobile Documents/com~apple~CloudDocs/Downloads/folds_2026_08_26_23_12/ebvms_hla2_control_hy1_dq1_human_background_175453_s104759/fold_ebvms_hla2_control_hy1_dq1_human_background_175453_s104759_full_data_0.json,False,0.88,ebvms_hla2_control_hy1_dq1_human_background_175453_s104759,True,194,202,DNIMVTFRNQASRPY,104759,0.89,0.96,True,0,pass_exact_clash_free,new_held_out_controls,/Users/anishsharma/Library/Mobile Documents/com~apple~CloudDocs/Downloads/folds_2026_08_26_23_12/ebvms_hla2_control_hy1_dq1_human_background_175453_s104759/fold_ebvms_hla2_control_hy1_dq1_human_background_175453_s104759_summary_confidences_0.json,SYS_MICROBIAL_MBP_HY1B11
/Users/anishsharma/Library/Mobile Documents/com~apple~CloudDocs/Downloads/folds_2026_08_26_23_12/ebvms_hla2_control_hy1_dq1_human_background_175453_s104759/fold_ebvms_hla2_control_hy1_dq1_human_background_175453_s104759_model_1.cif,"Computational pMHC geometry prioritization only; not evidence of presentation, TCR binding, activation, cross-reactivity, molecular mimicry, or MS mechanism.",MVTFRNQAS,4,HY1_DQ1_HUMAN_BACKGROUND_175453,/Users/anishsharma/Library/Mobile Documents/com~apple~CloudDocs/Downloads/folds_2026_08_26_23_12/ebvms_hla2_control_hy1_dq1_human_background_175453_s104759/fold_ebvms_hla2_control_hy1_dq1_human_background_175453_s104759_full_data_1.json,False,0.88,ebvms_hla2_control_hy1_dq1_human_background_175453_s104759,True,194,202,DNIMVTFRNQASRPY,104759,0.89,0.96,True,1,pass_exact_clash_free,new_held_out_controls,/Users/anishsharma/Library/Mobile Documents/com~apple~CloudDocs/Downloads/folds_2026_08_26_23_12/ebvms_hla2_control_hy1_dq1_human_background_175453_s104759/fold_ebvms_hla2_control_hy1_dq1_human_background_175453_s104759_summary_confidences_1.json,SYS_MICROBIAL_MBP_HY1B11
/Users/anishsharma/Library/Mobile Documents/com~apple~CloudDocs/Downloads/folds_2026_08_26_23_12/ebvms_hla2_control_hy1_dq1_human_background_175453_s104759/fold_ebvms_hla2_control_hy1_dq1_human_background_175453_s104759_model_2.cif,"Computational pMHC geometry prioritization only; not evidence of presentation, TCR binding, activation, cross-reactivity, molecular mimicry, or MS mechanism.",MVTFRNQAS,4,HY1_DQ1_HUMAN_BACKGROUND_175453,/Users/anishsharma/Library/Mobile Documents/com~apple~CloudDocs/Downloads/folds_2026_08_26_23_12/ebvms_hla2_control_hy1_dq1_human_background_175453_s104759/fold_ebvms_hla2_control_hy1_dq1_human_background_175453_s104759_full_data_2.json,False,0.88,ebvms_hla2_control_hy1_dq1_human_background_175453_s104759,True,194,202,DNIMVTFRNQASRPY,104759,0.89,0.96,True,2,pass_exact_clash_free,new_held_out_controls,/Users/anishsharma/Library/Mobile Documents/com~apple~CloudDocs/Downloads/folds_2026_08_26_23_12/ebvms_hla2_control_hy1_dq1_human_background_175453_s104759/fold_ebvms_hla2_control_hy1_dq1_human_background_175453_s104759_summary_confidences_2.json,SYS_MICROBIAL_MBP_HY1B11
/Users/anishsharma/Library/Mobile Documents/com~apple~CloudDocs/Downloads/folds_2026_08_26_23_12/ebvms_hla2_control_hy1_dq1_human_background_175453_s104759/fold_ebvms_hla2_control_hy1_dq1_human_background_175453_s104759_model_3.cif,"Computational pMHC geometry prioritization only; not evidence of presentation, TCR binding, activation, cross-reactivity, molecular mimicry, or MS mechanism.",MVTFRNQAS,4,HY1_DQ1_HUMAN_BACKGROUND_175453,/Users/anishsharma/Library/Mobile Documents/com~apple~CloudDocs/Downloads/folds_2026_08_26_23_12/ebvms_hla2_control_hy1_dq1_human_background_175453_s104759/fold_ebvms_hla2_control_hy1_dq1_human_background_175453_s104759_full_data_3.json,False,0.88,ebvms_hla2_control_hy1_dq1_human_background_175453_s104759,True,194,202,DNIMVTFRNQASRPY,104759,0.88,0.95,True,3,pass_exact_clash_free,new_held_out_controls,/Users/anishsharma/Library/Mobile Documents/com~apple~CloudDocs/Downloads/folds_2026_08_26_23_12/ebvms_hla2_control_hy1_dq1_human_background_175453_s104759/fold_ebvms_hla2_control_hy1_dq1_human_background_175453_s104759_summary_confidences_3.json,SYS_MICROBIAL_MBP_HY1B11
/Users/anishsharma/Library/Mobile Documents/com~apple~CloudDocs/Downloads/folds_2026_08_26_23_12/ebvms_hla2_control_hy1_dq1_human_background_175453_s104759/fold_ebvms_hla2_control_hy1_dq1_human_background_175453_s104759_model_4.cif,"Computational pMHC geometry prioritization only; not evidence of presentation, TCR binding, activation, cross-reactivity, molecular mimicry, or MS mechanism.",MVTFRNQAS,4,HY1_DQ1_HUMAN_BACKGROUND_175453,/Users/anishsharma/Library/Mobile Documents/com~apple~CloudDocs/Downloads/folds_2026_08_26_23_12/ebvms_hla2_control_hy1_dq1_human_background_175453_s104759/fold_ebvms_hla2_control_hy1_dq1_human_background_175453_s104759_full_data_4.json,False,0.88,ebvms_hla2_control_hy1_dq1_human_background_175453_s104759,True,194,202,DNIMVTFRNQASRPY,104759,0.88,0.95,True,4,pass_exact_clash_free,new_held_out_controls,/Users/anishsharma/Library/Mobile Documents/com~apple~CloudDocs/Downloads/folds_2026_08_26_23_12/ebvms_hla2_control_hy1_dq1_human_background_175453_s104759/fold_ebvms_hla2_control_hy1_dq1_human_background_175453_s104759_summary_confidences_4.json,SYS_MICROBIAL_MBP_HY1B11
/Users/anishsharma/Library/Mobile Documents/com~apple~CloudDocs/Downloads/folds_2026_08_26_23_09/ebvms_hla2_control_hy1_dq1_human_background_186917_s104729/fold_ebvms_hla2_control_hy1_dq1_human_background_186917_s104729_model_0.cif,"Computational pMHC geometry prioritization only; not evidence of presentation, TCR binding, activation, cross-reactivity, molecular mimicry, or MS mechanism.",LTRYYSSFV,4,HY1_DQ1_HUMAN_BACKGROUND_186917,/Users/anishsharma/Library/Mobile Documents/com~apple~CloudDocs/Downloads/folds_2026_08_26_23_09/ebvms_hla2_control_hy1_dq1_human_background_186917_s104729/fold_ebvms_hla2_control_hy1_dq1_human_background_186917_s104729_full_data_0.json,False,0.9,ebvms_hla2_control_hy1_dq1_human_background_186917_s104729,True,194,202,PRCLTRYYSSFVNME,104729,0.89,0.97,True,0,pass_exact_clash_free,new_held_out_controls,/Users/anishsharma/Library/Mobile Documents/com~apple~CloudDocs/Downloads/folds_2026_08_26_23_09/ebvms_hla2_control_hy1_dq1_human_background_186917_s104729/fold_ebvms_hla2_control_hy1_dq1_human_background_186917_s104729_summary_confidences_0.json,SYS_MICROBIAL_MBP_HY1B11
/Users/anishsharma/Library/Mobile Documents/com~apple~CloudDocs/Downloads/folds_2026_08_26_23_09/ebvms_hla2_control_hy1_dq1_human_background_186917_s104729/fold_ebvms_hla2_control_hy1_dq1_human_background_186917_s104729_model_1.cif,"Computational pMHC geometry prioritization only; not evidence of presentation, TCR binding, activation, cross-reactivity, molecular mimicry, or MS mechanism.",LTRYYSSFV,4,HY1_DQ1_HUMAN_BACKGROUND_186917,/Users/anishsharma/Library/Mobile Documents/com~apple~CloudDocs/Downloads/folds_2026_08_26_23_09/ebvms_hla2_control_hy1_dq1_human_background_186917_s104729/fold_ebvms_hla2_control_hy1_dq1_human_background_186917_s104729_full_data_1.json,False,0.9,ebvms_hla2_control_hy1_dq1_human_background_186917_s104729,True,194,202,PRCLTRYYSSFVNME,104729,0.89,0.97,True,1,pass_exact_clash_free,new_held_out_controls,/Users/anishsharma/Library/Mobile Documents/com~apple~CloudDocs/Downloads/folds_2026_08_26_23_09/ebvms_hla2_control_hy1_dq1_human_background_186917_s104729/fold_ebvms_hla2_control_hy1_dq1_human_background_186917_s104729_summary_confidences_1.json,SYS_MICROBIAL_MBP_HY1B11
/Users/anishsharma/Library/Mobile Documents/com~apple~CloudDocs/Downloads/folds_2026_08_26_23_09/ebvms_hla2_control_hy1_dq1_human_background_186917_s104729/fold_ebvms_hla2_control_hy1_dq1_human_background_186917_s104729_model_2.cif,"Computational pMHC geometry prioritization only; not evidence of presentation, TCR binding, activation, cross-reactivity, molecular mimicry, or MS mechanism.",LTRYYSSFV,4,HY1_DQ1_HUMAN_BACKGROUND_186917,/Users/anishsharma/Library/Mobile Documents/com~apple~CloudDocs/Downloads/folds_2026_08_26_23_09/ebvms_hla2_control_hy1_dq1_human_background_186917_s104729/fold_ebvms_hla2_control_hy1_dq1_human_background_186917_s104729_full_data_2.json,False,0.89,ebvms_hla2_control_hy1_dq1_human_background_186917_s104729,True,194,202,PRCLTRYYSSFVNME,104729,0.89,0.97,True,2,pass_exact_clash_free,new_held_out_controls,/Users/anishsharma/Library/Mobile Documents/com~apple~CloudDocs/Downloads/folds_2026_08_26_23_09/ebvms_hla2_control_hy1_dq1_human_background_186917_s104729/fold_ebvms_hla2_control_hy1_dq1_human_background_186917_s104729_summary_confidences_2.json,SYS_MICROBIAL_MBP_HY1B11
/Users/anishsharma/Library/Mobile Documents/com~apple~CloudDocs/Downloads/folds_2026_08_26_23_09/ebvms_hla2_control_hy1_dq1_human_background_186917_s104729/fold_ebvms_hla2_control_hy1_dq1_human_background_186917_s104729_model_3.cif,"Computational pMHC geometry prioritization only; not evidence of presentation, TCR binding, activation, cross-reactivity, molecular mimicry, or MS mechanism.",LTRYYSSFV,4,HY1_DQ1_HUMAN_BACKGROUND_186917,/Users/anishsharma/Library/Mobile Documents/com~apple~CloudDocs/Downloads/folds_2026_08_26_23_09/ebvms_hla2_control_hy1_dq1_human_background_186917_s104729/fold_ebvms_hla2_control_hy1_dq1_human_background_186917_s104729_full_data_3.json,False,0.89,ebvms_hla2_control_hy1_dq1_human_background_186917_s104729,True,194,202,PRCLTRYYSSFVNME,104729,0.89,0.97,True,3,pass_exact_clash_free,new_held_out_controls,/Users/anishsharma/Library/Mobile Documents/com~apple~CloudDocs/Downloads/folds_2026_08_26_23_09/ebvms_hla2_control_hy1_dq1_human_background_186917_s104729/fold_ebvms_hla2_control_hy1_dq1_human_background_186917_s104729_summary_confidences_3.json,SYS_MICROBIAL_MBP_HY1B11
/Users/anishsharma/Library/Mobile Documents/com~apple~CloudDocs/Downloads/folds_2026_08_26_23_09/ebvms_hla2_control_hy1_dq1_human_background_186917_s104729/fold_ebvms_hla2_control_hy1_dq1_human_background_186917_s104729_model_4.cif,"Computational pMHC geometry prioritization only; not evidence of presentation, TCR binding, activation, cross-reactivity, molecular mimicry, or MS mechanism.",LTRYYSSFV,4,HY1_DQ1_HUMAN_BACKGROUND_186917,/Users/anishsharma/Library/Mobile Documents/com~apple~CloudDocs/Downloads/folds_2026_08_26_23_09/ebvms_hla2_control_hy1_dq1_human_background_186917_s104729/fold_ebvms_hla2_control_hy1_dq1_human_background_186917_s104729_full_data_4.json,False,0.9,ebvms_hla2_control_hy1_dq1_human_background_186917_s104729,True,194,202,PRCLTRYYSSFVNME,104729,0.89,0.97,True,4,pass_exact_clash_free,new_held_out_controls,/Users/anishsharma/Library/Mobile Documents/com~apple~CloudDocs/Downloads/folds_2026_08_26_23_09/ebvms_hla2_control_hy1_dq1_human_background_186917_s104729/fold_ebvms_hla2_control_hy1_dq1_human_background_186917_s104729_summary_confidences_4.json,SYS_MICROBIAL_MBP_HY1B11
/Users/anishsharma/Library/Mobile Documents/com~apple~CloudDocs/Downloads/folds_2026_08_26_23_09/ebvms_hla2_control_hy1_dq1_human_background_186917_s104759/fold_ebvms_hla2_control_hy1_dq1_human_background_186917_s104759_model_0.cif,"Computational pMHC geometry prioritization only; not evidence of presentation, TCR binding, activation, cross-reactivity, molecular mimicry, or MS mechanism.",LTRYYSSFV,4,HY1_DQ1_HUMAN_BACKGROUND_186917,/Users/anishsharma/Library/Mobile Documents/com~apple~CloudDocs/Downloads/folds_2026_08_26_23_09/ebvms_hla2_control_hy1_dq1_human_background_186917_s104759/fold_ebvms_hla2_control_hy1_dq1_human_background_186917_s104759_full_data_0.json,False,0.9,ebvms_hla2_control_hy1_dq1_human_background_186917_s104759,True,194,202,PRCLTRYYSSFVNME,104759,0.89,0.98,True,0,pass_exact_clash_free,new_held_out_controls,/Users/anishsharma/Library/Mobile Documents/com~apple~CloudDocs/Downloads/folds_2026_08_26_23_09/ebvms_hla2_control_hy1_dq1_human_background_186917_s104759/fold_ebvms_hla2_control_hy1_dq1_human_background_186917_s104759_summary_confidences_0.json,SYS_MICROBIAL_MBP_HY1B11
/Users/anishsharma/Library/Mobile Documents/com~apple~CloudDocs/Downloads/folds_2026_08_26_23_09/ebvms_hla2_control_hy1_dq1_human_background_186917_s104759/fold_ebvms_hla2_control_hy1_dq1_human_background_186917_s104759_model_1.cif,"Computational pMHC geometry prioritization only; not evidence of presentation, TCR binding, activation, cross-reactivity, molecular mimicry, or MS mechanism.",LTRYYSSFV,4,HY1_DQ1_HUMAN_BACKGROUND_186917,/Users/anishsharma/Library/Mobile Documents/com~apple~CloudDocs/Downloads/folds_2026_08_26_23_09/ebvms_hla2_control_hy1_dq1_human_background_186917_s104759/fold_ebvms_hla2_control_hy1_dq1_human_background_186917_s104759_full_data_1.json,False,0.9,ebvms_hla2_control_hy1_dq1_human_background_186917_s104759,True,194,202,PRCLTRYYSSFVNME,104759,0.89,0.97,True,1,pass_exact_clash_free,new_held_out_controls,/Users/anishsharma/Library/Mobile Documents/com~apple~CloudDocs/Downloads/folds_2026_08_26_23_09/ebvms_hla2_control_hy1_dq1_human_background_186917_s104759/fold_ebvms_hla2_control_hy1_dq1_human_background_186917_s104759_summary_confidences_1.json,SYS_MICROBIAL_MBP_HY1B11
/Users/anishsharma/Library/Mobile Documents/com~apple~CloudDocs/Downloads/folds_2026_08_26_23_09/ebvms_hla2_control_hy1_dq1_human_background_186917_s104759/fold_ebvms_hla2_control_hy1_dq1_human_background_186917_s104759_model_2.cif,"Computational pMHC geometry prioritization only; not evidence of presentation, TCR binding, activation, cross-reactivity, molecular mimicry, or MS mechanism.",LTRYYSSFV,4,HY1_DQ1_HUMAN_BACKGROUND_186917,/Users/anishsharma/Library/Mobile Documents/com~apple~CloudDocs/Downloads/folds_2026_08_26_23_09/ebvms_hla2_control_hy1_dq1_human_background_186917_s104759/fold_ebvms_hla2_control_hy1_dq1_human_background_186917_s104759_full_data_2.json,False,0.9,ebvms_hla2_control_hy1_dq1_human_background_186917_s104759,True,194,202,PRCLTRYYSSFVNME,104759,0.89,0.97,True,2,pass_exact_clash_free,new_held_out_controls,/Users/anishsharma/Library/Mobile Documents/com~apple~CloudDocs/Downloads/folds_2026_08_26_23_09/ebvms_hla2_control_hy1_dq1_human_background_186917_s104759/fold_ebvms_hla2_control_hy1_dq1_human_background_186917_s104759_summary_confidences_2.json,SYS_MICROBIAL_MBP_HY1B11
/Users/anishsharma/Library/Mobile Documents/com~apple~CloudDocs/Downloads/folds_2026_08_26_23_09/ebvms_hla2_control_hy1_dq1_human_background_186917_s104759/fold_ebvms_hla2_control_hy1_dq1_human_background_186917_s104759_model_3.cif,"Computational pMHC geometry prioritization only; not evidence of presentation, TCR binding, activation, cross-reactivity, molecular mimicry, or MS mechanism.",LTRYYSSFV,4,HY1_DQ1_HUMAN_BACKGROUND_186917,/Users/anishsharma/Library/Mobile Documents/com~apple~CloudDocs/Downloads/folds_2026_08_26_23_09/ebvms_hla2_control_hy1_dq1_human_background_186917_s104759/fold_ebvms_hla2_control_hy1_dq1_human_background_186917_s104759_full_data_3.json,False,0.9,ebvms_hla2_control_hy1_dq1_human_background_186917_s104759,True,194,202,PRCLTRYYSSFVNME,104759,0.89,0.97,True,3,pass_exact_clash_free,new_held_out_controls,/Users/anishsharma/Library/Mobile Documents/com~apple~CloudDocs/Downloads/folds_2026_08_26_23_09/ebvms_hla2_control_hy1_dq1_human_background_186917_s104759/fold_ebvms_hla2_control_hy1_dq1_human_background_186917_s104759_summary_confidences_3.json,SYS_MICROBIAL_MBP_HY1B11
/Users/anishsharma/Library/Mobile Documents/com~apple~CloudDocs/Downloads/folds_2026_08_26_23_09/ebvms_hla2_control_hy1_dq1_human_background_186917_s104759/fold_ebvms_hla2_control_hy1_dq1_human_background_186917_s104759_model_4.cif,"Computational pMHC geometry prioritization only; not evidence of presentation, TCR binding, activation, cross-reactivity, molecular mimicry, or MS mechanism.",LTRYYSSFV,4,HY1_DQ1_HUMAN_BACKGROUND_186917,/Users/anishsharma/Library/Mobile Documents/com~apple~CloudDocs/Downloads/folds_2026_08_26_23_09/ebvms_hla2_control_hy1_dq1_human_background_186917_s104759/fold_ebvms_hla2_control_hy1_dq1_human_background_186917_s104759_full_data_4.json,False,0.88,ebvms_hla2_control_hy1_dq1_human_background_186917_s104759,True,194,202,PRCLTRYYSSFVNME,104759,0.88,0.96,True,4,pass_exact_clash_free,new_held_out_controls,/Users/anishsharma/Library/Mobile Documents/com~apple~CloudDocs/Downloads/folds_2026_08_26_23_09/ebvms_hla2_control_hy1_dq1_human_background_186917_s104759/fold_ebvms_hla2_control_hy1_dq1_human_background_186917_s104759_summary_confidences_4.json,SYS_MICROBIAL_MBP_HY1B11
/Users/anishsharma/Library/Mobile Documents/com~apple~CloudDocs/Downloads/folds_2026_08_26_23_09/ebvms_hla2_control_hy1_dq1_human_background_2258538_s104729/fold_ebvms_hla2_control_hy1_dq1_human_background_2258538_s104729_model_0.cif,"Computational pMHC geometry prioritization only; not evidence of presentation, TCR binding, activation, cross-reactivity, molecular mimicry, or MS mechanism.",LEFYLAMPF,4,HY1_DQ1_HUMAN_BACKGROUND_2258538,/Users/anishsharma/Library/Mobile Documents/com~apple~CloudDocs/Downloads/folds_2026_08_26_23_09/ebvms_hla2_control_hy1_dq1_human_background_2258538_s104729/fold_ebvms_hla2_control_hy1_dq1_human_background_2258538_s104729_full_data_0.json,False,0.91,ebvms_hla2_control_hy1_dq1_human_background_2258538_s104729,True,194,202,SRLLEFYLAMPFATP,104729,0.9,0.99,True,0,pass_exact_clash_free,new_held_out_controls,/Users/anishsharma/Library/Mobile Documents/com~apple~CloudDocs/Downloads/folds_2026_08_26_23_09/ebvms_hla2_control_hy1_dq1_human_background_2258538_s104729/fold_ebvms_hla2_control_hy1_dq1_human_background_2258538_s104729_summary_confidences_0.json,SYS_MICROBIAL_MBP_HY1B11
/Users/anishsharma/Library/Mobile Documents/com~apple~CloudDocs/Downloads/folds_2026_08_26_23_09/ebvms_hla2_control_hy1_dq1_human_background_2258538_s104729/fold_ebvms_hla2_control_hy1_dq1_human_background_2258538_s104729_model_1.cif,"Computational pMHC geometry prioritization only; not evidence of presentation, TCR binding, activation, cross-reactivity, molecular mimicry, or MS mechanism.",LEFYLAMPF,4,HY1_DQ1_HUMAN_BACKGROUND_2258538,/Users/anishsharma/Library/Mobile Documents/com~apple~CloudDocs/Downloads/folds_2026_08_26_23_09/ebvms_hla2_control_hy1_dq1_human_background_2258538_s104729/fold_ebvms_hla2_control_hy1_dq1_human_background_2258538_s104729_full_data_1.json,False,0.91,ebvms_hla2_control_hy1_dq1_human_background_2258538_s104729,True,194,202,SRLLEFYLAMPFATP,104729,0.9,0.99,True,1,pass_exact_clash_free,new_held_out_controls,/Users/anishsharma/Library/Mobile Documents/com~apple~CloudDocs/Downloads/folds_2026_08_26_23_09/ebvms_hla2_control_hy1_dq1_human_background_2258538_s104729/fold_ebvms_hla2_control_hy1_dq1_human_background_2258538_s104729_summary_confidences_1.json,SYS_MICROBIAL_MBP_HY1B11
/Users/anishsharma/Library/Mobile Documents/com~apple~CloudDocs/Downloads/folds_2026_08_26_23_09/ebvms_hla2_control_hy1_dq1_human_background_2258538_s104729/fold_ebvms_hla2_control_hy1_dq1_human_background_2258538_s104729_model_2.cif,"Computational pMHC geometry prioritization only; not evidence of presentation, TCR binding, activation, cross-reactivity, molecular mimicry, or MS mechanism.",LEFYLAMPF,4,HY1_DQ1_HUMAN_BACKGROUND_2258538,/Users/anishsharma/Library/Mobile Documents/com~apple~CloudDocs/Downloads/folds_2026_08_26_23_09/ebvms_hla2_control_hy1_dq1_human_background_2258538_s104729/fold_ebvms_hla2_control_hy1_dq1_human_background_2258538_s104729_full_data_2.json,False,0.91,ebvms_hla2_control_hy1_dq1_human_background_2258538_s104729,True,194,202,SRLLEFYLAMPFATP,104729,0.9,0.98,True,2,pass_exact_clash_free,new_held_out_controls,/Users/anishsharma/Library/Mobile Documents/com~apple~CloudDocs/Downloads/folds_2026_08_26_23_09/ebvms_hla2_control_hy1_dq1_human_background_2258538_s104729/fold_ebvms_hla2_control_hy1_dq1_human_background_2258538_s104729_summary_confidences_2.json,SYS_MICROBIAL_MBP_HY1B11
/Users/anishsharma/Library/Mobile Documents/com~apple~CloudDocs/Downloads/folds_2026_08_26_23_09/ebvms_hla2_control_hy1_dq1_human_background_2258538_s104729/fold_ebvms_hla2_control_hy1_dq1_human_background_2258538_s104729_model_3.cif,"Computational pMHC geometry prioritization only; not evidence of presentation, TCR binding, activation, cross-reactivity, molecular mimicry, or MS mechanism.",LEFYLAMPF,4,HY1_DQ1_HUMAN_BACKGROUND_2258538,/Users/anishsharma/Library/Mobile Documents/com~apple~CloudDocs/Downloads/folds_2026_08_26_23_09/ebvms_hla2_control_hy1_dq1_human_background_2258538_s104729/fold_ebvms_hla2_control_hy1_dq1_human_background_2258538_s104729_full_data_3.json,False,0.91,ebvms_hla2_control_hy1_dq1_human_background_2258538_s104729,True,194,202,SRLLEFYLAMPFATP,104729,0.9,0.98,True,3,pass_exact_clash_free,new_held_out_controls,/Users/anishsharma/Library/Mobile Documents/com~apple~CloudDocs/Downloads/folds_2026_08_26_23_09/ebvms_hla2_control_hy1_dq1_human_background_2258538_s104729/fold_ebvms_hla2_control_hy1_dq1_human_background_2258538_s104729_summary_confidences_3.json,SYS_MICROBIAL_MBP_HY1B11
/Users/anishsharma/Library/Mobile Documents/com~apple~CloudDocs/Downloads/folds_2026_08_26_23_09/ebvms_hla2_control_hy1_dq1_human_background_2258538_s104729/fold_ebvms_hla2_control_hy1_dq1_human_background_2258538_s104729_model_4.cif,"Computational pMHC geometry prioritization only; not evidence of presentation, TCR binding, activation, cross-reactivity, molecular mimicry, or MS mechanism.",LEFYLAMPF,4,HY1_DQ1_HUMAN_BACKGROUND_2258538,/Users/anishsharma/Library/Mobile Documents/com~apple~CloudDocs/Downloads/folds_2026_08_26_23_09/ebvms_hla2_control_hy1_dq1_human_background_2258538_s104729/fold_ebvms_hla2_control_hy1_dq1_human_background_2258538_s104729_full_data_4.json,False,0.89,ebvms_hla2_control_hy1_dq1_human_background_2258538_s104729,True,194,202,SRLLEFYLAMPFATP,104729,0.89,0.96,True,4,pass_exact_clash_free,new_held_out_controls,/Users/anishsharma/Library/Mobile Documents/com~apple~CloudDocs/Downloads/folds_2026_08_26_23_09/ebvms_hla2_control_hy1_dq1_human_background_2258538_s104729/fold_ebvms_hla2_control_hy1_dq1_human_background_2258538_s104729_summary_confidences_4.json,SYS_MICROBIAL_MBP_HY1B11
/Users/anishsharma/Library/Mobile Documents/com~apple~CloudDocs/Downloads/folds_2026_08_26_23_09/ebvms_hla2_control_hy1_dq1_human_background_2258538_s104759/fold_ebvms_hla2_control_hy1_dq1_human_background_2258538_s104759_model_0.cif,"Computational pMHC geometry prioritization only; not evidence of presentation, TCR binding, activation, cross-reactivity, molecular mimicry, or MS mechanism.",LEFYLAMPF,4,HY1_DQ1_HUMAN_BACKGROUND_2258538,/Users/anishsharma/Library/Mobile Documents/com~apple~CloudDocs/Downloads/folds_2026_08_26_23_09/ebvms_hla2_control_hy1_dq1_human_background_2258538_s104759/fold_ebvms_hla2_control_hy1_dq1_human_background_2258538_s104759_full_data_0.json,False,0.91,ebvms_hla2_control_hy1_dq1_human_background_2258538_s104759,True,194,202,SRLLEFYLAMPFATP,104759,0.9,0.98,True,0,pass_exact_clash_free,new_held_out_controls,/Users/anishsharma/Library/Mobile Documents/com~apple~CloudDocs/Downloads/folds_2026_08_26_23_09/ebvms_hla2_control_hy1_dq1_human_background_2258538_s104759/fold_ebvms_hla2_control_hy1_dq1_human_background_2258538_s104759_summary_confidences_0.json,SYS_MICROBIAL_MBP_HY1B11
/Users/anishsharma/Library/Mobile Documents/com~apple~CloudDocs/Downloads/folds_2026_08_26_23_09/ebvms_hla2_control_hy1_dq1_human_background_2258538_s104759/fold_ebvms_hla2_control_hy1_dq1_human_background_2258538_s104759_model_1.cif,"Computational pMHC geometry prioritization only; not evidence of presentation, TCR binding, activation, cross-reactivity, molecular mimicry, or MS mechanism.",LEFYLAMPF,4,HY1_DQ1_HUMAN_BACKGROUND_2258538,/Users/anishsharma/Library/Mobile Documents/com~apple~CloudDocs/Downloads/folds_2026_08_26_23_09/ebvms_hla2_control_hy1_dq1_human_background_2258538_s104759/fold_ebvms_hla2_control_hy1_dq1_human_background_2258538_s104759_full_data_1.json,False,0.9,ebvms_hla2_control_hy1_dq1_human_background_2258538_s104759,True,194,202,SRLLEFYLAMPFATP,104759,0.9,0.98,True,1,pass_exact_clash_free,new_held_out_controls,/Users/anishsharma/Library/Mobile Documents/com~apple~CloudDocs/Downloads/folds_2026_08_26_23_09/ebvms_hla2_control_hy1_dq1_human_background_2258538_s104759/fold_ebvms_hla2_control_hy1_dq1_human_background_2258538_s104759_summary_confidences_1.json,SYS_MICROBIAL_MBP_HY1B11
/Users/anishsharma/Library/Mobile Documents/com~apple~CloudDocs/Downloads/folds_2026_08_26_23_09/ebvms_hla2_control_hy1_dq1_human_background_2258538_s104759/fold_ebvms_hla2_control_hy1_dq1_human_background_2258538_s104759_model_2.cif,"Computational pMHC geometry prioritization only; not evidence of presentation, TCR binding, activation, cross-reactivity, molecular mimicry, or MS mechanism.",LEFYLAMPF,4,HY1_DQ1_HUMAN_BACKGROUND_2258538,/Users/anishsharma/Library/Mobile Documents/com~apple~CloudDocs/Downloads/folds_2026_08_26_23_09/ebvms_hla2_control_hy1_dq1_human_background_2258538_s104759/fold_ebvms_hla2_control_hy1_dq1_human_background_2258538_s104759_full_data_2.json,False,0.9,ebvms_hla2_control_hy1_dq1_human_background_2258538_s104759,True,194,202,SRLLEFYLAMPFATP,104759,0.9,0.98,True,2,pass_exact_clash_free,new_held_out_controls,/Users/anishsharma/Library/Mobile Documents/com~apple~CloudDocs/Downloads/folds_2026_08_26_23_09/ebvms_hla2_control_hy1_dq1_human_background_2258538_s104759/fold_ebvms_hla2_control_hy1_dq1_human_background_2258538_s104759_summary_confidences_2.json,SYS_MICROBIAL_MBP_HY1B11
/Users/anishsharma/Library/Mobile Documents/com~apple~CloudDocs/Downloads/folds_2026_08_26_23_09/ebvms_hla2_control_hy1_dq1_human_background_2258538_s104759/fold_ebvms_hla2_control_hy1_dq1_human_background_2258538_s104759_model_3.cif,"Computational pMHC geometry prioritization only; not evidence of presentation, TCR binding, activation, cross-reactivity, molecular mimicry, or MS mechanism.",LEFYLAMPF,4,HY1_DQ1_HUMAN_BACKGROUND_2258538,/Users/anishsharma/Library/Mobile Documents/com~apple~CloudDocs/Downloads/folds_2026_08_26_23_09/ebvms_hla2_control_hy1_dq1_human_background_2258538_s104759/fold_ebvms_hla2_control_hy1_dq1_human_background_2258538_s104759_full_data_3.json,False,0.9,ebvms_hla2_control_hy1_dq1_human_background_2258538_s104759,True,194,202,SRLLEFYLAMPFATP,104759,0.9,0.98,True,3,pass_exact_clash_free,new_held_out_controls,/Users/anishsharma/Library/Mobile Documents/com~apple~CloudDocs/Downloads/folds_2026_08_26_23_09/ebvms_hla2_control_hy1_dq1_human_background_2258538_s104759/fold_ebvms_hla2_control_hy1_dq1_human_background_2258538_s104759_summary_confidences_3.json,SYS_MICROBIAL_MBP_HY1B11
/Users/anishsharma/Library/Mobile Documents/com~apple~CloudDocs/Downloads/folds_2026_08_26_23_09/ebvms_hla2_control_hy1_dq1_human_background_2258538_s104759/fold_ebvms_hla2_control_hy1_dq1_human_background_2258538_s104759_model_4.cif,"Computational pMHC geometry prioritization only; not evidence of presentation, TCR binding, activation, cross-reactivity, molecular mimicry, or MS mechanism.",LEFYLAMPF,4,HY1_DQ1_HUMAN_BACKGROUND_2258538,/Users/anishsharma/Library/Mobile Documents/com~apple~CloudDocs/Downloads/folds_2026_08_26_23_09/ebvms_hla2_control_hy1_dq1_human_background_2258538_s104759/fold_ebvms_hla2_control_hy1_dq1_human_background_2258538_s104759_full_data_4.json,False,0.9,ebvms_hla2_control_hy1_dq1_human_background_2258538_s104759,True,194,202,SRLLEFYLAMPFATP,104759,0.9,0.97,True,4,pass_exact_clash_free,new_held_out_controls,/Users/anishsharma/Library/Mobile Documents/com~apple~CloudDocs/Downloads/folds_2026_08_26_23_09/ebvms_hla2_control_hy1_dq1_human_background_2258538_s104759/fold_ebvms_hla2_control_hy1_dq1_human_background_2258538_s104759_summary_confidences_4.json,SYS_MICROBIAL_MBP_HY1B11
/Users/anishsharma/Library/Mobile Documents/com~apple~CloudDocs/Downloads/folds_2026_08_26_23_09/ebvms_hla2_control_hy1_dq1_human_background_2273188_s104729/fold_ebvms_hla2_control_hy1_dq1_human_background_2273188_s104729_model_0.cif,"Computational pMHC geometry prioritization only; not evidence of presentation, TCR binding, activation, cross-reactivity, molecular mimicry, or MS mechanism.",IRVLRAFTS,5,HY1_DQ1_HUMAN_BACKGROUND_2273188,/Users/anishsharma/Library/Mobile Documents/com~apple~CloudDocs/Downloads/folds_2026_08_26_23_09/ebvms_hla2_control_hy1_dq1_human_background_2273188_s104729/fold_ebvms_hla2_control_hy1_dq1_human_background_2273188_s104729_full_data_0.json,False,0.89,ebvms_hla2_control_hy1_dq1_human_background_2273188_s104729,True,194,202,HPNIIRVLRAFTSSV,104729,0.89,0.97,True,0,pass_exact_clash_free,new_held_out_controls,/Users/anishsharma/Library/Mobile Documents/com~apple~CloudDocs/Downloads/folds_2026_08_26_23_09/ebvms_hla2_control_hy1_dq1_human_background_2273188_s104729/fold_ebvms_hla2_control_hy1_dq1_human_background_2273188_s104729_summary_confidences_0.json,SYS_MICROBIAL_MBP_HY1B11
/Users/anishsharma/Library/Mobile Documents/com~apple~CloudDocs/Downloads/folds_2026_08_26_23_09/ebvms_hla2_control_hy1_dq1_human_background_2273188_s104729/fold_ebvms_hla2_control_hy1_dq1_human_background_2273188_s104729_model_1.cif,"Computational pMHC geometry prioritization only; not evidence of presentation, TCR binding, activation, cross-reactivity, molecular mimicry, or MS mechanism.",IRVLRAFTS,5,HY1_DQ1_HUMAN_BACKGROUND_2273188,/Users/anishsharma/Library/Mobile Documents/com~apple~CloudDocs/Downloads/folds_2026_08_26_23_09/ebvms_hla2_control_hy1_dq1_human_background_2273188_s104729/fold_ebvms_hla2_control_hy1_dq1_human_background_2273188_s104729_full_data_1.json,False,0.88,ebvms_hla2_control_hy1_dq1_human_background_2273188_s104729,True,194,202,HPNIIRVLRAFTSSV,104729,0.89,0.96,True,1,pass_exact_clash_free,new_held_out_controls,/Users/anishsharma/Library/Mobile Documents/com~apple~CloudDocs/Downloads/folds_2026_08_26_23_09/ebvms_hla2_control_hy1_dq1_human_background_2273188_s104729/fold_ebvms_hla2_control_hy1_dq1_human_background_2273188_s104729_summary_confidences_1.json,SYS_MICROBIAL_MBP_HY1B11
/Users/anishsharma/Library/Mobile Documents/com~apple~CloudDocs/Downloads/folds_2026_08_26_23_09/ebvms_hla2_control_hy1_dq1_human_background_2273188_s104729/fold_ebvms_hla2_control_hy1_dq1_human_background_2273188_s104729_model_2.cif,"Computational pMHC geometry prioritization only; not evidence of presentation, TCR binding, activation, cross-reactivity, molecular mimicry, or MS mechanism.",IRVLRAFTS,5,HY1_DQ1_HUMAN_BACKGROUND_2273188,/Users/anishsharma/Library/Mobile Documents/com~apple~CloudDocs/Downloads/folds_2026_08_26_23_09/ebvms_hla2_control_hy1_dq1_human_background_2273188_s104729/fold_ebvms_hla2_control_hy1_dq1_human_background_2273188_s104729_full_data_2.json,False,0.88,ebvms_hla2_control_hy1_dq1_human_background_2273188_s104729,True,194,202,HPNIIRVLRAFTSSV,104729,0.89,0.96,True,2,pass_exact_clash_free,new_held_out_controls,/Users/anishsharma/Library/Mobile Documents/com~apple~CloudDocs/Downloads/folds_2026_08_26_23_09/ebvms_hla2_control_hy1_dq1_human_background_2273188_s104729/fold_ebvms_hla2_control_hy1_dq1_human_background_2273188_s104729_summary_confidences_2.json,SYS_MICROBIAL_MBP_HY1B11
/Users/anishsharma/Library/Mobile Documents/com~apple~CloudDocs/Downloads/folds_2026_08_26_23_09/ebvms_hla2_control_hy1_dq1_human_background_2273188_s104729/fold_ebvms_hla2_control_hy1_dq1_human_background_2273188_s104729_model_3.cif,"Computational pMHC geometry prioritization only; not evidence of presentation, TCR binding, activation, cross-reactivity, molecular mimicry, or MS mechanism.",IRVLRAFTS,5,HY1_DQ1_HUMAN_BACKGROUND_2273188,/Users/anishsharma/Library/Mobile Documents/com~apple~CloudDocs/Downloads/folds_2026_08_26_23_09/ebvms_hla2_control_hy1_dq1_human_background_2273188_s104729/fold_ebvms_hla2_control_hy1_dq1_human_background_2273188_s104729_full_data_3.json,False,0.88,ebvms_hla2_control_hy1_dq1_human_background_2273188_s104729,True,194,202,HPNIIRVLRAFTSSV,104729,0.89,0.96,True,3,pass_exact_clash_free,new_held_out_controls,/Users/anishsharma/Library/Mobile Documents/com~apple~CloudDocs/Downloads/folds_2026_08_26_23_09/ebvms_hla2_control_hy1_dq1_human_background_2273188_s104729/fold_ebvms_hla2_control_hy1_dq1_human_background_2273188_s104729_summary_confidences_3.json,SYS_MICROBIAL_MBP_HY1B11
/Users/anishsharma/Library/Mobile Documents/com~apple~CloudDocs/Downloads/folds_2026_08_26_23_09/ebvms_hla2_control_hy1_dq1_human_background_2273188_s104729/fold_ebvms_hla2_control_hy1_dq1_human_background_2273188_s104729_model_4.cif,"Computational pMHC geometry prioritization only; not evidence of presentation, TCR binding, activation, cross-reactivity, molecular mimicry, or MS mechanism.",IRVLRAFTS,5,HY1_DQ1_HUMAN_BACKGROUND_2273188,/Users/anishsharma/Library/Mobile Documents/com~apple~CloudDocs/Downloads/folds_2026_08_26_23_09/ebvms_hla2_control_hy1_dq1_human_background_2273188_s104729/fold_ebvms_hla2_control_hy1_dq1_human_background_2273188_s104729_full_data_4.json,False,0.89,ebvms_hla2_control_hy1_dq1_human_background_2273188_s104729,True,194,202,HPNIIRVLRAFTSSV,104729,0.89,0.96,True,4,pass_exact_clash_free,new_held_out_controls,/Users/anishsharma/Library/Mobile Documents/com~apple~CloudDocs/Downloads/folds_2026_08_26_23_09/ebvms_hla2_control_hy1_dq1_human_background_2273188_s104729/fold_ebvms_hla2_control_hy1_dq1_human_background_2273188_s104729_summary_confidences_4.json,SYS_MICROBIAL_MBP_HY1B11
/Users/anishsharma/Library/Mobile Documents/com~apple~CloudDocs/Downloads/folds_2026_08_26_23_09/ebvms_hla2_control_hy1_dq1_human_background_2273188_s104759/fold_ebvms_hla2_control_hy1_dq1_human_background_2273188_s104759_model_0.cif,"Computational pMHC geometry prioritization only; not evidence of presentation, TCR binding, activation, cross-reactivity, molecular mimicry, or MS mechanism.",IRVLRAFTS,5,HY1_DQ1_HUMAN_BACKGROUND_2273188,/Users/anishsharma/Library/Mobile Documents/com~apple~CloudDocs/Downloads/folds_2026_08_26_23_09/ebvms_hla2_control_hy1_dq1_human_background_2273188_s104759/fold_ebvms_hla2_control_hy1_dq1_human_background_2273188_s104759_full_data_0.json,False,0.88,ebvms_hla2_control_hy1_dq1_human_background_2273188_s104759,True,194,202,HPNIIRVLRAFTSSV,104759,0.89,0.96,True,0,pass_exact_clash_free,new_held_out_controls,/Users/anishsharma/Library/Mobile Documents/com~apple~CloudDocs/Downloads/folds_2026_08_26_23_09/ebvms_hla2_control_hy1_dq1_human_background_2273188_s104759/fold_ebvms_hla2_control_hy1_dq1_human_background_2273188_s104759_summary_confidences_0.json,SYS_MICROBIAL_MBP_HY1B11
/Users/anishsharma/Library/Mobile Documents/com~apple~CloudDocs/Downloads/folds_2026_08_26_23_09/ebvms_hla2_control_hy1_dq1_human_background_2273188_s104759/fold_ebvms_hla2_control_hy1_dq1_human_background_2273188_s104759_model_1.cif,"Computational pMHC geometry prioritization only; not evidence of presentation, TCR binding, activation, cross-reactivity, molecular mimicry, or MS mechanism.",IRVLRAFTS,5,HY1_DQ1_HUMAN_BACKGROUND_2273188,/Users/anishsharma/Library/Mobile Documents/com~apple~CloudDocs/Downloads/folds_2026_08_26_23_09/ebvms_hla2_control_hy1_dq1_human_background_2273188_s104759/fold_ebvms_hla2_control_hy1_dq1_human_background_2273188_s104759_full_data_1.json,False,0.88,ebvms_hla2_control_hy1_dq1_human_background_2273188_s104759,True,194,202,HPNIIRVLRAFTSSV,104759,0.88,0.96,True,1,pass_exact_clash_free,new_held_out_controls,/Users/anishsharma/Library/Mobile Documents/com~apple~CloudDocs/Downloads/folds_2026_08_26_23_09/ebvms_hla2_control_hy1_dq1_human_background_2273188_s104759/fold_ebvms_hla2_control_hy1_dq1_human_background_2273188_s104759_summary_confidences_1.json,SYS_MICROBIAL_MBP_HY1B11
/Users/anishsharma/Library/Mobile Documents/com~apple~CloudDocs/Downloads/folds_2026_08_26_23_09/ebvms_hla2_control_hy1_dq1_human_background_2273188_s104759/fold_ebvms_hla2_control_hy1_dq1_human_background_2273188_s104759_model_2.cif,"Computational pMHC geometry prioritization only; not evidence of presentation, TCR binding, activation, cross-reactivity, molecular mimicry, or MS mechanism.",IRVLRAFTS,5,HY1_DQ1_HUMAN_BACKGROUND_2273188,/Users/anishsharma/Library/Mobile Documents/com~apple~CloudDocs/Downloads/folds_2026_08_26_23_09/ebvms_hla2_control_hy1_dq1_human_background_2273188_s104759/fold_ebvms_hla2_control_hy1_dq1_human_background_2273188_s104759_full_data_2.json,False,0.88,ebvms_hla2_control_hy1_dq1_human_background_2273188_s104759,True,194,202,HPNIIRVLRAFTSSV,104759,0.89,0.96,True,2,pass_exact_clash_free,new_held_out_controls,/Users/anishsharma/Library/Mobile Documents/com~apple~CloudDocs/Downloads/folds_2026_08_26_23_09/ebvms_hla2_control_hy1_dq1_human_background_2273188_s104759/fold_ebvms_hla2_control_hy1_dq1_human_background_2273188_s104759_summary_confidences_2.json,SYS_MICROBIAL_MBP_HY1B11
/Users/anishsharma/Library/Mobile Documents/com~apple~CloudDocs/Downloads/folds_2026_08_26_23_09/ebvms_hla2_control_hy1_dq1_human_background_2273188_s104759/fold_ebvms_hla2_control_hy1_dq1_human_background_2273188_s104759_model_3.cif,"Computational pMHC geometry prioritization only; not evidence of presentation, TCR binding, activation, cross-reactivity, molecular mimicry, or MS mechanism.",IRVLRAFTS,5,HY1_DQ1_HUMAN_BACKGROUND_2273188,/Users/anishsharma/Library/Mobile Documents/com~apple~CloudDocs/Downloads/folds_2026_08_26_23_09/ebvms_hla2_control_hy1_dq1_human_background_2273188_s104759/fold_ebvms_hla2_control_hy1_dq1_human_background_2273188_s104759_full_data_3.json,False,0.88,ebvms_hla2_control_hy1_dq1_human_background_2273188_s104759,True,194,202,HPNIIRVLRAFTSSV,104759,0.88,0.96,True,3,pass_exact_clash_free,new_held_out_controls,/Users/anishsharma/Library/Mobile Documents/com~apple~CloudDocs/Downloads/folds_2026_08_26_23_09/ebvms_hla2_control_hy1_dq1_human_background_2273188_s104759/fold_ebvms_hla2_control_hy1_dq1_human_background_2273188_s104759_summary_confidences_3.json,SYS_MICROBIAL_MBP_HY1B11
/Users/anishsharma/Library/Mobile Documents/com~apple~CloudDocs/Downloads/folds_2026_08_26_23_09/ebvms_hla2_control_hy1_dq1_human_background_2273188_s104759/fold_ebvms_hla2_control_hy1_dq1_human_background_2273188_s104759_model_4.cif,"Computational pMHC geometry prioritization only; not evidence of presentation, TCR binding, activation, cross-reactivity, molecular mimicry, or MS mechanism.",IRVLRAFTS,5,HY1_DQ1_HUMAN_BACKGROUND_2273188,/Users/anishsharma/Library/Mobile Documents/com~apple~CloudDocs/Downloads/folds_2026_08_26_23_09/ebvms_hla2_control_hy1_dq1_human_background_2273188_s104759/fold_ebvms_hla2_control_hy1_dq1_human_background_2273188_s104759_full_data_4.json,False,0.88,ebvms_hla2_control_hy1_dq1_human_background_2273188_s104759,True,194,202,HPNIIRVLRAFTSSV,104759,0.88,0.96,True,4,pass_exact_clash_free,new_held_out_controls,/Users/anishsharma/Library/Mobile Documents/com~apple~CloudDocs/Downloads/folds_2026_08_26_23_09/ebvms_hla2_control_hy1_dq1_human_background_2273188_s104759/fold_ebvms_hla2_control_hy1_dq1_human_background_2273188_s104759_summary_confidences_4.json,SYS_MICROBIAL_MBP_HY1B11
/Users/anishsharma/Library/Mobile Documents/com~apple~CloudDocs/Downloads/folds_2026_08_26_23_09/ebvms_hla2_control_ob1a12_enga_s104729/fold_ebvms_hla2_control_ob1a12_enga_s104729_model_0.cif,"Computational pMHC geometry prioritization only; not evidence of presentation, TCR binding, activation, cross-reactivity, molecular mimicry, or MS mechanism.",VHFISALHG,5,OB1A12_ENGA,/Users/anishsharma/Library/Mobile Documents/com~apple~CloudDocs/Downloads/folds_2026_08_26_23_09/ebvms_hla2_control_ob1a12_enga_s104729/fold_ebvms_hla2_control_ob1a12_enga_s104729_full_data_0.json,False,0.92,ebvms_hla2_control_ob1a12_enga_s104729,True,178,189,DFARVHFISALHGSG,104729,0.93,0.94,True,0,pass_exact_clash_free,new_held_out_controls,/Users/anishsharma/Library/Mobile Documents/com~apple~CloudDocs/Downloads/folds_2026_08_26_23_09/ebvms_hla2_control_ob1a12_enga_s104729/fold_ebvms_hla2_control_ob1a12_enga_s104729_summary_confidences_0.json,SYS_ENGA_MBP_OB1A12
/Users/anishsharma/Library/Mobile Documents/com~apple~CloudDocs/Downloads/folds_2026_08_26_23_09/ebvms_hla2_control_ob1a12_enga_s104729/fold_ebvms_hla2_control_ob1a12_enga_s104729_model_1.cif,"Computational pMHC geometry prioritization only; not evidence of presentation, TCR binding, activation, cross-reactivity, molecular mimicry, or MS mechanism.",VHFISALHG,5,OB1A12_ENGA,/Users/anishsharma/Library/Mobile Documents/com~apple~CloudDocs/Downloads/folds_2026_08_26_23_09/ebvms_hla2_control_ob1a12_enga_s104729/fold_ebvms_hla2_control_ob1a12_enga_s104729_full_data_1.json,False,0.92,ebvms_hla2_control_ob1a12_enga_s104729,True,178,189,DFARVHFISALHGSG,104729,0.93,0.94,True,1,pass_exact_clash_free,new_held_out_controls,/Users/anishsharma/Library/Mobile Documents/com~apple~CloudDocs/Downloads/folds_2026_08_26_23_09/ebvms_hla2_control_ob1a12_enga_s104729/fold_ebvms_hla2_control_ob1a12_enga_s104729_summary_confidences_1.json,SYS_ENGA_MBP_OB1A12
/Users/anishsharma/Library/Mobile Documents/com~apple~CloudDocs/Downloads/folds_2026_08_26_23_09/ebvms_hla2_control_ob1a12_enga_s104729/fold_ebvms_hla2_control_ob1a12_enga_s104729_model_2.cif,"Computational pMHC geometry prioritization only; not evidence of presentation, TCR binding, activation, cross-reactivity, molecular mimicry, or MS mechanism.",VHFISALHG,5,OB1A12_ENGA,/Users/anishsharma/Library/Mobile Documents/com~apple~CloudDocs/Downloads/folds_2026_08_26_23_09/ebvms_hla2_control_ob1a12_enga_s104729/fold_ebvms_hla2_control_ob1a12_enga_s104729_full_data_2.json,False,0.92,ebvms_hla2_control_ob1a12_enga_s104729,True,178,189,DFARVHFISALHGSG,104729,0.93,0.94,True,2,pass_exact_clash_free,new_held_out_controls,/Users/anishsharma/Library/Mobile Documents/com~apple~CloudDocs/Downloads/folds_2026_08_26_23_09/ebvms_hla2_control_ob1a12_enga_s104729/fold_ebvms_hla2_control_ob1a12_enga_s104729_summary_confidences_2.json,SYS_ENGA_MBP_OB1A12
/Users/anishsharma/Library/Mobile Documents/com~apple~CloudDocs/Downloads/folds_2026_08_26_23_09/ebvms_hla2_control_ob1a12_enga_s104729/fold_ebvms_hla2_control_ob1a12_enga_s104729_model_3.cif,"Computational pMHC geometry prioritization only; not evidence of presentation, TCR binding, activation, cross-reactivity, molecular mimicry, or MS mechanism.",VHFISALHG,5,OB1A12_ENGA,/Users/anishsharma/Library/Mobile Documents/com~apple~CloudDocs/Downloads/folds_2026_08_26_23_09/ebvms_hla2_control_ob1a12_enga_s104729/fold_ebvms_hla2_control_ob1a12_enga_s104729_full_data_3.json,False,0.92,ebvms_hla2_control_ob1a12_enga_s104729,True,178,189,DFARVHFISALHGSG,104729,0.92,0.94,True,3,pass_exact_clash_free,new_held_out_controls,/Users/anishsharma/Library/Mobile Documents/com~apple~CloudDocs/Downloads/folds_2026_08_26_23_09/ebvms_hla2_control_ob1a12_enga_s104729/fold_ebvms_hla2_control_ob1a12_enga_s104729_summary_confidences_3.json,SYS_ENGA_MBP_OB1A12
/Users/anishsharma/Library/Mobile Documents/com~apple~CloudDocs/Downloads/folds_2026_08_26_23_09/ebvms_hla2_control_ob1a12_enga_s104729/fold_ebvms_hla2_control_ob1a12_enga_s104729_model_4.cif,"Computational pMHC geometry prioritization only; not evidence of presentation, TCR binding, activation, cross-reactivity, molecular mimicry, or MS mechanism.",VHFISALHG,5,OB1A12_ENGA,/Users/anishsharma/Library/Mobile Documents/com~apple~CloudDocs/Downloads/folds_2026_08_26_23_09/ebvms_hla2_control_ob1a12_enga_s104729/fold_ebvms_hla2_control_ob1a12_enga_s104729_full_data_4.json,False,0.92,ebvms_hla2_control_ob1a12_enga_s104729,True,178,189,DFARVHFISALHGSG,104729,0.92,0.94,True,4,pass_exact_clash_free,new_held_out_controls,/Users/anishsharma/Library/Mobile Documents/com~apple~CloudDocs/Downloads/folds_2026_08_26_23_09/ebvms_hla2_control_ob1a12_enga_s104729/fold_ebvms_hla2_control_ob1a12_enga_s104729_summary_confidences_4.json,SYS_ENGA_MBP_OB1A12
/Users/anishsharma/Library/Mobile Documents/com~apple~CloudDocs/Downloads/folds_2026_08_26_23_09/ebvms_hla2_control_ob1a12_enga_s104759/fold_ebvms_hla2_control_ob1a12_enga_s104759_model_0.cif,"Computational pMHC geometry prioritization only; not evidence of presentation, TCR binding, activation, cross-reactivity, molecular mimicry, or MS mechanism.",VHFISALHG,5,OB1A12_ENGA,/Users/anishsharma/Library/Mobile Documents/com~apple~CloudDocs/Downloads/folds_2026_08_26_23_09/ebvms_hla2_control_ob1a12_enga_s104759/fold_ebvms_hla2_control_ob1a12_enga_s104759_full_data_0.json,False,0.92,ebvms_hla2_control_ob1a12_enga_s104759,True,178,189,DFARVHFISALHGSG,104759,0.93,0.95,True,0,pass_exact_clash_free,new_held_out_controls,/Users/anishsharma/Library/Mobile Documents/com~apple~CloudDocs/Downloads/folds_2026_08_26_23_09/ebvms_hla2_control_ob1a12_enga_s104759/fold_ebvms_hla2_control_ob1a12_enga_s104759_summary_confidences_0.json,SYS_ENGA_MBP_OB1A12
/Users/anishsharma/Library/Mobile Documents/com~apple~CloudDocs/Downloads/folds_2026_08_26_23_09/ebvms_hla2_control_ob1a12_enga_s104759/fold_ebvms_hla2_control_ob1a12_enga_s104759_model_1.cif,"Computational pMHC geometry prioritization only; not evidence of presentation, TCR binding, activation, cross-reactivity, molecular mimicry, or MS mechanism.",VHFISALHG,5,OB1A12_ENGA,/Users/anishsharma/Library/Mobile Documents/com~apple~CloudDocs/Downloads/folds_2026_08_26_23_09/ebvms_hla2_control_ob1a12_enga_s104759/fold_ebvms_hla2_control_ob1a12_enga_s104759_full_data_1.json,False,0.92,ebvms_hla2_control_ob1a12_enga_s104759,True,178,189,DFARVHFISALHGSG,104759,0.93,0.94,True,1,pass_exact_clash_free,new_held_out_controls,/Users/anishsharma/Library/Mobile Documents/com~apple~CloudDocs/Downloads/folds_2026_08_26_23_09/ebvms_hla2_control_ob1a12_enga_s104759/fold_ebvms_hla2_control_ob1a12_enga_s104759_summary_confidences_1.json,SYS_ENGA_MBP_OB1A12
/Users/anishsharma/Library/Mobile Documents/com~apple~CloudDocs/Downloads/folds_2026_08_26_23_09/ebvms_hla2_control_ob1a12_enga_s104759/fold_ebvms_hla2_control_ob1a12_enga_s104759_model_2.cif,"Computational pMHC geometry prioritization only; not evidence of presentation, TCR binding, activation, cross-reactivity, molecular mimicry, or MS mechanism.",VHFISALHG,5,OB1A12_ENGA,/Users/anishsharma/Library/Mobile Documents/com~apple~CloudDocs/Downloads/folds_2026_08_26_23_09/ebvms_hla2_control_ob1a12_enga_s104759/fold_ebvms_hla2_control_ob1a12_enga_s104759_full_data_2.json,False,0.92,ebvms_hla2_control_ob1a12_enga_s104759,True,178,189,DFARVHFISALHGSG,104759,0.92,0.94,True,2,pass_exact_clash_free,new_held_out_controls,/Users/anishsharma/Library/Mobile Documents/com~apple~CloudDocs/Downloads/folds_2026_08_26_23_09/ebvms_hla2_control_ob1a12_enga_s104759/fold_ebvms_hla2_control_ob1a12_enga_s104759_summary_confidences_2.json,SYS_ENGA_MBP_OB1A12
/Users/anishsharma/Library/Mobile Documents/com~apple~CloudDocs/Downloads/folds_2026_08_26_23_09/ebvms_hla2_control_ob1a12_enga_s104759/fold_ebvms_hla2_control_ob1a12_enga_s104759_model_3.cif,"Computational pMHC geometry prioritization only; not evidence of presentation, TCR binding, activation, cross-reactivity, molecular mimicry, or MS mechanism.",VHFISALHG,5,OB1A12_ENGA,/Users/anishsharma/Library/Mobile Documents/com~apple~CloudDocs/Downloads/folds_2026_08_26_23_09/ebvms_hla2_control_ob1a12_enga_s104759/fold_ebvms_hla2_control_ob1a12_enga_s104759_full_data_3.json,False,0.91,ebvms_hla2_control_ob1a12_enga_s104759,True,178,189,DFARVHFISALHGSG,104759,0.92,0.94,True,3,pass_exact_clash_free,new_held_out_controls,/Users/anishsharma/Library/Mobile Documents/com~apple~CloudDocs/Downloads/folds_2026_08_26_23_09/ebvms_hla2_control_ob1a12_enga_s104759/fold_ebvms_hla2_control_ob1a12_enga_s104759_summary_confidences_3.json,SYS_ENGA_MBP_OB1A12
/Users/anishsharma/Library/Mobile Documents/com~apple~CloudDocs/Downloads/folds_2026_08_26_23_09/ebvms_hla2_control_ob1a12_enga_s104759/fold_ebvms_hla2_control_ob1a12_enga_s104759_model_4.cif,"Computational pMHC geometry prioritization only; not evidence of presentation, TCR binding, activation, cross-reactivity, molecular mimicry, or MS mechanism.",VHFISALHG,5,OB1A12_ENGA,/Users/anishsharma/Library/Mobile Documents/com~apple~CloudDocs/Downloads/folds_2026_08_26_23_09/ebvms_hla2_control_ob1a12_enga_s104759/fold_ebvms_hla2_control_ob1a12_enga_s104759_full_data_4.json,False,0.91,ebvms_hla2_control_ob1a12_enga_s104759,True,178,189,DFARVHFISALHGSG,104759,0.92,0.93,True,4,pass_exact_clash_free,new_held_out_controls,/Users/anishsharma/Library/Mobile Documents/com~apple~CloudDocs/Downloads/folds_2026_08_26_23_09/ebvms_hla2_control_ob1a12_enga_s104759/fold_ebvms_hla2_control_ob1a12_enga_s104759_summary_confidences_4.json,SYS_ENGA_MBP_OB1A12
/Users/anishsharma/Library/Mobile Documents/com~apple~CloudDocs/Downloads/folds_2026_08_26_23_09/ebvms_hla2_control_ob1_dr15_ebv_iedb_090bd09c6880_s104729/fold_ebvms_hla2_control_ob1_dr15_ebv_iedb_090bd09c6880_s104729_model_0.cif,"Computational pMHC geometry prioritization only; not evidence of presentation, TCR binding, activation, cross-reactivity, molecular mimicry, or MS mechanism.",LRLLGATYV,4,OB1_DR15_EBV_IEDB_090bd09c6880,/Users/anishsharma/Library/Mobile Documents/com~apple~CloudDocs/Downloads/folds_2026_08_26_23_09/ebvms_hla2_control_ob1_dr15_ebv_iedb_090bd09c6880_s104729/fold_ebvms_hla2_control_ob1_dr15_ebv_iedb_090bd09c6880_s104729_full_data_0.json,False,0.94,ebvms_hla2_control_ob1_dr15_ebv_iedb_090bd09c6880_s104729,True,178,189,QQFLRLLGATYVLRV,104729,0.94,0.96,True,0,pass_exact_clash_free,new_held_out_controls,/Users/anishsharma/Library/Mobile Documents/com~apple~CloudDocs/Downloads/folds_2026_08_26_23_09/ebvms_hla2_control_ob1_dr15_ebv_iedb_090bd09c6880_s104729/fold_ebvms_hla2_control_ob1_dr15_ebv_iedb_090bd09c6880_s104729_summary_confidences_0.json,SYS_ENGA_MBP_OB1A12
/Users/anishsharma/Library/Mobile Documents/com~apple~CloudDocs/Downloads/folds_2026_08_26_23_09/ebvms_hla2_control_ob1_dr15_ebv_iedb_090bd09c6880_s104729/fold_ebvms_hla2_control_ob1_dr15_ebv_iedb_090bd09c6880_s104729_model_1.cif,"Computational pMHC geometry prioritization only; not evidence of presentation, TCR binding, activation, cross-reactivity, molecular mimicry, or MS mechanism.",LRLLGATYV,4,OB1_DR15_EBV_IEDB_090bd09c6880,/Users/anishsharma/Library/Mobile Documents/com~apple~CloudDocs/Downloads/folds_2026_08_26_23_09/ebvms_hla2_control_ob1_dr15_ebv_iedb_090bd09c6880_s104729/fold_ebvms_hla2_control_ob1_dr15_ebv_iedb_090bd09c6880_s104729_full_data_1.json,False,0.94,ebvms_hla2_control_ob1_dr15_ebv_iedb_090bd09c6880_s104729,True,178,189,QQFLRLLGATYVLRV,104729,0.93,0.96,True,1,pass_exact_clash_free,new_held_out_controls,/Users/anishsharma/Library/Mobile Documents/com~apple~CloudDocs/Downloads/folds_2026_08_26_23_09/ebvms_hla2_control_ob1_dr15_ebv_iedb_090bd09c6880_s104729/fold_ebvms_hla2_control_ob1_dr15_ebv_iedb_090bd09c6880_s104729_summary_confidences_1.json,SYS_ENGA_MBP_OB1A12
/Users/anishsharma/Library/Mobile Documents/com~apple~CloudDocs/Downloads/folds_2026_08_26_23_09/ebvms_hla2_control_ob1_dr15_ebv_iedb_090bd09c6880_s104729/fold_ebvms_hla2_control_ob1_dr15_ebv_iedb_090bd09c6880_s104729_model_2.cif,"Computational pMHC geometry prioritization only; not evidence of presentation, TCR binding, activation, cross-reactivity, molecular mimicry, or MS mechanism.",LRLLGATYV,4,OB1_DR15_EBV_IEDB_090bd09c6880,/Users/anishsharma/Library/Mobile Documents/com~apple~CloudDocs/Downloads/folds_2026_08_26_23_09/ebvms_hla2_control_ob1_dr15_ebv_iedb_090bd09c6880_s104729/fold_ebvms_hla2_control_ob1_dr15_ebv_iedb_090bd09c6880_s104729_full_data_2.json,False,0.94,ebvms_hla2_control_ob1_dr15_ebv_iedb_090bd09c6880_s104729,True,178,189,QQFLRLLGATYVLRV,104729,0.93,0.96,True,2,pass_exact_clash_free,new_held_out_controls,/Users/anishsharma/Library/Mobile Documents/com~apple~CloudDocs/Downloads/folds_2026_08_26_23_09/ebvms_hla2_control_ob1_dr15_ebv_iedb_090bd09c6880_s104729/fold_ebvms_hla2_control_ob1_dr15_ebv_iedb_090bd09c6880_s104729_summary_confidences_2.json,SYS_ENGA_MBP_OB1A12
/Users/anishsharma/Library/Mobile Documents/com~apple~CloudDocs/Downloads/folds_2026_08_26_23_09/ebvms_hla2_control_ob1_dr15_ebv_iedb_090bd09c6880_s104729/fold_ebvms_hla2_control_ob1_dr15_ebv_iedb_090bd09c6880_s104729_model_3.cif,"Computational pMHC geometry prioritization only; not evidence of presentation, TCR binding, activation, cross-reactivity, molecular mimicry, or MS mechanism.",LRLLGATYV,4,OB1_DR15_EBV_IEDB_090bd09c6880,/Users/anishsharma/Library/Mobile Documents/com~apple~CloudDocs/Downloads/folds_2026_08_26_23_09/ebvms_hla2_control_ob1_dr15_ebv_iedb_090bd09c6880_s104729/fold_ebvms_hla2_control_ob1_dr15_ebv_iedb_090bd09c6880_s104729_full_data_3.json,False,0.93,ebvms_hla2_control_ob1_dr15_ebv_iedb_090bd09c6880_s104729,True,178,189,QQFLRLLGATYVLRV,104729,0.93,0.95,True,3,pass_exact_clash_free,new_held_out_controls,/Users/anishsharma/Library/Mobile Documents/com~apple~CloudDocs/Downloads/folds_2026_08_26_23_09/ebvms_hla2_control_ob1_dr15_ebv_iedb_090bd09c6880_s104729/fold_ebvms_hla2_control_ob1_dr15_ebv_iedb_090bd09c6880_s104729_summary_confidences_3.json,SYS_ENGA_MBP_OB1A12
/Users/anishsharma/Library/Mobile Documents/com~apple~CloudDocs/Downloads/folds_2026_08_26_23_09/ebvms_hla2_control_ob1_dr15_ebv_iedb_090bd09c6880_s104729/fold_ebvms_hla2_control_ob1_dr15_ebv_iedb_090bd09c6880_s104729_model_4.cif,"Computational pMHC geometry prioritization only; not evidence of presentation, TCR binding, activation, cross-reactivity, molecular mimicry, or MS mechanism.",LRLLGATYV,4,OB1_DR15_EBV_IEDB_090bd09c6880,/Users/anishsharma/Library/Mobile Documents/com~apple~CloudDocs/Downloads/folds_2026_08_26_23_09/ebvms_hla2_control_ob1_dr15_ebv_iedb_090bd09c6880_s104729/fold_ebvms_hla2_control_ob1_dr15_ebv_iedb_090bd09c6880_s104729_full_data_4.json,False,0.93,ebvms_hla2_control_ob1_dr15_ebv_iedb_090bd09c6880_s104729,True,178,189,QQFLRLLGATYVLRV,104729,0.93,0.95,True,4,pass_exact_clash_free,new_held_out_controls,/Users/anishsharma/Library/Mobile Documents/com~apple~CloudDocs/Downloads/folds_2026_08_26_23_09/ebvms_hla2_control_ob1_dr15_ebv_iedb_090bd09c6880_s104729/fold_ebvms_hla2_control_ob1_dr15_ebv_iedb_090bd09c6880_s104729_summary_confidences_4.json,SYS_ENGA_MBP_OB1A12
/Users/anishsharma/Library/Mobile Documents/com~apple~CloudDocs/Downloads/folds_2026_08_26_23_09/ebvms_hla2_control_ob1_dr15_ebv_iedb_090bd09c6880_s104759/fold_ebvms_hla2_control_ob1_dr15_ebv_iedb_090bd09c6880_s104759_model_0.cif,"Computational pMHC geometry prioritization only; not evidence of presentation, TCR binding, activation, cross-reactivity, molecular mimicry, or MS mechanism.",LRLLGATYV,4,OB1_DR15_EBV_IEDB_090bd09c6880,/Users/anishsharma/Library/Mobile Documents/com~apple~CloudDocs/Downloads/folds_2026_08_26_23_09/ebvms_hla2_control_ob1_dr15_ebv_iedb_090bd09c6880_s104759/fold_ebvms_hla2_control_ob1_dr15_ebv_iedb_090bd09c6880_s104759_full_data_0.json,False,0.94,ebvms_hla2_control_ob1_dr15_ebv_iedb_090bd09c6880_s104759,True,178,189,QQFLRLLGATYVLRV,104759,0.94,0.96,True,0,pass_exact_clash_free,new_held_out_controls,/Users/anishsharma/Library/Mobile Documents/com~apple~CloudDocs/Downloads/folds_2026_08_26_23_09/ebvms_hla2_control_ob1_dr15_ebv_iedb_090bd09c6880_s104759/fold_ebvms_hla2_control_ob1_dr15_ebv_iedb_090bd09c6880_s104759_summary_confidences_0.json,SYS_ENGA_MBP_OB1A12
/Users/anishsharma/Library/Mobile Documents/com~apple~CloudDocs/Downloads/folds_2026_08_26_23_09/ebvms_hla2_control_ob1_dr15_ebv_iedb_090bd09c6880_s104759/fold_ebvms_hla2_control_ob1_dr15_ebv_iedb_090bd09c6880_s104759_model_1.cif,"Computational pMHC geometry prioritization only; not evidence of presentation, TCR binding, activation, cross-reactivity, molecular mimicry, or MS mechanism.",LRLLGATYV,4,OB1_DR15_EBV_IEDB_090bd09c6880,/Users/anishsharma/Library/Mobile Documents/com~apple~CloudDocs/Downloads/folds_2026_08_26_23_09/ebvms_hla2_control_ob1_dr15_ebv_iedb_090bd09c6880_s104759/fold_ebvms_hla2_control_ob1_dr15_ebv_iedb_090bd09c6880_s104759_full_data_1.json,False,0.94,ebvms_hla2_control_ob1_dr15_ebv_iedb_090bd09c6880_s104759,True,178,189,QQFLRLLGATYVLRV,104759,0.93,0.96,True,1,pass_exact_clash_free,new_held_out_controls,/Users/anishsharma/Library/Mobile Documents/com~apple~CloudDocs/Downloads/folds_2026_08_26_23_09/ebvms_hla2_control_ob1_dr15_ebv_iedb_090bd09c6880_s104759/fold_ebvms_hla2_control_ob1_dr15_ebv_iedb_090bd09c6880_s104759_summary_confidences_1.json,SYS_ENGA_MBP_OB1A12
/Users/anishsharma/Library/Mobile Documents/com~apple~CloudDocs/Downloads/folds_2026_08_26_23_09/ebvms_hla2_control_ob1_dr15_ebv_iedb_090bd09c6880_s104759/fold_ebvms_hla2_control_ob1_dr15_ebv_iedb_090bd09c6880_s104759_model_2.cif,"Computational pMHC geometry prioritization only; not evidence of presentation, TCR binding, activation, cross-reactivity, molecular mimicry, or MS mechanism.",LRLLGATYV,4,OB1_DR15_EBV_IEDB_090bd09c6880,/Users/anishsharma/Library/Mobile Documents/com~apple~CloudDocs/Downloads/folds_2026_08_26_23_09/ebvms_hla2_control_ob1_dr15_ebv_iedb_090bd09c6880_s104759/fold_ebvms_hla2_control_ob1_dr15_ebv_iedb_090bd09c6880_s104759_full_data_2.json,False,0.93,ebvms_hla2_control_ob1_dr15_ebv_iedb_090bd09c6880_s104759,True,178,189,QQFLRLLGATYVLRV,104759,0.93,0.95,True,2,pass_exact_clash_free,new_held_out_controls,/Users/anishsharma/Library/Mobile Documents/com~apple~CloudDocs/Downloads/folds_2026_08_26_23_09/ebvms_hla2_control_ob1_dr15_ebv_iedb_090bd09c6880_s104759/fold_ebvms_hla2_control_ob1_dr15_ebv_iedb_090bd09c6880_s104759_summary_confidences_2.json,SYS_ENGA_MBP_OB1A12
/Users/anishsharma/Library/Mobile Documents/com~apple~CloudDocs/Downloads/folds_2026_08_26_23_09/ebvms_hla2_control_ob1_dr15_ebv_iedb_090bd09c6880_s104759/fold_ebvms_hla2_control_ob1_dr15_ebv_iedb_090bd09c6880_s104759_model_3.cif,"Computational pMHC geometry prioritization only; not evidence of presentation, TCR binding, activation, cross-reactivity, molecular mimicry, or MS mechanism.",LRLLGATYV,4,OB1_DR15_EBV_IEDB_090bd09c6880,/Users/anishsharma/Library/Mobile Documents/com~apple~CloudDocs/Downloads/folds_2026_08_26_23_09/ebvms_hla2_control_ob1_dr15_ebv_iedb_090bd09c6880_s104759/fold_ebvms_hla2_control_ob1_dr15_ebv_iedb_090bd09c6880_s104759_full_data_3.json,False,0.93,ebvms_hla2_control_ob1_dr15_ebv_iedb_090bd09c6880_s104759,True,178,189,QQFLRLLGATYVLRV,104759,0.93,0.95,True,3,pass_exact_clash_free,new_held_out_controls,/Users/anishsharma/Library/Mobile Documents/com~apple~CloudDocs/Downloads/folds_2026_08_26_23_09/ebvms_hla2_control_ob1_dr15_ebv_iedb_090bd09c6880_s104759/fold_ebvms_hla2_control_ob1_dr15_ebv_iedb_090bd09c6880_s104759_summary_confidences_3.json,SYS_ENGA_MBP_OB1A12
/Users/anishsharma/Library/Mobile Documents/com~apple~CloudDocs/Downloads/folds_2026_08_26_23_09/ebvms_hla2_control_ob1_dr15_ebv_iedb_090bd09c6880_s104759/fold_ebvms_hla2_control_ob1_dr15_ebv_iedb_090bd09c6880_s104759_model_4.cif,"Computational pMHC geometry prioritization only; not evidence of presentation, TCR binding, activation, cross-reactivity, molecular mimicry, or MS mechanism.",LRLLGATYV,4,OB1_DR15_EBV_IEDB_090bd09c6880,/Users/anishsharma/Library/Mobile Documents/com~apple~CloudDocs/Downloads/folds_2026_08_26_23_09/ebvms_hla2_control_ob1_dr15_ebv_iedb_090bd09c6880_s104759/fold_ebvms_hla2_control_ob1_dr15_ebv_iedb_090bd09c6880_s104759_full_data_4.json,False,0.93,ebvms_hla2_control_ob1_dr15_ebv_iedb_090bd09c6880_s104759,True,178,189,QQFLRLLGATYVLRV,104759,0.93,0.95,True,4,pass_exact_clash_free,new_held_out_controls,/Users/anishsharma/Library/Mobile Documents/com~apple~CloudDocs/Downloads/folds_2026_08_26_23_09/ebvms_hla2_control_ob1_dr15_ebv_iedb_090bd09c6880_s104759/fold_ebvms_hla2_control_ob1_dr15_ebv_iedb_090bd09c6880_s104759_summary_confidences_4.json,SYS_ENGA_MBP_OB1A12
/Users/anishsharma/Library/Mobile Documents/com~apple~CloudDocs/Downloads/folds_2026_08_26_23_09/ebvms_hla2_control_ob1_dr15_ebv_iedb_156b80230e03_s104729/fold_ebvms_hla2_control_ob1_dr15_ebv_iedb_156b80230e03_s104729_model_0.cif,"Computational pMHC geometry prioritization only; not evidence of presentation, TCR binding, activation, cross-reactivity, molecular mimicry, or MS mechanism.",VTLTSYWRR,5,OB1_DR15_EBV_IEDB_156b80230e03,/Users/anishsharma/Library/Mobile Documents/com~apple~CloudDocs/Downloads/folds_2026_08_26_23_09/ebvms_hla2_control_ob1_dr15_ebv_iedb_156b80230e03_s104729/fold_ebvms_hla2_control_ob1_dr15_ebv_iedb_156b80230e03_s104729_full_data_0.json,False,0.92,ebvms_hla2_control_ob1_dr15_ebv_iedb_156b80230e03_s104729,True,178,189,LGERVTLTSYWRRVS,104729,0.93,0.95,True,0,pass_exact_clash_free,new_held_out_controls,/Users/anishsharma/Library/Mobile Documents/com~apple~CloudDocs/Downloads/folds_2026_08_26_23_09/ebvms_hla2_control_ob1_dr15_ebv_iedb_156b80230e03_s104729/fold_ebvms_hla2_control_ob1_dr15_ebv_iedb_156b80230e03_s104729_summary_confidences_0.json,SYS_ENGA_MBP_OB1A12
/Users/anishsharma/Library/Mobile Documents/com~apple~CloudDocs/Downloads/folds_2026_08_26_23_09/ebvms_hla2_control_ob1_dr15_ebv_iedb_156b80230e03_s104729/fold_ebvms_hla2_control_ob1_dr15_ebv_iedb_156b80230e03_s104729_model_1.cif,"Computational pMHC geometry prioritization only; not evidence of presentation, TCR binding, activation, cross-reactivity, molecular mimicry, or MS mechanism.",VTLTSYWRR,5,OB1_DR15_EBV_IEDB_156b80230e03,/Users/anishsharma/Library/Mobile Documents/com~apple~CloudDocs/Downloads/folds_2026_08_26_23_09/ebvms_hla2_control_ob1_dr15_ebv_iedb_156b80230e03_s104729/fold_ebvms_hla2_control_ob1_dr15_ebv_iedb_156b80230e03_s104729_full_data_1.json,False,0.91,ebvms_hla2_control_ob1_dr15_ebv_iedb_156b80230e03_s104729,True,178,189,LGERVTLTSYWRRVS,104729,0.92,0.94,True,1,pass_exact_clash_free,new_held_out_controls,/Users/anishsharma/Library/Mobile Documents/com~apple~CloudDocs/Downloads/folds_2026_08_26_23_09/ebvms_hla2_control_ob1_dr15_ebv_iedb_156b80230e03_s104729/fold_ebvms_hla2_control_ob1_dr15_ebv_iedb_156b80230e03_s104729_summary_confidences_1.json,SYS_ENGA_MBP_OB1A12
/Users/anishsharma/Library/Mobile Documents/com~apple~CloudDocs/Downloads/folds_2026_08_26_23_09/ebvms_hla2_control_ob1_dr15_ebv_iedb_156b80230e03_s104729/fold_ebvms_hla2_control_ob1_dr15_ebv_iedb_156b80230e03_s104729_model_2.cif,"Computational pMHC geometry prioritization only; not evidence of presentation, TCR binding, activation, cross-reactivity, molecular mimicry, or MS mechanism.",VTLTSYWRR,5,OB1_DR15_EBV_IEDB_156b80230e03,/Users/anishsharma/Library/Mobile Documents/com~apple~CloudDocs/Downloads/folds_2026_08_26_23_09/ebvms_hla2_control_ob1_dr15_ebv_iedb_156b80230e03_s104729/fold_ebvms_hla2_control_ob1_dr15_ebv_iedb_156b80230e03_s104729_full_data_2.json,False,0.91,ebvms_hla2_control_ob1_dr15_ebv_iedb_156b80230e03_s104729,True,178,189,LGERVTLTSYWRRVS,104729,0.92,0.94,True,2,pass_exact_clash_free,new_held_out_controls,/Users/anishsharma/Library/Mobile Documents/com~apple~CloudDocs/Downloads/folds_2026_08_26_23_09/ebvms_hla2_control_ob1_dr15_ebv_iedb_156b80230e03_s104729/fold_ebvms_hla2_control_ob1_dr15_ebv_iedb_156b80230e03_s104729_summary_confidences_2.json,SYS_ENGA_MBP_OB1A12
/Users/anishsharma/Library/Mobile Documents/com~apple~CloudDocs/Downloads/folds_2026_08_26_23_09/ebvms_hla2_control_ob1_dr15_ebv_iedb_156b80230e03_s104729/fold_ebvms_hla2_control_ob1_dr15_ebv_iedb_156b80230e03_s104729_model_3.cif,"Computational pMHC geometry prioritization only; not evidence of presentation, TCR binding, activation, cross-reactivity, molecular mimicry, or MS mechanism.",VTLTSYWRR,5,OB1_DR15_EBV_IEDB_156b80230e03,/Users/anishsharma/Library/Mobile Documents/com~apple~CloudDocs/Downloads/folds_2026_08_26_23_09/ebvms_hla2_control_ob1_dr15_ebv_iedb_156b80230e03_s104729/fold_ebvms_hla2_control_ob1_dr15_ebv_iedb_156b80230e03_s104729_full_data_3.json,False,0.91,ebvms_hla2_control_ob1_dr15_ebv_iedb_156b80230e03_s104729,True,178,189,LGERVTLTSYWRRVS,104729,0.92,0.93,True,3,pass_exact_clash_free,new_held_out_controls,/Users/anishsharma/Library/Mobile Documents/com~apple~CloudDocs/Downloads/folds_2026_08_26_23_09/ebvms_hla2_control_ob1_dr15_ebv_iedb_156b80230e03_s104729/fold_ebvms_hla2_control_ob1_dr15_ebv_iedb_156b80230e03_s104729_summary_confidences_3.json,SYS_ENGA_MBP_OB1A12
/Users/anishsharma/Library/Mobile Documents/com~apple~CloudDocs/Downloads/folds_2026_08_26_23_09/ebvms_hla2_control_ob1_dr15_ebv_iedb_156b80230e03_s104729/fold_ebvms_hla2_control_ob1_dr15_ebv_iedb_156b80230e03_s104729_model_4.cif,"Computational pMHC geometry prioritization only; not evidence of presentation, TCR binding, activation, cross-reactivity, molecular mimicry, or MS mechanism.",VTLTSYWRR,5,OB1_DR15_EBV_IEDB_156b80230e03,/Users/anishsharma/Library/Mobile Documents/com~apple~CloudDocs/Downloads/folds_2026_08_26_23_09/ebvms_hla2_control_ob1_dr15_ebv_iedb_156b80230e03_s104729/fold_ebvms_hla2_control_ob1_dr15_ebv_iedb_156b80230e03_s104729_full_data_4.json,False,0.91,ebvms_hla2_control_ob1_dr15_ebv_iedb_156b80230e03_s104729,True,178,189,LGERVTLTSYWRRVS,104729,0.92,0.93,True,4,pass_exact_clash_free,new_held_out_controls,/Users/anishsharma/Library/Mobile Documents/com~apple~CloudDocs/Downloads/folds_2026_08_26_23_09/ebvms_hla2_control_ob1_dr15_ebv_iedb_156b80230e03_s104729/fold_ebvms_hla2_control_ob1_dr15_ebv_iedb_156b80230e03_s104729_summary_confidences_4.json,SYS_ENGA_MBP_OB1A12
/Users/anishsharma/Library/Mobile Documents/com~apple~CloudDocs/Downloads/folds_2026_08_26_23_09/ebvms_hla2_control_ob1_dr15_ebv_iedb_156b80230e03_s104759/fold_ebvms_hla2_control_ob1_dr15_ebv_iedb_156b80230e03_s104759_model_0.cif,"Computational pMHC geometry prioritization only; not evidence of presentation, TCR binding, activation, cross-reactivity, molecular mimicry, or MS mechanism.",VTLTSYWRR,5,OB1_DR15_EBV_IEDB_156b80230e03,/Users/anishsharma/Library/Mobile Documents/com~apple~CloudDocs/Downloads/folds_2026_08_26_23_09/ebvms_hla2_control_ob1_dr15_ebv_iedb_156b80230e03_s104759/fold_ebvms_hla2_control_ob1_dr15_ebv_iedb_156b80230e03_s104759_full_data_0.json,False,0.92,ebvms_hla2_control_ob1_dr15_ebv_iedb_156b80230e03_s104759,True,178,189,LGERVTLTSYWRRVS,104759,0.93,0.94,True,0,pass_exact_clash_free,new_held_out_controls,/Users/anishsharma/Library/Mobile Documents/com~apple~CloudDocs/Downloads/folds_2026_08_26_23_09/ebvms_hla2_control_ob1_dr15_ebv_iedb_156b80230e03_s104759/fold_ebvms_hla2_control_ob1_dr15_ebv_iedb_156b80230e03_s104759_summary_confidences_0.json,SYS_ENGA_MBP_OB1A12
/Users/anishsharma/Library/Mobile Documents/com~apple~CloudDocs/Downloads/folds_2026_08_26_23_09/ebvms_hla2_control_ob1_dr15_ebv_iedb_156b80230e03_s104759/fold_ebvms_hla2_control_ob1_dr15_ebv_iedb_156b80230e03_s104759_model_1.cif,"Computational pMHC geometry prioritization only; not evidence of presentation, TCR binding, activation, cross-reactivity, molecular mimicry, or MS mechanism.",VTLTSYWRR,5,OB1_DR15_EBV_IEDB_156b80230e03,/Users/anishsharma/Library/Mobile Documents/com~apple~CloudDocs/Downloads/folds_2026_08_26_23_09/ebvms_hla2_control_ob1_dr15_ebv_iedb_156b80230e03_s104759/fold_ebvms_hla2_control_ob1_dr15_ebv_iedb_156b80230e03_s104759_full_data_1.json,False,0.91,ebvms_hla2_control_ob1_dr15_ebv_iedb_156b80230e03_s104759,True,178,189,LGERVTLTSYWRRVS,104759,0.92,0.94,True,1,pass_exact_clash_free,new_held_out_controls,/Users/anishsharma/Library/Mobile Documents/com~apple~CloudDocs/Downloads/folds_2026_08_26_23_09/ebvms_hla2_control_ob1_dr15_ebv_iedb_156b80230e03_s104759/fold_ebvms_hla2_control_ob1_dr15_ebv_iedb_156b80230e03_s104759_summary_confidences_1.json,SYS_ENGA_MBP_OB1A12
/Users/anishsharma/Library/Mobile Documents/com~apple~CloudDocs/Downloads/folds_2026_08_26_23_09/ebvms_hla2_control_ob1_dr15_ebv_iedb_156b80230e03_s104759/fold_ebvms_hla2_control_ob1_dr15_ebv_iedb_156b80230e03_s104759_model_2.cif,"Computational pMHC geometry prioritization only; not evidence of presentation, TCR binding, activation, cross-reactivity, molecular mimicry, or MS mechanism.",VTLTSYWRR,5,OB1_DR15_EBV_IEDB_156b80230e03,/Users/anishsharma/Library/Mobile Documents/com~apple~CloudDocs/Downloads/folds_2026_08_26_23_09/ebvms_hla2_control_ob1_dr15_ebv_iedb_156b80230e03_s104759/fold_ebvms_hla2_control_ob1_dr15_ebv_iedb_156b80230e03_s104759_full_data_2.json,False,0.91,ebvms_hla2_control_ob1_dr15_ebv_iedb_156b80230e03_s104759,True,178,189,LGERVTLTSYWRRVS,104759,0.92,0.94,True,2,pass_exact_clash_free,new_held_out_controls,/Users/anishsharma/Library/Mobile Documents/com~apple~CloudDocs/Downloads/folds_2026_08_26_23_09/ebvms_hla2_control_ob1_dr15_ebv_iedb_156b80230e03_s104759/fold_ebvms_hla2_control_ob1_dr15_ebv_iedb_156b80230e03_s104759_summary_confidences_2.json,SYS_ENGA_MBP_OB1A12
/Users/anishsharma/Library/Mobile Documents/com~apple~CloudDocs/Downloads/folds_2026_08_26_23_09/ebvms_hla2_control_ob1_dr15_ebv_iedb_156b80230e03_s104759/fold_ebvms_hla2_control_ob1_dr15_ebv_iedb_156b80230e03_s104759_model_3.cif,"Computational pMHC geometry prioritization only; not evidence of presentation, TCR binding, activation, cross-reactivity, molecular mimicry, or MS mechanism.",VTLTSYWRR,5,OB1_DR15_EBV_IEDB_156b80230e03,/Users/anishsharma/Library/Mobile Documents/com~apple~CloudDocs/Downloads/folds_2026_08_26_23_09/ebvms_hla2_control_ob1_dr15_ebv_iedb_156b80230e03_s104759/fold_ebvms_hla2_control_ob1_dr15_ebv_iedb_156b80230e03_s104759_full_data_3.json,False,0.91,ebvms_hla2_control_ob1_dr15_ebv_iedb_156b80230e03_s104759,True,178,189,LGERVTLTSYWRRVS,104759,0.92,0.93,True,3,pass_exact_clash_free,new_held_out_controls,/Users/anishsharma/Library/Mobile Documents/com~apple~CloudDocs/Downloads/folds_2026_08_26_23_09/ebvms_hla2_control_ob1_dr15_ebv_iedb_156b80230e03_s104759/fold_ebvms_hla2_control_ob1_dr15_ebv_iedb_156b80230e03_s104759_summary_confidences_3.json,SYS_ENGA_MBP_OB1A12
/Users/anishsharma/Library/Mobile Documents/com~apple~CloudDocs/Downloads/folds_2026_08_26_23_09/ebvms_hla2_control_ob1_dr15_ebv_iedb_156b80230e03_s104759/fold_ebvms_hla2_control_ob1_dr15_ebv_iedb_156b80230e03_s104759_model_4.cif,"Computational pMHC geometry prioritization only; not evidence of presentation, TCR binding, activation, cross-reactivity, molecular mimicry, or MS mechanism.",VTLTSYWRR,5,OB1_DR15_EBV_IEDB_156b80230e03,/Users/anishsharma/Library/Mobile Documents/com~apple~CloudDocs/Downloads/folds_2026_08_26_23_09/ebvms_hla2_control_ob1_dr15_ebv_iedb_156b80230e03_s104759/fold_ebvms_hla2_control_ob1_dr15_ebv_iedb_156b80230e03_s104759_full_data_4.json,False,0.91,ebvms_hla2_control_ob1_dr15_ebv_iedb_156b80230e03_s104759,True,178,189,LGERVTLTSYWRRVS,104759,0.92,0.93,True,4,pass_exact_clash_free,new_held_out_controls,/Users/anishsharma/Library/Mobile Documents/com~apple~CloudDocs/Downloads/folds_2026_08_26_23_09/ebvms_hla2_control_ob1_dr15_ebv_iedb_156b80230e03_s104759/fold_ebvms_hla2_control_ob1_dr15_ebv_iedb_156b80230e03_s104759_summary_confidences_4.json,SYS_ENGA_MBP_OB1A12
/Users/anishsharma/Library/Mobile Documents/com~apple~CloudDocs/Downloads/folds_2026_08_26_23_09/ebvms_hla2_control_ob1_dr15_ebv_iedb_339d4044147d_s104729/fold_ebvms_hla2_control_ob1_dr15_ebv_iedb_339d4044147d_s104729_model_0.cif,"Computational pMHC geometry prioritization only; not evidence of presentation, TCR binding, activation, cross-reactivity, molecular mimicry, or MS mechanism.",LLHTRAASL,5,OB1_DR15_EBV_IEDB_339d4044147d,/Users/anishsharma/Library/Mobile Documents/com~apple~CloudDocs/Downloads/folds_2026_08_26_23_09/ebvms_hla2_control_ob1_dr15_ebv_iedb_339d4044147d_s104729/fold_ebvms_hla2_control_ob1_dr15_ebv_iedb_339d4044147d_s104729_full_data_0.json,False,0.93,ebvms_hla2_control_ob1_dr15_ebv_iedb_339d4044147d_s104729,True,178,189,SRDELLHTRAASLLY,104729,0.94,0.96,True,0,pass_exact_clash_free,new_held_out_controls,/Users/anishsharma/Library/Mobile Documents/com~apple~CloudDocs/Downloads/folds_2026_08_26_23_09/ebvms_hla2_control_ob1_dr15_ebv_iedb_339d4044147d_s104729/fold_ebvms_hla2_control_ob1_dr15_ebv_iedb_339d4044147d_s104729_summary_confidences_0.json,SYS_ENGA_MBP_OB1A12
/Users/anishsharma/Library/Mobile Documents/com~apple~CloudDocs/Downloads/folds_2026_08_26_23_09/ebvms_hla2_control_ob1_dr15_ebv_iedb_339d4044147d_s104729/fold_ebvms_hla2_control_ob1_dr15_ebv_iedb_339d4044147d_s104729_model_1.cif,"Computational pMHC geometry prioritization only; not evidence of presentation, TCR binding, activation, cross-reactivity, molecular mimicry, or MS mechanism.",LLHTRAASL,5,OB1_DR15_EBV_IEDB_339d4044147d,/Users/anishsharma/Library/Mobile Documents/com~apple~CloudDocs/Downloads/folds_2026_08_26_23_09/ebvms_hla2_control_ob1_dr15_ebv_iedb_339d4044147d_s104729/fold_ebvms_hla2_control_ob1_dr15_ebv_iedb_339d4044147d_s104729_full_data_1.json,False,0.93,ebvms_hla2_control_ob1_dr15_ebv_iedb_339d4044147d_s104729,True,178,189,SRDELLHTRAASLLY,104729,0.93,0.95,True,1,pass_exact_clash_free,new_held_out_controls,/Users/anishsharma/Library/Mobile Documents/com~apple~CloudDocs/Downloads/folds_2026_08_26_23_09/ebvms_hla2_control_ob1_dr15_ebv_iedb_339d4044147d_s104729/fold_ebvms_hla2_control_ob1_dr15_ebv_iedb_339d4044147d_s104729_summary_confidences_1.json,SYS_ENGA_MBP_OB1A12
/Users/anishsharma/Library/Mobile Documents/com~apple~CloudDocs/Downloads/folds_2026_08_26_23_09/ebvms_hla2_control_ob1_dr15_ebv_iedb_339d4044147d_s104729/fold_ebvms_hla2_control_ob1_dr15_ebv_iedb_339d4044147d_s104729_model_2.cif,"Computational pMHC geometry prioritization only; not evidence of presentation, TCR binding, activation, cross-reactivity, molecular mimicry, or MS mechanism.",LLHTRAASL,5,OB1_DR15_EBV_IEDB_339d4044147d,/Users/anishsharma/Library/Mobile Documents/com~apple~CloudDocs/Downloads/folds_2026_08_26_23_09/ebvms_hla2_control_ob1_dr15_ebv_iedb_339d4044147d_s104729/fold_ebvms_hla2_control_ob1_dr15_ebv_iedb_339d4044147d_s104729_full_data_2.json,False,0.93,ebvms_hla2_control_ob1_dr15_ebv_iedb_339d4044147d_s104729,True,178,189,SRDELLHTRAASLLY,104729,0.93,0.95,True,2,pass_exact_clash_free,new_held_out_controls,/Users/anishsharma/Library/Mobile Documents/com~apple~CloudDocs/Downloads/folds_2026_08_26_23_09/ebvms_hla2_control_ob1_dr15_ebv_iedb_339d4044147d_s104729/fold_ebvms_hla2_control_ob1_dr15_ebv_iedb_339d4044147d_s104729_summary_confidences_2.json,SYS_ENGA_MBP_OB1A12
/Users/anishsharma/Library/Mobile Documents/com~apple~CloudDocs/Downloads/folds_2026_08_26_23_09/ebvms_hla2_control_ob1_dr15_ebv_iedb_339d4044147d_s104729/fold_ebvms_hla2_control_ob1_dr15_ebv_iedb_339d4044147d_s104729_model_3.cif,"Computational pMHC geometry prioritization only; not evidence of presentation, TCR binding, activation, cross-reactivity, molecular mimicry, or MS mechanism.",LLHTRAASL,5,OB1_DR15_EBV_IEDB_339d4044147d,/Users/anishsharma/Library/Mobile Documents/com~apple~CloudDocs/Downloads/folds_2026_08_26_23_09/ebvms_hla2_control_ob1_dr15_ebv_iedb_339d4044147d_s104729/fold_ebvms_hla2_control_ob1_dr15_ebv_iedb_339d4044147d_s104729_full_data_3.json,False,0.92,ebvms_hla2_control_ob1_dr15_ebv_iedb_339d4044147d_s104729,True,178,189,SRDELLHTRAASLLY,104729,0.93,0.94,True,3,pass_exact_clash_free,new_held_out_controls,/Users/anishsharma/Library/Mobile Documents/com~apple~CloudDocs/Downloads/folds_2026_08_26_23_09/ebvms_hla2_control_ob1_dr15_ebv_iedb_339d4044147d_s104729/fold_ebvms_hla2_control_ob1_dr15_ebv_iedb_339d4044147d_s104729_summary_confidences_3.json,SYS_ENGA_MBP_OB1A12
/Users/anishsharma/Library/Mobile Documents/com~apple~CloudDocs/Downloads/folds_2026_08_26_23_09/ebvms_hla2_control_ob1_dr15_ebv_iedb_339d4044147d_s104729/fold_ebvms_hla2_control_ob1_dr15_ebv_iedb_339d4044147d_s104729_model_4.cif,"Computational pMHC geometry prioritization only; not evidence of presentation, TCR binding, activation, cross-reactivity, molecular mimicry, or MS mechanism.",LLHTRAASL,5,OB1_DR15_EBV_IEDB_339d4044147d,/Users/anishsharma/Library/Mobile Documents/com~apple~CloudDocs/Downloads/folds_2026_08_26_23_09/ebvms_hla2_control_ob1_dr15_ebv_iedb_339d4044147d_s104729/fold_ebvms_hla2_control_ob1_dr15_ebv_iedb_339d4044147d_s104729_full_data_4.json,False,0.92,ebvms_hla2_control_ob1_dr15_ebv_iedb_339d4044147d_s104729,True,178,189,SRDELLHTRAASLLY,104729,0.93,0.94,True,4,pass_exact_clash_free,new_held_out_controls,/Users/anishsharma/Library/Mobile Documents/com~apple~CloudDocs/Downloads/folds_2026_08_26_23_09/ebvms_hla2_control_ob1_dr15_ebv_iedb_339d4044147d_s104729/fold_ebvms_hla2_control_ob1_dr15_ebv_iedb_339d4044147d_s104729_summary_confidences_4.json,SYS_ENGA_MBP_OB1A12
/Users/anishsharma/Library/Mobile Documents/com~apple~CloudDocs/Downloads/folds_2026_08_26_23_09/ebvms_hla2_control_ob1_dr15_ebv_iedb_339d4044147d_s104759/fold_ebvms_hla2_control_ob1_dr15_ebv_iedb_339d4044147d_s104759_model_0.cif,"Computational pMHC geometry prioritization only; not evidence of presentation, TCR binding, activation, cross-reactivity, molecular mimicry, or MS mechanism.",LLHTRAASL,5,OB1_DR15_EBV_IEDB_339d4044147d,/Users/anishsharma/Library/Mobile Documents/com~apple~CloudDocs/Downloads/folds_2026_08_26_23_09/ebvms_hla2_control_ob1_dr15_ebv_iedb_339d4044147d_s104759/fold_ebvms_hla2_control_ob1_dr15_ebv_iedb_339d4044147d_s104759_full_data_0.json,False,0.93,ebvms_hla2_control_ob1_dr15_ebv_iedb_339d4044147d_s104759,True,178,189,SRDELLHTRAASLLY,104759,0.93,0.95,True,0,pass_exact_clash_free,new_held_out_controls,/Users/anishsharma/Library/Mobile Documents/com~apple~CloudDocs/Downloads/folds_2026_08_26_23_09/ebvms_hla2_control_ob1_dr15_ebv_iedb_339d4044147d_s104759/fold_ebvms_hla2_control_ob1_dr15_ebv_iedb_339d4044147d_s104759_summary_confidences_0.json,SYS_ENGA_MBP_OB1A12
/Users/anishsharma/Library/Mobile Documents/com~apple~CloudDocs/Downloads/folds_2026_08_26_23_09/ebvms_hla2_control_ob1_dr15_ebv_iedb_339d4044147d_s104759/fold_ebvms_hla2_control_ob1_dr15_ebv_iedb_339d4044147d_s104759_model_1.cif,"Computational pMHC geometry prioritization only; not evidence of presentation, TCR binding, activation, cross-reactivity, molecular mimicry, or MS mechanism.",LLHTRAASL,5,OB1_DR15_EBV_IEDB_339d4044147d,/Users/anishsharma/Library/Mobile Documents/com~apple~CloudDocs/Downloads/folds_2026_08_26_23_09/ebvms_hla2_control_ob1_dr15_ebv_iedb_339d4044147d_s104759/fold_ebvms_hla2_control_ob1_dr15_ebv_iedb_339d4044147d_s104759_full_data_1.json,False,0.92,ebvms_hla2_control_ob1_dr15_ebv_iedb_339d4044147d_s104759,True,178,189,SRDELLHTRAASLLY,104759,0.93,0.95,True,1,pass_exact_clash_free,new_held_out_controls,/Users/anishsharma/Library/Mobile Documents/com~apple~CloudDocs/Downloads/folds_2026_08_26_23_09/ebvms_hla2_control_ob1_dr15_ebv_iedb_339d4044147d_s104759/fold_ebvms_hla2_control_ob1_dr15_ebv_iedb_339d4044147d_s104759_summary_confidences_1.json,SYS_ENGA_MBP_OB1A12
/Users/anishsharma/Library/Mobile Documents/com~apple~CloudDocs/Downloads/folds_2026_08_26_23_09/ebvms_hla2_control_ob1_dr15_ebv_iedb_339d4044147d_s104759/fold_ebvms_hla2_control_ob1_dr15_ebv_iedb_339d4044147d_s104759_model_2.cif,"Computational pMHC geometry prioritization only; not evidence of presentation, TCR binding, activation, cross-reactivity, molecular mimicry, or MS mechanism.",LLHTRAASL,5,OB1_DR15_EBV_IEDB_339d4044147d,/Users/anishsharma/Library/Mobile Documents/com~apple~CloudDocs/Downloads/folds_2026_08_26_23_09/ebvms_hla2_control_ob1_dr15_ebv_iedb_339d4044147d_s104759/fold_ebvms_hla2_control_ob1_dr15_ebv_iedb_339d4044147d_s104759_full_data_2.json,False,0.92,ebvms_hla2_control_ob1_dr15_ebv_iedb_339d4044147d_s104759,True,178,189,SRDELLHTRAASLLY,104759,0.93,0.94,True,2,pass_exact_clash_free,new_held_out_controls,/Users/anishsharma/Library/Mobile Documents/com~apple~CloudDocs/Downloads/folds_2026_08_26_23_09/ebvms_hla2_control_ob1_dr15_ebv_iedb_339d4044147d_s104759/fold_ebvms_hla2_control_ob1_dr15_ebv_iedb_339d4044147d_s104759_summary_confidences_2.json,SYS_ENGA_MBP_OB1A12
/Users/anishsharma/Library/Mobile Documents/com~apple~CloudDocs/Downloads/folds_2026_08_26_23_09/ebvms_hla2_control_ob1_dr15_ebv_iedb_339d4044147d_s104759/fold_ebvms_hla2_control_ob1_dr15_ebv_iedb_339d4044147d_s104759_model_3.cif,"Computational pMHC geometry prioritization only; not evidence of presentation, TCR binding, activation, cross-reactivity, molecular mimicry, or MS mechanism.",LLHTRAASL,5,OB1_DR15_EBV_IEDB_339d4044147d,/Users/anishsharma/Library/Mobile Documents/com~apple~CloudDocs/Downloads/folds_2026_08_26_23_09/ebvms_hla2_control_ob1_dr15_ebv_iedb_339d4044147d_s104759/fold_ebvms_hla2_control_ob1_dr15_ebv_iedb_339d4044147d_s104759_full_data_3.json,False,0.92,ebvms_hla2_control_ob1_dr15_ebv_iedb_339d4044147d_s104759,True,178,189,SRDELLHTRAASLLY,104759,0.92,0.94,True,3,pass_exact_clash_free,new_held_out_controls,/Users/anishsharma/Library/Mobile Documents/com~apple~CloudDocs/Downloads/folds_2026_08_26_23_09/ebvms_hla2_control_ob1_dr15_ebv_iedb_339d4044147d_s104759/fold_ebvms_hla2_control_ob1_dr15_ebv_iedb_339d4044147d_s104759_summary_confidences_3.json,SYS_ENGA_MBP_OB1A12
/Users/anishsharma/Library/Mobile Documents/com~apple~CloudDocs/Downloads/folds_2026_08_26_23_09/ebvms_hla2_control_ob1_dr15_ebv_iedb_339d4044147d_s104759/fold_ebvms_hla2_control_ob1_dr15_ebv_iedb_339d4044147d_s104759_model_4.cif,"Computational pMHC geometry prioritization only; not evidence of presentation, TCR binding, activation, cross-reactivity, molecular mimicry, or MS mechanism.",LLHTRAASL,5,OB1_DR15_EBV_IEDB_339d4044147d,/Users/anishsharma/Library/Mobile Documents/com~apple~CloudDocs/Downloads/folds_2026_08_26_23_09/ebvms_hla2_control_ob1_dr15_ebv_iedb_339d4044147d_s104759/fold_ebvms_hla2_control_ob1_dr15_ebv_iedb_339d4044147d_s104759_full_data_4.json,False,0.92,ebvms_hla2_control_ob1_dr15_ebv_iedb_339d4044147d_s104759,True,178,189,SRDELLHTRAASLLY,104759,0.92,0.94,True,4,pass_exact_clash_free,new_held_out_controls,/Users/anishsharma/Library/Mobile Documents/com~apple~CloudDocs/Downloads/folds_2026_08_26_23_09/ebvms_hla2_control_ob1_dr15_ebv_iedb_339d4044147d_s104759/fold_ebvms_hla2_control_ob1_dr15_ebv_iedb_339d4044147d_s104759_summary_confidences_4.json,SYS_ENGA_MBP_OB1A12
/Users/anishsharma/Library/Mobile Documents/com~apple~CloudDocs/Downloads/folds_2026_08_26_23_09/ebvms_hla2_control_ob1_dr15_ebv_iedb_770af30bc486_s104729/fold_ebvms_hla2_control_ob1_dr15_ebv_iedb_770af30bc486_s104729_model_0.cif,"Computational pMHC geometry prioritization only; not evidence of presentation, TCR binding, activation, cross-reactivity, molecular mimicry, or MS mechanism.",FIKFKSPLV,7,OB1_DR15_EBV_IEDB_770af30bc486,/Users/anishsharma/Library/Mobile Documents/com~apple~CloudDocs/Downloads/folds_2026_08_26_23_09/ebvms_hla2_control_ob1_dr15_ebv_iedb_770af30bc486_s104729/fold_ebvms_hla2_control_ob1_dr15_ebv_iedb_770af30bc486_s104729_full_data_0.json,False,0.92,ebvms_hla2_control_ob1_dr15_ebv_iedb_770af30bc486_s104729,True,178,189,MLGQDDFIKFKSPLV,104729,0.93,0.94,True,0,pass_exact_clash_free,new_held_out_controls,/Users/anishsharma/Library/Mobile Documents/com~apple~CloudDocs/Downloads/folds_2026_08_26_23_09/ebvms_hla2_control_ob1_dr15_ebv_iedb_770af30bc486_s104729/fold_ebvms_hla2_control_ob1_dr15_ebv_iedb_770af30bc486_s104729_summary_confidences_0.json,SYS_ENGA_MBP_OB1A12
/Users/anishsharma/Library/Mobile Documents/com~apple~CloudDocs/Downloads/folds_2026_08_26_23_09/ebvms_hla2_control_ob1_dr15_ebv_iedb_770af30bc486_s104729/fold_ebvms_hla2_control_ob1_dr15_ebv_iedb_770af30bc486_s104729_model_1.cif,"Computational pMHC geometry prioritization only; not evidence of presentation, TCR binding, activation, cross-reactivity, molecular mimicry, or MS mechanism.",FIKFKSPLV,7,OB1_DR15_EBV_IEDB_770af30bc486,/Users/anishsharma/Library/Mobile Documents/com~apple~CloudDocs/Downloads/folds_2026_08_26_23_09/ebvms_hla2_control_ob1_dr15_ebv_iedb_770af30bc486_s104729/fold_ebvms_hla2_control_ob1_dr15_ebv_iedb_770af30bc486_s104729_full_data_1.json,False,0.92,ebvms_hla2_control_ob1_dr15_ebv_iedb_770af30bc486_s104729,True,178,189,MLGQDDFIKFKSPLV,104729,0.93,0.94,True,1,pass_exact_clash_free,new_held_out_controls,/Users/anishsharma/Library/Mobile Documents/com~apple~CloudDocs/Downloads/folds_2026_08_26_23_09/ebvms_hla2_control_ob1_dr15_ebv_iedb_770af30bc486_s104729/fold_ebvms_hla2_control_ob1_dr15_ebv_iedb_770af30bc486_s104729_summary_confidences_1.json,SYS_ENGA_MBP_OB1A12
/Users/anishsharma/Library/Mobile Documents/com~apple~CloudDocs/Downloads/folds_2026_08_26_23_09/ebvms_hla2_control_ob1_dr15_ebv_iedb_770af30bc486_s104729/fold_ebvms_hla2_control_ob1_dr15_ebv_iedb_770af30bc486_s104729_model_2.cif,"Computational pMHC geometry prioritization only; not evidence of presentation, TCR binding, activation, cross-reactivity, molecular mimicry, or MS mechanism.",FIKFKSPLV,7,OB1_DR15_EBV_IEDB_770af30bc486,/Users/anishsharma/Library/Mobile Documents/com~apple~CloudDocs/Downloads/folds_2026_08_26_23_09/ebvms_hla2_control_ob1_dr15_ebv_iedb_770af30bc486_s104729/fold_ebvms_hla2_control_ob1_dr15_ebv_iedb_770af30bc486_s104729_full_data_2.json,False,0.91,ebvms_hla2_control_ob1_dr15_ebv_iedb_770af30bc486_s104729,True,178,189,MLGQDDFIKFKSPLV,104729,0.92,0.94,True,2,pass_exact_clash_free,new_held_out_controls,/Users/anishsharma/Library/Mobile Documents/com~apple~CloudDocs/Downloads/folds_2026_08_26_23_09/ebvms_hla2_control_ob1_dr15_ebv_iedb_770af30bc486_s104729/fold_ebvms_hla2_control_ob1_dr15_ebv_iedb_770af30bc486_s104729_summary_confidences_2.json,SYS_ENGA_MBP_OB1A12
/Users/anishsharma/Library/Mobile Documents/com~apple~CloudDocs/Downloads/folds_2026_08_26_23_09/ebvms_hla2_control_ob1_dr15_ebv_iedb_770af30bc486_s104729/fold_ebvms_hla2_control_ob1_dr15_ebv_iedb_770af30bc486_s104729_model_3.cif,"Computational pMHC geometry prioritization only; not evidence of presentation, TCR binding, activation, cross-reactivity, molecular mimicry, or MS mechanism.",FIKFKSPLV,7,OB1_DR15_EBV_IEDB_770af30bc486,/Users/anishsharma/Library/Mobile Documents/com~apple~CloudDocs/Downloads/folds_2026_08_26_23_09/ebvms_hla2_control_ob1_dr15_ebv_iedb_770af30bc486_s104729/fold_ebvms_hla2_control_ob1_dr15_ebv_iedb_770af30bc486_s104729_full_data_3.json,False,0.91,ebvms_hla2_control_ob1_dr15_ebv_iedb_770af30bc486_s104729,True,178,189,MLGQDDFIKFKSPLV,104729,0.92,0.93,True,3,pass_exact_clash_free,new_held_out_controls,/Users/anishsharma/Library/Mobile Documents/com~apple~CloudDocs/Downloads/folds_2026_08_26_23_09/ebvms_hla2_control_ob1_dr15_ebv_iedb_770af30bc486_s104729/fold_ebvms_hla2_control_ob1_dr15_ebv_iedb_770af30bc486_s104729_summary_confidences_3.json,SYS_ENGA_MBP_OB1A12
/Users/anishsharma/Library/Mobile Documents/com~apple~CloudDocs/Downloads/folds_2026_08_26_23_09/ebvms_hla2_control_ob1_dr15_ebv_iedb_770af30bc486_s104729/fold_ebvms_hla2_control_ob1_dr15_ebv_iedb_770af30bc486_s104729_model_4.cif,"Computational pMHC geometry prioritization only; not evidence of presentation, TCR binding, activation, cross-reactivity, molecular mimicry, or MS mechanism.",FIKFKSPLV,7,OB1_DR15_EBV_IEDB_770af30bc486,/Users/anishsharma/Library/Mobile Documents/com~apple~CloudDocs/Downloads/folds_2026_08_26_23_09/ebvms_hla2_control_ob1_dr15_ebv_iedb_770af30bc486_s104729/fold_ebvms_hla2_control_ob1_dr15_ebv_iedb_770af30bc486_s104729_full_data_4.json,False,0.91,ebvms_hla2_control_ob1_dr15_ebv_iedb_770af30bc486_s104729,True,178,189,MLGQDDFIKFKSPLV,104729,0.91,0.93,True,4,pass_exact_clash_free,new_held_out_controls,/Users/anishsharma/Library/Mobile Documents/com~apple~CloudDocs/Downloads/folds_2026_08_26_23_09/ebvms_hla2_control_ob1_dr15_ebv_iedb_770af30bc486_s104729/fold_ebvms_hla2_control_ob1_dr15_ebv_iedb_770af30bc486_s104729_summary_confidences_4.json,SYS_ENGA_MBP_OB1A12
/Users/anishsharma/Library/Mobile Documents/com~apple~CloudDocs/Downloads/folds_2026_08_26_23_09/ebvms_hla2_control_ob1_dr15_ebv_iedb_770af30bc486_s104759/fold_ebvms_hla2_control_ob1_dr15_ebv_iedb_770af30bc486_s104759_model_0.cif,"Computational pMHC geometry prioritization only; not evidence of presentation, TCR binding, activation, cross-reactivity, molecular mimicry, or MS mechanism.",FIKFKSPLV,7,OB1_DR15_EBV_IEDB_770af30bc486,/Users/anishsharma/Library/Mobile Documents/com~apple~CloudDocs/Downloads/folds_2026_08_26_23_09/ebvms_hla2_control_ob1_dr15_ebv_iedb_770af30bc486_s104759/fold_ebvms_hla2_control_ob1_dr15_ebv_iedb_770af30bc486_s104759_full_data_0.json,False,0.91,ebvms_hla2_control_ob1_dr15_ebv_iedb_770af30bc486_s104759,True,178,189,MLGQDDFIKFKSPLV,104759,0.92,0.94,True,0,pass_exact_clash_free,new_held_out_controls,/Users/anishsharma/Library/Mobile Documents/com~apple~CloudDocs/Downloads/folds_2026_08_26_23_09/ebvms_hla2_control_ob1_dr15_ebv_iedb_770af30bc486_s104759/fold_ebvms_hla2_control_ob1_dr15_ebv_iedb_770af30bc486_s104759_summary_confidences_0.json,SYS_ENGA_MBP_OB1A12
/Users/anishsharma/Library/Mobile Documents/com~apple~CloudDocs/Downloads/folds_2026_08_26_23_09/ebvms_hla2_control_ob1_dr15_ebv_iedb_770af30bc486_s104759/fold_ebvms_hla2_control_ob1_dr15_ebv_iedb_770af30bc486_s104759_model_1.cif,"Computational pMHC geometry prioritization only; not evidence of presentation, TCR binding, activation, cross-reactivity, molecular mimicry, or MS mechanism.",FIKFKSPLV,7,OB1_DR15_EBV_IEDB_770af30bc486,/Users/anishsharma/Library/Mobile Documents/com~apple~CloudDocs/Downloads/folds_2026_08_26_23_09/ebvms_hla2_control_ob1_dr15_ebv_iedb_770af30bc486_s104759/fold_ebvms_hla2_control_ob1_dr15_ebv_iedb_770af30bc486_s104759_full_data_1.json,False,0.92,ebvms_hla2_control_ob1_dr15_ebv_iedb_770af30bc486_s104759,True,178,189,MLGQDDFIKFKSPLV,104759,0.93,0.94,True,1,pass_exact_clash_free,new_held_out_controls,/Users/anishsharma/Library/Mobile Documents/com~apple~CloudDocs/Downloads/folds_2026_08_26_23_09/ebvms_hla2_control_ob1_dr15_ebv_iedb_770af30bc486_s104759/fold_ebvms_hla2_control_ob1_dr15_ebv_iedb_770af30bc486_s104759_summary_confidences_1.json,SYS_ENGA_MBP_OB1A12
/Users/anishsharma/Library/Mobile Documents/com~apple~CloudDocs/Downloads/folds_2026_08_26_23_09/ebvms_hla2_control_ob1_dr15_ebv_iedb_770af30bc486_s104759/fold_ebvms_hla2_control_ob1_dr15_ebv_iedb_770af30bc486_s104759_model_2.cif,"Computational pMHC geometry prioritization only; not evidence of presentation, TCR binding, activation, cross-reactivity, molecular mimicry, or MS mechanism.",FIKFKSPLV,7,OB1_DR15_EBV_IEDB_770af30bc486,/Users/anishsharma/Library/Mobile Documents/com~apple~CloudDocs/Downloads/folds_2026_08_26_23_09/ebvms_hla2_control_ob1_dr15_ebv_iedb_770af30bc486_s104759/fold_ebvms_hla2_control_ob1_dr15_ebv_iedb_770af30bc486_s104759_full_data_2.json,False,0.91,ebvms_hla2_control_ob1_dr15_ebv_iedb_770af30bc486_s104759,True,178,189,MLGQDDFIKFKSPLV,104759,0.92,0.94,True,2,pass_exact_clash_free,new_held_out_controls,/Users/anishsharma/Library/Mobile Documents/com~apple~CloudDocs/Downloads/folds_2026_08_26_23_09/ebvms_hla2_control_ob1_dr15_ebv_iedb_770af30bc486_s104759/fold_ebvms_hla2_control_ob1_dr15_ebv_iedb_770af30bc486_s104759_summary_confidences_2.json,SYS_ENGA_MBP_OB1A12
/Users/anishsharma/Library/Mobile Documents/com~apple~CloudDocs/Downloads/folds_2026_08_26_23_09/ebvms_hla2_control_ob1_dr15_ebv_iedb_770af30bc486_s104759/fold_ebvms_hla2_control_ob1_dr15_ebv_iedb_770af30bc486_s104759_model_3.cif,"Computational pMHC geometry prioritization only; not evidence of presentation, TCR binding, activation, cross-reactivity, molecular mimicry, or MS mechanism.",FIKFKSPLV,7,OB1_DR15_EBV_IEDB_770af30bc486,/Users/anishsharma/Library/Mobile Documents/com~apple~CloudDocs/Downloads/folds_2026_08_26_23_09/ebvms_hla2_control_ob1_dr15_ebv_iedb_770af30bc486_s104759/fold_ebvms_hla2_control_ob1_dr15_ebv_iedb_770af30bc486_s104759_full_data_3.json,False,0.91,ebvms_hla2_control_ob1_dr15_ebv_iedb_770af30bc486_s104759,True,178,189,MLGQDDFIKFKSPLV,104759,0.92,0.94,True,3,pass_exact_clash_free,new_held_out_controls,/Users/anishsharma/Library/Mobile Documents/com~apple~CloudDocs/Downloads/folds_2026_08_26_23_09/ebvms_hla2_control_ob1_dr15_ebv_iedb_770af30bc486_s104759/fold_ebvms_hla2_control_ob1_dr15_ebv_iedb_770af30bc486_s104759_summary_confidences_3.json,SYS_ENGA_MBP_OB1A12
/Users/anishsharma/Library/Mobile Documents/com~apple~CloudDocs/Downloads/folds_2026_08_26_23_09/ebvms_hla2_control_ob1_dr15_ebv_iedb_770af30bc486_s104759/fold_ebvms_hla2_control_ob1_dr15_ebv_iedb_770af30bc486_s104759_model_4.cif,"Computational pMHC geometry prioritization only; not evidence of presentation, TCR binding, activation, cross-reactivity, molecular mimicry, or MS mechanism.",FIKFKSPLV,7,OB1_DR15_EBV_IEDB_770af30bc486,/Users/anishsharma/Library/Mobile Documents/com~apple~CloudDocs/Downloads/folds_2026_08_26_23_09/ebvms_hla2_control_ob1_dr15_ebv_iedb_770af30bc486_s104759/fold_ebvms_hla2_control_ob1_dr15_ebv_iedb_770af30bc486_s104759_full_data_4.json,False,0.91,ebvms_hla2_control_ob1_dr15_ebv_iedb_770af30bc486_s104759,True,178,189,MLGQDDFIKFKSPLV,104759,0.92,0.93,True,4,pass_exact_clash_free,new_held_out_controls,/Users/anishsharma/Library/Mobile Documents/com~apple~CloudDocs/Downloads/folds_2026_08_26_23_09/ebvms_hla2_control_ob1_dr15_ebv_iedb_770af30bc486_s104759/fold_ebvms_hla2_control_ob1_dr15_ebv_iedb_770af30bc486_s104759_summary_confidences_4.json,SYS_ENGA_MBP_OB1A12
/Users/anishsharma/Library/Mobile Documents/com~apple~CloudDocs/Downloads/folds_2026_08_26_23_09/ebvms_hla2_control_ob1_dr15_ebv_iedb_c617263cff31_s104729/fold_ebvms_hla2_control_ob1_dr15_ebv_iedb_c617263cff31_s104729_model_0.cif,"Computational pMHC geometry prioritization only; not evidence of presentation, TCR binding, activation, cross-reactivity, molecular mimicry, or MS mechanism.",FVMAARQRL,4,OB1_DR15_EBV_IEDB_c617263cff31,/Users/anishsharma/Library/Mobile Documents/com~apple~CloudDocs/Downloads/folds_2026_08_26_23_09/ebvms_hla2_control_ob1_dr15_ebv_iedb_c617263cff31_s104729/fold_ebvms_hla2_control_ob1_dr15_ebv_iedb_c617263cff31_s104729_full_data_0.json,False,0.93,ebvms_hla2_control_ob1_dr15_ebv_iedb_c617263cff31_s104729,True,178,189,ILCFVMAARQRLQDI,104729,0.94,0.96,True,0,pass_exact_clash_free,new_held_out_controls,/Users/anishsharma/Library/Mobile Documents/com~apple~CloudDocs/Downloads/folds_2026_08_26_23_09/ebvms_hla2_control_ob1_dr15_ebv_iedb_c617263cff31_s104729/fold_ebvms_hla2_control_ob1_dr15_ebv_iedb_c617263cff31_s104729_summary_confidences_0.json,SYS_ENGA_MBP_OB1A12
/Users/anishsharma/Library/Mobile Documents/com~apple~CloudDocs/Downloads/folds_2026_08_26_23_09/ebvms_hla2_control_ob1_dr15_ebv_iedb_c617263cff31_s104729/fold_ebvms_hla2_control_ob1_dr15_ebv_iedb_c617263cff31_s104729_model_1.cif,"Computational pMHC geometry prioritization only; not evidence of presentation, TCR binding, activation, cross-reactivity, molecular mimicry, or MS mechanism.",FVMAARQRL,4,OB1_DR15_EBV_IEDB_c617263cff31,/Users/anishsharma/Library/Mobile Documents/com~apple~CloudDocs/Downloads/folds_2026_08_26_23_09/ebvms_hla2_control_ob1_dr15_ebv_iedb_c617263cff31_s104729/fold_ebvms_hla2_control_ob1_dr15_ebv_iedb_c617263cff31_s104729_full_data_1.json,False,0.92,ebvms_hla2_control_ob1_dr15_ebv_iedb_c617263cff31_s104729,True,178,189,ILCFVMAARQRLQDI,104729,0.93,0.95,True,1,pass_exact_clash_free,new_held_out_controls,/Users/anishsharma/Library/Mobile Documents/com~apple~CloudDocs/Downloads/folds_2026_08_26_23_09/ebvms_hla2_control_ob1_dr15_ebv_iedb_c617263cff31_s104729/fold_ebvms_hla2_control_ob1_dr15_ebv_iedb_c617263cff31_s104729_summary_confidences_1.json,SYS_ENGA_MBP_OB1A12
/Users/anishsharma/Library/Mobile Documents/com~apple~CloudDocs/Downloads/folds_2026_08_26_23_09/ebvms_hla2_control_ob1_dr15_ebv_iedb_c617263cff31_s104729/fold_ebvms_hla2_control_ob1_dr15_ebv_iedb_c617263cff31_s104729_model_2.cif,"Computational pMHC geometry prioritization only; not evidence of presentation, TCR binding, activation, cross-reactivity, molecular mimicry, or MS mechanism.",FVMAARQRL,4,OB1_DR15_EBV_IEDB_c617263cff31,/Users/anishsharma/Library/Mobile Documents/com~apple~CloudDocs/Downloads/folds_2026_08_26_23_09/ebvms_hla2_control_ob1_dr15_ebv_iedb_c617263cff31_s104729/fold_ebvms_hla2_control_ob1_dr15_ebv_iedb_c617263cff31_s104729_full_data_2.json,False,0.92,ebvms_hla2_control_ob1_dr15_ebv_iedb_c617263cff31_s104729,True,178,189,ILCFVMAARQRLQDI,104729,0.93,0.94,True,2,pass_exact_clash_free,new_held_out_controls,/Users/anishsharma/Library/Mobile Documents/com~apple~CloudDocs/Downloads/folds_2026_08_26_23_09/ebvms_hla2_control_ob1_dr15_ebv_iedb_c617263cff31_s104729/fold_ebvms_hla2_control_ob1_dr15_ebv_iedb_c617263cff31_s104729_summary_confidences_2.json,SYS_ENGA_MBP_OB1A12
/Users/anishsharma/Library/Mobile Documents/com~apple~CloudDocs/Downloads/folds_2026_08_26_23_09/ebvms_hla2_control_ob1_dr15_ebv_iedb_c617263cff31_s104729/fold_ebvms_hla2_control_ob1_dr15_ebv_iedb_c617263cff31_s104729_model_3.cif,"Computational pMHC geometry prioritization only; not evidence of presentation, TCR binding, activation, cross-reactivity, molecular mimicry, or MS mechanism.",FVMAARQRL,4,OB1_DR15_EBV_IEDB_c617263cff31,/Users/anishsharma/Library/Mobile Documents/com~apple~CloudDocs/Downloads/folds_2026_08_26_23_09/ebvms_hla2_control_ob1_dr15_ebv_iedb_c617263cff31_s104729/fold_ebvms_hla2_control_ob1_dr15_ebv_iedb_c617263cff31_s104729_full_data_3.json,False,0.92,ebvms_hla2_control_ob1_dr15_ebv_iedb_c617263cff31_s104729,True,178,189,ILCFVMAARQRLQDI,104729,0.93,0.94,True,3,pass_exact_clash_free,new_held_out_controls,/Users/anishsharma/Library/Mobile Documents/com~apple~CloudDocs/Downloads/folds_2026_08_26_23_09/ebvms_hla2_control_ob1_dr15_ebv_iedb_c617263cff31_s104729/fold_ebvms_hla2_control_ob1_dr15_ebv_iedb_c617263cff31_s104729_summary_confidences_3.json,SYS_ENGA_MBP_OB1A12
/Users/anishsharma/Library/Mobile Documents/com~apple~CloudDocs/Downloads/folds_2026_08_26_23_09/ebvms_hla2_control_ob1_dr15_ebv_iedb_c617263cff31_s104729/fold_ebvms_hla2_control_ob1_dr15_ebv_iedb_c617263cff31_s104729_model_4.cif,"Computational pMHC geometry prioritization only; not evidence of presentation, TCR binding, activation, cross-reactivity, molecular mimicry, or MS mechanism.",FVMAARQRL,4,OB1_DR15_EBV_IEDB_c617263cff31,/Users/anishsharma/Library/Mobile Documents/com~apple~CloudDocs/Downloads/folds_2026_08_26_23_09/ebvms_hla2_control_ob1_dr15_ebv_iedb_c617263cff31_s104729/fold_ebvms_hla2_control_ob1_dr15_ebv_iedb_c617263cff31_s104729_full_data_4.json,False,0.91,ebvms_hla2_control_ob1_dr15_ebv_iedb_c617263cff31_s104729,True,178,189,ILCFVMAARQRLQDI,104729,0.92,0.94,True,4,pass_exact_clash_free,new_held_out_controls,/Users/anishsharma/Library/Mobile Documents/com~apple~CloudDocs/Downloads/folds_2026_08_26_23_09/ebvms_hla2_control_ob1_dr15_ebv_iedb_c617263cff31_s104729/fold_ebvms_hla2_control_ob1_dr15_ebv_iedb_c617263cff31_s104729_summary_confidences_4.json,SYS_ENGA_MBP_OB1A12
/Users/anishsharma/Library/Mobile Documents/com~apple~CloudDocs/Downloads/folds_2026_08_26_23_09/ebvms_hla2_control_ob1_dr15_ebv_iedb_c617263cff31_s104759/fold_ebvms_hla2_control_ob1_dr15_ebv_iedb_c617263cff31_s104759_model_0.cif,"Computational pMHC geometry prioritization only; not evidence of presentation, TCR binding, activation, cross-reactivity, molecular mimicry, or MS mechanism.",FVMAARQRL,4,OB1_DR15_EBV_IEDB_c617263cff31,/Users/anishsharma/Library/Mobile Documents/com~apple~CloudDocs/Downloads/folds_2026_08_26_23_09/ebvms_hla2_control_ob1_dr15_ebv_iedb_c617263cff31_s104759/fold_ebvms_hla2_control_ob1_dr15_ebv_iedb_c617263cff31_s104759_full_data_0.json,False,0.93,ebvms_hla2_control_ob1_dr15_ebv_iedb_c617263cff31_s104759,True,178,189,ILCFVMAARQRLQDI,104759,0.94,0.95,True,0,pass_exact_clash_free,new_held_out_controls,/Users/anishsharma/Library/Mobile Documents/com~apple~CloudDocs/Downloads/folds_2026_08_26_23_09/ebvms_hla2_control_ob1_dr15_ebv_iedb_c617263cff31_s104759/fold_ebvms_hla2_control_ob1_dr15_ebv_iedb_c617263cff31_s104759_summary_confidences_0.json,SYS_ENGA_MBP_OB1A12
/Users/anishsharma/Library/Mobile Documents/com~apple~CloudDocs/Downloads/folds_2026_08_26_23_09/ebvms_hla2_control_ob1_dr15_ebv_iedb_c617263cff31_s104759/fold_ebvms_hla2_control_ob1_dr15_ebv_iedb_c617263cff31_s104759_model_1.cif,"Computational pMHC geometry prioritization only; not evidence of presentation, TCR binding, activation, cross-reactivity, molecular mimicry, or MS mechanism.",FVMAARQRL,4,OB1_DR15_EBV_IEDB_c617263cff31,/Users/anishsharma/Library/Mobile Documents/com~apple~CloudDocs/Downloads/folds_2026_08_26_23_09/ebvms_hla2_control_ob1_dr15_ebv_iedb_c617263cff31_s104759/fold_ebvms_hla2_control_ob1_dr15_ebv_iedb_c617263cff31_s104759_full_data_1.json,False,0.92,ebvms_hla2_control_ob1_dr15_ebv_iedb_c617263cff31_s104759,True,178,189,ILCFVMAARQRLQDI,104759,0.93,0.95,True,1,pass_exact_clash_free,new_held_out_controls,/Users/anishsharma/Library/Mobile Documents/com~apple~CloudDocs/Downloads/folds_2026_08_26_23_09/ebvms_hla2_control_ob1_dr15_ebv_iedb_c617263cff31_s104759/fold_ebvms_hla2_control_ob1_dr15_ebv_iedb_c617263cff31_s104759_summary_confidences_1.json,SYS_ENGA_MBP_OB1A12
/Users/anishsharma/Library/Mobile Documents/com~apple~CloudDocs/Downloads/folds_2026_08_26_23_09/ebvms_hla2_control_ob1_dr15_ebv_iedb_c617263cff31_s104759/fold_ebvms_hla2_control_ob1_dr15_ebv_iedb_c617263cff31_s104759_model_2.cif,"Computational pMHC geometry prioritization only; not evidence of presentation, TCR binding, activation, cross-reactivity, molecular mimicry, or MS mechanism.",FVMAARQRL,4,OB1_DR15_EBV_IEDB_c617263cff31,/Users/anishsharma/Library/Mobile Documents/com~apple~CloudDocs/Downloads/folds_2026_08_26_23_09/ebvms_hla2_control_ob1_dr15_ebv_iedb_c617263cff31_s104759/fold_ebvms_hla2_control_ob1_dr15_ebv_iedb_c617263cff31_s104759_full_data_2.json,False,0.92,ebvms_hla2_control_ob1_dr15_ebv_iedb_c617263cff31_s104759,True,178,189,ILCFVMAARQRLQDI,104759,0.93,0.94,True,2,pass_exact_clash_free,new_held_out_controls,/Users/anishsharma/Library/Mobile Documents/com~apple~CloudDocs/Downloads/folds_2026_08_26_23_09/ebvms_hla2_control_ob1_dr15_ebv_iedb_c617263cff31_s104759/fold_ebvms_hla2_control_ob1_dr15_ebv_iedb_c617263cff31_s104759_summary_confidences_2.json,SYS_ENGA_MBP_OB1A12
/Users/anishsharma/Library/Mobile Documents/com~apple~CloudDocs/Downloads/folds_2026_08_26_23_09/ebvms_hla2_control_ob1_dr15_ebv_iedb_c617263cff31_s104759/fold_ebvms_hla2_control_ob1_dr15_ebv_iedb_c617263cff31_s104759_model_3.cif,"Computational pMHC geometry prioritization only; not evidence of presentation, TCR binding, activation, cross-reactivity, molecular mimicry, or MS mechanism.",FVMAARQRL,4,OB1_DR15_EBV_IEDB_c617263cff31,/Users/anishsharma/Library/Mobile Documents/com~apple~CloudDocs/Downloads/folds_2026_08_26_23_09/ebvms_hla2_control_ob1_dr15_ebv_iedb_c617263cff31_s104759/fold_ebvms_hla2_control_ob1_dr15_ebv_iedb_c617263cff31_s104759_full_data_3.json,False,0.92,ebvms_hla2_control_ob1_dr15_ebv_iedb_c617263cff31_s104759,True,178,189,ILCFVMAARQRLQDI,104759,0.92,0.94,True,3,pass_exact_clash_free,new_held_out_controls,/Users/anishsharma/Library/Mobile Documents/com~apple~CloudDocs/Downloads/folds_2026_08_26_23_09/ebvms_hla2_control_ob1_dr15_ebv_iedb_c617263cff31_s104759/fold_ebvms_hla2_control_ob1_dr15_ebv_iedb_c617263cff31_s104759_summary_confidences_3.json,SYS_ENGA_MBP_OB1A12
/Users/anishsharma/Library/Mobile Documents/com~apple~CloudDocs/Downloads/folds_2026_08_26_23_09/ebvms_hla2_control_ob1_dr15_ebv_iedb_c617263cff31_s104759/fold_ebvms_hla2_control_ob1_dr15_ebv_iedb_c617263cff31_s104759_model_4.cif,"Computational pMHC geometry prioritization only; not evidence of presentation, TCR binding, activation, cross-reactivity, molecular mimicry, or MS mechanism.",FVMAARQRL,4,OB1_DR15_EBV_IEDB_c617263cff31,/Users/anishsharma/Library/Mobile Documents/com~apple~CloudDocs/Downloads/folds_2026_08_26_23_09/ebvms_hla2_control_ob1_dr15_ebv_iedb_c617263cff31_s104759/fold_ebvms_hla2_control_ob1_dr15_ebv_iedb_c617263cff31_s104759_full_data_4.json,False,0.91,ebvms_hla2_control_ob1_dr15_ebv_iedb_c617263cff31_s104759,True,178,189,ILCFVMAARQRLQDI,104759,0.92,0.93,True,4,pass_exact_clash_free,new_held_out_controls,/Users/anishsharma/Library/Mobile Documents/com~apple~CloudDocs/Downloads/folds_2026_08_26_23_09/ebvms_hla2_control_ob1_dr15_ebv_iedb_c617263cff31_s104759/fold_ebvms_hla2_control_ob1_dr15_ebv_iedb_c617263cff31_s104759_summary_confidences_4.json,SYS_ENGA_MBP_OB1A12
/Users/anishsharma/Library/Mobile Documents/com~apple~CloudDocs/Downloads/folds_2026_08_25_22_25/ebvms_native_human_background_1618754_s104729/fold_ebvms_native_human_background_1618754_s104729_model_0.cif,"Computational pMHC geometry prioritization only; not evidence of presentation, TCR binding, activation, cross-reactivity, molecular mimicry, or MS mechanism.",LVLLRGENL,5,HUMAN_BACKGROUND_1618754,/Users/anishsharma/Library/Mobile Documents/com~apple~CloudDocs/Downloads/folds_2026_08_25_22_25/ebvms_native_human_background_1618754_s104729/fold_ebvms_native_human_background_1618754_s104729_full_data_0.json,False,0.94,ebvms_native_human_background_1618754_s104729,True,178,189,RVLGLVLLRGENLVS,104729,0.94,0.96,True,0,pass_exact_clash_free,frozen_hy2e11_reuse,/Users/anishsharma/Library/Mobile Documents/com~apple~CloudDocs/Downloads/folds_2026_08_25_22_25/ebvms_native_human_background_1618754_s104729/fold_ebvms_native_human_background_1618754_s104729_summary_confidences_0.json,SYS_BALF5_MBP_HY2E11
/Users/anishsharma/Library/Mobile Documents/com~apple~CloudDocs/Downloads/folds_2026_08_25_22_25/ebvms_native_human_background_1618754_s104729/fold_ebvms_native_human_background_1618754_s104729_model_1.cif,"Computational pMHC geometry prioritization only; not evidence of presentation, TCR binding, activation, cross-reactivity, molecular mimicry, or MS mechanism.",LVLLRGENL,5,HUMAN_BACKGROUND_1618754,/Users/anishsharma/Library/Mobile Documents/com~apple~CloudDocs/Downloads/folds_2026_08_25_22_25/ebvms_native_human_background_1618754_s104729/fold_ebvms_native_human_background_1618754_s104729_full_data_1.json,False,0.94,ebvms_native_human_background_1618754_s104729,True,178,189,RVLGLVLLRGENLVS,104729,0.93,0.96,True,1,pass_exact_clash_free,frozen_hy2e11_reuse,/Users/anishsharma/Library/Mobile Documents/com~apple~CloudDocs/Downloads/folds_2026_08_25_22_25/ebvms_native_human_background_1618754_s104729/fold_ebvms_native_human_background_1618754_s104729_summary_confidences_1.json,SYS_BALF5_MBP_HY2E11
/Users/anishsharma/Library/Mobile Documents/com~apple~CloudDocs/Downloads/folds_2026_08_25_22_25/ebvms_native_human_background_1618754_s104729/fold_ebvms_native_human_background_1618754_s104729_model_2.cif,"Computational pMHC geometry prioritization only; not evidence of presentation, TCR binding, activation, cross-reactivity, molecular mimicry, or MS mechanism.",LVLLRGENL,5,HUMAN_BACKGROUND_1618754,/Users/anishsharma/Library/Mobile Documents/com~apple~CloudDocs/Downloads/folds_2026_08_25_22_25/ebvms_native_human_background_1618754_s104729/fold_ebvms_native_human_background_1618754_s104729_full_data_2.json,False,0.94,ebvms_native_human_background_1618754_s104729,True,178,189,RVLGLVLLRGENLVS,104729,0.94,0.96,True,2,pass_exact_clash_free,frozen_hy2e11_reuse,/Users/anishsharma/Library/Mobile Documents/com~apple~CloudDocs/Downloads/folds_2026_08_25_22_25/ebvms_native_human_background_1618754_s104729/fold_ebvms_native_human_background_1618754_s104729_summary_confidences_2.json,SYS_BALF5_MBP_HY2E11
/Users/anishsharma/Library/Mobile Documents/com~apple~CloudDocs/Downloads/folds_2026_08_25_22_25/ebvms_native_human_background_1618754_s104729/fold_ebvms_native_human_background_1618754_s104729_model_3.cif,"Computational pMHC geometry prioritization only; not evidence of presentation, TCR binding, activation, cross-reactivity, molecular mimicry, or MS mechanism.",LVLLRGENL,5,HUMAN_BACKGROUND_1618754,/Users/anishsharma/Library/Mobile Documents/com~apple~CloudDocs/Downloads/folds_2026_08_25_22_25/ebvms_native_human_background_1618754_s104729/fold_ebvms_native_human_background_1618754_s104729_full_data_3.json,False,0.93,ebvms_native_human_background_1618754_s104729,True,178,189,RVLGLVLLRGENLVS,104729,0.93,0.95,True,3,pass_exact_clash_free,frozen_hy2e11_reuse,/Users/anishsharma/Library/Mobile Documents/com~apple~CloudDocs/Downloads/folds_2026_08_25_22_25/ebvms_native_human_background_1618754_s104729/fold_ebvms_native_human_background_1618754_s104729_summary_confidences_3.json,SYS_BALF5_MBP_HY2E11
/Users/anishsharma/Library/Mobile Documents/com~apple~CloudDocs/Downloads/folds_2026_08_25_22_25/ebvms_native_human_background_1618754_s104729/fold_ebvms_native_human_background_1618754_s104729_model_4.cif,"Computational pMHC geometry prioritization only; not evidence of presentation, TCR binding, activation, cross-reactivity, molecular mimicry, or MS mechanism.",LVLLRGENL,5,HUMAN_BACKGROUND_1618754,/Users/anishsharma/Library/Mobile Documents/com~apple~CloudDocs/Downloads/folds_2026_08_25_22_25/ebvms_native_human_background_1618754_s104729/fold_ebvms_native_human_background_1618754_s104729_full_data_4.json,False,0.93,ebvms_native_human_background_1618754_s104729,True,178,189,RVLGLVLLRGENLVS,104729,0.93,0.95,True,4,pass_exact_clash_free,frozen_hy2e11_reuse,/Users/anishsharma/Library/Mobile Documents/com~apple~CloudDocs/Downloads/folds_2026_08_25_22_25/ebvms_native_human_background_1618754_s104729/fold_ebvms_native_human_background_1618754_s104729_summary_confidences_4.json,SYS_BALF5_MBP_HY2E11
/Users/anishsharma/Library/Mobile Documents/com~apple~CloudDocs/Downloads/folds_2026_08_25_22_25/ebvms_native_human_background_1618754_s104759/fold_ebvms_native_human_background_1618754_s104759_model_0.cif,"Computational pMHC geometry prioritization only; not evidence of presentation, TCR binding, activation, cross-reactivity, molecular mimicry, or MS mechanism.",LVLLRGENL,5,HUMAN_BACKGROUND_1618754,/Users/anishsharma/Library/Mobile Documents/com~apple~CloudDocs/Downloads/folds_2026_08_25_22_25/ebvms_native_human_background_1618754_s104759/fold_ebvms_native_human_background_1618754_s104759_full_data_0.json,False,0.93,ebvms_native_human_background_1618754_s104759,True,178,189,RVLGLVLLRGENLVS,104759,0.93,0.96,True,0,pass_exact_clash_free,frozen_hy2e11_reuse,/Users/anishsharma/Library/Mobile Documents/com~apple~CloudDocs/Downloads/folds_2026_08_25_22_25/ebvms_native_human_background_1618754_s104759/fold_ebvms_native_human_background_1618754_s104759_summary_confidences_0.json,SYS_BALF5_MBP_HY2E11
/Users/anishsharma/Library/Mobile Documents/com~apple~CloudDocs/Downloads/folds_2026_08_25_22_25/ebvms_native_human_background_1618754_s104759/fold_ebvms_native_human_background_1618754_s104759_model_1.cif,"Computational pMHC geometry prioritization only; not evidence of presentation, TCR binding, activation, cross-reactivity, molecular mimicry, or MS mechanism.",LVLLRGENL,5,HUMAN_BACKGROUND_1618754,/Users/anishsharma/Library/Mobile Documents/com~apple~CloudDocs/Downloads/folds_2026_08_25_22_25/ebvms_native_human_background_1618754_s104759/fold_ebvms_native_human_background_1618754_s104759_full_data_1.json,False,0.93,ebvms_native_human_background_1618754_s104759,True,178,189,RVLGLVLLRGENLVS,104759,0.94,0.96,True,1,pass_exact_clash_free,frozen_hy2e11_reuse,/Users/anishsharma/Library/Mobile Documents/com~apple~CloudDocs/Downloads/folds_2026_08_25_22_25/ebvms_native_human_background_1618754_s104759/fold_ebvms_native_human_background_1618754_s104759_summary_confidences_1.json,SYS_BALF5_MBP_HY2E11
/Users/anishsharma/Library/Mobile Documents/com~apple~CloudDocs/Downloads/folds_2026_08_25_22_25/ebvms_native_human_background_1618754_s104759/fold_ebvms_native_human_background_1618754_s104759_model_2.cif,"Computational pMHC geometry prioritization only; not evidence of presentation, TCR binding, activation, cross-reactivity, molecular mimicry, or MS mechanism.",LVLLRGENL,5,HUMAN_BACKGROUND_1618754,/Users/anishsharma/Library/Mobile Documents/com~apple~CloudDocs/Downloads/folds_2026_08_25_22_25/ebvms_native_human_background_1618754_s104759/fold_ebvms_native_human_background_1618754_s104759_full_data_2.json,False,0.93,ebvms_native_human_background_1618754_s104759,True,178,189,RVLGLVLLRGENLVS,104759,0.93,0.95,True,2,pass_exact_clash_free,frozen_hy2e11_reuse,/Users/anishsharma/Library/Mobile Documents/com~apple~CloudDocs/Downloads/folds_2026_08_25_22_25/ebvms_native_human_background_1618754_s104759/fold_ebvms_native_human_background_1618754_s104759_summary_confidences_2.json,SYS_BALF5_MBP_HY2E11
/Users/anishsharma/Library/Mobile Documents/com~apple~CloudDocs/Downloads/folds_2026_08_25_22_25/ebvms_native_human_background_1618754_s104759/fold_ebvms_native_human_background_1618754_s104759_model_3.cif,"Computational pMHC geometry prioritization only; not evidence of presentation, TCR binding, activation, cross-reactivity, molecular mimicry, or MS mechanism.",LVLLRGENL,5,HUMAN_BACKGROUND_1618754,/Users/anishsharma/Library/Mobile Documents/com~apple~CloudDocs/Downloads/folds_2026_08_25_22_25/ebvms_native_human_background_1618754_s104759/fold_ebvms_native_human_background_1618754_s104759_full_data_3.json,False,0.93,ebvms_native_human_background_1618754_s104759,True,178,189,RVLGLVLLRGENLVS,104759,0.93,0.95,True,3,pass_exact_clash_free,frozen_hy2e11_reuse,/Users/anishsharma/Library/Mobile Documents/com~apple~CloudDocs/Downloads/folds_2026_08_25_22_25/ebvms_native_human_background_1618754_s104759/fold_ebvms_native_human_background_1618754_s104759_summary_confidences_3.json,SYS_BALF5_MBP_HY2E11
/Users/anishsharma/Library/Mobile Documents/com~apple~CloudDocs/Downloads/folds_2026_08_25_22_25/ebvms_native_human_background_1618754_s104759/fold_ebvms_native_human_background_1618754_s104759_model_4.cif,"Computational pMHC geometry prioritization only; not evidence of presentation, TCR binding, activation, cross-reactivity, molecular mimicry, or MS mechanism.",LVLLRGENL,5,HUMAN_BACKGROUND_1618754,/Users/anishsharma/Library/Mobile Documents/com~apple~CloudDocs/Downloads/folds_2026_08_25_22_25/ebvms_native_human_background_1618754_s104759/fold_ebvms_native_human_background_1618754_s104759_full_data_4.json,False,0.93,ebvms_native_human_background_1618754_s104759,True,178,189,RVLGLVLLRGENLVS,104759,0.93,0.95,True,4,pass_exact_clash_free,frozen_hy2e11_reuse,/Users/anishsharma/Library/Mobile Documents/com~apple~CloudDocs/Downloads/folds_2026_08_25_22_25/ebvms_native_human_background_1618754_s104759/fold_ebvms_native_human_background_1618754_s104759_summary_confidences_4.json,SYS_BALF5_MBP_HY2E11
/Users/anishsharma/Library/Mobile Documents/com~apple~CloudDocs/Downloads/folds_2026_08_25_22_25/ebvms_native_human_background_175453_s104729/fold_ebvms_native_human_background_175453_s104729_model_0.cif,"Computational pMHC geometry prioritization only; not evidence of presentation, TCR binding, activation, cross-reactivity, molecular mimicry, or MS mechanism.",MVTFRNQAS,4,HUMAN_BACKGROUND_175453,/Users/anishsharma/Library/Mobile Documents/com~apple~CloudDocs/Downloads/folds_2026_08_25_22_25/ebvms_native_human_background_175453_s104729/fold_ebvms_native_human_background_175453_s104729_full_data_0.json,False,0.93,ebvms_native_human_background_175453_s104729,True,178,189,DNIMVTFRNQASRPY,104729,0.94,0.95,True,0,pass_exact_clash_free,frozen_hy2e11_reuse,/Users/anishsharma/Library/Mobile Documents/com~apple~CloudDocs/Downloads/folds_2026_08_25_22_25/ebvms_native_human_background_175453_s104729/fold_ebvms_native_human_background_175453_s104729_summary_confidences_0.json,SYS_BALF5_MBP_HY2E11
/Users/anishsharma/Library/Mobile Documents/com~apple~CloudDocs/Downloads/folds_2026_08_25_22_25/ebvms_native_human_background_175453_s104729/fold_ebvms_native_human_background_175453_s104729_model_1.cif,"Computational pMHC geometry prioritization only; not evidence of presentation, TCR binding, activation, cross-reactivity, molecular mimicry, or MS mechanism.",MVTFRNQAS,4,HUMAN_BACKGROUND_175453,/Users/anishsharma/Library/Mobile Documents/com~apple~CloudDocs/Downloads/folds_2026_08_25_22_25/ebvms_native_human_background_175453_s104729/fold_ebvms_native_human_background_175453_s104729_full_data_1.json,False,0.93,ebvms_native_human_background_175453_s104729,True,178,189,DNIMVTFRNQASRPY,104729,0.93,0.95,True,1,pass_exact_clash_free,frozen_hy2e11_reuse,/Users/anishsharma/Library/Mobile Documents/com~apple~CloudDocs/Downloads/folds_2026_08_25_22_25/ebvms_native_human_background_175453_s104729/fold_ebvms_native_human_background_175453_s104729_summary_confidences_1.json,SYS_BALF5_MBP_HY2E11
/Users/anishsharma/Library/Mobile Documents/com~apple~CloudDocs/Downloads/folds_2026_08_25_22_25/ebvms_native_human_background_175453_s104729/fold_ebvms_native_human_background_175453_s104729_model_2.cif,"Computational pMHC geometry prioritization only; not evidence of presentation, TCR binding, activation, cross-reactivity, molecular mimicry, or MS mechanism.",MVTFRNQAS,4,HUMAN_BACKGROUND_175453,/Users/anishsharma/Library/Mobile Documents/com~apple~CloudDocs/Downloads/folds_2026_08_25_22_25/ebvms_native_human_background_175453_s104729/fold_ebvms_native_human_background_175453_s104729_full_data_2.json,False,0.93,ebvms_native_human_background_175453_s104729,True,178,189,DNIMVTFRNQASRPY,104729,0.93,0.95,True,2,pass_exact_clash_free,frozen_hy2e11_reuse,/Users/anishsharma/Library/Mobile Documents/com~apple~CloudDocs/Downloads/folds_2026_08_25_22_25/ebvms_native_human_background_175453_s104729/fold_ebvms_native_human_background_175453_s104729_summary_confidences_2.json,SYS_BALF5_MBP_HY2E11
/Users/anishsharma/Library/Mobile Documents/com~apple~CloudDocs/Downloads/folds_2026_08_25_22_25/ebvms_native_human_background_175453_s104729/fold_ebvms_native_human_background_175453_s104729_model_3.cif,"Computational pMHC geometry prioritization only; not evidence of presentation, TCR binding, activation, cross-reactivity, molecular mimicry, or MS mechanism.",MVTFRNQAS,4,HUMAN_BACKGROUND_175453,/Users/anishsharma/Library/Mobile Documents/com~apple~CloudDocs/Downloads/folds_2026_08_25_22_25/ebvms_native_human_background_175453_s104729/fold_ebvms_native_human_background_175453_s104729_full_data_3.json,False,0.93,ebvms_native_human_background_175453_s104729,True,178,189,DNIMVTFRNQASRPY,104729,0.93,0.95,True,3,pass_exact_clash_free,frozen_hy2e11_reuse,/Users/anishsharma/Library/Mobile Documents/com~apple~CloudDocs/Downloads/folds_2026_08_25_22_25/ebvms_native_human_background_175453_s104729/fold_ebvms_native_human_background_175453_s104729_summary_confidences_3.json,SYS_BALF5_MBP_HY2E11
/Users/anishsharma/Library/Mobile Documents/com~apple~CloudDocs/Downloads/folds_2026_08_25_22_25/ebvms_native_human_background_175453_s104729/fold_ebvms_native_human_background_175453_s104729_model_4.cif,"Computational pMHC geometry prioritization only; not evidence of presentation, TCR binding, activation, cross-reactivity, molecular mimicry, or MS mechanism.",MVTFRNQAS,4,HUMAN_BACKGROUND_175453,/Users/anishsharma/Library/Mobile Documents/com~apple~CloudDocs/Downloads/folds_2026_08_25_22_25/ebvms_native_human_background_175453_s104729/fold_ebvms_native_human_background_175453_s104729_full_data_4.json,False,0.93,ebvms_native_human_background_175453_s104729,True,178,189,DNIMVTFRNQASRPY,104729,0.93,0.95,True,4,pass_exact_clash_free,frozen_hy2e11_reuse,/Users/anishsharma/Library/Mobile Documents/com~apple~CloudDocs/Downloads/folds_2026_08_25_22_25/ebvms_native_human_background_175453_s104729/fold_ebvms_native_human_background_175453_s104729_summary_confidences_4.json,SYS_BALF5_MBP_HY2E11
/Users/anishsharma/Library/Mobile Documents/com~apple~CloudDocs/Downloads/folds_2026_08_25_22_25/ebvms_native_human_background_175453_s104759/fold_ebvms_native_human_background_175453_s104759_model_0.cif,"Computational pMHC geometry prioritization only; not evidence of presentation, TCR binding, activation, cross-reactivity, molecular mimicry, or MS mechanism.",MVTFRNQAS,4,HUMAN_BACKGROUND_175453,/Users/anishsharma/Library/Mobile Documents/com~apple~CloudDocs/Downloads/folds_2026_08_25_22_25/ebvms_native_human_background_175453_s104759/fold_ebvms_native_human_background_175453_s104759_full_data_0.json,False,0.93,ebvms_native_human_background_175453_s104759,True,178,189,DNIMVTFRNQASRPY,104759,0.93,0.95,True,0,pass_exact_clash_free,frozen_hy2e11_reuse,/Users/anishsharma/Library/Mobile Documents/com~apple~CloudDocs/Downloads/folds_2026_08_25_22_25/ebvms_native_human_background_175453_s104759/fold_ebvms_native_human_background_175453_s104759_summary_confidences_0.json,SYS_BALF5_MBP_HY2E11
/Users/anishsharma/Library/Mobile Documents/com~apple~CloudDocs/Downloads/folds_2026_08_25_22_25/ebvms_native_human_background_175453_s104759/fold_ebvms_native_human_background_175453_s104759_model_1.cif,"Computational pMHC geometry prioritization only; not evidence of presentation, TCR binding, activation, cross-reactivity, molecular mimicry, or MS mechanism.",MVTFRNQAS,4,HUMAN_BACKGROUND_175453,/Users/anishsharma/Library/Mobile Documents/com~apple~CloudDocs/Downloads/folds_2026_08_25_22_25/ebvms_native_human_background_175453_s104759/fold_ebvms_native_human_background_175453_s104759_full_data_1.json,False,0.93,ebvms_native_human_background_175453_s104759,True,178,189,DNIMVTFRNQASRPY,104759,0.93,0.95,True,1,pass_exact_clash_free,frozen_hy2e11_reuse,/Users/anishsharma/Library/Mobile Documents/com~apple~CloudDocs/Downloads/folds_2026_08_25_22_25/ebvms_native_human_background_175453_s104759/fold_ebvms_native_human_background_175453_s104759_summary_confidences_1.json,SYS_BALF5_MBP_HY2E11
/Users/anishsharma/Library/Mobile Documents/com~apple~CloudDocs/Downloads/folds_2026_08_25_22_25/ebvms_native_human_background_175453_s104759/fold_ebvms_native_human_background_175453_s104759_model_2.cif,"Computational pMHC geometry prioritization only; not evidence of presentation, TCR binding, activation, cross-reactivity, molecular mimicry, or MS mechanism.",MVTFRNQAS,4,HUMAN_BACKGROUND_175453,/Users/anishsharma/Library/Mobile Documents/com~apple~CloudDocs/Downloads/folds_2026_08_25_22_25/ebvms_native_human_background_175453_s104759/fold_ebvms_native_human_background_175453_s104759_full_data_2.json,False,0.93,ebvms_native_human_background_175453_s104759,True,178,189,DNIMVTFRNQASRPY,104759,0.93,0.95,True,2,pass_exact_clash_free,frozen_hy2e11_reuse,/Users/anishsharma/Library/Mobile Documents/com~apple~CloudDocs/Downloads/folds_2026_08_25_22_25/ebvms_native_human_background_175453_s104759/fold_ebvms_native_human_background_175453_s104759_summary_confidences_2.json,SYS_BALF5_MBP_HY2E11
/Users/anishsharma/Library/Mobile Documents/com~apple~CloudDocs/Downloads/folds_2026_08_25_22_25/ebvms_native_human_background_175453_s104759/fold_ebvms_native_human_background_175453_s104759_model_3.cif,"Computational pMHC geometry prioritization only; not evidence of presentation, TCR binding, activation, cross-reactivity, molecular mimicry, or MS mechanism.",MVTFRNQAS,4,HUMAN_BACKGROUND_175453,/Users/anishsharma/Library/Mobile Documents/com~apple~CloudDocs/Downloads/folds_2026_08_25_22_25/ebvms_native_human_background_175453_s104759/fold_ebvms_native_human_background_175453_s104759_full_data_3.json,False,0.93,ebvms_native_human_background_175453_s104759,True,178,189,DNIMVTFRNQASRPY,104759,0.93,0.95,True,3,pass_exact_clash_free,frozen_hy2e11_reuse,/Users/anishsharma/Library/Mobile Documents/com~apple~CloudDocs/Downloads/folds_2026_08_25_22_25/ebvms_native_human_background_175453_s104759/fold_ebvms_native_human_background_175453_s104759_summary_confidences_3.json,SYS_BALF5_MBP_HY2E11
/Users/anishsharma/Library/Mobile Documents/com~apple~CloudDocs/Downloads/folds_2026_08_25_22_25/ebvms_native_human_background_175453_s104759/fold_ebvms_native_human_background_175453_s104759_model_4.cif,"Computational pMHC geometry prioritization only; not evidence of presentation, TCR binding, activation, cross-reactivity, molecular mimicry, or MS mechanism.",MVTFRNQAS,4,HUMAN_BACKGROUND_175453,/Users/anishsharma/Library/Mobile Documents/com~apple~CloudDocs/Downloads/folds_2026_08_25_22_25/ebvms_native_human_background_175453_s104759/fold_ebvms_native_human_background_175453_s104759_full_data_4.json,False,0.93,ebvms_native_human_background_175453_s104759,True,178,189,DNIMVTFRNQASRPY,104759,0.93,0.95,True,4,pass_exact_clash_free,frozen_hy2e11_reuse,/Users/anishsharma/Library/Mobile Documents/com~apple~CloudDocs/Downloads/folds_2026_08_25_22_25/ebvms_native_human_background_175453_s104759/fold_ebvms_native_human_background_175453_s104759_summary_confidences_4.json,SYS_BALF5_MBP_HY2E11
/Users/anishsharma/Library/Mobile Documents/com~apple~CloudDocs/Downloads/folds_2026_08_25_22_25/ebvms_native_human_background_186917_s104729/fold_ebvms_native_human_background_186917_s104729_model_0.cif,"Computational pMHC geometry prioritization only; not evidence of presentation, TCR binding, activation, cross-reactivity, molecular mimicry, or MS mechanism.",LTRYYSSFV,4,HUMAN_BACKGROUND_186917,/Users/anishsharma/Library/Mobile Documents/com~apple~CloudDocs/Downloads/folds_2026_08_25_22_25/ebvms_native_human_background_186917_s104729/fold_ebvms_native_human_background_186917_s104729_full_data_0.json,False,0.93,ebvms_native_human_background_186917_s104729,True,178,189,PRCLTRYYSSFVNME,104729,0.93,0.95,True,0,pass_exact_clash_free,frozen_hy2e11_reuse,/Users/anishsharma/Library/Mobile Documents/com~apple~CloudDocs/Downloads/folds_2026_08_25_22_25/ebvms_native_human_background_186917_s104729/fold_ebvms_native_human_background_186917_s104729_summary_confidences_0.json,SYS_BALF5_MBP_HY2E11
/Users/anishsharma/Library/Mobile Documents/com~apple~CloudDocs/Downloads/folds_2026_08_25_22_25/ebvms_native_human_background_186917_s104729/fold_ebvms_native_human_background_186917_s104729_model_1.cif,"Computational pMHC geometry prioritization only; not evidence of presentation, TCR binding, activation, cross-reactivity, molecular mimicry, or MS mechanism.",LTRYYSSFV,4,HUMAN_BACKGROUND_186917,/Users/anishsharma/Library/Mobile Documents/com~apple~CloudDocs/Downloads/folds_2026_08_25_22_25/ebvms_native_human_background_186917_s104729/fold_ebvms_native_human_background_186917_s104729_full_data_1.json,False,0.93,ebvms_native_human_background_186917_s104729,True,178,189,PRCLTRYYSSFVNME,104729,0.93,0.95,True,1,pass_exact_clash_free,frozen_hy2e11_reuse,/Users/anishsharma/Library/Mobile Documents/com~apple~CloudDocs/Downloads/folds_2026_08_25_22_25/ebvms_native_human_background_186917_s104729/fold_ebvms_native_human_background_186917_s104729_summary_confidences_1.json,SYS_BALF5_MBP_HY2E11
/Users/anishsharma/Library/Mobile Documents/com~apple~CloudDocs/Downloads/folds_2026_08_25_22_25/ebvms_native_human_background_186917_s104729/fold_ebvms_native_human_background_186917_s104729_model_2.cif,"Computational pMHC geometry prioritization only; not evidence of presentation, TCR binding, activation, cross-reactivity, molecular mimicry, or MS mechanism.",LTRYYSSFV,4,HUMAN_BACKGROUND_186917,/Users/anishsharma/Library/Mobile Documents/com~apple~CloudDocs/Downloads/folds_2026_08_25_22_25/ebvms_native_human_background_186917_s104729/fold_ebvms_native_human_background_186917_s104729_full_data_2.json,False,0.93,ebvms_native_human_background_186917_s104729,True,178,189,PRCLTRYYSSFVNME,104729,0.93,0.95,True,2,pass_exact_clash_free,frozen_hy2e11_reuse,/Users/anishsharma/Library/Mobile Documents/com~apple~CloudDocs/Downloads/folds_2026_08_25_22_25/ebvms_native_human_background_186917_s104729/fold_ebvms_native_human_background_186917_s104729_summary_confidences_2.json,SYS_BALF5_MBP_HY2E11
/Users/anishsharma/Library/Mobile Documents/com~apple~CloudDocs/Downloads/folds_2026_08_25_22_25/ebvms_native_human_background_186917_s104729/fold_ebvms_native_human_background_186917_s104729_model_3.cif,"Computational pMHC geometry prioritization only; not evidence of presentation, TCR binding, activation, cross-reactivity, molecular mimicry, or MS mechanism.",LTRYYSSFV,4,HUMAN_BACKGROUND_186917,/Users/anishsharma/Library/Mobile Documents/com~apple~CloudDocs/Downloads/folds_2026_08_25_22_25/ebvms_native_human_background_186917_s104729/fold_ebvms_native_human_background_186917_s104729_full_data_3.json,False,0.92,ebvms_native_human_background_186917_s104729,True,178,189,PRCLTRYYSSFVNME,104729,0.92,0.94,True,3,pass_exact_clash_free,frozen_hy2e11_reuse,/Users/anishsharma/Library/Mobile Documents/com~apple~CloudDocs/Downloads/folds_2026_08_25_22_25/ebvms_native_human_background_186917_s104729/fold_ebvms_native_human_background_186917_s104729_summary_confidences_3.json,SYS_BALF5_MBP_HY2E11
/Users/anishsharma/Library/Mobile Documents/com~apple~CloudDocs/Downloads/folds_2026_08_25_22_25/ebvms_native_human_background_186917_s104729/fold_ebvms_native_human_background_186917_s104729_model_4.cif,"Computational pMHC geometry prioritization only; not evidence of presentation, TCR binding, activation, cross-reactivity, molecular mimicry, or MS mechanism.",LTRYYSSFV,4,HUMAN_BACKGROUND_186917,/Users/anishsharma/Library/Mobile Documents/com~apple~CloudDocs/Downloads/folds_2026_08_25_22_25/ebvms_native_human_background_186917_s104729/fold_ebvms_native_human_background_186917_s104729_full_data_4.json,False,0.92,ebvms_native_human_background_186917_s104729,True,178,189,PRCLTRYYSSFVNME,104729,0.92,0.94,True,4,pass_exact_clash_free,frozen_hy2e11_reuse,/Users/anishsharma/Library/Mobile Documents/com~apple~CloudDocs/Downloads/folds_2026_08_25_22_25/ebvms_native_human_background_186917_s104729/fold_ebvms_native_human_background_186917_s104729_summary_confidences_4.json,SYS_BALF5_MBP_HY2E11
/Users/anishsharma/Library/Mobile Documents/com~apple~CloudDocs/Downloads/folds_2026_08_25_22_25/ebvms_native_human_background_186917_s104759/fold_ebvms_native_human_background_186917_s104759_model_0.cif,"Computational pMHC geometry prioritization only; not evidence of presentation, TCR binding, activation, cross-reactivity, molecular mimicry, or MS mechanism.",LTRYYSSFV,4,HUMAN_BACKGROUND_186917,/Users/anishsharma/Library/Mobile Documents/com~apple~CloudDocs/Downloads/folds_2026_08_25_22_25/ebvms_native_human_background_186917_s104759/fold_ebvms_native_human_background_186917_s104759_full_data_0.json,False,0.93,ebvms_native_human_background_186917_s104759,True,178,189,PRCLTRYYSSFVNME,104759,0.93,0.95,True,0,pass_exact_clash_free,frozen_hy2e11_reuse,/Users/anishsharma/Library/Mobile Documents/com~apple~CloudDocs/Downloads/folds_2026_08_25_22_25/ebvms_native_human_background_186917_s104759/fold_ebvms_native_human_background_186917_s104759_summary_confidences_0.json,SYS_BALF5_MBP_HY2E11
/Users/anishsharma/Library/Mobile Documents/com~apple~CloudDocs/Downloads/folds_2026_08_25_22_25/ebvms_native_human_background_186917_s104759/fold_ebvms_native_human_background_186917_s104759_model_1.cif,"Computational pMHC geometry prioritization only; not evidence of presentation, TCR binding, activation, cross-reactivity, molecular mimicry, or MS mechanism.",LTRYYSSFV,4,HUMAN_BACKGROUND_186917,/Users/anishsharma/Library/Mobile Documents/com~apple~CloudDocs/Downloads/folds_2026_08_25_22_25/ebvms_native_human_background_186917_s104759/fold_ebvms_native_human_background_186917_s104759_full_data_1.json,False,0.93,ebvms_native_human_background_186917_s104759,True,178,189,PRCLTRYYSSFVNME,104759,0.93,0.95,True,1,pass_exact_clash_free,frozen_hy2e11_reuse,/Users/anishsharma/Library/Mobile Documents/com~apple~CloudDocs/Downloads/folds_2026_08_25_22_25/ebvms_native_human_background_186917_s104759/fold_ebvms_native_human_background_186917_s104759_summary_confidences_1.json,SYS_BALF5_MBP_HY2E11
/Users/anishsharma/Library/Mobile Documents/com~apple~CloudDocs/Downloads/folds_2026_08_25_22_25/ebvms_native_human_background_186917_s104759/fold_ebvms_native_human_background_186917_s104759_model_2.cif,"Computational pMHC geometry prioritization only; not evidence of presentation, TCR binding, activation, cross-reactivity, molecular mimicry, or MS mechanism.",LTRYYSSFV,4,HUMAN_BACKGROUND_186917,/Users/anishsharma/Library/Mobile Documents/com~apple~CloudDocs/Downloads/folds_2026_08_25_22_25/ebvms_native_human_background_186917_s104759/fold_ebvms_native_human_background_186917_s104759_full_data_2.json,False,0.93,ebvms_native_human_background_186917_s104759,True,178,189,PRCLTRYYSSFVNME,104759,0.93,0.95,True,2,pass_exact_clash_free,frozen_hy2e11_reuse,/Users/anishsharma/Library/Mobile Documents/com~apple~CloudDocs/Downloads/folds_2026_08_25_22_25/ebvms_native_human_background_186917_s104759/fold_ebvms_native_human_background_186917_s104759_summary_confidences_2.json,SYS_BALF5_MBP_HY2E11
/Users/anishsharma/Library/Mobile Documents/com~apple~CloudDocs/Downloads/folds_2026_08_25_22_25/ebvms_native_human_background_186917_s104759/fold_ebvms_native_human_background_186917_s104759_model_3.cif,"Computational pMHC geometry prioritization only; not evidence of presentation, TCR binding, activation, cross-reactivity, molecular mimicry, or MS mechanism.",LTRYYSSFV,4,HUMAN_BACKGROUND_186917,/Users/anishsharma/Library/Mobile Documents/com~apple~CloudDocs/Downloads/folds_2026_08_25_22_25/ebvms_native_human_background_186917_s104759/fold_ebvms_native_human_background_186917_s104759_full_data_3.json,False,0.93,ebvms_native_human_background_186917_s104759,True,178,189,PRCLTRYYSSFVNME,104759,0.93,0.95,True,3,pass_exact_clash_free,frozen_hy2e11_reuse,/Users/anishsharma/Library/Mobile Documents/com~apple~CloudDocs/Downloads/folds_2026_08_25_22_25/ebvms_native_human_background_186917_s104759/fold_ebvms_native_human_background_186917_s104759_summary_confidences_3.json,SYS_BALF5_MBP_HY2E11
/Users/anishsharma/Library/Mobile Documents/com~apple~CloudDocs/Downloads/folds_2026_08_25_22_25/ebvms_native_human_background_186917_s104759/fold_ebvms_native_human_background_186917_s104759_model_4.cif,"Computational pMHC geometry prioritization only; not evidence of presentation, TCR binding, activation, cross-reactivity, molecular mimicry, or MS mechanism.",LTRYYSSFV,4,HUMAN_BACKGROUND_186917,/Users/anishsharma/Library/Mobile Documents/com~apple~CloudDocs/Downloads/folds_2026_08_25_22_25/ebvms_native_human_background_186917_s104759/fold_ebvms_native_human_background_186917_s104759_full_data_4.json,False,0.93,ebvms_native_human_background_186917_s104759,True,178,189,PRCLTRYYSSFVNME,104759,0.93,0.95,True,4,pass_exact_clash_free,frozen_hy2e11_reuse,/Users/anishsharma/Library/Mobile Documents/com~apple~CloudDocs/Downloads/folds_2026_08_25_22_25/ebvms_native_human_background_186917_s104759/fold_ebvms_native_human_background_186917_s104759_summary_confidences_4.json,SYS_BALF5_MBP_HY2E11
/Users/anishsharma/Library/Mobile Documents/com~apple~CloudDocs/Downloads/folds_2026_08_25_22_25/ebvms_native_human_background_2258538_s104759/fold_ebvms_native_human_background_2258538_s104759_model_0.cif,"Computational pMHC geometry prioritization only; not evidence of presentation, TCR binding, activation, cross-reactivity, molecular mimicry, or MS mechanism.",LEFYLAMPF,4,HUMAN_BACKGROUND_2258538,/Users/anishsharma/Library/Mobile Documents/com~apple~CloudDocs/Downloads/folds_2026_08_25_22_25/ebvms_native_human_background_2258538_s104759/fold_ebvms_native_human_background_2258538_s104759_full_data_0.json,False,0.93,ebvms_native_human_background_2258538_s104759,True,178,189,SRLLEFYLAMPFATP,104759,0.93,0.95,True,0,pass_exact_clash_free,frozen_hy2e11_reuse,/Users/anishsharma/Library/Mobile Documents/com~apple~CloudDocs/Downloads/folds_2026_08_25_22_25/ebvms_native_human_background_2258538_s104759/fold_ebvms_native_human_background_2258538_s104759_summary_confidences_0.json,SYS_BALF5_MBP_HY2E11
/Users/anishsharma/Library/Mobile Documents/com~apple~CloudDocs/Downloads/folds_2026_08_25_22_25/ebvms_native_human_background_2258538_s104759/fold_ebvms_native_human_background_2258538_s104759_model_1.cif,"Computational pMHC geometry prioritization only; not evidence of presentation, TCR binding, activation, cross-reactivity, molecular mimicry, or MS mechanism.",LEFYLAMPF,4,HUMAN_BACKGROUND_2258538,/Users/anishsharma/Library/Mobile Documents/com~apple~CloudDocs/Downloads/folds_2026_08_25_22_25/ebvms_native_human_background_2258538_s104759/fold_ebvms_native_human_background_2258538_s104759_full_data_1.json,False,0.92,ebvms_native_human_background_2258538_s104759,True,178,189,SRLLEFYLAMPFATP,104759,0.93,0.95,True,1,pass_exact_clash_free,frozen_hy2e11_reuse,/Users/anishsharma/Library/Mobile Documents/com~apple~CloudDocs/Downloads/folds_2026_08_25_22_25/ebvms_native_human_background_2258538_s104759/fold_ebvms_native_human_background_2258538_s104759_summary_confidences_1.json,SYS_BALF5_MBP_HY2E11
/Users/anishsharma/Library/Mobile Documents/com~apple~CloudDocs/Downloads/folds_2026_08_25_22_25/ebvms_native_human_background_2258538_s104759/fold_ebvms_native_human_background_2258538_s104759_model_2.cif,"Computational pMHC geometry prioritization only; not evidence of presentation, TCR binding, activation, cross-reactivity, molecular mimicry, or MS mechanism.",LEFYLAMPF,4,HUMAN_BACKGROUND_2258538,/Users/anishsharma/Library/Mobile Documents/com~apple~CloudDocs/Downloads/folds_2026_08_25_22_25/ebvms_native_human_background_2258538_s104759/fold_ebvms_native_human_background_2258538_s104759_full_data_2.json,False,0.92,ebvms_native_human_background_2258538_s104759,True,178,189,SRLLEFYLAMPFATP,104759,0.93,0.94,True,2,pass_exact_clash_free,frozen_hy2e11_reuse,/Users/anishsharma/Library/Mobile Documents/com~apple~CloudDocs/Downloads/folds_2026_08_25_22_25/ebvms_native_human_background_2258538_s104759/fold_ebvms_native_human_background_2258538_s104759_summary_confidences_2.json,SYS_BALF5_MBP_HY2E11
/Users/anishsharma/Library/Mobile Documents/com~apple~CloudDocs/Downloads/folds_2026_08_25_22_25/ebvms_native_human_background_2258538_s104759/fold_ebvms_native_human_background_2258538_s104759_model_3.cif,"Computational pMHC geometry prioritization only; not evidence of presentation, TCR binding, activation, cross-reactivity, molecular mimicry, or MS mechanism.",LEFYLAMPF,4,HUMAN_BACKGROUND_2258538,/Users/anishsharma/Library/Mobile Documents/com~apple~CloudDocs/Downloads/folds_2026_08_25_22_25/ebvms_native_human_background_2258538_s104759/fold_ebvms_native_human_background_2258538_s104759_full_data_3.json,False,0.92,ebvms_native_human_background_2258538_s104759,True,178,189,SRLLEFYLAMPFATP,104759,0.92,0.94,True,3,pass_exact_clash_free,frozen_hy2e11_reuse,/Users/anishsharma/Library/Mobile Documents/com~apple~CloudDocs/Downloads/folds_2026_08_25_22_25/ebvms_native_human_background_2258538_s104759/fold_ebvms_native_human_background_2258538_s104759_summary_confidences_3.json,SYS_BALF5_MBP_HY2E11
/Users/anishsharma/Library/Mobile Documents/com~apple~CloudDocs/Downloads/folds_2026_08_25_22_25/ebvms_native_human_background_2258538_s104759/fold_ebvms_native_human_background_2258538_s104759_model_4.cif,"Computational pMHC geometry prioritization only; not evidence of presentation, TCR binding, activation, cross-reactivity, molecular mimicry, or MS mechanism.",LEFYLAMPF,4,HUMAN_BACKGROUND_2258538,/Users/anishsharma/Library/Mobile Documents/com~apple~CloudDocs/Downloads/folds_2026_08_25_22_25/ebvms_native_human_background_2258538_s104759/fold_ebvms_native_human_background_2258538_s104759_full_data_4.json,False,0.91,ebvms_native_human_background_2258538_s104759,True,178,189,SRLLEFYLAMPFATP,104759,0.92,0.93,True,4,pass_exact_clash_free,frozen_hy2e11_reuse,/Users/anishsharma/Library/Mobile Documents/com~apple~CloudDocs/Downloads/folds_2026_08_25_22_25/ebvms_native_human_background_2258538_s104759/fold_ebvms_native_human_background_2258538_s104759_summary_confidences_4.json,SYS_BALF5_MBP_HY2E11
/Users/anishsharma/Library/Mobile Documents/com~apple~CloudDocs/Downloads/folds_2026_08_25_22_25/ebvms_native_human_background_2273188_s104729/fold_ebvms_native_human_background_2273188_s104729_model_0.cif,"Computational pMHC geometry prioritization only; not evidence of presentation, TCR binding, activation, cross-reactivity, molecular mimicry, or MS mechanism.",IRVLRAFTS,5,HUMAN_BACKGROUND_2273188,/Users/anishsharma/Library/Mobile Documents/com~apple~CloudDocs/Downloads/folds_2026_08_25_22_25/ebvms_native_human_background_2273188_s104729/fold_ebvms_native_human_background_2273188_s104729_full_data_0.json,False,0.94,ebvms_native_human_background_2273188_s104729,True,178,189,HPNIIRVLRAFTSSV,104729,0.94,0.96,True,0,pass_exact_clash_free,frozen_hy2e11_reuse,/Users/anishsharma/Library/Mobile Documents/com~apple~CloudDocs/Downloads/folds_2026_08_25_22_25/ebvms_native_human_background_2273188_s104729/fold_ebvms_native_human_background_2273188_s104729_summary_confidences_0.json,SYS_BALF5_MBP_HY2E11
/Users/anishsharma/Library/Mobile Documents/com~apple~CloudDocs/Downloads/folds_2026_08_25_22_25/ebvms_native_human_background_2273188_s104729/fold_ebvms_native_human_background_2273188_s104729_model_1.cif,"Computational pMHC geometry prioritization only; not evidence of presentation, TCR binding, activation, cross-reactivity, molecular mimicry, or MS mechanism.",IRVLRAFTS,5,HUMAN_BACKGROUND_2273188,/Users/anishsharma/Library/Mobile Documents/com~apple~CloudDocs/Downloads/folds_2026_08_25_22_25/ebvms_native_human_background_2273188_s104729/fold_ebvms_native_human_background_2273188_s104729_full_data_1.json,False,0.94,ebvms_native_human_background_2273188_s104729,True,178,189,HPNIIRVLRAFTSSV,104729,0.93,0.96,True,1,pass_exact_clash_free,frozen_hy2e11_reuse,/Users/anishsharma/Library/Mobile Documents/com~apple~CloudDocs/Downloads/folds_2026_08_25_22_25/ebvms_native_human_background_2273188_s104729/fold_ebvms_native_human_background_2273188_s104729_summary_confidences_1.json,SYS_BALF5_MBP_HY2E11
/Users/anishsharma/Library/Mobile Documents/com~apple~CloudDocs/Downloads/folds_2026_08_25_22_25/ebvms_native_human_background_2273188_s104729/fold_ebvms_native_human_background_2273188_s104729_model_2.cif,"Computational pMHC geometry prioritization only; not evidence of presentation, TCR binding, activation, cross-reactivity, molecular mimicry, or MS mechanism.",IRVLRAFTS,5,HUMAN_BACKGROUND_2273188,/Users/anishsharma/Library/Mobile Documents/com~apple~CloudDocs/Downloads/folds_2026_08_25_22_25/ebvms_native_human_background_2273188_s104729/fold_ebvms_native_human_background_2273188_s104729_full_data_2.json,False,0.94,ebvms_native_human_background_2273188_s104729,True,178,189,HPNIIRVLRAFTSSV,104729,0.93,0.96,True,2,pass_exact_clash_free,frozen_hy2e11_reuse,/Users/anishsharma/Library/Mobile Documents/com~apple~CloudDocs/Downloads/folds_2026_08_25_22_25/ebvms_native_human_background_2273188_s104729/fold_ebvms_native_human_background_2273188_s104729_summary_confidences_2.json,SYS_BALF5_MBP_HY2E11
/Users/anishsharma/Library/Mobile Documents/com~apple~CloudDocs/Downloads/folds_2026_08_25_22_25/ebvms_native_human_background_2273188_s104729/fold_ebvms_native_human_background_2273188_s104729_model_3.cif,"Computational pMHC geometry prioritization only; not evidence of presentation, TCR binding, activation, cross-reactivity, molecular mimicry, or MS mechanism.",IRVLRAFTS,5,HUMAN_BACKGROUND_2273188,/Users/anishsharma/Library/Mobile Documents/com~apple~CloudDocs/Downloads/folds_2026_08_25_22_25/ebvms_native_human_background_2273188_s104729/fold_ebvms_native_human_background_2273188_s104729_full_data_3.json,False,0.93,ebvms_native_human_background_2273188_s104729,True,178,189,HPNIIRVLRAFTSSV,104729,0.93,0.95,True,3,pass_exact_clash_free,frozen_hy2e11_reuse,/Users/anishsharma/Library/Mobile Documents/com~apple~CloudDocs/Downloads/folds_2026_08_25_22_25/ebvms_native_human_background_2273188_s104729/fold_ebvms_native_human_background_2273188_s104729_summary_confidences_3.json,SYS_BALF5_MBP_HY2E11
/Users/anishsharma/Library/Mobile Documents/com~apple~CloudDocs/Downloads/folds_2026_08_25_22_25/ebvms_native_human_background_2273188_s104729/fold_ebvms_native_human_background_2273188_s104729_model_4.cif,"Computational pMHC geometry prioritization only; not evidence of presentation, TCR binding, activation, cross-reactivity, molecular mimicry, or MS mechanism.",IRVLRAFTS,5,HUMAN_BACKGROUND_2273188,/Users/anishsharma/Library/Mobile Documents/com~apple~CloudDocs/Downloads/folds_2026_08_25_22_25/ebvms_native_human_background_2273188_s104729/fold_ebvms_native_human_background_2273188_s104729_full_data_4.json,False,0.93,ebvms_native_human_background_2273188_s104729,True,178,189,HPNIIRVLRAFTSSV,104729,0.93,0.95,True,4,pass_exact_clash_free,frozen_hy2e11_reuse,/Users/anishsharma/Library/Mobile Documents/com~apple~CloudDocs/Downloads/folds_2026_08_25_22_25/ebvms_native_human_background_2273188_s104729/fold_ebvms_native_human_background_2273188_s104729_summary_confidences_4.json,SYS_BALF5_MBP_HY2E11
/Users/anishsharma/Library/Mobile Documents/com~apple~CloudDocs/Downloads/folds_2026_08_25_22_25/ebvms_native_human_background_2273188_s104759/fold_ebvms_native_human_background_2273188_s104759_model_0.cif,"Computational pMHC geometry prioritization only; not evidence of presentation, TCR binding, activation, cross-reactivity, molecular mimicry, or MS mechanism.",IRVLRAFTS,5,HUMAN_BACKGROUND_2273188,/Users/anishsharma/Library/Mobile Documents/com~apple~CloudDocs/Downloads/folds_2026_08_25_22_25/ebvms_native_human_background_2273188_s104759/fold_ebvms_native_human_background_2273188_s104759_full_data_0.json,False,0.94,ebvms_native_human_background_2273188_s104759,True,178,189,HPNIIRVLRAFTSSV,104759,0.93,0.96,True,0,pass_exact_clash_free,frozen_hy2e11_reuse,/Users/anishsharma/Library/Mobile Documents/com~apple~CloudDocs/Downloads/folds_2026_08_25_22_25/ebvms_native_human_background_2273188_s104759/fold_ebvms_native_human_background_2273188_s104759_summary_confidences_0.json,SYS_BALF5_MBP_HY2E11
/Users/anishsharma/Library/Mobile Documents/com~apple~CloudDocs/Downloads/folds_2026_08_25_22_25/ebvms_native_human_background_2273188_s104759/fold_ebvms_native_human_background_2273188_s104759_model_1.cif,"Computational pMHC geometry prioritization only; not evidence of presentation, TCR binding, activation, cross-reactivity, molecular mimicry, or MS mechanism.",IRVLRAFTS,5,HUMAN_BACKGROUND_2273188,/Users/anishsharma/Library/Mobile Documents/com~apple~CloudDocs/Downloads/folds_2026_08_25_22_25/ebvms_native_human_background_2273188_s104759/fold_ebvms_native_human_background_2273188_s104759_full_data_1.json,False,0.94,ebvms_native_human_background_2273188_s104759,True,178,189,HPNIIRVLRAFTSSV,104759,0.94,0.96,True,1,pass_exact_clash_free,frozen_hy2e11_reuse,/Users/anishsharma/Library/Mobile Documents/com~apple~CloudDocs/Downloads/folds_2026_08_25_22_25/ebvms_native_human_background_2273188_s104759/fold_ebvms_native_human_background_2273188_s104759_summary_confidences_1.json,SYS_BALF5_MBP_HY2E11
/Users/anishsharma/Library/Mobile Documents/com~apple~CloudDocs/Downloads/folds_2026_08_25_22_25/ebvms_native_human_background_2273188_s104759/fold_ebvms_native_human_background_2273188_s104759_model_2.cif,"Computational pMHC geometry prioritization only; not evidence of presentation, TCR binding, activation, cross-reactivity, molecular mimicry, or MS mechanism.",IRVLRAFTS,5,HUMAN_BACKGROUND_2273188,/Users/anishsharma/Library/Mobile Documents/com~apple~CloudDocs/Downloads/folds_2026_08_25_22_25/ebvms_native_human_background_2273188_s104759/fold_ebvms_native_human_background_2273188_s104759_full_data_2.json,False,0.93,ebvms_native_human_background_2273188_s104759,True,178,189,HPNIIRVLRAFTSSV,104759,0.93,0.96,True,2,pass_exact_clash_free,frozen_hy2e11_reuse,/Users/anishsharma/Library/Mobile Documents/com~apple~CloudDocs/Downloads/folds_2026_08_25_22_25/ebvms_native_human_background_2273188_s104759/fold_ebvms_native_human_background_2273188_s104759_summary_confidences_2.json,SYS_BALF5_MBP_HY2E11
/Users/anishsharma/Library/Mobile Documents/com~apple~CloudDocs/Downloads/folds_2026_08_25_22_25/ebvms_native_human_background_2273188_s104759/fold_ebvms_native_human_background_2273188_s104759_model_3.cif,"Computational pMHC geometry prioritization only; not evidence of presentation, TCR binding, activation, cross-reactivity, molecular mimicry, or MS mechanism.",IRVLRAFTS,5,HUMAN_BACKGROUND_2273188,/Users/anishsharma/Library/Mobile Documents/com~apple~CloudDocs/Downloads/folds_2026_08_25_22_25/ebvms_native_human_background_2273188_s104759/fold_ebvms_native_human_background_2273188_s104759_full_data_3.json,False,0.93,ebvms_native_human_background_2273188_s104759,True,178,189,HPNIIRVLRAFTSSV,104759,0.94,0.95,True,3,pass_exact_clash_free,frozen_hy2e11_reuse,/Users/anishsharma/Library/Mobile Documents/com~apple~CloudDocs/Downloads/folds_2026_08_25_22_25/ebvms_native_human_background_2273188_s104759/fold_ebvms_native_human_background_2273188_s104759_summary_confidences_3.json,SYS_BALF5_MBP_HY2E11
/Users/anishsharma/Library/Mobile Documents/com~apple~CloudDocs/Downloads/folds_2026_08_25_22_25/ebvms_native_human_background_2273188_s104759/fold_ebvms_native_human_background_2273188_s104759_model_4.cif,"Computational pMHC geometry prioritization only; not evidence of presentation, TCR binding, activation, cross-reactivity, molecular mimicry, or MS mechanism.",IRVLRAFTS,5,HUMAN_BACKGROUND_2273188,/Users/anishsharma/Library/Mobile Documents/com~apple~CloudDocs/Downloads/folds_2026_08_25_22_25/ebvms_native_human_background_2273188_s104759/fold_ebvms_native_human_background_2273188_s104759_full_data_4.json,False,0.93,ebvms_native_human_background_2273188_s104759,True,178,189,HPNIIRVLRAFTSSV,104759,0.93,0.95,True,4,pass_exact_clash_free,frozen_hy2e11_reuse,/Users/anishsharma/Library/Mobile Documents/com~apple~CloudDocs/Downloads/folds_2026_08_25_22_25/ebvms_native_human_background_2273188_s104759/fold_ebvms_native_human_background_2273188_s104759_summary_confidences_4.json,SYS_BALF5_MBP_HY2E11
/Users/anishsharma/Library/Mobile Documents/com~apple~CloudDocs/Downloads/folds_2026_08_25_22_25/ebvms_native_self_iedb_ee8aced45992_s104729/fold_ebvms_native_self_iedb_ee8aced45992_s104729_model_0.cif,"Computational pMHC geometry prioritization only; not evidence of presentation, TCR binding, activation, cross-reactivity, molecular mimicry, or MS mechanism.",VHFFKNIVT,5,SELF_IEDB_ee8aced45992,/Users/anishsharma/Library/Mobile Documents/com~apple~CloudDocs/Downloads/folds_2026_08_25_22_25/ebvms_native_self_iedb_ee8aced45992_s104729/fold_ebvms_native_self_iedb_ee8aced45992_s104729_full_data_0.json,False,0.94,ebvms_native_self_iedb_ee8aced45992_s104729,True,178,189,ENPVVHFFKNIVTPR,104729,0.94,0.96,True,0,pass_exact_clash_free,frozen_hy2e11_reuse,/Users/anishsharma/Library/Mobile Documents/com~apple~CloudDocs/Downloads/folds_2026_08_25_22_25/ebvms_native_self_iedb_ee8aced45992_s104729/fold_ebvms_native_self_iedb_ee8aced45992_s104729_summary_confidences_0.json,SYS_BALF5_MBP_HY2E11
/Users/anishsharma/Library/Mobile Documents/com~apple~CloudDocs/Downloads/folds_2026_08_25_22_25/ebvms_native_self_iedb_ee8aced45992_s104729/fold_ebvms_native_self_iedb_ee8aced45992_s104729_model_1.cif,"Computational pMHC geometry prioritization only; not evidence of presentation, TCR binding, activation, cross-reactivity, molecular mimicry, or MS mechanism.",VHFFKNIVT,5,SELF_IEDB_ee8aced45992,/Users/anishsharma/Library/Mobile Documents/com~apple~CloudDocs/Downloads/folds_2026_08_25_22_25/ebvms_native_self_iedb_ee8aced45992_s104729/fold_ebvms_native_self_iedb_ee8aced45992_s104729_full_data_1.json,False,0.94,ebvms_native_self_iedb_ee8aced45992_s104729,True,178,189,ENPVVHFFKNIVTPR,104729,0.94,0.96,True,1,pass_exact_clash_free,frozen_hy2e11_reuse,/Users/anishsharma/Library/Mobile Documents/com~apple~CloudDocs/Downloads/folds_2026_08_25_22_25/ebvms_native_self_iedb_ee8aced45992_s104729/fold_ebvms_native_self_iedb_ee8aced45992_s104729_summary_confidences_1.json,SYS_BALF5_MBP_HY2E11
/Users/anishsharma/Library/Mobile Documents/com~apple~CloudDocs/Downloads/folds_2026_08_25_22_25/ebvms_native_self_iedb_ee8aced45992_s104729/fold_ebvms_native_self_iedb_ee8aced45992_s104729_model_2.cif,"Computational pMHC geometry prioritization only; not evidence of presentation, TCR binding, activation, cross-reactivity, molecular mimicry, or MS mechanism.",VHFFKNIVT,5,SELF_IEDB_ee8aced45992,/Users/anishsharma/Library/Mobile Documents/com~apple~CloudDocs/Downloads/folds_2026_08_25_22_25/ebvms_native_self_iedb_ee8aced45992_s104729/fold_ebvms_native_self_iedb_ee8aced45992_s104729_full_data_2.json,False,0.94,ebvms_native_self_iedb_ee8aced45992_s104729,True,178,189,ENPVVHFFKNIVTPR,104729,0.93,0.96,True,2,pass_exact_clash_free,frozen_hy2e11_reuse,/Users/anishsharma/Library/Mobile Documents/com~apple~CloudDocs/Downloads/folds_2026_08_25_22_25/ebvms_native_self_iedb_ee8aced45992_s104729/fold_ebvms_native_self_iedb_ee8aced45992_s104729_summary_confidences_2.json,SYS_BALF5_MBP_HY2E11
/Users/anishsharma/Library/Mobile Documents/com~apple~CloudDocs/Downloads/folds_2026_08_25_22_25/ebvms_native_self_iedb_ee8aced45992_s104729/fold_ebvms_native_self_iedb_ee8aced45992_s104729_model_3.cif,"Computational pMHC geometry prioritization only; not evidence of presentation, TCR binding, activation, cross-reactivity, molecular mimicry, or MS mechanism.",VHFFKNIVT,5,SELF_IEDB_ee8aced45992,/Users/anishsharma/Library/Mobile Documents/com~apple~CloudDocs/Downloads/folds_2026_08_25_22_25/ebvms_native_self_iedb_ee8aced45992_s104729/fold_ebvms_native_self_iedb_ee8aced45992_s104729_full_data_3.json,False,0.94,ebvms_native_self_iedb_ee8aced45992_s104729,True,178,189,ENPVVHFFKNIVTPR,104729,0.93,0.96,True,3,pass_exact_clash_free,frozen_hy2e11_reuse,/Users/anishsharma/Library/Mobile Documents/com~apple~CloudDocs/Downloads/folds_2026_08_25_22_25/ebvms_native_self_iedb_ee8aced45992_s104729/fold_ebvms_native_self_iedb_ee8aced45992_s104729_summary_confidences_3.json,SYS_BALF5_MBP_HY2E11
/Users/anishsharma/Library/Mobile Documents/com~apple~CloudDocs/Downloads/folds_2026_08_25_22_25/ebvms_native_self_iedb_ee8aced45992_s104729/fold_ebvms_native_self_iedb_ee8aced45992_s104729_model_4.cif,"Computational pMHC geometry prioritization only; not evidence of presentation, TCR binding, activation, cross-reactivity, molecular mimicry, or MS mechanism.",VHFFKNIVT,5,SELF_IEDB_ee8aced45992,/Users/anishsharma/Library/Mobile Documents/com~apple~CloudDocs/Downloads/folds_2026_08_25_22_25/ebvms_native_self_iedb_ee8aced45992_s104729/fold_ebvms_native_self_iedb_ee8aced45992_s104729_full_data_4.json,False,0.93,ebvms_native_self_iedb_ee8aced45992_s104729,True,178,189,ENPVVHFFKNIVTPR,104729,0.93,0.95,True,4,pass_exact_clash_free,frozen_hy2e11_reuse,/Users/anishsharma/Library/Mobile Documents/com~apple~CloudDocs/Downloads/folds_2026_08_25_22_25/ebvms_native_self_iedb_ee8aced45992_s104729/fold_ebvms_native_self_iedb_ee8aced45992_s104729_summary_confidences_4.json,SYS_BALF5_MBP_HY2E11
/Users/anishsharma/Library/Mobile Documents/com~apple~CloudDocs/Downloads/folds_2026_08_25_22_25/ebvms_native_self_iedb_ee8aced45992_s104759/fold_ebvms_native_self_iedb_ee8aced45992_s104759_model_0.cif,"Computational pMHC geometry prioritization only; not evidence of presentation, TCR binding, activation, cross-reactivity, molecular mimicry, or MS mechanism.",VHFFKNIVT,5,SELF_IEDB_ee8aced45992,/Users/anishsharma/Library/Mobile Documents/com~apple~CloudDocs/Downloads/folds_2026_08_25_22_25/ebvms_native_self_iedb_ee8aced45992_s104759/fold_ebvms_native_self_iedb_ee8aced45992_s104759_full_data_0.json,False,0.94,ebvms_native_self_iedb_ee8aced45992_s104759,True,178,189,ENPVVHFFKNIVTPR,104759,0.94,0.96,True,0,pass_exact_clash_free,frozen_hy2e11_reuse,/Users/anishsharma/Library/Mobile Documents/com~apple~CloudDocs/Downloads/folds_2026_08_25_22_25/ebvms_native_self_iedb_ee8aced45992_s104759/fold_ebvms_native_self_iedb_ee8aced45992_s104759_summary_confidences_0.json,SYS_BALF5_MBP_HY2E11
/Users/anishsharma/Library/Mobile Documents/com~apple~CloudDocs/Downloads/folds_2026_08_25_22_25/ebvms_native_self_iedb_ee8aced45992_s104759/fold_ebvms_native_self_iedb_ee8aced45992_s104759_model_1.cif,"Computational pMHC geometry prioritization only; not evidence of presentation, TCR binding, activation, cross-reactivity, molecular mimicry, or MS mechanism.",VHFFKNIVT,5,SELF_IEDB_ee8aced45992,/Users/anishsharma/Library/Mobile Documents/com~apple~CloudDocs/Downloads/folds_2026_08_25_22_25/ebvms_native_self_iedb_ee8aced45992_s104759/fold_ebvms_native_self_iedb_ee8aced45992_s104759_full_data_1.json,False,0.94,ebvms_native_self_iedb_ee8aced45992_s104759,True,178,189,ENPVVHFFKNIVTPR,104759,0.93,0.96,True,1,pass_exact_clash_free,frozen_hy2e11_reuse,/Users/anishsharma/Library/Mobile Documents/com~apple~CloudDocs/Downloads/folds_2026_08_25_22_25/ebvms_native_self_iedb_ee8aced45992_s104759/fold_ebvms_native_self_iedb_ee8aced45992_s104759_summary_confidences_1.json,SYS_BALF5_MBP_HY2E11
/Users/anishsharma/Library/Mobile Documents/com~apple~CloudDocs/Downloads/folds_2026_08_25_22_25/ebvms_native_self_iedb_ee8aced45992_s104759/fold_ebvms_native_self_iedb_ee8aced45992_s104759_model_2.cif,"Computational pMHC geometry prioritization only; not evidence of presentation, TCR binding, activation, cross-reactivity, molecular mimicry, or MS mechanism.",VHFFKNIVT,5,SELF_IEDB_ee8aced45992,/Users/anishsharma/Library/Mobile Documents/com~apple~CloudDocs/Downloads/folds_2026_08_25_22_25/ebvms_native_self_iedb_ee8aced45992_s104759/fold_ebvms_native_self_iedb_ee8aced45992_s104759_full_data_2.json,False,0.94,ebvms_native_self_iedb_ee8aced45992_s104759,True,178,189,ENPVVHFFKNIVTPR,104759,0.93,0.96,True,2,pass_exact_clash_free,frozen_hy2e11_reuse,/Users/anishsharma/Library/Mobile Documents/com~apple~CloudDocs/Downloads/folds_2026_08_25_22_25/ebvms_native_self_iedb_ee8aced45992_s104759/fold_ebvms_native_self_iedb_ee8aced45992_s104759_summary_confidences_2.json,SYS_BALF5_MBP_HY2E11
/Users/anishsharma/Library/Mobile Documents/com~apple~CloudDocs/Downloads/folds_2026_08_25_22_25/ebvms_native_self_iedb_ee8aced45992_s104759/fold_ebvms_native_self_iedb_ee8aced45992_s104759_model_3.cif,"Computational pMHC geometry prioritization only; not evidence of presentation, TCR binding, activation, cross-reactivity, molecular mimicry, or MS mechanism.",VHFFKNIVT,5,SELF_IEDB_ee8aced45992,/Users/anishsharma/Library/Mobile Documents/com~apple~CloudDocs/Downloads/folds_2026_08_25_22_25/ebvms_native_self_iedb_ee8aced45992_s104759/fold_ebvms_native_self_iedb_ee8aced45992_s104759_full_data_3.json,False,0.94,ebvms_native_self_iedb_ee8aced45992_s104759,True,178,189,ENPVVHFFKNIVTPR,104759,0.93,0.96,True,3,pass_exact_clash_free,frozen_hy2e11_reuse,/Users/anishsharma/Library/Mobile Documents/com~apple~CloudDocs/Downloads/folds_2026_08_25_22_25/ebvms_native_self_iedb_ee8aced45992_s104759/fold_ebvms_native_self_iedb_ee8aced45992_s104759_summary_confidences_3.json,SYS_BALF5_MBP_HY2E11
/Users/anishsharma/Library/Mobile Documents/com~apple~CloudDocs/Downloads/folds_2026_08_25_22_25/ebvms_native_self_iedb_ee8aced45992_s104759/fold_ebvms_native_self_iedb_ee8aced45992_s104759_model_4.cif,"Computational pMHC geometry prioritization only; not evidence of presentation, TCR binding, activation, cross-reactivity, molecular mimicry, or MS mechanism.",VHFFKNIVT,5,SELF_IEDB_ee8aced45992,/Users/anishsharma/Library/Mobile Documents/com~apple~CloudDocs/Downloads/folds_2026_08_25_22_25/ebvms_native_self_iedb_ee8aced45992_s104759/fold_ebvms_native_self_iedb_ee8aced45992_s104759_full_data_4.json,False,0.94,ebvms_native_self_iedb_ee8aced45992_s104759,True,178,189,ENPVVHFFKNIVTPR,104759,0.93,0.96,True,4,pass_exact_clash_free,frozen_hy2e11_reuse,/Users/anishsharma/Library/Mobile Documents/com~apple~CloudDocs/Downloads/folds_2026_08_25_22_25/ebvms_native_self_iedb_ee8aced45992_s104759/fold_ebvms_native_self_iedb_ee8aced45992_s104759_summary_confidences_4.json,SYS_BALF5_MBP_HY2E11
/Users/anishsharma/Library/Mobile Documents/com~apple~CloudDocs/Downloads/folds_2026_08_25_22_25/ebvms_native_ebv_iedb_087fb937093d_s104729/fold_ebvms_native_ebv_iedb_087fb937093d_s104729_model_0.cif,"Computational pMHC geometry prioritization only; not evidence of presentation, TCR binding, activation, cross-reactivity, molecular mimicry, or MS mechanism.",LTMEYDDKV,3,EBV_IEDB_087fb937093d,/Users/anishsharma/Library/Mobile Documents/com~apple~CloudDocs/Downloads/folds_2026_08_25_22_25/ebvms_native_ebv_iedb_087fb937093d_s104729/fold_ebvms_native_ebv_iedb_087fb937093d_s104729_full_data_0.json,False,0.92,ebvms_native_ebv_iedb_087fb937093d_s104729,True,178,189,VKLTMEYDDKVSKSH,104729,0.93,0.94,True,0,pass_exact_clash_free,frozen_hy2e11_reuse,/Users/anishsharma/Library/Mobile Documents/com~apple~CloudDocs/Downloads/folds_2026_08_25_22_25/ebvms_native_ebv_iedb_087fb937093d_s104729/fold_ebvms_native_ebv_iedb_087fb937093d_s104729_summary_confidences_0.json,SYS_BALF5_MBP_HY2E11
/Users/anishsharma/Library/Mobile Documents/com~apple~CloudDocs/Downloads/folds_2026_08_25_22_25/ebvms_native_ebv_iedb_087fb937093d_s104729/fold_ebvms_native_ebv_iedb_087fb937093d_s104729_model_1.cif,"Computational pMHC geometry prioritization only; not evidence of presentation, TCR binding, activation, cross-reactivity, molecular mimicry, or MS mechanism.",LTMEYDDKV,3,EBV_IEDB_087fb937093d,/Users/anishsharma/Library/Mobile Documents/com~apple~CloudDocs/Downloads/folds_2026_08_25_22_25/ebvms_native_ebv_iedb_087fb937093d_s104729/fold_ebvms_native_ebv_iedb_087fb937093d_s104729_full_data_1.json,False,0.92,ebvms_native_ebv_iedb_087fb937093d_s104729,True,178,189,VKLTMEYDDKVSKSH,104729,0.93,0.94,True,1,pass_exact_clash_free,frozen_hy2e11_reuse,/Users/anishsharma/Library/Mobile Documents/com~apple~CloudDocs/Downloads/folds_2026_08_25_22_25/ebvms_native_ebv_iedb_087fb937093d_s104729/fold_ebvms_native_ebv_iedb_087fb937093d_s104729_summary_confidences_1.json,SYS_BALF5_MBP_HY2E11
/Users/anishsharma/Library/Mobile Documents/com~apple~CloudDocs/Downloads/folds_2026_08_25_22_25/ebvms_native_ebv_iedb_087fb937093d_s104729/fold_ebvms_native_ebv_iedb_087fb937093d_s104729_model_2.cif,"Computational pMHC geometry prioritization only; not evidence of presentation, TCR binding, activation, cross-reactivity, molecular mimicry, or MS mechanism.",LTMEYDDKV,3,EBV_IEDB_087fb937093d,/Users/anishsharma/Library/Mobile Documents/com~apple~CloudDocs/Downloads/folds_2026_08_25_22_25/ebvms_native_ebv_iedb_087fb937093d_s104729/fold_ebvms_native_ebv_iedb_087fb937093d_s104729_full_data_2.json,False,0.92,ebvms_native_ebv_iedb_087fb937093d_s104729,True,178,189,VKLTMEYDDKVSKSH,104729,0.93,0.94,True,2,pass_exact_clash_free,frozen_hy2e11_reuse,/Users/anishsharma/Library/Mobile Documents/com~apple~CloudDocs/Downloads/folds_2026_08_25_22_25/ebvms_native_ebv_iedb_087fb937093d_s104729/fold_ebvms_native_ebv_iedb_087fb937093d_s104729_summary_confidences_2.json,SYS_BALF5_MBP_HY2E11
/Users/anishsharma/Library/Mobile Documents/com~apple~CloudDocs/Downloads/folds_2026_08_25_22_25/ebvms_native_ebv_iedb_087fb937093d_s104729/fold_ebvms_native_ebv_iedb_087fb937093d_s104729_model_3.cif,"Computational pMHC geometry prioritization only; not evidence of presentation, TCR binding, activation, cross-reactivity, molecular mimicry, or MS mechanism.",LTMEYDDKV,3,EBV_IEDB_087fb937093d,/Users/anishsharma/Library/Mobile Documents/com~apple~CloudDocs/Downloads/folds_2026_08_25_22_25/ebvms_native_ebv_iedb_087fb937093d_s104729/fold_ebvms_native_ebv_iedb_087fb937093d_s104729_full_data_3.json,False,0.92,ebvms_native_ebv_iedb_087fb937093d_s104729,True,178,189,VKLTMEYDDKVSKSH,104729,0.92,0.94,True,3,pass_exact_clash_free,frozen_hy2e11_reuse,/Users/anishsharma/Library/Mobile Documents/com~apple~CloudDocs/Downloads/folds_2026_08_25_22_25/ebvms_native_ebv_iedb_087fb937093d_s104729/fold_ebvms_native_ebv_iedb_087fb937093d_s104729_summary_confidences_3.json,SYS_BALF5_MBP_HY2E11
/Users/anishsharma/Library/Mobile Documents/com~apple~CloudDocs/Downloads/folds_2026_08_25_22_25/ebvms_native_ebv_iedb_087fb937093d_s104729/fold_ebvms_native_ebv_iedb_087fb937093d_s104729_model_4.cif,"Computational pMHC geometry prioritization only; not evidence of presentation, TCR binding, activation, cross-reactivity, molecular mimicry, or MS mechanism.",LTMEYDDKV,3,EBV_IEDB_087fb937093d,/Users/anishsharma/Library/Mobile Documents/com~apple~CloudDocs/Downloads/folds_2026_08_25_22_25/ebvms_native_ebv_iedb_087fb937093d_s104729/fold_ebvms_native_ebv_iedb_087fb937093d_s104729_full_data_4.json,False,0.91,ebvms_native_ebv_iedb_087fb937093d_s104729,True,178,189,VKLTMEYDDKVSKSH,104729,0.92,0.93,True,4,pass_exact_clash_free,frozen_hy2e11_reuse,/Users/anishsharma/Library/Mobile Documents/com~apple~CloudDocs/Downloads/folds_2026_08_25_22_25/ebvms_native_ebv_iedb_087fb937093d_s104729/fold_ebvms_native_ebv_iedb_087fb937093d_s104729_summary_confidences_4.json,SYS_BALF5_MBP_HY2E11
/Users/anishsharma/Library/Mobile Documents/com~apple~CloudDocs/Downloads/folds_2026_08_25_22_25/ebvms_native_ebv_iedb_087fb937093d_s104759/fold_ebvms_native_ebv_iedb_087fb937093d_s104759_model_0.cif,"Computational pMHC geometry prioritization only; not evidence of presentation, TCR binding, activation, cross-reactivity, molecular mimicry, or MS mechanism.",LTMEYDDKV,3,EBV_IEDB_087fb937093d,/Users/anishsharma/Library/Mobile Documents/com~apple~CloudDocs/Downloads/folds_2026_08_25_22_25/ebvms_native_ebv_iedb_087fb937093d_s104759/fold_ebvms_native_ebv_iedb_087fb937093d_s104759_full_data_0.json,False,0.92,ebvms_native_ebv_iedb_087fb937093d_s104759,True,178,189,VKLTMEYDDKVSKSH,104759,0.93,0.94,True,0,pass_exact_clash_free,frozen_hy2e11_reuse,/Users/anishsharma/Library/Mobile Documents/com~apple~CloudDocs/Downloads/folds_2026_08_25_22_25/ebvms_native_ebv_iedb_087fb937093d_s104759/fold_ebvms_native_ebv_iedb_087fb937093d_s104759_summary_confidences_0.json,SYS_BALF5_MBP_HY2E11
/Users/anishsharma/Library/Mobile Documents/com~apple~CloudDocs/Downloads/folds_2026_08_25_22_25/ebvms_native_ebv_iedb_087fb937093d_s104759/fold_ebvms_native_ebv_iedb_087fb937093d_s104759_model_1.cif,"Computational pMHC geometry prioritization only; not evidence of presentation, TCR binding, activation, cross-reactivity, molecular mimicry, or MS mechanism.",LTMEYDDKV,3,EBV_IEDB_087fb937093d,/Users/anishsharma/Library/Mobile Documents/com~apple~CloudDocs/Downloads/folds_2026_08_25_22_25/ebvms_native_ebv_iedb_087fb937093d_s104759/fold_ebvms_native_ebv_iedb_087fb937093d_s104759_full_data_1.json,False,0.92,ebvms_native_ebv_iedb_087fb937093d_s104759,True,178,189,VKLTMEYDDKVSKSH,104759,0.94,0.94,True,1,pass_exact_clash_free,frozen_hy2e11_reuse,/Users/anishsharma/Library/Mobile Documents/com~apple~CloudDocs/Downloads/folds_2026_08_25_22_25/ebvms_native_ebv_iedb_087fb937093d_s104759/fold_ebvms_native_ebv_iedb_087fb937093d_s104759_summary_confidences_1.json,SYS_BALF5_MBP_HY2E11
/Users/anishsharma/Library/Mobile Documents/com~apple~CloudDocs/Downloads/folds_2026_08_25_22_25/ebvms_native_ebv_iedb_087fb937093d_s104759/fold_ebvms_native_ebv_iedb_087fb937093d_s104759_model_2.cif,"Computational pMHC geometry prioritization only; not evidence of presentation, TCR binding, activation, cross-reactivity, molecular mimicry, or MS mechanism.",LTMEYDDKV,3,EBV_IEDB_087fb937093d,/Users/anishsharma/Library/Mobile Documents/com~apple~CloudDocs/Downloads/folds_2026_08_25_22_25/ebvms_native_ebv_iedb_087fb937093d_s104759/fold_ebvms_native_ebv_iedb_087fb937093d_s104759_full_data_2.json,False,0.92,ebvms_native_ebv_iedb_087fb937093d_s104759,True,178,189,VKLTMEYDDKVSKSH,104759,0.93,0.94,True,2,pass_exact_clash_free,frozen_hy2e11_reuse,/Users/anishsharma/Library/Mobile Documents/com~apple~CloudDocs/Downloads/folds_2026_08_25_22_25/ebvms_native_ebv_iedb_087fb937093d_s104759/fold_ebvms_native_ebv_iedb_087fb937093d_s104759_summary_confidences_2.json,SYS_BALF5_MBP_HY2E11
/Users/anishsharma/Library/Mobile Documents/com~apple~CloudDocs/Downloads/folds_2026_08_25_22_25/ebvms_native_ebv_iedb_087fb937093d_s104759/fold_ebvms_native_ebv_iedb_087fb937093d_s104759_model_3.cif,"Computational pMHC geometry prioritization only; not evidence of presentation, TCR binding, activation, cross-reactivity, molecular mimicry, or MS mechanism.",LTMEYDDKV,3,EBV_IEDB_087fb937093d,/Users/anishsharma/Library/Mobile Documents/com~apple~CloudDocs/Downloads/folds_2026_08_25_22_25/ebvms_native_ebv_iedb_087fb937093d_s104759/fold_ebvms_native_ebv_iedb_087fb937093d_s104759_full_data_3.json,False,0.91,ebvms_native_ebv_iedb_087fb937093d_s104759,True,178,189,VKLTMEYDDKVSKSH,104759,0.92,0.93,True,3,pass_exact_clash_free,frozen_hy2e11_reuse,/Users/anishsharma/Library/Mobile Documents/com~apple~CloudDocs/Downloads/folds_2026_08_25_22_25/ebvms_native_ebv_iedb_087fb937093d_s104759/fold_ebvms_native_ebv_iedb_087fb937093d_s104759_summary_confidences_3.json,SYS_BALF5_MBP_HY2E11
/Users/anishsharma/Library/Mobile Documents/com~apple~CloudDocs/Downloads/folds_2026_08_25_22_25/ebvms_native_ebv_iedb_087fb937093d_s104759/fold_ebvms_native_ebv_iedb_087fb937093d_s104759_model_4.cif,"Computational pMHC geometry prioritization only; not evidence of presentation, TCR binding, activation, cross-reactivity, molecular mimicry, or MS mechanism.",LTMEYDDKV,3,EBV_IEDB_087fb937093d,/Users/anishsharma/Library/Mobile Documents/com~apple~CloudDocs/Downloads/folds_2026_08_25_22_25/ebvms_native_ebv_iedb_087fb937093d_s104759/fold_ebvms_native_ebv_iedb_087fb937093d_s104759_full_data_4.json,False,0.9,ebvms_native_ebv_iedb_087fb937093d_s104759,True,178,189,VKLTMEYDDKVSKSH,104759,0.92,0.93,True,4,pass_exact_clash_free,frozen_hy2e11_reuse,/Users/anishsharma/Library/Mobile Documents/com~apple~CloudDocs/Downloads/folds_2026_08_25_22_25/ebvms_native_ebv_iedb_087fb937093d_s104759/fold_ebvms_native_ebv_iedb_087fb937093d_s104759_summary_confidences_4.json,SYS_BALF5_MBP_HY2E11
/Users/anishsharma/Library/Mobile Documents/com~apple~CloudDocs/Downloads/folds_2026_08_25_22_25/ebvms_native_ebv_iedb_35bb9c18fac4_s104729/fold_ebvms_native_ebv_iedb_35bb9c18fac4_s104729_model_0.cif,"Computational pMHC geometry prioritization only; not evidence of presentation, TCR binding, activation, cross-reactivity, molecular mimicry, or MS mechanism.",YHFVKKHVH,5,EBV_IEDB_35bb9c18fac4,/Users/anishsharma/Library/Mobile Documents/com~apple~CloudDocs/Downloads/folds_2026_08_25_22_25/ebvms_native_ebv_iedb_35bb9c18fac4_s104729/fold_ebvms_native_ebv_iedb_35bb9c18fac4_s104729_full_data_0.json,False,0.93,ebvms_native_ebv_iedb_35bb9c18fac4_s104729,True,178,189,TGGVYHFVKKHVHES,104729,0.93,0.95,True,0,pass_exact_clash_free,frozen_hy2e11_reuse,/Users/anishsharma/Library/Mobile Documents/com~apple~CloudDocs/Downloads/folds_2026_08_25_22_25/ebvms_native_ebv_iedb_35bb9c18fac4_s104729/fold_ebvms_native_ebv_iedb_35bb9c18fac4_s104729_summary_confidences_0.json,SYS_BALF5_MBP_HY2E11
/Users/anishsharma/Library/Mobile Documents/com~apple~CloudDocs/Downloads/folds_2026_08_25_22_25/ebvms_native_ebv_iedb_35bb9c18fac4_s104729/fold_ebvms_native_ebv_iedb_35bb9c18fac4_s104729_model_1.cif,"Computational pMHC geometry prioritization only; not evidence of presentation, TCR binding, activation, cross-reactivity, molecular mimicry, or MS mechanism.",YHFVKKHVH,5,EBV_IEDB_35bb9c18fac4,/Users/anishsharma/Library/Mobile Documents/com~apple~CloudDocs/Downloads/folds_2026_08_25_22_25/ebvms_native_ebv_iedb_35bb9c18fac4_s104729/fold_ebvms_native_ebv_iedb_35bb9c18fac4_s104729_full_data_1.json,False,0.93,ebvms_native_ebv_iedb_35bb9c18fac4_s104729,True,178,189,TGGVYHFVKKHVHES,104729,0.93,0.95,True,1,pass_exact_clash_free,frozen_hy2e11_reuse,/Users/anishsharma/Library/Mobile Documents/com~apple~CloudDocs/Downloads/folds_2026_08_25_22_25/ebvms_native_ebv_iedb_35bb9c18fac4_s104729/fold_ebvms_native_ebv_iedb_35bb9c18fac4_s104729_summary_confidences_1.json,SYS_BALF5_MBP_HY2E11
/Users/anishsharma/Library/Mobile Documents/com~apple~CloudDocs/Downloads/folds_2026_08_25_22_25/ebvms_native_ebv_iedb_35bb9c18fac4_s104729/fold_ebvms_native_ebv_iedb_35bb9c18fac4_s104729_model_2.cif,"Computational pMHC geometry prioritization only; not evidence of presentation, TCR binding, activation, cross-reactivity, molecular mimicry, or MS mechanism.",YHFVKKHVH,5,EBV_IEDB_35bb9c18fac4,/Users/anishsharma/Library/Mobile Documents/com~apple~CloudDocs/Downloads/folds_2026_08_25_22_25/ebvms_native_ebv_iedb_35bb9c18fac4_s104729/fold_ebvms_native_ebv_iedb_35bb9c18fac4_s104729_full_data_2.json,False,0.93,ebvms_native_ebv_iedb_35bb9c18fac4_s104729,True,178,189,TGGVYHFVKKHVHES,104729,0.93,0.95,True,2,pass_exact_clash_free,frozen_hy2e11_reuse,/Users/anishsharma/Library/Mobile Documents/com~apple~CloudDocs/Downloads/folds_2026_08_25_22_25/ebvms_native_ebv_iedb_35bb9c18fac4_s104729/fold_ebvms_native_ebv_iedb_35bb9c18fac4_s104729_summary_confidences_2.json,SYS_BALF5_MBP_HY2E11
/Users/anishsharma/Library/Mobile Documents/com~apple~CloudDocs/Downloads/folds_2026_08_25_22_25/ebvms_native_ebv_iedb_35bb9c18fac4_s104729/fold_ebvms_native_ebv_iedb_35bb9c18fac4_s104729_model_3.cif,"Computational pMHC geometry prioritization only; not evidence of presentation, TCR binding, activation, cross-reactivity, molecular mimicry, or MS mechanism.",YHFVKKHVH,5,EBV_IEDB_35bb9c18fac4,/Users/anishsharma/Library/Mobile Documents/com~apple~CloudDocs/Downloads/folds_2026_08_25_22_25/ebvms_native_ebv_iedb_35bb9c18fac4_s104729/fold_ebvms_native_ebv_iedb_35bb9c18fac4_s104729_full_data_3.json,False,0.93,ebvms_native_ebv_iedb_35bb9c18fac4_s104729,True,178,189,TGGVYHFVKKHVHES,104729,0.93,0.95,True,3,pass_exact_clash_free,frozen_hy2e11_reuse,/Users/anishsharma/Library/Mobile Documents/com~apple~CloudDocs/Downloads/folds_2026_08_25_22_25/ebvms_native_ebv_iedb_35bb9c18fac4_s104729/fold_ebvms_native_ebv_iedb_35bb9c18fac4_s104729_summary_confidences_3.json,SYS_BALF5_MBP_HY2E11
/Users/anishsharma/Library/Mobile Documents/com~apple~CloudDocs/Downloads/folds_2026_08_25_22_25/ebvms_native_ebv_iedb_35bb9c18fac4_s104729/fold_ebvms_native_ebv_iedb_35bb9c18fac4_s104729_model_4.cif,"Computational pMHC geometry prioritization only; not evidence of presentation, TCR binding, activation, cross-reactivity, molecular mimicry, or MS mechanism.",YHFVKKHVH,5,EBV_IEDB_35bb9c18fac4,/Users/anishsharma/Library/Mobile Documents/com~apple~CloudDocs/Downloads/folds_2026_08_25_22_25/ebvms_native_ebv_iedb_35bb9c18fac4_s104729/fold_ebvms_native_ebv_iedb_35bb9c18fac4_s104729_full_data_4.json,False,0.93,ebvms_native_ebv_iedb_35bb9c18fac4_s104729,True,178,189,TGGVYHFVKKHVHES,104729,0.93,0.95,True,4,pass_exact_clash_free,frozen_hy2e11_reuse,/Users/anishsharma/Library/Mobile Documents/com~apple~CloudDocs/Downloads/folds_2026_08_25_22_25/ebvms_native_ebv_iedb_35bb9c18fac4_s104729/fold_ebvms_native_ebv_iedb_35bb9c18fac4_s104729_summary_confidences_4.json,SYS_BALF5_MBP_HY2E11
/Users/anishsharma/Library/Mobile Documents/com~apple~CloudDocs/Downloads/folds_2026_08_25_22_25/ebvms_native_ebv_iedb_35bb9c18fac4_s104759/fold_ebvms_native_ebv_iedb_35bb9c18fac4_s104759_model_0.cif,"Computational pMHC geometry prioritization only; not evidence of presentation, TCR binding, activation, cross-reactivity, molecular mimicry, or MS mechanism.",YHFVKKHVH,5,EBV_IEDB_35bb9c18fac4,/Users/anishsharma/Library/Mobile Documents/com~apple~CloudDocs/Downloads/folds_2026_08_25_22_25/ebvms_native_ebv_iedb_35bb9c18fac4_s104759/fold_ebvms_native_ebv_iedb_35bb9c18fac4_s104759_full_data_0.json,False,0.94,ebvms_native_ebv_iedb_35bb9c18fac4_s104759,True,178,189,TGGVYHFVKKHVHES,104759,0.95,0.96,True,0,pass_exact_clash_free,frozen_hy2e11_reuse,/Users/anishsharma/Library/Mobile Documents/com~apple~CloudDocs/Downloads/folds_2026_08_25_22_25/ebvms_native_ebv_iedb_35bb9c18fac4_s104759/fold_ebvms_native_ebv_iedb_35bb9c18fac4_s104759_summary_confidences_0.json,SYS_BALF5_MBP_HY2E11
/Users/anishsharma/Library/Mobile Documents/com~apple~CloudDocs/Downloads/folds_2026_08_25_22_25/ebvms_native_ebv_iedb_35bb9c18fac4_s104759/fold_ebvms_native_ebv_iedb_35bb9c18fac4_s104759_model_1.cif,"Computational pMHC geometry prioritization only; not evidence of presentation, TCR binding, activation, cross-reactivity, molecular mimicry, or MS mechanism.",YHFVKKHVH,5,EBV_IEDB_35bb9c18fac4,/Users/anishsharma/Library/Mobile Documents/com~apple~CloudDocs/Downloads/folds_2026_08_25_22_25/ebvms_native_ebv_iedb_35bb9c18fac4_s104759/fold_ebvms_native_ebv_iedb_35bb9c18fac4_s104759_full_data_1.json,False,0.93,ebvms_native_ebv_iedb_35bb9c18fac4_s104759,True,178,189,TGGVYHFVKKHVHES,104759,0.93,0.95,True,1,pass_exact_clash_free,frozen_hy2e11_reuse,/Users/anishsharma/Library/Mobile Documents/com~apple~CloudDocs/Downloads/folds_2026_08_25_22_25/ebvms_native_ebv_iedb_35bb9c18fac4_s104759/fold_ebvms_native_ebv_iedb_35bb9c18fac4_s104759_summary_confidences_1.json,SYS_BALF5_MBP_HY2E11
/Users/anishsharma/Library/Mobile Documents/com~apple~CloudDocs/Downloads/folds_2026_08_25_22_25/ebvms_native_ebv_iedb_35bb9c18fac4_s104759/fold_ebvms_native_ebv_iedb_35bb9c18fac4_s104759_model_2.cif,"Computational pMHC geometry prioritization only; not evidence of presentation, TCR binding, activation, cross-reactivity, molecular mimicry, or MS mechanism.",YHFVKKHVH,5,EBV_IEDB_35bb9c18fac4,/Users/anishsharma/Library/Mobile Documents/com~apple~CloudDocs/Downloads/folds_2026_08_25_22_25/ebvms_native_ebv_iedb_35bb9c18fac4_s104759/fold_ebvms_native_ebv_iedb_35bb9c18fac4_s104759_full_data_2.json,False,0.93,ebvms_native_ebv_iedb_35bb9c18fac4_s104759,True,178,189,TGGVYHFVKKHVHES,104759,0.93,0.95,True,2,pass_exact_clash_free,frozen_hy2e11_reuse,/Users/anishsharma/Library/Mobile Documents/com~apple~CloudDocs/Downloads/folds_2026_08_25_22_25/ebvms_native_ebv_iedb_35bb9c18fac4_s104759/fold_ebvms_native_ebv_iedb_35bb9c18fac4_s104759_summary_confidences_2.json,SYS_BALF5_MBP_HY2E11
/Users/anishsharma/Library/Mobile Documents/com~apple~CloudDocs/Downloads/folds_2026_08_25_22_25/ebvms_native_ebv_iedb_35bb9c18fac4_s104759/fold_ebvms_native_ebv_iedb_35bb9c18fac4_s104759_model_3.cif,"Computational pMHC geometry prioritization only; not evidence of presentation, TCR binding, activation, cross-reactivity, molecular mimicry, or MS mechanism.",YHFVKKHVH,5,EBV_IEDB_35bb9c18fac4,/Users/anishsharma/Library/Mobile Documents/com~apple~CloudDocs/Downloads/folds_2026_08_25_22_25/ebvms_native_ebv_iedb_35bb9c18fac4_s104759/fold_ebvms_native_ebv_iedb_35bb9c18fac4_s104759_full_data_3.json,False,0.93,ebvms_native_ebv_iedb_35bb9c18fac4_s104759,True,178,189,TGGVYHFVKKHVHES,104759,0.93,0.95,True,3,pass_exact_clash_free,frozen_hy2e11_reuse,/Users/anishsharma/Library/Mobile Documents/com~apple~CloudDocs/Downloads/folds_2026_08_25_22_25/ebvms_native_ebv_iedb_35bb9c18fac4_s104759/fold_ebvms_native_ebv_iedb_35bb9c18fac4_s104759_summary_confidences_3.json,SYS_BALF5_MBP_HY2E11
/Users/anishsharma/Library/Mobile Documents/com~apple~CloudDocs/Downloads/folds_2026_08_25_22_25/ebvms_native_ebv_iedb_35bb9c18fac4_s104759/fold_ebvms_native_ebv_iedb_35bb9c18fac4_s104759_model_4.cif,"Computational pMHC geometry prioritization only; not evidence of presentation, TCR binding, activation, cross-reactivity, molecular mimicry, or MS mechanism.",YHFVKKHVH,5,EBV_IEDB_35bb9c18fac4,/Users/anishsharma/Library/Mobile Documents/com~apple~CloudDocs/Downloads/folds_2026_08_25_22_25/ebvms_native_ebv_iedb_35bb9c18fac4_s104759/fold_ebvms_native_ebv_iedb_35bb9c18fac4_s104759_full_data_4.json,False,0.93,ebvms_native_ebv_iedb_35bb9c18fac4_s104759,True,178,189,TGGVYHFVKKHVHES,104759,0.93,0.95,True,4,pass_exact_clash_free,frozen_hy2e11_reuse,/Users/anishsharma/Library/Mobile Documents/com~apple~CloudDocs/Downloads/folds_2026_08_25_22_25/ebvms_native_ebv_iedb_35bb9c18fac4_s104759/fold_ebvms_native_ebv_iedb_35bb9c18fac4_s104759_summary_confidences_4.json,SYS_BALF5_MBP_HY2E11
/Users/anishsharma/Library/Mobile Documents/com~apple~CloudDocs/Downloads/folds_2026_08_25_22_25/ebvms_native_ebv_iedb_7db454bbdb2f_s104729/fold_ebvms_native_ebv_iedb_7db454bbdb2f_s104729_model_0.cif,"Computational pMHC geometry prioritization only; not evidence of presentation, TCR binding, activation, cross-reactivity, molecular mimicry, or MS mechanism.",IHVYNDYHH,4,EBV_IEDB_7db454bbdb2f,/Users/anishsharma/Library/Mobile Documents/com~apple~CloudDocs/Downloads/folds_2026_08_25_22_25/ebvms_native_ebv_iedb_7db454bbdb2f_s104729/fold_ebvms_native_ebv_iedb_7db454bbdb2f_s104729_full_data_0.json,False,0.92,ebvms_native_ebv_iedb_7db454bbdb2f_s104729,True,178,189,GNEIHVYNDYHHFKT,104729,0.92,0.94,True,0,pass_exact_clash_free,frozen_hy2e11_reuse,/Users/anishsharma/Library/Mobile Documents/com~apple~CloudDocs/Downloads/folds_2026_08_25_22_25/ebvms_native_ebv_iedb_7db454bbdb2f_s104729/fold_ebvms_native_ebv_iedb_7db454bbdb2f_s104729_summary_confidences_0.json,SYS_BALF5_MBP_HY2E11
/Users/anishsharma/Library/Mobile Documents/com~apple~CloudDocs/Downloads/folds_2026_08_25_22_25/ebvms_native_ebv_iedb_7db454bbdb2f_s104729/fold_ebvms_native_ebv_iedb_7db454bbdb2f_s104729_model_1.cif,"Computational pMHC geometry prioritization only; not evidence of presentation, TCR binding, activation, cross-reactivity, molecular mimicry, or MS mechanism.",IHVYNDYHH,4,EBV_IEDB_7db454bbdb2f,/Users/anishsharma/Library/Mobile Documents/com~apple~CloudDocs/Downloads/folds_2026_08_25_22_25/ebvms_native_ebv_iedb_7db454bbdb2f_s104729/fold_ebvms_native_ebv_iedb_7db454bbdb2f_s104729_full_data_1.json,False,0.92,ebvms_native_ebv_iedb_7db454bbdb2f_s104729,True,178,189,GNEIHVYNDYHHFKT,104729,0.93,0.94,True,1,pass_exact_clash_free,frozen_hy2e11_reuse,/Users/anishsharma/Library/Mobile Documents/com~apple~CloudDocs/Downloads/folds_2026_08_25_22_25/ebvms_native_ebv_iedb_7db454bbdb2f_s104729/fold_ebvms_native_ebv_iedb_7db454bbdb2f_s104729_summary_confidences_1.json,SYS_BALF5_MBP_HY2E11
/Users/anishsharma/Library/Mobile Documents/com~apple~CloudDocs/Downloads/folds_2026_08_25_22_25/ebvms_native_ebv_iedb_7db454bbdb2f_s104729/fold_ebvms_native_ebv_iedb_7db454bbdb2f_s104729_model_2.cif,"Computational pMHC geometry prioritization only; not evidence of presentation, TCR binding, activation, cross-reactivity, molecular mimicry, or MS mechanism.",IHVYNDYHH,4,EBV_IEDB_7db454bbdb2f,/Users/anishsharma/Library/Mobile Documents/com~apple~CloudDocs/Downloads/folds_2026_08_25_22_25/ebvms_native_ebv_iedb_7db454bbdb2f_s104729/fold_ebvms_native_ebv_iedb_7db454bbdb2f_s104729_full_data_2.json,False,0.92,ebvms_native_ebv_iedb_7db454bbdb2f_s104729,True,178,189,GNEIHVYNDYHHFKT,104729,0.93,0.94,True,2,pass_exact_clash_free,frozen_hy2e11_reuse,/Users/anishsharma/Library/Mobile Documents/com~apple~CloudDocs/Downloads/folds_2026_08_25_22_25/ebvms_native_ebv_iedb_7db454bbdb2f_s104729/fold_ebvms_native_ebv_iedb_7db454bbdb2f_s104729_summary_confidences_2.json,SYS_BALF5_MBP_HY2E11
/Users/anishsharma/Library/Mobile Documents/com~apple~CloudDocs/Downloads/folds_2026_08_25_22_25/ebvms_native_ebv_iedb_7db454bbdb2f_s104729/fold_ebvms_native_ebv_iedb_7db454bbdb2f_s104729_model_3.cif,"Computational pMHC geometry prioritization only; not evidence of presentation, TCR binding, activation, cross-reactivity, molecular mimicry, or MS mechanism.",IHVYNDYHH,4,EBV_IEDB_7db454bbdb2f,/Users/anishsharma/Library/Mobile Documents/com~apple~CloudDocs/Downloads/folds_2026_08_25_22_25/ebvms_native_ebv_iedb_7db454bbdb2f_s104729/fold_ebvms_native_ebv_iedb_7db454bbdb2f_s104729_full_data_3.json,False,0.91,ebvms_native_ebv_iedb_7db454bbdb2f_s104729,True,178,189,GNEIHVYNDYHHFKT,104729,0.93,0.94,True,3,pass_exact_clash_free,frozen_hy2e11_reuse,/Users/anishsharma/Library/Mobile Documents/com~apple~CloudDocs/Downloads/folds_2026_08_25_22_25/ebvms_native_ebv_iedb_7db454bbdb2f_s104729/fold_ebvms_native_ebv_iedb_7db454bbdb2f_s104729_summary_confidences_3.json,SYS_BALF5_MBP_HY2E11
/Users/anishsharma/Library/Mobile Documents/com~apple~CloudDocs/Downloads/folds_2026_08_25_22_25/ebvms_native_ebv_iedb_7db454bbdb2f_s104729/fold_ebvms_native_ebv_iedb_7db454bbdb2f_s104729_model_4.cif,"Computational pMHC geometry prioritization only; not evidence of presentation, TCR binding, activation, cross-reactivity, molecular mimicry, or MS mechanism.",IHVYNDYHH,4,EBV_IEDB_7db454bbdb2f,/Users/anishsharma/Library/Mobile Documents/com~apple~CloudDocs/Downloads/folds_2026_08_25_22_25/ebvms_native_ebv_iedb_7db454bbdb2f_s104729/fold_ebvms_native_ebv_iedb_7db454bbdb2f_s104729_full_data_4.json,False,0.91,ebvms_native_ebv_iedb_7db454bbdb2f_s104729,True,178,189,GNEIHVYNDYHHFKT,104729,0.92,0.93,True,4,pass_exact_clash_free,frozen_hy2e11_reuse,/Users/anishsharma/Library/Mobile Documents/com~apple~CloudDocs/Downloads/folds_2026_08_25_22_25/ebvms_native_ebv_iedb_7db454bbdb2f_s104729/fold_ebvms_native_ebv_iedb_7db454bbdb2f_s104729_summary_confidences_4.json,SYS_BALF5_MBP_HY2E11
/Users/anishsharma/Library/Mobile Documents/com~apple~CloudDocs/Downloads/folds_2026_08_25_22_25/ebvms_native_ebv_iedb_7db454bbdb2f_s104759/fold_ebvms_native_ebv_iedb_7db454bbdb2f_s104759_model_0.cif,"Computational pMHC geometry prioritization only; not evidence of presentation, TCR binding, activation, cross-reactivity, molecular mimicry, or MS mechanism.",IHVYNDYHH,4,EBV_IEDB_7db454bbdb2f,/Users/anishsharma/Library/Mobile Documents/com~apple~CloudDocs/Downloads/folds_2026_08_25_22_25/ebvms_native_ebv_iedb_7db454bbdb2f_s104759/fold_ebvms_native_ebv_iedb_7db454bbdb2f_s104759_full_data_0.json,False,0.95,ebvms_native_ebv_iedb_7db454bbdb2f_s104759,True,178,189,GNEIHVYNDYHHFKT,104759,0.95,0.97,True,0,pass_exact_clash_free,frozen_hy2e11_reuse,/Users/anishsharma/Library/Mobile Documents/com~apple~CloudDocs/Downloads/folds_2026_08_25_22_25/ebvms_native_ebv_iedb_7db454bbdb2f_s104759/fold_ebvms_native_ebv_iedb_7db454bbdb2f_s104759_summary_confidences_0.json,SYS_BALF5_MBP_HY2E11
/Users/anishsharma/Library/Mobile Documents/com~apple~CloudDocs/Downloads/folds_2026_08_25_22_25/ebvms_native_ebv_iedb_7db454bbdb2f_s104759/fold_ebvms_native_ebv_iedb_7db454bbdb2f_s104759_model_1.cif,"Computational pMHC geometry prioritization only; not evidence of presentation, TCR binding, activation, cross-reactivity, molecular mimicry, or MS mechanism.",IHVYNDYHH,4,EBV_IEDB_7db454bbdb2f,/Users/anishsharma/Library/Mobile Documents/com~apple~CloudDocs/Downloads/folds_2026_08_25_22_25/ebvms_native_ebv_iedb_7db454bbdb2f_s104759/fold_ebvms_native_ebv_iedb_7db454bbdb2f_s104759_full_data_1.json,False,0.94,ebvms_native_ebv_iedb_7db454bbdb2f_s104759,True,178,189,GNEIHVYNDYHHFKT,104759,0.94,0.96,True,1,pass_exact_clash_free,frozen_hy2e11_reuse,/Users/anishsharma/Library/Mobile Documents/com~apple~CloudDocs/Downloads/folds_2026_08_25_22_25/ebvms_native_ebv_iedb_7db454bbdb2f_s104759/fold_ebvms_native_ebv_iedb_7db454bbdb2f_s104759_summary_confidences_1.json,SYS_BALF5_MBP_HY2E11
/Users/anishsharma/Library/Mobile Documents/com~apple~CloudDocs/Downloads/folds_2026_08_25_22_25/ebvms_native_ebv_iedb_7db454bbdb2f_s104759/fold_ebvms_native_ebv_iedb_7db454bbdb2f_s104759_model_2.cif,"Computational pMHC geometry prioritization only; not evidence of presentation, TCR binding, activation, cross-reactivity, molecular mimicry, or MS mechanism.",IHVYNDYHH,4,EBV_IEDB_7db454bbdb2f,/Users/anishsharma/Library/Mobile Documents/com~apple~CloudDocs/Downloads/folds_2026_08_25_22_25/ebvms_native_ebv_iedb_7db454bbdb2f_s104759/fold_ebvms_native_ebv_iedb_7db454bbdb2f_s104759_full_data_2.json,False,0.94,ebvms_native_ebv_iedb_7db454bbdb2f_s104759,True,178,189,GNEIHVYNDYHHFKT,104759,0.94,0.96,True,2,pass_exact_clash_free,frozen_hy2e11_reuse,/Users/anishsharma/Library/Mobile Documents/com~apple~CloudDocs/Downloads/folds_2026_08_25_22_25/ebvms_native_ebv_iedb_7db454bbdb2f_s104759/fold_ebvms_native_ebv_iedb_7db454bbdb2f_s104759_summary_confidences_2.json,SYS_BALF5_MBP_HY2E11
/Users/anishsharma/Library/Mobile Documents/com~apple~CloudDocs/Downloads/folds_2026_08_25_22_25/ebvms_native_ebv_iedb_7db454bbdb2f_s104759/fold_ebvms_native_ebv_iedb_7db454bbdb2f_s104759_model_3.cif,"Computational pMHC geometry prioritization only; not evidence of presentation, TCR binding, activation, cross-reactivity, molecular mimicry, or MS mechanism.",IHVYNDYHH,4,EBV_IEDB_7db454bbdb2f,/Users/anishsharma/Library/Mobile Documents/com~apple~CloudDocs/Downloads/folds_2026_08_25_22_25/ebvms_native_ebv_iedb_7db454bbdb2f_s104759/fold_ebvms_native_ebv_iedb_7db454bbdb2f_s104759_full_data_3.json,False,0.94,ebvms_native_ebv_iedb_7db454bbdb2f_s104759,True,178,189,GNEIHVYNDYHHFKT,104759,0.94,0.96,True,3,pass_exact_clash_free,frozen_hy2e11_reuse,/Users/anishsharma/Library/Mobile Documents/com~apple~CloudDocs/Downloads/folds_2026_08_25_22_25/ebvms_native_ebv_iedb_7db454bbdb2f_s104759/fold_ebvms_native_ebv_iedb_7db454bbdb2f_s104759_summary_confidences_3.json,SYS_BALF5_MBP_HY2E11
/Users/anishsharma/Library/Mobile Documents/com~apple~CloudDocs/Downloads/folds_2026_08_25_22_25/ebvms_native_ebv_iedb_7db454bbdb2f_s104759/fold_ebvms_native_ebv_iedb_7db454bbdb2f_s104759_model_4.cif,"Computational pMHC geometry prioritization only; not evidence of presentation, TCR binding, activation, cross-reactivity, molecular mimicry, or MS mechanism.",IHVYNDYHH,4,EBV_IEDB_7db454bbdb2f,/Users/anishsharma/Library/Mobile Documents/com~apple~CloudDocs/Downloads/folds_2026_08_25_22_25/ebvms_native_ebv_iedb_7db454bbdb2f_s104759/fold_ebvms_native_ebv_iedb_7db454bbdb2f_s104759_full_data_4.json,False,0.94,ebvms_native_ebv_iedb_7db454bbdb2f_s104759,True,178,189,GNEIHVYNDYHHFKT,104759,0.94,0.96,True,4,pass_exact_clash_free,frozen_hy2e11_reuse,/Users/anishsharma/Library/Mobile Documents/com~apple~CloudDocs/Downloads/folds_2026_08_25_22_25/ebvms_native_ebv_iedb_7db454bbdb2f_s104759/fold_ebvms_native_ebv_iedb_7db454bbdb2f_s104759_summary_confidences_4.json,SYS_BALF5_MBP_HY2E11
/Users/anishsharma/Library/Mobile Documents/com~apple~CloudDocs/Downloads/folds_2026_08_25_22_25/ebvms_native_ebv_iedb_88894c247ea8_s104729/fold_ebvms_native_ebv_iedb_88894c247ea8_s104729_model_0.cif,"Computational pMHC geometry prioritization only; not evidence of presentation, TCR binding, activation, cross-reactivity, molecular mimicry, or MS mechanism.",FYDGKNKET,5,EBV_IEDB_88894c247ea8,/Users/anishsharma/Library/Mobile Documents/com~apple~CloudDocs/Downloads/folds_2026_08_25_22_25/ebvms_native_ebv_iedb_88894c247ea8_s104729/fold_ebvms_native_ebv_iedb_88894c247ea8_s104729_full_data_0.json,False,0.92,ebvms_native_ebv_iedb_88894c247ea8_s104729,True,178,189,EMSPFYDGKNKETFH,104729,0.93,0.94,True,0,pass_exact_clash_free,frozen_hy2e11_reuse,/Users/anishsharma/Library/Mobile Documents/com~apple~CloudDocs/Downloads/folds_2026_08_25_22_25/ebvms_native_ebv_iedb_88894c247ea8_s104729/fold_ebvms_native_ebv_iedb_88894c247ea8_s104729_summary_confidences_0.json,SYS_BALF5_MBP_HY2E11
/Users/anishsharma/Library/Mobile Documents/com~apple~CloudDocs/Downloads/folds_2026_08_25_22_25/ebvms_native_ebv_iedb_88894c247ea8_s104729/fold_ebvms_native_ebv_iedb_88894c247ea8_s104729_model_1.cif,"Computational pMHC geometry prioritization only; not evidence of presentation, TCR binding, activation, cross-reactivity, molecular mimicry, or MS mechanism.",FYDGKNKET,5,EBV_IEDB_88894c247ea8,/Users/anishsharma/Library/Mobile Documents/com~apple~CloudDocs/Downloads/folds_2026_08_25_22_25/ebvms_native_ebv_iedb_88894c247ea8_s104729/fold_ebvms_native_ebv_iedb_88894c247ea8_s104729_full_data_1.json,False,0.92,ebvms_native_ebv_iedb_88894c247ea8_s104729,True,178,189,EMSPFYDGKNKETFH,104729,0.92,0.94,True,1,pass_exact_clash_free,frozen_hy2e11_reuse,/Users/anishsharma/Library/Mobile Documents/com~apple~CloudDocs/Downloads/folds_2026_08_25_22_25/ebvms_native_ebv_iedb_88894c247ea8_s104729/fold_ebvms_native_ebv_iedb_88894c247ea8_s104729_summary_confidences_1.json,SYS_BALF5_MBP_HY2E11
/Users/anishsharma/Library/Mobile Documents/com~apple~CloudDocs/Downloads/folds_2026_08_25_22_25/ebvms_native_ebv_iedb_88894c247ea8_s104729/fold_ebvms_native_ebv_iedb_88894c247ea8_s104729_model_2.cif,"Computational pMHC geometry prioritization only; not evidence of presentation, TCR binding, activation, cross-reactivity, molecular mimicry, or MS mechanism.",FYDGKNKET,5,EBV_IEDB_88894c247ea8,/Users/anishsharma/Library/Mobile Documents/com~apple~CloudDocs/Downloads/folds_2026_08_25_22_25/ebvms_native_ebv_iedb_88894c247ea8_s104729/fold_ebvms_native_ebv_iedb_88894c247ea8_s104729_full_data_2.json,False,0.92,ebvms_native_ebv_iedb_88894c247ea8_s104729,True,178,189,EMSPFYDGKNKETFH,104729,0.93,0.94,True,2,pass_exact_clash_free,frozen_hy2e11_reuse,/Users/anishsharma/Library/Mobile Documents/com~apple~CloudDocs/Downloads/folds_2026_08_25_22_25/ebvms_native_ebv_iedb_88894c247ea8_s104729/fold_ebvms_native_ebv_iedb_88894c247ea8_s104729_summary_confidences_2.json,SYS_BALF5_MBP_HY2E11
/Users/anishsharma/Library/Mobile Documents/com~apple~CloudDocs/Downloads/folds_2026_08_25_22_25/ebvms_native_ebv_iedb_88894c247ea8_s104729/fold_ebvms_native_ebv_iedb_88894c247ea8_s104729_model_3.cif,"Computational pMHC geometry prioritization only; not evidence of presentation, TCR binding, activation, cross-reactivity, molecular mimicry, or MS mechanism.",FYDGKNKET,5,EBV_IEDB_88894c247ea8,/Users/anishsharma/Library/Mobile Documents/com~apple~CloudDocs/Downloads/folds_2026_08_25_22_25/ebvms_native_ebv_iedb_88894c247ea8_s104729/fold_ebvms_native_ebv_iedb_88894c247ea8_s104729_full_data_3.json,False,0.91,ebvms_native_ebv_iedb_88894c247ea8_s104729,True,178,189,EMSPFYDGKNKETFH,104729,0.93,0.94,True,3,pass_exact_clash_free,frozen_hy2e11_reuse,/Users/anishsharma/Library/Mobile Documents/com~apple~CloudDocs/Downloads/folds_2026_08_25_22_25/ebvms_native_ebv_iedb_88894c247ea8_s104729/fold_ebvms_native_ebv_iedb_88894c247ea8_s104729_summary_confidences_3.json,SYS_BALF5_MBP_HY2E11
/Users/anishsharma/Library/Mobile Documents/com~apple~CloudDocs/Downloads/folds_2026_08_25_22_25/ebvms_native_ebv_iedb_88894c247ea8_s104729/fold_ebvms_native_ebv_iedb_88894c247ea8_s104729_model_4.cif,"Computational pMHC geometry prioritization only; not evidence of presentation, TCR binding, activation, cross-reactivity, molecular mimicry, or MS mechanism.",FYDGKNKET,5,EBV_IEDB_88894c247ea8,/Users/anishsharma/Library/Mobile Documents/com~apple~CloudDocs/Downloads/folds_2026_08_25_22_25/ebvms_native_ebv_iedb_88894c247ea8_s104729/fold_ebvms_native_ebv_iedb_88894c247ea8_s104729_full_data_4.json,False,0.91,ebvms_native_ebv_iedb_88894c247ea8_s104729,True,178,189,EMSPFYDGKNKETFH,104729,0.92,0.93,True,4,pass_exact_clash_free,frozen_hy2e11_reuse,/Users/anishsharma/Library/Mobile Documents/com~apple~CloudDocs/Downloads/folds_2026_08_25_22_25/ebvms_native_ebv_iedb_88894c247ea8_s104729/fold_ebvms_native_ebv_iedb_88894c247ea8_s104729_summary_confidences_4.json,SYS_BALF5_MBP_HY2E11
/Users/anishsharma/Library/Mobile Documents/com~apple~CloudDocs/Downloads/folds_2026_08_25_22_25/ebvms_native_ebv_iedb_88894c247ea8_s104759/fold_ebvms_native_ebv_iedb_88894c247ea8_s104759_model_0.cif,"Computational pMHC geometry prioritization only; not evidence of presentation, TCR binding, activation, cross-reactivity, molecular mimicry, or MS mechanism.",FYDGKNKET,5,EBV_IEDB_88894c247ea8,/Users/anishsharma/Library/Mobile Documents/com~apple~CloudDocs/Downloads/folds_2026_08_25_22_25/ebvms_native_ebv_iedb_88894c247ea8_s104759/fold_ebvms_native_ebv_iedb_88894c247ea8_s104759_full_data_0.json,False,0.94,ebvms_native_ebv_iedb_88894c247ea8_s104759,True,178,189,EMSPFYDGKNKETFH,104759,0.94,0.96,True,0,pass_exact_clash_free,frozen_hy2e11_reuse,/Users/anishsharma/Library/Mobile Documents/com~apple~CloudDocs/Downloads/folds_2026_08_25_22_25/ebvms_native_ebv_iedb_88894c247ea8_s104759/fold_ebvms_native_ebv_iedb_88894c247ea8_s104759_summary_confidences_0.json,SYS_BALF5_MBP_HY2E11
/Users/anishsharma/Library/Mobile Documents/com~apple~CloudDocs/Downloads/folds_2026_08_25_22_25/ebvms_native_ebv_iedb_88894c247ea8_s104759/fold_ebvms_native_ebv_iedb_88894c247ea8_s104759_model_1.cif,"Computational pMHC geometry prioritization only; not evidence of presentation, TCR binding, activation, cross-reactivity, molecular mimicry, or MS mechanism.",FYDGKNKET,5,EBV_IEDB_88894c247ea8,/Users/anishsharma/Library/Mobile Documents/com~apple~CloudDocs/Downloads/folds_2026_08_25_22_25/ebvms_native_ebv_iedb_88894c247ea8_s104759/fold_ebvms_native_ebv_iedb_88894c247ea8_s104759_full_data_1.json,False,0.93,ebvms_native_ebv_iedb_88894c247ea8_s104759,True,178,189,EMSPFYDGKNKETFH,104759,0.93,0.95,True,1,pass_exact_clash_free,frozen_hy2e11_reuse,/Users/anishsharma/Library/Mobile Documents/com~apple~CloudDocs/Downloads/folds_2026_08_25_22_25/ebvms_native_ebv_iedb_88894c247ea8_s104759/fold_ebvms_native_ebv_iedb_88894c247ea8_s104759_summary_confidences_1.json,SYS_BALF5_MBP_HY2E11
/Users/anishsharma/Library/Mobile Documents/com~apple~CloudDocs/Downloads/folds_2026_08_25_22_25/ebvms_native_ebv_iedb_88894c247ea8_s104759/fold_ebvms_native_ebv_iedb_88894c247ea8_s104759_model_2.cif,"Computational pMHC geometry prioritization only; not evidence of presentation, TCR binding, activation, cross-reactivity, molecular mimicry, or MS mechanism.",FYDGKNKET,5,EBV_IEDB_88894c247ea8,/Users/anishsharma/Library/Mobile Documents/com~apple~CloudDocs/Downloads/folds_2026_08_25_22_25/ebvms_native_ebv_iedb_88894c247ea8_s104759/fold_ebvms_native_ebv_iedb_88894c247ea8_s104759_full_data_2.json,False,0.93,ebvms_native_ebv_iedb_88894c247ea8_s104759,True,178,189,EMSPFYDGKNKETFH,104759,0.93,0.95,True,2,pass_exact_clash_free,frozen_hy2e11_reuse,/Users/anishsharma/Library/Mobile Documents/com~apple~CloudDocs/Downloads/folds_2026_08_25_22_25/ebvms_native_ebv_iedb_88894c247ea8_s104759/fold_ebvms_native_ebv_iedb_88894c247ea8_s104759_summary_confidences_2.json,SYS_BALF5_MBP_HY2E11
/Users/anishsharma/Library/Mobile Documents/com~apple~CloudDocs/Downloads/folds_2026_08_25_22_25/ebvms_native_ebv_iedb_88894c247ea8_s104759/fold_ebvms_native_ebv_iedb_88894c247ea8_s104759_model_3.cif,"Computational pMHC geometry prioritization only; not evidence of presentation, TCR binding, activation, cross-reactivity, molecular mimicry, or MS mechanism.",FYDGKNKET,5,EBV_IEDB_88894c247ea8,/Users/anishsharma/Library/Mobile Documents/com~apple~CloudDocs/Downloads/folds_2026_08_25_22_25/ebvms_native_ebv_iedb_88894c247ea8_s104759/fold_ebvms_native_ebv_iedb_88894c247ea8_s104759_full_data_3.json,False,0.93,ebvms_native_ebv_iedb_88894c247ea8_s104759,True,178,189,EMSPFYDGKNKETFH,104759,0.93,0.95,True,3,pass_exact_clash_free,frozen_hy2e11_reuse,/Users/anishsharma/Library/Mobile Documents/com~apple~CloudDocs/Downloads/folds_2026_08_25_22_25/ebvms_native_ebv_iedb_88894c247ea8_s104759/fold_ebvms_native_ebv_iedb_88894c247ea8_s104759_summary_confidences_3.json,SYS_BALF5_MBP_HY2E11
/Users/anishsharma/Library/Mobile Documents/com~apple~CloudDocs/Downloads/folds_2026_08_25_22_25/ebvms_native_ebv_iedb_88894c247ea8_s104759/fold_ebvms_native_ebv_iedb_88894c247ea8_s104759_model_4.cif,"Computational pMHC geometry prioritization only; not evidence of presentation, TCR binding, activation, cross-reactivity, molecular mimicry, or MS mechanism.",FYDGKNKET,5,EBV_IEDB_88894c247ea8,/Users/anishsharma/Library/Mobile Documents/com~apple~CloudDocs/Downloads/folds_2026_08_25_22_25/ebvms_native_ebv_iedb_88894c247ea8_s104759/fold_ebvms_native_ebv_iedb_88894c247ea8_s104759_full_data_4.json,False,0.92,ebvms_native_ebv_iedb_88894c247ea8_s104759,True,178,189,EMSPFYDGKNKETFH,104759,0.92,0.94,True,4,pass_exact_clash_free,frozen_hy2e11_reuse,/Users/anishsharma/Library/Mobile Documents/com~apple~CloudDocs/Downloads/folds_2026_08_25_22_25/ebvms_native_ebv_iedb_88894c247ea8_s104759/fold_ebvms_native_ebv_iedb_88894c247ea8_s104759_summary_confidences_4.json,SYS_BALF5_MBP_HY2E11
/Users/anishsharma/Library/Mobile Documents/com~apple~CloudDocs/Downloads/folds_2026_08_25_22_25/ebvms_native_ebv_iedb_93e0986a1f41_s104729/fold_ebvms_native_ebv_iedb_93e0986a1f41_s104729_model_0.cif,"Computational pMHC geometry prioritization only; not evidence of presentation, TCR binding, activation, cross-reactivity, molecular mimicry, or MS mechanism.",LSVVKPLTL,7,EBV_IEDB_93e0986a1f41,/Users/anishsharma/Library/Mobile Documents/com~apple~CloudDocs/Downloads/folds_2026_08_25_22_25/ebvms_native_ebv_iedb_93e0986a1f41_s104729/fold_ebvms_native_ebv_iedb_93e0986a1f41_s104729_full_data_0.json,False,0.93,ebvms_native_ebv_iedb_93e0986a1f41_s104729,True,178,189,VTKQEHLSVVKPLTL,104729,0.93,0.95,True,0,pass_exact_clash_free,frozen_hy2e11_reuse,/Users/anishsharma/Library/Mobile Documents/com~apple~CloudDocs/Downloads/folds_2026_08_25_22_25/ebvms_native_ebv_iedb_93e0986a1f41_s104729/fold_ebvms_native_ebv_iedb_93e0986a1f41_s104729_summary_confidences_0.json,SYS_BALF5_MBP_HY2E11
/Users/anishsharma/Library/Mobile Documents/com~apple~CloudDocs/Downloads/folds_2026_08_25_22_25/ebvms_native_ebv_iedb_93e0986a1f41_s104729/fold_ebvms_native_ebv_iedb_93e0986a1f41_s104729_model_1.cif,"Computational pMHC geometry prioritization only; not evidence of presentation, TCR binding, activation, cross-reactivity, molecular mimicry, or MS mechanism.",LSVVKPLTL,7,EBV_IEDB_93e0986a1f41,/Users/anishsharma/Library/Mobile Documents/com~apple~CloudDocs/Downloads/folds_2026_08_25_22_25/ebvms_native_ebv_iedb_93e0986a1f41_s104729/fold_ebvms_native_ebv_iedb_93e0986a1f41_s104729_full_data_1.json,False,0.93,ebvms_native_ebv_iedb_93e0986a1f41_s104729,True,178,189,VTKQEHLSVVKPLTL,104729,0.93,0.95,True,1,pass_exact_clash_free,frozen_hy2e11_reuse,/Users/anishsharma/Library/Mobile Documents/com~apple~CloudDocs/Downloads/folds_2026_08_25_22_25/ebvms_native_ebv_iedb_93e0986a1f41_s104729/fold_ebvms_native_ebv_iedb_93e0986a1f41_s104729_summary_confidences_1.json,SYS_BALF5_MBP_HY2E11
/Users/anishsharma/Library/Mobile Documents/com~apple~CloudDocs/Downloads/folds_2026_08_25_22_25/ebvms_native_ebv_iedb_93e0986a1f41_s104729/fold_ebvms_native_ebv_iedb_93e0986a1f41_s104729_model_2.cif,"Computational pMHC geometry prioritization only; not evidence of presentation, TCR binding, activation, cross-reactivity, molecular mimicry, or MS mechanism.",LSVVKPLTL,7,EBV_IEDB_93e0986a1f41,/Users/anishsharma/Library/Mobile Documents/com~apple~CloudDocs/Downloads/folds_2026_08_25_22_25/ebvms_native_ebv_iedb_93e0986a1f41_s104729/fold_ebvms_native_ebv_iedb_93e0986a1f41_s104729_full_data_2.json,False,0.91,ebvms_native_ebv_iedb_93e0986a1f41_s104729,True,178,189,VTKQEHLSVVKPLTL,104729,0.92,0.93,True,2,pass_exact_clash_free,frozen_hy2e11_reuse,/Users/anishsharma/Library/Mobile Documents/com~apple~CloudDocs/Downloads/folds_2026_08_25_22_25/ebvms_native_ebv_iedb_93e0986a1f41_s104729/fold_ebvms_native_ebv_iedb_93e0986a1f41_s104729_summary_confidences_2.json,SYS_BALF5_MBP_HY2E11
/Users/anishsharma/Library/Mobile Documents/com~apple~CloudDocs/Downloads/folds_2026_08_25_22_25/ebvms_native_ebv_iedb_93e0986a1f41_s104729/fold_ebvms_native_ebv_iedb_93e0986a1f41_s104729_model_3.cif,"Computational pMHC geometry prioritization only; not evidence of presentation, TCR binding, activation, cross-reactivity, molecular mimicry, or MS mechanism.",LSVVKPLTL,7,EBV_IEDB_93e0986a1f41,/Users/anishsharma/Library/Mobile Documents/com~apple~CloudDocs/Downloads/folds_2026_08_25_22_25/ebvms_native_ebv_iedb_93e0986a1f41_s104729/fold_ebvms_native_ebv_iedb_93e0986a1f41_s104729_full_data_3.json,False,0.91,ebvms_native_ebv_iedb_93e0986a1f41_s104729,True,178,189,VTKQEHLSVVKPLTL,104729,0.92,0.93,True,3,pass_exact_clash_free,frozen_hy2e11_reuse,/Users/anishsharma/Library/Mobile Documents/com~apple~CloudDocs/Downloads/folds_2026_08_25_22_25/ebvms_native_ebv_iedb_93e0986a1f41_s104729/fold_ebvms_native_ebv_iedb_93e0986a1f41_s104729_summary_confidences_3.json,SYS_BALF5_MBP_HY2E11
/Users/anishsharma/Library/Mobile Documents/com~apple~CloudDocs/Downloads/folds_2026_08_25_22_25/ebvms_native_ebv_iedb_93e0986a1f41_s104729/fold_ebvms_native_ebv_iedb_93e0986a1f41_s104729_model_4.cif,"Computational pMHC geometry prioritization only; not evidence of presentation, TCR binding, activation, cross-reactivity, molecular mimicry, or MS mechanism.",LSVVKPLTL,7,EBV_IEDB_93e0986a1f41,/Users/anishsharma/Library/Mobile Documents/com~apple~CloudDocs/Downloads/folds_2026_08_25_22_25/ebvms_native_ebv_iedb_93e0986a1f41_s104729/fold_ebvms_native_ebv_iedb_93e0986a1f41_s104729_full_data_4.json,False,0.91,ebvms_native_ebv_iedb_93e0986a1f41_s104729,True,178,189,VTKQEHLSVVKPLTL,104729,0.92,0.93,True,4,pass_exact_clash_free,frozen_hy2e11_reuse,/Users/anishsharma/Library/Mobile Documents/com~apple~CloudDocs/Downloads/folds_2026_08_25_22_25/ebvms_native_ebv_iedb_93e0986a1f41_s104729/fold_ebvms_native_ebv_iedb_93e0986a1f41_s104729_summary_confidences_4.json,SYS_BALF5_MBP_HY2E11
/Users/anishsharma/Library/Mobile Documents/com~apple~CloudDocs/Downloads/folds_2026_08_25_22_25/ebvms_native_ebv_iedb_93e0986a1f41_s104759/fold_ebvms_native_ebv_iedb_93e0986a1f41_s104759_model_0.cif,"Computational pMHC geometry prioritization only; not evidence of presentation, TCR binding, activation, cross-reactivity, molecular mimicry, or MS mechanism.",LSVVKPLTL,7,EBV_IEDB_93e0986a1f41,/Users/anishsharma/Library/Mobile Documents/com~apple~CloudDocs/Downloads/folds_2026_08_25_22_25/ebvms_native_ebv_iedb_93e0986a1f41_s104759/fold_ebvms_native_ebv_iedb_93e0986a1f41_s104759_full_data_0.json,False,0.91,ebvms_native_ebv_iedb_93e0986a1f41_s104759,True,178,189,VTKQEHLSVVKPLTL,104759,0.93,0.94,True,0,pass_exact_clash_free,frozen_hy2e11_reuse,/Users/anishsharma/Library/Mobile Documents/com~apple~CloudDocs/Downloads/folds_2026_08_25_22_25/ebvms_native_ebv_iedb_93e0986a1f41_s104759/fold_ebvms_native_ebv_iedb_93e0986a1f41_s104759_summary_confidences_0.json,SYS_BALF5_MBP_HY2E11
/Users/anishsharma/Library/Mobile Documents/com~apple~CloudDocs/Downloads/folds_2026_08_25_22_25/ebvms_native_ebv_iedb_93e0986a1f41_s104759/fold_ebvms_native_ebv_iedb_93e0986a1f41_s104759_model_1.cif,"Computational pMHC geometry prioritization only; not evidence of presentation, TCR binding, activation, cross-reactivity, molecular mimicry, or MS mechanism.",LSVVKPLTL,7,EBV_IEDB_93e0986a1f41,/Users/anishsharma/Library/Mobile Documents/com~apple~CloudDocs/Downloads/folds_2026_08_25_22_25/ebvms_native_ebv_iedb_93e0986a1f41_s104759/fold_ebvms_native_ebv_iedb_93e0986a1f41_s104759_full_data_1.json,False,0.91,ebvms_native_ebv_iedb_93e0986a1f41_s104759,True,178,189,VTKQEHLSVVKPLTL,104759,0.92,0.94,True,1,pass_exact_clash_free,frozen_hy2e11_reuse,/Users/anishsharma/Library/Mobile Documents/com~apple~CloudDocs/Downloads/folds_2026_08_25_22_25/ebvms_native_ebv_iedb_93e0986a1f41_s104759/fold_ebvms_native_ebv_iedb_93e0986a1f41_s104759_summary_confidences_1.json,SYS_BALF5_MBP_HY2E11
/Users/anishsharma/Library/Mobile Documents/com~apple~CloudDocs/Downloads/folds_2026_08_25_22_25/ebvms_native_ebv_iedb_93e0986a1f41_s104759/fold_ebvms_native_ebv_iedb_93e0986a1f41_s104759_model_2.cif,"Computational pMHC geometry prioritization only; not evidence of presentation, TCR binding, activation, cross-reactivity, molecular mimicry, or MS mechanism.",LSVVKPLTL,7,EBV_IEDB_93e0986a1f41,/Users/anishsharma/Library/Mobile Documents/com~apple~CloudDocs/Downloads/folds_2026_08_25_22_25/ebvms_native_ebv_iedb_93e0986a1f41_s104759/fold_ebvms_native_ebv_iedb_93e0986a1f41_s104759_full_data_2.json,False,0.91,ebvms_native_ebv_iedb_93e0986a1f41_s104759,True,178,189,VTKQEHLSVVKPLTL,104759,0.92,0.93,True,2,pass_exact_clash_free,frozen_hy2e11_reuse,/Users/anishsharma/Library/Mobile Documents/com~apple~CloudDocs/Downloads/folds_2026_08_25_22_25/ebvms_native_ebv_iedb_93e0986a1f41_s104759/fold_ebvms_native_ebv_iedb_93e0986a1f41_s104759_summary_confidences_2.json,SYS_BALF5_MBP_HY2E11
/Users/anishsharma/Library/Mobile Documents/com~apple~CloudDocs/Downloads/folds_2026_08_25_22_25/ebvms_native_ebv_iedb_93e0986a1f41_s104759/fold_ebvms_native_ebv_iedb_93e0986a1f41_s104759_model_3.cif,"Computational pMHC geometry prioritization only; not evidence of presentation, TCR binding, activation, cross-reactivity, molecular mimicry, or MS mechanism.",LSVVKPLTL,7,EBV_IEDB_93e0986a1f41,/Users/anishsharma/Library/Mobile Documents/com~apple~CloudDocs/Downloads/folds_2026_08_25_22_25/ebvms_native_ebv_iedb_93e0986a1f41_s104759/fold_ebvms_native_ebv_iedb_93e0986a1f41_s104759_full_data_3.json,False,0.91,ebvms_native_ebv_iedb_93e0986a1f41_s104759,True,178,189,VTKQEHLSVVKPLTL,104759,0.92,0.93,True,3,pass_exact_clash_free,frozen_hy2e11_reuse,/Users/anishsharma/Library/Mobile Documents/com~apple~CloudDocs/Downloads/folds_2026_08_25_22_25/ebvms_native_ebv_iedb_93e0986a1f41_s104759/fold_ebvms_native_ebv_iedb_93e0986a1f41_s104759_summary_confidences_3.json,SYS_BALF5_MBP_HY2E11
/Users/anishsharma/Library/Mobile Documents/com~apple~CloudDocs/Downloads/folds_2026_08_25_22_25/ebvms_native_ebv_iedb_93e0986a1f41_s104759/fold_ebvms_native_ebv_iedb_93e0986a1f41_s104759_model_4.cif,"Computational pMHC geometry prioritization only; not evidence of presentation, TCR binding, activation, cross-reactivity, molecular mimicry, or MS mechanism.",LSVVKPLTL,7,EBV_IEDB_93e0986a1f41,/Users/anishsharma/Library/Mobile Documents/com~apple~CloudDocs/Downloads/folds_2026_08_25_22_25/ebvms_native_ebv_iedb_93e0986a1f41_s104759/fold_ebvms_native_ebv_iedb_93e0986a1f41_s104759_full_data_4.json,False,0.91,ebvms_native_ebv_iedb_93e0986a1f41_s104759,True,178,189,VTKQEHLSVVKPLTL,104759,0.92,0.93,True,4,pass_exact_clash_free,frozen_hy2e11_reuse,/Users/anishsharma/Library/Mobile Documents/com~apple~CloudDocs/Downloads/folds_2026_08_25_22_25/ebvms_native_ebv_iedb_93e0986a1f41_s104759/fold_ebvms_native_ebv_iedb_93e0986a1f41_s104759_summary_confidences_4.json,SYS_BALF5_MBP_HY2E11
/Users/anishsharma/Library/Mobile Documents/com~apple~CloudDocs/Downloads/folds_2026_08_25_22_25/ebvms_native_ebv_iedb_f5efcef02cf6_s104759/fold_ebvms_native_ebv_iedb_f5efcef02cf6_s104759_model_0.cif,"Computational pMHC geometry prioritization only; not evidence of presentation, TCR binding, activation, cross-reactivity, molecular mimicry, or MS mechanism.",LSVVKPLTL,3,EBV_IEDB_f5efcef02cf6,/Users/anishsharma/Library/Mobile Documents/com~apple~CloudDocs/Downloads/folds_2026_08_25_22_25/ebvms_native_ebv_iedb_f5efcef02cf6_s104759/fold_ebvms_native_ebv_iedb_f5efcef02cf6_s104759_full_data_0.json,False,0.94,ebvms_native_ebv_iedb_f5efcef02cf6_s104759,True,178,189,EHLSVVKPLTLSVHS,104759,0.95,0.96,True,0,pass_exact_clash_free,frozen_hy2e11_reuse,/Users/anishsharma/Library/Mobile Documents/com~apple~CloudDocs/Downloads/folds_2026_08_25_22_25/ebvms_native_ebv_iedb_f5efcef02cf6_s104759/fold_ebvms_native_ebv_iedb_f5efcef02cf6_s104759_summary_confidences_0.json,SYS_BALF5_MBP_HY2E11
/Users/anishsharma/Library/Mobile Documents/com~apple~CloudDocs/Downloads/folds_2026_08_25_22_25/ebvms_native_ebv_iedb_f5efcef02cf6_s104759/fold_ebvms_native_ebv_iedb_f5efcef02cf6_s104759_model_1.cif,"Computational pMHC geometry prioritization only; not evidence of presentation, TCR binding, activation, cross-reactivity, molecular mimicry, or MS mechanism.",LSVVKPLTL,3,EBV_IEDB_f5efcef02cf6,/Users/anishsharma/Library/Mobile Documents/com~apple~CloudDocs/Downloads/folds_2026_08_25_22_25/ebvms_native_ebv_iedb_f5efcef02cf6_s104759/fold_ebvms_native_ebv_iedb_f5efcef02cf6_s104759_full_data_1.json,False,0.93,ebvms_native_ebv_iedb_f5efcef02cf6_s104759,True,178,189,EHLSVVKPLTLSVHS,104759,0.93,0.95,True,1,pass_exact_clash_free,frozen_hy2e11_reuse,/Users/anishsharma/Library/Mobile Documents/com~apple~CloudDocs/Downloads/folds_2026_08_25_22_25/ebvms_native_ebv_iedb_f5efcef02cf6_s104759/fold_ebvms_native_ebv_iedb_f5efcef02cf6_s104759_summary_confidences_1.json,SYS_BALF5_MBP_HY2E11
/Users/anishsharma/Library/Mobile Documents/com~apple~CloudDocs/Downloads/folds_2026_08_25_22_25/ebvms_native_ebv_iedb_f5efcef02cf6_s104759/fold_ebvms_native_ebv_iedb_f5efcef02cf6_s104759_model_2.cif,"Computational pMHC geometry prioritization only; not evidence of presentation, TCR binding, activation, cross-reactivity, molecular mimicry, or MS mechanism.",LSVVKPLTL,3,EBV_IEDB_f5efcef02cf6,/Users/anishsharma/Library/Mobile Documents/com~apple~CloudDocs/Downloads/folds_2026_08_25_22_25/ebvms_native_ebv_iedb_f5efcef02cf6_s104759/fold_ebvms_native_ebv_iedb_f5efcef02cf6_s104759_full_data_2.json,False,0.93,ebvms_native_ebv_iedb_f5efcef02cf6_s104759,True,178,189,EHLSVVKPLTLSVHS,104759,0.93,0.95,True,2,pass_exact_clash_free,frozen_hy2e11_reuse,/Users/anishsharma/Library/Mobile Documents/com~apple~CloudDocs/Downloads/folds_2026_08_25_22_25/ebvms_native_ebv_iedb_f5efcef02cf6_s104759/fold_ebvms_native_ebv_iedb_f5efcef02cf6_s104759_summary_confidences_2.json,SYS_BALF5_MBP_HY2E11
/Users/anishsharma/Library/Mobile Documents/com~apple~CloudDocs/Downloads/folds_2026_08_25_22_25/ebvms_native_ebv_iedb_f5efcef02cf6_s104759/fold_ebvms_native_ebv_iedb_f5efcef02cf6_s104759_model_3.cif,"Computational pMHC geometry prioritization only; not evidence of presentation, TCR binding, activation, cross-reactivity, molecular mimicry, or MS mechanism.",LSVVKPLTL,3,EBV_IEDB_f5efcef02cf6,/Users/anishsharma/Library/Mobile Documents/com~apple~CloudDocs/Downloads/folds_2026_08_25_22_25/ebvms_native_ebv_iedb_f5efcef02cf6_s104759/fold_ebvms_native_ebv_iedb_f5efcef02cf6_s104759_full_data_3.json,False,0.93,ebvms_native_ebv_iedb_f5efcef02cf6_s104759,True,178,189,EHLSVVKPLTLSVHS,104759,0.93,0.95,True,3,pass_exact_clash_free,frozen_hy2e11_reuse,/Users/anishsharma/Library/Mobile Documents/com~apple~CloudDocs/Downloads/folds_2026_08_25_22_25/ebvms_native_ebv_iedb_f5efcef02cf6_s104759/fold_ebvms_native_ebv_iedb_f5efcef02cf6_s104759_summary_confidences_3.json,SYS_BALF5_MBP_HY2E11
/Users/anishsharma/Library/Mobile Documents/com~apple~CloudDocs/Downloads/folds_2026_08_25_22_25/ebvms_native_ebv_iedb_f5efcef02cf6_s104759/fold_ebvms_native_ebv_iedb_f5efcef02cf6_s104759_model_4.cif,"Computational pMHC geometry prioritization only; not evidence of presentation, TCR binding, activation, cross-reactivity, molecular mimicry, or MS mechanism.",LSVVKPLTL,3,EBV_IEDB_f5efcef02cf6,/Users/anishsharma/Library/Mobile Documents/com~apple~CloudDocs/Downloads/folds_2026_08_25_22_25/ebvms_native_ebv_iedb_f5efcef02cf6_s104759/fold_ebvms_native_ebv_iedb_f5efcef02cf6_s104759_full_data_4.json,False,0.93,ebvms_native_ebv_iedb_f5efcef02cf6_s104759,True,178,189,EHLSVVKPLTLSVHS,104759,0.93,0.95,True,4,pass_exact_clash_free,frozen_hy2e11_reuse,/Users/anishsharma/Library/Mobile Documents/com~apple~CloudDocs/Downloads/folds_2026_08_25_22_25/ebvms_native_ebv_iedb_f5efcef02cf6_s104759/fold_ebvms_native_ebv_iedb_f5efcef02cf6_s104759_summary_confidences_4.json,SYS_BALF5_MBP_HY2E11
